{"type": "FeatureCollection", "features": [{"geom": {"type": "LineString", "coordinates": [[-119.778496, 39.199574], [-119.778282, 39.199211], [-119.778152, 39.199005], [-119.778137, 39.198971], [-119.777777, 39.198436], [-119.777751, 39.19839], [-119.777285, 39.197577], [-119.777247, 39.197511], [-119.777199, 39.197426], [-119.776448, 39.196195], [-119.77549, 39.194588], [-119.775185, 39.194099], [-119.775162, 39.194073], [-119.773064, 39.190615], [-119.770592, 39.186512], [-119.770493, 39.186363], [-119.770035, 39.185585], [-119.769559, 39.184802], [-119.769135, 39.184105], [-119.768913, 39.18375], [-119.768906, 39.183727], [-119.768616, 39.18327], [-119.768349, 39.182796], [-119.768173, 39.182518], [-119.767881, 39.182019], [-119.767828, 39.181924], [-119.767593, 39.181507], [-119.767481, 39.181264], [-119.767311, 39.180897], [-119.767128, 39.180428], [-119.767113, 39.180302], [-119.767075, 39.180191], [-119.766953, 39.179626], [-119.766914, 39.179359], [-119.766907, 39.179195], [-119.766884, 39.179111], [-119.766869, 39.178894], [-119.766869, 39.178195], [-119.766869, 39.178149], [-119.766899, 39.175571], [-119.766907, 39.174728], [-119.766914, 39.174091], [-119.766922, 39.173416], [-119.76693, 39.172684], [-119.76693, 39.172577], [-119.76693, 39.172], [-119.766937, 39.171982], [-119.766937, 39.171703], [-119.766937, 39.171577], [-119.766945, 39.171467], [-119.766945, 39.171093], [-119.766953, 39.170418], [-119.766953, 39.169781], [-119.76696, 39.169144], [-119.76696, 39.168491], [-119.766968, 39.167809], [-119.766975, 39.167152], [-119.766975, 39.166512], [-119.766983, 39.166241], [-119.766975, 39.165886], [-119.766983, 39.165703], [-119.766975, 39.165218], [-119.766983, 39.165104], [-119.766983, 39.164577], [-119.766983, 39.163906], [-119.766991, 39.163235], [-119.766991, 39.162586], [-119.766991, 39.161949], [-119.766998, 39.161522], [-119.766991, 39.161427], [-119.766998, 39.161282], [-119.766998, 39.160637], [-119.766999, 39.160067], [-119.767006, 39.159992], [-119.767006, 39.15934], [-119.767014, 39.158699], [-119.767006, 39.158047], [-119.767013, 39.157959], [-119.767006, 39.157854], [-119.767004, 39.156647], [-119.766997, 39.156294], [-119.767011, 39.155796], [-119.76701, 39.155436], [-119.767016, 39.155079], [-119.767023, 39.155012], [-119.767029, 39.154278], [-119.767044, 39.153826], [-119.767048, 39.153736], [-119.767036, 39.153526], [-119.767044, 39.153301], [-119.767036, 39.15303], [-119.767044, 39.152485], [-119.767044, 39.152203], [-119.767044, 39.15202], [-119.767052, 39.151737], [-119.767067, 39.150665], [-119.767059, 39.150536], [-119.767067, 39.150368], [-119.767067, 39.149937], [-119.767082, 39.149231], [-119.76712, 39.148788], [-119.76712, 39.14872], [-119.767179, 39.148281], [-119.76741, 39.146908], [-119.767479, 39.146553], [-119.767597, 39.145854], [-119.767653, 39.145586], [-119.767727, 39.145102], [-119.768106, 39.142978], [-119.768199, 39.142405], [-119.768242, 39.142197], [-119.768288, 39.141911], [-119.768431, 39.141102], [-119.768588, 39.140209], [-119.768711, 39.139511], [-119.768746, 39.139312], [-119.768751, 39.139286], [-119.768759, 39.139239], [-119.769061, 39.137523], [-119.769228, 39.136578], [-119.769285, 39.136255], [-119.769391, 39.135652], [-119.769436, 39.13539], [-119.769447, 39.135326], [-119.769493, 39.134987], [-119.769575, 39.134552], [-119.769691, 39.133862], [-119.769699, 39.133789], [-119.769769, 39.133486], [-119.769793, 39.133365], [-119.769829, 39.13319], [-119.769946, 39.132486], [-119.770164, 39.13118], [-119.770478, 39.129823], [-119.770664, 39.128423], [-119.770772, 39.127493], [-119.7708, 39.127269], [-119.77086, 39.127046], [-119.770935, 39.126563], [-119.771221, 39.124835], [-119.771514, 39.123028], [-119.771629, 39.122463], [-119.771652, 39.122341], [-119.771683, 39.122055], [-119.771851, 39.121109], [-119.771896, 39.120827]]}, "props": {"MTFCC": "S1200", "NAME": null}}, {"geom": {"type": "LineString", "coordinates": [[-119.825181, 39.11367], [-119.824881, 39.113826], [-119.824022, 39.114219], [-119.82379, 39.11432], [-119.823531, 39.114412], [-119.823394, 39.114451], [-119.823156, 39.114501], [-119.822923, 39.11453], [-119.822701, 39.114532], [-119.822577, 39.114527], [-119.822382, 39.114511], [-119.822236, 39.114485], [-119.82204, 39.114451], [-119.82202, 39.114446], [-119.82175, 39.114379], [-119.821499, 39.114326], [-119.821362, 39.114309], [-119.821201, 39.114311], [-119.821073, 39.11433], [-119.820946, 39.114364], [-119.820709, 39.114448], [-119.8206, 39.114496], [-119.820177, 39.114668], [-119.819844, 39.114782], [-119.819658, 39.114838], [-119.819457, 39.11489], [-119.819329, 39.114938], [-119.819175, 39.115003], [-119.818744, 39.115236], [-119.81848, 39.115386], [-119.818308, 39.115477], [-119.818167, 39.115542], [-119.817954, 39.115629], [-119.817831, 39.115671], [-119.817771, 39.115693], [-119.81757, 39.115738], [-119.817473, 39.115753], [-119.817279, 39.115773], [-119.817158, 39.11578], [-119.817054, 39.115777], [-119.816923, 39.115774], [-119.816574, 39.115748], [-119.816142, 39.115707], [-119.815948, 39.115696], [-119.81562, 39.115698], [-119.815448, 39.115718], [-119.815296, 39.115747], [-119.815159, 39.115783], [-119.814987, 39.115836], [-119.814854, 39.115893], [-119.814678, 39.115969], [-119.814507, 39.116043], [-119.814353, 39.1161], [-119.814208, 39.116139], [-119.814088, 39.116165], [-119.813964, 39.116177], [-119.813736, 39.116176], [-119.813594, 39.116167], [-119.813501, 39.116155], [-119.813386, 39.116129], [-119.813282, 39.1161], [-119.813168, 39.116059], [-119.813025, 39.116], [-119.812896, 39.115918], [-119.812829, 39.115867], [-119.812693, 39.11575], [-119.812617, 39.115673], [-119.812484, 39.115459], [-119.812292, 39.115012], [-119.812214, 39.114891], [-119.812145, 39.114799], [-119.812063, 39.114706], [-119.811994, 39.11464], [-119.811902, 39.11458], [-119.811813, 39.114536], [-119.811719, 39.114495], [-119.811586, 39.114452], [-119.811396, 39.114421], [-119.811212, 39.114425], [-119.811098, 39.114441], [-119.810953, 39.114468], [-119.810798, 39.114481], [-119.81067, 39.114485], [-119.810574, 39.114476], [-119.810473, 39.114454], [-119.810358, 39.114423], [-119.810047, 39.114323], [-119.80993, 39.114297], [-119.809706, 39.114275], [-119.80927, 39.11428], [-119.809184, 39.114271], [-119.809109, 39.114257], [-119.809028, 39.114234], [-119.808887, 39.114178], [-119.808798, 39.114132], [-119.808703, 39.114075], [-119.808509, 39.113947], [-119.80843, 39.113887], [-119.808262, 39.113793]]}, "props": {"MTFCC": "S1400", "NAME": null}}, {"geom": {"type": "LineString", "coordinates": [[-119.857899, 39.113179], [-119.857302, 39.113341], [-119.857111, 39.11336], [-119.856922, 39.113445], [-119.856711, 39.113547], [-119.856372, 39.113616], [-119.855991, 39.113687], [-119.855653, 39.11379], [-119.855378, 39.113859], [-119.85523, 39.11391], [-119.855018, 39.113913], [-119.854786, 39.113859]]}, "props": {"MTFCC": "S1400", "NAME": null}}, {"geom": {"type": "LineString", "coordinates": [[-119.782249, 39.113914], [-119.781973, 39.114015], [-119.781511, 39.114181], [-119.780945, 39.114384], [-119.780342, 39.11461], [-119.780083, 39.1147], [-119.779712, 39.114822], [-119.779587, 39.114868], [-119.779228, 39.115021], [-119.776077, 39.116171], [-119.775122, 39.116533], [-119.77449, 39.116772], [-119.774376, 39.116821], [-119.774215, 39.116865], [-119.774139, 39.116886], [-119.773972, 39.116913], [-119.773773, 39.11692], [-119.773615, 39.116909], [-119.773208, 39.116859], [-119.772614, 39.116787]]}, "props": {"MTFCC": "S1400", "NAME": null}}, {"geom": {"type": "LineString", "coordinates": [[-119.854786, 39.113859], [-119.854676, 39.113834], [-119.854269, 39.113639], [-119.854096, 39.113476], [-119.85351, 39.113341], [-119.853275, 39.113294], [-119.85302, 39.113281], [-119.852807, 39.113283], [-119.852531, 39.113278], [-119.852506, 39.113265]]}, "props": {"MTFCC": "S1500", "NAME": null}}, {"geom": {"type": "LineString", "coordinates": [[-119.755776, 39.192324], [-119.755386, 39.192505], [-119.755035, 39.192616], [-119.754539, 39.192734], [-119.75415, 39.19278], [-119.752258, 39.192913], [-119.752106, 39.192921], [-119.751503, 39.192966], [-119.75145, 39.192978], [-119.751152, 39.192993], [-119.751038, 39.193005], [-119.750511, 39.19302], [-119.75013, 39.193016], [-119.749985, 39.193005], [-119.749901, 39.193005], [-119.749252, 39.192951], [-119.749146, 39.192936], [-119.748886, 39.192905], [-119.748322, 39.192795], [-119.74807, 39.192726], [-119.747726, 39.192612], [-119.747207, 39.192412], [-119.747182, 39.192407], [-119.746887, 39.192278], [-119.746598, 39.192137], [-119.745155, 39.191376], [-119.745055, 39.191338], [-119.744949, 39.191314], [-119.744876, 39.191304], [-119.744803, 39.191301], [-119.743374, 39.191295]]}, "props": {"MTFCC": "S1400", "NAME": null}}, {"geom": {"type": "LineString", "coordinates": [[-119.803654, 39.207812], [-119.804097, 39.208091], [-119.804383, 39.208293], [-119.804527, 39.208394]]}, "props": {"MTFCC": "S1400", "NAME": null}}, {"geom": {"type": "LineString", "coordinates": [[-119.850495, 39.113297], [-119.850344, 39.113343], [-119.850132, 39.113395], [-119.850007, 39.113495], [-119.849902, 39.113596], [-119.849479, 39.1137], [-119.849373, 39.113717], [-119.849033, 39.113688], [-119.848597, 39.113603]]}, "props": {"MTFCC": "S1500", "NAME": null}}, {"geom": {"type": "LineString", "coordinates": [[-119.867724, 39.113029], [-119.867956, 39.113299], [-119.868473, 39.113691], [-119.86873, 39.113804], [-119.868816, 39.113836], [-119.869051, 39.113915], [-119.869318, 39.114004], [-119.869531, 39.114035], [-119.869723, 39.114049], [-119.870065, 39.114145], [-119.870302, 39.114357], [-119.870412, 39.114571], [-119.870542, 39.114686], [-119.870692, 39.114783], [-119.870928, 39.114897], [-119.871035, 39.114912], [-119.871205, 39.114927], [-119.871655, 39.115153], [-119.871828, 39.1153], [-119.871917, 39.115515], [-119.872112, 39.115761], [-119.872159, 39.115959], [-119.872354, 39.116172], [-119.872421, 39.116353], [-119.872467, 39.116535], [-119.872557, 39.116832], [-119.872581, 39.116964], [-119.87269, 39.117112], [-119.87282, 39.117259], [-119.872929, 39.117423], [-119.873102, 39.117571], [-119.873316, 39.117667], [-119.873637, 39.11778], [-119.873743, 39.117762], [-119.87381, 39.117724]]}, "props": {"MTFCC": "S1500", "NAME": null}}, {"geom": {"type": "LineString", "coordinates": [[-119.751152, 39.192993], [-119.751038, 39.193005], [-119.750511, 39.19302], [-119.75013, 39.193016], [-119.749985, 39.193005], [-119.749901, 39.193005], [-119.749252, 39.192951], [-119.749146, 39.192936]]}, "props": {"MTFCC": "S1400", "NAME": null}}, {"geom": {"type": "LineString", "coordinates": [[-119.75813, 39.190225], [-119.75779, 39.190575], [-119.757683, 39.19067], [-119.757294, 39.191082], [-119.757172, 39.191196], [-119.757125, 39.191246]]}, "props": {"MTFCC": "S1400", "NAME": null}}, {"geom": {"type": "LineString", "coordinates": [[-119.880586, 39.112887], [-119.880849, 39.113186], [-119.881117, 39.113286], [-119.881476, 39.113455], [-119.881789, 39.11359], [-119.882548, 39.113892], [-119.883129, 39.114093], [-119.88344, 39.114159], [-119.88384, 39.114189], [-119.884468, 39.114528], [-119.884739, 39.114836], [-119.884775, 39.115036], [-119.884789, 39.115112]]}, "props": {"MTFCC": "S1500", "NAME": null}}, {"geom": {"type": "LineString", "coordinates": [[-119.825256, 39.113603], [-119.825181, 39.11367]]}, "props": {"MTFCC": "S1500", "NAME": null}}, {"geom": {"type": "LineString", "coordinates": [[-119.804541, 39.113816], [-119.804447, 39.113861], [-119.804339, 39.113954], [-119.804215, 39.114088], [-119.804099, 39.114242], [-119.803973, 39.114421], [-119.80387, 39.114549], [-119.803777, 39.114643], [-119.803631, 39.114776], [-119.803371, 39.11496], [-119.803274, 39.115011], [-119.803187, 39.115047], [-119.802991, 39.115105], [-119.802791, 39.115172], [-119.802548, 39.115261], [-119.801912, 39.115438], [-119.801589, 39.115521], [-119.801467, 39.115542], [-119.801334, 39.115555], [-119.80118, 39.115556], [-119.801156, 39.115556], [-119.800939, 39.115536], [-119.800834, 39.115507], [-119.800461, 39.115463], [-119.800185, 39.115416], [-119.800022, 39.115373], [-119.799874, 39.115305], [-119.799776, 39.115241], [-119.799675, 39.115145], [-119.799622, 39.115075], [-119.799561, 39.114974], [-119.799517, 39.114883], [-119.799444, 39.114749], [-119.799351, 39.114612], [-119.799283, 39.114539], [-119.799175, 39.114455], [-119.799014, 39.11437], [-119.798852, 39.11432], [-119.798632, 39.11426], [-119.798431, 39.114199], [-119.798274, 39.114137], [-119.798118, 39.114036], [-119.797973, 39.113898], [-119.797948, 39.113845]]}, "props": {"MTFCC": "S1400", "NAME": null}}, {"geom": {"type": "LineString", "coordinates": [[-119.87381, 39.117724], [-119.87389, 39.117678], [-119.873973, 39.117561], [-119.874012, 39.117378], [-119.873903, 39.117247], [-119.873816, 39.117116], [-119.873707, 39.116968], [-119.873597, 39.116787], [-119.873488, 39.116623], [-119.873442, 39.116408], [-119.873438, 39.116226], [-119.87354, 39.11596], [-119.873642, 39.115744], [-119.873872, 39.115526], [-119.874143, 39.115258], [-119.874457, 39.115023], [-119.874795, 39.11492], [-119.875093, 39.11495], [-119.87535, 39.11503], [-119.875543, 39.11511], [-119.87565, 39.115192], [-119.875882, 39.115207], [-119.876584, 39.115238], [-119.877028, 39.115267], [-119.877562, 39.115365], [-119.878008, 39.115464], [-119.878409, 39.115563], [-119.879298, 39.115657], [-119.880007, 39.115614], [-119.880806, 39.11564], [-119.881383, 39.115668], [-119.882226, 39.115693], [-119.882493, 39.115725], [-119.883292, 39.115716], [-119.883868, 39.115675], [-119.884044, 39.115638], [-119.884263, 39.115463], [-119.884572, 39.115356], [-119.884789, 39.115112]]}, "props": {"MTFCC": "S1400", "NAME": null}}, {"geom": {"type": "LineString", "coordinates": [[-119.771257, 39.137632], [-119.77119, 39.137625], [-119.771098, 39.137624]]}, "props": {"MTFCC": "S1400", "NAME": null}}, {"geom": {"type": "LineString", "coordinates": [[-119.792723, 39.178315], [-119.79274, 39.178329], [-119.792831, 39.178375], [-119.7929, 39.178387], [-119.795929, 39.178352]]}, "props": {"MTFCC": "S1400", "NAME": null}}, {"geom": {"type": "LineString", "coordinates": [[-119.735682, 39.172493], [-119.735688, 39.173123]]}, "props": {"MTFCC": "S1400", "NAME": null}}, {"geom": {"type": "LineString", "coordinates": [[-119.793541, 39.173717], [-119.793571, 39.174076], [-119.793587, 39.174183], [-119.793603, 39.174218], [-119.793648, 39.174294], [-119.793678, 39.174328], [-119.793762, 39.174393], [-119.793854, 39.174441], [-119.793932, 39.174466], [-119.794044, 39.174488], [-119.794327, 39.1745], [-119.795158, 39.174534], [-119.795479, 39.174541], [-119.79644, 39.17458], [-119.796623, 39.174599]]}, "props": {"MTFCC": "S1400", "NAME": null}}, {"geom": {"type": "LineString", "coordinates": [[-119.771507, 39.116402], [-119.771492, 39.116524], [-119.7715, 39.116661], [-119.771492, 39.117031], [-119.7715, 39.117203], [-119.771492, 39.117355], [-119.771507, 39.117619]]}, "props": {"MTFCC": "S1400", "NAME": null}}, {"geom": {"type": "LineString", "coordinates": [[-119.73587, 39.171967], [-119.735682, 39.172493]]}, "props": {"MTFCC": "S1400", "NAME": null}}, {"geom": {"type": "LineString", "coordinates": [[-119.792723, 39.178315], [-119.792702, 39.178299], [-119.792679, 39.178261], [-119.792664, 39.178207], [-119.792671, 39.178097], [-119.793098, 39.177277], [-119.793274, 39.176949], [-119.793665, 39.176199], [-119.793883, 39.175779], [-119.7939, 39.175747], [-119.794121, 39.175308], [-119.79422, 39.175049], [-119.794266, 39.174881], [-119.794319, 39.174629], [-119.794327, 39.1745]]}, "props": {"MTFCC": "S1400", "NAME": null}}, {"geom": {"type": "LineString", "coordinates": [[-119.772042, 39.1164], [-119.77207, 39.116177], [-119.772082, 39.116135], [-119.772074, 39.116064], [-119.772031, 39.115992]]}, "props": {"MTFCC": "S1400", "NAME": null}}, {"geom": {"type": "LineString", "coordinates": [[-119.734589, 39.171898], [-119.735405, 39.171903]]}, "props": {"MTFCC": "S1400", "NAME": null}}, {"geom": {"type": "LineString", "coordinates": [[-119.796928, 39.173847], [-119.796913, 39.173954], [-119.796898, 39.174], [-119.796684, 39.174362], [-119.796631, 39.174484], [-119.796623, 39.174599], [-119.796631, 39.174931], [-119.796631, 39.17685], [-119.796631, 39.177681], [-119.796623, 39.177734], [-119.796593, 39.177795], [-119.796524, 39.177868], [-119.795929, 39.178352]]}, "props": {"MTFCC": "S1400", "NAME": null}}, {"geom": {"type": "LineString", "coordinates": [[-119.736841, 39.171918], [-119.737905, 39.171911]]}, "props": {"MTFCC": "S1400", "NAME": null}}, {"geom": {"type": "LineString", "coordinates": [[-119.776154, 39.16394], [-119.776146, 39.164661], [-119.776144, 39.164901], [-119.776138, 39.165833], [-119.776442, 39.166169], [-119.776527, 39.166531], [-119.776535, 39.166637], [-119.776535, 39.167206], [-119.776527, 39.168133], [-119.77652, 39.168503], [-119.776505, 39.16861], [-119.776596, 39.168674], [-119.776619, 39.168739], [-119.776642, 39.168903], [-119.776611, 39.170654], [-119.776605, 39.170672], [-119.776611, 39.170784]]}, "props": {"MTFCC": "S1400", "NAME": null}}, {"geom": {"type": "LineString", "coordinates": [[-119.765274, 39.20377], [-119.765178, 39.203801], [-119.762797, 39.203793], [-119.762218, 39.203793], [-119.757766, 39.203798], [-119.757675, 39.203735]]}, "props": {"MTFCC": "S1400", "NAME": null}}, {"geom": {"type": "LineString", "coordinates": [[-119.784264, 39.189045], [-119.784225, 39.189014], [-119.784203, 39.188961], [-119.784103, 39.187456], [-119.784071, 39.186978], [-119.78405, 39.186657], [-119.784038, 39.186367], [-119.783932, 39.184351], [-119.783857, 39.182015], [-119.783844, 39.181845], [-119.783828, 39.181414], [-119.783824, 39.181316], [-119.783766, 39.181101], [-119.783596, 39.180863], [-119.783351, 39.180716], [-119.783113, 39.180635], [-119.782535, 39.180589], [-119.781803, 39.180591], [-119.781785, 39.179177]]}, "props": {"MTFCC": "S1400", "NAME": null}}, {"geom": {"type": "LineString", "coordinates": [[-119.767738, 39.175571], [-119.767738, 39.174732], [-119.767746, 39.17432], [-119.767746, 39.174065], [-119.767746, 39.17342], [-119.767754, 39.172581]]}, "props": {"MTFCC": "S1400", "NAME": null}}, {"geom": {"type": "LineString", "coordinates": [[-119.765259, 39.17041], [-119.765259, 39.171093], [-119.765352, 39.171239], [-119.765381, 39.171574], [-119.765381, 39.171978], [-119.765381, 39.172676], [-119.765381, 39.173382], [-119.765381, 39.174088], [-119.765388, 39.174786], [-119.765388, 39.17551], [-119.765381, 39.176216], [-119.765373, 39.176716], [-119.765381, 39.176842], [-119.765358, 39.176891], [-119.765282, 39.176926]]}, "props": {"MTFCC": "S1400", "NAME": null}}, {"geom": {"type": "LineString", "coordinates": [[-119.761142, 39.163941], [-119.761124, 39.164551], [-119.761124, 39.165199], [-119.761116, 39.165848], [-119.761116, 39.166496], [-119.761116, 39.166992], [-119.761101, 39.167141], [-119.761093, 39.16729], [-119.761093, 39.167793], [-119.761093, 39.168552], [-119.76107, 39.168957], [-119.761063, 39.169933], [-119.76107, 39.170395], [-119.761063, 39.171082], [-119.761063, 39.17197], [-119.761063, 39.172661], [-119.761055, 39.172714], [-119.761055, 39.173374], [-119.761055, 39.174076], [-119.761055, 39.174286], [-119.761047, 39.174572], [-119.761055, 39.174606], [-119.761047, 39.17474], [-119.761055, 39.174774], [-119.761063, 39.174892], [-119.761078, 39.175014], [-119.761105, 39.175113], [-119.761116, 39.175129], [-119.761154, 39.175198], [-119.761192, 39.175243], [-119.76123, 39.175308], [-119.761292, 39.175373], [-119.761314, 39.175407], [-119.761337, 39.175419], [-119.761482, 39.175564], [-119.76236, 39.176365], [-119.762427, 39.176433], [-119.762573, 39.176582], [-119.76265, 39.176685], [-119.762688, 39.176765], [-119.762711, 39.176926], [-119.762726, 39.176991], [-119.762733, 39.177231], [-119.762733, 39.177336], [-119.762733, 39.17775], [-119.762733, 39.178163], [-119.762733, 39.178493], [-119.762683, 39.178658], [-119.762657, 39.178745], [-119.762451, 39.179173], [-119.762353, 39.179381], [-119.762192, 39.179751], [-119.762061, 39.180038], [-119.761939, 39.180279], [-119.761878, 39.180413], [-119.761795, 39.180691], [-119.761699, 39.181212], [-119.761661, 39.181467], [-119.761566, 39.181958], [-119.761544, 39.182078], [-119.761512, 39.182245], [-119.761452, 39.182527], [-119.761352, 39.183075], [-119.761252, 39.183582], [-119.761207, 39.18385], [-119.761115, 39.184313], [-119.761092, 39.18441], [-119.761024, 39.184601], [-119.760948, 39.184742], [-119.760834, 39.18491], [-119.760643, 39.185146], [-119.760612, 39.185196], [-119.760559, 39.185268], [-119.760513, 39.185349], [-119.760437, 39.185509], [-119.76043, 39.185538], [-119.760399, 39.185665], [-119.760391, 39.18578], [-119.760391, 39.186066], [-119.760399, 39.186241], [-119.760399, 39.186634], [-119.760406, 39.186967], [-119.760406, 39.187183], [-119.760399, 39.187355], [-119.760406, 39.187386], [-119.760406, 39.187616], [-119.760406, 39.187908], [-119.760406, 39.188093], [-119.760406, 39.188484], [-119.760429, 39.188549], [-119.760429, 39.188583], [-119.760539, 39.188877], [-119.760559, 39.188931], [-119.760651, 39.189156], [-119.760689, 39.189278], [-119.760712, 39.189407], [-119.760719, 39.190086], [-119.760712, 39.190495], [-119.760719, 39.190674]]}, "props": {"MTFCC": "S1400", "NAME": null}}, {"geom": {"type": "LineString", "coordinates": [[-119.76857, 39.17556], [-119.76857, 39.174847], [-119.768578, 39.174728], [-119.768578, 39.174072], [-119.768578, 39.17342], [-119.768585, 39.172581], [-119.768593, 39.171726], [-119.768593, 39.171089], [-119.768608, 39.170456], [-119.768616, 39.1698], [-119.768623, 39.169258], [-119.768631, 39.169159], [-119.768631, 39.168705], [-119.768639, 39.168503], [-119.768646, 39.167816], [-119.768661, 39.167168], [-119.768677, 39.166515], [-119.768677, 39.165871], [-119.768676, 39.165284], [-119.768669, 39.165222], [-119.768669, 39.164658], [-119.768677, 39.164574], [-119.768669, 39.164486], [-119.768669, 39.164013], [-119.768677, 39.163906]]}, "props": {"MTFCC": "S1400", "NAME": null}}, {"geom": {"type": "LineString", "coordinates": [[-119.755577, 39.167141], [-119.755569, 39.167007], [-119.755577, 39.16637], [-119.755577, 39.164555], [-119.755577, 39.163971], [-119.755615, 39.16378], [-119.75563, 39.163761], [-119.755669, 39.163662]]}, "props": {"MTFCC": "S1400", "NAME": null}}, {"geom": {"type": "LineString", "coordinates": [[-119.896429, 39.164397], [-119.896596, 39.164425], [-119.896716, 39.164441]]}, "props": {"MTFCC": "S1500", "NAME": null}}, {"geom": {"type": "LineString", "coordinates": [[-119.770304, 39.170463], [-119.770302, 39.169815], [-119.770309, 39.169159], [-119.770317, 39.168507], [-119.770317, 39.167824], [-119.770325, 39.167175], [-119.770332, 39.166843], [-119.770325, 39.166523], [-119.770332, 39.166252], [-119.770325, 39.165974], [-119.770332, 39.165874], [-119.770332, 39.165226], [-119.77034, 39.164581], [-119.77034, 39.16412], [-119.770348, 39.164059], [-119.770348, 39.16391]]}, "props": {"MTFCC": "S1400", "NAME": null}}, {"geom": {"type": "LineString", "coordinates": [[-119.769905, 39.179195], [-119.769905, 39.178207], [-119.769913, 39.176508], [-119.769905, 39.175941], [-119.769913, 39.175564]]}, "props": {"MTFCC": "S1400", "NAME": null}}, {"geom": {"type": "LineString", "coordinates": [[-119.77404, 39.163929], [-119.77404, 39.164104], [-119.774063, 39.164268], [-119.774132, 39.164474], [-119.774147, 39.164551], [-119.774185, 39.164619], [-119.774223, 39.164684], [-119.774231, 39.164764], [-119.774223, 39.164902], [-119.774231, 39.165363], [-119.774223, 39.16589], [-119.774223, 39.166477], [-119.774236, 39.1665], [-119.774254, 39.166512]]}, "props": {"MTFCC": "S1400", "NAME": null}}, {"geom": {"type": "LineString", "coordinates": [[-119.759933, 39.167141], [-119.759941, 39.165844], [-119.759949, 39.165096], [-119.759949, 39.164547]]}, "props": {"MTFCC": "S1400", "NAME": null}}, {"geom": {"type": "LineString", "coordinates": [[-119.749189, 39.124741], [-119.749107, 39.1248], [-119.749052, 39.12487], [-119.749033, 39.12492], [-119.749013, 39.124979], [-119.748991, 39.12505], [-119.748968, 39.125127], [-119.748944, 39.125207], [-119.748918, 39.125292], [-119.74889, 39.125382], [-119.748861, 39.125477], [-119.74883, 39.125576], [-119.748799, 39.125679], [-119.748767, 39.125784], [-119.748735, 39.125892], [-119.748673, 39.126112], [-119.748652, 39.126223], [-119.748642, 39.126336], [-119.74864, 39.126447], [-119.74864, 39.126669], [-119.748641, 39.12678], [-119.748643, 39.126893], [-119.748645, 39.127007], [-119.748646, 39.127075], [-119.748648, 39.127122], [-119.748652, 39.127239], [-119.748655, 39.127354], [-119.748661, 39.127469], [-119.748664, 39.127556], [-119.748666, 39.127583], [-119.74867, 39.127697], [-119.748675, 39.127812], [-119.74869, 39.128232], [-119.748687, 39.128299], [-119.748685, 39.128391]]}, "props": {"MTFCC": "S1400", "NAME": null}}, {"geom": {"type": "LineString", "coordinates": [[-119.737904, 39.17314], [-119.737914, 39.174886], [-119.737952, 39.175411], [-119.738343, 39.176373], [-119.738672, 39.17661], [-119.739074, 39.176693], [-119.739372, 39.176678], [-119.739905, 39.176684], [-119.740344, 39.176738], [-119.740627, 39.176857], [-119.741157, 39.177323], [-119.741594, 39.17791], [-119.741842, 39.178376], [-119.742017, 39.178722], [-119.742169, 39.179022], [-119.742226, 39.179172]]}, "props": {"MTFCC": "S1400", "NAME": null}}, {"geom": {"type": "LineString", "coordinates": [[-119.766098, 39.171093], [-119.76609, 39.170761], [-119.766098, 39.170418], [-119.766098, 39.169754], [-119.766106, 39.169094], [-119.766113, 39.168449], [-119.766113, 39.167809], [-119.766121, 39.167156], [-119.766087, 39.166554], [-119.766121, 39.165863], [-119.766129, 39.165215], [-119.766129, 39.164574]]}, "props": {"MTFCC": "S1400", "NAME": null}}, {"geom": {"type": "LineString", "coordinates": [[-119.769028, 39.178188], [-119.769012, 39.178175], [-119.769005, 39.178074], [-119.769012, 39.175564]]}, "props": {"MTFCC": "S1400", "NAME": null}}, {"geom": {"type": "LineString", "coordinates": [[-119.764023, 39.176929], [-119.76403, 39.176216], [-119.764023, 39.175507], [-119.764038, 39.175236], [-119.76403, 39.174786], [-119.764038, 39.174088], [-119.764042, 39.173443], [-119.764061, 39.173382], [-119.764061, 39.172863], [-119.764069, 39.17276], [-119.764061, 39.172672]]}, "props": {"MTFCC": "S1400", "NAME": null}}, {"geom": {"type": "LineString", "coordinates": [[-119.763634, 39.163916], [-119.763626, 39.164558], [-119.763618, 39.165207], [-119.763611, 39.165855], [-119.763618, 39.166168], [-119.763618, 39.166504], [-119.763611, 39.167149], [-119.763611, 39.167797], [-119.763603, 39.168354], [-119.763611, 39.168446], [-119.763603, 39.168766], [-119.763603, 39.17038]]}, "props": {"MTFCC": "S1400", "NAME": null}}, {"geom": {"type": "LineString", "coordinates": [[-119.762695, 39.17197], [-119.762695, 39.172668]]}, "props": {"MTFCC": "S1400", "NAME": null}}, {"geom": {"type": "LineString", "coordinates": [[-119.780655, 39.163956], [-119.780655, 39.164127], [-119.780663, 39.164185], [-119.780647, 39.165382], [-119.78064, 39.166805], [-119.780657, 39.167135], [-119.780663, 39.167149], [-119.78067, 39.167202], [-119.780724, 39.167351], [-119.780785, 39.16748], [-119.780884, 39.167633], [-119.780968, 39.167727], [-119.781334, 39.16806], [-119.781754, 39.168435], [-119.781796, 39.168474], [-119.781914, 39.168583], [-119.781952, 39.168633], [-119.782175, 39.168932], [-119.782269, 39.169244], [-119.782196, 39.172005], [-119.782187, 39.172789], [-119.782185, 39.172963], [-119.782248, 39.173096], [-119.782471, 39.173298], [-119.782561, 39.173331], [-119.782592, 39.173343], [-119.782678, 39.173375]]}, "props": {"MTFCC": "S1400", "NAME": null}}, {"geom": {"type": "LineString", "coordinates": [[-119.758743, 39.16394], [-119.758743, 39.164547], [-119.758736, 39.164753], [-119.758736, 39.16584], [-119.758736, 39.166485], [-119.758728, 39.167137]]}, "props": {"MTFCC": "S1400", "NAME": null}}, {"geom": {"type": "LineString", "coordinates": [[-119.771164, 39.165882], [-119.771156, 39.166256], [-119.771156, 39.166531], [-119.771156, 39.166927], [-119.771164, 39.167076], [-119.771156, 39.167175], [-119.771149, 39.167824], [-119.771149, 39.16851]]}, "props": {"MTFCC": "S1400", "NAME": null}}, {"geom": {"type": "LineString", "coordinates": [[-119.765282, 39.167156], [-119.765282, 39.166508], [-119.765282, 39.165859], [-119.765289, 39.165215]]}, "props": {"MTFCC": "S1400", "NAME": null}}, {"geom": {"type": "LineString", "coordinates": [[-119.724086, 39.17174], [-119.72407, 39.171476], [-119.724045, 39.170517], [-119.724051, 39.169775], [-119.724069, 39.168563], [-119.724075, 39.168174], [-119.72408, 39.167832], [-119.724075, 39.167], [-119.724129, 39.16663], [-119.724182, 39.166393], [-119.724281, 39.166107], [-119.72451, 39.165657], [-119.724738, 39.165264], [-119.724869, 39.165039], [-119.72503, 39.164776], [-119.725136, 39.164589], [-119.725182, 39.164524], [-119.725235, 39.164413], [-119.725266, 39.164362], [-119.725418, 39.164116], [-119.725502, 39.16396], [-119.725639, 39.163742], [-119.726181, 39.162796], [-119.726212, 39.162727], [-119.726448, 39.162357], [-119.726585, 39.162186], [-119.726654, 39.162113], [-119.726852, 39.161938], [-119.726898, 39.161907], [-119.726959, 39.161842], [-119.727036, 39.161785], [-119.727203, 39.161636], [-119.727249, 39.161602], [-119.727425, 39.161434], [-119.727867, 39.160934]]}, "props": {"MTFCC": "S1400", "NAME": null}}, {"geom": {"type": "LineString", "coordinates": [[-119.761963, 39.163219], [-119.761975, 39.163927], [-119.761955, 39.164551], [-119.761955, 39.165199], [-119.761948, 39.165852], [-119.761955, 39.165936], [-119.761948, 39.166496], [-119.761948, 39.166916], [-119.76194, 39.167042], [-119.761948, 39.167099], [-119.76194, 39.167145], [-119.76194, 39.167442], [-119.761948, 39.167534], [-119.76194, 39.167797], [-119.76194, 39.168373], [-119.761944, 39.168433]]}, "props": {"MTFCC": "S1400", "NAME": null}}, {"geom": {"type": "LineString", "coordinates": [[-119.759646, 39.168266], [-119.759636, 39.168015], [-119.759636, 39.1679], [-119.759644, 39.167244], [-119.759636, 39.167137]]}, "props": {"MTFCC": "S1400", "NAME": null}}, {"geom": {"type": "LineString", "coordinates": [[-119.788681, 39.173561], [-119.788671, 39.173628], [-119.788708, 39.173814], [-119.788731, 39.173867], [-119.788755, 39.173963], [-119.788777, 39.174115], [-119.788784, 39.174532], [-119.788777, 39.175097], [-119.788785, 39.175902], [-119.788771, 39.176316], [-119.788709, 39.176588], [-119.788616, 39.176826], [-119.78851, 39.177008], [-119.788395, 39.177174], [-119.78833, 39.17725], [-119.7882, 39.177399], [-119.78804, 39.17754], [-119.787842, 39.177685], [-119.787539, 39.177851]]}, "props": {"MTFCC": "S1400", "NAME": null}}, {"geom": {"type": "LineString", "coordinates": [[-119.764458, 39.163895], [-119.764458, 39.164558], [-119.764458, 39.165131], [-119.76445, 39.165211], [-119.76445, 39.165855], [-119.76445, 39.166508], [-119.764442, 39.167152], [-119.764442, 39.167801], [-119.764442, 39.168446], [-119.764435, 39.169197], [-119.764435, 39.170296], [-119.764427, 39.170391], [-119.764427, 39.171089], [-119.764423, 39.171314], [-119.7644, 39.171454], [-119.764359, 39.171628], [-119.76426, 39.171796], [-119.764104, 39.171978], [-119.7639, 39.172127], [-119.763186, 39.172563], [-119.763, 39.172669], [-119.762867, 39.172836], [-119.762756, 39.173039], [-119.76271, 39.173196], [-119.762695, 39.173382], [-119.762695, 39.174062], [-119.762688, 39.17408], [-119.762695, 39.174423], [-119.762688, 39.174782], [-119.76268, 39.175014], [-119.76268, 39.175499], [-119.762689, 39.176208], [-119.762527, 39.176354], [-119.762427, 39.176433]]}, "props": {"MTFCC": "S1400", "NAME": null}}, {"geom": {"type": "LineString", "coordinates": [[-119.772842, 39.186363], [-119.772835, 39.185921], [-119.77285, 39.185658], [-119.77285, 39.184921], [-119.772842, 39.184563], [-119.772835, 39.184444], [-119.772835, 39.184174], [-119.772842, 39.183429], [-119.772835, 39.183411], [-119.772842, 39.182407], [-119.772835, 39.182014], [-119.772842, 39.180801], [-119.772842, 39.180042], [-119.772842, 39.179176], [-119.772825, 39.178467], [-119.772834, 39.177349], [-119.772845, 39.177122], [-119.772858, 39.175568], [-119.772858, 39.174828], [-119.772865, 39.174538], [-119.772865, 39.174084], [-119.772873, 39.173969], [-119.772873, 39.172604], [-119.772881, 39.17218], [-119.772873, 39.171741], [-119.772873, 39.171516], [-119.772881, 39.170761], [-119.772881, 39.170006], [-119.772881, 39.16925], [-119.772888, 39.168514], [-119.772881, 39.167831], [-119.772881, 39.167183], [-119.772896, 39.167057], [-119.772896, 39.166538], [-119.772903, 39.166187], [-119.772896, 39.165886], [-119.772903, 39.164597], [-119.772911, 39.164509], [-119.772919, 39.163918]]}, "props": {"MTFCC": "S1400", "NAME": null}}, {"geom": {"type": "LineString", "coordinates": [[-119.769402, 39.175564], [-119.769402, 39.174728], [-119.769409, 39.174072], [-119.769409, 39.173424], [-119.769417, 39.173035], [-119.769417, 39.172585], [-119.769417, 39.172234], [-119.769424, 39.171741], [-119.76944, 39.171188], [-119.769432, 39.171104], [-119.769447, 39.170464], [-119.769463, 39.169807], [-119.76947, 39.169159], [-119.769478, 39.168503], [-119.769485, 39.16782], [-119.769493, 39.167171], [-119.769493, 39.166615], [-119.769501, 39.166523], [-119.769493, 39.16621], [-119.769501, 39.165874], [-119.769501, 39.165222], [-119.769508, 39.164574], [-119.769508, 39.163906]]}, "props": {"MTFCC": "S1400", "NAME": null}}, {"geom": {"type": "LineString", "coordinates": [[-119.700495, 39.163926], [-119.700496, 39.164479], [-119.700493, 39.164616], [-119.700508, 39.164852], [-119.700539, 39.165115], [-119.700607, 39.165413], [-119.700638, 39.165527], [-119.700745, 39.165825], [-119.700867, 39.166092], [-119.700996, 39.166328], [-119.701195, 39.166622], [-119.701623, 39.167151], [-119.701908, 39.167453], [-119.702215, 39.167841], [-119.702435, 39.16818], [-119.702563, 39.168417], [-119.70266, 39.168646], [-119.702723, 39.168828], [-119.702814, 39.169122], [-119.70284, 39.169238], [-119.702846, 39.169267], [-119.702899, 39.169699], [-119.702919, 39.170259], [-119.702935, 39.171577], [-119.702936, 39.17168], [-119.702934, 39.173193], [-119.702912, 39.174161], [-119.702862, 39.174729], [-119.702742, 39.175211], [-119.702612, 39.175577], [-119.702447, 39.175918], [-119.702133, 39.176454], [-119.702052, 39.176554], [-119.701485, 39.177185], [-119.701286, 39.177364], [-119.700609, 39.177847], [-119.7001, 39.178155], [-119.698914, 39.178627], [-119.697644, 39.178936], [-119.697117, 39.179144], [-119.696656, 39.179401], [-119.696299, 39.179745], [-119.696069, 39.180099], [-119.695911, 39.180553], [-119.695896, 39.180926], [-119.695891, 39.181049], [-119.695896, 39.181153], [-119.695907, 39.18141], [-119.695916, 39.181596], [-119.695936, 39.181892], [-119.695984, 39.182135], [-119.696129, 39.182487], [-119.696236, 39.182671], [-119.696327, 39.182796], [-119.696564, 39.183044], [-119.696739, 39.183182], [-119.696922, 39.183296], [-119.697227, 39.183445], [-119.697725, 39.18365], [-119.699249, 39.184254], [-119.699272, 39.184269], [-119.699409, 39.184322], [-119.69973, 39.184464], [-119.700058, 39.184631], [-119.700111, 39.184666], [-119.700249, 39.184738], [-119.700401, 39.184834], [-119.700516, 39.184898], [-119.700783, 39.185074], [-119.701164, 39.185364], [-119.701317, 39.185501], [-119.701462, 39.185631], [-119.701508, 39.18568], [-119.70166, 39.185818], [-119.701927, 39.186111], [-119.702057, 39.186268], [-119.702286, 39.186577], [-119.702362, 39.186703], [-119.702484, 39.186878], [-119.703041, 39.187679], [-119.703102, 39.187786], [-119.703278, 39.188026], [-119.703598, 39.188507], [-119.703766, 39.188744]]}, "props": {"MTFCC": "S1400", "NAME": null}}, {"geom": {"type": "LineString", "coordinates": [[-119.778496, 39.199574], [-119.778282, 39.199211], [-119.778152, 39.199005], [-119.778137, 39.198971], [-119.777777, 39.198436], [-119.777751, 39.19839], [-119.777285, 39.197577], [-119.777247, 39.197511], [-119.777199, 39.197426], [-119.776448, 39.196195], [-119.77549, 39.194588], [-119.775185, 39.194099], [-119.775162, 39.194073], [-119.773064, 39.190615], [-119.770592, 39.186512], [-119.770493, 39.186363], [-119.770035, 39.185585], [-119.769559, 39.184802], [-119.769135, 39.184105], [-119.768913, 39.18375], [-119.768906, 39.183727], [-119.768616, 39.18327], [-119.768349, 39.182796], [-119.768173, 39.182518], [-119.767881, 39.182019], [-119.767828, 39.181924], [-119.767593, 39.181507], [-119.767481, 39.181264], [-119.767311, 39.180897], [-119.767128, 39.180428], [-119.767113, 39.180302], [-119.767075, 39.180191], [-119.766953, 39.179626], [-119.766914, 39.179359], [-119.766907, 39.179195], [-119.766884, 39.179111], [-119.766869, 39.178894], [-119.766869, 39.178195], [-119.766869, 39.178149], [-119.766899, 39.175571], [-119.766907, 39.174728], [-119.766914, 39.174091], [-119.766922, 39.173416], [-119.76693, 39.172684], [-119.76693, 39.172577], [-119.76693, 39.172], [-119.766937, 39.171982], [-119.766937, 39.171703], [-119.766937, 39.171577], [-119.766945, 39.171467], [-119.766945, 39.171093], [-119.766953, 39.170418], [-119.766953, 39.169781], [-119.76696, 39.169144], [-119.76696, 39.168491], [-119.766968, 39.167809], [-119.766975, 39.167152], [-119.766975, 39.166512], [-119.766983, 39.166241], [-119.766975, 39.165886], [-119.766983, 39.165703], [-119.766975, 39.165218], [-119.766983, 39.165104], [-119.766983, 39.164577], [-119.766983, 39.163906]]}, "props": {"MTFCC": "S1200", "NAME": null}}, {"geom": {"type": "LineString", "coordinates": [[-119.725014, 39.179874], [-119.7248, 39.179688], [-119.724716, 39.179447], [-119.724532, 39.178572], [-119.724533, 39.178467], [-119.724525, 39.17819], [-119.724541, 39.178177], [-119.724533, 39.177666], [-119.724533, 39.175945], [-119.724541, 39.175922], [-119.724525, 39.175274], [-119.724533, 39.174961], [-119.724541, 39.173191], [-119.724518, 39.172955], [-119.724487, 39.172844], [-119.724419, 39.17268], [-119.724043, 39.172133]]}, "props": {"MTFCC": "S1400", "NAME": null}}, {"geom": {"type": "LineString", "coordinates": [[-119.767776, 39.171715], [-119.767776, 39.171162], [-119.767784, 39.171093], [-119.767792, 39.170586], [-119.767784, 39.170555], [-119.767792, 39.170448], [-119.767799, 39.169792], [-119.767807, 39.169155], [-119.767822, 39.168495], [-119.767815, 39.168204], [-119.767822, 39.168186], [-119.767822, 39.167812], [-119.767822, 39.167168], [-119.767822, 39.167051], [-119.76783, 39.167019], [-119.767822, 39.166946], [-119.76783, 39.166515], [-119.76783, 39.165867], [-119.767822, 39.165608], [-119.767822, 39.165215], [-119.76783, 39.165092], [-119.76783, 39.164574], [-119.767838, 39.164268], [-119.767838, 39.16391]]}, "props": {"MTFCC": "S1400", "NAME": null}}, {"geom": {"type": "LineString", "coordinates": [[-119.750969, 39.174004], [-119.750957, 39.172019], [-119.750975, 39.171209], [-119.750977, 39.170885], [-119.750987, 39.168932], [-119.750992, 39.168453], [-119.750992, 39.167187], [-119.750992, 39.166401], [-119.750984, 39.165703], [-119.750977, 39.164986], [-119.750969, 39.164276]]}, "props": {"MTFCC": "S1400", "NAME": null}}, {"geom": {"type": "LineString", "coordinates": [[-119.771277, 39.163921], [-119.77117, 39.164034], [-119.771172, 39.164589]]}, "props": {"MTFCC": "S1400", "NAME": null}}, {"geom": {"type": "LineString", "coordinates": [[-119.896716, 39.164441], [-119.896889, 39.164463], [-119.897208, 39.16446], [-119.897528, 39.164498]]}, "props": {"MTFCC": "S1400", "NAME": null}}, {"geom": {"type": "LineString", "coordinates": [[-119.769508, 39.163906], [-119.769516, 39.163239], [-119.769524, 39.16259], [-119.769516, 39.16251], [-119.769524, 39.161942], [-119.769531, 39.161613], [-119.769524, 39.161289], [-119.769531, 39.160645], [-119.769531, 39.159996], [-119.769531, 39.159348], [-119.769539, 39.158703], [-119.769539, 39.158051], [-119.769545, 39.157417], [-119.769543, 39.157298]]}, "props": {"MTFCC": "S1400", "NAME": null}}, {"geom": {"type": "LineString", "coordinates": [[-119.767036, 39.153526], [-119.766829, 39.153531], [-119.766687, 39.153546], [-119.766485, 39.153578], [-119.766343, 39.153611], [-119.766186, 39.153663], [-119.766075, 39.153706], [-119.765914, 39.153788], [-119.765846, 39.153828], [-119.765713, 39.153915], [-119.76557, 39.154035], [-119.76546, 39.154161], [-119.765365, 39.154284], [-119.765295, 39.154397], [-119.765083, 39.154995], [-119.765049, 39.155112], [-119.765038, 39.155128], [-119.764977, 39.155319], [-119.764708, 39.15611], [-119.764702, 39.156131], [-119.764603, 39.156483], [-119.764526, 39.15694], [-119.764519, 39.157162], [-119.764496, 39.15728], [-119.764496, 39.157375], [-119.764488, 39.158024], [-119.764488, 39.158684], [-119.764496, 39.159332], [-119.764496, 39.159985], [-119.764495, 39.160639], [-119.764488, 39.161297], [-119.764488, 39.16193], [-119.764465, 39.162582], [-119.764465, 39.163231], [-119.764458, 39.163895]]}, "props": {"MTFCC": "S1400", "NAME": null}}, {"geom": {"type": "LineString", "coordinates": [[-119.770381, 39.157306], [-119.771285, 39.157321]]}, "props": {"MTFCC": "S1400", "NAME": null}}, {"geom": {"type": "LineString", "coordinates": [[-119.747398, 39.201572], [-119.753029, 39.201565], [-119.754761, 39.201572], [-119.755829, 39.201572], [-119.755981, 39.201572], [-119.756195, 39.201557], [-119.756331, 39.201536], [-119.7565, 39.201511], [-119.756744, 39.201488], [-119.757034, 39.201481], [-119.757629, 39.201481], [-119.760704, 39.201485], [-119.761826, 39.201485], [-119.761993, 39.201477], [-119.762589, 39.201481], [-119.76294, 39.201481], [-119.765118, 39.201489], [-119.765273, 39.201539]]}, "props": {"MTFCC": "S1400", "NAME": null}}, {"geom": {"type": "LineString", "coordinates": [[-119.767838, 39.16391], [-119.767845, 39.163235], [-119.767845, 39.162586], [-119.767853, 39.161953], [-119.767853, 39.161626], [-119.76786, 39.161293], [-119.76786, 39.160645], [-119.767845, 39.160492], [-119.767845, 39.159988], [-119.76784, 39.159905], [-119.767868, 39.159344], [-119.767868, 39.158695], [-119.767876, 39.158634], [-119.767876, 39.158051], [-119.767891, 39.156029], [-119.767899, 39.155903], [-119.767899, 39.155613], [-119.767914, 39.155186], [-119.767906, 39.155109], [-119.767906, 39.154404], [-119.767914, 39.154274], [-119.767921, 39.154007], [-119.767929, 39.153976], [-119.767932, 39.153841], [-119.767937, 39.153625], [-119.767952, 39.153419], [-119.767975, 39.152954], [-119.768028, 39.152359], [-119.768044, 39.152309], [-119.768089, 39.152039], [-119.768114, 39.151811], [-119.768158, 39.151402], [-119.768158, 39.151073], [-119.768181, 39.150826], [-119.768196, 39.150757], [-119.768257, 39.150589], [-119.768402, 39.150326], [-119.768517, 39.150143], [-119.768776, 39.149822], [-119.769119, 39.149441], [-119.769143, 39.149424], [-119.769595, 39.148925], [-119.769836, 39.148666], [-119.770103, 39.148396], [-119.770157, 39.148335], [-119.770256, 39.148243], [-119.770355, 39.148129], [-119.770447, 39.14798], [-119.770477, 39.147854], [-119.770485, 39.14777], [-119.770477, 39.147694], [-119.77047, 39.147198], [-119.770477, 39.146961], [-119.770485, 39.146896], [-119.770485, 39.146805], [-119.770493, 39.146744], [-119.770495, 39.14669], [-119.7705, 39.146549], [-119.770508, 39.146461], [-119.770508, 39.145943], [-119.7705, 39.145863], [-119.7705, 39.145531], [-119.770493, 39.145485], [-119.7705, 39.145344], [-119.7705, 39.145203], [-119.7705, 39.144756], [-119.770493, 39.144653], [-119.770493, 39.144218], [-119.770485, 39.144081], [-119.770485, 39.143909], [-119.770477, 39.143742], [-119.770471, 39.14298], [-119.77047, 39.14288], [-119.770477, 39.142281], [-119.770465, 39.141699], [-119.770462, 39.14158], [-119.770462, 39.141212], [-119.770454, 39.1411], [-119.770454, 39.140965], [-119.770454, 39.140488], [-119.770442, 39.13981], [-119.770439, 39.139645], [-119.770439, 39.139336], [-119.770424, 39.139301], [-119.770432, 39.139256], [-119.770424, 39.139145], [-119.770424, 39.138779], [-119.770432, 39.138741], [-119.770424, 39.138329], [-119.770416, 39.138165], [-119.770423, 39.138071], [-119.770409, 39.137722], [-119.770401, 39.13707], [-119.770409, 39.137012], [-119.770409, 39.136765], [-119.770393, 39.136215], [-119.770393, 39.135715], [-119.770404, 39.135603], [-119.770444, 39.135513], [-119.770478, 39.135451], [-119.770546, 39.135357]]}, "props": {"MTFCC": "S1400", "NAME": null}}, {"geom": {"type": "LineString", "coordinates": [[-119.770381, 39.157306], [-119.769543, 39.157298]]}, "props": {"MTFCC": "S1400", "NAME": null}}, {"geom": {"type": "LineString", "coordinates": [[-119.770378, 39.157589], [-119.770378, 39.158054], [-119.77037, 39.158703], [-119.77037, 39.159351], [-119.770363, 39.16], [-119.770363, 39.160648], [-119.770355, 39.161201], [-119.770363, 39.161297], [-119.770355, 39.161945], [-119.770348, 39.162594], [-119.770348, 39.163239], [-119.770348, 39.16391]]}, "props": {"MTFCC": "S1400", "NAME": null}}, {"geom": {"type": "LineString", "coordinates": [[-119.773244, 39.113186], [-119.77314, 39.113758], [-119.773104, 39.113959]]}, "props": {"MTFCC": "S1200", "NAME": null}}, {"geom": {"type": "LineString", "coordinates": [[-119.758759, 39.161304], [-119.758743, 39.163216], [-119.758742, 39.163831], [-119.758743, 39.16394]]}, "props": {"MTFCC": "S1400", "NAME": null}}, {"geom": {"type": "LineString", "coordinates": [[-119.761142, 39.163941], [-119.761131, 39.163536], [-119.761131, 39.163219], [-119.761139, 39.16288], [-119.761131, 39.1628], [-119.761139, 39.162155], [-119.761139, 39.161556], [-119.761147, 39.161442], [-119.761131, 39.161297], [-119.761131, 39.160839], [-119.761162, 39.160683], [-119.761223, 39.160503], [-119.761246, 39.160362], [-119.761251, 39.160125], [-119.761253, 39.158916], [-119.761246, 39.158051], [-119.76123, 39.157627], [-119.761223, 39.157566], [-119.76123, 39.157543], [-119.761224, 39.157525], [-119.76123, 39.157406], [-119.76123, 39.157173], [-119.761253, 39.156914], [-119.761253, 39.156322], [-119.761246, 39.155853], [-119.761253, 39.155609], [-119.76125, 39.155286], [-119.761246, 39.15435], [-119.761276, 39.154121], [-119.761353, 39.153877], [-119.761444, 39.153706], [-119.761506, 39.153612], [-119.76152, 39.153591], [-119.76165, 39.153439], [-119.761726, 39.153358], [-119.761746, 39.153348], [-119.762146, 39.153004], [-119.762367, 39.152836], [-119.762482, 39.152729], [-119.762573, 39.152618], [-119.762642, 39.152515], [-119.762711, 39.152367], [-119.762749, 39.152252], [-119.762764, 39.152122], [-119.762764, 39.152011], [-119.762756, 39.151932], [-119.762749, 39.151417], [-119.762756, 39.151337], [-119.762749, 39.150841], [-119.762741, 39.150806], [-119.762741, 39.150074], [-119.762749, 39.150005], [-119.762733, 39.149925], [-119.762718, 39.149837], [-119.762718, 39.149155], [-119.762718, 39.146763], [-119.762711, 39.14666], [-119.762718, 39.146515], [-119.762718, 39.146278], [-119.762772, 39.146046], [-119.76281, 39.145935], [-119.762901, 39.145782], [-119.762985, 39.145676], [-119.763206, 39.145439], [-119.763312, 39.145318], [-119.763443, 39.145111], [-119.763466, 39.145042], [-119.763481, 39.14502], [-119.763499, 39.144952]]}, "props": {"MTFCC": "S1400", "NAME": null}}, {"geom": {"type": "LineString", "coordinates": [[-119.771606, 39.155267], [-119.77182, 39.155449], [-119.772003, 39.155697]]}, "props": {"MTFCC": "S1400", "NAME": null}}, {"geom": {"type": "LineString", "coordinates": [[-119.751818, 39.135598], [-119.751819, 39.136065], [-119.751832, 39.137699], [-119.751815, 39.139394], [-119.751892, 39.140022], [-119.751877, 39.140285], [-119.751884, 39.141223], [-119.751884, 39.141749], [-119.751884, 39.142054], [-119.751884, 39.142793], [-119.751884, 39.142818], [-119.751884, 39.143257], [-119.75189, 39.143749], [-119.751886, 39.144794], [-119.751889, 39.145661], [-119.751884, 39.14576], [-119.7519, 39.146526], [-119.751938, 39.147915], [-119.751938, 39.148796], [-119.751915, 39.149788], [-119.7519, 39.15015], [-119.751903, 39.152536], [-119.7519, 39.153211], [-119.7519, 39.154259], [-119.7519, 39.15443], [-119.7519, 39.155125], [-119.751907, 39.155598], [-119.7519, 39.155979], [-119.751907, 39.156517], [-119.7519, 39.156979], [-119.751869, 39.157116], [-119.751808, 39.157284], [-119.751778, 39.157356], [-119.751701, 39.157478], [-119.751587, 39.157627], [-119.75119, 39.158077], [-119.751099, 39.158215], [-119.751045, 39.158333], [-119.750969, 39.158527], [-119.750946, 39.158672], [-119.750946, 39.159263], [-119.750946, 39.159473], [-119.750946, 39.161156], [-119.750938, 39.161301], [-119.750946, 39.161318], [-119.750954, 39.16283], [-119.750961, 39.162884], [-119.750961, 39.163563], [-119.750969, 39.164276]]}, "props": {"MTFCC": "S1400", "NAME": null}}, {"geom": {"type": "LineString", "coordinates": [[-119.766983, 39.163906], [-119.766991, 39.163235], [-119.766991, 39.162586], [-119.766991, 39.161949], [-119.766998, 39.161522], [-119.766991, 39.161427], [-119.766998, 39.161282], [-119.766998, 39.160637], [-119.766999, 39.160067], [-119.767006, 39.159992], [-119.767006, 39.15934], [-119.767014, 39.158699], [-119.767006, 39.158047], [-119.767013, 39.157959], [-119.767006, 39.157854], [-119.767004, 39.156647], [-119.766997, 39.156294], [-119.767011, 39.155796], [-119.76701, 39.155436], [-119.767016, 39.155079], [-119.767023, 39.155012], [-119.767029, 39.154278], [-119.767044, 39.153826], [-119.767048, 39.153736], [-119.767036, 39.153526], [-119.767044, 39.153301], [-119.767036, 39.15303], [-119.767044, 39.152485], [-119.767044, 39.152203], [-119.767044, 39.15202], [-119.767052, 39.151737], [-119.767067, 39.150665], [-119.767059, 39.150536], [-119.767067, 39.150368], [-119.767067, 39.149937], [-119.767082, 39.149231], [-119.76712, 39.148788], [-119.76712, 39.14872], [-119.767179, 39.148281], [-119.76741, 39.146908], [-119.767479, 39.146553], [-119.767597, 39.145854], [-119.767653, 39.145586], [-119.767727, 39.145102], [-119.768106, 39.142978], [-119.768199, 39.142405], [-119.768242, 39.142197], [-119.768288, 39.141911], [-119.768431, 39.141102], [-119.768588, 39.140209], [-119.768711, 39.139511], [-119.768746, 39.139312], [-119.768751, 39.139286], [-119.768759, 39.139239], [-119.769061, 39.137523], [-119.769228, 39.136578], [-119.769285, 39.136255], [-119.769391, 39.135652], [-119.769436, 39.13539], [-119.769447, 39.135326], [-119.769493, 39.134987], [-119.769575, 39.134552], [-119.769691, 39.133862], [-119.769699, 39.133789], [-119.769769, 39.133486], [-119.769793, 39.133365], [-119.769829, 39.13319], [-119.769946, 39.132486], [-119.770164, 39.13118], [-119.770478, 39.129823], [-119.770664, 39.128423], [-119.770772, 39.127493], [-119.7708, 39.127269], [-119.77086, 39.127046], [-119.770935, 39.126563], [-119.771221, 39.124835], [-119.771514, 39.123028], [-119.771629, 39.122463], [-119.771652, 39.122341], [-119.771683, 39.122055], [-119.771851, 39.121109], [-119.771896, 39.120827], [-119.771909, 39.120748], [-119.771925, 39.120649], [-119.771942, 39.120552], [-119.772194, 39.11911], [-119.772343, 39.118345], [-119.772377, 39.118172], [-119.77243, 39.117836], [-119.772614, 39.116787], [-119.772846, 39.115457], [-119.772874, 39.115298], [-119.772913, 39.115049], [-119.772942, 39.114861], [-119.773088, 39.114048], [-119.773104, 39.113959]]}, "props": {"MTFCC": "S1200", "NAME": null}}, {"geom": {"type": "LineString", "coordinates": [[-119.700495, 39.163926], [-119.700486, 39.160771], [-119.700485, 39.160252], [-119.700478, 39.159171], [-119.700487, 39.157168], [-119.700493, 39.157063], [-119.700485, 39.156918], [-119.700487, 39.155411], [-119.700493, 39.155155], [-119.700493, 39.15472], [-119.7005, 39.154114], [-119.700485, 39.153614], [-119.700478, 39.153564], [-119.700485, 39.153477], [-119.700485, 39.153385], [-119.700478, 39.153339], [-119.700478, 39.152748], [-119.7005, 39.151807], [-119.700512, 39.151215], [-119.700506, 39.15082], [-119.700421, 39.150011], [-119.700432, 39.148182], [-119.700425, 39.146368], [-119.700495, 39.145016], [-119.700517, 39.144601], [-119.700603, 39.143622], [-119.700608, 39.143018], [-119.70061, 39.142772]]}, "props": {"MTFCC": "S1400", "NAME": null}}, {"geom": {"type": "LineString", "coordinates": [[-119.77404, 39.163929], [-119.77404, 39.163532], [-119.774048, 39.163486], [-119.774025, 39.163372], [-119.773979, 39.163219], [-119.773979, 39.163155], [-119.774002, 39.161938]]}, "props": {"MTFCC": "S1400", "NAME": null}}, {"geom": {"type": "LineString", "coordinates": [[-119.76532, 39.158688], [-119.76532, 39.159054], [-119.765312, 39.159336], [-119.765312, 39.159985], [-119.765312, 39.160629], [-119.765327, 39.161289], [-119.765321, 39.161909]]}, "props": {"MTFCC": "S1400", "NAME": null}}, {"geom": {"type": "LineString", "coordinates": [[-119.771606, 39.155267], [-119.77182, 39.155449], [-119.772003, 39.155697]]}, "props": {"MTFCC": "S1400", "NAME": null}}, {"geom": {"type": "LineString", "coordinates": [[-119.770836, 39.116398], [-119.770821, 39.116489], [-119.770828, 39.117016], [-119.770821, 39.117363], [-119.770836, 39.117619]]}, "props": {"MTFCC": "S1400", "NAME": null}}, {"geom": {"type": "LineString", "coordinates": [[-119.780655, 39.163956], [-119.780871, 39.163471], [-119.780833, 39.163048], [-119.78083, 39.162994], [-119.780792, 39.16283], [-119.780746, 39.16275]]}, "props": {"MTFCC": "S1400", "NAME": null}}, {"geom": {"type": "LineString", "coordinates": [[-119.774559, 39.167736], [-119.775581, 39.167946]]}, "props": {"MTFCC": "S1400", "NAME": null}}, {"geom": {"type": "LineString", "coordinates": [[-119.776611, 39.16394], [-119.77662, 39.162102], [-119.776505, 39.162025], [-119.776505, 39.161919], [-119.776466, 39.16177], [-119.776428, 39.161316], [-119.776421, 39.159784], [-119.776413, 39.159767], [-119.776398, 39.159756], [-119.776367, 39.159748], [-119.775688, 39.159744], [-119.775627, 39.159714], [-119.775612, 39.159679], [-119.775604, 39.159607], [-119.775604, 39.158955]]}, "props": {"MTFCC": "S1400", "NAME": null}}, {"geom": {"type": "LineString", "coordinates": [[-119.755669, 39.163662], [-119.755737, 39.163445], [-119.755745, 39.163303], [-119.755745, 39.162811], [-119.755753, 39.161312]]}, "props": {"MTFCC": "S1400", "NAME": null}}, {"geom": {"type": "LineString", "coordinates": [[-119.766159, 39.158112], [-119.766151, 39.158146], [-119.766159, 39.158424], [-119.766151, 39.158688], [-119.766151, 39.159344], [-119.766144, 39.159985], [-119.766144, 39.160637], [-119.766144, 39.161285]]}, "props": {"MTFCC": "S1400", "NAME": null}}, {"geom": {"type": "LineString", "coordinates": [[-119.763634, 39.161926], [-119.763634, 39.162579], [-119.763626, 39.163227], [-119.763634, 39.163916]]}, "props": {"MTFCC": "S1400", "NAME": null}}, {"geom": {"type": "LineString", "coordinates": [[-119.770378, 39.157589], [-119.770381, 39.157306]]}, "props": {"MTFCC": "S1400", "NAME": null}}, {"geom": {"type": "LineString", "coordinates": [[-119.765289, 39.164562], [-119.76533, 39.164053]]}, "props": {"MTFCC": "S1400", "NAME": null}}, {"geom": {"type": "LineString", "coordinates": [[-119.727867, 39.160934], [-119.728088, 39.160679], [-119.728195, 39.160526], [-119.728271, 39.16045], [-119.72831, 39.160419], [-119.728348, 39.160378], [-119.728493, 39.160255], [-119.728668, 39.160118], [-119.728722, 39.160088], [-119.728767, 39.160053], [-119.729019, 39.15992], [-119.729218, 39.159824], [-119.729713, 39.159611], [-119.73008, 39.159428], [-119.730263, 39.159309], [-119.730461, 39.159149], [-119.734098, 39.155776], [-119.734679, 39.155236], [-119.735306, 39.154655], [-119.736618, 39.153446], [-119.737503, 39.152611], [-119.737976, 39.152184], [-119.738411, 39.151775], [-119.738785, 39.15144], [-119.739006, 39.15123], [-119.739265, 39.151012], [-119.739519, 39.150826], [-119.739878, 39.150631], [-119.739811, 39.150401], [-119.739789, 39.150297], [-119.739784, 39.150154], [-119.739799, 39.150093], [-119.739883, 39.149864], [-119.740181, 39.149452], [-119.740707, 39.148785], [-119.740898, 39.148579], [-119.741135, 39.148369], [-119.741394, 39.148167], [-119.741653, 39.14801], [-119.742043, 39.147816], [-119.742203, 39.147728], [-119.742287, 39.147701], [-119.742447, 39.147602], [-119.742538, 39.147552], [-119.742592, 39.147533], [-119.744225, 39.146702], [-119.744324, 39.146637], [-119.744606, 39.146481], [-119.745117, 39.14608], [-119.745262, 39.145927], [-119.745313, 39.145865], [-119.745369, 39.145809], [-119.745445, 39.145741], [-119.745468, 39.145699], [-119.745491, 39.145676], [-119.745537, 39.145592], [-119.745621, 39.145473], [-119.745819, 39.145103], [-119.745872, 39.144962], [-119.745911, 39.144886], [-119.745971, 39.144625], [-119.746017, 39.144398], [-119.74604, 39.144188], [-119.746056, 39.143772], [-119.746042, 39.142919], [-119.746033, 39.14204], [-119.74604, 39.141983], [-119.74604, 39.141325], [-119.74604, 39.140149], [-119.74604, 39.138763], [-119.74604, 39.138142], [-119.746033, 39.137146], [-119.746033, 39.135521], [-119.74604, 39.135132], [-119.746033, 39.134151], [-119.746017, 39.133759], [-119.745995, 39.132591], [-119.745987, 39.132412], [-119.745987, 39.132046], [-119.745987, 39.131531], [-119.745995, 39.131233], [-119.746002, 39.129808], [-119.746002, 39.129765], [-119.74601, 39.12933], [-119.746017, 39.128399], [-119.74601, 39.127716], [-119.746017, 39.127337], [-119.74601, 39.124456], [-119.746017, 39.124252], [-119.746017, 39.122707], [-119.74601, 39.122456], [-119.746017, 39.122261], [-119.74601, 39.122173], [-119.74601, 39.121143], [-119.745995, 39.114006]]}, "props": {"MTFCC": "S1400", "NAME": null}}, {"geom": {"type": "LineString", "coordinates": [[-119.742455, 39.150105], [-119.742455, 39.150043], [-119.742439, 39.149967], [-119.742447, 39.149796], [-119.742439, 39.149628], [-119.742447, 39.149611], [-119.742439, 39.148964], [-119.742462, 39.148937], [-119.742462, 39.148197], [-119.742447, 39.147602], [-119.742439, 39.146759], [-119.742432, 39.146667], [-119.742439, 39.146519], [-119.742485, 39.146313], [-119.742531, 39.146156], [-119.742546, 39.146069], [-119.742546, 39.145432], [-119.742538, 39.145107], [-119.742538, 39.144615], [-119.742531, 39.144276], [-119.742538, 39.143791], [-119.742531, 39.142902]]}, "props": {"MTFCC": "S1400", "NAME": null}}, {"geom": {"type": "LineString", "coordinates": [[-119.768709, 39.156752], [-119.768708, 39.157182], [-119.768708, 39.157302], [-119.768707, 39.158047], [-119.768707, 39.158699], [-119.7687, 39.159027], [-119.7687, 39.159348], [-119.7687, 39.159996], [-119.7687, 39.160564], [-119.768692, 39.160645], [-119.768692, 39.161293], [-119.768684, 39.161938], [-119.768684, 39.162586], [-119.768677, 39.163239], [-119.768677, 39.163906]]}, "props": {"MTFCC": "S1400", "NAME": null}}, {"geom": {"type": "LineString", "coordinates": [[-119.759956, 39.163216], [-119.759956, 39.162018], [-119.759964, 39.161499], [-119.759956, 39.161301]]}, "props": {"MTFCC": "S1400", "NAME": null}}, {"geom": {"type": "LineString", "coordinates": [[-119.77179, 39.202644], [-119.770874, 39.202648], [-119.770844, 39.202641], [-119.768753, 39.202641], [-119.768478, 39.202633], [-119.766319, 39.202633], [-119.765289, 39.202633], [-119.764984, 39.202641], [-119.763595, 39.202641], [-119.757622, 39.202629]]}, "props": {"MTFCC": "S1400", "NAME": null}}, {"geom": {"type": "LineString", "coordinates": [[-119.76696, 39.169144], [-119.766106, 39.169094]]}, "props": {"MTFCC": "S1400", "NAME": null}}, {"geom": {"type": "LineString", "coordinates": [[-119.743377, 39.190451], [-119.743374, 39.191295]]}, "props": {"MTFCC": "S1400", "NAME": null}}, {"geom": {"type": "LineString", "coordinates": [[-119.750992, 39.166401], [-119.753746, 39.166378], [-119.753998, 39.16637], [-119.754646, 39.166374], [-119.755577, 39.16637], [-119.755898, 39.166378], [-119.756586, 39.166375]]}, "props": {"MTFCC": "S1400", "NAME": null}}, {"geom": {"type": "LineString", "coordinates": [[-119.767006, 39.159992], [-119.766144, 39.159985], [-119.765312, 39.159985], [-119.764496, 39.159985]]}, "props": {"MTFCC": "S1400", "NAME": null}}, {"geom": {"type": "LineString", "coordinates": [[-119.756533, 39.126586], [-119.75777, 39.126589], [-119.758858, 39.126591], [-119.760644, 39.126603], [-119.761169, 39.126591], [-119.761369, 39.126607], [-119.763504, 39.126595], [-119.764891, 39.12659], [-119.764923, 39.126597], [-119.765854, 39.126595], [-119.768134, 39.126593]]}, "props": {"MTFCC": "S1400", "NAME": null}}, {"geom": {"type": "LineString", "coordinates": [[-119.772031, 39.115992], [-119.771713, 39.115953], [-119.770877, 39.11589], [-119.770639, 39.115885], [-119.770593, 39.115902]]}, "props": {"MTFCC": "S1400", "NAME": null}}, {"geom": {"type": "LineString", "coordinates": [[-119.742607, 39.186436], [-119.741951, 39.186428], [-119.740837, 39.186429], [-119.740369, 39.186428], [-119.739738, 39.186432], [-119.739616, 39.186447], [-119.739491, 39.186448], [-119.739113, 39.186451], [-119.738552, 39.186451], [-119.738497, 39.186451], [-119.73796, 39.186451], [-119.737366, 39.186462], [-119.736262, 39.18646], [-119.736092, 39.186455], [-119.735741, 39.186449], [-119.735562, 39.186451], [-119.734995, 39.186454], [-119.734756, 39.186455], [-119.733851, 39.186442], [-119.733482, 39.186451], [-119.733269, 39.186447], [-119.733002, 39.186436], [-119.732544, 39.186432], [-119.73243, 39.186424], [-119.731812, 39.186428], [-119.731712, 39.18642], [-119.73111, 39.18642], [-119.730537, 39.186413], [-119.730232, 39.186413], [-119.729706, 39.186405], [-119.729179, 39.186405], [-119.728194, 39.186399], [-119.728012, 39.186398], [-119.727463, 39.18639], [-119.72686, 39.186386], [-119.726677, 39.18639], [-119.725952, 39.186359], [-119.7257, 39.186356], [-119.725533, 39.186359], [-119.724556, 39.186348], [-119.724167, 39.18634], [-119.723933, 39.186368], [-119.723907, 39.186371], [-119.723039, 39.18637], [-119.722778, 39.186363], [-119.722305, 39.186359], [-119.721756, 39.186357], [-119.721268, 39.186356], [-119.720818, 39.186344], [-119.720726, 39.186329], [-119.719757, 39.186325], [-119.719299, 39.186321], [-119.719276, 39.186337], [-119.719215, 39.186337], [-119.717461, 39.186329], [-119.717317, 39.186327], [-119.717201, 39.186325], [-119.717159, 39.186322], [-119.717033, 39.186314], [-119.716967, 39.186314], [-119.716784, 39.186314], [-119.715599, 39.186314], [-119.71506, 39.186311], [-119.714607, 39.186314], [-119.714043, 39.186314], [-119.713898, 39.186298], [-119.713814, 39.186279], [-119.713684, 39.186226], [-119.713669, 39.186211], [-119.713648, 39.186198], [-119.713539, 39.186131], [-119.713379, 39.18597], [-119.712715, 39.185017]]}, "props": {"MTFCC": "S1400", "NAME": null}}, {"geom": {"type": "LineString", "coordinates": [[-119.742599, 39.17564], [-119.742647, 39.175639], [-119.7427, 39.175637], [-119.742738, 39.175636], [-119.743507, 39.175436], [-119.744278, 39.175236], [-119.744514, 39.175171], [-119.746376, 39.174694], [-119.747589, 39.174374], [-119.74855, 39.174126], [-119.748756, 39.174068], [-119.748825, 39.174057], [-119.748978, 39.174019], [-119.749199, 39.174004], [-119.749641, 39.174], [-119.75078, 39.174003], [-119.750969, 39.174004], [-119.751126, 39.174003], [-119.751191, 39.174003], [-119.751441, 39.173995], [-119.751551, 39.173995], [-119.751893, 39.174002], [-119.753143, 39.17403], [-119.753176, 39.174031], [-119.753769, 39.174057], [-119.753853, 39.174068], [-119.75441, 39.174084], [-119.75499, 39.174076], [-119.755943, 39.174068], [-119.756821, 39.174057], [-119.761055, 39.174076], [-119.762688, 39.17408], [-119.764038, 39.174088], [-119.765381, 39.174088], [-119.766914, 39.174091]]}, "props": {"MTFCC": "S1400", "NAME": null}}, {"geom": {"type": "LineString", "coordinates": [[-119.723957, 39.180318], [-119.723936, 39.180965], [-119.723878, 39.182765], [-119.723933, 39.186368], [-119.723961, 39.188086], [-119.724254, 39.188667], [-119.724849, 39.189102], [-119.72906, 39.190133], [-119.731705, 39.190159], [-119.732567, 39.19017], [-119.733147, 39.190163], [-119.73323, 39.190163], [-119.733775, 39.190163], [-119.736008, 39.190158], [-119.738159, 39.190136], [-119.741302, 39.190159], [-119.741634, 39.190209]]}, "props": {"MTFCC": "S1400", "NAME": null}}, {"geom": {"type": "LineString", "coordinates": [[-119.723885, 39.160782], [-119.723183, 39.160774], [-119.722038, 39.16077], [-119.721092, 39.16077], [-119.720825, 39.160789], [-119.720741, 39.160793], [-119.719887, 39.1609], [-119.719818, 39.160912], [-119.719086, 39.161011], [-119.719009, 39.161026], [-119.71888, 39.161053], [-119.718019, 39.161168], [-119.71764, 39.161218], [-119.717216, 39.161282], [-119.715988, 39.1614], [-119.714706, 39.161522], [-119.714439, 39.16153], [-119.714104, 39.161503], [-119.713913, 39.161476], [-119.713806, 39.161465], [-119.712898, 39.161259], [-119.711449, 39.160946], [-119.711258, 39.160896], [-119.710925, 39.16082]]}, "props": {"MTFCC": "S1400", "NAME": null}}, {"geom": {"type": "LineString", "coordinates": [[-119.765392, 39.163274], [-119.764465, 39.163231], [-119.763725, 39.163223], [-119.763626, 39.163227], [-119.762717, 39.163223], [-119.761963, 39.163219], [-119.761131, 39.163219], [-119.759956, 39.163216], [-119.758743, 39.163216], [-119.757172, 39.163208]]}, "props": {"MTFCC": "S1400", "NAME": null}}, {"geom": {"type": "LineString", "coordinates": [[-119.767631, 39.124788], [-119.765845, 39.124785], [-119.764669, 39.124772], [-119.763496, 39.124783], [-119.761177, 39.124783], [-119.758858, 39.124779], [-119.757698, 39.124781], [-119.756533, 39.124782], [-119.754155, 39.124785], [-119.753928, 39.124784], [-119.751912, 39.124776]]}, "props": {"MTFCC": "S1400", "NAME": null}}, {"geom": {"type": "LineString", "coordinates": [[-119.770416, 39.12648], [-119.770507, 39.126513], [-119.770596, 39.126537], [-119.770871, 39.126558], [-119.770935, 39.126563]]}, "props": {"MTFCC": "S1400", "NAME": null}}, {"geom": {"type": "LineString", "coordinates": [[-119.765845, 39.125696], [-119.764684, 39.125687], [-119.763496, 39.125687], [-119.761169, 39.125694]]}, "props": {"MTFCC": "S1400", "NAME": null}}, {"geom": {"type": "LineString", "coordinates": [[-119.741634, 39.190209], [-119.742035, 39.190269], [-119.742624, 39.190358], [-119.743377, 39.190451]]}, "props": {"MTFCC": "S1400", "NAME": null}}, {"geom": {"type": "LineString", "coordinates": [[-119.766975, 39.165886], [-119.766808, 39.165886], [-119.766121, 39.165863], [-119.765282, 39.165859], [-119.76445, 39.165855], [-119.763611, 39.165855], [-119.762787, 39.165852], [-119.761948, 39.165852], [-119.761116, 39.165848], [-119.759941, 39.165844], [-119.758736, 39.16584], [-119.757545, 39.165836], [-119.757408, 39.165833], [-119.757004, 39.16584], [-119.756577, 39.16584]]}, "props": {"MTFCC": "S1400", "NAME": null}}, {"geom": {"type": "LineString", "coordinates": [[-119.766983, 39.164577], [-119.766129, 39.164574], [-119.765289, 39.164562], [-119.764458, 39.164558], [-119.763626, 39.164558], [-119.762794, 39.164555], [-119.761955, 39.164551], [-119.761124, 39.164551], [-119.759949, 39.164547], [-119.758743, 39.164547], [-119.757736, 39.164536], [-119.757362, 39.164535], [-119.756577, 39.164532], [-119.756485, 39.164532], [-119.756424, 39.164555], [-119.755577, 39.164555]]}, "props": {"MTFCC": "S1400", "NAME": null}}, {"geom": {"type": "LineString", "coordinates": [[-119.76693, 39.172684], [-119.765381, 39.172676], [-119.764061, 39.172672], [-119.763, 39.172669], [-119.762695, 39.172668], [-119.761063, 39.172661]]}, "props": {"MTFCC": "S1400", "NAME": null}}, {"geom": {"type": "LineString", "coordinates": [[-119.764458, 39.163895], [-119.763634, 39.163916], [-119.761975, 39.163927], [-119.761142, 39.163941]]}, "props": {"MTFCC": "S1400", "NAME": null}}, {"geom": {"type": "LineString", "coordinates": [[-119.757629, 39.201481], [-119.757622, 39.202145], [-119.757622, 39.202629], [-119.757629, 39.203648], [-119.757652, 39.203712], [-119.757675, 39.203735]]}, "props": {"MTFCC": "S1400", "NAME": null}}, {"geom": {"type": "LineString", "coordinates": [[-119.76593, 39.188549], [-119.764969, 39.188549], [-119.76413, 39.188549], [-119.763992, 39.188553], [-119.763344, 39.188549]]}, "props": {"MTFCC": "S1400", "NAME": null}}, {"geom": {"type": "LineString", "coordinates": [[-119.763607, 39.190016], [-119.765686, 39.190018], [-119.765869, 39.190002]]}, "props": {"MTFCC": "S1400", "NAME": null}}, {"geom": {"type": "LineString", "coordinates": [[-119.766922, 39.173416], [-119.765381, 39.173382], [-119.764061, 39.173382], [-119.762695, 39.173382], [-119.761055, 39.173374], [-119.760368, 39.173374]]}, "props": {"MTFCC": "S1400", "NAME": null}}, {"geom": {"type": "LineString", "coordinates": [[-119.76696, 39.168491], [-119.76623, 39.168458], [-119.766113, 39.168449], [-119.764626, 39.168442], [-119.764442, 39.168446], [-119.763611, 39.168446], [-119.762779, 39.168442], [-119.762047, 39.168438], [-119.761944, 39.168433], [-119.761833, 39.168461], [-119.761238, 39.168861], [-119.76107, 39.168957]]}, "props": {"MTFCC": "S1400", "NAME": null}}, {"geom": {"type": "LineString", "coordinates": [[-119.766945, 39.171093], [-119.766098, 39.171093], [-119.765259, 39.171093], [-119.764427, 39.171089], [-119.764359, 39.171089], [-119.764137, 39.171089], [-119.763579, 39.171087], [-119.762759, 39.171083], [-119.761063, 39.171082]]}, "props": {"MTFCC": "S1400", "NAME": null}}, {"geom": {"type": "LineString", "coordinates": [[-119.766975, 39.166512], [-119.766087, 39.166554], [-119.765282, 39.166508], [-119.76445, 39.166508], [-119.763618, 39.166504], [-119.762917, 39.166496], [-119.762779, 39.1665], [-119.761948, 39.166496], [-119.761116, 39.166496]]}, "props": {"MTFCC": "S1400", "NAME": null}}, {"geom": {"type": "LineString", "coordinates": [[-119.766975, 39.165218], [-119.766334, 39.165231], [-119.766265, 39.165236], [-119.766234, 39.165214], [-119.766129, 39.165215], [-119.765289, 39.165215], [-119.76445, 39.165211], [-119.763618, 39.165207], [-119.762787, 39.165203], [-119.761955, 39.165199], [-119.761124, 39.165199]]}, "props": {"MTFCC": "S1400", "NAME": null}}, {"geom": {"type": "LineString", "coordinates": [[-119.764465, 39.162582], [-119.763634, 39.162579], [-119.762551, 39.162576]]}, "props": {"MTFCC": "S1400", "NAME": null}}, {"geom": {"type": "LineString", "coordinates": [[-119.770664, 39.128423], [-119.770026, 39.12842], [-119.768335, 39.128396], [-119.768101, 39.128396], [-119.765778, 39.128398], [-119.763448, 39.128387], [-119.761999, 39.12839], [-119.761177, 39.128391], [-119.758835, 39.128373], [-119.756565, 39.128395], [-119.754126, 39.128391], [-119.751854, 39.128395], [-119.75029, 39.128387], [-119.748749, 39.128391], [-119.748685, 39.128391], [-119.747193, 39.128395], [-119.746881, 39.128395], [-119.74663, 39.128395], [-119.746277, 39.128395], [-119.74604, 39.128403], [-119.746017, 39.128399], [-119.743675, 39.128399], [-119.742702, 39.128397], [-119.742453, 39.128394], [-119.740635, 39.128374], [-119.74038, 39.128374], [-119.73913, 39.128373]]}, "props": {"MTFCC": "S1400", "NAME": null}}, {"geom": {"type": "LineString", "coordinates": [[-119.76814, 39.126013], [-119.768964, 39.125987], [-119.769588, 39.125973]]}, "props": {"MTFCC": "S1400", "NAME": null}}, {"geom": {"type": "LineString", "coordinates": [[-119.761177, 39.127501], [-119.763504, 39.127506], [-119.765783, 39.127517], [-119.768158, 39.12751], [-119.77035, 39.127496], [-119.770772, 39.127493]]}, "props": {"MTFCC": "S1400", "NAME": null}}, {"geom": {"type": "LineString", "coordinates": [[-119.766953, 39.170418], [-119.766098, 39.170418], [-119.765411, 39.170414], [-119.765259, 39.17041], [-119.764427, 39.170391], [-119.764153, 39.17038], [-119.763603, 39.17038], [-119.762774, 39.170386], [-119.761238, 39.170391], [-119.76107, 39.170395], [-119.760666, 39.170399], [-119.760048, 39.170425], [-119.759727, 39.170444], [-119.759445, 39.170444], [-119.7593, 39.170456], [-119.759056, 39.170479], [-119.758995, 39.170479], [-119.758751, 39.170509], [-119.758026, 39.17057], [-119.75718, 39.170664], [-119.756798, 39.170712], [-119.756453, 39.170764], [-119.755638, 39.170887], [-119.755287, 39.170948], [-119.754562, 39.171093], [-119.754044, 39.171207], [-119.753021, 39.171467], [-119.751995, 39.171741], [-119.750957, 39.172019], [-119.750389, 39.17218], [-119.749664, 39.172363], [-119.749443, 39.172424], [-119.746132, 39.173283], [-119.745712, 39.173397], [-119.744179, 39.17379], [-119.743813, 39.173889], [-119.742567, 39.174207], [-119.742149, 39.174313], [-119.741587, 39.17446], [-119.741348, 39.174523], [-119.740663, 39.174702], [-119.740522, 39.174738]]}, "props": {"MTFCC": "S1400", "NAME": null}}, {"geom": {"type": "LineString", "coordinates": [[-119.765388, 39.174786], [-119.76403, 39.174786], [-119.762688, 39.174782], [-119.761055, 39.174774]]}, "props": {"MTFCC": "S1400", "NAME": null}}, {"geom": {"type": "LineString", "coordinates": [[-119.751912, 39.124776], [-119.751824, 39.124756], [-119.751808, 39.124753], [-119.751749, 39.124751], [-119.751679, 39.12475], [-119.751599, 39.124749], [-119.751513, 39.124749], [-119.751422, 39.124749], [-119.751328, 39.124748], [-119.75123, 39.124748], [-119.75113, 39.124747], [-119.750924, 39.124747], [-119.750874, 39.124746], [-119.750711, 39.124745], [-119.750604, 39.124745], [-119.750495, 39.124744], [-119.750386, 39.124744], [-119.750276, 39.124744], [-119.750166, 39.124743], [-119.750056, 39.124743], [-119.749946, 39.124743], [-119.749837, 39.124742], [-119.74973, 39.124741], [-119.749623, 39.12474], [-119.749519, 39.124738], [-119.749422, 39.124737], [-119.749331, 39.124735], [-119.749251, 39.124736], [-119.749189, 39.124741]]}, "props": {"MTFCC": "S1400", "NAME": null}}, {"geom": {"type": "LineString", "coordinates": [[-119.767006, 39.158047], [-119.766159, 39.158112]]}, "props": {"MTFCC": "S1400", "NAME": null}}, {"geom": {"type": "LineString", "coordinates": [[-119.767006, 39.15934], [-119.766151, 39.159344], [-119.765312, 39.159336], [-119.764496, 39.159332]]}, "props": {"MTFCC": "S1400", "NAME": null}}, {"geom": {"type": "LineString", "coordinates": [[-119.765846, 39.190701], [-119.765327, 39.190731], [-119.764938, 39.190731], [-119.761957, 39.190679], [-119.76178, 39.190676], [-119.761377, 39.19068], [-119.761236, 39.190677], [-119.760719, 39.190674], [-119.759827, 39.190674], [-119.759605, 39.190651], [-119.759445, 39.190624], [-119.758369, 39.190292], [-119.75813, 39.190225], [-119.757732, 39.19006], [-119.757432, 39.190025], [-119.756735, 39.190005], [-119.755399, 39.190012], [-119.754365, 39.190018], [-119.754263, 39.190019], [-119.754156, 39.190017], [-119.754094, 39.190016], [-119.753948, 39.190014], [-119.752857, 39.189999], [-119.75268, 39.190001], [-119.751139, 39.190019], [-119.748182, 39.190024], [-119.747248, 39.190026], [-119.74679, 39.190043], [-119.74623, 39.190124], [-119.744602, 39.190412], [-119.744174, 39.190449], [-119.743887, 39.190471], [-119.743566, 39.190474], [-119.743377, 39.190451]]}, "props": {"MTFCC": "S1400", "NAME": null}}, {"geom": {"type": "LineString", "coordinates": [[-119.766907, 39.179195], [-119.765968, 39.179176], [-119.765007, 39.179176], [-119.764389, 39.179169], [-119.764291, 39.179169], [-119.763689, 39.179169], [-119.763573, 39.179169], [-119.763066, 39.179172], [-119.762863, 39.179173], [-119.762772, 39.17918], [-119.762708, 39.179189], [-119.762589, 39.179207], [-119.762451, 39.179173]]}, "props": {"MTFCC": "S1400", "NAME": null}}, {"geom": {"type": "LineString", "coordinates": [[-119.766953, 39.169781], [-119.766585, 39.169772], [-119.766219, 39.169754], [-119.766098, 39.169754]]}, "props": {"MTFCC": "S1400", "NAME": null}}, {"geom": {"type": "LineString", "coordinates": [[-119.774567, 39.167191], [-119.774567, 39.167545], [-119.774559, 39.167736], [-119.774559, 39.168095]]}, "props": {"MTFCC": "S1400", "NAME": null}}, {"geom": {"type": "LineString", "coordinates": [[-119.764442, 39.167801], [-119.763611, 39.167797], [-119.762779, 39.167797], [-119.76194, 39.167797], [-119.761833, 39.167789], [-119.761093, 39.167793]]}, "props": {"MTFCC": "S1400", "NAME": null}}, {"geom": {"type": "LineString", "coordinates": [[-119.764488, 39.16193], [-119.763634, 39.161926], [-119.762627, 39.16193], [-119.762581, 39.161949], [-119.762558, 39.161972], [-119.76255, 39.162014]]}, "props": {"MTFCC": "S1400", "NAME": null}}, {"geom": {"type": "LineString", "coordinates": [[-119.765923, 39.189274], [-119.763612, 39.18928]]}, "props": {"MTFCC": "S1400", "NAME": null}}, {"geom": {"type": "LineString", "coordinates": [[-119.766998, 39.161282], [-119.766144, 39.161285], [-119.765327, 39.161289], [-119.764488, 39.161297], [-119.763824, 39.161301], [-119.763718, 39.161293], [-119.76357, 39.161293], [-119.761993, 39.161293], [-119.761131, 39.161297], [-119.760259, 39.161294], [-119.759956, 39.161301], [-119.759315, 39.161297], [-119.759155, 39.161304], [-119.758759, 39.161304], [-119.757279, 39.161308], [-119.756424, 39.161308], [-119.755753, 39.161312], [-119.755536, 39.161312], [-119.754883, 39.161312], [-119.753075, 39.16132], [-119.752697, 39.161319], [-119.751988, 39.161316], [-119.751724, 39.161316], [-119.751144, 39.161308], [-119.750938, 39.161301], [-119.750427, 39.161293], [-119.750343, 39.161285], [-119.750137, 39.161285], [-119.749962, 39.161278], [-119.749184, 39.161282], [-119.745462, 39.161303], [-119.743028, 39.161303], [-119.742315, 39.161352], [-119.741707, 39.161463], [-119.740477, 39.161764], [-119.740138, 39.161846], [-119.738898, 39.162151], [-119.73754, 39.162483], [-119.737005, 39.162643], [-119.73644, 39.16276], [-119.736028, 39.162803], [-119.735438, 39.162772], [-119.734915, 39.162643], [-119.734442, 39.162409], [-119.73365, 39.161846], [-119.733223, 39.161549], [-119.73304, 39.161438], [-119.732933, 39.161385], [-119.732674, 39.161274], [-119.732445, 39.161205], [-119.732208, 39.161148], [-119.732048, 39.161121], [-119.731644, 39.161087], [-119.7304, 39.161037], [-119.730255, 39.161026], [-119.729187, 39.160992], [-119.727867, 39.160934], [-119.727501, 39.160938], [-119.727371, 39.160915], [-119.723885, 39.160782]]}, "props": {"MTFCC": "S1200", "NAME": null}}, {"geom": {"type": "LineString", "coordinates": [[-119.772042, 39.1164], [-119.771507, 39.116402], [-119.770836, 39.116398], [-119.770691, 39.116394], [-119.770622, 39.116386], [-119.770592, 39.116371]]}, "props": {"MTFCC": "S1400", "NAME": null}}, {"geom": {"type": "LineString", "coordinates": [[-119.762383, 39.185894], [-119.763031, 39.186279], [-119.763092, 39.18631], [-119.763168, 39.186329], [-119.763229, 39.186333], [-119.764145, 39.186333], [-119.765236, 39.186333], [-119.765541, 39.186337], [-119.76561, 39.186348], [-119.765755, 39.186405], [-119.765831, 39.186417], [-119.765961, 39.186417]]}, "props": {"MTFCC": "S1400", "NAME": null}}, {"geom": {"type": "LineString", "coordinates": [[-119.766975, 39.167152], [-119.766159, 39.16716], [-119.766121, 39.167156], [-119.765282, 39.167156], [-119.764604, 39.167156], [-119.764442, 39.167152], [-119.763611, 39.167149], [-119.762779, 39.167149], [-119.76194, 39.167145], [-119.761101, 39.167141], [-119.759933, 39.167141], [-119.759636, 39.167137], [-119.758728, 39.167137], [-119.757431, 39.167137], [-119.756142, 39.167133], [-119.755959, 39.167141], [-119.755577, 39.167141], [-119.753922, 39.167152], [-119.750992, 39.167187], [-119.750674, 39.167187], [-119.749451, 39.167212], [-119.749043, 39.167229], [-119.748714, 39.167229], [-119.746831, 39.167227]]}, "props": {"MTFCC": "S1400", "NAME": null}}, {"geom": {"type": "LineString", "coordinates": [[-119.768166, 39.122974], [-119.765847, 39.122985], [-119.764721, 39.122998], [-119.763839, 39.122998], [-119.763455, 39.123003], [-119.761173, 39.122979], [-119.75885, 39.122967], [-119.757694, 39.122969], [-119.756507, 39.12297], [-119.754151, 39.122974], [-119.753899, 39.12298], [-119.753841, 39.122981], [-119.751903, 39.123135]]}, "props": {"MTFCC": "S1400", "NAME": null}}, {"geom": {"type": "LineString", "coordinates": [[-119.766968, 39.167809], [-119.766113, 39.167809]]}, "props": {"MTFCC": "S1400", "NAME": null}}, {"geom": {"type": "LineString", "coordinates": [[-119.766998, 39.160637], [-119.766144, 39.160637], [-119.765312, 39.160629], [-119.764495, 39.160639]]}, "props": {"MTFCC": "S1400", "NAME": null}}, {"geom": {"type": "LineString", "coordinates": [[-119.767014, 39.158699], [-119.766151, 39.158688], [-119.76532, 39.158688], [-119.764488, 39.158684]]}, "props": {"MTFCC": "S1400", "NAME": null}}, {"geom": {"type": "LineString", "coordinates": [[-119.764221, 39.14883], [-119.763733, 39.14883], [-119.76368, 39.148808], [-119.763458, 39.148632], [-119.763359, 39.14859], [-119.763229, 39.148582]]}, "props": {"MTFCC": "S1400", "NAME": null}}, {"geom": {"type": "LineString", "coordinates": [[-119.766975, 39.167152], [-119.767822, 39.167168], [-119.768661, 39.167168], [-119.769493, 39.167171], [-119.770325, 39.167175], [-119.771156, 39.167175], [-119.772026, 39.167179], [-119.772881, 39.167183], [-119.774567, 39.167191], [-119.775589, 39.167198], [-119.776535, 39.167206]]}, "props": {"MTFCC": "S1400", "NAME": null}}, {"geom": {"type": "LineString", "coordinates": [[-119.771875, 39.124756], [-119.772407, 39.124757], [-119.772827, 39.124752], [-119.773277, 39.124763], [-119.774101, 39.124767], [-119.77478, 39.124779], [-119.775024, 39.12479], [-119.775162, 39.124786], [-119.775599, 39.124761]]}, "props": {"MTFCC": "S1400", "NAME": null}}, {"geom": {"type": "LineString", "coordinates": [[-119.76693, 39.172577], [-119.767754, 39.172581], [-119.768585, 39.172581], [-119.769417, 39.172585]]}, "props": {"MTFCC": "S1400", "NAME": null}}, {"geom": {"type": "LineString", "coordinates": [[-119.766991, 39.162586], [-119.767197, 39.162582], [-119.767219, 39.162575], [-119.767693, 39.162575], [-119.767706, 39.16259], [-119.767845, 39.162586], [-119.768684, 39.162586], [-119.769057, 39.162588], [-119.769524, 39.16259], [-119.770348, 39.162594], [-119.771431, 39.162594], [-119.772542, 39.162599]]}, "props": {"MTFCC": "S1400", "NAME": null}}, {"geom": {"type": "LineString", "coordinates": [[-119.766975, 39.165218], [-119.767822, 39.165215], [-119.768003, 39.165213], [-119.768026, 39.165206], [-119.768324, 39.1652], [-119.768553, 39.165221], [-119.768669, 39.165222], [-119.769501, 39.165222], [-119.770332, 39.165226]]}, "props": {"MTFCC": "S1400", "NAME": null}}, {"geom": {"type": "LineString", "coordinates": [[-119.775642, 39.170815], [-119.775688, 39.168617], [-119.775574, 39.168537], [-119.775581, 39.167946], [-119.775589, 39.167477], [-119.775589, 39.167198]]}, "props": {"MTFCC": "S1400", "NAME": null}}, {"geom": {"type": "LineString", "coordinates": [[-119.779114, 39.202726], [-119.778881, 39.202849], [-119.778524, 39.202874], [-119.778021, 39.202887], [-119.776672, 39.202885], [-119.776449, 39.202882], [-119.776264, 39.202869], [-119.775994, 39.202841], [-119.775877, 39.202825], [-119.775724, 39.202803], [-119.775576, 39.202771], [-119.775493, 39.202746], [-119.775329, 39.202697], [-119.774731, 39.202463], [-119.774546, 39.202426], [-119.774366, 39.202402], [-119.774261, 39.202404], [-119.77401, 39.202419], [-119.773888, 39.202442], [-119.773567, 39.202538], [-119.77343, 39.202572], [-119.773155, 39.202618], [-119.772881, 39.202644], [-119.772764, 39.202644], [-119.772644, 39.202644], [-119.77179, 39.202644]]}, "props": {"MTFCC": "S1400", "NAME": null}}, {"geom": {"type": "LineString", "coordinates": [[-119.770664, 39.128423], [-119.7709, 39.128387], [-119.772786, 39.12839]]}, "props": {"MTFCC": "S1400", "NAME": null}}, {"geom": {"type": "LineString", "coordinates": [[-119.767838, 39.16391], [-119.768387, 39.163902], [-119.768677, 39.163906], [-119.769508, 39.163906], [-119.770348, 39.16391], [-119.771277, 39.163921], [-119.77282, 39.163914], [-119.772919, 39.163918], [-119.773476, 39.163918], [-119.773514, 39.163929], [-119.77404, 39.163929], [-119.775375, 39.163933], [-119.775734, 39.163937], [-119.776154, 39.16394], [-119.776611, 39.16394], [-119.776962, 39.163941], [-119.77755, 39.163944], [-119.777789, 39.163948], [-119.778496, 39.163948], [-119.779327, 39.163952], [-119.780067, 39.163956], [-119.780655, 39.163956]]}, "props": {"MTFCC": "S1400", "NAME": null}}, {"geom": {"type": "LineString", "coordinates": [[-119.76593, 39.188549], [-119.766838, 39.188553], [-119.768135, 39.188553], [-119.768242, 39.188526], [-119.768349, 39.188469], [-119.768486, 39.188339], [-119.768661, 39.188148]]}, "props": {"MTFCC": "S1400", "NAME": null}}, {"geom": {"type": "LineString", "coordinates": [[-119.766983, 39.164577], [-119.767273, 39.16457], [-119.76783, 39.164574], [-119.768677, 39.164574], [-119.769508, 39.164574], [-119.77034, 39.164581], [-119.771172, 39.164589], [-119.772096, 39.164595], [-119.772903, 39.164597], [-119.774094, 39.164604], [-119.774185, 39.164619], [-119.774399, 39.164631], [-119.774605, 39.16465], [-119.775368, 39.164654], [-119.776146, 39.164661]]}, "props": {"MTFCC": "S1400", "NAME": null}}, {"geom": {"type": "LineString", "coordinates": [[-119.767006, 39.15934], [-119.767868, 39.159344], [-119.7687, 39.159348], [-119.769531, 39.159348], [-119.77037, 39.159351]]}, "props": {"MTFCC": "S1400", "NAME": null}}, {"geom": {"type": "LineString", "coordinates": [[-119.765961, 39.186417], [-119.76767, 39.186489], [-119.768166, 39.186504], [-119.770592, 39.186512], [-119.77082, 39.186364], [-119.771996, 39.186352], [-119.772697, 39.186356], [-119.772842, 39.186363], [-119.775131, 39.186356]]}, "props": {"MTFCC": "S1400", "NAME": null}}, {"geom": {"type": "LineString", "coordinates": [[-119.76696, 39.168491], [-119.767822, 39.168495], [-119.768639, 39.168503], [-119.769478, 39.168503], [-119.770317, 39.168507], [-119.771149, 39.16851], [-119.772011, 39.168514], [-119.772888, 39.168514], [-119.773666, 39.168514], [-119.773811, 39.168518], [-119.775574, 39.168537], [-119.776085, 39.168568], [-119.776505, 39.16861], [-119.776825, 39.168629], [-119.777672, 39.168636], [-119.778206, 39.168644], [-119.77861, 39.168652], [-119.77903, 39.168659], [-119.779762, 39.168659], [-119.78035, 39.168671], [-119.780838, 39.168674], [-119.781804, 39.168702], [-119.781952, 39.168633]]}, "props": {"MTFCC": "S1400", "NAME": null}}, {"geom": {"type": "LineString", "coordinates": [[-119.775935, 39.127567], [-119.775293, 39.127523], [-119.775124, 39.12751], [-119.772801, 39.127504], [-119.771643, 39.127521], [-119.770772, 39.127493]]}, "props": {"MTFCC": "S1400", "NAME": null}}, {"geom": {"type": "LineString", "coordinates": [[-119.766998, 39.161282], [-119.76786, 39.161293], [-119.768692, 39.161293], [-119.769524, 39.161289], [-119.770363, 39.161297], [-119.771324, 39.161297], [-119.771439, 39.161301], [-119.772339, 39.161301], [-119.772362, 39.161304], [-119.774521, 39.161312], [-119.77478, 39.161308], [-119.776428, 39.161316], [-119.777313, 39.16132], [-119.778511, 39.161324], [-119.778694, 39.161324], [-119.778809, 39.161316], [-119.77887, 39.161297]]}, "props": {"MTFCC": "S1400", "NAME": null}}, {"geom": {"type": "LineString", "coordinates": [[-119.766975, 39.165886], [-119.76712, 39.165886], [-119.76783, 39.165867], [-119.768532, 39.165867], [-119.768677, 39.165871], [-119.769501, 39.165874], [-119.770332, 39.165874], [-119.77047, 39.165882], [-119.771164, 39.165882], [-119.772034, 39.165882], [-119.772896, 39.165886], [-119.774223, 39.16589], [-119.77446, 39.165852], [-119.774666, 39.165836], [-119.775444, 39.165836], [-119.77607, 39.165836], [-119.776138, 39.165833]]}, "props": {"MTFCC": "S1400", "NAME": null}}, {"geom": {"type": "LineString", "coordinates": [[-119.776332, 39.125771], [-119.775161, 39.12571], [-119.772832, 39.125734]]}, "props": {"MTFCC": "S1400", "NAME": null}}, {"geom": {"type": "LineString", "coordinates": [[-119.768646, 39.167816], [-119.769485, 39.16782], [-119.770317, 39.167824], [-119.771149, 39.167824], [-119.772026, 39.167831], [-119.772881, 39.167831]]}, "props": {"MTFCC": "S1400", "NAME": null}}, {"geom": {"type": "LineString", "coordinates": [[-119.769928, 39.189285], [-119.766106, 39.189278], [-119.765923, 39.189274]]}, "props": {"MTFCC": "S1400", "NAME": null}}, {"geom": {"type": "LineString", "coordinates": [[-119.766968, 39.167809], [-119.767822, 39.167812]]}, "props": {"MTFCC": "S1400", "NAME": null}}, {"geom": {"type": "LineString", "coordinates": [[-119.766914, 39.174091], [-119.767562, 39.174076], [-119.767746, 39.174065], [-119.768578, 39.174072], [-119.769409, 39.174072], [-119.770012, 39.174076], [-119.770798, 39.17408], [-119.771812, 39.17408], [-119.772865, 39.174084], [-119.774727, 39.17408], [-119.775597, 39.17408], [-119.776413, 39.174084], [-119.776466, 39.174088], [-119.776741, 39.174129], [-119.776871, 39.174171], [-119.776909, 39.174191], [-119.777237, 39.17432], [-119.777435, 39.174404], [-119.777596, 39.174458], [-119.777771, 39.174496], [-119.778068, 39.174518], [-119.778442, 39.174435], [-119.779376, 39.174103], [-119.779633, 39.174023], [-119.779783, 39.173977]]}, "props": {"MTFCC": "S1400", "NAME": null}}, {"geom": {"type": "LineString", "coordinates": [[-119.775787, 39.162067], [-119.775818, 39.162041], [-119.775887, 39.162022], [-119.775917, 39.162018], [-119.775955, 39.162025], [-119.776505, 39.162025], [-119.777557, 39.162029], [-119.778511, 39.162037], [-119.779411, 39.162037]]}, "props": {"MTFCC": "S1400", "NAME": null}}, {"geom": {"type": "LineString", "coordinates": [[-119.772827, 39.123905], [-119.77477, 39.123893], [-119.774969, 39.123892]]}, "props": {"MTFCC": "S1400", "NAME": null}}, {"geom": {"type": "LineString", "coordinates": [[-119.766975, 39.166512], [-119.76783, 39.166515], [-119.768677, 39.166515], [-119.769501, 39.166523], [-119.770325, 39.166523], [-119.771156, 39.166531], [-119.772026, 39.166531], [-119.772896, 39.166538]]}, "props": {"MTFCC": "S1400", "NAME": null}}, {"geom": {"type": "LineString", "coordinates": [[-119.76992, 39.19001], [-119.769569, 39.190018], [-119.768555, 39.190018], [-119.767914, 39.190014], [-119.767836, 39.190015], [-119.767325, 39.190018], [-119.767256, 39.190017], [-119.766826, 39.190013], [-119.76676, 39.190013], [-119.765923, 39.190014], [-119.765869, 39.190002]]}, "props": {"MTFCC": "S1400", "NAME": null}}, {"geom": {"type": "LineString", "coordinates": [[-119.766945, 39.171093], [-119.767784, 39.171093], [-119.768486, 39.171085], [-119.768593, 39.171089], [-119.76931, 39.171097], [-119.769432, 39.171104], [-119.769623, 39.17112], [-119.770251, 39.171128]]}, "props": {"MTFCC": "S1400", "NAME": null}}, {"geom": {"type": "LineString", "coordinates": [[-119.765274, 39.20377], [-119.765289, 39.202633], [-119.765273, 39.201539]]}, "props": {"MTFCC": "S1400", "NAME": null}}, {"geom": {"type": "LineString", "coordinates": [[-119.767006, 39.158047], [-119.767479, 39.158043], [-119.767876, 39.158051], [-119.768707, 39.158047], [-119.769539, 39.158051], [-119.770378, 39.158054]]}, "props": {"MTFCC": "S1400", "NAME": null}}, {"geom": {"type": "LineString", "coordinates": [[-119.766922, 39.173416], [-119.767746, 39.17342], [-119.768578, 39.17342], [-119.769409, 39.173424]]}, "props": {"MTFCC": "S1400", "NAME": null}}, {"geom": {"type": "LineString", "coordinates": [[-119.76696, 39.169144], [-119.767136, 39.169155], [-119.767807, 39.169155], [-119.768631, 39.169159], [-119.76947, 39.169159], [-119.770309, 39.169159]]}, "props": {"MTFCC": "S1400", "NAME": null}}, {"geom": {"type": "LineString", "coordinates": [[-119.766953, 39.169781], [-119.767647, 39.169785], [-119.767799, 39.169792], [-119.768616, 39.1698], [-119.769463, 39.169807], [-119.770302, 39.169815]]}, "props": {"MTFCC": "S1400", "NAME": null}}, {"geom": {"type": "LineString", "coordinates": [[-119.765038, 39.148464], [-119.764938, 39.148483], [-119.764862, 39.148518], [-119.764557, 39.148754], [-119.764397, 39.148872], [-119.764336, 39.148895], [-119.764221, 39.14883]]}, "props": {"MTFCC": "S1400", "NAME": null}}, {"geom": {"type": "LineString", "coordinates": [[-119.765846, 39.190701], [-119.76606, 39.190689], [-119.766678, 39.190693], [-119.77005, 39.190701], [-119.770514, 39.19071], [-119.770813, 39.190716], [-119.772156, 39.190716], [-119.772575, 39.190697], [-119.772713, 39.190681], [-119.773064, 39.190615], [-119.773735, 39.190488], [-119.7757, 39.189836], [-119.776367, 39.189637], [-119.776787, 39.189495], [-119.777528, 39.189108], [-119.77851, 39.187719], [-119.778982, 39.187268], [-119.779011, 39.187243], [-119.779456, 39.186932], [-119.779675, 39.186821], [-119.779836, 39.186739], [-119.780321, 39.186551], [-119.780551, 39.1865], [-119.780648, 39.186478], [-119.78085, 39.186434], [-119.781401, 39.186381], [-119.784038, 39.186367], [-119.784259, 39.186372], [-119.784632, 39.186395], [-119.785016, 39.186411], [-119.785942, 39.186412], [-119.786819, 39.186413], [-119.786954, 39.186412], [-119.787609, 39.186407], [-119.788537, 39.186401], [-119.78897, 39.186384], [-119.789886, 39.18636], [-119.790059, 39.186372]]}, "props": {"MTFCC": "S1400", "NAME": null}}, {"geom": {"type": "LineString", "coordinates": [[-119.766907, 39.179195], [-119.767125, 39.179199], [-119.767891, 39.179199], [-119.767944, 39.179198], [-119.768181, 39.179196], [-119.768279, 39.179195], [-119.768333, 39.179195], [-119.7685, 39.179193], [-119.768641, 39.179193], [-119.769905, 39.179195], [-119.770454, 39.179195], [-119.770935, 39.179188], [-119.772842, 39.179176], [-119.775452, 39.179165], [-119.775734, 39.179169], [-119.776382, 39.179161], [-119.778503, 39.179179], [-119.778771, 39.179181], [-119.779091, 39.179184], [-119.781128, 39.179176], [-119.781785, 39.179177], [-119.78258, 39.179182], [-119.783737, 39.179169], [-119.783964, 39.179162], [-119.784271, 39.179127], [-119.78447, 39.179096], [-119.784851, 39.179001], [-119.785019, 39.178947], [-119.785187, 39.178886], [-119.785538, 39.178741], [-119.785912, 39.178577], [-119.786095, 39.178486], [-119.786125, 39.178482], [-119.786224, 39.178429], [-119.786591, 39.17828], [-119.786888, 39.178139], [-119.786942, 39.178123], [-119.787285, 39.177971], [-119.787539, 39.177851]]}, "props": {"MTFCC": "S1400", "NAME": null}}, {"geom": {"type": "LineString", "coordinates": [[-119.786827, 39.169163], [-119.787674, 39.169312], [-119.787781, 39.169312], [-119.788651, 39.1693], [-119.789009, 39.1693], [-119.790459, 39.169281], [-119.790756, 39.169281], [-119.792542, 39.169262], [-119.792705, 39.169263]]}, "props": {"MTFCC": "S1400", "NAME": null}}, {"geom": {"type": "LineString", "coordinates": [[-119.776175, 39.126688], [-119.775154, 39.126633], [-119.772789, 39.12661], [-119.772319, 39.126611], [-119.771726, 39.126613], [-119.77153, 39.126614], [-119.770935, 39.126563]]}, "props": {"MTFCC": "S1400", "NAME": null}}, {"geom": {"type": "LineString", "coordinates": [[-119.766991, 39.161949], [-119.767853, 39.161953], [-119.768684, 39.161938], [-119.769036, 39.16194], [-119.769524, 39.161942], [-119.770355, 39.161945], [-119.771439, 39.161945], [-119.772555, 39.161959]]}, "props": {"MTFCC": "S1400", "NAME": null}}, {"geom": {"type": "LineString", "coordinates": [[-119.773564, 39.161944], [-119.774002, 39.161938], [-119.774834, 39.161922]]}, "props": {"MTFCC": "S1400", "NAME": null}}, {"geom": {"type": "LineString", "coordinates": [[-119.76786, 39.160645], [-119.768692, 39.160645], [-119.769531, 39.160645], [-119.770363, 39.160648]]}, "props": {"MTFCC": "S1400", "NAME": null}}, {"geom": {"type": "LineString", "coordinates": [[-119.766953, 39.170418], [-119.767792, 39.170448], [-119.768608, 39.170456], [-119.769447, 39.170464], [-119.770304, 39.170463]]}, "props": {"MTFCC": "S1400", "NAME": null}}, {"geom": {"type": "LineString", "coordinates": [[-119.775118, 39.128388], [-119.775303, 39.128382], [-119.776868, 39.128375]]}, "props": {"MTFCC": "S1400", "NAME": null}}, {"geom": {"type": "LineString", "coordinates": [[-119.772202, 39.122986], [-119.772331, 39.122997], [-119.772827, 39.122993], [-119.774925, 39.12299], [-119.775131, 39.123013], [-119.776961, 39.122965]]}, "props": {"MTFCC": "S1400", "NAME": null}}, {"geom": {"type": "LineString", "coordinates": [[-119.77317, 39.1213], [-119.773931, 39.121378]]}, "props": {"MTFCC": "S1400", "NAME": null}}, {"geom": {"type": "LineString", "coordinates": [[-119.766991, 39.163235], [-119.767845, 39.163235], [-119.768677, 39.163239], [-119.769516, 39.163239], [-119.770348, 39.163239], [-119.771431, 39.163246]]}, "props": {"MTFCC": "S1400", "NAME": null}}, {"geom": {"type": "LineString", "coordinates": [[-119.767006, 39.159992], [-119.767845, 39.159988], [-119.7687, 39.159996], [-119.769531, 39.159996], [-119.770363, 39.16]]}, "props": {"MTFCC": "S1400", "NAME": null}}, {"geom": {"type": "LineString", "coordinates": [[-119.767014, 39.158699], [-119.767868, 39.158695], [-119.768707, 39.158699], [-119.769539, 39.158703], [-119.77037, 39.158703]]}, "props": {"MTFCC": "S1400", "NAME": null}}, {"geom": {"type": "LineString", "coordinates": [[-119.792928, 39.186334], [-119.793549, 39.186299], [-119.794947, 39.186293], [-119.795628, 39.186276], [-119.796258, 39.186286], [-119.796351, 39.186284], [-119.797038, 39.186273], [-119.797541, 39.186257]]}, "props": {"MTFCC": "S1400", "NAME": null}}, {"geom": {"type": "LineString", "coordinates": [[-119.740902, 39.222854], [-119.740962, 39.223297]]}, "props": {"MTFCC": "S1400", "NAME": null}}, {"geom": {"type": "LineString", "coordinates": [[-119.728086, 39.243558], [-119.72735, 39.243318]]}, "props": {"MTFCC": "S1400", "NAME": null}}, {"geom": {"type": "LineString", "coordinates": [[-119.744549, 39.236952], [-119.744559, 39.236983], [-119.744617, 39.237457], [-119.744534, 39.237523], [-119.744015, 39.237937], [-119.743356, 39.238023], [-119.742795, 39.23795], [-119.742234, 39.237837], [-119.741776, 39.237802], [-119.741373, 39.238043], [-119.741126, 39.23848], [-119.740833, 39.239195], [-119.740342, 39.240227], [-119.740247, 39.240624], [-119.739744, 39.240945], [-119.738831, 39.241073], [-119.738171, 39.241158], [-119.737717, 39.24136], [-119.73734, 39.241487], [-119.73711, 39.241564], [-119.736808, 39.241725], [-119.736506, 39.241926], [-119.736173, 39.242092], [-119.736103, 39.242127], [-119.736012, 39.241947], [-119.735787, 39.241498], [-119.73583, 39.241023], [-119.736223, 39.240189], [-119.73637, 39.239832], [-119.736342, 39.239698], [-119.736205, 39.239043], [-119.73578, 39.23798], [-119.735419, 39.237627], [-119.73501, 39.237473], [-119.734395, 39.237203], [-119.733936, 39.237089], [-119.733172, 39.236978], [-119.732556, 39.236667], [-119.731741, 39.236517], [-119.731029, 39.236524], [-119.730115, 39.236612], [-119.729507, 39.236737], [-119.729049, 39.236702], [-119.72854, 39.23669], [-119.72788, 39.236674], [-119.726759, 39.236527], [-119.726046, 39.236415], [-119.725282, 39.236383], [-119.724042, 39.236363], [-119.723757, 39.236359], [-119.723375, 39.236323], [-119.72292, 39.236446], [-119.72257, 39.236805], [-119.722165, 39.236928], [-119.721454, 39.236974], [-119.721098, 39.236938], [-119.720695, 39.237179], [-119.72065, 39.237575], [-119.720455, 39.238091], [-119.720413, 39.238645], [-119.720471, 39.239039], [-119.72063, 39.239473], [-119.72079, 39.239946], [-119.720999, 39.240299], [-119.721199, 39.240818], [-119.721212, 39.240851], [-119.721423, 39.241363], [-119.721439, 39.241387], [-119.72184, 39.241991], [-119.721999, 39.242385], [-119.722157, 39.242739], [-119.722264, 39.243054], [-119.722323, 39.243568], [-119.722198, 39.24423]]}, "props": {"MTFCC": "S1500", "NAME": null}}, {"geom": {"type": "LineString", "coordinates": [[-119.79879, 39.211497], [-119.798866, 39.211428]]}, "props": {"MTFCC": "S1400", "NAME": null}}, {"geom": {"type": "LineString", "coordinates": [[-119.79879, 39.211497], [-119.798231, 39.213058], [-119.798156, 39.213215], [-119.798038, 39.213434], [-119.79792, 39.213661], [-119.797693, 39.21402], [-119.797395, 39.214323], [-119.797086, 39.214546], [-119.796922, 39.214634], [-119.796726, 39.214793], [-119.796603, 39.215024], [-119.796519, 39.21525]]}, "props": {"MTFCC": "S1400", "NAME": null}}, {"geom": {"type": "LineString", "coordinates": [[-119.793541, 39.173717], [-119.79351, 39.173595], [-119.793495, 39.173481], [-119.793457, 39.173306], [-119.793311, 39.17246], [-119.793198, 39.171772], [-119.793083, 39.171139], [-119.792953, 39.170399], [-119.79287, 39.169968], [-119.792705, 39.169263], [-119.792501, 39.168291], [-119.792502, 39.168256], [-119.792522, 39.167592], [-119.792564, 39.166476], [-119.792613, 39.165739], [-119.792633, 39.165438], [-119.792788, 39.165129], [-119.79308, 39.164819], [-119.793349, 39.164594], [-119.793508, 39.164355], [-119.793576, 39.164174], [-119.793602, 39.163981], [-119.793595, 39.16383], [-119.793568, 39.163724], [-119.79339, 39.163131], [-119.793257, 39.162718], [-119.793227, 39.162624]]}, "props": {"MTFCC": "S1400", "NAME": null}}, {"geom": {"type": "LineString", "coordinates": [[-119.778595, 39.169403], [-119.779419, 39.169415], [-119.779587, 39.169407]]}, "props": {"MTFCC": "S1400", "NAME": null}}, {"geom": {"type": "LineString", "coordinates": [[-119.757454, 39.114384], [-119.757568, 39.114418], [-119.758377, 39.114742], [-119.759225, 39.115076], [-119.759891, 39.115339], [-119.760665, 39.115644], [-119.761243, 39.115868], [-119.761386, 39.115923], [-119.761681, 39.11604], [-119.763269, 39.11667], [-119.763489, 39.116987], [-119.763496, 39.117149]]}, "props": {"MTFCC": "S1400", "NAME": null}}, {"geom": {"type": "LineString", "coordinates": [[-119.763496, 39.117149], [-119.765781, 39.117122]]}, "props": {"MTFCC": "S1400", "NAME": null}}, {"geom": {"type": "LineString", "coordinates": [[-119.763496, 39.117149], [-119.763502, 39.117337], [-119.763512, 39.117634], [-119.763496, 39.117821], [-119.763496, 39.118019], [-119.763504, 39.118263], [-119.763504, 39.118466], [-119.763504, 39.118614], [-119.763496, 39.11879], [-119.763496, 39.119263], [-119.763512, 39.119354], [-119.763519, 39.119419], [-119.763496, 39.119637], [-119.763496, 39.119976], [-119.763504, 39.120136], [-119.763497, 39.120429], [-119.763496, 39.120476], [-119.763496, 39.120548], [-119.763537, 39.120731], [-119.763587, 39.120935]]}, "props": {"MTFCC": "S1400", "NAME": null}}, {"geom": {"type": "LineString", "coordinates": [[-119.718431, 39.17988], [-119.718255, 39.179718], [-119.718117, 39.179715], [-119.717538, 39.179702], [-119.717103, 39.179699], [-119.716829, 39.179713], [-119.716266, 39.17982], [-119.715704, 39.179997], [-119.715083, 39.1802], [-119.71462, 39.18036], [-119.714034, 39.180497], [-119.713447, 39.180627], [-119.7127, 39.18077], [-119.712267, 39.180863], [-119.711613, 39.180997], [-119.711089, 39.181129], [-119.710517, 39.181333], [-119.709341, 39.181794], [-119.70918, 39.181857], [-119.708653, 39.182032], [-119.708058, 39.182188], [-119.707382, 39.182332], [-119.707111, 39.18239], [-119.706808, 39.182454], [-119.706145, 39.18263], [-119.704353, 39.182953], [-119.704247, 39.182964], [-119.703911, 39.183029], [-119.703751, 39.183071], [-119.703682, 39.183079], [-119.703293, 39.183182], [-119.70282, 39.183357], [-119.702744, 39.183392], [-119.702438, 39.183502], [-119.701088, 39.184017], [-119.700958, 39.184086], [-119.70076, 39.184231], [-119.7006, 39.18438], [-119.700249, 39.184738], [-119.700073, 39.184914], [-119.699959, 39.185051], [-119.699867, 39.185146], [-119.699852, 39.185173], [-119.699654, 39.185371], [-119.69957, 39.185436], [-119.699471, 39.185493], [-119.699356, 39.185535], [-119.699332, 39.185535], [-119.699265, 39.185551], [-119.698975, 39.185562], [-119.697344, 39.185566], [-119.696468, 39.185574], [-119.694866, 39.18559]]}, "props": {"MTFCC": "S1400", "NAME": null}}, {"geom": {"type": "LineString", "coordinates": [[-119.704069, 39.1843], [-119.7039, 39.184269], [-119.703374, 39.184347], [-119.703155, 39.184442], [-119.701317, 39.185501]]}, "props": {"MTFCC": "S1400", "NAME": null}}, {"geom": {"type": "LineString", "coordinates": [[-119.773422, 39.156654], [-119.772852, 39.156647], [-119.772716, 39.156635], [-119.772592, 39.156262], [-119.77255, 39.156135], [-119.772527, 39.156103], [-119.772483, 39.156041], [-119.772367, 39.155946], [-119.772171, 39.155761], [-119.772003, 39.155697]]}, "props": {"MTFCC": "S1400", "NAME": null}}, {"geom": {"type": "LineString", "coordinates": [[-119.784071, 39.186978], [-119.783846, 39.18701], [-119.783649, 39.18701], [-119.783293, 39.18693], [-119.78293, 39.186862], [-119.782629, 39.186819], [-119.782039, 39.186838], [-119.78148, 39.186783], [-119.781363, 39.186727], [-119.781234, 39.186629]]}, "props": {"MTFCC": "S1400", "NAME": null}}, {"geom": {"type": "LineString", "coordinates": [[-119.77794, 39.180592], [-119.777933, 39.179713]]}, "props": {"MTFCC": "S1400", "NAME": null}}, {"geom": {"type": "LineString", "coordinates": [[-119.777176, 39.180793], [-119.777026, 39.180646], [-119.776917, 39.18051], [-119.776863, 39.18032], [-119.77686, 39.179719]]}, "props": {"MTFCC": "S1400", "NAME": null}}, {"geom": {"type": "LineString", "coordinates": [[-119.770973, 39.18425], [-119.771034, 39.184277], [-119.771118, 39.184273], [-119.771187, 39.184261], [-119.77182, 39.184177], [-119.77195, 39.18417], [-119.772835, 39.184174], [-119.774429, 39.184174], [-119.774483, 39.184155], [-119.774536, 39.184158], [-119.774643, 39.184177]]}, "props": {"MTFCC": "S1400", "NAME": null}}, {"geom": {"type": "LineString", "coordinates": [[-119.797531, 39.171021], [-119.797478, 39.17104], [-119.796272, 39.171047], [-119.796059, 39.17107], [-119.795799, 39.171124], [-119.795502, 39.171204], [-119.795418, 39.171215], [-119.79538, 39.171227], [-119.795143, 39.171246], [-119.794968, 39.171249], [-119.794914, 39.171242], [-119.794884, 39.171246], [-119.794714, 39.171218], [-119.794593, 39.171191], [-119.794014, 39.17112], [-119.793727, 39.17112], [-119.79327, 39.171128], [-119.793083, 39.171139], [-119.79284, 39.171111], [-119.792267, 39.171074], [-119.791998, 39.171066], [-119.791712, 39.17111], [-119.791467, 39.171156], [-119.791115, 39.171165], [-119.790466, 39.171173], [-119.789902, 39.171173], [-119.789764, 39.171181], [-119.788406, 39.171192], [-119.787987, 39.171177], [-119.787758, 39.171185], [-119.786842, 39.171207], [-119.786819, 39.171215], [-119.786743, 39.171223], [-119.786697, 39.171242]]}, "props": {"MTFCC": "S1400", "NAME": null}}, {"geom": {"type": "LineString", "coordinates": [[-119.751844, 39.180207], [-119.753739, 39.180207], [-119.755906, 39.18019], [-119.756464, 39.180192], [-119.758833, 39.180213]]}, "props": {"MTFCC": "S1400", "NAME": null}}, {"geom": {"type": "LineString", "coordinates": [[-119.756393, 39.204548], [-119.755775, 39.204552], [-119.754721, 39.204559], [-119.754608, 39.204556], [-119.754451, 39.204559], [-119.753609, 39.204559], [-119.753401, 39.204563], [-119.75297, 39.204562], [-119.752556, 39.204567], [-119.749039, 39.204567], [-119.74855, 39.204575], [-119.747482, 39.204575], [-119.747238, 39.204567], [-119.744911, 39.204575], [-119.74424, 39.204582], [-119.742744, 39.204575], [-119.741989, 39.204582], [-119.740464, 39.204582], [-119.739342, 39.204582], [-119.73912, 39.20459], [-119.738411, 39.204582], [-119.738174, 39.204586], [-119.736214, 39.204594], [-119.735863, 39.204582], [-119.735443, 39.20454], [-119.735283, 39.204517], [-119.735077, 39.204487], [-119.734543, 39.204369], [-119.733978, 39.204189], [-119.733597, 39.204033]]}, "props": {"MTFCC": "S1400", "NAME": null}}, {"geom": {"type": "LineString", "coordinates": [[-119.770973, 39.18425], [-119.77095, 39.184231], [-119.770927, 39.184181], [-119.770927, 39.183411], [-119.770927, 39.182518], [-119.770935, 39.182495], [-119.770927, 39.182018], [-119.770927, 39.180801], [-119.770935, 39.180784], [-119.770927, 39.180042], [-119.770927, 39.179348], [-119.770935, 39.179188]]}, "props": {"MTFCC": "S1400", "NAME": null}}, {"geom": {"type": "LineString", "coordinates": [[-119.771866, 39.183407], [-119.771866, 39.180904], [-119.771873, 39.180798]]}, "props": {"MTFCC": "S1400", "NAME": null}}, {"geom": {"type": "LineString", "coordinates": [[-119.773773, 39.183407], [-119.773773, 39.180798]]}, "props": {"MTFCC": "S1400", "NAME": null}}, {"geom": {"type": "LineString", "coordinates": [[-119.77727, 39.176666], [-119.77565, 39.176666]]}, "props": {"MTFCC": "S1400", "NAME": null}}, {"geom": {"type": "LineString", "coordinates": [[-119.766907, 39.174728], [-119.767738, 39.174732], [-119.768578, 39.174728], [-119.769402, 39.174728], [-119.770447, 39.174721], [-119.770576, 39.174728], [-119.770805, 39.174812], [-119.770889, 39.17482], [-119.772858, 39.174828]]}, "props": {"MTFCC": "S1400", "NAME": null}}, {"geom": {"type": "LineString", "coordinates": [[-119.758797, 39.149914], [-119.758797, 39.149151], [-119.758804, 39.147511], [-119.758797, 39.146698], [-119.758789, 39.146538]]}, "props": {"MTFCC": "S1400", "NAME": null}}, {"geom": {"type": "LineString", "coordinates": [[-119.759575, 39.145073], [-119.75956, 39.145248], [-119.759567, 39.145741], [-119.759552, 39.145767], [-119.759506, 39.145786], [-119.759459, 39.14579], [-119.759438, 39.145782], [-119.759323, 39.145782]]}, "props": {"MTFCC": "S1400", "NAME": null}}, {"geom": {"type": "LineString", "coordinates": [[-119.752853, 39.141701], [-119.753205, 39.141381]]}, "props": {"MTFCC": "S1400", "NAME": null}}, {"geom": {"type": "LineString", "coordinates": [[-119.759796, 39.144371], [-119.759796, 39.144096], [-119.759804, 39.14397]]}, "props": {"MTFCC": "S1400", "NAME": null}}, {"geom": {"type": "LineString", "coordinates": [[-119.768305, 39.145119], [-119.768662, 39.142949]]}, "props": {"MTFCC": "S1500", "NAME": null}}, {"geom": {"type": "LineString", "coordinates": [[-119.774285, 39.144083], [-119.774307, 39.143997], [-119.774295, 39.14299], [-119.774294, 39.142944], [-119.774305, 39.142757], [-119.774403, 39.142601], [-119.774577, 39.142471], [-119.774694, 39.14236], [-119.774734, 39.1423], [-119.774796, 39.1422], [-119.774818, 39.142101], [-119.774818, 39.140961], [-119.774811, 39.14085], [-119.774818, 39.140747], [-119.774811, 39.140575], [-119.774818, 39.140339], [-119.774811, 39.139896], [-119.774818, 39.139809], [-119.774811, 39.139641], [-119.774811, 39.139056], [-119.774811, 39.138756], [-119.774757, 39.138615], [-119.774651, 39.138481], [-119.774582, 39.138435]]}, "props": {"MTFCC": "S1400", "NAME": null}}, {"geom": {"type": "LineString", "coordinates": [[-119.779229, 39.135649], [-119.779407, 39.135738], [-119.779462, 39.135786], [-119.779684, 39.135979], [-119.77994, 39.136113], [-119.780801, 39.136118], [-119.780895, 39.136118], [-119.781208, 39.136191], [-119.781521, 39.136248], [-119.781776, 39.136322], [-119.782422, 39.136452], [-119.782656, 39.136495], [-119.782892, 39.136583], [-119.782935, 39.136796], [-119.782899, 39.137024], [-119.782909, 39.13757], [-119.782854, 39.137814], [-119.782819, 39.138012], [-119.782725, 39.13824], [-119.782495, 39.138455], [-119.782323, 39.138655], [-119.782093, 39.138885], [-119.781631, 39.139284], [-119.781381, 39.139469], [-119.781461, 39.139575], [-119.781618, 39.139634], [-119.782027, 39.13963], [-119.782243, 39.139703], [-119.782381, 39.139808], [-119.782654, 39.139805], [-119.782867, 39.139727], [-119.78308, 39.139619], [-119.783313, 39.13954], [-119.783526, 39.139477], [-119.783856, 39.139368], [-119.784186, 39.139288], [-119.784419, 39.139241], [-119.785061, 39.139143], [-119.785254, 39.139004], [-119.785505, 39.138865], [-119.785987, 39.138571], [-119.7862, 39.138478], [-119.786545, 39.13814], [-119.786542, 39.137943], [-119.7865, 39.137746], [-119.786359, 39.13752], [-119.786417, 39.137489], [-119.786632, 39.137471], [-119.787004, 39.137574], [-119.787203, 39.137645], [-119.787337, 39.137692], [-119.78773, 39.137824], [-119.788102, 39.137912], [-119.788435, 39.138045], [-119.788749, 39.138148], [-119.789121, 39.138205], [-119.789355, 39.138248], [-119.79002, 39.138347], [-119.790254, 39.138345], [-119.790997, 39.138459], [-119.791348, 39.13847], [-119.791698, 39.138421], [-119.791968, 39.138221], [-119.792512, 39.138094], [-119.792706, 39.138031], [-119.793269, 39.137904], [-119.793873, 39.137852], [-119.794496, 39.137845], [-119.794731, 39.137888], [-119.795084, 39.137976], [-119.795376, 39.137973], [-119.795765, 39.137908], [-119.796194, 39.137904], [-119.796486, 39.137885], [-119.79676, 39.137913], [-119.797132, 39.138], [-119.797465, 39.138103], [-119.797799, 39.138236], [-119.798094, 39.1384], [-119.798311, 39.13855], [-119.798509, 39.1387], [-119.799062, 39.139149], [-119.799298, 39.139238], [-119.799593, 39.139372], [-119.79977, 39.139461], [-119.799987, 39.139595], [-119.800339, 39.139698], [-119.800614, 39.139771], [-119.800947, 39.139874], [-119.801239, 39.139871], [-119.801667, 39.139806], [-119.80194, 39.139757], [-119.802348, 39.139763], [-119.802334, 39.139996], [-119.802144, 39.140317], [-119.801992, 39.140516], [-119.801976, 39.140744], [-119.802036, 39.14085], [-119.802099, 39.141062], [-119.80216, 39.141228], [-119.80226, 39.141379], [-119.802146, 39.141577], [-119.801935, 39.141731], [-119.801781, 39.14187], [-119.801648, 39.142053], [-119.801573, 39.142252], [-119.801517, 39.142419], [-119.8015, 39.142571], [-119.801542, 39.142738], [-119.801468, 39.142921], [-119.801274, 39.143029], [-119.801061, 39.143123], [-119.800888, 39.143231], [-119.800695, 39.143369], [-119.800502, 39.143447], [-119.800385, 39.143479], [-119.800309, 39.143571], [-119.800291, 39.143708], [-119.800391, 39.143843], [-119.800432, 39.143934], [-119.800536, 39.144297], [-119.800519, 39.144449], [-119.800582, 39.144737], [-119.80074, 39.144842], [-119.800978, 39.145098], [-119.801176, 39.145217], [-119.801217, 39.145338], [-119.801318, 39.145534], [-119.80132, 39.145671], [-119.801342, 39.145838], [-119.801423, 39.145989], [-119.801425, 39.146126], [-119.801445, 39.146141]]}, "props": {"MTFCC": "S1500", "NAME": null}}, {"geom": {"type": "LineString", "coordinates": [[-119.730896, 39.168598], [-119.730881, 39.169937], [-119.730881, 39.170761], [-119.730873, 39.171764], [-119.730875, 39.171778], [-119.730888, 39.17189], [-119.730888, 39.172058], [-119.730881, 39.172131], [-119.730865, 39.172169], [-119.730858, 39.172215], [-119.730812, 39.172306], [-119.730743, 39.172398], [-119.730385, 39.172729], [-119.730324, 39.172806], [-119.730225, 39.172913], [-119.72998, 39.173229], [-119.729927, 39.173328], [-119.729858, 39.173431], [-119.729759, 39.173634], [-119.729645, 39.173908], [-119.729576, 39.174141], [-119.729538, 39.174324]]}, "props": {"MTFCC": "S1400", "NAME": null}}, {"geom": {"type": "LineString", "coordinates": [[-119.768101, 39.128396], [-119.768158, 39.12751], [-119.768134, 39.126593], [-119.76814, 39.126013], [-119.768143, 39.12578], [-119.768144, 39.125698], [-119.768138, 39.125256], [-119.768114, 39.125064], [-119.768166, 39.124952], [-119.768171, 39.124586], [-119.768172, 39.124487], [-119.768166, 39.122974], [-119.768166, 39.122102], [-119.768165, 39.121765]]}, "props": {"MTFCC": "S1400", "NAME": null}}, {"geom": {"type": "LineString", "coordinates": [[-119.766631, 39.135607], [-119.766839, 39.135608], [-119.767231, 39.13561]]}, "props": {"MTFCC": "S1400", "NAME": null}}, {"geom": {"type": "LineString", "coordinates": [[-119.767439, 39.134036], [-119.766791, 39.134039]]}, "props": {"MTFCC": "S1400", "NAME": null}}, {"geom": {"type": "LineString", "coordinates": [[-119.766132, 39.134036], [-119.76547, 39.134033]]}, "props": {"MTFCC": "S1400", "NAME": null}}, {"geom": {"type": "LineString", "coordinates": [[-119.76547, 39.134033], [-119.76488, 39.134029]]}, "props": {"MTFCC": "S1400", "NAME": null}}, {"geom": {"type": "LineString", "coordinates": [[-119.767512, 39.136514], [-119.768922, 39.136565]]}, "props": {"MTFCC": "S1400", "NAME": null}}, {"geom": {"type": "LineString", "coordinates": [[-119.760712, 39.13974], [-119.760714, 39.139189], [-119.760686, 39.139097], [-119.760562, 39.138975], [-119.760459, 39.138916], [-119.760421, 39.138878], [-119.760389, 39.13882], [-119.760362, 39.138744], [-119.760438, 39.138517], [-119.760502, 39.138392], [-119.760567, 39.138316], [-119.760714, 39.13824], [-119.760843, 39.13822], [-119.7621, 39.138222], [-119.762937, 39.138238], [-119.763283, 39.13823], [-119.763519, 39.138218]]}, "props": {"MTFCC": "S1400", "NAME": null}}, {"geom": {"type": "LineString", "coordinates": [[-119.755104, 39.136871], [-119.753456, 39.136871], [-119.753418, 39.136879]]}, "props": {"MTFCC": "S1400", "NAME": null}}, {"geom": {"type": "LineString", "coordinates": [[-119.757057, 39.13887], [-119.756653, 39.139172], [-119.756516, 39.13924], [-119.756386, 39.139294], [-119.756187, 39.139328], [-119.755066, 39.139328], [-119.752464, 39.139324]]}, "props": {"MTFCC": "S1400", "NAME": null}}, {"geom": {"type": "LineString", "coordinates": [[-119.757694, 39.135552], [-119.757693, 39.135317], [-119.757689, 39.134646], [-119.7577, 39.133827]]}, "props": {"MTFCC": "S1400", "NAME": null}}, {"geom": {"type": "LineString", "coordinates": [[-119.756479, 39.135247], [-119.756456, 39.134585], [-119.756474, 39.133826], [-119.756598, 39.133733], [-119.756561, 39.132004], [-119.75659, 39.130197], [-119.756565, 39.128395], [-119.756533, 39.126586], [-119.756533, 39.124915], [-119.756533, 39.124782], [-119.756507, 39.12297], [-119.756523, 39.121957]]}, "props": {"MTFCC": "S1400", "NAME": null}}, {"geom": {"type": "LineString", "coordinates": [[-119.765783, 39.127517], [-119.765854, 39.126595], [-119.765845, 39.125696], [-119.765845, 39.124785], [-119.765854, 39.123684], [-119.765847, 39.122985]]}, "props": {"MTFCC": "S1400", "NAME": null}}, {"geom": {"type": "LineString", "coordinates": [[-119.737007, 39.199718], [-119.737129, 39.199886], [-119.73732, 39.200203], [-119.737663, 39.20071], [-119.737724, 39.200809], [-119.737823, 39.20097], [-119.737869, 39.201031], [-119.738083, 39.201363], [-119.738144, 39.201504], [-119.738182, 39.201683], [-119.738179, 39.202092], [-119.738174, 39.202869], [-119.738182, 39.203373], [-119.738167, 39.203739], [-119.738167, 39.204422], [-119.738174, 39.204586], [-119.738182, 39.20462], [-119.738182, 39.204926], [-119.738174, 39.205208], [-119.738182, 39.205475], [-119.738174, 39.205715], [-119.738182, 39.205975], [-119.738174, 39.2061], [-119.738205, 39.206742]]}, "props": {"MTFCC": "S1400", "NAME": null}}, {"geom": {"type": "LineString", "coordinates": [[-119.754799, 39.203312], [-119.754616, 39.203564], [-119.754547, 39.203682], [-119.754547, 39.203728], [-119.75457, 39.203831]]}, "props": {"MTFCC": "S1400", "NAME": null}}, {"geom": {"type": "LineString", "coordinates": [[-119.757087, 39.229374], [-119.757935, 39.228489], [-119.758566, 39.228011], [-119.759549, 39.227266], [-119.761108, 39.226405], [-119.761783, 39.226052], [-119.762945, 39.225791], [-119.763522, 39.22572], [-119.763959, 39.225526]]}, "props": {"MTFCC": "S1400", "NAME": null}}, {"geom": {"type": "LineString", "coordinates": [[-119.884428, 39.11287], [-119.885771, 39.113309], [-119.886416, 39.113825], [-119.886673, 39.11437], [-119.886741, 39.114954], [-119.88674, 39.115499], [-119.886483, 39.116013], [-119.886135, 39.116426], [-119.885893, 39.116655], [-119.885315, 39.116883], [-119.884132, 39.11691], [-119.880539, 39.116481], [-119.879776, 39.116572], [-119.879042, 39.116823], [-119.878425, 39.117326], [-119.877116, 39.119007], [-119.876767, 39.119316], [-119.87631, 39.119548], [-119.875974, 39.119679], [-119.874826, 39.119814], [-119.874239, 39.119815], [-119.873211, 39.119472], [-119.872563, 39.118947], [-119.872152, 39.118489], [-119.871123, 39.116706], [-119.870741, 39.116203], [-119.8698, 39.11538], [-119.869095, 39.114992], [-119.86792, 39.114489], [-119.866422, 39.114193], [-119.865101, 39.114262], [-119.864954, 39.114354], [-119.862694, 39.114949], [-119.859664, 39.115205], [-119.858878, 39.115271], [-119.85788, 39.1155], [-119.855591, 39.116622], [-119.855269, 39.116722], [-119.854509, 39.116806], [-119.853887, 39.116774], [-119.852089, 39.116372], [-119.851256, 39.116265], [-119.850665, 39.116211], [-119.850127, 39.116292], [-119.849294, 39.116534], [-119.847104, 39.117477], [-119.84649, 39.117616], [-119.845301, 39.117638], [-119.844442, 39.117655], [-119.844009, 39.117664], [-119.843269, 39.117802], [-119.842523, 39.118132], [-119.84238, 39.118235], [-119.841956, 39.118661], [-119.840473, 39.119944], [-119.840127, 39.120243], [-119.838233, 39.121864], [-119.837466, 39.122313], [-119.836862, 39.122485], [-119.835981, 39.122371], [-119.834982, 39.122119], [-119.833366, 39.121456], [-119.832045, 39.121434], [-119.831905, 39.121476], [-119.830901, 39.121777], [-119.828993, 39.122532], [-119.828613, 39.122604], [-119.82779, 39.122761], [-119.826997, 39.122739], [-119.825415, 39.12235], [-119.825194, 39.122221], [-119.82507, 39.122134], [-119.824941, 39.122036], [-119.824789, 39.121913], [-119.824682, 39.121794], [-119.824581, 39.1217], [-119.824497, 39.121608], [-119.824311, 39.12138], [-119.824053, 39.121042], [-119.823874, 39.12084], [-119.823794, 39.120764], [-119.823713, 39.120695], [-119.823565, 39.12058], [-119.823421, 39.120486], [-119.823243, 39.120387], [-119.823049, 39.120301], [-119.822872, 39.120236], [-119.822729, 39.120194], [-119.822612, 39.120164], [-119.822409, 39.120122], [-119.8222, 39.1201], [-119.822014, 39.120091], [-119.821875, 39.12009], [-119.821603, 39.120104], [-119.821378, 39.120134], [-119.821131, 39.120194], [-119.8209, 39.120265], [-119.820495, 39.120429], [-119.820127, 39.120617], [-119.819863, 39.120741], [-119.819692, 39.120811], [-119.819574, 39.120849], [-119.819418, 39.120899], [-119.819167, 39.120953], [-119.818952, 39.120984], [-119.81873, 39.120992], [-119.818581, 39.120991], [-119.818329, 39.120977], [-119.818096, 39.120948], [-119.817746, 39.120856], [-119.817463, 39.120756], [-119.817254, 39.120659], [-119.816967, 39.120474], [-119.816825, 39.120366], [-119.816778, 39.12033], [-119.816697, 39.12024], [-119.81662, 39.120168], [-119.816567, 39.120109], [-119.816518, 39.12004], [-119.816447, 39.119955], [-119.816308, 39.119703], [-119.816229, 39.119517], [-119.81611, 39.119255], [-119.816007, 39.119051], [-119.815893, 39.118872], [-119.815717, 39.118662], [-119.815587, 39.11854], [-119.815457, 39.118432], [-119.815244, 39.118291], [-119.815111, 39.118212], [-119.814937, 39.118125], [-119.81477, 39.118049], [-119.814193, 39.117822], [-119.813918, 39.117685], [-119.813816, 39.117627], [-119.813589, 39.117473], [-119.813284, 39.117221], [-119.8132, 39.117133], [-119.81258, 39.116447], [-119.812321, 39.116174], [-119.812246, 39.116086], [-119.811972, 39.115839], [-119.811867, 39.115759], [-119.811753, 39.115682], [-119.811559, 39.11557], [-119.811444, 39.115511], [-119.811342, 39.115466], [-119.81102, 39.11535], [-119.810767, 39.11529], [-119.810447, 39.115204], [-119.810298, 39.115173], [-119.810147, 39.11513], [-119.808429, 39.114685], [-119.807978, 39.114574], [-119.807837, 39.114533], [-119.807615, 39.114485], [-119.807216, 39.114388], [-119.807099, 39.114369], [-119.80678, 39.114335], [-119.806382, 39.114339], [-119.805776, 39.114427], [-119.805275, 39.114615], [-119.804906, 39.114854], [-119.804641, 39.115075], [-119.804518, 39.115225], [-119.804281, 39.115488], [-119.803797, 39.115993], [-119.803249, 39.116344], [-119.802852, 39.116511], [-119.802302, 39.116677], [-119.801705, 39.116719], [-119.801384, 39.116701], [-119.801255, 39.116694], [-119.800942, 39.116642], [-119.80057, 39.116541], [-119.799988, 39.116319], [-119.799706, 39.116155], [-119.799445, 39.11597], [-119.79895, 39.115523], [-119.798316, 39.115021], [-119.797685, 39.114648], [-119.796968, 39.114348], [-119.795411, 39.113856]]}, "props": {"MTFCC": "S1200", "NAME": null}}, {"geom": {"type": "LineString", "coordinates": [[-119.745987, 39.132046], [-119.745918, 39.132065], [-119.744995, 39.132076], [-119.743866, 39.132084], [-119.743759, 39.13208], [-119.743698, 39.132046]]}, "props": {"MTFCC": "S1400", "NAME": null}}, {"geom": {"type": "LineString", "coordinates": [[-119.739037, 39.142879], [-119.739044, 39.14378], [-119.739044, 39.144569], [-119.739052, 39.144703], [-119.738998, 39.14492], [-119.738983, 39.145161], [-119.738991, 39.145569], [-119.738983, 39.145763], [-119.738976, 39.146164], [-119.738976, 39.146748], [-119.738983, 39.147083], [-119.738983, 39.147659], [-119.738976, 39.147926], [-119.738983, 39.148003], [-119.738976, 39.148266], [-119.738976, 39.148628], [-119.738983, 39.148727], [-119.738998, 39.148796], [-119.739021, 39.148834], [-119.739029, 39.148865], [-119.739044, 39.148884], [-119.73912, 39.148956], [-119.739464, 39.149132], [-119.739815, 39.149281], [-119.740181, 39.149452]]}, "props": {"MTFCC": "S1400", "NAME": null}}, {"geom": {"type": "LineString", "coordinates": [[-119.722405, 39.147287], [-119.722562, 39.147191], [-119.722641, 39.147134], [-119.722691, 39.147065], [-119.72272, 39.146992], [-119.722724, 39.14691], [-119.722711, 39.146849], [-119.722699, 39.146817], [-119.721826, 39.145562], [-119.721691, 39.145353], [-119.721614, 39.145213], [-119.721579, 39.145131], [-119.721554, 39.145036], [-119.721458, 39.144431], [-119.721428, 39.144315], [-119.721394, 39.144257], [-119.721338, 39.144185], [-119.720678, 39.143444], [-119.720605, 39.143375], [-119.720535, 39.143341], [-119.720462, 39.143313], [-119.720369, 39.143293], [-119.720295, 39.143291], [-119.7202, 39.143302], [-119.720111, 39.143326], [-119.720036, 39.143378], [-119.719956, 39.143445], [-119.719921, 39.143508], [-119.719914, 39.143593], [-119.7199, 39.143684], [-119.719871, 39.14375], [-119.719832, 39.143807], [-119.719794, 39.143845], [-119.719725, 39.143897], [-119.71931, 39.144151]]}, "props": {"MTFCC": "S1400", "NAME": null}}, {"geom": {"type": "LineString", "coordinates": [[-119.834304, 39.139626], [-119.834062, 39.139313], [-119.834049, 39.139296], [-119.833885, 39.138842], [-119.833762, 39.138539], [-119.833718, 39.138206], [-119.833519, 39.137995], [-119.832976, 39.138153], [-119.832627, 39.138308], [-119.832278, 39.138373], [-119.831926, 39.138346], [-119.831613, 39.138289], [-119.831451, 39.137926], [-119.830937, 39.137537], [-119.830815, 39.137295], [-119.830693, 39.136993], [-119.83002, 39.136423], [-119.82959, 39.136367], [-119.828846, 39.136193], [-119.828532, 39.136074], [-119.828371, 39.135803], [-119.828367, 39.13559], [-119.828715, 39.135404], [-119.828985, 39.135249], [-119.8291, 39.135096], [-119.829175, 39.134913], [-119.829131, 39.134671], [-119.82913, 39.13461]]}, "props": {"MTFCC": "S1500", "NAME": null}}, {"geom": {"type": "LineString", "coordinates": [[-119.860259, 39.11882], [-119.859556, 39.118519], [-119.859262, 39.11845], [-119.858646, 39.118565], [-119.858235, 39.118748], [-119.857941, 39.119068], [-119.858059, 39.119777], [-119.857913, 39.119915], [-119.857032, 39.120144], [-119.856885, 39.120304], [-119.856827, 39.120716], [-119.856422, 39.120952], [-119.856357, 39.12099], [-119.855888, 39.120968], [-119.854478, 39.120694], [-119.853597, 39.120763], [-119.85304, 39.120923], [-119.852541, 39.121266], [-119.852189, 39.121815], [-119.851925, 39.121998], [-119.851749, 39.122662], [-119.851712, 39.122683], [-119.851279, 39.122936], [-119.85078, 39.122914], [-119.850222, 39.122754], [-119.849018, 39.122914], [-119.848314, 39.123212], [-119.847932, 39.123487], [-119.847551, 39.124081], [-119.847838, 39.124909], [-119.848296, 39.128021], [-119.848648, 39.128125], [-119.8486, 39.128277], [-119.848488, 39.128549], [-119.84884, 39.128741], [-119.849992, 39.128853], [-119.850456, 39.128965], [-119.85068, 39.129189], [-119.851, 39.129309], [-119.851, 39.129509], [-119.850728, 39.129981], [-119.85076, 39.130069], [-119.85124, 39.130325], [-119.851618, 39.130734], [-119.851619, 39.130748], [-119.851544, 39.130853], [-119.850824, 39.131637], [-119.850808, 39.132005], [-119.850632, 39.132245], [-119.850606, 39.132245], [-119.850568, 39.132245], [-119.84908, 39.132357], [-119.848296, 39.132517], [-119.847672, 39.132517], [-119.846968, 39.132357], [-119.845336, 39.132869], [-119.844408, 39.134309], [-119.844152, 39.134997], [-119.844152, 39.135237], [-119.844168, 39.135653], [-119.844312, 39.136069], [-119.844376, 39.136485], [-119.844504, 39.136821], [-119.844482, 39.136954], [-119.844472, 39.137013], [-119.844072, 39.136997], [-119.8438, 39.136997], [-119.843608, 39.137029], [-119.84308, 39.137269], [-119.84164, 39.137221], [-119.841352, 39.137253], [-119.840776, 39.137797], [-119.840664, 39.137861], [-119.840424, 39.137861], [-119.839928, 39.137701], [-119.839512, 39.137717], [-119.839224, 39.137861], [-119.838424, 39.138789], [-119.838168, 39.138885], [-119.83788, 39.138981], [-119.837192, 39.138821], [-119.836088, 39.139173], [-119.834488, 39.139397], [-119.834304, 39.139626], [-119.83378, 39.140278], [-119.833767, 39.140294], [-119.83356, 39.140485], [-119.832808, 39.140357], [-119.832136, 39.140789], [-119.831288, 39.140917], [-119.830616, 39.141093], [-119.829944, 39.141317], [-119.829784, 39.141669], [-119.829736, 39.142309], [-119.829592, 39.142741], [-119.828984, 39.143125], [-119.82828, 39.143333], [-119.827736, 39.143317], [-119.8274, 39.144197], [-119.825816, 39.144293], [-119.825742, 39.14449], [-119.825653, 39.144633], [-119.825577, 39.144775], [-119.825523, 39.144861], [-119.825459, 39.144943], [-119.825405, 39.144996], [-119.825352, 39.145034], [-119.825293, 39.145052], [-119.825082, 39.145088], [-119.824961, 39.145118], [-119.824893, 39.145143], [-119.824813, 39.145178], [-119.824724, 39.145227], [-119.824644, 39.145277], [-119.824419, 39.145436], [-119.824364, 39.145501], [-119.82431, 39.145597], [-119.824289, 39.145676], [-119.824292, 39.145735], [-119.824313, 39.14581], [-119.824447, 39.146198], [-119.82451, 39.146346], [-119.82454, 39.146436], [-119.82458, 39.146589], [-119.824592, 39.146656], [-119.824612, 39.146716], [-119.824678, 39.146845], [-119.824719, 39.146905], [-119.824762, 39.146987], [-119.824778, 39.147038], [-119.824774, 39.147067], [-119.824755, 39.147089], [-119.824729, 39.147106], [-119.824687, 39.147115], [-119.824657, 39.147116], [-119.82463, 39.147106], [-119.824604, 39.147077], [-119.824487, 39.146867], [-119.824409, 39.146755], [-119.824306, 39.146622], [-119.823921, 39.146187], [-119.823816, 39.146054], [-119.82369, 39.145873], [-119.823632, 39.145752], [-119.823602, 39.145662], [-119.823588, 39.145567], [-119.823567, 39.145145], [-119.823612, 39.144956], [-119.82369, 39.144788], [-119.823734, 39.144713], [-119.823933, 39.144462], [-119.823987, 39.144385], [-119.824039, 39.144272], [-119.824079, 39.144152], [-119.824096, 39.144031], [-119.824109, 39.143573], [-119.824101, 39.143365], [-119.824062, 39.143127], [-119.824053, 39.143003], [-119.823961, 39.142689], [-119.823881, 39.142518], [-119.823831, 39.142383], [-119.823812, 39.142307], [-119.823799, 39.142155], [-119.823773, 39.142063], [-119.823723, 39.142025], [-119.823657, 39.142007], [-119.823586, 39.142007], [-119.823519, 39.142035], [-119.823428, 39.142089], [-119.823272, 39.142203], [-119.823192, 39.142279], [-119.823118, 39.142359], [-119.823044, 39.142465], [-119.823003, 39.142539], [-119.822805, 39.142706], [-119.822721, 39.142771], [-119.822632, 39.142816], [-119.82239, 39.142919], [-119.822301, 39.142945], [-119.822116, 39.143023], [-119.822001, 39.143102], [-119.821889, 39.14319], [-119.821775, 39.1433], [-119.82163, 39.143494], [-119.821546, 39.143658], [-119.821466, 39.14385], [-119.821349, 39.144089], [-119.821334, 39.14413], [-119.821286, 39.144213], [-119.821228, 39.1443], [-119.821181, 39.144358], [-119.821129, 39.144407], [-119.821026, 39.14449], [-119.820695, 39.144725], [-119.820543, 39.144822], [-119.820463, 39.144868], [-119.820251, 39.14501], [-119.819953, 39.145197], [-119.819645, 39.145424], [-119.819572, 39.145486], [-119.819486, 39.14557], [-119.819417, 39.145654], [-119.819395, 39.145738], [-119.819392, 39.145843], [-119.8194, 39.145928], [-119.819433, 39.146143], [-119.819439, 39.146226], [-119.819429, 39.146293], [-119.819407, 39.146356], [-119.819366, 39.146436], [-119.819311, 39.146503], [-119.819227, 39.146569], [-119.819125, 39.146638], [-119.819002, 39.146707], [-119.818767, 39.146823], [-119.818332, 39.147014], [-119.818259, 39.147059], [-119.81819, 39.147109], [-119.817979, 39.147306], [-119.817927, 39.147362], [-119.817731, 39.14753], [-119.817589, 39.147666], [-119.817534, 39.147733], [-119.817483, 39.147805], [-119.817451, 39.147868], [-119.817448, 39.147941], [-119.817466, 39.148113], [-119.817483, 39.14821], [-119.817489, 39.148297], [-119.817484, 39.148401], [-119.817468, 39.148486], [-119.817515, 39.14912], [-119.817505, 39.149384], [-119.817412, 39.149586], [-119.817264, 39.14983], [-119.817099, 39.150126], [-119.816975, 39.150315], [-119.816814, 39.150504], [-119.81668, 39.150628], [-119.81657, 39.150707], [-119.816415, 39.15084], [-119.816353, 39.150922], [-119.816313, 39.151003], [-119.816235, 39.151223], [-119.816094, 39.151446], [-119.816025, 39.151605], [-119.81602, 39.151683], [-119.816008, 39.151765], [-119.815991, 39.15182], [-119.815943, 39.151871], [-119.815911, 39.151896], [-119.815848, 39.15193], [-119.815776, 39.15196], [-119.815644, 39.152035], [-119.815573, 39.152097], [-119.815513, 39.152164], [-119.815464, 39.152231], [-119.815368, 39.152383], [-119.815326, 39.152471], [-119.81529, 39.152578], [-119.815274, 39.152687], [-119.815288, 39.152764], [-119.81536, 39.152969], [-119.815401, 39.153069], [-119.815453, 39.153281], [-119.815458, 39.153392], [-119.815324, 39.153487], [-119.815155, 39.153559], [-119.815037, 39.153601], [-119.814796, 39.153675], [-119.814709, 39.153708], [-119.814605, 39.153762], [-119.814523, 39.153819], [-119.8144, 39.153939], [-119.814325, 39.154034], [-119.814304, 39.154086], [-119.814208, 39.154241], [-119.814191, 39.154263]]}, "props": {"MTFCC": "S1500", "NAME": null}}, {"geom": {"type": "LineString", "coordinates": [[-119.698291, 39.108923], [-119.697852, 39.108889], [-119.697642, 39.108844], [-119.697313, 39.108755], [-119.696953, 39.108665], [-119.696623, 39.108529], [-119.696292, 39.108415], [-119.696082, 39.108301], [-119.695913, 39.108233], [-119.695631, 39.108119], [-119.69527, 39.107914], [-119.694908, 39.107685], [-119.694605, 39.107385], [-119.694091, 39.106995], [-119.693757, 39.106603], [-119.693636, 39.106409], [-119.693512, 39.10621], [-119.693089, 39.105888], [-119.692064, 39.105224], [-119.691493, 39.104973], [-119.691011, 39.104699], [-119.690441, 39.104472], [-119.689565, 39.103806], [-119.688964, 39.103555], [-119.688601, 39.103233], [-119.687605, 39.102522], [-119.687273, 39.102293], [-119.686915, 39.102342], [-119.686589, 39.102439], [-119.686292, 39.102534], [-119.686024, 39.102607], [-119.685638, 39.102703], [-119.685433, 39.102938], [-119.685288, 39.103218], [-119.685232, 39.103475], [-119.685207, 39.103754], [-119.68509, 39.103964], [-119.684705, 39.104107], [-119.68426, 39.104298], [-119.683964, 39.104486], [-119.683877, 39.104627], [-119.683315, 39.104958], [-119.683137, 39.105006], [-119.6826, 39.105057], [-119.682301, 39.105014], [-119.682002, 39.104947], [-119.681701, 39.104787], [-119.681219, 39.104489], [-119.680919, 39.104399], [-119.680625, 39.104704], [-119.68033, 39.104893], [-119.680033, 39.104989], [-119.679826, 39.105028], [-119.679352, 39.105117], [-119.679259, 39.105135], [-119.678904, 39.105348], [-119.678728, 39.105559], [-119.678463, 39.105794], [-119.678407, 39.106027], [-119.678172, 39.106238], [-119.678151, 39.106245], [-119.677816, 39.106358], [-119.677767, 39.106408], [-119.677287, 39.106898], [-119.676961, 39.10704], [-119.676694, 39.107182], [-119.676548, 39.10737], [-119.676612, 39.107672], [-119.676625, 39.107692], [-119.676734, 39.107856], [-119.677124, 39.107969], [-119.677393, 39.108013], [-119.677783, 39.108102], [-119.678174, 39.108285], [-119.678475, 39.108491], [-119.678628, 39.108746], [-119.678692, 39.109001], [-119.678874, 39.109208], [-119.678938, 39.109487], [-119.678567, 39.110583], [-119.678575, 39.111095], [-119.678496, 39.111746], [-119.678442, 39.112142], [-119.67827, 39.112609], [-119.678037, 39.112983], [-119.677834, 39.113357], [-119.677392, 39.113733], [-119.677103, 39.11388], [-119.677067, 39.113899], [-119.676416, 39.114301], [-119.67624, 39.114488], [-119.676005, 39.11477], [-119.675861, 39.11505], [-119.6756, 39.115587], [-119.675485, 39.115867], [-119.675578, 39.116076], [-119.67573, 39.116237], [-119.676, 39.116351], [-119.676332, 39.11658], [-119.676667, 39.11678]]}, "props": {"MTFCC": "S1500", "NAME": null}}, {"geom": {"type": "LineString", "coordinates": [[-119.679826, 39.105028], [-119.679955, 39.105234], [-119.679352, 39.105117]]}, "props": {"MTFCC": "S1400", "NAME": null}}, {"geom": {"type": "LineString", "coordinates": [[-119.698291, 39.108923], [-119.699463, 39.108031], [-119.700528, 39.10743], [-119.700955, 39.107223], [-119.701066, 39.107157]]}, "props": {"MTFCC": "S1400", "NAME": null}}, {"geom": {"type": "LineString", "coordinates": [[-119.688761, 39.084796], [-119.688912, 39.084976], [-119.689039, 39.085082], [-119.689215, 39.085229], [-119.689399, 39.085553], [-119.689523, 39.085854], [-119.689647, 39.086179], [-119.689742, 39.086503], [-119.690074, 39.086756], [-119.690284, 39.086824], [-119.690493, 39.086822], [-119.69076, 39.086749], [-119.691056, 39.086584], [-119.691382, 39.086418], [-119.691768, 39.086298], [-119.692184, 39.086224], [-119.692573, 39.086314], [-119.693112, 39.086402], [-119.693859, 39.086511], [-119.694279, 39.086646], [-119.695118, 39.086847], [-119.695599, 39.087052], [-119.696171, 39.087396], [-119.697756, 39.087659], [-119.698178, 39.087934], [-119.69857, 39.088163], [-119.698751, 39.088278], [-119.699111, 39.088414], [-119.69956, 39.088503], [-119.69992, 39.088639], [-119.700369, 39.088751], [-119.700818, 39.088839], [-119.701476, 39.088926], [-119.702075, 39.08906], [-119.702794, 39.089262], [-119.703245, 39.089421], [-119.703666, 39.089649], [-119.704057, 39.089831], [-119.704598, 39.090128], [-119.704966, 39.090125]]}, "props": {"MTFCC": "S1500", "NAME": null}}, {"geom": {"type": "LineString", "coordinates": [[-119.740902, 39.222854], [-119.740727, 39.222868], [-119.7406, 39.222834], [-119.740346, 39.222751], [-119.740139, 39.222748], [-119.739821, 39.222713], [-119.739504, 39.222741], [-119.739444, 39.22275]]}, "props": {"MTFCC": "S1400", "NAME": null}}, {"geom": {"type": "LineString", "coordinates": [[-119.739426, 39.222796], [-119.739282, 39.222858], [-119.739075, 39.223045], [-119.738996, 39.223249], [-119.738997, 39.223501], [-119.739061, 39.223532], [-119.739318, 39.223576], [-119.739446, 39.223606]]}, "props": {"MTFCC": "S1400", "NAME": null}}, {"geom": {"type": "LineString", "coordinates": [[-119.765236, 39.186333], [-119.765228, 39.186783]]}, "props": {"MTFCC": "S1400", "NAME": null}}, {"geom": {"type": "LineString", "coordinates": [[-119.757116, 39.229881], [-119.757081, 39.229475]]}, "props": {"MTFCC": "S1400", "NAME": null}}, {"geom": {"type": "LineString", "coordinates": [[-119.763573, 39.179169], [-119.763565, 39.179573], [-119.763565, 39.180237], [-119.76355, 39.181076], [-119.76355, 39.181152], [-119.76355, 39.181557], [-119.763542, 39.18174], [-119.763398, 39.181941]]}, "props": {"MTFCC": "S1400", "NAME": null}}, {"geom": {"type": "LineString", "coordinates": [[-119.779327, 39.163952], [-119.779327, 39.163235], [-119.779335, 39.162857], [-119.779327, 39.162766]]}, "props": {"MTFCC": "S1400", "NAME": null}}, {"geom": {"type": "LineString", "coordinates": [[-119.779857, 39.157114], [-119.779952, 39.157079], [-119.780008, 39.157082], [-119.780108, 39.157095], [-119.780968, 39.157299], [-119.781135, 39.157354], [-119.781199, 39.157379], [-119.781251, 39.157438], [-119.781296, 39.157482], [-119.781315, 39.157549], [-119.781318, 39.157607], [-119.781338, 39.157671], [-119.781349, 39.157738], [-119.781391, 39.157841], [-119.78143, 39.15793], [-119.78146, 39.158016], [-119.781507, 39.158094], [-119.781541, 39.158139], [-119.781549, 39.158194], [-119.781546, 39.158281], [-119.781546, 39.158398], [-119.781519, 39.158514], [-119.781482, 39.158617], [-119.78141, 39.158748], [-119.781338, 39.158854], [-119.781246, 39.158965], [-119.781193, 39.159043], [-119.781157, 39.159113], [-119.781123, 39.159235], [-119.781085, 39.159349], [-119.781018, 39.159505], [-119.780998, 39.159625], [-119.780957, 39.159733], [-119.780909, 39.159778], [-119.780787, 39.159889], [-119.780634, 39.160025], [-119.780492, 39.160164], [-119.780344, 39.160395], [-119.780205, 39.160626], [-119.780147, 39.160751], [-119.780125, 39.160884], [-119.780108, 39.160993], [-119.78008, 39.161352], [-119.780086, 39.161483], [-119.780105, 39.1616], [-119.780133, 39.161675], [-119.780164, 39.16177], [-119.780203, 39.161837], [-119.78028, 39.161976], [-119.78035, 39.162065], [-119.78042, 39.162156], [-119.780492, 39.162246], [-119.780556, 39.162326], [-119.780625, 39.162463], [-119.780746, 39.16275]]}, "props": {"MTFCC": "S1820", "NAME": null}}, {"geom": {"type": "LineString", "coordinates": [[-119.755043, 39.176609], [-119.755043, 39.177718]]}, "props": {"MTFCC": "S1400", "NAME": null}}, {"geom": {"type": "LineString", "coordinates": [[-119.753807, 39.177135], [-119.754082, 39.177132]]}, "props": {"MTFCC": "S1400", "NAME": null}}, {"geom": {"type": "LineString", "coordinates": [[-119.749443, 39.172424], [-119.749603, 39.172794], [-119.749619, 39.172855], [-119.749641, 39.172981], [-119.749649, 39.173061], [-119.749641, 39.173119], [-119.749641, 39.174], [-119.749641, 39.174599], [-119.749596, 39.174789], [-119.749489, 39.175014], [-119.749409, 39.175157], [-119.749405, 39.175175], [-119.749268, 39.175446], [-119.749245, 39.175526], [-119.749237, 39.175983], [-119.749245, 39.176159], [-119.749237, 39.176353], [-119.749237, 39.176708], [-119.749237, 39.177177], [-119.749222, 39.17733], [-119.749054, 39.178032]]}, "props": {"MTFCC": "S1400", "NAME": null}}, {"geom": {"type": "LineString", "coordinates": [[-119.750229, 39.177307], [-119.750832, 39.177303]]}, "props": {"MTFCC": "S1400", "NAME": null}}, {"geom": {"type": "LineString", "coordinates": [[-119.741577, 39.188614], [-119.741585, 39.188656], [-119.741585, 39.189678], [-119.741585, 39.189838], [-119.741585, 39.190031]]}, "props": {"MTFCC": "S1400", "NAME": null}}, {"geom": {"type": "LineString", "coordinates": [[-119.736801, 39.182827], [-119.736802, 39.181268], [-119.736801, 39.180503], [-119.736794, 39.18], [-119.736794, 39.179615], [-119.736801, 39.179199]]}, "props": {"MTFCC": "S1400", "NAME": null}}, {"geom": {"type": "LineString", "coordinates": [[-119.736802, 39.181268], [-119.735999, 39.181276]]}, "props": {"MTFCC": "S1400", "NAME": null}}, {"geom": {"type": "LineString", "coordinates": [[-119.720703, 39.184143], [-119.720825, 39.184231], [-119.72097, 39.184292], [-119.721069, 39.184311], [-119.721924, 39.184322], [-119.722015, 39.184345], [-119.722137, 39.184387], [-119.722206, 39.184418], [-119.72242, 39.184486]]}, "props": {"MTFCC": "S1400", "NAME": null}}, {"geom": {"type": "LineString", "coordinates": [[-119.747543, 39.146881], [-119.74826, 39.146885], [-119.748951, 39.146881], [-119.749222, 39.146885]]}, "props": {"MTFCC": "S1400", "NAME": null}}, {"geom": {"type": "LineString", "coordinates": [[-119.722305, 39.186359], [-119.722305, 39.186798], [-119.722313, 39.186901]]}, "props": {"MTFCC": "S1400", "NAME": null}}, {"geom": {"type": "LineString", "coordinates": [[-119.713648, 39.186198], [-119.71311, 39.186809]]}, "props": {"MTFCC": "S1400", "NAME": null}}, {"geom": {"type": "LineString", "coordinates": [[-119.751038, 39.144684], [-119.751213, 39.144833], [-119.751282, 39.144951], [-119.751305, 39.145042], [-119.751305, 39.145658], [-119.751305, 39.145916], [-119.751297, 39.146145], [-119.751312, 39.146526]]}, "props": {"MTFCC": "S1400", "NAME": null}}, {"geom": {"type": "LineString", "coordinates": [[-119.684571, 39.208006], [-119.684247, 39.2085], [-119.683948, 39.208916], [-119.683889, 39.209037], [-119.683698, 39.209302], [-119.683535, 39.209571], [-119.683315, 39.209959], [-119.683078, 39.210135]]}, "props": {"MTFCC": "S1400", "NAME": null}}, {"geom": {"type": "LineString", "coordinates": [[-119.692327, 39.206367], [-119.69191, 39.20629], [-119.69146, 39.206047], [-119.691141, 39.205976], [-119.690793, 39.206103], [-119.690575, 39.206377], [-119.690228, 39.206579], [-119.689911, 39.206631], [-119.689273, 39.206514], [-119.688441, 39.206249], [-119.687962, 39.206105], [-119.687423, 39.206234], [-119.687059, 39.206374], [-119.686617, 39.206551], [-119.686399, 39.206875], [-119.685929, 39.207325], [-119.68552, 39.207626], [-119.685204, 39.207777], [-119.68492, 39.207904], [-119.684571, 39.208006], [-119.684316, 39.207934], [-119.684063, 39.207647]]}, "props": {"MTFCC": "S1500", "NAME": null}}, {"geom": {"type": "LineString", "coordinates": [[-119.682252, 39.196009], [-119.682978, 39.195301], [-119.68356, 39.194583], [-119.684085, 39.19374], [-119.684183, 39.19311], [-119.683955, 39.192315], [-119.683879, 39.190891], [-119.683812, 39.190053], [-119.68364, 39.189342], [-119.683899, 39.188711], [-119.683946, 39.188291], [-119.683938, 39.187746], [-119.683823, 39.187286], [-119.68414, 39.186864], [-119.684622, 39.186691], [-119.684886, 39.186353], [-119.684986, 39.185891], [-119.68471, 39.185433], [-119.684588, 39.184554], [-119.684634, 39.18405], [-119.68495, 39.183544], [-119.685268, 39.183206], [-119.685425, 39.182953], [-119.685205, 39.182619], [-119.684878, 39.182371], [-119.684662, 39.182373], [-119.68418, 39.182545], [-119.683909, 39.182422], [-119.683959, 39.18217], [-119.683794, 39.181962], [-119.68368, 39.181544], [-119.683674, 39.181166], [-119.683773, 39.18062], [-119.683928, 39.1802], [-119.68403, 39.179821], [-119.684078, 39.179486], [-119.684182, 39.179191], [-119.684449, 39.179063], [-119.684662, 39.178935], [-119.685147, 39.17893], [-119.685579, 39.17901], [-119.68569, 39.179219], [-119.685849, 39.17905], [-119.686114, 39.178754], [-119.686213, 39.178208], [-119.686262, 39.177872], [-119.686419, 39.177619], [-119.686849, 39.177573], [-119.687171, 39.177486], [-119.687383, 39.177274], [-119.687858, 39.176641], [-119.687898, 39.176509], [-119.687961, 39.176305], [-119.687956, 39.176011], [-119.688053, 39.175823], [-119.688496, 39.175744], [-119.688295, 39.175272], [-119.687712, 39.175007], [-119.686927, 39.174857], [-119.68632, 39.174953], [-119.685135, 39.175099], [-119.682503, 39.17544], [-119.681749, 39.175357], [-119.681196, 39.175181], [-119.680698, 39.174848], [-119.680052, 39.17429], [-119.679028, 39.173668], [-119.678209, 39.17318], [-119.677567, 39.172848], [-119.676812, 39.172742], [-119.676523, 39.17278], [-119.676263, 39.172815], [-119.675747, 39.173203], [-119.674946, 39.173865], [-119.674762, 39.174075], [-119.674348, 39.174547], [-119.674261, 39.17462], [-119.673433, 39.175322], [-119.672763, 39.176039], [-119.672278, 39.176494], [-119.671992, 39.176745], [-119.671942, 39.177287], [-119.672068, 39.177917], [-119.67228, 39.178479], [-119.672478, 39.178723], [-119.672516, 39.178769], [-119.672984, 39.179058], [-119.673365, 39.179348], [-119.673692, 39.179909], [-119.673642, 39.180405], [-119.67333, 39.180814], [-119.672756, 39.181158], [-119.672236, 39.181275], [-119.670614, 39.181335], [-119.669137, 39.181394], [-119.668356, 39.181447], [-119.667663, 39.181588], [-119.66697, 39.181798], [-119.666628, 39.182117], [-119.666548, 39.182614], [-119.666673, 39.183154], [-119.666884, 39.183693], [-119.666905, 39.18411], [-119.66665, 39.184518], [-119.666162, 39.184816], [-119.66567, 39.184866], [-119.665062, 39.184894], [-119.664395, 39.184855], [-119.663754, 39.184635], [-119.662908, 39.18426], [-119.662528, 39.184038], [-119.662121, 39.183929], [-119.66154, 39.183867], [-119.661107, 39.183983], [-119.660705, 39.18419], [-119.660419, 39.184441], [-119.660338, 39.184802], [-119.660402, 39.185253], [-119.660584, 39.185747], [-119.661917, 39.189523], [-119.661781, 39.190133], [-119.661555, 39.190496], [-119.660652, 39.192106], [-119.660671, 39.19241], [-119.660998, 39.192948], [-119.661378, 39.193148], [-119.661703, 39.193573], [-119.661969, 39.193909], [-119.661991, 39.194133], [-119.662004, 39.194269], [-119.661835, 39.194609], [-119.661551, 39.194995], [-119.661038, 39.195541], [-119.660726, 39.195995], [-119.660505, 39.196272], [-119.660129, 39.196745], [-119.660224, 39.197308], [-119.660375, 39.19769], [-119.660815, 39.198069], [-119.661195, 39.198246], [-119.66166, 39.198332], [-119.662126, 39.198508], [-119.662479, 39.198843], [-119.662689, 39.199269], [-119.662699, 39.199923], [-119.662647, 39.20033], [-119.663062, 39.200912], [-119.663442, 39.201157], [-119.663851, 39.201333], [-119.664316, 39.201419], [-119.665012, 39.201458], [-119.665593, 39.201588], [-119.666057, 39.201606], [-119.666552, 39.201714], [-119.666575, 39.201735], [-119.667066, 39.202194], [-119.667274, 39.20253], [-119.667222, 39.202869], [-119.667199, 39.203057]]}, "props": {"MTFCC": "S1500", "NAME": null}}, {"geom": {"type": "LineString", "coordinates": [[-119.765324, 39.136003], [-119.765414, 39.136015], [-119.765443, 39.136071], [-119.76545, 39.136166], [-119.765434, 39.136234], [-119.765434, 39.136779], [-119.765434, 39.137293], [-119.765442, 39.13731], [-119.765442, 39.137352], [-119.76545, 39.137394], [-119.76545, 39.137432], [-119.765427, 39.137486], [-119.765373, 39.137524], [-119.765312, 39.137539]]}, "props": {"MTFCC": "S1400", "NAME": null}}, {"geom": {"type": "LineString", "coordinates": [[-119.814191, 39.154263], [-119.814151, 39.154313], [-119.814145, 39.154321], [-119.813904, 39.154472], [-119.813751, 39.154533], [-119.813423, 39.154633], [-119.812752, 39.154808], [-119.812431, 39.154922], [-119.812286, 39.154999], [-119.812149, 39.15509], [-119.811928, 39.155296], [-119.811729, 39.155499], [-119.811592, 39.155621], [-119.811462, 39.155708], [-119.811203, 39.155815], [-119.810921, 39.155869], [-119.810478, 39.155907], [-119.809652, 39.155948], [-119.808952, 39.155983], [-119.808891, 39.155991], [-119.808571, 39.15601], [-119.808327, 39.156036], [-119.808022, 39.156101], [-119.807686, 39.1562], [-119.80659, 39.156592], [-119.806046, 39.15678], [-119.805428, 39.15696], [-119.805084, 39.157047], [-119.804665, 39.157135], [-119.804298, 39.157192], [-119.804003, 39.157222], [-119.803783, 39.157236], [-119.803688, 39.157242], [-119.803604, 39.157253], [-119.803505, 39.157276], [-119.803329, 39.15733], [-119.803085, 39.157417], [-119.802841, 39.157524], [-119.80249, 39.157692], [-119.800777, 39.158543], [-119.80063, 39.158617], [-119.799327, 39.159271], [-119.799086, 39.159395], [-119.798169, 39.159791], [-119.797635, 39.159957], [-119.797529, 39.160006], [-119.797316, 39.160089], [-119.797008, 39.160328], [-119.796818, 39.160553], [-119.796443, 39.161031], [-119.796211, 39.161271], [-119.796088, 39.161363], [-119.795792, 39.161553], [-119.795101, 39.16191], [-119.794566, 39.162182], [-119.794442, 39.16224], [-119.794204, 39.162346], [-119.793943, 39.162428], [-119.793631, 39.162496], [-119.793545, 39.162523], [-119.79345, 39.162555], [-119.793227, 39.162624], [-119.79306, 39.162651], [-119.792447, 39.162736], [-119.79239, 39.162749], [-119.791045, 39.162982], [-119.790682, 39.163049], [-119.790447, 39.163082], [-119.787998, 39.163684], [-119.787247, 39.163868], [-119.786926, 39.16394], [-119.786553, 39.164001], [-119.786324, 39.164028], [-119.786011, 39.164043], [-119.785698, 39.164043], [-119.784897, 39.164021], [-119.784088, 39.163982], [-119.783577, 39.163982], [-119.783394, 39.163971], [-119.782432, 39.163966], [-119.782306, 39.163965], [-119.782003, 39.163963]]}, "props": {"MTFCC": "S1400", "NAME": null}}, {"geom": {"type": "LineString", "coordinates": [[-119.801135, 39.160519], [-119.800975, 39.160501], [-119.800769, 39.160407], [-119.800748, 39.160397], [-119.800123, 39.16004], [-119.799998, 39.159963], [-119.799886, 39.159883], [-119.799713, 39.15973], [-119.799327, 39.159271]]}, "props": {"MTFCC": "S1400", "NAME": null}}, {"geom": {"type": "LineString", "coordinates": [[-119.723801, 39.178703], [-119.723801, 39.176979], [-119.723801, 39.174999], [-119.723801, 39.173548], [-119.723801, 39.172787], [-119.723831, 39.172604], [-119.723862, 39.172501], [-119.723975, 39.172271], [-119.724043, 39.172133], [-119.724052, 39.172043], [-119.724083, 39.171883], [-119.724086, 39.17174], [-119.72407, 39.171476], [-119.724045, 39.170517], [-119.724051, 39.169775], [-119.724069, 39.168563], [-119.724075, 39.168174], [-119.72408, 39.167832], [-119.724075, 39.167], [-119.724129, 39.16663], [-119.724182, 39.166393], [-119.724281, 39.166107], [-119.72451, 39.165657], [-119.724738, 39.165264]]}, "props": {"MTFCC": "S1400", "NAME": null}}, {"geom": {"type": "LineString", "coordinates": [[-119.817723, 39.203905], [-119.817603, 39.203932], [-119.817556, 39.203947], [-119.816974, 39.204011], [-119.816429, 39.204071], [-119.816216, 39.204094], [-119.814976, 39.204414], [-119.813408, 39.205055], [-119.812965, 39.205227], [-119.812653, 39.20536], [-119.812271, 39.205509], [-119.812141, 39.205566], [-119.811615, 39.205769], [-119.811272, 39.205883], [-119.811012, 39.205929], [-119.810585, 39.205956], [-119.809868, 39.205986], [-119.808769, 39.206036], [-119.808327, 39.206062], [-119.80809, 39.206104], [-119.806997, 39.206411], [-119.805664, 39.206837], [-119.805294, 39.206955], [-119.804751, 39.207114], [-119.804543, 39.207184], [-119.804236, 39.207277], [-119.8039, 39.207446], [-119.803812, 39.20755], [-119.803719, 39.207704], [-119.803654, 39.207812]]}, "props": {"MTFCC": "S1400", "NAME": null}}, {"geom": {"type": "LineString", "coordinates": [[-119.772711, 39.139642], [-119.772728, 39.13969], [-119.772746, 39.139742], [-119.772751, 39.139807], [-119.772749, 39.139873], [-119.772742, 39.13994], [-119.772734, 39.139987], [-119.772708, 39.140054]]}, "props": {"MTFCC": "S1750", "NAME": null}}, {"geom": {"type": "LineString", "coordinates": [[-119.773179, 39.140655], [-119.773191, 39.140643], [-119.773213, 39.140603], [-119.773275, 39.140551], [-119.773371, 39.140525], [-119.773483, 39.140516], [-119.773553, 39.140498], [-119.773604, 39.140471], [-119.773689, 39.140389], [-119.773757, 39.140313], [-119.773793, 39.140266], [-119.773807, 39.14022]]}, "props": {"MTFCC": "S1750", "NAME": null}}, {"geom": {"type": "LineString", "coordinates": [[-119.768471, 39.219142], [-119.76858, 39.218933], [-119.769133, 39.218606], [-119.769656, 39.218432], [-119.769967, 39.21829], [-119.770252, 39.218038], [-119.77039, 39.217738], [-119.770484, 39.217201], [-119.770871, 39.216791]]}, "props": {"MTFCC": "S1400", "NAME": null}}, {"geom": {"type": "LineString", "coordinates": [[-119.757065, 39.154229], [-119.75717, 39.154147], [-119.757352, 39.154103], [-119.757866, 39.154112], [-119.758765, 39.154114], [-119.759605, 39.154106]]}, "props": {"MTFCC": "S1400", "NAME": null}}, {"geom": {"type": "LineString", "coordinates": [[-119.768471, 39.219142], [-119.767767, 39.218998], [-119.767383, 39.21911], [-119.767191, 39.21927], [-119.767079, 39.219574], [-119.767031, 39.219766], [-119.766903, 39.219846], [-119.766615, 39.219782], [-119.766167, 39.219718], [-119.765879, 39.21967], [-119.765703, 39.219526], [-119.765463, 39.219254], [-119.765015, 39.219046], [-119.764311, 39.218902], [-119.763543, 39.218758], [-119.762839, 39.21863], [-119.762199, 39.21863], [-119.760503, 39.218854]]}, "props": {"MTFCC": "S1400", "NAME": null}}, {"geom": {"type": "LineString", "coordinates": [[-119.748787, 39.210983], [-119.748451, 39.210884], [-119.748177, 39.210831], [-119.747841, 39.210823], [-119.747482, 39.210831], [-119.746513, 39.210831], [-119.746216, 39.210789], [-119.745926, 39.210697], [-119.745644, 39.210556], [-119.745621, 39.210529], [-119.745445, 39.210419], [-119.745346, 39.210339], [-119.745239, 39.210266], [-119.745125, 39.210175]]}, "props": {"MTFCC": "S1400", "NAME": null}}, {"geom": {"type": "LineString", "coordinates": [[-119.721399, 39.178698], [-119.721458, 39.178032], [-119.721457, 39.177539], [-119.721451, 39.177296], [-119.721458, 39.176983], [-119.721451, 39.17609], [-119.721458, 39.175945], [-119.721517, 39.175738], [-119.721626, 39.175514], [-119.721664, 39.175354], [-119.72168, 39.174999], [-119.72172, 39.173942], [-119.721737, 39.173888], [-119.721788, 39.173773], [-119.721895, 39.173664], [-119.722012, 39.173607], [-119.722181, 39.173568], [-119.723192, 39.173554], [-119.723801, 39.173548]]}, "props": {"MTFCC": "S1400", "NAME": null}}, {"geom": {"type": "LineString", "coordinates": [[-119.716283, 39.18217], [-119.716461, 39.182091], [-119.716698, 39.181732], [-119.716995, 39.181305], [-119.717278, 39.180916], [-119.718117, 39.179715], [-119.718498, 39.17918], [-119.718582, 39.179054], [-119.718666, 39.178963], [-119.718857, 39.178699], [-119.719152, 39.178272], [-119.719429, 39.177887], [-119.719666, 39.17754], [-119.719802, 39.177325], [-119.719818, 39.177299], [-119.719971, 39.176949], [-119.720016, 39.176773], [-119.720032, 39.176666], [-119.720047, 39.17662], [-119.720062, 39.176266], [-119.720059, 39.175608], [-119.720026, 39.17537], [-119.719982, 39.175229], [-119.719901, 39.175074], [-119.71975, 39.174937], [-119.719409, 39.174763], [-119.719114, 39.174474], [-119.718943, 39.174238], [-119.718685, 39.173972], [-119.718672, 39.173959], [-119.718423, 39.173653], [-119.71829, 39.1733], [-119.71831, 39.172999], [-119.718404, 39.172759], [-119.718632, 39.172485], [-119.718758, 39.172394], [-119.718952, 39.172294], [-119.719174, 39.172215], [-119.719404, 39.172169], [-119.719715, 39.172152], [-119.72019, 39.172143]]}, "props": {"MTFCC": "S1400", "NAME": null}}, {"geom": {"type": "LineString", "coordinates": [[-119.796766, 39.163446], [-119.79676, 39.163369], [-119.796773, 39.163212], [-119.796778, 39.162958], [-119.796757, 39.162832]]}, "props": {"MTFCC": "S1400", "NAME": null}}, {"geom": {"type": "LineString", "coordinates": [[-119.795239, 39.163974], [-119.795318, 39.16394], [-119.795391, 39.163916], [-119.795567, 39.16389], [-119.795647, 39.163882], [-119.795733, 39.163895], [-119.795792, 39.163909], [-119.795927, 39.163953]]}, "props": {"MTFCC": "S1400", "NAME": null}}, {"geom": {"type": "LineString", "coordinates": [[-119.620096, 39.136238], [-119.620069, 39.136238], [-119.619804, 39.136292], [-119.619406, 39.136365], [-119.618966, 39.136541], [-119.618527, 39.136786], [-119.617801, 39.137172], [-119.617229, 39.137384], [-119.616677, 39.137527], [-119.616213, 39.137548], [-119.615085, 39.137662], [-119.614389, 39.137754], [-119.613615, 39.137813], [-119.613237, 39.137764], [-119.612551, 39.137753], [-119.612108, 39.137757], [-119.611311, 39.137747], [-119.611, 39.137732], [-119.610648, 39.137856], [-119.609881, 39.138398], [-119.609474, 39.13867], [-119.60946, 39.138685]]}, "props": {"MTFCC": "S1500", "NAME": null}}, {"geom": {"type": "LineString", "coordinates": [[-119.770601, 39.19161], [-119.770598, 39.190826]]}, "props": {"MTFCC": "S1400", "NAME": null}}, {"geom": {"type": "LineString", "coordinates": [[-119.860259, 39.11882], [-119.860407, 39.118884], [-119.861024, 39.118724], [-119.861581, 39.11822], [-119.862051, 39.118083], [-119.863284, 39.118288], [-119.863989, 39.118517], [-119.864401, 39.118471], [-119.865076, 39.118036], [-119.865487, 39.117624], [-119.866279, 39.117601], [-119.866544, 39.117669], [-119.868246, 39.117439], [-119.868657, 39.117599], [-119.869098, 39.118102], [-119.869157, 39.118262], [-119.869951, 39.119314], [-119.86998, 39.11968], [-119.870068, 39.119749], [-119.870069, 39.120297], [-119.870216, 39.120526], [-119.870216, 39.120846], [-119.870569, 39.121555], [-119.870951, 39.121669], [-119.871626, 39.121623], [-119.872243, 39.122217], [-119.87286, 39.122331], [-119.874212, 39.123246], [-119.874623, 39.123314], [-119.875004, 39.123222], [-119.875524, 39.122856], [-119.876017, 39.122675], [-119.876441, 39.122677], [-119.876923, 39.123272], [-119.877304, 39.123524], [-119.880709, 39.124481], [-119.88147, 39.124908], [-119.882836, 39.125981], [-119.882955, 39.126028]]}, "props": {"MTFCC": "S1400", "NAME": null}}, {"geom": {"type": "LineString", "coordinates": [[-119.830901, 39.121777], [-119.8319, 39.1218], [-119.833165, 39.122897], [-119.833429, 39.122989], [-119.834341, 39.123766], [-119.834406, 39.124909], [-119.83483, 39.127563], [-119.834896, 39.127979], [-119.835838, 39.128345], [-119.836208, 39.128489], [-119.836771, 39.128915], [-119.837219, 39.129059], [-119.838917, 39.129035], [-119.839205, 39.129083], [-119.839237, 39.129163], [-119.839366, 39.129963]]}, "props": {"MTFCC": "S1400", "NAME": null}}, {"geom": {"type": "LineString", "coordinates": [[-119.862701, 39.113102], [-119.862692, 39.113165], [-119.862927, 39.113325], [-119.864161, 39.113599], [-119.864807, 39.113942], [-119.865101, 39.114262]]}, "props": {"MTFCC": "S1400", "NAME": null}}, {"geom": {"type": "LineString", "coordinates": [[-119.769119, 39.195087], [-119.769086, 39.19476], [-119.769046, 39.194673], [-119.768942, 39.194588], [-119.76847, 39.194374], [-119.768341, 39.194345], [-119.768169, 39.194336], [-119.767942, 39.194402], [-119.766891, 39.194916]]}, "props": {"MTFCC": "S1400", "NAME": null}}, {"geom": {"type": "LineString", "coordinates": [[-119.790164, 39.178272], [-119.79023, 39.17823], [-119.790279, 39.178169], [-119.790344, 39.178024], [-119.79039, 39.177906], [-119.790764, 39.177197], [-119.790902, 39.176913], [-119.791224, 39.176288], [-119.791317, 39.176077], [-119.791394, 39.17582], [-119.791335, 39.175549], [-119.791124, 39.175335], [-119.790865, 39.175165], [-119.790779, 39.175059], [-119.790694, 39.174846], [-119.790703, 39.173633]]}, "props": {"MTFCC": "S1400", "NAME": null}}, {"geom": {"type": "LineString", "coordinates": [[-119.767746, 39.192982], [-119.769135, 39.192986]]}, "props": {"MTFCC": "S1400", "NAME": null}}, {"geom": {"type": "LineString", "coordinates": [[-119.747786, 39.107812], [-119.747808, 39.110915], [-119.747821, 39.112684], [-119.747849, 39.113852], [-119.747844, 39.114014]]}, "props": {"MTFCC": "S1400", "NAME": null}}, {"geom": {"type": "LineString", "coordinates": [[-119.757485, 39.182463], [-119.757813, 39.182838]]}, "props": {"MTFCC": "S1400", "NAME": null}}, {"geom": {"type": "LineString", "coordinates": [[-119.784478, 39.12421], [-119.784922, 39.124222], [-119.785285, 39.124366], [-119.784991, 39.125679]]}, "props": {"MTFCC": "S1400", "NAME": null}}, {"geom": {"type": "LineString", "coordinates": [[-119.754852, 39.14991], [-119.754852, 39.149117], [-119.75486, 39.148994]]}, "props": {"MTFCC": "S1740", "NAME": null}}, {"geom": {"type": "LineString", "coordinates": [[-119.761765, 39.191162], [-119.764938, 39.191166]]}, "props": {"MTFCC": "S1400", "NAME": null}}, {"geom": {"type": "LineString", "coordinates": [[-119.763992, 39.188553], [-119.764, 39.188278]]}, "props": {"MTFCC": "S1400", "NAME": null}}, {"geom": {"type": "LineString", "coordinates": [[-119.761532, 39.18728], [-119.761532, 39.187427]]}, "props": {"MTFCC": "S1740", "NAME": null}}, {"geom": {"type": "LineString", "coordinates": [[-119.765666, 39.184872], [-119.763896, 39.184859]]}, "props": {"MTFCC": "S1400", "NAME": null}}, {"geom": {"type": "LineString", "coordinates": [[-119.763936, 39.185537], [-119.763906, 39.185286]]}, "props": {"MTFCC": "S1400", "NAME": null}}, {"geom": {"type": "LineString", "coordinates": [[-119.764046, 39.178082], [-119.764038, 39.177994], [-119.764038, 39.177654], [-119.76403, 39.177227]]}, "props": {"MTFCC": "S1400", "NAME": null}}, {"geom": {"type": "LineString", "coordinates": [[-119.765381, 39.171574], [-119.766937, 39.171577]]}, "props": {"MTFCC": "S1400", "NAME": null}}, {"geom": {"type": "LineString", "coordinates": [[-119.764635, 39.183413], [-119.763258, 39.183414], [-119.763208, 39.183406], [-119.763155, 39.183374], [-119.763124, 39.18335], [-119.763118, 39.183302], [-119.763118, 39.183168], [-119.763087, 39.183119], [-119.763018, 39.183084], [-119.762301, 39.183084]]}, "props": {"MTFCC": "S1400", "NAME": null}}, {"geom": {"type": "LineString", "coordinates": [[-119.753143, 39.17403], [-119.753143, 39.173019], [-119.753151, 39.172543], [-119.753151, 39.171844], [-119.75312, 39.171711], [-119.753021, 39.171467]]}, "props": {"MTFCC": "S1400", "NAME": null}}, {"geom": {"type": "LineString", "coordinates": [[-119.753922, 39.167889], [-119.753922, 39.167152]]}, "props": {"MTFCC": "S1400", "NAME": null}}, {"geom": {"type": "LineString", "coordinates": [[-119.740959, 39.188572], [-119.740952, 39.189728], [-119.740944, 39.189804]]}, "props": {"MTFCC": "S1400", "NAME": null}}, {"geom": {"type": "LineString", "coordinates": [[-119.736076, 39.187214], [-119.736092, 39.186455]]}, "props": {"MTFCC": "S1400", "NAME": null}}, {"geom": {"type": "LineString", "coordinates": [[-119.728073, 39.168583], [-119.728058, 39.17075], [-119.72805, 39.171757], [-119.72805, 39.171825], [-119.728027, 39.171856], [-119.728043, 39.1721], [-119.728096, 39.17234], [-119.728149, 39.172527], [-119.728203, 39.17268], [-119.728287, 39.172966], [-119.72831, 39.173084], [-119.728317, 39.173573], [-119.72831, 39.173851], [-119.728279, 39.173962], [-119.728188, 39.174122], [-119.728065, 39.174252], [-119.727944, 39.174414], [-119.727855, 39.174581], [-119.727859, 39.175041]]}, "props": {"MTFCC": "S1400", "NAME": null}}, {"geom": {"type": "LineString", "coordinates": [[-119.734992, 39.172778], [-119.734994, 39.173115]]}, "props": {"MTFCC": "S1400", "NAME": null}}, {"geom": {"type": "LineString", "coordinates": [[-119.730875, 39.171778], [-119.731803, 39.171778]]}, "props": {"MTFCC": "S1400", "NAME": null}}, {"geom": {"type": "LineString", "coordinates": [[-119.707062, 39.187374], [-119.707146, 39.187519], [-119.707161, 39.187599], [-119.707161, 39.188358], [-119.707169, 39.189674], [-119.707161, 39.189774], [-119.707169, 39.189899], [-119.707169, 39.190006], [-119.707184, 39.190369], [-119.707176, 39.19043], [-119.707191, 39.190777], [-119.707222, 39.191036], [-119.707268, 39.191174], [-119.707375, 39.19133], [-119.707512, 39.191452], [-119.708015, 39.191818], [-119.708145, 39.191921], [-119.708496, 39.192177], [-119.708542, 39.192204], [-119.709328, 39.192776], [-119.709541, 39.192955], [-119.709686, 39.193123], [-119.709724, 39.193195], [-119.709747, 39.193222], [-119.709801, 39.193344], [-119.709816, 39.193413], [-119.709831, 39.193455], [-119.709839, 39.193733], [-119.709846, 39.193751], [-119.709824, 39.195698], [-119.709824, 39.196522], [-119.709816, 39.196796], [-119.709801, 39.196907], [-119.709824, 39.196945], [-119.709839, 39.197006], [-119.709854, 39.197323], [-119.709854, 39.197483], [-119.709846, 39.197578], [-119.709824, 39.19767], [-119.709763, 39.197792], [-119.709663, 39.197937], [-119.709557, 39.198032], [-119.70916, 39.198357], [-119.709076, 39.198414], [-119.708923, 39.19854], [-119.7089, 39.198551], [-119.708824, 39.198612], [-119.708778, 39.198662], [-119.708565, 39.198925], [-119.708168, 39.199509], [-119.708099, 39.199627], [-119.708023, 39.19973], [-119.707939, 39.199863], [-119.707798, 39.200058], [-119.707756, 39.2001], [-119.707649, 39.200161], [-119.707549, 39.200181]]}, "props": {"MTFCC": "S1400", "NAME": null}}, {"geom": {"type": "LineString", "coordinates": [[-119.729187, 39.18277], [-119.729179, 39.185364], [-119.729172, 39.185783], [-119.729179, 39.186077], [-119.729172, 39.186283], [-119.729179, 39.186405]]}, "props": {"MTFCC": "S1400", "NAME": null}}, {"geom": {"type": "LineString", "coordinates": [[-119.730297, 39.185352], [-119.730498, 39.185598]]}, "props": {"MTFCC": "S1400", "NAME": null}}, {"geom": {"type": "LineString", "coordinates": [[-119.724556, 39.18351], [-119.725807, 39.183514], [-119.725861, 39.18351], [-119.725914, 39.183533], [-119.725937, 39.183556]]}, "props": {"MTFCC": "S1400", "NAME": null}}, {"geom": {"type": "LineString", "coordinates": [[-119.722466, 39.18274], [-119.722492, 39.182886], [-119.722666, 39.183001], [-119.722998, 39.183119], [-119.723274, 39.183227], [-119.723354, 39.183324]]}, "props": {"MTFCC": "S1400", "NAME": null}}, {"geom": {"type": "LineString", "coordinates": [[-119.725945, 39.184891], [-119.725716, 39.184887], [-119.725662, 39.184898], [-119.725533, 39.184952]]}, "props": {"MTFCC": "S1400", "NAME": null}}, {"geom": {"type": "LineString", "coordinates": [[-119.719818, 39.160912], [-119.71978, 39.160767], [-119.719738, 39.160679], [-119.719685, 39.160611], [-119.71961, 39.160539], [-119.719522, 39.160481], [-119.719392, 39.160435], [-119.719256, 39.160404], [-119.718586, 39.160406], [-119.71788, 39.160398], [-119.717498, 39.160422], [-119.716987, 39.160454], [-119.716282, 39.160447], [-119.715883, 39.160444], [-119.715527, 39.16045], [-119.715246, 39.160443], [-119.71512, 39.160414]]}, "props": {"MTFCC": "S1400", "NAME": null}}, {"geom": {"type": "LineString", "coordinates": [[-119.718343, 39.170238], [-119.718325, 39.17029], [-119.718319, 39.170353], [-119.718332, 39.170425], [-119.718398, 39.170541], [-119.718417, 39.170594], [-119.718429, 39.170737], [-119.718426, 39.171004], [-119.718355, 39.171007], [-119.71831, 39.171021], [-119.718279, 39.171054], [-119.718253, 39.171109], [-119.718251, 39.171194], [-119.718239, 39.171282], [-119.718178, 39.171358], [-119.718107, 39.171419], [-119.718041, 39.171501]]}, "props": {"MTFCC": "S1400", "NAME": null}}, {"geom": {"type": "LineString", "coordinates": [[-119.709923, 39.18618], [-119.71003, 39.186371], [-119.710045, 39.186493], [-119.710052, 39.18689], [-119.710052, 39.187088], [-119.710075, 39.187168], [-119.710121, 39.187256], [-119.710197, 39.187325], [-119.710335, 39.187401], [-119.710602, 39.187519], [-119.710678, 39.187565], [-119.710701, 39.187572], [-119.710838, 39.187675], [-119.710945, 39.18779], [-119.711029, 39.187954], [-119.711128, 39.188248], [-119.711166, 39.188328], [-119.711273, 39.188457], [-119.711296, 39.188496], [-119.711403, 39.188599], [-119.711922, 39.189091], [-119.712044, 39.189163], [-119.712143, 39.189209], [-119.712303, 39.189251], [-119.712364, 39.189255], [-119.712418, 39.189247], [-119.712723, 39.189259], [-119.712906, 39.189251], [-119.71302, 39.189262], [-119.713097, 39.189297], [-119.713142, 39.189369], [-119.713158, 39.189499], [-119.71315, 39.189613], [-119.71315, 39.189878], [-119.71315, 39.190018]]}, "props": {"MTFCC": "S1400", "NAME": null}}, {"geom": {"type": "LineString", "coordinates": [[-119.723203, 39.172869], [-119.723154, 39.172871], [-119.722306, 39.172862], [-119.721786, 39.172863], [-119.721532, 39.172878], [-119.7214, 39.172904], [-119.721261, 39.172947], [-119.721081, 39.172979], [-119.720713, 39.172996], [-119.720344, 39.172988], [-119.720049, 39.172982], [-119.719854, 39.172978], [-119.719566, 39.172976], [-119.719327, 39.17296], [-119.719141, 39.172848], [-119.718632, 39.172485], [-119.718258, 39.172212]]}, "props": {"MTFCC": "S1400", "NAME": null}}, {"geom": {"type": "LineString", "coordinates": [[-119.747681, 39.139309], [-119.749519, 39.139301]]}, "props": {"MTFCC": "S1400", "NAME": null}}, {"geom": {"type": "LineString", "coordinates": [[-119.755921, 39.1816], [-119.755039, 39.181603], [-119.754728, 39.181596], [-119.752359, 39.18158], [-119.75177, 39.181501], [-119.748968, 39.18147], [-119.746804, 39.181458], [-119.746113, 39.181448]]}, "props": {"MTFCC": "S1400", "NAME": null}}, {"geom": {"type": "LineString", "coordinates": [[-119.776787, 39.189495], [-119.776937, 39.189942], [-119.776959, 39.190476], [-119.776758, 39.190742], [-119.776747, 39.190998], [-119.776897, 39.191001], [-119.77697, 39.191037], [-119.777058, 39.191103], [-119.77711, 39.191165], [-119.777169, 39.191251], [-119.7772, 39.191349], [-119.77719, 39.191442], [-119.777081, 39.191581], [-119.77702, 39.191621], [-119.776945, 39.191653], [-119.776862, 39.191673], [-119.776769, 39.191687], [-119.776772, 39.192349], [-119.776805, 39.194079], [-119.776806, 39.194142]]}, "props": {"MTFCC": "S1400", "NAME": null}}, {"geom": {"type": "LineString", "coordinates": [[-119.741625, 39.21648], [-119.741264, 39.216479], [-119.741109, 39.216461], [-119.740933, 39.21643], [-119.740687, 39.216372], [-119.740061, 39.2162], [-119.739882, 39.21616], [-119.739409, 39.216117], [-119.73919, 39.216088], [-119.739015, 39.216099], [-119.738774, 39.216101], [-119.738624, 39.21612], [-119.73848, 39.216158], [-119.738348, 39.216214], [-119.738212, 39.216294], [-119.738124, 39.216363], [-119.737985, 39.216447]]}, "props": {"MTFCC": "S1400", "NAME": null}}, {"geom": {"type": "LineString", "coordinates": [[-119.633024, 39.159815], [-119.633264, 39.160375], [-119.632944, 39.160679], [-119.633424, 39.161015], [-119.633392, 39.161479], [-119.633568, 39.161511], [-119.63368, 39.160951], [-119.634032, 39.160935], [-119.634384, 39.161239], [-119.634304, 39.161591], [-119.63544, 39.163175], [-119.635424, 39.163751], [-119.635629, 39.164193], [-119.635637, 39.164231], [-119.63584, 39.164231], [-119.636336, 39.164551], [-119.636464, 39.165383], [-119.635952, 39.166231], [-119.636224, 39.167287]]}, "props": {"MTFCC": "S1400", "NAME": null}}, {"geom": {"type": "LineString", "coordinates": [[-119.633024, 39.159815], [-119.632608, 39.159687], [-119.631328, 39.158951], [-119.6312, 39.158983], [-119.631168, 39.159111], [-119.63108, 39.159223], [-119.631008, 39.159527], [-119.630928, 39.159959], [-119.630768, 39.160039], [-119.630295, 39.160343], [-119.630119, 39.160391], [-119.629959, 39.160391], [-119.629783, 39.160439], [-119.629623, 39.160215], [-119.629503, 39.160183], [-119.629399, 39.160103], [-119.629135, 39.159783], [-119.628943, 39.159847], [-119.626007, 39.159911]]}, "props": {"MTFCC": "S1400", "NAME": null}}, {"geom": {"type": "LineString", "coordinates": [[-119.774484, 39.117017], [-119.774369, 39.117051], [-119.774285, 39.117085]]}, "props": {"MTFCC": "S1740", "NAME": null}}, {"geom": {"type": "LineString", "coordinates": [[-119.755627, 39.118651], [-119.75424, 39.119092], [-119.753948, 39.119235], [-119.753982, 39.119689], [-119.754136, 39.121207]]}, "props": {"MTFCC": "S1400", "NAME": null}}, {"geom": {"type": "LineString", "coordinates": [[-119.718857, 39.178699], [-119.718163, 39.178398], [-119.718079, 39.178375], [-119.717957, 39.178329]]}, "props": {"MTFCC": "S1400", "NAME": null}}, {"geom": {"type": "LineString", "coordinates": [[-119.756164, 39.150278], [-119.756172, 39.150783], [-119.756181, 39.151293], [-119.756169, 39.151981], [-119.756172, 39.15289], [-119.756158, 39.152947], [-119.756136, 39.152982], [-119.756099, 39.153018], [-119.756047, 39.153041]]}, "props": {"MTFCC": "S1400", "NAME": null}}, {"geom": {"type": "LineString", "coordinates": [[-119.763533, 39.142586], [-119.764336, 39.142589], [-119.764783, 39.14259], [-119.765091, 39.142586], [-119.765184, 39.142576], [-119.765311, 39.142563], [-119.765332, 39.142372]]}, "props": {"MTFCC": "S1400", "NAME": null}}, {"geom": {"type": "LineString", "coordinates": [[-119.764336, 39.142589], [-119.764332, 39.14233]]}, "props": {"MTFCC": "S1400", "NAME": null}}, {"geom": {"type": "LineString", "coordinates": [[-119.767193, 39.146312], [-119.767397, 39.145166]]}, "props": {"MTFCC": "S1640", "NAME": null}}, {"geom": {"type": "LineString", "coordinates": [[-119.75177, 39.106884], [-119.751068, 39.106876], [-119.749681, 39.106874]]}, "props": {"MTFCC": "S1400", "NAME": null}}, {"geom": {"type": "LineString", "coordinates": [[-119.753635, 39.101174], [-119.75362, 39.102095]]}, "props": {"MTFCC": "S1400", "NAME": null}}, {"geom": {"type": "LineString", "coordinates": [[-119.629969, 39.11077], [-119.629246, 39.110612], [-119.628957, 39.110614], [-119.628495, 39.110754], [-119.627919, 39.110904], [-119.62781, 39.111335], [-119.62744, 39.111581], [-119.627314, 39.111752], [-119.627129, 39.111996]]}, "props": {"MTFCC": "S1400", "NAME": null}}, {"geom": {"type": "LineString", "coordinates": [[-119.631129, 39.115902], [-119.630181, 39.116394]]}, "props": {"MTFCC": "S1400", "NAME": null}}, {"geom": {"type": "LineString", "coordinates": [[-119.648845, 39.087391], [-119.648071, 39.086679], [-119.647481, 39.086243]]}, "props": {"MTFCC": "S1400", "NAME": null}}, {"geom": {"type": "LineString", "coordinates": [[-119.723895, 39.095935], [-119.723612, 39.097179]]}, "props": {"MTFCC": "S1400", "NAME": null}}, {"geom": {"type": "LineString", "coordinates": [[-119.713605, 39.085026], [-119.713523, 39.085791], [-119.713672, 39.086235], [-119.714211, 39.086777], [-119.71465, 39.087061], [-119.716085, 39.087271], [-119.71691, 39.087538], [-119.717596, 39.087942], [-119.718736, 39.089164], [-119.719115, 39.090239], [-119.72001, 39.091481], [-119.720484, 39.092977], [-119.720679, 39.093305], [-119.721509, 39.094268], [-119.721894, 39.094946], [-119.722225, 39.095253], [-119.723043, 39.095636], [-119.723506, 39.096339], [-119.723451, 39.096479], [-119.723612, 39.097179]]}, "props": {"MTFCC": "S1400", "NAME": null}}, {"geom": {"type": "LineString", "coordinates": [[-119.738998, 39.117504], [-119.741348, 39.117508], [-119.74324, 39.117519], [-119.743668, 39.117523]]}, "props": {"MTFCC": "S1400", "NAME": null}}, {"geom": {"type": "LineString", "coordinates": [[-119.787531, 39.164559], [-119.787637, 39.164475], [-119.78792, 39.164372], [-119.788268, 39.164274], [-119.788848, 39.164096], [-119.789071, 39.164013], [-119.789373, 39.163949], [-119.789573, 39.163951], [-119.789834, 39.163982], [-119.790035, 39.16405], [-119.790231, 39.164157], [-119.790367, 39.164288], [-119.790503, 39.16448], [-119.790567, 39.164635], [-119.790565, 39.164899], [-119.790539, 39.165138]]}, "props": {"MTFCC": "S1400", "NAME": null}}, {"geom": {"type": "LineString", "coordinates": [[-119.772545, 39.144081], [-119.772552, 39.143967], [-119.772545, 39.14354], [-119.772545, 39.143143], [-119.772537, 39.142937]]}, "props": {"MTFCC": "S1400", "NAME": null}}, {"geom": {"type": "LineString", "coordinates": [[-119.754646, 39.166374], [-119.754639, 39.164513], [-119.754646, 39.163544]]}, "props": {"MTFCC": "S1400", "NAME": null}}, {"geom": {"type": "LineString", "coordinates": [[-119.750954, 39.16283], [-119.753213, 39.162812], [-119.753558, 39.162809], [-119.755745, 39.162811]]}, "props": {"MTFCC": "S1400", "NAME": null}}, {"geom": {"type": "LineString", "coordinates": [[-119.753213, 39.162812], [-119.753211, 39.16262]]}, "props": {"MTFCC": "S1400", "NAME": null}}, {"geom": {"type": "LineString", "coordinates": [[-119.735138, 39.155457], [-119.734679, 39.155236]]}, "props": {"MTFCC": "S1780", "NAME": null}}, {"geom": {"type": "LineString", "coordinates": [[-119.74509, 39.149724], [-119.745055, 39.149454], [-119.744986, 39.149342], [-119.744864, 39.149249], [-119.744782, 39.149208], [-119.744663, 39.149182], [-119.744461, 39.149175], [-119.744247, 39.149227], [-119.744112, 39.149303], [-119.744049, 39.149377], [-119.743985, 39.149477], [-119.743971, 39.149559], [-119.743977, 39.149644], [-119.743994, 39.149727], [-119.744062, 39.149836], [-119.744125, 39.149896], [-119.744199, 39.149946], [-119.74432, 39.150006], [-119.744499, 39.15005], [-119.74465, 39.15005], [-119.744925, 39.150116]]}, "props": {"MTFCC": "S1630", "NAME": null}}, {"geom": {"type": "LineString", "coordinates": [[-119.7519, 39.153211], [-119.751053, 39.153217], [-119.750717, 39.153252], [-119.750313, 39.153328], [-119.750191, 39.153355], [-119.749939, 39.1534], [-119.749023, 39.153584], [-119.748055, 39.153774], [-119.747536, 39.153881], [-119.747314, 39.153938], [-119.747162, 39.153984], [-119.74675, 39.154129], [-119.746651, 39.154171]]}, "props": {"MTFCC": "S1400", "NAME": null}}, {"geom": {"type": "LineString", "coordinates": [[-119.734142, 39.161266], [-119.733931, 39.161257], [-119.733842, 39.161321], [-119.733819, 39.161399], [-119.73365, 39.161846]]}, "props": {"MTFCC": "S1400", "NAME": null}}, {"geom": {"type": "LineString", "coordinates": [[-119.720024, 39.164459], [-119.720024, 39.16433], [-119.720001, 39.164219], [-119.719971, 39.164139], [-119.719864, 39.164013], [-119.719727, 39.163879], [-119.719559, 39.163773], [-119.718842, 39.163418], [-119.718689, 39.163334], [-119.718544, 39.163227], [-119.718437, 39.163116], [-119.718338, 39.162991], [-119.718269, 39.162861], [-119.718254, 39.162846], [-119.718216, 39.162781], [-119.71817, 39.162727], [-119.717842, 39.162437], [-119.717567, 39.162189], [-119.717506, 39.162128], [-119.717484, 39.162094], [-119.717422, 39.162018], [-119.717339, 39.161861], [-119.717293, 39.161743], [-119.71727, 39.16164], [-119.717239, 39.161461], [-119.717216, 39.161282]]}, "props": {"MTFCC": "S1400", "NAME": null}}, {"geom": {"type": "LineString", "coordinates": [[-119.713371, 39.162243], [-119.713165, 39.162849], [-119.713142, 39.162994], [-119.713142, 39.163631]]}, "props": {"MTFCC": "S1400", "NAME": null}}, {"geom": {"type": "LineString", "coordinates": [[-119.697058, 39.12491], [-119.697262, 39.12491]]}, "props": {"MTFCC": "S1400", "NAME": null}}, {"geom": {"type": "LineString", "coordinates": [[-119.684833, 39.150773], [-119.684927, 39.151638], [-119.68467, 39.152225], [-119.684684, 39.152974], [-119.685066, 39.153611], [-119.685626, 39.154087], [-119.6862, 39.154692], [-119.686663, 39.154973], [-119.686613, 39.155722], [-119.68701, 39.156717], [-119.686801, 39.157158], [-119.686305, 39.157358], [-119.686225, 39.157586], [-119.685903, 39.157832], [-119.685966, 39.158337], [-119.686093, 39.158761], [-119.686204, 39.159218], [-119.686408, 39.160815], [-119.686791, 39.161094]]}, "props": {"MTFCC": "S1400", "NAME": null}}, {"geom": {"type": "LineString", "coordinates": [[-119.68181, 39.14359], [-119.682306, 39.143846], [-119.682962, 39.143686], [-119.683282, 39.143654], [-119.683954, 39.144262], [-119.684338, 39.144326], [-119.685506, 39.145926], [-119.685298, 39.147462], [-119.685522, 39.147462], [-119.685522, 39.147606], [-119.685266, 39.148038], [-119.68477, 39.14815], [-119.684626, 39.148454], [-119.683922, 39.148742], [-119.683794, 39.149158], [-119.684018, 39.149462]]}, "props": {"MTFCC": "S1400", "NAME": null}}, {"geom": {"type": "LineString", "coordinates": [[-119.674946, 39.191175], [-119.674914, 39.191143], [-119.674706, 39.191191], [-119.674482, 39.191191], [-119.674066, 39.191303], [-119.67397, 39.191319], [-119.673618, 39.191511], [-119.673506, 39.191623], [-119.673218, 39.191863], [-119.673106, 39.192007]]}, "props": {"MTFCC": "S1400", "NAME": null}}, {"geom": {"type": "LineString", "coordinates": [[-119.782549, 39.179657], [-119.782535, 39.180589]]}, "props": {"MTFCC": "S1400", "NAME": null}}, {"geom": {"type": "LineString", "coordinates": [[-119.809608, 39.189373], [-119.809677, 39.189232], [-119.809769, 39.189072], [-119.809914, 39.188793], [-119.809967, 39.188622], [-119.809982, 39.188499], [-119.809982, 39.187943], [-119.809982, 39.187298], [-119.809975, 39.187084], [-119.809929, 39.186954], [-119.80986, 39.18684], [-119.809799, 39.186783], [-119.809685, 39.186729], [-119.80938, 39.186691], [-119.808716, 39.186684], [-119.807777, 39.186672], [-119.807648, 39.186676], [-119.807457, 39.186714]]}, "props": {"MTFCC": "S1400", "NAME": null}}, {"geom": {"type": "LineString", "coordinates": [[-119.805664, 39.206837], [-119.805611, 39.206738], [-119.80558, 39.206703], [-119.805507, 39.20658], [-119.805489, 39.206551], [-119.80545, 39.206501], [-119.805443, 39.206474], [-119.805412, 39.206425], [-119.805389, 39.206299], [-119.805405, 39.206181], [-119.805428, 39.206112], [-119.80545, 39.206081], [-119.805496, 39.20599], [-119.805672, 39.205795], [-119.805801, 39.205662], [-119.805824, 39.205647], [-119.805862, 39.205605], [-119.805916, 39.205555], [-119.805923, 39.205537], [-119.806145, 39.205311], [-119.806244, 39.2052], [-119.806351, 39.205059], [-119.806427, 39.204918], [-119.806511, 39.20467], [-119.806519, 39.20462], [-119.806672, 39.204164], [-119.806831, 39.203899], [-119.807313, 39.203252], [-119.807693, 39.202774], [-119.80777, 39.202667], [-119.807793, 39.202652], [-119.807838, 39.20256], [-119.807892, 39.202366], [-119.807938, 39.202], [-119.807953, 39.20182], [-119.808022, 39.201656], [-119.808143, 39.201382], [-119.8086, 39.20073], [-119.808746, 39.200607], [-119.808846, 39.200558], [-119.808975, 39.20052], [-119.809204, 39.200481], [-119.809464, 39.200455], [-119.809792, 39.200401], [-119.810379, 39.200253], [-119.810585, 39.200214], [-119.81086, 39.200188], [-119.811496, 39.200154], [-119.811894, 39.200145], [-119.812393, 39.20015], [-119.812544, 39.200142], [-119.812896, 39.200138], [-119.813607, 39.200115], [-119.814313, 39.200101], [-119.814714, 39.20007], [-119.814788, 39.200067], [-119.814842, 39.200055], [-119.81502, 39.200038], [-119.815108, 39.200024], [-119.81532, 39.200007], [-119.815427, 39.200006], [-119.815642, 39.200025], [-119.815722, 39.200043], [-119.815816, 39.200057], [-119.816089, 39.200088], [-119.81622, 39.200092], [-119.816457, 39.20011], [-119.81648, 39.200115], [-119.816789, 39.200138], [-119.817079, 39.200146], [-119.817178, 39.200137], [-119.817635, 39.200109], [-119.81786, 39.200134], [-119.818049, 39.200169], [-119.818261, 39.20019], [-119.818497, 39.200188]]}, "props": {"MTFCC": "S1400", "NAME": null}}, {"geom": {"type": "LineString", "coordinates": [[-119.832218, 39.200805], [-119.832239, 39.200768], [-119.832349, 39.200738], [-119.832606, 39.200605], [-119.83314, 39.200354], [-119.833229, 39.200151], [-119.833317, 39.199876], [-119.833313, 39.199682], [-119.83331, 39.199664], [-119.833264, 39.199487], [-119.833234, 39.199372], [-119.833246, 39.199055], [-119.83335, 39.198621], [-119.83344, 39.198447], [-119.833491, 39.198215], [-119.833619, 39.198099], [-119.833896, 39.198038], [-119.83408, 39.197993], [-119.834397, 39.198062], [-119.834732, 39.198173], [-119.835087, 39.198299], [-119.835422, 39.198397], [-119.835645, 39.198409], [-119.835813, 39.19845], [-119.83587, 39.198417], [-119.836143, 39.198259], [-119.836327, 39.198171], [-119.836621, 39.198038], [-119.837033, 39.19825], [-119.837778, 39.198472], [-119.838071, 39.19876], [-119.838155, 39.198843], [-119.838252, 39.199059], [-119.838366, 39.199202], [-119.838591, 39.199372], [-119.838799, 39.199572], [-119.839025, 39.1998], [-119.839122, 39.200016], [-119.839255, 39.200187], [-119.839425, 39.200387], [-119.839651, 39.200616], [-119.839911, 39.200786]]}, "props": {"MTFCC": "S1500", "NAME": null}}, {"geom": {"type": "LineString", "coordinates": [[-119.825027, 39.191869], [-119.825441, 39.191623], [-119.825835, 39.191907], [-119.826558, 39.191928], [-119.826982, 39.19178], [-119.827, 39.191765]]}, "props": {"MTFCC": "S1500", "NAME": null}}, {"geom": {"type": "LineString", "coordinates": [[-119.810242, 39.197105], [-119.810165, 39.19696], [-119.81015, 39.196911], [-119.810059, 39.196808], [-119.810005, 39.19677], [-119.809807, 39.196697], [-119.809654, 39.196682], [-119.809464, 39.196682], [-119.809418, 39.19669], [-119.809013, 39.19672], [-119.808907, 39.196709], [-119.808792, 39.196659], [-119.808716, 39.196598], [-119.808601, 39.196461], [-119.808502, 39.196308], [-119.808441, 39.196175], [-119.808395, 39.196136], [-119.808266, 39.196079], [-119.808144, 39.196056], [-119.808121, 39.196045], [-119.80777, 39.195976], [-119.807571, 39.19593], [-119.807243, 39.195866], [-119.807152, 39.19582], [-119.807076, 39.195763], [-119.806938, 39.195618], [-119.80657, 39.195146]]}, "props": {"MTFCC": "S1400", "NAME": null}}, {"geom": {"type": "LineString", "coordinates": [[-119.817825, 39.198463], [-119.817772, 39.198448], [-119.817528, 39.198288], [-119.817436, 39.198261], [-119.817322, 39.198246], [-119.817184, 39.19825], [-119.817047, 39.19828], [-119.81691, 39.198349], [-119.816742, 39.198441], [-119.81665, 39.198467], [-119.816589, 39.198479], [-119.816475, 39.198456], [-119.816185, 39.198372], [-119.816116, 39.198357], [-119.816002, 39.198345], [-119.815811, 39.198383], [-119.815681, 39.198437], [-119.815529, 39.198513], [-119.815453, 39.198563], [-119.815292, 39.198643], [-119.815224, 39.198685], [-119.815117, 39.198734], [-119.815094, 39.198753], [-119.815033, 39.198776], [-119.814926, 39.198826], [-119.814819, 39.19886], [-119.814636, 39.198879], [-119.814362, 39.198811], [-119.814262, 39.198772], [-119.814072, 39.198727], [-119.813927, 39.198719], [-119.813766, 39.198719], [-119.813553, 39.198898], [-119.813278, 39.199142], [-119.813202, 39.199215], [-119.813103, 39.19928], [-119.812958, 39.199348], [-119.812798, 39.199398], [-119.812576, 39.199417], [-119.812187, 39.199417], [-119.811906, 39.199426], [-119.811658, 39.19945], [-119.811211, 39.199585]]}, "props": {"MTFCC": "S1400", "NAME": null}}, {"geom": {"type": "LineString", "coordinates": [[-119.750029, 39.182284], [-119.750341, 39.182081]]}, "props": {"MTFCC": "S1400", "NAME": null}}, {"geom": {"type": "LineString", "coordinates": [[-119.611894, 39.110805], [-119.611583, 39.111038], [-119.611274, 39.111471], [-119.610924, 39.111842], [-119.610499, 39.112429], [-119.610234, 39.113168], [-119.610268, 39.113633], [-119.610283, 39.113843], [-119.610171, 39.114213], [-119.609939, 39.114583], [-119.609749, 39.115045], [-119.609795, 39.115475], [-119.6097, 39.115758]]}, "props": {"MTFCC": "S1500", "NAME": null}}, {"geom": {"type": "LineString", "coordinates": [[-119.751045, 39.158333], [-119.750435, 39.158165]]}, "props": {"MTFCC": "S1400", "NAME": null}}, {"geom": {"type": "LineString", "coordinates": [[-119.74987, 39.160572], [-119.749184, 39.160572]]}, "props": {"MTFCC": "S1400", "NAME": null}}, {"geom": {"type": "LineString", "coordinates": [[-119.747417, 39.183653], [-119.74841, 39.182881], [-119.749211, 39.182301]]}, "props": {"MTFCC": "S1400", "NAME": null}}, {"geom": {"type": "LineString", "coordinates": [[-119.752353, 39.182277], [-119.752339, 39.182892], [-119.752342, 39.183738]]}, "props": {"MTFCC": "S1400", "NAME": null}}, {"geom": {"type": "LineString", "coordinates": [[-119.751392, 39.183378], [-119.751543, 39.183232], [-119.751561, 39.183112], [-119.751503, 39.182919]]}, "props": {"MTFCC": "S1400", "NAME": null}}, {"geom": {"type": "LineString", "coordinates": [[-119.762159, 39.130583], [-119.763198, 39.130581]]}, "props": {"MTFCC": "S1400", "NAME": null}}, {"geom": {"type": "LineString", "coordinates": [[-119.781484, 39.185796], [-119.781535, 39.185607], [-119.781588, 39.185481], [-119.78161, 39.185434], [-119.781629, 39.18539]]}, "props": {"MTFCC": "S1400", "NAME": null}}, {"geom": {"type": "LineString", "coordinates": [[-119.722038, 39.16077], [-119.722038, 39.16066], [-119.722046, 39.16061], [-119.722038, 39.160591], [-119.722031, 39.160542], [-119.722008, 39.160503], [-119.721954, 39.160454], [-119.721878, 39.160427], [-119.721771, 39.160416], [-119.721672, 39.160397], [-119.721596, 39.160366], [-119.721581, 39.160351], [-119.721558, 39.160343], [-119.721489, 39.160275], [-119.721458, 39.160225], [-119.721443, 39.160172], [-119.721436, 39.16011], [-119.721436, 39.159763], [-119.721428, 39.159702], [-119.721382, 39.159603], [-119.721359, 39.15958], [-119.721349, 39.159563], [-119.721298, 39.159531]]}, "props": {"MTFCC": "S1400", "NAME": null}}, {"geom": {"type": "LineString", "coordinates": [[-119.72392, 39.169779], [-119.723527, 39.16979], [-119.723296, 39.169782], [-119.723104, 39.169816], [-119.722464, 39.169801], [-119.722125, 39.169804], [-119.721905, 39.169777], [-119.721687, 39.169783], [-119.721463, 39.169806], [-119.721246, 39.169792], [-119.721077, 39.169773], [-119.720922, 39.169776], [-119.720818, 39.169808], [-119.720807, 39.170437]]}, "props": {"MTFCC": "S1400", "NAME": null}}, {"geom": {"type": "LineString", "coordinates": [[-119.719901, 39.175074], [-119.720297, 39.174888], [-119.720505, 39.174677], [-119.720649, 39.174456], [-119.720709, 39.17418], [-119.720713, 39.172996]]}, "props": {"MTFCC": "S1400", "NAME": null}}, {"geom": {"type": "LineString", "coordinates": [[-119.774514, 39.11744], [-119.774499, 39.117238], [-119.774499, 39.117059], [-119.774484, 39.117017]]}, "props": {"MTFCC": "S1740", "NAME": null}}, {"geom": {"type": "LineString", "coordinates": [[-119.756004, 39.116609], [-119.755809, 39.116537], [-119.755539, 39.116428]]}, "props": {"MTFCC": "S1400", "NAME": null}}, {"geom": {"type": "LineString", "coordinates": [[-119.756908, 39.115137], [-119.755444, 39.114559]]}, "props": {"MTFCC": "S1400", "NAME": null}}, {"geom": {"type": "LineString", "coordinates": [[-119.700526, 39.11368], [-119.698406, 39.112175]]}, "props": {"MTFCC": "S1400", "NAME": null}}, {"geom": {"type": "LineString", "coordinates": [[-119.68957, 39.11785], [-119.689747, 39.11799], [-119.689805, 39.118964]]}, "props": {"MTFCC": "S1400", "NAME": null}}, {"geom": {"type": "LineString", "coordinates": [[-119.68957, 39.11785], [-119.689315, 39.117683], [-119.688819, 39.117666], [-119.688249, 39.117667]]}, "props": {"MTFCC": "S1400", "NAME": null}}, {"geom": {"type": "LineString", "coordinates": [[-119.670705, 39.128639], [-119.669969, 39.128358], [-119.669585, 39.12811]]}, "props": {"MTFCC": "S1400", "NAME": null}}, {"geom": {"type": "LineString", "coordinates": [[-119.684542, 39.117187], [-119.684177, 39.116859], [-119.683874, 39.116336], [-119.683759, 39.115748]]}, "props": {"MTFCC": "S1400", "NAME": null}}, {"geom": {"type": "LineString", "coordinates": [[-119.687277, 39.117966], [-119.687367, 39.117942], [-119.687517, 39.11784]]}, "props": {"MTFCC": "S1400", "NAME": null}}, {"geom": {"type": "LineString", "coordinates": [[-119.688968, 39.118537], [-119.689148, 39.118354], [-119.689211, 39.118124], [-119.68957, 39.11785]]}, "props": {"MTFCC": "S1400", "NAME": null}}, {"geom": {"type": "LineString", "coordinates": [[-119.89481, 39.153459], [-119.894852, 39.153559], [-119.895261, 39.154072], [-119.895335, 39.154206], [-119.895591, 39.154669], [-119.895758, 39.155101], [-119.895846, 39.155514], [-119.895983, 39.15574], [-119.896149, 39.15609], [-119.896024, 39.156547], [-119.89603, 39.156837], [-119.896144, 39.15727], [-119.896205, 39.157683], [-119.896223, 39.158676], [-119.896152, 39.159112], [-119.896028, 39.159589], [-119.895957, 39.160107], [-119.895803, 39.160399], [-119.895677, 39.160731], [-119.895609, 39.161374], [-119.89535, 39.161749], [-119.895332, 39.162204], [-119.89542, 39.162638], [-119.895622, 39.163505], [-119.895707, 39.163773], [-119.895737, 39.164], [-119.895928, 39.164267], [-119.896143, 39.164348], [-119.896429, 39.164397]]}, "props": {"MTFCC": "S1500", "NAME": null}}, {"geom": {"type": "LineString", "coordinates": [[-119.896429, 39.164397], [-119.896379, 39.164179], [-119.896366, 39.164004], [-119.896343, 39.163683], [-119.896335, 39.163269], [-119.896355, 39.162917], [-119.896403, 39.162627], [-119.896423, 39.162296], [-119.896446, 39.162068], [-119.896681, 39.161858], [-119.897104, 39.16175], [-119.89734, 39.161561], [-119.897468, 39.161311], [-119.897599, 39.161143], [-119.897861, 39.160976], [-119.897895, 39.160976], [-119.898339, 39.16097], [-119.898661, 39.161112], [-119.898878, 39.161337], [-119.899228, 39.161581], [-119.899498, 39.161826], [-119.899772, 39.162258], [-119.899991, 39.162566], [-119.90037, 39.162975], [-119.900694, 39.163241], [-119.90091, 39.163404], [-119.901535, 39.164142], [-119.901649, 39.164534], [-119.901655, 39.164844], [-119.901687, 39.165133], [-119.901877, 39.165359], [-119.902029, 39.16555]]}, "props": {"MTFCC": "S1500", "NAME": null}}, {"geom": {"type": "LineString", "coordinates": [[-119.805504, 39.201988], [-119.805595, 39.202007], [-119.805832, 39.202023], [-119.806007, 39.202045], [-119.806206, 39.202084], [-119.806358, 39.202141], [-119.806633, 39.202259], [-119.807693, 39.202774]]}, "props": {"MTFCC": "S1400", "NAME": null}}, {"geom": {"type": "LineString", "coordinates": [[-119.810129, 39.2094], [-119.810347, 39.209378], [-119.810761, 39.209349], [-119.810852, 39.209344], [-119.81194, 39.209289], [-119.813482, 39.2092], [-119.813767, 39.209191], [-119.814134, 39.209167], [-119.814418, 39.209158]]}, "props": {"MTFCC": "S1400", "NAME": null}}, {"geom": {"type": "LineString", "coordinates": [[-119.796631, 39.17685], [-119.797487, 39.176855], [-119.797678, 39.176874], [-119.798109, 39.176898], [-119.798313, 39.1769], [-119.798849, 39.176922], [-119.799099, 39.176941], [-119.799372, 39.176952], [-119.800203, 39.177003], [-119.80079, 39.17705], [-119.80104, 39.177065], [-119.802207, 39.17712], [-119.802639, 39.177133], [-119.80278, 39.177185], [-119.802939, 39.17719], [-119.803048, 39.177164], [-119.803202, 39.177163], [-119.803347, 39.177172], [-119.803616, 39.177219], [-119.803775, 39.177224], [-119.804193, 39.177248], [-119.804434, 39.177295], [-119.80453, 39.177336], [-119.804792, 39.177482], [-119.804964, 39.177505], [-119.805142, 39.177538], [-119.805333, 39.177529], [-119.805487, 39.17751], [-119.805555, 39.177495]]}, "props": {"MTFCC": "S1500", "NAME": null}}, {"geom": {"type": "LineString", "coordinates": [[-119.808701, 39.188137], [-119.808708, 39.187695], [-119.808708, 39.187271], [-119.808716, 39.187], [-119.808708, 39.186821], [-119.808716, 39.186684]]}, "props": {"MTFCC": "S1400", "NAME": null}}, {"geom": {"type": "LineString", "coordinates": [[-119.765321, 39.161909], [-119.765414, 39.162601], [-119.765392, 39.163274]]}, "props": {"MTFCC": "S1750", "NAME": null}}, {"geom": {"type": "LineString", "coordinates": [[-119.763702, 39.155605], [-119.76275, 39.155623]]}, "props": {"MTFCC": "S1400", "NAME": null}}, {"geom": {"type": "LineString", "coordinates": [[-119.766758, 39.149936], [-119.766807, 39.148935], [-119.766856, 39.148095], [-119.766984, 39.147385], [-119.767112, 39.146545]]}, "props": {"MTFCC": "S1640", "NAME": null}}, {"geom": {"type": "LineString", "coordinates": [[-119.763527, 39.14439], [-119.762614, 39.144399]]}, "props": {"MTFCC": "S1400", "NAME": null}}, {"geom": {"type": "LineString", "coordinates": [[-119.657266, 39.194887], [-119.657618, 39.194695], [-119.657618, 39.194295], [-119.658002, 39.194247], [-119.658338, 39.193879], [-119.65837, 39.193751], [-119.65813, 39.193335], [-119.658162, 39.193271], [-119.658386, 39.192999], [-119.658418, 39.192759], [-119.658466, 39.192487], [-119.65861, 39.192183], [-119.65861, 39.191847], [-119.658898, 39.190951], [-119.659378, 39.190535], [-119.659474, 39.190503], [-119.659874, 39.190071], [-119.659938, 39.189879], [-119.660258, 39.189719], [-119.660338, 39.189687], [-119.660482, 39.189335], [-119.660594, 39.189095], [-119.660594, 39.188839], [-119.660786, 39.188103], [-119.660706, 39.188007], [-119.66069, 39.187719], [-119.66069, 39.187687]]}, "props": {"MTFCC": "S1400", "NAME": null}}, {"geom": {"type": "LineString", "coordinates": [[-119.659969, 39.183719], [-119.659857, 39.183591], [-119.659649, 39.183463], [-119.659441, 39.183271], [-119.659409, 39.182983], [-119.659425, 39.182823], [-119.659425, 39.182599], [-119.659313, 39.182471], [-119.659185, 39.182359], [-119.659137, 39.182327]]}, "props": {"MTFCC": "S1400", "NAME": null}}, {"geom": {"type": "LineString", "coordinates": [[-119.659265, 39.183959], [-119.659441, 39.183927], [-119.659649, 39.183783], [-119.659825, 39.183735], [-119.659969, 39.183719]]}, "props": {"MTFCC": "S1400", "NAME": null}}, {"geom": {"type": "LineString", "coordinates": [[-119.679603, 39.195399], [-119.678707, 39.195799], [-119.678035, 39.196119], [-119.676867, 39.196631], [-119.675698, 39.197255], [-119.674642, 39.197831], [-119.673778, 39.198263], [-119.673154, 39.198583], [-119.67261, 39.198903]]}, "props": {"MTFCC": "S1400", "NAME": null}}, {"geom": {"type": "LineString", "coordinates": [[-119.679603, 39.195399], [-119.679459, 39.195559], [-119.679411, 39.195671], [-119.679347, 39.195863], [-119.679235, 39.196263], [-119.679155, 39.196407], [-119.678883, 39.196711], [-119.678563, 39.196903], [-119.678019, 39.197143], [-119.677523, 39.197383], [-119.672882, 39.200455]]}, "props": {"MTFCC": "S1400", "NAME": null}}, {"geom": {"type": "LineString", "coordinates": [[-119.705049, 39.148169], [-119.70415, 39.148159], [-119.702817, 39.148143], [-119.700432, 39.148182]]}, "props": {"MTFCC": "S1400", "NAME": null}}, {"geom": {"type": "LineString", "coordinates": [[-119.785603, 39.174933], [-119.78554, 39.174943], [-119.785409, 39.175087], [-119.785286, 39.175228], [-119.785168, 39.175377], [-119.785124, 39.175435], [-119.785093, 39.175478], [-119.784986, 39.175632], [-119.784912, 39.175751], [-119.784842, 39.175891], [-119.784801, 39.176], [-119.784774, 39.176108], [-119.784764, 39.176174], [-119.784756, 39.176243], [-119.784756, 39.176296], [-119.78476, 39.176386], [-119.784762, 39.176425], [-119.784765, 39.176477], [-119.78477, 39.176528], [-119.784779, 39.17658], [-119.784804, 39.176648]]}, "props": {"MTFCC": "S1400", "NAME": null}}, {"geom": {"type": "LineString", "coordinates": [[-119.801078, 39.207135], [-119.801453, 39.207172], [-119.801831, 39.207231], [-119.802112, 39.207294], [-119.802329, 39.207342], [-119.802683, 39.207434], [-119.803269, 39.207612], [-119.803444, 39.207684], [-119.803654, 39.207812]]}, "props": {"MTFCC": "S1630", "NAME": null}}, {"geom": {"type": "LineString", "coordinates": [[-119.74601, 39.121143], [-119.747217, 39.121155], [-119.748734, 39.12117]]}, "props": {"MTFCC": "S1400", "NAME": null}}, {"geom": {"type": "LineString", "coordinates": [[-119.63039, 39.106271], [-119.631128, 39.106114], [-119.63184, 39.105927], [-119.632744, 39.105495], [-119.633482, 39.105229], [-119.63418, 39.10508]]}, "props": {"MTFCC": "S1400", "NAME": null}}, {"geom": {"type": "LineString", "coordinates": [[-119.591869, 39.096533], [-119.591552, 39.096445], [-119.590761, 39.096206], [-119.590284, 39.095904], [-119.589687, 39.09551], [-119.589176, 39.095575], [-119.588983, 39.095884], [-119.588712, 39.096224], [-119.588324, 39.096657], [-119.587779, 39.097123], [-119.586759, 39.097377], [-119.586211, 39.097689], [-119.585819, 39.097815], [-119.58523, 39.097912], [-119.584565, 39.098286], [-119.583541, 39.098326], [-119.582913, 39.098515], [-119.582483, 39.098734], [-119.581459, 39.098743], [-119.581143, 39.098684], [-119.580825, 39.098502], [-119.580115, 39.098416], [-119.579566, 39.098605], [-119.579053, 39.098579], [-119.578146, 39.098556], [-119.577515, 39.098469], [-119.577001, 39.098382], [-119.576213, 39.098388]]}, "props": {"MTFCC": "S1500", "NAME": null}}, {"geom": {"type": "LineString", "coordinates": [[-119.740153, 39.197856], [-119.739704, 39.196722]]}, "props": {"MTFCC": "S1400", "NAME": null}}, {"geom": {"type": "LineString", "coordinates": [[-119.806024, 39.133334], [-119.803926, 39.131364]]}, "props": {"MTFCC": "S1400", "NAME": null}}, {"geom": {"type": "LineString", "coordinates": [[-119.77382, 39.118569], [-119.773858, 39.118527], [-119.773942, 39.118417]]}, "props": {"MTFCC": "S1740", "NAME": null}}, {"geom": {"type": "LineString", "coordinates": [[-119.77382, 39.118569], [-119.773797, 39.118558], [-119.773556, 39.118534], [-119.773156, 39.118493], [-119.773072, 39.118466], [-119.773027, 39.118443]]}, "props": {"MTFCC": "S1740", "NAME": null}}, {"geom": {"type": "LineString", "coordinates": [[-119.774079, 39.118169], [-119.774018, 39.118203], [-119.773858, 39.118195], [-119.773652, 39.118157], [-119.773492, 39.118123], [-119.773355, 39.118111], [-119.773286, 39.118089]]}, "props": {"MTFCC": "S1740", "NAME": null}}, {"geom": {"type": "LineString", "coordinates": [[-119.760503, 39.218854], [-119.757478, 39.217798], [-119.757094, 39.217655], [-119.756823, 39.217735]]}, "props": {"MTFCC": "S1400", "NAME": null}}, {"geom": {"type": "LineString", "coordinates": [[-119.745902, 39.21874], [-119.747061, 39.220084], [-119.749789, 39.221903], [-119.750743, 39.221942]]}, "props": {"MTFCC": "S1400", "NAME": null}}, {"geom": {"type": "LineString", "coordinates": [[-119.745393, 39.219095], [-119.745847, 39.220238], [-119.745549, 39.221446], [-119.745508, 39.222831], [-119.743462, 39.226198]]}, "props": {"MTFCC": "S1400", "NAME": null}}, {"geom": {"type": "LineString", "coordinates": [[-119.809326, 39.185722], [-119.809349, 39.184994], [-119.809341, 39.18494], [-119.809357, 39.184704]]}, "props": {"MTFCC": "S1400", "NAME": null}}, {"geom": {"type": "LineString", "coordinates": [[-119.807442, 39.185696], [-119.807442, 39.18557], [-119.807449, 39.185482], [-119.807449, 39.185177], [-119.807465, 39.185101], [-119.807503, 39.185036], [-119.807594, 39.184959], [-119.807693, 39.18491], [-119.807816, 39.184895], [-119.807892, 39.184898], [-119.80793, 39.184906]]}, "props": {"MTFCC": "S1400", "NAME": null}}, {"geom": {"type": "LineString", "coordinates": [[-119.763535, 39.135643], [-119.763694, 39.135587]]}, "props": {"MTFCC": "S1400", "NAME": null}}, {"geom": {"type": "LineString", "coordinates": [[-119.77248, 39.192388], [-119.772445, 39.192242], [-119.771917, 39.191394]]}, "props": {"MTFCC": "S1740", "NAME": null}}, {"geom": {"type": "LineString", "coordinates": [[-119.756735, 39.190005], [-119.756758, 39.189587], [-119.756733, 39.189235], [-119.756663, 39.189137], [-119.75647, 39.188876], [-119.75612, 39.188701], [-119.755771, 39.188575], [-119.755121, 39.188519], [-119.75466, 39.188533], [-119.754415, 39.188512], [-119.754303, 39.188435], [-119.754199, 39.188296], [-119.754137, 39.188132]]}, "props": {"MTFCC": "S1400", "NAME": null}}, {"geom": {"type": "LineString", "coordinates": [[-119.761236, 39.190677], [-119.761261, 39.192874]]}, "props": {"MTFCC": "S1740", "NAME": null}}, {"geom": {"type": "LineString", "coordinates": [[-119.775346, 39.198135], [-119.775039, 39.198014], [-119.774547, 39.197634], [-119.773625, 39.196869], [-119.772654, 39.196078], [-119.771956, 39.195611], [-119.771452, 39.195293], [-119.77091, 39.195019]]}, "props": {"MTFCC": "S1630", "NAME": null}}, {"geom": {"type": "LineString", "coordinates": [[-119.778496, 39.199574], [-119.778254, 39.199628], [-119.777, 39.199641]]}, "props": {"MTFCC": "S1400", "NAME": null}}, {"geom": {"type": "LineString", "coordinates": [[-119.778175, 39.157082], [-119.778343, 39.157061], [-119.778584, 39.157059], [-119.779123, 39.157073], [-119.779487, 39.157091], [-119.779712, 39.157102], [-119.779857, 39.157114]]}, "props": {"MTFCC": "S1820", "NAME": null}}, {"geom": {"type": "LineString", "coordinates": [[-119.776198, 39.145413], [-119.776022, 39.145413], [-119.775878, 39.145541], [-119.775558, 39.145813], [-119.775238, 39.145989], [-119.775094, 39.146005]]}, "props": {"MTFCC": "S1400", "NAME": null}}, {"geom": {"type": "LineString", "coordinates": [[-119.75807, 39.109271], [-119.758255, 39.108958]]}, "props": {"MTFCC": "S1400", "NAME": null}}, {"geom": {"type": "LineString", "coordinates": [[-119.707475, 39.216333], [-119.707466, 39.21624], [-119.707327, 39.215499], [-119.707636, 39.214926], [-119.707659, 39.214357], [-119.707488, 39.213641], [-119.707414, 39.212973], [-119.707249, 39.212579], [-119.707053, 39.212259], [-119.706853, 39.211741], [-119.706938, 39.211072], [-119.706926, 39.210305], [-119.706851, 39.209588], [-119.706688, 39.209367], [-119.706173, 39.208951], [-119.705725, 39.208831], [-119.70505, 39.208392], [-119.704755, 39.207851], [-119.704271, 39.207435], [-119.703849, 39.206869], [-119.70324, 39.206603], [-119.702635, 39.206534], [-119.702093, 39.206515], [-119.701521, 39.206545], [-119.700983, 39.206674], [-119.70041, 39.20668], [-119.700027, 39.206584], [-119.699581, 39.206564], [-119.699235, 39.206815], [-119.699018, 39.207163], [-119.698764, 39.207215], [-119.698412, 39.207095], [-119.698187, 39.206948], [-119.697944, 39.206737], [-119.697736, 39.206557], [-119.697554, 39.20615], [-119.697357, 39.205756], [-119.697323, 39.2055]]}, "props": {"MTFCC": "S1500", "NAME": null}}, {"geom": {"type": "LineString", "coordinates": [[-119.73311, 39.243174], [-119.732406, 39.24311], [-119.730742, 39.243334], [-119.729782, 39.243062], [-119.728886, 39.24311], [-119.728214, 39.242966]]}, "props": {"MTFCC": "S1400", "NAME": null}}, {"geom": {"type": "LineString", "coordinates": [[-119.813766, 39.198719], [-119.81374, 39.198588], [-119.81373, 39.19845], [-119.813727, 39.198403], [-119.813703, 39.198253], [-119.813638, 39.197974], [-119.813629, 39.197868], [-119.812904, 39.197929], [-119.812691, 39.197926], [-119.812531, 39.197906], [-119.812393, 39.197868], [-119.812195, 39.197773], [-119.812088, 39.197701], [-119.811729, 39.197418], [-119.811707, 39.197392], [-119.811676, 39.197372], [-119.811546, 39.197258], [-119.811447, 39.197193], [-119.811302, 39.197121], [-119.811188, 39.197075], [-119.811089, 39.197044], [-119.810921, 39.19701], [-119.810722, 39.196999], [-119.810471, 39.197041], [-119.810242, 39.197105], [-119.808725, 39.197522], [-119.808511, 39.197588], [-119.808358, 39.197642], [-119.808236, 39.197721], [-119.8081, 39.197869], [-119.807934, 39.198064], [-119.807724, 39.198311], [-119.807402, 39.198728], [-119.807392, 39.198753], [-119.807114, 39.199417], [-119.807045, 39.199516], [-119.806961, 39.199635], [-119.806918, 39.199671], [-119.806908, 39.199688], [-119.806885, 39.199699], [-119.80687, 39.199718], [-119.806633, 39.199909], [-119.806602, 39.199924], [-119.806572, 39.199959], [-119.806551, 39.199969], [-119.806541, 39.199986], [-119.806519, 39.199997], [-119.806509, 39.200014], [-119.806473, 39.200047], [-119.806351, 39.200176], [-119.806343, 39.200199], [-119.806305, 39.200245], [-119.806188, 39.200512], [-119.806175, 39.200527], [-119.806091, 39.200726], [-119.806046, 39.200874], [-119.806007, 39.200966], [-119.805954, 39.201054], [-119.805901, 39.201122], [-119.80574, 39.201366], [-119.805717, 39.201393], [-119.805611, 39.201626], [-119.805565, 39.201756], [-119.805504, 39.201988], [-119.805489, 39.202037], [-119.805443, 39.202109], [-119.805248, 39.202379], [-119.805212, 39.202452], [-119.804972, 39.202808], [-119.804945, 39.202858], [-119.804917, 39.202887], [-119.804825, 39.203022], [-119.80464, 39.203344], [-119.804613, 39.203465], [-119.804594, 39.203636], [-119.804613, 39.203857], [-119.804659, 39.204079], [-119.804668, 39.204299], [-119.804677, 39.204363], [-119.804659, 39.204657], [-119.804639, 39.204764], [-119.804557, 39.205049], [-119.804501, 39.205177], [-119.804492, 39.205214], [-119.804474, 39.205249], [-119.804252, 39.205791], [-119.804169, 39.206006], [-119.804132, 39.206134], [-119.804123, 39.206284], [-119.804139, 39.206319], [-119.804164, 39.206434], [-119.804208, 39.206538], [-119.804349, 39.206789], [-119.804413, 39.206919], [-119.804543, 39.207184]]}, "props": {"MTFCC": "S1400", "NAME": null}}, {"geom": {"type": "LineString", "coordinates": [[-119.804106, 39.208459], [-119.804006, 39.208389], [-119.803907, 39.208304], [-119.803725, 39.208179], [-119.803374, 39.207982], [-119.80308, 39.207855], [-119.80274, 39.207706], [-119.802324, 39.20756], [-119.801907, 39.207437], [-119.801484, 39.207352], [-119.801037, 39.207284], [-119.800559, 39.207217], [-119.800143, 39.207174], [-119.799389, 39.207107], [-119.798397, 39.20699], [-119.797931, 39.206898], [-119.797594, 39.2068], [-119.79719, 39.206678], [-119.796436, 39.206433], [-119.795475, 39.206114], [-119.794746, 39.205912], [-119.794158, 39.205802], [-119.793496, 39.205734], [-119.792485, 39.205679], [-119.790882, 39.205623], [-119.789788, 39.205538], [-119.78805, 39.205443], [-119.787104, 39.205367], [-119.786451, 39.205316], [-119.785854, 39.20519], [-119.785302, 39.205075], [-119.784744, 39.204929], [-119.784141, 39.204714], [-119.783513, 39.204492], [-119.78305, 39.20425], [-119.782314, 39.203876], [-119.780346, 39.202828], [-119.779888, 39.202608], [-119.779527, 39.202366], [-119.779057, 39.202098], [-119.778668, 39.201831], [-119.778425, 39.201645], [-119.777931, 39.201232], [-119.777121, 39.200568], [-119.775905, 39.199541], [-119.775137, 39.198875], [-119.774582, 39.198412], [-119.774467, 39.198316], [-119.77431, 39.198158], [-119.773414, 39.197385], [-119.772592, 39.196688], [-119.77162, 39.195853], [-119.770948, 39.195299], [-119.770468, 39.194969], [-119.769602, 39.194508], [-119.768905, 39.194191], [-119.768569, 39.19406], [-119.768046, 39.193898], [-119.767466, 39.193724], [-119.766657, 39.19358], [-119.766196, 39.193487], [-119.76593, 39.193459], [-119.765604, 39.193456], [-119.765088, 39.193425], [-119.764652, 39.193425], [-119.763811, 39.193425], [-119.763201, 39.193406], [-119.762354, 39.193412], [-119.761812, 39.193412], [-119.761276, 39.1934], [-119.760724, 39.193368], [-119.760346, 39.193303], [-119.759453, 39.193129], [-119.759251, 39.193089], [-119.758453, 39.192876], [-119.757571, 39.192505], [-119.756922, 39.192198], [-119.756428, 39.191909], [-119.756175, 39.191738], [-119.755837, 39.191488], [-119.755459, 39.191184], [-119.754784, 39.190651], [-119.754126, 39.19015], [-119.753948, 39.190014], [-119.753854, 39.189937], [-119.751789, 39.188241], [-119.750298, 39.187046], [-119.748881, 39.185925], [-119.747113, 39.184507], [-119.746013, 39.183626], [-119.745842, 39.183488], [-119.745448, 39.183148], [-119.745066, 39.182801], [-119.744751, 39.182433], [-119.744529, 39.182181], [-119.744209, 39.181755], [-119.743919, 39.181329], [-119.743657, 39.180864], [-119.74326, 39.18008], [-119.742756, 39.179209], [-119.742577, 39.178856], [-119.742319, 39.178358], [-119.742056, 39.177867], [-119.740462, 39.174881], [-119.740403, 39.174769], [-119.740347, 39.174662], [-119.739906, 39.173819], [-119.739322, 39.172694], [-119.739048, 39.172209], [-119.738702, 39.171594], [-119.738578, 39.171298], [-119.738455, 39.171012], [-119.738344, 39.170738], [-119.738192, 39.170283], [-119.738113, 39.169971], [-119.738047, 39.169639], [-119.737989, 39.169221], [-119.737946, 39.16858], [-119.737954, 39.168351], [-119.737963, 39.168144], [-119.73804, 39.16752], [-119.738083, 39.167238], [-119.738151, 39.16693], [-119.738322, 39.166324], [-119.73863, 39.165546], [-119.739057, 39.164495], [-119.739416, 39.163623], [-119.740138, 39.161846], [-119.7411, 39.15953], [-119.741449, 39.158627], [-119.741811, 39.157808], [-119.742243, 39.156707], [-119.742782, 39.155487], [-119.74386, 39.15282], [-119.744925, 39.150116], [-119.74509, 39.149724], [-119.74541, 39.148997], [-119.74596, 39.14766], [-119.746055, 39.147426], [-119.746142, 39.147193], [-119.746233, 39.146943], [-119.746297, 39.146765], [-119.746352, 39.146556], [-119.7464, 39.146381], [-119.746431, 39.146255], [-119.746451, 39.146172], [-119.746465, 39.146119], [-119.746491, 39.146021], [-119.746526, 39.145839], [-119.746554, 39.145673], [-119.746574, 39.145491], [-119.746586, 39.145317], [-119.74659, 39.145135], [-119.746601, 39.144751], [-119.7466, 39.144623], [-119.746585, 39.140928], [-119.746582, 39.14015], [-119.746611, 39.135483], [-119.746621, 39.133789], [-119.746632, 39.13201], [-119.74663, 39.128395], [-119.746631, 39.128242], [-119.746634, 39.128104], [-119.74664, 39.127988], [-119.746648, 39.127831], [-119.746659, 39.127709], [-119.746675, 39.127585], [-119.746695, 39.127455], [-119.746714, 39.127347], [-119.746739, 39.12722], [-119.746775, 39.127071], [-119.746814, 39.126908], [-119.746858, 39.126751], [-119.746905, 39.126616], [-119.746957, 39.126461], [-119.74701, 39.126328], [-119.74707, 39.126193], [-119.747139, 39.126038], [-119.747219, 39.125878], [-119.747309, 39.125701], [-119.747391, 39.125539], [-119.747492, 39.125355], [-119.747579, 39.125215], [-119.747672, 39.125081], [-119.747808, 39.124901], [-119.747916, 39.124765], [-119.748003, 39.12465], [-119.748106, 39.124527], [-119.748208, 39.124417], [-119.748312, 39.1243], [-119.748418, 39.124192], [-119.748524, 39.124088], [-119.748647, 39.123965], [-119.748774, 39.123844], [-119.748898, 39.123738], [-119.749047, 39.123613], [-119.749196, 39.123492], [-119.749334, 39.123386], [-119.749501, 39.12326], [-119.749633, 39.123167], [-119.749793, 39.123063], [-119.749948, 39.122962], [-119.750089, 39.122875], [-119.750199, 39.122808], [-119.750342, 39.122726], [-119.750482, 39.122651], [-119.750675, 39.122551], [-119.750867, 39.122458], [-119.751079, 39.122359], [-119.75123, 39.122294], [-119.75142, 39.122219], [-119.751591, 39.122152], [-119.751763, 39.12209], [-119.751928, 39.122027], [-119.752101, 39.121971], [-119.75227, 39.121921], [-119.752488, 39.121865], [-119.752667, 39.121819], [-119.752843, 39.121776], [-119.753058, 39.121719], [-119.753216, 39.121681], [-119.753409, 39.121643], [-119.753589, 39.121609], [-119.753761, 39.12158], [-119.753944, 39.121554], [-119.754071, 39.121535], [-119.754248, 39.12151], [-119.754419, 39.121491], [-119.75471, 39.121472], [-119.754913, 39.121459], [-119.755217, 39.121453], [-119.756564, 39.121456]]}, "props": {"MTFCC": "S1100", "NAME": null}}, {"geom": {"type": "LineString", "coordinates": [[-119.78027, 39.198179], [-119.780137, 39.19845], [-119.780076, 39.198666], [-119.780076, 39.198876], [-119.780178, 39.199147], [-119.780327, 39.199378], [-119.780584, 39.199574], [-119.780794, 39.199689], [-119.781079, 39.199838], [-119.781329, 39.200048], [-119.781526, 39.200285], [-119.781579, 39.200417], [-119.781661, 39.200651], [-119.781688, 39.20103], [-119.781675, 39.201242], [-119.7817, 39.202026], [-119.781733, 39.202152], [-119.781783, 39.202252], [-119.781875, 39.202394], [-119.781959, 39.202494], [-119.782084, 39.202569], [-119.784171, 39.203546], [-119.784229, 39.203571], [-119.784502, 39.203708], [-119.784827, 39.203716], [-119.785349, 39.203733], [-119.785999, 39.203691], [-119.786341, 39.203588], [-119.786718, 39.203374], [-119.786958, 39.203117], [-119.787077, 39.202912], [-119.787154, 39.202604], [-119.787167, 39.202332], [-119.787171, 39.202219], [-119.787189, 39.201988], [-119.787103, 39.201654], [-119.786981, 39.201442], [-119.785128, 39.199806], [-119.783923, 39.199404], [-119.781583, 39.198623], [-119.781488, 39.198591], [-119.780869, 39.198385], [-119.78027, 39.198179]]}, "props": {"MTFCC": "S1400", "NAME": null}}, {"geom": {"type": "LineString", "coordinates": [[-119.80356, 39.193174], [-119.803476, 39.193224], [-119.803426, 39.193254], [-119.803392, 39.193287], [-119.803378, 39.193302], [-119.803367, 39.193364], [-119.8034, 39.193432], [-119.803471, 39.193505], [-119.803512, 39.193546], [-119.803556, 39.19359], [-119.803601, 39.193634], [-119.803693, 39.193723], [-119.803741, 39.193768], [-119.803789, 39.193816], [-119.803834, 39.193862], [-119.803874, 39.193906], [-119.803906, 39.193948], [-119.803927, 39.19399], [-119.80393, 39.19407], [-119.803885, 39.194135], [-119.803814, 39.194189], [-119.803734, 39.194241], [-119.803652, 39.194296], [-119.803571, 39.19435], [-119.803455, 39.194435], [-119.803379, 39.194494], [-119.803307, 39.194554], [-119.803251, 39.194622], [-119.803224, 39.194697], [-119.803226, 39.194773], [-119.803249, 39.194856], [-119.803295, 39.19494], [-119.803323, 39.194981], [-119.803371, 39.195058], [-119.803402, 39.195135], [-119.803415, 39.195212], [-119.803414, 39.195285], [-119.803411, 39.195296], [-119.8034, 39.19534], [-119.803385, 39.195384], [-119.803361, 39.195446], [-119.803361, 39.195488], [-119.803293, 39.195576]]}, "props": {"MTFCC": "S1400", "NAME": null}}, {"geom": {"type": "LineString", "coordinates": [[-119.785057, 39.191475], [-119.785049, 39.191261], [-119.785042, 39.190567], [-119.785042, 39.190239], [-119.785057, 39.18996], [-119.785088, 39.189671], [-119.785088, 39.189106], [-119.785088, 39.188446], [-119.785103, 39.188358], [-119.785103, 39.188309], [-119.785118, 39.188255], [-119.785118, 39.188213], [-119.785127, 39.188196], [-119.785141, 39.188065]]}, "props": {"MTFCC": "S1400", "NAME": null}}, {"geom": {"type": "LineString", "coordinates": [[-119.79512, 39.201343], [-119.795101, 39.201618], [-119.79503, 39.201793], [-119.794908, 39.201949], [-119.794737, 39.202105], [-119.794444, 39.202359], [-119.794266, 39.202501], [-119.794199, 39.202555], [-119.793953, 39.202673], [-119.793757, 39.20283], [-119.793613, 39.203102], [-119.793741, 39.203332], [-119.793895, 39.203639], [-119.794047, 39.203792], [-119.794502, 39.204005], [-119.794572, 39.204038], [-119.794822, 39.204132], [-119.79594, 39.204198], [-119.795997, 39.204603], [-119.796349, 39.204869], [-119.796703, 39.205271], [-119.796881, 39.205501], [-119.796958, 39.205635], [-119.79716, 39.205826], [-119.797286, 39.20596], [-119.797437, 39.206075], [-119.79785, 39.206263]]}, "props": {"MTFCC": "S1500", "NAME": null}}, {"geom": {"type": "LineString", "coordinates": [[-119.758069, 39.181555], [-119.756932, 39.181556], [-119.75688, 39.18157], [-119.756857, 39.181582], [-119.756818, 39.181618], [-119.7568, 39.181661], [-119.756798, 39.182111], [-119.756797, 39.182247]]}, "props": {"MTFCC": "S1400", "NAME": null}}, {"geom": {"type": "LineString", "coordinates": [[-119.796861, 39.165357], [-119.796687, 39.16535], [-119.79645, 39.165398], [-119.796115, 39.165594], [-119.795661, 39.166082], [-119.795204, 39.166253], [-119.794429, 39.166458], [-119.794188, 39.166487], [-119.793921, 39.166514], [-119.793581, 39.166526], [-119.793259, 39.166509], [-119.792873, 39.166495], [-119.792564, 39.166476], [-119.792403, 39.166484], [-119.791877, 39.166472], [-119.791626, 39.166458], [-119.79117, 39.166446], [-119.790706, 39.166429], [-119.790506, 39.166436], [-119.790471, 39.166437], [-119.790293, 39.166472], [-119.789995, 39.166547], [-119.789591, 39.166635], [-119.789279, 39.166738], [-119.789115, 39.166767], [-119.78898, 39.166785], [-119.788795, 39.166793], [-119.788545, 39.166751], [-119.788267, 39.166732]]}, "props": {"MTFCC": "S1400", "NAME": null}}, {"geom": {"type": "LineString", "coordinates": [[-119.778572, 39.170555], [-119.778595, 39.169403], [-119.77861, 39.168652]]}, "props": {"MTFCC": "S1400", "NAME": null}}, {"geom": {"type": "LineString", "coordinates": [[-119.776459, 39.173683], [-119.776466, 39.173824], [-119.776459, 39.173893], [-119.776466, 39.174088], [-119.77655, 39.175098]]}, "props": {"MTFCC": "S1400", "NAME": null}}, {"geom": {"type": "LineString", "coordinates": [[-119.778404, 39.175159], [-119.778504, 39.17511], [-119.778489, 39.174548], [-119.778442, 39.174435], [-119.778395, 39.174295], [-119.778374, 39.173935], [-119.778366, 39.173687]]}, "props": {"MTFCC": "S1400", "NAME": null}}, {"geom": {"type": "LineString", "coordinates": [[-119.780754, 39.169445], [-119.780763, 39.168742], [-119.780838, 39.168674], [-119.780837, 39.168552], [-119.78083, 39.16846], [-119.780822, 39.168357], [-119.7808, 39.168278], [-119.780762, 39.168217], [-119.780678, 39.168114], [-119.780548, 39.167992], [-119.780302, 39.167767], [-119.780128, 39.167416], [-119.780071, 39.16714], [-119.780052, 39.166805], [-119.780102, 39.16625], [-119.780014, 39.166172]]}, "props": {"MTFCC": "S1400", "NAME": null}}, {"geom": {"type": "LineString", "coordinates": [[-119.759796, 39.144371], [-119.758858, 39.144367]]}, "props": {"MTFCC": "S1400", "NAME": null}}, {"geom": {"type": "LineString", "coordinates": [[-119.756973, 39.146538], [-119.756981, 39.146141], [-119.756981, 39.145779], [-119.756981, 39.145069], [-119.756981, 39.144436], [-119.756989, 39.144363], [-119.756989, 39.143697], [-119.757004, 39.142471], [-119.757004, 39.141891], [-119.757034, 39.14175], [-119.75708, 39.141632], [-119.757149, 39.141521], [-119.757217, 39.14143], [-119.757378, 39.141293], [-119.758064, 39.140827], [-119.758125, 39.140778], [-119.758316, 39.140583], [-119.758606, 39.14027], [-119.75872, 39.140137], [-119.758759, 39.140106], [-119.758881, 39.13995], [-119.758911, 39.139893], [-119.758926, 39.139835], [-119.759094, 39.139435], [-119.759277, 39.138973], [-119.759369, 39.138763], [-119.759811, 39.137657], [-119.75988, 39.137505], [-119.759995, 39.137203], [-119.760017, 39.137035], [-119.760025, 39.136818], [-119.760025, 39.136131], [-119.760033, 39.135643], [-119.760025, 39.135605], [-119.760024, 39.13545], [-119.760022, 39.13525], [-119.760025, 39.134449], [-119.760033, 39.133839]]}, "props": {"MTFCC": "S1400", "NAME": null}}, {"geom": {"type": "LineString", "coordinates": [[-119.771988, 39.117622], [-119.771507, 39.117619], [-119.770836, 39.117619], [-119.770437, 39.117619], [-119.769616, 39.117619], [-119.769363, 39.117619], [-119.768169, 39.117625], [-119.767991, 39.117625], [-119.76714, 39.117626], [-119.766988, 39.117626], [-119.763748, 39.11763], [-119.763512, 39.117634], [-119.762444, 39.11763], [-119.761688, 39.117622], [-119.761345, 39.117634], [-119.761139, 39.117645], [-119.760681, 39.11768], [-119.760292, 39.117718], [-119.759689, 39.117783], [-119.759361, 39.117805], [-119.758759, 39.117867], [-119.757401, 39.117992], [-119.757303, 39.117976]]}, "props": {"MTFCC": "S1400", "NAME": null}}, {"geom": {"type": "LineString", "coordinates": [[-119.704069, 39.1843], [-119.704149, 39.184417], [-119.70415, 39.184895], [-119.704164, 39.185799], [-119.704134, 39.185976], [-119.704073, 39.186162], [-119.703859, 39.186316], [-119.703521, 39.186496], [-119.702484, 39.186878]]}, "props": {"MTFCC": "S1400", "NAME": null}}, {"geom": {"type": "LineString", "coordinates": [[-119.794835, 39.164523], [-119.794923, 39.164666], [-119.794915, 39.164899], [-119.794907, 39.164944], [-119.794873, 39.164988], [-119.794834, 39.165005], [-119.794735, 39.165016], [-119.794683, 39.165009], [-119.794617, 39.164986], [-119.794589, 39.164952]]}, "props": {"MTFCC": "S1400", "NAME": null}}, {"geom": {"type": "LineString", "coordinates": [[-119.794835, 39.164523], [-119.794681, 39.16457], [-119.794611, 39.164631], [-119.794583, 39.164775], [-119.794575, 39.164844], [-119.794576, 39.164909], [-119.794589, 39.164952]]}, "props": {"MTFCC": "S1400", "NAME": null}}, {"geom": {"type": "LineString", "coordinates": [[-119.79287, 39.169968], [-119.792976, 39.169952], [-119.793076, 39.169945], [-119.794312, 39.169933], [-119.79454, 39.169914], [-119.794746, 39.169872], [-119.794937, 39.169823], [-119.795181, 39.169788], [-119.795479, 39.169788], [-119.795692, 39.169815], [-119.795898, 39.169868], [-119.796135, 39.169956], [-119.796303, 39.170006], [-119.796539, 39.170055], [-119.796783, 39.170078], [-119.797005, 39.170078], [-119.797256, 39.170046], [-119.79747, 39.17004]]}, "props": {"MTFCC": "S1400", "NAME": null}}, {"geom": {"type": "LineString", "coordinates": [[-119.79783, 39.169623], [-119.797703, 39.169716], [-119.797533, 39.16991], [-119.79747, 39.17004], [-119.797493, 39.170044], [-119.797539, 39.170078], [-119.797569, 39.17012], [-119.797601, 39.170208], [-119.797615, 39.170246], [-119.797646, 39.170383], [-119.797668, 39.170609], [-119.797653, 39.170761], [-119.797638, 39.170803], [-119.79763, 39.170876], [-119.797592, 39.170979], [-119.797531, 39.171021], [-119.797684, 39.171219]]}, "props": {"MTFCC": "S1400", "NAME": null}}, {"geom": {"type": "LineString", "coordinates": [[-119.772644, 39.202644], [-119.772636, 39.202686], [-119.772644, 39.202755], [-119.772667, 39.202808], [-119.772736, 39.202923], [-119.772758, 39.203003], [-119.772766, 39.203114], [-119.772766, 39.203487], [-119.772751, 39.203571], [-119.772705, 39.203651], [-119.772636, 39.203716], [-119.77253, 39.203773], [-119.772392, 39.203808], [-119.771751, 39.203808], [-119.771523, 39.203773], [-119.771227, 39.203688], [-119.770989, 39.203581], [-119.770815, 39.203578], [-119.769658, 39.203595], [-119.769332, 39.203585], [-119.769022, 39.203518], [-119.76844, 39.203331], [-119.767905, 39.203246], [-119.766567, 39.203239], [-119.766414, 39.203188], [-119.766292, 39.203052], [-119.766319, 39.202633]]}, "props": {"MTFCC": "S1400", "NAME": null}}, {"geom": {"type": "LineString", "coordinates": [[-119.768421, 39.204432], [-119.768424, 39.204241], [-119.76844, 39.203331], [-119.768478, 39.202633], [-119.768471, 39.201408], [-119.768478, 39.201229], [-119.768471, 39.200771], [-119.768478, 39.199646], [-119.768478, 39.19846]]}, "props": {"MTFCC": "S1400", "NAME": null}}, {"geom": {"type": "LineString", "coordinates": [[-119.775162, 39.194073], [-119.774994, 39.194145], [-119.774925, 39.194164], [-119.774788, 39.194183], [-119.773614, 39.194186], [-119.773455, 39.194187], [-119.771674, 39.194194], [-119.771592, 39.194194], [-119.770619, 39.194197], [-119.770419, 39.194203], [-119.770333, 39.194184], [-119.770225, 39.194138], [-119.770035, 39.194035], [-119.769884, 39.193988], [-119.769346, 39.19372], [-119.769135, 39.193588]]}, "props": {"MTFCC": "S1400", "NAME": null}}, {"geom": {"type": "LineString", "coordinates": [[-119.752762, 39.18951], [-119.752873, 39.189677], [-119.752883, 39.189806], [-119.752799, 39.18989], [-119.75268, 39.190001], [-119.753014, 39.19007], [-119.753311, 39.190117], [-119.753527, 39.190164], [-119.753798, 39.19034], [-119.754122, 39.190625]]}, "props": {"MTFCC": "S1630", "NAME": null}}, {"geom": {"type": "LineString", "coordinates": [[-119.766899, 39.175571], [-119.767738, 39.175571], [-119.768349, 39.175568], [-119.76857, 39.17556], [-119.768951, 39.175568], [-119.769012, 39.175564], [-119.769402, 39.175564], [-119.769913, 39.175564], [-119.772858, 39.175568], [-119.773804, 39.175568], [-119.774719, 39.175571], [-119.775382, 39.17557]]}, "props": {"MTFCC": "S1400", "NAME": null}}, {"geom": {"type": "LineString", "coordinates": [[-119.776382, 39.179161], [-119.776474, 39.178364]]}, "props": {"MTFCC": "S1400", "NAME": null}}, {"geom": {"type": "LineString", "coordinates": [[-119.778261, 39.178363], [-119.778252, 39.177143], [-119.778267, 39.176952], [-119.778297, 39.17683], [-119.778366, 39.176712], [-119.778419, 39.176643], [-119.778839, 39.176205]]}, "props": {"MTFCC": "S1400", "NAME": null}}, {"geom": {"type": "LineString", "coordinates": [[-119.781174, 39.182296], [-119.781192, 39.182272], [-119.781194, 39.182258], [-119.781188, 39.182243], [-119.781162, 39.182236], [-119.781106, 39.182228], [-119.781073, 39.182225], [-119.781058, 39.182227], [-119.781043, 39.182245], [-119.781028, 39.182268], [-119.781021, 39.182287], [-119.781017, 39.182299], [-119.781022, 39.182312], [-119.781033, 39.182325], [-119.78106, 39.182334], [-119.781105, 39.182343], [-119.781121, 39.182342], [-119.781142, 39.182333], [-119.781174, 39.182296]]}, "props": {"MTFCC": "S1400", "NAME": null}}, {"geom": {"type": "LineString", "coordinates": [[-119.77655, 39.175098], [-119.776647, 39.175169], [-119.778404, 39.175159]]}, "props": {"MTFCC": "S1400", "NAME": null}}, {"geom": {"type": "LineString", "coordinates": [[-119.763527, 39.146519], [-119.763527, 39.145664], [-119.763489, 39.145577], [-119.763366, 39.145514]]}, "props": {"MTFCC": "S1400", "NAME": null}}, {"geom": {"type": "LineString", "coordinates": [[-119.739878, 39.150631], [-119.740181, 39.150509], [-119.740265, 39.150486], [-119.740524, 39.150387], [-119.740906, 39.150276], [-119.741264, 39.150196], [-119.741356, 39.150181], [-119.741447, 39.150154], [-119.741524, 39.150146], [-119.741577, 39.150131], [-119.741859, 39.150112], [-119.742409, 39.150101], [-119.742455, 39.150105], [-119.742722, 39.150116], [-119.743798, 39.150116], [-119.744204, 39.150116], [-119.744339, 39.150116], [-119.744925, 39.150116], [-119.74527, 39.150116], [-119.745461, 39.15012], [-119.745805, 39.15012], [-119.74606, 39.15012], [-119.746773, 39.15012], [-119.747826, 39.150127], [-119.749229, 39.150127], [-119.750359, 39.150135], [-119.751274, 39.150135], [-119.751755, 39.150162], [-119.7519, 39.15015], [-119.752037, 39.150108], [-119.752182, 39.150101], [-119.753699, 39.149928], [-119.754182, 39.14991], [-119.754852, 39.14991], [-119.756158, 39.149912], [-119.757401, 39.149914], [-119.758797, 39.149914], [-119.76252, 39.149918], [-119.762627, 39.14991], [-119.762733, 39.149925], [-119.76284, 39.149933], [-119.764221, 39.149933], [-119.765778, 39.149933], [-119.766758, 39.149936], [-119.767067, 39.149937]]}, "props": {"MTFCC": "S1400", "NAME": null}}, {"geom": {"type": "LineString", "coordinates": [[-119.757896, 39.144367], [-119.757896, 39.143257], [-119.757896, 39.142685], [-119.757904, 39.14257], [-119.757904, 39.142086], [-119.757942, 39.141949], [-119.757996, 39.141842], [-119.758118, 39.14172], [-119.758522, 39.141441], [-119.758568, 39.141415], [-119.758652, 39.14135]]}, "props": {"MTFCC": "S1400", "NAME": null}}, {"geom": {"type": "LineString", "coordinates": [[-119.763519, 39.139748], [-119.762694, 39.139747], [-119.762099, 39.139745], [-119.761879, 39.139744], [-119.761238, 39.139734], [-119.760712, 39.13974], [-119.760399, 39.139736], [-119.760307, 39.139729], [-119.760086, 39.139675], [-119.759094, 39.139435], [-119.757278, 39.138985], [-119.757126, 39.13892], [-119.757057, 39.13887], [-119.756989, 39.138813], [-119.756912, 39.138695], [-119.756889, 39.138618], [-119.756882, 39.138477], [-119.756882, 39.137878], [-119.756889, 39.137646], [-119.756882, 39.137497], [-119.756892, 39.136597], [-119.756889, 39.136101]]}, "props": {"MTFCC": "S1400", "NAME": null}}, {"geom": {"type": "LineString", "coordinates": [[-119.757469, 39.140305], [-119.75721, 39.140476], [-119.757126, 39.140537], [-119.756935, 39.140636], [-119.756729, 39.140697], [-119.756645, 39.140717], [-119.756439, 39.140732], [-119.755196, 39.140732], [-119.755058, 39.140728], [-119.752754, 39.140724], [-119.752647, 39.14069], [-119.752609, 39.140671], [-119.752518, 39.140594]]}, "props": {"MTFCC": "S1400", "NAME": null}}, {"geom": {"type": "LineString", "coordinates": [[-119.752518, 39.140594], [-119.752472, 39.140507], [-119.752464, 39.140282], [-119.752464, 39.140022], [-119.752464, 39.139324], [-119.752464, 39.138599], [-119.752457, 39.137672], [-119.752457, 39.136082]]}, "props": {"MTFCC": "S1400", "NAME": null}}, {"geom": {"type": "LineString", "coordinates": [[-119.776198, 39.145413], [-119.776406, 39.144197], [-119.776342, 39.144037], [-119.776166, 39.143925], [-119.77599, 39.143781], [-119.77567, 39.143669], [-119.775542, 39.143589], [-119.776641, 39.142962], [-119.780585, 39.14289], [-119.781381, 39.139469]]}, "props": {"MTFCC": "S1400", "NAME": null}}, {"geom": {"type": "LineString", "coordinates": [[-119.774353, 39.136299], [-119.774369, 39.137009]]}, "props": {"MTFCC": "S1400", "NAME": null}}, {"geom": {"type": "LineString", "coordinates": [[-119.766878, 39.1368], [-119.766878, 39.135967], [-119.766874, 39.135717]]}, "props": {"MTFCC": "S1400", "NAME": null}}, {"geom": {"type": "LineString", "coordinates": [[-119.761878, 39.134587], [-119.762726, 39.134586]]}, "props": {"MTFCC": "S1400", "NAME": null}}, {"geom": {"type": "LineString", "coordinates": [[-119.769763, 39.131127], [-119.769879, 39.131128], [-119.770164, 39.13118]]}, "props": {"MTFCC": "S1400", "NAME": null}}, {"geom": {"type": "LineString", "coordinates": [[-119.763519, 39.137524], [-119.76329, 39.137512], [-119.761604, 39.137505], [-119.75988, 39.137505], [-119.758667, 39.137501], [-119.757782, 39.137497], [-119.756882, 39.137497]]}, "props": {"MTFCC": "S1400", "NAME": null}}, {"geom": {"type": "LineString", "coordinates": [[-119.740593, 39.208225], [-119.74058, 39.207442]]}, "props": {"MTFCC": "S1400", "NAME": null}}, {"geom": {"type": "LineString", "coordinates": [[-119.74297, 39.212195], [-119.742676, 39.212196], [-119.742393, 39.212238], [-119.742264, 39.212269], [-119.742119, 39.21233], [-119.742012, 39.212387], [-119.741821, 39.212524], [-119.741341, 39.212933], [-119.741203, 39.213055], [-119.741058, 39.213161], [-119.740844, 39.213314], [-119.740764, 39.213356], [-119.74066, 39.213379], [-119.739537, 39.213386], [-119.738714, 39.213372]]}, "props": {"MTFCC": "S1400", "NAME": null}}, {"geom": {"type": "LineString", "coordinates": [[-119.74379, 39.199573], [-119.743202, 39.198635], [-119.743042, 39.198425], [-119.742867, 39.198162], [-119.742569, 39.197689], [-119.742508, 39.197605]]}, "props": {"MTFCC": "S1400", "NAME": null}}, {"geom": {"type": "LineString", "coordinates": [[-119.743559, 39.215116], [-119.743244, 39.215189], [-119.743004, 39.215209], [-119.741655, 39.215223], [-119.741172, 39.215206], [-119.740867, 39.215182], [-119.740241, 39.215158], [-119.739864, 39.21511], [-119.739739, 39.215065], [-119.739622, 39.21503]]}, "props": {"MTFCC": "S1400", "NAME": null}}, {"geom": {"type": "LineString", "coordinates": [[-119.716562, 39.106605], [-119.71619, 39.106656], [-119.71585, 39.106788], [-119.71551, 39.106969], [-119.715307, 39.106971], [-119.715091, 39.106934], [-119.714748, 39.106908], [-119.714482, 39.10695], [-119.714166, 39.107042], [-119.713876, 39.107173], [-119.713525, 39.107414], [-119.713273, 39.107565], [-119.712637, 39.108233], [-119.712602, 39.108441], [-119.712542, 39.10864], [-119.712468, 39.108779], [-119.712356, 39.108938], [-119.712106, 39.109198], [-119.711781, 39.109478], [-119.711556, 39.109687], [-119.711099, 39.109963], [-119.71069, 39.110153], [-119.71041, 39.1103], [-119.710217, 39.110462], [-119.710003, 39.110667], [-119.709731, 39.110814], [-119.708727, 39.1115], [-119.708483, 39.111623], [-119.707223, 39.112066], [-119.707121, 39.112123], [-119.707043, 39.112189], [-119.706988, 39.112258], [-119.706948, 39.112333], [-119.706923, 39.112429], [-119.706944, 39.113908]]}, "props": {"MTFCC": "S1500", "NAME": null}}, {"geom": {"type": "LineString", "coordinates": [[-119.74604, 39.141983], [-119.745888, 39.141994], [-119.744447, 39.141992], [-119.743706, 39.141991], [-119.742577, 39.141987], [-119.741714, 39.141979], [-119.741364, 39.141983]]}, "props": {"MTFCC": "S1400", "NAME": null}}, {"geom": {"type": "LineString", "coordinates": [[-119.741364, 39.141983], [-119.739426, 39.141972], [-119.738361, 39.141979]]}, "props": {"MTFCC": "S1400", "NAME": null}}, {"geom": {"type": "LineString", "coordinates": [[-119.732574, 39.166979], [-119.733226, 39.167167], [-119.733473, 39.16726], [-119.733676, 39.167353], [-119.733859, 39.167467], [-119.734, 39.167615], [-119.734114, 39.167771], [-119.734191, 39.167928], [-119.734201, 39.167966], [-119.734248, 39.168139], [-119.734227, 39.168614], [-119.73439, 39.169071], [-119.734474, 39.169342], [-119.734528, 39.169529], [-119.734558, 39.169605], [-119.734596, 39.169949], [-119.734596, 39.170055], [-119.734596, 39.170776], [-119.734594, 39.171372], [-119.734587, 39.171495], [-119.734589, 39.171898], [-119.734589, 39.172268], [-119.734589, 39.172416], [-119.734566, 39.172718], [-119.734535, 39.172802], [-119.734512, 39.172935], [-119.734474, 39.173046], [-119.734428, 39.173191], [-119.734329, 39.173405], [-119.734261, 39.173527], [-119.73423, 39.173565], [-119.734131, 39.173725], [-119.733978, 39.173908], [-119.733841, 39.174061], [-119.733727, 39.17416], [-119.733368, 39.174458], [-119.733299, 39.174538], [-119.733231, 39.174667], [-119.7332, 39.174778], [-119.733192, 39.175072], [-119.733192, 39.176369], [-119.733231, 39.17659], [-119.73327, 39.177865], [-119.733274, 39.178038], [-119.733276, 39.17868], [-119.733267, 39.178925], [-119.733269, 39.179115], [-119.733261, 39.179207], [-119.733261, 39.179619], [-119.733261, 39.179958], [-119.733276, 39.180611], [-119.733269, 39.18082], [-119.733261, 39.18092], [-119.733261, 39.181698], [-119.733261, 39.181839], [-119.733253, 39.182169], [-119.733261, 39.182365], [-119.733261, 39.18273], [-119.733269, 39.182819], [-119.733269, 39.183582], [-119.733284, 39.184303], [-119.733269, 39.184921], [-119.733269, 39.185171], [-119.733269, 39.185387], [-119.733269, 39.185577], [-119.733269, 39.186447], [-119.733261, 39.186756], [-119.733265, 39.187259], [-119.733286, 39.187495], [-119.733345, 39.187653], [-119.733536, 39.187956], [-119.733756, 39.188187], [-119.735863, 39.189522], [-119.736008, 39.190158]]}, "props": {"MTFCC": "S1400", "NAME": null}}, {"geom": {"type": "LineString", "coordinates": [[-119.772614, 39.116787], [-119.772401, 39.116758], [-119.772293, 39.116747], [-119.772209, 39.116764], [-119.772125, 39.116886], [-119.77211, 39.11702], [-119.772118, 39.117378], [-119.772102, 39.117451], [-119.772041, 39.117558], [-119.771988, 39.117622], [-119.772018, 39.117699], [-119.772018, 39.117779], [-119.771922, 39.118275], [-119.771882, 39.118489]]}, "props": {"MTFCC": "S1400", "NAME": null}}, {"geom": {"type": "LineString", "coordinates": [[-119.773088, 39.114048], [-119.772099, 39.114047], [-119.771416, 39.114076], [-119.771121, 39.114123], [-119.770856, 39.114373], [-119.770726, 39.114703], [-119.771052, 39.114954], [-119.771608, 39.114982], [-119.772195, 39.114984]]}, "props": {"MTFCC": "S1400", "NAME": null}}, {"geom": {"type": "LineString", "coordinates": [[-119.778839, 39.176205], [-119.779144, 39.175888]]}, "props": {"MTFCC": "S1400", "NAME": null}}, {"geom": {"type": "LineString", "coordinates": [[-119.774835, 39.118431], [-119.774867, 39.117623]]}, "props": {"MTFCC": "S1740", "NAME": null}}, {"geom": {"type": "LineString", "coordinates": [[-119.77182, 39.171738], [-119.77182, 39.172455]]}, "props": {"MTFCC": "S1400", "NAME": null}}, {"geom": {"type": "LineString", "coordinates": [[-119.77887, 39.161297], [-119.778931, 39.161266], [-119.778984, 39.161221], [-119.779015, 39.161167], [-119.779022, 39.161106], [-119.779022, 39.16066], [-119.77903, 39.160614], [-119.779045, 39.160522], [-119.779182, 39.160126], [-119.779198, 39.160057], [-119.779221, 39.160007], [-119.779243, 39.159878], [-119.779243, 39.159191], [-119.779236, 39.158928], [-119.779221, 39.158802], [-119.779182, 39.158657], [-119.779114, 39.158501], [-119.778984, 39.158321], [-119.778854, 39.15818], [-119.778816, 39.15815], [-119.778717, 39.158073], [-119.778519, 39.157959], [-119.778297, 39.157867], [-119.778015, 39.157803], [-119.777794, 39.157776], [-119.776779, 39.157784]]}, "props": {"MTFCC": "S1400", "NAME": null}}, {"geom": {"type": "LineString", "coordinates": [[-119.774254, 39.166512], [-119.775444, 39.166523], [-119.776039, 39.166527]]}, "props": {"MTFCC": "S1400", "NAME": null}}, {"geom": {"type": "LineString", "coordinates": [[-119.772171, 39.157696], [-119.773422, 39.157692]]}, "props": {"MTFCC": "S1400", "NAME": null}}, {"geom": {"type": "LineString", "coordinates": [[-119.784991, 39.125679], [-119.784987, 39.125936], [-119.78499, 39.126165], [-119.787071, 39.128454]]}, "props": {"MTFCC": "S1400", "NAME": null}}, {"geom": {"type": "LineString", "coordinates": [[-119.774351, 39.120738], [-119.774103, 39.120593]]}, "props": {"MTFCC": "S1740", "NAME": null}}, {"geom": {"type": "LineString", "coordinates": [[-119.77317, 39.1213], [-119.773931, 39.121378]]}, "props": {"MTFCC": "S1400", "NAME": null}}, {"geom": {"type": "LineString", "coordinates": [[-119.756464, 39.172028], [-119.756467, 39.172613], [-119.756451, 39.172647], [-119.756183, 39.173001], [-119.756175, 39.173038], [-119.75618, 39.173065], [-119.756189, 39.173082], [-119.756218, 39.173112], [-119.756288, 39.173153], [-119.75631, 39.173185], [-119.756315, 39.173211], [-119.756316, 39.173433], [-119.756298, 39.173467], [-119.756265, 39.173494], [-119.756212, 39.173509], [-119.755142, 39.173533], [-119.755104, 39.173541], [-119.755068, 39.17356], [-119.755036, 39.173594], [-119.755024, 39.173623], [-119.754982, 39.173817], [-119.75499, 39.174076], [-119.755002, 39.174513], [-119.754593, 39.174545], [-119.754372, 39.174568], [-119.754181, 39.17461], [-119.754036, 39.174664], [-119.753868, 39.174755], [-119.753716, 39.174881], [-119.753647, 39.174957], [-119.753571, 39.175072], [-119.75341, 39.175362], [-119.753387, 39.175392], [-119.753067, 39.175964], [-119.753006, 39.176056], [-119.752945, 39.176292], [-119.752937, 39.176735], [-119.752945, 39.177315], [-119.752945, 39.178238], [-119.752945, 39.178555]]}, "props": {"MTFCC": "S1400", "NAME": null}}, {"geom": {"type": "LineString", "coordinates": [[-119.749237, 39.175983], [-119.749336, 39.17598], [-119.749474, 39.175987], [-119.749626, 39.176006], [-119.749916, 39.176086]]}, "props": {"MTFCC": "S1400", "NAME": null}}, {"geom": {"type": "LineString", "coordinates": [[-119.741577, 39.188614], [-119.741539, 39.188583], [-119.741508, 39.188572], [-119.740959, 39.188572], [-119.740318, 39.188576], [-119.739685, 39.188576], [-119.739037, 39.188576], [-119.73848, 39.18858]]}, "props": {"MTFCC": "S1400", "NAME": null}}, {"geom": {"type": "LineString", "coordinates": [[-119.738159, 39.189801], [-119.738159, 39.190136]]}, "props": {"MTFCC": "S1400", "NAME": null}}, {"geom": {"type": "LineString", "coordinates": [[-119.748375, 39.144455], [-119.748535, 39.144588], [-119.748581, 39.144646], [-119.748619, 39.144707], [-119.748634, 39.144745], [-119.748665, 39.144897], [-119.748657, 39.145061], [-119.748665, 39.145428], [-119.74866, 39.145543], [-119.748657, 39.145603], [-119.748657, 39.146175], [-119.748665, 39.146523]]}, "props": {"MTFCC": "S1400", "NAME": null}}, {"geom": {"type": "LineString", "coordinates": [[-119.720985, 39.182732], [-119.720978, 39.183544], [-119.720978, 39.183743], [-119.72097, 39.1838], [-119.72094, 39.183876], [-119.72084, 39.18401], [-119.720703, 39.184143], [-119.720009, 39.184807], [-119.719879, 39.184937], [-119.719818, 39.185013], [-119.719765, 39.185154], [-119.719757, 39.185299], [-119.719757, 39.185814], [-119.719749, 39.186192], [-119.719757, 39.186325]]}, "props": {"MTFCC": "S1400", "NAME": null}}, {"geom": {"type": "LineString", "coordinates": [[-119.749242, 39.150006], [-119.749229, 39.149754], [-119.749229, 39.149513], [-119.749176, 39.149258], [-119.749153, 39.149212], [-119.749146, 39.149178], [-119.749069, 39.149002], [-119.749039, 39.14896], [-119.749008, 39.148926], [-119.748947, 39.14883], [-119.748871, 39.148735], [-119.748734, 39.148594], [-119.74868, 39.148544], [-119.748657, 39.148533], [-119.748619, 39.148495], [-119.748451, 39.148369], [-119.748291, 39.148235], [-119.748138, 39.148117], [-119.74794, 39.147938], [-119.747803, 39.147762], [-119.747734, 39.147659], [-119.74765, 39.147491], [-119.747604, 39.147369], [-119.747559, 39.14719], [-119.747543, 39.14706], [-119.747543, 39.146881], [-119.747543, 39.146667]]}, "props": {"MTFCC": "S1400", "NAME": null}}, {"geom": {"type": "LineString", "coordinates": [[-119.749039, 39.14896], [-119.749142, 39.148928], [-119.749195, 39.148895], [-119.74923, 39.148838], [-119.749227, 39.147957], [-119.749222, 39.147549], [-119.749229, 39.147442], [-119.749222, 39.146885], [-119.749222, 39.146749], [-119.749222, 39.14666], [-119.749222, 39.146546], [-119.749222, 39.146523]]}, "props": {"MTFCC": "S1400", "NAME": null}}, {"geom": {"type": "LineString", "coordinates": [[-119.757401, 39.165302], [-119.757408, 39.165833], [-119.757413, 39.166277], [-119.757414, 39.166322]]}, "props": {"MTFCC": "S1400", "NAME": null}}, {"geom": {"type": "LineString", "coordinates": [[-119.688442, 39.175865], [-119.688627, 39.175654], [-119.688658, 39.175638], [-119.688842, 39.175638], [-119.689007, 39.175638], [-119.689027, 39.17567], [-119.689255, 39.175522], [-119.689313, 39.175313], [-119.6893, 39.175131], [-119.689346, 39.174962], [-119.689339, 39.174866], [-119.689479, 39.17417], [-119.689291, 39.173607], [-119.688918, 39.173126], [-119.688777, 39.172768], [-119.688595, 39.172578], [-119.688584, 39.172267], [-119.688613, 39.172128], [-119.68855, 39.172028], [-119.688392, 39.171923], [-119.688067, 39.171822], [-119.68786, 39.171736], [-119.687561, 39.171465], [-119.687352, 39.171316], [-119.686782, 39.171211], [-119.686496, 39.171083], [-119.685856, 39.170617], [-119.685622, 39.170528], [-119.685141, 39.170312], [-119.684944, 39.170072], [-119.6844, 39.170007], [-119.684127, 39.169839], [-119.683928, 39.169519], [-119.683886, 39.169299], [-119.683791, 39.168998], [-119.683553, 39.168669], [-119.683315, 39.168279], [-119.68306, 39.167698], [-119.683159, 39.167366], [-119.683078, 39.167176], [-119.68278, 39.167078], [-119.682661, 39.166938], [-119.682519, 39.16658], [-119.682331, 39.166386], [-119.682385, 39.166233], [-119.682472, 39.166097], [-119.682748, 39.165698], [-119.682697, 39.165494], [-119.682549, 39.165304], [-119.682522, 39.165102]]}, "props": {"MTFCC": "S1400", "NAME": null}}, {"geom": {"type": "LineString", "coordinates": [[-119.929686, 39.165597], [-119.929786, 39.165451], [-119.929895, 39.165119], [-119.93007, 39.164778], [-119.930133, 39.163956], [-119.929548, 39.161482], [-119.929467, 39.160796], [-119.929588, 39.160354], [-119.929713, 39.159933], [-119.930158, 39.158363], [-119.930062, 39.156754], [-119.929756, 39.155725], [-119.929285, 39.154181], [-119.92869, 39.152993], [-119.927853, 39.152081], [-119.927161, 39.151469], [-119.927146, 39.151454], [-119.926806, 39.15103], [-119.926629, 39.150647], [-119.926691, 39.148409], [-119.9264, 39.14747], [-119.926124, 39.146633], [-119.926156, 39.145579], [-119.925421, 39.144545], [-119.925473, 39.143866], [-119.925867, 39.143385], [-119.925762, 39.142647], [-119.925125, 39.141494], [-119.92451, 39.140383], [-119.924397, 39.139929], [-119.924635, 39.13946], [-119.925687, 39.138709], [-119.927034, 39.137762], [-119.927301, 39.137463], [-119.928206, 39.136452], [-119.93038, 39.133865], [-119.930961, 39.132977], [-119.931357, 39.131899], [-119.93149, 39.130014], [-119.931272, 39.128812], [-119.93123, 39.128772], [-119.930318, 39.127522], [-119.930043, 39.126755], [-119.929912, 39.126007], [-119.929772, 39.124834], [-119.929538, 39.124118], [-119.92914, 39.123029], [-119.928694, 39.122143], [-119.92817, 39.121248], [-119.927248, 39.119942], [-119.927087, 39.119631], [-119.92666, 39.118802], [-119.926484, 39.118047], [-119.926425, 39.115988], [-119.926337, 39.115348], [-119.925926, 39.114868], [-119.92538, 39.114637], [-119.924923, 39.114541], [-119.92457, 39.114434], [-119.924526, 39.114388], [-119.924182, 39.114026], [-119.923808, 39.113652], [-119.923496, 39.113184], [-119.923193, 39.112742]]}, "props": {"MTFCC": "S1200", "NAME": null}}, {"geom": {"type": "LineString", "coordinates": [[-119.805779, 39.159023], [-119.805305, 39.158974], [-119.805222, 39.158947], [-119.805115, 39.158882], [-119.805023, 39.158867]]}, "props": {"MTFCC": "S1400", "NAME": null}}, {"geom": {"type": "LineString", "coordinates": [[-119.727455, 39.188358], [-119.728119, 39.188354]]}, "props": {"MTFCC": "S1400", "NAME": null}}, {"geom": {"type": "LineString", "coordinates": [[-119.723221, 39.176979], [-119.723213, 39.176502], [-119.723213, 39.175713], [-119.723212, 39.174999], [-119.723205, 39.174581], [-119.723194, 39.174509], [-119.72313, 39.174413], [-119.723043, 39.174327], [-119.722967, 39.174279], [-119.722876, 39.174255], [-119.722778, 39.174251], [-119.72267, 39.174258]]}, "props": {"MTFCC": "S1400", "NAME": null}}, {"geom": {"type": "LineString", "coordinates": [[-119.723957, 39.180318], [-119.723877, 39.180187], [-119.723816, 39.179993], [-119.723808, 39.179897], [-119.723801, 39.179871], [-119.723801, 39.178703], [-119.723801, 39.176979], [-119.723801, 39.174999], [-119.723801, 39.173548], [-119.723801, 39.172787], [-119.723831, 39.172604], [-119.723862, 39.172501], [-119.723975, 39.172271], [-119.724043, 39.172133], [-119.724052, 39.172043], [-119.724083, 39.171883], [-119.724086, 39.17174]]}, "props": {"MTFCC": "S1400", "NAME": null}}, {"geom": {"type": "LineString", "coordinates": [[-119.717307, 39.172894], [-119.717625, 39.173855], [-119.717687, 39.174174], [-119.717597, 39.174506], [-119.717318, 39.175311], [-119.71677, 39.176763], [-119.71668, 39.177038], [-119.716454, 39.177628], [-119.716333, 39.177859], [-119.716284, 39.17793], [-119.715562, 39.178749], [-119.715314, 39.179006], [-119.715189, 39.179145], [-119.715166, 39.17922], [-119.715067, 39.179537], [-119.714999, 39.179995], [-119.715083, 39.1802], [-119.715866, 39.181538], [-119.71609, 39.18202], [-119.716283, 39.18217], [-119.716451, 39.18253], [-119.716629, 39.182823], [-119.716698, 39.182911], [-119.716917, 39.18326], [-119.716959, 39.183333], [-119.71724, 39.183821]]}, "props": {"MTFCC": "S1400", "NAME": null}}, {"geom": {"type": "LineString", "coordinates": [[-119.77414, 39.118573], [-119.774285, 39.118569], [-119.774392, 39.11855]]}, "props": {"MTFCC": "S1740", "NAME": null}}, {"geom": {"type": "LineString", "coordinates": [[-119.759604, 39.154209], [-119.759674, 39.154197], [-119.759777, 39.154179], [-119.759873, 39.154173], [-119.759961, 39.154169], [-119.760026, 39.154171], [-119.760089, 39.154181], [-119.760183, 39.154175], [-119.760272, 39.154177], [-119.760355, 39.154179], [-119.76043, 39.154178], [-119.76046, 39.154178], [-119.760544, 39.154178], [-119.760608, 39.154177], [-119.760685, 39.154176], [-119.760748, 39.154175]]}, "props": {"MTFCC": "S1400", "NAME": null}}, {"geom": {"type": "LineString", "coordinates": [[-119.766631, 39.224246], [-119.765991, 39.224374], [-119.765319, 39.224614], [-119.763959, 39.225526]]}, "props": {"MTFCC": "S1400", "NAME": null}}, {"geom": {"type": "LineString", "coordinates": [[-119.749794, 39.208241], [-119.749802, 39.208481], [-119.749786, 39.208736], [-119.749741, 39.208923], [-119.74958, 39.209259], [-119.749374, 39.209702], [-119.749138, 39.210228], [-119.748856, 39.210819], [-119.748856, 39.210838], [-119.748787, 39.210983], [-119.748741, 39.211063], [-119.748665, 39.211292], [-119.74865, 39.211372], [-119.748634, 39.211411], [-119.748627, 39.211617]]}, "props": {"MTFCC": "S1400", "NAME": null}}, {"geom": {"type": "LineString", "coordinates": [[-119.740902, 39.222854], [-119.740392, 39.222258], [-119.740235, 39.221453], [-119.739444, 39.22275]]}, "props": {"MTFCC": "S1400", "NAME": null}}, {"geom": {"type": "LineString", "coordinates": [[-119.700992, 39.198703], [-119.700965, 39.198568], [-119.701121, 39.198319], [-119.701117, 39.198096], [-119.700986, 39.197875], [-119.699899, 39.197514], [-119.699322, 39.197223], [-119.698904, 39.196979], [-119.698583, 39.196634], [-119.699791, 39.196317], [-119.700871, 39.196032], [-119.701157, 39.196064], [-119.701332, 39.195953], [-119.701538, 39.19581], [-119.70192, 39.195714], [-119.702968, 39.195636], [-119.703636, 39.195622]]}, "props": {"MTFCC": "S1400", "NAME": null}}, {"geom": {"type": "LineString", "coordinates": [[-119.73311, 39.243174], [-119.733573, 39.24328], [-119.734016, 39.242953], [-119.734555, 39.242755], [-119.735503, 39.239982], [-119.735911, 39.23956], [-119.736342, 39.239698]]}, "props": {"MTFCC": "S1400", "NAME": null}}, {"geom": {"type": "LineString", "coordinates": [[-119.733172, 39.236978], [-119.734519, 39.23789], [-119.734908, 39.238583], [-119.734486, 39.239718]]}, "props": {"MTFCC": "S1400", "NAME": null}}, {"geom": {"type": "LineString", "coordinates": [[-119.725358, 39.168575], [-119.725339, 39.171754], [-119.725349, 39.172169], [-119.725403, 39.172478], [-119.725464, 39.172699], [-119.725624, 39.17321], [-119.725662, 39.173382], [-119.725662, 39.173475], [-119.72567, 39.173492], [-119.725677, 39.173645], [-119.725716, 39.173798], [-119.725777, 39.17395], [-119.725838, 39.174095], [-119.725891, 39.174183], [-119.725922, 39.174217], [-119.726013, 39.174343], [-119.726143, 39.174473], [-119.726273, 39.174583], [-119.726494, 39.174725], [-119.72654, 39.174751], [-119.726714, 39.174845], [-119.72704, 39.17496], [-119.727425, 39.175034], [-119.727618, 39.17504], [-119.727859, 39.175041], [-119.730415, 39.175056], [-119.731316, 39.17506], [-119.732193, 39.175068], [-119.733192, 39.175072]]}, "props": {"MTFCC": "S1400", "NAME": null}}, {"geom": {"type": "LineString", "coordinates": [[-119.726295, 39.168575], [-119.72628, 39.170557], [-119.726266, 39.171454], [-119.726273, 39.171749], [-119.726265, 39.172005], [-119.726288, 39.172184], [-119.726295, 39.172283], [-119.726334, 39.172462], [-119.726334, 39.172493], [-119.726402, 39.172726], [-119.72654, 39.173168], [-119.726563, 39.173286], [-119.72654, 39.173454], [-119.726456, 39.173615], [-119.726395, 39.173679], [-119.726303, 39.173756], [-119.726158, 39.17384], [-119.725998, 39.173893], [-119.725777, 39.17395]]}, "props": {"MTFCC": "S1400", "NAME": null}}, {"geom": {"type": "LineString", "coordinates": [[-119.780548, 39.167992], [-119.780403, 39.168091], [-119.780327, 39.168129], [-119.780258, 39.168156], [-119.780106, 39.168179], [-119.778389, 39.168171], [-119.778214, 39.168175]]}, "props": {"MTFCC": "S1400", "NAME": null}}, {"geom": {"type": "LineString", "coordinates": [[-119.716283, 39.18217], [-119.716616, 39.182113], [-119.716832, 39.182158], [-119.717126, 39.182178], [-119.71735, 39.182127], [-119.717603, 39.182016], [-119.717932, 39.181801], [-119.718284, 39.181461], [-119.718414, 39.181185], [-119.718449, 39.18085], [-119.718447, 39.180403], [-119.718431, 39.17988]]}, "props": {"MTFCC": "S1400", "NAME": null}}, {"geom": {"type": "LineString", "coordinates": [[-119.718632, 39.172485], [-119.718758, 39.172394], [-119.718952, 39.172294], [-119.719174, 39.172215], [-119.719404, 39.172169], [-119.719715, 39.172152], [-119.72019, 39.172143], [-119.720833, 39.17216], [-119.721443, 39.172168], [-119.72268, 39.172171], [-119.722832, 39.172192], [-119.722962, 39.172236], [-119.723081, 39.172292], [-119.72318, 39.172505], [-119.723203, 39.172869], [-119.723192, 39.173554]]}, "props": {"MTFCC": "S1400", "NAME": null}}, {"geom": {"type": "LineString", "coordinates": [[-119.793576, 39.164174], [-119.793892, 39.164232], [-119.794028, 39.16425], [-119.794272, 39.16425], [-119.794401, 39.164234], [-119.794649, 39.164157], [-119.795239, 39.163974]]}, "props": {"MTFCC": "S1400", "NAME": null}}, {"geom": {"type": "LineString", "coordinates": [[-119.792633, 39.165438], [-119.791894, 39.165327], [-119.790539, 39.165138], [-119.790376, 39.165156], [-119.790115, 39.165192], [-119.789874, 39.165232], [-119.789698, 39.165234], [-119.789558, 39.16524], [-119.789309, 39.165214], [-119.788518, 39.16516]]}, "props": {"MTFCC": "S1400", "NAME": null}}, {"geom": {"type": "LineString", "coordinates": [[-119.622566, 39.133718], [-119.622409, 39.134234], [-119.622216, 39.134684], [-119.622, 39.135065], [-119.621672, 39.135344], [-119.621233, 39.135641], [-119.620817, 39.135904], [-119.620531, 39.136061], [-119.620245, 39.136167], [-119.620096, 39.136238]]}, "props": {"MTFCC": "S1500", "NAME": null}}, {"geom": {"type": "LineString", "coordinates": [[-119.622567, 39.133035], [-119.62246, 39.133233], [-119.622508, 39.133474], [-119.622566, 39.133718]]}, "props": {"MTFCC": "S1500", "NAME": null}}, {"geom": {"type": "LineString", "coordinates": [[-119.625991, 39.12789], [-119.625836, 39.127909], [-119.625153, 39.128122], [-119.624822, 39.128194], [-119.624427, 39.128473], [-119.62432, 39.128733], [-119.624479, 39.128973], [-119.624592, 39.12911], [-119.624551, 39.129334], [-119.624334, 39.129647], [-119.624164, 39.130131], [-119.62386, 39.13053], [-119.623533, 39.130896], [-119.623206, 39.131243], [-119.623035, 39.131676], [-119.622997, 39.132107], [-119.622805, 39.132592], [-119.622758, 39.132679], [-119.622567, 39.133035]]}, "props": {"MTFCC": "S1500", "NAME": null}}, {"geom": {"type": "LineString", "coordinates": [[-119.943359, 39.112708], [-119.9434, 39.113077], [-119.943499, 39.113595], [-119.943119, 39.114636], [-119.942953, 39.115225], [-119.942696, 39.115712], [-119.942437, 39.116061], [-119.942179, 39.116479], [-119.942294, 39.11786], [-119.942302, 39.118274], [-119.942005, 39.118969], [-119.941709, 39.119767], [-119.94128, 39.120498], [-119.940932, 39.120848], [-119.940148, 39.121652], [-119.939757, 39.122071], [-119.939454, 39.122455], [-119.939241, 39.122907], [-119.93868, 39.123743], [-119.938511, 39.124194], [-119.938135, 39.124876], [-119.938039, 39.125026]]}, "props": {"MTFCC": "S1500", "NAME": null}}, {"geom": {"type": "LineString", "coordinates": [[-119.770619, 39.194197], [-119.770622, 39.194114], [-119.770606, 39.192935], [-119.770601, 39.19161]]}, "props": {"MTFCC": "S1400", "NAME": null}}, {"geom": {"type": "LineString", "coordinates": [[-119.767166, 39.193989], [-119.766953, 39.194077], [-119.766441, 39.194313]]}, "props": {"MTFCC": "S1400", "NAME": null}}, {"geom": {"type": "LineString", "coordinates": [[-119.756523, 39.121957], [-119.756507, 39.12297], [-119.756533, 39.124782], [-119.756533, 39.124915]]}, "props": {"MTFCC": "S1400", "NAME": null}}, {"geom": {"type": "LineString", "coordinates": [[-119.770437, 39.117619], [-119.770436, 39.118183], [-119.770434, 39.11937]]}, "props": {"MTFCC": "S1400", "NAME": null}}, {"geom": {"type": "LineString", "coordinates": [[-119.769363, 39.117619], [-119.769328, 39.119366]]}, "props": {"MTFCC": "S1400", "NAME": null}}, {"geom": {"type": "LineString", "coordinates": [[-119.775291, 39.114524], [-119.775395, 39.115706], [-119.775122, 39.116533]]}, "props": {"MTFCC": "S1400", "NAME": null}}, {"geom": {"type": "LineString", "coordinates": [[-119.754719, 39.182283], [-119.754712, 39.18293], [-119.75471, 39.183741], [-119.754719, 39.184218], [-119.754732, 39.184522], [-119.754738, 39.184833], [-119.754763, 39.185432], [-119.754726, 39.186052]]}, "props": {"MTFCC": "S1400", "NAME": null}}, {"geom": {"type": "LineString", "coordinates": [[-119.762517, 39.1175], [-119.762383, 39.117451], [-119.762239, 39.117354], [-119.762292, 39.117152], [-119.76235, 39.117059], [-119.761678, 39.116819], [-119.761596, 39.116667], [-119.761576, 39.116562], [-119.76159, 39.116446]]}, "props": {"MTFCC": "S1400", "NAME": null}}, {"geom": {"type": "LineString", "coordinates": [[-119.766844, 39.186881], [-119.766846, 39.187973], [-119.766838, 39.188553]]}, "props": {"MTFCC": "S1400", "NAME": null}}, {"geom": {"type": "LineString", "coordinates": [[-119.76355, 39.181152], [-119.766441, 39.181164], [-119.766533, 39.18119], [-119.766823, 39.18129]]}, "props": {"MTFCC": "S1400", "NAME": null}}, {"geom": {"type": "LineString", "coordinates": [[-119.763906, 39.185286], [-119.763896, 39.184859]]}, "props": {"MTFCC": "S1400", "NAME": null}}, {"geom": {"type": "LineString", "coordinates": [[-119.763763, 39.179094], [-119.763763, 39.178516], [-119.763756, 39.178211], [-119.763763, 39.178078]]}, "props": {"MTFCC": "S1400", "NAME": null}}, {"geom": {"type": "LineString", "coordinates": [[-119.762683, 39.178658], [-119.762708, 39.179189]]}, "props": {"MTFCC": "S1400", "NAME": null}}, {"geom": {"type": "LineString", "coordinates": [[-119.742245, 39.179173], [-119.742345, 39.179375], [-119.742389, 39.179462], [-119.742461, 39.179594], [-119.742514, 39.179739], [-119.74257, 39.180027], [-119.742592, 39.180992], [-119.742592, 39.181017], [-119.742592, 39.1828], [-119.742592, 39.186111], [-119.742599, 39.186394], [-119.742607, 39.186436], [-119.74263, 39.186558], [-119.74263, 39.187279], [-119.74263, 39.187965], [-119.742622, 39.18824], [-119.742622, 39.188535], [-119.742624, 39.190358]]}, "props": {"MTFCC": "S1400", "NAME": null}}, {"geom": {"type": "LineString", "coordinates": [[-119.744174, 39.190449], [-119.744218, 39.188535]]}, "props": {"MTFCC": "S1400", "NAME": null}}, {"geom": {"type": "LineString", "coordinates": [[-119.765007, 39.179176], [-119.764999, 39.178875], [-119.764999, 39.178349], [-119.765007, 39.178219], [-119.764999, 39.178185], [-119.765007, 39.178123], [-119.765129, 39.178123], [-119.765121, 39.177658], [-119.765121, 39.177444], [-119.765121, 39.177235]]}, "props": {"MTFCC": "S1400", "NAME": null}}, {"geom": {"type": "LineString", "coordinates": [[-119.753883, 39.184179], [-119.753889, 39.184829], [-119.753894, 39.185425]]}, "props": {"MTFCC": "S1400", "NAME": null}}, {"geom": {"type": "LineString", "coordinates": [[-119.750912, 39.183655], [-119.751267, 39.183942], [-119.751459, 39.184106], [-119.751495, 39.184115], [-119.751645, 39.18415], [-119.751907, 39.184179], [-119.752432, 39.184176], [-119.753883, 39.184179]]}, "props": {"MTFCC": "S1400", "NAME": null}}, {"geom": {"type": "LineString", "coordinates": [[-119.741951, 39.182816], [-119.741951, 39.186428]]}, "props": {"MTFCC": "S1400", "NAME": null}}, {"geom": {"type": "LineString", "coordinates": [[-119.862345, 39.179626], [-119.861897, 39.179661]]}, "props": {"MTFCC": "S1500", "NAME": null}}, {"geom": {"type": "LineString", "coordinates": [[-119.737486, 39.187948], [-119.736237, 39.187954]]}, "props": {"MTFCC": "S1400", "NAME": null}}, {"geom": {"type": "LineString", "coordinates": [[-119.736076, 39.187214], [-119.736366, 39.187206], [-119.736526, 39.18721]]}, "props": {"MTFCC": "S1400", "NAME": null}}, {"geom": {"type": "LineString", "coordinates": [[-119.730972, 39.182072], [-119.731483, 39.182068], [-119.731606, 39.182053], [-119.731766, 39.181984], [-119.731788, 39.181967], [-119.731895, 39.181854], [-119.731956, 39.181778], [-119.732208, 39.181396], [-119.732269, 39.181267], [-119.7323, 39.181122], [-119.7323, 39.179619]]}, "props": {"MTFCC": "S1400", "NAME": null}}, {"geom": {"type": "LineString", "coordinates": [[-119.741308, 39.177936], [-119.739563, 39.17794]]}, "props": {"MTFCC": "S1400", "NAME": null}}, {"geom": {"type": "LineString", "coordinates": [[-119.725937, 39.183556], [-119.725952, 39.183578], [-119.72596, 39.183636], [-119.725952, 39.183655], [-119.725945, 39.183937], [-119.725952, 39.184143], [-119.725945, 39.184555], [-119.725952, 39.184681], [-119.725945, 39.184891], [-119.725945, 39.185535], [-119.725945, 39.186058], [-119.725952, 39.186359]]}, "props": {"MTFCC": "S1400", "NAME": null}}, {"geom": {"type": "LineString", "coordinates": [[-119.725945, 39.185535], [-119.725739, 39.185535], [-119.725662, 39.185547], [-119.725533, 39.185596]]}, "props": {"MTFCC": "S1400", "NAME": null}}, {"geom": {"type": "LineString", "coordinates": [[-119.747337, 39.175255], [-119.747398, 39.175419], [-119.747437, 39.175591], [-119.747444, 39.176258]]}, "props": {"MTFCC": "S1400", "NAME": null}}, {"geom": {"type": "LineString", "coordinates": [[-119.747406, 39.176891], [-119.746902, 39.177074], [-119.746506, 39.177242], [-119.746407, 39.177269], [-119.746307, 39.177277], [-119.746269, 39.177269], [-119.746162, 39.177269]]}, "props": {"MTFCC": "S1400", "NAME": null}}, {"geom": {"type": "LineString", "coordinates": [[-119.735252, 39.188725], [-119.735359, 39.188751], [-119.73542, 39.188759], [-119.735954, 39.188763]]}, "props": {"MTFCC": "S1400", "NAME": null}}, {"geom": {"type": "LineString", "coordinates": [[-119.776405, 39.204023], [-119.776176, 39.203818], [-119.775948, 39.203626], [-119.775621, 39.203413], [-119.775199, 39.203212], [-119.774647, 39.203092], [-119.774319, 39.203059], [-119.773281, 39.203083]]}, "props": {"MTFCC": "S1740", "NAME": null}}, {"geom": {"type": "LineString", "coordinates": [[-119.777016, 39.20438], [-119.776716, 39.204494], [-119.776244, 39.204652], [-119.775535, 39.204572], [-119.775112, 39.204519], [-119.774628, 39.204475], [-119.774094, 39.204481], [-119.773512, 39.204554], [-119.772926, 39.204425], [-119.77228, 39.204364], [-119.771749, 39.204534], [-119.77119, 39.20453], [-119.770385, 39.204586], [-119.769938, 39.204581], [-119.769379, 39.204587], [-119.768443, 39.204581], [-119.768421, 39.204432]]}, "props": {"MTFCC": "S1500", "NAME": null}}, {"geom": {"type": "LineString", "coordinates": [[-119.77369, 39.118813], [-119.772965, 39.118729], [-119.772912, 39.11871], [-119.772897, 39.118684], [-119.772973, 39.118512], [-119.773027, 39.118443]]}, "props": {"MTFCC": "S1740", "NAME": null}}, {"geom": {"type": "LineString", "coordinates": [[-119.773164, 39.118264], [-119.773286, 39.118089]]}, "props": {"MTFCC": "S1740", "NAME": null}}, {"geom": {"type": "LineString", "coordinates": [[-119.773286, 39.118089], [-119.7734, 39.117928]]}, "props": {"MTFCC": "S1740", "NAME": null}}, {"geom": {"type": "LineString", "coordinates": [[-119.774987, 39.117432], [-119.775117, 39.117436], [-119.775135, 39.117424], [-119.775147, 39.117402], [-119.775132, 39.116921], [-119.775117, 39.116845], [-119.775056, 39.116849], [-119.774957, 39.116868], [-119.774972, 39.116906], [-119.774987, 39.117432]]}, "props": {"MTFCC": "S1740", "NAME": null}}, {"geom": {"type": "LineString", "coordinates": [[-119.772343, 39.118345], [-119.772194, 39.11911], [-119.771942, 39.120552], [-119.771925, 39.120649], [-119.771909, 39.120748], [-119.771896, 39.120827]]}, "props": {"MTFCC": "S1200", "NAME": null}}, {"geom": {"type": "LineString", "coordinates": [[-119.73754, 39.162483], [-119.73746, 39.16233], [-119.737448, 39.162176], [-119.737521, 39.162016], [-119.737577, 39.161942], [-119.738019, 39.161776], [-119.738093, 39.16174], [-119.737896, 39.161275], [-119.735106, 39.161268], [-119.734142, 39.161266]]}, "props": {"MTFCC": "S1400", "NAME": null}}, {"geom": {"type": "LineString", "coordinates": [[-119.779717, 39.113929], [-119.779712, 39.114822]]}, "props": {"MTFCC": "S1400", "NAME": null}}, {"geom": {"type": "LineString", "coordinates": [[-119.754247, 39.152478], [-119.754428, 39.152826]]}, "props": {"MTFCC": "S1740", "NAME": null}}, {"geom": {"type": "LineString", "coordinates": [[-119.755413, 39.152823], [-119.755474, 39.152689], [-119.755485, 39.15264], [-119.755483, 39.151987], [-119.755467, 39.151918], [-119.755422, 39.151869], [-119.755349, 39.151832], [-119.755271, 39.151826], [-119.754364, 39.151812], [-119.754176, 39.151809], [-119.753917, 39.151833], [-119.752403, 39.152025]]}, "props": {"MTFCC": "S1400", "NAME": null}}, {"geom": {"type": "LineString", "coordinates": [[-119.752385, 39.15149], [-119.752403, 39.152025], [-119.752411, 39.152536], [-119.752408, 39.153271], [-119.752458, 39.153376], [-119.752534, 39.153428]]}, "props": {"MTFCC": "S1400", "NAME": null}}, {"geom": {"type": "LineString", "coordinates": [[-119.761681, 39.11604], [-119.761606, 39.11631], [-119.76159, 39.116446]]}, "props": {"MTFCC": "S1400", "NAME": null}}, {"geom": {"type": "LineString", "coordinates": [[-119.751998, 39.101007], [-119.751907, 39.101444], [-119.751883, 39.101689], [-119.751854, 39.101807], [-119.751823, 39.102154], [-119.751801, 39.103031], [-119.751808, 39.103176], [-119.751778, 39.106647], [-119.75177, 39.106747], [-119.75177, 39.106884]]}, "props": {"MTFCC": "S1400", "NAME": null}}, {"geom": {"type": "LineString", "coordinates": [[-119.631271, 39.092906], [-119.6313, 39.093364], [-119.631535, 39.093661], [-119.631564, 39.094509], [-119.63174, 39.09476], [-119.632062, 39.094989], [-119.632209, 39.095218], [-119.632238, 39.096087], [-119.63168, 39.096773], [-119.631059, 39.097357], [-119.630416, 39.097962], [-119.630181, 39.098351], [-119.630005, 39.098854], [-119.629711, 39.099311], [-119.62974, 39.099632]]}, "props": {"MTFCC": "S1400", "NAME": null}}, {"geom": {"type": "LineString", "coordinates": [[-119.627223, 39.086017], [-119.626327, 39.087389], [-119.626171, 39.087483], [-119.625741, 39.087671], [-119.625429, 39.087889], [-119.625395, 39.088257], [-119.62497, 39.088875], [-119.62466, 39.089216], [-119.623929, 39.090389], [-119.623777, 39.090789], [-119.623399, 39.091837], [-119.62321, 39.092391], [-119.623178, 39.092882], [-119.623035, 39.093289]]}, "props": {"MTFCC": "S1400", "NAME": null}}, {"geom": {"type": "LineString", "coordinates": [[-119.645148, 39.097308], [-119.645031, 39.097476], [-119.644796, 39.097734], [-119.644591, 39.097992], [-119.644516, 39.098052], [-119.644355, 39.09818], [-119.643972, 39.098509], [-119.643473, 39.099025], [-119.642793, 39.099496], [-119.642648, 39.09973], [-119.642143, 39.099921], [-119.642057, 39.099996], [-119.641849, 39.100179], [-119.641644, 39.100483], [-119.641261, 39.100812], [-119.640995, 39.100978], [-119.640462, 39.101261], [-119.63999, 39.101471], [-119.639395, 39.101736], [-119.638949, 39.10188], [-119.638446, 39.102117], [-119.637853, 39.102378], [-119.637408, 39.102591], [-119.636965, 39.102874], [-119.636254, 39.103276], [-119.635663, 39.103653], [-119.635281, 39.104029], [-119.634838, 39.104335], [-119.634455, 39.104711], [-119.634192, 39.105062], [-119.63418, 39.10508], [-119.633871, 39.105553], [-119.633609, 39.105997], [-119.633258, 39.106466], [-119.632995, 39.106887], [-119.632778, 39.107255], [-119.632733, 39.107331], [-119.63265, 39.107773], [-119.632058, 39.108634], [-119.631861, 39.10892], [-119.631688, 39.109317], [-119.631579, 39.109503], [-119.631455, 39.109714], [-119.630662, 39.110582], [-119.630526, 39.110767], [-119.63037, 39.110979], [-119.630254, 39.11126], [-119.630096, 39.112502]]}, "props": {"MTFCC": "S1500", "NAME": null}}, {"geom": {"type": "LineString", "coordinates": [[-119.772096, 39.164595], [-119.772041, 39.165026]]}, "props": {"MTFCC": "S1400", "NAME": null}}, {"geom": {"type": "LineString", "coordinates": [[-119.774137, 39.158944], [-119.774084, 39.159018], [-119.774087, 39.159149], [-119.774078, 39.159782], [-119.774078, 39.160557]]}, "props": {"MTFCC": "S1400", "NAME": null}}, {"geom": {"type": "LineString", "coordinates": [[-119.769711, 39.149414], [-119.769422, 39.14978], [-119.76967, 39.150373], [-119.769711, 39.149414]]}, "props": {"MTFCC": "S1400", "NAME": null}}, {"geom": {"type": "LineString", "coordinates": [[-119.706215, 39.142325], [-119.705911, 39.142268], [-119.70566, 39.142256], [-119.705483, 39.142248], [-119.705354, 39.142257], [-119.705218, 39.142266], [-119.704852, 39.142344], [-119.704437, 39.142456], [-119.704034, 39.142619], [-119.703734, 39.142781], [-119.703419, 39.143005], [-119.70313, 39.143236], [-119.702985, 39.143361], [-119.702911, 39.143467], [-119.702864, 39.143582], [-119.702855, 39.143603], [-119.702843, 39.143738], [-119.70284, 39.143824], [-119.702828, 39.14423], [-119.702827, 39.144563], [-119.702827, 39.145557], [-119.70282, 39.145988], [-119.702825, 39.146342], [-119.702827, 39.147003], [-119.702817, 39.148143], [-119.702813, 39.149965], [-119.702812, 39.151661], [-119.702824, 39.15178], [-119.702827, 39.153133], [-119.70282, 39.153259], [-119.702827, 39.154411], [-119.70282, 39.155453], [-119.702841, 39.1563], [-119.702851, 39.15722]]}, "props": {"MTFCC": "S1400", "NAME": null}}, {"geom": {"type": "LineString", "coordinates": [[-119.706215, 39.142325], [-119.705911, 39.142268], [-119.70566, 39.142256], [-119.705483, 39.142248], [-119.705354, 39.142257], [-119.705218, 39.142266], [-119.704852, 39.142344], [-119.704437, 39.142456], [-119.704034, 39.142619], [-119.703734, 39.142781], [-119.703419, 39.143005], [-119.70313, 39.143236], [-119.702985, 39.143361], [-119.702911, 39.143467], [-119.702864, 39.143582], [-119.702855, 39.143603], [-119.702843, 39.143738], [-119.70284, 39.143824], [-119.702828, 39.14423], [-119.702827, 39.144563], [-119.702827, 39.145557], [-119.70282, 39.145988], [-119.702825, 39.146342], [-119.702827, 39.147003], [-119.702817, 39.148143], [-119.702813, 39.149965], [-119.702812, 39.151661], [-119.702824, 39.15178], [-119.702827, 39.153133], [-119.70282, 39.153259], [-119.702827, 39.154411], [-119.70282, 39.155453], [-119.702841, 39.1563], [-119.702851, 39.15722]]}, "props": {"MTFCC": "S1400", "NAME": null}}, {"geom": {"type": "LineString", "coordinates": [[-119.713913, 39.161476], [-119.713959, 39.161224], [-119.713966, 39.160942], [-119.713959, 39.16045], [-119.713943, 39.159061]]}, "props": {"MTFCC": "S1400", "NAME": null}}, {"geom": {"type": "LineString", "coordinates": [[-119.712181, 39.161987], [-119.71183, 39.162983], [-119.711807, 39.163082], [-119.711807, 39.163631]]}, "props": {"MTFCC": "S1400", "NAME": null}}, {"geom": {"type": "LineString", "coordinates": [[-119.674096, 39.117095], [-119.674419, 39.117393], [-119.674331, 39.118513], [-119.674742, 39.118719], [-119.675388, 39.118765], [-119.675476, 39.118994], [-119.675358, 39.119497], [-119.674859, 39.119977], [-119.674859, 39.120093], [-119.674712, 39.120161], [-119.674742, 39.120253], [-119.674448, 39.120481], [-119.674477, 39.121236], [-119.673919, 39.122105], [-119.672979, 39.123112], [-119.672451, 39.124095], [-119.672304, 39.124482], [-119.672239, 39.124911], [-119.671985, 39.127903], [-119.671153, 39.128535], [-119.670705, 39.128639], [-119.671073, 39.129071], [-119.671121, 39.129439], [-119.671201, 39.129583], [-119.671426, 39.130311], [-119.671666, 39.130615], [-119.671602, 39.130807], [-119.671666, 39.131031], [-119.672146, 39.131447], [-119.672242, 39.131831], [-119.672242, 39.132071], [-119.671666, 39.132263], [-119.671538, 39.132615], [-119.67173, 39.133015], [-119.671634, 39.133399], [-119.671234, 39.133831], [-119.671314, 39.134823], [-119.670962, 39.135431], [-119.670882, 39.136055], [-119.670738, 39.136551], [-119.670658, 39.137015], [-119.670642, 39.137351], [-119.670642, 39.137767], [-119.670146, 39.138167], [-119.670066, 39.138391], [-119.670098, 39.138855], [-119.67005, 39.139303], [-119.67005, 39.139463], [-119.670194, 39.139847], [-119.670354, 39.140183], [-119.670466, 39.140487], [-119.67053, 39.140679], [-119.670514, 39.140903], [-119.67045, 39.141111], [-119.670482, 39.141447], [-119.670514, 39.141687], [-119.670466, 39.141991], [-119.670322, 39.142183], [-119.670146, 39.142535], [-119.669842, 39.143559], [-119.668962, 39.146407], [-119.668514, 39.147287], [-119.668402, 39.148551], [-119.667417, 39.150055], [-119.667361, 39.150121], [-119.667353, 39.150238], [-119.667433, 39.1504], [-119.667476, 39.150524], [-119.667488, 39.151335], [-119.667274, 39.1516], [-119.667202, 39.152081], [-119.667363, 39.152234], [-119.667476, 39.152511], [-119.66748, 39.152727], [-119.667248, 39.153139], [-119.667174, 39.153519], [-119.667066, 39.154247], [-119.666803, 39.154582], [-119.666697, 39.155552], [-119.666571, 39.156046]]}, "props": {"MTFCC": "S1500", "NAME": null}}, {"geom": {"type": "LineString", "coordinates": [[-119.692889, 39.124048], [-119.692008, 39.124515], [-119.692025, 39.12491], [-119.691874, 39.125004], [-119.691286, 39.12539], [-119.691059, 39.12544], [-119.690582, 39.125352], [-119.69023, 39.125387], [-119.689797, 39.125513], [-119.689261, 39.125646], [-119.688951, 39.125702], [-119.688502, 39.125689], [-119.68785, 39.125323], [-119.687458, 39.12491], [-119.687447, 39.124676]]}, "props": {"MTFCC": "S1400", "NAME": null}}, {"geom": {"type": "LineString", "coordinates": [[-119.702818, 39.13397], [-119.702417, 39.13386], [-119.701947, 39.133812], [-119.701388, 39.133519], [-119.701131, 39.133431], [-119.700659, 39.133494]]}, "props": {"MTFCC": "S1400", "NAME": null}}, {"geom": {"type": "LineString", "coordinates": [[-119.673745, 39.12999], [-119.673361, 39.129806], [-119.672529, 39.129614], [-119.671201, 39.129583]]}, "props": {"MTFCC": "S1400", "NAME": null}}, {"geom": {"type": "LineString", "coordinates": [[-119.696311, 39.157149], [-119.696014, 39.157374]]}, "props": {"MTFCC": "S1500", "NAME": null}}, {"geom": {"type": "LineString", "coordinates": [[-119.67261, 39.198903], [-119.67197, 39.199287], [-119.671554, 39.199479], [-119.671234, 39.199639], [-119.670562, 39.199879], [-119.66957, 39.200199], [-119.66893, 39.200455], [-119.668402, 39.200695], [-119.66805, 39.200871], [-119.667858, 39.200983]]}, "props": {"MTFCC": "S1400", "NAME": null}}, {"geom": {"type": "LineString", "coordinates": [[-119.66693, 39.199847], [-119.666962, 39.199879], [-119.667074, 39.199719], [-119.667186, 39.199607], [-119.66757, 39.199271], [-119.667858, 39.199175], [-119.669282, 39.198471], [-119.669522, 39.198327], [-119.670162, 39.198151], [-119.670802, 39.197927], [-119.670978, 39.197879], [-119.671186, 39.197847], [-119.671682, 39.197687]]}, "props": {"MTFCC": "S1400", "NAME": null}}, {"geom": {"type": "LineString", "coordinates": [[-119.700495, 39.163926], [-119.699304, 39.163929], [-119.699059, 39.163862]]}, "props": {"MTFCC": "S1400", "NAME": null}}, {"geom": {"type": "LineString", "coordinates": [[-119.582075, 39.193985], [-119.581933, 39.193864], [-119.581891, 39.193827], [-119.581841, 39.193754], [-119.581823, 39.193694], [-119.581869, 39.193589], [-119.581905, 39.193525], [-119.581905, 39.193452], [-119.581878, 39.193351], [-119.581855, 39.193245], [-119.581836, 39.193135], [-119.581836, 39.193062], [-119.581882, 39.192979], [-119.581983, 39.192851], [-119.582102, 39.192677], [-119.582272, 39.192457], [-119.582405, 39.192246], [-119.582516, 39.192009], [-119.582708, 39.191507], [-119.582725, 39.191162], [-119.582789, 39.190989], [-119.582849, 39.190489], [-119.582847, 39.190351], [-119.582804, 39.189661], [-119.582691, 39.189524], [-119.582599, 39.189249], [-119.582794, 39.188937], [-119.582813, 39.188713], [-119.582787, 39.188472], [-119.582587, 39.188404], [-119.58252, 39.188405], [-119.582356, 39.188377], [-119.582231, 39.188356], [-119.581967, 39.188461], [-119.581835, 39.188532], [-119.581634, 39.18843], [-119.581387, 39.18819], [-119.580897, 39.188005], [-119.580673, 39.187817], [-119.580382, 39.187664], [-119.580114, 39.187512], [-119.579936, 39.187444], [-119.579558, 39.187378], [-119.579226, 39.187347], [-119.578893, 39.18735], [-119.578671, 39.187334], [-119.578403, 39.187164], [-119.578136, 39.18708], [-119.578045, 39.186943], [-119.577865, 39.18672], [-119.577685, 39.186567], [-119.577504, 39.186275], [-119.577167, 39.185933], [-119.576361, 39.185319], [-119.575981, 39.185098], [-119.575537, 39.185067], [-119.575291, 39.18488], [-119.574734, 39.184695], [-119.574668, 39.184682]]}, "props": {"MTFCC": "S1500", "NAME": null}}, {"geom": {"type": "LineString", "coordinates": [[-119.78443, 39.185119], [-119.78559, 39.185107]]}, "props": {"MTFCC": "S1400", "NAME": null}}, {"geom": {"type": "LineString", "coordinates": [[-119.816563, 39.190666], [-119.816612, 39.190745], [-119.816653, 39.190768], [-119.816697, 39.19077], [-119.816734, 39.190749], [-119.816754, 39.190717], [-119.816765, 39.190563], [-119.816764, 39.19049], [-119.816775, 39.19036], [-119.816765, 39.19018], [-119.81675, 39.190093], [-119.816682, 39.189925], [-119.816594, 39.189733], [-119.81653, 39.189573], [-119.816498, 39.189467], [-119.816428, 39.189373], [-119.816362, 39.189294], [-119.816204, 39.189153], [-119.816114, 39.189064], [-119.816069, 39.188999], [-119.816043, 39.18892], [-119.81604, 39.188716], [-119.816052, 39.188653], [-119.815893, 39.18866], [-119.815781, 39.188661], [-119.815652, 39.188646], [-119.815515, 39.188622], [-119.815403, 39.188584], [-119.815217, 39.188528], [-119.814983, 39.188446], [-119.81483, 39.188374], [-119.814781, 39.188344], [-119.814701, 39.188283], [-119.814661, 39.188237], [-119.814641, 39.188213], [-119.814595, 39.188107], [-119.814585, 39.188014], [-119.814594, 39.187936], [-119.814624, 39.187815], [-119.814663, 39.187712], [-119.814749, 39.187583], [-119.81486, 39.187457], [-119.814949, 39.187383], [-119.815142, 39.187281], [-119.815255, 39.187235], [-119.81536, 39.187212], [-119.81546, 39.187198], [-119.81558, 39.18719], [-119.815792, 39.187169]]}, "props": {"MTFCC": "S1400", "NAME": null}}, {"geom": {"type": "LineString", "coordinates": [[-119.751152, 39.15683], [-119.751137, 39.156994], [-119.750988, 39.157242], [-119.750435, 39.158165], [-119.749886, 39.158936], [-119.749763, 39.159054]]}, "props": {"MTFCC": "S1400", "NAME": null}}, {"geom": {"type": "LineString", "coordinates": [[-119.751152, 39.15683], [-119.751137, 39.156994], [-119.750988, 39.157242], [-119.750435, 39.158165], [-119.749886, 39.158936], [-119.749763, 39.159054]]}, "props": {"MTFCC": "S1400", "NAME": null}}, {"geom": {"type": "LineString", "coordinates": [[-119.747138, 39.17981], [-119.747301, 39.179633], [-119.747511, 39.179577], [-119.748872, 39.179581]]}, "props": {"MTFCC": "S1400", "NAME": null}}, {"geom": {"type": "LineString", "coordinates": [[-119.755519, 39.182931], [-119.755518, 39.183316]]}, "props": {"MTFCC": "S1400", "NAME": null}}, {"geom": {"type": "LineString", "coordinates": [[-119.746185, 39.179429], [-119.746061, 39.179742], [-119.746027, 39.179889], [-119.746055, 39.180196], [-119.746116, 39.1808], [-119.746113, 39.181448], [-119.746075, 39.181642], [-119.745978, 39.18214]]}, "props": {"MTFCC": "S1400", "NAME": null}}, {"geom": {"type": "LineString", "coordinates": [[-119.747981, 39.18409], [-119.748977, 39.18331], [-119.749742, 39.182759]]}, "props": {"MTFCC": "S1400", "NAME": null}}, {"geom": {"type": "LineString", "coordinates": [[-119.777128, 39.183612], [-119.777413, 39.183552]]}, "props": {"MTFCC": "S1400", "NAME": null}}, {"geom": {"type": "LineString", "coordinates": [[-119.779661, 39.186184], [-119.779648, 39.18613], [-119.779629, 39.186049], [-119.779618, 39.186001], [-119.779606, 39.18595], [-119.779593, 39.185898], [-119.77958, 39.185844], [-119.779551, 39.185731], [-119.779538, 39.185674], [-119.779524, 39.185615], [-119.779511, 39.185557], [-119.779502, 39.185498], [-119.779485, 39.185387], [-119.779478, 39.18534], [-119.779474, 39.185319], [-119.779448, 39.185206]]}, "props": {"MTFCC": "S1400", "NAME": null}}, {"geom": {"type": "LineString", "coordinates": [[-119.724505, 39.153994], [-119.724951, 39.154442], [-119.725183, 39.154678], [-119.725235, 39.154757], [-119.725269, 39.154841], [-119.725283, 39.154929], [-119.725278, 39.155017], [-119.725249, 39.155112], [-119.725203, 39.155193], [-119.72514, 39.155266], [-119.725062, 39.15533], [-119.724858, 39.155442], [-119.724777, 39.155501], [-119.7247, 39.155577], [-119.724639, 39.155661], [-119.724599, 39.155746], [-119.72458, 39.155807], [-119.724435, 39.15642], [-119.724439, 39.156493], [-119.72446, 39.156558], [-119.724499, 39.156618], [-119.724552, 39.156671], [-119.724625, 39.156717], [-119.725077, 39.156889]]}, "props": {"MTFCC": "S1400", "NAME": null}}, {"geom": {"type": "LineString", "coordinates": [[-119.695167, 39.119089], [-119.694785, 39.118705], [-119.694392, 39.118355], [-119.694287, 39.117955], [-119.694367, 39.117611], [-119.694688, 39.117142], [-119.695436, 39.116777]]}, "props": {"MTFCC": "S1400", "NAME": null}}, {"geom": {"type": "LineString", "coordinates": [[-119.684542, 39.117187], [-119.683891, 39.117363], [-119.683426, 39.117185], [-119.683158, 39.117192]]}, "props": {"MTFCC": "S1400", "NAME": null}}, {"geom": {"type": "LineString", "coordinates": [[-119.644516, 39.098052], [-119.644083, 39.097962], [-119.643478, 39.09769], [-119.642408, 39.097625], [-119.639346, 39.098366], [-119.637466, 39.09867], [-119.637005, 39.098649], [-119.636629, 39.098536], [-119.63588, 39.098082], [-119.635245, 39.098015], [-119.634466, 39.097606], [-119.634235, 39.097675], [-119.633602, 39.098159], [-119.632245, 39.098553], [-119.631059, 39.099016], [-119.630944, 39.09906], [-119.629946, 39.099586], [-119.62974, 39.099632]]}, "props": {"MTFCC": "S1400", "NAME": null}}, {"geom": {"type": "LineString", "coordinates": [[-119.588242, 39.085905], [-119.588499, 39.08677], [-119.588549, 39.087475], [-119.588513, 39.087721], [-119.58836, 39.088091], [-119.58837, 39.088767], [-119.588454, 39.089134], [-119.588695, 39.089439], [-119.588783, 39.090114], [-119.58883, 39.090635], [-119.588798, 39.091127], [-119.588887, 39.091863], [-119.589166, 39.092075], [-119.589764, 39.092592], [-119.590085, 39.093019], [-119.590524, 39.093384], [-119.590662, 39.093436], [-119.590999, 39.093564], [-119.591119, 39.093686], [-119.591325, 39.094298], [-119.591727, 39.094909], [-119.591852, 39.095368], [-119.591937, 39.095766], [-119.591864, 39.096228], [-119.591869, 39.096533]]}, "props": {"MTFCC": "S1500", "NAME": null}}, {"geom": {"type": "LineString", "coordinates": [[-119.810852, 39.209344], [-119.81194, 39.209289], [-119.813482, 39.2092], [-119.813767, 39.209191], [-119.814134, 39.209167], [-119.814418, 39.209158]]}, "props": {"MTFCC": "S1400", "NAME": null}}, {"geom": {"type": "LineString", "coordinates": [[-119.764054, 39.157372], [-119.764022, 39.156929], [-119.764022, 39.156787], [-119.764102, 39.156581]]}, "props": {"MTFCC": "S1400", "NAME": null}}, {"geom": {"type": "LineString", "coordinates": [[-119.762748, 39.154789], [-119.762302, 39.154757], [-119.761871, 39.154645], [-119.761638, 39.154693]]}, "props": {"MTFCC": "S1400", "NAME": null}}, {"geom": {"type": "LineString", "coordinates": [[-119.66069, 39.187687], [-119.660514, 39.187463], [-119.66037, 39.187159], [-119.660306, 39.186967], [-119.66021, 39.186743], [-119.660097, 39.186471], [-119.660033, 39.186135], [-119.659793, 39.185639], [-119.659697, 39.185191], [-119.659457, 39.184951], [-119.659249, 39.184615], [-119.659185, 39.184359], [-119.659217, 39.184151], [-119.659265, 39.183959]]}, "props": {"MTFCC": "S1400", "NAME": null}}, {"geom": {"type": "LineString", "coordinates": [[-119.659137, 39.182327], [-119.659009, 39.182439], [-119.658961, 39.182663], [-119.658897, 39.182743], [-119.658881, 39.183047], [-119.658961, 39.183207], [-119.659025, 39.183367], [-119.659153, 39.183543], [-119.659265, 39.183735], [-119.659329, 39.183879], [-119.659265, 39.183959]]}, "props": {"MTFCC": "S1400", "NAME": null}}, {"geom": {"type": "LineString", "coordinates": [[-119.657266, 39.194887], [-119.656978, 39.195159], [-119.656866, 39.195495], [-119.657042, 39.195687], [-119.657426, 39.195879], [-119.65781, 39.196055], [-119.658194, 39.196359], [-119.658354, 39.196663], [-119.65845, 39.196967], [-119.658562, 39.197127], [-119.658594, 39.197655], [-119.659138, 39.198407], [-119.65941, 39.198743], [-119.659666, 39.198871], [-119.659826, 39.199239], [-119.660002, 39.199463], [-119.660178, 39.199591], [-119.660354, 39.199879], [-119.661021, 39.200505], [-119.661034, 39.200541]]}, "props": {"MTFCC": "S1400", "NAME": null}}, {"geom": {"type": "LineString", "coordinates": [[-119.676222, 39.160954], [-119.676444, 39.161116], [-119.676626, 39.161152], [-119.676946, 39.161197], [-119.677175, 39.161269], [-119.677408, 39.161355], [-119.677574, 39.161471], [-119.678026, 39.161844], [-119.678298, 39.162008], [-119.678644, 39.162183], [-119.678794, 39.162278], [-119.678914, 39.162386], [-119.679046, 39.16252], [-119.679193, 39.162638], [-119.679335, 39.162727], [-119.67954, 39.16281], [-119.679739, 39.162862], [-119.680078, 39.16294], [-119.680192, 39.162993], [-119.680314, 39.163062], [-119.680431, 39.163145], [-119.680545, 39.16324], [-119.680685, 39.163312], [-119.680897, 39.163428], [-119.681015, 39.163534], [-119.681086, 39.163687], [-119.68132, 39.16392], [-119.681508, 39.164047], [-119.681623, 39.164172], [-119.681935, 39.164238], [-119.682094, 39.164337], [-119.682215, 39.16445]]}, "props": {"MTFCC": "S1400", "NAME": null}}, {"geom": {"type": "LineString", "coordinates": [[-119.671858, 39.170359], [-119.67157, 39.170471], [-119.671442, 39.170535], [-119.671298, 39.170631], [-119.671154, 39.170791], [-119.670898, 39.171047], [-119.670866, 39.171127], [-119.670898, 39.171143], [-119.670754, 39.171431], [-119.67061, 39.171479], [-119.67061, 39.171719], [-119.67053, 39.171751], [-119.670434, 39.171815], [-119.670434, 39.171783], [-119.67029, 39.171751], [-119.67021, 39.172023], [-119.670146, 39.172103], [-119.670066, 39.172247], [-119.670146, 39.172407]]}, "props": {"MTFCC": "S1400", "NAME": null}}, {"geom": {"type": "LineString", "coordinates": [[-119.65837, 39.195671], [-119.659048, 39.195543], [-119.659194, 39.195399], [-119.659599, 39.195126], [-119.659841, 39.19495], [-119.660101, 39.194662], [-119.660392, 39.194486], [-119.660603, 39.194342], [-119.660958, 39.194213], [-119.661281, 39.194149], [-119.661491, 39.194133], [-119.661991, 39.194133]]}, "props": {"MTFCC": "S1400", "NAME": null}}, {"geom": {"type": "LineString", "coordinates": [[-119.67261, 39.198903], [-119.672482, 39.198695], [-119.672274, 39.198439], [-119.672098, 39.198215], [-119.67189, 39.197911], [-119.671682, 39.197687]]}, "props": {"MTFCC": "S1400", "NAME": null}}, {"geom": {"type": "LineString", "coordinates": [[-119.655249, 39.148247], [-119.654816, 39.148135], [-119.65432, 39.147847], [-119.653904, 39.147415], [-119.653808, 39.147159], [-119.653569, 39.146856], [-119.653295, 39.146598], [-119.652832, 39.146375], [-119.652272, 39.146215], [-119.651568, 39.146039], [-119.651008, 39.145959], [-119.650656, 39.145927], [-119.650032, 39.145911], [-119.649473, 39.145928], [-119.648657, 39.146152], [-119.648097, 39.1462], [-119.647344, 39.146375], [-119.645728, 39.146151], [-119.645232, 39.146055], [-119.644687, 39.145942], [-119.644016, 39.145751], [-119.64376, 39.145687], [-119.643248, 39.145447], [-119.64296, 39.145239], [-119.642752, 39.145047], [-119.642336, 39.144871], [-119.639776, 39.144055], [-119.638576, 39.144103], [-119.63848, 39.143879], [-119.637504, 39.143207], [-119.6372, 39.142888], [-119.636575, 39.142343], [-119.636334, 39.142022], [-119.634735, 39.142247]]}, "props": {"MTFCC": "S1400", "NAME": null}}, {"geom": {"type": "LineString", "coordinates": [[-119.632268, 39.115731], [-119.632453, 39.115251], [-119.632754, 39.114824], [-119.632956, 39.114716], [-119.633128, 39.114925], [-119.633374, 39.115136], [-119.633546, 39.115337], [-119.633754, 39.11538], [-119.634104, 39.115154], [-119.634344, 39.114939], [-119.634762, 39.114912], [-119.634898, 39.114679], [-119.635026, 39.11453], [-119.635435, 39.11474], [-119.635997, 39.114989]]}, "props": {"MTFCC": "S1400", "NAME": null}}, {"geom": {"type": "LineString", "coordinates": [[-119.662993, 39.138758], [-119.663313, 39.13863], [-119.663489, 39.138246], [-119.663537, 39.137798], [-119.663569, 39.137478], [-119.663617, 39.136982], [-119.663825, 39.136934], [-119.664145, 39.136902], [-119.664849, 39.136854]]}, "props": {"MTFCC": "S1400", "NAME": null}}, {"geom": {"type": "LineString", "coordinates": [[-119.781334, 39.16806], [-119.781606, 39.167835], [-119.781601, 39.166371]]}, "props": {"MTFCC": "S1400", "NAME": null}}, {"geom": {"type": "LineString", "coordinates": [[-119.775108, 39.129808], [-119.77599, 39.130181], [-119.776037, 39.130202], [-119.776166, 39.130261], [-119.776054, 39.130357], [-119.775766, 39.130789], [-119.775846, 39.130757]]}, "props": {"MTFCC": "S1400", "NAME": null}}, {"geom": {"type": "LineString", "coordinates": [[-119.773942, 39.118417], [-119.774049, 39.118279], [-119.774079, 39.118169]]}, "props": {"MTFCC": "S1740", "NAME": null}}, {"geom": {"type": "LineString", "coordinates": [[-119.775087, 39.11844], [-119.774995, 39.11847], [-119.774896, 39.118455], [-119.774835, 39.118431]]}, "props": {"MTFCC": "S1740", "NAME": null}}, {"geom": {"type": "LineString", "coordinates": [[-119.75309, 39.15254], [-119.753097, 39.153165], [-119.753163, 39.153295]]}, "props": {"MTFCC": "S1400", "NAME": null}}, {"geom": {"type": "LineString", "coordinates": [[-119.762759, 39.213414], [-119.762807, 39.213286], [-119.762727, 39.213238], [-119.762631, 39.213222], [-119.762407, 39.213254], [-119.762087, 39.213398], [-119.761879, 39.213558], [-119.761655, 39.21383], [-119.761511, 39.21399], [-119.761447, 39.21415], [-119.761271, 39.214278], [-119.761079, 39.214214], [-119.760839, 39.214102], [-119.760599, 39.213894], [-119.760247, 39.213846], [-119.759831, 39.21383], [-119.759367, 39.21399], [-119.759079, 39.214022], [-119.758871, 39.213958], [-119.758615, 39.214022], [-119.757943, 39.21415], [-119.757767, 39.21431]]}, "props": {"MTFCC": "S1400", "NAME": null}}, {"geom": {"type": "LineString", "coordinates": [[-119.770871, 39.215285], [-119.77079, 39.215346], [-119.770768, 39.215447]]}, "props": {"MTFCC": "S1400", "NAME": null}}, {"geom": {"type": "LineString", "coordinates": [[-119.796303, 39.188972], [-119.796298, 39.188121]]}, "props": {"MTFCC": "S1400", "NAME": null}}, {"geom": {"type": "LineString", "coordinates": [[-119.754244, 39.189445], [-119.752466, 39.188259], [-119.7514, 39.187546], [-119.751122, 39.187361], [-119.750743, 39.187131]]}, "props": {"MTFCC": "S1630", "NAME": null}}, {"geom": {"type": "LineString", "coordinates": [[-119.725573, 39.152035], [-119.725924, 39.152028], [-119.72609, 39.152097]]}, "props": {"MTFCC": "S1400", "NAME": null}}, {"geom": {"type": "LineString", "coordinates": [[-119.782765, 39.184029], [-119.78297, 39.18366], [-119.78313, 39.183411], [-119.7832, 39.183279], [-119.783231, 39.183198], [-119.78325, 39.183106], [-119.78325, 39.182825], [-119.783188, 39.181931], [-119.783181, 39.18173], [-119.783198, 39.181642], [-119.783306, 39.181445], [-119.78349, 39.181273]]}, "props": {"MTFCC": "S1400", "NAME": null}}, {"geom": {"type": "LineString", "coordinates": [[-119.782765, 39.184029], [-119.78297, 39.18366], [-119.78313, 39.183411], [-119.7832, 39.183279], [-119.783231, 39.183198], [-119.78325, 39.183106], [-119.78325, 39.182825], [-119.783188, 39.181931], [-119.783181, 39.18173], [-119.783198, 39.181642], [-119.783306, 39.181445], [-119.78349, 39.181273]]}, "props": {"MTFCC": "S1400", "NAME": null}}, {"geom": {"type": "LineString", "coordinates": [[-119.750946, 39.159263], [-119.751282, 39.159253], [-119.751498, 39.159269], [-119.751808, 39.159285]]}, "props": {"MTFCC": "S1400", "NAME": null}}, {"geom": {"type": "LineString", "coordinates": [[-119.746681, 39.178482], [-119.746368, 39.178619], [-119.746307, 39.17865], [-119.746246, 39.178703], [-119.746193, 39.178772]]}, "props": {"MTFCC": "S1400", "NAME": null}}, {"geom": {"type": "LineString", "coordinates": [[-119.763527, 39.14074], [-119.764496, 39.14074]]}, "props": {"MTFCC": "S1400", "NAME": null}}, {"geom": {"type": "LineString", "coordinates": [[-119.688556, 39.187818], [-119.688533, 39.187834], [-119.688512, 39.189781], [-119.688569, 39.190094], [-119.688813, 39.190502], [-119.689635, 39.191524]]}, "props": {"MTFCC": "S1400", "NAME": null}}, {"geom": {"type": "LineString", "coordinates": [[-119.693638, 39.190163], [-119.691032, 39.191088]]}, "props": {"MTFCC": "S1400", "NAME": null}}, {"geom": {"type": "LineString", "coordinates": [[-119.848597, 39.113603], [-119.848746, 39.113326]]}, "props": {"MTFCC": "S1400", "NAME": null}}, {"geom": {"type": "LineString", "coordinates": [[-119.760089, 39.154181], [-119.760091, 39.154257], [-119.760095, 39.154339], [-119.760097, 39.1544], [-119.7601, 39.154446], [-119.760106, 39.154534], [-119.760106, 39.154604], [-119.760107, 39.154656], [-119.760106, 39.154711], [-119.760107, 39.154782], [-119.760107, 39.154829], [-119.760104, 39.154878], [-119.760104, 39.154975], [-119.760084, 39.155021], [-119.76006, 39.155063], [-119.760058, 39.155079]]}, "props": {"MTFCC": "S1400", "NAME": null}}, {"geom": {"type": "LineString", "coordinates": [[-119.82212, 39.119325], [-119.822061, 39.119275], [-119.821997, 39.119226], [-119.821916, 39.11916], [-119.821871, 39.119126], [-119.821829, 39.119087], [-119.821785, 39.119048], [-119.821737, 39.119009], [-119.82169, 39.118967], [-119.82164, 39.118924], [-119.821589, 39.118882], [-119.821536, 39.118839], [-119.821485, 39.118796], [-119.821436, 39.118749], [-119.821385, 39.1187], [-119.821333, 39.118652], [-119.821282, 39.118602], [-119.821203, 39.1185], [-119.821171, 39.118445], [-119.821144, 39.118391], [-119.821105, 39.118281], [-119.821092, 39.118176], [-119.821093, 39.118126], [-119.821095, 39.118077], [-119.821096, 39.118028], [-119.821099, 39.117932], [-119.8211, 39.117885], [-119.821079, 39.117685], [-119.821067, 39.117639], [-119.821048, 39.117594], [-119.821026, 39.117549], [-119.821003, 39.117506], [-119.820947, 39.117431], [-119.820904, 39.117391], [-119.820864, 39.117347], [-119.820825, 39.117302], [-119.820779, 39.117258], [-119.820733, 39.117225], [-119.82064, 39.117187], [-119.820335, 39.11716], [-119.820251, 39.117155], [-119.820165, 39.117155], [-119.820083, 39.117158], [-119.819846, 39.117165], [-119.819771, 39.117163], [-119.819701, 39.117157], [-119.819569, 39.117131], [-119.819511, 39.117109], [-119.819457, 39.117081], [-119.819415, 39.117043], [-119.819377, 39.116998], [-119.819345, 39.116954], [-119.81932, 39.116908], [-119.819298, 39.116855], [-119.81928, 39.116802], [-119.819266, 39.116753], [-119.819252, 39.1167], [-119.819241, 39.116647], [-119.819235, 39.116594], [-119.81923, 39.116541], [-119.819227, 39.11649], [-119.819224, 39.116441], [-119.819216, 39.116353], [-119.819189, 39.116229], [-119.819158, 39.116157], [-119.819125, 39.116089], [-119.819071, 39.116022], [-119.818989, 39.115973], [-119.818876, 39.115963], [-119.818816, 39.115967], [-119.818703, 39.115975], [-119.818643, 39.115985], [-119.818579, 39.115989], [-119.818519, 39.115993], [-119.818459, 39.115997], [-119.8184, 39.116003], [-119.818341, 39.11601], [-119.818282, 39.116017], [-119.818164, 39.116027], [-119.818098, 39.116032], [-119.818033, 39.116037], [-119.817975, 39.116045], [-119.817918, 39.116056], [-119.817857, 39.116063], [-119.817723, 39.116073], [-119.817675, 39.116047], [-119.81769, 39.11597], [-119.817767, 39.115889], [-119.817816, 39.115849], [-119.817873, 39.115817], [-119.817915, 39.11578], [-119.817885, 39.115741], [-119.817831, 39.115671]]}, "props": {"MTFCC": "S1400", "NAME": null}}, {"geom": {"type": "LineString", "coordinates": [[-119.741636, 39.175615], [-119.741775, 39.175956], [-119.742205, 39.176969], [-119.742583, 39.177819], [-119.742708, 39.178102], [-119.743057, 39.178957], [-119.743114, 39.179107], [-119.743151, 39.179211], [-119.743336, 39.179709]]}, "props": {"MTFCC": "S1630", "NAME": null}}, {"geom": {"type": "LineString", "coordinates": [[-119.748881, 39.185925], [-119.750956, 39.187842], [-119.752179, 39.188973], [-119.752762, 39.18951]]}, "props": {"MTFCC": "S1630", "NAME": null}}, {"geom": {"type": "LineString", "coordinates": [[-119.743364, 39.154721], [-119.744005, 39.153395], [-119.744475, 39.152409], [-119.74474, 39.151869], [-119.744838, 39.151684], [-119.744978, 39.151492], [-119.745148, 39.151276], [-119.74527, 39.151121], [-119.745358, 39.151002], [-119.745463, 39.150871], [-119.745523, 39.1508], [-119.745575, 39.150722], [-119.74564, 39.150619], [-119.745673, 39.150538], [-119.745721, 39.150432], [-119.745768, 39.150309], [-119.745805, 39.15012], [-119.745827, 39.149954], [-119.745824, 39.149796], [-119.745821, 39.14972], [-119.745824, 39.149607], [-119.745834, 39.149521], [-119.745845, 39.149438], [-119.745865, 39.149356], [-119.745886, 39.14927], [-119.746425, 39.147697], [-119.746648, 39.147017], [-119.746693, 39.146859], [-119.746745, 39.146666], [-119.74681, 39.146409], [-119.746843, 39.146255], [-119.746872, 39.146117], [-119.746896, 39.145969], [-119.746916, 39.145801], [-119.746934, 39.145639], [-119.746947, 39.145478], [-119.746964, 39.145231], [-119.746968, 39.144719], [-119.746927, 39.14445]]}, "props": {"MTFCC": "S1630", "NAME": null}}, {"geom": {"type": "LineString", "coordinates": [[-119.760406, 39.186967], [-119.759451, 39.186959]]}, "props": {"MTFCC": "S1400", "NAME": null}}, {"geom": {"type": "LineString", "coordinates": [[-119.791877, 39.166472], [-119.791806, 39.167723]]}, "props": {"MTFCC": "S1400", "NAME": null}}, {"geom": {"type": "LineString", "coordinates": [[-119.791877, 39.166472], [-119.791806, 39.167723]]}, "props": {"MTFCC": "S1400", "NAME": null}}, {"geom": {"type": "LineString", "coordinates": [[-119.775014, 39.146629], [-119.774457, 39.147237], [-119.774057, 39.147758], [-119.773516, 39.148206], [-119.772942, 39.148727], [-119.77273, 39.149173], [-119.772288, 39.149723], [-119.771934, 39.150099], [-119.771696, 39.150446]]}, "props": {"MTFCC": "S1400", "NAME": null}}, {"geom": {"type": "LineString", "coordinates": [[-119.78463, 39.149029], [-119.784806, 39.148997], [-119.785302, 39.148949], [-119.78591, 39.148901], [-119.78623, 39.148869], [-119.786262, 39.148981], [-119.78639, 39.149173], [-119.787126, 39.149269], [-119.787942, 39.149477], [-119.788566, 39.149653], [-119.788982, 39.149925], [-119.78975, 39.150181], [-119.790326, 39.150245], [-119.790598, 39.150277]]}, "props": {"MTFCC": "S1400", "NAME": null}}, {"geom": {"type": "LineString", "coordinates": [[-119.785366, 39.152965], [-119.785558, 39.152245], [-119.785702, 39.151621], [-119.785814, 39.151173], [-119.785526, 39.150213], [-119.785286, 39.149797], [-119.785046, 39.149445], [-119.784806, 39.149221], [-119.78463, 39.149029]]}, "props": {"MTFCC": "S1400", "NAME": null}}, {"geom": {"type": "LineString", "coordinates": [[-119.759818, 39.108198], [-119.760171, 39.108186], [-119.760396, 39.108158], [-119.760545, 39.108101], [-119.760661, 39.107989], [-119.760698, 39.107868], [-119.76069, 39.107756], [-119.760698, 39.106547], [-119.760694, 39.106462], [-119.760673, 39.106422], [-119.76066, 39.106385], [-119.760577, 39.106254], [-119.760432, 39.106169], [-119.760123, 39.106121], [-119.759766, 39.106141], [-119.758822, 39.106137], [-119.758577, 39.106137], [-119.75789, 39.106137], [-119.756978, 39.106132]]}, "props": {"MTFCC": "S1400", "NAME": null}}, {"geom": {"type": "LineString", "coordinates": [[-119.78791, 39.200795], [-119.788462, 39.201586], [-119.789067, 39.202499], [-119.789291, 39.202795], [-119.78942, 39.203265]]}, "props": {"MTFCC": "S1400", "NAME": null}}, {"geom": {"type": "LineString", "coordinates": [[-119.707475, 39.216333], [-119.707185, 39.216564], [-119.706644, 39.216545], [-119.706322, 39.216325], [-119.706128, 39.216129], [-119.705743, 39.21591], [-119.70539, 39.215765], [-119.704626, 39.215698], [-119.704148, 39.215703], [-119.703639, 39.215683], [-119.703095, 39.21549], [-119.702579, 39.215074], [-119.701614, 39.21439], [-119.7011, 39.214098], [-119.699812, 39.213121], [-119.699361, 39.212754], [-119.698941, 39.212386], [-119.698653, 39.212303], [-119.698526, 39.212267], [-119.698304, 39.212294], [-119.698052, 39.212494], [-119.697864, 39.212694], [-119.697799, 39.212546], [-119.697379, 39.212203], [-119.697185, 39.211958], [-119.696765, 39.211566], [-119.696151, 39.210978], [-119.695571, 39.210488], [-119.695227, 39.210076], [-119.695182, 39.210022], [-119.694823, 39.20948], [-119.694335, 39.208817], [-119.69388, 39.208178], [-119.693554, 39.207686], [-119.692909, 39.207123], [-119.692327, 39.206367]]}, "props": {"MTFCC": "S1500", "NAME": null}}, {"geom": {"type": "LineString", "coordinates": [[-119.704026, 39.238919], [-119.704334, 39.238967], [-119.704593, 39.239067], [-119.704772, 39.239107], [-119.70495, 39.239206], [-119.705348, 39.239464], [-119.705686, 39.239703], [-119.706024, 39.239981], [-119.706302, 39.24018], [-119.706302, 39.240259], [-119.706242, 39.240319], [-119.706381, 39.240657], [-119.70682, 39.242178], [-119.706937, 39.242585], [-119.707116, 39.242883], [-119.707672, 39.243519], [-119.707812, 39.243638], [-119.708229, 39.244712], [-119.708182, 39.244824], [-119.708086, 39.245128], [-119.708054, 39.24524], [-119.708038, 39.245288]]}, "props": {"MTFCC": "S1400", "NAME": null}}, {"geom": {"type": "LineString", "coordinates": [[-119.771896, 39.120827], [-119.771408, 39.120888], [-119.770582, 39.120999], [-119.769343, 39.121162], [-119.769256, 39.121173], [-119.768163, 39.121316], [-119.767653, 39.121383], [-119.767026, 39.121466], [-119.766803, 39.121482], [-119.766458, 39.121494], [-119.766156, 39.121502], [-119.765819, 39.121506], [-119.765561, 39.121518], [-119.765331, 39.121529], [-119.764934, 39.121557], [-119.764409, 39.121581], [-119.763802, 39.121613], [-119.763545, 39.121633], [-119.763187, 39.121652], [-119.763, 39.121664], [-119.762746, 39.12168], [-119.762649, 39.121687], [-119.762579, 39.121692], [-119.762428, 39.1217], [-119.762143, 39.121704], [-119.761706, 39.121708], [-119.761436, 39.121708], [-119.76112, 39.121711], [-119.760965, 39.121713], [-119.760078, 39.121713], [-119.758909, 39.121713], [-119.75656, 39.121713], [-119.755223, 39.121713], [-119.754716, 39.121725], [-119.754419, 39.121751], [-119.754172, 39.12177], [-119.75395, 39.121801], [-119.753728, 39.121831], [-119.753511, 39.121869], [-119.753308, 39.121903], [-119.753125, 39.121941], [-119.752864, 39.121999], [-119.752624, 39.122057], [-119.752386, 39.122121], [-119.752183, 39.122176], [-119.752007, 39.122231], [-119.751873, 39.122277], [-119.751685, 39.122347], [-119.751508, 39.122413], [-119.751294, 39.122503], [-119.751149, 39.122564], [-119.750958, 39.122645], [-119.750743, 39.12275], [-119.750535, 39.122863], [-119.750355, 39.122961], [-119.750172, 39.123063], [-119.750016, 39.123164], [-119.749877, 39.123251], [-119.749726, 39.123349], [-119.749575, 39.12346], [-119.749425, 39.123567], [-119.749315, 39.123659], [-119.74921, 39.123746], [-119.74908, 39.123854], [-119.748967, 39.123952], [-119.74886, 39.124045], [-119.748747, 39.124155], [-119.748651, 39.124251], [-119.748544, 39.124358], [-119.748436, 39.124471], [-119.748332, 39.124598], [-119.748231, 39.124714], [-119.748135, 39.124836], [-119.748039, 39.124961], [-119.747915, 39.125143], [-119.747822, 39.125279], [-119.747695, 39.125485], [-119.747631, 39.125607], [-119.747553, 39.125746], [-119.747454, 39.125943], [-119.747385, 39.126094], [-119.747329, 39.126215], [-119.747251, 39.12641], [-119.747214, 39.126511], [-119.747167, 39.126633], [-119.747127, 39.126749], [-119.747098, 39.126838], [-119.74706, 39.126986], [-119.747014, 39.127175], [-119.746979, 39.127322], [-119.746956, 39.127438], [-119.746938, 39.127534], [-119.746921, 39.127638], [-119.746906, 39.127737], [-119.746898, 39.127829], [-119.746889, 39.127908], [-119.746883, 39.128003], [-119.746877, 39.128116], [-119.74688, 39.128241], [-119.746881, 39.128395], [-119.746884, 39.132009], [-119.746885, 39.13379], [-119.746887, 39.135465], [-119.746887, 39.135655], [-119.746893, 39.140152], [-119.746897, 39.1407], [-119.746927, 39.14445], [-119.74693, 39.144767], [-119.746918, 39.145132], [-119.746906, 39.145366], [-119.746881, 39.145613], [-119.746844, 39.145842], [-119.746794, 39.146119], [-119.746772, 39.14623], [-119.746757, 39.146305], [-119.746696, 39.146527], [-119.746622, 39.146768], [-119.746535, 39.146996], [-119.746443, 39.147231], [-119.746331, 39.147496], [-119.746232, 39.147737], [-119.745743, 39.148916], [-119.74527, 39.150116], [-119.744605, 39.151748], [-119.743364, 39.154721], [-119.743009, 39.1556], [-119.74212, 39.15768], [-119.741501, 39.159198], [-119.741305, 39.159709], [-119.740477, 39.161764], [-119.739286, 39.164626], [-119.738688, 39.166043], [-119.738402, 39.16698], [-119.738298, 39.167565], [-119.738233, 39.168111], [-119.73822, 39.16871], [-119.738272, 39.169425], [-119.73836, 39.16985], [-119.738452, 39.170219], [-119.738588, 39.17064], [-119.738776, 39.171126], [-119.739074, 39.171708], [-119.739408, 39.172336], [-119.739634, 39.172763], [-119.739676, 39.172851], [-119.739924, 39.17331], [-119.740005, 39.173459], [-119.740604, 39.17459], [-119.740663, 39.174702], [-119.740731, 39.17483], [-119.742349, 39.17784], [-119.742577, 39.178283], [-119.742701, 39.178511], [-119.743013, 39.179107], [-119.743062, 39.179209], [-119.743336, 39.179709], [-119.743681, 39.180335], [-119.744013, 39.180978], [-119.744223, 39.181337], [-119.744385, 39.181587], [-119.744579, 39.181848], [-119.744776, 39.182083], [-119.744924, 39.182279], [-119.745142, 39.182503], [-119.745451, 39.182833], [-119.74575, 39.183094], [-119.746071, 39.18338], [-119.746493, 39.183715], [-119.74705, 39.184153], [-119.747332, 39.184402], [-119.74746, 39.184503], [-119.747683, 39.184679], [-119.748325, 39.185184], [-119.749742, 39.186305], [-119.750743, 39.187131], [-119.751234, 39.187537], [-119.754228, 39.18991], [-119.754365, 39.190018], [-119.75453, 39.190156], [-119.754979, 39.190529], [-119.755587, 39.190995], [-119.756067, 39.191353], [-119.756425, 39.19163], [-119.756602, 39.191758], [-119.757386, 39.192198], [-119.758202, 39.192533], [-119.75901, 39.192792], [-119.759622, 39.192978], [-119.760004, 39.193043], [-119.760216, 39.19308], [-119.760732, 39.193146], [-119.761133, 39.193182], [-119.761444, 39.193201], [-119.762136, 39.193213], [-119.762908, 39.193219], [-119.763954, 39.193213], [-119.764994, 39.193207], [-119.765368, 39.193232], [-119.765877, 39.193256], [-119.766314, 39.193313], [-119.766675, 39.193362], [-119.767273, 39.193468], [-119.768014, 39.193674], [-119.7686, 39.193861], [-119.769216, 39.194085], [-119.769995, 39.194471], [-119.770642, 39.194826], [-119.77091, 39.195019], [-119.771589, 39.195511], [-119.772535, 39.196327], [-119.773582, 39.197217], [-119.77476, 39.19828], [-119.774924, 39.19841], [-119.77572, 39.199037], [-119.776352, 39.199582], [-119.777073, 39.200203], [-119.777964, 39.200956], [-119.778498, 39.20141], [-119.778863, 39.201693], [-119.779462, 39.202082], [-119.779843, 39.202293], [-119.780117, 39.202461], [-119.782468, 39.203727], [-119.783134, 39.204093], [-119.783599, 39.204288], [-119.784108, 39.204498], [-119.784385, 39.20458], [-119.784849, 39.204737], [-119.785231, 39.204842], [-119.785807, 39.204999], [-119.786668, 39.205142], [-119.78708, 39.205187], [-119.787724, 39.205217], [-119.788323, 39.205269], [-119.788879, 39.205289], [-119.789311, 39.205306], [-119.789903, 39.205366], [-119.79155, 39.205464], [-119.79283, 39.205553], [-119.793924, 39.205628], [-119.79441, 39.205703], [-119.794822, 39.205778], [-119.795159, 39.205868], [-119.795803, 39.206093], [-119.796626, 39.20634], [-119.797195, 39.206542], [-119.797914, 39.206759], [-119.798236, 39.206826], [-119.798476, 39.206864], [-119.79873, 39.206901], [-119.799195, 39.206954], [-119.799554, 39.206999], [-119.800056, 39.207051], [-119.800475, 39.207081], [-119.801078, 39.207135], [-119.801468, 39.207208], [-119.801663, 39.20725], [-119.801898, 39.207307], [-119.802271, 39.207422], [-119.802522, 39.207495], [-119.802767, 39.207591], [-119.803038, 39.20769], [-119.803183, 39.207756], [-119.803342, 39.207832], [-119.80354, 39.207934], [-119.803718, 39.20803], [-119.803986, 39.208201], [-119.804197, 39.208328], [-119.804328, 39.208426]]}, "props": {"MTFCC": "S1100", "NAME": null}}, {"geom": {"type": "LineString", "coordinates": [[-119.75131, 39.182248], [-119.751713, 39.182262], [-119.752072, 39.182265], [-119.752353, 39.182277], [-119.753143, 39.182282], [-119.753925, 39.182282], [-119.754719, 39.182283], [-119.755908, 39.182246], [-119.756797, 39.182247], [-119.756969, 39.182248], [-119.757196, 39.18225], [-119.757252, 39.182261], [-119.757315, 39.182288], [-119.75737, 39.182332], [-119.757485, 39.182463]]}, "props": {"MTFCC": "S1400", "NAME": null}}, {"geom": {"type": "LineString", "coordinates": [[-119.751838, 39.180905], [-119.753747, 39.18088], [-119.755896, 39.180915], [-119.758833, 39.180869], [-119.759089, 39.180873], [-119.759369, 39.180877]]}, "props": {"MTFCC": "S1400", "NAME": null}}, {"geom": {"type": "LineString", "coordinates": [[-119.751846, 39.132004], [-119.751862, 39.130184], [-119.751854, 39.128395], [-119.751898, 39.128302], [-119.751903, 39.127552], [-119.751906, 39.127198], [-119.751906, 39.125187], [-119.751912, 39.124776], [-119.751903, 39.123135]]}, "props": {"MTFCC": "S1400", "NAME": null}}, {"geom": {"type": "LineString", "coordinates": [[-119.758858, 39.144367], [-119.757896, 39.144367], [-119.756989, 39.144363]]}, "props": {"MTFCC": "S1400", "NAME": null}}, {"geom": {"type": "LineString", "coordinates": [[-119.778996, 39.18059], [-119.779004, 39.179703]]}, "props": {"MTFCC": "S1400", "NAME": null}}, {"geom": {"type": "LineString", "coordinates": [[-119.77404, 39.201324], [-119.774033, 39.201489], [-119.774039, 39.201565], [-119.774033, 39.201687]]}, "props": {"MTFCC": "S1400", "NAME": null}}, {"geom": {"type": "LineString", "coordinates": [[-119.775095, 39.199469], [-119.774824, 39.199592], [-119.774517, 39.199641], [-119.772741, 39.199644], [-119.768478, 39.199646]]}, "props": {"MTFCC": "S1400", "NAME": null}}, {"geom": {"type": "LineString", "coordinates": [[-119.780128, 39.204365], [-119.777138, 39.204376], [-119.777051, 39.204379], [-119.777016, 39.20438], [-119.776863, 39.204376], [-119.776825, 39.204365], [-119.776733, 39.204315], [-119.776405, 39.204023], [-119.776305, 39.204068], [-119.775866, 39.204075], [-119.775635, 39.204072], [-119.775427, 39.204061], [-119.775323, 39.204062], [-119.774543, 39.204068], [-119.774429, 39.204035], [-119.77436, 39.203942], [-119.774293, 39.203914], [-119.773472, 39.203915]]}, "props": {"MTFCC": "S1400", "NAME": null}}, {"geom": {"type": "LineString", "coordinates": [[-119.755776, 39.192324], [-119.755386, 39.192505], [-119.755035, 39.192616], [-119.754539, 39.192734], [-119.75415, 39.19278], [-119.752258, 39.192913], [-119.752106, 39.192921], [-119.751503, 39.192966], [-119.75145, 39.192978], [-119.751152, 39.192993], [-119.751038, 39.193005], [-119.750511, 39.19302], [-119.75013, 39.193016], [-119.749985, 39.193005], [-119.749901, 39.193005], [-119.749252, 39.192951], [-119.749146, 39.192936], [-119.748886, 39.192905], [-119.748322, 39.192795], [-119.74807, 39.192726], [-119.747726, 39.192612], [-119.747207, 39.192412], [-119.747182, 39.192407], [-119.746887, 39.192278], [-119.746598, 39.192137], [-119.745155, 39.191376], [-119.745055, 39.191338], [-119.744949, 39.191314], [-119.744876, 39.191304], [-119.744803, 39.191301], [-119.743374, 39.191295]]}, "props": {"MTFCC": "S1400", "NAME": null}}, {"geom": {"type": "LineString", "coordinates": [[-119.758983, 39.193723], [-119.75901, 39.194523], [-119.75901, 39.194569], [-119.758995, 39.194618], [-119.758995, 39.195267], [-119.759003, 39.195427], [-119.75898, 39.195564], [-119.758911, 39.195709], [-119.758873, 39.195763], [-119.758705, 39.195923], [-119.758553, 39.196049], [-119.75853, 39.196079], [-119.758438, 39.19614], [-119.758385, 39.196159], [-119.758293, 39.19622], [-119.758179, 39.196342], [-119.758148, 39.196362], [-119.758049, 39.196476], [-119.757988, 39.196556], [-119.757935, 39.196701], [-119.757912, 39.19693], [-119.757912, 39.197159], [-119.757919, 39.197254], [-119.757919, 39.198334], [-119.757927, 39.19846]]}, "props": {"MTFCC": "S1400", "NAME": null}}, {"geom": {"type": "LineString", "coordinates": [[-119.77475, 39.178394], [-119.773796, 39.178448], [-119.773403, 39.178449], [-119.772825, 39.178467], [-119.770802, 39.17847], [-119.77078, 39.177942]]}, "props": {"MTFCC": "S1400", "NAME": null}}, {"geom": {"type": "LineString", "coordinates": [[-119.77565, 39.178371], [-119.77565, 39.176666], [-119.77565, 39.175899], [-119.775555, 39.175715], [-119.775382, 39.17557]]}, "props": {"MTFCC": "S1400", "NAME": null}}, {"geom": {"type": "LineString", "coordinates": [[-119.777275, 39.178364], [-119.77727, 39.176666]]}, "props": {"MTFCC": "S1400", "NAME": null}}, {"geom": {"type": "LineString", "coordinates": [[-119.76577, 39.149151], [-119.764397, 39.149151], [-119.764221, 39.149147], [-119.764061, 39.149155], [-119.762718, 39.149155], [-119.762032, 39.149155], [-119.761192, 39.149155], [-119.758797, 39.149151], [-119.757469, 39.149155], [-119.757439, 39.14917], [-119.757423, 39.149183], [-119.757401, 39.149384], [-119.757408, 39.14978], [-119.757401, 39.149914]]}, "props": {"MTFCC": "S1400", "NAME": null}}, {"geom": {"type": "LineString", "coordinates": [[-119.768288, 39.141911], [-119.767952, 39.141918], [-119.767742, 39.141904], [-119.765968, 39.141891], [-119.765775, 39.14189], [-119.765441, 39.141889], [-119.763527, 39.141884], [-119.762625, 39.141885], [-119.759956, 39.141876], [-119.759521, 39.141876], [-119.759361, 39.141865], [-119.759216, 39.141819], [-119.759064, 39.141712], [-119.758652, 39.14135], [-119.758064, 39.140827], [-119.757469, 39.140305], [-119.75737, 39.140217], [-119.757286, 39.140163], [-119.757156, 39.140102], [-119.756989, 39.140057], [-119.756866, 39.140038], [-119.755058, 39.14003], [-119.752464, 39.140022], [-119.751892, 39.140022], [-119.75042, 39.140018], [-119.750099, 39.140015], [-119.749947, 39.139992], [-119.74987, 39.139969], [-119.749802, 39.139935], [-119.749779, 39.139915], [-119.749664, 39.139835], [-119.749573, 39.139717], [-119.749527, 39.139584], [-119.749519, 39.139442], [-119.749519, 39.139301], [-119.749519, 39.138603], [-119.749512, 39.138282], [-119.749438, 39.138131], [-119.749298, 39.137997], [-119.748973, 39.137899], [-119.748479, 39.137901], [-119.747697, 39.137887]]}, "props": {"MTFCC": "S1400", "NAME": null}}, {"geom": {"type": "LineString", "coordinates": [[-119.755981, 39.143272], [-119.755142, 39.143272], [-119.754601, 39.143272], [-119.754364, 39.143261], [-119.754204, 39.143261], [-119.753273, 39.143261], [-119.751884, 39.143257]]}, "props": {"MTFCC": "S1400", "NAME": null}}, {"geom": {"type": "LineString", "coordinates": [[-119.769126, 39.1357], [-119.769154, 39.135694], [-119.769225, 39.135693], [-119.769391, 39.135652], [-119.769585, 39.135612], [-119.770404, 39.135603]]}, "props": {"MTFCC": "S1400", "NAME": null}}, {"geom": {"type": "LineString", "coordinates": [[-119.772428, 39.135709], [-119.772428, 39.135792], [-119.772415, 39.135854], [-119.772406, 39.135904], [-119.772392, 39.135957], [-119.772372, 39.136014], [-119.772348, 39.136068], [-119.772325, 39.136113], [-119.772311, 39.136158], [-119.772354, 39.136208], [-119.772423, 39.136222], [-119.772486, 39.136229], [-119.77256, 39.136243], [-119.772625, 39.136258], [-119.772687, 39.136278], [-119.772735, 39.136312], [-119.772767, 39.136354]]}, "props": {"MTFCC": "S1750", "NAME": null}}, {"geom": {"type": "LineString", "coordinates": [[-119.770546, 39.135357], [-119.770568, 39.135327], [-119.770723, 39.135189], [-119.770872, 39.135101], [-119.771056, 39.13502], [-119.771227, 39.134939], [-119.771451, 39.134823], [-119.771629, 39.13471], [-119.771833, 39.134529], [-119.772009, 39.134297], [-119.772153, 39.133886], [-119.77241, 39.132586], [-119.772627, 39.131902], [-119.772669, 39.131675]]}, "props": {"MTFCC": "S1400", "NAME": null}}, {"geom": {"type": "LineString", "coordinates": [[-119.771726, 39.126613], [-119.771643, 39.127521]]}, "props": {"MTFCC": "S1400", "NAME": null}}, {"geom": {"type": "LineString", "coordinates": [[-119.728058, 39.17075], [-119.728989, 39.170753], [-119.729942, 39.170757], [-119.730881, 39.170761], [-119.731628, 39.170769], [-119.731812, 39.170765], [-119.734344, 39.17078], [-119.734596, 39.170776]]}, "props": {"MTFCC": "S1400", "NAME": null}}, {"geom": {"type": "LineString", "coordinates": [[-119.767231, 39.13561], [-119.767733, 39.135612], [-119.76779, 39.135559], [-119.767833, 39.135479], [-119.768069, 39.134317], [-119.768077, 39.134027], [-119.767439, 39.134036]]}, "props": {"MTFCC": "S1400", "NAME": null}}, {"geom": {"type": "LineString", "coordinates": [[-119.76488, 39.134029], [-119.764857, 39.134231], [-119.764862, 39.135598]]}, "props": {"MTFCC": "S1400", "NAME": null}}, {"geom": {"type": "LineString", "coordinates": [[-119.766791, 39.134039], [-119.76679, 39.133897]]}, "props": {"MTFCC": "S1740", "NAME": null}}, {"geom": {"type": "LineString", "coordinates": [[-119.759117, 39.13612], [-119.758865, 39.136158], [-119.758842, 39.136143], [-119.758774, 39.13612], [-119.75872, 39.136112], [-119.75779, 39.136108], [-119.756889, 39.136101], [-119.755989, 39.136097], [-119.755104, 39.136093], [-119.752457, 39.136082], [-119.751819, 39.136065], [-119.751277, 39.135992], [-119.750425, 39.136006], [-119.749469, 39.135983], [-119.748573, 39.13599], [-119.74765, 39.13599]]}, "props": {"MTFCC": "S1400", "NAME": null}}, {"geom": {"type": "LineString", "coordinates": [[-119.763512, 39.132653], [-119.762146, 39.132653]]}, "props": {"MTFCC": "S1400", "NAME": null}}, {"geom": {"type": "LineString", "coordinates": [[-119.765378, 39.138204], [-119.765453, 39.138282], [-119.765442, 39.138551], [-119.765439, 39.138807], [-119.76539, 39.138914]]}, "props": {"MTFCC": "S1400", "NAME": null}}, {"geom": {"type": "LineString", "coordinates": [[-119.75126, 39.136692], [-119.751296, 39.136903], [-119.751269, 39.139316], [-119.751195, 39.139309], [-119.75042, 39.139317]]}, "props": {"MTFCC": "S1400", "NAME": null}}, {"geom": {"type": "LineString", "coordinates": [[-119.74768, 39.136699], [-119.75043, 39.136693], [-119.75126, 39.136692]]}, "props": {"MTFCC": "S1400", "NAME": null}}, {"geom": {"type": "LineString", "coordinates": [[-119.768107, 39.141062], [-119.767466, 39.141088]]}, "props": {"MTFCC": "S1400", "NAME": null}}, {"geom": {"type": "LineString", "coordinates": [[-119.744844, 39.208221], [-119.744855, 39.20739]]}, "props": {"MTFCC": "S1400", "NAME": null}}, {"geom": {"type": "LineString", "coordinates": [[-119.751305, 39.141434], [-119.749062, 39.141434], [-119.748932, 39.14146], [-119.74884, 39.141499], [-119.748482, 39.141777]]}, "props": {"MTFCC": "S1400", "NAME": null}}, {"geom": {"type": "LineString", "coordinates": [[-119.751305, 39.142109], [-119.751175, 39.14212], [-119.749069, 39.14212], [-119.748962, 39.142097], [-119.748863, 39.142059], [-119.748817, 39.142033], [-119.748482, 39.141777], [-119.748207, 39.141567], [-119.748108, 39.141529], [-119.748032, 39.14151], [-119.747772, 39.141502]]}, "props": {"MTFCC": "S1400", "NAME": null}}, {"geom": {"type": "LineString", "coordinates": [[-119.775108, 39.129808], [-119.774932, 39.129907]]}, "props": {"MTFCC": "S1400", "NAME": null}}, {"geom": {"type": "LineString", "coordinates": [[-119.741364, 39.141983], [-119.741371, 39.141594], [-119.741368, 39.140887], [-119.741364, 39.14016], [-119.741364, 39.139698]]}, "props": {"MTFCC": "S1400", "NAME": null}}, {"geom": {"type": "LineString", "coordinates": [[-119.738998, 39.113926], [-119.739034, 39.113772], [-119.739142, 39.113303], [-119.739211, 39.113077], [-119.739251, 39.112946], [-119.73926, 39.112728], [-119.739231, 39.112521], [-119.739059, 39.112078], [-119.73857, 39.110916], [-119.738515, 39.110649], [-119.73842, 39.110265], [-119.738351, 39.109919], [-119.738266, 39.109376], [-119.738042, 39.108884], [-119.737829, 39.108539], [-119.737782, 39.108462], [-119.737636, 39.108117], [-119.737543, 39.107841], [-119.73746, 39.107436], [-119.737379, 39.107141], [-119.737247, 39.106825], [-119.737052, 39.106511], [-119.736806, 39.106217], [-119.735929, 39.105395], [-119.735697, 39.10517], [-119.73544, 39.104965], [-119.735376, 39.104898], [-119.735272, 39.104788], [-119.735247, 39.104643], [-119.73523, 39.104542], [-119.735073, 39.104207], [-119.734916, 39.103971], [-119.734672, 39.103756], [-119.734236, 39.103484], [-119.733815, 39.103339], [-119.733394, 39.103245], [-119.732858, 39.103062], [-119.732705, 39.102954], [-119.732666, 39.102926], [-119.73242, 39.102612], [-119.732298, 39.102509], [-119.732188, 39.102416], [-119.732032, 39.10218], [-119.731877, 39.102034], [-119.731621, 39.101878], [-119.731442, 39.10182], [-119.731237, 39.101654], [-119.730981, 39.101538], [-119.729977, 39.101429], [-119.729658, 39.101334], [-119.729621, 39.101318], [-119.729274, 39.101169], [-119.729019, 39.101043], [-119.728699, 39.100908], [-119.728531, 39.100874], [-119.728039, 39.100717], [-119.727717, 39.100292], [-119.726664, 39.09965], [-119.726234, 39.099712], [-119.725857, 39.099528], [-119.723846, 39.099749], [-119.72339, 39.099803], [-119.723213, 39.099898], [-119.723109, 39.100008], [-119.722467, 39.100791], [-119.722172, 39.101527], [-119.721875, 39.102176], [-119.721397, 39.102726], [-119.720689, 39.103092], [-119.720451, 39.103312], [-119.720302, 39.103462], [-119.72018, 39.10377], [-119.720132, 39.103948], [-119.720139, 39.104393], [-119.71999, 39.104602], [-119.719766, 39.104881], [-119.719554, 39.105111], [-119.719356, 39.105429], [-119.719119, 39.105698], [-119.718816, 39.10581], [-119.718513, 39.105912], [-119.71816, 39.106004], [-119.717831, 39.106106], [-119.71764, 39.106236], [-119.717505, 39.106327], [-119.717241, 39.106498], [-119.716887, 39.106561], [-119.716562, 39.106605]]}, "props": {"MTFCC": "S1400", "NAME": null}}, {"geom": {"type": "LineString", "coordinates": [[-119.743706, 39.138316], [-119.740986, 39.138299]]}, "props": {"MTFCC": "S1400", "NAME": null}}, {"geom": {"type": "LineString", "coordinates": [[-119.707331, 39.132118], [-119.708531, 39.133814], [-119.709235, 39.134422], [-119.709603, 39.134758], [-119.709779, 39.135206], [-119.709779, 39.135638], [-119.709907, 39.136278], [-119.710179, 39.13655], [-119.710451, 39.136934], [-119.711075, 39.137718], [-119.711635, 39.138406], [-119.711763, 39.138598], [-119.711763, 39.138758], [-119.711155, 39.139014], [-119.711027, 39.139147], [-119.711123, 39.139511], [-119.711428, 39.139811], [-119.711892, 39.140245], [-119.712164, 39.140709], [-119.712405, 39.141337], [-119.712469, 39.141734], [-119.712374, 39.142361], [-119.712278, 39.142692]]}, "props": {"MTFCC": "S1400", "NAME": null}}, {"geom": {"type": "LineString", "coordinates": [[-119.746033, 39.135521], [-119.745239, 39.135529], [-119.743701, 39.135535], [-119.742469, 39.135173]]}, "props": {"MTFCC": "S1500", "NAME": null}}, {"geom": {"type": "LineString", "coordinates": [[-119.747757, 39.140755], [-119.747726, 39.140804], [-119.747734, 39.140858], [-119.747765, 39.140884], [-119.747772, 39.140957], [-119.74778, 39.141266], [-119.747772, 39.141502], [-119.74778, 39.141529], [-119.747765, 39.141693], [-119.747742, 39.141766], [-119.747612, 39.141949], [-119.747604, 39.14201], [-119.747612, 39.142044], [-119.74765, 39.142109], [-119.74777, 39.142206]]}, "props": {"MTFCC": "S1400", "NAME": null}}, {"geom": {"type": "LineString", "coordinates": [[-119.860259, 39.11882], [-119.859556, 39.118519], [-119.859262, 39.11845], [-119.858646, 39.118565], [-119.858235, 39.118748], [-119.857941, 39.119068], [-119.858059, 39.119777], [-119.857913, 39.119915], [-119.857032, 39.120144], [-119.856885, 39.120304], [-119.856827, 39.120716], [-119.856422, 39.120952], [-119.856357, 39.12099], [-119.855888, 39.120968], [-119.854478, 39.120694], [-119.853597, 39.120763], [-119.85304, 39.120923], [-119.852541, 39.121266], [-119.852189, 39.121815], [-119.851925, 39.121998], [-119.851749, 39.122662], [-119.851712, 39.122683], [-119.851279, 39.122936], [-119.85078, 39.122914], [-119.850222, 39.122754], [-119.849018, 39.122914], [-119.848314, 39.123212], [-119.847932, 39.123487], [-119.847551, 39.124081], [-119.847838, 39.124909], [-119.848296, 39.128021], [-119.848648, 39.128125], [-119.8486, 39.128277], [-119.848488, 39.128549], [-119.84884, 39.128741], [-119.849992, 39.128853], [-119.850456, 39.128965], [-119.85068, 39.129189], [-119.851, 39.129309], [-119.851, 39.129509], [-119.850728, 39.129981], [-119.85076, 39.130069], [-119.85124, 39.130325], [-119.851618, 39.130734], [-119.851619, 39.130748], [-119.851544, 39.130853], [-119.850824, 39.131637], [-119.850808, 39.132005], [-119.850632, 39.132245], [-119.850606, 39.132245], [-119.850568, 39.132245], [-119.84908, 39.132357], [-119.848296, 39.132517], [-119.847672, 39.132517], [-119.846968, 39.132357], [-119.845336, 39.132869], [-119.844408, 39.134309], [-119.844152, 39.134997], [-119.844152, 39.135237], [-119.844168, 39.135653], [-119.844312, 39.136069], [-119.844376, 39.136485], [-119.844504, 39.136821], [-119.844482, 39.136954], [-119.844472, 39.137013], [-119.844072, 39.136997], [-119.8438, 39.136997], [-119.843608, 39.137029], [-119.84308, 39.137269], [-119.84164, 39.137221], [-119.841352, 39.137253], [-119.840776, 39.137797], [-119.840664, 39.137861], [-119.840424, 39.137861], [-119.839928, 39.137701], [-119.839512, 39.137717], [-119.839224, 39.137861], [-119.838424, 39.138789], [-119.838168, 39.138885], [-119.83788, 39.138981], [-119.837192, 39.138821], [-119.836088, 39.139173], [-119.834488, 39.139397], [-119.834304, 39.139626], [-119.83378, 39.140278], [-119.833767, 39.140294], [-119.83356, 39.140485], [-119.832808, 39.140357], [-119.832136, 39.140789], [-119.831288, 39.140917], [-119.830616, 39.141093], [-119.829944, 39.141317], [-119.829784, 39.141669], [-119.829736, 39.142309], [-119.829592, 39.142741], [-119.828984, 39.143125], [-119.82828, 39.143333], [-119.827736, 39.143317], [-119.8274, 39.144197], [-119.825816, 39.144293], [-119.825742, 39.14449], [-119.825653, 39.144633], [-119.825577, 39.144775], [-119.825523, 39.144861], [-119.825459, 39.144943], [-119.825405, 39.144996], [-119.825352, 39.145034], [-119.825293, 39.145052], [-119.825082, 39.145088], [-119.824961, 39.145118], [-119.824893, 39.145143], [-119.824813, 39.145178], [-119.824724, 39.145227], [-119.824644, 39.145277], [-119.824419, 39.145436], [-119.824364, 39.145501], [-119.82431, 39.145597], [-119.824289, 39.145676], [-119.824292, 39.145735], [-119.824313, 39.14581], [-119.824447, 39.146198], [-119.82451, 39.146346], [-119.82454, 39.146436], [-119.82458, 39.146589], [-119.824592, 39.146656], [-119.824612, 39.146716], [-119.824678, 39.146845], [-119.824719, 39.146905], [-119.824762, 39.146987], [-119.824778, 39.147038], [-119.824774, 39.147067], [-119.824755, 39.147089], [-119.824729, 39.147106], [-119.824687, 39.147115], [-119.824657, 39.147116], [-119.82463, 39.147106], [-119.824604, 39.147077], [-119.824487, 39.146867], [-119.824409, 39.146755], [-119.824306, 39.146622], [-119.823921, 39.146187], [-119.823816, 39.146054], [-119.82369, 39.145873], [-119.823632, 39.145752], [-119.823602, 39.145662], [-119.823588, 39.145567], [-119.823567, 39.145145], [-119.823612, 39.144956], [-119.82369, 39.144788], [-119.823734, 39.144713], [-119.823933, 39.144462], [-119.823987, 39.144385], [-119.824039, 39.144272], [-119.824079, 39.144152], [-119.824096, 39.144031], [-119.824109, 39.143573], [-119.824101, 39.143365], [-119.824062, 39.143127], [-119.824053, 39.143003], [-119.823961, 39.142689], [-119.823881, 39.142518], [-119.823831, 39.142383], [-119.823812, 39.142307], [-119.823799, 39.142155], [-119.823773, 39.142063], [-119.823723, 39.142025], [-119.823657, 39.142007], [-119.823586, 39.142007], [-119.823519, 39.142035], [-119.823428, 39.142089], [-119.823272, 39.142203], [-119.823192, 39.142279], [-119.823118, 39.142359], [-119.823044, 39.142465], [-119.823003, 39.142539], [-119.822805, 39.142706], [-119.822721, 39.142771], [-119.822632, 39.142816], [-119.82239, 39.142919], [-119.822301, 39.142945], [-119.822116, 39.143023], [-119.822001, 39.143102], [-119.821889, 39.14319], [-119.821775, 39.1433], [-119.82163, 39.143494], [-119.821546, 39.143658], [-119.821466, 39.14385], [-119.821349, 39.144089], [-119.821334, 39.14413], [-119.821286, 39.144213], [-119.821228, 39.1443], [-119.821181, 39.144358], [-119.821129, 39.144407], [-119.821026, 39.14449], [-119.820695, 39.144725], [-119.820543, 39.144822], [-119.820463, 39.144868], [-119.820251, 39.14501], [-119.819953, 39.145197], [-119.819645, 39.145424], [-119.819572, 39.145486], [-119.819486, 39.14557], [-119.819417, 39.145654], [-119.819395, 39.145738], [-119.819392, 39.145843], [-119.8194, 39.145928], [-119.819433, 39.146143], [-119.819439, 39.146226], [-119.819429, 39.146293], [-119.819407, 39.146356], [-119.819366, 39.146436], [-119.819311, 39.146503], [-119.819227, 39.146569], [-119.819125, 39.146638], [-119.819002, 39.146707], [-119.818767, 39.146823], [-119.818332, 39.147014], [-119.818259, 39.147059], [-119.81819, 39.147109], [-119.817979, 39.147306], [-119.817927, 39.147362], [-119.817731, 39.14753], [-119.817589, 39.147666], [-119.817534, 39.147733], [-119.817483, 39.147805], [-119.817451, 39.147868], [-119.817448, 39.147941], [-119.817466, 39.148113], [-119.817483, 39.14821], [-119.817489, 39.148297], [-119.817484, 39.148401], [-119.817468, 39.148486], [-119.817515, 39.14912], [-119.817505, 39.149384], [-119.817412, 39.149586], [-119.817264, 39.14983], [-119.817099, 39.150126], [-119.816975, 39.150315], [-119.816814, 39.150504], [-119.81668, 39.150628], [-119.81657, 39.150707], [-119.816415, 39.15084], [-119.816353, 39.150922], [-119.816313, 39.151003], [-119.816235, 39.151223], [-119.816094, 39.151446], [-119.816025, 39.151605], [-119.81602, 39.151683], [-119.816008, 39.151765], [-119.815991, 39.15182], [-119.815943, 39.151871], [-119.815911, 39.151896], [-119.815848, 39.15193], [-119.815776, 39.15196], [-119.815644, 39.152035], [-119.815573, 39.152097], [-119.815513, 39.152164], [-119.815464, 39.152231], [-119.815368, 39.152383], [-119.815326, 39.152471], [-119.81529, 39.152578], [-119.815274, 39.152687], [-119.815288, 39.152764], [-119.81536, 39.152969], [-119.815401, 39.153069], [-119.815453, 39.153281], [-119.815458, 39.153392], [-119.815324, 39.153487], [-119.815155, 39.153559], [-119.815037, 39.153601], [-119.814796, 39.153675], [-119.814709, 39.153708], [-119.814605, 39.153762], [-119.814523, 39.153819], [-119.8144, 39.153939], [-119.814325, 39.154034], [-119.814304, 39.154086], [-119.814208, 39.154241], [-119.814191, 39.154263]]}, "props": {"MTFCC": "S1500", "NAME": null}}, {"geom": {"type": "LineString", "coordinates": [[-119.844334, 39.117353], [-119.844172, 39.117541], [-119.844009, 39.117664], [-119.844253, 39.117783], [-119.844401, 39.117891]]}, "props": {"MTFCC": "S1630", "NAME": null}}, {"geom": {"type": "LineString", "coordinates": [[-119.731819, 39.170048], [-119.733688, 39.170055], [-119.734596, 39.170055]]}, "props": {"MTFCC": "S1400", "NAME": null}}, {"geom": {"type": "LineString", "coordinates": [[-119.772209, 39.116764], [-119.772368, 39.116049], [-119.772403, 39.115712], [-119.772431, 39.115276]]}, "props": {"MTFCC": "S1400", "NAME": null}}, {"geom": {"type": "LineString", "coordinates": [[-119.772209, 39.116764], [-119.772125, 39.116886], [-119.77211, 39.11702], [-119.772118, 39.117378], [-119.772102, 39.117451], [-119.772041, 39.117558], [-119.771988, 39.117622]]}, "props": {"MTFCC": "S1400", "NAME": null}}, {"geom": {"type": "LineString", "coordinates": [[-119.894175, 39.112826], [-119.894193, 39.112839], [-119.89431, 39.113197], [-119.894192, 39.113904], [-119.894427, 39.114451], [-119.894398, 39.114714], [-119.894393, 39.114732], [-119.89425, 39.114976], [-119.892517, 39.115891], [-119.891871, 39.116851], [-119.890902, 39.117171], [-119.89052, 39.117468], [-119.890368, 39.118218], [-119.890344, 39.118337], [-119.889844, 39.118771], [-119.888376, 39.119], [-119.887994, 39.119297], [-119.88729, 39.119159], [-119.886762, 39.118793], [-119.886263, 39.118267], [-119.886057, 39.118198], [-119.88547, 39.118267], [-119.885059, 39.118793], [-119.884706, 39.11893], [-119.883855, 39.118723], [-119.883092, 39.118838], [-119.882739, 39.119112], [-119.882475, 39.119661], [-119.882503, 39.120553], [-119.883002, 39.121079], [-119.883325, 39.121559], [-119.88353, 39.122543], [-119.884117, 39.122863], [-119.884116, 39.123481], [-119.884468, 39.12371], [-119.884556, 39.123938], [-119.884535, 39.124115], [-119.884443, 39.124908], [-119.884441, 39.12495], [-119.884415, 39.125381], [-119.884395, 39.125717], [-119.884392, 39.125759], [-119.883292, 39.126042], [-119.883093, 39.126065], [-119.882955, 39.126028]]}, "props": {"MTFCC": "S1500", "NAME": null}}, {"geom": {"type": "LineString", "coordinates": [[-119.739444, 39.22275], [-119.739426, 39.222796]]}, "props": {"MTFCC": "S1400", "NAME": null}}, {"geom": {"type": "LineString", "coordinates": [[-119.845833, 39.11388], [-119.845677, 39.113906], [-119.844932, 39.114024], [-119.844279, 39.114353], [-119.843842, 39.114691], [-119.84347, 39.114826], [-119.8432, 39.114963], [-119.843189, 39.115132], [-119.843509, 39.115141], [-119.844089, 39.11495], [-119.844629, 39.114532], [-119.845292, 39.114324], [-119.845603, 39.114148], [-119.845833, 39.11388]]}, "props": {"MTFCC": "S1400", "NAME": null}}, {"geom": {"type": "LineString", "coordinates": [[-119.842494, 39.113722], [-119.842847, 39.113608], [-119.845518, 39.113515], [-119.845907, 39.113602], [-119.846223, 39.113698], [-119.846598, 39.113753]]}, "props": {"MTFCC": "S1400", "NAME": null}}, {"geom": {"type": "LineString", "coordinates": [[-119.769417, 39.172234], [-119.770035, 39.17223]]}, "props": {"MTFCC": "S1400", "NAME": null}}, {"geom": {"type": "LineString", "coordinates": [[-119.775375, 39.163933], [-119.775368, 39.164654], [-119.775371, 39.164746], [-119.775413, 39.164864], [-119.775426, 39.165031], [-119.775448, 39.165738], [-119.775444, 39.165836], [-119.775452, 39.165974], [-119.775444, 39.166306], [-119.775444, 39.166523]]}, "props": {"MTFCC": "S1400", "NAME": null}}, {"geom": {"type": "LineString", "coordinates": [[-119.755943, 39.176643], [-119.755455, 39.176651], [-119.755043, 39.176609], [-119.754486, 39.176544], [-119.754295, 39.176506], [-119.753853, 39.176353], [-119.753006, 39.176056], [-119.752502, 39.175884], [-119.751999, 39.175728], [-119.751801, 39.175671], [-119.751671, 39.175659], [-119.751549, 39.175659], [-119.751237, 39.175732], [-119.75106, 39.17585]]}, "props": {"MTFCC": "S1400", "NAME": null}}, {"geom": {"type": "LineString", "coordinates": [[-119.735962, 39.18858], [-119.736588, 39.18858], [-119.737106, 39.18858], [-119.737213, 39.18861], [-119.73732, 39.18866], [-119.737671, 39.188766], [-119.737915, 39.188805], [-119.738266, 39.188816], [-119.738289, 39.188812], [-119.738411, 39.18882]]}, "props": {"MTFCC": "S1400", "NAME": null}}, {"geom": {"type": "LineString", "coordinates": [[-119.735252, 39.188725], [-119.735299, 39.188611], [-119.735306, 39.186863], [-119.734917, 39.186672], [-119.734825, 39.186672]]}, "props": {"MTFCC": "S1400", "NAME": null}}, {"geom": {"type": "LineString", "coordinates": [[-119.750427, 39.142815], [-119.750427, 39.143951], [-119.75042, 39.144058], [-119.750389, 39.144138], [-119.750259, 39.144288], [-119.749817, 39.144634], [-119.749641, 39.144775], [-119.749557, 39.144913], [-119.749542, 39.145], [-119.749542, 39.145574], [-119.749542, 39.145918], [-119.749542, 39.146362], [-119.749535, 39.146423], [-119.749542, 39.146523]]}, "props": {"MTFCC": "S1400", "NAME": null}}, {"geom": {"type": "LineString", "coordinates": [[-119.720009, 39.184807], [-119.720154, 39.184906], [-119.720406, 39.185032], [-119.720528, 39.185066], [-119.72068, 39.185089], [-119.721611, 39.185101], [-119.721779, 39.185143], [-119.721893, 39.185177], [-119.722054, 39.1852], [-119.72319, 39.185207], [-119.723244, 39.1852], [-119.723289, 39.185177]]}, "props": {"MTFCC": "S1400", "NAME": null}}, {"geom": {"type": "LineString", "coordinates": [[-119.710052, 39.18689], [-119.711288, 39.186886], [-119.711433, 39.186893], [-119.711845, 39.186897], [-119.712036, 39.18692], [-119.712074, 39.186939], [-119.712112, 39.186947], [-119.71225, 39.187027], [-119.712372, 39.187153], [-119.712524, 39.187397], [-119.712548, 39.187426], [-119.712622, 39.187516], [-119.712845, 39.187737], [-119.713036, 39.187885], [-119.713158, 39.18795], [-119.713219, 39.187965], [-119.713249, 39.187981], [-119.713455, 39.188015], [-119.713593, 39.188023], [-119.714577, 39.188026]]}, "props": {"MTFCC": "S1400", "NAME": null}}, {"geom": {"type": "LineString", "coordinates": [[-119.688091, 39.176647], [-119.688442, 39.175865], [-119.688496, 39.175744]]}, "props": {"MTFCC": "S1500", "NAME": null}}, {"geom": {"type": "LineString", "coordinates": [[-119.674762, 39.174075], [-119.674517, 39.173929], [-119.674482, 39.173767], [-119.674414, 39.173589], [-119.674403, 39.173039], [-119.674367, 39.172894], [-119.674333, 39.172781], [-119.674267, 39.172683], [-119.674184, 39.172586], [-119.674052, 39.172424], [-119.674003, 39.172392], [-119.673938, 39.172343]]}, "props": {"MTFCC": "S1400", "NAME": null}}, {"geom": {"type": "LineString", "coordinates": [[-119.763519, 39.136826], [-119.764229, 39.136826], [-119.764488, 39.136761]]}, "props": {"MTFCC": "S1400", "NAME": null}}, {"geom": {"type": "LineString", "coordinates": [[-119.700485, 39.153614], [-119.698209, 39.153608], [-119.695797, 39.153631]]}, "props": {"MTFCC": "S1400", "NAME": null}}, {"geom": {"type": "LineString", "coordinates": [[-119.705158, 39.15181], [-119.702824, 39.15178], [-119.70166, 39.15179], [-119.700989, 39.151787], [-119.700684, 39.151794], [-119.7005, 39.151807], [-119.698173, 39.151789], [-119.695877, 39.151811]]}, "props": {"MTFCC": "S1400", "NAME": null}}, {"geom": {"type": "LineString", "coordinates": [[-119.938087, 39.128378], [-119.937791, 39.12849], [-119.937243, 39.128603], [-119.936765, 39.128787], [-119.936028, 39.128653], [-119.935525, 39.12873], [-119.934933, 39.128952], [-119.9345, 39.129135], [-119.934162, 39.129461], [-119.933708, 39.129698], [-119.93348, 39.129642], [-119.933224, 39.129579], [-119.933054, 39.129081], [-119.932904, 39.128457], [-119.93264, 39.127852], [-119.932102, 39.127269], [-119.931774, 39.126933], [-119.931466, 39.126437], [-119.931548, 39.125917], [-119.931701, 39.125487], [-119.931714, 39.124968], [-119.932052, 39.124661], [-119.9325, 39.125317], [-119.932623, 39.125744], [-119.932837, 39.126153], [-119.933121, 39.126596], [-119.933313, 39.127041], [-119.933561, 39.127985], [-119.933957, 39.12832], [-119.934099, 39.128272], [-119.934507, 39.128134]]}, "props": {"MTFCC": "S1500", "NAME": null}}, {"geom": {"type": "LineString", "coordinates": [[-119.861897, 39.179661], [-119.861626, 39.179475], [-119.861324, 39.179161], [-119.861386, 39.178497], [-119.861268, 39.178095], [-119.861333, 39.177603], [-119.861548, 39.177197], [-119.862024, 39.176875], [-119.86226, 39.176662]]}, "props": {"MTFCC": "S1500", "NAME": null}}, {"geom": {"type": "LineString", "coordinates": [[-119.852711, 39.18555], [-119.852551, 39.185112], [-119.852258, 39.184705], [-119.852169, 39.184517], [-119.852601, 39.183909], [-119.853081, 39.183621], [-119.853705, 39.183733], [-119.854329, 39.183077], [-119.854505, 39.182645], [-119.854905, 39.182405], [-119.855641, 39.182373], [-119.856313, 39.182357], [-119.856857, 39.182229], [-119.857113, 39.182501], [-119.857817, 39.182757], [-119.858729, 39.183189], [-119.859225, 39.183173], [-119.860153, 39.182821], [-119.860377, 39.182389], [-119.860761, 39.182085], [-119.860985, 39.181733], [-119.861097, 39.181429], [-119.861321, 39.181301], [-119.861733, 39.181301]]}, "props": {"MTFCC": "S1500", "NAME": null}}, {"geom": {"type": "LineString", "coordinates": [[-119.762301, 39.183084], [-119.762301, 39.184446]]}, "props": {"MTFCC": "S1400", "NAME": null}}, {"geom": {"type": "LineString", "coordinates": [[-119.724556, 39.186348], [-119.724556, 39.184303], [-119.724556, 39.18351], [-119.724556, 39.182751]]}, "props": {"MTFCC": "S1400", "NAME": null}}, {"geom": {"type": "LineString", "coordinates": [[-119.766387, 39.199758], [-119.764767, 39.1997]]}, "props": {"MTFCC": "S1500", "NAME": null}}, {"geom": {"type": "LineString", "coordinates": [[-119.757081, 39.229475], [-119.757087, 39.229374]]}, "props": {"MTFCC": "S1400", "NAME": null}}, {"geom": {"type": "LineString", "coordinates": [[-119.755447, 39.154911], [-119.756087, 39.154911]]}, "props": {"MTFCC": "S1400", "NAME": null}}, {"geom": {"type": "LineString", "coordinates": [[-119.764496, 39.157375], [-119.764054, 39.157372], [-119.763527, 39.157369], [-119.763434, 39.157368], [-119.763107, 39.157379], [-119.76281, 39.157375], [-119.762749, 39.157364], [-119.761384, 39.157368], [-119.76123, 39.157406], [-119.761001, 39.15741], [-119.758781, 39.157402], [-119.758624, 39.1574], [-119.756628, 39.157371], [-119.755463, 39.157352], [-119.752693, 39.157352], [-119.75235, 39.157349], [-119.752266, 39.157337], [-119.752022, 39.157314], [-119.75193, 39.157318], [-119.751808, 39.157284]]}, "props": {"MTFCC": "S1400", "NAME": null}}, {"geom": {"type": "LineString", "coordinates": [[-119.698583, 39.196634], [-119.698516, 39.196562], [-119.697021, 39.195549], [-119.696602, 39.195182], [-119.696025, 39.19489], [-119.695798, 39.194645], [-119.69576, 39.194249], [-119.695786, 39.193903], [-119.696, 39.193331], [-119.696103, 39.193153], [-119.696186, 39.193008], [-119.696307, 39.19266], [-119.696398, 39.192337], [-119.696773, 39.191938], [-119.697476, 39.191377]]}, "props": {"MTFCC": "S1400", "NAME": null}}, {"geom": {"type": "LineString", "coordinates": [[-119.724086, 39.17174], [-119.725339, 39.171754], [-119.725816, 39.171757], [-119.725837, 39.171745], [-119.726273, 39.171749], [-119.727142, 39.171753], [-119.72805, 39.171757]]}, "props": {"MTFCC": "S1400", "NAME": null}}, {"geom": {"type": "LineString", "coordinates": [[-119.780128, 39.167416], [-119.779922, 39.167465], [-119.779678, 39.167492], [-119.778221, 39.167484]]}, "props": {"MTFCC": "S1400", "NAME": null}}, {"geom": {"type": "LineString", "coordinates": [[-119.772881, 39.170006], [-119.773819, 39.170006]]}, "props": {"MTFCC": "S1400", "NAME": null}}, {"geom": {"type": "LineString", "coordinates": [[-119.772011, 39.168514], [-119.772018, 39.1679], [-119.772026, 39.167831], [-119.772018, 39.167755], [-119.772018, 39.167404], [-119.772026, 39.167324], [-119.772018, 39.167236], [-119.772026, 39.167179], [-119.772026, 39.166531], [-119.772034, 39.165882]]}, "props": {"MTFCC": "S1400", "NAME": null}}, {"geom": {"type": "LineString", "coordinates": [[-119.72318, 39.172505], [-119.723449, 39.172416]]}, "props": {"MTFCC": "S1400", "NAME": null}}, {"geom": {"type": "LineString", "coordinates": [[-119.548562, 39.090133], [-119.548599, 39.090177], [-119.548998, 39.090512], [-119.549473, 39.090692], [-119.549634, 39.090936], [-119.549875, 39.091241], [-119.549993, 39.091304], [-119.550271, 39.091453], [-119.550788, 39.091756], [-119.550881, 39.092829], [-119.550885, 39.093075], [-119.551164, 39.093318], [-119.5516, 39.09356], [-119.551626, 39.093755], [-119.551644, 39.093898], [-119.551651, 39.094389], [-119.551577, 39.094758], [-119.551513, 39.094821], [-119.553757, 39.101682]]}, "props": {"MTFCC": "S1500", "NAME": null}}, {"geom": {"type": "LineString", "coordinates": [[-119.796311, 39.162296], [-119.7964, 39.162164], [-119.796447, 39.162083], [-119.796453, 39.162065]]}, "props": {"MTFCC": "S1400", "NAME": null}}, {"geom": {"type": "LineString", "coordinates": [[-119.796757, 39.162832], [-119.796719, 39.162606], [-119.796653, 39.16251], [-119.79659, 39.162456], [-119.796494, 39.16239], [-119.796311, 39.162296]]}, "props": {"MTFCC": "S1400", "NAME": null}}, {"geom": {"type": "LineString", "coordinates": [[-119.93657, 39.142611], [-119.937626, 39.141952], [-119.937874, 39.141553], [-119.936787, 39.141662], [-119.935589, 39.141927], [-119.934451, 39.14224], [-119.933993, 39.142162], [-119.933392, 39.142142], [-119.933206, 39.142356], [-119.933094, 39.143154], [-119.932106, 39.143715], [-119.931633, 39.144317], [-119.930951, 39.144528], [-119.930443, 39.145064], [-119.930001, 39.145302], [-119.929599, 39.145218], [-119.929198, 39.145228], [-119.929001, 39.14823], [-119.929247, 39.149316], [-119.929242, 39.151028], [-119.929494, 39.151446], [-119.93093, 39.152554], [-119.931572, 39.153397], [-119.931379, 39.154797], [-119.93136, 39.15619], [-119.931555, 39.157121], [-119.931444, 39.157613], [-119.931206, 39.158371], [-119.930942, 39.159809], [-119.930445, 39.160838], [-119.930388, 39.160962], [-119.930021, 39.16209], [-119.930383, 39.163536], [-119.930358, 39.164318], [-119.930312, 39.164737], [-119.929895, 39.165119]]}, "props": {"MTFCC": "S1400", "NAME": null}}, {"geom": {"type": "LineString", "coordinates": [[-119.609333, 39.117582], [-119.609277, 39.117843], [-119.609163, 39.118121], [-119.608502, 39.118741], [-119.608389, 39.11911], [-119.608324, 39.120032], [-119.608249, 39.120339], [-119.608021, 39.120863], [-119.607869, 39.121264], [-119.607524, 39.121973], [-119.606795, 39.123361], [-119.606446, 39.123702], [-119.60594, 39.124167], [-119.605513, 39.124631], [-119.605201, 39.124879], [-119.605163, 39.124941], [-119.604749, 39.125802], [-119.604533, 39.126149], [-119.604297, 39.126634], [-119.603776, 39.12738], [-119.603532, 39.128089], [-119.603406, 39.128607], [-119.603388, 39.128883], [-119.60324, 39.129385], [-119.603092, 39.129817], [-119.602901, 39.130423], [-119.602775, 39.130872], [-119.602539, 39.131443], [-119.602237, 39.131963], [-119.601914, 39.132587], [-119.601714, 39.132918]]}, "props": {"MTFCC": "S1500", "NAME": null}}, {"geom": {"type": "LineString", "coordinates": [[-119.860259, 39.11882], [-119.860407, 39.118884], [-119.861024, 39.118724], [-119.861581, 39.11822], [-119.862051, 39.118083], [-119.863284, 39.118288], [-119.863989, 39.118517], [-119.864401, 39.118471], [-119.865076, 39.118036], [-119.865487, 39.117624], [-119.866279, 39.117601], [-119.866544, 39.117669], [-119.868246, 39.117439], [-119.868657, 39.117599], [-119.869098, 39.118102], [-119.869157, 39.118262], [-119.869951, 39.119314], [-119.86998, 39.11968], [-119.870068, 39.119749], [-119.870069, 39.120297], [-119.870216, 39.120526], [-119.870216, 39.120846], [-119.870569, 39.121555], [-119.870951, 39.121669], [-119.871626, 39.121623], [-119.872243, 39.122217], [-119.87286, 39.122331], [-119.874212, 39.123246], [-119.874623, 39.123314], [-119.875004, 39.123222], [-119.875524, 39.122856], [-119.876017, 39.122675], [-119.876441, 39.122677], [-119.876923, 39.123272], [-119.877304, 39.123524], [-119.880709, 39.124481], [-119.88147, 39.124908], [-119.882836, 39.125981], [-119.882955, 39.126028]]}, "props": {"MTFCC": "S1400", "NAME": null}}, {"geom": {"type": "LineString", "coordinates": [[-119.770035, 39.192299], [-119.767737, 39.192299]]}, "props": {"MTFCC": "S1400", "NAME": null}}, {"geom": {"type": "LineString", "coordinates": [[-119.76117, 39.121158], [-119.758856, 39.121171], [-119.757748, 39.121169], [-119.756569, 39.121167]]}, "props": {"MTFCC": "S1400", "NAME": null}}, {"geom": {"type": "LineString", "coordinates": [[-119.759182, 39.117561], [-119.759017, 39.117467], [-119.758847, 39.117448], [-119.758445, 39.117742], [-119.758364, 39.117754], [-119.758275, 39.117744], [-119.758145, 39.117698], [-119.757868, 39.117639], [-119.757559, 39.117572], [-119.756885, 39.117438], [-119.756616, 39.117375], [-119.756155, 39.117285], [-119.756135, 39.117255], [-119.755943, 39.117128], [-119.75583, 39.117047], [-119.755822, 39.116961]]}, "props": {"MTFCC": "S1400", "NAME": null}}, {"geom": {"type": "LineString", "coordinates": [[-119.759891, 39.115339], [-119.75969, 39.115618], [-119.759467, 39.115928], [-119.759461, 39.115936], [-119.759251, 39.116281], [-119.759027, 39.116621], [-119.758726, 39.116961], [-119.758697, 39.116994], [-119.758289, 39.117342], [-119.75814, 39.117381], [-119.75795, 39.117388], [-119.757884, 39.117389], [-119.757677, 39.117391]]}, "props": {"MTFCC": "S1400", "NAME": null}}, {"geom": {"type": "LineString", "coordinates": [[-119.754712, 39.18293], [-119.755519, 39.182931], [-119.756299, 39.182933], [-119.756408, 39.182938], [-119.756504, 39.18295], [-119.756633, 39.182979], [-119.756724, 39.18301], [-119.756915, 39.183091], [-119.757346, 39.183296]]}, "props": {"MTFCC": "S1400", "NAME": null}}, {"geom": {"type": "LineString", "coordinates": [[-119.760665, 39.110059], [-119.76067, 39.109676], [-119.760673, 39.109488], [-119.760669, 39.109275], [-119.760649, 39.109243], [-119.760457, 39.109203], [-119.760027, 39.10915], [-119.759938, 39.10915], [-119.75981, 39.109163], [-119.759791, 39.109155], [-119.759469, 39.109177], [-119.759109, 39.10917], [-119.75871, 39.109078], [-119.758446, 39.109017], [-119.758255, 39.108958], [-119.757894, 39.108802], [-119.757455, 39.108548]]}, "props": {"MTFCC": "S1400", "NAME": null}}, {"geom": {"type": "LineString", "coordinates": [[-119.747786, 39.107044], [-119.747786, 39.107812]]}, "props": {"MTFCC": "S1400", "NAME": null}}, {"geom": {"type": "LineString", "coordinates": [[-119.752441, 39.14739], [-119.753166, 39.147385]]}, "props": {"MTFCC": "S1400", "NAME": null}}, {"geom": {"type": "LineString", "coordinates": [[-119.769302, 39.191669], [-119.76931, 39.191296], [-119.769302, 39.191238], [-119.76931, 39.191216], [-119.769272, 39.191139], [-119.76923, 39.191116], [-119.769142, 39.191093], [-119.766998, 39.191086], [-119.766678, 39.191093]]}, "props": {"MTFCC": "S1400", "NAME": null}}, {"geom": {"type": "LineString", "coordinates": [[-119.770065, 39.191669], [-119.769302, 39.191669], [-119.766815, 39.191666], [-119.766739, 39.191635], [-119.766701, 39.191608], [-119.766678, 39.191555], [-119.766685, 39.191429], [-119.766678, 39.191093], [-119.766685, 39.190865], [-119.766678, 39.190693]]}, "props": {"MTFCC": "S1400", "NAME": null}}, {"geom": {"type": "LineString", "coordinates": [[-119.76815, 39.186932], [-119.766844, 39.186881]]}, "props": {"MTFCC": "S1400", "NAME": null}}, {"geom": {"type": "LineString", "coordinates": [[-119.764938, 39.191853], [-119.762917, 39.191853], [-119.761757, 39.191849]]}, "props": {"MTFCC": "S1400", "NAME": null}}, {"geom": {"type": "LineString", "coordinates": [[-119.763896, 39.184859], [-119.763522, 39.184739]]}, "props": {"MTFCC": "S1400", "NAME": null}}, {"geom": {"type": "LineString", "coordinates": [[-119.742245, 39.179173], [-119.742458, 39.179188], [-119.742518, 39.1792], [-119.742544, 39.179205], [-119.742575, 39.179213], [-119.742756, 39.179209], [-119.74293, 39.179207], [-119.743062, 39.179209], [-119.743151, 39.179211], [-119.743249, 39.179214], [-119.743419, 39.179246], [-119.743534, 39.179256], [-119.74362, 39.179264], [-119.743861, 39.179267], [-119.744234, 39.179274], [-119.744624, 39.17928], [-119.745153, 39.179275], [-119.745433, 39.179283], [-119.745673, 39.179316], [-119.745876, 39.17935], [-119.746185, 39.179429], [-119.746476, 39.17953], [-119.74674, 39.179638], [-119.747138, 39.17981], [-119.747492, 39.180084], [-119.747709, 39.180267], [-119.748017, 39.180643], [-119.748443, 39.181063], [-119.748968, 39.18147], [-119.749749, 39.182093], [-119.750029, 39.182284], [-119.750433, 39.182615], [-119.75075, 39.182891], [-119.751392, 39.183378], [-119.751676, 39.183621], [-119.751851, 39.1837], [-119.752038, 39.183741], [-119.752342, 39.183738], [-119.753135, 39.183733], [-119.753905, 39.183737], [-119.754531, 39.18374], [-119.75471, 39.183741], [-119.755028, 39.183741], [-119.7552, 39.183756], [-119.755277, 39.183772], [-119.755388, 39.183807], [-119.755485, 39.183852], [-119.755575, 39.183907], [-119.75587, 39.184152], [-119.756101, 39.184344], [-119.756195, 39.184403], [-119.756289, 39.184446], [-119.756349, 39.184468], [-119.756805, 39.184585], [-119.757691, 39.184818], [-119.758525, 39.185037], [-119.76043, 39.185538]]}, "props": {"MTFCC": "S1400", "NAME": null}}, {"geom": {"type": "LineString", "coordinates": [[-119.718512, 39.185708], [-119.718508, 39.183304], [-119.718507, 39.182912], [-119.718406, 39.182645]]}, "props": {"MTFCC": "S1400", "NAME": null}}, {"geom": {"type": "LineString", "coordinates": [[-119.744218, 39.188535], [-119.742622, 39.188535]]}, "props": {"MTFCC": "S1400", "NAME": null}}, {"geom": {"type": "LineString", "coordinates": [[-119.764387, 39.1791], [-119.764381, 39.178837], [-119.764381, 39.17812]]}, "props": {"MTFCC": "S1400", "NAME": null}}, {"geom": {"type": "LineString", "coordinates": [[-119.765121, 39.177658], [-119.764038, 39.177654], [-119.762851, 39.177654]]}, "props": {"MTFCC": "S1400", "NAME": null}}, {"geom": {"type": "LineString", "coordinates": [[-119.762301, 39.184446], [-119.762561, 39.184446], [-119.762881, 39.184454], [-119.76314, 39.184454], [-119.763752, 39.184462], [-119.763781, 39.184462]]}, "props": {"MTFCC": "S1400", "NAME": null}}, {"geom": {"type": "LineString", "coordinates": [[-119.729274, 39.101169], [-119.729621, 39.101318]]}, "props": {"MTFCC": "S1400", "NAME": null}}, {"geom": {"type": "LineString", "coordinates": [[-119.754509, 39.175392], [-119.755035, 39.175919]]}, "props": {"MTFCC": "S1400", "NAME": null}}, {"geom": {"type": "LineString", "coordinates": [[-119.757431, 39.167137], [-119.757439, 39.167225], [-119.757431, 39.167286], [-119.757431, 39.167892]]}, "props": {"MTFCC": "S1400", "NAME": null}}, {"geom": {"type": "LineString", "coordinates": [[-119.74263, 39.187965], [-119.740732, 39.187968], [-119.74072, 39.187308], [-119.74263, 39.187279]]}, "props": {"MTFCC": "S1400", "NAME": null}}, {"geom": {"type": "LineString", "coordinates": [[-119.7379, 39.180498], [-119.736801, 39.180503]]}, "props": {"MTFCC": "S1400", "NAME": null}}, {"geom": {"type": "LineString", "coordinates": [[-119.739804, 39.182809], [-119.739775, 39.182017]]}, "props": {"MTFCC": "S1750", "NAME": null}}, {"geom": {"type": "LineString", "coordinates": [[-119.737486, 39.187948], [-119.737491, 39.186897], [-119.73739, 39.18667], [-119.737366, 39.186462], [-119.737358, 39.186375], [-119.737366, 39.186306], [-119.737373, 39.182816]]}, "props": {"MTFCC": "S1400", "NAME": null}}, {"geom": {"type": "LineString", "coordinates": [[-119.738463, 39.182812], [-119.73849, 39.184151]]}, "props": {"MTFCC": "S1400", "NAME": null}}, {"geom": {"type": "LineString", "coordinates": [[-119.733269, 39.185577], [-119.733809, 39.185577]]}, "props": {"MTFCC": "S1400", "NAME": null}}, {"geom": {"type": "LineString", "coordinates": [[-119.731705, 39.182781], [-119.731712, 39.18642]]}, "props": {"MTFCC": "S1400", "NAME": null}}, {"geom": {"type": "LineString", "coordinates": [[-119.733269, 39.184921], [-119.73439, 39.18489]]}, "props": {"MTFCC": "S1400", "NAME": null}}, {"geom": {"type": "LineString", "coordinates": [[-119.741636, 39.175615], [-119.741443, 39.175148], [-119.741371, 39.174946], [-119.741344, 39.174776], [-119.741427, 39.174671], [-119.741523, 39.174561], [-119.741587, 39.17446], [-119.741239, 39.17434], [-119.741084, 39.174283], [-119.740967, 39.17417], [-119.740748, 39.173812], [-119.740481, 39.173465]]}, "props": {"MTFCC": "S1630", "NAME": null}}, {"geom": {"type": "LineString", "coordinates": [[-119.71977, 39.16939], [-119.720098, 39.169724], [-119.720145, 39.169829], [-119.720169, 39.169902], [-119.72018, 39.169986], [-119.720176, 39.170064], [-119.720193, 39.170265], [-119.720206, 39.170413], [-119.720215, 39.170799], [-119.720207, 39.171021], [-119.720207, 39.17152], [-119.72019, 39.172143]]}, "props": {"MTFCC": "S1400", "NAME": null}}, {"geom": {"type": "LineString", "coordinates": [[-119.722464, 39.169801], [-119.722448, 39.170509], [-119.72245, 39.170822], [-119.722374, 39.171051], [-119.722366, 39.171093], [-119.722366, 39.171368]]}, "props": {"MTFCC": "S1400", "NAME": null}}, {"geom": {"type": "LineString", "coordinates": [[-119.730324, 39.182777], [-119.730297, 39.185352], [-119.729179, 39.185364]]}, "props": {"MTFCC": "S1400", "NAME": null}}, {"geom": {"type": "LineString", "coordinates": [[-119.710251, 39.164383], [-119.710243, 39.164341], [-119.710243, 39.16396], [-119.710258, 39.163773], [-119.710297, 39.163609], [-119.710365, 39.163391], [-119.71051, 39.162968], [-119.710686, 39.162502], [-119.71096, 39.16172], [-119.711197, 39.161064], [-119.711227, 39.160965], [-119.711258, 39.160896], [-119.711456, 39.160362], [-119.711578, 39.160191], [-119.711655, 39.160114], [-119.71183, 39.159996], [-119.712021, 39.159897], [-119.713432, 39.159142], [-119.713501, 39.159111], [-119.713676, 39.159069], [-119.713943, 39.159061], [-119.714191, 39.159058], [-119.715054, 39.15906], [-119.715781, 39.159062], [-119.716374, 39.159037], [-119.71654, 39.15903], [-119.717031, 39.158928], [-119.717197, 39.158803], [-119.717429, 39.158607], [-119.717871, 39.158254], [-119.718045, 39.158166], [-119.71824, 39.158089], [-119.718479, 39.158044]]}, "props": {"MTFCC": "S1400", "NAME": null}}, {"geom": {"type": "LineString", "coordinates": [[-119.720207, 39.171021], [-119.719926, 39.171021], [-119.718426, 39.171004]]}, "props": {"MTFCC": "S1400", "NAME": null}}, {"geom": {"type": "LineString", "coordinates": [[-119.710737, 39.221621], [-119.710832, 39.221264], [-119.711233, 39.220905], [-119.711635, 39.220585], [-119.711983, 39.220146], [-119.712079, 39.21979], [-119.712274, 39.219274], [-119.712418, 39.218719], [-119.713019, 39.21816], [-119.713419, 39.21776], [-119.713618, 39.217482], [-119.714271, 39.217041], [-119.714367, 39.216644], [-119.71456, 39.21601], [-119.715213, 39.215569], [-119.715511, 39.215131], [-119.715656, 39.214655], [-119.716263, 39.214452], [-119.71687, 39.214327], [-119.717218, 39.213849], [-119.718099, 39.213327], [-119.718705, 39.213084], [-119.719212, 39.213], [-119.719575, 39.213431], [-119.719327, 39.213829], [-119.72015, 39.214414], [-119.721018, 39.214682], [-119.721683, 39.214952], [-119.722496, 39.214984], [-119.723157, 39.214977], [-119.723971, 39.215009], [-119.724937, 39.215039], [-119.725802, 39.215109], [-119.727224, 39.215096], [-119.728646, 39.215002]]}, "props": {"MTFCC": "S1500", "NAME": null}}, {"geom": {"type": "LineString", "coordinates": [[-119.730855, 39.203907], [-119.730862, 39.202589], [-119.730864, 39.202259], [-119.730934, 39.202001], [-119.731098, 39.201705]]}, "props": {"MTFCC": "S1400", "NAME": null}}, {"geom": {"type": "LineString", "coordinates": [[-119.73358, 39.201836], [-119.73358, 39.202184]]}, "props": {"MTFCC": "S1400", "NAME": null}}, {"geom": {"type": "LineString", "coordinates": [[-119.734337, 39.186769], [-119.733261, 39.186756]]}, "props": {"MTFCC": "S1400", "NAME": null}}, {"geom": {"type": "LineString", "coordinates": [[-119.774056, 39.117795], [-119.774095, 39.117768], [-119.77411, 39.117741], [-119.774118, 39.117642]]}, "props": {"MTFCC": "S1740", "NAME": null}}, {"geom": {"type": "LineString", "coordinates": [[-119.75873, 39.182372], [-119.758807, 39.182472], [-119.758915, 39.182652], [-119.758993, 39.18283], [-119.759041, 39.182981], [-119.759072, 39.183134], [-119.759086, 39.183289], [-119.759083, 39.183444], [-119.759062, 39.183599], [-119.759024, 39.183751], [-119.758525, 39.185037]]}, "props": {"MTFCC": "S1400", "NAME": null}}, {"geom": {"type": "LineString", "coordinates": [[-119.756992, 39.179536], [-119.757, 39.179409], [-119.757033, 39.178883], [-119.757899, 39.178873], [-119.758857, 39.178861], [-119.759216, 39.178861], [-119.759414, 39.178861], [-119.759485, 39.178872], [-119.759514, 39.178876], [-119.7596, 39.178902], [-119.759679, 39.178939], [-119.759748, 39.178986], [-119.759811, 39.179048], [-119.759858, 39.179118], [-119.759885, 39.179187], [-119.759896, 39.179272]]}, "props": {"MTFCC": "S1400", "NAME": null}}, {"geom": {"type": "LineString", "coordinates": [[-119.758069, 39.181555], [-119.758071, 39.181774], [-119.757968, 39.181861]]}, "props": {"MTFCC": "S1400", "NAME": null}}, {"geom": {"type": "LineString", "coordinates": [[-119.60946, 39.138685], [-119.609313, 39.138972], [-119.609141, 39.139284], [-119.609087, 39.140129], [-119.608717, 39.140581], [-119.608776, 39.141615], [-119.608761, 39.142115], [-119.608567, 39.142479], [-119.608373, 39.142877], [-119.608179, 39.143207], [-119.607874, 39.143554], [-119.607591, 39.143919], [-119.607462, 39.144144], [-119.607283, 39.144784], [-119.607289, 39.145198], [-119.607363, 39.145766], [-119.607458, 39.146214], [-119.607697, 39.146795]]}, "props": {"MTFCC": "S1500", "NAME": null}}, {"geom": {"type": "LineString", "coordinates": [[-119.611839, 39.160097], [-119.611716, 39.160283], [-119.611587, 39.160525], [-119.611681, 39.160921], [-119.611711, 39.161456], [-119.611783, 39.161852], [-119.611988, 39.162229], [-119.612192, 39.162555], [-119.611872, 39.163351], [-119.611809, 39.163645], [-119.611791, 39.163904], [-119.611973, 39.164212], [-119.612309, 39.16452], [-119.61282, 39.164602], [-119.613221, 39.164753], [-119.613357, 39.164942], [-119.613619, 39.165457], [-119.613693, 39.165991], [-119.613437, 39.166614], [-119.613574, 39.16694], [-119.613776, 39.167128], [-119.613913, 39.167403], [-119.614141, 39.167832], [-119.614124, 39.16816], [-119.614173, 39.168522], [-119.614308, 39.168641], [-119.614446, 39.168985], [-119.614735, 39.169068], [-119.615044, 39.169014], [-119.615288, 39.168995], [-119.615666, 39.169129], [-119.615915, 39.169437], [-119.616073, 39.169677], [-119.616144, 39.170004], [-119.615793, 39.170232], [-119.615462, 39.170304]]}, "props": {"MTFCC": "S1500", "NAME": null}}, {"geom": {"type": "LineString", "coordinates": [[-119.760353, 39.120266], [-119.76049, 39.120129], [-119.760612, 39.120022], [-119.760658, 39.119961], [-119.760689, 39.119881], [-119.760696, 39.119816], [-119.760689, 39.119591], [-119.760689, 39.119228], [-119.760689, 39.117771], [-119.760681, 39.11768]]}, "props": {"MTFCC": "S1400", "NAME": null}}, {"geom": {"type": "LineString", "coordinates": [[-119.738497, 39.186451], [-119.738534, 39.18813]]}, "props": {"MTFCC": "S1400", "NAME": null}}, {"geom": {"type": "LineString", "coordinates": [[-119.739616, 39.186447], [-119.739624, 39.186782], [-119.739636, 39.187248], [-119.739687, 39.187356]]}, "props": {"MTFCC": "S1400", "NAME": null}}, {"geom": {"type": "LineString", "coordinates": [[-119.749184, 39.161282], [-119.749184, 39.161129], [-119.749184, 39.160572], [-119.749184, 39.160202], [-119.749191, 39.16011], [-119.749153, 39.160011]]}, "props": {"MTFCC": "S1400", "NAME": null}}, {"geom": {"type": "LineString", "coordinates": [[-119.742838, 39.176128], [-119.743312, 39.176048]]}, "props": {"MTFCC": "S1400", "NAME": null}}, {"geom": {"type": "LineString", "coordinates": [[-119.743566, 39.175626], [-119.74417, 39.175492]]}, "props": {"MTFCC": "S1400", "NAME": null}}, {"geom": {"type": "LineString", "coordinates": [[-119.756047, 39.153041], [-119.756012, 39.153053], [-119.755952, 39.153057], [-119.755883, 39.153046], [-119.755819, 39.153015], [-119.755729, 39.152957], [-119.755593, 39.152888], [-119.755506, 39.152853], [-119.755413, 39.152823], [-119.755306, 39.152794], [-119.7552, 39.152773], [-119.755096, 39.152758], [-119.754988, 39.152749], [-119.754798, 39.152757], [-119.754705, 39.152766], [-119.754685, 39.152769], [-119.754606, 39.152781], [-119.754428, 39.152826], [-119.754345, 39.152854], [-119.753163, 39.153295], [-119.752739, 39.153452], [-119.752627, 39.153452], [-119.752534, 39.153428]]}, "props": {"MTFCC": "S1400", "NAME": null}}, {"geom": {"type": "LineString", "coordinates": [[-119.756164, 39.150278], [-119.754807, 39.150288], [-119.754326, 39.150291], [-119.754181, 39.15028], [-119.753447, 39.150344]]}, "props": {"MTFCC": "S1400", "NAME": null}}, {"geom": {"type": "LineString", "coordinates": [[-119.756164, 39.150278], [-119.754807, 39.150288], [-119.754326, 39.150291], [-119.754181, 39.15028], [-119.753447, 39.150344]]}, "props": {"MTFCC": "S1400", "NAME": null}}, {"geom": {"type": "LineString", "coordinates": [[-119.758763, 39.155279], [-119.759601, 39.155259]]}, "props": {"MTFCC": "S1400", "NAME": null}}, {"geom": {"type": "LineString", "coordinates": [[-119.758761, 39.156121], [-119.758763, 39.155279], [-119.758765, 39.154114]]}, "props": {"MTFCC": "S1400", "NAME": null}}, {"geom": {"type": "LineString", "coordinates": [[-119.754883, 39.161312], [-119.754883, 39.160534], [-119.75491, 39.160476], [-119.754929, 39.160378], [-119.754929, 39.159801], [-119.754929, 39.159393]]}, "props": {"MTFCC": "S1400", "NAME": null}}, {"geom": {"type": "LineString", "coordinates": [[-119.755536, 39.161312], [-119.755545, 39.161107], [-119.755594, 39.160873]]}, "props": {"MTFCC": "S1400", "NAME": null}}, {"geom": {"type": "LineString", "coordinates": [[-119.631631, 39.138535], [-119.631919, 39.138311], [-119.632479, 39.138119], [-119.633039, 39.137959], [-119.633391, 39.137975], [-119.633647, 39.137927]]}, "props": {"MTFCC": "S1400", "NAME": null}}, {"geom": {"type": "LineString", "coordinates": [[-119.633647, 39.137927], [-119.633439, 39.137415], [-119.632799, 39.136007], [-119.632623, 39.135543], [-119.632415, 39.135319], [-119.632287, 39.135047], [-119.632143, 39.134903], [-119.632431, 39.134567], [-119.632783, 39.134199], [-119.632975, 39.134087], [-119.633039, 39.133815], [-119.633087, 39.133447], [-119.633151, 39.133207], [-119.633023, 39.132983], [-119.633055, 39.132583], [-119.633103, 39.132263], [-119.632863, 39.132023], [-119.632655, 39.131655], [-119.632335, 39.131143], [-119.632079, 39.130215], [-119.632367, 39.130183], [-119.632543, 39.130119], [-119.632751, 39.130119]]}, "props": {"MTFCC": "S1400", "NAME": null}}, {"geom": {"type": "LineString", "coordinates": [[-119.628889, 39.112837], [-119.629038, 39.112749], [-119.629273, 39.112388], [-119.630116, 39.112577], [-119.630642, 39.111824], [-119.630969, 39.111714], [-119.63199, 39.111184], [-119.632453, 39.11066], [-119.632588, 39.110216], [-119.632411, 39.109909], [-119.632163, 39.109642], [-119.631579, 39.109503]]}, "props": {"MTFCC": "S1400", "NAME": null}}, {"geom": {"type": "LineString", "coordinates": [[-119.660422, 39.088706], [-119.659478, 39.089029], [-119.659008, 39.089359], [-119.658393, 39.089632], [-119.657923, 39.090043]]}, "props": {"MTFCC": "S1400", "NAME": null}}, {"geom": {"type": "LineString", "coordinates": [[-119.659687, 39.086068], [-119.659812, 39.086272], [-119.659968, 39.086759], [-119.660092, 39.087083], [-119.660247, 39.087407], [-119.660259, 39.088198], [-119.660353, 39.088499], [-119.660422, 39.088706], [-119.660446, 39.088777], [-119.660751, 39.08917], [-119.660785, 39.089449], [-119.660759, 39.089705], [-119.660822, 39.089937], [-119.660823, 39.089983], [-119.661095, 39.090213], [-119.661254, 39.09084], [-119.661316, 39.091025], [-119.661499, 39.091256], [-119.661504, 39.091581], [-119.661478, 39.091884], [-119.661364, 39.09221], [-119.661015, 39.092772], [-119.66075, 39.093053], [-119.660579, 39.093543], [-119.660583, 39.09385], [-119.660584, 39.093892], [-119.660649, 39.094263], [-119.660625, 39.094659], [-119.66063, 39.094938], [-119.660425, 39.095219], [-119.660388, 39.095278], [-119.660279, 39.095453], [-119.660055, 39.095543], [-119.659805, 39.095643], [-119.659417, 39.09567], [-119.658882, 39.095675], [-119.658859, 39.09567], [-119.658311, 39.095541], [-119.657893, 39.095498], [-119.657626, 39.095593], [-119.657238, 39.09562], [-119.656849, 39.095554], [-119.656253, 39.095606], [-119.655422, 39.095916], [-119.654949, 39.096199], [-119.654505, 39.096413], [-119.654091, 39.096696], [-119.653679, 39.097025], [-119.653144, 39.097216], [-119.652698, 39.097313], [-119.652221, 39.097317], [-119.651713, 39.097276], [-119.651057, 39.097305], [-119.650702, 39.097517], [-119.650316, 39.09766], [-119.649867, 39.097595], [-119.649716, 39.097457], [-119.64891, 39.097464], [-119.648165, 39.097494], [-119.647718, 39.097545], [-119.647092, 39.097597], [-119.646796, 39.097739], [-119.646231, 39.097907], [-119.645573, 39.097773], [-119.645156, 39.097847], [-119.645148, 39.097308]]}, "props": {"MTFCC": "S1500", "NAME": null}}, {"geom": {"type": "LineString", "coordinates": [[-119.771537, 39.151609], [-119.771857, 39.151761], [-119.772249, 39.151879], [-119.772523, 39.151967], [-119.773266, 39.152081], [-119.773539, 39.152048], [-119.774047, 39.152103], [-119.774401, 39.152252], [-119.774634, 39.152188], [-119.774944, 39.152064], [-119.775177, 39.152001], [-119.775489, 39.151998], [-119.775845, 39.152298], [-119.776317, 39.152536], [-119.776631, 39.152654], [-119.777061, 39.15271], [-119.77749, 39.152736], [-119.777883, 39.152884], [-119.778237, 39.153032], [-119.778323, 39.153097], [-119.779027, 39.153632], [-119.779381, 39.15378], [-119.779772, 39.153867], [-119.77997, 39.154017], [-119.780166, 39.154106], [-119.780596, 39.154132], [-119.7811, 39.153975], [-119.781489, 39.15388], [-119.781936, 39.153971], [-119.782193, 39.154024], [-119.782468, 39.154113], [-119.782743, 39.154262], [-119.78302, 39.154441], [-119.783217, 39.154561], [-119.783846, 39.154888], [-119.784631, 39.155123], [-119.785417, 39.155479], [-119.785968, 39.155777], [-119.786674, 39.156013], [-119.787185, 39.156251], [-119.787617, 39.156368], [-119.788323, 39.156604], [-119.788636, 39.156691], [-119.789224, 39.156837], [-119.789263, 39.156837]]}, "props": {"MTFCC": "S1500", "NAME": null}}, {"geom": {"type": "LineString", "coordinates": [[-119.777313, 39.16132], [-119.777306, 39.160614], [-119.777298, 39.159351], [-119.77729, 39.159187], [-119.777267, 39.159073], [-119.777168, 39.158875], [-119.777031, 39.158703], [-119.777015, 39.15869], [-119.776917, 39.158577], [-119.77684, 39.158447], [-119.776794, 39.158329], [-119.776779, 39.158218], [-119.776779, 39.157784], [-119.776774, 39.157363], [-119.776772, 39.157219], [-119.776764, 39.157108], [-119.776733, 39.157013], [-119.776695, 39.156963], [-119.776596, 39.156872], [-119.776443, 39.156796], [-119.775307, 39.156303], [-119.774272, 39.155858], [-119.774254, 39.155846], [-119.773499, 39.155525], [-119.773224, 39.155403], [-119.772942, 39.155254], [-119.772766, 39.155144], [-119.772484, 39.154934], [-119.772263, 39.154739]]}, "props": {"MTFCC": "S1400", "NAME": null}}, {"geom": {"type": "LineString", "coordinates": [[-119.774876, 39.158949], [-119.77479, 39.159014], [-119.77478, 39.160561], [-119.774773, 39.161198], [-119.77478, 39.161308], [-119.774827, 39.161408], [-119.774834, 39.161922], [-119.774841, 39.163086], [-119.774849, 39.163147], [-119.774828, 39.163155], [-119.774757, 39.163158]]}, "props": {"MTFCC": "S1400", "NAME": null}}, {"geom": {"type": "LineString", "coordinates": [[-119.773384, 39.158943], [-119.773376, 39.159023], [-119.773369, 39.160553]]}, "props": {"MTFCC": "S1400", "NAME": null}}, {"geom": {"type": "LineString", "coordinates": [[-119.765846, 39.153828], [-119.765931, 39.153707], [-119.765977, 39.153659], [-119.766053, 39.153607], [-119.766236, 39.153521], [-119.766354, 39.153448], [-119.766464, 39.153369], [-119.766579, 39.153263], [-119.766685, 39.153135], [-119.766766, 39.153003], [-119.767044, 39.152485]]}, "props": {"MTFCC": "S1630", "NAME": null}}, {"geom": {"type": "LineString", "coordinates": [[-119.753746, 39.166378], [-119.753738, 39.165989], [-119.753736, 39.164249]]}, "props": {"MTFCC": "S1400", "NAME": null}}, {"geom": {"type": "LineString", "coordinates": [[-119.753525, 39.14576], [-119.753525, 39.145622], [-119.753517, 39.145592], [-119.75351, 39.145527], [-119.753471, 39.145447], [-119.753365, 39.145184], [-119.753281, 39.145008], [-119.753265, 39.144894], [-119.753265, 39.144711], [-119.753265, 39.143978], [-119.753265, 39.143425], [-119.753273, 39.143261]]}, "props": {"MTFCC": "S1400", "NAME": null}}, {"geom": {"type": "LineString", "coordinates": [[-119.753265, 39.143978], [-119.753021, 39.143986], [-119.752731, 39.143986], [-119.752609, 39.143974], [-119.752502, 39.143929]]}, "props": {"MTFCC": "S1400", "NAME": null}}, {"geom": {"type": "LineString", "coordinates": [[-119.753265, 39.144711], [-119.752472, 39.144709]]}, "props": {"MTFCC": "S1400", "NAME": null}}, {"geom": {"type": "LineString", "coordinates": [[-119.716204, 39.163531], [-119.716255, 39.163559], [-119.716309, 39.163567], [-119.716492, 39.163567], [-119.71685, 39.163582], [-119.718376, 39.163628], [-119.718491, 39.163624], [-119.718666, 39.16357], [-119.718735, 39.163532], [-119.718842, 39.163418]]}, "props": {"MTFCC": "S1400", "NAME": null}}, {"geom": {"type": "LineString", "coordinates": [[-119.673745, 39.12999], [-119.674353, 39.12979], [-119.674865, 39.129542], [-119.675361, 39.129422]]}, "props": {"MTFCC": "S1400", "NAME": null}}, {"geom": {"type": "LineString", "coordinates": [[-119.684018, 39.149462], [-119.684322, 39.14991], [-119.684626, 39.150406], [-119.684833, 39.150773]]}, "props": {"MTFCC": "S1400", "NAME": null}}, {"geom": {"type": "LineString", "coordinates": [[-119.695984, 39.182135], [-119.695268, 39.181865], [-119.694916, 39.181766], [-119.694608, 39.181691], [-119.694188, 39.181622], [-119.693187, 39.181641], [-119.692946, 39.181639], [-119.692657, 39.181593], [-119.692343, 39.181523], [-119.691991, 39.181409], [-119.69172, 39.181276], [-119.691138, 39.180934], [-119.690639, 39.180746], [-119.690228, 39.180674], [-119.689894, 39.180694], [-119.689539, 39.18079], [-119.689101, 39.181004], [-119.68862, 39.181277], [-119.688266, 39.181398], [-119.687716, 39.181445], [-119.687187, 39.181366], [-119.686796, 39.181219], [-119.686524, 39.18102], [-119.68632, 39.180753], [-119.686292, 39.180326], [-119.686881, 39.179388], [-119.687101, 39.178992], [-119.687791, 39.177315], [-119.688091, 39.176647]]}, "props": {"MTFCC": "S1400", "NAME": null}}, {"geom": {"type": "LineString", "coordinates": [[-119.680451, 39.190247], [-119.680275, 39.190503], [-119.680099, 39.190695], [-119.680051, 39.190807], [-119.680019, 39.190967], [-119.680019, 39.191079], [-119.679955, 39.191271], [-119.679843, 39.191463], [-119.679651, 39.191767]]}, "props": {"MTFCC": "S1400", "NAME": null}}, {"geom": {"type": "LineString", "coordinates": [[-119.671682, 39.197687], [-119.671922, 39.197687], [-119.672178, 39.197527], [-119.672418, 39.197527], [-119.673346, 39.197207], [-119.67405, 39.197047], [-119.674402, 39.196919], [-119.67493, 39.196679], [-119.675074, 39.196599], [-119.67525, 39.196487], [-119.675506, 39.196327], [-119.67565, 39.196151], [-119.675794, 39.195991], [-119.676114, 39.195671], [-119.67629, 39.195559], [-119.676466, 39.195479], [-119.676674, 39.195319], [-119.676899, 39.195239], [-119.677171, 39.195095], [-119.677347, 39.195047], [-119.677491, 39.194983], [-119.677779, 39.194919], [-119.678275, 39.195031], [-119.678659, 39.195175], [-119.678835, 39.195223], [-119.678963, 39.195271], [-119.679171, 39.195335], [-119.679283, 39.195367], [-119.679603, 39.195399]]}, "props": {"MTFCC": "S1400", "NAME": null}}, {"geom": {"type": "LineString", "coordinates": [[-119.667858, 39.200983], [-119.667794, 39.200967], [-119.667698, 39.200871], [-119.667346, 39.200951], [-119.667266, 39.200983], [-119.667058, 39.201127], [-119.666914, 39.201143], [-119.66677, 39.201111], [-119.666706, 39.201063]]}, "props": {"MTFCC": "S1400", "NAME": null}}, {"geom": {"type": "LineString", "coordinates": [[-119.785764, 39.18], [-119.785605, 39.179881], [-119.785365, 39.179742], [-119.785, 39.179658], [-119.784785, 39.179649], [-119.782549, 39.179657]]}, "props": {"MTFCC": "S1400", "NAME": null}}, {"geom": {"type": "LineString", "coordinates": [[-119.786648, 39.181245], [-119.787692, 39.18126]]}, "props": {"MTFCC": "S1400", "NAME": null}}, {"geom": {"type": "LineString", "coordinates": [[-119.788297, 39.179123], [-119.789359, 39.179178], [-119.790066, 39.179301], [-119.790882, 39.179336], [-119.791604, 39.179285], [-119.792106, 39.179381], [-119.792682, 39.179505], [-119.793203, 39.179571], [-119.793909, 39.179708], [-119.794357, 39.179877], [-119.795472, 39.180053], [-119.796456, 39.180158], [-119.796902, 39.18024], [-119.800041, 39.18064], [-119.800326, 39.181026], [-119.800741, 39.18144], [-119.801079, 39.181725], [-119.801474, 39.182024], [-119.801905, 39.182337], [-119.802466, 39.182576], [-119.802858, 39.18276], [-119.803415, 39.18284], [-119.804063, 39.182776], [-119.804769, 39.182869], [-119.805269, 39.182864], [-119.80612, 39.182783], [-119.80662, 39.182749], [-119.807254, 39.18293], [-119.807756, 39.183054], [-119.80835, 39.183106], [-119.808886, 39.183014], [-119.809366, 39.182908], [-119.809864, 39.182787], [-119.810875, 39.182257], [-119.811259, 39.181964], [-119.811908, 39.181972], [-119.812541, 39.182153], [-119.813026, 39.18235], [-119.813531, 39.182575], [-119.81398, 39.182859], [-119.814523, 39.183171], [-119.815159, 39.183467], [-119.81579, 39.183561], [-119.816371, 39.183901], [-119.816397, 39.184334], [-119.816349, 39.184781], [-119.817216, 39.185565], [-119.817743, 39.186021], [-119.818272, 39.186636], [-119.818483, 39.187052], [-119.818585, 39.18757], [-119.818798, 39.188059], [-119.818917, 39.188187]]}, "props": {"MTFCC": "S1500", "NAME": null}}, {"geom": {"type": "LineString", "coordinates": [[-119.818917, 39.188187], [-119.819062, 39.188344], [-119.819311, 39.188803], [-119.819598, 39.189305], [-119.819826, 39.18962], [-119.820149, 39.190093], [-119.820507, 39.190406], [-119.820714, 39.190614], [-119.82072, 39.190632], [-119.820713, 39.190926], [-119.820986, 39.190904], [-119.821447, 39.191161], [-119.822011, 39.191616], [-119.822287, 39.191724], [-119.822578, 39.191838], [-119.822907, 39.191967], [-119.823706, 39.192045], [-119.824316, 39.191996], [-119.824872, 39.191961], [-119.825027, 39.191869]]}, "props": {"MTFCC": "S1500", "NAME": null}}, {"geom": {"type": "LineString", "coordinates": [[-119.861733, 39.181301], [-119.862391, 39.181221]]}, "props": {"MTFCC": "S1500", "NAME": null}}, {"geom": {"type": "LineString", "coordinates": [[-119.814661, 39.188237], [-119.814321, 39.188363], [-119.81419, 39.188468], [-119.81406, 39.188616], [-119.813887, 39.188832], [-119.813053, 39.18977]]}, "props": {"MTFCC": "S1400", "NAME": null}}, {"geom": {"type": "LineString", "coordinates": [[-119.825027, 39.191869], [-119.825262, 39.192029], [-119.825733, 39.192428], [-119.826128, 39.192755], [-119.827003, 39.192977], [-119.82725, 39.193335], [-119.827442, 39.193679], [-119.827596, 39.194009], [-119.827491, 39.194385], [-119.827595, 39.195004], [-119.8279, 39.195491], [-119.828206, 39.196007], [-119.828417, 39.196438], [-119.828648, 39.196883], [-119.828841, 39.197313], [-119.828936, 39.197485]]}, "props": {"MTFCC": "S1500", "NAME": null}}, {"geom": {"type": "LineString", "coordinates": [[-119.79754, 39.189714], [-119.798446, 39.190192], [-119.798858, 39.190591], [-119.799413, 39.191229], [-119.79992, 39.191787], [-119.800428, 39.19209], [-119.801985, 39.191272], [-119.803463, 39.191333]]}, "props": {"MTFCC": "S1400", "NAME": null}}, {"geom": {"type": "LineString", "coordinates": [[-119.607697, 39.146795], [-119.606748, 39.147081], [-119.606217, 39.147224], [-119.605934, 39.147282], [-119.605618, 39.147561], [-119.60541, 39.147895], [-119.605022, 39.14812], [-119.604281, 39.148458], [-119.604005, 39.149014], [-119.603834, 39.149514], [-119.603518, 39.149793], [-119.603201, 39.149934], [-119.602848, 39.150131], [-119.602641, 39.15052], [-119.602467, 39.150826], [-119.602364, 39.151076], [-119.601692, 39.151275], [-119.600982, 39.151337], [-119.600379, 39.151398], [-119.599746, 39.151818], [-119.599251, 39.152016], [-119.598794, 39.15238], [-119.59878, 39.152401], [-119.598551, 39.152741], [-119.598416, 39.153241], [-119.59835, 39.153601], [-119.598356, 39.154016], [-119.598471, 39.154623], [-119.598829, 39.154786], [-119.59901, 39.155006], [-119.599262, 39.155253], [-119.599446, 39.155666], [-119.599274, 39.156055], [-119.59903, 39.156445], [-119.599285, 39.156857], [-119.599296, 39.156883], [-119.599396, 39.157133], [-119.599546, 39.157713], [-119.599587, 39.1581], [-119.59959, 39.158321], [-119.599561, 39.158764], [-119.599538, 39.159622], [-119.599577, 39.159843], [-119.599493, 39.161393], [-119.599184, 39.16217], [-119.599118, 39.162558], [-119.598771, 39.163142], [-119.59952, 39.163274], [-119.599632, 39.16366], [-119.599494, 39.163993], [-119.599286, 39.164327], [-119.599076, 39.164578], [-119.59876, 39.164802], [-119.598198, 39.16525], [-119.597811, 39.165585], [-119.597211, 39.165811], [-119.596042, 39.166126], [-119.59544, 39.166242], [-119.594695, 39.166359], [-119.594237, 39.16664], [-119.593744, 39.166921], [-119.59318, 39.167257], [-119.59265, 39.167511], [-119.592012, 39.167627], [-119.591622, 39.167658], [-119.591159, 39.167579], [-119.590942, 39.16736], [-119.590867, 39.167084], [-119.59072, 39.166753], [-119.59061, 39.166477], [-119.590357, 39.166231], [-119.589651, 39.166513], [-119.589334, 39.166737], [-119.588842, 39.167157], [-119.588493, 39.167602], [-119.588108, 39.167965], [-119.5879, 39.168382], [-119.588048, 39.168796], [-119.587882, 39.169627], [-119.587503, 39.17046], [-119.587014, 39.171018], [-119.586628, 39.171409], [-119.586525, 39.171659], [-119.586073, 39.172382], [-119.585549, 39.173023], [-119.584847, 39.17361], [-119.584286, 39.174168], [-119.583657, 39.174892], [-119.582993, 39.1757], [-119.582611, 39.176395], [-119.582583, 39.176894], [-119.58259, 39.177392], [-119.582738, 39.177805], [-119.582992, 39.178135], [-119.583353, 39.178547], [-119.583606, 39.178877], [-119.583904, 39.179815], [-119.584196, 39.180338], [-119.584451, 39.180806], [-119.584599, 39.18122], [-119.584678, 39.181773], [-119.584791, 39.182214], [-119.584765, 39.182851], [-119.584626, 39.183073], [-119.584168, 39.183382], [-119.583602, 39.183552], [-119.583106, 39.183723], [-119.582572, 39.183644], [-119.581966, 39.183539], [-119.581395, 39.18335], [-119.581037, 39.183187], [-119.580253, 39.183028], [-119.579469, 39.182951], [-119.578902, 39.183012], [-119.578441, 39.183099], [-119.577804, 39.183353], [-119.577311, 39.183634], [-119.576853, 39.183942], [-119.576322, 39.18414], [-119.575897, 39.184255], [-119.575436, 39.184341], [-119.574668, 39.184682]]}, "props": {"MTFCC": "S1500", "NAME": null}}, {"geom": {"type": "LineString", "coordinates": [[-119.748872, 39.179581], [-119.748972, 39.179643], [-119.749006, 39.179757], [-119.749005, 39.179943], [-119.748994, 39.180274], [-119.748996, 39.180831], [-119.748925, 39.180942]]}, "props": {"MTFCC": "S1400", "NAME": null}}, {"geom": {"type": "LineString", "coordinates": [[-119.746185, 39.179429], [-119.746061, 39.179742], [-119.746027, 39.179889], [-119.746055, 39.180196], [-119.746116, 39.1808], [-119.746113, 39.181448], [-119.746075, 39.181642], [-119.745978, 39.18214]]}, "props": {"MTFCC": "S1400", "NAME": null}}, {"geom": {"type": "LineString", "coordinates": [[-119.754763, 39.185432], [-119.755553, 39.185431], [-119.7556, 39.185407], [-119.755628, 39.185374], [-119.755815, 39.184877], [-119.755816, 39.184828], [-119.755805, 39.184781]]}, "props": {"MTFCC": "S1400", "NAME": null}}, {"geom": {"type": "LineString", "coordinates": [[-119.758859, 39.185661], [-119.758739, 39.185981], [-119.758702, 39.18602], [-119.758655, 39.186044], [-119.758601, 39.186054], [-119.758239, 39.186054], [-119.757236, 39.186052], [-119.756265, 39.186017], [-119.755921, 39.186018], [-119.755742, 39.186038], [-119.754726, 39.186052], [-119.754455, 39.186055], [-119.754327, 39.186057]]}, "props": {"MTFCC": "S1400", "NAME": null}}, {"geom": {"type": "LineString", "coordinates": [[-119.756645, 39.19619], [-119.758026, 39.196194], [-119.758274, 39.196209], [-119.758293, 39.19622]]}, "props": {"MTFCC": "S1400", "NAME": null}}, {"geom": {"type": "LineString", "coordinates": [[-119.781005, 39.183411], [-119.78093, 39.183521], [-119.78086, 39.183578], [-119.780758, 39.183617], [-119.780629, 39.183642], [-119.780343, 39.183669], [-119.780162, 39.183694], [-119.779587, 39.183749], [-119.779547, 39.183558]]}, "props": {"MTFCC": "S1400", "NAME": null}}, {"geom": {"type": "LineString", "coordinates": [[-119.781005, 39.183411], [-119.781223, 39.183008], [-119.781304, 39.182977], [-119.781366, 39.182927], [-119.781506, 39.182677], [-119.781524, 39.182615], [-119.781512, 39.182454], [-119.781493, 39.18235], [-119.781174, 39.182296]]}, "props": {"MTFCC": "S1400", "NAME": null}}, {"geom": {"type": "LineString", "coordinates": [[-119.762099, 39.139745], [-119.7621, 39.138222]]}, "props": {"MTFCC": "S1400", "NAME": null}}, {"geom": {"type": "LineString", "coordinates": [[-119.723612, 39.097179], [-119.723916, 39.097207]]}, "props": {"MTFCC": "S1400", "NAME": null}}, {"geom": {"type": "LineString", "coordinates": [[-119.895335, 39.154206], [-119.895797, 39.154335], [-119.896334, 39.15464], [-119.896391, 39.154846], [-119.896742, 39.155132], [-119.897011, 39.155315], [-119.897282, 39.15556], [-119.897551, 39.155764], [-119.897819, 39.155885], [-119.898141, 39.156047], [-119.898543, 39.156208], [-119.898813, 39.156433], [-119.899162, 39.156636], [-119.90063, 39.15693], [-119.901002, 39.156946], [-119.901374, 39.156921], [-119.901771, 39.156855], [-119.902141, 39.156747], [-119.902564, 39.156577], [-119.9028, 39.156429], [-119.903037, 39.156302], [-119.903405, 39.156112], [-119.903513, 39.156152], [-119.903543, 39.156338], [-119.903414, 39.156588], [-119.903312, 39.156816], [-119.903315, 39.156982], [-119.903426, 39.157208], [-119.903562, 39.157372], [-119.903724, 39.157495], [-119.903966, 39.157658], [-119.904313, 39.157736], [-119.904448, 39.157838], [-119.904506, 39.158107], [-119.904271, 39.158316], [-119.903981, 39.158444], [-119.90385, 39.158549], [-119.903694, 39.158737], [-119.903354, 39.159051], [-119.903225, 39.159239], [-119.9032, 39.159322], [-119.903282, 39.159445], [-119.903467, 39.159422], [-119.903651, 39.159296], [-119.903861, 39.159169], [-119.904046, 39.159105], [-119.904233, 39.159165], [-119.904421, 39.159267], [-119.904583, 39.159368], [-119.904772, 39.159511], [-119.905013, 39.159653], [-119.905254, 39.159733], [-119.905521, 39.159792], [-119.905736, 39.159893], [-119.906454, 39.159926], [-119.906798, 39.15984], [-119.906982, 39.159755], [-119.907247, 39.159669], [-119.907378, 39.159585], [-119.907537, 39.159562], [-119.907778, 39.159642], [-119.908022, 39.159909], [-119.908053, 39.160136], [-119.90819, 39.160341], [-119.908274, 39.160568], [-119.908384, 39.160774], [-119.908121, 39.160942], [-119.907991, 39.161068], [-119.908049, 39.161378], [-119.908053, 39.161543], [-119.908291, 39.161478], [-119.908473, 39.16129], [-119.908658, 39.161205], [-119.908922, 39.161119], [-119.909001, 39.161098], [-119.909217, 39.16124], [-119.909381, 39.161507], [-119.909437, 39.161672], [-119.909368, 39.162211], [-119.90924, 39.162482], [-119.909136, 39.162628], [-119.908954, 39.162857], [-119.908904, 39.163023], [-119.908854, 39.163169], [-119.908725, 39.163377], [-119.908808, 39.163542], [-119.908969, 39.163623], [-119.909129, 39.163683], [-119.909396, 39.163701], [-119.909503, 39.163762], [-119.909505, 39.163886], [-119.909482, 39.164052], [-119.909591, 39.164195], [-119.909752, 39.164276], [-119.910312, 39.164394], [-119.910767, 39.164534], [-119.911007, 39.164572], [-119.911138, 39.164488], [-119.911336, 39.164447], [-119.911668, 39.164379], [-119.911804, 39.164522], [-119.911993, 39.164685], [-119.912074, 39.164788], [-119.912261, 39.164827], [-119.912362, 39.164557], [-119.912574, 39.164492], [-119.912812, 39.164407], [-119.912833, 39.164158], [-119.912644, 39.163954], [-119.912586, 39.163706], [-119.912449, 39.1635], [-119.912286, 39.163337], [-119.912282, 39.163109], [-119.912489, 39.162817], [-119.91275, 39.162566], [-119.912932, 39.162315], [-119.91324, 39.161774], [-119.913395, 39.161524], [-119.913523, 39.161233], [-119.913677, 39.160962], [-119.913727, 39.160775], [-119.913774, 39.160443], [-119.913897, 39.159945], [-119.91392, 39.159738], [-119.913889, 39.15949], [-119.913806, 39.159325], [-119.913644, 39.159182], [-119.913508, 39.159018], [-119.913371, 39.158813], [-119.913313, 39.158586], [-119.913311, 39.158462], [-119.913333, 39.158234], [-119.913331, 39.15811], [-119.913379, 39.15782], [-119.91356, 39.157548], [-119.913976, 39.157088], [-119.914213, 39.156962], [-119.914335, 39.157065], [-119.914456, 39.157166], [-119.914547, 39.157765], [-119.914552, 39.157978], [-119.914554, 39.158008], [-119.914584, 39.158282], [-119.914668, 39.158508], [-119.914751, 39.158714], [-119.914916, 39.159023], [-119.915267, 39.159288], [-119.915483, 39.159472], [-119.915646, 39.159656], [-119.915725, 39.159635], [-119.91583, 39.15953], [-119.915906, 39.159322], [-119.915985, 39.15928], [-119.916033, 39.159285], [-119.91617, 39.159298], [-119.916598, 39.159459], [-119.917084, 39.159826], [-119.917486, 39.160008], [-119.917754, 39.160149], [-119.917943, 39.160292], [-119.918079, 39.160435], [-119.918161, 39.160579], [-119.918166, 39.160828], [-119.918252, 39.161158], [-119.918363, 39.161425], [-119.918504, 39.161817], [-119.91867, 39.162167], [-119.918861, 39.162434], [-119.919106, 39.162721], [-119.919508, 39.162923], [-119.919747, 39.16292], [-119.920094, 39.162978], [-119.920388, 39.163037], [-119.920629, 39.163138], [-119.920948, 39.163155], [-119.921267, 39.163151], [-119.921557, 39.163044], [-119.921794, 39.162918], [-119.922085, 39.162811], [-119.922456, 39.162765], [-119.922829, 39.162844], [-119.923205, 39.163025], [-119.923367, 39.163168], [-119.923531, 39.163374], [-119.923693, 39.163537], [-119.923882, 39.163659], [-119.924097, 39.163781], [-119.924285, 39.163882], [-119.924446, 39.164005], [-119.924529, 39.164169], [-119.924531, 39.164252], [-119.924239, 39.164255], [-119.924105, 39.164236], [-119.923892, 39.164197], [-119.923732, 39.164158], [-119.923572, 39.164139], [-119.923358, 39.1641], [-119.923145, 39.164082], [-119.922906, 39.164084], [-119.922828, 39.164168], [-119.922857, 39.164292], [-119.923046, 39.164435], [-119.92318, 39.164516], [-119.923395, 39.164617], [-119.923528, 39.164657], [-119.923689, 39.164738], [-119.923797, 39.164798], [-119.923932, 39.1649], [-119.92423, 39.165228], [-119.924341, 39.165434], [-119.924496, 39.165589]]}, "props": {"MTFCC": "S1500", "NAME": null}}, {"geom": {"type": "LineString", "coordinates": [[-119.911336, 39.164447], [-119.911308, 39.164805], [-119.911444, 39.165284], [-119.911598, 39.165491], [-119.911756, 39.165567]]}, "props": {"MTFCC": "S1400", "NAME": null}}, {"geom": {"type": "LineString", "coordinates": [[-119.895335, 39.154206], [-119.895591, 39.154669], [-119.895758, 39.155101], [-119.895846, 39.155514], [-119.895983, 39.15574], [-119.896149, 39.15609], [-119.896024, 39.156547], [-119.89603, 39.156837], [-119.896144, 39.15727], [-119.896205, 39.157683], [-119.896223, 39.158676], [-119.896152, 39.159112], [-119.896028, 39.159589], [-119.895957, 39.160107], [-119.895803, 39.160399], [-119.895677, 39.160731], [-119.895609, 39.161374], [-119.89535, 39.161749], [-119.895332, 39.162204], [-119.89542, 39.162638], [-119.895622, 39.163505], [-119.895707, 39.163773], [-119.895737, 39.164], [-119.895928, 39.164267], [-119.896143, 39.164348], [-119.896429, 39.164397]]}, "props": {"MTFCC": "S1500", "NAME": null}}, {"geom": {"type": "LineString", "coordinates": [[-119.810129, 39.2094], [-119.80952, 39.209427]]}, "props": {"MTFCC": "S1400", "NAME": null}}, {"geom": {"type": "LineString", "coordinates": [[-119.821889, 39.14319], [-119.821217, 39.143127], [-119.820119, 39.143362], [-119.81969, 39.143397], [-119.818952, 39.143557], [-119.818603, 39.143652], [-119.818215, 39.143808], [-119.817866, 39.143902], [-119.817362, 39.14406], [-119.81682, 39.144308], [-119.816587, 39.144372], [-119.816039, 39.144286], [-119.815886, 39.144409], [-119.815538, 39.144626], [-119.815114, 39.144903], [-119.814728, 39.14512], [-119.814419, 39.145275], [-119.814071, 39.145461], [-119.813684, 39.145678], [-119.813454, 39.145863], [-119.813144, 39.146018], [-119.812796, 39.146173], [-119.812522, 39.146146], [-119.812176, 39.146392], [-119.812024, 39.146514], [-119.811714, 39.146762], [-119.811692, 39.146802], [-119.811563, 39.147037], [-119.811525, 39.147067], [-119.811332, 39.147221], [-119.811138, 39.147254], [-119.810709, 39.147289], [-119.810514, 39.147291]]}, "props": {"MTFCC": "S1500", "NAME": null}}, {"geom": {"type": "LineString", "coordinates": [[-119.76447, 39.155621], [-119.764294, 39.156021]]}, "props": {"MTFCC": "S1400", "NAME": null}}, {"geom": {"type": "LineString", "coordinates": [[-119.764102, 39.156581], [-119.763638, 39.15663], [-119.763574, 39.156791], [-119.763527, 39.157369]]}, "props": {"MTFCC": "S1400", "NAME": null}}, {"geom": {"type": "LineString", "coordinates": [[-119.763206, 39.145439], [-119.76297, 39.145317], [-119.76284, 39.145241], [-119.762733, 39.145138]]}, "props": {"MTFCC": "S1400", "NAME": null}}, {"geom": {"type": "LineString", "coordinates": [[-119.697725, 39.18365], [-119.69734, 39.18425], [-119.697344, 39.185566]]}, "props": {"MTFCC": "S1400", "NAME": null}}, {"geom": {"type": "LineString", "coordinates": [[-119.659969, 39.183719], [-119.660137, 39.183792], [-119.660276, 39.184018], [-119.660366, 39.184154], [-119.660419, 39.184441]]}, "props": {"MTFCC": "S1400", "NAME": null}}, {"geom": {"type": "LineString", "coordinates": [[-119.67493, 39.170231], [-119.674674, 39.170359], [-119.674386, 39.170391], [-119.673554, 39.170519], [-119.673122, 39.170647], [-119.672834, 39.170791], [-119.672738, 39.170871], [-119.672658, 39.170919], [-119.67237, 39.171031], [-119.672242, 39.171079]]}, "props": {"MTFCC": "S1400", "NAME": null}}, {"geom": {"type": "LineString", "coordinates": [[-119.660505, 39.196272], [-119.660504, 39.196208], [-119.66037, 39.196263], [-119.660505, 39.196272]]}, "props": {"MTFCC": "S1400", "NAME": null}}, {"geom": {"type": "LineString", "coordinates": [[-119.796766, 39.163446], [-119.796653, 39.163401], [-119.796599, 39.163344], [-119.796561, 39.163272], [-119.796541, 39.163186], [-119.79654, 39.163102], [-119.796548, 39.163018], [-119.796586, 39.162926], [-119.796653, 39.16287], [-119.796757, 39.162832]]}, "props": {"MTFCC": "S1400", "NAME": null}}, {"geom": {"type": "LineString", "coordinates": [[-119.780655, 39.163956], [-119.780926, 39.163957], [-119.781616, 39.163961], [-119.781773, 39.163962], [-119.781931, 39.163963]]}, "props": {"MTFCC": "S1400", "NAME": null}}, {"geom": {"type": "LineString", "coordinates": [[-119.781773, 39.163962], [-119.781797, 39.164528]]}, "props": {"MTFCC": "S1400", "NAME": null}}, {"geom": {"type": "LineString", "coordinates": [[-119.75616, 39.150029], [-119.756164, 39.150278]]}, "props": {"MTFCC": "S1740", "NAME": null}}, {"geom": {"type": "LineString", "coordinates": [[-119.703467, 39.238848], [-119.703731, 39.238868], [-119.703818, 39.238888], [-119.704026, 39.238919]]}, "props": {"MTFCC": "S1400", "NAME": null}}, {"geom": {"type": "LineString", "coordinates": [[-119.746861, 39.217921], [-119.748022, 39.218406]]}, "props": {"MTFCC": "S1400", "NAME": null}}, {"geom": {"type": "LineString", "coordinates": [[-119.757255, 39.213558], [-119.757191, 39.213286], [-119.757015, 39.212134], [-119.757191, 39.211334], [-119.756935, 39.210662], [-119.756887, 39.210054], [-119.756855, 39.208998], [-119.756775, 39.20807], [-119.756711, 39.207766], [-119.756743, 39.206934], [-119.756663, 39.206694]]}, "props": {"MTFCC": "S1400", "NAME": null}}, {"geom": {"type": "LineString", "coordinates": [[-119.719794, 39.143845], [-119.720125, 39.144064], [-119.720281, 39.144149], [-119.720432, 39.14422], [-119.720534, 39.144284], [-119.720627, 39.144362], [-119.720703, 39.144451], [-119.720873, 39.144746], [-119.720793, 39.144774]]}, "props": {"MTFCC": "S1400", "NAME": null}}, {"geom": {"type": "LineString", "coordinates": [[-119.71506, 39.186311], [-119.715079, 39.185237]]}, "props": {"MTFCC": "S1400", "NAME": null}}, {"geom": {"type": "LineString", "coordinates": [[-119.748802, 39.134945], [-119.748802, 39.133911], [-119.748795, 39.133793]]}, "props": {"MTFCC": "S1400", "NAME": null}}, {"geom": {"type": "LineString", "coordinates": [[-119.792928, 39.186334], [-119.793549, 39.186299], [-119.794947, 39.186293], [-119.795628, 39.186276], [-119.796258, 39.186286], [-119.796351, 39.186284], [-119.797038, 39.186273], [-119.797541, 39.186257]]}, "props": {"MTFCC": "S1400", "NAME": null}}, {"geom": {"type": "LineString", "coordinates": [[-119.725454, 39.152969], [-119.72565, 39.153054], [-119.725873, 39.153114], [-119.726101, 39.153116], [-119.726287, 39.15303]]}, "props": {"MTFCC": "S1400", "NAME": null}}, {"geom": {"type": "LineString", "coordinates": [[-119.778816, 39.15815], [-119.779259, 39.157829]]}, "props": {"MTFCC": "S1400", "NAME": null}}, {"geom": {"type": "LineString", "coordinates": [[-119.694877, 39.187769], [-119.688556, 39.187818]]}, "props": {"MTFCC": "S1400", "NAME": null}}, {"geom": {"type": "LineString", "coordinates": [[-119.770927, 39.182518], [-119.770485, 39.182514]]}, "props": {"MTFCC": "S1400", "NAME": null}}, {"geom": {"type": "LineString", "coordinates": [[-119.720833, 39.168894], [-119.721506, 39.169005]]}, "props": {"MTFCC": "S1400", "NAME": null}}, {"geom": {"type": "LineString", "coordinates": [[-119.755364, 39.190448], [-119.755662, 39.190698], [-119.756229, 39.191144], [-119.756452, 39.191299], [-119.756801, 39.191567], [-119.757451, 39.192022], [-119.758406, 39.192495], [-119.759242, 39.192783], [-119.760004, 39.193043]]}, "props": {"MTFCC": "S1630", "NAME": null}}, {"geom": {"type": "LineString", "coordinates": [[-119.765846, 39.192307], [-119.766266, 39.192307], [-119.766418, 39.192341], [-119.766487, 39.192368], [-119.766579, 39.192417], [-119.766655, 39.19249], [-119.766739, 39.192635], [-119.766747, 39.192665], [-119.76683, 39.192818]]}, "props": {"MTFCC": "S1400", "NAME": null}}, {"geom": {"type": "LineString", "coordinates": [[-119.740522, 39.174738], [-119.740347, 39.174662], [-119.740097, 39.174561], [-119.7399, 39.174444], [-119.739702, 39.174274], [-119.73955, 39.174067], [-119.73946, 39.17391]]}, "props": {"MTFCC": "S1630", "NAME": null}}, {"geom": {"type": "LineString", "coordinates": [[-119.758239, 39.186054], [-119.758245, 39.18576], [-119.758258, 39.18571], [-119.758337, 39.185497], [-119.758247, 39.185477]]}, "props": {"MTFCC": "S1400", "NAME": null}}, {"geom": {"type": "LineString", "coordinates": [[-119.772343, 39.118345], [-119.771896, 39.119055], [-119.771807, 39.119178], [-119.771753, 39.119231], [-119.771691, 39.119311], [-119.771611, 39.119403], [-119.77155, 39.119461], [-119.771464, 39.119533], [-119.771386, 39.11959], [-119.771285, 39.119651], [-119.771182, 39.119711], [-119.771049, 39.119775], [-119.770868, 39.119844], [-119.770695, 39.119898], [-119.770499, 39.119947], [-119.770452, 39.119958], [-119.770211, 39.120011], [-119.769335, 39.120199], [-119.76755, 39.120581], [-119.766602, 39.120788], [-119.766096, 39.120897], [-119.765804, 39.120959], [-119.765626, 39.120991], [-119.76539, 39.121028], [-119.76513, 39.121074], [-119.764905, 39.12111], [-119.764684, 39.121145], [-119.764492, 39.121172], [-119.764288, 39.121198], [-119.76393, 39.12124], [-119.763605, 39.121275], [-119.763566, 39.121278], [-119.76333, 39.121299], [-119.763123, 39.121319], [-119.762887, 39.121337], [-119.762618, 39.121355], [-119.762402, 39.12137], [-119.762201, 39.121376], [-119.762147, 39.121378], [-119.761832, 39.121387], [-119.761149, 39.121388], [-119.758877, 39.12139], [-119.758414, 39.121404], [-119.757675, 39.121418], [-119.757099, 39.121432], [-119.756564, 39.121456]]}, "props": {"MTFCC": "S1200", "NAME": null}}, {"geom": {"type": "LineString", "coordinates": [[-119.750987, 39.168932], [-119.751501, 39.168938], [-119.751708, 39.168913], [-119.751897, 39.168897], [-119.751992, 39.168926], [-119.752076, 39.168951], [-119.752174, 39.169107], [-119.752218, 39.169259], [-119.752237, 39.169354], [-119.752231, 39.169372]]}, "props": {"MTFCC": "S1400", "NAME": null}}, {"geom": {"type": "LineString", "coordinates": [[-119.7466, 39.144623], [-119.746559, 39.144775], [-119.746552, 39.144974], [-119.746541, 39.145129], [-119.746526, 39.145347], [-119.746511, 39.145505], [-119.746489, 39.145675], [-119.74646, 39.145822], [-119.746423, 39.145992], [-119.7464, 39.146095], [-119.746386, 39.146158], [-119.746345, 39.146309], [-119.746312, 39.146412], [-119.746261, 39.146556], [-119.746227, 39.146637], [-119.746168, 39.146759], [-119.746098, 39.146884], [-119.746047, 39.146984], [-119.745977, 39.147094], [-119.745921, 39.147179], [-119.745873, 39.147253], [-119.745778, 39.147378], [-119.745704, 39.147467], [-119.745615, 39.14757], [-119.745542, 39.147648], [-119.745453, 39.147743], [-119.74535, 39.147839], [-119.745243, 39.147943], [-119.745121, 39.148053], [-119.744999, 39.148149], [-119.744845, 39.148263], [-119.744649, 39.148422], [-119.744535, 39.148499], [-119.74438, 39.14861], [-119.744284, 39.148687], [-119.744173, 39.148783], [-119.744089, 39.148868], [-119.743996, 39.14896], [-119.743915, 39.149067], [-119.743889, 39.149115], [-119.743845, 39.149237], [-119.743812, 39.149392], [-119.743798, 39.150116]]}, "props": {"MTFCC": "S1630", "NAME": null}}, {"geom": {"type": "LineString", "coordinates": [[-119.808135, 39.135636], [-119.807713, 39.135639], [-119.807452, 39.135516], [-119.807063, 39.135391], [-119.806787, 39.135349], [-119.806267, 39.135491], [-119.805991, 39.135482], [-119.805844, 39.135364], [-119.805713, 39.135212], [-119.805679, 39.135095]]}, "props": {"MTFCC": "S1400", "NAME": null}}, {"geom": {"type": "LineString", "coordinates": [[-119.75705, 39.110047], [-119.757026, 39.109275], [-119.75705, 39.109119], [-119.757098, 39.109014], [-119.757203, 39.108837], [-119.757455, 39.108548], [-119.757782, 39.108176], [-119.758147, 39.10776]]}, "props": {"MTFCC": "S1400", "NAME": null}}, {"geom": {"type": "LineString", "coordinates": [[-119.786981, 39.201442], [-119.787075, 39.201403], [-119.787168, 39.201363], [-119.787549, 39.201083], [-119.78791, 39.200795]]}, "props": {"MTFCC": "S1400", "NAME": null}}, {"geom": {"type": "LineString", "coordinates": [[-119.692327, 39.206367], [-119.69242, 39.206385], [-119.692832, 39.206282], [-119.693243, 39.206129], [-119.693813, 39.205975], [-119.695332, 39.205441], [-119.695742, 39.205239], [-119.69609, 39.205112], [-119.696441, 39.205158], [-119.69673, 39.205329], [-119.697323, 39.2055]]}, "props": {"MTFCC": "S1500", "NAME": null}}, {"geom": {"type": "LineString", "coordinates": [[-119.731154, 39.244162], [-119.728375, 39.243621], [-119.728086, 39.243558]]}, "props": {"MTFCC": "S1400", "NAME": null}}, {"geom": {"type": "LineString", "coordinates": [[-119.72591, 39.241398], [-119.727558, 39.241798], [-119.728278, 39.242518], [-119.729798, 39.242886], [-119.732262, 39.242886], [-119.732934, 39.242534], [-119.733286, 39.242326], [-119.733398, 39.242486], [-119.73311, 39.243174]]}, "props": {"MTFCC": "S1400", "NAME": null}}, {"geom": {"type": "LineString", "coordinates": [[-119.716527, 39.241964], [-119.716218, 39.24169], [-119.715853, 39.24114], [-119.715288, 39.24079], [-119.714726, 39.240598], [-119.714112, 39.240366], [-119.713549, 39.240135], [-119.712782, 39.239865], [-119.712318, 39.239435], [-119.712206, 39.238804], [-119.712588, 39.237258], [-119.713028, 39.236147], [-119.713169, 39.235434], [-119.713316, 39.235116], [-119.713256, 39.234563], [-119.712895, 39.234251], [-119.712738, 39.233936], [-119.712676, 39.233264], [-119.712568, 39.232831], [-119.712503, 39.231962], [-119.712491, 39.231211], [-119.712329, 39.230619], [-119.712013, 39.229911], [-119.711849, 39.22924], [-119.711528, 39.228215], [-119.711519, 39.227662], [-119.711739, 39.227106], [-119.711629, 39.226594], [-119.711467, 39.225963], [-119.711662, 39.225447], [-119.711855, 39.224812], [-119.711945, 39.2241], [-119.71219, 39.223505], [-119.712025, 39.222755], [-119.711762, 39.222204], [-119.711199, 39.221972], [-119.710737, 39.221621]]}, "props": {"MTFCC": "S1500", "NAME": null}}, {"geom": {"type": "LineString", "coordinates": [[-119.710737, 39.221621], [-119.710127, 39.221486], [-119.70955, 39.221195], [-119.709003, 39.220829], [-119.708554, 39.220586], [-119.708297, 39.220464], [-119.708068, 39.220046], [-119.707997, 39.219626], [-119.708179, 39.219079], [-119.708164, 39.21809], [-119.707997, 39.217596], [-119.707735, 39.217153], [-119.707504, 39.216636], [-119.707475, 39.216333]]}, "props": {"MTFCC": "S1500", "NAME": null}}, {"geom": {"type": "LineString", "coordinates": [[-119.807392, 39.198753], [-119.806704, 39.197919]]}, "props": {"MTFCC": "S1400", "NAME": null}}, {"geom": {"type": "LineString", "coordinates": [[-119.771925, 39.120649], [-119.77148, 39.120707], [-119.770573, 39.120826], [-119.769342, 39.120987], [-119.767987, 39.121164], [-119.767657, 39.121207], [-119.767467, 39.12123], [-119.767212, 39.121256], [-119.766985, 39.121276], [-119.766815, 39.121293], [-119.766609, 39.121313], [-119.766376, 39.12133], [-119.766123, 39.121351], [-119.765888, 39.121368], [-119.76565, 39.121391], [-119.765482, 39.121408], [-119.765248, 39.12142], [-119.764944, 39.121439], [-119.764673, 39.121451], [-119.764387, 39.121466], [-119.764085, 39.121472], [-119.763695, 39.121488], [-119.763553, 39.121492], [-119.763396, 39.121497], [-119.763203, 39.121497], [-119.76281, 39.121487], [-119.762308, 39.121477], [-119.762028, 39.121471], [-119.761142, 39.121465], [-119.758884, 39.12146], [-119.756564, 39.121456], [-119.755217, 39.121453], [-119.754913, 39.121459], [-119.75471, 39.121472], [-119.754419, 39.121491], [-119.754248, 39.12151], [-119.754071, 39.121535], [-119.753944, 39.121554], [-119.753761, 39.12158], [-119.753589, 39.121609], [-119.753409, 39.121643], [-119.753216, 39.121681], [-119.753058, 39.121719], [-119.752843, 39.121776], [-119.752667, 39.121819], [-119.752488, 39.121865], [-119.75227, 39.121921], [-119.752101, 39.121971], [-119.751928, 39.122027], [-119.751763, 39.12209], [-119.751591, 39.122152], [-119.75142, 39.122219], [-119.75123, 39.122294], [-119.751079, 39.122359], [-119.750867, 39.122458], [-119.750675, 39.122551], [-119.750482, 39.122651], [-119.750342, 39.122726], [-119.750199, 39.122808], [-119.750089, 39.122875], [-119.749948, 39.122962], [-119.749793, 39.123063], [-119.749633, 39.123167], [-119.749501, 39.12326], [-119.749334, 39.123386], [-119.749196, 39.123492], [-119.749047, 39.123613], [-119.748898, 39.123738], [-119.748774, 39.123844], [-119.748647, 39.123965], [-119.748524, 39.124088], [-119.748418, 39.124192], [-119.748312, 39.1243], [-119.748208, 39.124417], [-119.748106, 39.124527], [-119.748003, 39.12465], [-119.747916, 39.124765], [-119.747808, 39.124901], [-119.747672, 39.125081], [-119.747579, 39.125215], [-119.747492, 39.125355], [-119.747391, 39.125539], [-119.747309, 39.125701], [-119.747219, 39.125878], [-119.747139, 39.126038], [-119.74707, 39.126193], [-119.74701, 39.126328], [-119.746957, 39.126461], [-119.746905, 39.126616], [-119.746858, 39.126751], [-119.746814, 39.126908], [-119.746775, 39.127071], [-119.746739, 39.12722], [-119.746714, 39.127347], [-119.746695, 39.127455], [-119.746675, 39.127585], [-119.746659, 39.127709], [-119.746648, 39.127831], [-119.74664, 39.127988], [-119.746634, 39.128104], [-119.746631, 39.128242], [-119.74663, 39.128395], [-119.746632, 39.13201], [-119.746621, 39.133789], [-119.746611, 39.135483], [-119.746582, 39.14015], [-119.746585, 39.140928], [-119.7466, 39.144623], [-119.746601, 39.144751], [-119.74659, 39.145135], [-119.746586, 39.145317], [-119.746574, 39.145491], [-119.746554, 39.145673], [-119.746526, 39.145839], [-119.746491, 39.146021], [-119.746465, 39.146119], [-119.746451, 39.146172], [-119.746431, 39.146255], [-119.7464, 39.146381], [-119.746352, 39.146556], [-119.746297, 39.146765], [-119.746233, 39.146943], [-119.746142, 39.147193], [-119.746055, 39.147426], [-119.74596, 39.14766], [-119.74541, 39.148997], [-119.74509, 39.149724], [-119.744925, 39.150116], [-119.74386, 39.15282], [-119.742782, 39.155487], [-119.742243, 39.156707], [-119.741811, 39.157808], [-119.741449, 39.158627], [-119.7411, 39.15953], [-119.740138, 39.161846], [-119.739416, 39.163623], [-119.739057, 39.164495], [-119.73863, 39.165546], [-119.738322, 39.166324], [-119.738151, 39.16693], [-119.738083, 39.167238], [-119.73804, 39.16752], [-119.737963, 39.168144], [-119.737954, 39.168351], [-119.737946, 39.16858], [-119.737989, 39.169221], [-119.738047, 39.169639], [-119.738113, 39.169971], [-119.738192, 39.170283], [-119.738344, 39.170738], [-119.738455, 39.171012], [-119.738578, 39.171298], [-119.738702, 39.171594], [-119.739048, 39.172209], [-119.739322, 39.172694], [-119.739906, 39.173819], [-119.740347, 39.174662], [-119.740403, 39.174769], [-119.740462, 39.174881], [-119.742056, 39.177867], [-119.742319, 39.178358], [-119.742577, 39.178856], [-119.742756, 39.179209], [-119.74326, 39.18008], [-119.743657, 39.180864], [-119.743919, 39.181329], [-119.744209, 39.181755], [-119.744529, 39.182181], [-119.744751, 39.182433], [-119.745066, 39.182801], [-119.745448, 39.183148], [-119.745842, 39.183488], [-119.746013, 39.183626], [-119.747113, 39.184507], [-119.748881, 39.185925], [-119.750298, 39.187046], [-119.751789, 39.188241], [-119.753854, 39.189937], [-119.753948, 39.190014], [-119.754126, 39.19015], [-119.754784, 39.190651], [-119.755459, 39.191184], [-119.755837, 39.191488], [-119.756175, 39.191738], [-119.756428, 39.191909], [-119.756922, 39.192198], [-119.757571, 39.192505], [-119.758453, 39.192876], [-119.759251, 39.193089], [-119.759453, 39.193129], [-119.760346, 39.193303], [-119.760724, 39.193368], [-119.761276, 39.1934], [-119.761812, 39.193412], [-119.762354, 39.193412], [-119.763201, 39.193406], [-119.763811, 39.193425], [-119.764652, 39.193425], [-119.765088, 39.193425], [-119.765604, 39.193456], [-119.76593, 39.193459], [-119.766196, 39.193487], [-119.766657, 39.19358], [-119.767466, 39.193724], [-119.768046, 39.193898], [-119.768569, 39.19406], [-119.768905, 39.194191], [-119.769602, 39.194508], [-119.770468, 39.194969], [-119.770948, 39.195299], [-119.77162, 39.195853], [-119.772592, 39.196688], [-119.773414, 39.197385], [-119.77431, 39.198158], [-119.774467, 39.198316], [-119.774582, 39.198412], [-119.775137, 39.198875], [-119.775905, 39.199541], [-119.777121, 39.200568], [-119.777931, 39.201232], [-119.778425, 39.201645], [-119.778668, 39.201831], [-119.779057, 39.202098], [-119.779527, 39.202366], [-119.779888, 39.202608], [-119.780346, 39.202828], [-119.782314, 39.203876], [-119.78305, 39.20425], [-119.783513, 39.204492], [-119.784141, 39.204714], [-119.784744, 39.204929], [-119.785302, 39.205075], [-119.785854, 39.20519], [-119.786451, 39.205316], [-119.787104, 39.205367], [-119.78805, 39.205443], [-119.789788, 39.205538], [-119.790882, 39.205623], [-119.792485, 39.205679], [-119.793496, 39.205734], [-119.794158, 39.205802], [-119.794746, 39.205912], [-119.795475, 39.206114], [-119.796436, 39.206433], [-119.79719, 39.206678], [-119.797594, 39.2068], [-119.797931, 39.206898], [-119.798397, 39.20699], [-119.799389, 39.207107], [-119.800143, 39.207174], [-119.800559, 39.207217], [-119.801037, 39.207284], [-119.801484, 39.207352], [-119.801907, 39.207437], [-119.802324, 39.20756], [-119.80274, 39.207706], [-119.80308, 39.207855], [-119.803374, 39.207982], [-119.803725, 39.208179], [-119.803907, 39.208304], [-119.804006, 39.208389], [-119.804106, 39.208459]]}, "props": {"MTFCC": "S1100", "NAME": null}}, {"geom": {"type": "LineString", "coordinates": [[-119.840223, 39.200785], [-119.840395, 39.200752], [-119.840726, 39.200575], [-119.840981, 39.200327], [-119.841238, 39.20018], [-119.841458, 39.200048], [-119.841584, 39.199906], [-119.84164, 39.199844], [-119.841917, 39.199784], [-119.842158, 39.199781], [-119.842457, 39.199893], [-119.842904, 39.200018], [-119.843423, 39.200056], [-119.843573, 39.200112], [-119.843668, 39.20027], [-119.843931, 39.200561]]}, "props": {"MTFCC": "S1500", "NAME": null}}, {"geom": {"type": "LineString", "coordinates": [[-119.771896, 39.120827], [-119.771408, 39.120888], [-119.770582, 39.120999], [-119.769343, 39.121162], [-119.769256, 39.121173], [-119.768163, 39.121316], [-119.767653, 39.121383], [-119.767026, 39.121466], [-119.766803, 39.121482], [-119.766458, 39.121494], [-119.766156, 39.121502], [-119.765819, 39.121506], [-119.765561, 39.121518], [-119.765331, 39.121529], [-119.764934, 39.121557], [-119.764409, 39.121581], [-119.763802, 39.121613], [-119.763545, 39.121633], [-119.763187, 39.121652], [-119.763, 39.121664], [-119.762746, 39.12168], [-119.762649, 39.121687], [-119.762579, 39.121692], [-119.762428, 39.1217], [-119.762143, 39.121704], [-119.761706, 39.121708], [-119.761436, 39.121708], [-119.76112, 39.121711], [-119.760965, 39.121713], [-119.760078, 39.121713], [-119.758909, 39.121713], [-119.75656, 39.121713], [-119.755223, 39.121713], [-119.754716, 39.121725], [-119.754419, 39.121751], [-119.754172, 39.12177], [-119.75395, 39.121801], [-119.753728, 39.121831], [-119.753511, 39.121869], [-119.753308, 39.121903], [-119.753125, 39.121941], [-119.752864, 39.121999], [-119.752624, 39.122057], [-119.752386, 39.122121], [-119.752183, 39.122176], [-119.752007, 39.122231], [-119.751873, 39.122277], [-119.751685, 39.122347], [-119.751508, 39.122413], [-119.751294, 39.122503], [-119.751149, 39.122564], [-119.750958, 39.122645], [-119.750743, 39.12275], [-119.750535, 39.122863], [-119.750355, 39.122961], [-119.750172, 39.123063], [-119.750016, 39.123164], [-119.749877, 39.123251], [-119.749726, 39.123349], [-119.749575, 39.12346], [-119.749425, 39.123567], [-119.749315, 39.123659], [-119.74921, 39.123746], [-119.74908, 39.123854], [-119.748967, 39.123952], [-119.74886, 39.124045], [-119.748747, 39.124155], [-119.748651, 39.124251], [-119.748544, 39.124358], [-119.748436, 39.124471], [-119.748332, 39.124598], [-119.748231, 39.124714], [-119.748135, 39.124836], [-119.748039, 39.124961], [-119.747915, 39.125143], [-119.747822, 39.125279], [-119.747695, 39.125485], [-119.747631, 39.125607], [-119.747553, 39.125746], [-119.747454, 39.125943], [-119.747385, 39.126094], [-119.747329, 39.126215], [-119.747251, 39.12641], [-119.747214, 39.126511], [-119.747167, 39.126633], [-119.747127, 39.126749], [-119.747098, 39.126838], [-119.74706, 39.126986], [-119.747014, 39.127175], [-119.746979, 39.127322], [-119.746956, 39.127438], [-119.746938, 39.127534], [-119.746921, 39.127638], [-119.746906, 39.127737], [-119.746898, 39.127829], [-119.746889, 39.127908], [-119.746883, 39.128003], [-119.746877, 39.128116], [-119.74688, 39.128241], [-119.746881, 39.128395], [-119.746884, 39.132009], [-119.746885, 39.13379], [-119.746887, 39.135465], [-119.746887, 39.135655], [-119.746893, 39.140152], [-119.746897, 39.1407], [-119.746927, 39.14445], [-119.74693, 39.144767], [-119.746918, 39.145132], [-119.746906, 39.145366], [-119.746881, 39.145613], [-119.746844, 39.145842], [-119.746794, 39.146119], [-119.746772, 39.14623], [-119.746757, 39.146305], [-119.746696, 39.146527], [-119.746622, 39.146768], [-119.746535, 39.146996], [-119.746443, 39.147231], [-119.746331, 39.147496], [-119.746232, 39.147737], [-119.745743, 39.148916], [-119.74527, 39.150116], [-119.744605, 39.151748], [-119.743364, 39.154721], [-119.743009, 39.1556], [-119.74212, 39.15768], [-119.741501, 39.159198], [-119.741305, 39.159709], [-119.740477, 39.161764], [-119.739286, 39.164626], [-119.738688, 39.166043], [-119.738402, 39.16698], [-119.738298, 39.167565], [-119.738233, 39.168111], [-119.73822, 39.16871], [-119.738272, 39.169425], [-119.73836, 39.16985], [-119.738452, 39.170219], [-119.738588, 39.17064], [-119.738776, 39.171126], [-119.739074, 39.171708], [-119.739408, 39.172336], [-119.739634, 39.172763], [-119.739676, 39.172851], [-119.739924, 39.17331], [-119.740005, 39.173459], [-119.740604, 39.17459], [-119.740663, 39.174702], [-119.740731, 39.17483], [-119.742349, 39.17784], [-119.742577, 39.178283], [-119.742701, 39.178511], [-119.743013, 39.179107], [-119.743062, 39.179209], [-119.743336, 39.179709], [-119.743681, 39.180335], [-119.744013, 39.180978], [-119.744223, 39.181337], [-119.744385, 39.181587], [-119.744579, 39.181848], [-119.744776, 39.182083], [-119.744924, 39.182279], [-119.745142, 39.182503], [-119.745451, 39.182833], [-119.74575, 39.183094], [-119.746071, 39.18338], [-119.746493, 39.183715], [-119.74705, 39.184153], [-119.747332, 39.184402], [-119.74746, 39.184503], [-119.747683, 39.184679], [-119.748325, 39.185184], [-119.749742, 39.186305], [-119.750743, 39.187131], [-119.751234, 39.187537], [-119.754228, 39.18991], [-119.754365, 39.190018], [-119.75453, 39.190156], [-119.754979, 39.190529], [-119.755587, 39.190995], [-119.756067, 39.191353], [-119.756425, 39.19163], [-119.756602, 39.191758], [-119.757386, 39.192198], [-119.758202, 39.192533], [-119.75901, 39.192792], [-119.759622, 39.192978], [-119.760004, 39.193043], [-119.760216, 39.19308], [-119.760732, 39.193146], [-119.761133, 39.193182], [-119.761444, 39.193201], [-119.762136, 39.193213], [-119.762908, 39.193219], [-119.763954, 39.193213], [-119.764994, 39.193207], [-119.765368, 39.193232], [-119.765877, 39.193256], [-119.766314, 39.193313], [-119.766675, 39.193362], [-119.767273, 39.193468], [-119.768014, 39.193674], [-119.7686, 39.193861], [-119.769216, 39.194085], [-119.769995, 39.194471], [-119.770642, 39.194826], [-119.77091, 39.195019], [-119.771589, 39.195511], [-119.772535, 39.196327], [-119.773582, 39.197217], [-119.77476, 39.19828], [-119.774924, 39.19841], [-119.77572, 39.199037], [-119.776352, 39.199582], [-119.777073, 39.200203], [-119.777964, 39.200956], [-119.778498, 39.20141], [-119.778863, 39.201693], [-119.779462, 39.202082], [-119.779843, 39.202293], [-119.780117, 39.202461], [-119.782468, 39.203727], [-119.783134, 39.204093], [-119.783599, 39.204288], [-119.784108, 39.204498], [-119.784385, 39.20458], [-119.784849, 39.204737], [-119.785231, 39.204842], [-119.785807, 39.204999], [-119.786668, 39.205142], [-119.78708, 39.205187], [-119.787724, 39.205217], [-119.788323, 39.205269], [-119.788879, 39.205289], [-119.789311, 39.205306], [-119.789903, 39.205366], [-119.79155, 39.205464], [-119.79283, 39.205553], [-119.793924, 39.205628], [-119.79441, 39.205703], [-119.794822, 39.205778], [-119.795159, 39.205868], [-119.795803, 39.206093], [-119.796626, 39.20634], [-119.797195, 39.206542], [-119.797914, 39.206759], [-119.798236, 39.206826], [-119.798476, 39.206864], [-119.79873, 39.206901], [-119.799195, 39.206954], [-119.799554, 39.206999], [-119.800056, 39.207051], [-119.800475, 39.207081], [-119.801078, 39.207135], [-119.801468, 39.207208], [-119.801663, 39.20725], [-119.801898, 39.207307], [-119.802271, 39.207422], [-119.802522, 39.207495], [-119.802767, 39.207591], [-119.803038, 39.20769], [-119.803183, 39.207756], [-119.803342, 39.207832], [-119.80354, 39.207934], [-119.803718, 39.20803], [-119.803986, 39.208201], [-119.804197, 39.208328], [-119.804328, 39.208426]]}, "props": {"MTFCC": "S1100", "NAME": null}}, {"geom": {"type": "LineString", "coordinates": [[-119.765274, 39.193977], [-119.765419, 39.193916], [-119.765526, 39.19392], [-119.765572, 39.193943], [-119.76561, 39.194], [-119.765617, 39.194027], [-119.765625, 39.194134], [-119.765594, 39.194225], [-119.765587, 39.194328], [-119.765602, 39.194408], [-119.765625, 39.194489], [-119.765625, 39.19453], [-119.765604, 39.194623], [-119.765592, 39.194712], [-119.765598, 39.1948], [-119.765615, 39.194905], [-119.765617, 39.195014], [-119.765618, 39.195087], [-119.76561, 39.195168], [-119.765584, 39.195365], [-119.765541, 39.195511]]}, "props": {"MTFCC": "S1400", "NAME": null}}, {"geom": {"type": "LineString", "coordinates": [[-119.765625, 39.19453], [-119.764965, 39.194529], [-119.763489, 39.194527], [-119.761863, 39.194527], [-119.761842, 39.194515], [-119.761719, 39.194523], [-119.760712, 39.194527], [-119.759483, 39.194527], [-119.75901, 39.194523], [-119.756851, 39.194527], [-119.756714, 39.19453]]}, "props": {"MTFCC": "S1400", "NAME": null}}, {"geom": {"type": "LineString", "coordinates": [[-119.785088, 39.189671], [-119.785194, 39.189678], [-119.786377, 39.189667], [-119.786461, 39.189655], [-119.78656, 39.189629], [-119.786598, 39.18961]]}, "props": {"MTFCC": "S1400", "NAME": null}}, {"geom": {"type": "LineString", "coordinates": [[-119.818487, 39.20802], [-119.818477, 39.207997], [-119.818446, 39.20794], [-119.818393, 39.207877], [-119.818295, 39.207797], [-119.818257, 39.207759], [-119.81823, 39.207703], [-119.818219, 39.207669], [-119.818222, 39.207491], [-119.818166, 39.207336], [-119.818127, 39.207197], [-119.818079, 39.207053], [-119.818019, 39.206844], [-119.81797, 39.206528], [-119.817955, 39.206278], [-119.818001, 39.205834], [-119.818018, 39.205787], [-119.818095, 39.205649], [-119.818131, 39.2056], [-119.818246, 39.205501], [-119.818316, 39.20546], [-119.818434, 39.205437], [-119.81857, 39.205431], [-119.818706, 39.205431], [-119.818745, 39.205437], [-119.818775, 39.205452], [-119.818832, 39.2055], [-119.818903, 39.205568], [-119.818945, 39.205576], [-119.818969, 39.205574], [-119.818997, 39.205557], [-119.819018, 39.205532], [-119.819052, 39.205476], [-119.819057, 39.205424], [-119.819048, 39.205365], [-119.819034, 39.205317], [-119.81901, 39.205292], [-119.818975, 39.205269], [-119.818823, 39.205225], [-119.818419, 39.205077], [-119.818124, 39.204949], [-119.818035, 39.204894], [-119.81793, 39.204849], [-119.817859, 39.204831], [-119.817803, 39.204815], [-119.817766, 39.204805], [-119.817703, 39.204779], [-119.817635, 39.204733], [-119.817589, 39.204684], [-119.817553, 39.204623], [-119.817537, 39.204547], [-119.81753, 39.204412], [-119.817541, 39.204269], [-119.817546, 39.204212], [-119.817556, 39.203947]]}, "props": {"MTFCC": "S1400", "NAME": null}}, {"geom": {"type": "LineString", "coordinates": [[-119.782678, 39.173375], [-119.783442, 39.173407], [-119.783805, 39.173417], [-119.78461, 39.173434], [-119.785077, 39.17345], [-119.786044, 39.17347], [-119.786598, 39.173481], [-119.788008, 39.173515], [-119.788252, 39.173538], [-119.788305, 39.173538], [-119.788572, 39.173557], [-119.788681, 39.173561], [-119.788938, 39.173582], [-119.789192, 39.173588], [-119.78949, 39.173594], [-119.790703, 39.173633], [-119.791804, 39.173661], [-119.79187, 39.173668], [-119.792816, 39.173702], [-119.793289, 39.173714], [-119.793388, 39.17371], [-119.793541, 39.173717], [-119.793808, 39.173733], [-119.79525, 39.173786], [-119.795341, 39.173794], [-119.796394, 39.173824], [-119.796478, 39.173832], [-119.796928, 39.173847], [-119.797231, 39.173859], [-119.797405, 39.173859]]}, "props": {"MTFCC": "S1400", "NAME": null}}, {"geom": {"type": "LineString", "coordinates": [[-119.777672, 39.168636], [-119.777634, 39.170471], [-119.777657, 39.170517], [-119.777695, 39.170544], [-119.777756, 39.170544]]}, "props": {"MTFCC": "S1400", "NAME": null}}, {"geom": {"type": "LineString", "coordinates": [[-119.754166, 39.132], [-119.754173, 39.131618], [-119.754173, 39.131145], [-119.754181, 39.130905], [-119.754173, 39.130749], [-119.754181, 39.130348], [-119.754181, 39.129852], [-119.754189, 39.129026], [-119.754186, 39.128478], [-119.754126, 39.128391], [-119.754151, 39.126395], [-119.754155, 39.124785], [-119.754151, 39.122974]]}, "props": {"MTFCC": "S1400", "NAME": null}}, {"geom": {"type": "LineString", "coordinates": [[-119.572046, 39.145828], [-119.571778, 39.145286], [-119.571696, 39.144919], [-119.571549, 39.144675]]}, "props": {"MTFCC": "S1500", "NAME": null}}, {"geom": {"type": "LineString", "coordinates": [[-119.783857, 39.182015], [-119.785698, 39.182011], [-119.78653, 39.182009], [-119.787676, 39.182023]]}, "props": {"MTFCC": "S1400", "NAME": null}}, {"geom": {"type": "LineString", "coordinates": [[-119.786687, 39.185833], [-119.786665, 39.185088], [-119.786636, 39.184835], [-119.786501, 39.184347], [-119.786521, 39.183937], [-119.786652, 39.183511], [-119.786664, 39.183397], [-119.78666, 39.183155], [-119.786621, 39.182841], [-119.786519, 39.18219], [-119.78653, 39.182009], [-119.786648, 39.181245], [-119.786643, 39.180517], [-119.786639, 39.179777]]}, "props": {"MTFCC": "S1400", "NAME": null}}, {"geom": {"type": "LineString", "coordinates": [[-119.774643, 39.184177], [-119.774658, 39.184193], [-119.774689, 39.184273], [-119.774689, 39.184296], [-119.774666, 39.184345], [-119.774666, 39.184921], [-119.774666, 39.185452], [-119.774673, 39.185516], [-119.774689, 39.185547], [-119.774666, 39.185635]]}, "props": {"MTFCC": "S1400", "NAME": null}}, {"geom": {"type": "LineString", "coordinates": [[-119.781103, 39.180594], [-119.781115, 39.179616], [-119.780063, 39.179625], [-119.780055, 39.179842], [-119.780052, 39.180588]]}, "props": {"MTFCC": "S1400", "NAME": null}}, {"geom": {"type": "LineString", "coordinates": [[-119.787727, 39.172066], [-119.786613, 39.172031], [-119.784477, 39.171982], [-119.784203, 39.17197], [-119.784027, 39.17197], [-119.783913, 39.171989], [-119.783811, 39.172022], [-119.783745, 39.172058], [-119.783653, 39.172131], [-119.783447, 39.172321], [-119.782806, 39.172905]]}, "props": {"MTFCC": "S1400", "NAME": null}}, {"geom": {"type": "LineString", "coordinates": [[-119.787727, 39.172779], [-119.786606, 39.172752], [-119.78437, 39.172695], [-119.784248, 39.172684], [-119.784126, 39.172653], [-119.783974, 39.172592], [-119.783638, 39.172413], [-119.783447, 39.172321], [-119.782897, 39.172034], [-119.782196, 39.172005]]}, "props": {"MTFCC": "S1400", "NAME": null}}, {"geom": {"type": "LineString", "coordinates": [[-119.785128, 39.199806], [-119.785204, 39.199592], [-119.785211, 39.199475], [-119.785164, 39.199261], [-119.785121, 39.199102], [-119.785103, 39.199021], [-119.785081, 39.198853], [-119.785101, 39.19868], [-119.785152, 39.198509], [-119.785188, 39.198424], [-119.78527, 39.198257], [-119.785349, 39.198088], [-119.785424, 39.197824], [-119.785437, 39.197547], [-119.785413, 39.197412], [-119.785362, 39.197268], [-119.78526, 39.197087], [-119.784959, 39.196766], [-119.784359, 39.196472], [-119.783931, 39.196394], [-119.782536, 39.196216], [-119.781427, 39.19611], [-119.781285, 39.196112], [-119.780728, 39.196152], [-119.780328, 39.196156], [-119.780194, 39.196143], [-119.780065, 39.196123], [-119.779939, 39.196094], [-119.779706, 39.195985], [-119.777942, 39.19444], [-119.777668, 39.194274], [-119.777475, 39.194204], [-119.777289, 39.194164], [-119.777116, 39.194148], [-119.776837, 39.194143], [-119.776806, 39.194142], [-119.775162, 39.194073], [-119.774994, 39.194145], [-119.774925, 39.194164], [-119.774788, 39.194183], [-119.773614, 39.194186], [-119.773455, 39.194187], [-119.771674, 39.194194], [-119.771592, 39.194194], [-119.770619, 39.194197], [-119.770419, 39.194203], [-119.770333, 39.194184], [-119.770225, 39.194138], [-119.770035, 39.194035], [-119.769884, 39.193988], [-119.769346, 39.19372], [-119.769135, 39.193588]]}, "props": {"MTFCC": "S1400", "NAME": null}}, {"geom": {"type": "LineString", "coordinates": [[-119.755775, 39.204552], [-119.755775, 39.204874], [-119.755772, 39.20496], [-119.755768, 39.205063], [-119.755775, 39.205196], [-119.755745, 39.205868], [-119.755745, 39.206043], [-119.755737, 39.206181], [-119.755745, 39.206257]]}, "props": {"MTFCC": "S1400", "NAME": null}}, {"geom": {"type": "LineString", "coordinates": [[-119.760719, 39.190674], [-119.760732, 39.193146], [-119.760724, 39.193368], [-119.760712, 39.193695], [-119.760712, 39.194527], [-119.760719, 39.194748], [-119.760704, 39.19651], [-119.760719, 39.197002], [-119.760712, 39.19833], [-119.760719, 39.19836], [-119.760719, 39.19846], [-119.760719, 39.199699], [-119.760719, 39.20026], [-119.760712, 39.200401], [-119.760719, 39.200726], [-119.760712, 39.201118], [-119.760719, 39.201283], [-119.760704, 39.201485]]}, "props": {"MTFCC": "S1400", "NAME": null}}, {"geom": {"type": "LineString", "coordinates": [[-119.77565, 39.178371], [-119.776474, 39.178364], [-119.777275, 39.178364], [-119.778261, 39.178363]]}, "props": {"MTFCC": "S1400", "NAME": null}}, {"geom": {"type": "LineString", "coordinates": [[-119.761192, 39.149155], [-119.761192, 39.148487], [-119.761208, 39.148197], [-119.7612, 39.148155], [-119.761208, 39.148056], [-119.7612, 39.147984], [-119.761208, 39.147934], [-119.7612, 39.147762], [-119.7612, 39.147476], [-119.761185, 39.147316], [-119.7612, 39.14677], [-119.761192, 39.146698], [-119.7612, 39.146503]]}, "props": {"MTFCC": "S1400", "NAME": null}}, {"geom": {"type": "LineString", "coordinates": [[-119.760025, 39.148277], [-119.76004, 39.147511], [-119.760048, 39.147366], [-119.760048, 39.146633], [-119.76004, 39.14658], [-119.760048, 39.146507]]}, "props": {"MTFCC": "S1400", "NAME": null}}, {"geom": {"type": "LineString", "coordinates": [[-119.756981, 39.145779], [-119.759323, 39.145782]]}, "props": {"MTFCC": "S1400", "NAME": null}}, {"geom": {"type": "LineString", "coordinates": [[-119.755836, 39.145512], [-119.755936, 39.145435], [-119.756027, 39.145348], [-119.756065, 39.14526], [-119.756081, 39.145164], [-119.756073, 39.145073], [-119.756073, 39.143375], [-119.756096, 39.143337], [-119.756096, 39.143307], [-119.756042, 39.143272], [-119.755981, 39.143272]]}, "props": {"MTFCC": "S1400", "NAME": null}}, {"geom": {"type": "LineString", "coordinates": [[-119.751884, 39.141223], [-119.752239, 39.141222], [-119.752853, 39.141701]]}, "props": {"MTFCC": "S1400", "NAME": null}}, {"geom": {"type": "LineString", "coordinates": [[-119.751884, 39.141749], [-119.752325, 39.141749], [-119.752533, 39.141893], [-119.752949, 39.141845], [-119.752853, 39.141701]]}, "props": {"MTFCC": "S1400", "NAME": null}}, {"geom": {"type": "LineString", "coordinates": [[-119.743312, 39.176048], [-119.743491, 39.176088], [-119.7437, 39.176051]]}, "props": {"MTFCC": "S1400", "NAME": null}}, {"geom": {"type": "LineString", "coordinates": [[-119.7437, 39.176051], [-119.743662, 39.17593]]}, "props": {"MTFCC": "S1400", "NAME": null}}, {"geom": {"type": "LineString", "coordinates": [[-119.770439, 39.139645], [-119.77129, 39.139644], [-119.772711, 39.139642], [-119.773593, 39.139641], [-119.774811, 39.139641]]}, "props": {"MTFCC": "S1400", "NAME": null}}, {"geom": {"type": "LineString", "coordinates": [[-119.77317, 39.1213], [-119.773186, 39.12133], [-119.773193, 39.121437], [-119.77303, 39.122118], [-119.772903, 39.12265], [-119.772827, 39.122993], [-119.77282, 39.123302], [-119.772827, 39.123905], [-119.772827, 39.124752], [-119.772833, 39.125048], [-119.772832, 39.125734], [-119.772832, 39.12613], [-119.772789, 39.12661], [-119.772801, 39.127504], [-119.772786, 39.12839]]}, "props": {"MTFCC": "S1400", "NAME": null}}, {"geom": {"type": "LineString", "coordinates": [[-119.738998, 39.113926], [-119.743683, 39.113926], [-119.744675, 39.11393], [-119.744957, 39.113945], [-119.745277, 39.113991], [-119.745995, 39.114006], [-119.747844, 39.114014], [-119.74926, 39.114021], [-119.749603, 39.114059], [-119.750061, 39.114143], [-119.750473, 39.114246], [-119.750961, 39.114422], [-119.75119, 39.114521], [-119.751463, 39.114668], [-119.751617, 39.11475], [-119.752213, 39.115147], [-119.754524, 39.116726], [-119.755988, 39.117619], [-119.756242, 39.117774], [-119.757095, 39.118294], [-119.757561, 39.118565], [-119.757751, 39.118668], [-119.758461, 39.119099], [-119.758636, 39.119194], [-119.758919, 39.119377], [-119.760353, 39.120266], [-119.761032, 39.120686], [-119.761086, 39.120712], [-119.761159, 39.120772], [-119.761307, 39.120872], [-119.761398, 39.120914], [-119.761879, 39.121212], [-119.761903, 39.121227], [-119.761934, 39.121246], [-119.762147, 39.121378], [-119.762308, 39.121477], [-119.762649, 39.121687], [-119.76329, 39.122082], [-119.763466, 39.122185], [-119.764721, 39.122998], [-119.765081, 39.12322], [-119.765854, 39.123684], [-119.767631, 39.124788], [-119.768114, 39.125064], [-119.768375, 39.125233], [-119.769073, 39.125652], [-119.769501, 39.125921], [-119.769588, 39.125973], [-119.770051, 39.126251], [-119.7702, 39.126341], [-119.770416, 39.12648]]}, "props": {"MTFCC": "S1400", "NAME": null}}, {"geom": {"type": "LineString", "coordinates": [[-119.76547, 39.135601], [-119.765829, 39.135602], [-119.766056, 39.135604]]}, "props": {"MTFCC": "S1400", "NAME": null}}, {"geom": {"type": "LineString", "coordinates": [[-119.761163, 39.13199], [-119.75885, 39.132], [-119.758598, 39.132008], [-119.756561, 39.132004], [-119.754539, 39.132004], [-119.754166, 39.132], [-119.751846, 39.132004], [-119.750313, 39.132011], [-119.748756, 39.132011], [-119.747226, 39.132007]]}, "props": {"MTFCC": "S1400", "NAME": null}}, {"geom": {"type": "LineString", "coordinates": [[-119.760682, 39.135178], [-119.760515, 39.135245], [-119.760022, 39.13525]]}, "props": {"MTFCC": "S1400", "NAME": null}}, {"geom": {"type": "LineString", "coordinates": [[-119.755104, 39.136871], [-119.753456, 39.136871], [-119.753418, 39.136879]]}, "props": {"MTFCC": "S1400", "NAME": null}}, {"geom": {"type": "LineString", "coordinates": [[-119.738272, 39.169425], [-119.73822, 39.16871], [-119.738233, 39.168111], [-119.738298, 39.167565], [-119.738402, 39.16698], [-119.738688, 39.166043], [-119.739286, 39.164626], [-119.740477, 39.161764], [-119.741305, 39.159709], [-119.741501, 39.159198], [-119.74212, 39.15768], [-119.743009, 39.1556], [-119.743364, 39.154721], [-119.744605, 39.151748], [-119.74527, 39.150116], [-119.745743, 39.148916], [-119.746232, 39.147737], [-119.746331, 39.147496], [-119.746443, 39.147231], [-119.746535, 39.146996], [-119.746622, 39.146768], [-119.746696, 39.146527], [-119.746757, 39.146305], [-119.746772, 39.14623], [-119.746794, 39.146119], [-119.746844, 39.145842], [-119.746881, 39.145613], [-119.746906, 39.145366], [-119.746918, 39.145132], [-119.74693, 39.144767], [-119.746927, 39.14445], [-119.746897, 39.1407], [-119.746893, 39.140152], [-119.746887, 39.135655], [-119.746887, 39.135465], [-119.746885, 39.13379], [-119.746884, 39.132009], [-119.746881, 39.128395], [-119.74688, 39.128241], [-119.746877, 39.128116], [-119.746883, 39.128003], [-119.746889, 39.127908], [-119.746898, 39.127829], [-119.746906, 39.127737], [-119.746921, 39.127638], [-119.746938, 39.127534], [-119.746956, 39.127438], [-119.746979, 39.127322], [-119.747014, 39.127175], [-119.74706, 39.126986], [-119.747098, 39.126838], [-119.747127, 39.126749], [-119.747167, 39.126633], [-119.747214, 39.126511], [-119.747251, 39.12641], [-119.747329, 39.126215], [-119.747385, 39.126094], [-119.747454, 39.125943], [-119.747553, 39.125746], [-119.747631, 39.125607], [-119.747695, 39.125485], [-119.747822, 39.125279], [-119.747915, 39.125143], [-119.748039, 39.124961], [-119.748135, 39.124836], [-119.748231, 39.124714], [-119.748332, 39.124598], [-119.748436, 39.124471], [-119.748544, 39.124358], [-119.748651, 39.124251], [-119.748747, 39.124155], [-119.74886, 39.124045], [-119.748967, 39.123952], [-119.74908, 39.123854], [-119.74921, 39.123746], [-119.749315, 39.123659], [-119.749425, 39.123567], [-119.749575, 39.12346], [-119.749726, 39.123349], [-119.749877, 39.123251], [-119.750016, 39.123164], [-119.750172, 39.123063], [-119.750355, 39.122961], [-119.750535, 39.122863], [-119.750743, 39.12275], [-119.750958, 39.122645], [-119.751149, 39.122564], [-119.751294, 39.122503], [-119.751508, 39.122413], [-119.751685, 39.122347], [-119.751873, 39.122277], [-119.752007, 39.122231], [-119.752183, 39.122176], [-119.752386, 39.122121], [-119.752624, 39.122057], [-119.752864, 39.121999], [-119.753125, 39.121941], [-119.753308, 39.121903], [-119.753511, 39.121869], [-119.753728, 39.121831], [-119.75395, 39.121801], [-119.754172, 39.12177], [-119.754419, 39.121751], [-119.754716, 39.121725], [-119.755223, 39.121713], [-119.75656, 39.121713], [-119.758909, 39.121713], [-119.760078, 39.121713], [-119.760965, 39.121713], [-119.76112, 39.121711], [-119.761436, 39.121708], [-119.761706, 39.121708], [-119.762143, 39.121704], [-119.762428, 39.1217], [-119.762579, 39.121692], [-119.762649, 39.121687], [-119.762746, 39.12168], [-119.763, 39.121664], [-119.763187, 39.121652], [-119.763545, 39.121633], [-119.763802, 39.121613], [-119.764409, 39.121581], [-119.764934, 39.121557], [-119.765331, 39.121529], [-119.765561, 39.121518], [-119.765819, 39.121506], [-119.766156, 39.121502], [-119.766458, 39.121494], [-119.766803, 39.121482], [-119.767026, 39.121466], [-119.767653, 39.121383], [-119.768163, 39.121316], [-119.769256, 39.121173], [-119.769343, 39.121162], [-119.770582, 39.120999], [-119.771408, 39.120888], [-119.771896, 39.120827]]}, "props": {"MTFCC": "S1100", "NAME": null}}, {"geom": {"type": "LineString", "coordinates": [[-119.763519, 39.138218], [-119.763687, 39.13821], [-119.765378, 39.138204]]}, "props": {"MTFCC": "S1400", "NAME": null}}, {"geom": {"type": "LineString", "coordinates": [[-119.764496, 39.14074], [-119.765356, 39.140731], [-119.765372, 39.139586], [-119.764496, 39.139594], [-119.764496, 39.14074]]}, "props": {"MTFCC": "S1400", "NAME": null}}, {"geom": {"type": "LineString", "coordinates": [[-119.750419, 39.140733], [-119.75042, 39.140018], [-119.75042, 39.139317], [-119.750417, 39.13737], [-119.75043, 39.136693], [-119.750425, 39.136006]]}, "props": {"MTFCC": "S1400", "NAME": null}}, {"geom": {"type": "LineString", "coordinates": [[-119.768454, 39.139148], [-119.766538, 39.139247]]}, "props": {"MTFCC": "S1400", "NAME": null}}, {"geom": {"type": "LineString", "coordinates": [[-119.768177, 39.140679], [-119.76683, 39.140671], [-119.766797, 39.1408], [-119.765961, 39.140748]]}, "props": {"MTFCC": "S1400", "NAME": null}}, {"geom": {"type": "LineString", "coordinates": [[-119.753067, 39.130199], [-119.751862, 39.130184]]}, "props": {"MTFCC": "S1400", "NAME": null}}, {"geom": {"type": "LineString", "coordinates": [[-119.747276, 39.208225], [-119.74688, 39.208214], [-119.745613, 39.208215], [-119.744844, 39.208221], [-119.742727, 39.208221], [-119.741615, 39.208221], [-119.740593, 39.208225], [-119.738976, 39.208233], [-119.738474, 39.20823], [-119.738075, 39.208237]]}, "props": {"MTFCC": "S1400", "NAME": null}}, {"geom": {"type": "LineString", "coordinates": [[-119.740464, 39.204582], [-119.740496, 39.206232]]}, "props": {"MTFCC": "S1400", "NAME": null}}, {"geom": {"type": "LineString", "coordinates": [[-119.74276, 39.206711], [-119.742747, 39.206828], [-119.742736, 39.206905], [-119.740554, 39.206913], [-119.740561, 39.207286]]}, "props": {"MTFCC": "S1400", "NAME": null}}, {"geom": {"type": "LineString", "coordinates": [[-119.75128, 39.140754], [-119.751317, 39.140783], [-119.751298, 39.14089], [-119.751305, 39.141434], [-119.751305, 39.142109], [-119.751305, 39.142822], [-119.751303, 39.144327], [-119.751274, 39.144436], [-119.751236, 39.144501], [-119.751175, 39.144577], [-119.751038, 39.144684], [-119.750565, 39.145054], [-119.750504, 39.145115], [-119.75045, 39.145199], [-119.75042, 39.145332], [-119.750425, 39.145599], [-119.750427, 39.145729], [-119.750426, 39.145899], [-119.75042, 39.146526]]}, "props": {"MTFCC": "S1400", "NAME": null}}, {"geom": {"type": "LineString", "coordinates": [[-119.743683, 39.113926], [-119.743668, 39.117221], [-119.743668, 39.117523], [-119.743683, 39.121117], [-119.74369, 39.123478], [-119.743683, 39.123783], [-119.743698, 39.124313], [-119.743691, 39.124452], [-119.743691, 39.125175], [-119.74368, 39.12545], [-119.743664, 39.127174], [-119.743667, 39.12736], [-119.743664, 39.128002], [-119.743675, 39.128399], [-119.74369, 39.131996], [-119.743698, 39.132046]]}, "props": {"MTFCC": "S1400", "NAME": null}}, {"geom": {"type": "LineString", "coordinates": [[-119.743706, 39.141991], [-119.743698, 39.141563], [-119.743699, 39.141532], [-119.743706, 39.141315], [-119.743698, 39.140625], [-119.74369, 39.140362], [-119.743698, 39.139866], [-119.743698, 39.139153], [-119.743706, 39.138316], [-119.743706, 39.137177], [-119.743698, 39.136448], [-119.743701, 39.135535]]}, "props": {"MTFCC": "S1400", "NAME": null}}, {"geom": {"type": "LineString", "coordinates": [[-119.825181, 39.11367], [-119.828296, 39.114716], [-119.828527, 39.114748], [-119.830383, 39.115004], [-119.830726, 39.11506], [-119.832959, 39.115425], [-119.833757, 39.115485], [-119.83411, 39.115447], [-119.834377, 39.115513], [-119.834763, 39.11555], [-119.835081, 39.115497], [-119.83542, 39.115427], [-119.835805, 39.115307]]}, "props": {"MTFCC": "S1500", "NAME": null}}, {"geom": {"type": "LineString", "coordinates": [[-119.822239, 39.117197], [-119.822218, 39.117141], [-119.822187, 39.117086], [-119.822163, 39.117019], [-119.822141, 39.116976], [-119.822117, 39.116933], [-119.822087, 39.116885], [-119.822056, 39.116835], [-119.821987, 39.116731], [-119.821924, 39.116626], [-119.821892, 39.116575], [-119.821854, 39.116512], [-119.821822, 39.1164], [-119.821821, 39.116327], [-119.821842, 39.116249], [-119.821897, 39.11612], [-119.821936, 39.116035], [-119.821975, 39.115958], [-119.821995, 39.115882], [-119.822013, 39.115816], [-119.82202, 39.115751], [-119.822037, 39.115667], [-119.822039, 39.115594], [-119.822054, 39.115512], [-119.822076, 39.115439], [-119.822097, 39.115378], [-119.822128, 39.115296], [-119.822146, 39.115222], [-119.822151, 39.115176], [-119.822159, 39.115098], [-119.822144, 39.11503], [-119.822112, 39.114974], [-119.822053, 39.114893], [-119.822016, 39.114852], [-119.821983, 39.114802], [-119.821958, 39.114751], [-119.821945, 39.114698], [-119.821957, 39.114627], [-119.821975, 39.114576], [-119.82202, 39.114446]]}, "props": {"MTFCC": "S1400", "NAME": null}}, {"geom": {"type": "LineString", "coordinates": [[-119.738983, 39.147659], [-119.740532, 39.147663]]}, "props": {"MTFCC": "S1400", "NAME": null}}, {"geom": {"type": "LineString", "coordinates": [[-119.844401, 39.117891], [-119.844508, 39.118052], [-119.844656, 39.118119], [-119.844777, 39.118133], [-119.844938, 39.118119], [-119.845127, 39.118052], [-119.845234, 39.117904], [-119.845301, 39.117638]]}, "props": {"MTFCC": "S1630", "NAME": null}}, {"geom": {"type": "LineString", "coordinates": [[-119.772209, 39.116764], [-119.772125, 39.116886], [-119.77211, 39.11702], [-119.772118, 39.117378], [-119.772102, 39.117451], [-119.772041, 39.117558], [-119.771988, 39.117622], [-119.772018, 39.117699], [-119.772018, 39.117779], [-119.771922, 39.118275], [-119.771882, 39.118489]]}, "props": {"MTFCC": "S1400", "NAME": null}}, {"geom": {"type": "LineString", "coordinates": [[-119.708803, 39.108296], [-119.706844, 39.106918], [-119.704582, 39.10683], [-119.702643, 39.106829], [-119.701834, 39.106846], [-119.701628, 39.106882], [-119.701163, 39.107099], [-119.701066, 39.107157], [-119.70096, 39.107546], [-119.700808, 39.107764], [-119.700624, 39.108299], [-119.700587, 39.11021], [-119.700611, 39.111057], [-119.700618, 39.11131], [-119.700625, 39.112775], [-119.700676, 39.113162], [-119.700526, 39.11368], [-119.700561, 39.113752], [-119.700635, 39.113903], [-119.700648, 39.115259], [-119.70064, 39.115451], [-119.70062, 39.115575], [-119.700542, 39.116064], [-119.700616, 39.116213], [-119.700826, 39.116278], [-119.701097, 39.116208], [-119.701682, 39.115973], [-119.701982, 39.11613], [-119.702189, 39.116358], [-119.702541, 39.116782], [-119.702733, 39.117124], [-119.702934, 39.117261], [-119.703243, 39.117285], [-119.704477, 39.117187], [-119.704911, 39.11729], [-119.705201, 39.11741], [-119.705265, 39.117517], [-119.705317, 39.117784], [-119.705381, 39.118029]]}, "props": {"MTFCC": "S1400", "NAME": null}}, {"geom": {"type": "LineString", "coordinates": [[-119.68608, 39.084799], [-119.686439, 39.085186], [-119.686596, 39.085649], [-119.686573, 39.086092], [-119.68643, 39.086488], [-119.686199, 39.087025], [-119.686056, 39.087375], [-119.685911, 39.087656], [-119.685796, 39.087936], [-119.685803, 39.088378], [-119.685868, 39.088772], [-119.68588, 39.089516], [-119.685767, 39.089913], [-119.685565, 39.090333], [-119.685331, 39.090638], [-119.685006, 39.090897], [-119.684476, 39.091343], [-119.684241, 39.091578], [-119.684006, 39.09179], [-119.683686, 39.092327], [-119.683574, 39.092794], [-119.683341, 39.093191], [-119.683046, 39.093426], [-119.682751, 39.093615], [-119.682547, 39.093943], [-119.682286, 39.09441], [-119.682024, 39.094831], [-119.681853, 39.095344], [-119.681798, 39.095671], [-119.681683, 39.095951], [-119.681539, 39.096278], [-119.681364, 39.096558], [-119.68107, 39.096817], [-119.680833, 39.096935], [-119.680479, 39.097171], [-119.680212, 39.097313], [-119.679946, 39.097478], [-119.679561, 39.097668], [-119.678762, 39.098094], [-119.678435, 39.098167], [-119.678073, 39.097891], [-119.677683, 39.097802], [-119.677594, 39.097803], [-119.676997, 39.097785], [-119.676608, 39.097719], [-119.676305, 39.097722], [-119.67613, 39.097724], [-119.675353, 39.097638], [-119.674633, 39.097389], [-119.674483, 39.09732], [-119.673821, 39.096978]]}, "props": {"MTFCC": "S1500", "NAME": null}}, {"geom": {"type": "LineString", "coordinates": [[-119.886212, 39.157539], [-119.886105, 39.157755], [-119.885895, 39.157861], [-119.885523, 39.157886], [-119.88515, 39.157849], [-119.88483, 39.15779], [-119.884539, 39.157835], [-119.884384, 39.158085], [-119.883885, 39.158421], [-119.883675, 39.158569], [-119.883113, 39.158368], [-119.882798, 39.158578], [-119.882534, 39.158706], [-119.882241, 39.158667], [-119.881898, 39.158795], [-119.881633, 39.158819], [-119.881362, 39.158574], [-119.881173, 39.15839], [-119.880797, 39.158187], [-119.880584, 39.158148], [-119.88024, 39.158255], [-119.87979, 39.158343], [-119.879156, 39.158578], [-119.878919, 39.158704], [-119.878549, 39.158812], [-119.878259, 39.15896], [-119.877998, 39.15917], [-119.877736, 39.159421], [-119.877529, 39.159713], [-119.877453, 39.1599], [-119.87738, 39.160294], [-119.876706, 39.161233], [-119.876551, 39.161462], [-119.876262, 39.161631], [-119.876052, 39.161778], [-119.875964, 39.161827], [-119.875695, 39.161977], [-119.875616, 39.162069], [-119.875571, 39.162149], [-119.875436, 39.162388], [-119.875332, 39.162765], [-119.875334, 39.162872], [-119.875339, 39.16314], [-119.875051, 39.163633], [-119.874242, 39.163988], [-119.873804, 39.164339], [-119.87355, 39.164631], [-119.87289, 39.165042], [-119.872126, 39.165772], [-119.871948, 39.166177], [-119.871881, 39.166582], [-119.871888, 39.166957], [-119.872008, 39.167475], [-119.871942, 39.16788], [-119.87147, 39.168462], [-119.87111, 39.169043], [-119.870677, 39.169682], [-119.870353, 39.170205], [-119.869379, 39.170986]]}, "props": {"MTFCC": "S1500", "NAME": null}}, {"geom": {"type": "LineString", "coordinates": [[-119.845301, 39.117638], [-119.845417, 39.117126], [-119.845489, 39.116815], [-119.845463, 39.116587], [-119.845355, 39.116372], [-119.845231, 39.116187], [-119.844992, 39.116036], [-119.844764, 39.115915], [-119.844441, 39.115875], [-119.844159, 39.115888], [-119.843917, 39.115942], [-119.843648, 39.116049], [-119.843057, 39.116452], [-119.842653, 39.116668], [-119.842319, 39.116782], [-119.841847, 39.116856], [-119.841268, 39.116882], [-119.841112, 39.116889], [-119.840664, 39.116909], [-119.840342, 39.116842], [-119.840127, 39.116762], [-119.839952, 39.116641], [-119.839777, 39.116466], [-119.839683, 39.116237], [-119.83967, 39.116049], [-119.839656, 39.115942], [-119.839764, 39.115686], [-119.839898, 39.115431], [-119.839965, 39.115176], [-119.839965, 39.115001], [-119.839925, 39.114826], [-119.839831, 39.114584], [-119.839629, 39.114302], [-119.839414, 39.114033], [-119.839307, 39.113751], [-119.839266, 39.113455]]}, "props": {"MTFCC": "S1400", "NAME": null}}, {"geom": {"type": "LineString", "coordinates": [[-119.776527, 39.168133], [-119.776947, 39.168133]]}, "props": {"MTFCC": "S1400", "NAME": null}}, {"geom": {"type": "LineString", "coordinates": [[-119.763542, 39.18174], [-119.762102, 39.181743], [-119.762174, 39.180963], [-119.762625, 39.180952], [-119.763213, 39.180982], [-119.76325, 39.181039], [-119.763314, 39.181076], [-119.76355, 39.181076]]}, "props": {"MTFCC": "S1400", "NAME": null}}, {"geom": {"type": "LineString", "coordinates": [[-119.778511, 39.161324], [-119.778519, 39.16169], [-119.778511, 39.162037], [-119.778496, 39.163948]]}, "props": {"MTFCC": "S1400", "NAME": null}}, {"geom": {"type": "LineString", "coordinates": [[-119.780067, 39.163956], [-119.780075, 39.162758]]}, "props": {"MTFCC": "S1400", "NAME": null}}, {"geom": {"type": "LineString", "coordinates": [[-119.780014, 39.166172], [-119.778069, 39.16618], [-119.77779, 39.166349], [-119.777641, 39.166512]]}, "props": {"MTFCC": "S1400", "NAME": null}}, {"geom": {"type": "LineString", "coordinates": [[-119.773315, 39.15834], [-119.773277, 39.15834], [-119.773224, 39.158325], [-119.771454, 39.158321]]}, "props": {"MTFCC": "S1400", "NAME": null}}, {"geom": {"type": "LineString", "coordinates": [[-119.715599, 39.186314], [-119.715607, 39.186413], [-119.715622, 39.186481], [-119.715622, 39.186924], [-119.715652, 39.187038], [-119.715706, 39.187164], [-119.715813, 39.187313], [-119.715889, 39.187401], [-119.715973, 39.187496], [-119.716049, 39.187565], [-119.716141, 39.18763], [-119.716347, 39.18771], [-119.716515, 39.187737], [-119.716782, 39.187744], [-119.717038, 39.187745], [-119.718376, 39.187748], [-119.719421, 39.187763], [-119.720215, 39.187763], [-119.721436, 39.187771], [-119.72245, 39.187782], [-119.72319, 39.187778], [-119.723236, 39.187771]]}, "props": {"MTFCC": "S1400", "NAME": null}}, {"geom": {"type": "LineString", "coordinates": [[-119.7593, 39.170456], [-119.759285, 39.170261], [-119.759285, 39.169933], [-119.759247, 39.169746], [-119.759205, 39.16964], [-119.759117, 39.169506], [-119.759033, 39.169411], [-119.758896, 39.1693], [-119.758789, 39.16925], [-119.758728, 39.169231], [-119.758713, 39.169205], [-119.758499, 39.169167], [-119.758308, 39.169159], [-119.758156, 39.16917], [-119.758145, 39.169187], [-119.757919, 39.169235], [-119.757477, 39.169254], [-119.757336, 39.169266], [-119.757258, 39.169333], [-119.757023, 39.169409], [-119.756736, 39.169428], [-119.756518, 39.169404], [-119.756364, 39.169337], [-119.756297, 39.169206], [-119.756355, 39.169094], [-119.756504, 39.169081], [-119.756932, 39.169154], [-119.75725, 39.169216]]}, "props": {"MTFCC": "S1400", "NAME": null}}, {"geom": {"type": "LineString", "coordinates": [[-119.757594, 39.168722], [-119.756888, 39.168658], [-119.75674, 39.168557], [-119.756687, 39.168458], [-119.756674, 39.168302], [-119.756671, 39.167894]]}, "props": {"MTFCC": "S1400", "NAME": null}}, {"geom": {"type": "LineString", "coordinates": [[-119.75078, 39.174003], [-119.750782, 39.174201]]}, "props": {"MTFCC": "S1400", "NAME": null}}, {"geom": {"type": "LineString", "coordinates": [[-119.75106, 39.17585], [-119.750984, 39.175915], [-119.750923, 39.175995], [-119.75087, 39.17609], [-119.750847, 39.176178], [-119.750847, 39.176216], [-119.750832, 39.176258], [-119.750839, 39.176716], [-119.750832, 39.176815], [-119.750839, 39.176994], [-119.750832, 39.177303], [-119.750832, 39.178059], [-119.750839, 39.178181]]}, "props": {"MTFCC": "S1400", "NAME": null}}, {"geom": {"type": "LineString", "coordinates": [[-119.742245, 39.179173], [-119.742226, 39.179172], [-119.742111, 39.179165], [-119.741525, 39.179165], [-119.741165, 39.179165], [-119.741051, 39.179173], [-119.740273, 39.179176], [-119.74025, 39.179188], [-119.739632, 39.179199], [-119.739258, 39.179199], [-119.739113, 39.179192], [-119.738267, 39.179194], [-119.737488, 39.179194], [-119.736801, 39.179199], [-119.736099, 39.179203], [-119.736078, 39.179195], [-119.735947, 39.179199], [-119.73584, 39.179211], [-119.735641, 39.179214], [-119.735573, 39.179199], [-119.7354, 39.179199], [-119.734863, 39.179192], [-119.733437, 39.179192], [-119.733261, 39.179207]]}, "props": {"MTFCC": "S1400", "NAME": null}}, {"geom": {"type": "LineString", "coordinates": [[-119.739372, 39.176678], [-119.739334, 39.177067], [-119.73913, 39.177284], [-119.739113, 39.17841], [-119.739113, 39.179192], [-119.739113, 39.18204], [-119.73912, 39.182812], [-119.739113, 39.184666], [-119.739113, 39.184691], [-119.739113, 39.185699], [-119.739113, 39.186451]]}, "props": {"MTFCC": "S1400", "NAME": null}}, {"geom": {"type": "LineString", "coordinates": [[-119.741276, 39.178855], [-119.741714, 39.178851], [-119.742017, 39.178722]]}, "props": {"MTFCC": "S1400", "NAME": null}}, {"geom": {"type": "LineString", "coordinates": [[-119.739563, 39.17794], [-119.739563, 39.177479], [-119.741007, 39.177476], [-119.741308, 39.177936]]}, "props": {"MTFCC": "S1400", "NAME": null}}, {"geom": {"type": "LineString", "coordinates": [[-119.719757, 39.18354], [-119.719788, 39.183525], [-119.719826, 39.183521], [-119.719872, 39.183533], [-119.720978, 39.183544], [-119.721794, 39.183544], [-119.721954, 39.183548], [-119.722099, 39.183575], [-119.723145, 39.183949], [-119.723206, 39.183979], [-119.723282, 39.184048], [-119.723328, 39.184128], [-119.723335, 39.184204], [-119.723335, 39.184538], [-119.723335, 39.185104], [-119.723312, 39.185154], [-119.723289, 39.185177]]}, "props": {"MTFCC": "S1400", "NAME": null}}, {"geom": {"type": "LineString", "coordinates": [[-119.749227, 39.147957], [-119.74913, 39.147957], [-119.74894, 39.147942], [-119.748856, 39.147919], [-119.748749, 39.147865], [-119.748726, 39.147861], [-119.748558, 39.147732], [-119.748383, 39.147522], [-119.748306, 39.147369], [-119.74826, 39.147194], [-119.748253, 39.146973], [-119.74826, 39.146885]]}, "props": {"MTFCC": "S1400", "NAME": null}}, {"geom": {"type": "LineString", "coordinates": [[-119.717857, 39.186989], [-119.71875, 39.186989], [-119.718857, 39.18697], [-119.718964, 39.186928], [-119.719078, 39.186852], [-119.719154, 39.18676], [-119.719177, 39.186726], [-119.719208, 39.186596], [-119.719215, 39.186337]]}, "props": {"MTFCC": "S1400", "NAME": null}}, {"geom": {"type": "LineString", "coordinates": [[-119.698209, 39.153608], [-119.698164, 39.153452], [-119.698167, 39.153199], [-119.698147, 39.152857], [-119.698165, 39.152135], [-119.698173, 39.151789], [-119.698213, 39.151439], [-119.69822, 39.150839], [-119.698129, 39.150023], [-119.700421, 39.150011]]}, "props": {"MTFCC": "S1400", "NAME": null}}, {"geom": {"type": "LineString", "coordinates": [[-119.781962, 39.163963], [-119.782003, 39.163963], [-119.782306, 39.163965], [-119.782432, 39.163966], [-119.783394, 39.163971], [-119.783577, 39.163982], [-119.784088, 39.163982], [-119.784897, 39.164021], [-119.785698, 39.164043], [-119.786011, 39.164043], [-119.786324, 39.164028], [-119.786553, 39.164001], [-119.786926, 39.16394], [-119.787247, 39.163868], [-119.787998, 39.163684], [-119.790447, 39.163082], [-119.790682, 39.163049], [-119.791045, 39.162982], [-119.79239, 39.162749], [-119.792447, 39.162736], [-119.79306, 39.162651], [-119.793227, 39.162624], [-119.79345, 39.162555], [-119.793545, 39.162523], [-119.793631, 39.162496], [-119.793943, 39.162428], [-119.794204, 39.162346], [-119.794442, 39.16224], [-119.794566, 39.162182], [-119.795101, 39.16191], [-119.795792, 39.161553], [-119.796088, 39.161363], [-119.796211, 39.161271], [-119.796443, 39.161031], [-119.796818, 39.160553], [-119.797008, 39.160328], [-119.797316, 39.160089], [-119.797529, 39.160006], [-119.797635, 39.159957], [-119.798169, 39.159791], [-119.799086, 39.159395], [-119.799327, 39.159271], [-119.80063, 39.158617], [-119.800777, 39.158543], [-119.80249, 39.157692], [-119.802841, 39.157524], [-119.803085, 39.157417], [-119.803329, 39.15733], [-119.803505, 39.157276], [-119.803604, 39.157253], [-119.803688, 39.157242], [-119.803783, 39.157236], [-119.804003, 39.157222], [-119.804298, 39.157192], [-119.804665, 39.157135], [-119.805084, 39.157047], [-119.805428, 39.15696], [-119.806046, 39.15678], [-119.80659, 39.156592], [-119.807686, 39.1562], [-119.808022, 39.156101], [-119.808327, 39.156036], [-119.808571, 39.15601], [-119.808891, 39.155991], [-119.808952, 39.155983], [-119.809652, 39.155948], [-119.810478, 39.155907], [-119.810921, 39.155869], [-119.811203, 39.155815], [-119.811462, 39.155708], [-119.811592, 39.155621], [-119.811729, 39.155499], [-119.811928, 39.155296], [-119.812149, 39.15509], [-119.812286, 39.154999], [-119.812431, 39.154922], [-119.812752, 39.154808], [-119.813423, 39.154633], [-119.813751, 39.154533], [-119.813904, 39.154472], [-119.814145, 39.154321], [-119.814151, 39.154313], [-119.814191, 39.154263]]}, "props": {"MTFCC": "S1400", "NAME": null}}, {"geom": {"type": "LineString", "coordinates": [[-119.862215, 39.175087], [-119.862058, 39.174682]]}, "props": {"MTFCC": "S1500", "NAME": null}}, {"geom": {"type": "LineString", "coordinates": [[-119.796443, 39.161031], [-119.796543, 39.161122], [-119.796632, 39.161126], [-119.796716, 39.161088], [-119.796794, 39.16104], [-119.797006, 39.160879], [-119.797085, 39.16086], [-119.797161, 39.160816], [-119.797216, 39.160799], [-119.79727, 39.160789], [-119.797358, 39.160789], [-119.797425, 39.160822], [-119.797459, 39.160907], [-119.797538, 39.161018], [-119.797605, 39.161094], [-119.797618, 39.161205], [-119.797641, 39.161273], [-119.798177, 39.161764], [-119.798424, 39.162052], [-119.798781, 39.162348], [-119.799114, 39.162575], [-119.79922, 39.162669], [-119.799583, 39.16299], [-119.800095, 39.163361], [-119.800595, 39.163698], [-119.801084, 39.163975], [-119.801517, 39.164236], [-119.801905, 39.164437], [-119.802093, 39.164504], [-119.802312, 39.164476], [-119.802466, 39.164448], [-119.802642, 39.164464], [-119.802829, 39.16447], [-119.80307, 39.164442], [-119.803279, 39.164465], [-119.803446, 39.164584], [-119.803569, 39.164719], [-119.803714, 39.164803], [-119.803879, 39.164836], [-119.80399, 39.164894], [-119.804068, 39.164971], [-119.804212, 39.165037], [-119.804322, 39.165045], [-119.805801, 39.164105]]}, "props": {"MTFCC": "S1500", "NAME": null}}, {"geom": {"type": "LineString", "coordinates": [[-119.728194, 39.186399], [-119.728159, 39.18685]]}, "props": {"MTFCC": "S1400", "NAME": null}}, {"geom": {"type": "LineString", "coordinates": [[-119.729544, 39.178343], [-119.730799, 39.178347]]}, "props": {"MTFCC": "S1400", "NAME": null}}, {"geom": {"type": "LineString", "coordinates": [[-119.723801, 39.174999], [-119.723212, 39.174999], [-119.72168, 39.174999]]}, "props": {"MTFCC": "S1400", "NAME": null}}, {"geom": {"type": "LineString", "coordinates": [[-119.773049, 39.140959], [-119.773083, 39.140874], [-119.773114, 39.14079], [-119.773135, 39.140745], [-119.773156, 39.140702], [-119.773179, 39.140655]]}, "props": {"MTFCC": "S1750", "NAME": null}}, {"geom": {"type": "LineString", "coordinates": [[-119.766631, 39.224246], [-119.766631, 39.223942], [-119.766455, 39.22375], [-119.766439, 39.22359], [-119.766503, 39.223398], [-119.766583, 39.223286], [-119.766519, 39.22311], [-119.766663, 39.22287], [-119.766775, 39.222726], [-119.766711, 39.222518], [-119.766711, 39.222294], [-119.766855, 39.22207], [-119.767031, 39.221718], [-119.767223, 39.221414], [-119.767415, 39.221014], [-119.767511, 39.22079], [-119.767623, 39.220518], [-119.768135, 39.21991], [-119.768423, 39.219398]]}, "props": {"MTFCC": "S1400", "NAME": null}}, {"geom": {"type": "LineString", "coordinates": [[-119.752686, 39.156971], [-119.753616, 39.156967], [-119.754509, 39.156971], [-119.755455, 39.156971], [-119.756096, 39.156971]]}, "props": {"MTFCC": "S1400", "NAME": null}}, {"geom": {"type": "LineString", "coordinates": [[-119.564714, 39.1738], [-119.56482, 39.173707], [-119.564882, 39.173345], [-119.564922, 39.173017], [-119.564964, 39.172861], [-119.564982, 39.172602], [-119.565113, 39.172411], [-119.565355, 39.172306], [-119.565706, 39.172096], [-119.565992, 39.171938], [-119.566145, 39.171799], [-119.566209, 39.171626], [-119.566227, 39.171316], [-119.566265, 39.170884], [-119.566258, 39.170315], [-119.56634, 39.169866], [-119.566516, 39.168985], [-119.566448, 39.168865], [-119.566333, 39.168573], [-119.56635, 39.168193], [-119.566365, 39.167676], [-119.566358, 39.16721], [-119.566553, 39.166864], [-119.566727, 39.166621], [-119.566942, 39.166188], [-119.567131, 39.165445], [-119.567369, 39.165046], [-119.567743, 39.164801], [-119.567983, 39.164575], [-119.568068, 39.164299], [-119.568107, 39.163936], [-119.568281, 39.163676], [-119.568565, 39.16338], [-119.568827, 39.163137], [-119.569112, 39.162927], [-119.569331, 39.162753], [-119.569483, 39.162545], [-119.569613, 39.162337], [-119.570371, 39.161899], [-119.570636, 39.161794], [-119.570855, 39.161636], [-119.570873, 39.161309], [-119.571195, 39.160582], [-119.571387, 39.160097], [-119.571559, 39.159733], [-119.571749, 39.159042], [-119.571653, 39.158508], [-119.571977, 39.157919], [-119.572174, 39.157745], [-119.572482, 39.157605], [-119.573143, 39.157375], [-119.573671, 39.157077], [-119.573934, 39.156868], [-119.574195, 39.156572], [-119.574435, 39.156277], [-119.574697, 39.156016], [-119.57487, 39.155687], [-119.574887, 39.155335], [-119.574887, 39.155325], [-119.574935, 39.154842], [-119.574754, 39.154585], [-119.574462, 39.154294], [-119.574418, 39.154279], [-119.574146, 39.154142], [-119.574097, 39.15416]]}, "props": {"MTFCC": "S1500", "NAME": null}}, {"geom": {"type": "LineString", "coordinates": [[-119.794299, 39.163483], [-119.794649, 39.164157], [-119.794835, 39.164523]]}, "props": {"MTFCC": "S1400", "NAME": null}}, {"geom": {"type": "LineString", "coordinates": [[-119.769543, 39.157298], [-119.768708, 39.157302]]}, "props": {"MTFCC": "S1400", "NAME": null}}, {"geom": {"type": "LineString", "coordinates": [[-119.76812, 39.196548], [-119.767624, 39.196781], [-119.767288, 39.196922], [-119.767159, 39.196949], [-119.767014, 39.19696], [-119.76635, 39.19696], [-119.766342, 39.196564], [-119.766342, 39.196236], [-119.766342, 39.19548], [-119.76635, 39.195454], [-119.766342, 39.1954], [-119.766357, 39.195259], [-119.766418, 39.19516], [-119.766479, 39.195114], [-119.766564, 39.195069], [-119.766891, 39.194916]]}, "props": {"MTFCC": "S1400", "NAME": null}}, {"geom": {"type": "LineString", "coordinates": [[-119.560601, 39.189065], [-119.560581, 39.189126], [-119.560295, 39.189301], [-119.560097, 39.189388], [-119.559944, 39.189579], [-119.559948, 39.189821], [-119.559789, 39.190374]]}, "props": {"MTFCC": "S1500", "NAME": null}}, {"geom": {"type": "LineString", "coordinates": [[-119.560473, 39.184582], [-119.560519, 39.184694], [-119.560753, 39.185537], [-119.560867, 39.185778], [-119.561003, 39.186018], [-119.561073, 39.186242], [-119.561035, 39.186759], [-119.560973, 39.187087], [-119.560866, 39.18733], [-119.560714, 39.18759], [-119.560432, 39.188006], [-119.560369, 39.188248], [-119.560461, 39.188523], [-119.560618, 39.188642], [-119.560644, 39.188935], [-119.560601, 39.189065]]}, "props": {"MTFCC": "S1500", "NAME": null}}, {"geom": {"type": "LineString", "coordinates": [[-119.769875, 39.196918], [-119.770058, 39.196922], [-119.77005, 39.196793], [-119.770042, 39.195595], [-119.770027, 39.195553], [-119.769997, 39.195496], [-119.769936, 39.195442], [-119.769424, 39.195152], [-119.769302, 39.195103], [-119.769119, 39.195087], [-119.769035, 39.19508], [-119.768723, 39.19508], [-119.768578, 39.195087], [-119.768448, 39.195133], [-119.768394, 39.195164], [-119.768333, 39.195232], [-119.768311, 39.195271], [-119.76828, 39.195389]]}, "props": {"MTFCC": "S1400", "NAME": null}}, {"geom": {"type": "LineString", "coordinates": [[-119.86808, 39.113024], [-119.868187, 39.113103], [-119.868455, 39.11333], [-119.868764, 39.113589], [-119.869073, 39.113719], [-119.869051, 39.113915]]}, "props": {"MTFCC": "S1400", "NAME": null}}, {"geom": {"type": "LineString", "coordinates": [[-119.771076, 39.122957], [-119.77074, 39.124608], [-119.770698, 39.124811], [-119.770658, 39.125246], [-119.770525, 39.125969], [-119.77045, 39.12638], [-119.770437, 39.126451], [-119.770416, 39.12648]]}, "props": {"MTFCC": "S1400", "NAME": null}}, {"geom": {"type": "LineString", "coordinates": [[-119.770434, 39.11937], [-119.769328, 39.119366], [-119.768144, 39.119356], [-119.767133, 39.119357], [-119.764579, 39.119359], [-119.763512, 39.119354], [-119.762633, 39.119372], [-119.761665, 39.119355]]}, "props": {"MTFCC": "S1400", "NAME": null}}, {"geom": {"type": "LineString", "coordinates": [[-119.760665, 39.115644], [-119.760521, 39.115947], [-119.760391, 39.116222], [-119.760262, 39.116493], [-119.760233, 39.116553], [-119.760235, 39.116652], [-119.760239, 39.116794], [-119.760252, 39.117259], [-119.760254, 39.117492], [-119.760254, 39.117519], [-119.760262, 39.117565], [-119.760292, 39.117718]]}, "props": {"MTFCC": "S1400", "NAME": null}}, {"geom": {"type": "LineString", "coordinates": [[-119.760672, 39.101486], [-119.760063, 39.101771], [-119.759388, 39.102087]]}, "props": {"MTFCC": "S1400", "NAME": null}}, {"geom": {"type": "LineString", "coordinates": [[-119.763496, 39.117149], [-119.762924, 39.116986], [-119.762861, 39.117211], [-119.762694, 39.117404], [-119.762517, 39.1175]]}, "props": {"MTFCC": "S1400", "NAME": null}}, {"geom": {"type": "LineString", "coordinates": [[-119.761803, 39.192505], [-119.761757, 39.192444], [-119.761757, 39.191849], [-119.761765, 39.191795], [-119.761757, 39.191643], [-119.761765, 39.191391], [-119.761765, 39.191162], [-119.76178, 39.190676]]}, "props": {"MTFCC": "S1400", "NAME": null}}, {"geom": {"type": "LineString", "coordinates": [[-119.765777, 39.185705], [-119.763955, 39.185729]]}, "props": {"MTFCC": "S1400", "NAME": null}}, {"geom": {"type": "LineString", "coordinates": [[-119.763906, 39.185286], [-119.76585, 39.185229]]}, "props": {"MTFCC": "S1400", "NAME": null}}, {"geom": {"type": "LineString", "coordinates": [[-119.765007, 39.178123], [-119.764381, 39.17812], [-119.764107, 39.178108], [-119.764046, 39.178082], [-119.763763, 39.178078], [-119.763145, 39.178078], [-119.762842, 39.178078]]}, "props": {"MTFCC": "S1400", "NAME": null}}, {"geom": {"type": "LineString", "coordinates": [[-119.718508, 39.183304], [-119.719252, 39.183265]]}, "props": {"MTFCC": "S1400", "NAME": null}}, {"geom": {"type": "LineString", "coordinates": [[-119.720009, 39.184807], [-119.719872, 39.184719], [-119.71978, 39.184635], [-119.719749, 39.184582], [-119.719734, 39.18449], [-119.719742, 39.183632], [-119.719727, 39.183575], [-119.719741, 39.183553], [-119.719757, 39.18354]]}, "props": {"MTFCC": "S1400", "NAME": null}}, {"geom": {"type": "LineString", "coordinates": [[-119.762774, 39.170386], [-119.762759, 39.171083]]}, "props": {"MTFCC": "S1400", "NAME": null}}, {"geom": {"type": "LineString", "coordinates": [[-119.72718, 39.168583], [-119.727165, 39.169582], [-119.727151, 39.171445], [-119.727142, 39.171753], [-119.72715, 39.17205], [-119.727173, 39.172161], [-119.72718, 39.172245], [-119.727226, 39.17247], [-119.727409, 39.17305], [-119.727432, 39.173203], [-119.727432, 39.173656], [-119.727402, 39.173748], [-119.727348, 39.173851], [-119.726677, 39.17461], [-119.72654, 39.174751]]}, "props": {"MTFCC": "S1400", "NAME": null}}, {"geom": {"type": "LineString", "coordinates": [[-119.742567, 39.174207], [-119.742599, 39.174435], [-119.742595, 39.175423], [-119.742599, 39.17564], [-119.742618, 39.177172], [-119.742723, 39.177368], [-119.743245, 39.178128], [-119.743547, 39.179109], [-119.743534, 39.179256]]}, "props": {"MTFCC": "S1400", "NAME": null}}, {"geom": {"type": "LineString", "coordinates": [[-119.738411, 39.189297], [-119.738159, 39.189308], [-119.737907, 39.189301], [-119.737633, 39.18927], [-119.737457, 39.189236], [-119.73716, 39.189148], [-119.736778, 39.188984], [-119.736633, 39.1889], [-119.736595, 39.188843], [-119.736588, 39.188755], [-119.736588, 39.18858]]}, "props": {"MTFCC": "S1400", "NAME": null}}, {"geom": {"type": "LineString", "coordinates": [[-119.730806, 39.178808], [-119.73055, 39.178809]]}, "props": {"MTFCC": "S1400", "NAME": null}}, {"geom": {"type": "LineString", "coordinates": [[-119.739685, 39.188576], [-119.739677, 39.188873], [-119.739685, 39.189281], [-119.739685, 39.189804]]}, "props": {"MTFCC": "S1400", "NAME": null}}, {"geom": {"type": "LineString", "coordinates": [[-119.737724, 39.179971], [-119.736794, 39.18]]}, "props": {"MTFCC": "S1400", "NAME": null}}, {"geom": {"type": "LineString", "coordinates": [[-119.739113, 39.185699], [-119.738661, 39.185699], [-119.738463, 39.185668]]}, "props": {"MTFCC": "S1400", "NAME": null}}, {"geom": {"type": "LineString", "coordinates": [[-119.733756, 39.188187], [-119.733775, 39.190065]]}, "props": {"MTFCC": "S1400", "NAME": null}}, {"geom": {"type": "LineString", "coordinates": [[-119.730965, 39.182777], [-119.730972, 39.182072], [-119.730972, 39.181793], [-119.730995, 39.181686], [-119.731033, 39.181572], [-119.731239, 39.181222], [-119.731316, 39.181084], [-119.731346, 39.180958], [-119.731354, 39.180828], [-119.731346, 39.180565], [-119.731346, 39.180355], [-119.731354, 39.180187], [-119.731346, 39.179771], [-119.731331, 39.179722], [-119.731354, 39.179657]]}, "props": {"MTFCC": "S1400", "NAME": null}}, {"geom": {"type": "LineString", "coordinates": [[-119.724533, 39.174961], [-119.725266, 39.174961], [-119.725456, 39.174999], [-119.725487, 39.175018], [-119.725578, 39.175056], [-119.725655, 39.17511], [-119.725731, 39.175186], [-119.725792, 39.175285], [-119.725822, 39.175365], [-119.725838, 39.175549], [-119.725838, 39.175827], [-119.72583, 39.175919], [-119.72583, 39.178204], [-119.725845, 39.178238], [-119.725868, 39.178417], [-119.726067, 39.179188], [-119.726105, 39.179264], [-119.726189, 39.179398]]}, "props": {"MTFCC": "S1400", "NAME": null}}, {"geom": {"type": "LineString", "coordinates": [[-119.721313, 39.17131], [-119.721466, 39.171364], [-119.722366, 39.171368], [-119.72313, 39.171374], [-119.723213, 39.171368], [-119.723335, 39.171318]]}, "props": {"MTFCC": "S1400", "NAME": null}}, {"geom": {"type": "LineString", "coordinates": [[-119.730003, 39.180355], [-119.730003, 39.182072]]}, "props": {"MTFCC": "S1400", "NAME": null}}, {"geom": {"type": "LineString", "coordinates": [[-119.723039, 39.18637], [-119.723032, 39.18607], [-119.723018, 39.185967], [-119.722983, 39.185932], [-119.722877, 39.18591], [-119.722609, 39.185916]]}, "props": {"MTFCC": "S1400", "NAME": null}}, {"geom": {"type": "LineString", "coordinates": [[-119.729534, 39.179288], [-119.730818, 39.17928]]}, "props": {"MTFCC": "S1740", "NAME": null}}, {"geom": {"type": "LineString", "coordinates": [[-119.723183, 39.160774], [-119.723183, 39.161461], [-119.72316, 39.161621], [-119.723091, 39.161808], [-119.722969, 39.162056]]}, "props": {"MTFCC": "S1400", "NAME": null}}, {"geom": {"type": "LineString", "coordinates": [[-119.719009, 39.161026], [-119.719086, 39.161312], [-119.719101, 39.161419], [-119.71917, 39.161701], [-119.719193, 39.161766], [-119.719208, 39.161835], [-119.719337, 39.162086], [-119.719498, 39.1623], [-119.719658, 39.162457], [-119.719864, 39.162613], [-119.72007, 39.162735], [-119.720436, 39.162918], [-119.720879, 39.163158], [-119.721115, 39.163292], [-119.721184, 39.163342], [-119.721367, 39.163494], [-119.721527, 39.163654], [-119.721626, 39.16378], [-119.72168, 39.163876], [-119.721817, 39.164314], [-119.721855, 39.164467]]}, "props": {"MTFCC": "S1400", "NAME": null}}, {"geom": {"type": "LineString", "coordinates": [[-119.718586, 39.160406], [-119.718561, 39.159717], [-119.718553, 39.158623], [-119.718561, 39.158407], [-119.718532, 39.158114], [-119.718479, 39.158044], [-119.718459, 39.157273], [-119.718494, 39.15715], [-119.718589, 39.157046], [-119.718762, 39.156972], [-119.718947, 39.156923], [-119.719121, 39.156902], [-119.719353, 39.156889], [-119.719425, 39.15688], [-119.719545, 39.156865], [-119.719694, 39.156824], [-119.719842, 39.156684], [-119.720573, 39.155971], [-119.720903, 39.155629], [-119.721018, 39.155481], [-119.721119, 39.155333], [-119.721277, 39.155184], [-119.721476, 39.15511], [-119.721691, 39.155047], [-119.72197, 39.155005], [-119.722452, 39.154886], [-119.722861, 39.15476], [-119.723163, 39.15469], [-119.723446, 39.154595], [-119.723792, 39.154407], [-119.724505, 39.153994], [-119.724553, 39.153966], [-119.724756, 39.153831], [-119.724873, 39.153706], [-119.725085, 39.153447], [-119.725367, 39.153119], [-119.725454, 39.152969], [-119.725517, 39.15286], [-119.725571, 39.152709], [-119.725595, 39.152457], [-119.725573, 39.152035], [-119.725562, 39.151793], [-119.725586, 39.15154], [-119.725661, 39.151242], [-119.72575, 39.151091], [-119.725868, 39.151006], [-119.726006, 39.150945]]}, "props": {"MTFCC": "S1400", "NAME": null}}, {"geom": {"type": "LineString", "coordinates": [[-119.746162, 39.176296], [-119.74657, 39.176294]]}, "props": {"MTFCC": "S1400", "NAME": null}}, {"geom": {"type": "LineString", "coordinates": [[-119.774339, 39.118207], [-119.774278, 39.118203], [-119.774148, 39.118176], [-119.774079, 39.118169]]}, "props": {"MTFCC": "S1740", "NAME": null}}, {"geom": {"type": "LineString", "coordinates": [[-119.774079, 39.118169], [-119.774095, 39.118131], [-119.774072, 39.118077]]}, "props": {"MTFCC": "S1740", "NAME": null}}, {"geom": {"type": "LineString", "coordinates": [[-119.741052, 39.180667], [-119.741672, 39.180679]]}, "props": {"MTFCC": "S1400", "NAME": null}}, {"geom": {"type": "LineString", "coordinates": [[-119.630559, 39.144407], [-119.630671, 39.145063], [-119.631263, 39.146279], [-119.631599, 39.146695], [-119.632527, 39.148199], [-119.633039, 39.149639], [-119.633263, 39.150823], [-119.633391, 39.151751], [-119.633359, 39.152055], [-119.632591, 39.153671], [-119.633008, 39.154151], [-119.632431, 39.154583], [-119.632432, 39.157063], [-119.632, 39.158135], [-119.632368, 39.158663], [-119.633024, 39.159815]]}, "props": {"MTFCC": "S1400", "NAME": null}}, {"geom": {"type": "LineString", "coordinates": [[-119.774957, 39.116868], [-119.774858, 39.116887], [-119.774781, 39.116914]]}, "props": {"MTFCC": "S1740", "NAME": null}}, {"geom": {"type": "LineString", "coordinates": [[-119.773271, 39.117257], [-119.773309, 39.117368], [-119.773362, 39.117413], [-119.773423, 39.117429], [-119.773576, 39.117402], [-119.773751, 39.117341], [-119.77414, 39.117139], [-119.774179, 39.117127], [-119.774285, 39.117085], [-119.774301, 39.117112], [-119.774346, 39.117272], [-119.774354, 39.117402], [-119.774369, 39.117455], [-119.774438, 39.11744], [-119.774514, 39.11744], [-119.774659, 39.117444], [-119.774819, 39.117436], [-119.774987, 39.117432]]}, "props": {"MTFCC": "S1400", "NAME": null}}, {"geom": {"type": "LineString", "coordinates": [[-119.773271, 39.117257], [-119.773133, 39.117242]]}, "props": {"MTFCC": "S1740", "NAME": null}}, {"geom": {"type": "LineString", "coordinates": [[-119.775087, 39.11844], [-119.7751, 39.117713], [-119.775082, 39.117666], [-119.775061, 39.117641], [-119.775014, 39.117622], [-119.77491, 39.11762], [-119.774867, 39.117623]]}, "props": {"MTFCC": "S1740", "NAME": null}}, {"geom": {"type": "LineString", "coordinates": [[-119.774378, 39.117635], [-119.774369, 39.117455]]}, "props": {"MTFCC": "S1740", "NAME": null}}, {"geom": {"type": "LineString", "coordinates": [[-119.7734, 39.117928], [-119.773507, 39.117799], [-119.773553, 39.117783], [-119.773637, 39.117787], [-119.773797, 39.117825], [-119.77385, 39.117844], [-119.773896, 39.117902], [-119.773919, 39.117951], [-119.773912, 39.118008]]}, "props": {"MTFCC": "S1740", "NAME": null}}, {"geom": {"type": "LineString", "coordinates": [[-119.772153, 39.133886], [-119.772678, 39.133888], [-119.773155, 39.133889], [-119.773289, 39.133751], [-119.773483, 39.133658], [-119.773695, 39.133504], [-119.773907, 39.133395], [-119.774079, 39.133181], [-119.77431, 39.132996], [-119.774641, 39.132932], [-119.774873, 39.132839], [-119.775103, 39.132624], [-119.775394, 39.132499], [-119.775784, 39.132495], [-119.776075, 39.132462], [-119.77635, 39.13255], [-119.776763, 39.132744], [-119.777138, 39.133059], [-119.777184, 39.133423], [-119.777207, 39.133665], [-119.777216, 39.134182], [-119.777337, 39.134423], [-119.777441, 39.134817], [-119.777739, 39.135133], [-119.778035, 39.135358], [-119.778429, 39.135566], [-119.778761, 39.135624], [-119.779112, 39.13559], [-119.779229, 39.135649]]}, "props": {"MTFCC": "S1500", "NAME": null}}, {"geom": {"type": "LineString", "coordinates": [[-119.748215, 39.161125], [-119.748215, 39.160645], [-119.74823, 39.160564], [-119.748253, 39.160538], [-119.749054, 39.160057], [-119.749153, 39.160011], [-119.749222, 39.160015], [-119.749672, 39.160007], [-119.74987, 39.160011]]}, "props": {"MTFCC": "S1400", "NAME": null}}, {"geom": {"type": "LineString", "coordinates": [[-119.743566, 39.175626], [-119.743507, 39.175436]]}, "props": {"MTFCC": "S1400", "NAME": null}}, {"geom": {"type": "LineString", "coordinates": [[-119.754176, 39.151295], [-119.754176, 39.151809], [-119.754176, 39.152203]]}, "props": {"MTFCC": "S1740", "NAME": null}}, {"geom": {"type": "LineString", "coordinates": [[-119.757862, 39.156124], [-119.757866, 39.154112]]}, "props": {"MTFCC": "S1400", "NAME": null}}, {"geom": {"type": "LineString", "coordinates": [[-119.756164, 39.150278], [-119.754807, 39.150288], [-119.754326, 39.150291], [-119.754181, 39.15028]]}, "props": {"MTFCC": "S1400", "NAME": null}}, {"geom": {"type": "LineString", "coordinates": [[-119.767403, 39.145134], [-119.767449, 39.145136], [-119.767573, 39.14514], [-119.767688, 39.145111], [-119.767727, 39.145102]]}, "props": {"MTFCC": "S1400", "NAME": null}}, {"geom": {"type": "LineString", "coordinates": [[-119.827337, 39.113582], [-119.826895, 39.113803], [-119.826488, 39.113891], [-119.825962, 39.113596]]}, "props": {"MTFCC": "S1400", "NAME": null}}, {"geom": {"type": "LineString", "coordinates": [[-119.757393, 39.100956], [-119.757375, 39.100424]]}, "props": {"MTFCC": "S1400", "NAME": null}}, {"geom": {"type": "LineString", "coordinates": [[-119.75573, 39.100619], [-119.755707, 39.102612]]}, "props": {"MTFCC": "S1400", "NAME": null}}, {"geom": {"type": "LineString", "coordinates": [[-119.623478, 39.137452], [-119.623497, 39.137484], [-119.623743, 39.137637], [-119.624034, 39.137875], [-119.624461, 39.138251], [-119.624978, 39.138798], [-119.625294, 39.139209], [-119.626049, 39.140099], [-119.626364, 39.140424], [-119.626567, 39.140715], [-119.626882, 39.141023], [-119.627087, 39.141401], [-119.627291, 39.141744], [-119.627561, 39.142], [-119.627985, 39.142203], [-119.628341, 39.142338], [-119.628873, 39.14235], [-119.629227, 39.14233], [-119.629824, 39.142273], [-119.630253, 39.142208], [-119.630414, 39.142206], [-119.630736, 39.142141], [-119.631003, 39.141971], [-119.631269, 39.141759], [-119.63132, 39.141569], [-119.631479, 39.1414], [-119.631746, 39.14123], [-119.632294, 39.141072], [-119.632496, 39.141014], [-119.632952, 39.140905], [-119.633436, 39.140838], [-119.634026, 39.140686], [-119.634226, 39.140641], [-119.634321, 39.14062], [-119.634478, 39.140367], [-119.634665, 39.140219], [-119.634932, 39.140091], [-119.635309, 39.140087], [-119.635874, 39.140103], [-119.636226, 39.140205], [-119.636983, 39.140449], [-119.637495, 39.140487], [-119.637899, 39.140525], [-119.638195, 39.14048], [-119.638139, 39.140355], [-119.637922, 39.140231], [-119.637596, 39.140066], [-119.637378, 39.139838], [-119.637537, 39.13969], [-119.638308, 39.139075], [-119.638709, 39.138862], [-119.639406, 39.138646], [-119.64024, 39.138617], [-119.640886, 39.138611], [-119.641422, 39.138481], [-119.641766, 39.138058], [-119.641895, 39.137701], [-119.642132, 39.137384], [-119.642503, 39.136962], [-119.642954, 39.136517], [-119.643378, 39.136073], [-119.643667, 39.135588], [-119.64398, 39.134978], [-119.643972, 39.134454], [-119.644183, 39.134137], [-119.644531, 39.134029], [-119.644825, 39.13388], [-119.645092, 39.13371], [-119.645489, 39.133308], [-119.645781, 39.13309], [-119.646021, 39.132912]]}, "props": {"MTFCC": "S1500", "NAME": null}}, {"geom": {"type": "LineString", "coordinates": [[-119.790506, 39.166436], [-119.790642, 39.167461], [-119.790526, 39.167664], [-119.790222, 39.167807], [-119.789165, 39.167779], [-119.787926, 39.16783], [-119.787733, 39.167759], [-119.787641, 39.167653]]}, "props": {"MTFCC": "S1400", "NAME": null}}, {"geom": {"type": "LineString", "coordinates": [[-119.741333, 39.115707], [-119.741348, 39.117508], [-119.741341, 39.118416]]}, "props": {"MTFCC": "S1400", "NAME": null}}, {"geom": {"type": "LineString", "coordinates": [[-119.630021, 39.113872], [-119.629985, 39.113196], [-119.630147, 39.112692]]}, "props": {"MTFCC": "S1400", "NAME": null}}, {"geom": {"type": "LineString", "coordinates": [[-119.778244, 39.160614], [-119.778235, 39.159952], [-119.778229, 39.158943], [-119.778214, 39.158848], [-119.778183, 39.158783], [-119.778145, 39.158726], [-119.778061, 39.158638], [-119.777962, 39.158573], [-119.777809, 39.158508], [-119.777649, 39.158485], [-119.777563, 39.158489]]}, "props": {"MTFCC": "S1400", "NAME": null}}, {"geom": {"type": "LineString", "coordinates": [[-119.772499, 39.158939], [-119.772499, 39.159592], [-119.772491, 39.159672], [-119.772491, 39.160244], [-119.772491, 39.160507], [-119.772484, 39.160549], [-119.772469, 39.160698], [-119.772423, 39.160873], [-119.772377, 39.161022], [-119.772369, 39.16114], [-119.772354, 39.161224], [-119.772362, 39.161304]]}, "props": {"MTFCC": "S1400", "NAME": null}}, {"geom": {"type": "LineString", "coordinates": [[-119.769057, 39.162588], [-119.769036, 39.16194]]}, "props": {"MTFCC": "S1400", "NAME": null}}, {"geom": {"type": "LineString", "coordinates": [[-119.708805, 39.184746], [-119.709637, 39.186304]]}, "props": {"MTFCC": "S1400", "NAME": null}}, {"geom": {"type": "LineString", "coordinates": [[-119.702484, 39.186878], [-119.698509, 39.188507], [-119.698472, 39.188557]]}, "props": {"MTFCC": "S1400", "NAME": null}}, {"geom": {"type": "LineString", "coordinates": [[-119.710212, 39.18263], [-119.709683, 39.182057], [-119.709368, 39.18188], [-119.709341, 39.181794]]}, "props": {"MTFCC": "S1400", "NAME": null}}, {"geom": {"type": "LineString", "coordinates": [[-119.705216, 39.184707], [-119.705629, 39.184553]]}, "props": {"MTFCC": "S1400", "NAME": null}}, {"geom": {"type": "LineString", "coordinates": [[-119.750977, 39.164986], [-119.752792, 39.16497]]}, "props": {"MTFCC": "S1400", "NAME": null}}, {"geom": {"type": "LineString", "coordinates": [[-119.754509, 39.156971], [-119.754509, 39.15609], [-119.754501, 39.155762], [-119.754509, 39.155365], [-119.754501, 39.154842], [-119.754482, 39.154703], [-119.754433, 39.154495], [-119.754341, 39.15427], [-119.754128, 39.1539], [-119.754036, 39.153774], [-119.75399, 39.153679]]}, "props": {"MTFCC": "S1400", "NAME": null}}, {"geom": {"type": "LineString", "coordinates": [[-119.753181, 39.153976], [-119.753227, 39.154041], [-119.75325, 39.154095], [-119.753479, 39.154461], [-119.753525, 39.154568], [-119.753548, 39.154606], [-119.753593, 39.154774], [-119.753609, 39.154869], [-119.753609, 39.154949], [-119.753616, 39.15498], [-119.753609, 39.155087], [-119.753616, 39.15543], [-119.753609, 39.155529], [-119.753616, 39.155605], [-119.753609, 39.155735], [-119.753616, 39.156048], [-119.753616, 39.156868], [-119.753624, 39.156902], [-119.753616, 39.156967]]}, "props": {"MTFCC": "S1400", "NAME": null}}, {"geom": {"type": "LineString", "coordinates": [[-119.752487, 39.14576], [-119.752502, 39.14542]]}, "props": {"MTFCC": "S1400", "NAME": null}}, {"geom": {"type": "LineString", "coordinates": [[-119.748055, 39.153774], [-119.747993, 39.153519], [-119.747993, 39.152706], [-119.747978, 39.152657], [-119.747978, 39.152615], [-119.748009, 39.152565], [-119.748047, 39.152538]]}, "props": {"MTFCC": "S1400", "NAME": null}}, {"geom": {"type": "LineString", "coordinates": [[-119.71512, 39.160414], [-119.715085, 39.1603], [-119.715071, 39.159893], [-119.715054, 39.15906]]}, "props": {"MTFCC": "S1400", "NAME": null}}, {"geom": {"type": "LineString", "coordinates": [[-119.695346, 39.129358], [-119.694674, 39.129422], [-119.694034, 39.129734], [-119.69293, 39.130294], [-119.69285, 39.13039], [-119.693026, 39.130566], [-119.693666, 39.130726], [-119.694498, 39.130822], [-119.69541, 39.13151], [-119.695538, 39.13207], [-119.695106, 39.13311], [-119.69541, 39.133446], [-119.695234, 39.133798]]}, "props": {"MTFCC": "S1400", "NAME": null}}, {"geom": {"type": "LineString", "coordinates": [[-119.70061, 39.142772], [-119.703229, 39.142774]]}, "props": {"MTFCC": "S1400", "NAME": null}}, {"geom": {"type": "LineString", "coordinates": [[-119.684018, 39.149462], [-119.685714, 39.14879], [-119.686418, 39.148662], [-119.686834, 39.14839], [-119.687474, 39.148134], [-119.688258, 39.148054], [-119.688882, 39.14791], [-119.689026, 39.147846], [-119.68917, 39.147366], [-119.689426, 39.146886], [-119.689618, 39.146566], [-119.689586, 39.146438], [-119.689714, 39.146278], [-119.689906, 39.146086], [-119.689938, 39.145894], [-119.690018, 39.145606], [-119.690018, 39.145414], [-119.689938, 39.145286], [-119.69013, 39.145126], [-119.690418, 39.144934], [-119.690738, 39.14463], [-119.691154, 39.144646], [-119.691154, 39.14503]]}, "props": {"MTFCC": "S1400", "NAME": null}}, {"geom": {"type": "LineString", "coordinates": [[-119.677586, 39.143526], [-119.677299, 39.143814], [-119.677187, 39.144262], [-119.676755, 39.144774], [-119.677075, 39.145222], [-119.677315, 39.14583], [-119.677331, 39.146374], [-119.678034, 39.146774], [-119.678834, 39.146966], [-119.67933, 39.147222], [-119.679826, 39.147398], [-119.680802, 39.147782], [-119.68125, 39.147926], [-119.681522, 39.14823], [-119.68181, 39.148598], [-119.682018, 39.14879], [-119.682322, 39.149206], [-119.68261, 39.14935], [-119.682546, 39.150278], [-119.682866, 39.150454], [-119.683922, 39.150518], [-119.684482, 39.150598], [-119.684833, 39.150773]]}, "props": {"MTFCC": "S1400", "NAME": null}}, {"geom": {"type": "LineString", "coordinates": [[-119.702934, 39.173193], [-119.704339, 39.172502], [-119.704178, 39.171747], [-119.702935, 39.171577]]}, "props": {"MTFCC": "S1400", "NAME": null}}, {"geom": {"type": "LineString", "coordinates": [[-119.679651, 39.191767], [-119.679059, 39.191671]]}, "props": {"MTFCC": "S1400", "NAME": null}}, {"geom": {"type": "LineString", "coordinates": [[-119.682252, 39.196009], [-119.680683, 39.195706], [-119.68025, 39.195598], [-119.679603, 39.195399]]}, "props": {"MTFCC": "S1400", "NAME": null}}, {"geom": {"type": "LineString", "coordinates": [[-119.682354, 39.177511], [-119.684182, 39.179191]]}, "props": {"MTFCC": "S1400", "NAME": null}}, {"geom": {"type": "LineString", "coordinates": [[-119.674946, 39.191175], [-119.674994, 39.191031], [-119.674962, 39.190919], [-119.675058, 39.190791], [-119.675122, 39.190727], [-119.675282, 39.190679], [-119.675522, 39.190567], [-119.675666, 39.190519], [-119.676194, 39.190327], [-119.676338, 39.190279], [-119.676514, 39.190215], [-119.676866, 39.190135], [-119.67701, 39.190119], [-119.677538, 39.189927], [-119.677858, 39.189847], [-119.67797, 39.189847], [-119.67853, 39.189687]]}, "props": {"MTFCC": "S1400", "NAME": null}}, {"geom": {"type": "LineString", "coordinates": [[-119.787539, 39.177851], [-119.788051, 39.178729], [-119.788297, 39.179123]]}, "props": {"MTFCC": "S1400", "NAME": null}}, {"geom": {"type": "LineString", "coordinates": [[-119.786621, 39.182841], [-119.78694, 39.182808], [-119.787143, 39.182798], [-119.787703, 39.182788]]}, "props": {"MTFCC": "S1400", "NAME": null}}, {"geom": {"type": "LineString", "coordinates": [[-119.790746, 39.189065], [-119.790819, 39.18686]]}, "props": {"MTFCC": "S1400", "NAME": null}}, {"geom": {"type": "LineString", "coordinates": [[-119.813629, 39.197868], [-119.813713, 39.197865], [-119.814072, 39.1978], [-119.814209, 39.197765], [-119.814354, 39.197739], [-119.814407, 39.19772], [-119.814552, 39.197704], [-119.814621, 39.197712], [-119.814651, 39.19772]]}, "props": {"MTFCC": "S1400", "NAME": null}}, {"geom": {"type": "LineString", "coordinates": [[-119.746116, 39.1808], [-119.747668, 39.180792], [-119.74777, 39.180722]]}, "props": {"MTFCC": "S1400", "NAME": null}}, {"geom": {"type": "LineString", "coordinates": [[-119.780522, 39.185146], [-119.780518, 39.185174], [-119.780495, 39.185259], [-119.780486, 39.185312], [-119.780481, 39.185374], [-119.78048, 39.185435], [-119.780483, 39.1855], [-119.780489, 39.185565], [-119.780496, 39.18563], [-119.780505, 39.185695], [-119.780515, 39.18576], [-119.780526, 39.185827], [-119.780537, 39.185895], [-119.780557, 39.18603], [-119.780567, 39.186094], [-119.780577, 39.186156], [-119.780584, 39.186214], [-119.780595, 39.18627], [-119.780605, 39.18632], [-119.780622, 39.18639], [-119.780648, 39.186478]]}, "props": {"MTFCC": "S1400", "NAME": null}}, {"geom": {"type": "LineString", "coordinates": [[-119.722347, 39.178704], [-119.722338, 39.177684]]}, "props": {"MTFCC": "S1400", "NAME": null}}, {"geom": {"type": "LineString", "coordinates": [[-119.723201, 39.178712], [-119.723208, 39.177674]]}, "props": {"MTFCC": "S1400", "NAME": null}}, {"geom": {"type": "LineString", "coordinates": [[-119.716282, 39.160447], [-119.716281, 39.160307], [-119.716274, 39.160187], [-119.71618, 39.160025]]}, "props": {"MTFCC": "S1400", "NAME": null}}, {"geom": {"type": "LineString", "coordinates": [[-119.720059, 39.175608], [-119.720486, 39.17565]]}, "props": {"MTFCC": "S1400", "NAME": null}}, {"geom": {"type": "LineString", "coordinates": [[-119.698406, 39.112175], [-119.698328, 39.11243], [-119.698364, 39.112965]]}, "props": {"MTFCC": "S1400", "NAME": null}}, {"geom": {"type": "LineString", "coordinates": [[-119.688095, 39.117658], [-119.688249, 39.117667]]}, "props": {"MTFCC": "S1400", "NAME": null}}, {"geom": {"type": "LineString", "coordinates": [[-119.687517, 39.11784], [-119.687083, 39.117653], [-119.686928, 39.117588]]}, "props": {"MTFCC": "S1400", "NAME": null}}, {"geom": {"type": "LineString", "coordinates": [[-119.686928, 39.117588], [-119.686949, 39.117875]]}, "props": {"MTFCC": "S1400", "NAME": null}}, {"geom": {"type": "LineString", "coordinates": [[-119.776711, 39.20361], [-119.776871, 39.203501], [-119.777507, 39.203336], [-119.77767, 39.203261], [-119.777831, 39.203193], [-119.777943, 39.203136], [-119.778027, 39.203033], [-119.778021, 39.202887]]}, "props": {"MTFCC": "S1400", "NAME": null}}, {"geom": {"type": "LineString", "coordinates": [[-119.812355, 39.201897], [-119.812019, 39.201927], [-119.811913, 39.201942], [-119.811783, 39.201977], [-119.811661, 39.202019], [-119.8116, 39.202057], [-119.811554, 39.202095], [-119.811462, 39.202229], [-119.811371, 39.202377], [-119.81131, 39.202557], [-119.811287, 39.202652], [-119.811218, 39.202843], [-119.811043, 39.203167], [-119.810781, 39.203535], [-119.810255, 39.204211], [-119.810007, 39.204547], [-119.809809, 39.204836], [-119.809726, 39.205057], [-119.809712, 39.205217], [-119.809768, 39.205493], [-119.809868, 39.205986]]}, "props": {"MTFCC": "S1400", "NAME": null}}, {"geom": {"type": "LineString", "coordinates": [[-119.806378, 39.177861], [-119.806278, 39.177851], [-119.806186, 39.177824], [-119.805866, 39.177665], [-119.805742, 39.177588], [-119.805555, 39.177495], [-119.805591, 39.177488], [-119.805699, 39.177441], [-119.805893, 39.177364], [-119.806035, 39.177297], [-119.806055, 39.177288], [-119.806131, 39.177217], [-119.806225, 39.177191], [-119.80633, 39.177187], [-119.806507, 39.177195], [-119.806616, 39.177222], [-119.806708, 39.177282], [-119.806769, 39.17739], [-119.806778, 39.177454]]}, "props": {"MTFCC": "S1740", "NAME": null}}, {"geom": {"type": "LineString", "coordinates": [[-119.806378, 39.177861], [-119.8065, 39.177842], [-119.806572, 39.177802], [-119.806638, 39.177699], [-119.806736, 39.177567], [-119.806778, 39.177454], [-119.806837, 39.177476], [-119.806929, 39.177529], [-119.80704, 39.177573], [-119.807412, 39.17778], [-119.807521, 39.177819], [-119.807686, 39.177827], [-119.80788, 39.177869], [-119.808011, 39.177916], [-119.808082, 39.177936], [-119.808134, 39.177945], [-119.80819, 39.177926], [-119.808256, 39.177896], [-119.808424, 39.177858]]}, "props": {"MTFCC": "S1500", "NAME": null}}, {"geom": {"type": "LineString", "coordinates": [[-119.765083, 39.154995], [-119.764847, 39.154945], [-119.764823, 39.154945], [-119.764702, 39.154922], [-119.764656, 39.154907], [-119.764563, 39.154904], [-119.76275, 39.154927]]}, "props": {"MTFCC": "S1400", "NAME": null}}, {"geom": {"type": "LineString", "coordinates": [[-119.765778, 39.149933], [-119.765778, 39.149319], [-119.76577, 39.149151], [-119.765778, 39.148705], [-119.76577, 39.148373], [-119.765778, 39.147289], [-119.765751, 39.146528]]}, "props": {"MTFCC": "S1400", "NAME": null}}, {"geom": {"type": "LineString", "coordinates": [[-119.760468, 39.145748], [-119.761887, 39.145752]]}, "props": {"MTFCC": "S1400", "NAME": null}}, {"geom": {"type": "LineString", "coordinates": [[-119.689346, 39.174962], [-119.689022, 39.174596], [-119.688835, 39.17439], [-119.688723, 39.174006], [-119.688451, 39.173846], [-119.688179, 39.173734], [-119.687635, 39.173702], [-119.686931, 39.173718], [-119.686275, 39.17383], [-119.685459, 39.173878], [-119.684722, 39.173814], [-119.683954, 39.173878], [-119.683346, 39.173958], [-119.682754, 39.173846], [-119.682082, 39.173702], [-119.681282, 39.17351], [-119.680578, 39.17327], [-119.680018, 39.17311], [-119.67733, 39.171207], [-119.676642, 39.170791], [-119.676146, 39.170535], [-119.675442, 39.170279], [-119.67493, 39.170231]]}, "props": {"MTFCC": "S1400", "NAME": null}}, {"geom": {"type": "LineString", "coordinates": [[-119.66069, 39.187687], [-119.660402, 39.187399], [-119.660274, 39.187207], [-119.660162, 39.187015], [-119.659921, 39.186871], [-119.659825, 39.186631], [-119.659681, 39.186295], [-119.659617, 39.186071], [-119.659505, 39.185831], [-119.659345, 39.185543], [-119.659169, 39.185351], [-119.659057, 39.185191], [-119.658993, 39.185111]]}, "props": {"MTFCC": "S1400", "NAME": null}}, {"geom": {"type": "LineString", "coordinates": [[-119.702387, 39.178918], [-119.703892, 39.178854], [-119.705172, 39.178886], [-119.705316, 39.178406], [-119.705732, 39.178342]]}, "props": {"MTFCC": "S1400", "NAME": null}}, {"geom": {"type": "LineString", "coordinates": [[-119.65837, 39.195671], [-119.65845, 39.195703], [-119.65869, 39.195847], [-119.659042, 39.195879], [-119.659362, 39.195927], [-119.65957, 39.195991], [-119.659842, 39.196103], [-119.660018, 39.196151], [-119.660242, 39.196183], [-119.66037, 39.196263]]}, "props": {"MTFCC": "S1400", "NAME": null}}, {"geom": {"type": "LineString", "coordinates": [[-119.634226, 39.140641], [-119.634257, 39.140792], [-119.634208, 39.140882], [-119.634206, 39.141062], [-119.634108, 39.141227], [-119.633914, 39.141451], [-119.633943, 39.141692], [-119.634292, 39.141926], [-119.634498, 39.142072], [-119.63464, 39.142251], [-119.634735, 39.142247]]}, "props": {"MTFCC": "S1400", "NAME": null}}, {"geom": {"type": "LineString", "coordinates": [[-119.663537, 39.139174], [-119.662993, 39.138758]]}, "props": {"MTFCC": "S1400", "NAME": null}}, {"geom": {"type": "LineString", "coordinates": [[-119.785852, 39.174583], [-119.784823, 39.174645]]}, "props": {"MTFCC": "S1740", "NAME": null}}, {"geom": {"type": "LineString", "coordinates": [[-119.775307, 39.156303], [-119.77523, 39.156429], [-119.775223, 39.15649], [-119.77523, 39.156979], [-119.775269, 39.157017], [-119.775291, 39.157024], [-119.775803, 39.157021]]}, "props": {"MTFCC": "S1400", "NAME": null}}, {"geom": {"type": "LineString", "coordinates": [[-119.793883, 39.175779], [-119.794001, 39.175814], [-119.79406, 39.175834], [-119.794118, 39.175853], [-119.794177, 39.175872], [-119.794236, 39.175891], [-119.794295, 39.175909], [-119.794353, 39.175926], [-119.794412, 39.175943], [-119.79447, 39.175956], [-119.794526, 39.17597], [-119.794599, 39.175985], [-119.794669, 39.176001], [-119.794737, 39.176016], [-119.7948, 39.176029], [-119.79486, 39.17604]]}, "props": {"MTFCC": "S1400", "NAME": null}}, {"geom": {"type": "LineString", "coordinates": [[-119.793274, 39.176949], [-119.79352, 39.177042], [-119.793863, 39.177145], [-119.794444, 39.177252], [-119.794939, 39.177199]]}, "props": {"MTFCC": "S1400", "NAME": null}}, {"geom": {"type": "LineString", "coordinates": [[-119.755844, 39.138546], [-119.755898, 39.138508], [-119.755943, 39.138462], [-119.755974, 39.138401], [-119.755981, 39.138142], [-119.755981, 39.13768], [-119.755989, 39.137199], [-119.755989, 39.136097]]}, "props": {"MTFCC": "S1400", "NAME": null}}, {"geom": {"type": "LineString", "coordinates": [[-119.757813, 39.182838], [-119.757917, 39.182938], [-119.75801, 39.183058], [-119.758073, 39.18317], [-119.758118, 39.183288], [-119.75813, 39.183346], [-119.758136, 39.183477], [-119.75812, 39.183629], [-119.758105, 39.183693], [-119.757691, 39.184818], [-119.757236, 39.186052]]}, "props": {"MTFCC": "S1400", "NAME": null}}, {"geom": {"type": "LineString", "coordinates": [[-119.794534, 39.162968], [-119.794563, 39.163045], [-119.794573, 39.163123], [-119.794559, 39.163216], [-119.794526, 39.163291], [-119.794481, 39.163353], [-119.794429, 39.163404], [-119.794361, 39.163452], [-119.794299, 39.163483]]}, "props": {"MTFCC": "S1400", "NAME": null}}, {"geom": {"type": "LineString", "coordinates": [[-119.749794, 39.20647], [-119.749792, 39.207435]]}, "props": {"MTFCC": "S1400", "NAME": null}}, {"geom": {"type": "LineString", "coordinates": [[-119.796351, 39.186284], [-119.796356, 39.187174]]}, "props": {"MTFCC": "S1400", "NAME": null}}, {"geom": {"type": "LineString", "coordinates": [[-119.740288, 39.211777], [-119.738091, 39.211773]]}, "props": {"MTFCC": "S1400", "NAME": null}}, {"geom": {"type": "LineString", "coordinates": [[-119.741035, 39.210312], [-119.740799, 39.210178], [-119.740654, 39.210114], [-119.740532, 39.210072], [-119.740356, 39.210041], [-119.740227, 39.210033], [-119.738853, 39.210033], [-119.738647, 39.210041]]}, "props": {"MTFCC": "S1400", "NAME": null}}, {"geom": {"type": "LineString", "coordinates": [[-119.747321, 39.181999], [-119.746384, 39.182721]]}, "props": {"MTFCC": "S1400", "NAME": null}}, {"geom": {"type": "LineString", "coordinates": [[-119.736805, 39.172302], [-119.737036, 39.172643], [-119.737031, 39.17313]]}, "props": {"MTFCC": "S1400", "NAME": null}}, {"geom": {"type": "LineString", "coordinates": [[-119.787641, 39.167653], [-119.787487, 39.167545], [-119.787399, 39.167368], [-119.787474, 39.16664]]}, "props": {"MTFCC": "S1400", "NAME": null}}, {"geom": {"type": "LineString", "coordinates": [[-119.778383, 39.191353], [-119.7772, 39.191349]]}, "props": {"MTFCC": "S1400", "NAME": null}}, {"geom": {"type": "LineString", "coordinates": [[-119.728086, 39.243558], [-119.728061, 39.24391], [-119.728547, 39.24398], [-119.728752, 39.24418]]}, "props": {"MTFCC": "S1400", "NAME": null}}, {"geom": {"type": "LineString", "coordinates": [[-119.725446, 39.24143], [-119.724516, 39.2411], [-119.721439, 39.241387]]}, "props": {"MTFCC": "S1400", "NAME": null}}, {"geom": {"type": "LineString", "coordinates": [[-119.721199, 39.240818], [-119.719538, 39.24081], [-119.717923, 39.241673], [-119.716527, 39.241964]]}, "props": {"MTFCC": "S1500", "NAME": null}}, {"geom": {"type": "LineString", "coordinates": [[-119.716527, 39.241964], [-119.717191, 39.242008], [-119.717641, 39.24215], [-119.717988, 39.242385], [-119.718357, 39.242919], [-119.71881, 39.243105], [-119.719437, 39.243407], [-119.719902, 39.243763], [-119.720135, 39.244247]]}, "props": {"MTFCC": "S1500", "NAME": null}}, {"geom": {"type": "LineString", "coordinates": [[-119.703652, 39.239117], [-119.703679, 39.239106], [-119.703747, 39.239089], [-119.703857, 39.239083], [-119.703913, 39.239074], [-119.703933, 39.239064], [-119.703942, 39.239053], [-119.703967, 39.239033], [-119.703997, 39.239005], [-119.704013, 39.238983], [-119.704026, 39.238919]]}, "props": {"MTFCC": "S1400", "NAME": null}}, {"geom": {"type": "LineString", "coordinates": [[-119.812355, 39.201897], [-119.81234, 39.201843], [-119.812325, 39.201817], [-119.812325, 39.201792], [-119.812317, 39.201775], [-119.812317, 39.201572], [-119.81234, 39.201294], [-119.812317, 39.200943], [-119.812294, 39.200756], [-119.812233, 39.200546], [-119.81218, 39.200462], [-119.812141, 39.200382], [-119.81206, 39.200273], [-119.812042, 39.20026], [-119.812012, 39.200211], [-119.811894, 39.200145], [-119.811536, 39.19979], [-119.81134, 39.19965], [-119.811211, 39.199585], [-119.811035, 39.199497], [-119.810638, 39.199341], [-119.810303, 39.199249], [-119.810059, 39.19915], [-119.809738, 39.19901], [-119.809525, 39.19893], [-119.809219, 39.198835], [-119.807724, 39.198311], [-119.807449, 39.198223], [-119.80722, 39.198135], [-119.806737, 39.197934], [-119.806704, 39.197919], [-119.806534, 39.197838], [-119.806374, 39.197746], [-119.806152, 39.197598], [-119.806075, 39.19755], [-119.806023, 39.197517], [-119.805313, 39.197021], [-119.803293, 39.195576], [-119.801849, 39.194702], [-119.801239, 39.194225], [-119.80024, 39.19323], [-119.800102, 39.193123], [-119.799835, 39.192947], [-119.799309, 39.192581], [-119.799126, 39.192432], [-119.798973, 39.192268], [-119.798584, 39.19178], [-119.79818, 39.19125], [-119.797615, 39.190453], [-119.797562, 39.190346], [-119.797546, 39.190289], [-119.797537, 39.190164], [-119.797531, 39.19009], [-119.79754, 39.189714], [-119.797569, 39.188953], [-119.79749, 39.188959], [-119.797066, 39.188961], [-119.796303, 39.188972], [-119.7948, 39.188999], [-119.79454, 39.188999], [-119.794093, 39.189017], [-119.790746, 39.189065], [-119.78845, 39.189081], [-119.788157, 39.189077], [-119.78802, 39.189087], [-119.787697, 39.189087], [-119.786727, 39.189085], [-119.786194, 39.189098], [-119.78524, 39.18911], [-119.785088, 39.189106], [-119.784904, 39.189102], [-119.784866, 39.189095], [-119.784569, 39.189102], [-119.784386, 39.189098], [-119.784332, 39.189083], [-119.784286, 39.189064], [-119.784264, 39.189045]]}, "props": {"MTFCC": "S1400", "NAME": null}}, {"geom": {"type": "LineString", "coordinates": [[-119.798866, 39.211552], [-119.79879, 39.211497]]}, "props": {"MTFCC": "S1400", "NAME": null}}, {"geom": {"type": "LineString", "coordinates": [[-119.804123, 39.206284], [-119.804088, 39.206279], [-119.803925, 39.206288], [-119.803799, 39.206311], [-119.803688, 39.206342], [-119.803647, 39.20635], [-119.803399, 39.206423], [-119.803298, 39.206437], [-119.80317, 39.206445], [-119.803132, 39.206441], [-119.803063, 39.206445], [-119.803009, 39.206437], [-119.802849, 39.206429]]}, "props": {"MTFCC": "S1400", "NAME": null}}, {"geom": {"type": "LineString", "coordinates": [[-119.784011, 39.208319], [-119.784274, 39.208538], [-119.784954, 39.208938], [-119.785181, 39.209082], [-119.785456, 39.20925], [-119.785638, 39.209369], [-119.786012, 39.209601], [-119.786112, 39.209685], [-119.786161, 39.209751], [-119.786282, 39.20996], [-119.786328, 39.210101], [-119.786318, 39.210352], [-119.786261, 39.210638], [-119.786189, 39.210914], [-119.786154, 39.21107], [-119.786136, 39.211187], [-119.786125, 39.211404], [-119.786163, 39.211573], [-119.786234, 39.211609], [-119.786318, 39.21163], [-119.78643, 39.21164], [-119.787306, 39.211779]]}, "props": {"MTFCC": "S1500", "NAME": null}}, {"geom": {"type": "LineString", "coordinates": [[-119.773798, 39.198418], [-119.773865, 39.198632], [-119.773963, 39.198841], [-119.77416, 39.199026], [-119.774443, 39.199099], [-119.774885, 39.199284], [-119.775095, 39.199469], [-119.775905, 39.200132], [-119.778376, 39.202209], [-119.77888, 39.202578], [-119.779114, 39.202726], [-119.779471, 39.202886], [-119.779778, 39.203132], [-119.779947, 39.203355], [-119.780014, 39.203445], [-119.780075, 39.203545], [-119.780106, 39.203613], [-119.780128, 39.203777], [-119.780128, 39.204365], [-119.78019, 39.205306], [-119.780192, 39.205368], [-119.780331, 39.205996], [-119.780555, 39.206652], [-119.780701, 39.206891], [-119.780925, 39.207091], [-119.781209, 39.207259], [-119.781474, 39.207368], [-119.781729, 39.207447], [-119.782036, 39.207499], [-119.7825, 39.207615], [-119.782863, 39.207691], [-119.783066, 39.207774], [-119.783309, 39.207855], [-119.784011, 39.208319]]}, "props": {"MTFCC": "S1400", "NAME": null}}, {"geom": {"type": "LineString", "coordinates": [[-119.759679, 39.100156], [-119.75952, 39.10023], [-119.758082, 39.100895], [-119.757988, 39.100923], [-119.757898, 39.100938], [-119.757393, 39.100956], [-119.757135, 39.100963], [-119.757039, 39.100981], [-119.756948, 39.101012], [-119.75686, 39.101061], [-119.756793, 39.101117], [-119.756745, 39.101177], [-119.75671, 39.101241], [-119.756689, 39.101324], [-119.756692, 39.10202], [-119.7567, 39.10272]]}, "props": {"MTFCC": "S1400", "NAME": null}}, {"geom": {"type": "LineString", "coordinates": [[-119.779343, 39.173336], [-119.779347, 39.173957], [-119.779376, 39.174103], [-119.779366, 39.175159]]}, "props": {"MTFCC": "S1400", "NAME": null}}, {"geom": {"type": "LineString", "coordinates": [[-119.753928, 39.124784], [-119.753931, 39.124881]]}, "props": {"MTFCC": "S1400", "NAME": null}}, {"geom": {"type": "LineString", "coordinates": [[-119.760765, 39.145088], [-119.760765, 39.144363], [-119.760765, 39.143265]]}, "props": {"MTFCC": "S1400", "NAME": null}}, {"geom": {"type": "LineString", "coordinates": [[-119.603215, 39.11226], [-119.602699, 39.11262], [-119.602234, 39.113146], [-119.601884, 39.113518], [-119.601497, 39.113951], [-119.601268, 39.114506], [-119.601118, 39.11506], [-119.600811, 39.115584], [-119.60066, 39.116046], [-119.600747, 39.116659], [-119.600831, 39.116996], [-119.600846, 39.118009], [-119.600967, 39.118254], [-119.601293, 39.118988], [-119.60134, 39.119509], [-119.601235, 39.120401], [-119.601124, 39.120893], [-119.600579, 39.121389], [-119.599797, 39.121826], [-119.599254, 39.122444], [-119.599063, 39.122845], [-119.599068, 39.123244], [-119.598998, 39.123828], [-119.599003, 39.124166], [-119.599047, 39.124473], [-119.598958, 39.124938], [-119.59901, 39.125455], [-119.599018, 39.125973], [-119.599201, 39.126385], [-119.599294, 39.126712], [-119.599077, 39.127059], [-119.598817, 39.127389], [-119.598578, 39.127736], [-119.598295, 39.128066], [-119.597991, 39.128465], [-119.59786, 39.128621], [-119.5974, 39.12897], [-119.597138, 39.129197], [-119.597033, 39.129611], [-119.596688, 39.130287], [-119.596538, 39.13065], [-119.596434, 39.131083], [-119.596309, 39.131653], [-119.596137, 39.131965], [-119.5959, 39.132432], [-119.595572, 39.132728], [-119.595391, 39.133247], [-119.59513, 39.133594], [-119.594737, 39.13396], [-119.594365, 39.134274], [-119.594036, 39.134483], [-119.593687, 39.134831], [-119.593029, 39.13532], [-119.592878, 39.135597], [-119.592707, 39.136047], [-119.592783, 39.136155], [-119.592911, 39.136338], [-119.593202, 39.136577], [-119.59347, 39.136696], [-119.593802, 39.136727], [-119.594114, 39.136828], [-119.594493, 39.136997], [-119.594826, 39.137115], [-119.595025, 39.137096], [-119.5954, 39.136938], [-119.595729, 39.136728], [-119.596015, 39.136622], [-119.596115, 39.136506], [-119.596211, 39.136396], [-119.596473, 39.136152], [-119.59687, 39.136011], [-119.597289, 39.135921], [-119.597668, 39.136073], [-119.597892, 39.136226], [-119.598134, 39.136155], [-119.598486, 39.136014], [-119.598816, 39.135804], [-119.599077, 39.135526], [-119.599118, 39.135301], [-119.599184, 39.135232], [-119.599601, 39.135004], [-119.599709, 39.134796], [-119.600414, 39.134514], [-119.600632, 39.134305], [-119.600784, 39.134114], [-119.601068, 39.133836], [-119.601714, 39.132918]]}, "props": {"MTFCC": "S1500", "NAME": null}}, {"geom": {"type": "LineString", "coordinates": [[-119.695489, 39.192295], [-119.695416, 39.192212], [-119.69365, 39.190183], [-119.693638, 39.190163], [-119.693558, 39.19002], [-119.693461, 39.189862], [-119.693398, 39.189662], [-119.693434, 39.189497], [-119.693515, 39.189315], [-119.693695, 39.189172], [-119.693973, 39.189067], [-119.694444, 39.188901], [-119.69462, 39.188811], [-119.694762, 39.188668], [-119.694852, 39.188486], [-119.694877, 39.187769], [-119.694866, 39.18559]]}, "props": {"MTFCC": "S1400", "NAME": null}}, {"geom": {"type": "LineString", "coordinates": [[-119.785764, 39.18], [-119.785969, 39.179888], [-119.786141, 39.179814], [-119.786326, 39.179778], [-119.786639, 39.179777], [-119.7877, 39.179767]]}, "props": {"MTFCC": "S1400", "NAME": null}}, {"geom": {"type": "LineString", "coordinates": [[-119.786687, 39.185833], [-119.786665, 39.185088], [-119.786636, 39.184835], [-119.786501, 39.184347], [-119.786521, 39.183937], [-119.786652, 39.183511], [-119.786664, 39.183397], [-119.78666, 39.183155], [-119.786621, 39.182841], [-119.786519, 39.18219], [-119.78653, 39.182009], [-119.786648, 39.181245], [-119.786643, 39.180517], [-119.786639, 39.179777]]}, "props": {"MTFCC": "S1400", "NAME": null}}, {"geom": {"type": "LineString", "coordinates": [[-119.775749, 39.181004], [-119.775742, 39.180046], [-119.775742, 39.179375], [-119.775734, 39.179169]]}, "props": {"MTFCC": "S1400", "NAME": null}}, {"geom": {"type": "LineString", "coordinates": [[-119.794203, 39.165112], [-119.794119, 39.165068], [-119.794079, 39.165051], [-119.794033, 39.165049], [-119.793993, 39.165052], [-119.793863, 39.16509], [-119.793732, 39.165146], [-119.793708, 39.165187], [-119.7937, 39.165238], [-119.793706, 39.165267], [-119.793717, 39.165283], [-119.793747, 39.165307], [-119.793803, 39.165328], [-119.793976, 39.165324], [-119.794065, 39.165306], [-119.794145, 39.165283], [-119.79419, 39.165252], [-119.79422, 39.165196], [-119.794219, 39.165143], [-119.794203, 39.165112]]}, "props": {"MTFCC": "S1400", "NAME": null}}, {"geom": {"type": "LineString", "coordinates": [[-119.79187, 39.173668], [-119.791832, 39.173393], [-119.79171, 39.172699], [-119.791695, 39.172573], [-119.791664, 39.172478], [-119.791641, 39.172443], [-119.791588, 39.172405], [-119.791489, 39.17239], [-119.790916, 39.172382], [-119.79068, 39.172371], [-119.789764, 39.172356], [-119.78933, 39.17234], [-119.789261, 39.172363], [-119.789238, 39.172392], [-119.789222, 39.172443], [-119.789238, 39.172464], [-119.789223, 39.172704], [-119.789192, 39.173588]]}, "props": {"MTFCC": "S1400", "NAME": null}}, {"geom": {"type": "LineString", "coordinates": [[-119.787781, 39.169312], [-119.787758, 39.171185]]}, "props": {"MTFCC": "S1400", "NAME": null}}, {"geom": {"type": "LineString", "coordinates": [[-119.772766, 39.201321], [-119.773155, 39.201321], [-119.77404, 39.201324], [-119.774918, 39.201321], [-119.77581, 39.201321], [-119.776406, 39.201321], [-119.776505, 39.201332], [-119.77655, 39.201351], [-119.776627, 39.201405], [-119.776665, 39.201469], [-119.77668, 39.201611], [-119.776672, 39.201874], [-119.77668, 39.202343], [-119.776672, 39.202885]]}, "props": {"MTFCC": "S1400", "NAME": null}}, {"geom": {"type": "LineString", "coordinates": [[-119.771649, 39.194104], [-119.771632, 39.192787]]}, "props": {"MTFCC": "S1500", "NAME": null}}, {"geom": {"type": "LineString", "coordinates": [[-119.771649, 39.194104], [-119.771674, 39.194194]]}, "props": {"MTFCC": "S1400", "NAME": null}}, {"geom": {"type": "LineString", "coordinates": [[-119.75608, 39.206255], [-119.755928, 39.206264], [-119.755745, 39.206257], [-119.7556, 39.206257], [-119.755449, 39.206278], [-119.755295, 39.206314], [-119.755234, 39.206341], [-119.755211, 39.20636], [-119.755096, 39.206417], [-119.754951, 39.206493], [-119.753922, 39.207058], [-119.753769, 39.20713], [-119.753601, 39.207184], [-119.753372, 39.207176], [-119.753265, 39.207142], [-119.753143, 39.207081], [-119.753044, 39.206993], [-119.752739, 39.20665], [-119.752714, 39.206627], [-119.752556, 39.206516], [-119.752373, 39.206467], [-119.75209, 39.206459], [-119.75113, 39.206467], [-119.749794, 39.20647], [-119.747665, 39.20647], [-119.74749, 39.206467]]}, "props": {"MTFCC": "S1400", "NAME": null}}, {"geom": {"type": "LineString", "coordinates": [[-119.754608, 39.204556], [-119.754592, 39.204728], [-119.754585, 39.204807], [-119.754555, 39.204967], [-119.754456, 39.205231], [-119.75441, 39.205452], [-119.754417, 39.205551], [-119.754478, 39.205704], [-119.754616, 39.205879], [-119.754791, 39.206081], [-119.754967, 39.206264], [-119.755096, 39.206417], [-119.755605, 39.207024], [-119.755707, 39.20747]]}, "props": {"MTFCC": "S1400", "NAME": null}}, {"geom": {"type": "LineString", "coordinates": [[-119.757767, 39.21431], [-119.757543, 39.21407], [-119.757335, 39.213814], [-119.757271, 39.213654], [-119.757255, 39.213558]]}, "props": {"MTFCC": "S1400", "NAME": null}}, {"geom": {"type": "LineString", "coordinates": [[-119.757767, 39.21431], [-119.757591, 39.214278], [-119.757111, 39.214374], [-119.756679, 39.21431], [-119.756519, 39.214214], [-119.756503, 39.214166], [-119.756487, 39.214054], [-119.756887, 39.213718], [-119.757255, 39.213558]]}, "props": {"MTFCC": "S1400", "NAME": null}}, {"geom": {"type": "LineString", "coordinates": [[-119.765639, 39.196876], [-119.765633, 39.196468], [-119.765656, 39.196154], [-119.765656, 39.195644], [-119.76564, 39.195591], [-119.765625, 39.195564], [-119.765541, 39.195511], [-119.765442, 39.195499], [-119.765305, 39.195507], [-119.765251, 39.195522], [-119.765182, 39.195564], [-119.765144, 39.195625], [-119.765137, 39.195686], [-119.765144, 39.196064], [-119.765152, 39.196083], [-119.765144, 39.196117], [-119.765144, 39.196407], [-119.765099, 39.196514], [-119.765099, 39.196537], [-119.765099, 39.196598], [-119.765152, 39.19672], [-119.765152, 39.196872], [-119.765152, 39.197296], [-119.765175, 39.197334], [-119.765221, 39.197357], [-119.765266, 39.197369], [-119.765539, 39.197351], [-119.765785, 39.197334], [-119.765785, 39.197098], [-119.765747, 39.197021], [-119.765678, 39.19696], [-119.76564, 39.196941], [-119.765639, 39.196876]]}, "props": {"MTFCC": "S1400", "NAME": null}}, {"geom": {"type": "LineString", "coordinates": [[-119.744911, 39.204575], [-119.744911, 39.204765], [-119.744919, 39.204926], [-119.744911, 39.205116], [-119.744919, 39.2052], [-119.744911, 39.20549], [-119.744919, 39.205597], [-119.744911, 39.205872], [-119.744919, 39.205959], [-119.744904, 39.206017], [-119.744881, 39.206051], [-119.74482, 39.2061], [-119.744751, 39.206123], [-119.742744, 39.206127]]}, "props": {"MTFCC": "S1400", "NAME": null}}, {"geom": {"type": "LineString", "coordinates": [[-119.760406, 39.187616], [-119.759839, 39.187636], [-119.759628, 39.187644], [-119.759433, 39.187696], [-119.759102, 39.187809], [-119.759057, 39.187839], [-119.759072, 39.188929], [-119.75907, 39.189013]]}, "props": {"MTFCC": "S1400", "NAME": null}}, {"geom": {"type": "LineString", "coordinates": [[-119.767311, 39.180897], [-119.767166, 39.180962], [-119.767059, 39.18103], [-119.766955, 39.181127], [-119.766823, 39.18129], [-119.766693, 39.181465], [-119.765945, 39.18227], [-119.765753, 39.182461], [-119.765602, 39.18261], [-119.764787, 39.183453], [-119.764287, 39.18397], [-119.763781, 39.184462], [-119.763626, 39.184633], [-119.763522, 39.184739], [-119.762383, 39.185894], [-119.76226, 39.186024], [-119.762192, 39.186081], [-119.761818, 39.18647], [-119.761194, 39.187099], [-119.761003, 39.187305], [-119.760782, 39.187516], [-119.76071, 39.187583], [-119.760575, 39.187621], [-119.760406, 39.187616]]}, "props": {"MTFCC": "S1400", "NAME": null}}, {"geom": {"type": "LineString", "coordinates": [[-119.773796, 39.178448], [-119.773796, 39.176941], [-119.773804, 39.175568]]}, "props": {"MTFCC": "S1400", "NAME": null}}, {"geom": {"type": "LineString", "coordinates": [[-119.761696, 39.145084], [-119.761673, 39.144123], [-119.761673, 39.143585], [-119.761681, 39.143269]]}, "props": {"MTFCC": "S1400", "NAME": null}}, {"geom": {"type": "LineString", "coordinates": [[-119.757904, 39.14257], [-119.758278, 39.142574], [-119.762299, 39.142582], [-119.762375, 39.14257], [-119.762493, 39.142526], [-119.762582, 39.142458], [-119.762626, 39.142371], [-119.76263, 39.142186], [-119.762625, 39.141885]]}, "props": {"MTFCC": "S1400", "NAME": null}}, {"geom": {"type": "LineString", "coordinates": [[-119.757149, 39.141521], [-119.757027, 39.141479], [-119.756927, 39.141453], [-119.756851, 39.141438], [-119.756546, 39.141434]]}, "props": {"MTFCC": "S1400", "NAME": null}}, {"geom": {"type": "LineString", "coordinates": [[-119.768755, 39.13749], [-119.769061, 39.137523]]}, "props": {"MTFCC": "S1400", "NAME": null}}, {"geom": {"type": "LineString", "coordinates": [[-119.743312, 39.176048], [-119.74344, 39.175969], [-119.743662, 39.17593]]}, "props": {"MTFCC": "S1400", "NAME": null}}, {"geom": {"type": "LineString", "coordinates": [[-119.773908, 39.135768], [-119.773615, 39.13571], [-119.772786, 39.135708], [-119.772428, 39.135709], [-119.771714, 39.135714], [-119.771264, 39.135714], [-119.770841, 39.135715], [-119.770393, 39.135715]]}, "props": {"MTFCC": "S1400", "NAME": null}}, {"geom": {"type": "LineString", "coordinates": [[-119.773593, 39.139641], [-119.773556, 39.139562], [-119.773515, 39.13946], [-119.773502, 39.139414], [-119.773504, 39.139345], [-119.773503, 39.13929], [-119.773511, 39.13924], [-119.773521, 39.139191]]}, "props": {"MTFCC": "S1400", "NAME": null}}, {"geom": {"type": "LineString", "coordinates": [[-119.772153, 39.133886], [-119.770308, 39.133872], [-119.769867, 39.133869], [-119.769691, 39.133862], [-119.769524, 39.133854], [-119.769417, 39.133865], [-119.769289, 39.133864], [-119.767102, 39.133851], [-119.766789, 39.13385], [-119.766754, 39.13385], [-119.76585, 39.133847], [-119.764201, 39.133844], [-119.763512, 39.133842], [-119.7631, 39.133839], [-119.762459, 39.13385], [-119.761345, 39.13385], [-119.761261, 39.133842], [-119.761189, 39.133841], [-119.760033, 39.133839], [-119.758865, 39.133835], [-119.758362, 39.133827], [-119.7577, 39.133827], [-119.756474, 39.133826], [-119.755379, 39.13382], [-119.754246, 39.133819], [-119.753387, 39.133814], [-119.751824, 39.133814], [-119.751004, 39.133807], [-119.750725, 39.133804], [-119.748795, 39.133793], [-119.746885, 39.13379], [-119.746621, 39.133789], [-119.746407, 39.133789], [-119.746201, 39.133774], [-119.746094, 39.133759], [-119.746017, 39.133759], [-119.74412, 39.133783], [-119.74356, 39.133784], [-119.743092, 39.133784], [-119.74079, 39.133788], [-119.739789, 39.133789]]}, "props": {"MTFCC": "S1400", "NAME": null}}, {"geom": {"type": "LineString", "coordinates": [[-119.740512, 39.085049], [-119.740491, 39.085105], [-119.740417, 39.085326], [-119.740338, 39.085481], [-119.740187, 39.085726], [-119.740027, 39.085966], [-119.739888, 39.086125], [-119.739743, 39.086251], [-119.739581, 39.08636], [-119.739347, 39.086497], [-119.739, 39.086621], [-119.738854, 39.0867], [-119.738264, 39.08693], [-119.737972, 39.087007], [-119.73789, 39.087018], [-119.737805, 39.087062], [-119.737771, 39.08709], [-119.737643, 39.087165], [-119.737502, 39.08724], [-119.737348, 39.087282], [-119.737008, 39.087312], [-119.736913, 39.087313], [-119.736801, 39.087328], [-119.736725, 39.087389], [-119.736619, 39.087501], [-119.736497, 39.08768], [-119.736383, 39.087822], [-119.736157, 39.087999], [-119.735935, 39.088122], [-119.735674, 39.088225], [-119.735508, 39.088304], [-119.735118, 39.088469], [-119.734857, 39.088542], [-119.734711, 39.088617], [-119.734611, 39.088816], [-119.734544, 39.088918], [-119.734352, 39.089067], [-119.734088, 39.089208], [-119.733857, 39.089344], [-119.733631, 39.089487], [-119.733392, 39.089611], [-119.733161, 39.089704], [-119.732891, 39.08979], [-119.732634, 39.08986], [-119.732367, 39.089916], [-119.732045, 39.089973], [-119.731817, 39.089999], [-119.731615, 39.090011], [-119.731513, 39.09004], [-119.73141, 39.090121], [-119.73118, 39.090473], [-119.731062, 39.090609], [-119.730897, 39.090749], [-119.730459, 39.091027], [-119.730351, 39.091104], [-119.729988, 39.091394], [-119.729853, 39.091575], [-119.729395, 39.09209], [-119.729348, 39.092148], [-119.729328, 39.092172], [-119.729214, 39.092249], [-119.729066, 39.092331], [-119.728935, 39.092435], [-119.72881, 39.092544], [-119.728743, 39.092652], [-119.728604, 39.092941], [-119.728499, 39.093084], [-119.728452, 39.093148], [-119.728299, 39.093306], [-119.727709, 39.093801], [-119.727591, 39.093936], [-119.727512, 39.094058], [-119.727457, 39.094175], [-119.727436, 39.09435], [-119.727383, 39.095323], [-119.727357, 39.095467], [-119.727291, 39.095651], [-119.727277, 39.095905], [-119.726545, 39.095911]]}, "props": {"MTFCC": "S1500", "NAME": null}}, {"geom": {"type": "LineString", "coordinates": [[-119.767512, 39.136514], [-119.767519, 39.136079], [-119.7675, 39.135752], [-119.767455, 39.135725], [-119.766874, 39.135717]]}, "props": {"MTFCC": "S1400", "NAME": null}}, {"geom": {"type": "LineString", "coordinates": [[-119.767439, 39.134036], [-119.767231, 39.13561]]}, "props": {"MTFCC": "S1400", "NAME": null}}, {"geom": {"type": "LineString", "coordinates": [[-119.761238, 39.139734], [-119.761249, 39.13892], [-119.760438, 39.138517]]}, "props": {"MTFCC": "S1400", "NAME": null}}, {"geom": {"type": "LineString", "coordinates": [[-119.76215, 39.129883], [-119.762614, 39.129885], [-119.763495, 39.129888]]}, "props": {"MTFCC": "S1400", "NAME": null}}, {"geom": {"type": "LineString", "coordinates": [[-119.768461, 39.139103], [-119.768362, 39.139098], [-119.768288, 39.139103], [-119.768214, 39.139107], [-119.768138, 39.139102], [-119.76806, 39.1391], [-119.767981, 39.139102], [-119.7679, 39.139103], [-119.767819, 39.139103], [-119.767737, 39.139103], [-119.767654, 39.139098], [-119.767568, 39.139098], [-119.767455, 39.139092], [-119.767389, 39.139091]]}, "props": {"MTFCC": "S1400", "NAME": null}}, {"geom": {"type": "LineString", "coordinates": [[-119.76881, 39.13718], [-119.768715, 39.137174], [-119.768647, 39.137175], [-119.768574, 39.137173], [-119.768501, 39.137172], [-119.768431, 39.137174], [-119.76836, 39.137175], [-119.768289, 39.137175], [-119.768181, 39.137176], [-119.768108, 39.137178], [-119.768034, 39.137182], [-119.767962, 39.137188], [-119.767889, 39.137204], [-119.76782, 39.137223], [-119.767756, 39.137239], [-119.76767, 39.137245], [-119.76761, 39.137258], [-119.767538, 39.137267], [-119.767455, 39.137276], [-119.767379, 39.137287], [-119.767302, 39.137285], [-119.767226, 39.137284], [-119.767149, 39.137282], [-119.766949, 39.137235], [-119.766871, 39.137238], [-119.766788, 39.137239], [-119.766706, 39.13724], [-119.766575, 39.137244], [-119.766439, 39.137254], [-119.766306, 39.137256], [-119.766227, 39.137255], [-119.766165, 39.137265]]}, "props": {"MTFCC": "S1400", "NAME": null}}, {"geom": {"type": "LineString", "coordinates": [[-119.738474, 39.20823], [-119.738466, 39.207532], [-119.737628, 39.20753], [-119.735279, 39.207523], [-119.734356, 39.207545]]}, "props": {"MTFCC": "S1400", "NAME": null}}, {"geom": {"type": "LineString", "coordinates": [[-119.753487, 39.202763], [-119.753174, 39.203121], [-119.753036, 39.203308], [-119.753014, 39.203369], [-119.752975, 39.203438], [-119.752937, 39.203617], [-119.75293, 39.203899]]}, "props": {"MTFCC": "S1400", "NAME": null}}, {"geom": {"type": "LineString", "coordinates": [[-119.763959, 39.225526], [-119.764405, 39.225746], [-119.766359, 39.226416], [-119.766843, 39.226586], [-119.767182, 39.226961], [-119.767727, 39.227228], [-119.76803, 39.227361], [-119.768236, 39.22747], [-119.768381, 39.227494], [-119.768708, 39.22747], [-119.768877, 39.227337], [-119.769798, 39.22678], [-119.770573, 39.226344], [-119.770873, 39.226368]]}, "props": {"MTFCC": "S1400", "NAME": null}}, {"geom": {"type": "LineString", "coordinates": [[-119.766998, 39.161282], [-119.766144, 39.161285], [-119.765327, 39.161289], [-119.764488, 39.161297], [-119.763824, 39.161301], [-119.763718, 39.161293], [-119.76357, 39.161293], [-119.761993, 39.161293], [-119.761131, 39.161297], [-119.760259, 39.161294], [-119.759956, 39.161301], [-119.759315, 39.161297], [-119.759155, 39.161304], [-119.758759, 39.161304], [-119.757279, 39.161308], [-119.756424, 39.161308], [-119.755753, 39.161312], [-119.755536, 39.161312], [-119.754883, 39.161312], [-119.753075, 39.16132], [-119.752697, 39.161319], [-119.751988, 39.161316], [-119.751724, 39.161316], [-119.751144, 39.161308], [-119.750938, 39.161301], [-119.750427, 39.161293], [-119.750343, 39.161285], [-119.750137, 39.161285], [-119.749962, 39.161278], [-119.749184, 39.161282], [-119.745462, 39.161303], [-119.743028, 39.161303], [-119.742315, 39.161352], [-119.741707, 39.161463], [-119.740477, 39.161764], [-119.740138, 39.161846], [-119.738898, 39.162151], [-119.73754, 39.162483], [-119.737005, 39.162643], [-119.73644, 39.16276], [-119.736028, 39.162803], [-119.735438, 39.162772], [-119.734915, 39.162643], [-119.734442, 39.162409], [-119.73365, 39.161846], [-119.733223, 39.161549], [-119.73304, 39.161438], [-119.732933, 39.161385], [-119.732674, 39.161274], [-119.732445, 39.161205], [-119.732208, 39.161148], [-119.732048, 39.161121], [-119.731644, 39.161087], [-119.7304, 39.161037], [-119.730255, 39.161026], [-119.729187, 39.160992], [-119.727867, 39.160934], [-119.727501, 39.160938], [-119.727371, 39.160915], [-119.723885, 39.160782], [-119.7239, 39.160633], [-119.7239, 39.160419], [-119.723976, 39.159473], [-119.724014, 39.159199], [-119.724136, 39.158684], [-119.724297, 39.158249], [-119.724388, 39.158047], [-119.724716, 39.157459], [-119.724922, 39.157139], [-119.725077, 39.156889], [-119.726268, 39.154983], [-119.72651, 39.154591], [-119.726761, 39.154186], [-119.726959, 39.153839], [-119.727066, 39.153595], [-119.727158, 39.15321], [-119.727173, 39.153], [-119.727165, 39.152946], [-119.727159, 39.152778], [-119.727158, 39.152714], [-119.727127, 39.152592], [-119.727119, 39.152527], [-119.727104, 39.1525], [-119.727104, 39.152477], [-119.727066, 39.152347], [-119.727043, 39.152267], [-119.726906, 39.151966], [-119.726776, 39.151768], [-119.726662, 39.151623], [-119.726608, 39.151566], [-119.726593, 39.151543], [-119.726006, 39.150945], [-119.724398, 39.149311], [-119.722405, 39.147287], [-119.720932, 39.145794], [-119.720802, 39.145668], [-119.720688, 39.145546], [-119.720627, 39.145493], [-119.720421, 39.145271], [-119.720078, 39.144928], [-119.719917, 39.144768], [-119.719428, 39.144267], [-119.71931, 39.144151], [-119.719199, 39.14404], [-119.718773, 39.14362], [-119.718506, 39.14341], [-119.718254, 39.143246], [-119.718079, 39.14315], [-119.717651, 39.142967], [-119.717384, 39.142872], [-119.717102, 39.142803], [-119.71669, 39.142727], [-119.716339, 39.142707], [-119.714953, 39.142696], [-119.714424, 39.142696], [-119.713643, 39.142682], [-119.712278, 39.142692], [-119.711768, 39.142696], [-119.708754, 39.142703], [-119.708063, 39.142654], [-119.707371, 39.142575], [-119.707097, 39.142528], [-119.706451, 39.142369], [-119.706215, 39.142325]]}, "props": {"MTFCC": "S1200", "NAME": null}}, {"geom": {"type": "LineString", "coordinates": [[-119.706215, 39.142325], [-119.706451, 39.142369], [-119.707097, 39.142528], [-119.707371, 39.142575], [-119.708063, 39.142654], [-119.708754, 39.142703], [-119.711768, 39.142696], [-119.712278, 39.142692], [-119.713643, 39.142682], [-119.714424, 39.142696], [-119.714953, 39.142696], [-119.716339, 39.142707], [-119.71669, 39.142727], [-119.717102, 39.142803], [-119.717384, 39.142872], [-119.717651, 39.142967], [-119.718079, 39.14315], [-119.718254, 39.143246], [-119.718506, 39.14341], [-119.718773, 39.14362], [-119.719199, 39.14404], [-119.71931, 39.144151], [-119.719428, 39.144267], [-119.719917, 39.144768], [-119.720078, 39.144928], [-119.720421, 39.145271], [-119.720627, 39.145493], [-119.720688, 39.145546], [-119.720802, 39.145668], [-119.720932, 39.145794], [-119.722405, 39.147287], [-119.724398, 39.149311], [-119.726006, 39.150945], [-119.726593, 39.151543], [-119.726608, 39.151566], [-119.726662, 39.151623], [-119.726776, 39.151768], [-119.726906, 39.151966], [-119.727043, 39.152267], [-119.727066, 39.152347], [-119.727104, 39.152477], [-119.727104, 39.1525], [-119.727119, 39.152527], [-119.727127, 39.152592], [-119.727158, 39.152714], [-119.727159, 39.152778], [-119.727165, 39.152946], [-119.727173, 39.153], [-119.727158, 39.15321], [-119.727066, 39.153595], [-119.726959, 39.153839], [-119.726761, 39.154186], [-119.72651, 39.154591], [-119.726268, 39.154983], [-119.725077, 39.156889], [-119.724922, 39.157139], [-119.724716, 39.157459], [-119.724388, 39.158047], [-119.724297, 39.158249], [-119.724136, 39.158684], [-119.724014, 39.159199], [-119.723976, 39.159473], [-119.7239, 39.160419], [-119.7239, 39.160633], [-119.723885, 39.160782]]}, "props": {"MTFCC": "S1200", "NAME": null}}, {"geom": {"type": "LineString", "coordinates": [[-119.831905, 39.121476], [-119.831865, 39.120881], [-119.831796, 39.120356], [-119.830801, 39.119004], [-119.829539, 39.117198], [-119.828924, 39.11626], [-119.828549, 39.115209], [-119.828527, 39.114748]]}, "props": {"MTFCC": "S1400", "NAME": null}}, {"geom": {"type": "LineString", "coordinates": [[-119.740736, 39.143792], [-119.740757, 39.144133]]}, "props": {"MTFCC": "S1400", "NAME": null}}, {"geom": {"type": "LineString", "coordinates": [[-119.839366, 39.129963], [-119.839823, 39.132132], [-119.839572, 39.132838], [-119.838682, 39.134098], [-119.838454, 39.134723], [-119.838351, 39.135116], [-119.838279, 39.135389], [-119.838037, 39.135838], [-119.8372, 39.136899], [-119.83599, 39.137688], [-119.83527, 39.138191], [-119.834657, 39.138716], [-119.834062, 39.139313]]}, "props": {"MTFCC": "S1400", "NAME": null}}, {"geom": {"type": "LineString", "coordinates": [[-119.771492, 39.117031], [-119.770828, 39.117016], [-119.770548, 39.116994]]}, "props": {"MTFCC": "S1400", "NAME": null}}, {"geom": {"type": "LineString", "coordinates": [[-119.773104, 39.113959], [-119.773088, 39.114048], [-119.772942, 39.114861], [-119.772913, 39.115049], [-119.772874, 39.115298], [-119.772846, 39.115457], [-119.772614, 39.116787], [-119.77243, 39.117836], [-119.772377, 39.118172], [-119.772343, 39.118345]]}, "props": {"MTFCC": "S1200", "NAME": null}}, {"geom": {"type": "LineString", "coordinates": [[-119.89481, 39.153459], [-119.894323, 39.153669], [-119.893766, 39.153717], [-119.893419, 39.153679], [-119.893068, 39.153546], [-119.892322, 39.153278], [-119.892054, 39.153177], [-119.891921, 39.153137], [-119.891654, 39.153099], [-119.891632, 39.153306], [-119.891797, 39.153635], [-119.891831, 39.154007], [-119.891782, 39.154236], [-119.89183, 39.154323], [-119.891919, 39.154482], [-119.892134, 39.154625], [-119.892297, 39.154789], [-119.892432, 39.154932], [-119.892249, 39.155079], [-119.891744, 39.155064], [-119.891291, 39.155007], [-119.891064, 39.154955], [-119.890944, 39.154928], [-119.890647, 39.154704], [-119.89059, 39.154456], [-119.890292, 39.154149], [-119.889887, 39.153843], [-119.889322, 39.153456], [-119.889052, 39.153211], [-119.888782, 39.153027], [-119.888618, 39.152781], [-119.888457, 39.152659], [-119.888166, 39.152745], [-119.888118, 39.153014], [-119.888259, 39.153468], [-119.888268, 39.153944], [-119.888222, 39.154317], [-119.888202, 39.15471], [-119.88813, 39.155125], [-119.888083, 39.155477], [-119.88801, 39.155809], [-119.887809, 39.156432], [-119.887821, 39.157115], [-119.887878, 39.157321], [-119.887962, 39.157527], [-119.888043, 39.15763], [-119.887645, 39.157634], [-119.887423, 39.157582], [-119.887138, 39.157516], [-119.886605, 39.157481], [-119.886315, 39.157608], [-119.886212, 39.157539]]}, "props": {"MTFCC": "S1500", "NAME": null}}, {"geom": {"type": "LineString", "coordinates": [[-119.763229, 39.186333], [-119.763237, 39.186825]]}, "props": {"MTFCC": "S1400", "NAME": null}}, {"geom": {"type": "LineString", "coordinates": [[-119.773133, 39.117242], [-119.773118, 39.117421], [-119.77311, 39.117437], [-119.773126, 39.117521], [-119.773173, 39.117584], [-119.77321, 39.117604], [-119.773289, 39.117635], [-119.773413, 39.117636], [-119.773759, 39.117608], [-119.773851, 39.117596], [-119.773973, 39.117596], [-119.774025, 39.117609], [-119.774118, 39.117642], [-119.774265, 39.117634], [-119.774378, 39.117635], [-119.774577, 39.117733], [-119.774561, 39.117762], [-119.77453, 39.118039], [-119.77439, 39.118127], [-119.774339, 39.118207], [-119.77421, 39.118396], [-119.774169, 39.118462], [-119.77414, 39.118573]]}, "props": {"MTFCC": "S1400", "NAME": null}}, {"geom": {"type": "LineString", "coordinates": [[-119.771812, 39.17408], [-119.771812, 39.173698], [-119.77182, 39.173565], [-119.771812, 39.17337]]}, "props": {"MTFCC": "S1400", "NAME": null}}, {"geom": {"type": "LineString", "coordinates": [[-119.776991, 39.118864], [-119.777297, 39.118812], [-119.777373, 39.119159], [-119.777348, 39.119622], [-119.777477, 39.119936], [-119.777938, 39.120092], [-119.778967, 39.120071], [-119.780049, 39.120263], [-119.781266, 39.121012], [-119.782686, 39.122231], [-119.783389, 39.122735], [-119.784306, 39.123699]]}, "props": {"MTFCC": "S1400", "NAME": null}}, {"geom": {"type": "LineString", "coordinates": [[-119.715569, 39.18808], [-119.715569, 39.187691], [-119.715599, 39.187599], [-119.715645, 39.187542], [-119.715714, 39.187492], [-119.715889, 39.187401], [-119.716011, 39.187332], [-119.716133, 39.187271], [-119.716156, 39.187279], [-119.716349, 39.187168], [-119.71637, 39.18716], [-119.716365, 39.187142], [-119.716385, 39.187126], [-119.716461, 39.187088], [-119.71656, 39.187023], [-119.716606, 39.187012]]}, "props": {"MTFCC": "S1400", "NAME": null}}, {"geom": {"type": "LineString", "coordinates": [[-119.731705, 39.190159], [-119.732567, 39.19017], [-119.733147, 39.190163], [-119.73323, 39.190163], [-119.733775, 39.190163], [-119.736008, 39.190158], [-119.738159, 39.190136], [-119.741302, 39.190159], [-119.741634, 39.190209]]}, "props": {"MTFCC": "S1400", "NAME": null}}, {"geom": {"type": "LineString", "coordinates": [[-119.742592, 39.1828], [-119.741951, 39.182816], [-119.741043, 39.182819], [-119.740837, 39.182816], [-119.739969, 39.182809], [-119.739804, 39.182809], [-119.739664, 39.18281], [-119.73912, 39.182812], [-119.738463, 39.182812], [-119.737373, 39.182816], [-119.736977, 39.182819], [-119.736801, 39.182827], [-119.736206, 39.182823], [-119.734856, 39.182812], [-119.733269, 39.182819], [-119.731705, 39.182781], [-119.731285, 39.182781], [-119.730965, 39.182777], [-119.730324, 39.182777], [-119.729187, 39.18277], [-119.729034, 39.182762], [-119.728027, 39.182762], [-119.726852, 39.182758], [-119.726052, 39.182758], [-119.725487, 39.182758], [-119.724556, 39.182751], [-119.72447, 39.18275], [-119.724393, 39.182753], [-119.724283, 39.182757], [-119.724099, 39.182764], [-119.723878, 39.182765], [-119.723313, 39.182762], [-119.722466, 39.18274], [-119.721748, 39.182751], [-119.721611, 39.182735], [-119.721062, 39.182728], [-119.720985, 39.182732], [-119.719729, 39.18272], [-119.71965, 39.182716], [-119.719582, 39.182701], [-119.71949, 39.182655], [-119.719414, 39.182598], [-119.71936, 39.182526], [-119.719238, 39.182426], [-119.71917, 39.18232]]}, "props": {"MTFCC": "S1400", "NAME": null}}, {"geom": {"type": "LineString", "coordinates": [[-119.734863, 39.179192], [-119.734863, 39.179367], [-119.734871, 39.17955], [-119.734871, 39.180225], [-119.734856, 39.182812], [-119.734915, 39.182922], [-119.734904, 39.185152]]}, "props": {"MTFCC": "S1400", "NAME": null}}, {"geom": {"type": "LineString", "coordinates": [[-119.748718, 39.142769], [-119.74868, 39.142857], [-119.748657, 39.142975], [-119.748657, 39.143781], [-119.748665, 39.144093], [-119.748634, 39.144211], [-119.748619, 39.144241], [-119.748528, 39.144333], [-119.748375, 39.144455], [-119.748062, 39.144691], [-119.748024, 39.14473], [-119.747864, 39.144855], [-119.747803, 39.144947], [-119.74778, 39.145042], [-119.74778, 39.145333], [-119.74778, 39.145588], [-119.747772, 39.145687], [-119.74778, 39.146084], [-119.74778, 39.146412], [-119.747757, 39.146515]]}, "props": {"MTFCC": "S1400", "NAME": null}}, {"geom": {"type": "LineString", "coordinates": [[-119.749542, 39.142818], [-119.749535, 39.14296], [-119.749542, 39.14328], [-119.749542, 39.144268], [-119.74955, 39.144348], [-119.749611, 39.144466], [-119.749695, 39.14455], [-119.749817, 39.144634]]}, "props": {"MTFCC": "S1400", "NAME": null}}, {"geom": {"type": "LineString", "coordinates": [[-119.682256, 39.209226], [-119.684063, 39.207647], [-119.684279, 39.207464], [-119.685761, 39.205702], [-119.685846, 39.205603], [-119.686641, 39.204322], [-119.68675, 39.20401], [-119.686861, 39.203813], [-119.687005, 39.203582], [-119.687116, 39.203384], [-119.687398, 39.202629], [-119.687422, 39.20244], [-119.687427, 39.2024], [-119.687626, 39.201923], [-119.687908, 39.200902], [-119.688182, 39.199973], [-119.688415, 39.199462], [-119.688503, 39.199269], [-119.688644, 39.198937], [-119.688922, 39.198357], [-119.689261, 39.19773], [-119.690331, 39.196108], [-119.690863, 39.195569], [-119.692658, 39.193966], [-119.693001, 39.193736], [-119.693932, 39.193092], [-119.694058, 39.193005], [-119.694946, 39.192548], [-119.695489, 39.192295], [-119.696209, 39.191939], [-119.696884, 39.191616], [-119.697212, 39.19149], [-119.697476, 39.191377], [-119.697785, 39.191245], [-119.698036, 39.191143], [-119.698402, 39.190979], [-119.698891, 39.190773], [-119.699638, 39.190468], [-119.700012, 39.190308], [-119.700829, 39.189972], [-119.701378, 39.189739], [-119.702606, 39.189232], [-119.703766, 39.188744], [-119.704697, 39.188362], [-119.704857, 39.188286], [-119.704984, 39.188234], [-119.706352, 39.187675], [-119.706421, 39.187641], [-119.707062, 39.187374], [-119.707626, 39.187141], [-119.708984, 39.186569], [-119.709282, 39.186455], [-119.709564, 39.186329], [-119.709637, 39.186304], [-119.709686, 39.186287], [-119.709923, 39.18618], [-119.710495, 39.18594], [-119.710686, 39.185867], [-119.711166, 39.185658], [-119.711723, 39.185429], [-119.712715, 39.185017], [-119.714124, 39.184429], [-119.714449, 39.184294], [-119.714691, 39.184193], [-119.715424, 39.183891], [-119.716917, 39.18326], [-119.717202, 39.183142], [-119.718406, 39.182645], [-119.71917, 39.18232], [-119.723279, 39.180613], [-119.723595, 39.18047], [-119.723957, 39.180318], [-119.724747, 39.179993], [-119.725014, 39.179874], [-119.726028, 39.179455], [-119.726189, 39.179398], [-119.72625, 39.179379], [-119.727211, 39.17897], [-119.727341, 39.178925], [-119.728617, 39.178388], [-119.729419, 39.178051], [-119.729494, 39.178019], [-119.729998, 39.177807], [-119.730103, 39.177769], [-119.730774, 39.17749], [-119.730874, 39.177442], [-119.731407, 39.177219], [-119.731781, 39.177071], [-119.731987, 39.177002], [-119.732268, 39.17689], [-119.732544, 39.176788], [-119.73278, 39.176723], [-119.733231, 39.17659], [-119.735348, 39.176059], [-119.736478, 39.175787], [-119.737328, 39.175574], [-119.737952, 39.175411], [-119.739296, 39.17506]]}, "props": {"MTFCC": "S1200", "NAME": null}}, {"geom": {"type": "LineString", "coordinates": [[-119.674834, 39.171047], [-119.674867, 39.17108], [-119.675404, 39.17127], [-119.675664, 39.171324], [-119.675974, 39.171445], [-119.676056, 39.171528], [-119.675842, 39.172024], [-119.675702, 39.172157], [-119.675708, 39.172421], [-119.67584, 39.172586], [-119.675987, 39.172671], [-119.676279, 39.172742], [-119.676523, 39.17278], [-119.676522, 39.172859], [-119.676616, 39.173], [-119.676583, 39.173078], [-119.676519, 39.173157], [-119.676405, 39.173235], [-119.67626, 39.173281], [-119.676081, 39.17331], [-119.675936, 39.173388], [-119.675902, 39.173545], [-119.675996, 39.173734], [-119.676138, 39.173875], [-119.676312, 39.173983], [-119.677129, 39.175066], [-119.677159, 39.175238], [-119.677188, 39.175505], [-119.677105, 39.175725], [-119.676991, 39.175914], [-119.676924, 39.17615], [-119.676778, 39.176227], [-119.6766, 39.176368], [-119.676374, 39.176445], [-119.676277, 39.176539], [-119.676274, 39.176743]]}, "props": {"MTFCC": "S1400", "NAME": null}}, {"geom": {"type": "LineString", "coordinates": [[-119.938087, 39.128378], [-119.938072, 39.128754], [-119.937321, 39.129067], [-119.936819, 39.129216], [-119.9362, 39.129241], [-119.935535, 39.129284], [-119.935173, 39.129538], [-119.934723, 39.12999], [-119.934157, 39.130408], [-119.933679, 39.130574], [-119.933185, 39.130493], [-119.933173, 39.130491], [-119.932664, 39.130264], [-119.932358, 39.129893], [-119.932095, 39.129324], [-119.931766, 39.128935], [-119.93123, 39.128772]]}, "props": {"MTFCC": "S1500", "NAME": null}}, {"geom": {"type": "LineString", "coordinates": [[-119.815458, 39.153392], [-119.815657, 39.15366], [-119.816232, 39.154201], [-119.816488, 39.15435], [-119.816743, 39.154423], [-119.817018, 39.154511], [-119.817156, 39.154601], [-119.817275, 39.154736], [-119.817258, 39.154858], [-119.817217, 39.154879], [-119.81689, 39.155044], [-119.816658, 39.155153], [-119.816504, 39.155276], [-119.81639, 39.15546], [-119.816221, 39.15578], [-119.81605, 39.156071], [-119.816014, 39.156268], [-119.816017, 39.156435], [-119.816061, 39.156708], [-119.816201, 39.156904], [-119.816283, 39.157101], [-119.816363, 39.157267], [-119.816563, 39.157538], [-119.816761, 39.157673], [-119.81682, 39.157718], [-119.816895, 39.157535], [-119.816892, 39.157383], [-119.816927, 39.157155], [-119.817001, 39.156911], [-119.817036, 39.156698], [-119.817072, 39.156515], [-119.817147, 39.156348], [-119.817281, 39.156209], [-119.817551, 39.156009], [-119.817726, 39.155977], [-119.81794, 39.155944], [-119.818095, 39.155882], [-119.818392, 39.156167], [-119.818415, 39.156364], [-119.818477, 39.156561], [-119.818539, 39.156728], [-119.818581, 39.15694], [-119.818701, 39.15706], [-119.818839, 39.15715], [-119.818976, 39.157209], [-119.819171, 39.157207], [-119.819502, 39.157188], [-119.819813, 39.157094], [-119.820104, 39.157], [-119.820357, 39.156951], [-119.820648, 39.156903], [-119.821059, 39.156959], [-119.821195, 39.156942], [-119.821429, 39.156925], [-119.821663, 39.156922], [-119.821838, 39.156875], [-119.821953, 39.156752], [-119.822087, 39.15666], [-119.822553, 39.156503], [-119.822746, 39.156379], [-119.822899, 39.156226], [-119.823092, 39.156087], [-119.823324, 39.155978], [-119.823713, 39.155929], [-119.824006, 39.155925], [-119.824358, 39.155982], [-119.824671, 39.15604], [-119.824905, 39.156053], [-119.825158, 39.156019], [-119.825623, 39.155847], [-119.825817, 39.155785], [-119.826109, 39.155766], [-119.826421, 39.155763], [-119.826773, 39.155774], [-119.827361, 39.155966], [-119.827616, 39.156039], [-119.827931, 39.156218], [-119.828461, 39.156379], [-119.828911, 39.156481], [-119.829186, 39.156569], [-119.829421, 39.156657], [-119.829655, 39.156655], [-119.829752, 39.156578], [-119.829828, 39.156486], [-119.83006, 39.156347], [-119.830471, 39.156433], [-119.83059, 39.156584], [-119.83075, 39.156765], [-119.83099, 39.157096], [-119.831052, 39.157323], [-119.830704, 39.157509], [-119.830511, 39.157602], [-119.830181, 39.157727], [-119.829851, 39.157807], [-119.829425, 39.157994], [-119.829233, 39.158117], [-119.829119, 39.158285], [-119.829044, 39.158484], [-119.829048, 39.158696], [-119.829169, 39.158923], [-119.829249, 39.159043], [-119.829428, 39.159239], [-119.829529, 39.15945], [-119.829688, 39.159631], [-119.830412, 39.159714], [-119.830724, 39.159741], [-119.831174, 39.159812], [-119.831545, 39.159824], [-119.831839, 39.159881], [-119.832035, 39.15997], [-119.832448, 39.160178], [-119.832606, 39.160268], [-119.833158, 39.160611], [-119.833377, 39.160837], [-119.83383, 39.16109], [-119.834145, 39.161254], [-119.834439, 39.161342], [-119.834968, 39.161442], [-119.835301, 39.16153], [-119.835574, 39.161557], [-119.835961, 39.161356], [-119.836173, 39.161232], [-119.836407, 39.161214], [-119.837109, 39.161207], [-119.837519, 39.161217], [-119.837753, 39.1612], [-119.838045, 39.161166], [-119.838375, 39.161072], [-119.838548, 39.160948], [-119.838782, 39.16093], [-119.838899, 39.160944], [-119.839795, 39.160859], [-119.840088, 39.160871], [-119.840379, 39.160822], [-119.840631, 39.160728], [-119.840824, 39.160574], [-119.841094, 39.160404], [-119.841441, 39.160203], [-119.841925, 39.15997], [-119.842235, 39.159845], [-119.842448, 39.159797], [-119.842799, 39.159763], [-119.843053, 39.159806], [-119.843211, 39.159911], [-119.843428, 39.160015], [-119.843819, 39.160071], [-119.843953, 39.159963], [-119.843942, 39.159341], [-119.844348, 39.159139], [-119.844541, 39.159016], [-119.844557, 39.158833], [-119.844457, 39.158667], [-119.844453, 39.15847], [-119.844627, 39.158346], [-119.844898, 39.158268], [-119.845286, 39.158112], [-119.845399, 39.157913], [-119.845434, 39.15767], [-119.845431, 39.157518], [-119.845467, 39.157365], [-119.845621, 39.157242], [-119.846164, 39.157054], [-119.846438, 39.157082], [-119.846789, 39.157108], [-119.8471, 39.157029], [-119.847371, 39.156904], [-119.847641, 39.15675], [-119.847912, 39.15664], [-119.848184, 39.156561], [-119.848416, 39.156483], [-119.848766, 39.156403], [-119.849097, 39.156339], [-119.849407, 39.15626], [-119.849718, 39.156211], [-119.85001, 39.156132], [-119.850126, 39.156085], [-119.850164, 39.156054]]}, "props": {"MTFCC": "S1500", "NAME": null}}, {"geom": {"type": "LineString", "coordinates": [[-119.805084, 39.157047], [-119.805138, 39.157219], [-119.805196, 39.15747], [-119.805199, 39.157494], [-119.805199, 39.157791], [-119.805153, 39.158115], [-119.805092, 39.158413], [-119.805069, 39.158489], [-119.805046, 39.158756], [-119.805038, 39.158783], [-119.805031, 39.15885], [-119.805023, 39.158867], [-119.805016, 39.158947], [-119.804962, 39.159157], [-119.804909, 39.159252], [-119.804832, 39.159351], [-119.804756, 39.159435], [-119.804695, 39.159485], [-119.804649, 39.159538], [-119.804543, 39.159637], [-119.804321, 39.159843], [-119.803902, 39.160248], [-119.803604, 39.160526], [-119.80349, 39.160618], [-119.803291, 39.160801], [-119.803269, 39.160807], [-119.803085, 39.160973], [-119.803062, 39.160999], [-119.803078, 39.161012], [-119.803024, 39.161076], [-119.802925, 39.161163]]}, "props": {"MTFCC": "S1400", "NAME": null}}, {"geom": {"type": "LineString", "coordinates": [[-119.734474, 39.173046], [-119.734657, 39.173092], [-119.734994, 39.173115], [-119.735688, 39.173123], [-119.736014, 39.173115], [-119.736353, 39.173122], [-119.737031, 39.17313], [-119.737904, 39.17314]]}, "props": {"MTFCC": "S1400", "NAME": null}}, {"geom": {"type": "LineString", "coordinates": [[-119.805664, 39.206837], [-119.805725, 39.206944], [-119.805832, 39.207081], [-119.805946, 39.207161], [-119.806162, 39.207238], [-119.806396, 39.207272], [-119.806473, 39.207272], [-119.806678, 39.207287], [-119.80677, 39.207294], [-119.806969, 39.207329], [-119.807014, 39.207344], [-119.80706, 39.207371], [-119.807137, 39.207401], [-119.807327, 39.207504], [-119.807762, 39.20771], [-119.807938, 39.207775], [-119.80809, 39.20779], [-119.808205, 39.207787], [-119.808399, 39.207753], [-119.808594, 39.207699], [-119.808678, 39.207687], [-119.808754, 39.207699], [-119.808838, 39.207706], [-119.808884, 39.207722], [-119.809036, 39.20779], [-119.809097, 39.207823], [-119.809341, 39.207939], [-119.809471, 39.20797], [-119.809566, 39.207977], [-119.810099, 39.207985], [-119.810303, 39.207993], [-119.810538, 39.207996], [-119.812851, 39.207996], [-119.813087, 39.207989], [-119.814072, 39.208], [-119.81469, 39.208], [-119.81514, 39.208008], [-119.815254, 39.208004], [-119.815381, 39.207956]]}, "props": {"MTFCC": "S1400", "NAME": null}}, {"geom": {"type": "LineString", "coordinates": [[-119.727463, 39.18639], [-119.727463, 39.188194], [-119.727455, 39.188358], [-119.727455, 39.18877], [-119.72747, 39.188915], [-119.727509, 39.188999], [-119.727592, 39.189095], [-119.727722, 39.189178], [-119.727844, 39.18922], [-119.728165, 39.189308]]}, "props": {"MTFCC": "S1400", "NAME": null}}, {"geom": {"type": "LineString", "coordinates": [[-119.730825, 39.179727], [-119.729534, 39.17974], [-119.72888, 39.179739]]}, "props": {"MTFCC": "S1740", "NAME": null}}, {"geom": {"type": "LineString", "coordinates": [[-119.716266, 39.17982], [-119.716285, 39.17875], [-119.716325, 39.178526], [-119.716559, 39.178053], [-119.717181, 39.17765], [-119.717667, 39.177319], [-119.717802, 39.177206], [-119.717991, 39.177025], [-119.718215, 39.1768], [-119.718397, 39.176622], [-119.718503, 39.176508], [-119.718559, 39.176435], [-119.718572, 39.176162], [-119.718573, 39.175861], [-119.718581, 39.175615], [-119.718574, 39.175418], [-119.718547, 39.175253], [-119.71849, 39.175102], [-119.718366, 39.174918], [-119.718037, 39.174511], [-119.717839, 39.17429], [-119.717687, 39.174174]]}, "props": {"MTFCC": "S1400", "NAME": null}}, {"geom": {"type": "LineString", "coordinates": [[-119.796311, 39.162296], [-119.796233, 39.162379], [-119.796128, 39.162463], [-119.79601, 39.162536], [-119.795898, 39.162593], [-119.795676, 39.162708], [-119.795601, 39.162729], [-119.795522, 39.162736], [-119.795448, 39.16273], [-119.795372, 39.162711], [-119.795299, 39.162676], [-119.795268, 39.162653]]}, "props": {"MTFCC": "S1400", "NAME": null}}, {"geom": {"type": "LineString", "coordinates": [[-119.773179, 39.140655], [-119.77317, 39.140563], [-119.773139, 39.140506], [-119.77311, 39.140459], [-119.77308, 39.140402], [-119.773054, 39.140341], [-119.773027, 39.140295], [-119.772967, 39.140278]]}, "props": {"MTFCC": "S1750", "NAME": null}}, {"geom": {"type": "LineString", "coordinates": [[-119.766937, 39.171982], [-119.765381, 39.171978], [-119.764145, 39.171978], [-119.764104, 39.171978], [-119.764023, 39.171978], [-119.762695, 39.17197], [-119.761063, 39.17197], [-119.759666, 39.171959], [-119.758995, 39.171959], [-119.757996, 39.171952], [-119.756633, 39.171943]]}, "props": {"MTFCC": "S1400", "NAME": null}}, {"geom": {"type": "LineString", "coordinates": [[-119.774392, 39.11855], [-119.77443, 39.11847], [-119.774522, 39.11839], [-119.77456, 39.118375]]}, "props": {"MTFCC": "S1740", "NAME": null}}, {"geom": {"type": "LineString", "coordinates": [[-119.756628, 39.157371], [-119.756681, 39.156349], [-119.756731, 39.156257], [-119.75697, 39.156025], [-119.756961, 39.15591], [-119.756989, 39.154499], [-119.757001, 39.154339], [-119.757065, 39.154229]]}, "props": {"MTFCC": "S1400", "NAME": null}}, {"geom": {"type": "LineString", "coordinates": [[-119.755455, 39.155598], [-119.756092, 39.155601]]}, "props": {"MTFCC": "S1400", "NAME": null}}, {"geom": {"type": "LineString", "coordinates": [[-119.762718, 39.146515], [-119.762711, 39.14666], [-119.762718, 39.146763], [-119.762718, 39.149155], [-119.762718, 39.149837], [-119.762733, 39.149925], [-119.762749, 39.150005], [-119.762741, 39.150074], [-119.762741, 39.150806], [-119.762749, 39.150841], [-119.762756, 39.151337], [-119.762749, 39.151417], [-119.762756, 39.151932], [-119.762764, 39.152011], [-119.762764, 39.152122], [-119.762749, 39.152252], [-119.762711, 39.152367], [-119.762642, 39.152515], [-119.762573, 39.152618], [-119.762482, 39.152729], [-119.762367, 39.152836], [-119.762655, 39.153149], [-119.762711, 39.153326], [-119.76272, 39.153594], [-119.762738, 39.154101], [-119.762748, 39.154789], [-119.76275, 39.154927], [-119.76275, 39.155623], [-119.762749, 39.157364]]}, "props": {"MTFCC": "S1400", "NAME": null}}, {"geom": {"type": "LineString", "coordinates": [[-119.74958, 39.209259], [-119.749397, 39.209232], [-119.748924, 39.209095], [-119.748726, 39.209061], [-119.748558, 39.209045], [-119.747276, 39.209049], [-119.747154, 39.209034], [-119.746933, 39.208958], [-119.746811, 39.208889], [-119.746712, 39.208809]]}, "props": {"MTFCC": "S1400", "NAME": null}}, {"geom": {"type": "LineString", "coordinates": [[-119.752373, 39.154335], [-119.752579, 39.154592], [-119.752654, 39.154679], [-119.752692, 39.15478], [-119.752714, 39.154868], [-119.75269, 39.156319], [-119.752686, 39.156971], [-119.752693, 39.157352]]}, "props": {"MTFCC": "S1400", "NAME": null}}, {"geom": {"type": "LineString", "coordinates": [[-119.727264, 39.177868], [-119.726196, 39.178139], [-119.725845, 39.178238], [-119.725037, 39.17844], [-119.724861, 39.178493], [-119.724747, 39.178516], [-119.724532, 39.178572], [-119.724083, 39.178688], [-119.723961, 39.178711], [-119.723801, 39.178703], [-119.723201, 39.178712], [-119.722347, 39.178704], [-119.721399, 39.178698], [-119.72082, 39.178709]]}, "props": {"MTFCC": "S1400", "NAME": null}}, {"geom": {"type": "LineString", "coordinates": [[-119.571887, 39.152164], [-119.572132, 39.150778], [-119.57238, 39.150491], [-119.572771, 39.150119], [-119.572771, 39.149909], [-119.57259, 39.149259], [-119.572609, 39.148839], [-119.572924, 39.14862], [-119.573125, 39.148113], [-119.573048, 39.147655], [-119.572762, 39.147512], [-119.57232, 39.147441], [-119.572196, 39.147269], [-119.572148, 39.147248], [-119.572091, 39.147198], [-119.572015, 39.147076], [-119.572019, 39.146899], [-119.572158, 39.146529], [-119.572119, 39.146359], [-119.572136, 39.146371], [-119.572165, 39.146318], [-119.57216, 39.146179], [-119.572046, 39.145828]]}, "props": {"MTFCC": "S1500", "NAME": null}}, {"geom": {"type": "LineString", "coordinates": [[-119.791467, 39.16375], [-119.79172, 39.163662], [-119.791906, 39.163566], [-119.792147, 39.163431], [-119.79246, 39.16331], [-119.792756, 39.163255], [-119.793113, 39.1632], [-119.79339, 39.163131]]}, "props": {"MTFCC": "S1400", "NAME": null}}, {"geom": {"type": "LineString", "coordinates": [[-119.768555, 39.190018], [-119.768521, 39.190416]]}, "props": {"MTFCC": "S1400", "NAME": null}}, {"geom": {"type": "LineString", "coordinates": [[-119.593924, 39.192091], [-119.593903, 39.1921], [-119.593574, 39.192017], [-119.593197, 39.191969], [-119.59293, 39.191919], [-119.592631, 39.191922], [-119.592077, 39.191944], [-119.591876, 39.191842], [-119.591496, 39.191552], [-119.591315, 39.19133], [-119.591135, 39.191142], [-119.590889, 39.191006], [-119.590709, 39.1908], [-119.590462, 39.190578], [-119.589796, 39.190498], [-119.589462, 39.190363], [-119.589262, 39.190313], [-119.588929, 39.190316], [-119.588887, 39.190437], [-119.588495, 39.19094], [-119.588372, 39.191219], [-119.588299, 39.191384], [-119.588207, 39.191549], [-119.588106, 39.191696], [-119.588116, 39.19198], [-119.588125, 39.192228], [-119.588088, 39.192484], [-119.588047, 39.192851], [-119.588033, 39.193112], [-119.587987, 39.193351], [-119.587941, 39.193502], [-119.587896, 39.193617], [-119.587776, 39.193772], [-119.587662, 39.193892], [-119.587506, 39.194038], [-119.587272, 39.194125], [-119.586961, 39.194171], [-119.586796, 39.194226], [-119.586534, 39.194318], [-119.586296, 39.194446], [-119.586039, 39.194593], [-119.585815, 39.194707], [-119.585654, 39.194785], [-119.585457, 39.194822], [-119.585242, 39.194845], [-119.585022, 39.194854], [-119.584797, 39.194859], [-119.584536, 39.194827], [-119.584357, 39.194799], [-119.584137, 39.194762], [-119.584004, 39.194689], [-119.583835, 39.194597], [-119.583661, 39.194497], [-119.583486, 39.194382], [-119.583367, 39.194322], [-119.583221, 39.194318], [-119.583037, 39.194364], [-119.5829, 39.194396], [-119.582698, 39.194405], [-119.582565, 39.19435], [-119.582437, 39.194277], [-119.582295, 39.194217], [-119.582153, 39.194167], [-119.582093, 39.194107], [-119.582075, 39.193985]]}, "props": {"MTFCC": "S1500", "NAME": null}}, {"geom": {"type": "LineString", "coordinates": [[-119.914561, 39.112765], [-119.914559, 39.112805], [-119.914392, 39.11336], [-119.914221, 39.113708], [-119.914272, 39.114087], [-119.914146, 39.114435], [-119.913884, 39.114679], [-119.913667, 39.114924], [-119.913405, 39.115134], [-119.913274, 39.115274], [-119.913102, 39.115552], [-119.913285, 39.115827], [-119.913733, 39.116064], [-119.914226, 39.116334], [-119.914231, 39.116611], [-119.914797, 39.117096], [-119.914907, 39.117191], [-119.915179, 39.117499], [-119.915318, 39.117808], [-119.915235, 39.11812], [-119.914937, 39.11878], [-119.914991, 39.119263], [-119.915175, 39.119607], [-119.915357, 39.119881], [-119.91545, 39.120088], [-119.915458, 39.120502], [-119.915374, 39.120745], [-119.915074, 39.121336], [-119.91477, 39.121685], [-119.91451, 39.122034], [-119.914292, 39.122209], [-119.913988, 39.122558], [-119.913502, 39.122667], [-119.913373, 39.122732], [-119.91315, 39.122844], [-119.912844, 39.123055], [-119.912403, 39.123233], [-119.912229, 39.123412], [-119.911861, 39.123845], [-119.911652, 39.124108], [-119.911488, 39.124361], [-119.911318, 39.124507], [-119.911054, 39.124648], [-119.910873, 39.124731], [-119.910749, 39.124802], [-119.909869, 39.125224], [-119.909314, 39.125354], [-119.909053, 39.125606], [-119.908689, 39.126024], [-119.908564, 39.12646], [-119.908546, 39.126915], [-119.908324, 39.127849], [-119.908096, 39.12841], [-119.907947, 39.12895], [-119.907773, 39.129635], [-119.907671, 39.129864], [-119.907252, 39.130158], [-119.906882, 39.130287], [-119.906434, 39.130478], [-119.90604, 39.13071], [-119.905624, 39.131232], [-119.905604, 39.131543], [-119.905535, 39.132144], [-119.905354, 39.132374], [-119.905037, 39.132501], [-119.904721, 39.13265], [-119.90451, 39.132756], [-119.904299, 39.13282], [-119.90406, 39.132802], [-119.903899, 39.132721], [-119.903792, 39.132702], [-119.903633, 39.132704], [-119.903475, 39.132788], [-119.903508, 39.13316], [-119.903572, 39.133739], [-119.903081, 39.13449], [-119.902904, 39.134967], [-119.902621, 39.135447], [-119.902363, 39.135863], [-119.902211, 39.136279], [-119.902192, 39.136673], [-119.902277, 39.136941], [-119.90244, 39.137146], [-119.902391, 39.137353], [-119.902155, 39.137563], [-119.900452, 39.138844], [-119.900169, 39.139344], [-119.898802, 39.141574], [-119.898048, 39.142472], [-119.897892, 39.14264], [-119.897628, 39.142767], [-119.897578, 39.142912], [-119.897341, 39.143039], [-119.897238, 39.143185], [-119.89708, 39.143291], [-119.896922, 39.143375], [-119.896846, 39.143562], [-119.896824, 39.14379], [-119.896695, 39.144019], [-119.896672, 39.144114], [-119.896596, 39.144434], [-119.89644, 39.144622], [-119.896258, 39.14481], [-119.896076, 39.145019], [-119.895894, 39.145249], [-119.895712, 39.145458], [-119.895584, 39.145708], [-119.895483, 39.14602], [-119.895435, 39.146268], [-119.895385, 39.146455], [-119.895418, 39.146827], [-119.89537, 39.147097], [-119.895215, 39.147326], [-119.894774, 39.147931], [-119.894673, 39.148181], [-119.894597, 39.148389], [-119.894602, 39.148658], [-119.894559, 39.149196], [-119.894596, 39.149796], [-119.894553, 39.150293], [-119.894563, 39.150852], [-119.894626, 39.151389], [-119.894663, 39.151927], [-119.894627, 39.1529], [-119.894713, 39.15323], [-119.89481, 39.153459]]}, "props": {"MTFCC": "S1500", "NAME": null}}, {"geom": {"type": "LineString", "coordinates": [[-119.786335, 39.113895], [-119.786518, 39.114055], [-119.787055, 39.114178]]}, "props": {"MTFCC": "S1400", "NAME": null}}, {"geom": {"type": "LineString", "coordinates": [[-119.758919, 39.119377], [-119.758881, 39.119442], [-119.758865, 39.119488], [-119.75885, 39.119595], [-119.758856, 39.121171]]}, "props": {"MTFCC": "S1400", "NAME": null}}, {"geom": {"type": "LineString", "coordinates": [[-119.770434, 39.11937], [-119.771169, 39.119367], [-119.771216, 39.119364], [-119.771247, 39.119358], [-119.771265, 39.119349], [-119.771302, 39.119327], [-119.771349, 39.11928], [-119.771816, 39.118662], [-119.771841, 39.118618], [-119.771882, 39.118489]]}, "props": {"MTFCC": "S1400", "NAME": null}}, {"geom": {"type": "LineString", "coordinates": [[-119.770434, 39.11937], [-119.769328, 39.119366], [-119.768144, 39.119356], [-119.767133, 39.119357], [-119.764579, 39.119359], [-119.763512, 39.119354], [-119.762633, 39.119372], [-119.761665, 39.119355]]}, "props": {"MTFCC": "S1400", "NAME": null}}, {"geom": {"type": "LineString", "coordinates": [[-119.768144, 39.119356], [-119.768131, 39.118759], [-119.767992, 39.118256], [-119.767991, 39.117625]]}, "props": {"MTFCC": "S1400", "NAME": null}}, {"geom": {"type": "LineString", "coordinates": [[-119.759032, 39.115358], [-119.75969, 39.115618], [-119.760521, 39.115947], [-119.760778, 39.116058], [-119.76093, 39.116126], [-119.76116, 39.116043], [-119.761243, 39.115868]]}, "props": {"MTFCC": "S1400", "NAME": null}}, {"geom": {"type": "LineString", "coordinates": [[-119.759027, 39.116621], [-119.759542, 39.116779], [-119.759665, 39.116799], [-119.760239, 39.116794]]}, "props": {"MTFCC": "S1400", "NAME": null}}, {"geom": {"type": "LineString", "coordinates": [[-119.749681, 39.106874], [-119.751068, 39.106876], [-119.75177, 39.106884], [-119.752557, 39.106882], [-119.754668, 39.10685], [-119.75511, 39.10689], [-119.755544, 39.106995], [-119.756098, 39.107204], [-119.756235, 39.107284], [-119.757782, 39.108176], [-119.757809, 39.108192], [-119.758243, 39.108409], [-119.758548, 39.108569], [-119.758918, 39.10865], [-119.759344, 39.108674], [-119.759791, 39.108704], [-119.759818, 39.108704], [-119.761023, 39.108714], [-119.761213, 39.108727]]}, "props": {"MTFCC": "S1400", "NAME": null}}, {"geom": {"type": "LineString", "coordinates": [[-119.76159, 39.116446], [-119.762498, 39.116768], [-119.762698, 39.11684], [-119.762924, 39.116986]]}, "props": {"MTFCC": "S1400", "NAME": null}}, {"geom": {"type": "LineString", "coordinates": [[-119.752441, 39.14739], [-119.752441, 39.147846]]}, "props": {"MTFCC": "S1400", "NAME": null}}, {"geom": {"type": "LineString", "coordinates": [[-119.764893, 39.192509], [-119.764854, 39.192535], [-119.764618, 39.192543], [-119.761887, 39.192535], [-119.761821, 39.192517], [-119.761803, 39.192505]]}, "props": {"MTFCC": "S1400", "NAME": null}}, {"geom": {"type": "LineString", "coordinates": [[-119.763144, 39.179091], [-119.763138, 39.178642], [-119.763145, 39.178078]]}, "props": {"MTFCC": "S1400", "NAME": null}}, {"geom": {"type": "LineString", "coordinates": [[-119.753143, 39.182282], [-119.753135, 39.183733]]}, "props": {"MTFCC": "S1400", "NAME": null}}, {"geom": {"type": "LineString", "coordinates": [[-119.765381, 39.176216], [-119.76403, 39.176216], [-119.762689, 39.176208]]}, "props": {"MTFCC": "S1400", "NAME": null}}, {"geom": {"type": "LineString", "coordinates": [[-119.746804, 39.181458], [-119.746866, 39.181601], [-119.747092, 39.181799], [-119.747321, 39.181999], [-119.747868, 39.18243], [-119.74841, 39.182881], [-119.748977, 39.18331], [-119.749583, 39.183788], [-119.750126, 39.184233], [-119.750714, 39.184703], [-119.751293, 39.185173], [-119.751417, 39.185267], [-119.751553, 39.185343], [-119.751664, 39.185384], [-119.751775, 39.185411], [-119.751909, 39.185431], [-119.752083, 39.185439], [-119.752542, 39.185435], [-119.753894, 39.185425], [-119.754341, 39.185429], [-119.754763, 39.185432]]}, "props": {"MTFCC": "S1400", "NAME": null}}, {"geom": {"type": "LineString", "coordinates": [[-119.749209, 39.184937], [-119.750126, 39.184233], [-119.750912, 39.183655]]}, "props": {"MTFCC": "S1400", "NAME": null}}, {"geom": {"type": "LineString", "coordinates": [[-119.738267, 39.179194], [-119.738267, 39.179945]]}, "props": {"MTFCC": "S1400", "NAME": null}}, {"geom": {"type": "LineString", "coordinates": [[-119.748314, 39.175053], [-119.748329, 39.175423], [-119.748322, 39.175564], [-119.748329, 39.175644], [-119.748322, 39.175856], [-119.748322, 39.176987], [-119.748314, 39.177132], [-119.748291, 39.177185], [-119.748245, 39.177254], [-119.748184, 39.177303], [-119.748053, 39.177369], [-119.747261, 39.177708], [-119.747215, 39.177731], [-119.746956, 39.177837], [-119.746391, 39.178078], [-119.745811, 39.178329], [-119.745728, 39.17836]]}, "props": {"MTFCC": "S1400", "NAME": null}}, {"geom": {"type": "LineString", "coordinates": [[-119.733809, 39.185577], [-119.734427, 39.185585]]}, "props": {"MTFCC": "S1400", "NAME": null}}, {"geom": {"type": "LineString", "coordinates": [[-119.734435, 39.186374], [-119.734427, 39.185585]]}, "props": {"MTFCC": "S1400", "NAME": null}}, {"geom": {"type": "LineString", "coordinates": [[-119.736237, 39.187954], [-119.736093, 39.187902], [-119.736076, 39.187214]]}, "props": {"MTFCC": "S1400", "NAME": null}}, {"geom": {"type": "LineString", "coordinates": [[-119.736092, 39.186455], [-119.736097, 39.18634], [-119.736112, 39.186171], [-119.736115, 39.185688], [-119.736206, 39.185421], [-119.736214, 39.183331], [-119.736206, 39.182823]]}, "props": {"MTFCC": "S1400", "NAME": null}}, {"geom": {"type": "LineString", "coordinates": [[-119.731804, 39.17226], [-119.732697, 39.17226], [-119.733574, 39.172264], [-119.734589, 39.172268]]}, "props": {"MTFCC": "S1400", "NAME": null}}, {"geom": {"type": "LineString", "coordinates": [[-119.732697, 39.17226], [-119.732704, 39.172386], [-119.732658, 39.172665], [-119.732628, 39.172756], [-119.732544, 39.172913], [-119.732414, 39.173088], [-119.7323, 39.173203], [-119.732216, 39.173271], [-119.732162, 39.173306], [-119.731926, 39.173492], [-119.73175, 39.173679], [-119.731651, 39.173798], [-119.731529, 39.173996], [-119.731476, 39.174091], [-119.731415, 39.174232], [-119.731346, 39.174469], [-119.731323, 39.174591], [-119.731308, 39.174873], [-119.731316, 39.17506]]}, "props": {"MTFCC": "S1400", "NAME": null}}, {"geom": {"type": "LineString", "coordinates": [[-119.703766, 39.188744], [-119.703957, 39.189011], [-119.704208, 39.189373], [-119.704277, 39.18948], [-119.704369, 39.189602], [-119.704437, 39.189674], [-119.704521, 39.189751], [-119.704613, 39.189812], [-119.704796, 39.189903], [-119.704903, 39.189945], [-119.704955, 39.189959], [-119.704987, 39.189968], [-119.7052, 39.190006], [-119.705765, 39.190014], [-119.706398, 39.190014], [-119.707169, 39.190006], [-119.707359, 39.190018], [-119.71315, 39.190018], [-119.713547, 39.190018], [-119.71389, 39.19001], [-119.714005, 39.190018], [-119.714569, 39.190014]]}, "props": {"MTFCC": "S1400", "NAME": null}}, {"geom": {"type": "LineString", "coordinates": [[-119.728569, 39.180351], [-119.729034, 39.180351], [-119.730003, 39.180355], [-119.731346, 39.180355]]}, "props": {"MTFCC": "S1400", "NAME": null}}, {"geom": {"type": "LineString", "coordinates": [[-119.72583, 39.175919], [-119.724541, 39.175922]]}, "props": {"MTFCC": "S1400", "NAME": null}}, {"geom": {"type": "LineString", "coordinates": [[-119.723885, 39.160782], [-119.723824, 39.161617], [-119.723801, 39.161835], [-119.723806, 39.161853], [-119.723763, 39.162212], [-119.723755, 39.162331], [-119.72374, 39.162441], [-119.723694, 39.162605], [-119.723625, 39.162746], [-119.723587, 39.162811], [-119.723373, 39.16304], [-119.723213, 39.163227], [-119.722939, 39.163586], [-119.722649, 39.164001], [-119.722527, 39.16415], [-119.72242, 39.164238], [-119.722275, 39.164333], [-119.722214, 39.164368], [-119.722038, 39.164429], [-119.721931, 39.164455], [-119.721855, 39.164467], [-119.72123, 39.164467], [-119.721182, 39.164467], [-119.720749, 39.164459], [-119.720024, 39.164459], [-119.719269, 39.164448], [-119.717918, 39.16441], [-119.717438, 39.164387], [-119.716751, 39.164371], [-119.716293, 39.164356], [-119.715851, 39.164364], [-119.715705, 39.164371], [-119.715233, 39.164413], [-119.715179, 39.164413], [-119.714928, 39.164436], [-119.713844, 39.164448], [-119.710312, 39.164444], [-119.710266, 39.164421], [-119.710251, 39.164383]]}, "props": {"MTFCC": "S1400", "NAME": null}}, {"geom": {"type": "LineString", "coordinates": [[-119.697323, 39.2055], [-119.697321, 39.205484], [-119.69767, 39.205431], [-119.697856, 39.205083], [-119.697877, 39.205047], [-119.698165, 39.20456], [-119.698346, 39.20389], [-119.698467, 39.203493], [-119.698996, 39.202745], [-119.69934, 39.202371], [-119.699682, 39.201872], [-119.699805, 39.201599], [-119.699959, 39.2013], [-119.700271, 39.200901], [-119.700583, 39.200527], [-119.701054, 39.200127], [-119.701178, 39.199927], [-119.701591, 39.199899], [-119.702037, 39.199969], [-119.702337, 39.199943], [-119.70234, 39.199928]]}, "props": {"MTFCC": "S1500", "NAME": null}}, {"geom": {"type": "LineString", "coordinates": [[-119.72854, 39.23669], [-119.726468, 39.234892], [-119.72727, 39.235078]]}, "props": {"MTFCC": "S1400", "NAME": null}}, {"geom": {"type": "LineString", "coordinates": [[-119.714607, 39.178241], [-119.715399, 39.177521], [-119.71548, 39.177364], [-119.715609, 39.177048], [-119.71576, 39.176597], [-119.715828, 39.176484], [-119.715905, 39.176396], [-119.716457, 39.175949], [-119.716966, 39.175518], [-119.717318, 39.175311]]}, "props": {"MTFCC": "S1400", "NAME": null}}, {"geom": {"type": "LineString", "coordinates": [[-119.734756, 39.186455], [-119.734825, 39.186672]]}, "props": {"MTFCC": "S1400", "NAME": null}}, {"geom": {"type": "LineString", "coordinates": [[-119.733265, 39.187259], [-119.734208, 39.187245]]}, "props": {"MTFCC": "S1400", "NAME": null}}, {"geom": {"type": "LineString", "coordinates": [[-119.750394, 39.185866], [-119.750379, 39.185894], [-119.750399, 39.185943], [-119.750447, 39.185985], [-119.750527, 39.186031], [-119.750598, 39.186051], [-119.750725, 39.186069], [-119.752526, 39.186044], [-119.753391, 39.186054], [-119.753451, 39.186078]]}, "props": {"MTFCC": "S1400", "NAME": null}}, {"geom": {"type": "LineString", "coordinates": [[-119.607697, 39.146795], [-119.607803, 39.147056], [-119.607963, 39.147416], [-119.608123, 39.14776], [-119.608371, 39.148068], [-119.608574, 39.148308], [-119.60882, 39.148478], [-119.60922, 39.148561], [-119.609796, 39.148556], [-119.610195, 39.148621], [-119.610665, 39.14891], [-119.611091, 39.149269], [-119.611609, 39.149868], [-119.611924, 39.15021], [-119.612311, 39.150913], [-119.612886, 39.15165], [-119.613289, 39.151939], [-119.613627, 39.15235], [-119.613897, 39.152607], [-119.614188, 39.152811], [-119.61437, 39.153137], [-119.613946, 39.154486], [-119.613349, 39.15456], [-119.613175, 39.154786], [-119.613114, 39.155097], [-119.613019, 39.156219], [-119.613336, 39.156681], [-119.613718, 39.15704], [-119.613811, 39.157367], [-119.61375, 39.157764], [-119.613444, 39.157991], [-119.613062, 39.158408], [-119.612405, 39.158914], [-119.612081, 39.159469], [-119.611911, 39.159988], [-119.611839, 39.160097]]}, "props": {"MTFCC": "S1500", "NAME": null}}, {"geom": {"type": "LineString", "coordinates": [[-119.663278, 39.154546], [-119.663399, 39.155455], [-119.663398, 39.155488], [-119.663283, 39.155887], [-119.663228, 39.156989], [-119.663114, 39.157357], [-119.662682, 39.157644], [-119.661193, 39.158731], [-119.661285, 39.159082], [-119.661315, 39.159434], [-119.66117, 39.159721], [-119.661168, 39.160024], [-119.661198, 39.160248], [-119.661146, 39.160774], [-119.660858, 39.161014], [-119.660473, 39.161382], [-119.660566, 39.161733], [-119.660925, 39.162546], [-119.661161, 39.162994], [-119.661284, 39.163551], [-119.661312, 39.164031], [-119.661199, 39.164255], [-119.661134, 39.164446], [-119.661657, 39.164637], [-119.661688, 39.164828], [-119.661607, 39.164988], [-119.661111, 39.165324], [-119.660823, 39.165516], [-119.660584, 39.165532], [-119.660296, 39.165628], [-119.660007, 39.165788], [-119.659544, 39.165916], [-119.65881, 39.166155], [-119.658314, 39.166315], [-119.657995, 39.166475], [-119.657147, 39.167019], [-119.656424, 39.167867], [-119.655897, 39.167995], [-119.655466, 39.168154], [-119.655258, 39.168299], [-119.654937, 39.168507], [-119.654681, 39.168699], [-119.654361, 39.168955], [-119.653132, 39.169276], [-119.651904, 39.16926], [-119.650768, 39.16982], [-119.650592, 39.170044], [-119.650033, 39.170235], [-119.649682, 39.170123], [-119.649332, 39.169916], [-119.648774, 39.169948], [-119.648278, 39.170029], [-119.647226, 39.169886], [-119.646762, 39.170094], [-119.646204, 39.170094], [-119.644653, 39.170846], [-119.644033, 39.170047], [-119.643571, 39.169872], [-119.642918, 39.169697], [-119.642136, 39.169538], [-119.641307, 39.169601], [-119.640111, 39.169314], [-119.638613, 39.169012], [-119.637197, 39.167735], [-119.636496, 39.167511], [-119.636224, 39.167287]]}, "props": {"MTFCC": "S1400", "NAME": null}}, {"geom": {"type": "LineString", "coordinates": [[-119.777199, 39.197426], [-119.777491, 39.197322], [-119.777897, 39.197362], [-119.78027, 39.198179], [-119.780869, 39.198385], [-119.781488, 39.198591], [-119.781583, 39.198623], [-119.783923, 39.199404], [-119.785128, 39.199806], [-119.786981, 39.201442]]}, "props": {"MTFCC": "S1400", "NAME": null}}, {"geom": {"type": "LineString", "coordinates": [[-119.773244, 39.113186], [-119.77314, 39.113758], [-119.773104, 39.113959]]}, "props": {"MTFCC": "S1200", "NAME": null}}, {"geom": {"type": "LineString", "coordinates": [[-119.749871, 39.161129], [-119.749184, 39.161129], [-119.748477, 39.161129], [-119.748215, 39.161125], [-119.747971, 39.161125]]}, "props": {"MTFCC": "S1400", "NAME": null}}, {"geom": {"type": "LineString", "coordinates": [[-119.743662, 39.17593], [-119.743566, 39.175626]]}, "props": {"MTFCC": "S1400", "NAME": null}}, {"geom": {"type": "LineString", "coordinates": [[-119.754247, 39.152478], [-119.7543, 39.152452], [-119.754344, 39.152409], [-119.754361, 39.152355], [-119.754338, 39.152288], [-119.754299, 39.152243], [-119.754244, 39.152218], [-119.754176, 39.152203]]}, "props": {"MTFCC": "S1740", "NAME": null}}, {"geom": {"type": "LineString", "coordinates": [[-119.752396, 39.150978], [-119.752385, 39.15149]]}, "props": {"MTFCC": "S1740", "NAME": null}}, {"geom": {"type": "LineString", "coordinates": [[-119.755782, 39.16035], [-119.755753, 39.160316], [-119.755745, 39.160206], [-119.755745, 39.159763], [-119.755772, 39.159708]]}, "props": {"MTFCC": "S1400", "NAME": null}}, {"geom": {"type": "LineString", "coordinates": [[-119.759315, 39.161297], [-119.759308, 39.161152], [-119.759315, 39.161091], [-119.759308, 39.161015], [-119.759315, 39.160961], [-119.759308, 39.160943], [-119.759306, 39.159274], [-119.759196, 39.159232], [-119.758907, 39.159233]]}, "props": {"MTFCC": "S1400", "NAME": null}}, {"geom": {"type": "LineString", "coordinates": [[-119.767403, 39.145134], [-119.767674, 39.143589], [-119.767783, 39.143046]]}, "props": {"MTFCC": "S1640", "NAME": null}}, {"geom": {"type": "LineString", "coordinates": [[-119.751998, 39.101007], [-119.751907, 39.101444], [-119.751883, 39.101689], [-119.751854, 39.101807], [-119.751823, 39.102154], [-119.751801, 39.103031], [-119.751808, 39.103176], [-119.751778, 39.106647], [-119.75177, 39.106747], [-119.75177, 39.106884]]}, "props": {"MTFCC": "S1400", "NAME": null}}, {"geom": {"type": "LineString", "coordinates": [[-119.752557, 39.106882], [-119.75177, 39.106884], [-119.751068, 39.106876], [-119.749681, 39.106874]]}, "props": {"MTFCC": "S1400", "NAME": null}}, {"geom": {"type": "LineString", "coordinates": [[-119.700487, 39.157168], [-119.698195, 39.157168], [-119.696311, 39.157149]]}, "props": {"MTFCC": "S1400", "NAME": null}}, {"geom": {"type": "LineString", "coordinates": [[-119.704582, 39.10683], [-119.704739, 39.107436], [-119.704811, 39.108112], [-119.704716, 39.109026], [-119.704719, 39.109826]]}, "props": {"MTFCC": "S1400", "NAME": null}}, {"geom": {"type": "LineString", "coordinates": [[-119.633327, 39.129919], [-119.632751, 39.130119]]}, "props": {"MTFCC": "S1400", "NAME": null}}, {"geom": {"type": "LineString", "coordinates": [[-119.632751, 39.130119], [-119.632815, 39.130151], [-119.633103, 39.130207], [-119.633279, 39.130151], [-119.633311, 39.130119], [-119.633327, 39.129919]]}, "props": {"MTFCC": "S1400", "NAME": null}}, {"geom": {"type": "LineString", "coordinates": [[-119.62974, 39.099632], [-119.629669, 39.099729], [-119.627316, 39.10099]]}, "props": {"MTFCC": "S1400", "NAME": null}}, {"geom": {"type": "LineString", "coordinates": [[-119.590532, 39.102675], [-119.591433, 39.103068], [-119.592275, 39.103103], [-119.592972, 39.103473], [-119.597736, 39.103538], [-119.599304, 39.103482], [-119.600786, 39.103802], [-119.601598, 39.104161], [-119.602642, 39.105116], [-119.603364, 39.10589], [-119.604321, 39.10656], [-119.60574, 39.107929], [-119.606408, 39.108295], [-119.607715, 39.10841], [-119.608326, 39.108602], [-119.608732, 39.108842], [-119.609658, 39.109734], [-119.610466, 39.1108]]}, "props": {"MTFCC": "S1400", "NAME": null}}, {"geom": {"type": "LineString", "coordinates": [[-119.65214, 39.096973], [-119.653059, 39.096798], [-119.653487, 39.09665], [-119.654658, 39.095822], [-119.655491, 39.095438], [-119.655984, 39.095246], [-119.656554, 39.095174], [-119.657895, 39.095114], [-119.659066, 39.095222], [-119.660055, 39.095543]]}, "props": {"MTFCC": "S1400", "NAME": null}}, {"geom": {"type": "LineString", "coordinates": [[-119.660388, 39.095278], [-119.660199, 39.094915], [-119.659956, 39.09436], [-119.659947, 39.094099], [-119.659806, 39.093894], [-119.659736, 39.093702], [-119.660028, 39.093475], [-119.660583, 39.09385]]}, "props": {"MTFCC": "S1400", "NAME": null}}, {"geom": {"type": "LineString", "coordinates": [[-119.704966, 39.090125], [-119.705311, 39.089889], [-119.705575, 39.089607], [-119.705982, 39.088952], [-119.706208, 39.088136], [-119.706232, 39.087787], [-119.706434, 39.087344], [-119.706518, 39.086994], [-119.70669, 39.086574], [-119.70689, 39.085967], [-119.707324, 39.085126], [-119.707373, 39.085022]]}, "props": {"MTFCC": "S1500", "NAME": null}}, {"geom": {"type": "LineString", "coordinates": [[-119.806691, 39.129345], [-119.806926, 39.129151], [-119.806512, 39.128892], [-119.806385, 39.128762], [-119.806275, 39.128767]]}, "props": {"MTFCC": "S1400", "NAME": null}}, {"geom": {"type": "LineString", "coordinates": [[-119.777557, 39.162029], [-119.77755, 39.163944]]}, "props": {"MTFCC": "S1400", "NAME": null}}, {"geom": {"type": "LineString", "coordinates": [[-119.77903, 39.160614], [-119.778244, 39.160614], [-119.777306, 39.160614]]}, "props": {"MTFCC": "S1400", "NAME": null}}, {"geom": {"type": "LineString", "coordinates": [[-119.772499, 39.159592], [-119.771439, 39.159588]]}, "props": {"MTFCC": "S1400", "NAME": null}}, {"geom": {"type": "LineString", "coordinates": [[-119.76967, 39.150373], [-119.770279, 39.150789], [-119.770753, 39.151044]]}, "props": {"MTFCC": "S1400", "NAME": null}}, {"geom": {"type": "LineString", "coordinates": [[-119.769595, 39.148925], [-119.769711, 39.149414], [-119.770147, 39.149804], [-119.770349, 39.150258], [-119.770512, 39.150682], [-119.770753, 39.151044], [-119.77099, 39.151254], [-119.771227, 39.151403], [-119.771537, 39.151609]]}, "props": {"MTFCC": "S1500", "NAME": null}}, {"geom": {"type": "LineString", "coordinates": [[-119.788879, 39.205289], [-119.787833, 39.20514], [-119.787123, 39.20507], [-119.786461, 39.204962], [-119.785958, 39.204834], [-119.785347, 39.204656], [-119.784587, 39.20438], [-119.784192, 39.204232], [-119.783758, 39.204044], [-119.782831, 39.203551], [-119.781627, 39.20289], [-119.781045, 39.202564], [-119.780729, 39.202328], [-119.780325, 39.202012], [-119.780029, 39.201716], [-119.779674, 39.201302], [-119.77918, 39.200542], [-119.778496, 39.199574], [-119.780117, 39.202461], [-119.780346, 39.202828], [-119.780528, 39.20312], [-119.780907, 39.203689], [-119.781242, 39.204064], [-119.781736, 39.204498], [-119.782219, 39.204804], [-119.782693, 39.205041], [-119.783107, 39.205218], [-119.783551, 39.205386], [-119.783975, 39.205485], [-119.784577, 39.205584], [-119.785662, 39.205593], [-119.786333, 39.205584], [-119.787192, 39.205564], [-119.788395, 39.205564], [-119.789688, 39.205584], [-119.790882, 39.205623]]}, "props": {"MTFCC": "S1630", "NAME": null}}, {"geom": {"type": "LineString", "coordinates": [[-119.710925, 39.16082], [-119.709488, 39.160296], [-119.709095, 39.158482], [-119.706899, 39.158247]]}, "props": {"MTFCC": "S1400", "NAME": null}}, {"geom": {"type": "LineString", "coordinates": [[-119.708805, 39.184746], [-119.708625, 39.184811], [-119.708469, 39.184867], [-119.705738, 39.18585]]}, "props": {"MTFCC": "S1400", "NAME": null}}, {"geom": {"type": "LineString", "coordinates": [[-119.704247, 39.182964], [-119.704884, 39.184247], [-119.705216, 39.184707], [-119.705215, 39.1849]]}, "props": {"MTFCC": "S1400", "NAME": null}}, {"geom": {"type": "LineString", "coordinates": [[-119.750961, 39.163563], [-119.751923, 39.163551], [-119.753296, 39.163544], [-119.754646, 39.163544], [-119.755234, 39.163551], [-119.755402, 39.163578], [-119.755669, 39.163662], [-119.755928, 39.163746], [-119.756104, 39.163773], [-119.757065, 39.163769], [-119.757133, 39.163738]]}, "props": {"MTFCC": "S1400", "NAME": null}}, {"geom": {"type": "LineString", "coordinates": [[-119.757133, 39.163738], [-119.757161, 39.163707], [-119.757176, 39.163649], [-119.757172, 39.163208], [-119.757175, 39.162937], [-119.757168, 39.1628], [-119.757216, 39.162347], [-119.757277, 39.162078], [-119.757279, 39.161308]]}, "props": {"MTFCC": "S1400", "NAME": null}}, {"geom": {"type": "LineString", "coordinates": [[-119.752697, 39.161319], [-119.752665, 39.161661]]}, "props": {"MTFCC": "S1400", "NAME": null}}, {"geom": {"type": "LineString", "coordinates": [[-119.754883, 39.160534], [-119.75322, 39.16053], [-119.75312, 39.160542], [-119.753052, 39.160561]]}, "props": {"MTFCC": "S1400", "NAME": null}}, {"geom": {"type": "LineString", "coordinates": [[-119.749023, 39.153584], [-119.748962, 39.153385], [-119.748909, 39.153252]]}, "props": {"MTFCC": "S1400", "NAME": null}}, {"geom": {"type": "LineString", "coordinates": [[-119.747569, 39.149739], [-119.747555, 39.149724], [-119.747543, 39.149696], [-119.747551, 39.149605], [-119.747554, 39.148678], [-119.747546, 39.147779], [-119.747585, 39.147727], [-119.747734, 39.147659]]}, "props": {"MTFCC": "S1400", "NAME": null}}, {"geom": {"type": "LineString", "coordinates": [[-119.705093, 39.144525], [-119.702827, 39.144563], [-119.700517, 39.144601]]}, "props": {"MTFCC": "S1400", "NAME": null}}, {"geom": {"type": "LineString", "coordinates": [[-119.750313, 39.132011], [-119.75032, 39.131172], [-119.75032, 39.129845], [-119.75029, 39.128387]]}, "props": {"MTFCC": "S1400", "NAME": null}}, {"geom": {"type": "LineString", "coordinates": [[-119.719425, 39.15688], [-119.719438, 39.156673]]}, "props": {"MTFCC": "S1400", "NAME": null}}, {"geom": {"type": "LineString", "coordinates": [[-119.724398, 39.149311], [-119.724085, 39.149141], [-119.723853, 39.148907], [-119.723276, 39.148441], [-119.722806, 39.148258], [-119.722258, 39.148076], [-119.721694, 39.147942], [-119.721192, 39.147744], [-119.720724, 39.147402], [-119.720164, 39.146936], [-119.719573, 39.146454], [-119.71909, 39.146049], [-119.718736, 39.145581], [-119.71837, 39.144877], [-119.718192, 39.144313], [-119.718058, 39.143906], [-119.717926, 39.143452], [-119.717651, 39.142967]]}, "props": {"MTFCC": "S1400", "NAME": null}}, {"geom": {"type": "LineString", "coordinates": [[-119.714447, 39.16238], [-119.713989, 39.16238], [-119.713371, 39.162243], [-119.712181, 39.161987], [-119.71096, 39.16172]]}, "props": {"MTFCC": "S1400", "NAME": null}}, {"geom": {"type": "LineString", "coordinates": [[-119.697262, 39.12491], [-119.699194, 39.124905], [-119.699444, 39.124776], [-119.699634, 39.12491], [-119.699744, 39.12796], [-119.699987, 39.128065], [-119.700965, 39.128085], [-119.702646, 39.127869], [-119.703043, 39.127895], [-119.703287, 39.127856]]}, "props": {"MTFCC": "S1400", "NAME": null}}, {"geom": {"type": "LineString", "coordinates": [[-119.677586, 39.143526], [-119.677554, 39.143382], [-119.677634, 39.14311], [-119.677634, 39.142774], [-119.677714, 39.142662], [-119.677922, 39.142582], [-119.678194, 39.14247], [-119.678418, 39.142374], [-119.678706, 39.142262], [-119.678802, 39.142118], [-119.678802, 39.142038], [-119.678738, 39.141878], [-119.678562, 39.141542], [-119.678578, 39.141318], [-119.678546, 39.141158], [-119.67829, 39.140998], [-119.67813, 39.140806], [-119.678018, 39.140694], [-119.678018, 39.140662], [-119.67805, 39.140438], [-119.678162, 39.140246], [-119.67821, 39.139942], [-119.67845, 39.139622], [-119.678674, 39.139286], [-119.67885, 39.139046], [-119.67925, 39.138822], [-119.67949, 39.138278], [-119.679474, 39.137958], [-119.679298, 39.13767], [-119.679025, 39.137446], [-119.678673, 39.137174], [-119.678721, 39.136262], [-119.678577, 39.13599], [-119.678353, 39.135462], [-119.678641, 39.13439], [-119.678833, 39.133846], [-119.678977, 39.133414], [-119.679185, 39.13311], [-119.679089, 39.13263], [-119.678993, 39.132166], [-119.678929, 39.131894], [-119.678689, 39.131638], [-119.678545, 39.131478], [-119.678417, 39.131206], [-119.678561, 39.13087], [-119.678529, 39.130374], [-119.678497, 39.130166], [-119.678433, 39.129974], [-119.677137, 39.129678], [-119.676897, 39.129742], [-119.676577, 39.129894], [-119.676401, 39.129862], [-119.676305, 39.129798], [-119.676401, 39.12971], [-119.676401, 39.129614], [-119.676273, 39.129518], [-119.675953, 39.129422], [-119.675361, 39.129422]]}, "props": {"MTFCC": "S1400", "NAME": null}}, {"geom": {"type": "LineString", "coordinates": [[-119.676274, 39.176743], [-119.676482, 39.176935], [-119.676722, 39.176967], [-119.67717, 39.177047], [-119.677522, 39.177079], [-119.677778, 39.177159], [-119.677986, 39.177255], [-119.678258, 39.177303], [-119.678514, 39.177287], [-119.67893, 39.177287], [-119.67925, 39.177255], [-119.679538, 39.177319], [-119.679842, 39.177287], [-119.680274, 39.177399], [-119.680578, 39.177495], [-119.68101, 39.177527], [-119.681394, 39.177575], [-119.681746, 39.177559], [-119.682034, 39.177479], [-119.682162, 39.177511], [-119.682354, 39.177511]]}, "props": {"MTFCC": "S1400", "NAME": null}}, {"geom": {"type": "LineString", "coordinates": [[-119.676274, 39.176743], [-119.676097, 39.176679], [-119.67592, 39.176728], [-119.675631, 39.176697], [-119.675374, 39.176761], [-119.675101, 39.176778], [-119.674844, 39.176811], [-119.674635, 39.176859], [-119.674394, 39.17702], [-119.674217, 39.177165], [-119.674024, 39.177293], [-119.673846, 39.177518], [-119.673669, 39.177711], [-119.67346, 39.177936], [-119.673235, 39.178096], [-119.673057, 39.178257], [-119.672912, 39.178418], [-119.672703, 39.17853], [-119.672591, 39.178611], [-119.672478, 39.178723]]}, "props": {"MTFCC": "S1400", "NAME": null}}, {"geom": {"type": "LineString", "coordinates": [[-119.700486, 39.160771], [-119.699118, 39.160772], [-119.698835, 39.160998]]}, "props": {"MTFCC": "S1400", "NAME": null}}, {"geom": {"type": "LineString", "coordinates": [[-119.689267, 39.176902], [-119.689331, 39.176998], [-119.689731, 39.177158], [-119.690131, 39.176998], [-119.690963, 39.176182], [-119.691187, 39.17559], [-119.691011, 39.174982], [-119.690691, 39.174694], [-119.690643, 39.174662]]}, "props": {"MTFCC": "S1400", "NAME": null}}, {"geom": {"type": "LineString", "coordinates": [[-119.785764, 39.18], [-119.785605, 39.179881], [-119.785365, 39.179742], [-119.785, 39.179658], [-119.784785, 39.179649], [-119.782549, 39.179657]]}, "props": {"MTFCC": "S1400", "NAME": null}}, {"geom": {"type": "LineString", "coordinates": [[-119.785764, 39.18], [-119.785605, 39.179881], [-119.785365, 39.179742], [-119.785, 39.179658], [-119.784785, 39.179649], [-119.782549, 39.179657]]}, "props": {"MTFCC": "S1400", "NAME": null}}, {"geom": {"type": "LineString", "coordinates": [[-119.809982, 39.187943], [-119.810211, 39.187943], [-119.810425, 39.18792], [-119.810562, 39.187874], [-119.810638, 39.187832], [-119.810791, 39.187721], [-119.811096, 39.187481], [-119.811203, 39.187412], [-119.811409, 39.187244], [-119.811424, 39.187218], [-119.811447, 39.187199], [-119.811508, 39.187111], [-119.811539, 39.186996], [-119.811539, 39.186943], [-119.811501, 39.186836], [-119.811462, 39.186771], [-119.81131, 39.186569], [-119.811226, 39.186474], [-119.811127, 39.186405], [-119.811005, 39.186344], [-119.81086, 39.186298], [-119.810799, 39.186287], [-119.810684, 39.186279], [-119.810509, 39.186306], [-119.810417, 39.186329], [-119.810257, 39.186413], [-119.810051, 39.186573], [-119.809799, 39.186783]]}, "props": {"MTFCC": "S1400", "NAME": null}}, {"geom": {"type": "LineString", "coordinates": [[-119.819839, 39.200325], [-119.819839, 39.200306], [-119.819824, 39.200272], [-119.819824, 39.200237], [-119.819786, 39.200157], [-119.819786, 39.200127], [-119.819763, 39.200073], [-119.819748, 39.199921], [-119.819763, 39.199772], [-119.819832, 39.199512], [-119.819946, 39.19915], [-119.82, 39.198921], [-119.819977, 39.198803], [-119.819908, 39.19862], [-119.819847, 39.198425], [-119.819809, 39.19828], [-119.819748, 39.198185], [-119.81971, 39.198139], [-119.819618, 39.198082], [-119.819458, 39.198017], [-119.819267, 39.197956], [-119.819199, 39.197926], [-119.819023, 39.197903], [-119.818924, 39.197903], [-119.818649, 39.19796], [-119.818329, 39.198074], [-119.81813, 39.198162], [-119.818016, 39.198235], [-119.817833, 39.198444], [-119.817825, 39.198463], [-119.817786, 39.198541], [-119.817746, 39.198603], [-119.81772, 39.198664], [-119.817695, 39.19876], [-119.81768, 39.19888], [-119.817679, 39.198962], [-119.817699, 39.199058], [-119.817725, 39.199132], [-119.817762, 39.199183], [-119.817805, 39.199259], [-119.817898, 39.199387], [-119.817942, 39.199434], [-119.818354, 39.199776], [-119.818452, 39.199922], [-119.818467, 39.200045], [-119.818497, 39.200188], [-119.818535, 39.200361], [-119.818559, 39.200508], [-119.818589, 39.200618], [-119.818607, 39.20079], [-119.818618, 39.20085]]}, "props": {"MTFCC": "S1400", "NAME": null}}, {"geom": {"type": "LineString", "coordinates": [[-119.816507, 39.203514], [-119.816494, 39.203784], [-119.816429, 39.204071]]}, "props": {"MTFCC": "S1400", "NAME": null}}, {"geom": {"type": "LineString", "coordinates": [[-119.80657, 39.195146], [-119.806539, 39.195061], [-119.806563, 39.19501], [-119.806611, 39.194954], [-119.806668, 39.194889], [-119.806741, 39.194775], [-119.806756, 39.194731], [-119.806763, 39.194685], [-119.806762, 39.194638], [-119.806752, 39.194591], [-119.806735, 39.194545], [-119.806711, 39.194499], [-119.806644, 39.194411], [-119.806603, 39.19437], [-119.806558, 39.194333], [-119.806511, 39.194297], [-119.806462, 39.194265], [-119.80641, 39.194236], [-119.806359, 39.194209], [-119.806144, 39.194086], [-119.806027, 39.194023], [-119.805967, 39.193993], [-119.805905, 39.193967], [-119.805841, 39.193943], [-119.805776, 39.19392], [-119.805712, 39.193899], [-119.805583, 39.193857], [-119.805518, 39.193836], [-119.805452, 39.193816], [-119.805385, 39.193795], [-119.805317, 39.193774], [-119.805249, 39.193753], [-119.805113, 39.193711], [-119.805049, 39.19369], [-119.804931, 39.193651], [-119.804873, 39.193632], [-119.804814, 39.193613], [-119.804755, 39.193593], [-119.804698, 39.193575], [-119.804595, 39.193544], [-119.804504, 39.193517], [-119.80442, 39.193489], [-119.804344, 39.193465], [-119.804265, 39.19344], [-119.804182, 39.193413], [-119.804098, 39.193387], [-119.804014, 39.193358], [-119.803945, 39.193332], [-119.803877, 39.193303], [-119.803812, 39.193265], [-119.80375, 39.193231], [-119.803668, 39.193195], [-119.803612, 39.193178], [-119.80356, 39.193174]]}, "props": {"MTFCC": "S1400", "NAME": null}}, {"geom": {"type": "LineString", "coordinates": [[-119.609333, 39.117582], [-119.608914, 39.117263], [-119.608554, 39.116898], [-119.608157, 39.116687], [-119.607875, 39.116259], [-119.607435, 39.115803], [-119.607272, 39.115436], [-119.606951, 39.115039], [-119.606435, 39.114767], [-119.605957, 39.114465], [-119.60552, 39.114223], [-119.604849, 39.114137], [-119.604296, 39.114019], [-119.603939, 39.113899], [-119.603465, 39.11378], [-119.603303, 39.113536], [-119.603287, 39.1124], [-119.603215, 39.11226]]}, "props": {"MTFCC": "S1500", "NAME": null}}, {"geom": {"type": "LineString", "coordinates": [[-119.795927, 39.163953], [-119.796029, 39.163878], [-119.796176, 39.163816], [-119.796406, 39.163763], [-119.796634, 39.163735], [-119.796717, 39.163748]]}, "props": {"MTFCC": "S1400", "NAME": null}}, {"geom": {"type": "LineString", "coordinates": [[-119.754719, 39.184218], [-119.75506, 39.18421], [-119.755115, 39.184217], [-119.755152, 39.184227], [-119.755208, 39.184254], [-119.755747, 39.184704], [-119.755783, 39.184741], [-119.755805, 39.184781]]}, "props": {"MTFCC": "S1400", "NAME": null}}, {"geom": {"type": "LineString", "coordinates": [[-119.762164, 39.131958], [-119.763226, 39.131958]]}, "props": {"MTFCC": "S1400", "NAME": null}}, {"geom": {"type": "LineString", "coordinates": [[-119.779131, 39.182562], [-119.77842, 39.183145], [-119.778323, 39.183199], [-119.778226, 39.183234], [-119.778133, 39.183254], [-119.778036, 39.183263], [-119.777929, 39.183259], [-119.777814, 39.183237], [-119.777744, 39.183215], [-119.777386, 39.183079]]}, "props": {"MTFCC": "S1400", "NAME": null}}, {"geom": {"type": "LineString", "coordinates": [[-119.762694, 39.139747], [-119.762731, 39.13964], [-119.762726, 39.139342], [-119.762759, 39.139128], [-119.762899, 39.138973], [-119.762953, 39.138851], [-119.762937, 39.138238]]}, "props": {"MTFCC": "S1400", "NAME": null}}, {"geom": {"type": "LineString", "coordinates": [[-119.721476, 39.15511], [-119.721605, 39.155422], [-119.721701, 39.155749], [-119.721718, 39.155894], [-119.72164, 39.156072], [-119.721534, 39.156223], [-119.721413, 39.156439], [-119.721432, 39.156578]]}, "props": {"MTFCC": "S1400", "NAME": null}}, {"geom": {"type": "LineString", "coordinates": [[-119.718943, 39.174238], [-119.719607, 39.173911]]}, "props": {"MTFCC": "S1400", "NAME": null}}, {"geom": {"type": "LineString", "coordinates": [[-119.685432, 39.117101], [-119.68489, 39.117183], [-119.684542, 39.117187]]}, "props": {"MTFCC": "S1400", "NAME": null}}, {"geom": {"type": "LineString", "coordinates": [[-119.647481, 39.086243], [-119.647469, 39.086228], [-119.647436, 39.086186], [-119.647426, 39.086172]]}, "props": {"MTFCC": "S1400", "NAME": null}}, {"geom": {"type": "LineString", "coordinates": [[-119.792522, 39.167592], [-119.792847, 39.167572], [-119.793758, 39.167467], [-119.794378, 39.167375], [-119.795163, 39.167318], [-119.795492, 39.167219], [-119.795876, 39.166945]]}, "props": {"MTFCC": "S1400", "NAME": null}}, {"geom": {"type": "LineString", "coordinates": [[-119.77414, 39.118573], [-119.77369, 39.118813]]}, "props": {"MTFCC": "S1400", "NAME": null}}, {"geom": {"type": "LineString", "coordinates": [[-119.767029, 39.154278], [-119.766954, 39.154103], [-119.766912, 39.15402], [-119.766865, 39.153947], [-119.766803, 39.153866], [-119.766749, 39.153814], [-119.766643, 39.15376], [-119.766527, 39.153729], [-119.766415, 39.15371], [-119.76626, 39.153699], [-119.766075, 39.153706]]}, "props": {"MTFCC": "S1630", "NAME": null}}, {"geom": {"type": "LineString", "coordinates": [[-119.764702, 39.156131], [-119.764294, 39.156021]]}, "props": {"MTFCC": "S1400", "NAME": null}}, {"geom": {"type": "LineString", "coordinates": [[-119.764294, 39.156021], [-119.76383, 39.155909], [-119.763734, 39.155845], [-119.763702, 39.155605]]}, "props": {"MTFCC": "S1400", "NAME": null}}, {"geom": {"type": "LineString", "coordinates": [[-119.764221, 39.149933], [-119.764214, 39.149693], [-119.764221, 39.149586], [-119.764214, 39.149288], [-119.764221, 39.149147], [-119.764214, 39.14901], [-119.764221, 39.14883], [-119.764214, 39.1483], [-119.764229, 39.148239], [-119.764214, 39.148033], [-119.764221, 39.147987], [-119.764214, 39.147865], [-119.764214, 39.146935], [-119.764229, 39.146597], [-119.76445, 39.146515]]}, "props": {"MTFCC": "S1400", "NAME": null}}, {"geom": {"type": "LineString", "coordinates": [[-119.688091, 39.176647], [-119.687898, 39.176509]]}, "props": {"MTFCC": "S1400", "NAME": null}}, {"geom": {"type": "LineString", "coordinates": [[-119.672242, 39.171079], [-119.672242, 39.171143], [-119.67213, 39.171271], [-119.67205, 39.171415], [-119.672066, 39.172679]]}, "props": {"MTFCC": "S1400", "NAME": null}}, {"geom": {"type": "LineString", "coordinates": [[-119.67493, 39.170231], [-119.674434, 39.170119], [-119.674194, 39.170023], [-119.673906, 39.169975], [-119.673554, 39.169959], [-119.673266, 39.169959], [-119.672914, 39.169991], [-119.672642, 39.169991], [-119.672322, 39.170119], [-119.672178, 39.170183], [-119.672002, 39.170231], [-119.671938, 39.170311], [-119.671858, 39.170359]]}, "props": {"MTFCC": "S1400", "NAME": null}}, {"geom": {"type": "LineString", "coordinates": [[-119.666405, 39.155898], [-119.666437, 39.155512], [-119.666101, 39.155142], [-119.66615, 39.154611], [-119.665798, 39.154385], [-119.665878, 39.153805], [-119.665079, 39.153305], [-119.665608, 39.150617], [-119.666505, 39.149297], [-119.666746, 39.148139], [-119.667243, 39.14714], [-119.667531, 39.145371], [-119.667084, 39.144356], [-119.667021, 39.143552], [-119.668125, 39.143276], [-119.668542, 39.14305], [-119.668558, 39.14276], [-119.668382, 39.14231], [-119.667726, 39.141504], [-119.667439, 39.140217], [-119.665184, 39.140239], [-119.6648, 39.140109], [-119.663537, 39.139174]]}, "props": {"MTFCC": "S1400", "NAME": null}}, {"geom": {"type": "LineString", "coordinates": [[-119.630559, 39.144407], [-119.631023, 39.143223], [-119.631503, 39.142743], [-119.632335, 39.142615], [-119.633151, 39.142615], [-119.633855, 39.142647], [-119.634447, 39.142519], [-119.634735, 39.142247]]}, "props": {"MTFCC": "S1400", "NAME": null}}, {"geom": {"type": "LineString", "coordinates": [[-119.630736, 39.142141], [-119.630559, 39.144407]]}, "props": {"MTFCC": "S1400", "NAME": null}}, {"geom": {"type": "LineString", "coordinates": [[-119.59878, 39.152401], [-119.598185, 39.151998], [-119.597507, 39.151838], [-119.596938, 39.15176], [-119.596297, 39.151682], [-119.595623, 39.151743], [-119.594845, 39.152027], [-119.594173, 39.152199], [-119.593429, 39.152371], [-119.592794, 39.152708], [-119.592228, 39.152879], [-119.591592, 39.153162], [-119.5911, 39.153498], [-119.590711, 39.153667], [-119.590114, 39.154115]]}, "props": {"MTFCC": "S1500", "NAME": null}}, {"geom": {"type": "LineString", "coordinates": [[-119.825256, 39.113603], [-119.825181, 39.11367]]}, "props": {"MTFCC": "S1500", "NAME": null}}, {"geom": {"type": "LineString", "coordinates": [[-119.774659, 39.117444], [-119.774644, 39.116994], [-119.774629, 39.116963]]}, "props": {"MTFCC": "S1740", "NAME": null}}, {"geom": {"type": "LineString", "coordinates": [[-119.774819, 39.117436], [-119.774812, 39.117299], [-119.774812, 39.117139], [-119.774797, 39.116948], [-119.774781, 39.116914]]}, "props": {"MTFCC": "S1740", "NAME": null}}, {"geom": {"type": "LineString", "coordinates": [[-119.762764, 39.152011], [-119.761192, 39.152008]]}, "props": {"MTFCC": "S1400", "NAME": null}}, {"geom": {"type": "LineString", "coordinates": [[-119.773942, 39.118417], [-119.773843, 39.118386], [-119.773332, 39.118314], [-119.773164, 39.118264]]}, "props": {"MTFCC": "S1740", "NAME": null}}, {"geom": {"type": "LineString", "coordinates": [[-119.754176, 39.152203], [-119.754106, 39.152218], [-119.754044, 39.15225], [-119.754005, 39.152298], [-119.753992, 39.152354], [-119.754005, 39.1524], [-119.754037, 39.152441], [-119.754105, 39.152482], [-119.754162, 39.152492], [-119.754247, 39.152478]]}, "props": {"MTFCC": "S1740", "NAME": null}}, {"geom": {"type": "LineString", "coordinates": [[-119.776264, 39.202869], [-119.776236, 39.203151]]}, "props": {"MTFCC": "S1400", "NAME": null}}, {"geom": {"type": "LineString", "coordinates": [[-119.75209, 39.206459], [-119.75209, 39.207466]]}, "props": {"MTFCC": "S1400", "NAME": null}}, {"geom": {"type": "LineString", "coordinates": [[-119.755829, 39.201572], [-119.755848, 39.202156]]}, "props": {"MTFCC": "S1400", "NAME": null}}, {"geom": {"type": "LineString", "coordinates": [[-119.717321, 39.184298], [-119.716357, 39.18434]]}, "props": {"MTFCC": "S1400", "NAME": null}}, {"geom": {"type": "LineString", "coordinates": [[-119.774963, 39.157692], [-119.774971, 39.158901], [-119.774876, 39.158949]]}, "props": {"MTFCC": "S1400", "NAME": null}}, {"geom": {"type": "LineString", "coordinates": [[-119.750725, 39.133804], [-119.75074, 39.134876]]}, "props": {"MTFCC": "S1400", "NAME": null}}, {"geom": {"type": "LineString", "coordinates": [[-119.796351, 39.186284], [-119.796356, 39.187174]]}, "props": {"MTFCC": "S1400", "NAME": null}}, {"geom": {"type": "LineString", "coordinates": [[-119.768114, 39.151811], [-119.770531, 39.151973], [-119.771181, 39.152021], [-119.780941, 39.15601], [-119.7815, 39.156299], [-119.781649, 39.156675]]}, "props": {"MTFCC": "S1400", "NAME": null}}, {"geom": {"type": "LineString", "coordinates": [[-119.739113, 39.17841], [-119.738602, 39.17841], [-119.738388, 39.178417]]}, "props": {"MTFCC": "S1400", "NAME": null}}, {"geom": {"type": "LineString", "coordinates": [[-119.770278, 39.181893], [-119.767828, 39.181924]]}, "props": {"MTFCC": "S1400", "NAME": null}}, {"geom": {"type": "LineString", "coordinates": [[-119.722421, 39.167954], [-119.722422, 39.167926], [-119.722428, 39.167873], [-119.722452, 39.167828], [-119.722487, 39.16776]]}, "props": {"MTFCC": "S1400", "NAME": null}}, {"geom": {"type": "LineString", "coordinates": [[-119.777199, 39.197426], [-119.777491, 39.197322], [-119.777897, 39.197362], [-119.78027, 39.198179]]}, "props": {"MTFCC": "S1400", "NAME": null}}, {"geom": {"type": "LineString", "coordinates": [[-119.758736, 39.166485], [-119.758163, 39.166492]]}, "props": {"MTFCC": "S1400", "NAME": null}}, {"geom": {"type": "LineString", "coordinates": [[-119.734098, 39.155776], [-119.735205, 39.156084], [-119.7353, 39.156111], [-119.736869, 39.156549]]}, "props": {"MTFCC": "S1400", "NAME": null}}, {"geom": {"type": "LineString", "coordinates": [[-119.844334, 39.117353], [-119.844334, 39.117501], [-119.844442, 39.117655], [-119.84436, 39.117743], [-119.844401, 39.117891]]}, "props": {"MTFCC": "S1630", "NAME": null}}, {"geom": {"type": "LineString", "coordinates": [[-119.845417, 39.117126], [-119.844629, 39.117111], [-119.844428, 39.117192], [-119.844334, 39.117353]]}, "props": {"MTFCC": "S1630", "NAME": null}}, {"geom": {"type": "LineString", "coordinates": [[-119.747868, 39.18243], [-119.746878, 39.183208]]}, "props": {"MTFCC": "S1400", "NAME": null}}, {"geom": {"type": "LineString", "coordinates": [[-119.75813, 39.190225], [-119.75779, 39.190575], [-119.757683, 39.19067], [-119.757294, 39.191082], [-119.757172, 39.191196], [-119.757125, 39.191246]]}, "props": {"MTFCC": "S1400", "NAME": null}}, {"geom": {"type": "LineString", "coordinates": [[-119.734142, 39.161266], [-119.73441, 39.160834], [-119.734553, 39.160602], [-119.734628, 39.160393], [-119.734568, 39.160176], [-119.734253, 39.159929]]}, "props": {"MTFCC": "S1400", "NAME": null}}, {"geom": {"type": "LineString", "coordinates": [[-119.775094, 39.146005], [-119.775238, 39.146117], [-119.775446, 39.146341], [-119.77583, 39.146341], [-119.77639, 39.146373], [-119.776854, 39.146629], [-119.777094, 39.146821], [-119.777398, 39.146981]]}, "props": {"MTFCC": "S1400", "NAME": null}}, {"geom": {"type": "LineString", "coordinates": [[-119.805382, 39.135594], [-119.806871, 39.136114], [-119.808459, 39.136552], [-119.808943, 39.136672], [-119.80974, 39.13699], [-119.809982, 39.137344], [-119.810339, 39.13757], [-119.810825, 39.13778], [-119.811263, 39.138006], [-119.811862, 39.138137], [-119.812495, 39.138556], [-119.813131, 39.139264], [-119.813798, 39.140004]]}, "props": {"MTFCC": "S1400", "NAME": null}}, {"geom": {"type": "LineString", "coordinates": [[-119.775446, 39.144085], [-119.775159, 39.144089]]}, "props": {"MTFCC": "S1400", "NAME": null}}, {"geom": {"type": "LineString", "coordinates": [[-119.775094, 39.146005], [-119.774832, 39.14603], [-119.773574, 39.146149]]}, "props": {"MTFCC": "S1400", "NAME": null}}, {"geom": {"type": "LineString", "coordinates": [[-119.787998, 39.163684], [-119.787939, 39.163556], [-119.787927, 39.163478], [-119.787922, 39.163366], [-119.788031, 39.163244], [-119.788187, 39.163142], [-119.788643, 39.162922], [-119.788847, 39.162833], [-119.789043, 39.162789], [-119.789195, 39.162832]]}, "props": {"MTFCC": "S1400", "NAME": null}}, {"geom": {"type": "LineString", "coordinates": [[-119.737298, 39.16828], [-119.737224, 39.166988], [-119.736556, 39.16667], [-119.734975, 39.166551]]}, "props": {"MTFCC": "S1750", "NAME": null}}, {"geom": {"type": "LineString", "coordinates": [[-119.759818, 39.108198], [-119.75953, 39.10819], [-119.759272, 39.10817], [-119.758946, 39.108109], [-119.758709, 39.108029], [-119.75844, 39.107913], [-119.758303, 39.107844], [-119.758147, 39.10776], [-119.757793, 39.107559], [-119.757592, 39.107443], [-119.757424, 39.107346], [-119.757383, 39.107318], [-119.757371, 39.107278], [-119.7574, 39.107222], [-119.757492, 39.107101], [-119.757612, 39.106981], [-119.757697, 39.106844], [-119.757789, 39.106639], [-119.757858, 39.106495], [-119.757882, 39.10635], [-119.75789, 39.106262], [-119.75789, 39.106137]]}, "props": {"MTFCC": "S1400", "NAME": null}}, {"geom": {"type": "LineString", "coordinates": [[-119.748894, 39.187489], [-119.748568, 39.187705], [-119.748071, 39.188091], [-119.747887, 39.188267], [-119.74775, 39.188419], [-119.747633, 39.188576], [-119.747462, 39.188869], [-119.747347, 39.189163], [-119.747337, 39.189218], [-119.74727, 39.189579], [-119.747248, 39.190026], [-119.747207, 39.192412], [-119.747229, 39.19559], [-119.747225, 39.196141], [-119.747217, 39.19725], [-119.747192, 39.197853], [-119.747223, 39.198032], [-119.747223, 39.198246], [-119.747215, 39.198263], [-119.747208, 39.198456], [-119.747231, 39.198769], [-119.747192, 39.199268], [-119.747192, 39.199379], [-119.747169, 39.199608], [-119.747162, 39.199993], [-119.747169, 39.200596], [-119.747215, 39.200974], [-119.747314, 39.201279], [-119.747398, 39.201572], [-119.747444, 39.201733], [-119.747459, 39.201817], [-119.747459, 39.202082], [-119.747459, 39.203251], [-119.747467, 39.203274], [-119.747467, 39.203579], [-119.747475, 39.203976], [-119.747467, 39.204205], [-119.74747, 39.204438], [-119.747482, 39.204575], [-119.747482, 39.205032], [-119.74749, 39.205544], [-119.74749, 39.206467], [-119.74749, 39.207516], [-119.747475, 39.207764], [-119.747414, 39.208008], [-119.747353, 39.208118], [-119.747276, 39.208225], [-119.747147, 39.208408], [-119.747055, 39.208508], [-119.746712, 39.208809], [-119.746201, 39.209255], [-119.745125, 39.210175], [-119.74452, 39.210691], [-119.744263, 39.210911], [-119.743385, 39.21167], [-119.743172, 39.211872], [-119.743065, 39.212029], [-119.74297, 39.212195], [-119.742917, 39.212502], [-119.742909, 39.212655], [-119.742909, 39.212844], [-119.742993, 39.213238], [-119.743044, 39.213473], [-119.743208, 39.214055], [-119.74335, 39.214525], [-119.743559, 39.215116], [-119.743821, 39.215547], [-119.744068, 39.21585], [-119.744396, 39.216122], [-119.745256, 39.216729], [-119.746203, 39.217417], [-119.746627, 39.217736], [-119.746861, 39.217921], [-119.746829, 39.217974], [-119.746751, 39.218071], [-119.746683, 39.218136], [-119.746057, 39.218626], [-119.745902, 39.21874], [-119.745393, 39.219095], [-119.745274, 39.219178], [-119.743183, 39.220698], [-119.742855, 39.220948], [-119.742728, 39.221122], [-119.742683, 39.221217], [-119.742428, 39.221755], [-119.742272, 39.22199], [-119.742031, 39.222205], [-119.741668, 39.222479], [-119.741418, 39.222687], [-119.741133, 39.223092], [-119.740962, 39.223297], [-119.740948, 39.223314], [-119.740651, 39.223551], [-119.740381, 39.223739], [-119.740288, 39.223803], [-119.740198, 39.224024], [-119.740184, 39.224324], [-119.740322, 39.224732], [-119.740545, 39.225096], [-119.740679, 39.225285], [-119.740942, 39.225809], [-119.741026, 39.226229], [-119.741058, 39.226365], [-119.741127, 39.226513], [-119.741315, 39.226839], [-119.741441, 39.227085], [-119.741612, 39.227396], [-119.74184, 39.22792], [-119.741972, 39.228282], [-119.742021, 39.228486], [-119.741913, 39.228896], [-119.741839, 39.229252], [-119.741891, 39.229481], [-119.742463, 39.230086], [-119.742521, 39.23056], [-119.742733, 39.231072], [-119.742891, 39.231426], [-119.7431, 39.231779], [-119.743562, 39.232012], [-119.74382, 39.232286], [-119.744188, 39.232994], [-119.744663, 39.234057], [-119.744628, 39.234637], [-119.744623, 39.234729], [-119.744429, 39.235285], [-119.74439, 39.236036], [-119.744451, 39.236629], [-119.744549, 39.236952]]}, "props": {"MTFCC": "S1400", "NAME": null}}, {"geom": {"type": "LineString", "coordinates": [[-119.72735, 39.243318], [-119.725174, 39.243239], [-119.724534, 39.241751], [-119.725382, 39.241479], [-119.725446, 39.24143]]}, "props": {"MTFCC": "S1400", "NAME": null}}, {"geom": {"type": "LineString", "coordinates": [[-119.725446, 39.24143], [-119.72591, 39.241398]]}, "props": {"MTFCC": "S1400", "NAME": null}}, {"geom": {"type": "LineString", "coordinates": [[-119.728214, 39.242966], [-119.72735, 39.243318]]}, "props": {"MTFCC": "S1400", "NAME": null}}, {"geom": {"type": "LineString", "coordinates": [[-119.728214, 39.242966], [-119.728086, 39.243558]]}, "props": {"MTFCC": "S1400", "NAME": null}}, {"geom": {"type": "LineString", "coordinates": [[-119.697864, 39.212694], [-119.698122, 39.212936], [-119.698219, 39.213049], [-119.698476, 39.213146], [-119.698749, 39.213276], [-119.699024, 39.213614], [-119.700215, 39.214631], [-119.700393, 39.214873], [-119.700538, 39.215098], [-119.700525, 39.215517], [-119.700478, 39.215759], [-119.700577, 39.216274], [-119.700979, 39.216388], [-119.701397, 39.21647], [-119.701927, 39.216617], [-119.702443, 39.216988], [-119.702909, 39.217183], [-119.702989, 39.217264], [-119.703151, 39.217489], [-119.703505, 39.217764], [-119.703634, 39.217957], [-119.70378, 39.218215]]}, "props": {"MTFCC": "S1400", "NAME": null}}, {"geom": {"type": "LineString", "coordinates": [[-119.68605, 39.214274], [-119.686059, 39.214243], [-119.686468, 39.213826], [-119.686734, 39.213412], [-119.686856, 39.213009], [-119.686924, 39.212833], [-119.687041, 39.212576], [-119.687016, 39.212286], [-119.687067, 39.212158], [-119.687139, 39.211788], [-119.687225, 39.211547], [-119.68731, 39.211322], [-119.687464, 39.210888], [-119.687613, 39.210665], [-119.687909, 39.210312], [-119.688009, 39.210136], [-119.688305, 39.209816], [-119.688452, 39.20969], [-119.688567, 39.209514], [-119.688716, 39.209305], [-119.688832, 39.209129], [-119.688949, 39.208921], [-119.689128, 39.20876], [-119.689339, 39.208698], [-119.68963, 39.208571], [-119.689872, 39.208492], [-119.69002, 39.208348], [-119.690378, 39.208125], [-119.690523, 39.208078], [-119.690668, 39.208063], [-119.69088, 39.207903], [-119.691534, 39.207264], [-119.691796, 39.207025], [-119.691912, 39.206881], [-119.691995, 39.206752], [-119.692092, 39.206688], [-119.692158, 39.206592], [-119.692327, 39.206367]]}, "props": {"MTFCC": "S1400", "NAME": null}}, {"geom": {"type": "LineString", "coordinates": [[-119.792928, 39.186334], [-119.7934, 39.187302], [-119.793932, 39.188501], [-119.794093, 39.189017], [-119.794079, 39.189357], [-119.794032, 39.189559], [-119.794013, 39.189642], [-119.793915, 39.189904], [-119.793654, 39.190296], [-119.793018, 39.190844], [-119.792426, 39.191062], [-119.791812, 39.191436], [-119.79142, 39.191729], [-119.790657, 39.192124], [-119.790214, 39.19236], [-119.789648, 39.192655], [-119.789231, 39.19293], [-119.78872, 39.193496], [-119.788653, 39.19394], [-119.788536, 39.194347], [-119.788465, 39.19456], [-119.788469, 39.194831], [-119.788502, 39.195275], [-119.788606, 39.195583], [-119.788835, 39.195909], [-119.789038, 39.196157], [-119.789337, 39.196232], [-119.789586, 39.196287], [-119.79001, 39.196398], [-119.790311, 39.19655], [-119.790563, 39.19676], [-119.790716, 39.197048], [-119.790726, 39.197627], [-119.790781, 39.197897], [-119.790933, 39.198108], [-119.791235, 39.198356], [-119.791787, 39.198678], [-119.792136, 39.198771], [-119.792385, 39.198827], [-119.792684, 39.198901], [-119.793324, 39.1993], [-119.793653, 39.199644], [-119.794511, 39.200466], [-119.794838, 39.200713], [-119.795091, 39.201039], [-119.795121, 39.201325], [-119.79512, 39.201343]]}, "props": {"MTFCC": "S1400", "NAME": null}}, {"geom": {"type": "LineString", "coordinates": [[-119.758812, 39.181334], [-119.758833, 39.181271], [-119.758838, 39.181218], [-119.758833, 39.180869], [-119.758833, 39.180213], [-119.758856, 39.17954], [-119.758857, 39.178861]]}, "props": {"MTFCC": "S1400", "NAME": null}}, {"geom": {"type": "LineString", "coordinates": [[-119.766937, 39.171703], [-119.767776, 39.171715], [-119.768593, 39.171726], [-119.769424, 39.171741], [-119.770253, 39.171737], [-119.77124, 39.171734], [-119.771263, 39.171741], [-119.77182, 39.171738], [-119.772873, 39.171741]]}, "props": {"MTFCC": "S1400", "NAME": null}}, {"geom": {"type": "LineString", "coordinates": [[-119.759195, 39.099508], [-119.759679, 39.100156], [-119.760253, 39.100924], [-119.760672, 39.101486], [-119.761213, 39.102209]]}, "props": {"MTFCC": "S1400", "NAME": null}}, {"geom": {"type": "LineString", "coordinates": [[-119.77739, 39.173626], [-119.777397, 39.17379], [-119.77739, 39.173824], [-119.777397, 39.173923], [-119.77739, 39.174015], [-119.777313, 39.174206], [-119.777237, 39.17432]]}, "props": {"MTFCC": "S1400", "NAME": null}}, {"geom": {"type": "LineString", "coordinates": [[-119.761398, 39.120914], [-119.761847, 39.120482], [-119.76185, 39.120258], [-119.761665, 39.119355], [-119.76162, 39.119083], [-119.761508, 39.118468], [-119.761375, 39.117741], [-119.761345, 39.117634], [-119.761348, 39.116775], [-119.761363, 39.116594], [-119.761372, 39.116192], [-119.761386, 39.115923], [-119.761391, 39.115605], [-119.761402, 39.115369], [-119.761385, 39.115025], [-119.761486, 39.114008]]}, "props": {"MTFCC": "S1400", "NAME": null}}, {"geom": {"type": "LineString", "coordinates": [[-119.603215, 39.11226], [-119.602847, 39.111913], [-119.602526, 39.111517], [-119.602207, 39.111305], [-119.601732, 39.111124], [-119.600983, 39.1111], [-119.600237, 39.111291], [-119.599805, 39.111418], [-119.599449, 39.111359], [-119.598856, 39.11118], [-119.598068, 39.111187], [-119.597709, 39.110914], [-119.597469, 39.11067], [-119.597032, 39.110398], [-119.596675, 39.110247], [-119.596242, 39.110313], [-119.596088, 39.11056], [-119.595735, 39.110655], [-119.595497, 39.110534], [-119.59526, 39.110475], [-119.595216, 39.110199], [-119.595013, 39.109801], [-119.59465, 39.109221], [-119.594643, 39.10873], [-119.594556, 39.108117], [-119.594429, 39.107534], [-119.594303, 39.106983], [-119.594059, 39.106463], [-119.593819, 39.106158], [-119.593187, 39.106072], [-119.592317, 39.105895], [-119.591644, 39.105624], [-119.591008, 39.105292], [-119.590923, 39.104802], [-119.590759, 39.104404], [-119.590635, 39.103944], [-119.590389, 39.103271], [-119.590532, 39.102675], [-119.590537, 39.102656], [-119.590925, 39.102223], [-119.591156, 39.101822], [-119.591382, 39.101113], [-119.591138, 39.100563], [-119.591055, 39.100458], [-119.590777, 39.100106], [-119.59073, 39.099584], [-119.590843, 39.099215], [-119.591073, 39.098783], [-119.591463, 39.098442], [-119.591808, 39.097825], [-119.591802, 39.097395], [-119.591836, 39.097026], [-119.591793, 39.09672], [-119.591869, 39.096533]]}, "props": {"MTFCC": "S1500", "NAME": null}}, {"geom": {"type": "LineString", "coordinates": [[-119.592783, 39.136155], [-119.592215, 39.136322], [-119.591893, 39.136416], [-119.591343, 39.136611], [-119.590946, 39.136769], [-119.590547, 39.136738], [-119.589593, 39.136609], [-119.588371, 39.136291], [-119.587316, 39.136094], [-119.586543, 39.136221], [-119.586125, 39.136414], [-119.585017, 39.136355], [-119.584731, 39.136512], [-119.584491, 39.136721], [-119.584094, 39.136846], [-119.583721, 39.137073], [-119.583014, 39.137234], [-119.582574, 39.137445], [-119.582223, 39.13762], [-119.581937, 39.137813], [-119.581675, 39.138056], [-119.581369, 39.138318], [-119.580975, 39.138683], [-119.58058, 39.138876], [-119.579796, 39.13909], [-119.579555, 39.139247], [-119.579181, 39.139405], [-119.578961, 39.139511], [-119.578721, 39.139789], [-119.578418, 39.140309], [-119.578201, 39.140569], [-119.578095, 39.14095], [-119.577639, 39.141574], [-119.577355, 39.141818], [-119.577158, 39.142044], [-119.57692, 39.142391], [-119.576592, 39.142739], [-119.576154, 39.143036], [-119.575914, 39.143296], [-119.575806, 39.143539], [-119.575587, 39.143696], [-119.575191, 39.143872], [-119.57484, 39.144099], [-119.574532, 39.144274], [-119.574201, 39.144346], [-119.573476, 39.144783], [-119.573081, 39.145045], [-119.57292, 39.145391], [-119.57268, 39.145635], [-119.572046, 39.145828]]}, "props": {"MTFCC": "S1500", "NAME": null}}, {"geom": {"type": "LineString", "coordinates": [[-119.551626, 39.093755], [-119.552364, 39.094628], [-119.552681, 39.094779], [-119.552921, 39.095084], [-119.553124, 39.095482], [-119.553365, 39.095817], [-119.553763, 39.09609], [-119.554398, 39.096454], [-119.555111, 39.096755], [-119.555507, 39.096874], [-119.555862, 39.096933], [-119.55606, 39.096962], [-119.556454, 39.096958], [-119.557124, 39.096984], [-119.557953, 39.097099], [-119.558153, 39.097343], [-119.558514, 39.097801], [-119.558873, 39.098074], [-119.559626, 39.098436], [-119.559908, 39.098864], [-119.560747, 39.099716], [-119.561065, 39.099929], [-119.561704, 39.100507], [-119.561865, 39.100812], [-119.562398, 39.102282], [-119.562523, 39.102802], [-119.562924, 39.10329], [-119.563283, 39.103564], [-119.563295, 39.104454], [-119.563654, 39.104789], [-119.56425, 39.105121], [-119.564487, 39.105181], [-119.564605, 39.10518], [-119.56535, 39.104866], [-119.565896, 39.104493], [-119.566364, 39.104121], [-119.566988, 39.103686], [-119.567495, 39.103252], [-119.568002, 39.10291], [-119.568432, 39.102661], [-119.569059, 39.10241], [-119.569766, 39.10225], [-119.570394, 39.102061], [-119.570862, 39.10175], [-119.570975, 39.10138], [-119.571242, 39.101216], [-119.571483, 39.101069], [-119.571951, 39.100727], [-119.572393, 39.100452], [-119.57285, 39.100167], [-119.57316, 39.099827], [-119.57343, 39.099425], [-119.573821, 39.099146], [-119.574409, 39.098956], [-119.57492, 39.09886], [-119.575548, 39.09867], [-119.576213, 39.098388]]}, "props": {"MTFCC": "S1500", "NAME": null}}, {"geom": {"type": "LineString", "coordinates": [[-119.781803, 39.180591], [-119.781103, 39.180594], [-119.780205, 39.180583], [-119.780052, 39.180588], [-119.779479, 39.180592], [-119.778996, 39.18059], [-119.77794, 39.180592], [-119.777822, 39.180599], [-119.777683, 39.180616], [-119.777541, 39.180647], [-119.777419, 39.180682], [-119.77731, 39.180729], [-119.777176, 39.180793], [-119.776989, 39.180972], [-119.776882, 39.181136], [-119.776732, 39.181458], [-119.776563, 39.181852], [-119.776499, 39.18196], [-119.776374, 39.182236], [-119.776051, 39.183006], [-119.775971, 39.183227], [-119.775916, 39.18351], [-119.775813, 39.184007], [-119.775665, 39.184956], [-119.775692, 39.185016], [-119.775711, 39.1851], [-119.775726, 39.185159], [-119.775784, 39.185282], [-119.775824, 39.185337], [-119.775871, 39.185389], [-119.775926, 39.18544], [-119.77599, 39.18549], [-119.776141, 39.185589], [-119.776225, 39.18564], [-119.776314, 39.185691], [-119.776409, 39.185744], [-119.776506, 39.185799], [-119.776604, 39.185855], [-119.776702, 39.185911], [-119.776799, 39.185966], [-119.776895, 39.18602], [-119.776989, 39.186073], [-119.777082, 39.186124], [-119.777173, 39.186175], [-119.777262, 39.186225], [-119.777349, 39.186275], [-119.777435, 39.186324], [-119.77769, 39.186468], [-119.777774, 39.186517], [-119.777859, 39.186567], [-119.777944, 39.186616], [-119.778002, 39.186649], [-119.778029, 39.186665], [-119.778114, 39.186715], [-119.778199, 39.186765], [-119.778283, 39.186815], [-119.778366, 39.186865], [-119.778447, 39.186913], [-119.778525, 39.186961], [-119.778598, 39.187006], [-119.778665, 39.187049], [-119.778727, 39.18709], [-119.77878, 39.187125], [-119.778825, 39.187156], [-119.778884, 39.187195], [-119.778928, 39.187228], [-119.778982, 39.187268]]}, "props": {"MTFCC": "S1400", "NAME": null}}, {"geom": {"type": "LineString", "coordinates": [[-119.776732, 39.181458], [-119.776458, 39.181412], [-119.775643, 39.181415]]}, "props": {"MTFCC": "S1400", "NAME": null}}, {"geom": {"type": "LineString", "coordinates": [[-119.774689, 39.180828], [-119.774628, 39.180786], [-119.774582, 39.180779], [-119.77446, 39.180786], [-119.774422, 39.180801], [-119.773918, 39.180801], [-119.773773, 39.180798], [-119.772842, 39.180801], [-119.771873, 39.180798], [-119.770927, 39.180801]]}, "props": {"MTFCC": "S1400", "NAME": null}}, {"geom": {"type": "LineString", "coordinates": [[-119.774673, 39.183411], [-119.774673, 39.180992], [-119.774704, 39.180939], [-119.774704, 39.180862], [-119.774689, 39.180828]]}, "props": {"MTFCC": "S1400", "NAME": null}}, {"geom": {"type": "LineString", "coordinates": [[-119.77581, 39.201321], [-119.775795, 39.201572], [-119.775795, 39.201859], [-119.775803, 39.201984]]}, "props": {"MTFCC": "S1400", "NAME": null}}, {"geom": {"type": "LineString", "coordinates": [[-119.773155, 39.202618], [-119.773148, 39.201519], [-119.773155, 39.201321]]}, "props": {"MTFCC": "S1400", "NAME": null}}, {"geom": {"type": "LineString", "coordinates": [[-119.769875, 39.201408], [-119.768837, 39.201416], [-119.768471, 39.201408], [-119.768173, 39.201416], [-119.767082, 39.201416]]}, "props": {"MTFCC": "S1400", "NAME": null}}, {"geom": {"type": "LineString", "coordinates": [[-119.754122, 39.190625], [-119.754196, 39.190691], [-119.754689, 39.19109], [-119.755067, 39.191353], [-119.755351, 39.191536], [-119.755614, 39.191704], [-119.756006, 39.1919], [-119.756279, 39.192024], [-119.75695, 39.192328], [-119.757353, 39.192503], [-119.7583, 39.192858], [-119.759153, 39.193101], [-119.759453, 39.193129]]}, "props": {"MTFCC": "S1630", "NAME": null}}, {"geom": {"type": "LineString", "coordinates": [[-119.756663, 39.189137], [-119.757075, 39.188984], [-119.758432, 39.189021], [-119.75907, 39.189013], [-119.759069, 39.189167], [-119.759027, 39.189282], [-119.758679, 39.189618], [-119.75813, 39.190225]]}, "props": {"MTFCC": "S1400", "NAME": null}}, {"geom": {"type": "LineString", "coordinates": [[-119.770035, 39.194035], [-119.770035, 39.192299], [-119.770065, 39.191669], [-119.77005, 39.190701], [-119.770004, 39.190502], [-119.769966, 39.190369], [-119.76992, 39.190128], [-119.76992, 39.19001], [-119.76992, 39.189461], [-119.769928, 39.189285], [-119.769913, 39.18906], [-119.769859, 39.188931], [-119.769806, 39.188858], [-119.769676, 39.188751], [-119.768661, 39.188148], [-119.768417, 39.187996], [-119.768295, 39.187885], [-119.768227, 39.187782], [-119.768158, 39.187656], [-119.768125, 39.187506], [-119.768112, 39.187416], [-119.76815, 39.186932], [-119.768166, 39.186504]]}, "props": {"MTFCC": "S1400", "NAME": null}}, {"geom": {"type": "LineString", "coordinates": [[-119.767128, 39.180428], [-119.766955, 39.181127], [-119.767481, 39.181264]]}, "props": {"MTFCC": "S1630", "NAME": null}}, {"geom": {"type": "LineString", "coordinates": [[-119.768166, 39.180042], [-119.768142, 39.180041], [-119.768059, 39.179989], [-119.768013, 39.179832], [-119.767891, 39.179199]]}, "props": {"MTFCC": "S1400", "NAME": null}}, {"geom": {"type": "LineString", "coordinates": [[-119.760475, 39.145088], [-119.760475, 39.14521], [-119.760468, 39.145233], [-119.760475, 39.145267], [-119.760468, 39.145748], [-119.760475, 39.145939], [-119.760468, 39.146011], [-119.760475, 39.146503]]}, "props": {"MTFCC": "S1400", "NAME": null}}, {"geom": {"type": "LineString", "coordinates": [[-119.763499, 39.144952], [-119.763504, 39.144932], [-119.763527, 39.144768], [-119.763527, 39.14439]]}, "props": {"MTFCC": "S1400", "NAME": null}}, {"geom": {"type": "LineString", "coordinates": [[-119.76445, 39.146515], [-119.76446, 39.146404], [-119.764458, 39.143272]]}, "props": {"MTFCC": "S1400", "NAME": null}}, {"geom": {"type": "LineString", "coordinates": [[-119.759956, 39.141876], [-119.759956, 39.14164], [-119.759918, 39.141514], [-119.75988, 39.141434], [-119.759857, 39.141407], [-119.759819, 39.141342], [-119.759697, 39.141216], [-119.758659, 39.140301], [-119.758606, 39.14027]]}, "props": {"MTFCC": "S1400", "NAME": null}}, {"geom": {"type": "LineString", "coordinates": [[-119.755058, 39.141083], [-119.755058, 39.140728], [-119.755058, 39.14003], [-119.755058, 39.139637], [-119.755066, 39.1395], [-119.755058, 39.139439], [-119.755066, 39.139328], [-119.755066, 39.138832], [-119.755074, 39.138809], [-119.755089, 39.138603], [-119.755104, 39.137737], [-119.755104, 39.136871], [-119.755104, 39.136093]]}, "props": {"MTFCC": "S1400", "NAME": null}}, {"geom": {"type": "LineString", "coordinates": [[-119.755363, 39.147953], [-119.755379, 39.147831], [-119.755377, 39.14671], [-119.755373, 39.146683], [-119.755288, 39.146536], [-119.755209, 39.146428], [-119.755211, 39.146149], [-119.755196, 39.146095], [-119.755165, 39.14603], [-119.755096, 39.145966], [-119.754639, 39.145596], [-119.754509, 39.145481], [-119.754471, 39.145428], [-119.754372, 39.145233], [-119.754219, 39.144878], [-119.754204, 39.144806], [-119.754204, 39.144756], [-119.754196, 39.144733], [-119.754204, 39.144363], [-119.754204, 39.143261]]}, "props": {"MTFCC": "S1400", "NAME": null}}, {"geom": {"type": "LineString", "coordinates": [[-119.768457, 39.139288], [-119.768746, 39.139312]]}, "props": {"MTFCC": "S1400", "NAME": null}}, {"geom": {"type": "LineString", "coordinates": [[-119.771264, 39.135714], [-119.771252, 39.137009], [-119.771257, 39.137632], [-119.771264, 39.138325], [-119.77129, 39.139644], [-119.771291, 39.140096], [-119.771293, 39.140963]]}, "props": {"MTFCC": "S1400", "NAME": null}}, {"geom": {"type": "LineString", "coordinates": [[-119.774369, 39.137009], [-119.774424, 39.137088], [-119.774443, 39.137214], [-119.774338, 39.138336]]}, "props": {"MTFCC": "S1400", "NAME": null}}, {"geom": {"type": "LineString", "coordinates": [[-119.775131, 39.123013], [-119.775162, 39.123299], [-119.775169, 39.123703], [-119.775157, 39.123871], [-119.775154, 39.123913], [-119.775161, 39.124004], [-119.775169, 39.124348], [-119.775162, 39.124786], [-119.775161, 39.12571], [-119.775161, 39.12613], [-119.775154, 39.126275], [-119.775163, 39.126556], [-119.775154, 39.126594], [-119.775154, 39.126633], [-119.775124, 39.12751], [-119.775118, 39.128388], [-119.775108, 39.129808]]}, "props": {"MTFCC": "S1400", "NAME": null}}, {"geom": {"type": "LineString", "coordinates": [[-119.734227, 39.168614], [-119.733664, 39.168608], [-119.733495, 39.16861], [-119.731827, 39.168602], [-119.730896, 39.168598], [-119.729965, 39.168594], [-119.729012, 39.168591], [-119.728073, 39.168583], [-119.72718, 39.168583], [-119.726295, 39.168575], [-119.725358, 39.168575], [-119.724069, 39.168563]]}, "props": {"MTFCC": "S1400", "NAME": null}}, {"geom": {"type": "LineString", "coordinates": [[-119.728058, 39.17075], [-119.728989, 39.170753], [-119.729942, 39.170757], [-119.730881, 39.170761], [-119.731628, 39.170769], [-119.731812, 39.170765], [-119.734344, 39.17078], [-119.734596, 39.170776]]}, "props": {"MTFCC": "S1400", "NAME": null}}, {"geom": {"type": "LineString", "coordinates": [[-119.728989, 39.170753], [-119.729012, 39.168591]]}, "props": {"MTFCC": "S1400", "NAME": null}}, {"geom": {"type": "LineString", "coordinates": [[-119.729942, 39.170757], [-119.729965, 39.168594]]}, "props": {"MTFCC": "S1400", "NAME": null}}, {"geom": {"type": "LineString", "coordinates": [[-119.769285, 39.136255], [-119.768988, 39.136193]]}, "props": {"MTFCC": "S1400", "NAME": null}}, {"geom": {"type": "LineString", "coordinates": [[-119.761068, 39.12231], [-119.761156, 39.122412], [-119.761173, 39.122979], [-119.761169, 39.124603], [-119.761177, 39.124783], [-119.761176, 39.125053], [-119.761167, 39.12538], [-119.761169, 39.125694], [-119.761169, 39.126591], [-119.761177, 39.127501], [-119.761177, 39.128391], [-119.761164, 39.130235], [-119.761163, 39.13199], [-119.761163, 39.132675], [-119.761189, 39.133841]]}, "props": {"MTFCC": "S1400", "NAME": null}}, {"geom": {"type": "LineString", "coordinates": [[-119.758969, 39.122317], [-119.758901, 39.122391], [-119.75885, 39.122967], [-119.75887, 39.124654], [-119.758858, 39.124779], [-119.758858, 39.126591], [-119.758835, 39.128373], [-119.758847, 39.130235], [-119.75885, 39.132], [-119.758858, 39.132381], [-119.75885, 39.132698], [-119.75885, 39.133686], [-119.758865, 39.133835]]}, "props": {"MTFCC": "S1400", "NAME": null}}, {"geom": {"type": "LineString", "coordinates": [[-119.764862, 39.135598], [-119.76547, 39.135601]]}, "props": {"MTFCC": "S1400", "NAME": null}}, {"geom": {"type": "LineString", "coordinates": [[-119.764276, 39.134026], [-119.7637, 39.134023], [-119.763694, 39.135587], [-119.764271, 39.135592]]}, "props": {"MTFCC": "S1400", "NAME": null}}, {"geom": {"type": "LineString", "coordinates": [[-119.769763, 39.131127], [-119.767754, 39.131116], [-119.766136, 39.131115], [-119.764542, 39.131107], [-119.763726, 39.131107], [-119.763512, 39.131107]]}, "props": {"MTFCC": "S1400", "NAME": null}}, {"geom": {"type": "LineString", "coordinates": [[-119.75779, 39.136108], [-119.75779, 39.137035], [-119.757782, 39.137497], [-119.757782, 39.138081], [-119.757813, 39.138184], [-119.757843, 39.138248], [-119.757881, 39.138302], [-119.757942, 39.138351], [-119.757957, 39.138371], [-119.758041, 39.138424], [-119.758156, 39.13847], [-119.758514, 39.138557], [-119.759369, 39.138763]]}, "props": {"MTFCC": "S1400", "NAME": null}}, {"geom": {"type": "LineString", "coordinates": [[-119.763519, 39.136826], [-119.760025, 39.136818]]}, "props": {"MTFCC": "S1400", "NAME": null}}, {"geom": {"type": "LineString", "coordinates": [[-119.752464, 39.138599], [-119.753342, 39.138596], [-119.755089, 39.138603], [-119.755684, 39.138599], [-119.755775, 39.138577], [-119.755844, 39.138546]]}, "props": {"MTFCC": "S1400", "NAME": null}}, {"geom": {"type": "LineString", "coordinates": [[-119.75659, 39.130197], [-119.758847, 39.130235], [-119.761164, 39.130235]]}, "props": {"MTFCC": "S1400", "NAME": null}}, {"geom": {"type": "LineString", "coordinates": [[-119.762154, 39.133308], [-119.762155, 39.132801], [-119.762146, 39.132653], [-119.762164, 39.131958], [-119.762144, 39.131265], [-119.762159, 39.130583], [-119.76215, 39.129883]]}, "props": {"MTFCC": "S1400", "NAME": null}}, {"geom": {"type": "LineString", "coordinates": [[-119.750417, 39.13737], [-119.747701, 39.137407]]}, "props": {"MTFCC": "S1400", "NAME": null}}, {"geom": {"type": "LineString", "coordinates": [[-119.74765, 39.13599], [-119.74768, 39.136699], [-119.747701, 39.137407], [-119.747697, 39.137887], [-119.747673, 39.138301], [-119.747681, 39.138603], [-119.747681, 39.139309], [-119.74769, 39.139859], [-119.747671, 39.139962], [-119.747703, 39.140021], [-119.747803, 39.140041]]}, "props": {"MTFCC": "S1400", "NAME": null}}, {"geom": {"type": "LineString", "coordinates": [[-119.743658, 39.196669], [-119.742722, 39.197376], [-119.742607, 39.197483], [-119.742508, 39.197605], [-119.742386, 39.197598], [-119.742188, 39.197601], [-119.741753, 39.197655], [-119.741547, 39.197685], [-119.741325, 39.197712], [-119.741173, 39.197723], [-119.740921, 39.197762], [-119.740234, 39.197845], [-119.740153, 39.197856], [-119.739929, 39.197887], [-119.7397, 39.197941], [-119.739418, 39.198036], [-119.739151, 39.198151], [-119.738914, 39.198277], [-119.738609, 39.19849], [-119.737961, 39.198994], [-119.737877, 39.19907], [-119.737663, 39.19923], [-119.737228, 39.199566], [-119.737007, 39.199718], [-119.736786, 39.199791], [-119.736465, 39.199833], [-119.736427, 39.199833]]}, "props": {"MTFCC": "S1400", "NAME": null}}, {"geom": {"type": "LineString", "coordinates": [[-119.742538, 39.143791], [-119.742126, 39.143799], [-119.740736, 39.143792], [-119.740669, 39.143792], [-119.739532, 39.143787], [-119.739265, 39.14378], [-119.739044, 39.14378]]}, "props": {"MTFCC": "S1400", "NAME": null}}, {"geom": {"type": "LineString", "coordinates": [[-119.745971, 39.144625], [-119.74411, 39.144623], [-119.742538, 39.144615]]}, "props": {"MTFCC": "S1400", "NAME": null}}, {"geom": {"type": "LineString", "coordinates": [[-119.770593, 39.115902], [-119.770576, 39.115915], [-119.770566, 39.116004], [-119.770562, 39.11624], [-119.770577, 39.116353], [-119.770592, 39.116371]]}, "props": {"MTFCC": "S1400", "NAME": null}}, {"geom": {"type": "LineString", "coordinates": [[-119.704582, 39.10683], [-119.704502, 39.106639], [-119.704467, 39.106337], [-119.704404, 39.106082], [-119.704146, 39.104922], [-119.703929, 39.104412], [-119.703687, 39.104182], [-119.703504, 39.103928], [-119.703319, 39.103535], [-119.703135, 39.103234], [-119.70286, 39.102842], [-119.702733, 39.102378], [-119.702606, 39.101891], [-119.702481, 39.101543], [-119.702358, 39.101288], [-119.702323, 39.100963], [-119.702289, 39.100708], [-119.702106, 39.10043], [-119.701952, 39.100176], [-119.702008, 39.09992], [-119.702004, 39.099641], [-119.701616, 39.097761], [-119.70161, 39.097366], [-119.701545, 39.097087], [-119.701362, 39.096787], [-119.701292, 39.096136], [-119.701285, 39.095695], [-119.701339, 39.095345], [-119.701423, 39.094972], [-119.701417, 39.094624], [-119.701441, 39.094275], [-119.701526, 39.093995], [-119.701732, 39.09376], [-119.702082, 39.093292], [-119.702226, 39.092965], [-119.702461, 39.092707], [-119.702873, 39.092331], [-119.703109, 39.092143], [-119.703403, 39.091884], [-119.703581, 39.091812], [-119.703758, 39.091694], [-119.704022, 39.091436], [-119.704196, 39.091109], [-119.70443, 39.090804], [-119.704664, 39.090523], [-119.70484, 39.090289], [-119.704898, 39.090172], [-119.704966, 39.090125]]}, "props": {"MTFCC": "S1500", "NAME": null}}, {"geom": {"type": "LineString", "coordinates": [[-119.894175, 39.112826], [-119.894193, 39.112839], [-119.89431, 39.113197], [-119.894192, 39.113904], [-119.894427, 39.114451], [-119.894398, 39.114714], [-119.894393, 39.114732], [-119.89425, 39.114976], [-119.892517, 39.115891], [-119.891871, 39.116851], [-119.890902, 39.117171], [-119.89052, 39.117468], [-119.890368, 39.118218], [-119.890344, 39.118337], [-119.889844, 39.118771], [-119.888376, 39.119], [-119.887994, 39.119297], [-119.88729, 39.119159], [-119.886762, 39.118793], [-119.886263, 39.118267], [-119.886057, 39.118198], [-119.88547, 39.118267], [-119.885059, 39.118793], [-119.884706, 39.11893], [-119.883855, 39.118723], [-119.883092, 39.118838], [-119.882739, 39.119112], [-119.882475, 39.119661], [-119.882503, 39.120553], [-119.883002, 39.121079], [-119.883325, 39.121559], [-119.88353, 39.122543], [-119.884117, 39.122863], [-119.884116, 39.123481], [-119.884468, 39.12371], [-119.884556, 39.123938], [-119.884535, 39.124115], [-119.884443, 39.124908], [-119.884441, 39.12495], [-119.884415, 39.125381], [-119.884395, 39.125717], [-119.884392, 39.125759], [-119.883292, 39.126042], [-119.883093, 39.126065], [-119.882955, 39.126028]]}, "props": {"MTFCC": "S1500", "NAME": null}}, {"geom": {"type": "LineString", "coordinates": [[-119.842583, 39.114523], [-119.841908, 39.114889]]}, "props": {"MTFCC": "S1400", "NAME": null}}, {"geom": {"type": "LineString", "coordinates": [[-119.841908, 39.114889], [-119.8417, 39.115625], [-119.841104, 39.116226]]}, "props": {"MTFCC": "S1400", "NAME": null}}, {"geom": {"type": "LineString", "coordinates": [[-119.765785, 39.197334], [-119.765788, 39.197383], [-119.765788, 39.197433], [-119.765816, 39.19846]]}, "props": {"MTFCC": "S1740", "NAME": null}}, {"geom": {"type": "LineString", "coordinates": [[-119.765289, 39.19501], [-119.765617, 39.195014]]}, "props": {"MTFCC": "S1400", "NAME": null}}, {"geom": {"type": "LineString", "coordinates": [[-119.778206, 39.168644], [-119.778219, 39.168427], [-119.778214, 39.168175], [-119.778221, 39.167484], [-119.778221, 39.167114], [-119.778229, 39.166924], [-119.778244, 39.166794]]}, "props": {"MTFCC": "S1400", "NAME": null}}, {"geom": {"type": "LineString", "coordinates": [[-119.784306, 39.123699], [-119.784478, 39.12421]]}, "props": {"MTFCC": "S1400", "NAME": null}}, {"geom": {"type": "LineString", "coordinates": [[-119.773931, 39.121378], [-119.774207, 39.121391], [-119.774321, 39.121391]]}, "props": {"MTFCC": "S1740", "NAME": null}}, {"geom": {"type": "LineString", "coordinates": [[-119.77303, 39.122118], [-119.775227, 39.122102]]}, "props": {"MTFCC": "S1400", "NAME": null}}, {"geom": {"type": "LineString", "coordinates": [[-119.754648, 39.178644], [-119.754998, 39.178789]]}, "props": {"MTFCC": "S1400", "NAME": null}}, {"geom": {"type": "LineString", "coordinates": [[-119.755043, 39.177718], [-119.754614, 39.177765]]}, "props": {"MTFCC": "S1400", "NAME": null}}, {"geom": {"type": "LineString", "coordinates": [[-119.759636, 39.1679], [-119.758156, 39.167892], [-119.757431, 39.167892], [-119.756671, 39.167894], [-119.753922, 39.167889], [-119.752663, 39.167892]]}, "props": {"MTFCC": "S1400", "NAME": null}}, {"geom": {"type": "LineString", "coordinates": [[-119.747215, 39.177731], [-119.747314, 39.177856], [-119.747383, 39.177971], [-119.747543, 39.178177], [-119.747658, 39.178257], [-119.747711, 39.178276], [-119.747795, 39.178284], [-119.747857, 39.178276], [-119.747978, 39.178253], [-119.748413, 39.178066], [-119.748535, 39.178024], [-119.748672, 39.178001], [-119.748833, 39.178001], [-119.749054, 39.178032], [-119.749268, 39.178066], [-119.749535, 39.178146], [-119.749695, 39.178181], [-119.750839, 39.178181], [-119.751747, 39.178185]]}, "props": {"MTFCC": "S1400", "NAME": null}}, {"geom": {"type": "LineString", "coordinates": [[-119.750782, 39.174201], [-119.750791, 39.174944]]}, "props": {"MTFCC": "S1400", "NAME": null}}, {"geom": {"type": "LineString", "coordinates": [[-119.734825, 39.186672], [-119.734682, 39.186891], [-119.734687, 39.187077], [-119.734785, 39.187337], [-119.734764, 39.188432], [-119.735252, 39.188725]]}, "props": {"MTFCC": "S1400", "NAME": null}}, {"geom": {"type": "LineString", "coordinates": [[-119.737905, 39.171911], [-119.737904, 39.17314], [-119.737914, 39.174886], [-119.737952, 39.175411], [-119.738343, 39.176373], [-119.738672, 39.17661], [-119.739074, 39.176693], [-119.739372, 39.176678], [-119.739905, 39.176684], [-119.740344, 39.176738], [-119.740627, 39.176857], [-119.741157, 39.177323], [-119.741594, 39.17791], [-119.741842, 39.178376], [-119.742017, 39.178722], [-119.742169, 39.179022], [-119.742226, 39.179172]]}, "props": {"MTFCC": "S1400", "NAME": null}}, {"geom": {"type": "LineString", "coordinates": [[-119.739563, 39.178398], [-119.739563, 39.17794]]}, "props": {"MTFCC": "S1400", "NAME": null}}, {"geom": {"type": "LineString", "coordinates": [[-119.74777, 39.142206], [-119.748032, 39.142418], [-119.74836, 39.142643], [-119.748718, 39.142769], [-119.748878, 39.142803], [-119.749084, 39.142818], [-119.749542, 39.142818], [-119.750427, 39.142815], [-119.751305, 39.142822], [-119.751884, 39.142818]]}, "props": {"MTFCC": "S1400", "NAME": null}}, {"geom": {"type": "LineString", "coordinates": [[-119.723267, 39.186951], [-119.723251, 39.186924], [-119.723206, 39.186905], [-119.722313, 39.186901], [-119.721313, 39.186893], [-119.720924, 39.186886], [-119.720581, 39.186893], [-119.720451, 39.186924], [-119.72039, 39.186954], [-119.720329, 39.187], [-119.720276, 39.18705], [-119.720222, 39.187145], [-119.720207, 39.187283], [-119.720207, 39.187656], [-119.720215, 39.187763]]}, "props": {"MTFCC": "S1400", "NAME": null}}, {"geom": {"type": "LineString", "coordinates": [[-119.886212, 39.157539], [-119.8861, 39.157465], [-119.885937, 39.157281], [-119.885663, 39.156829], [-119.885474, 39.156686], [-119.885627, 39.156291], [-119.885649, 39.156084], [-119.885407, 39.155921], [-119.885245, 39.155799], [-119.88495, 39.155616], [-119.884759, 39.155349], [-119.88473, 39.155225], [-119.884566, 39.154999], [-119.884351, 39.154877], [-119.884137, 39.154797], [-119.884028, 39.154653], [-119.883945, 39.154447], [-119.883888, 39.154241], [-119.883646, 39.154099], [-119.883645, 39.154037]]}, "props": {"MTFCC": "S1500", "NAME": null}}, {"geom": {"type": "LineString", "coordinates": [[-119.822592, 39.178641], [-119.822806, 39.17869], [-119.822899, 39.178707], [-119.822973, 39.178735], [-119.823147, 39.17882], [-119.823304, 39.178909], [-119.823403, 39.178943], [-119.823581, 39.178992], [-119.823691, 39.179007], [-119.823731, 39.178996], [-119.823749, 39.178977], [-119.823777, 39.178934], [-119.823787, 39.178899], [-119.823765, 39.178851], [-119.82375, 39.178827], [-119.823607, 39.178606], [-119.823575, 39.178565], [-119.823558, 39.178495], [-119.823548, 39.178413], [-119.823558, 39.178363], [-119.823588, 39.178281], [-119.823627, 39.178243], [-119.823688, 39.178206], [-119.823915, 39.178097], [-119.824036, 39.178055], [-119.824191, 39.178043], [-119.824535, 39.178043], [-119.824652, 39.178048], [-119.824802, 39.178064], [-119.824958, 39.178089], [-119.82527, 39.17819], [-119.825643, 39.178186], [-119.826254, 39.178159], [-119.826784, 39.178029], [-119.827339, 39.177796], [-119.827972, 39.177457], [-119.829046, 39.176967], [-119.82908, 39.176965], [-119.829752, 39.176869], [-119.831928, 39.176005], [-119.833016, 39.176117], [-119.833576, 39.176405], [-119.834552, 39.176501], [-119.835512, 39.176533], [-119.836152, 39.176373], [-119.836792, 39.176501], [-119.837624, 39.176645], [-119.837864, 39.176933], [-119.83772, 39.177221], [-119.83708, 39.177445], [-119.835816, 39.177397], [-119.835352, 39.177765], [-119.835048, 39.178133], [-119.834728, 39.178309], [-119.834136, 39.178229], [-119.833704, 39.178437], [-119.833384, 39.178757], [-119.833384, 39.178981], [-119.833864, 39.179397], [-119.834137, 39.179813], [-119.834441, 39.180357], [-119.834969, 39.180597], [-119.835705, 39.180581], [-119.836233, 39.180789], [-119.837001, 39.181157], [-119.837385, 39.181413], [-119.837625, 39.181717], [-119.838153, 39.181605], [-119.839321, 39.181957], [-119.840249, 39.182469], [-119.841049, 39.183333], [-119.841353, 39.183941], [-119.841449, 39.184373], [-119.841577, 39.184789], [-119.841369, 39.184837], [-119.840553, 39.185157], [-119.841641, 39.185637], [-119.842409, 39.185797], [-119.843257, 39.185717], [-119.843465, 39.185861], [-119.843913, 39.186421], [-119.844681, 39.186949], [-119.845273, 39.187205], [-119.845753, 39.188005], [-119.846057, 39.188725], [-119.846473, 39.188949], [-119.847113, 39.188357], [-119.847545, 39.188549], [-119.848217, 39.188453], [-119.851465, 39.187861], [-119.851689, 39.187429], [-119.851833, 39.186853], [-119.852169, 39.186597], [-119.852517, 39.186212], [-119.85263, 39.185936], [-119.852711, 39.18555]]}, "props": {"MTFCC": "S1500", "NAME": null}}, {"geom": {"type": "LineString", "coordinates": [[-119.731712, 39.18642], [-119.73172, 39.186596], [-119.731712, 39.186613], [-119.731712, 39.187828], [-119.731705, 39.187871], [-119.731705, 39.188152], [-119.731712, 39.188232], [-119.731705, 39.188496], [-119.731705, 39.188873], [-119.731712, 39.188965], [-119.731705, 39.190159]]}, "props": {"MTFCC": "S1400", "NAME": null}}, {"geom": {"type": "LineString", "coordinates": [[-119.723801, 39.176979], [-119.723221, 39.176979], [-119.722336, 39.176979], [-119.721458, 39.176983], [-119.720795, 39.176983]]}, "props": {"MTFCC": "S1400", "NAME": null}}, {"geom": {"type": "LineString", "coordinates": [[-119.716559, 39.178053], [-119.716432, 39.177996], [-119.716284, 39.17793], [-119.715399, 39.177521]]}, "props": {"MTFCC": "S1400", "NAME": null}}, {"geom": {"type": "LineString", "coordinates": [[-119.709831, 39.193455], [-119.714548, 39.193398], [-119.71658, 39.193559]]}, "props": {"MTFCC": "S1400", "NAME": null}}, {"geom": {"type": "LineString", "coordinates": [[-119.768423, 39.219398], [-119.768757, 39.220094], [-119.769473, 39.220499], [-119.770872, 39.220961]]}, "props": {"MTFCC": "S1400", "NAME": null}}, {"geom": {"type": "LineString", "coordinates": [[-119.754873, 39.153491], [-119.754888, 39.153506], [-119.755099, 39.153788], [-119.755188, 39.153925], [-119.755273, 39.154089], [-119.755348, 39.154316], [-119.755409, 39.154533], [-119.75544, 39.154766], [-119.755447, 39.154911], [-119.755447, 39.155224], [-119.755455, 39.155598], [-119.755455, 39.155743], [-119.755447, 39.155781], [-119.755455, 39.155899], [-119.755455, 39.156288], [-119.755455, 39.156971], [-119.755455, 39.157173], [-119.755463, 39.157352]]}, "props": {"MTFCC": "S1400", "NAME": null}}, {"geom": {"type": "LineString", "coordinates": [[-119.755455, 39.156288], [-119.756096, 39.156284]]}, "props": {"MTFCC": "S1400", "NAME": null}}, {"geom": {"type": "LineString", "coordinates": [[-119.76075, 39.155277], [-119.760748, 39.155223], [-119.760746, 39.155173], [-119.760748, 39.155127], [-119.76075, 39.155078], [-119.760748, 39.155028], [-119.760754, 39.154971], [-119.760747, 39.154925], [-119.760736, 39.154867], [-119.760731, 39.154818], [-119.760747, 39.15477], [-119.76076, 39.154716], [-119.760769, 39.154661], [-119.760768, 39.154607], [-119.76077, 39.154557], [-119.760771, 39.154504], [-119.760769, 39.154455], [-119.760773, 39.154385], [-119.760777, 39.15434], [-119.760783, 39.154295], [-119.760783, 39.154241], [-119.760782, 39.154214], [-119.760748, 39.154175]]}, "props": {"MTFCC": "S1400", "NAME": null}}, {"geom": {"type": "LineString", "coordinates": [[-119.755463, 39.157352], [-119.756628, 39.157371], [-119.756681, 39.156349], [-119.756731, 39.156257], [-119.75697, 39.156025], [-119.757192, 39.156086], [-119.757384, 39.156124], [-119.75762, 39.156133], [-119.757862, 39.156124], [-119.758047, 39.156117], [-119.758401, 39.156114], [-119.758761, 39.156121], [-119.759152, 39.156129], [-119.759335, 39.156053]]}, "props": {"MTFCC": "S1400", "NAME": null}}, {"geom": {"type": "LineString", "coordinates": [[-119.739444, 39.22275], [-119.7394, 39.222778], [-119.739426, 39.222796]]}, "props": {"MTFCC": "S1400", "NAME": null}}, {"geom": {"type": "LineString", "coordinates": [[-119.772881, 39.170761], [-119.773811, 39.170761]]}, "props": {"MTFCC": "S1400", "NAME": null}}, {"geom": {"type": "LineString", "coordinates": [[-119.769905, 39.178207], [-119.769058, 39.178204], [-119.769035, 39.1782], [-119.769028, 39.178188]]}, "props": {"MTFCC": "S1400", "NAME": null}}, {"geom": {"type": "LineString", "coordinates": [[-119.773811, 39.168518], [-119.773811, 39.168369]]}, "props": {"MTFCC": "S1400", "NAME": null}}, {"geom": {"type": "LineString", "coordinates": [[-119.719666, 39.17754], [-119.720482, 39.177883], [-119.720711, 39.177959], [-119.720886, 39.177994], [-119.7211, 39.178024], [-119.721458, 39.178032]]}, "props": {"MTFCC": "S1400", "NAME": null}}, {"geom": {"type": "LineString", "coordinates": [[-119.794589, 39.164952], [-119.794203, 39.165112]]}, "props": {"MTFCC": "S1400", "NAME": null}}, {"geom": {"type": "LineString", "coordinates": [[-119.795927, 39.163953], [-119.796056, 39.163988], [-119.796189, 39.164013], [-119.796336, 39.164007], [-119.796484, 39.163971], [-119.796591, 39.16392], [-119.796661, 39.163852], [-119.796717, 39.163748]]}, "props": {"MTFCC": "S1400", "NAME": null}}, {"geom": {"type": "LineString", "coordinates": [[-119.76676, 39.190013], [-119.766705, 39.190348]]}, "props": {"MTFCC": "S1400", "NAME": null}}, {"geom": {"type": "LineString", "coordinates": [[-119.604107, 39.194959], [-119.603843, 39.19486], [-119.603706, 39.194619], [-119.60346, 39.194449], [-119.603082, 39.194349], [-119.602305, 39.194252], [-119.601883, 39.19417], [-119.601482, 39.194052], [-119.601149, 39.194004], [-119.600792, 39.193886], [-119.59986, 39.193773], [-119.599415, 39.193657], [-119.599103, 39.193539], [-119.598837, 39.193506], [-119.598437, 39.193475], [-119.598216, 39.193477], [-119.59786, 39.193377], [-119.597458, 39.193174], [-119.597079, 39.193022], [-119.596835, 39.192972], [-119.596657, 39.192922], [-119.596566, 39.192802], [-119.596387, 39.192648], [-119.596187, 39.192598], [-119.596031, 39.1926], [-119.595654, 39.192586], [-119.595054, 39.192453], [-119.594455, 39.192424], [-119.593924, 39.192091]]}, "props": {"MTFCC": "S1500", "NAME": null}}, {"geom": {"type": "LineString", "coordinates": [[-119.934507, 39.128134], [-119.93496, 39.127968], [-119.93539, 39.12766], [-119.935728, 39.127352], [-119.936201, 39.126882], [-119.936584, 39.12652], [-119.936942, 39.126069], [-119.93744, 39.125688], [-119.937823, 39.125362], [-119.938039, 39.125026]]}, "props": {"MTFCC": "S1500", "NAME": null}}, {"geom": {"type": "LineString", "coordinates": [[-119.771917, 39.191394], [-119.771291, 39.191619], [-119.770601, 39.19161]]}, "props": {"MTFCC": "S1400", "NAME": null}}, {"geom": {"type": "LineString", "coordinates": [[-119.768482, 39.197836], [-119.768888, 39.197847]]}, "props": {"MTFCC": "S1400", "NAME": null}}, {"geom": {"type": "LineString", "coordinates": [[-119.76841, 39.196991], [-119.7686, 39.196945], [-119.768684, 39.196938], [-119.768814, 39.196938], [-119.768875, 39.19693], [-119.769127, 39.196922], [-119.769875, 39.196918]]}, "props": {"MTFCC": "S1400", "NAME": null}}, {"geom": {"type": "LineString", "coordinates": [[-119.78833, 39.17725], [-119.789742, 39.178047], [-119.790164, 39.178272]]}, "props": {"MTFCC": "S1400", "NAME": null}}, {"geom": {"type": "LineString", "coordinates": [[-119.772407, 39.124757], [-119.772319, 39.126611]]}, "props": {"MTFCC": "S1400", "NAME": null}}, {"geom": {"type": "LineString", "coordinates": [[-119.771076, 39.122957], [-119.77074, 39.124608], [-119.770698, 39.124811], [-119.770658, 39.125246], [-119.770525, 39.125969], [-119.77045, 39.12638], [-119.770437, 39.126451], [-119.770416, 39.12648]]}, "props": {"MTFCC": "S1400", "NAME": null}}, {"geom": {"type": "LineString", "coordinates": [[-119.757303, 39.117976], [-119.757095, 39.118294]]}, "props": {"MTFCC": "S1400", "NAME": null}}, {"geom": {"type": "LineString", "coordinates": [[-119.759896, 39.179272], [-119.759888, 39.181277], [-119.759866, 39.18141], [-119.759824, 39.18154], [-119.759761, 39.181665], [-119.75968, 39.181783], [-119.759565, 39.181907], [-119.759447, 39.182005], [-119.759314, 39.18209], [-119.759275, 39.182111], [-119.759212, 39.182144], [-119.75873, 39.182372], [-119.758097, 39.182672], [-119.757991, 39.182727], [-119.757901, 39.18278], [-119.757813, 39.182838], [-119.757705, 39.182918], [-119.757628, 39.182982], [-119.757487, 39.18312], [-119.757424, 39.183193], [-119.757346, 39.183296], [-119.757296, 39.183372], [-119.75725, 39.183453], [-119.757198, 39.183563], [-119.756805, 39.184585], [-119.756265, 39.186017], [-119.756264, 39.186361]]}, "props": {"MTFCC": "S1400", "NAME": null}}, {"geom": {"type": "LineString", "coordinates": [[-119.746575, 39.099258], [-119.749139, 39.10228], [-119.749345, 39.102397], [-119.74931, 39.102536], [-119.74865, 39.103028], [-119.749283, 39.105886], [-119.749317, 39.106012], [-119.749185, 39.106912], [-119.747786, 39.10692], [-119.747786, 39.107044]]}, "props": {"MTFCC": "S1400", "NAME": null}}, {"geom": {"type": "LineString", "coordinates": [[-119.815247, 39.116739], [-119.815249, 39.116679], [-119.815252, 39.116623], [-119.815258, 39.116564], [-119.815245, 39.116499], [-119.815216, 39.116437], [-119.815162, 39.116375], [-119.815084, 39.116312], [-119.814996, 39.116254], [-119.814912, 39.116202], [-119.814764, 39.116095], [-119.814724, 39.116054], [-119.814678, 39.115969]]}, "props": {"MTFCC": "S1400", "NAME": null}}, {"geom": {"type": "LineString", "coordinates": [[-119.752441, 39.14653], [-119.752441, 39.147053], [-119.752441, 39.14739]]}, "props": {"MTFCC": "S1400", "NAME": null}}, {"geom": {"type": "LineString", "coordinates": [[-119.752441, 39.147846], [-119.753341, 39.148009]]}, "props": {"MTFCC": "S1400", "NAME": null}}, {"geom": {"type": "LineString", "coordinates": [[-119.751938, 39.147915], [-119.752373, 39.147915], [-119.752411, 39.147896], [-119.752441, 39.147846]]}, "props": {"MTFCC": "S1400", "NAME": null}}, {"geom": {"type": "LineString", "coordinates": [[-119.763324, 39.187584], [-119.763344, 39.188549], [-119.763294, 39.188773], [-119.761836, 39.188795], [-119.761533, 39.188822]]}, "props": {"MTFCC": "S1400", "NAME": null}}, {"geom": {"type": "LineString", "coordinates": [[-119.761533, 39.188822], [-119.761532, 39.187427]]}, "props": {"MTFCC": "S1400", "NAME": null}}, {"geom": {"type": "LineString", "coordinates": [[-119.763896, 39.184859], [-119.763608, 39.184969], [-119.76357, 39.185177], [-119.763512, 39.185637], [-119.763471, 39.185818]]}, "props": {"MTFCC": "S1400", "NAME": null}}, {"geom": {"type": "LineString", "coordinates": [[-119.765121, 39.177235], [-119.76403, 39.177227], [-119.762844, 39.177231]]}, "props": {"MTFCC": "S1400", "NAME": null}}, {"geom": {"type": "LineString", "coordinates": [[-119.765602, 39.18261], [-119.765465, 39.182571], [-119.764687, 39.182579], [-119.764603, 39.182571], [-119.762985, 39.182587], [-119.762642, 39.182583], [-119.761978, 39.182545], [-119.761734, 39.182537], [-119.761766, 39.182283], [-119.762591, 39.182123], [-119.762698, 39.182172]]}, "props": {"MTFCC": "S1400", "NAME": null}}, {"geom": {"type": "LineString", "coordinates": [[-119.751495, 39.184115], [-119.750714, 39.184703], [-119.749788, 39.1854]]}, "props": {"MTFCC": "S1400", "NAME": null}}, {"geom": {"type": "LineString", "coordinates": [[-119.752945, 39.178238], [-119.753807, 39.178238]]}, "props": {"MTFCC": "S1400", "NAME": null}}, {"geom": {"type": "LineString", "coordinates": [[-119.740318, 39.188576], [-119.740318, 39.1898]]}, "props": {"MTFCC": "S1400", "NAME": null}}, {"geom": {"type": "LineString", "coordinates": [[-119.739113, 39.18204], [-119.738774, 39.182033]]}, "props": {"MTFCC": "S1400", "NAME": null}}, {"geom": {"type": "LineString", "coordinates": [[-119.734427, 39.185585], [-119.735016, 39.185585]]}, "props": {"MTFCC": "S1400", "NAME": null}}, {"geom": {"type": "LineString", "coordinates": [[-119.735565, 39.186378], [-119.735564, 39.185642], [-119.735557, 39.185612], [-119.735526, 39.185596], [-119.735016, 39.185585]]}, "props": {"MTFCC": "S1400", "NAME": null}}, {"geom": {"type": "LineString", "coordinates": [[-119.734999, 39.186376], [-119.735016, 39.185585]]}, "props": {"MTFCC": "S1400", "NAME": null}}, {"geom": {"type": "LineString", "coordinates": [[-119.733345, 39.187653], [-119.733255, 39.18772], [-119.733252, 39.188038], [-119.733231, 39.190036], [-119.73323, 39.190163]]}, "props": {"MTFCC": "S1400", "NAME": null}}, {"geom": {"type": "LineString", "coordinates": [[-119.747543, 39.146667], [-119.747543, 39.146656], [-119.747551, 39.146595], [-119.747574, 39.146561], [-119.747597, 39.146496]]}, "props": {"MTFCC": "S1740", "NAME": null}}, {"geom": {"type": "LineString", "coordinates": [[-119.733261, 39.181698], [-119.732885, 39.181734]]}, "props": {"MTFCC": "S1400", "NAME": null}}, {"geom": {"type": "LineString", "coordinates": [[-119.7354, 39.179199], [-119.735371, 39.178551], [-119.735391, 39.178202], [-119.73538, 39.177689], [-119.73541, 39.177312], [-119.735406, 39.177146], [-119.735402, 39.177017], [-119.73539, 39.17652], [-119.735384, 39.176283], [-119.735372, 39.176209], [-119.735348, 39.176059]]}, "props": {"MTFCC": "S1400", "NAME": null}}, {"geom": {"type": "LineString", "coordinates": [[-119.739563, 39.178398], [-119.74129, 39.178394]]}, "props": {"MTFCC": "S1400", "NAME": null}}, {"geom": {"type": "LineString", "coordinates": [[-119.730614, 39.167699], [-119.730608, 39.16661], [-119.730791, 39.166386]]}, "props": {"MTFCC": "S1400", "NAME": null}}, {"geom": {"type": "LineString", "coordinates": [[-119.707549, 39.200181], [-119.707525, 39.200183], [-119.706963, 39.20015], [-119.706429, 39.200104], [-119.706223, 39.200062], [-119.706139, 39.200035], [-119.705963, 39.199966], [-119.705818, 39.199894], [-119.705669, 39.199792], [-119.705551, 39.199692], [-119.70536, 39.199448], [-119.705353, 39.199421], [-119.705307, 39.199337], [-119.705238, 39.19907], [-119.705246, 39.198814], [-119.705284, 39.19862], [-119.705353, 39.19846], [-119.705383, 39.198418], [-119.705437, 39.198376], [-119.706856, 39.196987], [-119.70694, 39.196945], [-119.707008, 39.196934], [-119.708061, 39.196915], [-119.709801, 39.196907]]}, "props": {"MTFCC": "S1400", "NAME": null}}, {"geom": {"type": "LineString", "coordinates": [[-119.729034, 39.182068], [-119.730003, 39.182072], [-119.730972, 39.182072]]}, "props": {"MTFCC": "S1400", "NAME": null}}, {"geom": {"type": "LineString", "coordinates": [[-119.720444, 39.18581], [-119.719757, 39.185814]]}, "props": {"MTFCC": "S1400", "NAME": null}}, {"geom": {"type": "LineString", "coordinates": [[-119.726724, 39.181304], [-119.727298, 39.181302], [-119.728025, 39.181283], [-119.728105, 39.181284], [-119.728085, 39.182053], [-119.7267, 39.18203]]}, "props": {"MTFCC": "S1400", "NAME": null}}, {"geom": {"type": "LineString", "coordinates": [[-119.724556, 39.182751], [-119.724556, 39.181408], [-119.724586, 39.181358], [-119.724602, 39.181343], [-119.72467, 39.181309], [-119.724869, 39.181301], [-119.725357, 39.181305], [-119.72541, 39.18132], [-119.725441, 39.181335], [-119.725487, 39.181393], [-119.725494, 39.181446], [-119.725487, 39.182171], [-119.725493, 39.182442], [-119.725487, 39.182758]]}, "props": {"MTFCC": "S1400", "NAME": null}}, {"geom": {"type": "LineString", "coordinates": [[-119.718429, 39.170737], [-119.718626, 39.170761], [-119.719919, 39.170898], [-119.719926, 39.171021]]}, "props": {"MTFCC": "S1400", "NAME": null}}, {"geom": {"type": "LineString", "coordinates": [[-119.704704, 39.200501], [-119.704152, 39.200415], [-119.703751, 39.20033], [-119.703292, 39.200157], [-119.702891, 39.200116], [-119.70234, 39.199928]]}, "props": {"MTFCC": "S1500", "NAME": null}}, {"geom": {"type": "LineString", "coordinates": [[-119.704704, 39.200501], [-119.704953, 39.20054], [-119.705811, 39.200621], [-119.706438, 39.200571], [-119.707401, 39.20057], [-119.707549, 39.200181]]}, "props": {"MTFCC": "S1500", "NAME": null}}, {"geom": {"type": "LineString", "coordinates": [[-119.719666, 39.17754], [-119.71938, 39.177411], [-119.718936, 39.177228], [-119.718652, 39.177099], [-119.718215, 39.1768]]}, "props": {"MTFCC": "S1400", "NAME": null}}, {"geom": {"type": "LineString", "coordinates": [[-119.715562, 39.178749], [-119.714744, 39.178364], [-119.714607, 39.178241]]}, "props": {"MTFCC": "S1400", "NAME": null}}, {"geom": {"type": "LineString", "coordinates": [[-119.739537, 39.213386], [-119.739546, 39.213622], [-119.739563, 39.213736], [-119.73969, 39.214096], [-119.739746, 39.214319], [-119.739778, 39.214508], [-119.739774, 39.214638], [-119.739735, 39.214776], [-119.739676, 39.214888], [-119.739622, 39.21503], [-119.739574, 39.215065], [-119.739507, 39.215172], [-119.739461, 39.215303], [-119.739448, 39.215462], [-119.739413, 39.215562], [-119.739352, 39.215675], [-119.739297, 39.215742], [-119.739221, 39.215899], [-119.739202, 39.215993], [-119.73919, 39.216088]]}, "props": {"MTFCC": "S1400", "NAME": null}}, {"geom": {"type": "LineString", "coordinates": [[-119.773027, 39.118443], [-119.773153, 39.118279], [-119.773164, 39.118264]]}, "props": {"MTFCC": "S1740", "NAME": null}}, {"geom": {"type": "LineString", "coordinates": [[-119.774781, 39.116914], [-119.774629, 39.116963]]}, "props": {"MTFCC": "S1740", "NAME": null}}, {"geom": {"type": "LineString", "coordinates": [[-119.774629, 39.116963], [-119.774484, 39.117017]]}, "props": {"MTFCC": "S1740", "NAME": null}}, {"geom": {"type": "LineString", "coordinates": [[-119.774072, 39.118077], [-119.773988, 39.118062], [-119.773912, 39.118008]]}, "props": {"MTFCC": "S1740", "NAME": null}}, {"geom": {"type": "LineString", "coordinates": [[-119.775079, 39.118653], [-119.775102, 39.1186], [-119.775102, 39.118527], [-119.775087, 39.11844]]}, "props": {"MTFCC": "S1740", "NAME": null}}, {"geom": {"type": "LineString", "coordinates": [[-119.774056, 39.117795], [-119.774003, 39.117783], [-119.773759, 39.117608]]}, "props": {"MTFCC": "S1740", "NAME": null}}, {"geom": {"type": "LineString", "coordinates": [[-119.775079, 39.118653], [-119.775094, 39.118733], [-119.775079, 39.11879], [-119.775033, 39.118943], [-119.77501, 39.118958], [-119.774972, 39.11897], [-119.77369, 39.118813]]}, "props": {"MTFCC": "S1740", "NAME": null}}, {"geom": {"type": "LineString", "coordinates": [[-119.748215, 39.161125], [-119.748215, 39.160645], [-119.74823, 39.160564], [-119.748253, 39.160538], [-119.749054, 39.160057], [-119.749153, 39.160011], [-119.749222, 39.160015], [-119.749672, 39.160007], [-119.74987, 39.160011]]}, "props": {"MTFCC": "S1400", "NAME": null}}, {"geom": {"type": "LineString", "coordinates": [[-119.756164, 39.150278], [-119.756172, 39.150783], [-119.756181, 39.151293]]}, "props": {"MTFCC": "S1400", "NAME": null}}, {"geom": {"type": "LineString", "coordinates": [[-119.754929, 39.159801], [-119.753021, 39.159801]]}, "props": {"MTFCC": "S1400", "NAME": null}}, {"geom": {"type": "LineString", "coordinates": [[-119.753075, 39.16132], [-119.753075, 39.160606], [-119.753052, 39.160561], [-119.753021, 39.160427], [-119.753021, 39.159801], [-119.753014, 39.15937]]}, "props": {"MTFCC": "S1400", "NAME": null}}, {"geom": {"type": "LineString", "coordinates": [[-119.758624, 39.1574], [-119.758633, 39.158545], [-119.758705, 39.158838], [-119.758794, 39.159006], [-119.759071, 39.159114], [-119.759278, 39.15913]]}, "props": {"MTFCC": "S1400", "NAME": null}}, {"geom": {"type": "LineString", "coordinates": [[-119.76537, 39.146523], [-119.765373, 39.143345], [-119.765381, 39.143269], [-119.765377, 39.142945]]}, "props": {"MTFCC": "S1400", "NAME": null}}, {"geom": {"type": "LineString", "coordinates": [[-119.623035, 39.093289], [-119.622951, 39.093529], [-119.62296, 39.094174], [-119.623125, 39.094633], [-119.623407, 39.09506], [-119.623796, 39.095549], [-119.623818, 39.095555], [-119.624126, 39.09576], [-119.624487, 39.096156], [-119.624846, 39.09646], [-119.62489, 39.096797], [-119.625053, 39.097133], [-119.625177, 39.097531], [-119.62554, 39.098142], [-119.625664, 39.098509], [-119.625826, 39.098846], [-119.626145, 39.099058], [-119.626225, 39.099149], [-119.62638, 39.099482], [-119.626623, 39.099805], [-119.626897, 39.100151], [-119.627112, 39.100545], [-119.627266, 39.100892], [-119.627316, 39.10099], [-119.627481, 39.101309], [-119.627634, 39.101586], [-119.628369, 39.102835], [-119.628763, 39.103251], [-119.629006, 39.103527], [-119.629372, 39.104082], [-119.629585, 39.104336], [-119.6298, 39.104776], [-119.629952, 39.104937], [-119.630165, 39.105191], [-119.630288, 39.105469], [-119.630383, 39.105817], [-119.63039, 39.106271], [-119.63039, 39.106305], [-119.63055, 39.107025], [-119.630606, 39.107252], [-119.630613, 39.10728], [-119.630649, 39.107675], [-119.630593, 39.107908], [-119.630629, 39.108303], [-119.630428, 39.10884], [-119.6304, 39.109003], [-119.630373, 39.109212], [-119.630348, 39.109515], [-119.630292, 39.109794], [-119.630297, 39.11012], [-119.630271, 39.110329], [-119.630095, 39.110563], [-119.629978, 39.110727], [-119.629969, 39.11077], [-119.629895, 39.111147], [-119.629961, 39.111588], [-119.63003, 39.112262], [-119.630096, 39.112502], [-119.630116, 39.112577], [-119.630147, 39.112692], [-119.630188, 39.112841], [-119.630344, 39.113259], [-119.630589, 39.113698], [-119.630893, 39.114068], [-119.631072, 39.114378], [-119.631107, 39.114438], [-119.631291, 39.114738], [-119.631446, 39.115132], [-119.631778, 39.115385], [-119.632224, 39.1157], [-119.632268, 39.115731], [-119.632622, 39.115959], [-119.632896, 39.116259], [-119.633079, 39.116583], [-119.633266, 39.117069], [-119.633269, 39.117302], [-119.632953, 39.118118], [-119.632673, 39.118423], [-119.63263, 39.11847], [-119.632352, 39.118826], [-119.632337, 39.118845], [-119.632137, 39.119451], [-119.631964, 39.119895], [-119.631971, 39.120336], [-119.631947, 39.120755], [-119.631893, 39.121151], [-119.63178, 39.121524], [-119.631696, 39.121943], [-119.631736, 39.122617], [-119.63192, 39.122918], [-119.632018, 39.123042], [-119.632193, 39.123264], [-119.632373, 39.123286], [-119.632792, 39.123375], [-119.633142, 39.123534], [-119.633243, 39.12358], [-119.633633, 39.123693], [-119.633963, 39.123806], [-119.634412, 39.123919], [-119.63492, 39.123961], [-119.635012, 39.123979], [-119.63525, 39.124027], [-119.635729, 39.124116], [-119.635999, 39.124207], [-119.6363, 39.124367], [-119.636483, 39.124621], [-119.636859, 39.124917], [-119.637322, 39.12527], [-119.63765, 39.125581], [-119.638006, 39.125997], [-119.638279, 39.126267], [-119.638578, 39.126453], [-119.638901, 39.126492], [-119.639228, 39.126762], [-119.639555, 39.127052], [-119.639729, 39.127225], [-119.639993, 39.127488], [-119.640238, 39.127738], [-119.640888, 39.127812], [-119.640912, 39.127815], [-119.641341, 39.127707], [-119.641774, 39.127808], [-119.641944, 39.128067], [-119.642104, 39.128329], [-119.642326, 39.128725], [-119.64253, 39.128871], [-119.642788, 39.129056], [-119.643202, 39.129343], [-119.643386, 39.12947], [-119.643652, 39.129636], [-119.643848, 39.129759], [-119.644042, 39.130114], [-119.644134, 39.130475], [-119.644271, 39.131013], [-119.644574, 39.131472], [-119.645091, 39.131886], [-119.645666, 39.132489], [-119.646021, 39.132912], [-119.646049, 39.132946], [-119.6467, 39.133276], [-119.6468, 39.133383], [-119.647056, 39.133671], [-119.647248, 39.133831], [-119.647287, 39.133938], [-119.647301, 39.133977], [-119.647314, 39.134019], [-119.647392, 39.134279], [-119.647424, 39.134439], [-119.647536, 39.134567], [-119.6476, 39.134631], [-119.647488, 39.134743], [-119.647456, 39.134951], [-119.647552, 39.135559], [-119.647504, 39.135671], [-119.647568, 39.136039], [-119.647536, 39.136359], [-119.647632, 39.136743], [-119.647744, 39.136967], [-119.647665, 39.137031], [-119.647697, 39.137127], [-119.647729, 39.137303], [-119.647793, 39.137575], [-119.647937, 39.137863], [-119.647969, 39.137879], [-119.648145, 39.138375], [-119.648177, 39.138567], [-119.648513, 39.139287], [-119.648673, 39.140007], [-119.648849, 39.140295], [-119.648913, 39.140455], [-119.649297, 39.141223], [-119.649697, 39.141831], [-119.649809, 39.142055], [-119.650225, 39.142343], [-119.650401, 39.142631], [-119.650465, 39.142839], [-119.650497, 39.143111], [-119.650673, 39.143191], [-119.650737, 39.143271], [-119.650833, 39.143527], [-119.650833, 39.143719], [-119.650977, 39.143911], [-119.651153, 39.144071], [-119.651217, 39.144167], [-119.651329, 39.144215], [-119.651601, 39.144359], [-119.651809, 39.144503], [-119.652129, 39.144647], [-119.652305, 39.144743], [-119.652689, 39.144967], [-119.652785, 39.144999], [-119.652961, 39.145191], [-119.653201, 39.145383], [-119.653457, 39.145559], [-119.653697, 39.145751], [-119.654001, 39.146055], [-119.654385, 39.146471], [-119.654417, 39.146535], [-119.654513, 39.146775], [-119.654625, 39.146951], [-119.654689, 39.147063], [-119.654801, 39.147303], [-119.654833, 39.147447], [-119.654961, 39.147831], [-119.655057, 39.148055], [-119.655249, 39.148247], [-119.655409, 39.148391], [-119.655473, 39.148471], [-119.655553, 39.148615], [-119.655617, 39.148807], [-119.655729, 39.149079], [-119.655761, 39.149191], [-119.655857, 39.149415], [-119.655857, 39.149607], [-119.656097, 39.149799], [-119.656193, 39.149927], [-119.656433, 39.150183], [-119.656481, 39.150247], [-119.656685, 39.150341], [-119.656753, 39.150439], [-119.657073, 39.150759], [-119.657233, 39.150967], [-119.657409, 39.151127], [-119.657681, 39.151351], [-119.657905, 39.151527], [-119.658113, 39.151607], [-119.658353, 39.151655], [-119.658593, 39.151687], [-119.658705, 39.151687], [-119.65889, 39.151804], [-119.659359, 39.152219], [-119.660595, 39.152575], [-119.661046, 39.152834], [-119.661536, 39.153076], [-119.66166, 39.153182], [-119.661868, 39.15336], [-119.662142, 39.153751], [-119.662493, 39.153988], [-119.662705, 39.15421], [-119.663127, 39.154492], [-119.663278, 39.154546], [-119.663546, 39.154643], [-119.664177, 39.154778], [-119.664731, 39.154965], [-119.664784, 39.154983], [-119.66515, 39.155114], [-119.665265, 39.155223], [-119.665444, 39.15541], [-119.665713, 39.155561], [-119.665946, 39.155675], [-119.666128, 39.155724], [-119.666285, 39.155804], [-119.666405, 39.155898], [-119.666444, 39.155929], [-119.666571, 39.156046], [-119.66666, 39.156197], [-119.666793, 39.156289], [-119.667092, 39.15641], [-119.66744, 39.156472], [-119.668218, 39.156523], [-119.668453, 39.15658], [-119.668693, 39.156683], [-119.668933, 39.156787], [-119.669199, 39.156918], [-119.669314, 39.157073], [-119.669599, 39.157692], [-119.669685, 39.157792], [-119.669849, 39.157878], [-119.670023, 39.157919], [-119.670168, 39.15795], [-119.670266, 39.157978], [-119.670353, 39.158042], [-119.670412, 39.158175], [-119.670482, 39.158355], [-119.670579, 39.158519], [-119.670773, 39.15871], [-119.67107, 39.158931], [-119.671366, 39.159117], [-119.671655, 39.159253], [-119.671911, 39.159295], [-119.672133, 39.159263], [-119.672387, 39.159211], [-119.672712, 39.159159], [-119.672811, 39.159147], [-119.67303, 39.159121], [-119.673317, 39.159148], [-119.673379, 39.15916], [-119.67395, 39.159276], [-119.674104, 39.159364], [-119.674222, 39.159525], [-119.674378, 39.159753], [-119.67463, 39.159964], [-119.674819, 39.160226], [-119.674929, 39.160349], [-119.675116, 39.160471], [-119.675404, 39.160597], [-119.67563, 39.160734], [-119.675899, 39.160821], [-119.67602, 39.160845], [-119.676222, 39.160954]]}, "props": {"MTFCC": "S1500", "NAME": null}}, {"geom": {"type": "LineString", "coordinates": [[-119.706747, 39.11031], [-119.706037, 39.109985], [-119.705281, 39.109845], [-119.704719, 39.109826], [-119.704297, 39.109942], [-119.704001, 39.110102], [-119.703665, 39.110308], [-119.703147, 39.110498], [-119.702509, 39.110947], [-119.702337, 39.11119], [-119.702263, 39.111294], [-119.702195, 39.111468], [-119.702181, 39.112361], [-119.702303, 39.113341], [-119.702419, 39.113769], [-119.70255, 39.114253], [-119.702727, 39.115021], [-119.703194, 39.115439], [-119.704262, 39.116154], [-119.705002, 39.116663], [-119.705138, 39.116757], [-119.705483, 39.117221]]}, "props": {"MTFCC": "S1400", "NAME": null}}, {"geom": {"type": "LineString", "coordinates": [[-119.633327, 39.129919], [-119.633423, 39.129879], [-119.633807, 39.129831], [-119.634415, 39.129799], [-119.634735, 39.129863], [-119.635039, 39.129895], [-119.635535, 39.129943], [-119.635919, 39.130007], [-119.636095, 39.130151], [-119.636367, 39.130343], [-119.636783, 39.130407], [-119.637487, 39.130471], [-119.638399, 39.130695], [-119.639103, 39.130919], [-119.639695, 39.131031], [-119.640335, 39.131079], [-119.640751, 39.130855], [-119.641263, 39.130583], [-119.641327, 39.130295]]}, "props": {"MTFCC": "S1400", "NAME": null}}, {"geom": {"type": "LineString", "coordinates": [[-119.632294, 39.141072], [-119.631975, 39.140849], [-119.631976, 39.140725], [-119.631913, 39.140338], [-119.631818, 39.140143], [-119.631675, 39.139806], [-119.631692, 39.139524], [-119.631724, 39.139418], [-119.631629, 39.139101], [-119.63155, 39.138923], [-119.63155, 39.138783], [-119.631599, 39.138571], [-119.631631, 39.138535]]}, "props": {"MTFCC": "S1400", "NAME": null}}, {"geom": {"type": "LineString", "coordinates": [[-119.726545, 39.095911], [-119.723895, 39.095935], [-119.723916, 39.097207], [-119.723932, 39.098215]]}, "props": {"MTFCC": "S1500", "NAME": null}}, {"geom": {"type": "LineString", "coordinates": [[-119.62019, 39.086], [-119.620124, 39.086124], [-119.62029, 39.086478], [-119.620368, 39.086644], [-119.620691, 39.087163], [-119.620892, 39.087468], [-119.62137, 39.087833], [-119.621535, 39.088322], [-119.621503, 39.088845], [-119.621513, 39.089489], [-119.6214, 39.089889], [-119.621486, 39.090349], [-119.621614, 39.090543], [-119.621687, 39.090654], [-119.622047, 39.09102], [-119.622251, 39.091478], [-119.622775, 39.092272], [-119.623035, 39.093289]]}, "props": {"MTFCC": "S1500", "NAME": null}}, {"geom": {"type": "LineString", "coordinates": [[-119.781931, 39.163963], [-119.781962, 39.163963], [-119.782003, 39.163963]]}, "props": {"MTFCC": "S1400", "NAME": null}}, {"geom": {"type": "LineString", "coordinates": [[-119.73952, 39.105249], [-119.739627, 39.105221], [-119.740645, 39.104978], [-119.74094, 39.104908], [-119.74125, 39.104764], [-119.741549, 39.105119], [-119.742146, 39.105734], [-119.742403, 39.10588], [-119.742624, 39.105991], [-119.742984, 39.106118], [-119.743382, 39.106089], [-119.743974, 39.106108], [-119.744071, 39.106739], [-119.745285, 39.106739], [-119.746384, 39.106734], [-119.746505, 39.106754], [-119.7466, 39.106794], [-119.746719, 39.106943], [-119.746811, 39.107069], [-119.747141, 39.107059], [-119.747786, 39.107044]]}, "props": {"MTFCC": "S1400", "NAME": null}}, {"geom": {"type": "LineString", "coordinates": [[-119.724509, 39.102909], [-119.725848, 39.102128], [-119.72607, 39.101849], [-119.726189, 39.101329], [-119.725066, 39.101275], [-119.723975, 39.101317]]}, "props": {"MTFCC": "S1400", "NAME": null}}, {"geom": {"type": "LineString", "coordinates": [[-119.775787, 39.162067], [-119.775757, 39.16209], [-119.775742, 39.162144], [-119.775734, 39.163937]]}, "props": {"MTFCC": "S1400", "NAME": null}}, {"geom": {"type": "LineString", "coordinates": [[-119.839366, 39.129963], [-119.838608, 39.130259], [-119.838076, 39.1303], [-119.837431, 39.130612]]}, "props": {"MTFCC": "S1400", "NAME": null}}, {"geom": {"type": "LineString", "coordinates": [[-119.771537, 39.151609], [-119.771619, 39.15154], [-119.771608, 39.150913], [-119.771758, 39.150517], [-119.771696, 39.150446], [-119.771201, 39.149885], [-119.770843, 39.149494], [-119.770719, 39.149039], [-119.770792, 39.148735], [-119.770865, 39.148461], [-119.770666, 39.148189], [-119.770447, 39.14798]]}, "props": {"MTFCC": "S1500", "NAME": null}}, {"geom": {"type": "LineString", "coordinates": [[-119.629872, 39.085987], [-119.629881, 39.086005]]}, "props": {"MTFCC": "S1400", "NAME": null}}, {"geom": {"type": "LineString", "coordinates": [[-119.756586, 39.166375], [-119.756577, 39.16584], [-119.756577, 39.164532]]}, "props": {"MTFCC": "S1400", "NAME": null}}, {"geom": {"type": "LineString", "coordinates": [[-119.753736, 39.164249], [-119.750969, 39.164276]]}, "props": {"MTFCC": "S1400", "NAME": null}}, {"geom": {"type": "LineString", "coordinates": [[-119.752385, 39.15149], [-119.753538, 39.151348], [-119.75392, 39.151301], [-119.754176, 39.151295], [-119.754765, 39.151294], [-119.756181, 39.151293]]}, "props": {"MTFCC": "S1400", "NAME": null}}, {"geom": {"type": "LineString", "coordinates": [[-119.754639, 39.145596], [-119.754562, 39.145657], [-119.754379, 39.145729], [-119.754272, 39.145752], [-119.754112, 39.14576], [-119.753525, 39.14576], [-119.752487, 39.14576], [-119.751884, 39.14576]]}, "props": {"MTFCC": "S1400", "NAME": null}}, {"geom": {"type": "LineString", "coordinates": [[-119.749229, 39.149754], [-119.748505, 39.14975], [-119.747765, 39.149754], [-119.74762, 39.149761], [-119.747569, 39.149739]]}, "props": {"MTFCC": "S1400", "NAME": null}}, {"geom": {"type": "LineString", "coordinates": [[-119.717842, 39.162437], [-119.717384, 39.162746], [-119.717239, 39.162853]]}, "props": {"MTFCC": "S1400", "NAME": null}}, {"geom": {"type": "LineString", "coordinates": [[-119.715988, 39.1614], [-119.716042, 39.161709], [-119.716057, 39.161858], [-119.716125, 39.162243], [-119.716159, 39.162525], [-119.716179, 39.162827], [-119.716179, 39.163147], [-119.716171, 39.163246], [-119.716164, 39.163467], [-119.716179, 39.163509], [-119.716204, 39.163531]]}, "props": {"MTFCC": "S1400", "NAME": null}}, {"geom": {"type": "LineString", "coordinates": [[-119.743701, 39.135535], [-119.74356, 39.133784]]}, "props": {"MTFCC": "S1500", "NAME": null}}, {"geom": {"type": "LineString", "coordinates": [[-119.748756, 39.132011], [-119.748749, 39.131676], [-119.748741, 39.130741], [-119.748749, 39.128391]]}, "props": {"MTFCC": "S1400", "NAME": null}}, {"geom": {"type": "LineString", "coordinates": [[-119.747192, 39.12818], [-119.747193, 39.128395], [-119.747206, 39.129797], [-119.747226, 39.132007]]}, "props": {"MTFCC": "S1400", "NAME": null}}, {"geom": {"type": "LineString", "coordinates": [[-119.682522, 39.165102], [-119.68261, 39.165165], [-119.683407, 39.165802], [-119.68387, 39.166249], [-119.684099, 39.166327], [-119.684283, 39.166229], [-119.684381, 39.165857], [-119.684586, 39.165694], [-119.68479, 39.165499], [-119.685051, 39.164996], [-119.685464, 39.164896], [-119.685936, 39.164633], [-119.686369, 39.164533], [-119.686696, 39.164239], [-119.686797, 39.163993], [-119.686955, 39.163608], [-119.686858, 39.162723], [-119.686703, 39.162063], [-119.686799, 39.161563], [-119.686791, 39.161094], [-119.687137, 39.160991], [-119.687503, 39.160945], [-119.688499, 39.160893], [-119.68935, 39.160906], [-119.689954, 39.160936], [-119.690741, 39.160907], [-119.690932, 39.160884], [-119.691012, 39.160814], [-119.691142, 39.160649], [-119.69122, 39.160534], [-119.691341, 39.160288], [-119.691597, 39.160176], [-119.691936, 39.160191], [-119.692334, 39.160288], [-119.692722, 39.160402], [-119.693318, 39.160451], [-119.693597, 39.160376], [-119.694004, 39.160208], [-119.694731, 39.159628], [-119.694924, 39.159272], [-119.695278, 39.158768], [-119.6956, 39.158447], [-119.696028, 39.158206], [-119.696143, 39.158069], [-119.696153, 39.15795], [-119.696023, 39.157861], [-119.695847, 39.157835], [-119.695729, 39.157727], [-119.695715, 39.1576], [-119.696014, 39.157374]]}, "props": {"MTFCC": "S1500", "NAME": null}}, {"geom": {"type": "LineString", "coordinates": [[-119.70284, 39.130754], [-119.701993, 39.130559], [-119.701209, 39.130228], [-119.700232, 39.130056], [-119.699515, 39.129941], [-119.698455, 39.129585], [-119.695965, 39.129392], [-119.695346, 39.129358]]}, "props": {"MTFCC": "S1400", "NAME": null}}, {"geom": {"type": "LineString", "coordinates": [[-119.692889, 39.124048], [-119.694593, 39.124423], [-119.695905, 39.124662], [-119.697262, 39.12491]]}, "props": {"MTFCC": "S1400", "NAME": null}}, {"geom": {"type": "LineString", "coordinates": [[-119.666575, 39.201735], [-119.667053, 39.201647], [-119.667219, 39.201571], [-119.667336, 39.201462], [-119.667454, 39.201307], [-119.66749, 39.201213], [-119.667644, 39.200979], [-119.667858, 39.200983]]}, "props": {"MTFCC": "S1400", "NAME": null}}, {"geom": {"type": "LineString", "coordinates": [[-119.68364, 39.189342], [-119.683447, 39.189376], [-119.683091, 39.189459], [-119.682501, 39.189629], [-119.681928, 39.189812], [-119.681732, 39.18986], [-119.681292, 39.189981], [-119.680891, 39.190126], [-119.680451, 39.190247]]}, "props": {"MTFCC": "S1400", "NAME": null}}, {"geom": {"type": "LineString", "coordinates": [[-119.679059, 39.191671], [-119.678611, 39.191559], [-119.678323, 39.191591], [-119.67797, 39.191399], [-119.67765, 39.191335], [-119.676946, 39.191207], [-119.676594, 39.191303], [-119.67621, 39.191511], [-119.67557, 39.191447], [-119.675378, 39.191335], [-119.675154, 39.191287], [-119.674994, 39.191191], [-119.674946, 39.191175]]}, "props": {"MTFCC": "S1400", "NAME": null}}, {"geom": {"type": "LineString", "coordinates": [[-119.671682, 39.197687], [-119.671762, 39.197559], [-119.671682, 39.197415], [-119.67141, 39.197031], [-119.671378, 39.196951], [-119.671138, 39.196503], [-119.67101, 39.196135], [-119.670898, 39.195847], [-119.670866, 39.195511], [-119.67077, 39.194983], [-119.670962, 39.194711], [-119.67093, 39.194439], [-119.670898, 39.194215], [-119.670962, 39.193799], [-119.671122, 39.193495], [-119.671154, 39.193111], [-119.670882, 39.192679], [-119.670674, 39.192087], [-119.670418, 39.191543], [-119.670338, 39.191159], [-119.67045, 39.190631], [-119.670418, 39.190215], [-119.670386, 39.189943], [-119.670434, 39.189639], [-119.670482, 39.189511]]}, "props": {"MTFCC": "S1400", "NAME": null}}, {"geom": {"type": "LineString", "coordinates": [[-119.689027, 39.17567], [-119.689299, 39.175846], [-119.689299, 39.176614], [-119.689267, 39.17687], [-119.689267, 39.176902]]}, "props": {"MTFCC": "S1400", "NAME": null}}, {"geom": {"type": "LineString", "coordinates": [[-119.689267, 39.176902], [-119.688915, 39.177494], [-119.688659, 39.177798], [-119.688627, 39.177862]]}, "props": {"MTFCC": "S1400", "NAME": null}}, {"geom": {"type": "LineString", "coordinates": [[-119.680451, 39.190247], [-119.680434, 39.190554], [-119.680457, 39.190715], [-119.680453, 39.190802], [-119.680413, 39.191241], [-119.680369, 39.19146], [-119.680382, 39.191796], [-119.680376, 39.191913], [-119.6804, 39.192044], [-119.680519, 39.192188], [-119.680431, 39.192186], [-119.680299, 39.192174], [-119.680274, 39.192123], [-119.680246, 39.192098], [-119.680173, 39.192078], [-119.680062, 39.191979], [-119.680065, 39.191953], [-119.680038, 39.191928], [-119.679994, 39.19192], [-119.679966, 39.191895], [-119.679863, 39.19191], [-119.679837, 39.191872], [-119.679779, 39.191851], [-119.679651, 39.191767]]}, "props": {"MTFCC": "S1400", "NAME": null}}, {"geom": {"type": "LineString", "coordinates": [[-119.674261, 39.17462], [-119.674366, 39.174619], [-119.674454, 39.174554], [-119.674528, 39.174585], [-119.674749, 39.174726], [-119.674838, 39.174773], [-119.674939, 39.174868], [-119.675065, 39.175057], [-119.675116, 39.175215], [-119.675196, 39.175389], [-119.675217, 39.175515], [-119.67533, 39.175879]]}, "props": {"MTFCC": "S1400", "NAME": null}}, {"geom": {"type": "LineString", "coordinates": [[-119.786652, 39.183511], [-119.786927, 39.183552], [-119.787182, 39.18357], [-119.787353, 39.183572], [-119.787763, 39.183564]]}, "props": {"MTFCC": "S1400", "NAME": null}}, {"geom": {"type": "LineString", "coordinates": [[-119.786665, 39.185088], [-119.787627, 39.185078]]}, "props": {"MTFCC": "S1400", "NAME": null}}, {"geom": {"type": "LineString", "coordinates": [[-119.786643, 39.180517], [-119.787679, 39.180505]]}, "props": {"MTFCC": "S1400", "NAME": null}}, {"geom": {"type": "LineString", "coordinates": [[-119.792928, 39.186334], [-119.790851, 39.181866], [-119.791159, 39.181045], [-119.790882, 39.179336], [-119.793571, 39.17463], [-119.793388, 39.17371]]}, "props": {"MTFCC": "S1820", "NAME": null}}, {"geom": {"type": "LineString", "coordinates": [[-119.80687, 39.186264], [-119.806862, 39.18602], [-119.806877, 39.185951], [-119.806938, 39.185818], [-119.80703, 39.18573], [-119.807182, 39.185696], [-119.807442, 39.185696], [-119.808016, 39.185699], [-119.809326, 39.185722], [-119.809593, 39.185722], [-119.809814, 39.185692], [-119.810685, 39.185457], [-119.811478, 39.185253], [-119.811592, 39.185253], [-119.811722, 39.185276], [-119.811821, 39.185314], [-119.811928, 39.18539], [-119.812012, 39.185497], [-119.812012, 39.185516], [-119.812027, 39.185532], [-119.812027, 39.185555], [-119.81208, 39.185631], [-119.812126, 39.18568], [-119.812233, 39.185753], [-119.81234, 39.185783], [-119.812477, 39.185795], [-119.813309, 39.185806], [-119.813484, 39.185802]]}, "props": {"MTFCC": "S1400", "NAME": null}}, {"geom": {"type": "LineString", "coordinates": [[-119.797569, 39.188953], [-119.797668, 39.188931], [-119.797844, 39.188877], [-119.797966, 39.188805], [-119.798042, 39.188725], [-119.798103, 39.188633], [-119.798126, 39.18861], [-119.798248, 39.188362], [-119.798302, 39.188175], [-119.798386, 39.187454], [-119.798431, 39.187275], [-119.798485, 39.187168], [-119.798599, 39.187046], [-119.798859, 39.18681], [-119.799065, 39.186642], [-119.799294, 39.186481], [-119.799377, 39.186428], [-119.799522, 39.186375], [-119.79969, 39.186352], [-119.799866, 39.186344], [-119.803909, 39.186298], [-119.806374, 39.186264], [-119.80687, 39.186264], [-119.806953, 39.186264], [-119.807106, 39.186287], [-119.807205, 39.186325], [-119.807297, 39.18639], [-119.807373, 39.18647], [-119.807434, 39.1866], [-119.807457, 39.186714], [-119.807457, 39.18679], [-119.807449, 39.186817], [-119.807442, 39.188049], [-119.807449, 39.188244], [-119.807472, 39.18837], [-119.807525, 39.1885], [-119.807533, 39.188519], [-119.807655, 39.188663], [-119.807739, 39.188728], [-119.807831, 39.188786], [-119.808071, 39.188874], [-119.809219, 39.189251], [-119.809608, 39.189373], [-119.80986, 39.189453], [-119.810036, 39.189499], [-119.810226, 39.189499], [-119.810326, 39.189472], [-119.810493, 39.189396], [-119.811035, 39.189087], [-119.811165, 39.188999], [-119.811226, 39.188934], [-119.81131, 39.188801], [-119.81131, 39.188774], [-119.811378, 39.188587], [-119.811424, 39.188499], [-119.812004, 39.187847], [-119.812248, 39.18766], [-119.812607, 39.187424], [-119.812645, 39.187405], [-119.813835, 39.186611], [-119.813965, 39.18655], [-119.814087, 39.186504], [-119.814255, 39.186462], [-119.814583, 39.18639], [-119.814613, 39.186378], [-119.814674, 39.186367], [-119.814827, 39.186329], [-119.814957, 39.186333], [-119.815109, 39.186367], [-119.815239, 39.186436], [-119.815338, 39.186527], [-119.815399, 39.186604], [-119.815567, 39.186901], [-119.815575, 39.186928], [-119.815666, 39.187077], [-119.81572, 39.18713], [-119.815792, 39.187169], [-119.815943, 39.187235], [-119.816028, 39.187261], [-119.816202, 39.187322], [-119.816339, 39.187395], [-119.816453, 39.187473], [-119.816573, 39.187569], [-119.81666, 39.18765], [-119.81674, 39.187768], [-119.816779, 39.18786], [-119.816808, 39.187958], [-119.816877, 39.18825], [-119.816942, 39.188485], [-119.816965, 39.188619], [-119.817053, 39.188965], [-119.817124, 39.189157], [-119.817247, 39.189377], [-119.817362, 39.189595], [-119.817499, 39.189834], [-119.817576, 39.189979], [-119.817642, 39.190079], [-119.817695, 39.190171], [-119.817747, 39.190231], [-119.81782, 39.190301], [-119.818233, 39.19063], [-119.818346, 39.190726], [-119.818559, 39.190864], [-119.818621, 39.190908], [-119.818718, 39.190989], [-119.81877, 39.191042], [-119.818917, 39.191151], [-119.819075, 39.191247], [-119.819178, 39.191288], [-119.819253, 39.191309], [-119.819382, 39.191323], [-119.819478, 39.191341], [-119.819661, 39.191362], [-119.819885, 39.191355], [-119.82, 39.191335], [-119.820166, 39.191265], [-119.820246, 39.191224], [-119.820344, 39.191183], [-119.820448, 39.191124], [-119.820623, 39.191006], [-119.820713, 39.190926]]}, "props": {"MTFCC": "S1400", "NAME": null}}, {"geom": {"type": "LineString", "coordinates": [[-119.821885, 39.178247], [-119.821972, 39.178275], [-119.822118, 39.17834], [-119.822287, 39.178433], [-119.82234, 39.178473], [-119.822442, 39.17853], [-119.822565, 39.178625], [-119.822592, 39.178641]]}, "props": {"MTFCC": "S1500", "NAME": null}}, {"geom": {"type": "LineString", "coordinates": [[-119.808424, 39.177858], [-119.808538, 39.177896], [-119.809565, 39.178347], [-119.810144, 39.178586], [-119.810537, 39.178842], [-119.810932, 39.179169], [-119.811144, 39.179614], [-119.811151, 39.180033], [-119.811234, 39.180522], [-119.811777, 39.180863], [-119.812671, 39.181127], [-119.813195, 39.181396], [-119.8137, 39.181665], [-119.814407, 39.181845], [-119.81497, 39.182214], [-119.815475, 39.182468], [-119.81585, 39.182724], [-119.816465, 39.182934], [-119.816928, 39.182914], [-119.817266, 39.18317], [-119.817385, 39.183587], [-119.817798, 39.183872], [-119.817732, 39.184334], [-119.817574, 39.18484], [-119.817729, 39.185243], [-119.818106, 39.185599], [-119.81843, 39.186115], [-119.81868, 39.186646], [-119.818873, 39.187091], [-119.819031, 39.187638], [-119.819171, 39.188184], [-119.818917, 39.188187]]}, "props": {"MTFCC": "S1500", "NAME": null}}, {"geom": {"type": "LineString", "coordinates": [[-119.760262, 39.117565], [-119.760221, 39.117572], [-119.76015, 39.117579], [-119.760068, 39.117586], [-119.759982, 39.117594], [-119.759892, 39.117601], [-119.759798, 39.117607], [-119.759702, 39.11761], [-119.759608, 39.11761], [-119.759515, 39.11761], [-119.759433, 39.117605], [-119.759356, 39.117592], [-119.759241, 39.117565], [-119.759181, 39.117532], [-119.759182, 39.117561]]}, "props": {"MTFCC": "S1400", "NAME": null}}, {"geom": {"type": "LineString", "coordinates": [[-119.759546, 39.114608], [-119.759927, 39.113912], [-119.760068, 39.113606], [-119.759983, 39.113459], [-119.759731, 39.113409], [-119.759571, 39.113173], [-119.759317, 39.112832], [-119.758938, 39.112529], [-119.758469, 39.112425]]}, "props": {"MTFCC": "S1400", "NAME": null}}, {"geom": {"type": "LineString", "coordinates": [[-119.684842, 39.118468], [-119.684914, 39.118013], [-119.685098, 39.117796], [-119.685909, 39.117408], [-119.686538, 39.117086], [-119.686796, 39.117142], [-119.686936, 39.117335], [-119.686928, 39.117588]]}, "props": {"MTFCC": "S1400", "NAME": null}}, {"geom": {"type": "LineString", "coordinates": [[-119.687517, 39.11784], [-119.687809, 39.117644], [-119.688095, 39.117658]]}, "props": {"MTFCC": "S1400", "NAME": null}}, {"geom": {"type": "LineString", "coordinates": [[-119.694772, 39.119252], [-119.692816, 39.119172], [-119.691716, 39.119225]]}, "props": {"MTFCC": "S1400", "NAME": null}}, {"geom": {"type": "LineString", "coordinates": [[-119.670146, 39.138167], [-119.669457, 39.137302], [-119.669105, 39.136566], [-119.668529, 39.135814]]}, "props": {"MTFCC": "S1400", "NAME": null}}, {"geom": {"type": "LineString", "coordinates": [[-119.659417, 39.09567], [-119.659036, 39.095498], [-119.65781, 39.095331], [-119.657402, 39.095402], [-119.656616, 39.095402], [-119.656061, 39.095474], [-119.655337, 39.09575], [-119.654441, 39.09633], [-119.653575, 39.096834], [-119.652345, 39.097167], [-119.651956, 39.097142], [-119.65214, 39.096973]]}, "props": {"MTFCC": "S1400", "NAME": null}}, {"geom": {"type": "LineString", "coordinates": [[-119.896429, 39.164397], [-119.893583, 39.165533]]}, "props": {"MTFCC": "S1400", "NAME": null}}, {"geom": {"type": "LineString", "coordinates": [[-119.896429, 39.164397], [-119.893583, 39.165533]]}, "props": {"MTFCC": "S1400", "NAME": null}}, {"geom": {"type": "LineString", "coordinates": [[-119.775079, 39.118653], [-119.77498, 39.118657], [-119.774484, 39.118584], [-119.774392, 39.11855]]}, "props": {"MTFCC": "S1740", "NAME": null}}, {"geom": {"type": "LineString", "coordinates": [[-119.847991, 39.113339], [-119.848308, 39.113547], [-119.848597, 39.113603]]}, "props": {"MTFCC": "S1500", "NAME": null}}, {"geom": {"type": "LineString", "coordinates": [[-119.808022, 39.201656], [-119.808029, 39.201706], [-119.80809, 39.201817], [-119.808106, 39.20183], [-119.808144, 39.201885], [-119.8083, 39.202038], [-119.808411, 39.202133], [-119.808472, 39.202198], [-119.808662, 39.202385], [-119.808777, 39.202515]]}, "props": {"MTFCC": "S1400", "NAME": null}}, {"geom": {"type": "LineString", "coordinates": [[-119.811069, 39.19872], [-119.810764, 39.198608], [-119.810618, 39.198605], [-119.810464, 39.198661], [-119.810359, 39.198767], [-119.810349, 39.198808], [-119.810296, 39.199021], [-119.810242, 39.199074], [-119.810173, 39.199116], [-119.810097, 39.199146], [-119.810059, 39.19915]]}, "props": {"MTFCC": "S1400", "NAME": null}}, {"geom": {"type": "LineString", "coordinates": [[-119.793311, 39.17246], [-119.793427, 39.172436], [-119.79438, 39.172428], [-119.794685, 39.172436], [-119.795654, 39.172421], [-119.796234, 39.172421], [-119.79641, 39.172413], [-119.796433, 39.172424], [-119.796447, 39.172439]]}, "props": {"MTFCC": "S1400", "NAME": null}}, {"geom": {"type": "LineString", "coordinates": [[-119.797906, 39.1731], [-119.797814, 39.173414], [-119.797405, 39.173859]]}, "props": {"MTFCC": "S1400", "NAME": null}}, {"geom": {"type": "LineString", "coordinates": [[-119.764563, 39.154904], [-119.764549, 39.155387], [-119.76447, 39.155621]]}, "props": {"MTFCC": "S1400", "NAME": null}}, {"geom": {"type": "LineString", "coordinates": [[-119.682215, 39.16445], [-119.682325, 39.164552], [-119.682522, 39.165102]]}, "props": {"MTFCC": "S1500", "NAME": null}}, {"geom": {"type": "LineString", "coordinates": [[-119.659137, 39.182327], [-119.659249, 39.182279], [-119.659329, 39.182183], [-119.659425, 39.182103], [-119.659569, 39.182023], [-119.659681, 39.181943], [-119.659777, 39.181895], [-119.659889, 39.181863], [-119.660001, 39.181815], [-119.660385, 39.181767], [-119.660417, 39.181783], [-119.660529, 39.181783], [-119.660769, 39.181735], [-119.660769, 39.181655], [-119.660673, 39.181607], [-119.660529, 39.181543], [-119.660209, 39.181543], [-119.660065, 39.181559], [-119.660001, 39.181591], [-119.659889, 39.181591], [-119.659793, 39.181623], [-119.659681, 39.181639], [-119.659569, 39.181639], [-119.659473, 39.181671], [-119.659409, 39.181671], [-119.659329, 39.181719], [-119.659217, 39.181751], [-119.659089, 39.181831], [-119.659009, 39.181831], [-119.658833, 39.181879]]}, "props": {"MTFCC": "S1400", "NAME": null}}, {"geom": {"type": "LineString", "coordinates": [[-119.7001, 39.178155], [-119.702387, 39.178918]]}, "props": {"MTFCC": "S1400", "NAME": null}}, {"geom": {"type": "LineString", "coordinates": [[-119.705119, 39.149981], [-119.702813, 39.149965], [-119.700421, 39.150011]]}, "props": {"MTFCC": "S1400", "NAME": null}}, {"geom": {"type": "LineString", "coordinates": [[-119.749779, 39.139915], [-119.749634, 39.140003], [-119.749542, 39.140026], [-119.748405, 39.140026], [-119.74794, 39.140022], [-119.747871, 39.14003], [-119.747841, 39.140038], [-119.747803, 39.140041]]}, "props": {"MTFCC": "S1400", "NAME": null}}, {"geom": {"type": "LineString", "coordinates": [[-119.663537, 39.139174], [-119.664113, 39.138934], [-119.664881, 39.138854], [-119.665201, 39.138806], [-119.665585, 39.13879], [-119.666081, 39.13871], [-119.666753, 39.138694], [-119.667217, 39.138822], [-119.667601, 39.13903], [-119.66805, 39.139255], [-119.668322, 39.139463], [-119.668642, 39.139719], [-119.668882, 39.140391], [-119.669186, 39.140967], [-119.669362, 39.141159], [-119.669634, 39.141383], [-119.669842, 39.141607], [-119.669938, 39.141847], [-119.670082, 39.142055], [-119.670194, 39.142151], [-119.670322, 39.142183]]}, "props": {"MTFCC": "S1400", "NAME": null}}, {"geom": {"type": "LineString", "coordinates": [[-119.646656, 39.131623], [-119.645273, 39.131193], [-119.644897, 39.130274], [-119.644706, 39.130258], [-119.644134, 39.130475]]}, "props": {"MTFCC": "S1400", "NAME": null}}, {"geom": {"type": "LineString", "coordinates": [[-119.662993, 39.138758], [-119.662673, 39.138566], [-119.662465, 39.13823], [-119.662369, 39.137926], [-119.662305, 39.137654], [-119.662273, 39.13743], [-119.662193, 39.137286], [-119.661953, 39.137014], [-119.661681, 39.136822], [-119.660817, 39.135942], [-119.660321, 39.135398], [-119.660161, 39.135206], [-119.659696, 39.135046], [-119.658992, 39.13503], [-119.658288, 39.134758], [-119.658016, 39.134582], [-119.65768, 39.134038], [-119.6576, 39.133814], [-119.657216, 39.133558], [-119.656944, 39.133526], [-119.656352, 39.133254], [-119.656096, 39.13327], [-119.655392, 39.133574], [-119.654656, 39.133671], [-119.653904, 39.134087], [-119.653472, 39.134407], [-119.653472, 39.134519]]}, "props": {"MTFCC": "S1400", "NAME": null}}, {"geom": {"type": "LineString", "coordinates": [[-119.786044, 39.17347], [-119.786029, 39.173945], [-119.785979, 39.174404], [-119.785852, 39.174583], [-119.785603, 39.174933]]}, "props": {"MTFCC": "S1740", "NAME": null}}, {"geom": {"type": "LineString", "coordinates": [[-119.77369, 39.118813], [-119.773713, 39.118733], [-119.773805, 39.118634], [-119.77382, 39.118569]]}, "props": {"MTFCC": "S1740", "NAME": null}}, {"geom": {"type": "LineString", "coordinates": [[-119.755735, 39.216678], [-119.755383, 39.216694], [-119.755031, 39.216742], [-119.754823, 39.216694], [-119.754583, 39.216678], [-119.754007, 39.216822], [-119.753655, 39.216902], [-119.753127, 39.216934], [-119.752775, 39.216902], [-119.752279, 39.21687], [-119.751927, 39.216822], [-119.751511, 39.216758], [-119.751255, 39.216694], [-119.750935, 39.216742]]}, "props": {"MTFCC": "S1400", "NAME": null}}, {"geom": {"type": "LineString", "coordinates": [[-119.762218, 39.203793], [-119.762242, 39.204444]]}, "props": {"MTFCC": "S1400", "NAME": null}}, {"geom": {"type": "LineString", "coordinates": [[-119.756823, 39.217735], [-119.75671, 39.217846], [-119.755862, 39.217894], [-119.75551, 39.217942], [-119.755142, 39.21807], [-119.75479, 39.218214], [-119.754358, 39.21823], [-119.75391, 39.218182], [-119.753558, 39.218102], [-119.753238, 39.217958], [-119.752935, 39.217846]]}, "props": {"MTFCC": "S1400", "NAME": null}}, {"geom": {"type": "LineString", "coordinates": [[-119.756841, 39.229642], [-119.756258, 39.229193], [-119.755473, 39.228221], [-119.75549, 39.227289], [-119.754879, 39.225737]]}, "props": {"MTFCC": "S1400", "NAME": null}}, {"geom": {"type": "LineString", "coordinates": [[-119.756189, 39.173082], [-119.756117, 39.173117], [-119.755684, 39.17313]]}, "props": {"MTFCC": "S1400", "NAME": null}}, {"geom": {"type": "LineString", "coordinates": [[-119.754244, 39.189445], [-119.754304, 39.189584], [-119.754291, 39.189773], [-119.754228, 39.18991], [-119.754156, 39.190017]]}, "props": {"MTFCC": "S1630", "NAME": null}}, {"geom": {"type": "LineString", "coordinates": [[-119.780179, 39.182926], [-119.780164, 39.182712], [-119.780313, 39.182198], [-119.780425, 39.182156]]}, "props": {"MTFCC": "S1400", "NAME": null}}, {"geom": {"type": "LineString", "coordinates": [[-119.760259, 39.161294], [-119.760262, 39.159971], [-119.760163, 39.159806]]}, "props": {"MTFCC": "S1400", "NAME": null}}, {"geom": {"type": "LineString", "coordinates": [[-119.687422, 39.20244], [-119.687255, 39.202387], [-119.685462, 39.201815], [-119.685555, 39.201335]]}, "props": {"MTFCC": "S1400", "NAME": null}}, {"geom": {"type": "LineString", "coordinates": [[-119.76043, 39.154178], [-119.760432, 39.154205], [-119.760438, 39.154301], [-119.76044, 39.154348], [-119.760441, 39.1544], [-119.760443, 39.154453], [-119.760444, 39.154507], [-119.760446, 39.15456], [-119.760445, 39.154614], [-119.760441, 39.154665], [-119.760443, 39.154714], [-119.760446, 39.15481], [-119.760447, 39.154856], [-119.760449, 39.154938], [-119.760444, 39.155025], [-119.760436, 39.155072]]}, "props": {"MTFCC": "S1400", "NAME": null}}, {"geom": {"type": "LineString", "coordinates": [[-119.785494, 39.182869], [-119.78494, 39.182826], [-119.784197, 39.182818], [-119.784191, 39.183541], [-119.785109, 39.183536], [-119.785406, 39.183499], [-119.78552, 39.183478]]}, "props": {"MTFCC": "S1400", "NAME": null}}, {"geom": {"type": "LineString", "coordinates": [[-119.737387, 39.176474], [-119.737328, 39.175574]]}, "props": {"MTFCC": "S1400", "NAME": null}}, {"geom": {"type": "LineString", "coordinates": [[-119.732373, 39.178262], [-119.731141, 39.17823]]}, "props": {"MTFCC": "S1400", "NAME": null}}, {"geom": {"type": "LineString", "coordinates": [[-119.752762, 39.18951], [-119.753041, 39.189651], [-119.753223, 39.189752], [-119.753419, 39.18982], [-119.753629, 39.189881], [-119.753854, 39.189937], [-119.754156, 39.190017]]}, "props": {"MTFCC": "S1630", "NAME": null}}, {"geom": {"type": "LineString", "coordinates": [[-119.754244, 39.189445], [-119.754628, 39.189698], [-119.754871, 39.189827], [-119.755054, 39.189908], [-119.755399, 39.190012], [-119.755331, 39.190131], [-119.75527, 39.190239], [-119.755277, 39.190293], [-119.755364, 39.190448]]}, "props": {"MTFCC": "S1630", "NAME": null}}, {"geom": {"type": "LineString", "coordinates": [[-119.738047, 39.169639], [-119.738129, 39.170416], [-119.738272, 39.170963], [-119.738443, 39.17155], [-119.738688, 39.172094], [-119.738926, 39.172596], [-119.73946, 39.17391], [-119.73961, 39.174297], [-119.739693, 39.174534], [-119.739687, 39.174721], [-119.739616, 39.174842], [-119.739296, 39.17506]]}, "props": {"MTFCC": "S1200", "NAME": null}}, {"geom": {"type": "LineString", "coordinates": [[-119.740522, 39.174738], [-119.740462, 39.174881], [-119.740384, 39.175023], [-119.740308, 39.175247], [-119.740344, 39.17557]]}, "props": {"MTFCC": "S1630", "NAME": null}}, {"geom": {"type": "LineString", "coordinates": [[-119.778175, 39.157082], [-119.776932, 39.157089], [-119.776764, 39.157108]]}, "props": {"MTFCC": "S1400", "NAME": null}}, {"geom": {"type": "LineString", "coordinates": [[-119.759099, 39.110047], [-119.759109, 39.10917]]}, "props": {"MTFCC": "S1400", "NAME": null}}, {"geom": {"type": "LineString", "coordinates": [[-119.784002, 39.193569], [-119.7836, 39.193525], [-119.783094, 39.193404], [-119.782874, 39.193239], [-119.782819, 39.193173]]}, "props": {"MTFCC": "S1400", "NAME": null}}, {"geom": {"type": "LineString", "coordinates": [[-119.742683, 39.221217], [-119.741302, 39.222137], [-119.741173, 39.222255], [-119.741107, 39.22239], [-119.741129, 39.222617], [-119.741032, 39.222751], [-119.740946, 39.222825], [-119.740902, 39.222854]]}, "props": {"MTFCC": "S1400", "NAME": null}}, {"geom": {"type": "LineString", "coordinates": [[-119.786819, 39.186413], [-119.786827, 39.18655], [-119.786827, 39.187283], [-119.786812, 39.187401], [-119.786766, 39.187553], [-119.786667, 39.187733], [-119.78656, 39.187889], [-119.786324, 39.188244], [-119.786247, 39.188381], [-119.786209, 39.188484], [-119.786194, 39.188644], [-119.786194, 39.189098]]}, "props": {"MTFCC": "S1400", "NAME": null}}, {"geom": {"type": "LineString", "coordinates": [[-119.785042, 39.190567], [-119.785789, 39.190567], [-119.786087, 39.190552], [-119.787108, 39.190395], [-119.787353, 39.19038], [-119.787613, 39.190372]]}, "props": {"MTFCC": "S1400", "NAME": null}}, {"geom": {"type": "LineString", "coordinates": [[-119.807045, 39.199516], [-119.806808, 39.199409], [-119.806084, 39.199062]]}, "props": {"MTFCC": "S1400", "NAME": null}}, {"geom": {"type": "LineString", "coordinates": [[-119.777756, 39.170544], [-119.778572, 39.170555], [-119.778564, 39.170868]]}, "props": {"MTFCC": "S1400", "NAME": null}}, {"geom": {"type": "LineString", "coordinates": [[-119.761894, 39.145092], [-119.761726, 39.145081], [-119.761696, 39.145084], [-119.760765, 39.145088], [-119.760475, 39.145088], [-119.760007, 39.145077], [-119.759855, 39.145073], [-119.759575, 39.145073], [-119.756981, 39.145069], [-119.756073, 39.145073]]}, "props": {"MTFCC": "S1400", "NAME": null}}, {"geom": {"type": "LineString", "coordinates": [[-119.760765, 39.144363], [-119.760445, 39.144371], [-119.759796, 39.144371]]}, "props": {"MTFCC": "S1400", "NAME": null}}, {"geom": {"type": "LineString", "coordinates": [[-119.698891, 39.190773], [-119.698814, 39.19067], [-119.698692, 39.190449], [-119.698524, 39.190197], [-119.698486, 39.190125], [-119.698448, 39.189987], [-119.698441, 39.189651], [-119.698441, 39.188698], [-119.698448, 39.188622], [-119.698461, 39.188574], [-119.698472, 39.188557], [-119.698214, 39.186175], [-119.697802, 39.186056], [-119.696738, 39.185714], [-119.696468, 39.185574], [-119.696221, 39.185141], [-119.696216, 39.184342]]}, "props": {"MTFCC": "S1400", "NAME": null}}, {"geom": {"type": "LineString", "coordinates": [[-119.784264, 39.189045], [-119.784225, 39.189014], [-119.784203, 39.188961], [-119.784103, 39.187456], [-119.784071, 39.186978], [-119.78405, 39.186657], [-119.784038, 39.186367], [-119.783932, 39.184351], [-119.783857, 39.182015], [-119.783844, 39.181845], [-119.783828, 39.181414]]}, "props": {"MTFCC": "S1400", "NAME": null}}, {"geom": {"type": "LineString", "coordinates": [[-119.751184, 39.236415], [-119.750998, 39.236714], [-119.75063, 39.23751], [-119.750418, 39.23818], [-119.750549, 39.238426], [-119.750648, 39.238648], [-119.750683, 39.238796], [-119.750464, 39.239071], [-119.75015, 39.239321], [-119.749931, 39.239522], [-119.749776, 39.239771], [-119.749298, 39.239775], [-119.749024, 39.239748], [-119.748629, 39.239708], [-119.748279, 39.239736], [-119.748061, 39.239986], [-119.748051, 39.240118], [-119.748035, 39.240333], [-119.748104, 39.240703], [-119.748142, 39.241049], [-119.747958, 39.241497], [-119.747767, 39.241474], [-119.747419, 39.241576], [-119.747132, 39.241579], [-119.747035, 39.241456], [-119.746935, 39.241185], [-119.746738, 39.240816], [-119.746646, 39.240598], [-119.746572, 39.240422], [-119.746407, 39.240052], [-119.74582, 39.239241], [-119.745815, 39.238919], [-119.745747, 39.23872], [-119.745614, 39.238302], [-119.74538, 39.237612], [-119.745213, 39.237143], [-119.744549, 39.236952]]}, "props": {"MTFCC": "S1500", "NAME": null}}, {"geom": {"type": "LineString", "coordinates": [[-119.786639, 39.179777], [-119.786326, 39.179778], [-119.786141, 39.179814], [-119.785969, 39.179888], [-119.785764, 39.18], [-119.785583, 39.180246], [-119.785524, 39.180489], [-119.785506, 39.180892], [-119.785523, 39.181181], [-119.785634, 39.181612], [-119.785698, 39.182011], [-119.78567, 39.182332], [-119.785494, 39.182869], [-119.78552, 39.183478], [-119.785603, 39.183887], [-119.785664, 39.184321], [-119.785613, 39.184747], [-119.78559, 39.185107], [-119.785607, 39.185848]]}, "props": {"MTFCC": "S1400", "NAME": null}}, {"geom": {"type": "LineString", "coordinates": [[-119.786697, 39.171242], [-119.786652, 39.17128], [-119.786629, 39.171364], [-119.786613, 39.172031], [-119.786606, 39.172752], [-119.786598, 39.173481]]}, "props": {"MTFCC": "S1400", "NAME": null}}, {"geom": {"type": "LineString", "coordinates": [[-119.774918, 39.201321], [-119.77491, 39.201736]]}, "props": {"MTFCC": "S1400", "NAME": null}}, {"geom": {"type": "LineString", "coordinates": [[-119.77179, 39.202644], [-119.771782, 39.203358]]}, "props": {"MTFCC": "S1400", "NAME": null}}, {"geom": {"type": "LineString", "coordinates": [[-119.703766, 39.188744], [-119.703957, 39.189011], [-119.704208, 39.189373], [-119.704277, 39.18948], [-119.704369, 39.189602], [-119.704437, 39.189674], [-119.704521, 39.189751], [-119.704613, 39.189812], [-119.704796, 39.189903], [-119.704903, 39.189945], [-119.704955, 39.189959], [-119.704987, 39.189968], [-119.7052, 39.190006], [-119.705765, 39.190014], [-119.706398, 39.190014], [-119.707169, 39.190006], [-119.707359, 39.190018], [-119.71315, 39.190018], [-119.713547, 39.190018], [-119.71389, 39.19001], [-119.714005, 39.190018], [-119.714569, 39.190014], [-119.715637, 39.19001], [-119.715683, 39.190018], [-119.715912, 39.190029], [-119.716316, 39.190094], [-119.716621, 39.190163], [-119.71698, 39.190281], [-119.717369, 39.190449], [-119.717491, 39.190514], [-119.717621, 39.190571], [-119.71814, 39.190838], [-119.718819, 39.191177], [-119.718885, 39.191209], [-119.724999, 39.194237], [-119.725502, 39.194382], [-119.72606, 39.194467], [-119.728539, 39.194572], [-119.72908, 39.194851], [-119.729541, 39.195412], [-119.72953, 39.19986], [-119.729538, 39.200073], [-119.729622, 39.200424], [-119.729675, 39.200562], [-119.729752, 39.200703], [-119.729874, 39.200878], [-119.730057, 39.201099], [-119.730209, 39.201237], [-119.730377, 39.20137], [-119.730629, 39.201515], [-119.730774, 39.201591], [-119.731098, 39.201705], [-119.731133, 39.201717], [-119.731331, 39.201767], [-119.731735, 39.201832], [-119.731804, 39.201839], [-119.73358, 39.201836], [-119.733902, 39.201836], [-119.734924, 39.201824], [-119.735069, 39.201809], [-119.735229, 39.201774], [-119.735451, 39.20171], [-119.735909, 39.201538], [-119.736, 39.201492], [-119.736069, 39.201469], [-119.737488, 39.200912], [-119.737724, 39.200809], [-119.738266, 39.2006], [-119.738632, 39.200447], [-119.739555, 39.200085], [-119.740807, 39.199581], [-119.741234, 39.199417], [-119.742111, 39.199062], [-119.742348, 39.198978], [-119.742934, 39.19874], [-119.743202, 39.198635], [-119.74337, 39.19857], [-119.743553, 39.198521], [-119.743782, 39.198475], [-119.74408, 39.198456], [-119.74572, 39.198456], [-119.745842, 39.198448], [-119.745987, 39.198456], [-119.74646, 39.198456], [-119.746719, 39.198448], [-119.747208, 39.198456], [-119.749783, 39.198448], [-119.75238, 39.198452], [-119.754458, 39.198466], [-119.754784, 39.198463], [-119.756232, 39.198462], [-119.757927, 39.19846], [-119.760719, 39.19846], [-119.761681, 39.19846], [-119.762428, 39.198452], [-119.762741, 39.19846], [-119.763496, 39.19846], [-119.764803, 39.198459], [-119.765816, 39.19846], [-119.768478, 39.19846], [-119.770085, 39.198454], [-119.77172, 39.198454], [-119.773245, 39.19843], [-119.773798, 39.198418], [-119.77424, 39.198344], [-119.774467, 39.198316], [-119.77476, 39.19828], [-119.774843, 39.19827], [-119.775346, 39.198135], [-119.776256, 39.197815], [-119.777199, 39.197426]]}, "props": {"MTFCC": "S1400", "NAME": null}}, {"geom": {"type": "LineString", "coordinates": [[-119.773554, 39.194088], [-119.772748, 39.192785], [-119.7726, 39.192785], [-119.771632, 39.192787]]}, "props": {"MTFCC": "S1740", "NAME": null}}, {"geom": {"type": "LineString", "coordinates": [[-119.751999, 39.175728], [-119.751984, 39.175781], [-119.751938, 39.175838], [-119.751778, 39.176266], [-119.751755, 39.176361], [-119.751755, 39.176483], [-119.751747, 39.176613], [-119.751755, 39.176659], [-119.751755, 39.177578], [-119.751747, 39.177677], [-119.751755, 39.177765], [-119.751755, 39.178036], [-119.751747, 39.178185], [-119.751754, 39.17854], [-119.751678, 39.178833], [-119.751657, 39.178902], [-119.751657, 39.179145], [-119.751691, 39.179266], [-119.751742, 39.179369], [-119.751805, 39.179523], [-119.751833, 39.179569], [-119.751844, 39.180207], [-119.751838, 39.180905], [-119.751819, 39.18121], [-119.75177, 39.181501], [-119.751653, 39.181773], [-119.75131, 39.182248], [-119.751211, 39.182358], [-119.75099, 39.18264], [-119.75075, 39.182891], [-119.750547, 39.183056], [-119.749583, 39.183788], [-119.748651, 39.184495]]}, "props": {"MTFCC": "S1400", "NAME": null}}, {"geom": {"type": "LineString", "coordinates": [[-119.756232, 39.198462], [-119.756439, 39.199696], [-119.756331, 39.201536]]}, "props": {"MTFCC": "S1400", "NAME": null}}, {"geom": {"type": "LineString", "coordinates": [[-119.764767, 39.1997], [-119.764641, 39.199696], [-119.76375, 39.199695], [-119.762919, 39.199694], [-119.761071, 39.199698], [-119.760719, 39.199699], [-119.756439, 39.199696]]}, "props": {"MTFCC": "S1400", "NAME": null}}, {"geom": {"type": "LineString", "coordinates": [[-119.743207, 39.107746], [-119.746479, 39.107793], [-119.747786, 39.107812]]}, "props": {"MTFCC": "S1400", "NAME": null}}, {"geom": {"type": "LineString", "coordinates": [[-119.742744, 39.204575], [-119.742744, 39.205929], [-119.742752, 39.206066], [-119.742744, 39.206127], [-119.742744, 39.206478], [-119.74276, 39.206711]]}, "props": {"MTFCC": "S1400", "NAME": null}}, {"geom": {"type": "LineString", "coordinates": [[-119.763489, 39.194527], [-119.763481, 39.196121], [-119.763489, 39.196983], [-119.763489, 39.198021], [-119.763481, 39.198238], [-119.763496, 39.19846]]}, "props": {"MTFCC": "S1400", "NAME": null}}, {"geom": {"type": "LineString", "coordinates": [[-119.765753, 39.182461], [-119.765858, 39.18251], [-119.765965, 39.1826], [-119.765998, 39.182694], [-119.766006, 39.183964], [-119.765988, 39.184853], [-119.765984, 39.185261], [-119.765983, 39.185289], [-119.765961, 39.186417], [-119.765953, 39.186672], [-119.765938, 39.188137], [-119.76593, 39.188549], [-119.765923, 39.189274], [-119.765923, 39.189461], [-119.7659, 39.189579], [-119.765854, 39.189873], [-119.765854, 39.189949], [-119.765869, 39.190002], [-119.765817, 39.19012], [-119.765854, 39.190581], [-119.765846, 39.190701], [-119.765846, 39.191647], [-119.765854, 39.191708], [-119.765846, 39.191837], [-119.765846, 39.192307], [-119.765846, 39.192841], [-119.76585, 39.192899], [-119.765877, 39.193256], [-119.76593, 39.193459], [-119.766014, 39.193661], [-119.766083, 39.193806], [-119.76622, 39.194023], [-119.766441, 39.194313], [-119.766891, 39.194916], [-119.767061, 39.195136], [-119.76812, 39.196548], [-119.768295, 39.196781], [-119.768394, 39.196945], [-119.76841, 39.196991], [-119.768448, 39.197079], [-119.768478, 39.197247], [-119.768482, 39.197836], [-119.768478, 39.19846]]}, "props": {"MTFCC": "S1400", "NAME": null}}, {"geom": {"type": "LineString", "coordinates": [[-119.77475, 39.178394], [-119.774719, 39.175571], [-119.774719, 39.174606], [-119.774727, 39.17408]]}, "props": {"MTFCC": "S1400", "NAME": null}}, {"geom": {"type": "LineString", "coordinates": [[-119.767479, 39.146553], [-119.767112, 39.146545], [-119.766795, 39.146538], [-119.765751, 39.146528], [-119.76537, 39.146523], [-119.76445, 39.146515], [-119.763527, 39.146519], [-119.762718, 39.146515], [-119.76165, 39.146515], [-119.761627, 39.146507], [-119.7612, 39.146503], [-119.760475, 39.146503], [-119.760048, 39.146507], [-119.759888, 39.146507], [-119.758942, 39.146538], [-119.758789, 39.146538], [-119.757347, 39.146538], [-119.756973, 39.146538], [-119.756126, 39.146538], [-119.755288, 39.146536], [-119.754623, 39.146534], [-119.752441, 39.14653], [-119.7519, 39.146526], [-119.751312, 39.146526], [-119.750792, 39.146526], [-119.75042, 39.146526], [-119.749806, 39.146524], [-119.749542, 39.146523], [-119.749222, 39.146523], [-119.748665, 39.146523], [-119.747757, 39.146515], [-119.747597, 39.146496], [-119.747398, 39.146461], [-119.747314, 39.146439], [-119.747073, 39.146341]]}, "props": {"MTFCC": "S1400", "NAME": null}}, {"geom": {"type": "LineString", "coordinates": [[-119.759575, 39.145073], [-119.75956, 39.145248], [-119.759567, 39.145741], [-119.759552, 39.145767], [-119.759506, 39.145786], [-119.759459, 39.14579], [-119.759438, 39.145782], [-119.759323, 39.145782]]}, "props": {"MTFCC": "S1400", "NAME": null}}, {"geom": {"type": "LineString", "coordinates": [[-119.763499, 39.144952], [-119.763504, 39.144932], [-119.763527, 39.144768], [-119.763527, 39.14439], [-119.763527, 39.143269], [-119.763527, 39.142909], [-119.763522, 39.142791], [-119.763533, 39.142586], [-119.763527, 39.141884], [-119.763522, 39.141833], [-119.763528, 39.141661], [-119.763522, 39.141585], [-119.763533, 39.141463], [-119.763533, 39.140849], [-119.763527, 39.14074], [-119.763519, 39.140446], [-119.763512, 39.140415], [-119.763519, 39.140247], [-119.763519, 39.139748], [-119.763519, 39.139553], [-119.763512, 39.139515], [-119.763519, 39.139477], [-119.763512, 39.139389], [-119.763512, 39.139267], [-119.763519, 39.139248], [-119.763519, 39.138912], [-119.763519, 39.138218], [-119.763519, 39.137881], [-119.763519, 39.137524], [-119.763519, 39.136826], [-119.763519, 39.136097], [-119.763519, 39.135693], [-119.763535, 39.135643], [-119.763536, 39.135431], [-119.763537, 39.135288], [-119.763535, 39.13488], [-119.763521, 39.134586], [-119.763512, 39.133842], [-119.763504, 39.133606], [-119.763504, 39.133362], [-119.763527, 39.132973], [-119.763512, 39.132653], [-119.763512, 39.132295], [-119.763512, 39.131107], [-119.763503, 39.130139], [-119.763495, 39.129888], [-119.763448, 39.128387], [-119.763504, 39.127506], [-119.763504, 39.126595], [-119.763496, 39.125687], [-119.763507, 39.125285], [-119.763496, 39.124783], [-119.763455, 39.123003]]}, "props": {"MTFCC": "S1400", "NAME": null}}, {"geom": {"type": "LineString", "coordinates": [[-119.763527, 39.146519], [-119.763527, 39.145664], [-119.763489, 39.145577], [-119.763366, 39.145514]]}, "props": {"MTFCC": "S1400", "NAME": null}}, {"geom": {"type": "LineString", "coordinates": [[-119.765381, 39.143269], [-119.764458, 39.143272], [-119.763527, 39.143269], [-119.762589, 39.143269], [-119.761681, 39.143269], [-119.760765, 39.143265], [-119.759104, 39.14326], [-119.757896, 39.143257]]}, "props": {"MTFCC": "S1400", "NAME": null}}, {"geom": {"type": "LineString", "coordinates": [[-119.763519, 39.140446], [-119.763252, 39.140453], [-119.763176, 39.140469], [-119.763077, 39.140518], [-119.762985, 39.140614], [-119.762611, 39.141045], [-119.76255, 39.141087], [-119.762421, 39.14114], [-119.762283, 39.141155], [-119.762161, 39.141151], [-119.76136, 39.141151], [-119.761116, 39.141148], [-119.760963, 39.141132], [-119.760826, 39.141083], [-119.760681, 39.140999], [-119.760612, 39.140949], [-119.760212, 39.140576], [-119.760094, 39.140476], [-119.760002, 39.140347], [-119.759933, 39.14019], [-119.759933, 39.140072], [-119.760086, 39.139675]]}, "props": {"MTFCC": "S1400", "NAME": null}}, {"geom": {"type": "LineString", "coordinates": [[-119.751884, 39.142054], [-119.752291, 39.142052], [-119.752573, 39.142082], [-119.752695, 39.142241], [-119.75269, 39.142429], [-119.75239, 39.142763], [-119.751884, 39.142793]]}, "props": {"MTFCC": "S1400", "NAME": null}}, {"geom": {"type": "LineString", "coordinates": [[-119.756096, 39.147892], [-119.756126, 39.14785], [-119.756134, 39.147785], [-119.756134, 39.146675], [-119.756126, 39.146538], [-119.756069, 39.146443], [-119.756073, 39.145798], [-119.756058, 39.145729], [-119.756004, 39.145653], [-119.755836, 39.145512], [-119.755264, 39.145061], [-119.755188, 39.144974], [-119.75515, 39.144897], [-119.755142, 39.144798], [-119.755135, 39.144466], [-119.755142, 39.144127], [-119.755142, 39.143272]]}, "props": {"MTFCC": "S1400", "NAME": null}}, {"geom": {"type": "LineString", "coordinates": [[-119.767814, 39.142765], [-119.767921, 39.142078], [-119.767952, 39.141918], [-119.768107, 39.141062], [-119.768177, 39.140679], [-119.768255, 39.140245], [-119.768428, 39.139293], [-119.768454, 39.139148], [-119.768461, 39.139103], [-119.768504, 39.138868], [-119.768755, 39.13749], [-119.76881, 39.13718], [-119.768922, 39.136565], [-119.768988, 39.136193], [-119.768994, 39.136158], [-119.769021, 39.135981], [-119.769067, 39.135746], [-119.769081, 39.135726], [-119.769126, 39.1357]]}, "props": {"MTFCC": "S1640", "NAME": null}}, {"geom": {"type": "LineString", "coordinates": [[-119.770454, 39.140965], [-119.771293, 39.140963], [-119.773049, 39.140959], [-119.773905, 39.140957], [-119.774506, 39.140957], [-119.774818, 39.140961], [-119.775642, 39.140953]]}, "props": {"MTFCC": "S1400", "NAME": null}}, {"geom": {"type": "LineString", "coordinates": [[-119.773521, 39.138325], [-119.773527, 39.138262], [-119.773532, 39.138203], [-119.773535, 39.138154], [-119.77353, 39.138107], [-119.773528, 39.138061], [-119.773527, 39.138005], [-119.773527, 39.13795], [-119.77353, 39.137893], [-119.773531, 39.137844], [-119.773529, 39.137795], [-119.773502, 39.137742], [-119.773411, 39.137704], [-119.773359, 39.137683], [-119.773302, 39.137664], [-119.77324, 39.137648], [-119.773173, 39.137635], [-119.773109, 39.137631], [-119.77306, 39.137632]]}, "props": {"MTFCC": "S1400", "NAME": null}}, {"geom": {"type": "LineString", "coordinates": [[-119.731827, 39.168602], [-119.731827, 39.169136], [-119.731819, 39.169334], [-119.731819, 39.170048], [-119.731812, 39.170181], [-119.731812, 39.170765], [-119.731804, 39.171482], [-119.731803, 39.171778], [-119.731804, 39.17226], [-119.731804, 39.172398], [-119.731781, 39.172493], [-119.731758, 39.172562], [-119.731705, 39.172646], [-119.731636, 39.172726], [-119.731239, 39.173042], [-119.731056, 39.173237], [-119.730888, 39.173428], [-119.730698, 39.173717], [-119.730568, 39.174], [-119.730492, 39.174217], [-119.730461, 39.174355], [-119.730423, 39.174545], [-119.730423, 39.174648], [-119.730415, 39.174767], [-119.730415, 39.175056]]}, "props": {"MTFCC": "S1400", "NAME": null}}, {"geom": {"type": "LineString", "coordinates": [[-119.764271, 39.135592], [-119.764862, 39.135598]]}, "props": {"MTFCC": "S1400", "NAME": null}}, {"geom": {"type": "LineString", "coordinates": [[-119.766874, 39.135717], [-119.766261, 39.135712], [-119.766208, 39.135755], [-119.766188, 39.135898], [-119.766209, 39.136639], [-119.766215, 39.136716], [-119.766279, 39.136764], [-119.766369, 39.136794], [-119.766878, 39.1368]]}, "props": {"MTFCC": "S1400", "NAME": null}}, {"geom": {"type": "LineString", "coordinates": [[-119.766056, 39.135604], [-119.766242, 39.135605], [-119.766631, 39.135607]]}, "props": {"MTFCC": "S1400", "NAME": null}}, {"geom": {"type": "LineString", "coordinates": [[-119.766132, 39.134036], [-119.766056, 39.135604]]}, "props": {"MTFCC": "S1400", "NAME": null}}, {"geom": {"type": "LineString", "coordinates": [[-119.763537, 39.135288], [-119.761883, 39.135278]]}, "props": {"MTFCC": "S1400", "NAME": null}}, {"geom": {"type": "LineString", "coordinates": [[-119.762735, 39.134247], [-119.762744, 39.134302], [-119.762739, 39.134355], [-119.762737, 39.134407], [-119.762739, 39.134461], [-119.762737, 39.134522], [-119.762726, 39.134586]]}, "props": {"MTFCC": "S1400", "NAME": null}}, {"geom": {"type": "LineString", "coordinates": [[-119.762161, 39.141151], [-119.762164, 39.140853], [-119.762635, 39.140298], [-119.762678, 39.140135], [-119.762694, 39.139747]]}, "props": {"MTFCC": "S1400", "NAME": null}}, {"geom": {"type": "LineString", "coordinates": [[-119.763519, 39.136097], [-119.763426, 39.136136], [-119.76046, 39.136135], [-119.760025, 39.136131]]}, "props": {"MTFCC": "S1400", "NAME": null}}, {"geom": {"type": "LineString", "coordinates": [[-119.753418, 39.136879], [-119.753372, 39.136909], [-119.753342, 39.136971], [-119.753342, 39.137733], [-119.753342, 39.138596]]}, "props": {"MTFCC": "S1400", "NAME": null}}, {"geom": {"type": "LineString", "coordinates": [[-119.758514, 39.138557], [-119.758621, 39.138241], [-119.758644, 39.138149], [-119.758659, 39.137943], [-119.758667, 39.137501], [-119.758667, 39.136749], [-119.758698, 39.136616], [-119.758743, 39.136509], [-119.758797, 39.136425], [-119.75882, 39.136379], [-119.758873, 39.136175], [-119.758865, 39.136158]]}, "props": {"MTFCC": "S1400", "NAME": null}}, {"geom": {"type": "LineString", "coordinates": [[-119.763212, 39.133345], [-119.762216, 39.133343], [-119.762154, 39.133308]]}, "props": {"MTFCC": "S1400", "NAME": null}}, {"geom": {"type": "LineString", "coordinates": [[-119.763519, 39.138218], [-119.763687, 39.13821], [-119.765378, 39.138204]]}, "props": {"MTFCC": "S1400", "NAME": null}}, {"geom": {"type": "LineString", "coordinates": [[-119.742713, 39.207407], [-119.742727, 39.208221]]}, "props": {"MTFCC": "S1400", "NAME": null}}, {"geom": {"type": "LineString", "coordinates": [[-119.756393, 39.204548], [-119.756599, 39.20454], [-119.756645, 39.204525], [-119.756676, 39.204506], [-119.756699, 39.20446], [-119.756699, 39.204159], [-119.756668, 39.204029], [-119.756622, 39.20393], [-119.756523, 39.203819], [-119.756462, 39.203773], [-119.75634, 39.20372], [-119.756073, 39.203651], [-119.755585, 39.203548], [-119.755486, 39.203533], [-119.755157, 39.203449], [-119.755005, 39.203396], [-119.754799, 39.203312], [-119.754509, 39.203186], [-119.753876, 39.202927], [-119.753754, 39.202869], [-119.753654, 39.202835], [-119.753487, 39.202763], [-119.753288, 39.202637], [-119.753159, 39.202511], [-119.753075, 39.202377], [-119.753029, 39.20224], [-119.753021, 39.202129], [-119.753021, 39.201725], [-119.753029, 39.201565]]}, "props": {"MTFCC": "S1400", "NAME": null}}, {"geom": {"type": "LineString", "coordinates": [[-119.750914, 39.203574], [-119.749275, 39.203571], [-119.749176, 39.203583], [-119.748993, 39.203579], [-119.748909, 39.203571], [-119.747467, 39.203579]]}, "props": {"MTFCC": "S1400", "NAME": null}}, {"geom": {"type": "LineString", "coordinates": [[-119.742264, 39.212269], [-119.742203, 39.212196], [-119.742126, 39.212063], [-119.742104, 39.212002], [-119.742088, 39.211929], [-119.742104, 39.211842], [-119.742119, 39.211815], [-119.742287, 39.211403], [-119.742409, 39.211124]]}, "props": {"MTFCC": "S1400", "NAME": null}}, {"geom": {"type": "LineString", "coordinates": [[-119.735279, 39.207523], [-119.735252, 39.205715], [-119.73526, 39.205509], [-119.735268, 39.204746], [-119.735283, 39.204517]]}, "props": {"MTFCC": "S1400", "NAME": null}}, {"geom": {"type": "LineString", "coordinates": [[-119.738179, 39.202092], [-119.747459, 39.202082]]}, "props": {"MTFCC": "S1400", "NAME": null}}, {"geom": {"type": "LineString", "coordinates": [[-119.834791, 39.129644], [-119.834444, 39.129913], [-119.833846, 39.130159], [-119.83315, 39.130607], [-119.832755, 39.131048], [-119.832203, 39.131564], [-119.831528, 39.132243], [-119.830886, 39.132989], [-119.829886, 39.133902], [-119.829795, 39.134167], [-119.829718, 39.134335], [-119.829563, 39.134509], [-119.82913, 39.13461], [-119.828915, 39.134568], [-119.828789, 39.13429], [-119.828161, 39.130708], [-119.828427, 39.130094], [-119.828432, 39.128824], [-119.828522, 39.127831], [-119.827968, 39.127415], [-119.82792, 39.127379], [-119.827335, 39.127156], [-119.826591, 39.127141], [-119.825955, 39.127102], [-119.825275, 39.126976], [-119.824352, 39.126908], [-119.823475, 39.126887], [-119.822988, 39.126667], [-119.8214, 39.125721], [-119.820382, 39.125868], [-119.819963, 39.125945], [-119.819677, 39.126104], [-119.819477, 39.12605], [-119.819392, 39.126027], [-119.819092, 39.125888], [-119.818545, 39.125571], [-119.81839, 39.125398], [-119.818707, 39.125382], [-119.81894, 39.124067], [-119.819112, 39.123098], [-119.8192, 39.122617], [-119.818608, 39.121923], [-119.818743, 39.121657], [-119.819046, 39.121512], [-119.819885, 39.121518], [-119.820342, 39.121827], [-119.821408, 39.121573], [-119.821257, 39.121469], [-119.821157, 39.121208], [-119.820779, 39.121033], [-119.820491, 39.121037], [-119.820157, 39.121014], [-119.819649, 39.120927], [-119.819574, 39.120849]]}, "props": {"MTFCC": "S1400", "NAME": null}}, {"geom": {"type": "LineString", "coordinates": [[-119.73913, 39.128373], [-119.739105, 39.127033], [-119.73909, 39.123852], [-119.73909, 39.123005], [-119.739082, 39.121915], [-119.739082, 39.121262], [-119.739076, 39.121125], [-119.738998, 39.117504], [-119.739006, 39.117207], [-119.739006, 39.116426], [-119.738998, 39.115871], [-119.738998, 39.114841], [-119.739006, 39.114651], [-119.738998, 39.113926]]}, "props": {"MTFCC": "S1400", "NAME": null}}, {"geom": {"type": "LineString", "coordinates": [[-119.741364, 39.141983], [-119.741376, 39.142305]]}, "props": {"MTFCC": "S1400", "NAME": null}}, {"geom": {"type": "LineString", "coordinates": [[-119.74601, 39.121143], [-119.743683, 39.121117], [-119.743561, 39.121054], [-119.742621, 39.12105], [-119.742447, 39.121142], [-119.741958, 39.121146], [-119.741684, 39.12114], [-119.74135, 39.121142], [-119.741222, 39.121141], [-119.740033, 39.121136], [-119.739204, 39.121136], [-119.739076, 39.121125], [-119.737861, 39.121112]]}, "props": {"MTFCC": "S1400", "NAME": null}}, {"geom": {"type": "LineString", "coordinates": [[-119.60946, 39.138685], [-119.609347, 39.13823], [-119.60925, 39.137679], [-119.609131, 39.137094], [-119.608966, 39.136405], [-119.608802, 39.135751], [-119.608397, 39.135358], [-119.607861, 39.135001], [-119.607481, 39.134797], [-119.606769, 39.13451], [-119.606143, 39.134154], [-119.605584, 39.133779], [-119.604897, 39.133699], [-119.603507, 39.13409], [-119.603023, 39.134267], [-119.60256, 39.134444], [-119.60225, 39.134429], [-119.60194, 39.134432], [-119.601694, 39.134262], [-119.60147, 39.134074], [-119.601462, 39.133539], [-119.601589, 39.133124], [-119.601714, 39.132918]]}, "props": {"MTFCC": "S1500", "NAME": null}}, {"geom": {"type": "LineString", "coordinates": [[-119.752162, 39.231038], [-119.751576, 39.23166], [-119.751105, 39.231996], [-119.750382, 39.232232], [-119.749205, 39.232501], [-119.748667, 39.232585], [-119.747995, 39.232534], [-119.747272, 39.232719], [-119.746415, 39.233106], [-119.745154, 39.234047], [-119.744628, 39.234637], [-119.743954, 39.235632], [-119.74392, 39.235654], [-119.741457, 39.237284], [-119.739663, 39.240666], [-119.737366, 39.24103]]}, "props": {"MTFCC": "S1400", "NAME": null}}, {"geom": {"type": "LineString", "coordinates": [[-119.846598, 39.113753], [-119.846007, 39.113854], [-119.845833, 39.11388]]}, "props": {"MTFCC": "S1400", "NAME": null}}, {"geom": {"type": "LineString", "coordinates": [[-119.765099, 39.196537], [-119.764739, 39.196537]]}, "props": {"MTFCC": "S1400", "NAME": null}}, {"geom": {"type": "LineString", "coordinates": [[-119.763324, 39.187584], [-119.763319, 39.187422], [-119.763303, 39.187344], [-119.76328, 39.187314], [-119.763249, 39.187296], [-119.763216, 39.187285], [-119.762607, 39.187287], [-119.761803, 39.187282], [-119.761532, 39.18728], [-119.76145, 39.187279], [-119.761404, 39.187273], [-119.761369, 39.187264], [-119.761325, 39.187204], [-119.761285, 39.187166], [-119.761194, 39.187099]]}, "props": {"MTFCC": "S1400", "NAME": null}}, {"geom": {"type": "LineString", "coordinates": [[-119.764145, 39.186333], [-119.764137, 39.186787]]}, "props": {"MTFCC": "S1400", "NAME": null}}, {"geom": {"type": "LineString", "coordinates": [[-119.78064, 39.166805], [-119.780052, 39.166805], [-119.778275, 39.166798], [-119.778244, 39.166794], [-119.777641, 39.166512], [-119.77729, 39.166389], [-119.776527, 39.166531]]}, "props": {"MTFCC": "S1400", "NAME": null}}, {"geom": {"type": "LineString", "coordinates": [[-119.756841, 39.229642], [-119.757081, 39.229475]]}, "props": {"MTFCC": "S1400", "NAME": null}}, {"geom": {"type": "LineString", "coordinates": [[-119.769417, 39.173035], [-119.77002, 39.173035]]}, "props": {"MTFCC": "S1400", "NAME": null}}, {"geom": {"type": "LineString", "coordinates": [[-119.73909, 39.123852], [-119.739563, 39.12384], [-119.740695, 39.12384], [-119.741101, 39.123871], [-119.741295, 39.12402], [-119.741361, 39.124125], [-119.74138, 39.12677], [-119.741192, 39.126963], [-119.740976, 39.127037], [-119.740579, 39.127036], [-119.740281, 39.127035], [-119.739105, 39.127033]]}, "props": {"MTFCC": "S1400", "NAME": null}}, {"geom": {"type": "LineString", "coordinates": [[-119.779811, 39.15919], [-119.779243, 39.159191]]}, "props": {"MTFCC": "S1400", "NAME": null}}, {"geom": {"type": "LineString", "coordinates": [[-119.773315, 39.15834], [-119.773346, 39.15834], [-119.773407, 39.158314], [-119.773438, 39.158279], [-119.773445, 39.158237], [-119.773422, 39.15818], [-119.773422, 39.157692], [-119.773422, 39.156654], [-119.77342, 39.156489], [-119.773417, 39.15619], [-119.773413, 39.155725], [-119.773499, 39.155525]]}, "props": {"MTFCC": "S1400", "NAME": null}}, {"geom": {"type": "LineString", "coordinates": [[-119.774321, 39.121391], [-119.774693, 39.121393], [-119.774767, 39.121176], [-119.77481, 39.120974], [-119.774501, 39.120811], [-119.774351, 39.120738]]}, "props": {"MTFCC": "S1740", "NAME": null}}, {"geom": {"type": "LineString", "coordinates": [[-119.751805, 39.179523], [-119.753799, 39.179527], [-119.754422, 39.179525], [-119.754904, 39.179541], [-119.755429, 39.179544], [-119.755936, 39.179531], [-119.756034, 39.179531], [-119.756278, 39.179533], [-119.75681, 39.179535], [-119.756992, 39.179536], [-119.758856, 39.17954]]}, "props": {"MTFCC": "S1400", "NAME": null}}, {"geom": {"type": "LineString", "coordinates": [[-119.755043, 39.177718], [-119.755043, 39.178028], [-119.755028, 39.178123], [-119.754974, 39.178249], [-119.754906, 39.178356], [-119.754799, 39.178482], [-119.754684, 39.1786], [-119.754648, 39.178644]]}, "props": {"MTFCC": "S1400", "NAME": null}}, {"geom": {"type": "LineString", "coordinates": [[-119.745689, 39.175682], [-119.746078, 39.175579], [-119.746681, 39.175426], [-119.747337, 39.175255], [-119.747765, 39.17514], [-119.747986, 39.175087], [-119.748116, 39.175064], [-119.748314, 39.175053], [-119.748856, 39.175053], [-119.748985, 39.175068], [-119.749168, 39.175106], [-119.749405, 39.175175], [-119.750076, 39.175385], [-119.75058, 39.175533], [-119.750626, 39.175552], [-119.750763, 39.175587]]}, "props": {"MTFCC": "S1400", "NAME": null}}, {"geom": {"type": "LineString", "coordinates": [[-119.753387, 39.175392], [-119.753166, 39.175316], [-119.753014, 39.17527]]}, "props": {"MTFCC": "S1400", "NAME": null}}, {"geom": {"type": "LineString", "coordinates": [[-119.735954, 39.188332], [-119.735962, 39.18858], [-119.735954, 39.188763], [-119.735954, 39.189045], [-119.73597, 39.189098], [-119.735992, 39.189133], [-119.736237, 39.189289], [-119.736488, 39.189426], [-119.73674, 39.189537], [-119.736954, 39.189617], [-119.737206, 39.18969], [-119.737564, 39.189762], [-119.7379, 39.189796], [-119.738013, 39.189803], [-119.738159, 39.189801], [-119.73838, 39.1898], [-119.739044, 39.1898], [-119.739685, 39.189804], [-119.740318, 39.1898], [-119.74086, 39.1898], [-119.740944, 39.189804], [-119.741035, 39.189804], [-119.741516, 39.189838], [-119.741585, 39.189838]]}, "props": {"MTFCC": "S1400", "NAME": null}}, {"geom": {"type": "LineString", "coordinates": [[-119.733284, 39.184303], [-119.733992, 39.184293], [-119.733985, 39.183594], [-119.733269, 39.183582]]}, "props": {"MTFCC": "S1400", "NAME": null}}, {"geom": {"type": "LineString", "coordinates": [[-119.734871, 39.180225], [-119.735443, 39.180233], [-119.735817, 39.180229]]}, "props": {"MTFCC": "S1400", "NAME": null}}, {"geom": {"type": "LineString", "coordinates": [[-119.720009, 39.184807], [-119.720154, 39.184906], [-119.720406, 39.185032], [-119.720528, 39.185066], [-119.72068, 39.185089], [-119.721611, 39.185101], [-119.721779, 39.185143], [-119.721893, 39.185177], [-119.722054, 39.1852], [-119.72319, 39.185207], [-119.723244, 39.1852], [-119.723289, 39.185177]]}, "props": {"MTFCC": "S1400", "NAME": null}}, {"geom": {"type": "LineString", "coordinates": [[-119.765312, 39.137539], [-119.765167, 39.137524], [-119.763519, 39.137524]]}, "props": {"MTFCC": "S1400", "NAME": null}}, {"geom": {"type": "LineString", "coordinates": [[-119.763519, 39.136097], [-119.764015, 39.136097], [-119.764153, 39.136082], [-119.764297, 39.136036], [-119.76446, 39.136002], [-119.765324, 39.136003]]}, "props": {"MTFCC": "S1400", "NAME": null}}, {"geom": {"type": "LineString", "coordinates": [[-119.795204, 39.166253], [-119.795287, 39.166437], [-119.795323, 39.166498], [-119.795398, 39.1666], [-119.795503, 39.166706], [-119.795578, 39.166766], [-119.795699, 39.166844], [-119.795876, 39.166945], [-119.796177, 39.167116], [-119.796342, 39.167195], [-119.796377, 39.167207], [-119.79646, 39.167236], [-119.796604, 39.167271], [-119.796731, 39.16729], [-119.796835, 39.167299]]}, "props": {"MTFCC": "S1400", "NAME": null}}, {"geom": {"type": "LineString", "coordinates": [[-119.731804, 39.171482], [-119.733711, 39.171498], [-119.734587, 39.171495]]}, "props": {"MTFCC": "S1400", "NAME": null}}, {"geom": {"type": "LineString", "coordinates": [[-119.815381, 39.207956], [-119.815437, 39.207935], [-119.815514, 39.207893], [-119.815636, 39.207787], [-119.815689, 39.207703], [-119.815697, 39.207623], [-119.815712, 39.207573], [-119.81572, 39.207436], [-119.815712, 39.207378], [-119.815712, 39.207195], [-119.815742, 39.207031], [-119.81588, 39.206753], [-119.816429, 39.205761], [-119.81649, 39.205605], [-119.816551, 39.205194], [-119.816558, 39.20515], [-119.816537, 39.204838], [-119.816222, 39.204401], [-119.816216, 39.204094], [-119.8162, 39.204006], [-119.816208, 39.203934], [-119.816208, 39.203798], [-119.816208, 39.203478], [-119.816223, 39.20311], [-119.816223, 39.202843], [-119.816254, 39.20245], [-119.816246, 39.202324], [-119.816223, 39.202232], [-119.81617, 39.202141], [-119.816124, 39.202095], [-119.816002, 39.202019], [-119.815804, 39.201958], [-119.815041, 39.20182], [-119.814926, 39.201809], [-119.814537, 39.201744], [-119.814316, 39.201698], [-119.814117, 39.201698], [-119.813393, 39.201794], [-119.812988, 39.201866], [-119.812851, 39.201878], [-119.812355, 39.201897]]}, "props": {"MTFCC": "S1400", "NAME": null}}, {"geom": {"type": "LineString", "coordinates": [[-119.815381, 39.207956], [-119.815437, 39.207935], [-119.815514, 39.207893], [-119.815636, 39.207787], [-119.815689, 39.207703], [-119.815697, 39.207623], [-119.815712, 39.207573], [-119.81572, 39.207436], [-119.815712, 39.207378], [-119.815712, 39.207195], [-119.815742, 39.207031], [-119.81588, 39.206753], [-119.816429, 39.205761], [-119.81649, 39.205605], [-119.816551, 39.205194], [-119.816558, 39.20515], [-119.816537, 39.204838], [-119.816222, 39.204401], [-119.816216, 39.204094], [-119.8162, 39.204006], [-119.816208, 39.203934], [-119.816208, 39.203798], [-119.816208, 39.203478], [-119.816223, 39.20311], [-119.816223, 39.202843], [-119.816254, 39.20245], [-119.816246, 39.202324], [-119.816223, 39.202232], [-119.81617, 39.202141], [-119.816124, 39.202095], [-119.816002, 39.202019], [-119.815804, 39.201958], [-119.815041, 39.20182], [-119.814926, 39.201809], [-119.814537, 39.201744], [-119.814316, 39.201698], [-119.814117, 39.201698], [-119.813393, 39.201794], [-119.812988, 39.201866], [-119.812851, 39.201878], [-119.812355, 39.201897]]}, "props": {"MTFCC": "S1400", "NAME": null}}, {"geom": {"type": "LineString", "coordinates": [[-119.738159, 39.190136], [-119.736008, 39.190158], [-119.733775, 39.190163], [-119.73323, 39.190163], [-119.733147, 39.190163], [-119.732567, 39.19017], [-119.731705, 39.190159], [-119.72906, 39.190133], [-119.724849, 39.189102], [-119.724254, 39.188667], [-119.723961, 39.188086], [-119.723933, 39.186368]]}, "props": {"MTFCC": "S1400", "NAME": null}}, {"geom": {"type": "LineString", "coordinates": [[-119.725686, 39.187905], [-119.724795, 39.187931]]}, "props": {"MTFCC": "S1400", "NAME": null}}, {"geom": {"type": "LineString", "coordinates": [[-119.725693, 39.189134], [-119.725685, 39.187994], [-119.725686, 39.187905], [-119.7257, 39.186356]]}, "props": {"MTFCC": "S1400", "NAME": null}}, {"geom": {"type": "LineString", "coordinates": [[-119.729419, 39.178051], [-119.729441, 39.178066], [-119.729544, 39.178285], [-119.729544, 39.178343], [-119.729544, 39.178812], [-119.729534, 39.179288], [-119.729534, 39.17974]]}, "props": {"MTFCC": "S1400", "NAME": null}}, {"geom": {"type": "LineString", "coordinates": [[-119.718215, 39.1768], [-119.718153, 39.176755], [-119.718054, 39.176708], [-119.717784, 39.176602], [-119.717693, 39.176544], [-119.717645, 39.176443], [-119.717634, 39.175636], [-119.717588, 39.175477], [-119.717444, 39.175388], [-119.717318, 39.175311]]}, "props": {"MTFCC": "S1400", "NAME": null}}, {"geom": {"type": "LineString", "coordinates": [[-119.796311, 39.162296], [-119.79622, 39.16225], [-119.796149, 39.162242], [-119.796083, 39.162248], [-119.796022, 39.162267], [-119.795792, 39.162405], [-119.795587, 39.162512], [-119.795268, 39.162653]]}, "props": {"MTFCC": "S1400", "NAME": null}}, {"geom": {"type": "LineString", "coordinates": [[-119.768423, 39.219398], [-119.768471, 39.219142]]}, "props": {"MTFCC": "S1400", "NAME": null}}, {"geom": {"type": "LineString", "coordinates": [[-119.754873, 39.153491], [-119.754814, 39.153458], [-119.75473, 39.153439], [-119.754669, 39.153439], [-119.754547, 39.153465], [-119.75399, 39.153679], [-119.753181, 39.153976], [-119.752795, 39.154124], [-119.752373, 39.154335], [-119.75226, 39.154394], [-119.752131, 39.154429], [-119.7519, 39.15443]]}, "props": {"MTFCC": "S1400", "NAME": null}}, {"geom": {"type": "LineString", "coordinates": [[-119.758763, 39.155279], [-119.759601, 39.155259], [-119.76075, 39.155277], [-119.76125, 39.155286]]}, "props": {"MTFCC": "S1400", "NAME": null}}, {"geom": {"type": "LineString", "coordinates": [[-119.760503, 39.218854], [-119.760526, 39.219129], [-119.760647, 39.21956], [-119.760902, 39.2198], [-119.761196, 39.220161], [-119.761196, 39.22072], [-119.761157, 39.221069], [-119.761304, 39.221484], [-119.761597, 39.221845], [-119.761832, 39.22208], [-119.762199, 39.222414], [-119.762455, 39.222744], [-119.762479, 39.223018], [-119.762351, 39.223457], [-119.76205, 39.223877], [-119.76149, 39.224347], [-119.760622, 39.224608], [-119.759659, 39.224892], [-119.75897, 39.225062], [-119.757226, 39.225248], [-119.756432, 39.224923], [-119.755634, 39.22471], [-119.755201, 39.224651], [-119.75501, 39.224605], [-119.754851, 39.224522], [-119.754725, 39.224581], [-119.75471, 39.224645], [-119.754833, 39.224786], [-119.755119, 39.224989], [-119.755779, 39.225505], [-119.756052, 39.225951], [-119.756139, 39.22624], [-119.756505, 39.226484], [-119.756935, 39.226744], [-119.756742, 39.226899], [-119.756256, 39.227431], [-119.756195, 39.227685], [-119.756386, 39.228849], [-119.756541, 39.229042], [-119.756833, 39.229224], [-119.757087, 39.229374]]}, "props": {"MTFCC": "S1400", "NAME": null}}, {"geom": {"type": "LineString", "coordinates": [[-119.723213, 39.175713], [-119.723038, 39.17572], [-119.722984, 39.175713], [-119.722885, 39.175713], [-119.722755, 39.175724], [-119.722641, 39.175755], [-119.722511, 39.175819], [-119.722433, 39.17589], [-119.722382, 39.175961], [-119.722343, 39.176064], [-119.722336, 39.176216], [-119.722336, 39.176979]]}, "props": {"MTFCC": "S1400", "NAME": null}}, {"geom": {"type": "LineString", "coordinates": [[-119.682123, 39.209166], [-119.682993, 39.208424], [-119.684088, 39.207461], [-119.685626, 39.205594], [-119.686358, 39.204422], [-119.686505, 39.20412], [-119.686634, 39.20387], [-119.686962, 39.203283], [-119.687187, 39.202714], [-119.687255, 39.202387], [-119.687713, 39.200863], [-119.687963, 39.199987], [-119.688032, 39.19984], [-119.688328, 39.199341], [-119.6887, 39.198521], [-119.689116, 39.197757], [-119.689518, 39.19713], [-119.690225, 39.196044], [-119.69086, 39.195413], [-119.691557, 39.194805], [-119.692613, 39.193893], [-119.693078, 39.193575], [-119.693753, 39.193077], [-119.694209, 39.192806], [-119.694938, 39.192444], [-119.695416, 39.192212]]}, "props": {"MTFCC": "S1200", "NAME": null}}, {"geom": {"type": "LineString", "coordinates": [[-119.794534, 39.162968], [-119.794465, 39.163003], [-119.794397, 39.163052], [-119.794336, 39.163115], [-119.794296, 39.16318], [-119.794268, 39.163256], [-119.79426, 39.163342], [-119.794273, 39.16342], [-119.794299, 39.163483]]}, "props": {"MTFCC": "S1400", "NAME": null}}, {"geom": {"type": "LineString", "coordinates": [[-119.791894, 39.165327], [-119.79194, 39.165161], [-119.791936, 39.16493], [-119.791915, 39.164793], [-119.791876, 39.164647], [-119.791467, 39.16375], [-119.791348, 39.16351]]}, "props": {"MTFCC": "S1400", "NAME": null}}, {"geom": {"type": "LineString", "coordinates": [[-119.791876, 39.164647], [-119.792088, 39.164584], [-119.792334, 39.164477], [-119.792689, 39.164304]]}, "props": {"MTFCC": "S1400", "NAME": null}}, {"geom": {"type": "LineString", "coordinates": [[-119.767256, 39.190017], [-119.767262, 39.190401]]}, "props": {"MTFCC": "S1400", "NAME": null}}, {"geom": {"type": "LineString", "coordinates": [[-119.620096, 39.136238], [-119.620489, 39.136234], [-119.621244, 39.136383], [-119.621533, 39.136415], [-119.622089, 39.136582], [-119.622513, 39.136837], [-119.622937, 39.13704], [-119.623122, 39.137181], [-119.623478, 39.137452], [-119.62327, 39.137106], [-119.62311, 39.136745], [-119.622992, 39.136246], [-119.622959, 39.136097], [-119.622897, 39.135816], [-119.622824, 39.135386], [-119.622707, 39.134973], [-119.622702, 39.134645], [-119.622674, 39.134232], [-119.622602, 39.13387], [-119.622566, 39.133718]]}, "props": {"MTFCC": "S1500", "NAME": null}}, {"geom": {"type": "LineString", "coordinates": [[-119.559789, 39.190374], [-119.559815, 39.19065], [-119.559819, 39.19096], [-119.559978, 39.1912], [-119.560334, 39.191301], [-119.560602, 39.191436], [-119.561073, 39.191864], [-119.561365, 39.192137], [-119.561657, 39.192428], [-119.561882, 39.192667], [-119.562086, 39.192993], [-119.562224, 39.193354], [-119.562382, 39.193612], [-119.562585, 39.193817], [-119.562809, 39.194005], [-119.562991, 39.194224], [-119.563192, 39.194467], [-119.563264, 39.19485]]}, "props": {"MTFCC": "S1500", "NAME": null}}, {"geom": {"type": "LineString", "coordinates": [[-119.580278, 39.194903], [-119.580449, 39.194769], [-119.580641, 39.194648], [-119.580867, 39.194507], [-119.58093, 39.194282], [-119.581217, 39.194193], [-119.58157, 39.19407], [-119.581746, 39.194016], [-119.582075, 39.193985]]}, "props": {"MTFCC": "S1500", "NAME": null}}, {"geom": {"type": "LineString", "coordinates": [[-119.6097, 39.115758], [-119.609568, 39.116152], [-119.609375, 39.11643], [-119.609388, 39.11732], [-119.609333, 39.117582]]}, "props": {"MTFCC": "S1500", "NAME": null}}, {"geom": {"type": "LineString", "coordinates": [[-119.770468, 39.194969], [-119.770904, 39.195355], [-119.771689, 39.196096], [-119.772274, 39.196713], [-119.772996, 39.197404], [-119.773445, 39.197852], [-119.773681, 39.198095], [-119.773731, 39.198201], [-119.773798, 39.198418]]}, "props": {"MTFCC": "S1630", "NAME": null}}, {"geom": {"type": "LineString", "coordinates": [[-119.787055, 39.114178], [-119.786389, 39.116371], [-119.785423, 39.118813], [-119.784434, 39.121496], [-119.784291, 39.12282], [-119.784306, 39.123699]]}, "props": {"MTFCC": "S1400", "NAME": null}}, {"geom": {"type": "LineString", "coordinates": [[-119.785786, 39.113903], [-119.784962, 39.114137], [-119.783746, 39.114607], [-119.781973, 39.115595], [-119.781382, 39.11593], [-119.780838, 39.116202], [-119.780326, 39.116482], [-119.779951, 39.1167], [-119.779238, 39.117113], [-119.778009, 39.117795], [-119.777741, 39.117952], [-119.773956, 39.12006], [-119.773376, 39.120373], [-119.773061, 39.120502], [-119.772893, 39.120553], [-119.772681, 39.120612], [-119.772489, 39.120659], [-119.772325, 39.12069], [-119.772145, 39.120718], [-119.771909, 39.120748]]}, "props": {"MTFCC": "S1200", "NAME": null}}, {"geom": {"type": "LineString", "coordinates": [[-119.757694, 39.122969], [-119.757698, 39.124781]]}, "props": {"MTFCC": "S1400", "NAME": null}}, {"geom": {"type": "LineString", "coordinates": [[-119.759225, 39.115076], [-119.759032, 39.115358], [-119.758427, 39.116241], [-119.757677, 39.117391], [-119.757559, 39.117572], [-119.757478, 39.1177], [-119.757303, 39.117976]]}, "props": {"MTFCC": "S1400", "NAME": null}}, {"geom": {"type": "LineString", "coordinates": [[-119.758469, 39.112425], [-119.758539, 39.11252], [-119.758512, 39.112664], [-119.758332, 39.112947], [-119.758167, 39.11319], [-119.757851, 39.113655], [-119.757614, 39.114017], [-119.757484, 39.114262], [-119.757454, 39.114384], [-119.757332, 39.114471], [-119.756908, 39.115137], [-119.756344, 39.116024], [-119.756199, 39.116282], [-119.756004, 39.116609], [-119.755965, 39.116681], [-119.755817, 39.116899], [-119.755822, 39.116961]]}, "props": {"MTFCC": "S1400", "NAME": null}}, {"geom": {"type": "LineString", "coordinates": [[-119.759467, 39.115928], [-119.760391, 39.116222], [-119.760778, 39.116058]]}, "props": {"MTFCC": "S1400", "NAME": null}}, {"geom": {"type": "LineString", "coordinates": [[-119.846598, 39.113753], [-119.846693, 39.113767], [-119.84681, 39.113858], [-119.848131, 39.114063], [-119.848597, 39.113603]]}, "props": {"MTFCC": "S1400", "NAME": null}}, {"geom": {"type": "LineString", "coordinates": [[-119.787055, 39.114178], [-119.788388, 39.114143], [-119.789464, 39.114091], [-119.790322, 39.114094], [-119.791149, 39.114098]]}, "props": {"MTFCC": "S1400", "NAME": null}}, {"geom": {"type": "LineString", "coordinates": [[-119.799627, 39.12486], [-119.800236, 39.124578], [-119.800616, 39.124458], [-119.801018, 39.124305], [-119.801229, 39.12422], [-119.801673, 39.124116], [-119.80216, 39.124011], [-119.802643, 39.123675], [-119.803087, 39.123555], [-119.803385, 39.123601], [-119.804302, 39.123757], [-119.804264, 39.124006], [-119.804543, 39.124202], [-119.80499, 39.124246], [-119.805225, 39.124327], [-119.805524, 39.124373], [-119.806035, 39.124434], [-119.806291, 39.124498], [-119.806464, 39.124661], [-119.806724, 39.12494], [-119.807024, 39.125119], [-119.80726, 39.125232], [-119.807601, 39.125295], [-119.807856, 39.125309], [-119.808153, 39.125256], [-119.808364, 39.125171], [-119.808702, 39.125085], [-119.809041, 39.125015], [-119.809358, 39.124912], [-119.809608, 39.124645], [-119.809819, 39.124527], [-119.810074, 39.124508], [-119.810478, 39.124536], [-119.810757, 39.124699], [-119.811032, 39.12463], [-119.811264, 39.124561], [-119.811582, 39.124475], [-119.811837, 39.124472], [-119.81223, 39.12446], [-119.81357, 39.124578], [-119.81391, 39.124542], [-119.814312, 39.124438], [-119.814923, 39.12415], [-119.815242, 39.124147], [-119.816116, 39.124353], [-119.816393, 39.124383], [-119.816756, 39.124462], [-119.81697, 39.124542], [-119.817205, 39.124639], [-119.817461, 39.124703], [-119.817794, 39.124873], [-119.818118, 39.125201], [-119.818291, 39.125364], [-119.81839, 39.125398]]}, "props": {"MTFCC": "S1500", "NAME": null}}, {"geom": {"type": "LineString", "coordinates": [[-119.774321, 39.121391], [-119.774351, 39.120738]]}, "props": {"MTFCC": "S1740", "NAME": null}}, {"geom": {"type": "LineString", "coordinates": [[-119.763612, 39.18928], [-119.763607, 39.190016]]}, "props": {"MTFCC": "S1400", "NAME": null}}, {"geom": {"type": "LineString", "coordinates": [[-119.764938, 39.190731], [-119.764938, 39.191166], [-119.764938, 39.191853], [-119.764931, 39.192341], [-119.764938, 39.192455], [-119.764915, 39.192493], [-119.764893, 39.192509]]}, "props": {"MTFCC": "S1400", "NAME": null}}, {"geom": {"type": "LineString", "coordinates": [[-119.765282, 39.176926], [-119.764023, 39.176929], [-119.762856, 39.176922], [-119.762711, 39.176926]]}, "props": {"MTFCC": "S1400", "NAME": null}}, {"geom": {"type": "LineString", "coordinates": [[-119.762794, 39.164555], [-119.762787, 39.164764], [-119.762787, 39.165203], [-119.762779, 39.16576], [-119.762787, 39.165852], [-119.762787, 39.166336], [-119.762779, 39.1665], [-119.762779, 39.167149], [-119.762779, 39.167797], [-119.762772, 39.16811], [-119.762772, 39.168365], [-119.762779, 39.168442]]}, "props": {"MTFCC": "S1400", "NAME": null}}, {"geom": {"type": "LineString", "coordinates": [[-119.765282, 39.176926], [-119.765318, 39.177269]]}, "props": {"MTFCC": "S1400", "NAME": null}}, {"geom": {"type": "LineString", "coordinates": [[-119.750394, 39.185866], [-119.751293, 39.185173], [-119.75159, 39.184952], [-119.751683, 39.184889], [-119.751766, 39.184849], [-119.751887, 39.184804], [-119.752065, 39.184799], [-119.753889, 39.184829]]}, "props": {"MTFCC": "S1400", "NAME": null}}, {"geom": {"type": "LineString", "coordinates": [[-119.739037, 39.188576], [-119.739052, 39.189178], [-119.739044, 39.1898]]}, "props": {"MTFCC": "S1400", "NAME": null}}, {"geom": {"type": "LineString", "coordinates": [[-119.737724, 39.179971], [-119.736794, 39.18]]}, "props": {"MTFCC": "S1400", "NAME": null}}, {"geom": {"type": "LineString", "coordinates": [[-119.739687, 39.187356], [-119.739824, 39.187413], [-119.739799, 39.187916], [-119.739704, 39.187953], [-119.739584, 39.18791], [-119.73958, 39.187431], [-119.739687, 39.187356]]}, "props": {"MTFCC": "S1400", "NAME": null}}, {"geom": {"type": "LineString", "coordinates": [[-119.739113, 39.184666], [-119.738457, 39.184642]]}, "props": {"MTFCC": "S1400", "NAME": null}}, {"geom": {"type": "LineString", "coordinates": [[-119.733269, 39.185387], [-119.733836, 39.185393], [-119.734666, 39.185396], [-119.734925, 39.185387], [-119.735129, 39.185305]]}, "props": {"MTFCC": "S1400", "NAME": null}}, {"geom": {"type": "LineString", "coordinates": [[-119.74129, 39.178394], [-119.741308, 39.177936]]}, "props": {"MTFCC": "S1400", "NAME": null}}, {"geom": {"type": "LineString", "coordinates": [[-119.724045, 39.170517], [-119.723116, 39.170515], [-119.722448, 39.170509], [-119.72142, 39.170502], [-119.721352, 39.170498], [-119.72123, 39.170498], [-119.721031, 39.170483], [-119.720807, 39.170437], [-119.720581, 39.170376], [-119.720459, 39.170338], [-119.720312, 39.170301], [-119.720193, 39.170265], [-119.720206, 39.170413], [-119.720032, 39.170387], [-119.718563, 39.170242], [-119.718343, 39.170238]]}, "props": {"MTFCC": "S1400", "NAME": null}}, {"geom": {"type": "LineString", "coordinates": [[-119.729034, 39.182762], [-119.729034, 39.182068], [-119.729034, 39.180351]]}, "props": {"MTFCC": "S1400", "NAME": null}}, {"geom": {"type": "LineString", "coordinates": [[-119.72686, 39.186386], [-119.726868, 39.185005], [-119.72686, 39.184734], [-119.726868, 39.184353], [-119.726868, 39.182926], [-119.726852, 39.182758], [-119.726814, 39.182507], [-119.726799, 39.182453], [-119.726723, 39.182312], [-119.726723, 39.182293], [-119.726707, 39.182259], [-119.7267, 39.18203], [-119.726724, 39.181304]]}, "props": {"MTFCC": "S1400", "NAME": null}}, {"geom": {"type": "LineString", "coordinates": [[-119.728027, 39.182762], [-119.728012, 39.186398]]}, "props": {"MTFCC": "S1400", "NAME": null}}, {"geom": {"type": "LineString", "coordinates": [[-119.724556, 39.184303], [-119.724792, 39.184311], [-119.724892, 39.184303], [-119.725006, 39.18425]]}, "props": {"MTFCC": "S1400", "NAME": null}}, {"geom": {"type": "LineString", "coordinates": [[-119.723236, 39.187771], [-119.723259, 39.187737], [-119.723267, 39.18766], [-119.723267, 39.187153], [-119.723274, 39.187004], [-119.723282, 39.186977], [-119.723267, 39.186951]]}, "props": {"MTFCC": "S1400", "NAME": null}}, {"geom": {"type": "LineString", "coordinates": [[-119.721184, 39.163342], [-119.72142, 39.163136], [-119.721603, 39.162991], [-119.72168, 39.16296], [-119.721809, 39.162891]]}, "props": {"MTFCC": "S1400", "NAME": null}}, {"geom": {"type": "LineString", "coordinates": [[-119.722038, 39.16077], [-119.722038, 39.161396], [-119.722023, 39.161507], [-119.721985, 39.161629], [-119.721878, 39.16185]]}, "props": {"MTFCC": "S1400", "NAME": null}}, {"geom": {"type": "LineString", "coordinates": [[-119.720207, 39.17152], [-119.719535, 39.17152], [-119.718041, 39.171501], [-119.717977, 39.171535], [-119.717715, 39.171732]]}, "props": {"MTFCC": "S1400", "NAME": null}}, {"geom": {"type": "LineString", "coordinates": [[-119.70234, 39.199928], [-119.701968, 39.199623], [-119.701707, 39.199205], [-119.70129, 39.198961], [-119.701, 39.198741], [-119.700992, 39.198703]]}, "props": {"MTFCC": "S1500", "NAME": null}}, {"geom": {"type": "LineString", "coordinates": [[-119.72408, 39.167832], [-119.723847, 39.167827], [-119.723072, 39.167839], [-119.722848, 39.167821], [-119.722682, 39.167814], [-119.722545, 39.167788], [-119.722487, 39.16776], [-119.72242, 39.167728], [-119.72225, 39.1676], [-119.722071, 39.167436], [-119.721935, 39.167375], [-119.72173, 39.167355], [-119.721233, 39.167354], [-119.721068, 39.167388], [-119.720967, 39.167436], [-119.720869, 39.167527], [-119.720835, 39.16761], [-119.720816, 39.167754], [-119.720782, 39.167949], [-119.720843, 39.168618], [-119.720843, 39.168817], [-119.720833, 39.168894], [-119.720774, 39.168963], [-119.720698, 39.16902], [-119.720584, 39.169039], [-119.720395, 39.169053], [-119.720286, 39.169083], [-119.720119, 39.169169], [-119.71977, 39.16939], [-119.719471, 39.169579]]}, "props": {"MTFCC": "S1400", "NAME": null}}, {"geom": {"type": "LineString", "coordinates": [[-119.752542, 39.185435], [-119.752526, 39.186044]]}, "props": {"MTFCC": "S1400", "NAME": null}}, {"geom": {"type": "LineString", "coordinates": [[-119.706421, 39.187641], [-119.7062, 39.18684], [-119.706156, 39.186699], [-119.706002, 39.186213], [-119.705738, 39.18585], [-119.705314, 39.185491], [-119.705267, 39.185393], [-119.705229, 39.185276], [-119.705215, 39.184969], [-119.705215, 39.1849]]}, "props": {"MTFCC": "S1400", "NAME": null}}, {"geom": {"type": "LineString", "coordinates": [[-119.758759, 39.117867], [-119.758766, 39.118092], [-119.758774, 39.118118], [-119.758781, 39.118179], [-119.758812, 39.118233], [-119.758865, 39.118298], [-119.75898, 39.118385], [-119.759377, 39.118626], [-119.759598, 39.118767], [-119.759995, 39.119011], [-119.7603, 39.11919], [-119.760376, 39.119217], [-119.76046, 39.119228], [-119.760689, 39.119228]]}, "props": {"MTFCC": "S1400", "NAME": null}}, {"geom": {"type": "LineString", "coordinates": [[-119.774179, 39.117127], [-119.774191, 39.117112], [-119.774114, 39.117097], [-119.774104, 39.117024], [-119.774122, 39.116984], [-119.774131, 39.116938], [-119.774139, 39.116886]]}, "props": {"MTFCC": "S1400", "NAME": null}}, {"geom": {"type": "LineString", "coordinates": [[-119.754005, 39.1524], [-119.753847, 39.152452], [-119.753756, 39.152477], [-119.753445, 39.152524], [-119.75309, 39.15254], [-119.752411, 39.152536], [-119.752329, 39.152536], [-119.751903, 39.152536]]}, "props": {"MTFCC": "S1400", "NAME": null}}, {"geom": {"type": "LineString", "coordinates": [[-119.758494, 39.160344], [-119.758507, 39.160153], [-119.758507, 39.159698], [-119.758502, 39.159302], [-119.758588, 39.15924], [-119.758907, 39.159233]]}, "props": {"MTFCC": "S1400", "NAME": null}}, {"geom": {"type": "LineString", "coordinates": [[-119.829513, 39.113559], [-119.828236, 39.113633], [-119.828546, 39.113876], [-119.828555, 39.114062], [-119.828524, 39.114321], [-119.829229, 39.114087], [-119.829762, 39.113556]]}, "props": {"MTFCC": "S1400", "NAME": null}}, {"geom": {"type": "LineString", "coordinates": [[-119.772614, 39.116787], [-119.772401, 39.116758], [-119.772293, 39.116747], [-119.772209, 39.116764]]}, "props": {"MTFCC": "S1400", "NAME": null}}, {"geom": {"type": "LineString", "coordinates": [[-119.700487, 39.155411], [-119.698202, 39.155412], [-119.695771, 39.155405]]}, "props": {"MTFCC": "S1400", "NAME": null}}, {"geom": {"type": "LineString", "coordinates": [[-119.695881, 39.150936], [-119.695877, 39.151811], [-119.695797, 39.153631], [-119.695771, 39.155405], [-119.695725, 39.157143], [-119.696311, 39.157149]]}, "props": {"MTFCC": "S1400", "NAME": null}}, {"geom": {"type": "LineString", "coordinates": [[-119.611894, 39.110805], [-119.612206, 39.110572], [-119.612595, 39.110231], [-119.612986, 39.109982], [-119.613416, 39.109732], [-119.613963, 39.109451], [-119.614432, 39.109171], [-119.61468, 39.109089], [-119.615099, 39.10895], [-119.615412, 39.108794], [-119.615961, 39.108605], [-119.616707, 39.108444], [-119.617656, 39.108682], [-119.618334, 39.109198], [-119.61865, 39.109256], [-119.619596, 39.109248], [-119.620111, 39.109427], [-119.620389, 39.109609], [-119.621033, 39.110099], [-119.621346, 39.110337], [-119.621506, 39.11052], [-119.621823, 39.110671], [-119.622419, 39.110973], [-119.623606, 39.1113], [-119.623924, 39.111481], [-119.624437, 39.111569], [-119.624636, 39.111659], [-119.625308, 39.111806], [-119.625528, 39.111883], [-119.626264, 39.111877], [-119.626653, 39.11192], [-119.626951, 39.11194], [-119.627129, 39.111996], [-119.627311, 39.112053], [-119.62767, 39.11212], [-119.628241, 39.112371], [-119.628543, 39.112577], [-119.628845, 39.112807], [-119.628889, 39.112837], [-119.629086, 39.112968], [-119.629507, 39.113196], [-119.62993, 39.113518], [-119.630021, 39.113872], [-119.630025, 39.113889], [-119.630089, 39.114214], [-119.630107, 39.1144], [-119.630125, 39.114586], [-119.6301, 39.114935], [-119.630104, 39.115237], [-119.630197, 39.115422], [-119.630342, 39.115547], [-119.630439, 39.11563], [-119.63074, 39.115859], [-119.63092, 39.115904], [-119.631129, 39.115902], [-119.631487, 39.115876], [-119.631784, 39.115804], [-119.632213, 39.115739], [-119.632268, 39.115731]]}, "props": {"MTFCC": "S1500", "NAME": null}}, {"geom": {"type": "LineString", "coordinates": [[-119.631359, 39.130247], [-119.631375, 39.130471], [-119.631383, 39.130743], [-119.631535, 39.131159], [-119.631567, 39.131655], [-119.631599, 39.131927], [-119.631583, 39.132231], [-119.631583, 39.132535], [-119.631679, 39.132775], [-119.631711, 39.133079], [-119.631775, 39.133831], [-119.631695, 39.134055], [-119.631663, 39.134215], [-119.631583, 39.134519], [-119.631583, 39.134727], [-119.631535, 39.135143], [-119.631567, 39.135527], [-119.631599, 39.135895], [-119.631487, 39.136279], [-119.631487, 39.136551], [-119.631519, 39.136871], [-119.631615, 39.137079], [-119.631679, 39.137479], [-119.631567, 39.137815], [-119.631567, 39.138279], [-119.631631, 39.138535]]}, "props": {"MTFCC": "S1400", "NAME": null}}, {"geom": {"type": "LineString", "coordinates": [[-119.633647, 39.137927], [-119.63375, 39.138035], [-119.634111, 39.138815], [-119.634223, 39.139133], [-119.634306, 39.139503], [-119.634317, 39.139714], [-119.63436, 39.139926], [-119.634478, 39.140367]]}, "props": {"MTFCC": "S1400", "NAME": null}}, {"geom": {"type": "LineString", "coordinates": [[-119.630181, 39.116394], [-119.629122, 39.118979], [-119.628756, 39.120248], [-119.627918, 39.123665], [-119.627469, 39.124878], [-119.626154, 39.127413], [-119.625991, 39.12789], [-119.62613, 39.125745], [-119.626375, 39.12318], [-119.626405, 39.121059], [-119.626216, 39.118758], [-119.626049, 39.116679], [-119.626006, 39.116099]]}, "props": {"MTFCC": "S1400", "NAME": null}}, {"geom": {"type": "LineString", "coordinates": [[-119.611894, 39.110805], [-119.611185, 39.110765], [-119.610466, 39.1108], [-119.610397, 39.110803], [-119.60953, 39.11081], [-119.608979, 39.110877], [-119.60831, 39.110913], [-119.607523, 39.111012], [-119.606976, 39.111293], [-119.606388, 39.111544], [-119.605759, 39.111673], [-119.605089, 39.111678], [-119.604302, 39.111747], [-119.60391, 39.111873], [-119.603323, 39.112185], [-119.603215, 39.11226]]}, "props": {"MTFCC": "S1500", "NAME": null}}, {"geom": {"type": "LineString", "coordinates": [[-119.735247, 39.104643], [-119.734555, 39.104764], [-119.733909, 39.104863], [-119.73357, 39.104806], [-119.732915, 39.104215]]}, "props": {"MTFCC": "S1400", "NAME": null}}, {"geom": {"type": "LineString", "coordinates": [[-119.778323, 39.153097], [-119.778626, 39.153042], [-119.778791, 39.152951], [-119.778957, 39.152892], [-119.779397, 39.153065], [-119.77979, 39.153204], [-119.780321, 39.153347], [-119.780815, 39.153699], [-119.78118, 39.153693], [-119.781574, 39.153784], [-119.781936, 39.153971]]}, "props": {"MTFCC": "S1400", "NAME": null}}, {"geom": {"type": "LineString", "coordinates": [[-119.805368, 39.135674], [-119.804776, 39.135779], [-119.804366, 39.135738], [-119.803916, 39.135667], [-119.803625, 39.13573], [-119.80345, 39.135747], [-119.803294, 39.135779], [-119.80308, 39.135766], [-119.802924, 39.135783], [-119.802708, 39.135694], [-119.802297, 39.135592], [-119.801825, 39.135385], [-119.801511, 39.135267], [-119.801156, 39.135027], [-119.80088, 39.134878], [-119.800544, 39.134563], [-119.800207, 39.134278], [-119.800027, 39.134022], [-119.799906, 39.133765], [-119.799825, 39.133629], [-119.798949, 39.133699], [-119.798696, 39.133701], [-119.798461, 39.133673], [-119.798187, 39.1336], [-119.797894, 39.133573], [-119.797851, 39.133565], [-119.797601, 39.133515], [-119.797248, 39.133428], [-119.796913, 39.133234], [-119.796734, 39.133038], [-119.796477, 39.132829], [-119.79634, 39.132754], [-119.796102, 39.132544], [-119.795981, 39.132302], [-119.795841, 39.132106], [-119.795585, 39.131942], [-119.79525, 39.131778], [-119.794719, 39.131465], [-119.79454, 39.1313], [-119.794168, 39.131212], [-119.793816, 39.13114], [-119.793562, 39.131128], [-119.792899, 39.131074], [-119.792586, 39.131031], [-119.792312, 39.131004], [-119.792021, 39.131083], [-119.791769, 39.131131], [-119.791455, 39.131043], [-119.791101, 39.13088], [-119.790476, 39.13078], [-119.790125, 39.130784], [-119.789774, 39.130802], [-119.789579, 39.130804], [-119.789267, 39.130777], [-119.788973, 39.130674], [-119.788736, 39.13054], [-119.788401, 39.130374], [-119.788225, 39.130287], [-119.787696, 39.130125], [-119.787383, 39.130053], [-119.787186, 39.129979], [-119.786659, 39.129893], [-119.786366, 39.129896], [-119.786191, 39.129928], [-119.785681, 39.129751], [-119.78529, 39.129679], [-119.785016, 39.129606], [-119.784898, 39.129562], [-119.784817, 39.129396], [-119.784717, 39.129061], [-119.784885, 39.128819], [-119.785079, 39.128695], [-119.785431, 39.12863], [-119.785941, 39.128625], [-119.786567, 39.128527], [-119.786958, 39.128461], [-119.787071, 39.128454], [-119.787584, 39.128424], [-119.787898, 39.128391], [-119.78817, 39.128266], [-119.78781, 39.127842], [-119.787569, 39.127539], [-119.787446, 39.127204], [-119.787362, 39.126869], [-119.787239, 39.126534], [-119.786995, 39.125918]]}, "props": {"MTFCC": "S1500", "NAME": null}}, {"geom": {"type": "LineString", "coordinates": [[-119.774757, 39.163158], [-119.773979, 39.163155]]}, "props": {"MTFCC": "S1400", "NAME": null}}, {"geom": {"type": "LineString", "coordinates": [[-119.77478, 39.160561], [-119.774078, 39.160557], [-119.773369, 39.160553], [-119.772484, 39.160549]]}, "props": {"MTFCC": "S1400", "NAME": null}}, {"geom": {"type": "LineString", "coordinates": [[-119.772491, 39.160244], [-119.771431, 39.16024]]}, "props": {"MTFCC": "S1400", "NAME": null}}, {"geom": {"type": "LineString", "coordinates": [[-119.770485, 39.144081], [-119.772545, 39.144081], [-119.774285, 39.144083], [-119.775159, 39.144089]]}, "props": {"MTFCC": "S1400", "NAME": null}}, {"geom": {"type": "LineString", "coordinates": [[-119.756504, 39.18295], [-119.756128, 39.183941], [-119.756092, 39.183989], [-119.75587, 39.184152]]}, "props": {"MTFCC": "S1400", "NAME": null}}, {"geom": {"type": "LineString", "coordinates": [[-119.774734, 39.1423], [-119.774628, 39.142269], [-119.774475, 39.142277], [-119.770477, 39.142281]]}, "props": {"MTFCC": "S1400", "NAME": null}}, {"geom": {"type": "LineString", "coordinates": [[-119.773905, 39.140957], [-119.773896, 39.141035], [-119.773889, 39.14109], [-119.77388, 39.141154], [-119.773871, 39.141255], [-119.773863, 39.14132], [-119.773852, 39.141382]]}, "props": {"MTFCC": "S1750", "NAME": null}}, {"geom": {"type": "LineString", "coordinates": [[-119.716283, 39.18217], [-119.715982, 39.182102], [-119.715392, 39.182267], [-119.7146, 39.182458]]}, "props": {"MTFCC": "S1400", "NAME": null}}, {"geom": {"type": "LineString", "coordinates": [[-119.708469, 39.184867], [-119.707843, 39.183717], [-119.707111, 39.18239]]}, "props": {"MTFCC": "S1400", "NAME": null}}, {"geom": {"type": "LineString", "coordinates": [[-119.750984, 39.165703], [-119.7528, 39.165684]]}, "props": {"MTFCC": "S1400", "NAME": null}}, {"geom": {"type": "LineString", "coordinates": [[-119.744339, 39.150116], [-119.744368, 39.150311], [-119.744377, 39.150397], [-119.74438, 39.150456], [-119.74438, 39.150522], [-119.744377, 39.150608], [-119.744365, 39.150691], [-119.744333, 39.150789], [-119.744291, 39.150905], [-119.744016, 39.151714], [-119.743958, 39.151866], [-119.743375, 39.153469], [-119.742847, 39.154953], [-119.742243, 39.156707]]}, "props": {"MTFCC": "S1630", "NAME": null}}, {"geom": {"type": "LineString", "coordinates": [[-119.748505, 39.14975], [-119.748512, 39.149506], [-119.748505, 39.149426], [-119.748451, 39.149231], [-119.748405, 39.149143], [-119.748329, 39.149033], [-119.748215, 39.148911], [-119.748093, 39.148815], [-119.747948, 39.148731], [-119.747765, 39.148685], [-119.747554, 39.148678]]}, "props": {"MTFCC": "S1400", "NAME": null}}, {"geom": {"type": "LineString", "coordinates": [[-119.753342, 39.137733], [-119.755104, 39.137737]]}, "props": {"MTFCC": "S1400", "NAME": null}}, {"geom": {"type": "LineString", "coordinates": [[-119.705093, 39.144525], [-119.705195, 39.144603], [-119.705189, 39.145502], [-119.705155, 39.145897], [-119.705112, 39.146304], [-119.705382, 39.146253], [-119.705771, 39.1461]]}, "props": {"MTFCC": "S1400", "NAME": null}}, {"geom": {"type": "LineString", "coordinates": [[-119.710297, 39.163609], [-119.71048, 39.163631], [-119.711807, 39.163631], [-119.713142, 39.163631], [-119.713982, 39.163628], [-119.71405, 39.16362], [-119.714203, 39.163563]]}, "props": {"MTFCC": "S1400", "NAME": null}}, {"geom": {"type": "LineString", "coordinates": [[-119.714203, 39.163563], [-119.714272, 39.163525], [-119.714348, 39.16346], [-119.714386, 39.163414], [-119.714424, 39.163338], [-119.714447, 39.163219], [-119.714447, 39.16238], [-119.714447, 39.16161], [-119.714439, 39.16153]]}, "props": {"MTFCC": "S1400", "NAME": null}}, {"geom": {"type": "LineString", "coordinates": [[-119.713959, 39.16045], [-119.713531, 39.160446], [-119.713387, 39.160427], [-119.712631, 39.160259], [-119.712471, 39.160229], [-119.712357, 39.160191], [-119.712257, 39.160141], [-119.712173, 39.160069], [-119.712021, 39.159897]]}, "props": {"MTFCC": "S1400", "NAME": null}}, {"geom": {"type": "LineString", "coordinates": [[-119.695898, 39.118942], [-119.695831, 39.118954], [-119.695474, 39.11898], [-119.695167, 39.119089], [-119.694999, 39.119148], [-119.694772, 39.119252], [-119.694584, 39.119338], [-119.694286, 39.11941], [-119.693808, 39.119345], [-119.69336, 39.119349], [-119.692941, 39.11926], [-119.692375, 39.119335], [-119.692016, 39.119315], [-119.691716, 39.119225], [-119.691298, 39.119229], [-119.690849, 39.119117], [-119.690519, 39.119027], [-119.689805, 39.118964], [-119.689563, 39.118943], [-119.688968, 39.118537], [-119.688688, 39.118347], [-119.688413, 39.118292], [-119.687909, 39.118192], [-119.687639, 39.118125], [-119.687518, 39.118033], [-119.687277, 39.117966], [-119.686949, 39.117875], [-119.686439, 39.117741], [-119.686107, 39.117511], [-119.685909, 39.117408], [-119.685626, 39.11726], [-119.685432, 39.117101], [-119.685233, 39.116938], [-119.68502, 39.116708], [-119.684567, 39.116363], [-119.684265, 39.116157], [-119.684023, 39.11595], [-119.683759, 39.115748], [-119.683477, 39.115374], [-119.683264, 39.11512], [-119.683113, 39.115005], [-119.682814, 39.114985], [-119.682576, 39.11501], [-119.682097, 39.114898], [-119.681976, 39.114806], [-119.681796, 39.114762], [-119.681557, 39.114741], [-119.681319, 39.114813], [-119.68114, 39.114888], [-119.680578, 39.115122], [-119.680282, 39.115264], [-119.680121, 39.11528], [-119.680013, 39.11529], [-119.679656, 39.115317], [-119.679119, 39.115345], [-119.678791, 39.115394], [-119.678465, 39.115514], [-119.678168, 39.115656], [-119.677842, 39.115799], [-119.677604, 39.115847], [-119.677336, 39.115896], [-119.677099, 39.116015], [-119.676892, 39.116133], [-119.676838, 39.116506], [-119.676667, 39.11678]]}, "props": {"MTFCC": "S1500", "NAME": null}}, {"geom": {"type": "LineString", "coordinates": [[-119.676667, 39.11678], [-119.676754, 39.116832], [-119.676726, 39.116949], [-119.676823, 39.117459], [-119.676676, 39.117623], [-119.676295, 39.118069], [-119.675645, 39.118517], [-119.675388, 39.118765]]}, "props": {"MTFCC": "S1500", "NAME": null}}, {"geom": {"type": "LineString", "coordinates": [[-119.682354, 39.177511], [-119.682242, 39.177671], [-119.681986, 39.177991], [-119.681842, 39.178103], [-119.681522, 39.178375], [-119.68117, 39.178823], [-119.680882, 39.179287], [-119.680546, 39.179719], [-119.68037, 39.180023], [-119.67997, 39.180567]]}, "props": {"MTFCC": "S1400", "NAME": null}}, {"geom": {"type": "LineString", "coordinates": [[-119.679059, 39.191671], [-119.679086, 39.191847], [-119.679149, 39.191863], [-119.679257, 39.191975], [-119.679319, 39.192007], [-119.679397, 39.192071], [-119.679521, 39.192167], [-119.67977, 39.192343], [-119.679769, 39.192375], [-119.67983, 39.192487], [-119.679891, 39.192567], [-119.679954, 39.192583], [-119.68003, 39.192679], [-119.68009, 39.19284], [-119.680117, 39.193032], [-119.680222, 39.193256], [-119.680284, 39.193288], [-119.680485, 39.19348], [-119.680578, 39.19356], [-119.680751, 39.19356], [-119.680829, 39.193592], [-119.681001, 39.193624]]}, "props": {"MTFCC": "S1400", "NAME": null}}, {"geom": {"type": "LineString", "coordinates": [[-119.808424, 39.177858], [-119.808547, 39.177832], [-119.808631, 39.17781], [-119.808683, 39.17778], [-119.808736, 39.177737], [-119.808861, 39.177528], [-119.808894, 39.177455], [-119.809101, 39.177214], [-119.809293, 39.177036], [-119.809352, 39.17697], [-119.809408, 39.176917], [-119.80959, 39.176813], [-119.809675, 39.176771], [-119.809748, 39.17674], [-119.809829, 39.176725], [-119.809908, 39.176721], [-119.810223, 39.176717], [-119.810455, 39.176751], [-119.81053, 39.176756], [-119.810609, 39.176755], [-119.810682, 39.176742], [-119.810768, 39.176732], [-119.810915, 39.176706], [-119.811133, 39.176657], [-119.811303, 39.176641], [-119.811619, 39.176636], [-119.811748, 39.176617], [-119.81196, 39.176598], [-119.811989, 39.176588], [-119.812057, 39.176598], [-119.812137, 39.176622], [-119.812229, 39.176662], [-119.812302, 39.176702], [-119.812378, 39.176752], [-119.81246, 39.176796], [-119.812625, 39.176854], [-119.812704, 39.176874], [-119.812881, 39.176903], [-119.813013, 39.176904], [-119.813201, 39.176893], [-119.813487, 39.17689], [-119.813717, 39.176883], [-119.813808, 39.176873], [-119.81388, 39.176872], [-119.813962, 39.176879], [-119.814306, 39.17696], [-119.81448, 39.177013], [-119.814588, 39.177053], [-119.814858, 39.177139], [-119.814933, 39.177159], [-119.815229, 39.177209], [-119.815336, 39.177236], [-119.815474, 39.177288], [-119.815653, 39.17737], [-119.815697, 39.177396], [-119.815733, 39.177427], [-119.815797, 39.177531], [-119.815838, 39.177576], [-119.815877, 39.177586], [-119.815918, 39.177588], [-119.815947, 39.177579], [-119.815981, 39.177552], [-119.816056, 39.177464], [-119.816121, 39.177416], [-119.816194, 39.177385], [-119.816261, 39.177367], [-119.816412, 39.177359], [-119.816492, 39.177363], [-119.816546, 39.177372], [-119.816708, 39.177381], [-119.816751, 39.177391], [-119.816781, 39.177403], [-119.816811, 39.177422], [-119.816841, 39.177448], [-119.816873, 39.177465], [-119.816923, 39.177483], [-119.817064, 39.177515], [-119.817146, 39.177524], [-119.817252, 39.177549], [-119.817318, 39.177569], [-119.817369, 39.177595], [-119.817491, 39.177689], [-119.817534, 39.177708], [-119.817582, 39.177713], [-119.817693, 39.177694], [-119.817768, 39.177694], [-119.81784, 39.177705], [-119.817877, 39.177724], [-119.817918, 39.177752], [-119.817962, 39.177794], [-119.818004, 39.177848], [-119.818057, 39.177904], [-119.818094, 39.177923], [-119.818135, 39.177932], [-119.818165, 39.177931], [-119.818194, 39.177919], [-119.818223, 39.177895], [-119.818292, 39.177815], [-119.818328, 39.177785], [-119.818459, 39.177759], [-119.818577, 39.177744], [-119.818682, 39.177747], [-119.818969, 39.177789], [-119.819041, 39.177807], [-119.819137, 39.177839], [-119.819221, 39.177846], [-119.81938, 39.17784], [-119.81942, 39.177842], [-119.819484, 39.177856], [-119.819694, 39.177944], [-119.819824, 39.17801], [-119.820199, 39.178158], [-119.820354, 39.178224], [-119.820394, 39.178251], [-119.8207, 39.178355], [-119.820795, 39.178377], [-119.820837, 39.178371], [-119.820863, 39.178362], [-119.820904, 39.178306], [-119.820948, 39.178223], [-119.820979, 39.178182], [-119.821013, 39.178159], [-119.821113, 39.178117], [-119.821165, 39.178106], [-119.821295, 39.178106], [-119.821478, 39.178135], [-119.821799, 39.178219], [-119.821885, 39.178247]]}, "props": {"MTFCC": "S1500", "NAME": null}}, {"geom": {"type": "LineString", "coordinates": [[-119.784401, 39.181218], [-119.78512, 39.181221], [-119.785523, 39.181181]]}, "props": {"MTFCC": "S1400", "NAME": null}}, {"geom": {"type": "LineString", "coordinates": [[-119.783797, 39.180464], [-119.785054, 39.180456], [-119.785524, 39.180489]]}, "props": {"MTFCC": "S1400", "NAME": null}}, {"geom": {"type": "LineString", "coordinates": [[-119.630342, 39.115547], [-119.630181, 39.116394]]}, "props": {"MTFCC": "S1400", "NAME": null}}, {"geom": {"type": "LineString", "coordinates": [[-119.750988, 39.157242], [-119.74999, 39.156726]]}, "props": {"MTFCC": "S1400", "NAME": null}}, {"geom": {"type": "LineString", "coordinates": [[-119.7519, 39.155979], [-119.751434, 39.155975], [-119.751297, 39.155983], [-119.75103, 39.156036], [-119.750816, 39.156116], [-119.750656, 39.156132]]}, "props": {"MTFCC": "S1400", "NAME": null}}, {"geom": {"type": "LineString", "coordinates": [[-119.747709, 39.180267], [-119.748994, 39.180274]]}, "props": {"MTFCC": "S1400", "NAME": null}}, {"geom": {"type": "LineString", "coordinates": [[-119.749146, 39.192936], [-119.749107, 39.193085], [-119.749084, 39.193134], [-119.749077, 39.193161], [-119.748154, 39.194569], [-119.748039, 39.194752], [-119.747971, 39.194847], [-119.747818, 39.195087], [-119.747711, 39.195244], [-119.747673, 39.195313], [-119.747581, 39.195438], [-119.747528, 39.19553], [-119.747434, 39.195671]]}, "props": {"MTFCC": "S1400", "NAME": null}}, {"geom": {"type": "LineString", "coordinates": [[-119.781223, 39.183008], [-119.780988, 39.182921], [-119.780828, 39.182873], [-119.780612, 39.182869], [-119.780179, 39.182926], [-119.779898, 39.182949], [-119.779821, 39.182947], [-119.779741, 39.182937], [-119.77968, 39.182921], [-119.779493, 39.182844], [-119.779131, 39.182562], [-119.778859, 39.182362], [-119.778749, 39.18231], [-119.778635, 39.182291], [-119.778242, 39.182296], [-119.778124, 39.182324], [-119.77803, 39.182377], [-119.777424, 39.183021], [-119.777386, 39.183079], [-119.777357, 39.183123], [-119.777331, 39.183214], [-119.777333, 39.183314], [-119.777413, 39.183552], [-119.777453, 39.183673], [-119.777533, 39.183768], [-119.77767, 39.183816], [-119.778537, 39.183792], [-119.778527, 39.183608]]}, "props": {"MTFCC": "S1400", "NAME": null}}, {"geom": {"type": "LineString", "coordinates": [[-119.775916, 39.18351], [-119.776283, 39.183566], [-119.776412, 39.183575], [-119.776926, 39.183662], [-119.777128, 39.183612]]}, "props": {"MTFCC": "S1400", "NAME": null}}, {"geom": {"type": "LineString", "coordinates": [[-119.782457, 39.185821], [-119.782478, 39.185763], [-119.782509, 39.185679], [-119.782562, 39.185601]]}, "props": {"MTFCC": "S1400", "NAME": null}}, {"geom": {"type": "LineString", "coordinates": [[-119.78343, 39.185835], [-119.783433, 39.185788], [-119.783438, 39.185732], [-119.783438, 39.185658]]}, "props": {"MTFCC": "S1400", "NAME": null}}, {"geom": {"type": "LineString", "coordinates": [[-119.724599, 39.155746], [-119.72445, 39.155719], [-119.724298, 39.155711], [-119.724147, 39.155722], [-119.723999, 39.155751], [-119.723874, 39.155792], [-119.723499, 39.155962], [-119.723413, 39.156017], [-119.723333, 39.156089], [-119.723275, 39.156163], [-119.723233, 39.156242], [-119.723207, 39.156326], [-119.723199, 39.156412], [-119.723199, 39.156636]]}, "props": {"MTFCC": "S1400", "NAME": null}}, {"geom": {"type": "LineString", "coordinates": [[-119.756155, 39.117285], [-119.756195, 39.117345], [-119.75618, 39.117466], [-119.756091, 39.117639]]}, "props": {"MTFCC": "S1400", "NAME": null}}, {"geom": {"type": "LineString", "coordinates": [[-119.698406, 39.112175], [-119.698354, 39.111787], [-119.698332, 39.110802], [-119.698291, 39.108923]]}, "props": {"MTFCC": "S1400", "NAME": null}}, {"geom": {"type": "LineString", "coordinates": [[-119.688095, 39.117658], [-119.688325, 39.117164], [-119.688368, 39.116833], [-119.688327, 39.116639], [-119.688101, 39.116485], [-119.687946, 39.116356], [-119.687741, 39.116033], [-119.687473, 39.115717]]}, "props": {"MTFCC": "S1400", "NAME": null}}, {"geom": {"type": "LineString", "coordinates": [[-119.658571, 39.109049], [-119.658575, 39.109002], [-119.658664, 39.108908], [-119.65881, 39.108721], [-119.658896, 39.108511], [-119.65907, 39.10816], [-119.659274, 39.107856], [-119.659384, 39.107227], [-119.659498, 39.106877], [-119.659614, 39.106644], [-119.659817, 39.10627], [-119.659963, 39.106013], [-119.660136, 39.105616], [-119.660165, 39.105569], [-119.66025, 39.105312], [-119.660216, 39.10501], [-119.660153, 39.104779], [-119.66, 39.104524], [-119.659877, 39.104339], [-119.660052, 39.104012], [-119.660317, 39.1038], [-119.660642, 39.103611], [-119.660937, 39.103353], [-119.660933, 39.10312], [-119.660692, 39.102937], [-119.660511, 39.102845], [-119.660181, 39.102709], [-119.659878, 39.102432], [-119.659784, 39.102131], [-119.659749, 39.101806], [-119.659624, 39.101435], [-119.659383, 39.101251], [-119.659141, 39.101021], [-119.658656, 39.100537], [-119.657992, 39.100031], [-119.657989, 39.100008], [-119.657925, 39.09959], [-119.658187, 39.099169], [-119.658421, 39.098842], [-119.658654, 39.098444], [-119.658648, 39.098072], [-119.658583, 39.097701], [-119.658427, 39.097237], [-119.658481, 39.096865], [-119.658596, 39.096608], [-119.658711, 39.096328], [-119.658794, 39.095885], [-119.658859, 39.09567]]}, "props": {"MTFCC": "S1500", "NAME": null}}, {"geom": {"type": "LineString", "coordinates": [[-119.688249, 39.117667], [-119.68837, 39.117757], [-119.688413, 39.118292]]}, "props": {"MTFCC": "S1400", "NAME": null}}, {"geom": {"type": "LineString", "coordinates": [[-119.576499, 39.085867], [-119.576551, 39.08592], [-119.576948, 39.086163], [-119.577148, 39.086376], [-119.577467, 39.086649], [-119.577751, 39.0872], [-119.577992, 39.087566], [-119.578077, 39.087995], [-119.578122, 39.088394], [-119.578244, 39.0887], [-119.578407, 39.089036], [-119.578491, 39.089404], [-119.578655, 39.089863], [-119.578582, 39.090324], [-119.578353, 39.090787], [-119.578121, 39.091126], [-119.577811, 39.091497], [-119.577661, 39.092051], [-119.577668, 39.092543], [-119.577911, 39.093032], [-119.578191, 39.093306], [-119.578548, 39.093487], [-119.578522, 39.094408], [-119.578411, 39.094931], [-119.578296, 39.095208], [-119.577946, 39.095518], [-119.577595, 39.095736], [-119.577444, 39.096198], [-119.577371, 39.096628], [-119.576822, 39.096817], [-119.57666, 39.096481], [-119.576532, 39.096419], [-119.576223, 39.09627], [-119.576107, 39.096424], [-119.576088, 39.096548], [-119.576035, 39.096885], [-119.576207, 39.097959], [-119.576213, 39.098388]]}, "props": {"MTFCC": "S1500", "NAME": null}}, {"geom": {"type": "LineString", "coordinates": [[-119.779947, 39.203355], [-119.779829, 39.20342], [-119.779568, 39.20354], [-119.779355, 39.203583], [-119.779085, 39.203589], [-119.777905, 39.203575], [-119.777758, 39.203559], [-119.777606, 39.203475], [-119.777507, 39.203336]]}, "props": {"MTFCC": "S1400", "NAME": null}}, {"geom": {"type": "LineString", "coordinates": [[-119.810538, 39.207996], [-119.810533, 39.208646]]}, "props": {"MTFCC": "S1400", "NAME": null}}, {"geom": {"type": "LineString", "coordinates": [[-119.810852, 39.209344], [-119.81194, 39.209289], [-119.813482, 39.2092], [-119.813767, 39.209191], [-119.814134, 39.209167], [-119.814418, 39.209158]]}, "props": {"MTFCC": "S1400", "NAME": null}}, {"geom": {"type": "LineString", "coordinates": [[-119.797405, 39.173859], [-119.797493, 39.173859], [-119.797574, 39.173855], [-119.797646, 39.173861], [-119.797851, 39.173896], [-119.798308, 39.174002], [-119.79866, 39.174104], [-119.798839, 39.174202], [-119.798967, 39.174255], [-119.799087, 39.174277], [-119.799545, 39.174336], [-119.799948, 39.174406], [-119.800062, 39.174422], [-119.800335, 39.174451], [-119.800369, 39.174458]]}, "props": {"MTFCC": "S1500", "NAME": null}}, {"geom": {"type": "LineString", "coordinates": [[-119.735137, 39.244131], [-119.736179, 39.243884]]}, "props": {"MTFCC": "S1400", "NAME": null}}, {"geom": {"type": "LineString", "coordinates": [[-119.762551, 39.162576], [-119.76255, 39.162014]]}, "props": {"MTFCC": "S1400", "NAME": null}}, {"geom": {"type": "LineString", "coordinates": [[-119.767906, 39.155109], [-119.768932, 39.155103], [-119.768959, 39.155049], [-119.769211, 39.15482], [-119.769328, 39.154786], [-119.769418, 39.154791], [-119.769865, 39.155012], [-119.771152, 39.155824], [-119.771291, 39.155839], [-119.771347, 39.155881], [-119.771332, 39.156625], [-119.771292, 39.156696], [-119.771209, 39.156729], [-119.771154, 39.156719], [-119.769174, 39.156723], [-119.769028, 39.156687], [-119.768943, 39.156612], [-119.768921, 39.156537], [-119.768939, 39.15514]]}, "props": {"MTFCC": "S1400", "NAME": null}}, {"geom": {"type": "LineString", "coordinates": [[-119.764294, 39.156021], [-119.764102, 39.156581]]}, "props": {"MTFCC": "S1400", "NAME": null}}, {"geom": {"type": "LineString", "coordinates": [[-119.762032, 39.149155], [-119.762024, 39.148911], [-119.762032, 39.148674], [-119.761993, 39.148521]]}, "props": {"MTFCC": "S1400", "NAME": null}}, {"geom": {"type": "LineString", "coordinates": [[-119.702387, 39.178918], [-119.702547, 39.179398], [-119.702227, 39.180022], [-119.702467, 39.180246], [-119.702755, 39.180086]]}, "props": {"MTFCC": "S1400", "NAME": null}}, {"geom": {"type": "LineString", "coordinates": [[-119.657266, 39.194887], [-119.657506, 39.195143], [-119.65757, 39.195207], [-119.657778, 39.195335], [-119.657986, 39.195511], [-119.65813, 39.195623], [-119.658306, 39.195671], [-119.65837, 39.195671]]}, "props": {"MTFCC": "S1400", "NAME": null}}, {"geom": {"type": "LineString", "coordinates": [[-119.672146, 39.131447], [-119.672306, 39.130727], [-119.672593, 39.130302], [-119.673361, 39.130182], [-119.673745, 39.12999]]}, "props": {"MTFCC": "S1400", "NAME": null}}, {"geom": {"type": "LineString", "coordinates": [[-119.666706, 39.201063], [-119.666594, 39.200999], [-119.666706, 39.200871], [-119.66677, 39.200759], [-119.66693, 39.200535], [-119.666962, 39.200455], [-119.666898, 39.200231], [-119.666898, 39.199911], [-119.66693, 39.199847]]}, "props": {"MTFCC": "S1400", "NAME": null}}, {"geom": {"type": "LineString", "coordinates": [[-119.634735, 39.142247], [-119.634911, 39.142407], [-119.635231, 39.142599], [-119.635567, 39.142919], [-119.635791, 39.143239], [-119.635887, 39.143527], [-119.635983, 39.143847], [-119.635839, 39.144215], [-119.635791, 39.144551], [-119.635759, 39.144839], [-119.635567, 39.145319], [-119.635823, 39.145479], [-119.636015, 39.145799], [-119.635983, 39.146023], [-119.636224, 39.146503], [-119.636256, 39.146823], [-119.636704, 39.147079], [-119.637408, 39.147271], [-119.638032, 39.147335], [-119.638528, 39.147287], [-119.638608, 39.147367]]}, "props": {"MTFCC": "S1400", "NAME": null}}, {"geom": {"type": "LineString", "coordinates": [[-119.632673, 39.118423], [-119.633107, 39.118419], [-119.633522, 39.118253], [-119.633728, 39.118065], [-119.634024, 39.117853], [-119.635032, 39.117425], [-119.635479, 39.117375], [-119.635868, 39.117394], [-119.636077, 39.117439], [-119.636288, 39.117553], [-119.636616, 39.117574], [-119.637005, 39.117617], [-119.637215, 39.117685], [-119.637426, 39.117822], [-119.637636, 39.11789], [-119.637845, 39.117888], [-119.638145, 39.117955], [-119.638264, 39.117977], [-119.638744, 39.118113], [-119.639045, 39.118296], [-119.639285, 39.118363], [-119.639612, 39.118291], [-119.63976, 39.11822], [-119.639967, 39.118055], [-119.640084, 39.117914], [-119.640231, 39.117774], [-119.64044, 39.117725], [-119.640531, 39.117817], [-119.640798, 39.117768], [-119.640917, 39.117698], [-119.641218, 39.117858], [-119.641666, 39.117877], [-119.641874, 39.117852], [-119.642141, 39.117733], [-119.642377, 39.117522], [-119.642463, 39.117265], [-119.642551, 39.117194], [-119.642848, 39.117099], [-119.643237, 39.117142], [-119.64324, 39.117351], [-119.643332, 39.117536], [-119.643632, 39.11765], [-119.644052, 39.117739], [-119.644261, 39.117737], [-119.644528, 39.117642], [-119.644645, 39.117478], [-119.644761, 39.117267], [-119.645087, 39.117102], [-119.645444, 39.117052], [-119.645833, 39.117118], [-119.646311, 39.117137], [-119.6467, 39.117157], [-119.646968, 39.117131], [-119.647535, 39.117103], [-119.647771, 39.116961], [-119.648007, 39.116773], [-119.648126, 39.116702], [-119.648421, 39.116467], [-119.648689, 39.116464], [-119.648843, 39.116765], [-119.648818, 39.117114], [-119.648915, 39.117555], [-119.649187, 39.117808], [-119.649457, 39.117899], [-119.649725, 39.117873], [-119.650111, 39.11773], [-119.650289, 39.117612], [-119.650377, 39.117518], [-119.650819, 39.117142], [-119.650995, 39.116931], [-119.651263, 39.116882], [-119.651711, 39.116925], [-119.651861, 39.116947], [-119.65201, 39.116992], [-119.652312, 39.117175], [-119.652465, 39.117453], [-119.652615, 39.117521], [-119.653002, 39.117448], [-119.653269, 39.117283], [-119.653892, 39.117044], [-119.654276, 39.116785], [-119.654481, 39.116551], [-119.654837, 39.116385], [-119.655193, 39.116265], [-119.65555, 39.116169], [-119.655968, 39.116165], [-119.656446, 39.116207], [-119.656777, 39.11639], [-119.657374, 39.116384], [-119.657555, 39.116499], [-119.657944, 39.116565], [-119.658452, 39.116607], [-119.658843, 39.116766], [-119.659321, 39.116808], [-119.659533, 39.117039], [-119.659598, 39.117387], [-119.659724, 39.117781], [-119.659908, 39.118105], [-119.660454, 39.118681], [-119.660757, 39.118958], [-119.660939, 39.119142], [-119.661302, 39.119464], [-119.661783, 39.119715], [-119.662203, 39.119851], [-119.662474, 39.120011], [-119.662746, 39.120195], [-119.663437, 39.120491], [-119.663676, 39.120535]]}, "props": {"MTFCC": "S1500", "NAME": null}}, {"geom": {"type": "LineString", "coordinates": [[-119.738272, 39.169425], [-119.738553, 39.170399], [-119.738762, 39.170856], [-119.738972, 39.171225], [-119.739533, 39.172034], [-119.739941, 39.172667], [-119.740481, 39.173465], [-119.74073, 39.17387], [-119.740788, 39.174103], [-119.740734, 39.174354], [-119.740658, 39.174529], [-119.740604, 39.17459], [-119.740522, 39.174738], [-119.740403, 39.174769], [-119.739296, 39.17506]]}, "props": {"MTFCC": "S1200", "NAME": null}}, {"geom": {"type": "LineString", "coordinates": [[-119.738159, 39.190136], [-119.737781, 39.190918]]}, "props": {"MTFCC": "S1400", "NAME": null}}, {"geom": {"type": "LineString", "coordinates": [[-119.762741, 39.150806], [-119.757462, 39.150793]]}, "props": {"MTFCC": "S1400", "NAME": null}}, {"geom": {"type": "LineString", "coordinates": [[-119.762741, 39.150806], [-119.757462, 39.150793]]}, "props": {"MTFCC": "S1400", "NAME": null}}, {"geom": {"type": "LineString", "coordinates": [[-119.795929, 39.178352], [-119.795982, 39.178452], [-119.796028, 39.178501], [-119.796127, 39.178558], [-119.796204, 39.178585], [-119.79631, 39.178604], [-119.796417, 39.1786], [-119.796509, 39.178581], [-119.7966, 39.178543], [-119.796753, 39.178417]]}, "props": {"MTFCC": "S1400", "NAME": null}}, {"geom": {"type": "LineString", "coordinates": [[-119.752231, 39.169372], [-119.752169, 39.169536], [-119.752115, 39.169874], [-119.752158, 39.170298], [-119.752256, 39.1705], [-119.75246, 39.170673], [-119.7527, 39.170814], [-119.752916, 39.170964], [-119.753201, 39.170966], [-119.753365, 39.170881], [-119.753469, 39.170714], [-119.753443, 39.170562], [-119.753334, 39.170443], [-119.753155, 39.170334], [-119.752999, 39.170225], [-119.752767, 39.169825], [-119.752633, 39.169656], [-119.752513, 39.169546], [-119.752423, 39.169492], [-119.752303, 39.169405], [-119.752231, 39.169372]]}, "props": {"MTFCC": "S1400", "NAME": null}}, {"geom": {"type": "LineString", "coordinates": [[-119.773912, 39.118008], [-119.773805, 39.118001], [-119.773583, 39.117951], [-119.773461, 39.117944], [-119.7734, 39.117928]]}, "props": {"MTFCC": "S1740", "NAME": null}}, {"geom": {"type": "LineString", "coordinates": [[-119.774261, 39.202404], [-119.774277, 39.202705]]}, "props": {"MTFCC": "S1400", "NAME": null}}, {"geom": {"type": "LineString", "coordinates": [[-119.775864, 39.15781], [-119.775871, 39.158909], [-119.775879, 39.158951]]}, "props": {"MTFCC": "S1400", "NAME": null}}, {"geom": {"type": "LineString", "coordinates": [[-119.723612, 39.097179], [-119.723049, 39.097489], [-119.722407, 39.097529], [-119.721443, 39.097381], [-119.720649, 39.097314], [-119.720292, 39.097353], [-119.720007, 39.09766], [-119.719789, 39.097815], [-119.719497, 39.097966], [-119.71921, 39.09818], [-119.719114, 39.09861], [-119.718972, 39.098983], [-119.718844, 39.099096], [-119.718603, 39.099043], [-119.718439, 39.099017], [-119.718258, 39.099089], [-119.718242, 39.099327]]}, "props": {"MTFCC": "S1400", "NAME": null}}, {"geom": {"type": "LineString", "coordinates": [[-119.763533, 39.141463], [-119.764948, 39.141429], [-119.765346, 39.141462]]}, "props": {"MTFCC": "S1400", "NAME": null}}, {"geom": {"type": "LineString", "coordinates": [[-119.759271, 39.117602], [-119.759182, 39.117561]]}, "props": {"MTFCC": "S1400", "NAME": null}}, {"geom": {"type": "LineString", "coordinates": [[-119.782003, 39.163963], [-119.781912, 39.163636], [-119.781487, 39.163385], [-119.780993, 39.163075], [-119.780833, 39.163048]]}, "props": {"MTFCC": "S1400", "NAME": null}}, {"geom": {"type": "LineString", "coordinates": [[-119.73913, 39.177284], [-119.738683, 39.177365], [-119.738441, 39.177521]]}, "props": {"MTFCC": "S1400", "NAME": null}}, {"geom": {"type": "LineString", "coordinates": [[-119.737488, 39.179194], [-119.737504, 39.178227], [-119.737447, 39.178001], [-119.737444, 39.177246]]}, "props": {"MTFCC": "S1400", "NAME": null}}, {"geom": {"type": "LineString", "coordinates": [[-119.732325, 39.177126], [-119.732373, 39.178262], [-119.732373, 39.178927]]}, "props": {"MTFCC": "S1400", "NAME": null}}, {"geom": {"type": "LineString", "coordinates": [[-119.740344, 39.17557], [-119.740608, 39.17601], [-119.741934, 39.177878], [-119.742218, 39.17836], [-119.742577, 39.178856]]}, "props": {"MTFCC": "S1630", "NAME": null}}, {"geom": {"type": "LineString", "coordinates": [[-119.754122, 39.190625], [-119.754054, 39.190489], [-119.754034, 39.190367], [-119.754061, 39.190246], [-119.754126, 39.19015], [-119.754136, 39.190094], [-119.754156, 39.190017]]}, "props": {"MTFCC": "S1630", "NAME": null}}, {"geom": {"type": "LineString", "coordinates": [[-119.755364, 39.190448], [-119.755094, 39.190327], [-119.754925, 39.190252], [-119.75475, 39.190198], [-119.75453, 39.190156], [-119.754156, 39.190017]]}, "props": {"MTFCC": "S1630", "NAME": null}}, {"geom": {"type": "LineString", "coordinates": [[-119.747073, 39.152528], [-119.746628, 39.152531]]}, "props": {"MTFCC": "S1400", "NAME": null}}, {"geom": {"type": "LineString", "coordinates": [[-119.740344, 39.17557], [-119.740251, 39.17548], [-119.740096, 39.175285], [-119.740039, 39.175202], [-119.739965, 39.175157], [-119.739829, 39.175109], [-119.739561, 39.175074], [-119.739296, 39.17506]]}, "props": {"MTFCC": "S1630", "NAME": null}}, {"geom": {"type": "LineString", "coordinates": [[-119.783958, 39.19406], [-119.784722, 39.194075], [-119.784909, 39.194119], [-119.78492, 39.194471], [-119.784788, 39.194889], [-119.784667, 39.195032], [-119.784568, 39.195032], [-119.783853, 39.194779]]}, "props": {"MTFCC": "S1400", "NAME": null}}, {"geom": {"type": "LineString", "coordinates": [[-119.793227, 39.162624], [-119.793186, 39.16252], [-119.793052, 39.162175], [-119.79282, 39.162013], [-119.79208, 39.162007], [-119.791215, 39.162134], [-119.790674, 39.162375]]}, "props": {"MTFCC": "S1400", "NAME": null}}, {"geom": {"type": "LineString", "coordinates": [[-119.759766, 39.106141], [-119.759772, 39.106723], [-119.759778, 39.107374], [-119.759742, 39.107451], [-119.759617, 39.107463], [-119.759472, 39.107463], [-119.759424, 39.107463], [-119.759211, 39.107402], [-119.758777, 39.10723], [-119.758548, 39.107097], [-119.75852, 39.107045], [-119.758585, 39.106973], [-119.758733, 39.106836], [-119.75879, 39.106736], [-119.758806, 39.10668], [-119.758834, 39.106608], [-119.758826, 39.106531], [-119.758822, 39.106366], [-119.758822, 39.106137]]}, "props": {"MTFCC": "S1400", "NAME": null}}, {"geom": {"type": "LineString", "coordinates": [[-119.726052, 39.182758], [-119.726007, 39.182677], [-119.725995, 39.18266], [-119.725974, 39.181997], [-119.725973, 39.181949], [-119.725977, 39.181894], [-119.725982, 39.18184], [-119.725984, 39.18179], [-119.725984, 39.181739], [-119.725985, 39.18169], [-119.725983, 39.18164], [-119.725986, 39.181594], [-119.72597, 39.181511]]}, "props": {"MTFCC": "S1400", "NAME": null}}, {"geom": {"type": "LineString", "coordinates": [[-119.72591, 39.241398], [-119.726198, 39.241188], [-119.726933, 39.241152], [-119.728387, 39.240503], [-119.729281, 39.239213], [-119.724042, 39.236363]]}, "props": {"MTFCC": "S1400", "NAME": null}}, {"geom": {"type": "LineString", "coordinates": [[-119.714559, 39.246224], [-119.714435, 39.246254], [-119.714035, 39.246653], [-119.71384, 39.247169], [-119.713795, 39.247564], [-119.713801, 39.24787], [-119.713801, 39.247881], [-119.713403, 39.248638], [-119.713054, 39.248916], [-119.712856, 39.249234], [-119.712556, 39.249514], [-119.712461, 39.249604], [-119.712004, 39.250032], [-119.711998, 39.2501], [-119.711982, 39.250262], [-119.711929, 39.250456], [-119.711869, 39.250704]]}, "props": {"MTFCC": "S1500", "NAME": null}}, {"geom": {"type": "LineString", "coordinates": [[-119.78656, 39.187889], [-119.787354, 39.188179], [-119.787498, 39.188255], [-119.787582, 39.188324], [-119.787659, 39.188446], [-119.787674, 39.18848], [-119.787689, 39.188595], [-119.787697, 39.189087], [-119.787674, 39.189518], [-119.787628, 39.190025], [-119.787613, 39.190372], [-119.787621, 39.190929]]}, "props": {"MTFCC": "S1400", "NAME": null}}, {"geom": {"type": "LineString", "coordinates": [[-119.806175, 39.200527], [-119.806084, 39.2005], [-119.805977, 39.2005], [-119.805908, 39.20052], [-119.805824, 39.20055], [-119.805183, 39.200943], [-119.805153, 39.200958], [-119.805138, 39.200974], [-119.804817, 39.201164]]}, "props": {"MTFCC": "S1400", "NAME": null}}, {"geom": {"type": "LineString", "coordinates": [[-119.780192, 39.205368], [-119.780154, 39.205353], [-119.779922, 39.205349], [-119.779533, 39.205349], [-119.778816, 39.205341], [-119.778034, 39.205349], [-119.777987, 39.205349], [-119.777874, 39.205363]]}, "props": {"MTFCC": "S1400", "NAME": null}}, {"geom": {"type": "LineString", "coordinates": [[-119.758833, 39.180869], [-119.758838, 39.181218], [-119.758833, 39.181271], [-119.758812, 39.181334], [-119.758771, 39.181396], [-119.758701, 39.181465], [-119.758635, 39.181504], [-119.758542, 39.181538], [-119.758485, 39.18155], [-119.758406, 39.181555], [-119.758069, 39.181555]]}, "props": {"MTFCC": "S1400", "NAME": null}}, {"geom": {"type": "LineString", "coordinates": [[-119.755943, 39.174068], [-119.755943, 39.175224], [-119.755936, 39.175339], [-119.755943, 39.175491], [-119.755943, 39.176643], [-119.755936, 39.179406], [-119.755936, 39.179531], [-119.755906, 39.18019], [-119.755896, 39.180915], [-119.755921, 39.1816], [-119.75592, 39.182116], [-119.75592, 39.18214], [-119.755908, 39.182246]]}, "props": {"MTFCC": "S1400", "NAME": null}}, {"geom": {"type": "LineString", "coordinates": [[-119.787998, 39.163684], [-119.788268, 39.164274], [-119.788439, 39.164733], [-119.788507, 39.164937], [-119.788518, 39.16516], [-119.788491, 39.16527], [-119.788355, 39.165632], [-119.788224, 39.165889], [-119.788207, 39.165966], [-119.788178, 39.166095], [-119.788188, 39.166305], [-119.788267, 39.166732], [-119.78819, 39.167062], [-119.787919, 39.167415], [-119.787641, 39.167653]]}, "props": {"MTFCC": "S1400", "NAME": null}}, {"geom": {"type": "LineString", "coordinates": [[-119.772873, 39.171516], [-119.774656, 39.171514], [-119.774713, 39.169256], [-119.772881, 39.16925]]}, "props": {"MTFCC": "S1400", "NAME": null}}, {"geom": {"type": "LineString", "coordinates": [[-119.775597, 39.173332], [-119.775597, 39.173824], [-119.775589, 39.173943], [-119.775597, 39.17408], [-119.775597, 39.17432], [-119.77562, 39.174461], [-119.775673, 39.174683], [-119.775681, 39.174938], [-119.775681, 39.17514]]}, "props": {"MTFCC": "S1400", "NAME": null}}, {"geom": {"type": "LineString", "coordinates": [[-119.760765, 39.145088], [-119.760765, 39.144363], [-119.760765, 39.143265]]}, "props": {"MTFCC": "S1400", "NAME": null}}, {"geom": {"type": "LineString", "coordinates": [[-119.796453, 39.162065], [-119.796547, 39.162081], [-119.796615, 39.162075], [-119.796673, 39.16206], [-119.796719, 39.162036], [-119.796743, 39.162007], [-119.796768, 39.161654], [-119.796766, 39.161582], [-119.796732, 39.161536], [-119.79667, 39.161508], [-119.796608, 39.161499], [-119.796549, 39.161512], [-119.796488, 39.161537], [-119.796464, 39.16157], [-119.796493, 39.161798], [-119.796477, 39.161981], [-119.796453, 39.162065]]}, "props": {"MTFCC": "S1400", "NAME": null}}, {"geom": {"type": "LineString", "coordinates": [[-119.771277, 39.163921], [-119.771436, 39.163803], [-119.771423, 39.163296], [-119.771431, 39.163246], [-119.771431, 39.162594], [-119.771439, 39.161945], [-119.771439, 39.161301], [-119.771439, 39.160973], [-119.771431, 39.16066], [-119.771423, 39.160637], [-119.771431, 39.16024], [-119.771446, 39.159687], [-119.771439, 39.159588], [-119.771446, 39.159096], [-119.771431, 39.159031], [-119.771431, 39.158936], [-119.771439, 39.158596], [-119.771454, 39.158321], [-119.771472, 39.157734], [-119.771485, 39.157322], [-119.771496, 39.156976], [-119.771507, 39.15686], [-119.771622, 39.156746], [-119.771721, 39.1567], [-119.771889, 39.156662], [-119.771965, 39.156624], [-119.772034, 39.156555], [-119.772064, 39.156475], [-119.772064, 39.156425], [-119.771947, 39.156192], [-119.771895, 39.156102], [-119.771928, 39.155844], [-119.771934, 39.155793], [-119.772003, 39.155697]]}, "props": {"MTFCC": "S1400", "NAME": null}}, {"geom": {"type": "LineString", "coordinates": [[-119.787621, 39.190929], [-119.787605, 39.191055], [-119.787582, 39.191109], [-119.787493, 39.19118], [-119.78743, 39.191204], [-119.785983, 39.191428], [-119.785736, 39.19146], [-119.785278, 39.191475], [-119.785057, 39.191475], [-119.784577, 39.191469]]}, "props": {"MTFCC": "S1400", "NAME": null}}, {"geom": {"type": "LineString", "coordinates": [[-119.776051, 39.183006], [-119.775635, 39.182959]]}, "props": {"MTFCC": "S1400", "NAME": null}}, {"geom": {"type": "LineString", "coordinates": [[-119.774666, 39.185635], [-119.774597, 39.185677], [-119.774498, 39.18568], [-119.774437, 39.185665], [-119.773514, 39.185658], [-119.77285, 39.185658]]}, "props": {"MTFCC": "S1400", "NAME": null}}, {"geom": {"type": "LineString", "coordinates": [[-119.776299, 39.18005], [-119.775742, 39.180046], [-119.772842, 39.180042], [-119.770927, 39.180042], [-119.768166, 39.180042]]}, "props": {"MTFCC": "S1400", "NAME": null}}, {"geom": {"type": "LineString", "coordinates": [[-119.775131, 39.183411], [-119.774673, 39.183411], [-119.773773, 39.183407], [-119.772835, 39.183411], [-119.771866, 39.183407], [-119.770927, 39.183411]]}, "props": {"MTFCC": "S1400", "NAME": null}}, {"geom": {"type": "LineString", "coordinates": [[-119.776374, 39.182236], [-119.776136, 39.182187], [-119.775641, 39.182176]]}, "props": {"MTFCC": "S1400", "NAME": null}}, {"geom": {"type": "LineString", "coordinates": [[-119.753747, 39.18088], [-119.753739, 39.180207], [-119.753799, 39.179527], [-119.753799, 39.179287], [-119.753807, 39.179161], [-119.753807, 39.178814], [-119.753807, 39.178238], [-119.753807, 39.177135], [-119.753807, 39.176575], [-119.753853, 39.176353], [-119.754036, 39.176018], [-119.754303, 39.175568], [-119.754372, 39.175484], [-119.754509, 39.175392], [-119.754646, 39.175316], [-119.754791, 39.17527], [-119.754929, 39.175243], [-119.755173, 39.175236], [-119.755943, 39.175224], [-119.756912, 39.175224], [-119.760048, 39.175182], [-119.760765, 39.175179], [-119.761024, 39.175167], [-119.761116, 39.175129]]}, "props": {"MTFCC": "S1400", "NAME": null}}, {"geom": {"type": "LineString", "coordinates": [[-119.751152, 39.192993], [-119.751126, 39.190523], [-119.751139, 39.190019], [-119.751086, 39.189517], [-119.750175, 39.188707], [-119.749615, 39.188152], [-119.749381, 39.1879], [-119.748894, 39.187489], [-119.747975, 39.186669]]}, "props": {"MTFCC": "S1400", "NAME": null}}, {"geom": {"type": "LineString", "coordinates": [[-119.764803, 39.198459], [-119.764792, 39.199582], [-119.764767, 39.1997]]}, "props": {"MTFCC": "S1730", "NAME": null}}, {"geom": {"type": "LineString", "coordinates": [[-119.765152, 39.196872], [-119.765639, 39.196876]]}, "props": {"MTFCC": "S1400", "NAME": null}}, {"geom": {"type": "LineString", "coordinates": [[-119.774666, 39.184921], [-119.773132, 39.184929], [-119.77285, 39.184921]]}, "props": {"MTFCC": "S1400", "NAME": null}}, {"geom": {"type": "LineString", "coordinates": [[-119.77565, 39.175899], [-119.778091, 39.175896], [-119.778267, 39.175922], [-119.778481, 39.175995], [-119.778709, 39.176121], [-119.778839, 39.176205], [-119.77968, 39.176693], [-119.780068, 39.176816], [-119.783066, 39.176798]]}, "props": {"MTFCC": "S1400", "NAME": null}}, {"geom": {"type": "LineString", "coordinates": [[-119.756096, 39.147892], [-119.756042, 39.147934], [-119.755966, 39.147953], [-119.755363, 39.147953], [-119.754768, 39.147949], [-119.7547, 39.147923], [-119.754654, 39.147888]]}, "props": {"MTFCC": "S1400", "NAME": null}}, {"geom": {"type": "LineString", "coordinates": [[-119.758858, 39.144367], [-119.758873, 39.143967]]}, "props": {"MTFCC": "S1400", "NAME": null}}, {"geom": {"type": "LineString", "coordinates": [[-119.768746, 39.139312], [-119.768751, 39.139286], [-119.768759, 39.139239]]}, "props": {"MTFCC": "S1200", "NAME": null}}, {"geom": {"type": "LineString", "coordinates": [[-119.767727, 39.145102], [-119.767984, 39.145117], [-119.768305, 39.145119], [-119.7684, 39.14512], [-119.768875, 39.14515], [-119.769447, 39.145195], [-119.770161, 39.145221], [-119.7705, 39.145203], [-119.771842, 39.1452], [-119.774764, 39.145231], [-119.774904, 39.145232]]}, "props": {"MTFCC": "S1400", "NAME": null}}, {"geom": {"type": "LineString", "coordinates": [[-119.770409, 39.137012], [-119.771252, 39.137009], [-119.774369, 39.137009]]}, "props": {"MTFCC": "S1400", "NAME": null}}, {"geom": {"type": "LineString", "coordinates": [[-119.770424, 39.138329], [-119.771264, 39.138325], [-119.773405, 39.138325], [-119.773521, 39.138325], [-119.774261, 39.138329], [-119.774338, 39.138336], [-119.774498, 39.13839], [-119.774582, 39.138435]]}, "props": {"MTFCC": "S1400", "NAME": null}}, {"geom": {"type": "LineString", "coordinates": [[-119.772709, 39.131459], [-119.772741, 39.130186], [-119.772786, 39.12839]]}, "props": {"MTFCC": "S1500", "NAME": null}}, {"geom": {"type": "LineString", "coordinates": [[-119.772709, 39.131459], [-119.772669, 39.131675]]}, "props": {"MTFCC": "S1400", "NAME": null}}, {"geom": {"type": "LineString", "coordinates": [[-119.767512, 39.136514], [-119.767508, 39.136755], [-119.767486, 39.136773], [-119.767397, 39.136798], [-119.767191, 39.136803], [-119.766878, 39.1368]]}, "props": {"MTFCC": "S1400", "NAME": null}}, {"geom": {"type": "LineString", "coordinates": [[-119.764271, 39.135592], [-119.764284, 39.134769], [-119.764276, 39.134026]]}, "props": {"MTFCC": "S1400", "NAME": null}}, {"geom": {"type": "LineString", "coordinates": [[-119.76488, 39.134029], [-119.764276, 39.134026]]}, "props": {"MTFCC": "S1400", "NAME": null}}, {"geom": {"type": "LineString", "coordinates": [[-119.766631, 39.135607], [-119.766791, 39.134039]]}, "props": {"MTFCC": "S1400", "NAME": null}}, {"geom": {"type": "LineString", "coordinates": [[-119.766791, 39.134039], [-119.766132, 39.134036]]}, "props": {"MTFCC": "S1400", "NAME": null}}, {"geom": {"type": "LineString", "coordinates": [[-119.76547, 39.135601], [-119.76546, 39.134451], [-119.76547, 39.134033]]}, "props": {"MTFCC": "S1400", "NAME": null}}, {"geom": {"type": "LineString", "coordinates": [[-119.761883, 39.135278], [-119.761878, 39.134587]]}, "props": {"MTFCC": "S1400", "NAME": null}}, {"geom": {"type": "LineString", "coordinates": [[-119.762726, 39.134586], [-119.763521, 39.134586]]}, "props": {"MTFCC": "S1400", "NAME": null}}, {"geom": {"type": "LineString", "coordinates": [[-119.760017, 39.137035], [-119.759689, 39.137024]]}, "props": {"MTFCC": "S1400", "NAME": null}}, {"geom": {"type": "LineString", "coordinates": [[-119.760022, 39.13525], [-119.758628, 39.135232], [-119.758402, 39.135155]]}, "props": {"MTFCC": "S1400", "NAME": null}}, {"geom": {"type": "LineString", "coordinates": [[-119.756479, 39.135247], [-119.756456, 39.134585], [-119.756474, 39.133826], [-119.756598, 39.133733], [-119.756561, 39.132004], [-119.75659, 39.130197], [-119.756565, 39.128395], [-119.756533, 39.126586]]}, "props": {"MTFCC": "S1400", "NAME": null}}, {"geom": {"type": "LineString", "coordinates": [[-119.76539, 39.138914], [-119.763519, 39.138912]]}, "props": {"MTFCC": "S1400", "NAME": null}}, {"geom": {"type": "LineString", "coordinates": [[-119.768504, 39.138868], [-119.768405, 39.138856], [-119.768343, 39.138858], [-119.768264, 39.138848], [-119.768189, 39.138843], [-119.768112, 39.138838], [-119.768025, 39.138831], [-119.767964, 39.138823], [-119.767859, 39.138813], [-119.767801, 39.138804], [-119.767727, 39.138804], [-119.767655, 39.138807], [-119.767594, 39.138812], [-119.767535, 39.138822], [-119.767463, 39.138837], [-119.7674, 39.138835], [-119.767328, 39.138834], [-119.767236, 39.138831], [-119.767174, 39.138829], [-119.767113, 39.138827], [-119.767051, 39.138831], [-119.766985, 39.138828], [-119.766911, 39.138831], [-119.766804, 39.138838], [-119.766727, 39.138844], [-119.76665, 39.138847], [-119.766566, 39.138838], [-119.766481, 39.138827], [-119.766402, 39.138817], [-119.766324, 39.138815], [-119.766257, 39.13883], [-119.766217, 39.138865], [-119.76621, 39.138941], [-119.766211, 39.139008], [-119.76621, 39.139065], [-119.766204, 39.139119], [-119.766204, 39.139182], [-119.76621, 39.139234]]}, "props": {"MTFCC": "S1400", "NAME": null}}, {"geom": {"type": "LineString", "coordinates": [[-119.749519, 39.138603], [-119.747681, 39.138603]]}, "props": {"MTFCC": "S1400", "NAME": null}}, {"geom": {"type": "LineString", "coordinates": [[-119.741615, 39.208221], [-119.741608, 39.209614], [-119.741562, 39.209763], [-119.74147, 39.209919], [-119.741364, 39.210041], [-119.741035, 39.210312], [-119.740891, 39.210442], [-119.740723, 39.210575], [-119.740532, 39.210747], [-119.740395, 39.210911], [-119.740311, 39.211094], [-119.740288, 39.211239], [-119.740288, 39.211578], [-119.74028, 39.211674], [-119.740288, 39.211777], [-119.74028, 39.211926], [-119.740288, 39.211987], [-119.74028, 39.212196], [-119.74028, 39.212471], [-119.740341, 39.212639], [-119.74041, 39.212711], [-119.740685, 39.212917], [-119.740936, 39.213089], [-119.741058, 39.213161], [-119.741169, 39.213256], [-119.741296, 39.213339], [-119.741395, 39.213418], [-119.741486, 39.213498], [-119.741614, 39.21369], [-119.741638, 39.213853], [-119.741632, 39.214147], [-119.741655, 39.215223], [-119.741636, 39.215827], [-119.741633, 39.216385], [-119.741625, 39.21648], [-119.741637, 39.21685], [-119.741684, 39.21697], [-119.741735, 39.217064], [-119.741823, 39.217191], [-119.741895, 39.217304], [-119.741959, 39.217422], [-119.74205, 39.217643]]}, "props": {"MTFCC": "S1400", "NAME": null}}, {"geom": {"type": "LineString", "coordinates": [[-119.741364, 39.14016], [-119.739465, 39.140152], [-119.739117, 39.140093], [-119.739044, 39.139957], [-119.739037, 39.139854], [-119.739037, 39.139664]]}, "props": {"MTFCC": "S1400", "NAME": null}}, {"geom": {"type": "LineString", "coordinates": [[-119.825181, 39.11367], [-119.824881, 39.113826], [-119.824022, 39.114219], [-119.82379, 39.11432], [-119.823531, 39.114412], [-119.823394, 39.114451], [-119.823156, 39.114501], [-119.822923, 39.11453], [-119.822701, 39.114532], [-119.822577, 39.114527], [-119.822382, 39.114511], [-119.822236, 39.114485], [-119.82204, 39.114451], [-119.82202, 39.114446], [-119.82175, 39.114379], [-119.821499, 39.114326], [-119.821362, 39.114309], [-119.821201, 39.114311], [-119.821073, 39.11433], [-119.820946, 39.114364], [-119.820709, 39.114448], [-119.8206, 39.114496], [-119.820177, 39.114668], [-119.819844, 39.114782], [-119.819658, 39.114838], [-119.819457, 39.11489], [-119.819329, 39.114938], [-119.819175, 39.115003], [-119.818744, 39.115236], [-119.81848, 39.115386], [-119.818308, 39.115477], [-119.818167, 39.115542], [-119.817954, 39.115629], [-119.817831, 39.115671], [-119.817771, 39.115693], [-119.81757, 39.115738], [-119.817473, 39.115753], [-119.817279, 39.115773], [-119.817158, 39.11578], [-119.817054, 39.115777]]}, "props": {"MTFCC": "S1400", "NAME": null}}, {"geom": {"type": "LineString", "coordinates": [[-119.738983, 39.145763], [-119.740356, 39.145771], [-119.740646, 39.145779]]}, "props": {"MTFCC": "S1400", "NAME": null}}, {"geom": {"type": "LineString", "coordinates": [[-119.75128, 39.140754], [-119.751213, 39.140731], [-119.750419, 39.140733], [-119.747869, 39.140738], [-119.747757, 39.140755]]}, "props": {"MTFCC": "S1400", "NAME": null}}, {"geom": {"type": "LineString", "coordinates": [[-119.622567, 39.133035], [-119.622226, 39.132711], [-119.621945, 39.132407], [-119.621784, 39.132132], [-119.62166, 39.131734], [-119.621612, 39.131151], [-119.621643, 39.130598], [-119.621636, 39.130138], [-119.621588, 39.129555], [-119.621501, 39.128972], [-119.621258, 39.128544], [-119.621012, 39.127902], [-119.620652, 39.127567], [-119.620214, 39.127264], [-119.620103, 39.126959], [-119.619968, 39.126591], [-119.619909, 39.126494], [-119.619726, 39.126194], [-119.619521, 39.125643], [-119.619279, 39.125308], [-119.619156, 39.12494], [-119.619152, 39.124695], [-119.619107, 39.124327], [-119.619023, 39.123959], [-119.618955, 39.123805], [-119.618901, 39.123684], [-119.618777, 39.123347], [-119.618375, 39.122767], [-119.618019, 39.122678], [-119.617147, 39.122379], [-119.617137, 39.121673], [-119.616896, 39.121368], [-119.615468, 39.120767], [-119.614874, 39.120557], [-119.614555, 39.120284], [-119.613959, 39.119982], [-119.613403, 39.119711], [-119.61312, 39.119222], [-119.61292, 39.119009], [-119.612678, 39.118612], [-119.612275, 39.118032], [-119.611799, 39.11779], [-119.611443, 39.117671], [-119.611086, 39.11752], [-119.610289, 39.116975], [-119.610129, 39.116761], [-119.609927, 39.116425], [-119.609803, 39.116027], [-119.6097, 39.115758]]}, "props": {"MTFCC": "S1500", "NAME": null}}, {"geom": {"type": "LineString", "coordinates": [[-119.770553, 39.11557], [-119.770603, 39.115388], [-119.77093, 39.115372], [-119.771442, 39.115445], [-119.771571, 39.115514], [-119.771549, 39.115633], [-119.770553, 39.11557]]}, "props": {"MTFCC": "S1400", "NAME": null}}, {"geom": {"type": "LineString", "coordinates": [[-119.770593, 39.115902], [-119.770553, 39.11557]]}, "props": {"MTFCC": "S1400", "NAME": null}}, {"geom": {"type": "LineString", "coordinates": [[-119.698291, 39.108923], [-119.698361, 39.10696]]}, "props": {"MTFCC": "S1400", "NAME": null}}, {"geom": {"type": "LineString", "coordinates": [[-119.842494, 39.113722], [-119.842465, 39.113974], [-119.841878, 39.114683], [-119.841908, 39.114889]]}, "props": {"MTFCC": "S1400", "NAME": null}}, {"geom": {"type": "LineString", "coordinates": [[-119.763324, 39.187584], [-119.764969, 39.187594], [-119.764969, 39.188549]]}, "props": {"MTFCC": "S1400", "NAME": null}}, {"geom": {"type": "LineString", "coordinates": [[-119.767924, 39.178214], [-119.767846, 39.178213], [-119.76755, 39.178196], [-119.766869, 39.178195]]}, "props": {"MTFCC": "S1400", "NAME": null}}, {"geom": {"type": "LineString", "coordinates": [[-119.774835, 39.118431], [-119.774743, 39.118428], [-119.774674, 39.118417], [-119.77456, 39.118375]]}, "props": {"MTFCC": "S1740", "NAME": null}}, {"geom": {"type": "LineString", "coordinates": [[-119.77456, 39.118375], [-119.774613, 39.118207], [-119.774606, 39.118161], [-119.774568, 39.118077], [-119.77453, 39.118039]]}, "props": {"MTFCC": "S1740", "NAME": null}}, {"geom": {"type": "LineString", "coordinates": [[-119.774867, 39.117623], [-119.774817, 39.117627], [-119.774698, 39.117628], [-119.774661, 39.11765], [-119.774594, 39.117703], [-119.774577, 39.117733]]}, "props": {"MTFCC": "S1740", "NAME": null}}, {"geom": {"type": "LineString", "coordinates": [[-119.75651, 39.229881], [-119.756841, 39.229642]]}, "props": {"MTFCC": "S1400", "NAME": null}}, {"geom": {"type": "LineString", "coordinates": [[-119.770012, 39.174076], [-119.770012, 39.173813]]}, "props": {"MTFCC": "S1400", "NAME": null}}, {"geom": {"type": "LineString", "coordinates": [[-119.841104, 39.116226], [-119.841112, 39.116889], [-119.840949, 39.117602], [-119.840734, 39.118589], [-119.840473, 39.119944]]}, "props": {"MTFCC": "S1500", "NAME": null}}, {"geom": {"type": "LineString", "coordinates": [[-119.842494, 39.113722], [-119.840792, 39.113814]]}, "props": {"MTFCC": "S1400", "NAME": null}}, {"geom": {"type": "LineString", "coordinates": [[-119.77153, 39.126614], [-119.77153, 39.12656], [-119.771561, 39.126495], [-119.771622, 39.126179], [-119.771875, 39.124756], [-119.771996, 39.124031], [-119.772034, 39.123829], [-119.772087, 39.123497], [-119.772202, 39.122986], [-119.772255, 39.122803], [-119.77227, 39.12273], [-119.772301, 39.122646], [-119.772308, 39.122601], [-119.772453, 39.122257], [-119.772567, 39.122047], [-119.772626, 39.121963], [-119.772842, 39.121655], [-119.773048, 39.121422], [-119.773066, 39.121408], [-119.77317, 39.1213], [-119.773361, 39.121132], [-119.773453, 39.121067], [-119.773712, 39.120872], [-119.774103, 39.120593], [-119.774712, 39.120159], [-119.775169, 39.119854], [-119.775467, 39.119686], [-119.776991, 39.118864], [-119.777115, 39.118797], [-119.777229, 39.118744], [-119.778015, 39.118317], [-119.778496, 39.118069], [-119.778755, 39.117981], [-119.7789, 39.117924]]}, "props": {"MTFCC": "S1400", "NAME": null}}, {"geom": {"type": "LineString", "coordinates": [[-119.802348, 39.139763], [-119.802485, 39.139721], [-119.802873, 39.139626], [-119.803087, 39.139563], [-119.803475, 39.139468], [-119.803785, 39.139343], [-119.804017, 39.139204], [-119.804131, 39.139051], [-119.804245, 39.138867], [-119.804377, 39.138608], [-119.804471, 39.138394], [-119.804624, 39.138226], [-119.804758, 39.138088], [-119.80493, 39.137888], [-119.805025, 39.137751], [-119.805176, 39.137491], [-119.805251, 39.137308], [-119.805245, 39.136959], [-119.805223, 39.136807], [-119.805219, 39.136579], [-119.805199, 39.136302], [-119.805196, 39.136254], [-119.805207, 39.136197], [-119.805325, 39.135909], [-119.805368, 39.135674], [-119.805382, 39.135594], [-119.805398, 39.135508], [-119.805409, 39.135469], [-119.805443, 39.135397], [-119.805474, 39.13535], [-119.805568, 39.135257], [-119.805602, 39.1352], [-119.805679, 39.135095], [-119.805707, 39.135057], [-119.805833, 39.134974], [-119.80603, 39.134871], [-119.806095, 39.134795], [-119.806125, 39.134708], [-119.806135, 39.134666], [-119.806139, 39.134402], [-119.806111, 39.134098], [-119.806045, 39.133503], [-119.806029, 39.133414], [-119.806024, 39.133334], [-119.806028, 39.133217], [-119.806069, 39.13305], [-119.806133, 39.132918], [-119.806254, 39.132761], [-119.806268, 39.132705], [-119.806262, 39.132674], [-119.806185, 39.13263], [-119.806042, 39.132567], [-119.805915, 39.132504], [-119.805849, 39.132452], [-119.805795, 39.132356], [-119.805778, 39.132278], [-119.805773, 39.132139], [-119.805785, 39.131912], [-119.805798, 39.131783], [-119.805861, 39.131556], [-119.806123, 39.130887], [-119.806192, 39.130739], [-119.806237, 39.13068], [-119.806317, 39.130602], [-119.806468, 39.130498], [-119.806606, 39.130395], [-119.806674, 39.130366], [-119.806735, 39.130354], [-119.806886, 39.130353], [-119.806924, 39.130346], [-119.806956, 39.130323], [-119.806986, 39.13029], [-119.807014, 39.130219], [-119.807052, 39.1301], [-119.80706, 39.130062], [-119.807063, 39.13001], [-119.807057, 39.129898], [-119.807017, 39.129767], [-119.806976, 39.129674], [-119.806878, 39.129538], [-119.806784, 39.129437], [-119.806691, 39.129345], [-119.806611, 39.129267], [-119.806553, 39.129199], [-119.806397, 39.128974], [-119.806349, 39.128913], [-119.806275, 39.128767], [-119.806285, 39.128662], [-119.806314, 39.128592], [-119.80642, 39.128396], [-119.806441, 39.128319], [-119.806439, 39.128257], [-119.806415, 39.128192], [-119.80629, 39.128095], [-119.805918, 39.127838], [-119.80584, 39.127769], [-119.805531, 39.127538], [-119.805394, 39.127442], [-119.805177, 39.127226], [-119.805001, 39.127003], [-119.804832, 39.126735], [-119.804777, 39.126639], [-119.804692, 39.126526], [-119.804558, 39.126302], [-119.804512, 39.126235], [-119.8045, 39.126217], [-119.804336, 39.126065], [-119.804103, 39.125925], [-119.803986, 39.125877], [-119.803879, 39.125844], [-119.803755, 39.12582], [-119.803618, 39.125813], [-119.803512, 39.125814], [-119.803375, 39.125834], [-119.803253, 39.125861], [-119.802965, 39.125872], [-119.802785, 39.125866], [-119.802648, 39.125868], [-119.802525, 39.125853], [-119.802367, 39.125819], [-119.802066, 39.125746], [-119.801704, 39.125714], [-119.801574, 39.125692], [-119.801457, 39.125659], [-119.801037, 39.125474], [-119.800609, 39.125253], [-119.800433, 39.125125], [-119.800295, 39.12501], [-119.800214, 39.124935], [-119.80008, 39.124908], [-119.79991, 39.124887], [-119.799759, 39.124875], [-119.799627, 39.12486], [-119.799512, 39.124834], [-119.799352, 39.124789], [-119.798982, 39.124627], [-119.798676, 39.124622], [-119.798229, 39.124606], [-119.798005, 39.124541], [-119.797762, 39.124486], [-119.79743, 39.124523], [-119.796635, 39.124594], [-119.796433, 39.124607], [-119.796216, 39.12459], [-119.796087, 39.124554], [-119.795895, 39.124511], [-119.795491, 39.124358], [-119.794737, 39.124402], [-119.794458, 39.12438], [-119.794216, 39.12434], [-119.793552, 39.124392], [-119.793211, 39.124531], [-119.792726, 39.124702], [-119.792302, 39.124723], [-119.791429, 39.124712], [-119.790478, 39.124843], [-119.790295, 39.124859], [-119.789889, 39.125131], [-119.789746, 39.12518], [-119.789331, 39.125249], [-119.788184, 39.125663], [-119.787722, 39.125775], [-119.786995, 39.125918], [-119.786426, 39.126036], [-119.785376, 39.126132], [-119.78499, 39.126165], [-119.784302, 39.126223], [-119.783975, 39.126266], [-119.783496, 39.126336], [-119.782835, 39.126471], [-119.782427, 39.126562], [-119.782186, 39.126616], [-119.781344, 39.126826], [-119.780937, 39.126941], [-119.780294, 39.127151], [-119.779829, 39.127369], [-119.778946, 39.127852], [-119.778369, 39.128151], [-119.777791, 39.128435], [-119.776656, 39.129031], [-119.776379, 39.12919], [-119.776013, 39.12938], [-119.775771, 39.129496], [-119.775568, 39.129606], [-119.775108, 39.129808]]}, "props": {"MTFCC": "S1500", "NAME": null}}, {"geom": {"type": "LineString", "coordinates": [[-119.784478, 39.12421], [-119.784624, 39.124396], [-119.784901, 39.124438], [-119.784991, 39.125679]]}, "props": {"MTFCC": "S1400", "NAME": null}}, {"geom": {"type": "LineString", "coordinates": [[-119.714607, 39.186314], [-119.714592, 39.186481], [-119.714592, 39.187611], [-119.714577, 39.187771], [-119.714584, 39.187817], [-119.714577, 39.18792], [-119.714577, 39.188026], [-119.714577, 39.188204], [-119.714577, 39.188236], [-119.714569, 39.188278], [-119.714569, 39.188625], [-119.714561, 39.188713], [-119.714569, 39.188988], [-119.714561, 39.189194], [-119.714568, 39.189903], [-119.714569, 39.190014], [-119.714548, 39.193398]]}, "props": {"MTFCC": "S1400", "NAME": null}}, {"geom": {"type": "LineString", "coordinates": [[-119.754648, 39.178644], [-119.754631, 39.178665], [-119.754578, 39.178715], [-119.754463, 39.178776], [-119.754356, 39.178806], [-119.754105, 39.178814], [-119.753807, 39.178814]]}, "props": {"MTFCC": "S1400", "NAME": null}}, {"geom": {"type": "LineString", "coordinates": [[-119.749237, 39.176708], [-119.749542, 39.176712]]}, "props": {"MTFCC": "S1400", "NAME": null}}, {"geom": {"type": "LineString", "coordinates": [[-119.73848, 39.18858], [-119.738449, 39.18858], [-119.738419, 39.188591], [-119.738411, 39.188686], [-119.738411, 39.18882], [-119.738411, 39.189297], [-119.738411, 39.189686], [-119.73838, 39.1898]]}, "props": {"MTFCC": "S1400", "NAME": null}}, {"geom": {"type": "LineString", "coordinates": [[-119.741276, 39.178855], [-119.73967, 39.17886], [-119.739563, 39.178864], [-119.739563, 39.178398]]}, "props": {"MTFCC": "S1400", "NAME": null}}, {"geom": {"type": "LineString", "coordinates": [[-119.861733, 39.181301], [-119.86195, 39.180943], [-119.862016, 39.18051], [-119.86212, 39.180105], [-119.862039, 39.179759], [-119.861897, 39.179661]]}, "props": {"MTFCC": "S1500", "NAME": null}}, {"geom": {"type": "LineString", "coordinates": [[-119.804543, 39.159637], [-119.804636, 39.159665], [-119.804834, 39.159863], [-119.804942, 39.160071], [-119.804931, 39.160522], [-119.804879, 39.161059], [-119.804718, 39.161267], [-119.804485, 39.161416], [-119.803754, 39.161603], [-119.803541, 39.161647]]}, "props": {"MTFCC": "S1400", "NAME": null}}, {"geom": {"type": "LineString", "coordinates": [[-119.734589, 39.172416], [-119.735272, 39.172409], [-119.735435, 39.172417], [-119.735682, 39.172493], [-119.736196, 39.172623], [-119.736301, 39.172684], [-119.736365, 39.172787], [-119.736353, 39.173122]]}, "props": {"MTFCC": "S1400", "NAME": null}}, {"geom": {"type": "LineString", "coordinates": [[-119.762301, 39.183084], [-119.761767, 39.183084], [-119.761706, 39.183096], [-119.761637, 39.183157], [-119.761607, 39.183218], [-119.761584, 39.183321], [-119.761584, 39.184206], [-119.761576, 39.184294], [-119.761584, 39.184355], [-119.761599, 39.184389], [-119.761683, 39.184435], [-119.761782, 39.184446], [-119.762301, 39.184446]]}, "props": {"MTFCC": "S1400", "NAME": null}}, {"geom": {"type": "LineString", "coordinates": [[-119.726677, 39.18639], [-119.726669, 39.186882], [-119.726669, 39.189045]]}, "props": {"MTFCC": "S1400", "NAME": null}}, {"geom": {"type": "LineString", "coordinates": [[-119.730825, 39.179727], [-119.730818, 39.17928], [-119.730806, 39.178808], [-119.730799, 39.178347]]}, "props": {"MTFCC": "S1740", "NAME": null}}, {"geom": {"type": "LineString", "coordinates": [[-119.72888, 39.179915], [-119.72888, 39.179739], [-119.728879, 39.17857], [-119.729544, 39.178285]]}, "props": {"MTFCC": "S1740", "NAME": null}}, {"geom": {"type": "LineString", "coordinates": [[-119.771291, 39.140096], [-119.771349, 39.140095], [-119.771414, 39.140094], [-119.771491, 39.140097], [-119.771582, 39.140102], [-119.771677, 39.140106], [-119.771767, 39.140109], [-119.771859, 39.14011], [-119.77194, 39.140111], [-119.772004, 39.140112], [-119.772081, 39.140117]]}, "props": {"MTFCC": "S1750", "NAME": null}}, {"geom": {"type": "LineString", "coordinates": [[-119.770803, 39.22391], [-119.770379, 39.223655], [-119.769992, 39.223607], [-119.769083, 39.223692], [-119.768696, 39.223849], [-119.766631, 39.224246]]}, "props": {"MTFCC": "S1400", "NAME": null}}, {"geom": {"type": "LineString", "coordinates": [[-119.759605, 39.154106], [-119.759604, 39.154209], [-119.759601, 39.155259]]}, "props": {"MTFCC": "S1400", "NAME": null}}, {"geom": {"type": "LineString", "coordinates": [[-119.755348, 39.154316], [-119.755825, 39.154223]]}, "props": {"MTFCC": "S1400", "NAME": null}}, {"geom": {"type": "LineString", "coordinates": [[-119.724075, 39.167], [-119.724636, 39.167009], [-119.727195, 39.167734], [-119.729275, 39.1677], [-119.729354, 39.167702], [-119.730614, 39.167699], [-119.731171, 39.167698], [-119.731468, 39.167679], [-119.731712, 39.167618], [-119.731804, 39.167591], [-119.732063, 39.16748], [-119.732216, 39.167389], [-119.73233, 39.167297], [-119.732346, 39.167274], [-119.732368, 39.167259], [-119.732506, 39.167088], [-119.732552, 39.167007], [-119.732574, 39.166979], [-119.732584, 39.166962], [-119.732658, 39.166733], [-119.732666, 39.166557], [-119.732658, 39.165901], [-119.732658, 39.165119], [-119.732666, 39.164745], [-119.732658, 39.164616], [-119.732681, 39.164043], [-119.732697, 39.163933], [-119.732758, 39.163746], [-119.732823, 39.163581], [-119.732948, 39.163265], [-119.733398, 39.162216], [-119.733536, 39.161957], [-119.73365, 39.161846]]}, "props": {"MTFCC": "S1400", "NAME": null}}, {"geom": {"type": "LineString", "coordinates": [[-119.795239, 39.163974], [-119.795344, 39.164038], [-119.795428, 39.164071], [-119.795542, 39.164082], [-119.795629, 39.164081], [-119.795742, 39.164063], [-119.79584, 39.164017], [-119.795927, 39.163953]]}, "props": {"MTFCC": "S1400", "NAME": null}}, {"geom": {"type": "LineString", "coordinates": [[-119.795268, 39.162653], [-119.794534, 39.162968]]}, "props": {"MTFCC": "S1400", "NAME": null}}, {"geom": {"type": "LineString", "coordinates": [[-119.796717, 39.163748], [-119.79675, 39.163659], [-119.796768, 39.163486], [-119.796766, 39.163446]]}, "props": {"MTFCC": "S1400", "NAME": null}}, {"geom": {"type": "LineString", "coordinates": [[-119.767836, 39.190015], [-119.76784, 39.190362]]}, "props": {"MTFCC": "S1400", "NAME": null}}, {"geom": {"type": "LineString", "coordinates": [[-119.766342, 39.196236], [-119.766777, 39.196232]]}, "props": {"MTFCC": "S1400", "NAME": null}}, {"geom": {"type": "LineString", "coordinates": [[-119.574668, 39.184682], [-119.574212, 39.184596], [-119.57397, 39.184753], [-119.573686, 39.18498], [-119.573597, 39.184998], [-119.573242, 39.184914], [-119.573061, 39.184709], [-119.572374, 39.184646], [-119.571733, 39.184772], [-119.571444, 39.184706], [-119.571242, 39.184518], [-119.570771, 39.184125], [-119.570525, 39.183989], [-119.570148, 39.18394], [-119.569774, 39.184133], [-119.569331, 39.184189], [-119.568934, 39.184278], [-119.568557, 39.184299], [-119.568157, 39.184164], [-119.567822, 39.184029], [-119.56762, 39.183807], [-119.567261, 39.183482], [-119.567125, 39.183311], [-119.566443, 39.182834], [-119.566152, 39.182612], [-119.565797, 39.182615], [-119.565557, 39.182824], [-119.565471, 39.183066], [-119.565521, 39.183479], [-119.565592, 39.183772], [-119.565751, 39.184064], [-119.565955, 39.18439], [-119.566204, 39.184733], [-119.566855, 39.1854], [-119.566925, 39.185589], [-119.566819, 39.185935], [-119.566534, 39.186178], [-119.56627, 39.186319], [-119.566074, 39.186562], [-119.565854, 39.186719], [-119.565593, 39.187031], [-119.565463, 39.187239], [-119.565533, 39.187532], [-119.565429, 39.187964], [-119.565212, 39.188293], [-119.565038, 39.188536], [-119.564909, 39.188831], [-119.564913, 39.189158], [-119.56505, 39.189398], [-119.565273, 39.189535], [-119.56545, 39.189481], [-119.565584, 39.189549], [-119.565607, 39.18967], [-119.565678, 39.189945], [-119.565858, 39.190133], [-119.565983, 39.190391], [-119.566274, 39.190595], [-119.566056, 39.190839], [-119.565638, 39.191049], [-119.565398, 39.19131], [-119.565114, 39.191657], [-119.564701, 39.191848], [-119.564364, 39.19187], [-119.564073, 39.1917], [-119.563848, 39.191461], [-119.56338, 39.191241], [-119.563024, 39.191123], [-119.562067, 39.190855], [-119.561666, 39.19072], [-119.561022, 39.190571], [-119.56084, 39.190279], [-119.560593, 39.190022], [-119.560566, 39.189678], [-119.560652, 39.189453], [-119.560601, 39.189065]]}, "props": {"MTFCC": "S1500", "NAME": null}}, {"geom": {"type": "LineString", "coordinates": [[-119.559789, 39.190374], [-119.559766, 39.19058]]}, "props": {"MTFCC": "S1500", "NAME": null}}, {"geom": {"type": "LineString", "coordinates": [[-119.943414, 39.128621], [-119.943174, 39.128762], [-119.943074, 39.128821], [-119.942692, 39.129237], [-119.94257, 39.128863], [-119.942263, 39.128384], [-119.941759, 39.128443], [-119.941424, 39.128876], [-119.941272, 39.129342], [-119.941258, 39.129789], [-119.941266, 39.130254], [-119.9413, 39.130789], [-119.94117, 39.131184], [-119.940672, 39.131547], [-119.94039, 39.131193], [-119.940151, 39.130714], [-119.939728, 39.1302], [-119.939534, 39.129631], [-119.939341, 39.129151], [-119.939172, 39.128688], [-119.93914, 39.128224], [-119.93904, 39.127778], [-119.938664, 39.127318], [-119.938044, 39.127325], [-119.937475, 39.127528], [-119.93778, 39.127918], [-119.938087, 39.128378]]}, "props": {"MTFCC": "S1500", "NAME": null}}, {"geom": {"type": "LineString", "coordinates": [[-119.767737, 39.192299], [-119.767746, 39.192982]]}, "props": {"MTFCC": "S1400", "NAME": null}}, {"geom": {"type": "LineString", "coordinates": [[-119.769135, 39.192986], [-119.769135, 39.193588]]}, "props": {"MTFCC": "S1400", "NAME": null}}, {"geom": {"type": "LineString", "coordinates": [[-119.770436, 39.118183], [-119.771358, 39.118167]]}, "props": {"MTFCC": "S1400", "NAME": null}}, {"geom": {"type": "LineString", "coordinates": [[-119.758726, 39.116961], [-119.759291, 39.117168], [-119.759495, 39.117224], [-119.759997, 39.117198], [-119.760252, 39.117259]]}, "props": {"MTFCC": "S1400", "NAME": null}}, {"geom": {"type": "LineString", "coordinates": [[-119.759251, 39.116281], [-119.759517, 39.116333], [-119.759771, 39.116399], [-119.760262, 39.116493]]}, "props": {"MTFCC": "S1400", "NAME": null}}, {"geom": {"type": "LineString", "coordinates": [[-119.75981, 39.109163], [-119.759818, 39.108764], [-119.759818, 39.108704], [-119.759818, 39.108198]]}, "props": {"MTFCC": "S1400", "NAME": null}}, {"geom": {"type": "LineString", "coordinates": [[-119.751883, 39.101689], [-119.752083, 39.1017], [-119.752144, 39.101719], [-119.752228, 39.101734], [-119.753425, 39.102044], [-119.75362, 39.102095], [-119.754181, 39.102245], [-119.754951, 39.102444], [-119.755539, 39.102589], [-119.755707, 39.102612], [-119.756462, 39.10265], [-119.756592, 39.102673], [-119.7567, 39.10272], [-119.756767, 39.102798], [-119.756897, 39.103031], [-119.756973, 39.103111], [-119.757072, 39.103168], [-119.757187, 39.103191], [-119.757767, 39.103191], [-119.759026, 39.103172], [-119.760756, 39.103159], [-119.761213, 39.103155]]}, "props": {"MTFCC": "S1400", "NAME": null}}, {"geom": {"type": "LineString", "coordinates": [[-119.76235, 39.117059], [-119.762428, 39.116935], [-119.762498, 39.116768]]}, "props": {"MTFCC": "S1400", "NAME": null}}, {"geom": {"type": "LineString", "coordinates": [[-119.757362, 39.147877], [-119.757347, 39.147686], [-119.757355, 39.147373], [-119.757355, 39.146683], [-119.757347, 39.146538]]}, "props": {"MTFCC": "S1400", "NAME": null}}, {"geom": {"type": "LineString", "coordinates": [[-119.754654, 39.147888], [-119.754623, 39.147846], [-119.754616, 39.147758], [-119.754616, 39.146671], [-119.754623, 39.146534]]}, "props": {"MTFCC": "S1400", "NAME": null}}, {"geom": {"type": "LineString", "coordinates": [[-119.763955, 39.185729], [-119.763936, 39.185537]]}, "props": {"MTFCC": "S1400", "NAME": null}}, {"geom": {"type": "LineString", "coordinates": [[-119.753925, 39.182282], [-119.753905, 39.183737]]}, "props": {"MTFCC": "S1400", "NAME": null}}, {"geom": {"type": "LineString", "coordinates": [[-119.716967, 39.186314], [-119.716973, 39.185617]]}, "props": {"MTFCC": "S1400", "NAME": null}}, {"geom": {"type": "LineString", "coordinates": [[-119.717461, 39.186329], [-119.717321, 39.184298], [-119.717309, 39.18412]]}, "props": {"MTFCC": "S1400", "NAME": null}}, {"geom": {"type": "LineString", "coordinates": [[-119.765388, 39.17551], [-119.764267, 39.175503], [-119.764023, 39.175507], [-119.76268, 39.175499]]}, "props": {"MTFCC": "S1400", "NAME": null}}, {"geom": {"type": "LineString", "coordinates": [[-119.765945, 39.18227], [-119.765451, 39.182209], [-119.765175, 39.18219], [-119.764748, 39.182167], [-119.764679, 39.182167], [-119.764618, 39.182159], [-119.763497, 39.182166], [-119.762927, 39.182173], [-119.762746, 39.182169]]}, "props": {"MTFCC": "S1400", "NAME": null}}, {"geom": {"type": "LineString", "coordinates": [[-119.729274, 39.101169], [-119.728819, 39.101262], [-119.728522, 39.101295], [-119.728236, 39.101327], [-119.727285, 39.101347], [-119.726189, 39.101329]]}, "props": {"MTFCC": "S1400", "NAME": null}}, {"geom": {"type": "LineString", "coordinates": [[-119.746132, 39.173283], [-119.746208, 39.173447], [-119.746254, 39.173595], [-119.746269, 39.173786], [-119.746269, 39.174294], [-119.746284, 39.174358], [-119.746284, 39.174454], [-119.746307, 39.174557], [-119.746376, 39.174694], [-119.746582, 39.175205], [-119.746605, 39.175236], [-119.746681, 39.175426]]}, "props": {"MTFCC": "S1400", "NAME": null}}, {"geom": {"type": "LineString", "coordinates": [[-119.750977, 39.170885], [-119.749127, 39.170859], [-119.748714, 39.167229]]}, "props": {"MTFCC": "S1400", "NAME": null}}, {"geom": {"type": "LineString", "coordinates": [[-119.729544, 39.178812], [-119.73055, 39.178809]]}, "props": {"MTFCC": "S1400", "NAME": null}}, {"geom": {"type": "LineString", "coordinates": [[-119.740837, 39.182816], [-119.740837, 39.186163], [-119.740837, 39.186429]]}, "props": {"MTFCC": "S1400", "NAME": null}}, {"geom": {"type": "LineString", "coordinates": [[-119.741051, 39.179173], [-119.741052, 39.180072], [-119.741052, 39.180464], [-119.741052, 39.180667], [-119.741043, 39.182819]]}, "props": {"MTFCC": "S1400", "NAME": null}}, {"geom": {"type": "LineString", "coordinates": [[-119.733851, 39.186442], [-119.733809, 39.185577]]}, "props": {"MTFCC": "S1400", "NAME": null}}, {"geom": {"type": "LineString", "coordinates": [[-119.733261, 39.179619], [-119.7323, 39.179619], [-119.731598, 39.179619], [-119.731537, 39.1796], [-119.731453, 39.179607], [-119.731392, 39.17963], [-119.731354, 39.179657]]}, "props": {"MTFCC": "S1400", "NAME": null}}, {"geom": {"type": "LineString", "coordinates": [[-119.728065, 39.174252], [-119.728165, 39.174305], [-119.728241, 39.174316], [-119.729538, 39.174324], [-119.730263, 39.174332], [-119.730354, 39.174328], [-119.730461, 39.174355]]}, "props": {"MTFCC": "S1400", "NAME": null}}, {"geom": {"type": "LineString", "coordinates": [[-119.74129, 39.178394], [-119.741276, 39.178855]]}, "props": {"MTFCC": "S1400", "NAME": null}}, {"geom": {"type": "LineString", "coordinates": [[-119.731804, 39.17226], [-119.732697, 39.17226], [-119.733574, 39.172264], [-119.734589, 39.172268]]}, "props": {"MTFCC": "S1400", "NAME": null}}, {"geom": {"type": "LineString", "coordinates": [[-119.733574, 39.172264], [-119.733582, 39.172409], [-119.733551, 39.17268], [-119.733482, 39.172928], [-119.733376, 39.173153], [-119.733231, 39.173367], [-119.733002, 39.173618], [-119.732803, 39.173782], [-119.732666, 39.173885], [-119.732521, 39.174023], [-119.732376, 39.174202], [-119.732277, 39.174389], [-119.732224, 39.174557], [-119.732193, 39.174843], [-119.732193, 39.175068]]}, "props": {"MTFCC": "S1400", "NAME": null}}, {"geom": {"type": "LineString", "coordinates": [[-119.721756, 39.186357], [-119.721759, 39.185928], [-119.721907, 39.1857]]}, "props": {"MTFCC": "S1400", "NAME": null}}, {"geom": {"type": "LineString", "coordinates": [[-119.720825, 39.160789], [-119.720871, 39.161129], [-119.720871, 39.161194], [-119.720848, 39.161308], [-119.72081, 39.161407], [-119.720528, 39.161976]]}, "props": {"MTFCC": "S1400", "NAME": null}}, {"geom": {"type": "LineString", "coordinates": [[-119.71788, 39.160398], [-119.717877, 39.160259], [-119.717864, 39.16015], [-119.717819, 39.160017], [-119.717749, 39.159897], [-119.717259, 39.159245], [-119.717031, 39.158928]]}, "props": {"MTFCC": "S1400", "NAME": null}}, {"geom": {"type": "LineString", "coordinates": [[-119.718586, 39.160406], [-119.718561, 39.159717], [-119.718553, 39.158623], [-119.718561, 39.158407], [-119.718532, 39.158114], [-119.718479, 39.158044], [-119.718459, 39.157273], [-119.718494, 39.15715], [-119.718589, 39.157046], [-119.718762, 39.156972], [-119.718947, 39.156923], [-119.719121, 39.156902], [-119.719353, 39.156889], [-119.719425, 39.15688], [-119.719545, 39.156865], [-119.719694, 39.156824], [-119.719842, 39.156684], [-119.720573, 39.155971], [-119.720903, 39.155629], [-119.721018, 39.155481], [-119.721119, 39.155333], [-119.721277, 39.155184], [-119.721476, 39.15511], [-119.721691, 39.155047], [-119.72197, 39.155005], [-119.722452, 39.154886], [-119.722861, 39.15476], [-119.723163, 39.15469], [-119.723446, 39.154595], [-119.723792, 39.154407], [-119.724505, 39.153994], [-119.724553, 39.153966], [-119.724756, 39.153831], [-119.724873, 39.153706], [-119.725085, 39.153447], [-119.725367, 39.153119], [-119.725454, 39.152969], [-119.725517, 39.15286], [-119.725571, 39.152709], [-119.725595, 39.152457], [-119.725573, 39.152035], [-119.725562, 39.151793], [-119.725586, 39.15154], [-119.725661, 39.151242], [-119.72575, 39.151091], [-119.725868, 39.151006], [-119.726006, 39.150945]]}, "props": {"MTFCC": "S1400", "NAME": null}}, {"geom": {"type": "LineString", "coordinates": [[-119.712044, 39.189163], [-119.711761, 39.189499], [-119.711716, 39.189522], [-119.711609, 39.189533], [-119.710579, 39.189533], [-119.710503, 39.189518], [-119.710484, 39.189507], [-119.710442, 39.189468], [-119.710433, 39.189449], [-119.710419, 39.189434], [-119.710419, 39.188953], [-119.710457, 39.188904], [-119.71051, 39.188873], [-119.711403, 39.188599]]}, "props": {"MTFCC": "S1400", "NAME": null}}, {"geom": {"type": "LineString", "coordinates": [[-119.746078, 39.175579], [-119.746124, 39.175739], [-119.746162, 39.175915], [-119.746162, 39.176296], [-119.746162, 39.177269], [-119.746162, 39.177563], [-119.746178, 39.177662], [-119.746201, 39.177715], [-119.746223, 39.177799], [-119.746323, 39.177971], [-119.746391, 39.178078], [-119.746681, 39.178482], [-119.746712, 39.17852], [-119.74678, 39.178619], [-119.746887, 39.178757], [-119.746994, 39.17881], [-119.747108, 39.178837], [-119.74839, 39.178833], [-119.751678, 39.178833], [-119.751999, 39.178829], [-119.75209, 39.178837], [-119.75222, 39.178902]]}, "props": {"MTFCC": "S1400", "NAME": null}}, {"geom": {"type": "LineString", "coordinates": [[-119.741348, 39.122949], [-119.741354, 39.122099], [-119.74135, 39.121142], [-119.741355, 39.120659], [-119.741359, 39.120248], [-119.741348, 39.119321]]}, "props": {"MTFCC": "S1400", "NAME": null}}, {"geom": {"type": "LineString", "coordinates": [[-119.774072, 39.118077], [-119.77411, 39.118012], [-119.774118, 39.117982], [-119.774056, 39.117795]]}, "props": {"MTFCC": "S1740", "NAME": null}}, {"geom": {"type": "LineString", "coordinates": [[-119.776747, 39.190998], [-119.776618, 39.191016], [-119.776521, 39.191062], [-119.77641, 39.191125], [-119.776334, 39.191226], [-119.776324, 39.191302], [-119.776326, 39.191378], [-119.776345, 39.191451], [-119.776379, 39.191515], [-119.776459, 39.19159], [-119.776532, 39.191637], [-119.776609, 39.191665], [-119.776769, 39.191687]]}, "props": {"MTFCC": "S1400", "NAME": null}}, {"geom": {"type": "LineString", "coordinates": [[-119.611839, 39.160097], [-119.611128, 39.160219], [-119.610777, 39.160429], [-119.61058, 39.160603], [-119.61025, 39.160796], [-119.609877, 39.160989], [-119.609547, 39.161181], [-119.609529, 39.161475], [-119.609534, 39.16182], [-119.609583, 39.162112], [-119.609631, 39.162353], [-119.609637, 39.162802], [-119.609559, 39.163492], [-119.609475, 39.163855], [-119.609347, 39.164149], [-119.609175, 39.164513], [-119.609002, 39.16479], [-119.608983, 39.165067], [-119.608812, 39.165482], [-119.608729, 39.165862], [-119.608592, 39.166363], [-119.608219, 39.166591], [-119.607844, 39.166698], [-119.60756, 39.166942], [-119.607319, 39.167168], [-119.60721, 39.167307], [-119.607081, 39.167567], [-119.606996, 39.167791], [-119.606776, 39.167931], [-119.606555, 39.167968], [-119.606292, 39.16816], [-119.606008, 39.168438], [-119.605789, 39.168595], [-119.605482, 39.168805], [-119.605065, 39.16905], [-119.604889, 39.16919], [-119.604759, 39.16938], [-119.604541, 39.169607], [-119.604366, 39.169729], [-119.604169, 39.169955], [-119.603798, 39.170337], [-119.603513, 39.17053], [-119.603117, 39.170723], [-119.602853, 39.170828], [-119.602611, 39.170934], [-119.602258, 39.171075], [-119.601861, 39.171165], [-119.60153, 39.171288], [-119.601245, 39.171463], [-119.601226, 39.17167], [-119.601271, 39.171739], [-119.601451, 39.171927], [-119.601586, 39.172098], [-119.601811, 39.173114], [-119.601791, 39.173218], [-119.601619, 39.173581], [-119.601334, 39.173842], [-119.601073, 39.174155], [-119.600923, 39.174536], [-119.600951, 39.17488], [-119.601195, 39.174947], [-119.601482, 39.174893], [-119.601749, 39.174925], [-119.601906, 39.175096], [-119.601914, 39.175614], [-119.601874, 39.175907], [-119.602032, 39.176095], [-119.602542, 39.176125], [-119.602807, 39.176089], [-119.603095, 39.176103], [-119.603409, 39.176325], [-119.603682, 39.176823], [-119.603619, 39.177065], [-119.603534, 39.177307], [-119.603382, 39.177584], [-119.60323, 39.177775], [-119.603078, 39.177949], [-119.602969, 39.178122], [-119.602666, 39.178573], [-119.602403, 39.1788], [-119.602141, 39.179061], [-119.601924, 39.179373], [-119.601817, 39.179633], [-119.601709, 39.179858], [-119.601703, 39.18022], [-119.601751, 39.180461], [-119.601954, 39.180701], [-119.602156, 39.180906], [-119.602403, 39.181076], [-119.602804, 39.181279], [-119.603097, 39.18157], [-119.603234, 39.181845], [-119.603548, 39.182118], [-119.603797, 39.182512], [-119.604046, 39.182872], [-119.60394, 39.183184], [-119.604234, 39.183612], [-119.604616, 39.183954], [-119.605086, 39.184329], [-119.605199, 39.184483], [-119.605181, 39.184759], [-119.604427, 39.184714], [-119.604117, 39.1847], [-119.603651, 39.184687], [-119.603409, 39.184775], [-119.603189, 39.184915], [-119.602925, 39.185038], [-119.602621, 39.185489], [-119.602516, 39.185886], [-119.602499, 39.186197], [-119.602369, 39.18644], [-119.60215, 39.186631], [-119.601864, 39.186754], [-119.601577, 39.186809], [-119.601331, 39.186673], [-119.601062, 39.186485], [-119.600999, 39.186676], [-119.600958, 39.186918], [-119.600697, 39.187282], [-119.600663, 39.187179], [-119.6006, 39.187421], [-119.600427, 39.187715], [-119.600298, 39.18801], [-119.600013, 39.188254], [-119.599861, 39.188445], [-119.599642, 39.188602], [-119.599246, 39.188847], [-119.599005, 39.189021], [-119.598587, 39.189266], [-119.598169, 39.189442], [-119.597925, 39.189444], [-119.597593, 39.189482], [-119.597239, 39.189502], [-119.59684, 39.189488], [-119.596374, 39.189458], [-119.595975, 39.189461], [-119.595821, 39.189497], [-119.595621, 39.189465], [-119.595553, 39.189379], [-119.595378, 39.189518], [-119.595203, 39.18971], [-119.595184, 39.189934], [-119.594872, 39.189799], [-119.59467, 39.189628], [-119.594584, 39.189662], [-119.594538, 39.189681], [-119.59454, 39.189836], [-119.594501, 39.190181], [-119.594373, 39.19051], [-119.594311, 39.190856], [-119.594271, 39.191149], [-119.594275, 39.191442], [-119.594168, 39.191719], [-119.594106, 39.191978], [-119.593924, 39.192091]]}, "props": {"MTFCC": "S1500", "NAME": null}}, {"geom": {"type": "LineString", "coordinates": [[-119.636224, 39.167287], [-119.635584, 39.167191], [-119.635264, 39.167367], [-119.6348, 39.168263], [-119.634576, 39.168487], [-119.634368, 39.168503], [-119.633248, 39.168471], [-119.633008, 39.168487], [-119.63256, 39.169015], [-119.63232, 39.169143], [-119.632176, 39.169255], [-119.631952, 39.169911], [-119.631632, 39.170487], [-119.631088, 39.171223], [-119.630592, 39.172327]]}, "props": {"MTFCC": "S1400", "NAME": null}}, {"geom": {"type": "LineString", "coordinates": [[-119.769127, 39.196922], [-119.769119, 39.196766], [-119.769119, 39.196621], [-119.769112, 39.196556], [-119.769043, 39.196434], [-119.769012, 39.19632], [-119.769012, 39.196091], [-119.769035, 39.195885], [-119.769073, 39.195782], [-119.769127, 39.195225], [-119.769119, 39.195087]]}, "props": {"MTFCC": "S1400", "NAME": null}}, {"geom": {"type": "LineString", "coordinates": [[-119.785152, 39.198509], [-119.785093, 39.19851], [-119.784997, 39.198504], [-119.784882, 39.198493], [-119.784816, 39.198485], [-119.784744, 39.198476], [-119.784591, 39.198457], [-119.784509, 39.198449], [-119.784425, 39.198442], [-119.784251, 39.198427], [-119.784074, 39.19841], [-119.783984, 39.1984], [-119.783892, 39.198392], [-119.783798, 39.198384], [-119.783706, 39.198375], [-119.783616, 39.198366], [-119.783529, 39.198356], [-119.783446, 39.198345], [-119.783365, 39.198333], [-119.783288, 39.198322], [-119.783214, 39.198309], [-119.783138, 39.198299], [-119.782974, 39.198279], [-119.782784, 39.198256], [-119.782579, 39.19823], [-119.782478, 39.198217], [-119.782376, 39.198207], [-119.782278, 39.198197], [-119.782093, 39.198174], [-119.782005, 39.198163], [-119.781848, 39.198151], [-119.781781, 39.19816], [-119.781583, 39.198623]]}, "props": {"MTFCC": "S1400", "NAME": null}}, {"geom": {"type": "LineString", "coordinates": [[-119.779717, 39.113929], [-119.779712, 39.114822]]}, "props": {"MTFCC": "S1400", "NAME": null}}, {"geom": {"type": "LineString", "coordinates": [[-119.743798, 39.176415], [-119.743703, 39.176062], [-119.7437, 39.176051]]}, "props": {"MTFCC": "S1400", "NAME": null}}, {"geom": {"type": "LineString", "coordinates": [[-119.75188, 39.098748], [-119.750881, 39.102063], [-119.750539, 39.103128], [-119.75027, 39.103992], [-119.749759, 39.10576], [-119.749661, 39.106041], [-119.749614, 39.106282], [-119.749619, 39.106583], [-119.749681, 39.106874], [-119.749699, 39.106987], [-119.749751, 39.107249], [-119.749768, 39.107284], [-119.74984, 39.107475], [-119.750168, 39.108131], [-119.750422, 39.108607], [-119.75049, 39.108734], [-119.750984, 39.109684], [-119.751523, 39.1107], [-119.751582, 39.11081], [-119.751968, 39.111557], [-119.752304, 39.112179], [-119.7534, 39.114275], [-119.754341, 39.11605], [-119.754501, 39.116371], [-119.754547, 39.116528], [-119.754555, 39.1166], [-119.754547, 39.11668], [-119.754524, 39.116726], [-119.7549, 39.117321], [-119.755581, 39.118563], [-119.755627, 39.118651], [-119.756009, 39.119388], [-119.756437, 39.120116], [-119.756569, 39.121167]]}, "props": {"MTFCC": "S1400", "NAME": null}}, {"geom": {"type": "LineString", "coordinates": [[-119.756172, 39.150783], [-119.755416, 39.15079], [-119.754808, 39.150789], [-119.754165, 39.150787], [-119.753877, 39.150797], [-119.753482, 39.150845], [-119.752396, 39.150978]]}, "props": {"MTFCC": "S1400", "NAME": null}}, {"geom": {"type": "LineString", "coordinates": [[-119.754182, 39.14991], [-119.754181, 39.15028], [-119.754181, 39.150392], [-119.754165, 39.150787], [-119.754176, 39.151295]]}, "props": {"MTFCC": "S1400", "NAME": null}}, {"geom": {"type": "LineString", "coordinates": [[-119.756424, 39.161308], [-119.756416, 39.160961], [-119.756416, 39.160347], [-119.756409, 39.159706], [-119.756409, 39.159374]]}, "props": {"MTFCC": "S1400", "NAME": null}}, {"geom": {"type": "LineString", "coordinates": [[-119.758507, 39.159698], [-119.756409, 39.159706], [-119.755772, 39.159708]]}, "props": {"MTFCC": "S1400", "NAME": null}}, {"geom": {"type": "LineString", "coordinates": [[-119.755782, 39.16035], [-119.756416, 39.160347], [-119.758494, 39.160344]]}, "props": {"MTFCC": "S1400", "NAME": null}}, {"geom": {"type": "LineString", "coordinates": [[-119.767397, 39.145166], [-119.767403, 39.145134]]}, "props": {"MTFCC": "S1400", "NAME": null}}, {"geom": {"type": "LineString", "coordinates": [[-119.781005, 39.183411], [-119.782765, 39.184029], [-119.783142, 39.184173], [-119.783543, 39.184304], [-119.783695, 39.184337], [-119.783932, 39.184351], [-119.785664, 39.184321], [-119.786501, 39.184347], [-119.787537, 39.184344], [-119.787781, 39.184308]]}, "props": {"MTFCC": "S1400", "NAME": null}}, {"geom": {"type": "LineString", "coordinates": [[-119.698195, 39.157168], [-119.698202, 39.155412]]}, "props": {"MTFCC": "S1400", "NAME": null}}, {"geom": {"type": "LineString", "coordinates": [[-119.705381, 39.118029], [-119.705488, 39.1187], [-119.705507, 39.11922], [-119.705439, 39.119485], [-119.705197, 39.119752], [-119.704768, 39.119988], [-119.703842, 39.120622], [-119.703547, 39.120793], [-119.703342, 39.120843], [-119.703034, 39.120886], [-119.7028, 39.121025], [-119.70268, 39.121218], [-119.702776, 39.121482], [-119.70331, 39.122093], [-119.703398, 39.122264], [-119.703379, 39.122527], [-119.703372, 39.122626], [-119.703363, 39.12275], [-119.703639, 39.123697], [-119.703741, 39.124229], [-119.703881, 39.124614], [-119.703862, 39.124914], [-119.703806, 39.125784], [-119.703699, 39.12662], [-119.703533, 39.127165], [-119.703332, 39.127755], [-119.703287, 39.127856], [-119.703189, 39.128072], [-119.702857, 39.129146], [-119.702816, 39.129472], [-119.702821, 39.130552], [-119.70284, 39.130754], [-119.702887, 39.131257], [-119.70292, 39.131533], [-119.702889, 39.13177], [-119.702792, 39.132119], [-119.702833, 39.132931], [-119.702943, 39.133534], [-119.702916, 39.133757], [-119.702818, 39.13397], [-119.702732, 39.134104], [-119.702717, 39.1343], [-119.702849, 39.134552], [-119.702924, 39.134828], [-119.702904, 39.135225], [-119.702844, 39.136079], [-119.702634, 39.136672], [-119.702553, 39.137284], [-119.703141, 39.138737], [-119.703313, 39.139008], [-119.70344, 39.139269], [-119.703425, 39.139779], [-119.703451, 39.14009], [-119.703548, 39.140381], [-119.703631, 39.140591], [-119.703924, 39.141084], [-119.704079, 39.141334], [-119.704491, 39.141769], [-119.704583, 39.141906], [-119.704587, 39.142027], [-119.704423, 39.142161], [-119.704157, 39.14226], [-119.70393, 39.14236], [-119.703578, 39.142547], [-119.703229, 39.142774], [-119.703178, 39.142807], [-119.702862, 39.143099], [-119.702779, 39.143225], [-119.702822, 39.143355], [-119.702911, 39.143467]]}, "props": {"MTFCC": "S1400", "NAME": null}}, {"geom": {"type": "LineString", "coordinates": [[-119.623796, 39.095549], [-119.623217, 39.095584], [-119.62302, 39.095586], [-119.622667, 39.09565], [-119.622195, 39.095746], [-119.621842, 39.095842], [-119.62141, 39.095907], [-119.620939, 39.096065], [-119.620428, 39.096131], [-119.619998, 39.096349], [-119.619526, 39.096446], [-119.619056, 39.096603], [-119.618663, 39.096699], [-119.618389, 39.096824], [-119.618036, 39.096919], [-119.61788, 39.097013], [-119.617644, 39.097046], [-119.617094, 39.097143], [-119.616741, 39.097269], [-119.616077, 39.097643], [-119.615644, 39.097677], [-119.615093, 39.097713], [-119.614421, 39.097596], [-119.613154, 39.097147], [-119.612836, 39.096996], [-119.612283, 39.096878], [-119.61178, 39.096779], [-119.61169, 39.096761], [-119.611217, 39.096703], [-119.610744, 39.096677], [-119.610073, 39.096621], [-119.609481, 39.096565], [-119.608734, 39.096633], [-119.608301, 39.096698], [-119.607962, 39.096723], [-119.606884, 39.096803], [-119.605745, 39.097028], [-119.605822, 39.096904], [-119.605547, 39.096999], [-119.605, 39.09728], [-119.604252, 39.097348], [-119.603348, 39.097479], [-119.602956, 39.097636], [-119.602737, 39.097638], [-119.602523, 39.097639], [-119.602128, 39.097612], [-119.601654, 39.097493], [-119.6011, 39.097314], [-119.600744, 39.097225], [-119.599991, 39.096955], [-119.599632, 39.096651], [-119.599073, 39.096104], [-119.598853, 39.095875], [-119.598633, 39.095647], [-119.598506, 39.095034], [-119.598302, 39.094545], [-119.5979, 39.093995], [-119.597341, 39.093448], [-119.597295, 39.093049], [-119.597648, 39.092923], [-119.597766, 39.092922], [-119.598475, 39.092854], [-119.598468, 39.092363], [-119.598262, 39.091782], [-119.597903, 39.091478], [-119.597548, 39.09145], [-119.596839, 39.091426], [-119.596364, 39.091307], [-119.596123, 39.091465], [-119.595935, 39.091587], [-119.595783, 39.091987], [-119.595708, 39.092234], [-119.595757, 39.092939], [-119.595846, 39.093614], [-119.595856, 39.09432], [-119.595789, 39.09515], [-119.595679, 39.095703], [-119.595606, 39.096134], [-119.595259, 39.096628], [-119.594443, 39.097433], [-119.593492, 39.097104], [-119.592264, 39.096623], [-119.591869, 39.096533]]}, "props": {"MTFCC": "S1500", "NAME": null}}, {"geom": {"type": "LineString", "coordinates": [[-119.649917, 39.086213], [-119.649846, 39.08627], [-119.64955, 39.086459], [-119.649257, 39.086764], [-119.649024, 39.087162], [-119.648845, 39.087391], [-119.648731, 39.087536], [-119.648468, 39.087888], [-119.648235, 39.088238], [-119.6478, 39.089126], [-119.647687, 39.089546], [-119.647574, 39.089919], [-119.647369, 39.090415], [-119.647343, 39.090479], [-119.647144, 39.091109], [-119.646752, 39.092487], [-119.646634, 39.092904], [-119.646643, 39.093508], [-119.646502, 39.094044], [-119.646506, 39.094347], [-119.646453, 39.094789], [-119.64634, 39.095232], [-119.646285, 39.095511], [-119.646112, 39.095932], [-119.645879, 39.096306], [-119.645646, 39.096657], [-119.645323, 39.097055], [-119.645148, 39.097308]]}, "props": {"MTFCC": "S1500", "NAME": null}}, {"geom": {"type": "LineString", "coordinates": [[-119.629881, 39.086005], [-119.629926, 39.08609], [-119.63049, 39.086454], [-119.631059, 39.086823], [-119.631815, 39.087321], [-119.631986, 39.087548], [-119.632559, 39.087934], [-119.633538, 39.088182], [-119.636824, 39.088604], [-119.638294, 39.088461], [-119.640804, 39.088613], [-119.643801, 39.08915], [-119.644895, 39.089487], [-119.647023, 39.090348], [-119.647369, 39.090415], [-119.64839, 39.090899], [-119.649711, 39.091658], [-119.650445, 39.092498], [-119.650689, 39.093574], [-119.650725, 39.093991]]}, "props": {"MTFCC": "S1400", "NAME": null}}, {"geom": {"type": "LineString", "coordinates": [[-119.645156, 39.097847], [-119.645559, 39.097594], [-119.647008, 39.097343], [-119.649044, 39.097161], [-119.651583, 39.097033], [-119.65214, 39.096973]]}, "props": {"MTFCC": "S1400", "NAME": null}}, {"geom": {"type": "LineString", "coordinates": [[-119.801992, 39.140516], [-119.800947, 39.139874]]}, "props": {"MTFCC": "S1400", "NAME": null}}, {"geom": {"type": "LineString", "coordinates": [[-119.731819, 39.169334], [-119.733253, 39.169338], [-119.73391, 39.169346], [-119.734474, 39.169342]]}, "props": {"MTFCC": "S1400", "NAME": null}}, {"geom": {"type": "LineString", "coordinates": [[-119.771431, 39.158936], [-119.772499, 39.158939], [-119.773384, 39.158943], [-119.774137, 39.158944], [-119.774876, 39.158949], [-119.775604, 39.158955], [-119.775879, 39.158951], [-119.776413, 39.158947], [-119.776512, 39.158936], [-119.776604, 39.158916], [-119.776756, 39.158855], [-119.777031, 39.158703], [-119.777107, 39.158657], [-119.777359, 39.158527], [-119.777496, 39.158493], [-119.777563, 39.158489]]}, "props": {"MTFCC": "S1400", "NAME": null}}, {"geom": {"type": "LineString", "coordinates": [[-119.711723, 39.185429], [-119.711502, 39.185108], [-119.711243, 39.184677], [-119.711159, 39.184563], [-119.711037, 39.184338], [-119.710838, 39.184032], [-119.710693, 39.183796], [-119.710625, 39.183662], [-119.710556, 39.183567], [-119.710487, 39.183533], [-119.710449, 39.183525], [-119.710274, 39.183552], [-119.710167, 39.183575], [-119.710149, 39.183587], [-119.710121, 39.183594], [-119.710075, 39.18362], [-119.710068, 39.18364], [-119.710037, 39.183674], [-119.710022, 39.183697], [-119.710022, 39.18375], [-119.710121, 39.183933], [-119.710214, 39.184081], [-119.710312, 39.184238], [-119.710899, 39.185207], [-119.71106, 39.185493], [-119.711166, 39.185658]]}, "props": {"MTFCC": "S1400", "NAME": null}}, {"geom": {"type": "LineString", "coordinates": [[-119.738047, 39.169639], [-119.737989, 39.169221], [-119.737946, 39.16858], [-119.737954, 39.168351], [-119.737963, 39.168144], [-119.73804, 39.16752], [-119.738083, 39.167238], [-119.738151, 39.16693], [-119.738322, 39.166324], [-119.73863, 39.165546], [-119.739057, 39.164495], [-119.739416, 39.163623], [-119.740138, 39.161846], [-119.7411, 39.15953], [-119.741449, 39.158627], [-119.741811, 39.157808], [-119.742243, 39.156707], [-119.742782, 39.155487], [-119.74386, 39.15282], [-119.744925, 39.150116], [-119.74509, 39.149724], [-119.74541, 39.148997], [-119.74596, 39.14766], [-119.746055, 39.147426], [-119.746142, 39.147193], [-119.746233, 39.146943], [-119.746297, 39.146765], [-119.746352, 39.146556], [-119.7464, 39.146381], [-119.746431, 39.146255], [-119.746451, 39.146172], [-119.746465, 39.146119], [-119.746491, 39.146021], [-119.746526, 39.145839], [-119.746554, 39.145673], [-119.746574, 39.145491], [-119.746586, 39.145317], [-119.74659, 39.145135], [-119.746601, 39.144751], [-119.7466, 39.144623], [-119.746585, 39.140928], [-119.746582, 39.14015], [-119.746611, 39.135483], [-119.746621, 39.133789], [-119.746632, 39.13201], [-119.74663, 39.128395], [-119.746631, 39.128242], [-119.746634, 39.128104], [-119.74664, 39.127988], [-119.746648, 39.127831], [-119.746659, 39.127709], [-119.746675, 39.127585], [-119.746695, 39.127455], [-119.746714, 39.127347], [-119.746739, 39.12722], [-119.746775, 39.127071], [-119.746814, 39.126908], [-119.746858, 39.126751], [-119.746905, 39.126616], [-119.746957, 39.126461], [-119.74701, 39.126328], [-119.74707, 39.126193], [-119.747139, 39.126038], [-119.747219, 39.125878], [-119.747309, 39.125701], [-119.747391, 39.125539], [-119.747492, 39.125355], [-119.747579, 39.125215], [-119.747672, 39.125081], [-119.747808, 39.124901], [-119.747916, 39.124765], [-119.748003, 39.12465], [-119.748106, 39.124527], [-119.748208, 39.124417], [-119.748312, 39.1243], [-119.748418, 39.124192], [-119.748524, 39.124088], [-119.748647, 39.123965], [-119.748774, 39.123844], [-119.748898, 39.123738], [-119.749047, 39.123613], [-119.749196, 39.123492], [-119.749334, 39.123386], [-119.749501, 39.12326], [-119.749633, 39.123167], [-119.749793, 39.123063], [-119.749948, 39.122962], [-119.750089, 39.122875], [-119.750199, 39.122808], [-119.750342, 39.122726], [-119.750482, 39.122651], [-119.750675, 39.122551], [-119.750867, 39.122458], [-119.751079, 39.122359], [-119.75123, 39.122294], [-119.75142, 39.122219], [-119.751591, 39.122152], [-119.751763, 39.12209], [-119.751928, 39.122027], [-119.752101, 39.121971], [-119.75227, 39.121921], [-119.752488, 39.121865], [-119.752667, 39.121819], [-119.752843, 39.121776], [-119.753058, 39.121719], [-119.753216, 39.121681], [-119.753409, 39.121643], [-119.753589, 39.121609], [-119.753761, 39.12158], [-119.753944, 39.121554], [-119.754071, 39.121535], [-119.754248, 39.12151], [-119.754419, 39.121491], [-119.75471, 39.121472], [-119.754913, 39.121459], [-119.755217, 39.121453], [-119.756564, 39.121456], [-119.758884, 39.12146], [-119.761142, 39.121465], [-119.762028, 39.121471], [-119.762308, 39.121477], [-119.76281, 39.121487], [-119.763203, 39.121497], [-119.763396, 39.121497], [-119.763553, 39.121492], [-119.763695, 39.121488], [-119.764085, 39.121472], [-119.764387, 39.121466], [-119.764673, 39.121451], [-119.764944, 39.121439], [-119.765248, 39.12142], [-119.765482, 39.121408], [-119.76565, 39.121391], [-119.765888, 39.121368], [-119.766123, 39.121351], [-119.766376, 39.12133], [-119.766609, 39.121313], [-119.766815, 39.121293], [-119.766985, 39.121276], [-119.767212, 39.121256], [-119.767467, 39.12123], [-119.767657, 39.121207], [-119.767987, 39.121164], [-119.769342, 39.120987], [-119.770573, 39.120826], [-119.77148, 39.120707], [-119.771925, 39.120649]]}, "props": {"MTFCC": "S1100", "NAME": null}}, {"geom": {"type": "LineString", "coordinates": [[-119.748032, 39.142418], [-119.747864, 39.142551], [-119.747818, 39.142612], [-119.74778, 39.142723], [-119.74778, 39.144436], [-119.747795, 39.144489], [-119.747871, 39.144611], [-119.748024, 39.14473]]}, "props": {"MTFCC": "S1400", "NAME": null}}, {"geom": {"type": "LineString", "coordinates": [[-119.749939, 39.1534], [-119.749893, 39.153294], [-119.74968, 39.152641], [-119.749626, 39.152588], [-119.749588, 39.152573], [-119.749519, 39.152546], [-119.74939, 39.152534], [-119.74807, 39.152531], [-119.748047, 39.152538]]}, "props": {"MTFCC": "S1400", "NAME": null}}, {"geom": {"type": "LineString", "coordinates": [[-119.705112, 39.146304], [-119.704838, 39.146325], [-119.702825, 39.146342], [-119.700425, 39.146368]]}, "props": {"MTFCC": "S1400", "NAME": null}}, {"geom": {"type": "LineString", "coordinates": [[-119.774137, 39.158944], [-119.774208, 39.158872], [-119.774192, 39.157397], [-119.774187, 39.156879], [-119.774178, 39.155997], [-119.774254, 39.155846], [-119.7743, 39.155758], [-119.774574, 39.155376]]}, "props": {"MTFCC": "S1400", "NAME": null}}, {"geom": {"type": "LineString", "coordinates": [[-119.692889, 39.124048], [-119.692654, 39.123865], [-119.691715, 39.123614], [-119.690804, 39.123706], [-119.690452, 39.123889], [-119.689512, 39.124186], [-119.689013, 39.124232], [-119.68869, 39.124186], [-119.688328, 39.124025]]}, "props": {"MTFCC": "S1400", "NAME": null}}, {"geom": {"type": "LineString", "coordinates": [[-119.677586, 39.143526], [-119.677794, 39.143526], [-119.678402, 39.143494], [-119.678754, 39.143414], [-119.67917, 39.143398], [-119.679346, 39.143254], [-119.679426, 39.143142], [-119.67957, 39.143014], [-119.67997, 39.142358], [-119.680034, 39.14239], [-119.67989, 39.143158], [-119.680018, 39.143622], [-119.679938, 39.144038], [-119.679746, 39.145686]]}, "props": {"MTFCC": "S1400", "NAME": null}}, {"geom": {"type": "LineString", "coordinates": [[-119.675361, 39.129422], [-119.675089, 39.129061], [-119.675121, 39.12883], [-119.675249, 39.128662], [-119.675281, 39.128566], [-119.675217, 39.128486], [-119.674929, 39.128469], [-119.674722, 39.128437], [-119.674482, 39.128213], [-119.674546, 39.128093], [-119.674627, 39.128013], [-119.674738, 39.127982]]}, "props": {"MTFCC": "S1400", "NAME": null}}, {"geom": {"type": "LineString", "coordinates": [[-119.695346, 39.129358], [-119.695314, 39.129262], [-119.695826, 39.128782], [-119.695154, 39.12875], [-119.695122, 39.128558], [-119.695234, 39.128518], [-119.695234, 39.12835], [-119.695522, 39.128246]]}, "props": {"MTFCC": "S1400", "NAME": null}}, {"geom": {"type": "LineString", "coordinates": [[-119.687908, 39.200902], [-119.687713, 39.200863], [-119.687523, 39.200825], [-119.687431, 39.20079], [-119.68737, 39.200752], [-119.687157, 39.200516], [-119.686813, 39.200069], [-119.68647, 39.199665], [-119.686279, 39.199501], [-119.685585, 39.199051], [-119.683571, 39.197796], [-119.683357, 39.197647], [-119.683105, 39.197426], [-119.682915, 39.197182], [-119.682838, 39.197071], [-119.682487, 39.196445], [-119.682252, 39.196009], [-119.681084, 39.193844], [-119.681091, 39.19381], [-119.681038, 39.193684], [-119.681001, 39.193624], [-119.680984, 39.193596], [-119.680832, 39.193188], [-119.680779, 39.193138], [-119.68071, 39.192905], [-119.680725, 39.19286], [-119.680687, 39.19278], [-119.680519, 39.192188]]}, "props": {"MTFCC": "S1400", "NAME": null}}, {"geom": {"type": "LineString", "coordinates": [[-119.685846, 39.205603], [-119.685626, 39.205594], [-119.680295, 39.205396], [-119.679095, 39.205413], [-119.678775, 39.205509], [-119.678711, 39.205621], [-119.678566, 39.205798], [-119.67839, 39.206086], [-119.678279, 39.206342], [-119.678231, 39.206613], [-119.678406, 39.206773], [-119.678694, 39.206918], [-119.678966, 39.207031], [-119.680023, 39.207398], [-119.684088, 39.207461], [-119.684279, 39.207464]]}, "props": {"MTFCC": "S1400", "NAME": null}}, {"geom": {"type": "LineString", "coordinates": [[-119.672882, 39.200455], [-119.672754, 39.199239], [-119.672722, 39.199127], [-119.67261, 39.198903]]}, "props": {"MTFCC": "S1400", "NAME": null}}, {"geom": {"type": "LineString", "coordinates": [[-119.672882, 39.200455], [-119.672595, 39.200649], [-119.672341, 39.200779], [-119.672166, 39.200941], [-119.67196, 39.201135], [-119.671738, 39.201329], [-119.67132, 39.203184], [-119.671, 39.204601]]}, "props": {"MTFCC": "S1400", "NAME": null}}, {"geom": {"type": "LineString", "coordinates": [[-119.666706, 39.201063], [-119.66621, 39.201143], [-119.665474, 39.201191], [-119.665266, 39.201191], [-119.665074, 39.201127], [-119.664882, 39.201047], [-119.66469, 39.200903], [-119.664562, 39.200791], [-119.664386, 39.200631], [-119.66421, 39.200455], [-119.664114, 39.200327], [-119.664018, 39.200215], [-119.664018, 39.200023], [-119.66405, 39.199959], [-119.664146, 39.199991], [-119.66437, 39.200039], [-119.664578, 39.200055], [-119.664962, 39.200103], [-119.665138, 39.200087], [-119.665586, 39.199943], [-119.665746, 39.199927], [-119.665874, 39.199863], [-119.666258, 39.199783], [-119.666402, 39.199783], [-119.66661, 39.199799], [-119.666834, 39.199847], [-119.66693, 39.199847]]}, "props": {"MTFCC": "S1400", "NAME": null}}, {"geom": {"type": "LineString", "coordinates": [[-119.686797, 39.163993], [-119.687345, 39.164182], [-119.687751, 39.164387], [-119.68817, 39.164752], [-119.690747, 39.166176], [-119.69126, 39.16662], [-119.692122, 39.16676], [-119.692809, 39.167092], [-119.6935, 39.167104], [-119.694189, 39.167261], [-119.694596, 39.167098], [-119.695379, 39.167302]]}, "props": {"MTFCC": "S1400", "NAME": null}}, {"geom": {"type": "LineString", "coordinates": [[-119.784697, 39.185858], [-119.785607, 39.185848], [-119.786687, 39.185833], [-119.787631, 39.185816]]}, "props": {"MTFCC": "S1400", "NAME": null}}, {"geom": {"type": "LineString", "coordinates": [[-119.810799, 39.186287], [-119.810829, 39.186165], [-119.810875, 39.185852], [-119.810875, 39.185814], [-119.810852, 39.185734], [-119.810822, 39.185677], [-119.810685, 39.185457], [-119.810608, 39.185341], [-119.810577, 39.185238], [-119.81057, 39.185089], [-119.810577, 39.185036], [-119.810616, 39.184929], [-119.810699, 39.184849]]}, "props": {"MTFCC": "S1400", "NAME": null}}, {"geom": {"type": "LineString", "coordinates": [[-119.853403, 39.185751], [-119.85338, 39.185725], [-119.853044, 39.18557], [-119.852839, 39.185514], [-119.852711, 39.18555]]}, "props": {"MTFCC": "S1500", "NAME": null}}, {"geom": {"type": "LineString", "coordinates": [[-119.746055, 39.180196], [-119.747195, 39.180195]]}, "props": {"MTFCC": "S1400", "NAME": null}}, {"geom": {"type": "LineString", "coordinates": [[-119.749742, 39.182759], [-119.749211, 39.182301]]}, "props": {"MTFCC": "S1400", "NAME": null}}, {"geom": {"type": "LineString", "coordinates": [[-119.762144, 39.131265], [-119.763229, 39.131278]]}, "props": {"MTFCC": "S1400", "NAME": null}}, {"geom": {"type": "LineString", "coordinates": [[-119.783806, 39.185646], [-119.783717, 39.18565], [-119.78362, 39.185655], [-119.78356, 39.185658], [-119.783438, 39.185658], [-119.783348, 39.185659], [-119.783271, 39.185657], [-119.783105, 39.18565], [-119.783019, 39.185645], [-119.78293, 39.185639], [-119.782839, 39.185632], [-119.782654, 39.185613], [-119.782562, 39.185601], [-119.782377, 39.185568], [-119.782284, 39.185549], [-119.78219, 39.185528], [-119.782096, 39.185505], [-119.781807, 39.185434], [-119.781709, 39.18541], [-119.781629, 39.18539], [-119.781611, 39.185386], [-119.781512, 39.18536], [-119.781412, 39.185334], [-119.781312, 39.185308], [-119.781212, 39.185282], [-119.781111, 39.185256], [-119.780907, 39.185206], [-119.780804, 39.185184], [-119.780703, 39.185166], [-119.780603, 39.185153], [-119.780522, 39.185146], [-119.780505, 39.185145], [-119.780408, 39.185139], [-119.780313, 39.185137], [-119.780218, 39.185137], [-119.780123, 39.185141], [-119.780027, 39.185147], [-119.779929, 39.185155], [-119.779829, 39.185165], [-119.779729, 39.185175], [-119.779627, 39.185186], [-119.779526, 39.185197], [-119.779448, 39.185206], [-119.779427, 39.185209], [-119.77933, 39.185221], [-119.779236, 39.185234], [-119.779149, 39.185248], [-119.779072, 39.185262], [-119.779012, 39.185275], [-119.778945, 39.185295]]}, "props": {"MTFCC": "S1400", "NAME": null}}, {"geom": {"type": "LineString", "coordinates": [[-119.758167, 39.11319], [-119.757461, 39.112922]]}, "props": {"MTFCC": "S1400", "NAME": null}}, {"geom": {"type": "LineString", "coordinates": [[-119.758396, 39.112327], [-119.758469, 39.112425]]}, "props": {"MTFCC": "S1400", "NAME": null}}, {"geom": {"type": "LineString", "coordinates": [[-119.809675, 39.154659], [-119.809634, 39.154693], [-119.80965, 39.15484], [-119.809652, 39.154929], [-119.80965, 39.15498], [-119.80965, 39.155034], [-119.80965, 39.155091], [-119.80965, 39.155151], [-119.809651, 39.155212], [-119.809653, 39.155264], [-119.809654, 39.155349], [-119.809653, 39.155434], [-119.809653, 39.155525], [-119.809653, 39.155572], [-119.809652, 39.155621], [-119.809651, 39.155724], [-119.809649, 39.155825], [-119.809651, 39.155887], [-119.809652, 39.155948]]}, "props": {"MTFCC": "S1750", "NAME": null}}, {"geom": {"type": "LineString", "coordinates": [[-119.76447, 39.155621], [-119.763702, 39.155605]]}, "props": {"MTFCC": "S1400", "NAME": null}}, {"geom": {"type": "LineString", "coordinates": [[-119.672242, 39.171079], [-119.672162, 39.171111], [-119.672018, 39.171111], [-119.67189, 39.171079], [-119.67181, 39.171047], [-119.671778, 39.170967], [-119.671746, 39.170919], [-119.671778, 39.170823], [-119.671826, 39.170727], [-119.67189, 39.170615], [-119.671922, 39.170535], [-119.67197, 39.170423], [-119.671858, 39.170359]]}, "props": {"MTFCC": "S1400", "NAME": null}}, {"geom": {"type": "LineString", "coordinates": [[-119.647744, 39.136967], [-119.648128, 39.136871], [-119.6488, 39.136935], [-119.64976, 39.137927]]}, "props": {"MTFCC": "S1400", "NAME": null}}, {"geom": {"type": "LineString", "coordinates": [[-119.604107, 39.194959], [-119.604808, 39.194961]]}, "props": {"MTFCC": "S1500", "NAME": null}}, {"geom": {"type": "LineString", "coordinates": [[-119.76136, 39.141151], [-119.761353, 39.1408], [-119.761383, 39.140701], [-119.761414, 39.140625], [-119.761559, 39.14045], [-119.761589, 39.140404], [-119.761856, 39.140087], [-119.761887, 39.140003], [-119.761879, 39.139744]]}, "props": {"MTFCC": "S1400", "NAME": null}}, {"geom": {"type": "LineString", "coordinates": [[-119.751818, 39.135598], [-119.751817, 39.134859], [-119.751824, 39.133814]]}, "props": {"MTFCC": "S1400", "NAME": null}}, {"geom": {"type": "LineString", "coordinates": [[-119.760212, 39.140576], [-119.760646, 39.140291]]}, "props": {"MTFCC": "S1400", "NAME": null}}, {"geom": {"type": "LineString", "coordinates": [[-119.781754, 39.165382], [-119.780647, 39.165382]]}, "props": {"MTFCC": "S1400", "NAME": null}}, {"geom": {"type": "LineString", "coordinates": [[-119.646752, 39.092487], [-119.645894, 39.092727], [-119.644999, 39.092911], [-119.64417, 39.092922], [-119.643352, 39.092827], [-119.642696, 39.092817], [-119.64207, 39.092768], [-119.641328, 39.092772]]}, "props": {"MTFCC": "S1400", "NAME": null}}, {"geom": {"type": "LineString", "coordinates": [[-119.724977, 39.193381], [-119.725749, 39.193692], [-119.725502, 39.194382], [-119.725168, 39.195308], [-119.724931, 39.195515], [-119.72459, 39.195647], [-119.723635, 39.195854]]}, "props": {"MTFCC": "S1400", "NAME": null}}, {"geom": {"type": "LineString", "coordinates": [[-119.731276, 39.199872], [-119.72953, 39.19986]]}, "props": {"MTFCC": "S1400", "NAME": null}}, {"geom": {"type": "LineString", "coordinates": [[-119.743374, 39.191295], [-119.743373, 39.19164], [-119.743391, 39.191746], [-119.743408, 39.191787], [-119.743431, 39.191827], [-119.743485, 39.191893], [-119.743548, 39.191946], [-119.743606, 39.191981], [-119.743678, 39.192013], [-119.743752, 39.192035], [-119.74438, 39.192181]]}, "props": {"MTFCC": "S1400", "NAME": null}}, {"geom": {"type": "LineString", "coordinates": [[-119.757051, 39.102018], [-119.756692, 39.10202]]}, "props": {"MTFCC": "S1400", "NAME": null}}, {"geom": {"type": "LineString", "coordinates": [[-119.725826, 39.154282], [-119.725774, 39.154244], [-119.725706, 39.154216], [-119.725632, 39.154204], [-119.725561, 39.154207], [-119.725453, 39.154226], [-119.72535, 39.154257], [-119.724951, 39.154442]]}, "props": {"MTFCC": "S1400", "NAME": null}}, {"geom": {"type": "LineString", "coordinates": [[-119.757767, 39.21431], [-119.757831, 39.214502], [-119.757975, 39.214662], [-119.758327, 39.21487], [-119.758423, 39.214998], [-119.758599, 39.21511], [-119.758519, 39.215254], [-119.758311, 39.215526], [-119.758199, 39.215878], [-119.758151, 39.21615], [-119.758007, 39.216262], [-119.757655, 39.216342], [-119.757303, 39.216358], [-119.756919, 39.21623], [-119.756743, 39.21623], [-119.756423, 39.216278], [-119.756135, 39.216326], [-119.755895, 39.216406], [-119.755735, 39.216678]]}, "props": {"MTFCC": "S1400", "NAME": null}}, {"geom": {"type": "LineString", "coordinates": [[-119.756663, 39.206694], [-119.757175, 39.207062], [-119.757431, 39.207334], [-119.757735, 39.20759], [-119.758151, 39.208006], [-119.758359, 39.20831], [-119.758615, 39.20887], [-119.758679, 39.209526], [-119.758663, 39.210134], [-119.758743, 39.210214], [-119.759079, 39.21047], [-119.759639, 39.210806], [-119.760231, 39.211142], [-119.760647, 39.211622], [-119.761303, 39.211974], [-119.761735, 39.21215]]}, "props": {"MTFCC": "S1400", "NAME": null}}, {"geom": {"type": "LineString", "coordinates": [[-119.755829, 39.201572], [-119.755848, 39.202156]]}, "props": {"MTFCC": "S1400", "NAME": null}}, {"geom": {"type": "LineString", "coordinates": [[-119.755735, 39.216678], [-119.755879, 39.216839], [-119.756264, 39.217047], [-119.75644, 39.217287], [-119.756823, 39.217735]]}, "props": {"MTFCC": "S1400", "NAME": null}}, {"geom": {"type": "LineString", "coordinates": [[-119.70415, 39.148159], [-119.704279, 39.148225], [-119.704194, 39.149206]]}, "props": {"MTFCC": "S1400", "NAME": null}}, {"geom": {"type": "LineString", "coordinates": [[-119.779162, 39.182098], [-119.779335, 39.182095], [-119.779239, 39.182447], [-119.779205, 39.182498], [-119.779131, 39.182562]]}, "props": {"MTFCC": "S1400", "NAME": null}}, {"geom": {"type": "LineString", "coordinates": [[-119.779857, 39.157114], [-119.779839, 39.157004], [-119.779307, 39.156687], [-119.779115, 39.15655], [-119.778934, 39.156431], [-119.778658, 39.156297], [-119.778643, 39.156291], [-119.778472, 39.15623], [-119.778305, 39.156194], [-119.778099, 39.156169], [-119.777971, 39.156152], [-119.777584, 39.156083], [-119.7772, 39.155977], [-119.777006, 39.155916], [-119.776797, 39.155821], [-119.776583, 39.155721], [-119.776407, 39.155613], [-119.776254, 39.155504], [-119.776126, 39.155393], [-119.776058, 39.155324], [-119.776004, 39.15527], [-119.775921, 39.155165], [-119.775857, 39.155089], [-119.775762, 39.155009], [-119.775665, 39.154953], [-119.775573, 39.154914], [-119.775428, 39.154878], [-119.775297, 39.154847], [-119.775011, 39.1548], [-119.77468, 39.154744], [-119.773987, 39.15458], [-119.773521, 39.154457], [-119.772803, 39.154268], [-119.77229, 39.154132], [-119.771811, 39.153992], [-119.771655, 39.153946], [-119.771516, 39.153938], [-119.771299, 39.153913], [-119.771132, 39.153901], [-119.771021, 39.15391], [-119.770935, 39.153926], [-119.770818, 39.153921], [-119.770715, 39.153907], [-119.770631, 39.153893], [-119.770512, 39.153888], [-119.770331, 39.153881], [-119.7702, 39.153876], [-119.770083, 39.153876], [-119.769321, 39.153868], [-119.768294, 39.153868], [-119.767932, 39.153841]]}, "props": {"MTFCC": "S1820", "NAME": null}}, {"geom": {"type": "LineString", "coordinates": [[-119.733267, 39.178925], [-119.732373, 39.178927], [-119.731089, 39.178931]]}, "props": {"MTFCC": "S1400", "NAME": null}}, {"geom": {"type": "LineString", "coordinates": [[-119.722421, 39.167954], [-119.722418, 39.168283], [-119.721826, 39.168268]]}, "props": {"MTFCC": "S1400", "NAME": null}}, {"geom": {"type": "LineString", "coordinates": [[-119.741636, 39.175615], [-119.741479, 39.175355], [-119.741295, 39.175103], [-119.741061, 39.17496], [-119.740731, 39.17483], [-119.740522, 39.174738]]}, "props": {"MTFCC": "S1630", "NAME": null}}, {"geom": {"type": "LineString", "coordinates": [[-119.777777, 39.198436], [-119.775844, 39.198472]]}, "props": {"MTFCC": "S1400", "NAME": null}}, {"geom": {"type": "LineString", "coordinates": [[-119.747162, 39.153984], [-119.747078, 39.153801], [-119.74707, 39.153728], [-119.747073, 39.152528]]}, "props": {"MTFCC": "S1400", "NAME": null}}, {"geom": {"type": "LineString", "coordinates": [[-119.782536, 39.196216], [-119.782676, 39.195747], [-119.782896, 39.195395], [-119.783413, 39.195076], [-119.78382, 39.194878], [-119.783853, 39.194779], [-119.783908, 39.194614], [-119.783958, 39.19406], [-119.783963, 39.194009], [-119.784002, 39.193569], [-119.784018, 39.193404]]}, "props": {"MTFCC": "S1400", "NAME": null}}, {"geom": {"type": "LineString", "coordinates": [[-119.767067, 39.149937], [-119.767302, 39.149922], [-119.767472, 39.149918], [-119.767562, 39.149903], [-119.767755, 39.149831], [-119.76785, 39.149777], [-119.767902, 39.149736], [-119.76796, 39.149677], [-119.768017, 39.149609], [-119.76805, 39.149529], [-119.768054, 39.149366], [-119.768027, 39.149255], [-119.767972, 39.149114], [-119.767883, 39.148802]]}, "props": {"MTFCC": "S1500", "NAME": null}}, {"geom": {"type": "LineString", "coordinates": [[-119.761957, 39.190679], [-119.761953, 39.190321], [-119.763184, 39.190324]]}, "props": {"MTFCC": "S1400", "NAME": null}}, {"geom": {"type": "LineString", "coordinates": [[-119.78463, 39.149029], [-119.784278, 39.148821], [-119.783942, 39.148485], [-119.78383, 39.148405], [-119.783702, 39.148261], [-119.783382, 39.148037], [-119.78303, 39.147733], [-119.782758, 39.147541], [-119.782374, 39.147365], [-119.78103, 39.147525], [-119.780566, 39.147397], [-119.780086, 39.147205], [-119.77967, 39.146949], [-119.77911, 39.146725], [-119.77855, 39.146661], [-119.777942, 39.146485], [-119.777206, 39.146085], [-119.776726, 39.145797], [-119.776486, 39.145605], [-119.776198, 39.145413]]}, "props": {"MTFCC": "S1400", "NAME": null}}, {"geom": {"type": "LineString", "coordinates": [[-119.79282, 39.162013], [-119.79321, 39.161065]]}, "props": {"MTFCC": "S1400", "NAME": null}}, {"geom": {"type": "LineString", "coordinates": [[-119.807463, 39.137698], [-119.807387, 39.137686], [-119.807313, 39.137649], [-119.80722, 39.137616], [-119.80712, 39.137587], [-119.806996, 39.137559], [-119.806924, 39.137544], [-119.806849, 39.137529], [-119.806773, 39.137515], [-119.806697, 39.1375], [-119.806568, 39.137447], [-119.806523, 39.137401], [-119.806488, 39.137344], [-119.806457, 39.137281], [-119.806368, 39.137158], [-119.806315, 39.137099], [-119.806256, 39.137042], [-119.806194, 39.136985], [-119.806129, 39.136928], [-119.806061, 39.136874], [-119.805989, 39.13682], [-119.805915, 39.136767], [-119.805843, 39.136711], [-119.805771, 39.136655], [-119.805697, 39.1366], [-119.805623, 39.136544], [-119.805551, 39.136488], [-119.80548, 39.136436], [-119.805415, 39.136385], [-119.805356, 39.13634], [-119.805309, 39.136301], [-119.80524, 39.136254], [-119.805199, 39.136302]]}, "props": {"MTFCC": "S1400", "NAME": null}}, {"geom": {"type": "LineString", "coordinates": [[-119.756235, 39.107284], [-119.756689, 39.106736], [-119.756857, 39.106551], [-119.756942, 39.10637], [-119.75697, 39.106229], [-119.756978, 39.106132], [-119.756994, 39.105972], [-119.75699, 39.105771]]}, "props": {"MTFCC": "S1400", "NAME": null}}, {"geom": {"type": "LineString", "coordinates": [[-119.760665, 39.110059], [-119.759609, 39.110063], [-119.759099, 39.110047], [-119.75705, 39.110047], [-119.756773, 39.110051], [-119.756544, 39.110039], [-119.75652, 39.110039]]}, "props": {"MTFCC": "S1400", "NAME": null}}, {"geom": {"type": "LineString", "coordinates": [[-119.752557, 39.106882], [-119.752547, 39.107831], [-119.752551, 39.108056], [-119.752532, 39.108097], [-119.752496, 39.108141], [-119.752441, 39.108176], [-119.752381, 39.108201], [-119.752293, 39.108212], [-119.751566, 39.108213]]}, "props": {"MTFCC": "S1400", "NAME": null}}], "source": "https://www2.census.gov/geo/tiger/TIGER2024/ROADS/tl_2024_32510_roads.zip", "county_fips": "32510"}