{"type": "FeatureCollection", "features": [{"geom": {"type": "LineString", "coordinates": [[-117.477204, 40.714275], [-117.477305, 40.714303], [-117.479355, 40.71488]]}, "props": {"MTFCC": "S1400", "NAME": null}}, {"geom": {"type": "LineString", "coordinates": [[-117.466632, 40.713249], [-117.466756, 40.713213], [-117.466948, 40.713236], [-117.467221, 40.713285], [-117.467585, 40.713359], [-117.468167, 40.713471], [-117.468501, 40.713564], [-117.468813, 40.7136], [-117.469065, 40.713563], [-117.469375, 40.713508], [-117.469824, 40.713445], [-117.470281, 40.713397], [-117.470917, 40.713301], [-117.471382, 40.713267], [-117.471682, 40.713225], [-117.472017, 40.713192], [-117.47231, 40.713227], [-117.4725, 40.713278], [-117.472824, 40.713385], [-117.47315, 40.713464], [-117.473577, 40.713555], [-117.473934, 40.713593], [-117.474711, 40.713701], [-117.474995, 40.713736], [-117.475404, 40.713812], [-117.475672, 40.713853], [-117.475738, 40.713863], [-117.477083, 40.714241], [-117.477204, 40.714275]]}, "props": {"MTFCC": "S1400", "NAME": null}}, {"geom": {"type": "LineString", "coordinates": [[-117.480726, 40.715245], [-117.480839, 40.715275], [-117.485038, 40.716412], [-117.485457, 40.716545], [-117.487416, 40.717079], [-117.490099, 40.71781], [-117.491686, 40.718243], [-117.494054, 40.718897], [-117.494793, 40.719096]]}, "props": {"MTFCC": "S1400", "NAME": null}}, {"geom": {"type": "LineString", "coordinates": [[-117.477331, 40.714252], [-117.477204, 40.714275]]}, "props": {"MTFCC": "S1400", "NAME": null}}, {"geom": {"type": "LineString", "coordinates": [[-117.198502, 40.710828], [-117.198342, 40.71194], [-117.198126, 40.71245], [-117.197424, 40.713632], [-117.197418, 40.714235], [-117.197655, 40.714605], [-117.197424, 40.716922], [-117.196656, 40.71866], [-117.196438, 40.719564], [-117.196554, 40.723318], [-117.19654173372781, 40.7247]]}, "props": {"MTFCC": "S1400", "NAME": null}}, {"geom": {"type": "LineString", "coordinates": [[-117.203468, 40.719397], [-117.203906, 40.719494], [-117.204213, 40.719546], [-117.204929, 40.719618], [-117.205414, 40.719661], [-117.206547, 40.719689], [-117.206841, 40.719715], [-117.207199, 40.719791], [-117.207512, 40.719876], [-117.20795, 40.719964], [-117.208349, 40.720053], [-117.208683, 40.720117], [-117.208967, 40.72016], [-117.209246, 40.720196], [-117.209763, 40.720252], [-117.210089, 40.720312], [-117.210545, 40.720407], [-117.210842, 40.720475]]}, "props": {"MTFCC": "S1400", "NAME": null}}, {"geom": {"type": "LineString", "coordinates": [[-117.018612, 40.709486], [-117.018756, 40.709602], [-117.019212, 40.709952], [-117.019657, 40.710305], [-117.020155, 40.710693], [-117.020289, 40.710803], [-117.020609, 40.711048], [-117.021314, 40.711603], [-117.021693, 40.711911], [-117.022533, 40.712568], [-117.022975, 40.712921], [-117.023357, 40.713214], [-117.023871, 40.713624], [-117.024714, 40.714272], [-117.025206, 40.714666], [-117.02591, 40.715217], [-117.026088, 40.71536], [-117.027044, 40.716106], [-117.027282, 40.716306], [-117.027473, 40.716458], [-117.027884, 40.71677], [-117.028702, 40.717404], [-117.029216, 40.717812], [-117.031005, 40.719213], [-117.031262, 40.719406], [-117.031488, 40.719585], [-117.031698, 40.719739], [-117.031836, 40.719858], [-117.032306, 40.720216], [-117.032619, 40.720468], [-117.033396, 40.721076], [-117.033497, 40.721169], [-117.033976, 40.721557], [-117.03424, 40.721748], [-117.03454, 40.721981], [-117.034675, 40.722093], [-117.034898, 40.72226], [-117.035155, 40.722472], [-117.035365, 40.722627], [-117.035678, 40.722873], [-117.035907, 40.723046], [-117.036092, 40.723192], [-117.036218, 40.723298], [-117.037112, 40.723993], [-117.037473, 40.724287], [-117.037733, 40.724489], [-117.03799443824701, 40.7247]]}, "props": {"MTFCC": "S1400", "NAME": null}}, {"geom": {"type": "LineString", "coordinates": [[-117.037875, 40.692016], [-117.037852, 40.692152], [-117.037823, 40.692262], [-117.037666, 40.692324], [-117.037502, 40.692377], [-117.037333, 40.692404], [-117.037164, 40.69242], [-117.036956, 40.692427], [-117.036801, 40.692468], [-117.036676, 40.692528], [-117.036511, 40.692598], [-117.036361, 40.692675], [-117.036204, 40.69274], [-117.036041, 40.692774], [-117.03587, 40.692819], [-117.035769, 40.692881], [-117.035649, 40.692972], [-117.035557, 40.693112], [-117.03549, 40.693242], [-117.035424, 40.693354], [-117.035341, 40.693477], [-117.035322, 40.693603], [-117.03533, 40.693779], [-117.035348, 40.693938], [-117.035371, 40.69403], [-117.035394, 40.694188], [-117.035377, 40.694246], [-117.035347, 40.694438], [-117.035289, 40.694886], [-117.035275, 40.694936], [-117.035255, 40.694978]]}, "props": {"MTFCC": "S1400", "NAME": null}}, {"geom": {"type": "LineString", "coordinates": [[-117.643445, 40.687669], [-117.64336, 40.687697], [-117.643207, 40.6878], [-117.643037, 40.687861], [-117.642544, 40.687995], [-117.642125, 40.688085], [-117.641915, 40.688174], [-117.641753, 40.688271], [-117.641656, 40.688318], [-117.641548, 40.688338], [-117.641406, 40.688348], [-117.641112, 40.688359], [-117.640979, 40.68837], [-117.640706, 40.688409], [-117.640558, 40.688414], [-117.640477, 40.688425], [-117.640417, 40.688449], [-117.640217, 40.688457], [-117.640057, 40.688442], [-117.639828, 40.688449], [-117.639584, 40.688484], [-117.639349, 40.688527], [-117.638988, 40.688622], [-117.638851, 40.68868], [-117.638747, 40.688731], [-117.638618, 40.688786], [-117.638489, 40.688829], [-117.638218, 40.688878], [-117.638075, 40.688919], [-117.637948, 40.688956], [-117.637789, 40.689012], [-117.637664, 40.689082], [-117.637586, 40.689132], [-117.637419, 40.689293], [-117.637359, 40.689364], [-117.637056, 40.689575], [-117.636878, 40.689706], [-117.636773, 40.689807], [-117.636693, 40.68993], [-117.636644, 40.690053], [-117.636636, 40.690197], [-117.636615, 40.690419], [-117.636625, 40.690772], [-117.636599, 40.690859], [-117.636557, 40.690935], [-117.636333, 40.691157], [-117.636146, 40.69133], [-117.635982, 40.691493], [-117.635657, 40.691652], [-117.635524, 40.691709], [-117.635323, 40.691764], [-117.635213, 40.69181], [-117.635151, 40.691859], [-117.635032, 40.691983], [-117.634951, 40.692109], [-117.634873, 40.692198], [-117.634768, 40.692301], [-117.634651, 40.692398], [-117.634514, 40.69258], [-117.634479, 40.692696], [-117.634397, 40.692918], [-117.634396, 40.693052], [-117.634404, 40.693195], [-117.634358, 40.693449], [-117.634325, 40.69369], [-117.634208, 40.693912], [-117.634079, 40.694112], [-117.634009, 40.694265], [-117.633983, 40.69435], [-117.633942, 40.694424], [-117.633821, 40.694604], [-117.633711, 40.694888], [-117.633658, 40.694996], [-117.633582, 40.695337], [-117.633553, 40.695495], [-117.633537, 40.695651], [-117.63351, 40.695826], [-117.633414, 40.696118], [-117.633394, 40.696207], [-117.633376, 40.696587], [-117.633342, 40.696702], [-117.633298, 40.696945], [-117.63328, 40.697071], [-117.633254, 40.69744], [-117.633227, 40.697677], [-117.633202, 40.697787], [-117.63315, 40.697878], [-117.632957, 40.69811], [-117.632856, 40.698201], [-117.63272, 40.698281], [-117.632394, 40.698436], [-117.632308, 40.698494], [-117.631936, 40.698835], [-117.631785, 40.698989], [-117.631641, 40.699121], [-117.631483, 40.699306], [-117.631344, 40.699478], [-117.631243, 40.699573], [-117.631129, 40.699666], [-117.631009, 40.699753], [-117.630784, 40.699894], [-117.630637, 40.699986], [-117.630545, 40.700062], [-117.630486, 40.70014], [-117.630419, 40.700319], [-117.630359, 40.700412], [-117.630279, 40.700486], [-117.630146, 40.700579], [-117.630002, 40.700655], [-117.629895, 40.700718], [-117.629798, 40.700763], [-117.629716, 40.700818], [-117.629615, 40.700863], [-117.629506, 40.700904], [-117.629412, 40.700962], [-117.629351, 40.701015], [-117.629243, 40.701198], [-117.629144, 40.701268], [-117.62894, 40.701329], [-117.628855, 40.701378], [-117.62878, 40.701449], [-117.628684, 40.701531], [-117.628616, 40.701617], [-117.628536, 40.701703], [-117.628445, 40.701782], [-117.62832, 40.701866], [-117.628174, 40.701976], [-117.628061, 40.702061], [-117.627942, 40.702167], [-117.627769, 40.702357], [-117.627641, 40.702428], [-117.627503, 40.702524], [-117.627336, 40.702686], [-117.627273, 40.702763], [-117.627083, 40.702897], [-117.626993, 40.702951], [-117.62694, 40.703014], [-117.626902, 40.703077], [-117.626831, 40.703256], [-117.62672, 40.703319], [-117.626586, 40.703418], [-117.62652, 40.703479], [-117.626452, 40.703622], [-117.626362, 40.703729], [-117.626254, 40.703807]]}, "props": {"MTFCC": "S1400", "NAME": null}}, {"geom": {"type": "LineString", "coordinates": [[-117.528123, 40.690425], [-117.527811, 40.690842]]}, "props": {"MTFCC": "S1400", "NAME": null}}, {"geom": {"type": "LineString", "coordinates": [[-117.543398, 40.690281], [-117.543276, 40.690229], [-117.542987, 40.690195], [-117.542589, 40.690176], [-117.542195, 40.690121], [-117.541853, 40.690079], [-117.541532, 40.690033], [-117.541255, 40.69002], [-117.540695, 40.690004], [-117.53998, 40.68997], [-117.539698, 40.689951], [-117.53936, 40.689935], [-117.539073, 40.689896], [-117.538839, 40.689859], [-117.538629, 40.689782], [-117.538436, 40.689732], [-117.537948, 40.68958], [-117.537775, 40.689541], [-117.537606, 40.689543], [-117.537422, 40.68955], [-117.537324, 40.689597], [-117.537182, 40.689672], [-117.537046, 40.689769], [-117.536793, 40.689875], [-117.536599, 40.689933], [-117.536451, 40.690014], [-117.536207, 40.690182], [-117.535714, 40.690494], [-117.535276, 40.690798], [-117.534912, 40.691033], [-117.53461, 40.691234], [-117.534388, 40.69136], [-117.534211, 40.691441]]}, "props": {"MTFCC": "S1400", "NAME": null}}, {"geom": {"type": "LineString", "coordinates": [[-117.483002, 40.713866], [-117.482867, 40.713882], [-117.482663, 40.713899], [-117.482431, 40.713887], [-117.482224, 40.713881], [-117.482045, 40.713862], [-117.481867, 40.713877], [-117.481688, 40.713947], [-117.481615, 40.713972], [-117.481524, 40.714002], [-117.481436, 40.714007], [-117.481222, 40.713976], [-117.480823, 40.71404], [-117.480425, 40.714093], [-117.480085, 40.714108], [-117.480057, 40.714108], [-117.479136, 40.714103], [-117.47914, 40.714322], [-117.47918, 40.714474], [-117.479252, 40.71465], [-117.479314, 40.714778], [-117.479355, 40.71488]]}, "props": {"MTFCC": "S1400", "NAME": null}}, {"geom": {"type": "LineString", "coordinates": [[-117.491415, 40.686389], [-117.491398, 40.686491], [-117.49137, 40.687187], [-117.491356, 40.687276]]}, "props": {"MTFCC": "S1400", "NAME": null}}, {"geom": {"type": "LineString", "coordinates": [[-117.479355, 40.71488], [-117.47963, 40.714953], [-117.480726, 40.715245]]}, "props": {"MTFCC": "S1400", "NAME": null}}, {"geom": {"type": "LineString", "coordinates": [[-117.347663, 40.707584], [-117.347501, 40.707692], [-117.346848, 40.708147], [-117.346744, 40.708234], [-117.346456, 40.708394], [-117.346188, 40.708501], [-117.345387, 40.708786], [-117.345024, 40.708934], [-117.344703, 40.709123], [-117.34457, 40.709248], [-117.344399, 40.709476], [-117.344284, 40.709574], [-117.343903, 40.709876], [-117.34355, 40.710141], [-117.343196, 40.710418], [-117.342905, 40.710624], [-117.342438, 40.710979], [-117.342037, 40.711264]]}, "props": {"MTFCC": "S1400", "NAME": null}}, {"geom": {"type": "LineString", "coordinates": [[-117.322001, 40.683617], [-117.322307, 40.683628], [-117.322642, 40.683623], [-117.323117, 40.683629], [-117.323542, 40.683629], [-117.323951, 40.683619], [-117.324141, 40.68365], [-117.324316, 40.683663], [-117.324834, 40.683645], [-117.325259, 40.683644], [-117.325774, 40.683653], [-117.326194, 40.683643], [-117.32706, 40.683664], [-117.327587, 40.683669], [-117.32791, 40.683667], [-117.328137, 40.683661], [-117.328335, 40.683616], [-117.328575, 40.683579], [-117.32929, 40.683576], [-117.330451, 40.683581], [-117.330625, 40.683598], [-117.330686, 40.683618], [-117.330896, 40.68362], [-117.331685, 40.683599], [-117.331952, 40.683603], [-117.332275, 40.683597], [-117.332352, 40.683593], [-117.332628, 40.68358], [-117.332854, 40.683591], [-117.333143, 40.683588], [-117.333437, 40.683603]]}, "props": {"MTFCC": "S1400", "NAME": null}}, {"geom": {"type": "LineString", "coordinates": [[-117.278593, 40.684054], [-117.278406, 40.684048], [-117.277894, 40.684016], [-117.277638, 40.684025], [-117.277044, 40.684099], [-117.27661, 40.684129], [-117.27622, 40.68422], [-117.275887, 40.684287], [-117.275461, 40.684291], [-117.275173, 40.684343], [-117.274974, 40.684374], [-117.274658, 40.684367], [-117.274331, 40.684367], [-117.272918, 40.68443], [-117.272225, 40.684495], [-117.271793, 40.684565], [-117.27147, 40.68464], [-117.271089, 40.68463], [-117.270437, 40.684722], [-117.270069, 40.68482], [-117.269577, 40.684828], [-117.269149, 40.684857], [-117.268621, 40.684906], [-117.268215, 40.684935], [-117.267393, 40.684977], [-117.266808, 40.685048], [-117.266399, 40.685119], [-117.26601, 40.685199], [-117.265241, 40.685252], [-117.264398, 40.685285], [-117.263751, 40.685327], [-117.262679, 40.685357], [-117.261356, 40.685382], [-117.260628, 40.685471], [-117.259825, 40.685555], [-117.259226, 40.685542], [-117.25832, 40.685538], [-117.257494, 40.685497], [-117.256272, 40.685502], [-117.255107, 40.685469], [-117.254272, 40.685403], [-117.25372, 40.68535], [-117.253265, 40.685319], [-117.252923, 40.685236], [-117.251977, 40.684939], [-117.251762, 40.684815]]}, "props": {"MTFCC": "S1400", "NAME": null}}, {"geom": {"type": "LineString", "coordinates": [[-117.284503, 40.683118], [-117.28387, 40.683116], [-117.283128, 40.683121], [-117.282613, 40.683143], [-117.282466, 40.683149], [-117.282302, 40.683194], [-117.282193, 40.683302], [-117.282092, 40.683427], [-117.282015, 40.683507], [-117.281836, 40.683498], [-117.281545, 40.683506], [-117.281097, 40.683484], [-117.280778, 40.683501]]}, "props": {"MTFCC": "S1400", "NAME": null}}, {"geom": {"type": "LineString", "coordinates": [[-117.29882, 40.656231], [-117.298761, 40.656225], [-117.298698, 40.656213], [-117.298649, 40.656203], [-117.29842, 40.656193], [-117.298209, 40.656178], [-117.297911, 40.656232], [-117.297749, 40.656329], [-117.29756, 40.656376], [-117.297327, 40.656384], [-117.296727, 40.656359], [-117.296347, 40.656391], [-117.295927, 40.656496], [-117.295668, 40.656584], [-117.294824, 40.657109]]}, "props": {"MTFCC": "S1400", "NAME": null}}, {"geom": {"type": "LineString", "coordinates": [[-117.181914, 40.714591], [-117.182328, 40.714366], [-117.1824, 40.714315], [-117.182464, 40.714253], [-117.182517, 40.714189], [-117.182576, 40.714107], [-117.18283, 40.713676], [-117.182923, 40.713538], [-117.183065, 40.713367], [-117.183387, 40.713089], [-117.183589, 40.712927]]}, "props": {"MTFCC": "S1400", "NAME": null}}, {"geom": {"type": "LineString", "coordinates": [[-117.18607, 40.667084], [-117.186101, 40.667313], [-117.186178, 40.667759], [-117.186366, 40.6681], [-117.186558, 40.668397], [-117.186764, 40.668694], [-117.187183, 40.669047], [-117.187962, 40.669594], [-117.188334, 40.669988], [-117.188725, 40.670163], [-117.189007, 40.670254], [-117.189182, 40.670407], [-117.189261, 40.670499], [-117.189512, 40.670611], [-117.189869, 40.67085], [-117.190599, 40.671461], [-117.190952, 40.671899], [-117.191277, 40.672335], [-117.191521, 40.6727], [-117.191558, 40.672934], [-117.191628, 40.673137], [-117.191759, 40.673298], [-117.191953, 40.673396], [-117.192143, 40.673549], [-117.19231, 40.673635], [-117.192622, 40.674048], [-117.192866, 40.674403], [-117.193038, 40.674765], [-117.193137, 40.674958], [-117.193152, 40.675124], [-117.193092, 40.675806], [-117.193225, 40.676122], [-117.193279, 40.676334], [-117.19332, 40.676524], [-117.193354, 40.676802], [-117.193417, 40.677081], [-117.193455, 40.677304], [-117.193459, 40.677592], [-117.193525, 40.677838], [-117.19362, 40.678074], [-117.193613, 40.678494], [-117.193569, 40.678657], [-117.193649, 40.678915], [-117.193634, 40.67908], [-117.19366, 40.67928], [-117.193747, 40.67945], [-117.193872, 40.679512], [-117.194079, 40.679633], [-117.194201, 40.679738], [-117.194348, 40.679878], [-117.194568, 40.680022], [-117.194732, 40.680141], [-117.194897, 40.680237], [-117.195145, 40.680393], [-117.195306, 40.680545], [-117.195517, 40.680777], [-117.195562, 40.680934], [-117.195576, 40.6811], [-117.195673, 40.681326], [-117.195818, 40.681819], [-117.196043, 40.682239], [-117.196124, 40.68257], [-117.196124, 40.682946], [-117.196149, 40.683194], [-117.196174, 40.683828], [-117.196215, 40.684354], [-117.196193, 40.684607], [-117.196203, 40.684877], [-117.1963, 40.685304], [-117.196524, 40.685869], [-117.196624, 40.686103], [-117.196706, 40.686234], [-117.196764, 40.68642], [-117.196815, 40.686677], [-117.196857, 40.686959], [-117.19691, 40.68719], [-117.197011, 40.687414], [-117.19706, 40.68762], [-117.19725, 40.68797], [-117.197444, 40.688351], [-117.197472, 40.688463], [-117.197606, 40.688476], [-117.197703, 40.688517], [-117.197814, 40.688536], [-117.197965, 40.688547], [-117.198159, 40.68857], [-117.198311, 40.688631], [-117.19837, 40.6887], [-117.198486, 40.688766], [-117.198717, 40.68891], [-117.198835, 40.689009], [-117.199637, 40.689748], [-117.199938, 40.690038], [-117.200263, 40.69031], [-117.200416, 40.690407], [-117.2006, 40.690496], [-117.200799, 40.690559], [-117.200974, 40.690591], [-117.201422, 40.690597], [-117.201552, 40.690604], [-117.201797, 40.690639], [-117.201926, 40.690666], [-117.202057, 40.690709], [-117.202144, 40.690763], [-117.202233, 40.690837], [-117.202303, 40.690936], [-117.202393, 40.691146], [-117.202465, 40.691216], [-117.202612, 40.691283], [-117.202743, 40.691373], [-117.202936, 40.691558], [-117.203098, 40.691705], [-117.203241, 40.691812], [-117.203447, 40.691948], [-117.203586, 40.692052], [-117.203711, 40.692161], [-117.203908, 40.692247], [-117.204059, 40.692321], [-117.204237, 40.692366], [-117.204453, 40.692393], [-117.204614, 40.692395], [-117.204751, 40.692422], [-117.2049, 40.692502], [-117.205087, 40.692614], [-117.205411, 40.692889], [-117.205688, 40.693062], [-117.20576, 40.693185], [-117.205787, 40.693322], [-117.205831, 40.693467], [-117.205892, 40.693564], [-117.206068, 40.693751], [-117.206108, 40.693842], [-117.206144, 40.693957], [-117.206234, 40.694095], [-117.206305, 40.694232], [-117.206415, 40.694667], [-117.20655, 40.694822], [-117.206778, 40.69496], [-117.206949, 40.695131], [-117.207045, 40.695297], [-117.207094, 40.695476], [-117.207113, 40.695688], [-117.207171, 40.695874], [-117.207245, 40.696082], [-117.207258, 40.696259], [-117.207247, 40.696483], [-117.207267, 40.696688], [-117.207304, 40.696894], [-117.207331, 40.697121], [-117.207482, 40.697502], [-117.207495, 40.697679], [-117.207443, 40.697852], [-117.207417, 40.698048], [-117.207367, 40.698299], [-117.207282, 40.698534], [-117.207275, 40.698716], [-117.20722, 40.698819], [-117.207116, 40.698955], [-117.206894, 40.699268], [-117.206727, 40.699484], [-117.206539, 40.699742], [-117.206503, 40.699938], [-117.206429, 40.700047], [-117.206315, 40.700182], [-117.20608, 40.700444], [-117.20587, 40.700835], [-117.20577, 40.701133], [-117.205784, 40.701288], [-117.205784, 40.701507], [-117.205726, 40.701645], [-117.205653, 40.701845], [-117.205648, 40.702], [-117.205658, 40.702211], [-117.205688, 40.702614], [-117.205656, 40.70276], [-117.205689, 40.702917], [-117.205738, 40.703307], [-117.205726, 40.703658], [-117.205672, 40.703859], [-117.205545, 40.704254], [-117.205485, 40.704406], [-117.205306, 40.704658], [-117.205225, 40.704851], [-117.205161, 40.705052], [-117.205081, 40.705224], [-117.204972, 40.705415], [-117.204879, 40.70553], [-117.204768, 40.705743], [-117.204568, 40.706022], [-117.204332, 40.706502], [-117.204202, 40.706721], [-117.204142, 40.706873], [-117.204185, 40.707129], [-117.204231, 40.707342], [-117.204223, 40.707539], [-117.204094, 40.707856], [-117.203956, 40.708053], [-117.203885, 40.708233], [-117.203793, 40.708552], [-117.203539, 40.709236], [-117.203362, 40.709671], [-117.203227, 40.709946], [-117.203056, 40.710219], [-117.202888, 40.710443], [-117.202767, 40.710563], [-117.202746, 40.710689], [-117.202687, 40.710939], [-117.202638, 40.711184], [-117.202651, 40.711357], [-117.202667, 40.711407], [-117.203139, 40.711478], [-117.204033, 40.711388], [-117.204578, 40.711231], [-117.205028, 40.711152], [-117.205433, 40.711088], [-117.205791, 40.711039], [-117.206349, 40.710999], [-117.207045, 40.710883], [-117.207744, 40.710749], [-117.208567, 40.710454], [-117.210037, 40.70959], [-117.210176, 40.709533], [-117.210355, 40.709333], [-117.210656, 40.709049], [-117.210925, 40.708885], [-117.211387, 40.708698], [-117.211795, 40.708517], [-117.212267, 40.708339], [-117.212722, 40.708232], [-117.213169, 40.708093], [-117.213582, 40.707985], [-117.214033, 40.707806], [-117.216016, 40.707045], [-117.217372, 40.706535], [-117.220039, 40.705598], [-117.220551, 40.705357], [-117.221127, 40.70522], [-117.221527, 40.705113], [-117.221949, 40.704978], [-117.223028, 40.704661], [-117.22359, 40.70447], [-117.223966, 40.704352], [-117.224257, 40.704245], [-117.22452, 40.704175], [-117.224775, 40.704119], [-117.225011, 40.704053], [-117.225381, 40.703925], [-117.225885, 40.703736], [-117.227322, 40.703208], [-117.228363, 40.702816], [-117.229727, 40.702313], [-117.230421, 40.702075], [-117.230646, 40.701994], [-117.23089, 40.701913], [-117.231109, 40.701831], [-117.231396, 40.701773], [-117.231527, 40.701782]]}, "props": {"MTFCC": "S1400", "NAME": null}}, {"geom": {"type": "LineString", "coordinates": [[-117.200428, 40.700316], [-117.200457, 40.700463], [-117.200494, 40.700693], [-117.200495, 40.700952], [-117.200478, 40.701347], [-117.200494, 40.701558], [-117.200521, 40.701709], [-117.20048, 40.701983], [-117.200465, 40.70229], [-117.200442, 40.702416], [-117.200333, 40.702679], [-117.200327, 40.702819], [-117.200366, 40.703163], [-117.200343, 40.703294], [-117.200267, 40.703439], [-117.200158, 40.703627], [-117.200076, 40.703842], [-117.199988, 40.704053], [-117.199946, 40.704279], [-117.199922, 40.704818], [-117.199953, 40.705119], [-117.200047, 40.705365], [-117.200102, 40.705662], [-117.200151, 40.705827], [-117.200211, 40.706199], [-117.200222, 40.70641], [-117.200162, 40.706626], [-117.200051, 40.706849], [-117.199963, 40.70706], [-117.199773, 40.707384], [-117.199744, 40.707659], [-117.199729, 40.707957], [-117.199697, 40.708197], [-117.199689, 40.70835], [-117.1997, 40.708391]]}, "props": {"MTFCC": "S1400", "NAME": null}}, {"geom": {"type": "LineString", "coordinates": [[-117.194826, 40.703125], [-117.194978, 40.703285], [-117.195164, 40.703499], [-117.195371, 40.70372], [-117.1956, 40.703979], [-117.195832, 40.704198], [-117.19596, 40.704399], [-117.19612, 40.704618], [-117.196456, 40.704914], [-117.196704, 40.70516], [-117.197002, 40.705409], [-117.197183, 40.705525], [-117.197338, 40.705614], [-117.197462, 40.705757], [-117.197514, 40.705824], [-117.197538, 40.705855], [-117.197569, 40.705983], [-117.197736, 40.706314], [-117.198034, 40.706683], [-117.198258, 40.706971], [-117.198593, 40.707372], [-117.198712, 40.707552], [-117.198955, 40.707775], [-117.199185, 40.707996], [-117.1997, 40.708391]]}, "props": {"MTFCC": "S1400", "NAME": null}}, {"geom": {"type": "LineString", "coordinates": [[-117.09251, 40.674289], [-117.093868, 40.673923], [-117.094962, 40.673894], [-117.095017, 40.673693], [-117.095424, 40.673134], [-117.095835, 40.672869], [-117.097044, 40.672387], [-117.098192, 40.671723], [-117.099105, 40.671328], [-117.10031, 40.670508], [-117.100871, 40.670312], [-117.101551, 40.670391], [-117.102548, 40.671331], [-117.102484, 40.671448], [-117.10181, 40.671874], [-117.101807, 40.672037], [-117.102248, 40.672367], [-117.102362, 40.672625], [-117.102325, 40.672951], [-117.101706, 40.673748], [-117.101695, 40.674239], [-117.101928, 40.674544], [-117.102516, 40.675015], [-117.102476, 40.675458], [-117.102199, 40.675764], [-117.10134, 40.676238], [-117.100968, 40.676707], [-117.10096, 40.677081], [-117.101224, 40.677362], [-117.103084, 40.678058], [-117.103112, 40.678152]]}, "props": {"MTFCC": "S1400", "NAME": null}}, {"geom": {"type": "LineString", "coordinates": [[-117.084683, 40.666143], [-117.084323, 40.667104], [-117.084563, 40.667722], [-117.085045, 40.668317], [-117.085076, 40.668569]]}, "props": {"MTFCC": "S1400", "NAME": null}}, {"geom": {"type": "LineString", "coordinates": [[-117.182863, 40.663243], [-117.182837, 40.6635], [-117.18284, 40.663799], [-117.182848, 40.663906], [-117.18288, 40.664361], [-117.182863, 40.664421], [-117.182731, 40.664601], [-117.182393, 40.665032], [-117.182155, 40.665276], [-117.182125, 40.665313], [-117.182095, 40.665371], [-117.182042, 40.66566], [-117.181969, 40.665985], [-117.181964, 40.666061], [-117.181953, 40.666944]]}, "props": {"MTFCC": "S1400", "NAME": null}}, {"geom": {"type": "LineString", "coordinates": [[-117.03893, 40.693303], [-117.039036, 40.693502], [-117.039117, 40.693632], [-117.039371, 40.69408], [-117.039581, 40.694471], [-117.039665, 40.694638], [-117.039785, 40.694855], [-117.039963, 40.695198], [-117.040126, 40.695486], [-117.04022, 40.69567], [-117.040346, 40.695901], [-117.040449, 40.696106], [-117.040562, 40.696311], [-117.040716, 40.696573], [-117.040851, 40.696818], [-117.040963, 40.697045], [-117.041443, 40.697919], [-117.041584, 40.698191], [-117.041707, 40.69841], [-117.041951, 40.698868], [-117.042124, 40.699173], [-117.042271, 40.699452], [-117.042697, 40.700228], [-117.042804, 40.700433], [-117.042961, 40.700712], [-117.043538, 40.70177], [-117.044566, 40.703639], [-117.044996, 40.704387], [-117.045139, 40.70468], [-117.045274, 40.704925], [-117.04577, 40.705876], [-117.045821, 40.705945], [-117.045872, 40.706024], [-117.045919, 40.70611], [-117.045966, 40.706214], [-117.046, 40.706312], [-117.046073, 40.706589], [-117.046191, 40.70698], [-117.046361, 40.707518], [-117.046547, 40.708212], [-117.046707, 40.708741], [-117.046807, 40.709148], [-117.04698, 40.709734], [-117.047291, 40.710819], [-117.047377, 40.711138], [-117.047964, 40.713223], [-117.048307, 40.714338], [-117.0489, 40.716488], [-117.04907, 40.71705], [-117.049186, 40.71746], [-117.049444, 40.718316], [-117.049547, 40.718731], [-117.049833, 40.719734], [-117.050116, 40.720663], [-117.050432, 40.721768], [-117.050738, 40.72287], [-117.051042, 40.723933], [-117.05126576829268, 40.7247]]}, "props": {"MTFCC": "S1400", "NAME": null}}, {"geom": {"type": "LineString", "coordinates": [[-117.255747, 40.623969], [-117.255904, 40.623964], [-117.256172, 40.623977], [-117.256521, 40.623967], [-117.256906, 40.624014], [-117.257499, 40.62408], [-117.257945, 40.624125], [-117.258508, 40.624199], [-117.259114, 40.624263], [-117.259674, 40.624361], [-117.260751, 40.62461], [-117.26127, 40.624747], [-117.262245, 40.625117], [-117.262709, 40.625257]]}, "props": {"MTFCC": "S1400", "NAME": null}}, {"geom": {"type": "LineString", "coordinates": [[-117.072147, 40.713085], [-117.071642, 40.713715], [-117.071522, 40.713871], [-117.071271, 40.714254], [-117.071171, 40.714423], [-117.071105, 40.714567], [-117.071042, 40.714727], [-117.070967, 40.714897], [-117.07054, 40.715711], [-117.070296, 40.716247], [-117.070173, 40.716496], [-117.070108, 40.716641], [-117.069791, 40.717401], [-117.069686, 40.717606], [-117.06959, 40.717761], [-117.069427, 40.717989], [-117.069273, 40.718182], [-117.069127, 40.718374], [-117.068993, 40.718532], [-117.068779, 40.718822], [-117.068623, 40.719046], [-117.068278, 40.719577], [-117.067704, 40.720504], [-117.067543, 40.720791], [-117.067396, 40.721039], [-117.067265, 40.721286], [-117.066971, 40.721884], [-117.066818, 40.722306], [-117.066665, 40.7228], [-117.066428, 40.723742], [-117.066325, 40.724194], [-117.066218, 40.724525], [-117.06615077027027, 40.7247]]}, "props": {"MTFCC": "S1400", "NAME": null}}, {"geom": {"type": "LineString", "coordinates": [[-117.095489, 40.703251], [-117.093289, 40.703827], [-117.091637, 40.704747], [-117.088067, 40.706132], [-117.087601, 40.706311], [-117.08673, 40.706804], [-117.08489, 40.707838], [-117.084497, 40.707976], [-117.083405, 40.708384], [-117.082337, 40.708777], [-117.08007, 40.709405], [-117.077398, 40.709858], [-117.073979, 40.710957], [-117.073709, 40.710979]]}, "props": {"MTFCC": "S1400", "NAME": null}}, {"geom": {"type": "LineString", "coordinates": [[-117.10373, 40.710818], [-117.103474, 40.71079], [-117.103, 40.710728], [-117.10285, 40.710712], [-117.10249, 40.710693], [-117.101998, 40.710679], [-117.101788, 40.71068], [-117.101638, 40.710687], [-117.101573, 40.710695], [-117.101503, 40.710709], [-117.101219, 40.710798], [-117.10114, 40.710812], [-117.101049, 40.710821], [-117.100902, 40.710826], [-117.100745, 40.710826], [-117.100673, 40.710831], [-117.100614, 40.710843], [-117.100523, 40.710884], [-117.100439, 40.710934], [-117.10027, 40.711017], [-117.100037, 40.711121], [-117.09995, 40.711165], [-117.099885, 40.711208], [-117.099825, 40.711261], [-117.099432, 40.711675], [-117.099337, 40.711767], [-117.09925, 40.711836], [-117.099124, 40.711912], [-117.098971, 40.711969], [-117.098902, 40.711989], [-117.098789, 40.71201], [-117.09868, 40.712039], [-117.098608, 40.712065], [-117.098561, 40.712089], [-117.098523, 40.712115], [-117.098479, 40.712165], [-117.0984, 40.712315], [-117.098376, 40.712349], [-117.098329, 40.712397], [-117.098279, 40.712432], [-117.098211, 40.712473], [-117.098025, 40.712571], [-117.097816, 40.712712], [-117.097694, 40.712805], [-117.097622, 40.712872], [-117.097453, 40.713084], [-117.097386, 40.713152], [-117.097221, 40.713288], [-117.097122, 40.713356], [-117.097034, 40.713406], [-117.096921, 40.713461], [-117.096771, 40.713517], [-117.096665, 40.713535], [-117.096561, 40.713543], [-117.096449, 40.713545], [-117.096342, 40.713535], [-117.096275, 40.713521], [-117.096201, 40.7135], [-117.095831, 40.713335], [-117.095696, 40.713286], [-117.095565, 40.713245], [-117.095483, 40.713228], [-117.095372, 40.713215], [-117.095305, 40.7132], [-117.095233, 40.713176], [-117.095151, 40.713126], [-117.095081, 40.713073], [-117.09495, 40.712957], [-117.094897, 40.712893], [-117.094539, 40.712271], [-117.094479, 40.712154], [-117.094413, 40.711997], [-117.094369, 40.711866], [-117.094281, 40.71169], [-117.094101, 40.711389], [-117.094033, 40.711292], [-117.093984, 40.711231], [-117.093924, 40.71117], [-117.093748, 40.71102], [-117.093704, 40.710992], [-117.093641, 40.710963], [-117.093544, 40.710937], [-117.093422, 40.710916], [-117.093316, 40.710918], [-117.093217, 40.710937], [-117.093128, 40.710961], [-117.093049, 40.710999], [-117.092958, 40.711061], [-117.092899, 40.711107], [-117.092824, 40.711174], [-117.092758, 40.711245], [-117.092618, 40.711417], [-117.092493, 40.711624], [-117.092371, 40.711851], [-117.092314, 40.711948], [-117.092271, 40.711998], [-117.092211, 40.712056], [-117.092153, 40.712105], [-117.092052, 40.712166], [-117.09195, 40.712215], [-117.091876, 40.71224], [-117.091798, 40.712254], [-117.091554, 40.712266], [-117.091125, 40.712257], [-117.090828, 40.712264], [-117.090765, 40.712274], [-117.090407, 40.712375], [-117.090336, 40.712389], [-117.09021, 40.712399], [-117.089746, 40.712416]]}, "props": {"MTFCC": "S1400", "NAME": null}}, {"geom": {"type": "LineString", "coordinates": [[-117.076712, 40.685659], [-117.076957, 40.685741], [-117.077117, 40.685788], [-117.077241, 40.685832], [-117.077321, 40.68587], [-117.077536, 40.685953], [-117.078044, 40.686104], [-117.078165, 40.686132], [-117.078391, 40.686168], [-117.078957, 40.686273], [-117.07954, 40.686369], [-117.079789, 40.686424], [-117.080038, 40.686505], [-117.08015, 40.686529], [-117.080221, 40.686531], [-117.080286, 40.686527], [-117.080369, 40.686515], [-117.08049, 40.686484], [-117.080629, 40.686437], [-117.080802, 40.686385], [-117.081312, 40.686258], [-117.081593, 40.686176]]}, "props": {"MTFCC": "S1400", "NAME": null}}, {"geom": {"type": "LineString", "coordinates": [[-117.018632, 40.680856], [-117.018645, 40.680857], [-117.018646, 40.680968], [-117.01878, 40.680998], [-117.019096, 40.681058], [-117.019663, 40.681174], [-117.02037, 40.681346]]}, "props": {"MTFCC": "S1400", "NAME": null}}, {"geom": {"type": "LineString", "coordinates": [[-117.039938, 40.689889], [-117.039639, 40.689921], [-117.039432, 40.68995], [-117.039271, 40.689968], [-117.039011, 40.689985], [-117.038861, 40.689985], [-117.038597, 40.69], [-117.038255, 40.690047], [-117.0378, 40.690087], [-117.037562, 40.690113], [-117.037266, 40.690174]]}, "props": {"MTFCC": "S1400", "NAME": null}}, {"geom": {"type": "LineString", "coordinates": [[-117.037266, 40.690174], [-117.03695, 40.690231], [-117.036838, 40.690241], [-117.036631, 40.690245], [-117.036312, 40.690281], [-117.035611, 40.690406], [-117.03531, 40.69046]]}, "props": {"MTFCC": "S1400", "NAME": null}}, {"geom": {"type": "LineString", "coordinates": [[-117.065854, 40.668252], [-117.063626, 40.669294], [-117.062698, 40.669497], [-117.062819, 40.669665], [-117.063113, 40.670064], [-117.063137, 40.670102], [-117.063267, 40.670235], [-117.063391, 40.670327], [-117.06355, 40.67043], [-117.063647, 40.67052], [-117.06375, 40.670633], [-117.063899, 40.670824], [-117.06398, 40.670983], [-117.064027, 40.671109], [-117.064122, 40.67127], [-117.064234, 40.671486], [-117.064301, 40.671579], [-117.064367, 40.671709], [-117.064385, 40.671761], [-117.064407, 40.671861], [-117.064414, 40.671934], [-117.06443, 40.672022], [-117.06445, 40.6721], [-117.06469, 40.672548], [-117.064753, 40.672643], [-117.064819, 40.672728], [-117.064882, 40.672799], [-117.064997, 40.672986], [-117.064856, 40.672957], [-117.064574, 40.672919], [-117.064377, 40.672905], [-117.064198, 40.672907], [-117.063694, 40.672945], [-117.062608, 40.673205], [-117.061208, 40.673568], [-117.059237, 40.674128], [-117.058947, 40.674221], [-117.058787, 40.674282], [-117.058401, 40.674443], [-117.058107, 40.674577], [-117.057652, 40.67474], [-117.057519, 40.674778], [-117.055759, 40.675322], [-117.054998, 40.675587], [-117.050845, 40.6769], [-117.050526, 40.677204], [-117.047741, 40.677823], [-117.045981, 40.678363], [-117.043301, 40.679355], [-117.042155, 40.679345], [-117.038854, 40.680034], [-117.03573, 40.680536], [-117.030598, 40.680892], [-117.029147, 40.680787], [-117.028837, 40.680889], [-117.028781, 40.68104]]}, "props": {"MTFCC": "S1400", "NAME": null}}, {"geom": {"type": "LineString", "coordinates": [[-117.065667, 40.673774], [-117.065567, 40.674213], [-117.065549, 40.674315], [-117.065556, 40.67494], [-117.06555, 40.675035], [-117.065528, 40.675121], [-117.065481, 40.675245], [-117.065337, 40.675491], [-117.065156, 40.675889], [-117.065101, 40.676068], [-117.065025, 40.676364], [-117.064947, 40.676749]]}, "props": {"MTFCC": "S1400", "NAME": null}}, {"geom": {"type": "LineString", "coordinates": [[-117.071555, 40.685414], [-117.07084, 40.685726], [-117.070624, 40.685836], [-117.070558, 40.685874], [-117.070164, 40.686134], [-117.070064, 40.686186], [-117.06992, 40.686246], [-117.06976, 40.686287], [-117.069638, 40.686306], [-117.069348, 40.686325], [-117.069003, 40.686323], [-117.068909, 40.686331], [-117.068796, 40.686356], [-117.068599, 40.686416], [-117.068436, 40.686452], [-117.068301, 40.686476], [-117.068188, 40.686488], [-117.068051, 40.686497], [-117.067807, 40.686529]]}, "props": {"MTFCC": "S1400", "NAME": null}}, {"geom": {"type": "LineString", "coordinates": [[-117.093092, 40.682639], [-117.092963, 40.682617], [-117.0929, 40.682601], [-117.092782, 40.682579], [-117.09268, 40.682574], [-117.092531, 40.682591], [-117.092359, 40.682594], [-117.092209, 40.682604], [-117.092112, 40.68262], [-117.091927, 40.682666], [-117.09162, 40.682757], [-117.091507, 40.682776], [-117.091376, 40.682793], [-117.091088, 40.682814], [-117.090944, 40.682817], [-117.090787, 40.682814], [-117.090591, 40.682802]]}, "props": {"MTFCC": "S1400", "NAME": null}}, {"geom": {"type": "LineString", "coordinates": [[-117.080053, 40.687517], [-117.080047, 40.687619], [-117.080057, 40.687843], [-117.08007, 40.687951], [-117.080088, 40.688027], [-117.080164, 40.688272], [-117.080192, 40.688399], [-117.080215, 40.688455]]}, "props": {"MTFCC": "S1400", "NAME": null}}, {"geom": {"type": "LineString", "coordinates": [[-117.075844, 40.685133], [-117.076154, 40.685268], [-117.076267, 40.685323], [-117.07643, 40.685437], [-117.076712, 40.685659]]}, "props": {"MTFCC": "S1400", "NAME": null}}, {"geom": {"type": "LineString", "coordinates": [[-117.061314, 40.665788], [-117.061409, 40.665994], [-117.061478, 40.666172], [-117.061533, 40.666347], [-117.061598, 40.66659], [-117.061777, 40.667341], [-117.06182, 40.667579], [-117.061844, 40.667671], [-117.062013, 40.668113], [-117.062116, 40.668331], [-117.062233, 40.66861], [-117.062352, 40.668941], [-117.062416, 40.669075], [-117.062504, 40.669225], [-117.062698, 40.669497]]}, "props": {"MTFCC": "S1400", "NAME": null}}, {"geom": {"type": "LineString", "coordinates": [[-117.08841, 40.666188], [-117.089081, 40.666848], [-117.089235, 40.667161], [-117.089128, 40.668366], [-117.08928, 40.668465], [-117.09116, 40.668219], [-117.091736, 40.668265], [-117.091827, 40.668339]]}, "props": {"MTFCC": "S1400", "NAME": null}}, {"geom": {"type": "LineString", "coordinates": [[-117.052675, 40.651561], [-117.052791, 40.651841], [-117.052866, 40.651996], [-117.052961, 40.652133], [-117.053034, 40.652269], [-117.053081, 40.652396], [-117.052974, 40.652423], [-117.052608, 40.652496], [-117.052186, 40.652561], [-117.051327, 40.652684], [-117.050749, 40.652759], [-117.050532, 40.652792], [-117.050433, 40.652802], [-117.050341, 40.652803], [-117.050089, 40.652786], [-117.05001, 40.652792], [-117.049949, 40.652805], [-117.049656, 40.652892], [-117.049563, 40.652909], [-117.049312, 40.652932], [-117.04926, 40.652943], [-117.049149, 40.652976], [-117.049086, 40.653002], [-117.048966, 40.653067], [-117.048917, 40.653089], [-117.048854, 40.653106], [-117.04879, 40.653116], [-117.048666, 40.653119], [-117.048257, 40.653108]]}, "props": {"MTFCC": "S1400", "NAME": null}}, {"geom": {"type": "LineString", "coordinates": [[-117.043237, 40.650966], [-117.043688, 40.650963], [-117.044055, 40.650923], [-117.044365, 40.6509], [-117.044542, 40.650895], [-117.045172, 40.650903], [-117.045392, 40.650923], [-117.045687, 40.650941], [-117.045982, 40.650938], [-117.046125, 40.650922], [-117.046249, 40.650914], [-117.046419, 40.650894], [-117.046773, 40.650844], [-117.046924, 40.650828], [-117.047122, 40.650824], [-117.047301, 40.650826], [-117.047521, 40.65084], [-117.047732, 40.650869], [-117.048779, 40.651055], [-117.049178, 40.651143], [-117.049786, 40.651233]]}, "props": {"MTFCC": "S1400", "NAME": null}}, {"geom": {"type": "LineString", "coordinates": [[-117.045654, 40.649175], [-117.046525, 40.649668], [-117.047833, 40.650272], [-117.047912, 40.650317], [-117.047993, 40.65037], [-117.048204, 40.650522], [-117.048346, 40.650596], [-117.049031, 40.650884], [-117.049339, 40.651007], [-117.04955, 40.651102], [-117.049786, 40.651233]]}, "props": {"MTFCC": "S1400", "NAME": null}}, {"geom": {"type": "LineString", "coordinates": [[-117.02298, 40.6446], [-117.020486, 40.644889], [-117.020103, 40.644946], [-117.019653, 40.645025]]}, "props": {"MTFCC": "S1400", "NAME": null}}, {"geom": {"type": "LineString", "coordinates": [[-117.03415, 40.675026], [-117.033823, 40.675013], [-117.033397, 40.675009], [-117.032924, 40.675014], [-117.032342, 40.675035], [-117.03186, 40.675042], [-117.031678, 40.67504], [-117.030773, 40.674993], [-117.030232, 40.674976], [-117.029994, 40.674979], [-117.029424, 40.674977], [-117.028567, 40.674967], [-117.027737, 40.674946], [-117.026391, 40.674901], [-117.025555, 40.674886], [-117.024939, 40.674871], [-117.024343, 40.67485], [-117.023706, 40.674812], [-117.022993, 40.674805], [-117.022549, 40.67483], [-117.02223, 40.674816], [-117.021995, 40.674794], [-117.021804, 40.674783], [-117.021619, 40.674764], [-117.021412, 40.674736], [-117.021077, 40.674704], [-117.019866, 40.674685], [-117.019484, 40.674673], [-117.019312, 40.674664], [-117.018917, 40.674632], [-117.01864, 40.674618]]}, "props": {"MTFCC": "S1400", "NAME": null}}, {"geom": {"type": "LineString", "coordinates": [[-117.061076, 40.642354], [-117.060975, 40.64244], [-117.060786, 40.642517], [-117.06068, 40.642677], [-117.060495, 40.642793], [-117.060421, 40.64291], [-117.060386, 40.643001], [-117.060368, 40.643074], [-117.060344, 40.643132], [-117.06031, 40.643181], [-117.060027, 40.643466], [-117.059993, 40.643506], [-117.059983, 40.64354], [-117.059981, 40.643575], [-117.060017, 40.643789], [-117.060011, 40.643827], [-117.059997, 40.643865], [-117.059843, 40.644054], [-117.059791, 40.64415], [-117.059696, 40.644304], [-117.05963, 40.644371], [-117.059577, 40.644408], [-117.059523, 40.644433], [-117.059432, 40.644494], [-117.059348, 40.644564], [-117.059323, 40.644598], [-117.05928, 40.644674], [-117.059241, 40.644797], [-117.059194, 40.64488], [-117.059159, 40.644924], [-117.059092, 40.644984], [-117.059035, 40.645012], [-117.058982, 40.645032], [-117.058936, 40.645059], [-117.058914, 40.645087], [-117.058887, 40.645173], [-117.058889, 40.645378], [-117.058911, 40.645546], [-117.058925, 40.645586], [-117.058956, 40.645621], [-117.059012, 40.645644], [-117.05917, 40.64568], [-117.059287, 40.64573], [-117.059317, 40.645762], [-117.059352, 40.645818], [-117.059366, 40.645886]]}, "props": {"MTFCC": "S1400", "NAME": null}}, {"geom": {"type": "LineString", "coordinates": [[-117.018663, 40.644604], [-117.018693, 40.644621], [-117.01874, 40.644657], [-117.018809, 40.644701], [-117.018884, 40.644733], [-117.01932, 40.644873], [-117.019401, 40.644903], [-117.019653, 40.645025]]}, "props": {"MTFCC": "S1400", "NAME": null}}, {"geom": {"type": "LineString", "coordinates": [[-117.06031, 40.652479], [-117.06037, 40.652526], [-117.060431, 40.652554], [-117.060757, 40.652663], [-117.060836, 40.652699], [-117.060901, 40.652734], [-117.060985, 40.652772], [-117.061258, 40.652914], [-117.061319, 40.652942], [-117.061384, 40.652964], [-117.061439, 40.652972], [-117.061506, 40.65297], [-117.061618, 40.652956], [-117.061742, 40.652947], [-117.06184, 40.652945], [-117.061916, 40.652953], [-117.062038, 40.652979], [-117.062241, 40.653044], [-117.062315, 40.653075], [-117.062457, 40.653089], [-117.062722, 40.653089], [-117.062807, 40.653084], [-117.062886, 40.653089], [-117.06296, 40.653101], [-117.063125, 40.653152], [-117.063211, 40.653186], [-117.063294, 40.653227], [-117.063364, 40.653281], [-117.06341, 40.653334], [-117.063474, 40.653458], [-117.0635, 40.653521], [-117.063612, 40.653696], [-117.063706, 40.653797], [-117.063761, 40.653844], [-117.063814, 40.653881], [-117.063867, 40.653912], [-117.063922, 40.653932], [-117.063989, 40.653947]]}, "props": {"MTFCC": "S1400", "NAME": null}}, {"geom": {"type": "LineString", "coordinates": [[-117.06663, 40.642368], [-117.066449, 40.642993], [-117.066431, 40.643092], [-117.06642, 40.643246], [-117.06641, 40.643288], [-117.066378, 40.643328], [-117.066248, 40.64342], [-117.066205, 40.643459], [-117.066132, 40.643571], [-117.065915, 40.643807], [-117.065781, 40.643941], [-117.065676, 40.644084]]}, "props": {"MTFCC": "S1400", "NAME": null}}, {"geom": {"type": "LineString", "coordinates": [[-117.288631, 40.551971], [-117.288942, 40.552308], [-117.28924, 40.552672], [-117.289362, 40.552826], [-117.289422, 40.552901], [-117.289653, 40.553175], [-117.289801, 40.553364], [-117.289962, 40.553535], [-117.290443, 40.554092], [-117.290615, 40.554312], [-117.290989, 40.554757], [-117.291177, 40.554955], [-117.291346, 40.555148], [-117.291537, 40.555391], [-117.291893, 40.555809], [-117.291993, 40.55592], [-117.292133, 40.556074], [-117.292456, 40.556443], [-117.292744, 40.556789], [-117.292996, 40.557104], [-117.293264, 40.557418], [-117.293578, 40.557755], [-117.294125, 40.558421], [-117.295258, 40.559733], [-117.295548, 40.560048], [-117.29584, 40.560403], [-117.29609, 40.560686], [-117.296369, 40.561018], [-117.296623, 40.561333], [-117.296905, 40.561648], [-117.297398, 40.562169], [-117.297761, 40.562618], [-117.297897, 40.562776], [-117.298093, 40.562991], [-117.298871, 40.563917], [-117.298989, 40.564066], [-117.299465, 40.564605], [-117.300315, 40.5656]]}, "props": {"MTFCC": "S1400", "NAME": null}}, {"geom": {"type": "LineString", "coordinates": [[-117.26053, 40.616518], [-117.260338, 40.616621], [-117.260122, 40.616703], [-117.259892, 40.616738], [-117.259675, 40.616721], [-117.259436, 40.616662], [-117.259194, 40.616637], [-117.258967, 40.616646], [-117.258667, 40.616691]]}, "props": {"MTFCC": "S1400", "NAME": null}}, {"geom": {"type": "LineString", "coordinates": [[-117.285821, 40.558044], [-117.286247, 40.558464], [-117.287067, 40.559251], [-117.288228, 40.560385], [-117.288388, 40.560524], [-117.288381, 40.560613], [-117.288305, 40.560865], [-117.288138, 40.561223], [-117.287871, 40.561817], [-117.287496, 40.562495], [-117.287181, 40.563114], [-117.285633, 40.566088], [-117.285527, 40.5663], [-117.285283, 40.566789], [-117.284669, 40.567938], [-117.284341, 40.568606], [-117.28347, 40.570322], [-117.282847, 40.571575], [-117.281789, 40.573586], [-117.281361, 40.574455], [-117.280736, 40.575632], [-117.279735, 40.577605], [-117.279614, 40.57775], [-117.279472, 40.578026], [-117.279037, 40.578943], [-117.278986, 40.579051], [-117.278893, 40.579185], [-117.278792, 40.579414], [-117.278486, 40.580034], [-117.278408, 40.580256], [-117.278179, 40.580709], [-117.278093, 40.58093], [-117.277904, 40.581313], [-117.277486, 40.582069], [-117.277364, 40.582223], [-117.27717, 40.582533], [-117.276972, 40.582959], [-117.276689, 40.583536], [-117.2763, 40.584247], [-117.275622, 40.585659], [-117.275299, 40.586372], [-117.274846, 40.587272], [-117.274605, 40.587638], [-117.274385, 40.588095], [-117.27394, 40.588952], [-117.273597, 40.589669], [-117.273181, 40.590472], [-117.273136, 40.590571], [-117.272911, 40.591069], [-117.272477, 40.59188], [-117.271797, 40.593109], [-117.271409, 40.593906], [-117.270608, 40.595516], [-117.270039, 40.596625], [-117.269705, 40.597164], [-117.269178, 40.59803], [-117.268907, 40.598614], [-117.268758, 40.599204], [-117.268457, 40.599744], [-117.268177, 40.600311], [-117.267729, 40.601156], [-117.267549, 40.601703], [-117.267078, 40.602437], [-117.266124, 40.604157], [-117.265934, 40.604577]]}, "props": {"MTFCC": "S1400", "NAME": null}}, {"geom": {"type": "LineString", "coordinates": [[-117.300086, 40.598763], [-117.299756, 40.598815], [-117.29942, 40.598921], [-117.299153, 40.599029], [-117.298894, 40.599128], [-117.298511, 40.599215], [-117.29818, 40.599257], [-117.297973, 40.599321], [-117.297726, 40.599357], [-117.297418, 40.599384], [-117.297158, 40.599493], [-117.296847, 40.599631], [-117.296634, 40.599684], [-117.296388, 40.599789], [-117.296147, 40.599846], [-117.295595, 40.599956], [-117.294918, 40.600066], [-117.294241, 40.600165], [-117.293676, 40.600264], [-117.293147, 40.600349], [-117.292682, 40.600417], [-117.292209, 40.600499], [-117.291708, 40.60058], [-117.291263, 40.600659], [-117.290871, 40.600687], [-117.289574, 40.600793], [-117.289016, 40.600818], [-117.288446, 40.600806], [-117.287446, 40.600777], [-117.287001, 40.600777], [-117.286418, 40.600843], [-117.286001, 40.600918], [-117.28523, 40.601065], [-117.284619, 40.601215], [-117.283928, 40.601324], [-117.283376, 40.601429], [-117.283083, 40.601521], [-117.28271, 40.601571], [-117.282333, 40.601584], [-117.281884, 40.601626], [-117.281316, 40.601672], [-117.280503, 40.601748], [-117.279401, 40.601937], [-117.27887, 40.602043], [-117.278406, 40.6021], [-117.277999, 40.602223], [-117.277515, 40.602353], [-117.277132, 40.602519]]}, "props": {"MTFCC": "S1400", "NAME": null}}, {"geom": {"type": "LineString", "coordinates": [[-117.181914, 40.714591], [-117.181824, 40.714576], [-117.181749, 40.714556], [-117.181708, 40.714537], [-117.181672, 40.714509], [-117.181599, 40.714436]]}, "props": {"MTFCC": "S1400", "NAME": null}}, {"geom": {"type": "LineString", "coordinates": [[-117.088084, 40.713618], [-117.088887, 40.713891], [-117.089244, 40.714257], [-117.089468, 40.715245], [-117.089518, 40.71628], [-117.089879, 40.716921], [-117.090388, 40.717196], [-117.090721, 40.717286]]}, "props": {"MTFCC": "S1400", "NAME": null}}, {"geom": {"type": "LineString", "coordinates": [[-117.475576, 40.723049], [-117.475543, 40.723099], [-117.475386, 40.723307], [-117.47527, 40.723431], [-117.475152, 40.723572], [-117.475038, 40.723743], [-117.474942, 40.723908], [-117.47483, 40.724184], [-117.474744, 40.724357], [-117.47461605555556, 40.7247]]}, "props": {"MTFCC": "S1400", "NAME": null}}, {"geom": {"type": "LineString", "coordinates": [[-117.493822, 40.722735], [-117.493709, 40.723024], [-117.49363, 40.723276], [-117.493555, 40.723547], [-117.493307, 40.724566], [-117.49327084954605, 40.7247]]}, "props": {"MTFCC": "S1400", "NAME": null}}, {"geom": {"type": "LineString", "coordinates": [[-117.495641, 40.715899], [-117.495426, 40.716697], [-117.495255, 40.717369], [-117.495205, 40.71754], [-117.495055, 40.71814], [-117.494987, 40.718374], [-117.494875, 40.718825], [-117.494793, 40.719096], [-117.494718, 40.719416], [-117.494599, 40.719831], [-117.494309, 40.720931], [-117.494248, 40.721197], [-117.49417, 40.721477], [-117.494075, 40.721855], [-117.494027, 40.722022], [-117.49398, 40.72223], [-117.493877, 40.722595], [-117.493822, 40.722735], [-117.494035, 40.722728], [-117.494207, 40.722746], [-117.494307, 40.722775], [-117.494435, 40.722791], [-117.494539, 40.722781], [-117.494697, 40.722818], [-117.494889, 40.722901], [-117.495077, 40.722973], [-117.495209, 40.723009], [-117.495403, 40.723072], [-117.495591, 40.72314], [-117.495792, 40.723199], [-117.49608, 40.723296], [-117.496598, 40.723492], [-117.497056, 40.723631], [-117.498721, 40.724211], [-117.499233, 40.724402], [-117.499484, 40.724487], [-117.49969, 40.724565], [-117.499934, 40.724641], [-117.50009057692307, 40.7247]]}, "props": {"MTFCC": "S1400", "NAME": null}}, {"geom": {"type": "LineString", "coordinates": [[-117.495868, 40.69348], [-117.495896, 40.693583], [-117.495988, 40.693835], [-117.49601, 40.693929], [-117.49605, 40.694236], [-117.496075, 40.694375], [-117.496175, 40.694775], [-117.496236, 40.695041], [-117.496244, 40.695071], [-117.496439, 40.695819], [-117.496451, 40.695878], [-117.496487, 40.696053], [-117.496892, 40.697696], [-117.49693, 40.697876], [-117.497006, 40.698159], [-117.497336, 40.699478], [-117.49737, 40.699653], [-117.497384, 40.699705], [-117.497432, 40.699882], [-117.497539, 40.700319], [-117.497607, 40.700575], [-117.497669, 40.700877], [-117.497685, 40.700944], [-117.497999, 40.702227], [-117.498106, 40.702645], [-117.498322, 40.703541], [-117.49848, 40.704234], [-117.498513, 40.704535], [-117.498504, 40.704702], [-117.498484, 40.704819]]}, "props": {"MTFCC": "S1400", "NAME": null}}, {"geom": {"type": "LineString", "coordinates": [[-117.177216, 40.713395], [-117.177089, 40.713384], [-117.176895, 40.71336], [-117.176375, 40.713272], [-117.176218, 40.713252], [-117.17593, 40.713233], [-117.17562, 40.713248], [-117.175225, 40.713277], [-117.175006, 40.713297], [-117.174793, 40.713321], [-117.174398, 40.713386], [-117.174266, 40.713412], [-117.174104, 40.713432], [-117.17398, 40.713442], [-117.173838, 40.713463], [-117.173412, 40.713545], [-117.173259, 40.713566], [-117.173068, 40.713586], [-117.172867, 40.713615], [-117.172607, 40.71367], [-117.172463, 40.713694], [-117.17232, 40.713711], [-117.171602, 40.71376], [-117.171414, 40.713765], [-117.17128, 40.713779], [-117.171176, 40.713794], [-117.170852, 40.713862], [-117.170583, 40.713928], [-117.170026, 40.714054], [-117.169875, 40.714081], [-117.169556, 40.714118], [-117.168566, 40.714229], [-117.168493, 40.714241], [-117.168289, 40.714298], [-117.168067, 40.714382], [-117.167855, 40.714457], [-117.167695, 40.714507], [-117.167576, 40.714538], [-117.1674, 40.714572], [-117.167259, 40.714595], [-117.167162, 40.714615], [-117.167056, 40.714643], [-117.166896, 40.714701], [-117.166737, 40.714777], [-117.166564, 40.714883], [-117.166371, 40.714961], [-117.166061, 40.715063], [-117.165789, 40.715136], [-117.165679, 40.715155], [-117.165554, 40.71517], [-117.165347, 40.715182], [-117.16519, 40.715197], [-117.165071, 40.715216], [-117.164966, 40.715239], [-117.164858, 40.715252], [-117.164607, 40.715241], [-117.164429, 40.715226], [-117.164291, 40.715222], [-117.163984, 40.715236], [-117.16359, 40.71528], [-117.16343, 40.715292], [-117.162995, 40.715297], [-117.162527, 40.715285], [-117.162349, 40.715275], [-117.162202, 40.715275], [-117.162096, 40.71528], [-117.161867, 40.715328], [-117.16177, 40.715338], [-117.161673, 40.715333], [-117.161573, 40.715314], [-117.161494, 40.715285], [-117.161403, 40.715257], [-117.161309, 40.715238], [-117.161035, 40.715211], [-117.16078, 40.715208], [-117.160679, 40.715212], [-117.160561, 40.715244], [-117.160286, 40.715399], [-117.160226, 40.715423], [-117.16016, 40.715435], [-117.160075, 40.715445], [-117.159975, 40.715445], [-117.159925, 40.715435], [-117.159881, 40.715421], [-117.159818, 40.715385], [-117.159771, 40.715345], [-117.159737, 40.715302], [-117.159696, 40.715262], [-117.159611, 40.715166], [-117.159554, 40.715042], [-117.159501, 40.714875], [-117.159442, 40.714633], [-117.159396, 40.714488], [-117.159354, 40.714409], [-117.159287, 40.714312], [-117.158956, 40.71395], [-117.158551, 40.713558], [-117.158495, 40.713512], [-117.158426, 40.713469], [-117.158169, 40.713354], [-117.158116, 40.71332], [-117.158069, 40.713275], [-117.158031, 40.713223], [-117.157944, 40.713076], [-117.157889, 40.712997], [-117.157798, 40.712898], [-117.157489, 40.712608], [-117.157465, 40.712572], [-117.157439, 40.71252], [-117.157427, 40.712466], [-117.157432, 40.712383], [-117.157509, 40.711972], [-117.157518, 40.711849], [-117.157508, 40.711664], [-117.157496, 40.711589], [-117.157465, 40.71149], [-117.157439, 40.711456], [-117.157397, 40.711419], [-117.157353, 40.711392], [-117.157286, 40.711358], [-117.156963, 40.71124], [-117.156546, 40.711068], [-117.156281, 40.710937], [-117.155957, 40.710759], [-117.155801, 40.710664], [-117.155506, 40.71044], [-117.155302, 40.71032], [-117.155179, 40.710268], [-117.155093, 40.710239], [-117.154936, 40.710179], [-117.154863, 40.710147], [-117.154818, 40.710114], [-117.154787, 40.710078], [-117.154748, 40.709994], [-117.154742, 40.70994], [-117.154735, 40.709764], [-117.154699, 40.709633], [-117.154611, 40.709398], [-117.154573, 40.709324], [-117.154457, 40.709141], [-117.154426, 40.709062], [-117.154373, 40.708808], [-117.154259, 40.708358], [-117.154233, 40.708198], [-117.154247, 40.70795], [-117.154245, 40.707896], [-117.154218, 40.707773], [-117.154189, 40.707697], [-117.153992, 40.707336], [-117.153812, 40.707053], [-117.153784, 40.706965], [-117.153781, 40.706913], [-117.1538, 40.706694], [-117.153793, 40.706654], [-117.153743, 40.706557], [-117.153601, 40.70634], [-117.153584, 40.706299], [-117.153576, 40.706263], [-117.153527, 40.706114], [-117.153496, 40.706049], [-117.153469, 40.706013], [-117.153423, 40.70597], [-117.153368, 40.705927], [-117.153307, 40.705891], [-117.15308, 40.70578], [-117.152976, 40.705737], [-117.152904, 40.705719], [-117.152799, 40.705701], [-117.152499, 40.70563], [-117.152367, 40.705576], [-117.152327, 40.705548], [-117.152251, 40.705449], [-117.152161, 40.705273], [-117.152132, 40.705226], [-117.152075, 40.705165], [-117.151915, 40.705025], [-117.151837, 40.704964], [-117.151695, 40.704875], [-117.151588, 40.704825], [-117.151245, 40.704684], [-117.151109, 40.704622], [-117.15101, 40.70457], [-117.150939, 40.704527], [-117.150872, 40.704477], [-117.150794, 40.704403], [-117.150678, 40.704263], [-117.150638, 40.704221], [-117.150596, 40.704185], [-117.150439, 40.704084], [-117.150371, 40.704045], [-117.150276, 40.704], [-117.150168, 40.703961], [-117.150062, 40.703934], [-117.149823, 40.703891], [-117.149693, 40.703861], [-117.149573, 40.703827], [-117.14949, 40.703796], [-117.149187, 40.703643], [-117.148987, 40.703527], [-117.148739, 40.703361], [-117.148559, 40.703221], [-117.148447, 40.703122], [-117.148354, 40.70303], [-117.148272, 40.702941], [-117.14819, 40.702864], [-117.148123, 40.702813], [-117.148049, 40.702778], [-117.147987, 40.702758], [-117.147849, 40.702706], [-117.147714, 40.702647], [-117.147644, 40.702604], [-117.147559, 40.702559], [-117.147481, 40.702523], [-117.147404, 40.702501], [-117.147251, 40.702473], [-117.146817, 40.702425], [-117.146654, 40.702422], [-117.146364, 40.702439], [-117.14609, 40.70247], [-117.145668, 40.702524], [-117.145522, 40.702535], [-117.145392, 40.70254], [-117.144905, 40.702512], [-117.144743, 40.702511], [-117.144389, 40.702522], [-117.144072, 40.702537], [-117.143926, 40.702533], [-117.143826, 40.702522], [-117.143581, 40.702473], [-117.143055, 40.702328], [-117.142933, 40.702287], [-117.142785, 40.702226], [-117.142709, 40.702203], [-117.14268, 40.702201], [-117.142654, 40.702207], [-117.142645, 40.702239], [-117.142658, 40.702254], [-117.14268, 40.70227], [-117.143468, 40.702584], [-117.14383, 40.702736], [-117.144099, 40.702831], [-117.144666, 40.70299], [-117.145011, 40.703103], [-117.145119, 40.703132], [-117.145237, 40.703152], [-117.145383, 40.70317], [-117.145547, 40.703198], [-117.14583, 40.70326], [-117.146168, 40.703351], [-117.146253, 40.703378], [-117.146331, 40.70341], [-117.146411, 40.703455], [-117.146496, 40.703511], [-117.146577, 40.703572], [-117.146771, 40.703741], [-117.147289, 40.70423], [-117.147355, 40.704282], [-117.147485, 40.704361], [-117.147822, 40.704531], [-117.148062, 40.704642], [-117.148154, 40.704689], [-117.148229, 40.704741], [-117.14834, 40.704829], [-117.148478, 40.704967], [-117.14866, 40.705189], [-117.148769, 40.705306], [-117.148809, 40.705367], [-117.148818, 40.705426], [-117.148802, 40.705482], [-117.148776, 40.705527], [-117.148741, 40.705554], [-117.148698, 40.705574], [-117.148649, 40.70559], [-117.14859, 40.705595], [-117.148533, 40.705592], [-117.148321, 40.705542], [-117.148224, 40.705528], [-117.147912, 40.705526], [-117.147469, 40.705536], [-117.147199, 40.705556], [-117.14681, 40.7056], [-117.146343, 40.705668], [-117.145958, 40.705734], [-117.145508, 40.705781], [-117.145229, 40.705806], [-117.145169, 40.705815], [-117.14513, 40.705828], [-117.145097, 40.705851], [-117.145077, 40.705887], [-117.145076, 40.705925], [-117.145085, 40.705959], [-117.145116, 40.705993], [-117.145159, 40.706029], [-117.145362, 40.706164], [-117.145525, 40.706253], [-117.1457, 40.706338], [-117.145912, 40.706423], [-117.146033, 40.706466], [-117.14627, 40.706534], [-117.146744, 40.706652], [-117.147006, 40.706733], [-117.147162, 40.706804], [-117.147254, 40.706866], [-117.147309, 40.706921], [-117.147349, 40.706973], [-117.14738, 40.707022], [-117.147498, 40.707293], [-117.147769, 40.707962], [-117.147838, 40.708088], [-117.147871, 40.708138], [-117.148415, 40.708808], [-117.148653, 40.709059], [-117.148664, 40.709088], [-117.148652, 40.709115], [-117.148634, 40.709128], [-117.14861, 40.709138], [-117.148579, 40.70914], [-117.148383, 40.70912], [-117.148144, 40.709115], [-117.148003, 40.709117], [-117.14793, 40.709123], [-117.14785, 40.709144], [-117.147781, 40.709171], [-117.147538, 40.709315], [-117.14735, 40.709458], [-117.147213, 40.709582], [-117.14706, 40.709736], [-117.146869, 40.709943], [-117.14678, 40.710046], [-117.146686, 40.710131], [-117.146654, 40.710147], [-117.146624, 40.710157], [-117.146579, 40.710159], [-117.146544, 40.710156], [-117.146497, 40.710139], [-117.146156, 40.709969], [-117.146014, 40.709913], [-117.14584, 40.709837], [-117.145483, 40.70971], [-117.145362, 40.709672], [-117.145237, 40.709618], [-117.145138, 40.709548], [-117.145084, 40.709499], [-117.144894, 40.709295], [-117.144804, 40.709207], [-117.144695, 40.709116], [-117.144522, 40.708992], [-117.144417, 40.708924], [-117.14421, 40.708821], [-117.144007, 40.70873], [-117.14379, 40.708603], [-117.143719, 40.708588], [-117.143644, 40.708587], [-117.143616, 40.708595], [-117.143599, 40.708622], [-117.14358, 40.708668], [-117.143493, 40.708961], [-117.143395, 40.709191], [-117.14332, 40.70933], [-117.1432, 40.709526], [-117.143136, 40.709603], [-117.143054, 40.70968], [-117.142976, 40.709761], [-117.142731, 40.710099], [-117.142675, 40.710209], [-117.142637, 40.710299], [-117.142607, 40.710357], [-117.142562, 40.710399], [-117.142518, 40.710427], [-117.142482, 40.710443], [-117.142427, 40.710455], [-117.142319, 40.710461], [-117.142229, 40.710455], [-117.142118, 40.71044], [-117.142014, 40.710418], [-117.141842, 40.710368], [-117.141679, 40.710291], [-117.141626, 40.710253], [-117.14156, 40.710191], [-117.141471, 40.710086], [-117.141348, 40.709917], [-117.141231, 40.709729], [-117.141189, 40.709652], [-117.141115, 40.709465], [-117.141063, 40.709363], [-117.14103, 40.709318], [-117.140897, 40.709198], [-117.140789, 40.709117], [-117.140703, 40.709071], [-117.140637, 40.709044], [-117.140311, 40.70899], [-117.140231, 40.708969], [-117.140039, 40.708898], [-117.139739, 40.708729], [-117.139366, 40.708535], [-117.139277, 40.708485], [-117.139014, 40.708313], [-117.138863, 40.708187], [-117.138644, 40.707975], [-117.13843, 40.707785], [-117.138231, 40.707656], [-117.138182, 40.707634], [-117.13813, 40.70762], [-117.138087, 40.707615], [-117.138028, 40.707624], [-117.137929, 40.707665], [-117.137892, 40.707691], [-117.137837, 40.707756], [-117.137748, 40.707908], [-117.137636, 40.708156], [-117.1376, 40.708257], [-117.137471, 40.708683], [-117.137389, 40.708912], [-117.137363, 40.708972], [-117.137337, 40.708992], [-117.137299, 40.709003], [-117.137264, 40.708998], [-117.13721, 40.708964], [-117.137153, 40.708951], [-117.137042, 40.708957], [-117.136735, 40.708995], [-117.136466, 40.709018], [-117.136289, 40.709038], [-117.136221, 40.709053], [-117.136054, 40.709106], [-117.135923, 40.709157], [-117.135662, 40.709238], [-117.135253, 40.709341], [-117.135057, 40.709379], [-117.134951, 40.709404], [-117.134867, 40.709433], [-117.134817, 40.709458], [-117.134781, 40.709484], [-117.134723, 40.709539], [-117.134633, 40.709606], [-117.134447, 40.709718], [-117.134149, 40.709877], [-117.133997, 40.709946], [-117.133881, 40.709987], [-117.133712, 40.710023], [-117.133427, 40.710049], [-117.133358, 40.710061], [-117.1333, 40.710081], [-117.133214, 40.710121], [-117.132785, 40.710398], [-117.132626, 40.710489], [-117.132375, 40.710613], [-117.132188, 40.710692], [-117.132009, 40.710776], [-117.131934, 40.710821], [-117.131862, 40.710873], [-117.13179, 40.710933], [-117.131643, 40.711069], [-117.131468, 40.711217], [-117.131421, 40.711272], [-117.131384, 40.711334], [-117.13134, 40.711389], [-117.131181, 40.711501], [-117.131046, 40.711575], [-117.130929, 40.711626], [-117.130783, 40.711683], [-117.130508, 40.711774], [-117.130362, 40.71181], [-117.130141, 40.711848], [-117.129761, 40.711902], [-117.129478, 40.711932], [-117.129396, 40.71193], [-117.129305, 40.711913], [-117.129258, 40.711894], [-117.129167, 40.71184], [-117.129081, 40.711758], [-117.129032, 40.711697], [-117.128928, 40.711518], [-117.1289, 40.711454], [-117.128878, 40.711389], [-117.128837, 40.711184], [-117.128812, 40.711127], [-117.12879, 40.71111], [-117.128762, 40.711096], [-117.128702, 40.711075], [-117.12858, 40.71107], [-117.128504, 40.711078], [-117.128477, 40.711091], [-117.128383, 40.711173], [-117.128278, 40.711292], [-117.128095, 40.711486], [-117.128001, 40.711579], [-117.127822, 40.711728], [-117.127776, 40.71176], [-117.127732, 40.711782], [-117.127657, 40.711791], [-117.127613, 40.711791], [-117.127557, 40.711784], [-117.127503, 40.711765], [-117.127447, 40.711739], [-117.12735, 40.711683], [-117.127256, 40.71162], [-117.127201, 40.711576], [-117.12713, 40.711508], [-117.126688, 40.711146], [-117.126569, 40.711034], [-117.126468, 40.710927], [-117.126366, 40.710831], [-117.126318, 40.710794], [-117.126252, 40.710753], [-117.126161, 40.710718], [-117.126083, 40.710704], [-117.126056, 40.710706], [-117.126033, 40.710708], [-117.125979, 40.71072], [-117.125839, 40.710825], [-117.125757, 40.710906], [-117.125601, 40.711105], [-117.125279, 40.711574], [-117.125105, 40.711846], [-117.125064, 40.711896], [-117.125014, 40.711937], [-117.124964, 40.711966], [-117.124813, 40.712023], [-117.124669, 40.712052], [-117.124582, 40.712054], [-117.124519, 40.712047], [-117.124323, 40.712012], [-117.124171, 40.711974], [-117.123877, 40.711881], [-117.123757, 40.711839], [-117.123682, 40.711817], [-117.123616, 40.711813], [-117.123548, 40.711815], [-117.123501, 40.711825], [-117.123347, 40.711884], [-117.123185, 40.711972], [-117.122944, 40.712132], [-117.122653, 40.712302], [-117.122585, 40.712328], [-117.122515, 40.712343], [-117.122458, 40.71235], [-117.122333, 40.712338], [-117.122227, 40.712312], [-117.12191, 40.712212], [-117.121738, 40.712153], [-117.121675, 40.712127], [-117.12164, 40.712103], [-117.121609, 40.712069], [-117.121584, 40.712027], [-117.121534, 40.711849], [-117.121276, 40.711157], [-117.121112, 40.710804], [-117.121071, 40.71073], [-117.121021, 40.710654], [-117.120892, 40.710502], [-117.120831, 40.710447], [-117.120751, 40.710387], [-117.120616, 40.710342], [-117.120498, 40.710321], [-117.120303, 40.710297], [-117.119921, 40.710262], [-117.119585, 40.710246], [-117.119361, 40.710253], [-117.119147, 40.710275], [-117.118994, 40.710296], [-117.118865, 40.710318], [-117.118759, 40.710344], [-117.11864, 40.71038], [-117.11854, 40.710428], [-117.118427, 40.710507], [-117.118261, 40.710669], [-117.118042, 40.710927], [-117.117817, 40.71117], [-117.117739, 40.711273], [-117.117708, 40.711332], [-117.117627, 40.71163], [-117.117546, 40.711807], [-117.117443, 40.711938], [-117.117377, 40.712012], [-117.117299, 40.712088], [-117.116971, 40.712374], [-117.116891, 40.712435], [-117.116705, 40.712556], [-117.116028, 40.713045], [-117.115875, 40.713115], [-117.115808, 40.713127], [-117.115716, 40.713134], [-117.115493, 40.713143], [-117.115249, 40.713148], [-117.115142, 40.713141], [-117.115011, 40.71312], [-117.114883, 40.713091], [-117.114666, 40.713034], [-117.11445, 40.712978], [-117.11387, 40.712837], [-117.113463, 40.712738], [-117.1133, 40.712693], [-117.113134, 40.712626], [-117.112983, 40.712555], [-117.112827, 40.712474], [-117.11212, 40.712125], [-117.111964, 40.712055], [-117.111729, 40.711965], [-117.111242, 40.711787], [-117.111115, 40.711737], [-117.110331, 40.711399], [-117.110258, 40.711361], [-117.110078, 40.711301], [-117.109968, 40.711283], [-117.109871, 40.711273], [-117.109802, 40.71128], [-117.109742, 40.711295], [-117.109601, 40.71139], [-117.109523, 40.711436], [-117.109461, 40.711464], [-117.109392, 40.711488], [-117.109211, 40.711524], [-117.109031, 40.711547], [-117.10896, 40.71155], [-117.108881, 40.711546], [-117.108819, 40.711534], [-117.108762, 40.711515], [-117.108709, 40.711484], [-117.108668, 40.711448], [-117.10863, 40.711401], [-117.108586, 40.711336], [-117.108511, 40.711193], [-117.10842, 40.71101], [-117.108392, 40.710981], [-117.108357, 40.710974], [-117.108317, 40.710979], [-117.108, 40.711089], [-117.107831, 40.711137], [-117.107575, 40.711194], [-117.10692, 40.71135], [-117.10609, 40.71156], [-117.106016, 40.711571], [-117.105953, 40.711575], [-117.105802, 40.711565], [-117.105696, 40.711544], [-117.105526, 40.711485], [-117.105429, 40.711442], [-117.10536, 40.711368], [-117.105235, 40.711196], [-117.105178, 40.711142], [-117.105109, 40.711087], [-117.105031, 40.711034], [-117.104962, 40.711001], [-117.104845, 40.710955], [-117.104689, 40.71092], [-117.10452, 40.710899], [-117.104078, 40.710857], [-117.10373, 40.710818]]}, "props": {"MTFCC": "S1400", "NAME": null}}, {"geom": {"type": "LineString", "coordinates": [[-117.531477, 40.687073], [-117.531178, 40.687374], [-117.530535, 40.687876], [-117.529847, 40.688248], [-117.529185, 40.688472], [-117.528821, 40.688647], [-117.528582, 40.689008], [-117.528447, 40.68946], [-117.528304, 40.689982]]}, "props": {"MTFCC": "S1400", "NAME": null}}, {"geom": {"type": "LineString", "coordinates": [[-117.558428, 40.701174], [-117.558423, 40.701243], [-117.558458, 40.701328], [-117.558522, 40.701441], [-117.558674, 40.701573], [-117.558914, 40.70175], [-117.559179, 40.701919], [-117.559471, 40.702117], [-117.559547, 40.702153], [-117.559633, 40.702213], [-117.559681, 40.702298], [-117.559746, 40.702458], [-117.559808, 40.702668], [-117.559912, 40.702954], [-117.559978, 40.703178], [-117.559985, 40.703321], [-117.55997, 40.703422], [-117.559947, 40.70349], [-117.559952, 40.703568], [-117.559984, 40.703625], [-117.559984, 40.703694], [-117.559959, 40.703776], [-117.559915, 40.70388], [-117.559865, 40.703965], [-117.559838, 40.704074], [-117.559833, 40.704208], [-117.559836, 40.704328], [-117.559877, 40.704417], [-117.559917, 40.70452], [-117.560049, 40.704683], [-117.560085, 40.704759], [-117.560101, 40.704861], [-117.560133, 40.704982], [-117.560154, 40.705098], [-117.560145, 40.705213], [-117.560121, 40.705355], [-117.560101, 40.705607], [-117.560141, 40.70571], [-117.5602, 40.705801], [-117.560261, 40.705868]]}, "props": {"MTFCC": "S1400", "NAME": null}}, {"geom": {"type": "LineString", "coordinates": [[-117.494217, 40.693336], [-117.494638, 40.693358]]}, "props": {"MTFCC": "S1400", "NAME": null}}, {"geom": {"type": "LineString", "coordinates": [[-117.395686, 40.683848], [-117.395617, 40.684259], [-117.39381, 40.691419], [-117.393252, 40.693728], [-117.392483, 40.69691], [-117.392091, 40.699908]]}, "props": {"MTFCC": "S1400", "NAME": null}}, {"geom": {"type": "LineString", "coordinates": [[-117.303061, 40.716517], [-117.303428, 40.716934], [-117.303578, 40.717113], [-117.304047, 40.717611]]}, "props": {"MTFCC": "S1400", "NAME": null}}, {"geom": {"type": "LineString", "coordinates": [[-117.384516, 40.683846], [-117.384287, 40.684005], [-117.38375, 40.684417], [-117.383622, 40.684525], [-117.383283, 40.684728], [-117.383058, 40.684883], [-117.382721, 40.6851], [-117.382504, 40.685281], [-117.382314, 40.685456], [-117.382098, 40.685671], [-117.382026, 40.685748]]}, "props": {"MTFCC": "S1400", "NAME": null}}, {"geom": {"type": "LineString", "coordinates": [[-117.492393, 40.684177], [-117.492392, 40.684182]]}, "props": {"MTFCC": "S1400", "NAME": null}}, {"geom": {"type": "LineString", "coordinates": [[-117.342037, 40.711264], [-117.341735, 40.711478], [-117.341272, 40.711788], [-117.341137, 40.711874], [-117.340819, 40.71209], [-117.340562, 40.712306], [-117.340446, 40.712393], [-117.340237, 40.712549], [-117.34006, 40.712664], [-117.339642, 40.71303], [-117.339167, 40.713424], [-117.338955, 40.713645], [-117.338546, 40.714089], [-117.338332, 40.714345], [-117.338183, 40.714539], [-117.337841, 40.71492], [-117.337395, 40.715381], [-117.337274, 40.715495], [-117.337152, 40.715551], [-117.337004, 40.715683], [-117.336929, 40.715784], [-117.336813, 40.715894], [-117.336679, 40.71598], [-117.336623, 40.716043], [-117.336532, 40.716274], [-117.336469, 40.716418], [-117.336367, 40.716537], [-117.336245, 40.716666], [-117.33605, 40.716923], [-117.335924, 40.717149], [-117.335766, 40.717338], [-117.335573, 40.71758], [-117.335434, 40.717774], [-117.33521, 40.718018], [-117.334915, 40.718205], [-117.334829, 40.718316], [-117.333993, 40.719253], [-117.333731, 40.719576], [-117.333402, 40.719923], [-117.332877, 40.720419], [-117.332798, 40.720489], [-117.332564, 40.720698], [-117.332418, 40.720857], [-117.332299, 40.720944], [-117.332197, 40.721008], [-117.332108, 40.721108], [-117.33196, 40.721286], [-117.33182, 40.721438], [-117.331611, 40.721687], [-117.331335, 40.721948], [-117.330996, 40.722352], [-117.33075, 40.722607], [-117.330619, 40.722774], [-117.330426, 40.722958], [-117.330206, 40.723156], [-117.329783, 40.723583], [-117.329254, 40.724129], [-117.329152, 40.72426], [-117.32894, 40.724593], [-117.3288373045977, 40.7247]]}, "props": {"MTFCC": "S1400", "NAME": null}}, {"geom": {"type": "LineString", "coordinates": [[-117.348332, 40.717004], [-117.348422, 40.717073], [-117.348423, 40.717439], [-117.348304, 40.717724], [-117.348242, 40.717874], [-117.348363, 40.718629], [-117.348364, 40.719842], [-117.348214, 40.7203], [-117.348274, 40.720689], [-117.348485, 40.721032], [-117.348575, 40.721604], [-117.349207, 40.722427], [-117.349659, 40.723297], [-117.349762, 40.723418], [-117.35005, 40.723754], [-117.35008, 40.724486], [-117.3501818725645, 40.7247]]}, "props": {"MTFCC": "S1400", "NAME": null}}, {"geom": {"type": "LineString", "coordinates": [[-117.344791, 40.6837], [-117.34463, 40.683814], [-117.344547, 40.683972], [-117.344478, 40.684174], [-117.344463, 40.684361], [-117.344486, 40.684493]]}, "props": {"MTFCC": "S1400", "NAME": null}}, {"geom": {"type": "LineString", "coordinates": [[-117.344146, 40.683581], [-117.344149, 40.683711]]}, "props": {"MTFCC": "S1400", "NAME": null}}, {"geom": {"type": "LineString", "coordinates": [[-117.359559, 40.683588], [-117.35916, 40.684034], [-117.357764, 40.685245], [-117.35676, 40.686476]]}, "props": {"MTFCC": "S1400", "NAME": null}}, {"geom": {"type": "LineString", "coordinates": [[-117.252282, 40.630626], [-117.252519, 40.630774], [-117.252877, 40.63097], [-117.253543, 40.63135], [-117.254069, 40.631593], [-117.254449, 40.631774], [-117.254792, 40.631876]]}, "props": {"MTFCC": "S1400", "NAME": null}}, {"geom": {"type": "LineString", "coordinates": [[-117.255747, 40.623969], [-117.255732, 40.624061], [-117.255374, 40.627241], [-117.254974, 40.630427], [-117.254792, 40.631876], [-117.254754, 40.632164]]}, "props": {"MTFCC": "S1400", "NAME": null}}, {"geom": {"type": "LineString", "coordinates": [[-117.181452, 40.714826], [-117.181575, 40.714924], [-117.181597, 40.714953], [-117.181623, 40.715016], [-117.181628, 40.715055], [-117.181632, 40.715212], [-117.181619, 40.715535], [-117.181628, 40.715998], [-117.181621, 40.716236], [-117.181588, 40.716436], [-117.181552, 40.717057], [-117.181557, 40.717297], [-117.181573, 40.71746], [-117.181569, 40.717706], [-117.181548, 40.717876], [-117.181549, 40.71806], [-117.18151, 40.718198], [-117.181435, 40.718354], [-117.181348, 40.718472], [-117.181238, 40.718658], [-117.181217, 40.718708], [-117.181201, 40.718846], [-117.18121, 40.719087], [-117.181202, 40.719228], [-117.181163, 40.719379], [-117.180914, 40.719925], [-117.180835, 40.720138], [-117.180759, 40.720561], [-117.180711, 40.720751], [-117.180683, 40.72081], [-117.18047, 40.721107], [-117.18, 40.721819], [-117.179732, 40.722301], [-117.179535, 40.722569], [-117.179469, 40.722689], [-117.179419, 40.72282], [-117.179321, 40.723112], [-117.179251, 40.723362], [-117.179224, 40.723515], [-117.179206, 40.723676], [-117.179215, 40.724592], [-117.1792096035976, 40.7247]]}, "props": {"MTFCC": "S1400", "NAME": null}}, {"geom": {"type": "LineString", "coordinates": [[-117.210176, 40.709533], [-117.210085, 40.709634], [-117.209836, 40.709936], [-117.209466, 40.710281], [-117.208879, 40.710809], [-117.208454, 40.711183], [-117.208019, 40.711549], [-117.20768, 40.71179], [-117.207384, 40.712018], [-117.207097, 40.712262], [-117.206961, 40.712489], [-117.206894, 40.712768], [-117.206912, 40.713052], [-117.206872, 40.713268], [-117.206754, 40.713642], [-117.206596, 40.713997], [-117.206395, 40.714359], [-117.206209, 40.714664], [-117.206082, 40.7149], [-117.205963, 40.71519]]}, "props": {"MTFCC": "S1400", "NAME": null}}, {"geom": {"type": "LineString", "coordinates": [[-117.182004, 40.713124], [-117.181899, 40.713187], [-117.181848, 40.713223], [-117.181804, 40.713264], [-117.181732, 40.713381], [-117.181655, 40.713557], [-117.181623, 40.713324], [-117.181626, 40.71325], [-117.181671, 40.713075]]}, "props": {"MTFCC": "S1400", "NAME": null}}, {"geom": {"type": "LineString", "coordinates": [[-117.093887, 40.705762], [-117.094034, 40.705483], [-117.094553, 40.70456], [-117.094748, 40.704271], [-117.094806, 40.704174], [-117.094871, 40.704021], [-117.094901, 40.703965], [-117.094943, 40.703902], [-117.095489, 40.703251], [-117.095783, 40.702899], [-117.09591, 40.702737], [-117.09601, 40.70263], [-117.096047, 40.702582], [-117.096078, 40.702532], [-117.096097, 40.702487], [-117.096187, 40.70216], [-117.096244, 40.702019], [-117.096406, 40.701757], [-117.096426, 40.701709], [-117.096475, 40.701454], [-117.096503, 40.701378], [-117.09654, 40.701311], [-117.096621, 40.701209], [-117.096718, 40.701103], [-117.096979, 40.700837], [-117.097016, 40.700791], [-117.097074, 40.700701], [-117.097344, 40.700317], [-117.097386, 40.700244], [-117.09744, 40.700097], [-117.09755, 40.699906], [-117.097468, 40.699737], [-117.097358, 40.699663], [-117.097302, 40.699618], [-117.097257, 40.699575], [-117.097236, 40.69954], [-117.097182, 40.699488], [-117.09713, 40.699454], [-117.097007, 40.69941], [-117.096622, 40.699314], [-117.09644, 40.699281], [-117.096284, 40.699235], [-117.096017, 40.699197], [-117.095952, 40.699391], [-117.095721, 40.699938], [-117.095546, 40.700309], [-117.095365, 40.700619], [-117.095171, 40.70091], [-117.095065, 40.701048], [-117.094936, 40.701205], [-117.09484, 40.701313], [-117.094743, 40.701399], [-117.094627, 40.701487], [-117.094455, 40.701597], [-117.093411, 40.702334], [-117.093197, 40.702465], [-117.093137, 40.70248], [-117.092884, 40.70253], [-117.092677, 40.702612], [-117.092412, 40.702689], [-117.092126, 40.702772], [-117.092026, 40.702793], [-117.091877, 40.702813], [-117.091553, 40.702834], [-117.091481, 40.702851], [-117.091428, 40.702884], [-117.091375, 40.702927], [-117.091165, 40.703141], [-117.09103, 40.703302], [-117.090977, 40.703374], [-117.090841, 40.703527], [-117.090768, 40.7036], [-117.090574, 40.703745], [-117.090494, 40.703796], [-117.089935, 40.704115], [-117.089782, 40.704214], [-117.08972, 40.704247], [-117.089657, 40.70427], [-117.089594, 40.704285], [-117.089525, 40.70429], [-117.089306, 40.704285], [-117.089222, 40.70429], [-117.089162, 40.704307], [-117.089081, 40.704342], [-117.088809, 40.704512], [-117.088674, 40.704605], [-117.088299, 40.704827], [-117.087998, 40.704973], [-117.087466, 40.70524], [-117.087222, 40.705354], [-117.087043, 40.705431], [-117.086962, 40.705472], [-117.086871, 40.705512], [-117.08678, 40.705546], [-117.08648, 40.705643], [-117.086383, 40.705679], [-117.086279, 40.705725], [-117.085914, 40.705942], [-117.085716, 40.706071], [-117.085168, 40.706488], [-117.085012, 40.706624], [-117.084788, 40.706792], [-117.08469, 40.706858], [-117.084122, 40.707165], [-117.083752, 40.707355], [-117.082466, 40.708068], [-117.082118, 40.708232], [-117.082012, 40.708276], [-117.081946, 40.708294], [-117.081855, 40.708306], [-117.081372, 40.708334], [-117.081295, 40.708347], [-117.08114, 40.708403], [-117.080914, 40.708505], [-117.080812, 40.708546], [-117.080685, 40.70859], [-117.080595, 40.708616], [-117.080393, 40.708656], [-117.079917, 40.708708], [-117.079722, 40.708735], [-117.079588, 40.708742], [-117.079469, 40.708742], [-117.079281, 40.708732], [-117.079047, 40.708733], [-117.078857, 40.70874], [-117.07869, 40.708751], [-117.078479, 40.708771], [-117.078297, 40.708793], [-117.078153, 40.708817], [-117.077803, 40.708896], [-117.077458, 40.708998], [-117.077001, 40.709177], [-117.076879, 40.70923], [-117.076324, 40.709544], [-117.076225, 40.709593], [-117.076131, 40.709631], [-117.075837, 40.709717], [-117.075415, 40.709876], [-117.075119, 40.709999], [-117.075038, 40.710028], [-117.07489, 40.710066], [-117.074723, 40.710095], [-117.074575, 40.710112], [-117.074465, 40.710118], [-117.074355, 40.710117], [-117.075121, 40.709076], [-117.075758, 40.708191], [-117.075967, 40.707885], [-117.076223, 40.707469], [-117.076314, 40.707342], [-117.076464, 40.707155], [-117.076774, 40.706788]]}, "props": {"MTFCC": "S1400", "NAME": null}}, {"geom": {"type": "LineString", "coordinates": [[-117.142204, 40.642524], [-117.142398, 40.642763], [-117.142513, 40.64288], [-117.142617, 40.642968], [-117.142723, 40.64304], [-117.142842, 40.643107], [-117.142954, 40.643159], [-117.143094, 40.643211], [-117.143256, 40.643264], [-117.143413, 40.643306], [-117.14352, 40.643329], [-117.143606, 40.643342], [-117.143754, 40.643358], [-117.144076, 40.643376], [-117.144181, 40.643399], [-117.144481, 40.643486], [-117.144562, 40.643503], [-117.144814, 40.64355], [-117.144897, 40.643569], [-117.144961, 40.643592], [-117.145094, 40.643651], [-117.145155, 40.643702], [-117.145214, 40.643772], [-117.145267, 40.643824], [-117.145311, 40.64386], [-117.145373, 40.643892], [-117.145448, 40.643926], [-117.145532, 40.643958], [-117.145696, 40.644002], [-117.145787, 40.644017], [-117.146209, 40.644067], [-117.146539, 40.644085], [-117.14678, 40.644117], [-117.146938, 40.644108], [-117.14729, 40.644097], [-117.147484, 40.644103], [-117.14765, 40.644124], [-117.147805, 40.644166], [-117.147922, 40.644206], [-117.148194, 40.64432], [-117.148305, 40.644379], [-117.148377, 40.644433], [-117.148455, 40.644516], [-117.148516, 40.644573], [-117.148588, 40.644625], [-117.148696, 40.644686], [-117.148987, 40.644811], [-117.149262, 40.644897], [-117.149412, 40.644935], [-117.149536, 40.644957], [-117.149767, 40.644987], [-117.150116, 40.645005], [-117.150266, 40.645003], [-117.150378, 40.645012], [-117.150495, 40.645028], [-117.150547, 40.645045], [-117.150588, 40.645064], [-117.150671, 40.645119], [-117.150737, 40.645184], [-117.150801, 40.645266], [-117.151009, 40.645416], [-117.15118, 40.645523], [-117.151451, 40.645743], [-117.151539, 40.645824], [-117.151751, 40.646053], [-117.152151, 40.646432], [-117.152243, 40.646546], [-117.152598, 40.646896], [-117.152753, 40.647063], [-117.15279, 40.64709], [-117.152833, 40.647111], [-117.152887, 40.647121], [-117.152948, 40.647117], [-117.153125, 40.647075], [-117.153233, 40.647058], [-117.153316, 40.647051], [-117.153388, 40.64707], [-117.153441, 40.647097], [-117.153499, 40.64714], [-117.153616, 40.64727], [-117.153688, 40.64734], [-117.153816, 40.647485], [-117.153909, 40.647601], [-117.153998, 40.647702], [-117.154059, 40.647746], [-117.154123, 40.647781], [-117.15426, 40.647839], [-117.154466, 40.647892], [-117.154593, 40.647915], [-117.154849, 40.647974], [-117.155009, 40.648035], [-117.155131, 40.648094], [-117.155254, 40.648166], [-117.155407, 40.648289], [-117.155495, 40.648366], [-117.155698, 40.648591], [-117.155758, 40.648681], [-117.155844, 40.648875], [-117.155877, 40.648921], [-117.155921, 40.648966], [-117.155999, 40.649028], [-117.156129, 40.649097], [-117.156229, 40.649167], [-117.156323, 40.649259], [-117.156434, 40.649352], [-117.156648, 40.649493], [-117.156714, 40.649559], [-117.15677, 40.649641], [-117.15693, 40.649782], [-117.156992, 40.64982], [-117.157087, 40.649858], [-117.157314, 40.64994], [-117.157378, 40.649986], [-117.157445, 40.650056], [-117.157539, 40.650182], [-117.157617, 40.650301], [-117.157759, 40.650566], [-117.157826, 40.650678], [-117.157923, 40.650796], [-117.157965, 40.650836], [-117.158024, 40.650875], [-117.15808, 40.650901], [-117.158145, 40.650923], [-117.158243, 40.650944], [-117.158416, 40.650995], [-117.15847, 40.651024], [-117.158783, 40.651213], [-117.15895, 40.651329], [-117.159291, 40.65158], [-117.159526, 40.651734], [-117.159641, 40.651801], [-117.1597, 40.651821], [-117.159765, 40.651837], [-117.159977, 40.651864], [-117.160174, 40.651899], [-117.160246, 40.651933], [-117.160318, 40.65199], [-117.160581, 40.652279], [-117.160705, 40.652425], [-117.160742, 40.652518], [-117.16078, 40.652699], [-117.160821, 40.652813], [-117.160997, 40.653015], [-117.161205, 40.653329], [-117.161283, 40.653508], [-117.161381, 40.653713], [-117.161437, 40.653819], [-117.161526, 40.653922], [-117.161587, 40.654], [-117.161737, 40.654147], [-117.16182, 40.654221], [-117.161884, 40.654303], [-117.162118, 40.654677], [-117.162168, 40.654749], [-117.162412, 40.654972], [-117.162671, 40.655229], [-117.162735, 40.655303], [-117.162821, 40.655427], [-117.163024, 40.655765], [-117.16326, 40.656035], [-117.163356, 40.656138], [-117.163397, 40.656169], [-117.16391, 40.656427], [-117.163985, 40.656494], [-117.164043, 40.656589], [-117.164094, 40.656692], [-117.16413, 40.656804], [-117.164272, 40.657074], [-117.164339, 40.657163], [-117.164422, 40.65726], [-117.164536, 40.657405], [-117.164589, 40.657496], [-117.164647, 40.65762], [-117.164734, 40.657757], [-117.164886, 40.658029], [-117.164971, 40.658298], [-117.164993, 40.658439], [-117.165094, 40.658663], [-117.165159, 40.658751], [-117.165175, 40.658785], [-117.165227, 40.658939], [-117.16527, 40.659187], [-117.165309, 40.659312], [-117.165356, 40.659422], [-117.165398, 40.659474], [-117.165503, 40.659582], [-117.165601, 40.659673], [-117.165703, 40.659781], [-117.165789, 40.659859], [-117.165834, 40.65992], [-117.165859, 40.660006], [-117.165922, 40.660093], [-117.166212, 40.660337], [-117.166269, 40.660368], [-117.166373, 40.660396], [-117.166462, 40.660404], [-117.166589, 40.660425], [-117.166695, 40.660457], [-117.166733, 40.660476], [-117.166765, 40.660498], [-117.166824, 40.66057], [-117.166973, 40.660724], [-117.167089, 40.660817], [-117.167139, 40.660847], [-117.167206, 40.660872], [-117.167297, 40.660921], [-117.167372, 40.660994], [-117.16742, 40.661059], [-117.167506, 40.661205], [-117.167737, 40.661633], [-117.167818, 40.66177], [-117.167879, 40.661855], [-117.168085, 40.662114], [-117.168171, 40.66226], [-117.16823, 40.662382], [-117.168288, 40.662477], [-117.168427, 40.662671], [-117.168458, 40.662745], [-117.1685, 40.66311], [-117.168573, 40.663264], [-117.16862, 40.663308], [-117.168659, 40.66333], [-117.16871, 40.663348], [-117.168831, 40.663382], [-117.168962, 40.663443], [-117.169183, 40.663582], [-117.169278, 40.663621], [-117.169587, 40.663712], [-117.169752, 40.66375], [-117.16984, 40.663758], [-117.169935, 40.663773], [-117.170071, 40.663806], [-117.170215, 40.663854], [-117.170315, 40.663895], [-117.170399, 40.663949], [-117.17046, 40.664029], [-117.170491, 40.664086], [-117.170507, 40.664154], [-117.170519, 40.664403], [-117.170558, 40.664513], [-117.170611, 40.664614], [-117.170703, 40.664707], [-117.170797, 40.664789], [-117.170902, 40.664846], [-117.171005, 40.664884], [-117.171332, 40.664976], [-117.171371, 40.664991], [-117.171447, 40.665029], [-117.171563, 40.665113], [-117.171619, 40.665159], [-117.171647, 40.665194], [-117.171725, 40.665326], [-117.171853, 40.665482], [-117.172058, 40.66565], [-117.172142, 40.665733], [-117.172206, 40.665832], [-117.172261, 40.665901], [-117.172284, 40.665913], [-117.172353, 40.665962], [-117.172495, 40.666034], [-117.172592, 40.666127], [-117.172661, 40.666171], [-117.172747, 40.666213], [-117.173066, 40.666331], [-117.173163, 40.666362], [-117.173261, 40.666411], [-117.173605, 40.666598], [-117.174167, 40.666919]]}, "props": {"MTFCC": "S1400", "NAME": null}}, {"geom": {"type": "LineString", "coordinates": [[-117.103112, 40.678152], [-117.105186, 40.678265], [-117.107019, 40.678173]]}, "props": {"MTFCC": "S1400", "NAME": null}}, {"geom": {"type": "LineString", "coordinates": [[-117.083472, 40.691365], [-117.08364, 40.691527], [-117.083772, 40.691673], [-117.08394, 40.691832]]}, "props": {"MTFCC": "S1400", "NAME": null}}, {"geom": {"type": "LineString", "coordinates": [[-117.085737, 40.690069], [-117.086279, 40.69028]]}, "props": {"MTFCC": "S1400", "NAME": null}}, {"geom": {"type": "LineString", "coordinates": [[-117.081593, 40.686176], [-117.081673, 40.686386], [-117.081723, 40.686567], [-117.081742, 40.686672], [-117.081794, 40.687311], [-117.081825, 40.687554], [-117.081844, 40.687821], [-117.081857, 40.687897], [-117.081897, 40.68804], [-117.081907, 40.688129], [-117.081897, 40.688169], [-117.081882, 40.688205], [-117.081829, 40.688281], [-117.081807, 40.688349], [-117.0818, 40.688421], [-117.081823, 40.688501], [-117.081857, 40.68857], [-117.082017, 40.688796], [-117.08204, 40.688838], [-117.082049, 40.688881], [-117.08204, 40.688956], [-117.082022, 40.689049]]}, "props": {"MTFCC": "S1400", "NAME": null}}, {"geom": {"type": "LineString", "coordinates": [[-117.071816, 40.689389], [-117.071452, 40.689061], [-117.071092, 40.688681], [-117.070999, 40.688575], [-117.070475, 40.687933], [-117.070374, 40.6878], [-117.070258, 40.687666], [-117.069989, 40.68738], [-117.069909, 40.687313], [-117.069845, 40.687273], [-117.069728, 40.68722], [-117.069649, 40.687194], [-117.069347, 40.687114], [-117.069221, 40.687066], [-117.069112, 40.687019], [-117.069008, 40.686969], [-117.068925, 40.68692], [-117.068893, 40.686901], [-117.068704, 40.686825], [-117.06845, 40.686732], [-117.067807, 40.686529]]}, "props": {"MTFCC": "S1400", "NAME": null}}, {"geom": {"type": "LineString", "coordinates": [[-117.075124, 40.684543], [-117.075202, 40.684635], [-117.07522, 40.684656], [-117.075281, 40.684716], [-117.075346, 40.684771], [-117.075692, 40.685037], [-117.075844, 40.685133]]}, "props": {"MTFCC": "S1400", "NAME": null}}, {"geom": {"type": "LineString", "coordinates": [[-117.088963, 40.682853], [-117.089211, 40.682786], [-117.089369, 40.682733], [-117.089448, 40.682715], [-117.08953, 40.682703], [-117.089706, 40.682691], [-117.089858, 40.682689], [-117.090101, 40.6827], [-117.09032, 40.682737], [-117.090591, 40.682802]]}, "props": {"MTFCC": "S1400", "NAME": null}}, {"geom": {"type": "LineString", "coordinates": [[-117.080392, 40.681188], [-117.080606, 40.681307], [-117.080744, 40.681399], [-117.081061, 40.681763], [-117.081127, 40.681856], [-117.081158, 40.681915], [-117.081175, 40.681963], [-117.081198, 40.682228], [-117.081216, 40.682295], [-117.081247, 40.682364], [-117.081334, 40.682503], [-117.081419, 40.682617], [-117.081474, 40.68271], [-117.081498, 40.68276], [-117.081531, 40.68289], [-117.081559, 40.683171], [-117.08158, 40.683305], [-117.081585, 40.683473], [-117.081554, 40.683705]]}, "props": {"MTFCC": "S1400", "NAME": null}}, {"geom": {"type": "LineString", "coordinates": [[-117.083061, 40.669278], [-117.083279, 40.66972], [-117.08315, 40.669783], [-117.083058, 40.66985], [-117.083015, 40.669901], [-117.082929, 40.670064], [-117.082762, 40.670379], [-117.082581, 40.670732], [-117.082363, 40.671121], [-117.082321, 40.671227], [-117.082304, 40.671291], [-117.082291, 40.671371], [-117.082276, 40.671751], [-117.082251, 40.672013], [-117.08223, 40.672142], [-117.082211, 40.672308], [-117.082161, 40.672523], [-117.08213, 40.672609], [-117.082089, 40.672813], [-117.082081, 40.672921], [-117.082019, 40.67321], [-117.081956, 40.673376], [-117.081936, 40.673443], [-117.081918, 40.673585], [-117.081907, 40.673818], [-117.081887, 40.673942], [-117.081862, 40.674058], [-117.08181, 40.674192], [-117.081735, 40.674307], [-117.081663, 40.674405], [-117.081603, 40.674499], [-117.081567, 40.674569], [-117.081519, 40.674697], [-117.081472, 40.674806], [-117.081384, 40.674986], [-117.081268, 40.675241], [-117.081085, 40.675758], [-117.081065, 40.675865], [-117.081034, 40.676104], [-117.080969, 40.676342], [-117.080926, 40.676445], [-117.080891, 40.676546], [-117.080862, 40.676695], [-117.080847, 40.676905], [-117.080832, 40.676986], [-117.080788, 40.677126], [-117.080748, 40.677217], [-117.080697, 40.67731], [-117.080645, 40.677418], [-117.080592, 40.677536], [-117.080536, 40.677636], [-117.080514, 40.677686], [-117.080499, 40.677736], [-117.080493, 40.678039], [-117.080496, 40.678146], [-117.080487, 40.67822], [-117.080465, 40.678294], [-117.080434, 40.678353], [-117.08034, 40.678496], [-117.080293, 40.678582], [-117.08024, 40.678713], [-117.080121, 40.679119], [-117.07999, 40.679507], [-117.079919, 40.679734], [-117.079813, 40.680046], [-117.079644, 40.680635], [-117.079601, 40.680771], [-117.07956, 40.680869]]}, "props": {"MTFCC": "S1400", "NAME": null}}, {"geom": {"type": "LineString", "coordinates": [[-117.080319, 40.6808], [-117.080301, 40.680852], [-117.080291, 40.680978], [-117.080304, 40.681057], [-117.080323, 40.6811], [-117.080392, 40.681188]]}, "props": {"MTFCC": "S1400", "NAME": null}}, {"geom": {"type": "LineString", "coordinates": [[-117.080053, 40.687517], [-117.07959, 40.687613], [-117.079512, 40.687638], [-117.079452, 40.687666], [-117.079405, 40.687702], [-117.079365, 40.687752], [-117.079343, 40.6878], [-117.079258, 40.688122], [-117.079234, 40.688184], [-117.079091, 40.688489], [-117.079043, 40.688615], [-117.079003, 40.688749]]}, "props": {"MTFCC": "S1400", "NAME": null}}, {"geom": {"type": "LineString", "coordinates": [[-117.076712, 40.685659], [-117.076647, 40.685853], [-117.076609, 40.68595], [-117.076555, 40.686048], [-117.076499, 40.686131], [-117.076433, 40.686207], [-117.076321, 40.686312], [-117.076182, 40.686433], [-117.076069, 40.686516], [-117.075978, 40.686592], [-117.075909, 40.686664], [-117.075872, 40.686728], [-117.075847, 40.6868], [-117.075833, 40.686868], [-117.075818, 40.687009], [-117.075803, 40.687055], [-117.075763, 40.687107], [-117.075524, 40.687385], [-117.075422, 40.687513], [-117.075327, 40.687655], [-117.075165, 40.687928], [-117.075065, 40.688045], [-117.074996, 40.688102], [-117.074799, 40.688252], [-117.074696, 40.68834], [-117.074418, 40.688546], [-117.074332, 40.68863], [-117.074289, 40.688701], [-117.074257, 40.688769], [-117.074158, 40.689015], [-117.074038, 40.689246], [-117.073986, 40.689306], [-117.073927, 40.689356], [-117.07377, 40.689448], [-117.073519, 40.689557], [-117.073342, 40.689612], [-117.073267, 40.689629], [-117.073001, 40.689676], [-117.072957, 40.689691], [-117.072763, 40.689796], [-117.072675, 40.689839], [-117.072575, 40.68987], [-117.072487, 40.689889], [-117.072424, 40.689896], [-117.072371, 40.689886], [-117.072312, 40.689846], [-117.071972, 40.689523], [-117.071816, 40.689389]]}, "props": {"MTFCC": "S1400", "NAME": null}}, {"geom": {"type": "LineString", "coordinates": [[-117.086279, 40.69028], [-117.086167, 40.691092], [-117.086106, 40.691488], [-117.086045, 40.69179], [-117.086, 40.692064], [-117.085977, 40.692349]]}, "props": {"MTFCC": "S1400", "NAME": null}}, {"geom": {"type": "LineString", "coordinates": [[-117.072088, 40.671262], [-117.071907, 40.67134], [-117.071734, 40.671397], [-117.071636, 40.671423], [-117.071453, 40.671463], [-117.071007, 40.671588], [-117.070803, 40.671623], [-117.070681, 40.671638], [-117.070544, 40.671649], [-117.07026, 40.671671], [-117.070171, 40.671685], [-117.070138, 40.6717], [-117.070104, 40.671723], [-117.070072, 40.671756], [-117.069848, 40.672078], [-117.069813, 40.672118], [-117.069761, 40.672154], [-117.069703, 40.672187], [-117.069619, 40.672224], [-117.069519, 40.672258], [-117.069333, 40.672308], [-117.069081, 40.672383], [-117.068977, 40.672408], [-117.068875, 40.672427], [-117.068675, 40.672454], [-117.068332, 40.672528], [-117.068117, 40.672569], [-117.067798, 40.672665], [-117.067723, 40.672683], [-117.067095, 40.6728], [-117.066782, 40.67287], [-117.066641, 40.672898], [-117.06634, 40.672979], [-117.06602, 40.673027], [-117.065876, 40.673166], [-117.065817, 40.673259], [-117.065781, 40.673325], [-117.065746, 40.673417], [-117.065688, 40.673655], [-117.065667, 40.673774]]}, "props": {"MTFCC": "S1400", "NAME": null}}, {"geom": {"type": "LineString", "coordinates": [[-117.064997, 40.672986], [-117.065364, 40.673016], [-117.06602, 40.673027]]}, "props": {"MTFCC": "S1400", "NAME": null}}, {"geom": {"type": "LineString", "coordinates": [[-117.045654, 40.649175], [-117.045495, 40.649266], [-117.044757, 40.649778], [-117.044584, 40.64992], [-117.044464, 40.650025], [-117.044319, 40.650118], [-117.044047, 40.650274], [-117.043934, 40.650344], [-117.04378, 40.650457], [-117.043697, 40.650528], [-117.043237, 40.650966]]}, "props": {"MTFCC": "S1400", "NAME": null}}, {"geom": {"type": "LineString", "coordinates": [[-117.069986, 40.670125], [-117.069865, 40.670234], [-117.069778, 40.670333], [-117.069717, 40.670416], [-117.069677, 40.670449], [-117.069637, 40.670465], [-117.06958, 40.670477], [-117.06954, 40.670477], [-117.069471, 40.670461], [-117.069398, 40.670443], [-117.069341, 40.67042], [-117.069301, 40.670388], [-117.069278, 40.670328], [-117.069267, 40.670231]]}, "props": {"MTFCC": "S1400", "NAME": null}}, {"geom": {"type": "LineString", "coordinates": [[-117.02298, 40.6446], [-117.024244, 40.644746], [-117.027374, 40.644011], [-117.034086, 40.643549], [-117.034658, 40.643392], [-117.035617, 40.642849], [-117.03581, 40.642999], [-117.036125, 40.643219], [-117.036346, 40.643398], [-117.036646, 40.643608], [-117.036749, 40.643665], [-117.036844, 40.643704], [-117.036994, 40.643745], [-117.037079, 40.643776], [-117.037657, 40.644126], [-117.037946, 40.644307], [-117.038336, 40.644568], [-117.038723, 40.644811], [-117.03928, 40.645214], [-117.039433, 40.64531], [-117.040212, 40.64578], [-117.040591, 40.645988], [-117.040707, 40.646043], [-117.041069, 40.646237], [-117.041598, 40.646571], [-117.041755, 40.646685], [-117.04192, 40.646815], [-117.042186, 40.646997], [-117.042584, 40.647215], [-117.0427, 40.647274], [-117.042958, 40.647465], [-117.043213, 40.647608], [-117.043386, 40.647698], [-117.043464, 40.647761], [-117.043536, 40.647838], [-117.043616, 40.647906], [-117.043766, 40.647993], [-117.04494, 40.648717], [-117.045116, 40.648845], [-117.045654, 40.649175]]}, "props": {"MTFCC": "S1400", "NAME": null}}, {"geom": {"type": "LineString", "coordinates": [[-117.060065, 40.647986], [-117.060179, 40.648046], [-117.060249, 40.648091], [-117.060312, 40.648123], [-117.06038, 40.648137], [-117.060475, 40.648136], [-117.060659, 40.648122], [-117.060924, 40.648114], [-117.061123, 40.648092], [-117.06141, 40.64805], [-117.061489, 40.648045], [-117.061524, 40.648047], [-117.061579, 40.648062], [-117.061601, 40.648077], [-117.061767, 40.648267], [-117.061842, 40.648344], [-117.061927, 40.648419], [-117.061995, 40.648454], [-117.062043, 40.648469], [-117.062109, 40.648474], [-117.062429, 40.648465], [-117.062563, 40.648457], [-117.062707, 40.64843], [-117.062814, 40.648398], [-117.062874, 40.648375], [-117.063289, 40.648186], [-117.063411, 40.648125], [-117.0635, 40.648074], [-117.063784, 40.647874], [-117.063999, 40.647698]]}, "props": {"MTFCC": "S1400", "NAME": null}}, {"geom": {"type": "LineString", "coordinates": [[-117.065676, 40.644084], [-117.065621, 40.64416], [-117.065528, 40.644319], [-117.065393, 40.644617], [-117.065372, 40.6447], [-117.06536, 40.64477], [-117.065345, 40.644989], [-117.065344, 40.645102], [-117.065368, 40.64529]]}, "props": {"MTFCC": "S1400", "NAME": null}}, {"geom": {"type": "LineString", "coordinates": [[-117.052531, 40.642334], [-117.052424, 40.642477], [-117.052287, 40.642897], [-117.052283, 40.643079], [-117.052296, 40.643265], [-117.052269, 40.643373], [-117.052225, 40.643454], [-117.052191, 40.643494], [-117.052142, 40.643541], [-117.052087, 40.643571], [-117.052001, 40.643601], [-117.051889, 40.643627], [-117.051764, 40.643641], [-117.051418, 40.643645], [-117.051355, 40.643659], [-117.051286, 40.643685], [-117.051246, 40.643731], [-117.051213, 40.643785], [-117.051177, 40.643896], [-117.051174, 40.644052], [-117.051233, 40.644403], [-117.051225, 40.64449], [-117.051209, 40.644583], [-117.05119, 40.644652], [-117.051107, 40.644784], [-117.051051, 40.644857], [-117.050857, 40.645082], [-117.050788, 40.645178], [-117.050773, 40.645235], [-117.050769, 40.645298], [-117.050788, 40.645361], [-117.050832, 40.645436], [-117.050954, 40.64567], [-117.05097, 40.645757], [-117.050975, 40.645832], [-117.050962, 40.645895], [-117.050939, 40.645948], [-117.050891, 40.64603], [-117.050643, 40.646327], [-117.050509, 40.646453], [-117.05039, 40.64654], [-117.050318, 40.646585], [-117.050238, 40.646622], [-117.050149, 40.646647], [-117.049954, 40.646694], [-117.049846, 40.646736], [-117.049745, 40.646769], [-117.049568, 40.646817], [-117.049465, 40.646838], [-117.049146, 40.646883], [-117.048859, 40.646952], [-117.048583, 40.647043], [-117.04847, 40.647088], [-117.048288, 40.647193], [-117.048193, 40.647265], [-117.04788, 40.647453], [-117.047673, 40.647592], [-117.047545, 40.64769], [-117.046889, 40.648127], [-117.046767, 40.648232], [-117.046708, 40.648289], [-117.046594, 40.648424], [-117.046424, 40.648607], [-117.046275, 40.648736], [-117.045654, 40.649175]]}, "props": {"MTFCC": "S1400", "NAME": null}}, {"geom": {"type": "LineString", "coordinates": [[-117.067807, 40.686529], [-117.06747, 40.686592]]}, "props": {"MTFCC": "S1400", "NAME": null}}, {"geom": {"type": "LineString", "coordinates": [[-117.052383, 40.651091], [-117.05255, 40.651323], [-117.052585, 40.651382], [-117.052675, 40.651561]]}, "props": {"MTFCC": "S1400", "NAME": null}}, {"geom": {"type": "LineString", "coordinates": [[-117.466632, 40.713249], [-117.466484, 40.713369], [-117.466323, 40.71353], [-117.466156, 40.713754], [-117.466068, 40.714031], [-117.465898, 40.714521], [-117.46585, 40.71466], [-117.465869, 40.714793], [-117.465881, 40.714938], [-117.465874, 40.715088], [-117.465798, 40.715288], [-117.465746, 40.715481], [-117.465624, 40.715665], [-117.46552, 40.715837], [-117.465497, 40.715972], [-117.465468, 40.716102], [-117.46539, 40.716185], [-117.465083, 40.716395], [-117.465049, 40.716418], [-117.464853, 40.716481], [-117.46469, 40.716573], [-117.464263, 40.716833], [-117.464018, 40.71699], [-117.463751, 40.717117], [-117.463522, 40.71722], [-117.463405, 40.717332], [-117.463179, 40.717466], [-117.462876, 40.717601], [-117.462598, 40.717719], [-117.462364, 40.717812], [-117.462176, 40.717849], [-117.462, 40.71789], [-117.461559, 40.718032], [-117.461378, 40.718055], [-117.461136, 40.718094], [-117.46069, 40.718149], [-117.460503, 40.718186], [-117.460308, 40.718235], [-117.460156, 40.718264], [-117.459901, 40.718247], [-117.459688, 40.718237], [-117.459526, 40.718311], [-117.459381, 40.718413], [-117.459257, 40.718488], [-117.458992, 40.718648], [-117.458825, 40.718717], [-117.45861, 40.718797], [-117.458384, 40.718859], [-117.458121, 40.718946], [-117.457848, 40.719065], [-117.457679, 40.719165], [-117.45756, 40.719241], [-117.457451, 40.719327], [-117.457369, 40.719454], [-117.457283, 40.719559], [-117.457181, 40.719631], [-117.457052, 40.719675], [-117.456941, 40.719724], [-117.456832, 40.719818], [-117.456768, 40.719938], [-117.456651, 40.720055], [-117.456527, 40.720121], [-117.456307, 40.720188], [-117.455946, 40.720361], [-117.455828, 40.72047], [-117.455641, 40.720558], [-117.455195, 40.720713], [-117.455045, 40.720746], [-117.454889, 40.720835], [-117.454775, 40.720942], [-117.454728, 40.720997], [-117.454599, 40.721151], [-117.454468, 40.721329], [-117.454356, 40.721404], [-117.454137, 40.72149], [-117.453855, 40.721581], [-117.453657, 40.721676], [-117.453385, 40.721768], [-117.452951, 40.72202], [-117.452741, 40.722131], [-117.45223, 40.722307], [-117.451976, 40.722439], [-117.451876, 40.722499], [-117.451715, 40.722523], [-117.451514, 40.72253], [-117.451122, 40.722535], [-117.45082, 40.722609], [-117.450589, 40.722726], [-117.450446, 40.722776], [-117.450258, 40.722824], [-117.4501, 40.72291], [-117.449903, 40.722978], [-117.449738, 40.723075], [-117.449555, 40.723144], [-117.44938, 40.723187], [-117.449207, 40.723215], [-117.449034, 40.723238], [-117.448835, 40.723249], [-117.448717, 40.72327], [-117.448429, 40.723375], [-117.448284, 40.723389], [-117.447938, 40.723523], [-117.447797, 40.723568], [-117.447661, 40.723645], [-117.447498, 40.723715], [-117.447296, 40.723763], [-117.447206, 40.723779], [-117.447082, 40.723789], [-117.446909, 40.723811], [-117.446522, 40.723871], [-117.446307, 40.72399], [-117.446136, 40.724065], [-117.445848, 40.724161], [-117.445527, 40.724244], [-117.445336, 40.724318], [-117.445243, 40.724361], [-117.445102, 40.724426], [-117.444978, 40.724519], [-117.444827, 40.72461], [-117.444707, 40.724651], [-117.4445, 40.724673], [-117.444337, 40.724665], [-117.444244, 40.724634], [-117.444163, 40.72462], [-117.443998, 40.724633], [-117.443879, 40.724663], [-117.44370604651164, 40.7247]]}, "props": {"MTFCC": "S1400", "NAME": null}}, {"geom": {"type": "LineString", "coordinates": [[-117.491356, 40.687276], [-117.491341, 40.687366], [-117.491258, 40.687727], [-117.491246, 40.687804], [-117.491139, 40.688113], [-117.491066, 40.688286], [-117.490995, 40.688504], [-117.49092, 40.68877], [-117.490872, 40.688878], [-117.490795, 40.688985], [-117.490706, 40.689132], [-117.490661, 40.689259], [-117.49057, 40.689664], [-117.49055, 40.689781], [-117.490515, 40.689919], [-117.490471, 40.690042], [-117.490379, 40.690156], [-117.490273, 40.690265], [-117.490195, 40.690335], [-117.49013, 40.690468], [-117.490115, 40.690532], [-117.490101, 40.690592], [-117.490009, 40.690824], [-117.490009, 40.690994], [-117.49004, 40.691331], [-117.490035, 40.691504], [-117.490041, 40.691663], [-117.490095, 40.691772], [-117.490118, 40.691851], [-117.49005, 40.691937], [-117.490005, 40.69205], [-117.489964, 40.692218], [-117.489926, 40.692516], [-117.489928, 40.692662], [-117.489872, 40.692745], [-117.489857, 40.693196], [-117.489858, 40.693339], [-117.489813, 40.693612], [-117.489763, 40.693736], [-117.489679, 40.693888], [-117.489618, 40.694025], [-117.489617, 40.694036], [-117.489605, 40.694191], [-117.489646, 40.694557], [-117.489614, 40.694732], [-117.489553, 40.694981], [-117.489467, 40.695476], [-117.489423, 40.695634], [-117.489372, 40.695873], [-117.489326, 40.696048], [-117.489262, 40.696174], [-117.489141, 40.69624], [-117.48895, 40.696304], [-117.488929, 40.696311], [-117.488642, 40.696382], [-117.4885, 40.696478], [-117.488422, 40.696552], [-117.48837, 40.69659], [-117.488177, 40.696649], [-117.488074, 40.696705], [-117.487951, 40.696795], [-117.487764, 40.697003], [-117.48761, 40.697219], [-117.48751, 40.697314], [-117.487356, 40.697441], [-117.487265, 40.697527], [-117.487186, 40.697618], [-117.48707, 40.697716], [-117.486946, 40.69781], [-117.48681, 40.697953], [-117.486638, 40.698151], [-117.486517, 40.698312], [-117.486403, 40.698435], [-117.486272, 40.698526], [-117.486051, 40.698731], [-117.485897, 40.69886], [-117.485678, 40.69909], [-117.485593, 40.699195], [-117.485492, 40.699309], [-117.485401, 40.699448]]}, "props": {"MTFCC": "S1400", "NAME": null}}, {"geom": {"type": "LineString", "coordinates": [[-117.528123, 40.690425], [-117.528037, 40.690796], [-117.528011, 40.691119], [-117.528, 40.691226], [-117.52797, 40.691514], [-117.527902, 40.691809], [-117.527902, 40.692021], [-117.528015, 40.692132], [-117.528028, 40.692291], [-117.527994, 40.692364], [-117.527943, 40.692473], [-117.527854, 40.692707], [-117.527868, 40.692853], [-117.52775, 40.692979]]}, "props": {"MTFCC": "S1400", "NAME": null}}, {"geom": {"type": "LineString", "coordinates": [[-117.644393, 40.687513], [-117.644138, 40.687571], [-117.643952, 40.687609], [-117.643753, 40.687634], [-117.643547, 40.687636], [-117.643445, 40.687669]]}, "props": {"MTFCC": "S1400", "NAME": null}}, {"geom": {"type": "LineString", "coordinates": [[-117.561, 40.70547], [-117.560808, 40.70554], [-117.56069, 40.705649], [-117.560516, 40.70581], [-117.560261, 40.705868]]}, "props": {"MTFCC": "S1400", "NAME": null}}, {"geom": {"type": "LineString", "coordinates": [[-117.496412, 40.712769], [-117.496245, 40.713392], [-117.49611, 40.714077], [-117.496086, 40.714144], [-117.495963, 40.714609], [-117.495933, 40.714758], [-117.495851, 40.71506], [-117.495669, 40.715786], [-117.495641, 40.715899]]}, "props": {"MTFCC": "S1400", "NAME": null}}, {"geom": {"type": "LineString", "coordinates": [[-117.495907, 40.6932], [-117.495883, 40.69329], [-117.495867, 40.693389], [-117.495868, 40.69348]]}, "props": {"MTFCC": "S1400", "NAME": null}}, {"geom": {"type": "LineString", "coordinates": [[-117.543398, 40.690281], [-117.543563, 40.690351], [-117.543793, 40.690439], [-117.54421, 40.690557], [-117.544661, 40.690748], [-117.545171, 40.691001], [-117.545561, 40.691118], [-117.546044, 40.691336], [-117.546506, 40.691672], [-117.546993, 40.692008], [-117.547458, 40.692294], [-117.547856, 40.692627], [-117.548091, 40.692892], [-117.548253, 40.693116], [-117.5486, 40.693436], [-117.548765, 40.693463], [-117.549062, 40.693457], [-117.549276, 40.69335], [-117.549414, 40.693239], [-117.549503, 40.693096], [-117.549539, 40.692961], [-117.549678, 40.69285], [-117.549876, 40.692795], [-117.550128, 40.692747], [-117.550405, 40.69276], [-117.550756, 40.692841], [-117.551115, 40.692886], [-117.551389, 40.69294], [-117.55166, 40.693041], [-117.551752, 40.693091], [-117.551842, 40.693109], [-117.55189, 40.693112], [-117.551969, 40.693102], [-117.552042, 40.693022], [-117.552085, 40.692941], [-117.552111, 40.692846], [-117.552092, 40.692707], [-117.552011, 40.69244], [-117.551918, 40.692242], [-117.551841, 40.692008], [-117.551758, 40.691838], [-117.551722, 40.691689], [-117.551746, 40.691617], [-117.551859, 40.691562], [-117.55201, 40.691569], [-117.552153, 40.691595], [-117.552312, 40.691644], [-117.552475, 40.691725], [-117.552532, 40.691838], [-117.552602, 40.691957], [-117.552585, 40.692011], [-117.552595, 40.692113], [-117.552671, 40.692223], [-117.552792, 40.692362], [-117.552873, 40.692486], [-117.552921, 40.692635], [-117.552946, 40.692784], [-117.553049, 40.693143], [-117.553098, 40.693293], [-117.553096, 40.693464], [-117.5531, 40.693634], [-117.553122, 40.693737], [-117.55316, 40.693867], [-117.553152, 40.693959], [-117.553069, 40.694163], [-117.553085, 40.694338], [-117.55312, 40.694506], [-117.553147, 40.694687], [-117.553166, 40.694904], [-117.553216, 40.695109], [-117.553296, 40.695307], [-117.553398, 40.695468], [-117.553575, 40.695596], [-117.553813, 40.695727], [-117.553958, 40.695799], [-117.554076, 40.695836], [-117.554446, 40.6959], [-117.554577, 40.695929], [-117.554892, 40.696073], [-117.555083, 40.696114], [-117.555274, 40.696137], [-117.555471, 40.69617], [-117.555685, 40.696226], [-117.555783, 40.696281], [-117.556432, 40.696565], [-117.556636, 40.696658], [-117.556761, 40.696756], [-117.556906, 40.69691], [-117.557014, 40.697067], [-117.557219, 40.697307], [-117.557439, 40.697428], [-117.557616, 40.697487], [-117.558156, 40.697835], [-117.558359, 40.697942], [-117.558639, 40.698075], [-117.558951, 40.698186], [-117.559273, 40.698321], [-117.559484, 40.698405], [-117.559651, 40.6985], [-117.559741, 40.698588], [-117.559811, 40.698697], [-117.559807, 40.698816], [-117.559745, 40.698915], [-117.559457, 40.699247], [-117.559347, 40.699417], [-117.559231, 40.699646], [-117.559125, 40.699834], [-117.55896, 40.70008], [-117.558713, 40.700511], [-117.558663, 40.700674], [-117.558587, 40.700864], [-117.558487, 40.701044], [-117.558428, 40.701174]]}, "props": {"MTFCC": "S1400", "NAME": null}}, {"geom": {"type": "LineString", "coordinates": [[-117.483537, 40.714427], [-117.483696, 40.714528], [-117.48403, 40.714752], [-117.484204, 40.714826], [-117.484479, 40.714889], [-117.48489, 40.714963], [-117.485316, 40.715033], [-117.486519, 40.715271], [-117.487107, 40.715381], [-117.487595, 40.715481], [-117.487849, 40.715538], [-117.48905, 40.715808], [-117.489331, 40.715854], [-117.489561, 40.715905], [-117.489845, 40.715937], [-117.490277, 40.715903], [-117.490552, 40.715934], [-117.490643, 40.715928], [-117.490972, 40.715755], [-117.49117, 40.715673], [-117.491395, 40.715662], [-117.49244, 40.715734], [-117.492816, 40.715752], [-117.493295, 40.715782], [-117.49391, 40.715801], [-117.494423, 40.715829], [-117.494811, 40.715869], [-117.495078, 40.715872], [-117.495298, 40.715874], [-117.495641, 40.715899]]}, "props": {"MTFCC": "S1400", "NAME": null}}, {"geom": {"type": "LineString", "coordinates": [[-117.494638, 40.693358], [-117.495179, 40.693358]]}, "props": {"MTFCC": "S1400", "NAME": null}}, {"geom": {"type": "LineString", "coordinates": [[-117.485401, 40.699448], [-117.485317, 40.699623], [-117.485207, 40.699815], [-117.484873, 40.700371], [-117.484513, 40.701001], [-117.484366, 40.701286], [-117.484003, 40.70191], [-117.483766, 40.70233], [-117.483726, 40.702401], [-117.483517, 40.702857], [-117.483336, 40.703207], [-117.483142, 40.703617], [-117.483011, 40.703854], [-117.48286, 40.704078], [-117.482632, 40.704377], [-117.482487, 40.704586], [-117.482339, 40.704873], [-117.482242, 40.70503], [-117.48214, 40.705253], [-117.482049, 40.705537], [-117.481985, 40.705768], [-117.481903, 40.705941], [-117.481841, 40.706157], [-117.481752, 40.706368], [-117.481578, 40.706877], [-117.481471, 40.707154], [-117.481384, 40.707336], [-117.48105, 40.707897], [-117.480779, 40.708416], [-117.480626, 40.708719], [-117.480221, 40.709423], [-117.480026, 40.7098], [-117.479823, 40.710119], [-117.4794, 40.710937], [-117.479123, 40.711389], [-117.479024, 40.711563]]}, "props": {"MTFCC": "S1400", "NAME": null}}, {"geom": {"type": "LineString", "coordinates": [[-117.371744, 40.683613], [-117.371747, 40.6837], [-117.371651, 40.683916], [-117.371673, 40.684005], [-117.371676, 40.684197], [-117.371702, 40.684345], [-117.371687, 40.684521], [-117.371645, 40.684673], [-117.3714, 40.685066], [-117.371262, 40.685317], [-117.371161, 40.685489], [-117.371167, 40.685651], [-117.371163, 40.685805], [-117.371169, 40.685967], [-117.371161, 40.686107]]}, "props": {"MTFCC": "S1400", "NAME": null}}, {"geom": {"type": "LineString", "coordinates": [[-117.491356, 40.687276], [-117.491713, 40.687301], [-117.492993, 40.687586], [-117.493856, 40.68741], [-117.494214, 40.687459], [-117.494242, 40.687645], [-117.493499, 40.689405], [-117.493339, 40.690285], [-117.493331, 40.691012], [-117.493401, 40.691213], [-117.493598, 40.692117], [-117.494011, 40.692746], [-117.494217, 40.693336]]}, "props": {"MTFCC": "S1400", "NAME": null}}, {"geom": {"type": "LineString", "coordinates": [[-117.250783, 40.681468], [-117.251909, 40.68331], [-117.252193, 40.684513]]}, "props": {"MTFCC": "S1400", "NAME": null}}, {"geom": {"type": "LineString", "coordinates": [[-117.344149, 40.683711], [-117.344266, 40.683705], [-117.344673, 40.683709], [-117.344791, 40.6837]]}, "props": {"MTFCC": "S1400", "NAME": null}}, {"geom": {"type": "LineString", "coordinates": [[-117.299992, 40.673551], [-117.299654, 40.673763], [-117.299303, 40.673912], [-117.298964, 40.674046], [-117.298714, 40.674178], [-117.298419, 40.674269], [-117.298234, 40.674335], [-117.297831, 40.67452], [-117.29762, 40.674668], [-117.297458, 40.674811], [-117.296989, 40.675068], [-117.296627, 40.675239], [-117.294936, 40.676199], [-117.294082, 40.676656], [-117.293779, 40.67683], [-117.293356, 40.677126], [-117.292875, 40.677413], [-117.292522, 40.677592], [-117.291575, 40.678089], [-117.290668, 40.678596], [-117.290153, 40.678919], [-117.289895, 40.679034], [-117.289518, 40.679258], [-117.288871, 40.679626], [-117.288298, 40.679938], [-117.287893, 40.680138], [-117.287523, 40.680286], [-117.287105, 40.680522], [-117.286885, 40.680626], [-117.286308, 40.680898], [-117.285896, 40.681074], [-117.285524, 40.681238], [-117.285217, 40.681343], [-117.284838, 40.681483], [-117.284513, 40.681671], [-117.284152, 40.681827], [-117.283786, 40.682044], [-117.283143, 40.68236]]}, "props": {"MTFCC": "S1400", "NAME": null}}, {"geom": {"type": "LineString", "coordinates": [[-117.256631, 40.647279], [-117.257342, 40.647541], [-117.257417, 40.647573]]}, "props": {"MTFCC": "S1400", "NAME": null}}, {"geom": {"type": "LineString", "coordinates": [[-117.247568, 40.640795], [-117.247727, 40.64091], [-117.248707, 40.64147], [-117.249421, 40.641862], [-117.250057, 40.642178], [-117.250294, 40.642324], [-117.250435, 40.6424], [-117.250694, 40.642549], [-117.250882, 40.642647], [-117.251076, 40.642768], [-117.251219, 40.642849], [-117.251307, 40.642908], [-117.251464, 40.643002], [-117.251749, 40.64315], [-117.252039, 40.643311], [-117.252256, 40.643451], [-117.252519, 40.643639], [-117.252701, 40.643747], [-117.253189, 40.644002], [-117.253261, 40.644061]]}, "props": {"MTFCC": "S1400", "NAME": null}}, {"geom": {"type": "LineString", "coordinates": [[-117.243295, 40.690378], [-117.241826, 40.691332], [-117.239124, 40.693117], [-117.238907, 40.693252], [-117.238215, 40.693704], [-117.236996, 40.69449], [-117.235915, 40.695213], [-117.234859, 40.695905], [-117.234512, 40.696126], [-117.233394, 40.696872], [-117.233181, 40.697007], [-117.232678, 40.697337], [-117.232328, 40.697572], [-117.231254, 40.698263], [-117.230888, 40.698512], [-117.229891, 40.699158], [-117.228757, 40.699921], [-117.227139, 40.700978], [-117.226938, 40.7011], [-117.226637, 40.701304], [-117.226454, 40.701421], [-117.226284, 40.701539], [-117.226094, 40.701661], [-117.225832, 40.701841], [-117.224735, 40.702551], [-117.223857, 40.703133], [-117.223676, 40.703242], [-117.223376, 40.703441], [-117.222959, 40.703725], [-117.222097, 40.704294], [-117.221419, 40.70476], [-117.221191, 40.7049], [-117.220551, 40.705357]]}, "props": {"MTFCC": "S1400", "NAME": null}}, {"geom": {"type": "LineString", "coordinates": [[-117.094028, 40.66264], [-117.093848, 40.662549], [-117.093878, 40.662183], [-117.093968, 40.662137], [-117.093967, 40.661565], [-117.093757, 40.661107], [-117.093877, 40.660832], [-117.094417, 40.660123], [-117.093306, 40.660352], [-117.092435, 40.660673], [-117.091684, 40.661245], [-117.090813, 40.662481], [-117.090362, 40.663465], [-117.089251, 40.664518], [-117.08841, 40.666188]]}, "props": {"MTFCC": "S1400", "NAME": null}}, {"geom": {"type": "LineString", "coordinates": [[-117.076774, 40.706788], [-117.076942, 40.706781], [-117.077077, 40.706769], [-117.077174, 40.706755], [-117.077299, 40.706726], [-117.077603, 40.706669], [-117.077985, 40.706618], [-117.07838, 40.706592], [-117.078696, 40.706561], [-117.078787, 40.706546], [-117.078846, 40.706532], [-117.07899, 40.706486], [-117.079482, 40.706317], [-117.079664, 40.70626], [-117.079905, 40.706207], [-117.080365, 40.706092], [-117.080521, 40.706063], [-117.080869, 40.705977], [-117.080971, 40.705941], [-117.081, 40.705927], [-117.081098, 40.705851], [-117.081206, 40.705753], [-117.081235, 40.705717], [-117.081256, 40.705544], [-117.081282, 40.705441], [-117.081332, 40.705307], [-117.081375, 40.705162], [-117.0815, 40.704835], [-117.081531, 40.704742], [-117.082044, 40.703512], [-117.08209, 40.703355], [-117.082153, 40.703071], [-117.082168, 40.702966], [-117.082178, 40.702849], [-117.082168, 40.702759], [-117.082089, 40.702463], [-117.082026, 40.70217], [-117.082012, 40.702068], [-117.081993, 40.701832], [-117.081995, 40.701734], [-117.082047, 40.701455], [-117.082098, 40.701228], [-117.082144, 40.701074], [-117.082235, 40.700818], [-117.082275, 40.700668], [-117.08229, 40.700563], [-117.0823, 40.700404], [-117.082315, 40.700277], [-117.082343, 40.700165], [-117.082403, 40.699965], [-117.082431, 40.699827]]}, "props": {"MTFCC": "S1400", "NAME": null}}, {"geom": {"type": "LineString", "coordinates": [[-117.093887, 40.705762], [-117.093787, 40.705979], [-117.093531, 40.70643], [-117.093465, 40.706537], [-117.093357, 40.706689], [-117.09329, 40.706769], [-117.092954, 40.707208], [-117.092899, 40.707291], [-117.092815, 40.707477], [-117.092759, 40.707634], [-117.092715, 40.707794], [-117.092665, 40.707935], [-117.092625, 40.708033], [-117.092459, 40.708378], [-117.092418, 40.708454], [-117.092137, 40.708803], [-117.092072, 40.708915], [-117.091997, 40.709063], [-117.091659, 40.709509], [-117.091578, 40.709635], [-117.0915, 40.709769], [-117.091428, 40.709907], [-117.091381, 40.709984], [-117.091318, 40.710072], [-117.0912, 40.710272], [-117.091162, 40.710379], [-117.091153, 40.710453], [-117.091135, 40.710501], [-117.091012, 40.71067], [-117.090938, 40.710817], [-117.090887, 40.710937], [-117.090781, 40.711116], [-117.090587, 40.711519], [-117.090534, 40.711612], [-117.090462, 40.711753], [-117.090415, 40.711834], [-117.090372, 40.711888], [-117.090222, 40.712039], [-117.090091, 40.712158], [-117.089934, 40.712287], [-117.089746, 40.712416]]}, "props": {"MTFCC": "S1400", "NAME": null}}, {"geom": {"type": "LineString", "coordinates": [[-117.067264, 40.710093], [-117.067507, 40.71024], [-117.067695, 40.710347], [-117.067889, 40.710469], [-117.068127, 40.710628], [-117.068287, 40.71074], [-117.068873, 40.711114], [-117.069532, 40.71151], [-117.070158, 40.711897], [-117.071644, 40.712793], [-117.072147, 40.713085]]}, "props": {"MTFCC": "S1400", "NAME": null}}, {"geom": {"type": "LineString", "coordinates": [[-117.080132, 40.691289], [-117.080738, 40.691292], [-117.080966, 40.691306], [-117.081264, 40.691341], [-117.0816, 40.691402], [-117.082201, 40.691529], [-117.082976, 40.691678]]}, "props": {"MTFCC": "S1400", "NAME": null}}, {"geom": {"type": "LineString", "coordinates": [[-117.074355, 40.710117], [-117.073918, 40.710709], [-117.073709, 40.710979]]}, "props": {"MTFCC": "S1400", "NAME": null}}, {"geom": {"type": "LineString", "coordinates": [[-117.071161, 40.694184], [-117.071241, 40.694235], [-117.071317, 40.694296], [-117.071432, 40.6944], [-117.071534, 40.694508], [-117.071631, 40.694622], [-117.071773, 40.694804], [-117.071862, 40.694945], [-117.071888, 40.695009], [-117.071902, 40.695077], [-117.071884, 40.695164], [-117.071858, 40.69523], [-117.071707, 40.695491], [-117.07142, 40.696111], [-117.071281, 40.696386], [-117.065581, 40.696777], [-117.057029, 40.696297], [-117.049842, 40.695197], [-117.045962, 40.694515], [-117.041623, 40.693575], [-117.040391, 40.6932], [-117.039736, 40.693243]]}, "props": {"MTFCC": "S1400", "NAME": null}}, {"geom": {"type": "LineString", "coordinates": [[-117.037932, 40.691428], [-117.037923, 40.691717], [-117.037912, 40.691808], [-117.037901, 40.691897], [-117.037875, 40.692016]]}, "props": {"MTFCC": "S1400", "NAME": null}}, {"geom": {"type": "LineString", "coordinates": [[-117.082976, 40.691678], [-117.083472, 40.691365]]}, "props": {"MTFCC": "S1400", "NAME": null}}, {"geom": {"type": "LineString", "coordinates": [[-117.018637, 40.678273], [-117.018737, 40.678311], [-117.019056, 40.678396], [-117.019347, 40.678487], [-117.019613, 40.678565], [-117.020283, 40.678739], [-117.020612, 40.678835], [-117.021204, 40.679037], [-117.021542, 40.679173], [-117.022187, 40.679416], [-117.022487, 40.679535], [-117.023186, 40.679792], [-117.023411, 40.679864], [-117.024, 40.680019], [-117.024225, 40.68009], [-117.024542, 40.680176], [-117.024694, 40.680212], [-117.025093, 40.680277], [-117.02549, 40.680323], [-117.025713, 40.680345], [-117.025919, 40.680371], [-117.026464, 40.680457], [-117.026599, 40.680485], [-117.027429, 40.6807], [-117.027591, 40.680752], [-117.027904, 40.680869], [-117.028011, 40.680904], [-117.028352, 40.680978], [-117.028568, 40.681004], [-117.028781, 40.68104], [-117.028884, 40.681095], [-117.028944, 40.68112], [-117.029019, 40.681143], [-117.029147, 40.681164], [-117.029482, 40.6812], [-117.029867, 40.681269], [-117.03117, 40.681526], [-117.031809, 40.681671], [-117.032166, 40.681759], [-117.032347, 40.681809], [-117.032519, 40.681871], [-117.032698, 40.681926], [-117.032955, 40.681988], [-117.03323, 40.682042], [-117.033781, 40.682166], [-117.033966, 40.682204], [-117.034348, 40.682269], [-117.034633, 40.682309], [-117.034818, 40.682345], [-117.034987, 40.682383], [-117.035397, 40.682499], [-117.035685, 40.682588], [-117.036409, 40.682783], [-117.036713, 40.682844], [-117.037248, 40.682911], [-117.03737, 40.682923], [-117.037455, 40.682923], [-117.037617, 40.682897], [-117.037733, 40.682885], [-117.037799, 40.68289], [-117.037865, 40.682901], [-117.037943, 40.682925], [-117.038202, 40.683048], [-117.038691, 40.683252], [-117.038898, 40.683313], [-117.038986, 40.683333], [-117.039193, 40.683356], [-117.03949, 40.683378], [-117.039866, 40.68342], [-117.040097, 40.683463], [-117.040251, 40.683499], [-117.040414, 40.683544], [-117.040758, 40.683625], [-117.040928, 40.683657], [-117.041219, 40.683696], [-117.041397, 40.68373], [-117.041907, 40.683877], [-117.042368, 40.683982], [-117.042537, 40.684015], [-117.042809, 40.684103], [-117.042963, 40.684158], [-117.043091, 40.684194], [-117.04326, 40.684232], [-117.043367, 40.684244], [-117.043483, 40.684251], [-117.043614, 40.684268], [-117.043705, 40.684284], [-117.04405, 40.684368], [-117.044287, 40.68441], [-117.044394, 40.684421], [-117.044826, 40.684434], [-117.04513, 40.684448], [-117.045496, 40.684491], [-117.045756, 40.684541], [-117.046105, 40.684617], [-117.04677, 40.684779], [-117.046984, 40.684826], [-117.047469, 40.684943], [-117.048403, 40.685144], [-117.048653, 40.685178], [-117.048991, 40.685208], [-117.049292, 40.68522], [-117.049595, 40.68524], [-117.049746, 40.685259], [-117.049909, 40.685288], [-117.050087, 40.685326], [-117.050437, 40.685427], [-117.050823, 40.685521], [-117.051361, 40.685594], [-117.051753, 40.685662], [-117.052234, 40.685713], [-117.052633, 40.685775], [-117.053153, 40.685863], [-117.05372, 40.685935], [-117.05418, 40.685984], [-117.054305, 40.685986], [-117.054549, 40.685979], [-117.054881, 40.685952], [-117.055044, 40.685955], [-117.055276, 40.685974], [-117.056006, 40.686071], [-117.056309, 40.686136], [-117.05683, 40.686217], [-117.05739, 40.686326], [-117.057593, 40.686359], [-117.058508, 40.68649], [-117.059228, 40.686607], [-117.05994, 40.686732], [-117.061635, 40.686703], [-117.061945, 40.68671], [-117.062662, 40.68674], [-117.062888, 40.686745], [-117.063827, 40.686747], [-117.064159, 40.686742], [-117.066277, 40.686723], [-117.066508, 40.686728], [-117.06671, 40.686717], [-117.066876, 40.6867], [-117.067042, 40.686673], [-117.06747, 40.686592]]}, "props": {"MTFCC": "S1400", "NAME": null}}, {"geom": {"type": "LineString", "coordinates": [[-117.064947, 40.676749], [-117.064841, 40.677054], [-117.064785, 40.677171], [-117.064738, 40.677255], [-117.064666, 40.677355], [-117.064513, 40.67755], [-117.064313, 40.677832], [-117.064219, 40.677984], [-117.064147, 40.678113], [-117.064078, 40.678256], [-117.063988, 40.678459], [-117.063888, 40.678642], [-117.06385, 40.678745], [-117.063822, 40.67885], [-117.063803, 40.678943], [-117.063787, 40.679057], [-117.063779, 40.679253], [-117.063769, 40.679334], [-117.063741, 40.679441], [-117.063672, 40.679644], [-117.063644, 40.679789], [-117.063643, 40.679992], [-117.063635, 40.680099], [-117.06362, 40.680199], [-117.063585, 40.680375], [-117.063557, 40.680478], [-117.063526, 40.680566], [-117.063486, 40.680654], [-117.063454, 40.680745], [-117.063439, 40.680821], [-117.063433, 40.680938], [-117.063436, 40.681057], [-117.06342, 40.681195], [-117.063392, 40.68131], [-117.063377, 40.681462], [-117.063374, 40.681582], [-117.063377, 40.68176], [-117.063399, 40.681999], [-117.063414, 40.682086], [-117.063431, 40.682147], [-117.063503, 40.682299], [-117.063675, 40.682606], [-117.063722, 40.682733], [-117.063823, 40.683035], [-117.063879, 40.683226], [-117.063889, 40.683302], [-117.063883, 40.683448], [-117.063852, 40.683624], [-117.063836, 40.683798], [-117.063837, 40.683908], [-117.063868, 40.684086], [-117.06397, 40.684435], [-117.064015, 40.684558], [-117.064153, 40.684841], [-117.064244, 40.685008], [-117.064262, 40.685052], [-117.064279, 40.685114]]}, "props": {"MTFCC": "S1400", "NAME": null}}, {"geom": {"type": "LineString", "coordinates": [[-117.088963, 40.682853], [-117.088244, 40.683086], [-117.088101, 40.683129], [-117.08784, 40.683189], [-117.087687, 40.683215], [-117.087151, 40.683287], [-117.087004, 40.683311], [-117.08687, 40.683348], [-117.086809, 40.683374], [-117.086557, 40.683505], [-117.086466, 40.683538], [-117.086394, 40.683557], [-117.086253, 40.683581], [-117.086153, 40.683586], [-117.086053, 40.683579], [-117.085981, 40.683567], [-117.085902, 40.683548], [-117.085696, 40.683489], [-117.08562, 40.68346], [-117.085539, 40.683441], [-117.085473, 40.683441], [-117.085392, 40.683448], [-117.085216, 40.683487], [-117.085126, 40.683501], [-117.08506, 40.683503], [-117.084797, 40.683487], [-117.084665, 40.683465], [-117.08449, 40.683423], [-117.084412, 40.683396], [-117.084357, 40.683364], [-117.084305, 40.68332]]}, "props": {"MTFCC": "S1400", "NAME": null}}, {"geom": {"type": "LineString", "coordinates": [[-117.086652, 40.68182], [-117.086624, 40.681884], [-117.086608, 40.681973], [-117.086623, 40.682014], [-117.086667, 40.682056], [-117.086721, 40.682083], [-117.086782, 40.6821], [-117.086865, 40.682114], [-117.087366, 40.68218], [-117.087961, 40.682299], [-117.088196, 40.682341], [-117.088452, 40.682413], [-117.088618, 40.682474], [-117.088678, 40.682512], [-117.088725, 40.682555], [-117.0888, 40.682641], [-117.088963, 40.682853]]}, "props": {"MTFCC": "S1400", "NAME": null}}, {"geom": {"type": "LineString", "coordinates": [[-117.065337, 40.708894], [-117.066986, 40.709933], [-117.067264, 40.710093]]}, "props": {"MTFCC": "S1400", "NAME": null}}, {"geom": {"type": "LineString", "coordinates": [[-117.086367, 40.689638], [-117.086279, 40.69028]]}, "props": {"MTFCC": "S1400", "NAME": null}}, {"geom": {"type": "LineString", "coordinates": [[-117.065854, 40.668252], [-117.066249, 40.668524], [-117.067368, 40.669362], [-117.067756, 40.66967], [-117.067978, 40.669852], [-117.068184, 40.670031], [-117.068284, 40.67009], [-117.068434, 40.670157], [-117.068529, 40.670182], [-117.06857, 40.670186], [-117.068624, 40.670185], [-117.068718, 40.670177], [-117.068976, 40.670194], [-117.069175, 40.670228], [-117.069267, 40.670231]]}, "props": {"MTFCC": "S1400", "NAME": null}}, {"geom": {"type": "LineString", "coordinates": [[-117.0822, 40.673738], [-117.08211, 40.67371], [-117.082027, 40.673667], [-117.081918, 40.673585]]}, "props": {"MTFCC": "S1400", "NAME": null}}, {"geom": {"type": "LineString", "coordinates": [[-117.047379, 40.651694], [-117.046696, 40.651821], [-117.045368, 40.652039], [-117.044634, 40.652155], [-117.043858, 40.652266]]}, "props": {"MTFCC": "S1400", "NAME": null}}, {"geom": {"type": "LineString", "coordinates": [[-117.058131, 40.651574], [-117.058348, 40.651574], [-117.058663, 40.651532]]}, "props": {"MTFCC": "S1400", "NAME": null}}, {"geom": {"type": "LineString", "coordinates": [[-117.068905, 40.645038], [-117.068589, 40.645148], [-117.0685, 40.645197], [-117.068349, 40.645294], [-117.068239, 40.64537], [-117.067995, 40.645508], [-117.067854, 40.645605], [-117.067814, 40.645628], [-117.067764, 40.645642], [-117.067714, 40.645639], [-117.067617, 40.645623], [-117.067565, 40.645627], [-117.06744, 40.645667], [-117.067413, 40.64567], [-117.067388, 40.645668], [-117.067343, 40.645655], [-117.067274, 40.645626], [-117.067239, 40.645592], [-117.067166, 40.645507], [-117.067037, 40.645411], [-117.066907, 40.645337], [-117.066718, 40.645209], [-117.066649, 40.645169], [-117.066548, 40.645126], [-117.066487, 40.645113], [-117.066355, 40.645096], [-117.06629, 40.645095], [-117.066172, 40.645114], [-117.066065, 40.645149], [-117.065801, 40.645209], [-117.065473, 40.645265], [-117.065368, 40.64529]]}, "props": {"MTFCC": "S1400", "NAME": null}}, {"geom": {"type": "LineString", "coordinates": [[-117.065667, 40.673774], [-117.066187, 40.673566], [-117.066478, 40.673473], [-117.067565, 40.673196], [-117.067675, 40.673179], [-117.067954, 40.673123], [-117.068772, 40.672905], [-117.069326, 40.672742], [-117.069787, 40.672611]]}, "props": {"MTFCC": "S1400", "NAME": null}}, {"geom": {"type": "LineString", "coordinates": [[-117.288559, 40.552125], [-117.288664, 40.552562], [-117.288878, 40.552982], [-117.289084, 40.553386], [-117.290283, 40.555057], [-117.290785, 40.55607], [-117.290974, 40.556453], [-117.292563, 40.558558], [-117.292863, 40.55881], [-117.294123, 40.56032], [-117.295772, 40.562815], [-117.296222, 40.563524], [-117.297632, 40.565331], [-117.298052, 40.566041], [-117.300288, 40.569453]]}, "props": {"MTFCC": "S1400", "NAME": null}}, {"geom": {"type": "LineString", "coordinates": [[-117.289975, 40.549066], [-117.291005, 40.549496], [-117.292294, 40.550503], [-117.292714, 40.551007], [-117.292869, 40.551276], [-117.293285, 40.551991], [-117.293375, 40.552334], [-117.294065, 40.552906], [-117.294275, 40.553204], [-117.29606, 40.554794], [-117.298174, 40.556568], [-117.300365, 40.558552]]}, "props": {"MTFCC": "S1400", "NAME": null}}, {"geom": {"type": "LineString", "coordinates": [[-117.071161, 40.694184], [-117.070985, 40.694117], [-117.070791, 40.694023], [-117.070657, 40.693952], [-117.07054, 40.693925], [-117.070205, 40.693868], [-117.06998, 40.693838], [-117.069537, 40.693791], [-117.069391, 40.693771], [-117.069192, 40.693734], [-117.06871, 40.69362], [-117.068603, 40.693603], [-117.068471, 40.693597], [-117.068245, 40.693614], [-117.068019, 40.693637], [-117.067652, 40.693692], [-117.067497, 40.693722], [-117.067006, 40.69379], [-117.066829, 40.693803], [-117.066661, 40.693791], [-117.066528, 40.69377], [-117.066195, 40.693706], [-117.06605, 40.693689], [-117.065851, 40.693672], [-117.065634, 40.693669], [-117.065497, 40.693683], [-117.065006, 40.693757], [-117.064683, 40.69379], [-117.064156, 40.693805], [-117.063931, 40.693822], [-117.063718, 40.693849], [-117.063161, 40.693896], [-117.062984, 40.693889], [-117.062785, 40.693853]]}, "props": {"MTFCC": "S1400", "NAME": null}}, {"geom": {"type": "LineString", "coordinates": [[-117.415597, 40.722314], [-117.415861, 40.72238], [-117.416037, 40.722433], [-117.416195, 40.722475], [-117.416347, 40.722502], [-117.416471, 40.722552], [-117.416594, 40.722627], [-117.416799, 40.722788], [-117.416972, 40.722875], [-117.417186, 40.72293], [-117.417584, 40.723017], [-117.41777, 40.723031], [-117.417914, 40.723077], [-117.418139, 40.723157], [-117.418335, 40.723201], [-117.418513, 40.723229], [-117.418707, 40.723292], [-117.418911, 40.723385], [-117.419061, 40.723446], [-117.419217, 40.723498], [-117.419302, 40.723561], [-117.41945, 40.723642], [-117.419619, 40.723699], [-117.419808, 40.723747], [-117.419975, 40.723824], [-117.420072, 40.723897], [-117.420108, 40.724002], [-117.420208, 40.724114], [-117.420612, 40.724286], [-117.42079, 40.724397], [-117.420948, 40.724503], [-117.421053, 40.724561], [-117.421133, 40.724673], [-117.4211732, 40.7247]]}, "props": {"MTFCC": "S1400", "NAME": null}}, {"geom": {"type": "LineString", "coordinates": [[-117.220255, 40.673372], [-117.220441, 40.673508], [-117.220696, 40.67381], [-117.221004, 40.674064], [-117.221391, 40.674373], [-117.22184, 40.674722], [-117.222314, 40.674973], [-117.223181, 40.675255], [-117.22356, 40.675463], [-117.223987, 40.675686], [-117.225021, 40.676329], [-117.225671, 40.676651], [-117.22579, 40.676808], [-117.225838, 40.677011], [-117.226105, 40.677176], [-117.22644, 40.677306], [-117.226741, 40.677459], [-117.226908, 40.677631], [-117.227176, 40.677783], [-117.227528, 40.677914], [-117.227844, 40.678081], [-117.228285, 40.678329], [-117.228646, 40.678549], [-117.229152, 40.678813], [-117.229685, 40.679142], [-117.23027, 40.679636], [-117.230964, 40.680212], [-117.231641, 40.680787], [-117.231996, 40.681082], [-117.232341, 40.6813], [-117.23259, 40.681476], [-117.232801, 40.681713], [-117.232937, 40.681858], [-117.233066, 40.682079], [-117.233227, 40.682326], [-117.233492, 40.682503], [-117.233944, 40.682827], [-117.234405, 40.683227], [-117.235399, 40.683957], [-117.236208, 40.684603], [-117.236802, 40.685227], [-117.237053, 40.685436], [-117.237357, 40.685673], [-117.237613, 40.685832], [-117.237845, 40.685949], [-117.238012, 40.686049], [-117.238157, 40.686148], [-117.238685, 40.686526], [-117.239482, 40.686968], [-117.23968, 40.687032], [-117.239903, 40.687123], [-117.240061, 40.68721], [-117.240218, 40.687356], [-117.240648, 40.687829], [-117.240903, 40.688079], [-117.241253, 40.68845], [-117.241678, 40.68886], [-117.242288, 40.689403], [-117.242618, 40.689649], [-117.243178, 40.690086], [-117.243238, 40.690162], [-117.243287, 40.690276], [-117.243295, 40.690378]]}, "props": {"MTFCC": "S1400", "NAME": null}}, {"geom": {"type": "LineString", "coordinates": [[-117.318655, 40.68355], [-117.318852, 40.683587], [-117.318998, 40.683603], [-117.319435, 40.683594], [-117.319729, 40.683605], [-117.320052, 40.683603], [-117.320335, 40.683613], [-117.320647, 40.683611], [-117.32093, 40.683616], [-117.322001, 40.683617]]}, "props": {"MTFCC": "S1400", "NAME": null}}, {"geom": {"type": "LineString", "coordinates": [[-117.30098, 40.683109], [-117.3013, 40.683396], [-117.30153, 40.683592], [-117.301742, 40.683759], [-117.302483, 40.684269], [-117.303061, 40.684632], [-117.303248, 40.684735], [-117.303355, 40.684831], [-117.303503, 40.684949], [-117.303662, 40.685087], [-117.30383, 40.685212], [-117.303989, 40.685346], [-117.304131, 40.685483], [-117.304491, 40.685802], [-117.304595, 40.685889], [-117.304815, 40.686104], [-117.305268, 40.686444], [-117.305393, 40.686528], [-117.305796, 40.686844], [-117.306035, 40.686989], [-117.306244, 40.687135], [-117.306457, 40.687295], [-117.30709, 40.687716], [-117.307443, 40.687918], [-117.308461, 40.688436], [-117.308762, 40.688603], [-117.309007, 40.688774], [-117.309245, 40.688929], [-117.309396, 40.689066], [-117.309921, 40.689458], [-117.310214, 40.689671], [-117.310823, 40.690068], [-117.311194, 40.690271], [-117.311453, 40.690485], [-117.311794, 40.690732], [-117.312443, 40.691225], [-117.31261, 40.69136], [-117.312761, 40.691494], [-117.312939, 40.691697], [-117.313022, 40.691821], [-117.313105, 40.691958], [-117.313249, 40.692118], [-117.313454, 40.692362], [-117.313583, 40.69255], [-117.313717, 40.692722], [-117.313801, 40.692888], [-117.313912, 40.693085], [-117.314103, 40.69339], [-117.314283, 40.693581], [-117.314394, 40.69368], [-117.314464, 40.693758], [-117.314478, 40.69385], [-117.314417, 40.694012], [-117.314332, 40.694161], [-117.31424, 40.694289], [-117.314152, 40.694424], [-117.314102, 40.694561], [-117.314047, 40.694756], [-117.31397, 40.695003], [-117.31392, 40.695243], [-117.313876, 40.695361], [-117.31378, 40.695532], [-117.313564, 40.695871], [-117.313474, 40.69602], [-117.313391, 40.6962], [-117.313195, 40.696492], [-117.313064, 40.696726], [-117.312918, 40.696946], [-117.312649, 40.697397], [-117.312457, 40.697747], [-117.312297, 40.698028], [-117.312056, 40.698406], [-117.311856, 40.698746], [-117.311325, 40.699525], [-117.311085, 40.699934], [-117.310832, 40.700457], [-117.3106, 40.700822], [-117.310466, 40.700997], [-117.310128, 40.701662], [-117.310044, 40.701843], [-117.30998, 40.701957], [-117.309919, 40.702067], [-117.30977, 40.702254], [-117.309694, 40.702403], [-117.3096, 40.702603], [-117.309473, 40.702798], [-117.309195, 40.703251], [-117.308653, 40.704061], [-117.308424, 40.704436], [-117.308207, 40.704886], [-117.308107, 40.705108], [-117.308011, 40.705285], [-117.307856, 40.705495], [-117.307512, 40.706039], [-117.30733, 40.706316], [-117.307206, 40.706569], [-117.307033, 40.706846], [-117.306847, 40.707181], [-117.306633, 40.707537], [-117.306464, 40.707772], [-117.306299, 40.708108], [-117.306032, 40.708584], [-117.305797, 40.709141], [-117.305652, 40.709442], [-117.305527, 40.709805], [-117.305295, 40.710368], [-117.3051, 40.710706], [-117.304677, 40.711068], [-117.304511, 40.711264], [-117.304167, 40.711643], [-117.303444, 40.712476], [-117.303078, 40.712864], [-117.302788, 40.713164], [-117.302685, 40.713317], [-117.302583, 40.71347], [-117.302538, 40.713577], [-117.302403, 40.714146], [-117.30233, 40.71458], [-117.302304, 40.714968], [-117.302336, 40.715271], [-117.302449, 40.71555], [-117.302674, 40.715857], [-117.302872, 40.716157], [-117.302996, 40.716373], [-117.303061, 40.716517]]}, "props": {"MTFCC": "S1400", "NAME": null}}, {"geom": {"type": "LineString", "coordinates": [[-117.037266, 40.690174], [-117.037932, 40.691428], [-117.038126, 40.691799], [-117.038196, 40.691932], [-117.038297, 40.692138]]}, "props": {"MTFCC": "S1400", "NAME": null}}, {"geom": {"type": "LineString", "coordinates": [[-117.580408, 40.714667], [-117.580443, 40.714852], [-117.580456, 40.714969], [-117.580491, 40.715103], [-117.580498, 40.715213], [-117.580518, 40.715348], [-117.580558, 40.715515], [-117.580607, 40.715651], [-117.580954, 40.716128], [-117.581175, 40.716416], [-117.581207, 40.716496], [-117.581298, 40.716806], [-117.581378, 40.717008], [-117.581392, 40.717114], [-117.581384, 40.717283], [-117.581408, 40.717413], [-117.581435, 40.717508], [-117.581466, 40.717595], [-117.581482, 40.717627], [-117.581542, 40.717663], [-117.581799, 40.717733], [-117.581901, 40.717761], [-117.582026, 40.71781], [-117.582079, 40.717848], [-117.582096, 40.717893], [-117.582098, 40.717909], [-117.582093, 40.717983], [-117.582046, 40.718069], [-117.582031, 40.718133], [-117.58204, 40.71821], [-117.582088, 40.718276], [-117.582175, 40.718335], [-117.582241, 40.71837], [-117.582311, 40.718394], [-117.582383, 40.7184], [-117.582516, 40.718387], [-117.582732, 40.718433], [-117.583017, 40.718511], [-117.583139, 40.71856], [-117.583248, 40.71861], [-117.583467, 40.718733], [-117.583725, 40.718762], [-117.583894, 40.718775], [-117.584023, 40.718769], [-117.584149, 40.718758], [-117.584428, 40.718764], [-117.5846, 40.718779], [-117.584764, 40.718801], [-117.584976, 40.718859], [-117.58506, 40.718908], [-117.585175, 40.718966], [-117.585296, 40.719013], [-117.585458, 40.719037], [-117.585659, 40.719077], [-117.585725, 40.719109], [-117.585782, 40.719176], [-117.58582, 40.719288], [-117.585856, 40.719349], [-117.585924, 40.719362], [-117.585992, 40.719339], [-117.586006, 40.719278], [-117.586059, 40.719177], [-117.586109, 40.719063], [-117.586169, 40.718977], [-117.586225, 40.718911], [-117.5863, 40.718876], [-117.586381, 40.718846], [-117.586477, 40.718817], [-117.586535, 40.718763], [-117.586575, 40.718688], [-117.586598, 40.718601], [-117.586578, 40.71854], [-117.586533, 40.718478], [-117.586486, 40.71844], [-117.58641, 40.718401], [-117.586345, 40.718357], [-117.58611, 40.718236], [-117.586042, 40.718181], [-117.585999, 40.718131], [-117.585981, 40.718051], [-117.585949, 40.717973], [-117.585897, 40.717925], [-117.585821, 40.717888], [-117.585749, 40.717844], [-117.58567, 40.717779], [-117.585622, 40.717709], [-117.585584, 40.717643], [-117.585593, 40.717565], [-117.585592, 40.717381], [-117.585599, 40.717298], [-117.585614, 40.717229], [-117.585697, 40.71718], [-117.585799, 40.717152], [-117.585929, 40.717136], [-117.585992, 40.717137], [-117.586114, 40.717231], [-117.58635, 40.717365], [-117.586787, 40.71758], [-117.586978, 40.717683], [-117.587123, 40.717769], [-117.587258, 40.71774], [-117.587335, 40.717613], [-117.587424, 40.717451], [-117.587584, 40.717235], [-117.587647, 40.717043], [-117.587743, 40.716802], [-117.587797, 40.716595], [-117.587844, 40.716374], [-117.587994, 40.715933], [-117.588035, 40.715776], [-117.588171, 40.715616], [-117.588243, 40.715548], [-117.588394, 40.715555], [-117.588518, 40.715553], [-117.588713, 40.715599], [-117.588746, 40.715665], [-117.588677, 40.715806], [-117.588512, 40.716087], [-117.588436, 40.716206], [-117.588414, 40.716364], [-117.588444, 40.71646], [-117.58847, 40.716612], [-117.588459, 40.716742], [-117.588476, 40.71688], [-117.588506, 40.716982], [-117.58864, 40.717321], [-117.588688, 40.717424], [-117.588799, 40.717581], [-117.588942, 40.717696], [-117.589044, 40.717838], [-117.589079, 40.717991], [-117.589078, 40.718121]]}, "props": {"MTFCC": "S1400", "NAME": null}}, {"geom": {"type": "LineString", "coordinates": [[-117.64173, 40.684345], [-117.641372, 40.685392], [-117.640812, 40.686525], [-117.640685, 40.68707], [-117.640978, 40.687478], [-117.641126, 40.687546], [-117.642196, 40.687333], [-117.643118, 40.687443], [-117.643445, 40.687669]]}, "props": {"MTFCC": "S1400", "NAME": null}}, {"geom": {"type": "LineString", "coordinates": [[-117.545179, 40.689115], [-117.544937, 40.689401], [-117.5434, 40.689974], [-117.543398, 40.690281]]}, "props": {"MTFCC": "S1400", "NAME": null}}, {"geom": {"type": "LineString", "coordinates": [[-117.531477, 40.687073], [-117.540241, 40.687961], [-117.542251, 40.688491], [-117.543122, 40.688643], [-117.544413, 40.68887], [-117.545179, 40.689115]]}, "props": {"MTFCC": "S1400", "NAME": null}}, {"geom": {"type": "LineString", "coordinates": [[-117.551822, 40.688681], [-117.551277, 40.688843], [-117.549966, 40.688999], [-117.54833, 40.689021], [-117.547026, 40.689369], [-117.546299, 40.689336], [-117.545179, 40.689115]]}, "props": {"MTFCC": "S1400", "NAME": null}}, {"geom": {"type": "LineString", "coordinates": [[-117.489869, 40.708119], [-117.485548, 40.708813], [-117.483861, 40.709454], [-117.482097, 40.710084], [-117.481342, 40.710514], [-117.480714, 40.71088], [-117.479367, 40.71151], [-117.479024, 40.711563]]}, "props": {"MTFCC": "S1400", "NAME": null}}, {"geom": {"type": "LineString", "coordinates": [[-117.495179, 40.693358], [-117.495868, 40.69348]]}, "props": {"MTFCC": "S1400", "NAME": null}}, {"geom": {"type": "LineString", "coordinates": [[-117.495981, 40.692183], [-117.49572, 40.692439], [-117.495179, 40.693358]]}, "props": {"MTFCC": "S1400", "NAME": null}}, {"geom": {"type": "LineString", "coordinates": [[-117.347663, 40.707584], [-117.347749, 40.708474], [-117.348389, 40.710803], [-117.34854, 40.712016], [-117.349443, 40.714029], [-117.349383, 40.71451], [-117.348872, 40.715311], [-117.348873, 40.716135], [-117.348392, 40.716501], [-117.348332, 40.717004]]}, "props": {"MTFCC": "S1400", "NAME": null}}, {"geom": {"type": "LineString", "coordinates": [[-117.280046, 40.683485], [-117.28035, 40.683655], [-117.280502, 40.683794], [-117.280765, 40.684021], [-117.28089, 40.684111], [-117.281171, 40.684208], [-117.281154, 40.684315], [-117.280953, 40.684746], [-117.280752, 40.685076], [-117.280539, 40.685458], [-117.28034, 40.685776], [-117.280255, 40.68604], [-117.28017, 40.686209], [-117.279993, 40.686445], [-117.279886, 40.68669], [-117.279796, 40.686912], [-117.279712, 40.687074], [-117.279603, 40.687337], [-117.279344, 40.68807], [-117.279189, 40.688419], [-117.279043, 40.688937], [-117.278962, 40.689147], [-117.278944, 40.689355], [-117.278893, 40.689496], [-117.278797, 40.689699], [-117.27865, 40.68996], [-117.278515, 40.690258], [-117.278405, 40.690532], [-117.278493, 40.691061], [-117.278537, 40.691183], [-117.278699, 40.691304], [-117.278774, 40.691427], [-117.278879, 40.691581], [-117.279014, 40.691743], [-117.27915, 40.691887], [-117.279283, 40.692072], [-117.279531, 40.692466], [-117.279595, 40.692636], [-117.279669, 40.692771], [-117.27981, 40.693046], [-117.279852, 40.693203], [-117.279923, 40.69338], [-117.279971, 40.693549], [-117.280193, 40.693882], [-117.280274, 40.694029], [-117.280379, 40.694177], [-117.280446, 40.694312], [-117.280551, 40.694454], [-117.280853, 40.694767], [-117.280973, 40.694916], [-117.28106, 40.695087], [-117.281184, 40.695284], [-117.281344, 40.695429], [-117.281529, 40.695558], [-117.281641, 40.695712], [-117.281676, 40.695857], [-117.281642, 40.69598], [-117.281481, 40.69667], [-117.281649, 40.697084], [-117.281731, 40.697314], [-117.281704, 40.697533], [-117.281665, 40.697716], [-117.281522, 40.698109], [-117.281499, 40.698286], [-117.281518, 40.69843], [-117.281525, 40.698621], [-117.281307, 40.699153], [-117.281237, 40.699424], [-117.281223, 40.699584], [-117.281274, 40.699724], [-117.281322, 40.699976], [-117.281385, 40.700164], [-117.281502, 40.700432], [-117.281579, 40.700722], [-117.281649, 40.700917], [-117.281777, 40.701435], [-117.281792, 40.701621], [-117.281827, 40.701855], [-117.281892, 40.702013], [-117.281981, 40.70225], [-117.282043, 40.702438], [-117.282076, 40.702607], [-117.28211, 40.702752], [-117.282137, 40.702896], [-117.282208, 40.703078], [-117.282255, 40.703349], [-117.282238, 40.703539], [-117.282269, 40.70382], [-117.282326, 40.704163], [-117.28241, 40.704465], [-117.282551, 40.704913], [-117.282596, 40.705124], [-117.28272, 40.705315], [-117.282756, 40.705448], [-117.28278, 40.705622], [-117.282835, 40.70581], [-117.282915, 40.706338], [-117.282967, 40.706639], [-117.28304, 40.706809], [-117.283135, 40.707255], [-117.28324, 40.707601], [-117.283392, 40.708169], [-117.283597, 40.708383], [-117.283981, 40.708844], [-117.284378, 40.70917], [-117.284749, 40.709273], [-117.285025, 40.70944], [-117.285338, 40.709693], [-117.285803, 40.710005], [-117.286167, 40.710176], [-117.286651, 40.710415], [-117.286463, 40.710413], [-117.286264, 40.710419], [-117.286057, 40.710416], [-117.285634, 40.710384], [-117.285398, 40.710357], [-117.285119, 40.710332], [-117.284862, 40.710319], [-117.284572, 40.710293], [-117.284336, 40.710281], [-117.284096, 40.710251], [-117.283804, 40.710191], [-117.283259, 40.710137], [-117.283033, 40.710119], [-117.282728, 40.7101], [-117.282268, 40.710035], [-117.282, 40.709988], [-117.281579, 40.709933], [-117.281342, 40.709922], [-117.280431, 40.709929], [-117.279714, 40.70992], [-117.279306, 40.709885], [-117.278693, 40.70988], [-117.278368, 40.709857], [-117.277751, 40.709785], [-117.277407, 40.709756], [-117.277058, 40.70972], [-117.276806, 40.709715], [-117.276494, 40.709718], [-117.276219, 40.70975], [-117.275825, 40.70979], [-117.275146, 40.709851], [-117.274803, 40.709868], [-117.274574, 40.709886], [-117.274307, 40.709881], [-117.274063, 40.709902], [-117.273883, 40.709976], [-117.273774, 40.710039], [-117.273583, 40.710071], [-117.273383, 40.710091], [-117.273012, 40.710091], [-117.272642, 40.710133], [-117.272428, 40.710152], [-117.271881, 40.710126], [-117.271635, 40.7101], [-117.271411, 40.710052], [-117.271241, 40.710037], [-117.270761, 40.710085], [-117.270512, 40.710095], [-117.270333, 40.710078], [-117.270175, 40.710027], [-117.270128, 40.709916], [-117.270067, 40.70984], [-117.269977, 40.709785], [-117.269784, 40.709703], [-117.269608, 40.709644], [-117.269498, 40.709602], [-117.269272, 40.709569], [-117.269106, 40.709549], [-117.268982, 40.709492], [-117.268854, 40.709427], [-117.26868, 40.709364], [-117.26841, 40.70928], [-117.268033, 40.709171], [-117.267408, 40.70898], [-117.266968, 40.708833], [-117.266846, 40.70876], [-117.26674, 40.708681], [-117.266622, 40.708561], [-117.266491, 40.708469], [-117.266118, 40.708266], [-117.26596, 40.708184], [-117.265609, 40.708026], [-117.265422, 40.707935], [-117.265213, 40.70785], [-117.264914, 40.70769], [-117.264741, 40.707611], [-117.264586, 40.707553], [-117.264355, 40.707494], [-117.264189, 40.707459], [-117.264021, 40.707439], [-117.263858, 40.707415], [-117.263716, 40.7074], [-117.263454, 40.707336], [-117.26333, 40.707287], [-117.26324, 40.707259], [-117.263103, 40.70724], [-117.262856, 40.707244], [-117.262672, 40.707285], [-117.262472, 40.707338], [-117.262305, 40.707376], [-117.262081, 40.707408], [-117.261858, 40.707428], [-117.26158, 40.707442], [-117.261308, 40.70744], [-117.260887, 40.707427], [-117.260341, 40.707384], [-117.259883, 40.707342], [-117.259268, 40.70726], [-117.258514, 40.707125], [-117.258263, 40.707116], [-117.257942, 40.707081], [-117.257613, 40.707021], [-117.25724, 40.70694], [-117.256901, 40.706884], [-117.256567, 40.706824], [-117.256221, 40.70678], [-117.255817, 40.70676], [-117.255545, 40.706762], [-117.255177, 40.706739], [-117.254713, 40.706697], [-117.254472, 40.70669], [-117.254176, 40.706621], [-117.253772, 40.706547], [-117.25319, 40.706455], [-117.252943, 40.706423], [-117.252701, 40.706401], [-117.252414, 40.706387], [-117.252213, 40.706411], [-117.252022, 40.706401], [-117.251769, 40.706359], [-117.251076, 40.706212], [-117.250473, 40.706138], [-117.25023, 40.706126], [-117.250019, 40.70613], [-117.249528, 40.706091], [-117.249359, 40.706049], [-117.24886, 40.70596], [-117.248581, 40.705922], [-117.248136, 40.705875], [-117.247671, 40.705837], [-117.247535, 40.705787], [-117.247447, 40.70569], [-117.247411, 40.705585], [-117.247347, 40.705514], [-117.24725, 40.705445], [-117.247131, 40.705415], [-117.246933, 40.7054], [-117.246754, 40.705396], [-117.246346, 40.705371], [-117.245781, 40.705304], [-117.245405, 40.705275], [-117.244785, 40.705181], [-117.244568, 40.705165], [-117.244315, 40.705128], [-117.244099, 40.705107], [-117.243884, 40.705062], [-117.243671, 40.705008], [-117.243476, 40.704969], [-117.243045, 40.704903], [-117.24251, 40.704789], [-117.242144, 40.704722], [-117.241531, 40.704618], [-117.241227, 40.704573], [-117.24093, 40.704524], [-117.240615, 40.704455], [-117.240315, 40.704371], [-117.240056, 40.704319], [-117.23974, 40.704269], [-117.239469, 40.704212], [-117.239214, 40.704126], [-117.239011, 40.704023], [-117.238651, 40.70381], [-117.238507, 40.703705], [-117.238339, 40.703565], [-117.23821, 40.703427], [-117.238072, 40.703317], [-117.237921, 40.703212], [-117.237761, 40.703136], [-117.237564, 40.703106], [-117.237327, 40.703109], [-117.237048, 40.703149], [-117.236888, 40.703219], [-117.236753, 40.7033], [-117.236643, 40.703382], [-117.236537, 40.703416], [-117.236346, 40.703406], [-117.236164, 40.703358], [-117.235746, 40.703372], [-117.235524, 40.703351], [-117.235306, 40.703276], [-117.234976, 40.703011], [-117.234848, 40.702926], [-117.234657, 40.702839], [-117.234545, 40.702809], [-117.234385, 40.702796], [-117.234256, 40.702809], [-117.234087, 40.702835], [-117.233952, 40.702842], [-117.233804, 40.702772], [-117.233595, 40.702595], [-117.23335, 40.702466], [-117.233086, 40.702321], [-117.232859, 40.702202], [-117.232569, 40.70208], [-117.232152, 40.701928], [-117.231865, 40.70184], [-117.231645, 40.70179], [-117.231527, 40.701782]]}, "props": {"MTFCC": "S1400", "NAME": null}}, {"geom": {"type": "LineString", "coordinates": [[-117.479024, 40.711563], [-117.478913, 40.711759], [-117.478609, 40.711945], [-117.478426, 40.711978], [-117.478354, 40.711991], [-117.4782, 40.712068], [-117.478032, 40.712158], [-117.477914, 40.712185], [-117.477707, 40.712224], [-117.477425, 40.712302], [-117.476913, 40.712499], [-117.476723, 40.712561], [-117.476515, 40.712629]]}, "props": {"MTFCC": "S1400", "NAME": null}}, {"geom": {"type": "LineString", "coordinates": [[-117.482184, 40.702813], [-117.482079, 40.703191], [-117.481821, 40.703657], [-117.481228, 40.704707], [-117.48102, 40.705076], [-117.480618, 40.705806], [-117.480012, 40.706839], [-117.479442, 40.707779], [-117.479338, 40.707948], [-117.478763, 40.708881], [-117.478106, 40.710036], [-117.477003, 40.711878], [-117.476631, 40.712451], [-117.476515, 40.712629]]}, "props": {"MTFCC": "S1400", "NAME": null}}, {"geom": {"type": "LineString", "coordinates": [[-117.286651, 40.710415], [-117.28678, 40.71041], [-117.286967, 40.710427], [-117.287292, 40.710443], [-117.287417, 40.710423], [-117.287536, 40.710365], [-117.287698, 40.710328], [-117.287865, 40.710344], [-117.28803, 40.710378], [-117.288201, 40.710406], [-117.2886, 40.710429], [-117.288741, 40.710455], [-117.288915, 40.710509], [-117.289044, 40.710564], [-117.289305, 40.710694], [-117.290047, 40.71087], [-117.290205, 40.710931], [-117.29042, 40.711028], [-117.290611, 40.711101], [-117.290795, 40.711152], [-117.291028, 40.711205], [-117.291628, 40.711483], [-117.29182, 40.711606], [-117.292062, 40.711731], [-117.292293, 40.711863], [-117.292426, 40.711934], [-117.292566, 40.711974], [-117.292727, 40.712001], [-117.292856, 40.712053], [-117.293025, 40.712106], [-117.293234, 40.712154], [-117.293713, 40.712237], [-117.294019, 40.712303], [-117.294326, 40.712361], [-117.294588, 40.712396], [-117.295053, 40.712483], [-117.295365, 40.712484], [-117.295587, 40.71247], [-117.295893, 40.712477], [-117.296165, 40.71252], [-117.296397, 40.712563], [-117.297271, 40.712852], [-117.297515, 40.712979], [-117.297674, 40.713109], [-117.297852, 40.713233], [-117.298085, 40.713382], [-117.298303, 40.713486], [-117.298558, 40.713599], [-117.298784, 40.713725], [-117.29902, 40.713831], [-117.299241, 40.713906], [-117.299439, 40.714024], [-117.299608, 40.714147], [-117.299794, 40.714273], [-117.300061, 40.714437], [-117.300237, 40.714504], [-117.300815, 40.714767], [-117.300906, 40.714864], [-117.301056, 40.714972], [-117.30122, 40.715123], [-117.301353, 40.715234], [-117.301542, 40.715352], [-117.301658, 40.715476], [-117.301856, 40.715607], [-117.302095, 40.715778], [-117.302569, 40.716162], [-117.302766, 40.716297], [-117.302933, 40.716401], [-117.303061, 40.716517]]}, "props": {"MTFCC": "S1400", "NAME": null}}, {"geom": {"type": "LineString", "coordinates": [[-117.352355, 40.705321], [-117.352152, 40.705452], [-117.351939, 40.705597], [-117.351775, 40.705716], [-117.351558, 40.705859], [-117.351381, 40.705965], [-117.351215, 40.706074], [-117.351114, 40.706134], [-117.350852, 40.706202], [-117.35071, 40.706228], [-117.350567, 40.70626], [-117.350401, 40.706283], [-117.35027, 40.706308], [-117.350151, 40.706336], [-117.35004, 40.706381], [-117.349869, 40.706491], [-117.349366, 40.706845], [-117.349117, 40.707015], [-117.34894, 40.707125], [-117.348758, 40.707226], [-117.348584, 40.707304], [-117.348142, 40.707419], [-117.347822, 40.707517], [-117.347663, 40.707584]]}, "props": {"MTFCC": "S1400", "NAME": null}}, {"geom": {"type": "LineString", "coordinates": [[-117.251762, 40.684815], [-117.250001, 40.685968], [-117.249577, 40.686252], [-117.249055, 40.686582]]}, "props": {"MTFCC": "S1400", "NAME": null}}, {"geom": {"type": "LineString", "coordinates": [[-117.280778, 40.683501], [-117.280615, 40.683256], [-117.280046, 40.683485]]}, "props": {"MTFCC": "S1400", "NAME": null}}, {"geom": {"type": "LineString", "coordinates": [[-117.261851, 40.657819], [-117.262529, 40.656549], [-117.262596, 40.656312], [-117.26287, 40.65528], [-117.262927, 40.654717], [-117.263018, 40.654506], [-117.263673, 40.654172], [-117.264442, 40.653716], [-117.265007, 40.652657], [-117.265205, 40.651582], [-117.265498, 40.65062], [-117.265743, 40.650105], [-117.266128, 40.649384], [-117.266491, 40.648384], [-117.266733, 40.647627], [-117.266963, 40.647004], [-117.267045, 40.646201], [-117.267086, 40.645912], [-117.267142, 40.645513], [-117.26732, 40.644311], [-117.267554, 40.643064], [-117.26764, 40.642645], [-117.267705, 40.642432], [-117.267781, 40.642181], [-117.267955, 40.641479], [-117.268077, 40.640793], [-117.268101, 40.640217], [-117.267944, 40.639691], [-117.267805, 40.639261], [-117.268022, 40.638349], [-117.26814, 40.637547], [-117.267667, 40.637043], [-117.266939, 40.636699], [-117.266327, 40.636486], [-117.265719, 40.636216], [-117.265143, 40.63587], [-117.264574, 40.635447], [-117.2644, 40.635275], [-117.264391, 40.635144]]}, "props": {"MTFCC": "S1500", "NAME": null}}, {"geom": {"type": "LineString", "coordinates": [[-117.253261, 40.644061], [-117.253318, 40.644128], [-117.253429, 40.644295], [-117.253529, 40.644394], [-117.253724, 40.644506], [-117.25379, 40.644537], [-117.254098, 40.644627], [-117.254181, 40.644667], [-117.254228, 40.644698], [-117.254272, 40.644743], [-117.254314, 40.644802], [-117.254345, 40.644856], [-117.25437, 40.644919], [-117.254389, 40.645], [-117.254402, 40.645085], [-117.254409, 40.645311], [-117.254434, 40.64545], [-117.254451, 40.645495], [-117.254485, 40.645554], [-117.254529, 40.645612], [-117.255554, 40.646362], [-117.256057, 40.646786], [-117.256453, 40.647105]]}, "props": {"MTFCC": "S1400", "NAME": null}}, {"geom": {"type": "LineString", "coordinates": [[-117.257313, 40.646472], [-117.257177, 40.6465], [-117.256453, 40.647105]]}, "props": {"MTFCC": "S1400", "NAME": null}}, {"geom": {"type": "LineString", "coordinates": [[-117.198502, 40.710828], [-117.198039, 40.710717], [-117.197693, 40.710646], [-117.197497, 40.710591], [-117.197358, 40.710527], [-117.196976, 40.710291], [-117.196877, 40.710235], [-117.196732, 40.710167], [-117.196614, 40.710142], [-117.196574, 40.710133], [-117.196428, 40.710118], [-117.196165, 40.710102], [-117.195985, 40.710052], [-117.195744, 40.709964], [-117.19547, 40.709881], [-117.195223, 40.70982], [-117.194512, 40.709629], [-117.194319, 40.709619], [-117.194127, 40.709627], [-117.193104, 40.709785], [-117.192743, 40.709851], [-117.192486, 40.709904], [-117.192276, 40.70997], [-117.192141, 40.710017], [-117.192001, 40.710045], [-117.191495, 40.710043], [-117.191251, 40.710038], [-117.191149, 40.710048], [-117.190941, 40.710089], [-117.190727, 40.71016], [-117.190558, 40.710248], [-117.190306, 40.710455], [-117.190209, 40.71056], [-117.190153, 40.710669], [-117.19009, 40.710776], [-117.190004, 40.710873], [-117.189889, 40.710967], [-117.189771, 40.711043], [-117.189385, 40.711317], [-117.189199, 40.71142], [-117.18898, 40.711503], [-117.188764, 40.711602], [-117.18852, 40.711704], [-117.188349, 40.711782], [-117.188082, 40.711886], [-117.187483, 40.712055], [-117.18722, 40.712113], [-117.187086, 40.712147], [-117.18693, 40.712175], [-117.186768, 40.712215], [-117.18664, 40.712265], [-117.186374, 40.712397], [-117.186252, 40.712444], [-117.186118, 40.712486], [-117.18591, 40.712514], [-117.18551, 40.712583], [-117.185021, 40.71272], [-117.184926, 40.712743], [-117.18479, 40.712765], [-117.184683, 40.712775], [-117.184521, 40.712784], [-117.184213, 40.712818], [-117.183951, 40.712852], [-117.18376, 40.712883], [-117.183589, 40.712927]]}, "props": {"MTFCC": "S1400", "NAME": null}}, {"geom": {"type": "LineString", "coordinates": [[-117.338126, 40.683575], [-117.33768, 40.683597], [-117.337075, 40.683603], [-117.336747, 40.683617], [-117.336553, 40.683633], [-117.336384, 40.683665], [-117.336119, 40.683733], [-117.33589, 40.683762], [-117.334827, 40.683679], [-117.334164, 40.683656], [-117.333712, 40.683629], [-117.333437, 40.683603]]}, "props": {"MTFCC": "S1400", "NAME": null}}, {"geom": {"type": "LineString", "coordinates": [[-117.344149, 40.683711], [-117.343954, 40.68372], [-117.343591, 40.683732], [-117.342558, 40.683687], [-117.342045, 40.683671], [-117.341749, 40.683642], [-117.341481, 40.68361], [-117.341261, 40.6836], [-117.340653, 40.683591], [-117.340457, 40.683577]]}, "props": {"MTFCC": "S1400", "NAME": null}}, {"geom": {"type": "LineString", "coordinates": [[-117.262709, 40.625257], [-117.263442, 40.625469], [-117.26412, 40.625671], [-117.264669, 40.625893], [-117.265344, 40.626136], [-117.265839, 40.626342], [-117.266368, 40.626578], [-117.266627, 40.626758], [-117.266872, 40.626896], [-117.267334, 40.627059], [-117.268181, 40.627435], [-117.26876, 40.627684], [-117.268943, 40.627766], [-117.269077, 40.627802], [-117.269231, 40.627797], [-117.269379, 40.627737], [-117.269532, 40.627682], [-117.26968, 40.627619], [-117.269791, 40.627532], [-117.269877, 40.627369], [-117.269931, 40.62718], [-117.26993, 40.627071], [-117.269881, 40.626935], [-117.269786, 40.626767], [-117.269642, 40.626647], [-117.269329, 40.626402], [-117.269242, 40.626326], [-117.269251, 40.626226], [-117.269336, 40.626122], [-117.269402, 40.625737], [-117.269467, 40.625681], [-117.269598, 40.625675], [-117.26973, 40.625684], [-117.269863, 40.625672], [-117.26998, 40.62565], [-117.270245, 40.625573], [-117.270373, 40.62555], [-117.270462, 40.625554], [-117.270579, 40.625576], [-117.27068, 40.625606], [-117.27077, 40.625643], [-117.270879, 40.62567], [-117.271229, 40.625743], [-117.271584, 40.625788], [-117.27192, 40.625843], [-117.272048, 40.625854], [-117.272156, 40.625852], [-117.272509, 40.625798], [-117.27263, 40.625771], [-117.27277, 40.625762], [-117.272941, 40.625779], [-117.273079, 40.625799], [-117.273256, 40.625835], [-117.273433, 40.625866], [-117.273671, 40.625894], [-117.273853, 40.625903], [-117.274107, 40.62591], [-117.274199, 40.625929], [-117.27428, 40.625985], [-117.274374, 40.626066], [-117.274478, 40.626145], [-117.274582, 40.626232], [-117.274721, 40.626332], [-117.275025, 40.626591], [-117.275091, 40.626621], [-117.275218, 40.626647], [-117.275269, 40.626682], [-117.275328, 40.62674], [-117.275422, 40.6269], [-117.275511, 40.627082], [-117.2756, 40.6273], [-117.275609, 40.627404], [-117.275625, 40.627501], [-117.275621, 40.627638], [-117.275628, 40.62779], [-117.275642, 40.62795], [-117.275598, 40.62814], [-117.275559, 40.628266], [-117.275544, 40.628447], [-117.275546, 40.628586], [-117.275586, 40.628769], [-117.275648, 40.628858], [-117.275732, 40.628862], [-117.275832, 40.628835], [-117.275975, 40.62881], [-117.276111, 40.628849], [-117.276203, 40.628928], [-117.276349, 40.629021], [-117.276523, 40.629115], [-117.276555, 40.629223], [-117.276515, 40.62937], [-117.276299, 40.629594], [-117.275961, 40.63009], [-117.275513, 40.630418], [-117.274914, 40.63076], [-117.274202, 40.631014], [-117.273313, 40.631258], [-117.272803, 40.631367], [-117.272227, 40.631442], [-117.271344, 40.631635], [-117.270655, 40.631766], [-117.269731, 40.631803], [-117.26907, 40.631925], [-117.268375, 40.631973], [-117.267956, 40.631962], [-117.267362, 40.631933], [-117.266428, 40.631907], [-117.265452, 40.631775], [-117.264614, 40.631744], [-117.264003, 40.631822]]}, "props": {"MTFCC": "S1400", "NAME": null}}, {"geom": {"type": "LineString", "coordinates": [[-117.205963, 40.71519], [-117.2058, 40.715588], [-117.205447, 40.716475], [-117.205209, 40.717004], [-117.204869, 40.717504], [-117.204305, 40.718251], [-117.203977, 40.718606], [-117.203741, 40.718998], [-117.203468, 40.719397]]}, "props": {"MTFCC": "S1400", "NAME": null}}, {"geom": {"type": "LineString", "coordinates": [[-117.200428, 40.700316], [-117.200261, 40.700437], [-117.199908, 40.701127], [-117.199458, 40.701752], [-117.198389, 40.702721], [-117.198021, 40.702879], [-117.196869, 40.703143], [-117.195948, 40.703224], [-117.194826, 40.703125]]}, "props": {"MTFCC": "S1400", "NAME": null}}, {"geom": {"type": "LineString", "coordinates": [[-117.092908, 40.687529], [-117.092802, 40.687596], [-117.092749, 40.687635], [-117.092683, 40.687694], [-117.092534, 40.687848], [-117.092451, 40.687927], [-117.092364, 40.687994], [-117.092229, 40.688084], [-117.092117, 40.68814], [-117.091998, 40.688193], [-117.091907, 40.688245], [-117.091838, 40.6883], [-117.091744, 40.688391], [-117.091547, 40.68862], [-117.091316, 40.688856], [-117.091238, 40.688918], [-117.091177, 40.688955], [-117.091088, 40.68898], [-117.091025, 40.688988], [-117.09095, 40.688985], [-117.09089, 40.688976], [-117.090743, 40.688931], [-117.090605, 40.688897], [-117.090308, 40.688815], [-117.090125, 40.688758]]}, "props": {"MTFCC": "S1400", "NAME": null}}, {"geom": {"type": "LineString", "coordinates": [[-117.086206, 40.69414], [-117.086109, 40.694112], [-117.086046, 40.694082], [-117.085992, 40.694043], [-117.085943, 40.693989], [-117.08591, 40.693909], [-117.0859, 40.693806], [-117.085906, 40.693652]]}, "props": {"MTFCC": "S1400", "NAME": null}}, {"geom": {"type": "LineString", "coordinates": [[-117.094297, 40.673236], [-117.094462, 40.673176], [-117.095079, 40.673021], [-117.095185, 40.67298], [-117.095241, 40.672949], [-117.095301, 40.672909], [-117.09541, 40.672811], [-117.095485, 40.672754], [-117.095588, 40.672687], [-117.095752, 40.672566], [-117.095763, 40.672544], [-117.09591, 40.672434], [-117.096067, 40.672338], [-117.096145, 40.672295], [-117.096267, 40.672236], [-117.096664, 40.672073], [-117.09693, 40.671956], [-117.097243, 40.671799], [-117.097318, 40.671765], [-117.097403, 40.671713], [-117.097615, 40.671548], [-117.097778, 40.671446], [-117.097891, 40.671383], [-117.098291, 40.671204], [-117.098447, 40.671121], [-117.098626, 40.671037], [-117.098907, 40.670884], [-117.09907, 40.670803], [-117.099636, 40.670498], [-117.099974, 40.670328], [-117.100515, 40.670072]]}, "props": {"MTFCC": "S1400", "NAME": null}}, {"geom": {"type": "LineString", "coordinates": [[-117.181599, 40.714436], [-117.181591, 40.714516], [-117.181541, 40.714776]]}, "props": {"MTFCC": "S1400", "NAME": null}}, {"geom": {"type": "LineString", "coordinates": [[-117.254614, 40.633221], [-117.25435, 40.635223], [-117.253831, 40.639284], [-117.253722, 40.640155], [-117.253452, 40.642308], [-117.253344, 40.642973], [-117.253263, 40.643524], [-117.253261, 40.644061]]}, "props": {"MTFCC": "S1400", "NAME": null}}, {"geom": {"type": "LineString", "coordinates": [[-117.02037, 40.681346], [-117.020671, 40.681537], [-117.021333, 40.681928], [-117.022599, 40.682695], [-117.023075, 40.682977], [-117.023997, 40.683552], [-117.024852, 40.684041], [-117.025926, 40.684667], [-117.026272, 40.684873], [-117.026363, 40.684927], [-117.027665, 40.685758], [-117.027953, 40.685936], [-117.028602, 40.686327], [-117.028899, 40.686518], [-117.029341, 40.686777], [-117.029795, 40.687063], [-117.030296, 40.687364], [-117.030951, 40.687766], [-117.031176, 40.68789], [-117.031518, 40.688114], [-117.031903, 40.68834], [-117.032244, 40.688562], [-117.032442, 40.688672], [-117.032626, 40.688786], [-117.032786, 40.688876], [-117.033253, 40.689167], [-117.033569, 40.689389], [-117.033898, 40.689608], [-117.034262, 40.689815], [-117.034528, 40.689982], [-117.035026, 40.690273], [-117.03531, 40.69046]]}, "props": {"MTFCC": "S1400", "NAME": null}}, {"geom": {"type": "LineString", "coordinates": [[-117.088575, 40.676304], [-117.088002, 40.676689], [-117.087986, 40.676753], [-117.087942, 40.676858], [-117.087914, 40.67697], [-117.087918, 40.67703], [-117.087939, 40.677122], [-117.087958, 40.677163], [-117.088027, 40.677261], [-117.088081, 40.677368], [-117.08809, 40.677418], [-117.08809, 40.677472], [-117.088132, 40.67748], [-117.088212, 40.677516], [-117.08832, 40.677575], [-117.088436, 40.677649], [-117.088508, 40.677723], [-117.088542, 40.677778], [-117.088561, 40.677847], [-117.088578, 40.677978], [-117.088621, 40.678111], [-117.08879, 40.678442], [-117.088802, 40.678509], [-117.088797, 40.67858], [-117.088784, 40.678631], [-117.088759, 40.678681]]}, "props": {"MTFCC": "S1400", "NAME": null}}, {"geom": {"type": "LineString", "coordinates": [[-117.086593, 40.677423], [-117.086165, 40.677548], [-117.0859, 40.677601], [-117.085744, 40.67762], [-117.085515, 40.677622], [-117.085356, 40.677639], [-117.085256, 40.677661], [-117.085175, 40.677684], [-117.084928, 40.677773], [-117.084828, 40.677818], [-117.084528, 40.677973], [-117.084391, 40.678035], [-117.084263, 40.678087], [-117.084097, 40.678161], [-117.083916, 40.678278], [-117.083829, 40.678325], [-117.08362, 40.678409], [-117.083442, 40.67849], [-117.083257, 40.678587], [-117.083145, 40.678657], [-117.083051, 40.678728], [-117.082805, 40.678976], [-117.082683, 40.679078], [-117.082442, 40.679254], [-117.082112, 40.679519], [-117.082002, 40.679595], [-117.081893, 40.679664], [-117.081665, 40.679776], [-117.081253, 40.679931], [-117.081171, 40.679974], [-117.081068, 40.680043], [-117.0809, 40.680183], [-117.080622, 40.680438], [-117.080494, 40.680574], [-117.080407, 40.680676], [-117.080319, 40.6808]]}, "props": {"MTFCC": "S1400", "NAME": null}}, {"geom": {"type": "LineString", "coordinates": [[-117.030904, 40.653232], [-117.031024, 40.653279], [-117.031087, 40.653309], [-117.031144, 40.653346], [-117.031427, 40.653579], [-117.031802, 40.653921], [-117.031965, 40.6541], [-117.032022, 40.654154], [-117.032065, 40.654183], [-117.032124, 40.654212], [-117.032177, 40.654228], [-117.032276, 40.654251], [-117.032371, 40.654264], [-117.032454, 40.654265], [-117.032724, 40.654253], [-117.03319, 40.654206], [-117.033412, 40.654167], [-117.033541, 40.654136], [-117.03389, 40.654041], [-117.034208, 40.653961], [-117.0344, 40.65392], [-117.034699, 40.65387], [-117.034823, 40.653854], [-117.034951, 40.653844], [-117.035326, 40.653827], [-117.036018, 40.653821], [-117.036492, 40.653794], [-117.037193, 40.65374], [-117.037539, 40.653731], [-117.03778, 40.653737], [-117.037889, 40.653748], [-117.038814, 40.653879], [-117.039098, 40.65393], [-117.03938, 40.653999], [-117.039916, 40.654161], [-117.040394, 40.654339], [-117.040508, 40.654372], [-117.040778, 40.654424], [-117.041272, 40.654536], [-117.041484, 40.654598], [-117.041566, 40.654626], [-117.041771, 40.65468]]}, "props": {"MTFCC": "S1400", "NAME": null}}, {"geom": {"type": "LineString", "coordinates": [[-117.034065, 40.655085], [-117.030608, 40.654759], [-117.029243, 40.65457], [-117.028834, 40.654519], [-117.0284, 40.654491], [-117.028209, 40.654484], [-117.02769, 40.654506], [-117.027445, 40.654528], [-117.026939, 40.654563], [-117.024971, 40.654643], [-117.024237, 40.654633], [-117.023803, 40.654659], [-117.023615, 40.654665], [-117.022947, 40.654659], [-117.022638, 40.654667], [-117.02202, 40.654701], [-117.020767, 40.654709], [-117.018654, 40.654788]]}, "props": {"MTFCC": "S1400", "NAME": null}}, {"geom": {"type": "LineString", "coordinates": [[-117.053467, 40.654155], [-117.053518, 40.654305], [-117.053591, 40.654451], [-117.053748, 40.654716], [-117.053977, 40.655148], [-117.054006, 40.655239], [-117.054101, 40.655971], [-117.054196, 40.656445], [-117.054245, 40.656628], [-117.054253, 40.656688], [-117.054255, 40.656752], [-117.054236, 40.656894], [-117.054219, 40.656948], [-117.05419, 40.657002], [-117.05405, 40.65718], [-117.053797, 40.657566], [-117.05376, 40.657658], [-117.053744, 40.657738], [-117.053726, 40.657992], [-117.053727, 40.658055], [-117.053739, 40.658116], [-117.053757, 40.658157], [-117.053825, 40.658253], [-117.054069, 40.658511], [-117.054242, 40.658701], [-117.054291, 40.658761], [-117.054455, 40.659017], [-117.05451, 40.659086], [-117.054584, 40.659168], [-117.054758, 40.659325], [-117.055008, 40.659512], [-117.055196, 40.659643], [-117.055535, 40.659866], [-117.055661, 40.659957], [-117.055768, 40.660045], [-117.055855, 40.660126], [-117.056147, 40.660434], [-117.056255, 40.66054], [-117.056392, 40.660631], [-117.056449, 40.660679], [-117.056634, 40.660871], [-117.056715, 40.660975], [-117.057385, 40.661758], [-117.057492, 40.661897], [-117.057685, 40.662182], [-117.057832, 40.66243], [-117.057945, 40.662598], [-117.058164, 40.662882], [-117.059118, 40.663907], [-117.059253, 40.66403]]}, "props": {"MTFCC": "S1400", "NAME": null}}, {"geom": {"type": "LineString", "coordinates": [[-117.058663, 40.651532], [-117.05908, 40.651336], [-117.059168, 40.651295], [-117.059252, 40.651247], [-117.059437, 40.651128], [-117.059668, 40.650997], [-117.059869, 40.650908], [-117.059894, 40.650974], [-117.059943, 40.651153], [-117.059957, 40.65125], [-117.059975, 40.651558], [-117.059994, 40.651679], [-117.060035, 40.651789], [-117.060056, 40.651832], [-117.060119, 40.651938], [-117.060146, 40.651995], [-117.060164, 40.652085], [-117.060178, 40.652273], [-117.060196, 40.652326], [-117.060225, 40.652375], [-117.06031, 40.652479]]}, "props": {"MTFCC": "S1400", "NAME": null}}, {"geom": {"type": "LineString", "coordinates": [[-117.053331, 40.653384], [-117.053406, 40.653538], [-117.053431, 40.653601], [-117.053445, 40.653681], [-117.053457, 40.653938], [-117.053467, 40.654155]]}, "props": {"MTFCC": "S1400", "NAME": null}}, {"geom": {"type": "LineString", "coordinates": [[-117.053081, 40.652396], [-117.053134, 40.652514], [-117.053262, 40.653028], [-117.053303, 40.653271], [-117.053331, 40.653384]]}, "props": {"MTFCC": "S1400", "NAME": null}}, {"geom": {"type": "LineString", "coordinates": [[-117.058131, 40.651574], [-117.058025, 40.651637], [-117.057929, 40.651662], [-117.057743, 40.65169], [-117.057605, 40.651703], [-117.057467, 40.65171], [-117.05714, 40.65174], [-117.056714, 40.651802], [-117.055286, 40.652025], [-117.05471, 40.652132], [-117.054184, 40.652237], [-117.053942, 40.652279], [-117.05375, 40.652306], [-117.053435, 40.652334], [-117.053081, 40.652396]]}, "props": {"MTFCC": "S1400", "NAME": null}}, {"geom": {"type": "LineString", "coordinates": [[-117.059366, 40.645886], [-117.059382, 40.646182], [-117.059377, 40.646258], [-117.059358, 40.646324], [-117.059335, 40.646375], [-117.059271, 40.646447], [-117.059228, 40.646483], [-117.059007, 40.646635], [-117.058839, 40.646757], [-117.058769, 40.646829], [-117.058685, 40.646944], [-117.058632, 40.647007], [-117.058492, 40.647135], [-117.058421, 40.647191], [-117.058236, 40.647307], [-117.058181, 40.647364], [-117.058065, 40.647535], [-117.058001, 40.647664], [-117.057903, 40.647837], [-117.057856, 40.647888], [-117.057739, 40.647996], [-117.057694, 40.648052], [-117.057634, 40.648162], [-117.057459, 40.64843], [-117.05735, 40.648559], [-117.057221, 40.648684], [-117.057148, 40.648764], [-117.05709, 40.64881], [-117.056977, 40.648881], [-117.056835, 40.648959], [-117.056766, 40.648989], [-117.056505, 40.649081], [-117.056229, 40.649168], [-117.056079, 40.649223], [-117.056025, 40.649254], [-117.055999, 40.649286], [-117.055974, 40.649344], [-117.055959, 40.649394], [-117.055881, 40.649808], [-117.055861, 40.649862], [-117.055795, 40.649974], [-117.055741, 40.650042], [-117.055639, 40.650157], [-117.055428, 40.650408], [-117.05541, 40.650448], [-117.055402, 40.650497], [-117.055404, 40.650541], [-117.055415, 40.650574], [-117.055457, 40.65063], [-117.056261, 40.651345], [-117.05637, 40.65145], [-117.056439, 40.651498], [-117.05677, 40.651647]]}, "props": {"MTFCC": "S1400", "NAME": null}}, {"geom": {"type": "LineString", "coordinates": [[-117.019653, 40.645025], [-117.019449, 40.64507], [-117.018853, 40.645212], [-117.018662, 40.645263]]}, "props": {"MTFCC": "S1400", "NAME": null}}, {"geom": {"type": "LineString", "coordinates": [[-117.061447, 40.645217], [-117.06159, 40.645296], [-117.061637, 40.64533], [-117.061672, 40.645375], [-117.061856, 40.645737], [-117.061861, 40.645768], [-117.061855, 40.645798], [-117.061813, 40.645844], [-117.061776, 40.645858], [-117.061548, 40.645903], [-117.061408, 40.645963], [-117.061331, 40.646005], [-117.061014, 40.646218], [-117.060821, 40.64634], [-117.060725, 40.646432], [-117.060686, 40.646486], [-117.060655, 40.646539], [-117.060616, 40.646736], [-117.060574, 40.646826], [-117.060454, 40.646958], [-117.060283, 40.647181], [-117.060257, 40.647242], [-117.060244, 40.647323], [-117.060244, 40.647432], [-117.060259, 40.647547], [-117.060262, 40.647697], [-117.060251, 40.647764], [-117.06024, 40.647797], [-117.060218, 40.647834], [-117.060172, 40.647891], [-117.060065, 40.647986]]}, "props": {"MTFCC": "S1400", "NAME": null}}, {"geom": {"type": "LineString", "coordinates": [[-117.061725, 40.642356], [-117.061497, 40.642843], [-117.061479, 40.642933], [-117.061479, 40.642962], [-117.061489, 40.642991], [-117.06151, 40.64302], [-117.061532, 40.643032], [-117.061555, 40.643037], [-117.061748, 40.642986], [-117.061818, 40.642971], [-117.061911, 40.642957], [-117.062042, 40.642943], [-117.062197, 40.642938], [-117.062251, 40.642941], [-117.062312, 40.642954], [-117.062369, 40.642978], [-117.062405, 40.643005], [-117.062481, 40.643073], [-117.0625, 40.6431], [-117.062541, 40.643184], [-117.062555, 40.643242], [-117.062557, 40.643272], [-117.062545, 40.643321], [-117.062517, 40.643355], [-117.062473, 40.643375], [-117.06218, 40.643369], [-117.062064, 40.643372], [-117.061974, 40.643381], [-117.061852, 40.64341], [-117.061782, 40.643436], [-117.06153, 40.643573], [-117.061429, 40.643638], [-117.061311, 40.643727], [-117.061127, 40.643905], [-117.061097, 40.643947], [-117.061088, 40.643981], [-117.061088, 40.644014], [-117.061101, 40.644069], [-117.061222, 40.644269], [-117.061241, 40.644316], [-117.061244, 40.644354], [-117.061239, 40.644376], [-117.061228, 40.644393], [-117.061101, 40.644498], [-117.061075, 40.644527], [-117.061025, 40.644601], [-117.061001, 40.644648], [-117.060988, 40.644705], [-117.06099, 40.644767], [-117.061029, 40.644873], [-117.061065, 40.64493], [-117.061165, 40.645045], [-117.061238, 40.645102], [-117.061447, 40.645217]]}, "props": {"MTFCC": "S1400", "NAME": null}}, {"geom": {"type": "LineString", "coordinates": [[-117.066921, 40.653963], [-117.066846, 40.654], [-117.066783, 40.654067], [-117.066747, 40.654092], [-117.066703, 40.654107], [-117.066647, 40.654118], [-117.066578, 40.654138], [-117.066496, 40.654171], [-117.066349, 40.65422], [-117.06628, 40.654238], [-117.065979, 40.654261], [-117.065858, 40.654285], [-117.065643, 40.654339], [-117.065501, 40.654359], [-117.065427, 40.654379], [-117.065361, 40.65441], [-117.065262, 40.654475], [-117.065209, 40.654516], [-117.065132, 40.654562], [-117.06505, 40.654626], [-117.064908, 40.654726], [-117.064809, 40.654815], [-117.064764, 40.654843], [-117.064626, 40.654894], [-117.064531, 40.654923]]}, "props": {"MTFCC": "S1400", "NAME": null}}, {"geom": {"type": "LineString", "coordinates": [[-117.063989, 40.653947], [-117.064081, 40.653954], [-117.064173, 40.653947], [-117.064256, 40.653927], [-117.064325, 40.653902], [-117.064472, 40.653832], [-117.064767, 40.653702], [-117.064822, 40.653682], [-117.064881, 40.653678], [-117.064987, 40.653692], [-117.065123, 40.653736], [-117.065351, 40.653793], [-117.065508, 40.653816], [-117.065575, 40.653822], [-117.065818, 40.653818], [-117.066025, 40.653822], [-117.066111, 40.653817], [-117.066312, 40.653789], [-117.066416, 40.653779], [-117.066532, 40.653785], [-117.06663, 40.653809], [-117.066803, 40.653918], [-117.06685, 40.65394], [-117.066921, 40.653963]]}, "props": {"MTFCC": "S1400", "NAME": null}}, {"geom": {"type": "LineString", "coordinates": [[-117.064531, 40.654923], [-117.064238, 40.655002], [-117.063726, 40.655131], [-117.06348, 40.655187], [-117.063312, 40.65524], [-117.063236, 40.655271], [-117.063065, 40.655323], [-117.062781, 40.655385], [-117.062632, 40.655406], [-117.062244, 40.655482], [-117.062134, 40.655508], [-117.061595, 40.655686]]}, "props": {"MTFCC": "S1400", "NAME": null}}, {"geom": {"type": "LineString", "coordinates": [[-117.026523, 40.643004], [-117.026526, 40.643061], [-117.026405, 40.643072], [-117.026267, 40.643162], [-117.02616, 40.64322], [-117.025885, 40.643347], [-117.025585, 40.643487], [-117.025455, 40.643577], [-117.025287, 40.64368], [-117.025063, 40.64381], [-117.02488, 40.643936], [-117.024735, 40.64403], [-117.024538, 40.64414], [-117.024316, 40.644252], [-117.024198, 40.644294], [-117.024121, 40.644308], [-117.02403, 40.644331], [-117.023911, 40.64437], [-117.023599, 40.644484], [-117.0235, 40.644512], [-117.023239, 40.644561], [-117.02298, 40.6446]]}, "props": {"MTFCC": "S1400", "NAME": null}}, {"geom": {"type": "LineString", "coordinates": [[-117.045116, 40.648845], [-117.045925, 40.648794], [-117.046007, 40.648782], [-117.046102, 40.648761], [-117.046251, 40.648699], [-117.046424, 40.648607]]}, "props": {"MTFCC": "S1630", "NAME": null}}, {"geom": {"type": "LineString", "coordinates": [[-117.018616, 40.705451], [-117.019381, 40.706047], [-117.021465, 40.707696], [-117.022035, 40.708137], [-117.023326, 40.709152], [-117.025259, 40.710663], [-117.02591, 40.711161], [-117.027513, 40.712399], [-117.027972, 40.712744], [-117.028437, 40.713113], [-117.0304, 40.714672], [-117.0308, 40.714982], [-117.031075, 40.715205], [-117.031381, 40.715424], [-117.03214, 40.716011], [-117.032581, 40.716341], [-117.033383, 40.716969], [-117.033958, 40.717407], [-117.03477, 40.718048], [-117.035647, 40.718752], [-117.036315, 40.71924], [-117.037894, 40.720455], [-117.039357, 40.72159], [-117.040196, 40.722256], [-117.042638, 40.724159], [-117.04332910404624, 40.7247]]}, "props": {"MTFCC": "S1100", "NAME": null}}, {"geom": {"type": "LineString", "coordinates": [[-117.491088, 40.684178], [-117.491243, 40.684419], [-117.491277, 40.684594], [-117.491304, 40.684769], [-117.491371, 40.684946], [-117.491394, 40.685159], [-117.491388, 40.685326], [-117.491365, 40.685416], [-117.49134, 40.68551], [-117.491357, 40.685709], [-117.491389, 40.68591], [-117.491415, 40.686389]]}, "props": {"MTFCC": "S1400", "NAME": null}}, {"geom": {"type": "LineString", "coordinates": [[-117.500486, 40.71166], [-117.50006, 40.712224], [-117.499422, 40.712604], [-117.496412, 40.712769]]}, "props": {"MTFCC": "S1400", "NAME": null}}, {"geom": {"type": "LineString", "coordinates": [[-117.527811, 40.690842], [-117.527698, 40.690994], [-117.527192, 40.691605], [-117.526596, 40.69214], [-117.526521, 40.692208], [-117.526495, 40.692227], [-117.525796, 40.692728], [-117.525516, 40.69292], [-117.5254, 40.692958], [-117.525256, 40.693037], [-117.525078, 40.693127], [-117.524758, 40.693279], [-117.524288, 40.693484], [-117.52299, 40.694026], [-117.522453, 40.694259], [-117.516897, 40.696587], [-117.516142, 40.696908], [-117.511767, 40.698744], [-117.508715, 40.700046], [-117.507568, 40.700509], [-117.503879, 40.702069], [-117.50284, 40.7025], [-117.501607, 40.703026], [-117.501366, 40.703134], [-117.500708, 40.703427], [-117.500046, 40.703697], [-117.499759, 40.703849], [-117.499307, 40.704228], [-117.499051, 40.704382], [-117.498845, 40.70452], [-117.498484, 40.704819]]}, "props": {"MTFCC": "S1400", "NAME": null}}, {"geom": {"type": "LineString", "coordinates": [[-117.496539, 40.690116], [-117.496289, 40.690694], [-117.496227, 40.690811], [-117.496156, 40.690974], [-117.496092, 40.69115], [-117.496037, 40.691371], [-117.496021, 40.691515], [-117.495981, 40.692183]]}, "props": {"MTFCC": "S1400", "NAME": null}}, {"geom": {"type": "LineString", "coordinates": [[-117.150901, 40.721787], [-117.151044, 40.72171], [-117.151418, 40.721548], [-117.151477, 40.721519], [-117.151596, 40.721441], [-117.151903, 40.721209], [-117.152272, 40.720923], [-117.152447, 40.720774], [-117.152505, 40.72072], [-117.152615, 40.720596], [-117.152827, 40.720325], [-117.15289, 40.720252], [-117.152925, 40.720221], [-117.153103, 40.720121], [-117.153184, 40.720054], [-117.153369, 40.719863], [-117.153819, 40.719371], [-117.153888, 40.719283], [-117.153925, 40.719221], [-117.15399, 40.719084], [-117.154022, 40.719035], [-117.154074, 40.71898], [-117.154256, 40.71883], [-117.154312, 40.718775], [-117.154359, 40.718717], [-117.154481, 40.718517], [-117.154562, 40.71841], [-117.154637, 40.718326], [-117.154915, 40.718056], [-117.15519, 40.717799], [-117.155397, 40.71762], [-117.155484, 40.717555], [-117.155531, 40.717531], [-117.155741, 40.717467], [-117.155901, 40.717404], [-117.15626, 40.717225], [-117.156329, 40.717194], [-117.156692, 40.717089], [-117.157184, 40.716895], [-117.157337, 40.716852], [-117.157441, 40.716835], [-117.157672, 40.716808], [-117.157719, 40.716796], [-117.157772, 40.716777], [-117.157822, 40.716749], [-117.157966, 40.716651], [-117.15807, 40.716574], [-117.158163, 40.716512], [-117.158317, 40.716398], [-117.158567, 40.71619], [-117.158607, 40.716152], [-117.158655, 40.716116], [-117.158745, 40.716063], [-117.158936, 40.71597], [-117.159005, 40.715925], [-117.159076, 40.715832], [-117.159242, 40.71551], [-117.159282, 40.715457], [-117.159611, 40.715166]]}, "props": {"MTFCC": "S1400", "NAME": null}}, {"geom": {"type": "LineString", "coordinates": [[-117.535798, 40.684353], [-117.535774, 40.684387], [-117.535555, 40.684675], [-117.535239, 40.684947], [-117.53497, 40.685147], [-117.534789, 40.685309], [-117.534446, 40.685399], [-117.534244, 40.685475], [-117.534152, 40.685576], [-117.534136, 40.685592], [-117.533879, 40.68566], [-117.53348, 40.685748], [-117.53304, 40.685823], [-117.532659, 40.685868], [-117.53243, 40.685932], [-117.532295, 40.686043], [-117.532167, 40.686228], [-117.53202, 40.686467], [-117.531925, 40.686622], [-117.531477, 40.687073]]}, "props": {"MTFCC": "S1400", "NAME": null}}, {"geom": {"type": "LineString", "coordinates": [[-117.623008, 40.699187], [-117.623209, 40.699259], [-117.623315, 40.699286], [-117.623476, 40.699294], [-117.623798, 40.699303], [-117.623992, 40.699315], [-117.624135, 40.699334], [-117.624273, 40.699375], [-117.624435, 40.699471], [-117.624783, 40.69973], [-117.625119, 40.699926], [-117.625225, 40.700047], [-117.625264, 40.700185], [-117.625257, 40.70037], [-117.625286, 40.700476], [-117.625578, 40.700556], [-117.625744, 40.700595], [-117.625858, 40.700569], [-117.626041, 40.700508], [-117.626124, 40.700512], [-117.626183, 40.700546], [-117.626203, 40.70061], [-117.626174, 40.700716], [-117.626185, 40.700839], [-117.626268, 40.700935], [-117.626385, 40.700972], [-117.626549, 40.701045], [-117.62669, 40.70115], [-117.626781, 40.701309], [-117.626869, 40.701697], [-117.626833, 40.701841], [-117.62668, 40.702038], [-117.626608, 40.702164], [-117.626593, 40.702243], [-117.626634, 40.702506], [-117.626597, 40.702709], [-117.626404, 40.703151], [-117.626257, 40.703636], [-117.626254, 40.703807]]}, "props": {"MTFCC": "S1400", "NAME": null}}, {"geom": {"type": "LineString", "coordinates": [[-117.304047, 40.717611], [-117.304404, 40.717791], [-117.30459, 40.717902], [-117.30491, 40.718085], [-117.305186, 40.71821], [-117.305558, 40.718489], [-117.305676, 40.718611], [-117.305857, 40.718703], [-117.306075, 40.718802], [-117.30644, 40.71896], [-117.306682, 40.719055], [-117.306846, 40.719133], [-117.307014, 40.719243], [-117.307145, 40.719347], [-117.307303, 40.719499], [-117.307397, 40.719566], [-117.30747, 40.719619], [-117.30758, 40.71968], [-117.307778, 40.719722], [-117.307993, 40.719854], [-117.308164, 40.719918], [-117.308374, 40.719965], [-117.308576, 40.720027], [-117.308756, 40.720063], [-117.308915, 40.720127], [-117.309044, 40.720194], [-117.309372, 40.720419], [-117.309542, 40.720571], [-117.309889, 40.720806], [-117.310086, 40.720928], [-117.310267, 40.72102], [-117.310443, 40.721103], [-117.310631, 40.721182], [-117.310806, 40.721284], [-117.310976, 40.721366], [-117.311251, 40.72157], [-117.311446, 40.72165], [-117.31156, 40.721664], [-117.311767, 40.721675], [-117.312013, 40.721724], [-117.312431, 40.721838], [-117.312612, 40.72186], [-117.3128, 40.72187], [-117.313172, 40.721874], [-117.313366, 40.721888], [-117.313577, 40.721922], [-117.313744, 40.721963], [-117.313905, 40.722013], [-117.314151, 40.722132], [-117.314339, 40.72221], [-117.314577, 40.722283], [-117.315058, 40.722441], [-117.315209, 40.722532], [-117.315432, 40.72264], [-117.315594, 40.722741], [-117.316242, 40.723015], [-117.316437, 40.723089], [-117.31667, 40.723143], [-117.316908, 40.723285], [-117.31722, 40.723425], [-117.317519, 40.72357], [-117.31778, 40.723653], [-117.318032, 40.723702], [-117.318132, 40.723753], [-117.318248, 40.723837], [-117.31847, 40.723971], [-117.31876, 40.724133], [-117.318984, 40.724312], [-117.319317, 40.724511], [-117.31969403571428, 40.7247]]}, "props": {"MTFCC": "S1400", "NAME": null}}, {"geom": {"type": "LineString", "coordinates": [[-117.58022, 40.714553], [-117.580287, 40.714541], [-117.580371, 40.714515], [-117.580468, 40.714474]]}, "props": {"MTFCC": "S1400", "NAME": null}}, {"geom": {"type": "LineString", "coordinates": [[-117.382026, 40.685748], [-117.381896, 40.686156], [-117.381745, 40.686484], [-117.38172, 40.686523], [-117.381644, 40.686642], [-117.381566, 40.68675], [-117.381442, 40.68687], [-117.381314, 40.686975], [-117.381195, 40.687081], [-117.381053, 40.687185], [-117.380934, 40.687294], [-117.380831, 40.687377], [-117.380754, 40.687474], [-117.380653, 40.687591], [-117.380569, 40.687716], [-117.380251, 40.688063], [-117.380094, 40.688243], [-117.379871, 40.688475], [-117.379629, 40.688682], [-117.379465, 40.68884], [-117.379271, 40.688994], [-117.378638, 40.68945], [-117.378177, 40.689734], [-117.378062, 40.689811], [-117.377945, 40.689899], [-117.377114, 40.69048], [-117.376769, 40.690726], [-117.376432, 40.690956], [-117.376237, 40.691082], [-117.375923, 40.691313], [-117.375714, 40.691451], [-117.375457, 40.69166], [-117.374965, 40.691986], [-117.374786, 40.692121], [-117.374555, 40.692276], [-117.374406, 40.692396], [-117.374313, 40.692472], [-117.374157, 40.692576], [-117.373992, 40.692711], [-117.373748, 40.692894], [-117.373527, 40.69305], [-117.373317, 40.69319], [-117.373006, 40.693424], [-117.372715, 40.693636], [-117.372521, 40.693752], [-117.372334, 40.69387], [-117.372182, 40.693972], [-117.371873, 40.694149], [-117.371724, 40.694251], [-117.371136, 40.694581], [-117.370626, 40.694922], [-117.370218, 40.69518], [-117.369976, 40.695343], [-117.369809, 40.695462], [-117.369278, 40.695805], [-117.36879, 40.696156], [-117.368614, 40.696264], [-117.368467, 40.696348], [-117.368278, 40.69644], [-117.368087, 40.696555], [-117.367848, 40.696673], [-117.367682, 40.696782], [-117.367529, 40.696897], [-117.367378, 40.696991], [-117.367221, 40.697103], [-117.367059, 40.697207], [-117.366943, 40.697289], [-117.366864, 40.697364], [-117.366667, 40.697518], [-117.366007, 40.697969], [-117.365734, 40.698166], [-117.364912, 40.698718], [-117.364549, 40.698974], [-117.364157, 40.699212], [-117.363991, 40.699321], [-117.363836, 40.699412], [-117.363655, 40.699535], [-117.363511, 40.699622], [-117.363386, 40.699686], [-117.362805, 40.69985], [-117.362618, 40.699924], [-117.362461, 40.699997], [-117.36217, 40.70017], [-117.361996, 40.700252], [-117.361847, 40.70031], [-117.361604, 40.700438], [-117.361325, 40.700596], [-117.361018, 40.700789], [-117.360636, 40.700984], [-117.359914, 40.701407], [-117.35926, 40.70179], [-117.358596, 40.702168], [-117.35827, 40.702344], [-117.357767, 40.702636], [-117.357435, 40.702844], [-117.356967, 40.703094], [-117.356648, 40.70327], [-117.356485, 40.703338], [-117.356354, 40.703357], [-117.356186, 40.703354], [-117.355866, 40.703302], [-117.355744, 40.703296], [-117.355653, 40.70332], [-117.35555, 40.703373], [-117.35536, 40.703514], [-117.35478, 40.703912], [-117.354532, 40.704092], [-117.354391, 40.704184], [-117.354171, 40.704363], [-117.35407, 40.704428], [-117.353921, 40.704494], [-117.353816, 40.70453], [-117.353698, 40.70455], [-117.353529, 40.704604], [-117.35343, 40.704649], [-117.353322, 40.704714], [-117.353137, 40.704837], [-117.352787, 40.705057], [-117.352678, 40.705132], [-117.352609, 40.705188], [-117.352355, 40.705321]]}, "props": {"MTFCC": "S1400", "NAME": null}}, {"geom": {"type": "LineString", "coordinates": [[-117.34675, 40.703033], [-117.346762, 40.703157], [-117.346789, 40.70325], [-117.346894, 40.7035], [-117.346919, 40.70361], [-117.346985, 40.70371], [-117.347033, 40.703821], [-117.34705, 40.703958], [-117.347006, 40.704073], [-117.34696, 40.704145], [-117.346896, 40.704291], [-117.346903, 40.704479], [-117.346896, 40.704763], [-117.346851, 40.705014], [-117.346785, 40.70519], [-117.34668, 40.705347], [-117.346648, 40.705446], [-117.346695, 40.705571], [-117.346785, 40.705732], [-117.346876, 40.706288], [-117.346971, 40.706585], [-117.347116, 40.706771], [-117.347252, 40.706931], [-117.347414, 40.707188], [-117.347528, 40.707399], [-117.347663, 40.707584]]}, "props": {"MTFCC": "S1400", "NAME": null}}, {"geom": {"type": "LineString", "coordinates": [[-117.280046, 40.683485], [-117.279798, 40.683514], [-117.279446, 40.683598], [-117.27933, 40.683631], [-117.279213, 40.683664]]}, "props": {"MTFCC": "S1400", "NAME": null}}, {"geom": {"type": "LineString", "coordinates": [[-117.250783, 40.681468], [-117.250727, 40.681759], [-117.250699, 40.681932], [-117.250609, 40.682093], [-117.250477, 40.68228], [-117.250323, 40.682448], [-117.250122, 40.6827], [-117.249952, 40.682905], [-117.249832, 40.683103], [-117.249727, 40.683292], [-117.249654, 40.683541], [-117.249623, 40.683908], [-117.249567, 40.684702], [-117.249541, 40.685148], [-117.249536, 40.685507], [-117.249511, 40.685797], [-117.249368, 40.68612], [-117.249055, 40.686582]]}, "props": {"MTFCC": "S1400", "NAME": null}}, {"geom": {"type": "LineString", "coordinates": [[-117.256482, 40.649244], [-117.256428, 40.649567], [-117.256072, 40.651701], [-117.25542, 40.655497], [-117.254923, 40.658024], [-117.254365, 40.661258], [-117.253334, 40.66702], [-117.253205, 40.667765], [-117.252172, 40.67375], [-117.251211, 40.679231], [-117.250783, 40.681468]]}, "props": {"MTFCC": "S1400", "NAME": null}}, {"geom": {"type": "LineString", "coordinates": [[-117.280778, 40.683501], [-117.281171, 40.684208]]}, "props": {"MTFCC": "S1400", "NAME": null}}, {"geom": {"type": "LineString", "coordinates": [[-117.352942, 40.683574], [-117.353166, 40.684004], [-117.353265, 40.684222], [-117.353451, 40.684532]]}, "props": {"MTFCC": "S1400", "NAME": null}}, {"geom": {"type": "LineString", "coordinates": [[-117.264268, 40.633279], [-117.265387, 40.6327], [-117.266169, 40.632146], [-117.266289, 40.632101], [-117.266428, 40.631907], [-117.266883, 40.631349], [-117.267973, 40.630559], [-117.268358, 40.630214], [-117.268508, 40.629697], [-117.268863, 40.629115], [-117.269157, 40.628862], [-117.269325, 40.628549], [-117.269373, 40.628303], [-117.269619, 40.628146], [-117.269637, 40.628007], [-117.269532, 40.627682]]}, "props": {"MTFCC": "S1500", "NAME": null}}, {"geom": {"type": "LineString", "coordinates": [[-117.1997, 40.708391], [-117.199711, 40.708435], [-117.19981, 40.70855], [-117.19996, 40.708689], [-117.200058, 40.708817], [-117.200106, 40.708929], [-117.200279, 40.709131], [-117.200588, 40.709555], [-117.200861, 40.709999], [-117.201005, 40.710265], [-117.201195, 40.710543], [-117.201401, 40.710821], [-117.201592, 40.711147], [-117.201738, 40.711334], [-117.201767, 40.711435], [-117.201567, 40.711413], [-117.201202, 40.711408], [-117.201009, 40.711388], [-117.200782, 40.711341], [-117.200585, 40.711287], [-117.200493, 40.71127], [-117.200381, 40.711241], [-117.200252, 40.711225], [-117.200118, 40.711218], [-117.199973, 40.71119], [-117.199642, 40.711102], [-117.199394, 40.711031], [-117.198976, 40.710931], [-117.198502, 40.710828]]}, "props": {"MTFCC": "S1400", "NAME": null}}, {"geom": {"type": "LineString", "coordinates": [[-117.197472, 40.688463], [-117.197566, 40.688668], [-117.197674, 40.688822], [-117.19778, 40.68899], [-117.19787, 40.689214], [-117.197947, 40.689455], [-117.198017, 40.689709], [-117.198191, 40.689973], [-117.198249, 40.69023], [-117.198381, 40.690571], [-117.198543, 40.690899], [-117.198773, 40.691631], [-117.198935, 40.69196], [-117.199103, 40.692148], [-117.199212, 40.692294], [-117.199376, 40.692531], [-117.199583, 40.6928], [-117.199793, 40.693039], [-117.199943, 40.693302], [-117.199984, 40.693427], [-117.200071, 40.693558], [-117.200177, 40.693735], [-117.20034, 40.694116], [-117.200483, 40.694519], [-117.200661, 40.694993], [-117.200714, 40.695312], [-117.200784, 40.695575], [-117.200841, 40.695841], [-117.200844, 40.696012], [-117.20086, 40.69622], [-117.200915, 40.696521], [-117.200936, 40.696807], [-117.200954, 40.697199], [-117.200936, 40.697479], [-117.200883, 40.697683], [-117.200861, 40.697871], [-117.200852, 40.698041], [-117.200832, 40.698207], [-117.200741, 40.698392], [-117.200658, 40.698607], [-117.200488, 40.699174], [-117.200415, 40.699482], [-117.200378, 40.699774], [-117.200389, 40.700113], [-117.200428, 40.700316]]}, "props": {"MTFCC": "S1400", "NAME": null}}, {"geom": {"type": "LineString", "coordinates": [[-117.181953, 40.666944], [-117.181926, 40.667026], [-117.181851, 40.66715], [-117.181801, 40.667197], [-117.181742, 40.667229], [-117.181639, 40.667249], [-117.181291, 40.667234], [-117.181129, 40.667247], [-117.180792, 40.667292], [-117.180617, 40.667346], [-117.180517, 40.667397], [-117.180439, 40.667461], [-117.180358, 40.66755], [-117.180198, 40.667747], [-117.179994, 40.668036], [-117.179816, 40.668228], [-117.17973, 40.668294], [-117.179655, 40.668332], [-117.179591, 40.668357], [-117.179513, 40.668375], [-117.179429, 40.668383], [-117.179337, 40.668385], [-117.179262, 40.668381], [-117.179167, 40.668367], [-117.179084, 40.668365], [-117.179006, 40.668346], [-117.178911, 40.668314], [-117.178749, 40.668225], [-117.178579, 40.668157], [-117.178389, 40.66812], [-117.178308, 40.668092], [-117.178222, 40.668052], [-117.178146, 40.667999], [-117.178088, 40.66794], [-117.178018, 40.667853], [-117.177948, 40.667804], [-117.177847, 40.66777], [-117.177719, 40.667741], [-117.177256, 40.667663], [-117.177187, 40.667644], [-117.177128, 40.667614], [-117.177058, 40.667566], [-117.177008, 40.667496], [-117.176958, 40.66744], [-117.176888, 40.667409], [-117.176826, 40.6674], [-117.17676, 40.667403], [-117.176687, 40.667428], [-117.176615, 40.66746], [-117.176529, 40.667486], [-117.17635, 40.667509], [-117.17613, 40.667503], [-117.175793, 40.667451], [-117.17567, 40.667423], [-117.175332, 40.667328], [-117.175221, 40.667286], [-117.174836, 40.667119], [-117.174599, 40.667024], [-117.174476, 40.666979], [-117.174167, 40.666919]]}, "props": {"MTFCC": "S1400", "NAME": null}}, {"geom": {"type": "LineString", "coordinates": [[-117.120863, 40.642485], [-117.120394, 40.643203], [-117.120297, 40.64343], [-117.119884, 40.644393], [-117.119836, 40.64443], [-117.119614, 40.644599], [-117.119001, 40.64487], [-117.118425, 40.645125], [-117.118112, 40.645263], [-117.117242, 40.645767], [-117.117002, 40.646042], [-117.1171, 40.646281], [-117.117235, 40.646607], [-117.117303, 40.646774], [-117.117453, 40.647506], [-117.117455, 40.649222], [-117.117245, 40.649634], [-117.117185, 40.650183], [-117.118658, 40.651212], [-117.119229, 40.65183], [-117.119591, 40.653569], [-117.119565, 40.657413], [-117.119767, 40.657629], [-117.121008, 40.658053], [-117.121655, 40.65864], [-117.121973, 40.658881], [-117.121895, 40.65904], [-117.122223, 40.65912], [-117.122185, 40.659285], [-117.122102, 40.659545], [-117.12235, 40.659552], [-117.122805, 40.659329], [-117.123444, 40.659278], [-117.124063, 40.659437], [-117.124168, 40.659646], [-117.125378, 40.660082], [-117.12594, 40.660341], [-117.127476, 40.660308], [-117.12752, 40.660509], [-117.128109, 40.660601], [-117.128305, 40.660543], [-117.128675, 40.660407], [-117.129748, 40.66071], [-117.13157, 40.661295], [-117.132167, 40.66115], [-117.13376, 40.661244], [-117.13437, 40.661453], [-117.13462, 40.661632], [-117.137156, 40.662668], [-117.14075, 40.663647], [-117.142411, 40.664319], [-117.144305, 40.665581], [-117.145601, 40.666961], [-117.146098, 40.66782], [-117.146183, 40.668115], [-117.146114, 40.668681], [-117.145803, 40.669315], [-117.145707, 40.66979], [-117.145822, 40.67013], [-117.146202, 40.670673], [-117.146765, 40.671102], [-117.149169, 40.671929], [-117.149135, 40.67211], [-117.148126, 40.673058], [-117.147089, 40.673757], [-117.146449, 40.674071], [-117.146084, 40.674137], [-117.144412, 40.67394]]}, "props": {"MTFCC": "S1400", "NAME": null}}, {"geom": {"type": "LineString", "coordinates": [[-117.093887, 40.705762], [-117.094745, 40.705213], [-117.095354, 40.704802], [-117.096274, 40.704264], [-117.096711, 40.704016], [-117.097216, 40.703546], [-117.097812, 40.70312], [-117.098217, 40.702987], [-117.099178, 40.702999], [-117.100484, 40.703541], [-117.100765, 40.70359], [-117.101571, 40.703485], [-117.102225, 40.703241], [-117.104106, 40.701918], [-117.104978, 40.701473], [-117.105785, 40.701277], [-117.106466, 40.701307], [-117.106717, 40.701447], [-117.107292, 40.702192], [-117.107443, 40.702958], [-117.107376, 40.703469], [-117.106819, 40.704493], [-117.105463, 40.706332], [-117.104544, 40.708007], [-117.104051, 40.709099], [-117.103738, 40.710284], [-117.10373, 40.710818]]}, "props": {"MTFCC": "S1400", "NAME": null}}, {"geom": {"type": "LineString", "coordinates": [[-117.09251, 40.674289], [-117.092423, 40.67461], [-117.092379, 40.674737], [-117.092192, 40.675178], [-117.092083, 40.675488], [-117.092058, 40.675619], [-117.092064, 40.675683], [-117.092083, 40.675731], [-117.09213, 40.675783], [-117.092212, 40.675845], [-117.092288, 40.675887], [-117.092356, 40.675917], [-117.092453, 40.675938], [-117.092528, 40.67595], [-117.092713, 40.675964], [-117.092829, 40.675978], [-117.092945, 40.675997], [-117.093067, 40.676023], [-117.093207, 40.676061], [-117.093696, 40.676223], [-117.093768, 40.676264], [-117.093825, 40.676306], [-117.094007, 40.676459], [-117.094051, 40.67649], [-117.094107, 40.676514], [-117.094191, 40.676537], [-117.094273, 40.676554], [-117.094552, 40.67657], [-117.094608, 40.676585], [-117.094657, 40.67661], [-117.094783, 40.676694], [-117.094811, 40.676719], [-117.09483, 40.676763], [-117.094829, 40.676785], [-117.094775, 40.676896], [-117.094759, 40.676949], [-117.094759, 40.677004], [-117.094776, 40.677049], [-117.094803, 40.677083], [-117.094844, 40.677121], [-117.095107, 40.67729], [-117.095163, 40.677347], [-117.095207, 40.677406], [-117.09532, 40.677585], [-117.09538, 40.677653], [-117.095442, 40.677714], [-117.095527, 40.677768], [-117.095739, 40.677881], [-117.095784, 40.677921], [-117.095831, 40.67799], [-117.09585, 40.678071], [-117.095834, 40.678145], [-117.095799, 40.678205], [-117.095759, 40.67825], [-117.095709, 40.678281], [-117.095663, 40.678296], [-117.095575, 40.678309], [-117.095528, 40.678322], [-117.095459, 40.678348], [-117.095409, 40.678374], [-117.095346, 40.678417], [-117.095259, 40.678486], [-117.09524, 40.678527], [-117.09523, 40.678563], [-117.095246, 40.678622], [-117.095272, 40.678647], [-117.095309, 40.678672], [-117.095463, 40.678729], [-117.095682, 40.678791], [-117.096345, 40.679008], [-117.096731, 40.679112], [-117.096872, 40.679162], [-117.09691, 40.67919], [-117.096925, 40.679228], [-117.096957, 40.679421], [-117.096973, 40.67945], [-117.097004, 40.679486], [-117.097135, 40.679581], [-117.097142, 40.679674], [-117.097133, 40.6798], [-117.097114, 40.679926], [-117.097092, 40.679965], [-117.097045, 40.680007], [-117.096983, 40.680048], [-117.096884, 40.680124], [-117.097146, 40.680166], [-117.099779, 40.679152], [-117.101271, 40.678836], [-117.101839, 40.678629], [-117.103112, 40.678152]]}, "props": {"MTFCC": "S1400", "NAME": null}}, {"geom": {"type": "LineString", "coordinates": [[-117.101774, 40.651334], [-117.099104, 40.651673], [-117.095805, 40.651748], [-117.092385, 40.652191], [-117.090855, 40.652605], [-117.088724, 40.65342], [-117.088005, 40.654218], [-117.087526, 40.654594], [-117.087371, 40.65482], [-117.087438, 40.65514], [-117.08717, 40.6553], [-117.085934, 40.656524], [-117.085591, 40.657202], [-117.085107, 40.657843], [-117.08263, 40.65963], [-117.082063, 40.660168], [-117.081671, 40.660619], [-117.081305, 40.661204], [-117.081034, 40.661762], [-117.080856, 40.662086], [-117.080878, 40.663089], [-117.08092, 40.663311], [-117.080841, 40.663374], [-117.08084, 40.663589], [-117.080949, 40.66369], [-117.081593, 40.66416], [-117.082522, 40.665066], [-117.082577, 40.665264], [-117.082334, 40.665555], [-117.082214, 40.666003], [-117.081405, 40.666669], [-117.081285, 40.666858], [-117.081346, 40.667259], [-117.082371, 40.667918], [-117.082719, 40.668413], [-117.083061, 40.669278]]}, "props": {"MTFCC": "S1400", "NAME": null}}, {"geom": {"type": "LineString", "coordinates": [[-117.094297, 40.673236], [-117.094287, 40.673249], [-117.094269, 40.673262], [-117.093958, 40.673404], [-117.093716, 40.673505], [-117.093447, 40.673595], [-117.093326, 40.67363], [-117.093234, 40.673649], [-117.093037, 40.673689], [-117.092965, 40.673713], [-117.092907, 40.673745], [-117.092865, 40.67378], [-117.092837, 40.67381], [-117.092699, 40.673987], [-117.092635, 40.674084], [-117.092584, 40.674161], [-117.09251, 40.674289]]}, "props": {"MTFCC": "S1400", "NAME": null}}, {"geom": {"type": "LineString", "coordinates": [[-117.09543, 40.693054], [-117.095336, 40.6929], [-117.095249, 40.692791], [-117.095159, 40.692703], [-117.095065, 40.692646], [-117.094971, 40.692606], [-117.094839, 40.692563], [-117.094723, 40.692534], [-117.094592, 40.692509], [-117.094464, 40.692494], [-117.094219, 40.69249], [-117.094041, 40.692499], [-117.093806, 40.692485], [-117.09374, 40.69249], [-117.093651, 40.692513], [-117.093351, 40.692606], [-117.093164, 40.692669], [-117.093046, 40.692697], [-117.092942, 40.692708], [-117.092757, 40.69272], [-117.092651, 40.692737], [-117.092563, 40.692756], [-117.092485, 40.69278], [-117.092167, 40.692897], [-117.092066, 40.692928], [-117.091926, 40.692955], [-117.091746, 40.692983], [-117.091656, 40.693011], [-117.091571, 40.693043], [-117.091473, 40.693092], [-117.09122, 40.693236], [-117.09104, 40.693329], [-117.090781, 40.69345], [-117.090558, 40.693562], [-117.0903, 40.693678], [-117.090126, 40.693741], [-117.08959, 40.693881], [-117.089331, 40.693936], [-117.089073, 40.694], [-117.088754, 40.69407], [-117.088325, 40.694138]]}, "props": {"MTFCC": "S1400", "NAME": null}}, {"geom": {"type": "LineString", "coordinates": [[-117.089988, 40.68893], [-117.089719, 40.689338], [-117.089351, 40.68987], [-117.0893, 40.689977], [-117.089289, 40.690025], [-117.089304, 40.690253], [-117.089335, 40.690356], [-117.089422, 40.690512], [-117.089433, 40.690562], [-117.089423, 40.690602], [-117.089397, 40.690645], [-117.088973, 40.691057], [-117.088852, 40.691151], [-117.088798, 40.691176], [-117.088603, 40.691229], [-117.088491, 40.691264], [-117.088419, 40.691295], [-117.088344, 40.691336], [-117.08815, 40.691453], [-117.08804, 40.691532], [-117.087812, 40.691735], [-117.087671, 40.691851], [-117.087605, 40.691892], [-117.08754, 40.691916], [-117.087364, 40.691939], [-117.087295, 40.691954], [-117.087249, 40.691969], [-117.087177, 40.692007], [-117.087108, 40.692064], [-117.086903, 40.692292], [-117.086556, 40.692734], [-117.086311, 40.693104], [-117.085906, 40.693652], [-117.08573, 40.693907], [-117.085439, 40.694352], [-117.08522, 40.694695], [-117.084914, 40.695234], [-117.084718, 40.695555], [-117.084467, 40.695818], [-117.08411, 40.696318], [-117.083831, 40.696796], [-117.083668, 40.697063], [-117.083532, 40.697263], [-117.083313, 40.697611], [-117.083235, 40.697782], [-117.08322, 40.697956], [-117.083093, 40.698169], [-117.082973, 40.69834], [-117.082597, 40.698823], [-117.08187, 40.699696], [-117.081692, 40.699935], [-117.081191, 40.700661], [-117.080976, 40.700948], [-117.080846, 40.701175], [-117.08072, 40.701378], [-117.080355, 40.701908], [-117.080078, 40.702291], [-117.079943, 40.702505], [-117.079785, 40.702713], [-117.079325, 40.703375], [-117.079158, 40.703598], [-117.078938, 40.703878], [-117.078389, 40.704603], [-117.078086, 40.705045], [-117.077655, 40.705623], [-117.076774, 40.706788]]}, "props": {"MTFCC": "S1400", "NAME": null}}, {"geom": {"type": "LineString", "coordinates": [[-117.109529, 40.649141], [-117.098291, 40.656026], [-117.09754, 40.656324], [-117.09718, 40.656667], [-117.09727, 40.657124], [-117.098803, 40.658062], [-117.098803, 40.65836], [-117.097722, 40.659413], [-117.097002, 40.66058], [-117.096671, 40.660855], [-117.094899, 40.66129], [-117.094538, 40.66161], [-117.094028, 40.66264]]}, "props": {"MTFCC": "S1400", "NAME": null}}, {"geom": {"type": "LineString", "coordinates": [[-117.035032, 40.717716], [-117.035121, 40.717588], [-117.035194, 40.717433], [-117.035238, 40.717269], [-117.035257, 40.717127], [-117.035266, 40.717004], [-117.035271, 40.716651], [-117.035281, 40.716353], [-117.035272, 40.716126], [-117.035259, 40.715993], [-117.035254, 40.715781], [-117.035265, 40.715235], [-117.035265, 40.714434], [-117.035283, 40.713576], [-117.035273, 40.712761], [-117.035291, 40.710251], [-117.03529, 40.709425], [-117.035276, 40.708692], [-117.03529, 40.708277], [-117.03529, 40.708002], [-117.03528, 40.707373], [-117.035289, 40.706708], [-117.03527, 40.706011], [-117.035284, 40.705378], [-117.035278, 40.704027], [-117.035295, 40.701069], [-117.035295, 40.700433], [-117.0353, 40.700244], [-117.035285, 40.6997], [-117.03529, 40.699396], [-117.035284, 40.698188], [-117.035293, 40.697401], [-117.035307, 40.696704], [-117.035296, 40.696343], [-117.035321, 40.695602], [-117.035317, 40.695423], [-117.035302, 40.695251], [-117.035255, 40.694978]]}, "props": {"MTFCC": "S1400", "NAME": null}}, {"geom": {"type": "LineString", "coordinates": [[-117.26053, 40.616518], [-117.260545, 40.616645], [-117.260603, 40.616787], [-117.260654, 40.616896], [-117.260638, 40.616982], [-117.260592, 40.617119], [-117.260507, 40.617294], [-117.26056, 40.617383], [-117.260753, 40.617479], [-117.260924, 40.617614], [-117.261026, 40.617745], [-117.261104, 40.617955], [-117.261127, 40.618089], [-117.261348, 40.618764], [-117.261482, 40.619243], [-117.261583, 40.619786], [-117.261663, 40.620182], [-117.261637, 40.62038], [-117.261681, 40.620681], [-117.261771, 40.621157], [-117.261889, 40.621914], [-117.261923, 40.622091], [-117.262022, 40.622599], [-117.262338, 40.62389], [-117.262451, 40.624377], [-117.262489, 40.62452]]}, "props": {"MTFCC": "S1400", "NAME": null}}, {"geom": {"type": "LineString", "coordinates": [[-117.052812, 40.701202], [-117.052869, 40.70137], [-117.052862, 40.701427], [-117.052848, 40.70147], [-117.05283, 40.701498], [-117.052794, 40.701531], [-117.052395, 40.701777], [-117.052165, 40.70195], [-117.051882, 40.702181], [-117.051723, 40.70233], [-117.051355, 40.70265], [-117.050906, 40.70302], [-117.050743, 40.703144], [-117.050446, 40.703335], [-117.050092, 40.703537], [-117.049915, 40.703631], [-117.049731, 40.703742], [-117.049066, 40.704208], [-117.048274, 40.704712], [-117.047821, 40.705044], [-117.047644, 40.705165], [-117.047463, 40.7053], [-117.047184, 40.705591], [-117.047088, 40.705664], [-117.046993, 40.705728], [-117.046607, 40.705941], [-117.046508, 40.706001], [-117.046363, 40.706098], [-117.046264, 40.706192], [-117.046229, 40.706238], [-117.04619, 40.706303], [-117.046137, 40.706421], [-117.046073, 40.706589]]}, "props": {"MTFCC": "S1400", "NAME": null}}, {"geom": {"type": "LineString", "coordinates": [[-117.065337, 40.708894], [-117.065302, 40.709364], [-117.065274, 40.70966], [-117.065231, 40.710244], [-117.065215, 40.710384], [-117.065209, 40.710577], [-117.065197, 40.710725], [-117.065172, 40.710828], [-117.065138, 40.710933], [-117.065078, 40.711071], [-117.065013, 40.711202], [-117.064659, 40.711862], [-117.064484, 40.712251], [-117.064406, 40.712385], [-117.064331, 40.712501], [-117.064287, 40.71256], [-117.064034, 40.712814], [-117.063927, 40.712931], [-117.063749, 40.713145], [-117.063682, 40.713233], [-117.063608, 40.713355], [-117.06358, 40.713443], [-117.063568, 40.713541], [-117.063583, 40.713639], [-117.063605, 40.71372], [-117.063612, 40.713794], [-117.063609, 40.713932], [-117.06359, 40.714046], [-117.063549, 40.714185], [-117.063356, 40.714545], [-117.063087, 40.714986], [-117.063027, 40.715105], [-117.062971, 40.715236], [-117.062949, 40.715329], [-117.062937, 40.715448], [-117.062931, 40.71566], [-117.062915, 40.715722], [-117.062896, 40.715765], [-117.062859, 40.71582], [-117.062805, 40.715882], [-117.062761, 40.715922], [-117.062687, 40.715975], [-117.062593, 40.716035], [-117.062517, 40.71609], [-117.062164, 40.716321], [-117.06201, 40.71644], [-117.061497, 40.716908], [-117.061315, 40.717089], [-117.061252, 40.71716], [-117.061184, 40.717242], [-117.061071, 40.717396], [-117.061012, 40.717494], [-117.060753, 40.718097], [-117.060674, 40.718257], [-117.060593, 40.718455], [-117.060456, 40.718822], [-117.060381, 40.719037], [-117.060362, 40.719123], [-117.060346, 40.719228], [-117.060213, 40.720696], [-117.060182, 40.720896], [-117.060157, 40.721096], [-117.060104, 40.72142], [-117.06002, 40.721797], [-117.059985, 40.722021], [-117.059973, 40.722152], [-117.059967, 40.722536], [-117.05997, 40.722727], [-117.059977, 40.722855], [-117.059949, 40.723375], [-117.059924, 40.72363], [-117.059899, 40.723795], [-117.059853, 40.724312], [-117.059847, 40.724455], [-117.059828, 40.724629], [-117.05982387741936, 40.7247]]}, "props": {"MTFCC": "S1400", "NAME": null}}, {"geom": {"type": "LineString", "coordinates": [[-117.073709, 40.710979], [-117.073522, 40.711221], [-117.073231, 40.711623], [-117.073106, 40.711785], [-117.072484, 40.712641], [-117.072147, 40.713085]]}, "props": {"MTFCC": "S1400", "NAME": null}}, {"geom": {"type": "LineString", "coordinates": [[-117.086556, 40.692734], [-117.086483, 40.69271], [-117.086404, 40.692696], [-117.08633, 40.692692], [-117.086263, 40.6927], [-117.086194, 40.692717], [-117.08612, 40.692742], [-117.085775, 40.692929], [-117.085706, 40.692959], [-117.085656, 40.692969], [-117.085623, 40.692971], [-117.08559, 40.692965], [-117.085557, 40.692946], [-117.085546, 40.692919], [-117.08556, 40.692883], [-117.085604, 40.692816], [-117.085681, 40.692747], [-117.085844, 40.692628], [-117.085888, 40.692604], [-117.085976, 40.692568], [-117.086045, 40.692553], [-117.086134, 40.69254], [-117.086194, 40.692526], [-117.086274, 40.69249], [-117.086337, 40.692439], [-117.086509, 40.69228], [-117.086537, 40.692245], [-117.086542, 40.692223], [-117.08652, 40.692204], [-117.086475, 40.692204], [-117.086368, 40.69225], [-117.086311, 40.69227], [-117.086136, 40.692318], [-117.085977, 40.692349]]}, "props": {"MTFCC": "S1400", "NAME": null}}, {"geom": {"type": "LineString", "coordinates": [[-117.080038, 40.686505], [-117.080125, 40.686613], [-117.080184, 40.686714], [-117.080209, 40.686772], [-117.080225, 40.686837], [-117.080232, 40.686898], [-117.080229, 40.686954], [-117.08021, 40.687064], [-117.080174, 40.687206], [-117.080133, 40.687321], [-117.080086, 40.687428], [-117.080053, 40.687517]]}, "props": {"MTFCC": "S1400", "NAME": null}}, {"geom": {"type": "LineString", "coordinates": [[-117.018661, 40.647136], [-117.018771, 40.647166], [-117.019148, 40.647236], [-117.019305, 40.647277], [-117.019588, 40.647366], [-117.019824, 40.647419], [-117.020107, 40.647473], [-117.020409, 40.647516], [-117.020512, 40.647522], [-117.020657, 40.647536], [-117.020887, 40.647572], [-117.021137, 40.647624], [-117.021233, 40.647636], [-117.02134, 40.647644], [-117.021443, 40.647637], [-117.021728, 40.647592], [-117.021892, 40.647582], [-117.022041, 40.647581], [-117.022173, 40.647587], [-117.022806, 40.647661], [-117.024245, 40.647891], [-117.025262, 40.648045]]}, "props": {"MTFCC": "S1400", "NAME": null}}, {"geom": {"type": "LineString", "coordinates": [[-117.042249, 40.651051], [-117.042634, 40.651151], [-117.042881, 40.651222], [-117.042978, 40.651255], [-117.043094, 40.651305], [-117.043164, 40.651356], [-117.043225, 40.651408], [-117.043323, 40.651517], [-117.043368, 40.651581], [-117.043394, 40.651628], [-117.04345, 40.651781], [-117.043482, 40.651841], [-117.043516, 40.651885], [-117.043786, 40.652131], [-117.043838, 40.652218], [-117.043858, 40.652266]]}, "props": {"MTFCC": "S1400", "NAME": null}}, {"geom": {"type": "LineString", "coordinates": [[-117.075124, 40.684543], [-117.074882, 40.684586], [-117.074713, 40.684625], [-117.074484, 40.684673], [-117.074345, 40.684732], [-117.074062, 40.684825], [-117.073845, 40.684892], [-117.073532, 40.68503], [-117.073203, 40.685148], [-117.073012, 40.685198], [-117.072721, 40.685253], [-117.071976, 40.685351]]}, "props": {"MTFCC": "S1400", "NAME": null}}, {"geom": {"type": "LineString", "coordinates": [[-117.07956, 40.680869], [-117.079516, 40.680998], [-117.079441, 40.681285], [-117.079395, 40.681543], [-117.07937, 40.681619], [-117.079357, 40.681647], [-117.079323, 40.681688], [-117.079311, 40.6817], [-117.079255, 40.681755], [-117.079167, 40.681833], [-117.079046, 40.681975], [-117.078934, 40.682183], [-117.078918, 40.682228], [-117.078784, 40.682471], [-117.078712, 40.682588], [-117.078631, 40.682695], [-117.078472, 40.682883], [-117.078353, 40.683002], [-117.078281, 40.683061], [-117.078072, 40.683196], [-117.077807, 40.683345], [-117.077681, 40.683404], [-117.07723, 40.683599], [-117.076848, 40.683776], [-117.07642, 40.683999], [-117.076335, 40.684031], [-117.076207, 40.684072], [-117.075938, 40.684146], [-117.075815, 40.684189], [-117.075725, 40.684215], [-117.075527, 40.684299], [-117.075215, 40.684492], [-117.075124, 40.684543]]}, "props": {"MTFCC": "S1400", "NAME": null}}, {"geom": {"type": "LineString", "coordinates": [[-117.088002, 40.676689], [-117.087794, 40.676786], [-117.087658, 40.676856], [-117.087549, 40.676918], [-117.087185, 40.677106], [-117.08701, 40.677204], [-117.086593, 40.677423], [-117.086823, 40.677459], [-117.086911, 40.677467], [-117.08697, 40.677464], [-117.087045, 40.677452], [-117.08718, 40.677419], [-117.087255, 40.677407], [-117.087408, 40.677392], [-117.087591, 40.677402], [-117.087714, 40.677433], [-117.087815, 40.677452], [-117.087884, 40.677457], [-117.087941, 40.677456], [-117.088031, 40.677461], [-117.08809, 40.677472]]}, "props": {"MTFCC": "S1400", "NAME": null}}, {"geom": {"type": "LineString", "coordinates": [[-117.085076, 40.668569], [-117.084926, 40.669256], [-117.084755, 40.669407], [-117.083662, 40.669639], [-117.083279, 40.66972]]}, "props": {"MTFCC": "S1400", "NAME": null}}, {"geom": {"type": "LineString", "coordinates": [[-117.072978, 40.66719], [-117.072642, 40.667199], [-117.072558, 40.667206], [-117.07251, 40.667204], [-117.0724, 40.667183], [-117.072309, 40.667174], [-117.071968, 40.667191], [-117.071749, 40.667215], [-117.071665, 40.667215], [-117.071499, 40.667197], [-117.071418, 40.6672], [-117.071281, 40.667221], [-117.071203, 40.66724], [-117.071125, 40.667254], [-117.071041, 40.667258], [-117.070949, 40.667257], [-117.070838, 40.667266], [-117.070591, 40.667321], [-117.070369, 40.667398], [-117.070208, 40.667461], [-117.070032, 40.667516], [-117.069865, 40.667548], [-117.069759, 40.66756], [-117.069556, 40.667573], [-117.069255, 40.667554], [-117.069181, 40.667556], [-117.068908, 40.667575], [-117.068803, 40.66757], [-117.068623, 40.667538], [-117.068559, 40.667538], [-117.068476, 40.667547], [-117.06827, 40.667592], [-117.068109, 40.667635], [-117.067808, 40.667737], [-117.067278, 40.667843], [-117.067127, 40.667867], [-117.066855, 40.66793], [-117.066709, 40.667973], [-117.065854, 40.668252]]}, "props": {"MTFCC": "S1400", "NAME": null}}, {"geom": {"type": "LineString", "coordinates": [[-117.300077, 40.600021], [-117.299499, 40.600103], [-117.299061, 40.600148], [-117.297248, 40.60037], [-117.296216, 40.60052], [-117.294923, 40.600696], [-117.294202, 40.600783], [-117.29337, 40.600891], [-117.292951, 40.600898], [-117.292321, 40.601001], [-117.290982, 40.601238], [-117.290485, 40.601312], [-117.289995, 40.60141], [-117.289382, 40.601506], [-117.28813, 40.601625], [-117.287555, 40.601695], [-117.287243, 40.601782], [-117.286168, 40.601957], [-117.285611, 40.602052], [-117.285132, 40.602146], [-117.284832, 40.60221], [-117.284394, 40.602259], [-117.283838, 40.602342], [-117.282135, 40.60266], [-117.280594, 40.602903], [-117.279229, 40.603079], [-117.278524, 40.603158], [-117.277855, 40.60324], [-117.277121, 40.603349], [-117.276193, 40.6035], [-117.275812, 40.603532], [-117.274576, 40.603652], [-117.274253, 40.603676], [-117.273673, 40.603635], [-117.273488, 40.603677], [-117.27312, 40.603867], [-117.272885, 40.603954], [-117.272534, 40.604], [-117.271687, 40.603993], [-117.2714, 40.604015], [-117.270629, 40.604138], [-117.270097, 40.604198], [-117.269554, 40.60425], [-117.269036, 40.604267], [-117.2685, 40.6043], [-117.268039, 40.604312], [-117.267174, 40.60438], [-117.266729, 40.60444], [-117.266351, 40.604508], [-117.265934, 40.604577]]}, "props": {"MTFCC": "S1400", "NAME": null}}, {"geom": {"type": "LineString", "coordinates": [[-117.534211, 40.691441], [-117.535717, 40.692602], [-117.536743, 40.692947], [-117.537368, 40.693251], [-117.537521, 40.693325], [-117.538023, 40.693736]]}, "props": {"MTFCC": "S1400", "NAME": null}}, {"geom": {"type": "LineString", "coordinates": [[-117.162563, 40.642508], [-117.16292, 40.642834], [-117.162988, 40.642903], [-117.163046, 40.642963], [-117.16318, 40.643145], [-117.163328, 40.643292], [-117.163459, 40.643491], [-117.163744, 40.643777], [-117.163884, 40.643889], [-117.164051, 40.64395], [-117.164407, 40.643996], [-117.164471, 40.644009], [-117.164604, 40.644036], [-117.164759, 40.64409], [-117.164865, 40.644133], [-117.164974, 40.64415], [-117.165117, 40.644161], [-117.165267, 40.644218], [-117.165381, 40.644292], [-117.165479, 40.644347], [-117.165552, 40.644389], [-117.165796, 40.644474], [-117.165843, 40.644491], [-117.165955, 40.644523], [-117.166102, 40.644554], [-117.166216, 40.644571], [-117.166322, 40.64461], [-117.166492, 40.644733], [-117.166671, 40.644853], [-117.166825, 40.644921], [-117.166951, 40.644958], [-117.167408, 40.644993], [-117.167576, 40.645017], [-117.167956, 40.645131], [-117.168112, 40.645173], [-117.16821, 40.645189], [-117.168301, 40.645183], [-117.168419, 40.645204], [-117.168541, 40.64524], [-117.168641, 40.645291], [-117.168741, 40.645403], [-117.168797, 40.645451], [-117.168886, 40.645465], [-117.168993, 40.645438], [-117.169133, 40.645385], [-117.169218, 40.645385], [-117.16931, 40.645436], [-117.169383, 40.645492], [-117.169457, 40.645561], [-117.169506, 40.645632], [-117.169587, 40.645727], [-117.169717, 40.645791], [-117.169903, 40.645831], [-117.170032, 40.645845], [-117.170147, 40.645836], [-117.170421, 40.64591], [-117.17079, 40.646028], [-117.17108, 40.646142], [-117.171198, 40.646163], [-117.171307, 40.646237], [-117.171378, 40.646336], [-117.171437, 40.64646], [-117.171632, 40.646748], [-117.171632, 40.646801], [-117.17161, 40.646861], [-117.171606, 40.646872], [-117.171597, 40.646975], [-117.171648, 40.647189], [-117.171681, 40.647329], [-117.171781, 40.647445], [-117.171925, 40.647562], [-117.172022, 40.647712], [-117.172111, 40.647838], [-117.172168, 40.647993], [-117.172239, 40.648149], [-117.172288, 40.648277], [-117.172363, 40.648391], [-117.172406, 40.648435], [-117.172441, 40.648471], [-117.172746, 40.648696], [-117.173045, 40.648989], [-117.173163, 40.649128], [-117.173305, 40.64928], [-117.173449, 40.649455], [-117.173491, 40.649609], [-117.173508, 40.649697], [-117.173593, 40.649869], [-117.17369, 40.650019], [-117.173762, 40.650152], [-117.173881, 40.650417], [-117.174012, 40.650635], [-117.174069, 40.65084], [-117.173958, 40.651098], [-117.173942, 40.651217], [-117.173919, 40.651381], [-117.173925, 40.651557], [-117.174014, 40.651856], [-117.174101, 40.652021], [-117.174098, 40.652217], [-117.174131, 40.652307], [-117.174155, 40.652422], [-117.174077, 40.652532], [-117.17409, 40.652615], [-117.174144, 40.652695], [-117.174073, 40.652806], [-117.174075, 40.652945], [-117.174106, 40.653133], [-117.174286, 40.653256], [-117.174507, 40.65336], [-117.174825, 40.653454], [-117.175065, 40.653502], [-117.175302, 40.653514], [-117.175479, 40.653508], [-117.17563, 40.65349], [-117.175667, 40.653538], [-117.175779, 40.653575], [-117.176195, 40.653549], [-117.176391, 40.653492], [-117.176474, 40.653446], [-117.176562, 40.653397], [-117.176829, 40.653374], [-117.177134, 40.653385], [-117.177412, 40.653466], [-117.177747, 40.653592], [-117.177949, 40.653685], [-117.178285, 40.653805], [-117.178481, 40.653903], [-117.178571, 40.654037], [-117.178736, 40.654169], [-117.178938, 40.654267], [-117.179118, 40.654452], [-117.179234, 40.654681], [-117.179298, 40.654963], [-117.179363, 40.655153], [-117.179597, 40.655351], [-117.179884, 40.655567], [-117.180101, 40.655723], [-117.180172, 40.65583], [-117.180245, 40.655942], [-117.180323, 40.656137], [-117.180365, 40.656357], [-117.180337, 40.656511], [-117.180285, 40.656803], [-117.180244, 40.656966], [-117.180291, 40.657279], [-117.180387, 40.657434], [-117.180581, 40.657547], [-117.180791, 40.657625], [-117.180879, 40.657707], [-117.180953, 40.657876], [-117.181279, 40.658343], [-117.181398, 40.658607], [-117.181546, 40.658863], [-117.181717, 40.659079], [-117.181871, 40.659262], [-117.182006, 40.659507], [-117.182137, 40.659793], [-117.182242, 40.660072], [-117.182308, 40.660324], [-117.182313, 40.66066], [-117.182311, 40.660991], [-117.182293, 40.661275], [-117.18224, 40.661489], [-117.182158, 40.661734], [-117.182156, 40.661992], [-117.182182, 40.662242], [-117.182344, 40.662565], [-117.182538, 40.662834], [-117.182863, 40.663243]]}, "props": {"MTFCC": "S1400", "NAME": null}}, {"geom": {"type": "LineString", "coordinates": [[-117.475576, 40.723049], [-117.475707, 40.723126], [-117.475836, 40.723241], [-117.475971, 40.723342], [-117.476038, 40.723447], [-117.476123, 40.723632], [-117.476182, 40.723842], [-117.476258, 40.724074], [-117.476349, 40.724249], [-117.476345, 40.724351], [-117.476381, 40.724462], [-117.476389, 40.724488], [-117.476451, 40.724631], [-117.4764943255814, 40.7247]]}, "props": {"MTFCC": "S1400", "NAME": null}}, {"geom": {"type": "LineString", "coordinates": [[-117.05994, 40.686732], [-117.059722, 40.686764], [-117.059401, 40.686821], [-117.059171, 40.686866], [-117.058561, 40.686971], [-117.057787, 40.687138], [-117.057622, 40.687184], [-117.057237, 40.687261], [-117.056673, 40.687359], [-117.056344, 40.687409], [-117.055912, 40.687483], [-117.055436, 40.687578], [-117.055126, 40.687636], [-117.054785, 40.68771], [-117.054506, 40.687762], [-117.054325, 40.6878], [-117.053827, 40.687891], [-117.05291, 40.688092], [-117.052628, 40.688142], [-117.052105, 40.688219], [-117.051811, 40.688269], [-117.051466, 40.688322], [-117.050227, 40.688539], [-117.049923, 40.688589], [-117.049412, 40.688648], [-117.049015, 40.688688], [-117.048752, 40.688706], [-117.048595, 40.688711], [-117.048135, 40.688711], [-117.04791, 40.688721], [-117.047794, 40.688738], [-117.047697, 40.688764], [-117.047609, 40.688798], [-117.047515, 40.688845], [-117.047399, 40.688917], [-117.047317, 40.688982], [-117.047268, 40.68903], [-117.047203, 40.689094], [-117.047139, 40.689152], [-117.046994, 40.689265], [-117.046947, 40.689289], [-117.0469, 40.689301], [-117.046844, 40.689308], [-117.046778, 40.689311], [-117.046296, 40.689296], [-117.045694, 40.689306], [-117.045079, 40.689332], [-117.044871, 40.689364], [-117.044502, 40.689435], [-117.044276, 40.689488], [-117.044113, 40.689517], [-117.043819, 40.689551], [-117.043468, 40.689559], [-117.043161, 40.689586], [-117.042438, 40.68966], [-117.042297, 40.689682], [-117.042077, 40.689705], [-117.041558, 40.689716], [-117.041148, 40.689711], [-117.041038, 40.689713], [-117.040847, 40.689734], [-117.040753, 40.689751], [-117.040625, 40.689782], [-117.040393, 40.689826], [-117.040168, 40.689861], [-117.039938, 40.689889], [-117.039723, 40.690066], [-117.039544, 40.690245], [-117.038846, 40.691074], [-117.038605, 40.691403], [-117.038509, 40.691584], [-117.03844, 40.691742], [-117.038364, 40.691946], [-117.038345, 40.691996], [-117.038297, 40.692138], [-117.038381, 40.692305]]}, "props": {"MTFCC": "S1400", "NAME": null}}, {"geom": {"type": "LineString", "coordinates": [[-117.496412, 40.712769], [-117.496264, 40.712683], [-117.496069, 40.712665], [-117.495834, 40.712682], [-117.495518, 40.712696], [-117.495204, 40.712696], [-117.494786, 40.712705], [-117.494556, 40.712699], [-117.494205, 40.712672], [-117.493976, 40.712647], [-117.493675, 40.712637], [-117.493329, 40.71264], [-117.493161, 40.712652], [-117.492964, 40.712628], [-117.492798, 40.71262], [-117.492618, 40.712621], [-117.492441, 40.712666], [-117.49159, 40.712635], [-117.490385, 40.712621], [-117.489768, 40.712636], [-117.48946, 40.712636], [-117.488921, 40.712937], [-117.488633, 40.713077], [-117.488574, 40.713106], [-117.48814, 40.71331], [-117.487934, 40.713392], [-117.487663, 40.713492], [-117.487435, 40.713535], [-117.487211, 40.71368], [-117.487012, 40.713754], [-117.486837, 40.713783], [-117.486521, 40.71377], [-117.48628, 40.713779], [-117.485826, 40.713778], [-117.485533, 40.713766], [-117.485008, 40.713782], [-117.484635, 40.713814], [-117.484393, 40.713831], [-117.484199, 40.713833], [-117.484056, 40.71385], [-117.483915, 40.713892], [-117.483804, 40.713893], [-117.483595, 40.713886], [-117.48336, 40.71386], [-117.483176, 40.713869], [-117.483002, 40.713866], [-117.483118, 40.714041], [-117.483287, 40.714251], [-117.483436, 40.714363], [-117.483537, 40.714427], [-117.484257, 40.715399], [-117.484775, 40.716064], [-117.485038, 40.716412], [-117.485402, 40.716912], [-117.485671, 40.717189], [-117.485884, 40.71745], [-117.48607, 40.717709], [-117.486258, 40.71794], [-117.486412, 40.71812], [-117.486533, 40.718254], [-117.48663, 40.718438], [-117.486693, 40.718591], [-117.486689, 40.718755], [-117.486695, 40.719021], [-117.486557, 40.719758], [-117.486511, 40.719918], [-117.486485, 40.720049], [-117.486477, 40.720151], [-117.486545, 40.720183], [-117.486635, 40.720287], [-117.486709, 40.720414], [-117.486739, 40.720566], [-117.486612, 40.720823], [-117.486525, 40.721017], [-117.486251, 40.721685], [-117.486193, 40.722047], [-117.486125, 40.722269], [-117.486065, 40.722444], [-117.486051, 40.722485], [-117.486079, 40.722658], [-117.486076, 40.722862], [-117.486036, 40.723096], [-117.486001, 40.723255], [-117.485977, 40.723469], [-117.485924, 40.7236], [-117.485849, 40.723731], [-117.485811, 40.723852], [-117.485779, 40.724242], [-117.485816, 40.724646], [-117.48582447384615, 40.7247]]}, "props": {"MTFCC": "S1400", "NAME": null}}, {"geom": {"type": "LineString", "coordinates": [[-117.58022, 40.714553], [-117.580289, 40.714569], [-117.580341, 40.714605], [-117.580408, 40.714667]]}, "props": {"MTFCC": "S1400", "NAME": null}}, {"geom": {"type": "LineString", "coordinates": [[-117.526929, 40.693049], [-117.526877, 40.693257], [-117.525122, 40.693595], [-117.522255, 40.695443], [-117.518914, 40.697597], [-117.517, 40.699417], [-117.515528, 40.700342], [-117.514119, 40.701472], [-117.513669, 40.701743], [-117.510729, 40.704027], [-117.509767, 40.70491], [-117.508809, 40.706019], [-117.507362, 40.707235], [-117.507218, 40.707357], [-117.506276, 40.708418], [-117.505608, 40.709064], [-117.504851, 40.709458], [-117.503066, 40.709765], [-117.502189, 40.710044], [-117.501432, 40.71053], [-117.50096, 40.711015], [-117.500486, 40.71166]]}, "props": {"MTFCC": "S1500", "NAME": null}}, {"geom": {"type": "LineString", "coordinates": [[-117.495981, 40.692183], [-117.495969, 40.69238], [-117.495966, 40.692569], [-117.495907, 40.6932]]}, "props": {"MTFCC": "S1400", "NAME": null}}, {"geom": {"type": "LineString", "coordinates": [[-117.150901, 40.721787], [-117.150688, 40.722157], [-117.150587, 40.722351], [-117.150394, 40.722745], [-117.150133, 40.723178], [-117.14999, 40.723361], [-117.149893, 40.723454], [-117.149824, 40.723496], [-117.149602, 40.723673], [-117.149552, 40.723738], [-117.149504, 40.723829], [-117.149431, 40.723991], [-117.149266, 40.724432], [-117.149203, 40.724669], [-117.14919873394496, 40.7247]]}, "props": {"MTFCC": "S1400", "NAME": null}}, {"geom": {"type": "LineString", "coordinates": [[-117.476515, 40.712629], [-117.476055, 40.713384], [-117.476007, 40.713463], [-117.475829, 40.713738], [-117.475672, 40.713853]]}, "props": {"MTFCC": "S1400", "NAME": null}}, {"geom": {"type": "LineString", "coordinates": [[-117.485401, 40.699448], [-117.485283, 40.699561], [-117.485195, 40.699666], [-117.485152, 40.699746], [-117.485027, 40.699864], [-117.484874, 40.700073], [-117.484704, 40.700235], [-117.484494, 40.700462], [-117.484317, 40.700667], [-117.48413, 40.700855], [-117.483915, 40.701039], [-117.483715, 40.701227], [-117.483564, 40.701353], [-117.483402, 40.701535], [-117.483326, 40.701637], [-117.483061, 40.701916], [-117.48283, 40.702168], [-117.482401, 40.702579], [-117.482184, 40.702813]]}, "props": {"MTFCC": "S1400", "NAME": null}}, {"geom": {"type": "LineString", "coordinates": [[-117.342037, 40.711264], [-117.342349, 40.711422], [-117.343013, 40.712172], [-117.345824, 40.714577], [-117.345961, 40.715419], [-117.346314, 40.715986], [-117.3467, 40.716213], [-117.347828, 40.716619], [-117.348332, 40.717004]]}, "props": {"MTFCC": "S1400", "NAME": null}}, {"geom": {"type": "LineString", "coordinates": [[-117.580468, 40.714474], [-117.580416, 40.714588], [-117.580404, 40.714625], [-117.580408, 40.714667]]}, "props": {"MTFCC": "S1400", "NAME": null}}, {"geom": {"type": "LineString", "coordinates": [[-117.371161, 40.686107], [-117.370322, 40.686225], [-117.370198, 40.686254], [-117.370064, 40.686278], [-117.369905, 40.686291], [-117.369782, 40.686295], [-117.369693, 40.686274], [-117.369632, 40.68625], [-117.369568, 40.686199], [-117.369482, 40.686146], [-117.369358, 40.686123], [-117.369248, 40.686135], [-117.369089, 40.686192], [-117.368937, 40.686226], [-117.368787, 40.686233], [-117.368357, 40.686174], [-117.368028, 40.686158], [-117.367688, 40.686165], [-117.367542, 40.686179], [-117.367363, 40.686205], [-117.36724, 40.686216], [-117.366959, 40.686223], [-117.366803, 40.686243], [-117.366561, 40.686262], [-117.366371, 40.68627], [-117.366127, 40.686313], [-117.36594, 40.686331], [-117.36579, 40.686341], [-117.365613, 40.686336], [-117.36545, 40.686345], [-117.36529, 40.686361], [-117.36517, 40.686383], [-117.364889, 40.68639], [-117.364754, 40.686384], [-117.364635, 40.686398], [-117.364497, 40.686423], [-117.364351, 40.686436], [-117.364075, 40.686488], [-117.363888, 40.6865], [-117.363746, 40.68652], [-117.363587, 40.686533], [-117.363105, 40.686606], [-117.362944, 40.68664], [-117.362786, 40.68668], [-117.362553, 40.686765], [-117.362409, 40.686806], [-117.362262, 40.686834], [-117.361959, 40.686877], [-117.361857, 40.68691], [-117.361672, 40.686901], [-117.36139, 40.686863], [-117.36123, 40.686831], [-117.361051, 40.686805], [-117.360938, 40.686807], [-117.360778, 40.686816], [-117.360659, 40.686834], [-117.360519, 40.686827], [-117.360385, 40.686814], [-117.360191, 40.686804], [-117.359743, 40.6868], [-117.359569, 40.686764], [-117.359203, 40.686656], [-117.359029, 40.686627], [-117.358863, 40.686608], [-117.358704, 40.686608], [-117.358464, 40.686598], [-117.358309, 40.686596], [-117.358162, 40.686577], [-117.3579, 40.686552], [-117.357759, 40.686563], [-117.357595, 40.686567], [-117.357454, 40.686584], [-117.357345, 40.686579], [-117.357245, 40.686552], [-117.357102, 40.686513], [-117.356979, 40.686489], [-117.356832, 40.686482], [-117.35676, 40.686476]]}, "props": {"MTFCC": "S1400", "NAME": null}}, {"geom": {"type": "LineString", "coordinates": [[-117.347016, 40.700423], [-117.347197, 40.700448], [-117.348665, 40.702287], [-117.350736, 40.703574], [-117.352355, 40.705321]]}, "props": {"MTFCC": "S1400", "NAME": null}}, {"geom": {"type": "LineString", "coordinates": [[-117.347016, 40.700423], [-117.347016, 40.700634], [-117.346995, 40.700821], [-117.346959, 40.701042], [-117.346945, 40.701273], [-117.346939, 40.701482], [-117.34688, 40.701637], [-117.346787, 40.701921], [-117.346715, 40.702013], [-117.34669, 40.702178], [-117.346708, 40.702306], [-117.346751, 40.702478], [-117.346805, 40.702586], [-117.346819, 40.702683], [-117.346774, 40.702816], [-117.346749, 40.702907], [-117.34675, 40.703033]]}, "props": {"MTFCC": "S1400", "NAME": null}}, {"geom": {"type": "LineString", "coordinates": [[-117.353181, 40.685397], [-117.353284, 40.685467], [-117.353467, 40.685512], [-117.353723, 40.685607], [-117.353965, 40.68569], [-117.354237, 40.685792], [-117.354417, 40.685872], [-117.354644, 40.685943], [-117.354842, 40.686], [-117.355056, 40.68604]]}, "props": {"MTFCC": "S1400", "NAME": null}}, {"geom": {"type": "LineString", "coordinates": [[-117.254614, 40.633221], [-117.255077, 40.633639], [-117.255228, 40.633892], [-117.255324, 40.634142], [-117.255442, 40.634279], [-117.255622, 40.634436], [-117.255684, 40.634709], [-117.255697, 40.634939], [-117.255818, 40.63515], [-117.256053, 40.635915], [-117.256148, 40.636567], [-117.256227, 40.638029], [-117.256307, 40.638844], [-117.256384, 40.639454], [-117.256454, 40.640137], [-117.256458, 40.641087], [-117.256467, 40.641452], [-117.256477, 40.641866], [-117.256519, 40.642753], [-117.256758, 40.643846], [-117.256849, 40.64417], [-117.257041, 40.644433], [-117.257179, 40.644711], [-117.257289, 40.646305], [-117.257313, 40.646472], [-117.257383, 40.646965], [-117.257393, 40.647342], [-117.257417, 40.647573], [-117.258227, 40.647924], [-117.25847, 40.647995], [-117.258649, 40.648035], [-117.258825, 40.648053], [-117.259214, 40.648066], [-117.259526, 40.648087], [-117.259671, 40.648105], [-117.259849, 40.648141], [-117.260037, 40.648194], [-117.260271, 40.648266], [-117.260637, 40.648396], [-117.261209, 40.648611], [-117.261779, 40.648781], [-117.262574, 40.649036], [-117.263089, 40.649196], [-117.263399, 40.649299], [-117.263659, 40.64938], [-117.263991, 40.649492], [-117.264806, 40.649801], [-117.265217, 40.649953], [-117.265518, 40.650047], [-117.265743, 40.650105], [-117.265967, 40.650158], [-117.266427, 40.650288], [-117.267253, 40.650529], [-117.268679, 40.650927], [-117.269121, 40.651056], [-117.269636, 40.651217], [-117.270053, 40.651352], [-117.270496, 40.651472], [-117.271933, 40.651924], [-117.272383, 40.652058], [-117.27333, 40.652326], [-117.27406, 40.65254], [-117.274605, 40.652674], [-117.275031, 40.652786], [-117.275602, 40.652928], [-117.275984, 40.653018], [-117.276331, 40.653107], [-117.276701, 40.653192], [-117.277428, 40.653384], [-117.277876, 40.653482], [-117.278424, 40.653575], [-117.279088, 40.653681], [-117.279786, 40.653819], [-117.280126, 40.653891], [-117.280555, 40.653993], [-117.281046, 40.654091], [-117.281577, 40.65418], [-117.282006, 40.65426], [-117.28229, 40.654322], [-117.282686, 40.654425], [-117.282806, 40.654452], [-117.282916, 40.654487], [-117.283107, 40.654563], [-117.283241, 40.654604], [-117.283637, 40.654693], [-117.284117, 40.654777], [-117.284598, 40.654848], [-117.285238, 40.654937], [-117.285596, 40.654994], [-117.285931, 40.655065], [-117.286415, 40.655177], [-117.286761, 40.655253], [-117.287084, 40.655319], [-117.288137, 40.655501], [-117.28839, 40.655555], [-117.28939, 40.655805], [-117.289724, 40.655898], [-117.290754, 40.656152], [-117.291201, 40.656268], [-117.291475, 40.656335], [-117.291722, 40.656402], [-117.291987, 40.656483], [-117.292361, 40.656581], [-117.292843, 40.656692], [-117.293139, 40.65675], [-117.293373, 40.656781], [-117.293669, 40.656839], [-117.294138, 40.656937], [-117.294519, 40.657021], [-117.294824, 40.657109], [-117.29466, 40.65723], [-117.29432, 40.657448], [-117.29388, 40.657715], [-117.293474, 40.657968], [-117.293165, 40.658185], [-117.292796, 40.65843], [-117.292374, 40.658692], [-117.292067, 40.658904], [-117.291651, 40.659167], [-117.291153, 40.659401], [-117.290812, 40.659636], [-117.290423, 40.659893], [-117.290052, 40.660115], [-117.289643, 40.66037], [-117.289255, 40.660619], [-117.288935, 40.660836], [-117.288533, 40.661072], [-117.288081, 40.661352], [-117.287746, 40.661572], [-117.287385, 40.661799], [-117.286916, 40.662072], [-117.286513, 40.662325], [-117.286248, 40.662497], [-117.285964, 40.662673], [-117.285742, 40.662822], [-117.285377, 40.663053], [-117.285146, 40.663189], [-117.284681, 40.663496], [-117.284495, 40.663636], [-117.284208, 40.66384], [-117.283457, 40.664324], [-117.283151, 40.664495], [-117.282869, 40.664672], [-117.282644, 40.664826], [-117.282376, 40.665002], [-117.281825, 40.665337], [-117.281525, 40.665508], [-117.28113, 40.665762], [-117.280762, 40.66601], [-117.280566, 40.666128], [-117.280061, 40.666458], [-117.27948, 40.666793], [-117.279281, 40.666915], [-117.278987, 40.667082], [-117.278374, 40.667462], [-117.277722, 40.6679], [-117.27753, 40.668041], [-117.277215, 40.668244], [-117.276887, 40.668443], [-117.276414, 40.668719], [-117.276092, 40.668922], [-117.275691, 40.669225], [-117.275357, 40.66946], [-117.275147, 40.669591], [-117.274847, 40.669768], [-117.274512, 40.670006], [-117.273837, 40.670435], [-117.273634, 40.67056], [-117.273434, 40.670712], [-117.273112, 40.670924], [-117.272301, 40.671427], [-117.272033, 40.671603], [-117.2718, 40.671778], [-117.271357, 40.672028], [-117.271077, 40.672218], [-117.270814, 40.672381], [-117.270079, 40.672869], [-117.269569, 40.673217], [-117.269444, 40.673298], [-117.269241, 40.673416], [-117.268854, 40.673681], [-117.26813, 40.674124], [-117.267739, 40.674368], [-117.266284, 40.675358], [-117.265822, 40.675666], [-117.265663, 40.67576], [-117.26535, 40.675964], [-117.265085, 40.676149], [-117.264641, 40.676379], [-117.264248, 40.676647], [-117.264031, 40.676771], [-117.263287, 40.677238], [-117.263046, 40.677478], [-117.262894, 40.677582], [-117.262698, 40.677704], [-117.262251, 40.677929], [-117.26249, 40.677976], [-117.262784, 40.678131], [-117.263089, 40.678224], [-117.263365, 40.678297], [-117.263788, 40.678473], [-117.263936, 40.678576], [-117.264107, 40.67868], [-117.265089, 40.679009], [-117.265546, 40.679157], [-117.266081, 40.679309], [-117.266526, 40.679408], [-117.266985, 40.679532], [-117.267822, 40.679824], [-117.270371, 40.680589], [-117.271767, 40.681016], [-117.272287, 40.681161], [-117.27269, 40.681301], [-117.273096, 40.68141], [-117.273437, 40.681535], [-117.273899, 40.681724], [-117.274284, 40.681887], [-117.274667, 40.682079], [-117.275033, 40.682198], [-117.275519, 40.682282], [-117.275837, 40.682316], [-117.27628, 40.68235], [-117.276707, 40.682484], [-117.276952, 40.682639], [-117.277313, 40.682818], [-117.27771, 40.683029], [-117.27807, 40.683214], [-117.278398, 40.683403], [-117.278772, 40.683606], [-117.278871, 40.683639], [-117.279, 40.683683], [-117.279213, 40.683664]]}, "props": {"MTFCC": "S1400", "NAME": null}}, {"geom": {"type": "LineString", "coordinates": [[-117.280046, 40.683485], [-117.280655, 40.683508], [-117.280778, 40.683501]]}, "props": {"MTFCC": "S1400", "NAME": null}}, {"geom": {"type": "LineString", "coordinates": [[-117.262251, 40.677929], [-117.261457, 40.678452], [-117.261337, 40.678537], [-117.260431, 40.679116], [-117.259658, 40.679582], [-117.259415, 40.679744], [-117.259006, 40.680034], [-117.258588, 40.680345], [-117.258381, 40.680481], [-117.25775, 40.68087], [-117.256855, 40.681435], [-117.256111, 40.681923], [-117.255761, 40.682167], [-117.254993, 40.682691], [-117.254387, 40.683093], [-117.254171, 40.683224], [-117.253803, 40.683469], [-117.253273, 40.683812], [-117.253056, 40.683943], [-117.25287, 40.684047], [-117.2527, 40.684151], [-117.252531, 40.684269], [-117.252193, 40.684513]]}, "props": {"MTFCC": "S1400", "NAME": null}}, {"geom": {"type": "LineString", "coordinates": [[-117.560261, 40.705868], [-117.560227, 40.705951], [-117.560084, 40.706196], [-117.560047, 40.70632], [-117.560033, 40.706422], [-117.560017, 40.7065]]}, "props": {"MTFCC": "S1400", "NAME": null}}, {"geom": {"type": "LineString", "coordinates": [[-117.262489, 40.62452], [-117.262709, 40.625257]]}, "props": {"MTFCC": "S1400", "NAME": null}}, {"geom": {"type": "LineString", "coordinates": [[-117.264003, 40.631822], [-117.264093, 40.632098], [-117.264117, 40.632226], [-117.264196, 40.632654], [-117.264268, 40.633279], [-117.2643, 40.633555], [-117.264331, 40.634311], [-117.264391, 40.635144]]}, "props": {"MTFCC": "S1400", "NAME": null}}, {"geom": {"type": "LineString", "coordinates": [[-117.299963, 40.656025], [-117.299679, 40.656044], [-117.299427, 40.656069], [-117.299163, 40.65611], [-117.29895, 40.656152], [-117.29882, 40.656231]]}, "props": {"MTFCC": "S1400", "NAME": null}}, {"geom": {"type": "LineString", "coordinates": [[-117.353181, 40.685397], [-117.353307, 40.685373], [-117.353393, 40.685283], [-117.353457, 40.685167], [-117.353478, 40.685009], [-117.353468, 40.68486], [-117.353449, 40.684711], [-117.353451, 40.684532]]}, "props": {"MTFCC": "S1400", "NAME": null}}, {"geom": {"type": "LineString", "coordinates": [[-117.150901, 40.721787], [-117.150519, 40.721937], [-117.150366, 40.721982], [-117.150252, 40.721999], [-117.150155, 40.722004], [-117.149963, 40.722024], [-117.149789, 40.722062], [-117.149668, 40.722078], [-117.149598, 40.722088], [-117.149476, 40.722112], [-117.149347, 40.722143], [-117.149106, 40.722222], [-117.148909, 40.722282], [-117.148781, 40.722328], [-117.148662, 40.722378], [-117.148597, 40.722415], [-117.148551, 40.722451], [-117.148481, 40.72252], [-117.148343, 40.722669], [-117.148162, 40.722796], [-117.147989, 40.722893], [-117.147724, 40.72302], [-117.147482, 40.723144], [-117.147379, 40.723192], [-117.1473, 40.723221], [-117.14716, 40.723259], [-117.146994, 40.723286], [-117.14685, 40.7233], [-117.146734, 40.723317], [-117.146634, 40.723339], [-117.146553, 40.723365], [-117.14643, 40.72342], [-117.146249, 40.723511], [-117.146061, 40.723623], [-117.145883, 40.723723], [-117.14571, 40.72384], [-117.14547, 40.724022], [-117.145406, 40.724056], [-117.145351, 40.724072], [-117.145274, 40.724082], [-117.145141, 40.72407], [-117.145078, 40.724053], [-117.144993, 40.724024], [-117.144937, 40.724015], [-117.144865, 40.72401], [-117.144747, 40.724022], [-117.144662, 40.724039], [-117.144596, 40.724062], [-117.144489, 40.724113], [-117.144164, 40.724312], [-117.144044, 40.724395], [-117.14395, 40.724449], [-117.143823, 40.724512], [-117.143732, 40.724552], [-117.143504, 40.724634], [-117.143347, 40.724682], [-117.14329200502515, 40.7247]]}, "props": {"MTFCC": "S1400", "NAME": null}}, {"geom": {"type": "LineString", "coordinates": [[-117.255951, 40.622584], [-117.255747, 40.623969]]}, "props": {"MTFCC": "S1400", "NAME": null}}, {"geom": {"type": "LineString", "coordinates": [[-117.202667, 40.711407], [-117.201767, 40.711435]]}, "props": {"MTFCC": "S1400", "NAME": null}}, {"geom": {"type": "LineString", "coordinates": [[-117.181953, 40.666944], [-117.183697, 40.666906], [-117.185328, 40.666989], [-117.18607, 40.667084]]}, "props": {"MTFCC": "S1400", "NAME": null}}, {"geom": {"type": "LineString", "coordinates": [[-117.090591, 40.682802], [-117.090988, 40.683279], [-117.091167, 40.683522], [-117.091299, 40.683726], [-117.0914, 40.683893], [-117.091507, 40.684031], [-117.091582, 40.684117], [-117.091617, 40.684145], [-117.091687, 40.684184], [-117.091739, 40.684201], [-117.091819, 40.684209], [-117.09207, 40.6842], [-117.092101, 40.684202], [-117.092127, 40.684209], [-117.092153, 40.684237], [-117.092157, 40.684276], [-117.092143, 40.68431], [-117.092109, 40.684341], [-117.091908, 40.684479], [-117.091808, 40.684564], [-117.091589, 40.684774], [-117.091445, 40.684898], [-117.091386, 40.684954], [-117.091239, 40.685077], [-117.091195, 40.68513], [-117.091157, 40.685185], [-117.091139, 40.685235], [-117.091126, 40.685292], [-117.091126, 40.685352], [-117.091133, 40.685416], [-117.091125, 40.685447], [-117.091105, 40.685492], [-117.091073, 40.685526], [-117.091023, 40.685554], [-117.090901, 40.685609], [-117.090807, 40.685659], [-117.090723, 40.685719], [-117.090632, 40.685802], [-117.090576, 40.685862], [-117.090532, 40.685924], [-117.090488, 40.686003], [-117.09046, 40.686077], [-117.09042, 40.686225], [-117.090361, 40.686358], [-117.09027, 40.686501], [-117.090211, 40.68658], [-117.090154, 40.686642], [-117.090104, 40.686682], [-117.090035, 40.686723], [-117.089967, 40.686754], [-117.089766, 40.686833], [-117.089616, 40.686916], [-117.089481, 40.686992], [-117.089425, 40.687032], [-117.089372, 40.687084], [-117.089344, 40.687137], [-117.089332, 40.687199], [-117.089329, 40.687244], [-117.089344, 40.687387], [-117.089366, 40.687444], [-117.089417, 40.687544], [-117.089483, 40.687654], [-117.089561, 40.687754], [-117.089947, 40.688166], [-117.09, 40.688257], [-117.090028, 40.688316], [-117.090088, 40.688502], [-117.09011, 40.688619], [-117.090125, 40.688758]]}, "props": {"MTFCC": "S1400", "NAME": null}}, {"geom": {"type": "LineString", "coordinates": [[-117.096884, 40.680124], [-117.096557, 40.680373], [-117.096498, 40.680442], [-117.096475, 40.680499], [-117.096464, 40.680556], [-117.096452, 40.680591], [-117.096423, 40.680632], [-117.096386, 40.680663], [-117.096339, 40.680692], [-117.096117, 40.680797], [-117.095819, 40.680945], [-117.095675, 40.681029], [-117.095422, 40.681196], [-117.095328, 40.681241], [-117.095, 40.681373], [-117.094777, 40.681437], [-117.094471, 40.681516], [-117.094286, 40.681576], [-117.09412, 40.681645], [-117.09397, 40.681721], [-117.093898, 40.681764], [-117.093823, 40.681824], [-117.09367, 40.68197], [-117.09332, 40.682389], [-117.093092, 40.682639], [-117.092973, 40.682786], [-117.092845, 40.682963], [-117.092763, 40.683068], [-117.092718, 40.683112], [-117.092648, 40.683166], [-117.09256, 40.683216], [-117.092069, 40.683451], [-117.091618, 40.683596], [-117.09149, 40.683634], [-117.091399, 40.683673], [-117.091299, 40.683726], [-117.091025, 40.683894], [-117.090881, 40.683977], [-117.090681, 40.684078], [-117.090465, 40.68418], [-117.090299, 40.684252], [-117.089777, 40.684491], [-117.089336, 40.684722], [-117.089101, 40.68488], [-117.089054, 40.684899], [-117.088932, 40.68493], [-117.088753, 40.684964], [-117.088499, 40.685005], [-117.087839, 40.685052], [-117.087533, 40.685065], [-117.08715, 40.68511], [-117.087006, 40.68512], [-117.086846, 40.685103], [-117.086527, 40.68501], [-117.086402, 40.684999], [-117.086314, 40.685001], [-117.086214, 40.685013], [-117.08576, 40.685092], [-117.085485, 40.68515], [-117.085275, 40.6852], [-117.085103, 40.685233], [-117.084915, 40.685262], [-117.084543, 40.685312], [-117.084289, 40.685355], [-117.083829, 40.685451], [-117.083312, 40.685564], [-117.08299, 40.685619], [-117.08282, 40.685639], [-117.082633, 40.685676], [-117.082458, 40.68574], [-117.082323, 40.6858], [-117.082217, 40.685855], [-117.081885, 40.686056], [-117.081704, 40.686139], [-117.081593, 40.686176]]}, "props": {"MTFCC": "S1400", "NAME": null}}, {"geom": {"type": "LineString", "coordinates": [[-117.098011, 40.695659], [-117.097288, 40.696475], [-117.096529, 40.697153], [-117.096017, 40.699197]]}, "props": {"MTFCC": "S1400", "NAME": null}}, {"geom": {"type": "LineString", "coordinates": [[-117.091655, 40.67295], [-117.09168, 40.672854], [-117.091847, 40.672506], [-117.091882, 40.672384], [-117.091888, 40.67232], [-117.091875, 40.672201], [-117.09178, 40.671646], [-117.091718, 40.671472], [-117.091608, 40.671269], [-117.091485, 40.671083], [-117.091379, 40.670969], [-117.091316, 40.670924], [-117.091144, 40.670836], [-117.09095, 40.67075], [-117.090722, 40.670803], [-117.09059, 40.670838], [-117.090418, 40.670896], [-117.090162, 40.671001], [-117.089899, 40.671116], [-117.089742, 40.671175], [-117.089655, 40.671199], [-117.089373, 40.671241], [-117.089204, 40.671252], [-117.089122, 40.671248], [-117.089026, 40.671238], [-117.088909, 40.67122], [-117.08864, 40.671171], [-117.088014, 40.671074], [-117.087701, 40.671034], [-117.0874, 40.671003], [-117.087253, 40.670996], [-117.087118, 40.670999], [-117.087419, 40.670829], [-117.087963, 40.670512], [-117.088308, 40.670321], [-117.088486, 40.670216], [-117.088985, 40.669945], [-117.08938, 40.669686], [-117.08958, 40.669581], [-117.090147, 40.669349], [-117.090353, 40.669259], [-117.090413, 40.669227], [-117.090575, 40.669127], [-117.091185, 40.668709], [-117.091442, 40.668547], [-117.091827, 40.668339]]}, "props": {"MTFCC": "S1400", "NAME": null}}, {"geom": {"type": "LineString", "coordinates": [[-117.097559, 40.668841], [-117.096843, 40.66918], [-117.096499, 40.669348], [-117.096242, 40.669457], [-117.096017, 40.669531], [-117.095794, 40.669587], [-117.095425, 40.669664], [-117.094781, 40.669766], [-117.094666, 40.669797], [-117.094485, 40.669871], [-117.094217, 40.670001], [-117.093827, 40.67018], [-117.093552, 40.67032], [-117.093363, 40.670442], [-117.093296, 40.670494], [-117.093246, 40.670551], [-117.093209, 40.670616], [-117.093185, 40.670673], [-117.093142, 40.670804], [-117.093103, 40.670902], [-117.092887, 40.671324], [-117.092759, 40.671557], [-117.092635, 40.67181], [-117.092522, 40.67206], [-117.092494, 40.672149], [-117.092419, 40.672354], [-117.092388, 40.67242], [-117.092338, 40.672494], [-117.092254, 40.672573], [-117.092131, 40.672664], [-117.091897, 40.672808], [-117.091655, 40.67295]]}, "props": {"MTFCC": "S1400", "NAME": null}}, {"geom": {"type": "LineString", "coordinates": [[-117.093178, 40.684886], [-117.093115, 40.684917], [-117.093039, 40.684966], [-117.09269, 40.685263], [-117.092585, 40.685324], [-117.092164, 40.685538], [-117.091726, 40.685731], [-117.091607, 40.685788], [-117.09151, 40.685846], [-117.091443, 40.685897], [-117.091406, 40.685943], [-117.091335, 40.686048], [-117.091237, 40.68625], [-117.091122, 40.68645], [-117.09109, 40.686493], [-117.09105, 40.686529], [-117.091006, 40.686558], [-117.09095, 40.686584], [-117.090831, 40.686627], [-117.090694, 40.686666], [-117.090481, 40.686714], [-117.090352, 40.686736], [-117.090214, 40.686768], [-117.089811, 40.686872], [-117.089616, 40.686916]]}, "props": {"MTFCC": "S1400", "NAME": null}}, {"geom": {"type": "LineString", "coordinates": [[-117.177216, 40.713395], [-117.177365, 40.713408], [-117.17775, 40.713424], [-117.178015, 40.713428], [-117.178192, 40.713423], [-117.178295, 40.713413], [-117.178394, 40.713395], [-117.178602, 40.713348], [-117.178737, 40.713324], [-117.178843, 40.713319], [-117.178927, 40.713326], [-117.178988, 40.713338], [-117.17905, 40.71336], [-117.179153, 40.713407], [-117.179288, 40.713491], [-117.179423, 40.713589], [-117.179543, 40.713683], [-117.179611, 40.713742], [-117.17968, 40.713812], [-117.17975, 40.713892], [-117.179791, 40.713959], [-117.179816, 40.714019], [-117.179846, 40.714114], [-117.17991, 40.71439], [-117.180031, 40.714788], [-117.18015, 40.715083], [-117.180176, 40.715174], [-117.180192, 40.715253], [-117.180243, 40.715586], [-117.180278, 40.715684], [-117.1803, 40.715732], [-117.180341, 40.715763], [-117.180397, 40.715786], [-117.180451, 40.715798], [-117.18052, 40.715798], [-117.180582, 40.715783], [-117.180646, 40.715761], [-117.180714, 40.715719], [-117.180805, 40.715652], [-117.180875, 40.71559], [-117.180909, 40.715553], [-117.180937, 40.715506], [-117.180962, 40.715448], [-117.181012, 40.715289], [-117.181041, 40.715235], [-117.181158, 40.715048], [-117.18123, 40.714962], [-117.181311, 40.7149], [-117.181452, 40.714826]]}, "props": {"MTFCC": "S1400", "NAME": null}}, {"geom": {"type": "LineString", "coordinates": [[-117.182863, 40.663243], [-117.183252, 40.663584], [-117.183342, 40.663651], [-117.183573, 40.663773], [-117.183842, 40.663893], [-117.184147, 40.664066], [-117.18432, 40.664177], [-117.184459, 40.664283], [-117.184617, 40.664417], [-117.184761, 40.664586], [-117.184918, 40.664724], [-117.185082, 40.664845], [-117.185367, 40.665116], [-117.185434, 40.665218], [-117.185878, 40.666138], [-117.186039, 40.666857], [-117.18607, 40.667084]]}, "props": {"MTFCC": "S1400", "NAME": null}}, {"geom": {"type": "LineString", "coordinates": [[-117.254754, 40.632164], [-117.256853, 40.633122], [-117.257814, 40.633463], [-117.260782, 40.635128], [-117.261802, 40.635881], [-117.26273, 40.637], [-117.264439, 40.63814], [-117.267497, 40.642371], [-117.267705, 40.642432]]}, "props": {"MTFCC": "S1400", "NAME": null}}, {"geom": {"type": "LineString", "coordinates": [[-117.08394, 40.691832], [-117.083537, 40.691773], [-117.082976, 40.691678]]}, "props": {"MTFCC": "S1400", "NAME": null}}, {"geom": {"type": "LineString", "coordinates": [[-117.080215, 40.688455], [-117.080239, 40.688492], [-117.080352, 40.688625], [-117.080434, 40.688747], [-117.080497, 40.688823], [-117.080616, 40.688947], [-117.08065, 40.688992], [-117.080678, 40.689042], [-117.080691, 40.689111], [-117.080685, 40.689185], [-117.080654, 40.689292], [-117.080598, 40.689442], [-117.080591, 40.689521], [-117.080604, 40.689604], [-117.080613, 40.689712], [-117.080607, 40.68979], [-117.080592, 40.689872], [-117.08057, 40.689953], [-117.080551, 40.690055], [-117.080536, 40.690332], [-117.080524, 40.690434], [-117.080502, 40.690522], [-117.08042, 40.690756], [-117.080302, 40.691032], [-117.080261, 40.691104], [-117.080132, 40.691289]]}, "props": {"MTFCC": "S1400", "NAME": null}}, {"geom": {"type": "LineString", "coordinates": [[-117.071161, 40.694184], [-117.071082, 40.694072], [-117.071035, 40.693996], [-117.071007, 40.693927], [-117.070994, 40.693856], [-117.070985, 40.693755], [-117.071006, 40.693384], [-117.071031, 40.692733], [-117.071046, 40.692497], [-117.071071, 40.692242], [-117.071078, 40.691896], [-117.071077, 40.691689], [-117.071104, 40.691053], [-117.071117, 40.69094], [-117.071135, 40.69089], [-117.071173, 40.690835], [-117.071223, 40.690776], [-117.071658, 40.690401], [-117.071836, 40.690258], [-117.071898, 40.690202], [-117.071927, 40.690165], [-117.071958, 40.690103], [-117.07198, 40.690032], [-117.071992, 40.689948], [-117.071995, 40.689841], [-117.071976, 40.689696], [-117.071957, 40.689634], [-117.071914, 40.689545], [-117.071816, 40.689389]]}, "props": {"MTFCC": "S1400", "NAME": null}}, {"geom": {"type": "LineString", "coordinates": [[-117.086206, 40.69414], [-117.086101, 40.694153], [-117.085948, 40.694183], [-117.085806, 40.694218], [-117.085604, 40.694286], [-117.085439, 40.694352]]}, "props": {"MTFCC": "S1400", "NAME": null}}, {"geom": {"type": "LineString", "coordinates": [[-117.018652, 40.653442], [-117.019902, 40.653408], [-117.020346, 40.653378], [-117.021621, 40.653329], [-117.022245, 40.653326], [-117.022822, 40.653329], [-117.023986, 40.653319], [-117.024929, 40.653293], [-117.025413, 40.653293], [-117.025893, 40.653309], [-117.026202, 40.653334], [-117.026403, 40.653338], [-117.027132, 40.653325], [-117.027805, 40.653289], [-117.028217, 40.653247], [-117.028374, 40.653241], [-117.030677, 40.653229], [-117.030904, 40.653232], [-117.031361, 40.653215], [-117.031878, 40.653183], [-117.031996, 40.653165], [-117.032108, 40.653134], [-117.032337, 40.653053], [-117.032815, 40.652898], [-117.033449, 40.652724], [-117.033549, 40.652688], [-117.033799, 40.652567], [-117.033933, 40.65252], [-117.034071, 40.652487], [-117.034191, 40.652472], [-117.03431, 40.652469], [-117.034409, 40.652477], [-117.034593, 40.652508], [-117.035082, 40.65263], [-117.035323, 40.65267], [-117.035575, 40.652694], [-117.036112, 40.652726], [-117.036319, 40.652744], [-117.037014, 40.652841], [-117.037252, 40.652855], [-117.037463, 40.652861], [-117.037639, 40.652892], [-117.037928, 40.652953], [-117.038093, 40.652982], [-117.0384, 40.65302], [-117.038487, 40.65302], [-117.038669, 40.653004], [-117.039498, 40.652851], [-117.039895, 40.652786], [-117.040629, 40.65268], [-117.041464, 40.652597], [-117.042001, 40.652526], [-117.042352, 40.652474], [-117.043858, 40.652266], [-117.044234, 40.652463], [-117.044397, 40.652569], [-117.044719, 40.652809], [-117.044899, 40.652932], [-117.04505, 40.653026], [-117.045111, 40.653054], [-117.045156, 40.653067], [-117.045224, 40.65308], [-117.045294, 40.653085], [-117.045412, 40.653076], [-117.045491, 40.653064], [-117.045737, 40.653012], [-117.046039, 40.652936], [-117.046118, 40.652928], [-117.046201, 40.652934], [-117.046282, 40.65295], [-117.046458, 40.653004], [-117.04675, 40.653068], [-117.046868, 40.653084], [-117.04718, 40.653098], [-117.047358, 40.653117], [-117.047744, 40.65317], [-117.047853, 40.653191], [-117.048024, 40.653151], [-117.048257, 40.653108], [-117.048148, 40.652874], [-117.048122, 40.652804], [-117.048014, 40.652553], [-117.047969, 40.652476], [-117.04792, 40.652406], [-117.0477, 40.652061], [-117.047477, 40.651792], [-117.047379, 40.651694], [-117.04797, 40.651584], [-117.048445, 40.651501], [-117.049786, 40.651233]]}, "props": {"MTFCC": "S1400", "NAME": null}}, {"geom": {"type": "LineString", "coordinates": [[-117.082022, 40.689049], [-117.082231, 40.689149], [-117.082313, 40.689201], [-117.082353, 40.689239], [-117.082366, 40.689259], [-117.082375, 40.689288], [-117.082375, 40.689335], [-117.082363, 40.689387], [-117.082326, 40.689475], [-117.082313, 40.68953], [-117.08231, 40.689592], [-117.082316, 40.689659], [-117.08236, 40.689812], [-117.082412, 40.689952], [-117.082463, 40.690049], [-117.08261, 40.690245], [-117.082698, 40.69037], [-117.08291, 40.690691], [-117.082997, 40.690812], [-117.08311, 40.690953], [-117.083342, 40.691222], [-117.083472, 40.691365], [-117.083741, 40.691146], [-117.083951, 40.691003], [-117.084214, 40.690831], [-117.084786, 40.690505], [-117.08513, 40.690259], [-117.0852, 40.690222], [-117.08526, 40.690204], [-117.08537, 40.690181], [-117.085485, 40.690163], [-117.085557, 40.690146], [-117.085687, 40.690099], [-117.085737, 40.690069], [-117.085824, 40.690016], [-117.085876, 40.689976], [-117.086019, 40.689844], [-117.086077, 40.689797]]}, "props": {"MTFCC": "S1400", "NAME": null}}, {"geom": {"type": "LineString", "coordinates": [[-117.081554, 40.683705], [-117.081524, 40.68384], [-117.081512, 40.683985], [-117.081409, 40.684436], [-117.081359, 40.684746], [-117.081328, 40.685023], [-117.08131, 40.685139], [-117.081304, 40.685297], [-117.081319, 40.685404], [-117.081351, 40.685523], [-117.081382, 40.685618], [-117.081495, 40.685907], [-117.081593, 40.686176]]}, "props": {"MTFCC": "S1400", "NAME": null}}, {"geom": {"type": "LineString", "coordinates": [[-117.07972, 40.680958], [-117.07956, 40.680869]]}, "props": {"MTFCC": "S1400", "NAME": null}}, {"geom": {"type": "LineString", "coordinates": [[-117.087118, 40.670999], [-117.086836, 40.671146], [-117.086546, 40.67132], [-117.086411, 40.671417], [-117.086322, 40.671488], [-117.08621, 40.67157], [-117.085949, 40.671741], [-117.085514, 40.672012], [-117.085313, 40.672162], [-117.085178, 40.67224], [-117.084617, 40.672518], [-117.084467, 40.672579], [-117.084365, 40.672632], [-117.084196, 40.672704], [-117.083991, 40.672785], [-117.083631, 40.67296], [-117.083458, 40.673039], [-117.083304, 40.673121], [-117.083024, 40.673292], [-117.082636, 40.673548], [-117.082486, 40.67362], [-117.0822, 40.673738], [-117.082056, 40.673816], [-117.081949, 40.673887], [-117.081887, 40.673942]]}, "props": {"MTFCC": "S1400", "NAME": null}}, {"geom": {"type": "LineString", "coordinates": [[-117.048257, 40.653108], [-117.048582, 40.65328], [-117.048667, 40.653334], [-117.04875, 40.65336], [-117.048816, 40.653389], [-117.048858, 40.65342], [-117.048922, 40.653505], [-117.049013, 40.653603], [-117.049172, 40.653706], [-117.049411, 40.653824], [-117.049532, 40.653867], [-117.049734, 40.653981], [-117.049815, 40.654041], [-117.050007, 40.65421], [-117.050113, 40.654336], [-117.049949, 40.654363], [-117.048852, 40.654505], [-117.048666, 40.654515], [-117.048527, 40.654515], [-117.048084, 40.65449], [-117.047865, 40.654487], [-117.047007, 40.654561], [-117.046695, 40.654581], [-117.046519, 40.654588], [-117.046065, 40.654585], [-117.045879, 40.654596], [-117.045221, 40.654652], [-117.044825, 40.654699], [-117.04409, 40.65477], [-117.043691, 40.654794], [-117.043554, 40.654797], [-117.043451, 40.654804], [-117.043357, 40.65482], [-117.043268, 40.65484], [-117.043155, 40.654871], [-117.042979, 40.654901], [-117.042707, 40.654935], [-117.042633, 40.654938], [-117.042577, 40.654933], [-117.042511, 40.654921], [-117.04232, 40.654842], [-117.042043, 40.654748], [-117.041771, 40.65468], [-117.04255, 40.654561], [-117.04274, 40.654522], [-117.043204, 40.65438], [-117.043794, 40.654217], [-117.046492, 40.653538], [-117.047317, 40.653315], [-117.047617, 40.653241], [-117.047853, 40.653191]]}, "props": {"MTFCC": "S1400", "NAME": null}}, {"geom": {"type": "LineString", "coordinates": [[-117.053467, 40.654155], [-117.053331, 40.654152], [-117.053028, 40.654159], [-117.052101, 40.654196], [-117.051451, 40.654233], [-117.050697, 40.654282], [-117.050477, 40.654292], [-117.050223, 40.654318], [-117.050113, 40.654336]]}, "props": {"MTFCC": "S1400", "NAME": null}}, {"geom": {"type": "LineString", "coordinates": [[-117.068718, 40.670177], [-117.068676, 40.67027], [-117.068665, 40.670324], [-117.068678, 40.670383], [-117.068843, 40.670729], [-117.068857, 40.670781], [-117.068856, 40.67086], [-117.068834, 40.670922], [-117.068806, 40.670969], [-117.068536, 40.671232], [-117.068406, 40.671336], [-117.068362, 40.671381], [-117.068321, 40.671439], [-117.06825, 40.671569], [-117.067825, 40.672145], [-117.06773, 40.672251], [-117.067664, 40.672309], [-117.067573, 40.672381], [-117.067095, 40.6728]]}, "props": {"MTFCC": "S1400", "NAME": null}}, {"geom": {"type": "LineString", "coordinates": [[-117.069986, 40.670125], [-117.070171, 40.670139], [-117.070441, 40.670177], [-117.070723, 40.670228], [-117.071046, 40.670314], [-117.07126, 40.670383], [-117.07135, 40.670418], [-117.071475, 40.670476], [-117.071664, 40.670575], [-117.071761, 40.670636], [-117.071899, 40.670735], [-117.07205, 40.670864], [-117.072142, 40.670961], [-117.072172, 40.671005], [-117.072185, 40.671042], [-117.072187, 40.671081], [-117.072174, 40.671138], [-117.07215, 40.671189], [-117.072088, 40.671262]]}, "props": {"MTFCC": "S1400", "NAME": null}}, {"geom": {"type": "LineString", "coordinates": [[-117.088988, 40.679167], [-117.089031, 40.679198], [-117.089057, 40.679226], [-117.08907, 40.679256], [-117.089076, 40.679312], [-117.089058, 40.679451], [-117.089064, 40.679496], [-117.08909, 40.679529], [-117.089191, 40.679614], [-117.089235, 40.679663], [-117.089255, 40.679702], [-117.089261, 40.679766], [-117.089223, 40.680088], [-117.08923, 40.680203], [-117.089263, 40.680405], [-117.089289, 40.680496], [-117.089368, 40.680677], [-117.089409, 40.68075], [-117.089442, 40.680795], [-117.089489, 40.680842], [-117.089559, 40.680891], [-117.089689, 40.680941]]}, "props": {"MTFCC": "S1400", "NAME": null}}, {"geom": {"type": "LineString", "coordinates": [[-117.06031, 40.652479], [-117.060111, 40.652817], [-117.060093, 40.652872], [-117.060087, 40.652916], [-117.060094, 40.652974], [-117.06015, 40.653181], [-117.060227, 40.653414], [-117.060257, 40.653551], [-117.06028, 40.653822], [-117.060309, 40.653935], [-117.060332, 40.653988], [-117.060362, 40.65402], [-117.060438, 40.654085], [-117.060604, 40.654267], [-117.060788, 40.654549], [-117.060909, 40.654702], [-117.061032, 40.654872], [-117.061227, 40.655195], [-117.061428, 40.655475], [-117.061595, 40.655686]]}, "props": {"MTFCC": "S1400", "NAME": null}}, {"geom": {"type": "LineString", "coordinates": [[-117.06568, 40.642365], [-117.065631, 40.642577], [-117.065642, 40.643051], [-117.065676, 40.644084]]}, "props": {"MTFCC": "S1400", "NAME": null}}, {"geom": {"type": "LineString", "coordinates": [[-117.067895, 40.653756], [-117.067834, 40.65382], [-117.067805, 40.653857], [-117.067777, 40.653904], [-117.067762, 40.653942], [-117.067738, 40.653973], [-117.06771, 40.653996], [-117.067646, 40.654023], [-117.067567, 40.654032], [-117.067486, 40.654017], [-117.067376, 40.653974], [-117.067266, 40.653958], [-117.067123, 40.653953], [-117.066921, 40.653963]]}, "props": {"MTFCC": "S1400", "NAME": null}}, {"geom": {"type": "LineString", "coordinates": [[-117.069541, 40.68209], [-117.069535, 40.682338], [-117.069539, 40.682948], [-117.069577, 40.683115], [-117.069625, 40.683249], [-117.069634, 40.683285], [-117.069655, 40.683329], [-117.069693, 40.683368], [-117.069743, 40.683401], [-117.069793, 40.683422], [-117.069846, 40.683439], [-117.069961, 40.683453], [-117.070042, 40.683453], [-117.070219, 40.683463], [-117.070285, 40.683474], [-117.07036, 40.683505], [-117.070422, 40.683546], [-117.070476, 40.683605], [-117.070592, 40.683751], [-117.070695, 40.683865], [-117.07099, 40.684241], [-117.071173, 40.684493], [-117.0713, 40.684648], [-117.071349, 40.684728], [-117.071386, 40.684803], [-117.071378, 40.68485], [-117.071353, 40.684896], [-117.071331, 40.685011], [-117.071342, 40.685068], [-117.071366, 40.68512], [-117.071555, 40.685414]]}, "props": {"MTFCC": "S1400", "NAME": null}}, {"geom": {"type": "LineString", "coordinates": [[-117.259592, 40.614692], [-117.259649, 40.614793], [-117.259779, 40.615005], [-117.259834, 40.615181], [-117.25992, 40.615391], [-117.260018, 40.615469], [-117.2601, 40.615633], [-117.260217, 40.615891], [-117.260382, 40.616205], [-117.26053, 40.616518]]}, "props": {"MTFCC": "S1400", "NAME": null}}, {"geom": {"type": "LineString", "coordinates": [[-117.265934, 40.604577], [-117.265328, 40.604678], [-117.264559, 40.604782], [-117.26415, 40.604846]]}, "props": {"MTFCC": "S1400", "NAME": null}}, {"geom": {"type": "LineString", "coordinates": [[-117.567943, 40.709427], [-117.567932, 40.709468], [-117.567891, 40.709487], [-117.567813, 40.709509], [-117.567442, 40.709584], [-117.567237, 40.709621], [-117.566941, 40.709654], [-117.566753, 40.709666], [-117.566622, 40.709702], [-117.56651, 40.709759], [-117.566413, 40.709825], [-117.566285, 40.709893], [-117.566159, 40.709941], [-117.566037, 40.709972], [-117.56592, 40.709974], [-117.565785, 40.709984], [-117.56559, 40.709974], [-117.565496, 40.709961], [-117.565435, 40.709927], [-117.565325, 40.709878], [-117.565176, 40.709803], [-117.565017, 40.709761], [-117.564696, 40.709713], [-117.564419, 40.709658], [-117.564186, 40.709594], [-117.563966, 40.709548], [-117.563835, 40.709505], [-117.563653, 40.709417], [-117.563489, 40.709321], [-117.563309, 40.709168], [-117.563123, 40.708975], [-117.563, 40.708828], [-117.562839, 40.708622], [-117.562728, 40.708519], [-117.562653, 40.708434], [-117.562612, 40.708367], [-117.562541, 40.708301], [-117.562453, 40.708252], [-117.5622, 40.708135], [-117.562054, 40.708084], [-117.561921, 40.708027], [-117.561833, 40.707981], [-117.561711, 40.707905], [-117.561525, 40.707743], [-117.561205, 40.707506], [-117.56107, 40.707432], [-117.560966, 40.707388], [-117.560861, 40.707364], [-117.560707, 40.707336], [-117.560549, 40.707289], [-117.560452, 40.707236], [-117.560348, 40.70717], [-117.560224, 40.707078], [-117.560208, 40.707065], [-117.560123, 40.706996], [-117.560068, 40.706924], [-117.560021, 40.706822], [-117.560017, 40.7065], [-117.559919, 40.706588], [-117.559873, 40.706649], [-117.55952, 40.706726], [-117.559361, 40.706782], [-117.559329, 40.706797], [-117.559157, 40.706878], [-117.55886, 40.707033], [-117.55877, 40.707135], [-117.558664, 40.707232], [-117.558566, 40.707357], [-117.558482, 40.707435], [-117.558389, 40.707498], [-117.55831, 40.707576], [-117.558219, 40.707678], [-117.557776, 40.70805], [-117.557561, 40.708217], [-117.55737, 40.708341], [-117.557211, 40.708456], [-117.55715, 40.70857], [-117.557158, 40.708732], [-117.557269, 40.70889], [-117.557423, 40.709082], [-117.557543, 40.70919], [-117.557808, 40.709383], [-117.557828, 40.709404], [-117.557892, 40.70947], [-117.557888, 40.709528], [-117.557855, 40.709613], [-117.557732, 40.709784], [-117.557676, 40.709904], [-117.557661, 40.710028], [-117.557691, 40.71016], [-117.557708, 40.71027], [-117.557712, 40.710349], [-117.557693, 40.710447], [-117.557672, 40.71052], [-117.55768, 40.710619], [-117.557698, 40.7107], [-117.557721, 40.710809], [-117.557726, 40.71084], [-117.557738, 40.71092], [-117.55779, 40.711036], [-117.557839, 40.711129], [-117.557867, 40.711232], [-117.557867, 40.711366], [-117.557858, 40.711468], [-117.557854, 40.711519], [-117.557875, 40.711645], [-117.557931, 40.711774], [-117.557993, 40.711898], [-117.558064, 40.711988], [-117.558156, 40.712055], [-117.558276, 40.7121], [-117.558427, 40.712174], [-117.558457, 40.712183], [-117.55858, 40.712244], [-117.558722, 40.712337], [-117.558926, 40.71243], [-117.559119, 40.712529], [-117.559336, 40.712649], [-117.559521, 40.712725], [-117.559577, 40.712798], [-117.559632, 40.712887], [-117.55965, 40.712947], [-117.559668, 40.713007], [-117.559774, 40.713175], [-117.559806, 40.713211], [-117.559895, 40.713336], [-117.560023, 40.713452], [-117.560068, 40.713493], [-117.560151, 40.713543], [-117.56027, 40.713613], [-117.560323, 40.713628], [-117.560476, 40.713673], [-117.560613, 40.7137], [-117.560805, 40.713689], [-117.560952, 40.713668], [-117.561083, 40.713639], [-117.561188, 40.713625], [-117.561325, 40.713643], [-117.56173, 40.713682], [-117.562004, 40.713679], [-117.56218, 40.713668], [-117.562311, 40.713654], [-117.562506, 40.713663], [-117.562679, 40.713699], [-117.563044, 40.713735]]}, "props": {"MTFCC": "S1400", "NAME": null}}, {"geom": {"type": "LineString", "coordinates": [[-117.47959, 40.684137], [-117.479797, 40.684373], [-117.479835, 40.684422], [-117.480009, 40.684643], [-117.48028, 40.684958], [-117.480482, 40.685235], [-117.480649, 40.685401], [-117.480805, 40.68558], [-117.480891, 40.685735], [-117.481026, 40.685961], [-117.481247, 40.686232], [-117.481456, 40.686531], [-117.481822, 40.686898], [-117.481863, 40.687058], [-117.481877, 40.687223], [-117.48198, 40.687495], [-117.482459, 40.688465], [-117.482499, 40.688631], [-117.482514, 40.688739], [-117.482527, 40.688832], [-117.48252, 40.689133], [-117.482622, 40.689323], [-117.482734, 40.689493], [-117.482752, 40.689707], [-117.482714, 40.690055], [-117.482647, 40.690545], [-117.482663, 40.690896], [-117.482709, 40.691323], [-117.482723, 40.691804], [-117.482676, 40.692268], [-117.482666, 40.692597], [-117.482667, 40.693132], [-117.482655, 40.694044], [-117.482635, 40.694831], [-117.482569, 40.695411], [-117.482555, 40.695788], [-117.482611, 40.696319], [-117.482701, 40.696638], [-117.482722, 40.696825], [-117.482715, 40.697126], [-117.482798, 40.697651], [-117.482774, 40.697938], [-117.482755, 40.69839], [-117.48274, 40.698575], [-117.482708, 40.69895], [-117.482575, 40.699582], [-117.482435, 40.700405], [-117.482352, 40.700861], [-117.482357, 40.701773], [-117.482313, 40.702196], [-117.482235, 40.702597], [-117.482184, 40.702813]]}, "props": {"MTFCC": "S1400", "NAME": null}}, {"geom": {"type": "LineString", "coordinates": [[-117.52775, 40.692979], [-117.527577, 40.693186], [-117.527234, 40.693562], [-117.527172, 40.693639], [-117.526996, 40.693855], [-117.526612, 40.694316], [-117.526507, 40.69447], [-117.52617, 40.694895], [-117.525928, 40.695166], [-117.525524, 40.695607], [-117.525211, 40.695948], [-117.524342, 40.696912], [-117.523523, 40.697744], [-117.523383, 40.697884], [-117.522552, 40.698714], [-117.521756, 40.699567], [-117.521463, 40.699861], [-117.521035, 40.700267], [-117.520666, 40.700668], [-117.520229, 40.701122], [-117.519741, 40.701607], [-117.519372, 40.701998], [-117.519107, 40.70226], [-117.518825, 40.702665], [-117.518592, 40.703077], [-117.518417, 40.703322], [-117.5183, 40.703486], [-117.517842, 40.704191], [-117.517667, 40.704424], [-117.517432, 40.704791], [-117.517107, 40.705239], [-117.5169, 40.705574], [-117.515373, 40.707801], [-117.515189, 40.708048], [-117.514715, 40.708761], [-117.514484, 40.709128], [-117.514373, 40.709366], [-117.514148, 40.709769], [-117.514111, 40.709838], [-117.513996, 40.710054], [-117.513601, 40.710766], [-117.513453, 40.711092], [-117.513441, 40.711118], [-117.513238, 40.711394], [-117.512807, 40.71205], [-117.512533, 40.712512], [-117.512261, 40.713111], [-117.512123, 40.713327], [-117.512054, 40.71358], [-117.511905, 40.7138], [-117.511666, 40.7144], [-117.511062, 40.715716], [-117.510454, 40.71697], [-117.510438, 40.717006], [-117.509868, 40.718297], [-117.509617, 40.718923], [-117.509163, 40.719922], [-117.50869, 40.720922], [-117.508019, 40.722252], [-117.507829, 40.722583], [-117.507481, 40.723117], [-117.507057, 40.723865], [-117.506732, 40.724458], [-117.50659137837837, 40.7247]]}, "props": {"MTFCC": "S1400", "NAME": null}}, {"geom": {"type": "LineString", "coordinates": [[-117.528304, 40.689982], [-117.528413, 40.690013], [-117.528511, 40.690063], [-117.528565, 40.690139], [-117.528643, 40.690234], [-117.52883, 40.690341], [-117.529111, 40.69047], [-117.529776, 40.690753], [-117.530061, 40.690841], [-117.530386, 40.690972], [-117.530773, 40.691077], [-117.531354, 40.691183], [-117.531795, 40.691286], [-117.53202, 40.691321], [-117.532109, 40.691359], [-117.532494, 40.691348], [-117.532678, 40.691349], [-117.532875, 40.691395], [-117.533222, 40.691515], [-117.533429, 40.69157], [-117.533605, 40.691599], [-117.533813, 40.691576], [-117.534062, 40.691509], [-117.534211, 40.691441]]}, "props": {"MTFCC": "S1400", "NAME": null}}, {"geom": {"type": "LineString", "coordinates": [[-117.210842, 40.720475], [-117.211144, 40.720597], [-117.211528, 40.720742], [-117.211835, 40.720902], [-117.212111, 40.721053], [-117.212349, 40.721166], [-117.212606, 40.721241], [-117.213055, 40.72139], [-117.213366, 40.721506], [-117.213885, 40.721707], [-117.21419, 40.721804], [-117.214358, 40.721863], [-117.21456, 40.721904], [-117.214737, 40.721964], [-117.214893, 40.722065], [-117.215059, 40.722149], [-117.215284, 40.722211], [-117.215478, 40.722258], [-117.21574, 40.722284], [-117.21597, 40.722295], [-117.216305, 40.722325], [-117.216493, 40.722347], [-117.216886, 40.722473], [-117.217081, 40.722508], [-117.217399, 40.722539], [-117.21774, 40.722588], [-117.218883, 40.722821], [-117.219283, 40.722923], [-117.219685, 40.723085], [-117.220662, 40.723418], [-117.221124, 40.723556], [-117.221576, 40.723639], [-117.222029, 40.723711], [-117.222468, 40.723788], [-117.222779, 40.723923], [-117.223033, 40.724062], [-117.223332, 40.724252], [-117.223681, 40.72446], [-117.223963, 40.7246], [-117.224271, 40.724692], [-117.22429336220473, 40.7247]]}, "props": {"MTFCC": "S1400", "NAME": null}}, {"geom": {"type": "LineString", "coordinates": [[-117.58022, 40.714553], [-117.579926, 40.714555], [-117.579879, 40.71457], [-117.579723, 40.714637], [-117.579605, 40.714669], [-117.579514, 40.714688], [-117.579421, 40.714697], [-117.579331, 40.714697], [-117.579243, 40.714682], [-117.579158, 40.714654], [-117.57906, 40.714614], [-117.578951, 40.714576], [-117.578842, 40.714553], [-117.578762, 40.714543], [-117.578569, 40.714575], [-117.578446, 40.714627], [-117.578332, 40.714714], [-117.578129, 40.714898], [-117.578059, 40.714937], [-117.577999, 40.71496], [-117.577917, 40.714974], [-117.577842, 40.714975], [-117.577619, 40.714942], [-117.577462, 40.714948], [-117.577203, 40.714969], [-117.577115, 40.714954], [-117.577031, 40.714919], [-117.57696, 40.714869], [-117.576906, 40.714823], [-117.576866, 40.714773], [-117.576862, 40.714717], [-117.576888, 40.714653], [-117.576952, 40.714581], [-117.577046, 40.714416], [-117.577095, 40.714312], [-117.577136, 40.714266], [-117.577211, 40.714197], [-117.577273, 40.714116], [-117.577293, 40.714042], [-117.577262, 40.713961], [-117.577202, 40.713882], [-117.577151, 40.713831], [-117.577068, 40.713787], [-117.576998, 40.713755], [-117.576904, 40.713744], [-117.576791, 40.71375], [-117.576582, 40.713826], [-117.57648, 40.713867], [-117.576385, 40.7139], [-117.576292, 40.713903], [-117.576047, 40.713898], [-117.575947, 40.713913], [-117.575755, 40.713928], [-117.575639, 40.713927], [-117.575507, 40.713914], [-117.575353, 40.713891], [-117.575185, 40.713857], [-117.575125, 40.713854], [-117.575038, 40.713857], [-117.574973, 40.713851], [-117.574929, 40.713847], [-117.574741, 40.713801], [-117.574602, 40.713777], [-117.574503, 40.713739], [-117.574244, 40.713621], [-117.57415, 40.713601], [-117.574018, 40.713591], [-117.57384, 40.713609], [-117.573748, 40.713609], [-117.573625, 40.713587], [-117.573529, 40.713561], [-117.573459, 40.713536], [-117.573365, 40.713511], [-117.573285, 40.713503], [-117.572941, 40.713498], [-117.572816, 40.713464], [-117.5726, 40.713383], [-117.572495, 40.713356], [-117.572393, 40.713336], [-117.572178, 40.713306], [-117.572089, 40.713302], [-117.571965, 40.713305], [-117.571871, 40.713318], [-117.571716, 40.713403], [-117.571622, 40.713462], [-117.571548, 40.713514], [-117.571412, 40.713692], [-117.571332, 40.713788], [-117.571243, 40.713819], [-117.571161, 40.713828], [-117.571066, 40.713828], [-117.570961, 40.713804], [-117.570832, 40.713782], [-117.570727, 40.713761], [-117.570665, 40.713741], [-117.570571, 40.713723], [-117.570332, 40.713749], [-117.570203, 40.713736], [-117.570075, 40.713704], [-117.569955, 40.713657], [-117.569895, 40.713603], [-117.569823, 40.713563], [-117.569746, 40.713512], [-117.569472, 40.713427], [-117.569308, 40.713383], [-117.569109, 40.713308], [-117.568995, 40.713303], [-117.568856, 40.713321], [-117.568761, 40.713313], [-117.56855, 40.713267], [-117.568442, 40.713251], [-117.568265, 40.713206], [-117.568131, 40.713153], [-117.568041, 40.713138], [-117.567937, 40.713133], [-117.567741, 40.713135], [-117.567461, 40.713121], [-117.567223, 40.713114], [-117.567129, 40.713098], [-117.56702, 40.713097], [-117.566908, 40.713124], [-117.566767, 40.713165], [-117.566659, 40.713203], [-117.566368, 40.713255], [-117.566225, 40.713262], [-117.566092, 40.713249], [-117.56598, 40.713229], [-117.565851, 40.713223], [-117.565731, 40.713239], [-117.56562, 40.713259], [-117.565524, 40.713269], [-117.565446, 40.713284], [-117.565106, 40.713311], [-117.564771, 40.713324], [-117.564648, 40.713308], [-117.564458, 40.71332], [-117.564113, 40.713379], [-117.563935, 40.713415], [-117.563741, 40.713447], [-117.56356, 40.713486], [-117.5634, 40.713541], [-117.563243, 40.713609], [-117.563044, 40.713735], [-117.563199, 40.713816], [-117.563398, 40.713985], [-117.563555, 40.714119], [-117.563654, 40.714227], [-117.563731, 40.714374], [-117.563817, 40.714482], [-117.563867, 40.714552], [-117.563919, 40.714672], [-117.563941, 40.714806], [-117.564047, 40.714993], [-117.564256, 40.715318], [-117.564294, 40.715431], [-117.564374, 40.715714], [-117.564435, 40.715838], [-117.564548, 40.716004], [-117.564638, 40.716112], [-117.564728, 40.716274], [-117.56478, 40.716391], [-117.564792, 40.716424], [-117.564822, 40.716507], [-117.564894, 40.716608], [-117.564968, 40.716679], [-117.565074, 40.71682], [-117.565139, 40.716941], [-117.565216, 40.717034], [-117.56535, 40.71713], [-117.565483, 40.717218], [-117.565892, 40.71746], [-117.566117, 40.717581], [-117.566382, 40.717737], [-117.566669, 40.717897], [-117.566911, 40.718051], [-117.566985, 40.718123], [-117.567079, 40.718238], [-117.567156, 40.718389], [-117.567231, 40.718507], [-117.567419, 40.718741], [-117.567499, 40.718856], [-117.56756, 40.718973], [-117.5676, 40.719], [-117.567686, 40.719036], [-117.567789, 40.719041], [-117.567886, 40.719063], [-117.567985, 40.719125], [-117.5681, 40.719206], [-117.568217, 40.719276], [-117.568353, 40.71934], [-117.568481, 40.719381], [-117.568646, 40.719428], [-117.568768, 40.719495], [-117.56907, 40.719592], [-117.569224, 40.71967], [-117.569405, 40.719754], [-117.569606, 40.719824], [-117.569779, 40.719893], [-117.569939, 40.719947], [-117.570066, 40.720011], [-117.570194, 40.720056], [-117.570365, 40.720096], [-117.570685, 40.720144], [-117.570809, 40.720185], [-117.570957, 40.720264], [-117.571076, 40.720316], [-117.571228, 40.720352], [-117.571361, 40.72039], [-117.571524, 40.720462], [-117.571673, 40.720548], [-117.571819, 40.720651], [-117.571939, 40.720743], [-117.572063, 40.720892], [-117.572186, 40.720998], [-117.572337, 40.721105], [-117.572606, 40.721325], [-117.572723, 40.721445], [-117.572773, 40.721526], [-117.572845, 40.721687], [-117.572899, 40.72189], [-117.57298, 40.722041], [-117.573032, 40.722161], [-117.573057, 40.722259], [-117.573047, 40.72238], [-117.573006, 40.722532], [-117.572964, 40.722644], [-117.572932, 40.722754], [-117.572946, 40.722923], [-117.572947, 40.723084], [-117.572969, 40.723217], [-117.573034, 40.723345], [-117.573073, 40.72344], [-117.573088, 40.723555], [-117.573108, 40.723646], [-117.573186, 40.723785], [-117.573354, 40.724269], [-117.573397, 40.724378], [-117.573393, 40.724478], [-117.573406, 40.724611], [-117.5734052704918, 40.7247]]}, "props": {"MTFCC": "S1400", "NAME": null}}, {"geom": {"type": "LineString", "coordinates": [[-117.475576, 40.723049], [-117.475618, 40.722984], [-117.475703, 40.722835], [-117.475768, 40.722627], [-117.475824, 40.722285], [-117.475847, 40.722042], [-117.475886, 40.721822], [-117.475926, 40.721629], [-117.475979, 40.721438], [-117.476016, 40.721208], [-117.476029, 40.721136], [-117.476196, 40.720237], [-117.47624, 40.720158], [-117.47645, 40.720115], [-117.476747, 40.720124], [-117.477193, 40.720119], [-117.477533, 40.720115], [-117.478098, 40.720113], [-117.478203, 40.720104], [-117.478274, 40.720098], [-117.478427, 40.720094], [-117.478485, 40.719963], [-117.478498, 40.719804], [-117.478501, 40.719622], [-117.478398, 40.719453], [-117.478371, 40.719429], [-117.478312, 40.719378], [-117.478272, 40.719189], [-117.478244, 40.71863], [-117.478251, 40.71833], [-117.47826, 40.718286], [-117.478282, 40.718182], [-117.478297, 40.717939], [-117.478286, 40.717919], [-117.478263, 40.717736], [-117.478254, 40.717553], [-117.478272, 40.717527], [-117.47831, 40.717471], [-117.478404, 40.717373], [-117.478459, 40.717226], [-117.478467, 40.716987], [-117.478519, 40.716732], [-117.478548, 40.716452], [-117.478581, 40.716276], [-117.47879, 40.715906], [-117.478889, 40.715752], [-117.478963, 40.7156], [-117.479011, 40.715476], [-117.479071, 40.715418], [-117.47923, 40.715206], [-117.47929, 40.715073], [-117.479355, 40.71488]]}, "props": {"MTFCC": "S1400", "NAME": null}}, {"geom": {"type": "LineString", "coordinates": [[-117.018613, 40.707814], [-117.019834, 40.708769], [-117.021267, 40.709906], [-117.021593, 40.710159], [-117.021806, 40.71033], [-117.022793, 40.711093], [-117.023698, 40.711803], [-117.024168, 40.712187], [-117.02464, 40.712564], [-117.025115, 40.712918], [-117.026262, 40.713831], [-117.027076, 40.714458], [-117.027524, 40.71482], [-117.028039, 40.715208], [-117.028485, 40.71557], [-117.029062, 40.716009], [-117.029674, 40.716485], [-117.030247, 40.71695], [-117.030677, 40.717279], [-117.031123, 40.717641], [-117.031708, 40.718097], [-117.032146, 40.718465], [-117.032877, 40.719009], [-117.033885, 40.719793], [-117.035031, 40.720705], [-117.036062, 40.721494], [-117.037876, 40.722938], [-117.03844, 40.723374], [-117.039139, 40.723927], [-117.039694, 40.724355], [-117.04013263080684, 40.7247]]}, "props": {"MTFCC": "S1400", "NAME": null}}, {"geom": {"type": "LineString", "coordinates": [[-117.03531, 40.69046], [-117.035063, 40.690531], [-117.034853, 40.690578], [-117.034748, 40.690608], [-117.034646, 40.690643], [-117.03417, 40.690845], [-117.034078, 40.690875], [-117.034007, 40.690893], [-117.033757, 40.690927], [-117.033627, 40.690936], [-117.033405, 40.690968], [-117.032865, 40.69107], [-117.032547, 40.691141], [-117.031373, 40.691368], [-117.030889, 40.691462], [-117.030444, 40.691547], [-117.029998, 40.691643], [-117.029355, 40.691774], [-117.028854, 40.691902], [-117.028256, 40.692091], [-117.028027, 40.69215], [-117.027717, 40.692211], [-117.025846, 40.692537], [-117.025118, 40.692659], [-117.024498, 40.692771], [-117.023653, 40.692948], [-117.021799, 40.693382], [-117.021577, 40.693425], [-117.021226, 40.693499], [-117.020753, 40.693605], [-117.020005, 40.693766], [-117.018625, 40.694096]]}, "props": {"MTFCC": "S1400", "NAME": null}}, {"geom": {"type": "LineString", "coordinates": [[-117.558428, 40.701174], [-117.557836, 40.701679], [-117.557449, 40.701852], [-117.556865, 40.701836], [-117.556029, 40.701701]]}, "props": {"MTFCC": "S1400", "NAME": null}}, {"geom": {"type": "LineString", "coordinates": [[-117.527811, 40.690842], [-117.527556, 40.690938], [-117.527209, 40.691028], [-117.526919, 40.691067], [-117.52654, 40.691128], [-117.526145, 40.691169], [-117.525829, 40.691207], [-117.525505, 40.691231], [-117.525178, 40.691302], [-117.524889, 40.691328], [-117.524682, 40.691298], [-117.524478, 40.691249], [-117.524174, 40.691234], [-117.523606, 40.691267], [-117.523213, 40.691189], [-117.522886, 40.691147], [-117.522532, 40.691116], [-117.522124, 40.691097], [-117.521689, 40.691103], [-117.521331, 40.691119], [-117.520897, 40.691111], [-117.520342, 40.691085], [-117.520126, 40.691068], [-117.519861, 40.691016], [-117.519595, 40.69097], [-117.51924, 40.690947], [-117.518868, 40.690929], [-117.518501, 40.690951], [-117.518141, 40.690993], [-117.517887, 40.691014], [-117.517497, 40.690996], [-117.517079, 40.690996], [-117.516576, 40.690985], [-117.515679, 40.690995], [-117.515295, 40.69101], [-117.514977, 40.691068], [-117.514127, 40.691252], [-117.513632, 40.691348], [-117.513024, 40.691451], [-117.512403, 40.691594], [-117.512065, 40.691684], [-117.511755, 40.691755], [-117.511358, 40.691822], [-117.510962, 40.691876], [-117.510559, 40.691916], [-117.510025, 40.691951], [-117.509551, 40.692014], [-117.509121, 40.69206], [-117.508823, 40.692085], [-117.50824, 40.692084], [-117.50801, 40.692132], [-117.507787, 40.692195], [-117.507471, 40.692233], [-117.507139, 40.69225], [-117.50669, 40.692314], [-117.506329, 40.69237], [-117.505916, 40.692423], [-117.505651, 40.69247], [-117.50531, 40.6925], [-117.504712, 40.692577], [-117.504039, 40.692618], [-117.503705, 40.692655], [-117.503445, 40.692649], [-117.50313, 40.692674], [-117.502752, 40.692696], [-117.502693, 40.6927], [-117.50133, 40.692767], [-117.500572, 40.69279], [-117.499936, 40.692793], [-117.498984, 40.69284], [-117.498563, 40.692893], [-117.498151, 40.692926], [-117.497474, 40.693013], [-117.496981, 40.693082], [-117.496516, 40.693139], [-117.49607, 40.693171], [-117.495907, 40.6932]]}, "props": {"MTFCC": "S1400", "NAME": null}}, {"geom": {"type": "LineString", "coordinates": [[-117.498711, 40.684205], [-117.498163, 40.685433], [-117.497797, 40.686391], [-117.497563, 40.686983], [-117.497382, 40.687539], [-117.497016, 40.688497], [-117.496818, 40.689053], [-117.496727, 40.689257], [-117.496611, 40.689518], [-117.496463, 40.689883], [-117.496539, 40.690116]]}, "props": {"MTFCC": "S1400", "NAME": null}}, {"geom": {"type": "LineString", "coordinates": [[-117.479136, 40.714103], [-117.478701, 40.714113], [-117.477857, 40.714156], [-117.477331, 40.714252]]}, "props": {"MTFCC": "S1400", "NAME": null}}, {"geom": {"type": "LineString", "coordinates": [[-117.391049, 40.683822], [-117.39186, 40.683937], [-117.394265, 40.683961], [-117.394926, 40.683846]]}, "props": {"MTFCC": "S1400", "NAME": null}}, {"geom": {"type": "LineString", "coordinates": [[-117.371161, 40.686107], [-117.371701, 40.686074], [-117.371933, 40.686078], [-117.372157, 40.68606], [-117.372323, 40.686031], [-117.372482, 40.686011], [-117.372722, 40.686053], [-117.372973, 40.686136], [-117.373189, 40.686261], [-117.373364, 40.686388], [-117.373574, 40.686483], [-117.373808, 40.686599], [-117.374075, 40.686693], [-117.374213, 40.686747], [-117.374452, 40.686904], [-117.3746, 40.686992], [-117.374983, 40.687136], [-117.375313, 40.687274], [-117.375451, 40.687318], [-117.375578, 40.687344], [-117.375789, 40.687365], [-117.375925, 40.687385], [-117.376071, 40.687392], [-117.376216, 40.687413], [-117.37638, 40.687411], [-117.376988, 40.687356], [-117.377223, 40.687357], [-117.377344, 40.687343], [-117.377494, 40.687357], [-117.377634, 40.687377], [-117.377799, 40.687375], [-117.377994, 40.687378], [-117.378222, 40.687352], [-117.378475, 40.687297], [-117.378676, 40.687236], [-117.379032, 40.687114], [-117.379159, 40.68708], [-117.37947, 40.687024], [-117.379688, 40.686974], [-117.379996, 40.686844], [-117.380133, 40.686797], [-117.380317, 40.686721], [-117.380531, 40.6866], [-117.380595, 40.686556], [-117.380682, 40.686496], [-117.380816, 40.686428], [-117.380954, 40.686377], [-117.38107, 40.686319], [-117.381169, 40.686243], [-117.381365, 40.686137], [-117.381557, 40.686018], [-117.381789, 40.685898], [-117.381935, 40.685799], [-117.382026, 40.685748]]}, "props": {"MTFCC": "S1400", "NAME": null}}, {"geom": {"type": "LineString", "coordinates": [[-117.333437, 40.683603], [-117.333588, 40.683909], [-117.333722, 40.684205], [-117.333849, 40.684583], [-117.333918, 40.684922], [-117.333989, 40.68519], [-117.334009, 40.685456], [-117.334076, 40.685671], [-117.334228, 40.685976], [-117.334303, 40.686348], [-117.334449, 40.686724], [-117.33455, 40.686967], [-117.334718, 40.687252], [-117.335077, 40.687632], [-117.335199, 40.68779], [-117.33544, 40.68855], [-117.335546, 40.689232], [-117.335623, 40.689502], [-117.335742, 40.689773], [-117.335909, 40.690074], [-117.336039, 40.690378], [-117.33627, 40.690845], [-117.336336, 40.691075], [-117.336312, 40.691356], [-117.336322, 40.691741], [-117.336382, 40.692123], [-117.336415, 40.692239], [-117.336575, 40.692707], [-117.336954, 40.693268], [-117.33748, 40.693786], [-117.337976, 40.694147], [-117.338398, 40.694373], [-117.33878, 40.694479], [-117.338922, 40.694574], [-117.33909, 40.694968], [-117.339222, 40.695189], [-117.339351, 40.695452], [-117.33958, 40.695751], [-117.339777, 40.696027], [-117.339928, 40.696275], [-117.340108, 40.696504], [-117.340599, 40.697031], [-117.340804, 40.697213], [-117.341058, 40.697383], [-117.341269, 40.697561], [-117.341471, 40.697696], [-117.341609, 40.697776], [-117.341741, 40.697924], [-117.341934, 40.698154], [-117.342142, 40.698378], [-117.342339, 40.698571], [-117.342527, 40.698785], [-117.34284, 40.699072], [-117.343104, 40.699357], [-117.34326, 40.699553], [-117.34361, 40.699963], [-117.343737, 40.700168], [-117.343906, 40.70037], [-117.344103, 40.700631], [-117.344247, 40.700801], [-117.344471, 40.701005], [-117.34468, 40.701136], [-117.344847, 40.701264], [-117.34499, 40.701449], [-117.345104, 40.701565], [-117.345276, 40.701725], [-117.345446, 40.701911], [-117.345695, 40.702138], [-117.345913, 40.702327], [-117.346174, 40.702575], [-117.34634, 40.702719], [-117.346551, 40.702913], [-117.34675, 40.703033]]}, "props": {"MTFCC": "S1400", "NAME": null}}, {"geom": {"type": "LineString", "coordinates": [[-117.344791, 40.6837], [-117.345045, 40.683741], [-117.345338, 40.683801], [-117.345632, 40.683849], [-117.345844, 40.683891], [-117.346024, 40.683922], [-117.346349, 40.684001], [-117.346593, 40.684072], [-117.346734, 40.684119], [-117.346866, 40.684148], [-117.347009, 40.684172], [-117.347155, 40.684205], [-117.347301, 40.684249], [-117.347459, 40.684311], [-117.347612, 40.6844], [-117.347982, 40.684648], [-117.348124, 40.684732], [-117.34826, 40.684801], [-117.348357, 40.684837], [-117.348755, 40.684933], [-117.348981, 40.685001], [-117.349111, 40.685007], [-117.349265, 40.684992], [-117.349544, 40.684946], [-117.349655, 40.684915], [-117.34973, 40.68487], [-117.349873, 40.684764], [-117.349976, 40.684729], [-117.350131, 40.684748], [-117.350424, 40.684805], [-117.350667, 40.684845], [-117.350986, 40.684909], [-117.351238, 40.684967], [-117.351434, 40.685025], [-117.351613, 40.685073], [-117.351747, 40.685117], [-117.351867, 40.685151], [-117.352014, 40.685175], [-117.352162, 40.685194], [-117.352325, 40.685202], [-117.352553, 40.685239], [-117.352744, 40.685265], [-117.352942, 40.685306], [-117.353101, 40.685362], [-117.353181, 40.685397]]}, "props": {"MTFCC": "S1400", "NAME": null}}, {"geom": {"type": "LineString", "coordinates": [[-117.344486, 40.684493], [-117.344538, 40.684627], [-117.344608, 40.68474], [-117.3446, 40.684906], [-117.344503, 40.685098], [-117.344405, 40.685237], [-117.344336, 40.685443], [-117.344303, 40.685564], [-117.344228, 40.685775], [-117.344136, 40.685976], [-117.344057, 40.686164], [-117.344051, 40.68657], [-117.34404, 40.686766], [-117.344075, 40.686974], [-117.344128, 40.687151], [-117.344186, 40.687425], [-117.344226, 40.68789], [-117.344249, 40.688027], [-117.344262, 40.688281], [-117.344429, 40.688757], [-117.344514, 40.688962], [-117.344584, 40.689158], [-117.344635, 40.689366], [-117.344798, 40.689815], [-117.344899, 40.690118], [-117.344954, 40.690343], [-117.345136, 40.690846], [-117.345218, 40.691091], [-117.345347, 40.691403], [-117.345479, 40.691746], [-117.345612, 40.692006], [-117.345763, 40.692319], [-117.345861, 40.692455], [-117.345903, 40.692628], [-117.345926, 40.692839], [-117.345925, 40.692979], [-117.345991, 40.693292], [-117.346012, 40.693512], [-117.346104, 40.693857], [-117.34611, 40.693984], [-117.346104, 40.694194], [-117.346089, 40.694302], [-117.34614, 40.694506], [-117.346199, 40.694832], [-117.346272, 40.69519], [-117.346352, 40.695531], [-117.346428, 40.695989], [-117.346503, 40.696325], [-117.346554, 40.696874], [-117.346639, 40.697359], [-117.346677, 40.697732], [-117.346777, 40.698104], [-117.346844, 40.69854], [-117.346993, 40.699417], [-117.347032, 40.699572], [-117.347031, 40.699782], [-117.347017, 40.700079], [-117.347016, 40.700423]]}, "props": {"MTFCC": "S1400", "NAME": null}}, {"geom": {"type": "LineString", "coordinates": [[-117.344149, 40.683711], [-117.344194, 40.683989], [-117.344486, 40.684493]]}, "props": {"MTFCC": "S1400", "NAME": null}}, {"geom": {"type": "LineString", "coordinates": [[-117.256453, 40.647105], [-117.256631, 40.647279], [-117.256741, 40.647431], [-117.256764, 40.647614], [-117.25674, 40.647883], [-117.256597, 40.648568], [-117.256482, 40.649244], [-117.256654, 40.649409], [-117.256753, 40.649529], [-117.256829, 40.649621], [-117.256983, 40.649874], [-117.257008, 40.650114], [-117.257125, 40.650366], [-117.257162, 40.650683], [-117.257183, 40.650972], [-117.257324, 40.651365], [-117.257532, 40.651846], [-117.25774, 40.652207], [-117.258008, 40.652635], [-117.258852, 40.653856], [-117.259627, 40.654919], [-117.260556, 40.656229], [-117.261296, 40.657157], [-117.261616, 40.65751], [-117.261851, 40.657819], [-117.262022, 40.658043], [-117.262513, 40.658762], [-117.263179, 40.659701], [-117.264094, 40.660848], [-117.264618, 40.661611], [-117.265066, 40.662195], [-117.265733, 40.66312], [-117.266055, 40.663557], [-117.266378, 40.66398], [-117.267045, 40.664898], [-117.267765, 40.665853], [-117.268632, 40.667026], [-117.268753, 40.667229], [-117.268938, 40.667434], [-117.269459, 40.668134], [-117.269791, 40.668558], [-117.270259, 40.669227], [-117.270647, 40.669758], [-117.270864, 40.67012], [-117.271447, 40.670851], [-117.272033, 40.671603], [-117.273398, 40.673548], [-117.274679, 40.675254], [-117.276354, 40.677483], [-117.278187, 40.680027], [-117.280216, 40.682726], [-117.280615, 40.683256], [-117.280788, 40.68318], [-117.281028, 40.683049], [-117.281742, 40.682706], [-117.282054, 40.682547], [-117.282336, 40.682509], [-117.282594, 40.682506], [-117.282822, 40.682518], [-117.282976, 40.682457], [-117.283143, 40.68236], [-117.284467, 40.682997], [-117.284503, 40.683118], [-117.284995, 40.68312], [-117.285461, 40.68311], [-117.287397, 40.683096], [-117.288216, 40.683085], [-117.291483, 40.683059], [-117.292283, 40.683076], [-117.292659, 40.683111], [-117.292969, 40.683126], [-117.294209, 40.683132], [-117.29513, 40.683129], [-117.295853, 40.683139], [-117.296227, 40.683154], [-117.296374, 40.683129], [-117.297109, 40.683114], [-117.297309, 40.683117], [-117.297505, 40.683114], [-117.297829, 40.683062], [-117.298833, 40.683034], [-117.29969, 40.683037], [-117.300433, 40.683064], [-117.300726, 40.683079], [-117.300894, 40.683103], [-117.30098, 40.683109]]}, "props": {"MTFCC": "S1400", "NAME": null}}, {"geom": {"type": "LineString", "coordinates": [[-117.181452, 40.714826], [-117.181541, 40.714776], [-117.181914, 40.714591]]}, "props": {"MTFCC": "S1400", "NAME": null}}, {"geom": {"type": "LineString", "coordinates": [[-117.177216, 40.713395], [-117.17741, 40.714668], [-117.177402, 40.716962], [-117.177259, 40.717689], [-117.177348, 40.720756], [-117.17756791224862, 40.7247]]}, "props": {"MTFCC": "S1400", "NAME": null}}, {"geom": {"type": "LineString", "coordinates": [[-117.201767, 40.711435], [-117.201829, 40.711446], [-117.202074, 40.711485], [-117.20227, 40.711546], [-117.20243, 40.711628], [-117.202569, 40.711722], [-117.202791, 40.711848], [-117.202934, 40.711936]]}, "props": {"MTFCC": "S1400", "NAME": null}}, {"geom": {"type": "LineString", "coordinates": [[-117.202667, 40.711407], [-117.202686, 40.711466], [-117.202789, 40.711723], [-117.202934, 40.711936]]}, "props": {"MTFCC": "S1400", "NAME": null}}, {"geom": {"type": "LineString", "coordinates": [[-117.1997, 40.708391], [-117.199652, 40.708603], [-117.199626, 40.708819], [-117.19956, 40.708929], [-117.199433, 40.709069], [-117.199321, 40.709297], [-117.199217, 40.709432], [-117.19901, 40.709601], [-117.19883, 40.709782], [-117.198735, 40.709967], [-117.198509, 40.710607], [-117.198502, 40.710828]]}, "props": {"MTFCC": "S1400", "NAME": null}}, {"geom": {"type": "LineString", "coordinates": [[-117.174167, 40.666919], [-117.174282, 40.66703], [-117.174433, 40.667209], [-117.174535, 40.667289], [-117.174626, 40.667352], [-117.175271, 40.667967], [-117.175389, 40.668058], [-117.175527, 40.668147], [-117.175761, 40.668277], [-117.175854, 40.668316], [-117.176263, 40.668441], [-117.177489, 40.668726], [-117.177681, 40.668785], [-117.177811, 40.668838], [-117.177944, 40.668899], [-117.178084, 40.668973], [-117.178164, 40.669008], [-117.178371, 40.669101], [-117.17842, 40.66913], [-117.1785, 40.669191], [-117.178838, 40.669521], [-117.178952, 40.669645], [-117.179097, 40.669841], [-117.179482, 40.670281], [-117.179755, 40.670519], [-117.180109, 40.670843], [-117.180233, 40.670989], [-117.180269, 40.671041], [-117.180336, 40.671155], [-117.180432, 40.671335], [-117.18059, 40.671751], [-117.18078, 40.672143], [-117.180856, 40.672323], [-117.180904, 40.672473], [-117.180937, 40.672629], [-117.180986, 40.672828], [-117.181038, 40.672979], [-117.181227, 40.673336], [-117.181303, 40.673486], [-117.181363, 40.673604], [-117.181393, 40.673701], [-117.181423, 40.673887], [-117.181469, 40.674004], [-117.181531, 40.674113], [-117.181756, 40.674424], [-117.181791, 40.674488], [-117.181821, 40.674693], [-117.181843, 40.674804], [-117.181882, 40.674905], [-117.181896, 40.674964], [-117.181904, 40.675026], [-117.181901, 40.675177], [-117.181917, 40.675288], [-117.181941, 40.675357], [-117.182001, 40.675464], [-117.182177, 40.675853], [-117.182308, 40.67622], [-117.182329, 40.676349], [-117.18238, 40.676755], [-117.182401, 40.676877], [-117.182515, 40.677256], [-117.182559, 40.677422], [-117.182592, 40.677633], [-117.182611, 40.677801], [-117.182616, 40.677891], [-117.182613, 40.678033], [-117.182591, 40.6782], [-117.182591, 40.678257], [-117.18261, 40.678369], [-117.182653, 40.678537], [-117.182774, 40.679173], [-117.182779, 40.679325], [-117.182756, 40.679487], [-117.182773, 40.680078], [-117.182744, 40.681253], [-117.182723, 40.681473], [-117.182724, 40.681875], [-117.182771, 40.682098], [-117.182814, 40.682252], [-117.182831, 40.682348], [-117.182835, 40.682451], [-117.182829, 40.682662], [-117.182797, 40.682853], [-117.182789, 40.682966], [-117.182791, 40.683023], [-117.1828, 40.683076], [-117.182884, 40.683234], [-117.182943, 40.683317], [-117.183096, 40.683458], [-117.183155, 40.683497], [-117.183228, 40.683578], [-117.183249, 40.683613], [-117.183263, 40.683665], [-117.183301, 40.683929], [-117.183418, 40.684352], [-117.183656, 40.684904], [-117.183778, 40.685107], [-117.183815, 40.685156], [-117.184033, 40.685389], [-117.184102, 40.685504], [-117.18412, 40.685564], [-117.184136, 40.685789], [-117.184165, 40.685995], [-117.184188, 40.686084], [-117.184266, 40.686316], [-117.184318, 40.686556], [-117.184331, 40.686673], [-117.18441, 40.68707], [-117.184476, 40.687271], [-117.184614, 40.687551], [-117.184848, 40.687922], [-117.184944, 40.688099], [-117.184981, 40.688187], [-117.185001, 40.688248], [-117.185004, 40.688311], [-117.184955, 40.688601], [-117.184923, 40.688732], [-117.184861, 40.689097], [-117.1848, 40.689506], [-117.184725, 40.690305], [-117.184646, 40.690729], [-117.184633, 40.690858], [-117.184638, 40.690952], [-117.184655, 40.691089], [-117.184651, 40.691195], [-117.184623, 40.691402], [-117.184499, 40.691857], [-117.184405, 40.692115], [-117.18427, 40.692377], [-117.184195, 40.692543], [-117.184175, 40.692611], [-117.184163, 40.692686], [-117.184157, 40.692824], [-117.184162, 40.693083], [-117.184154, 40.693192], [-117.184138, 40.693266], [-117.184101, 40.693401], [-117.184062, 40.693608], [-117.184009, 40.694133], [-117.183976, 40.694635], [-117.183962, 40.694745], [-117.183888, 40.695153], [-117.183858, 40.695499], [-117.183838, 40.69593], [-117.183807, 40.69634], [-117.183814, 40.696617], [-117.183811, 40.697135], [-117.183821, 40.697253], [-117.183839, 40.697332], [-117.183954, 40.697634], [-117.183979, 40.697727], [-117.184002, 40.697844], [-117.184099, 40.698231], [-117.184261, 40.698791], [-117.184476, 40.699442], [-117.184565, 40.699755], [-117.184597, 40.699953], [-117.18461, 40.700089], [-117.184623, 40.700428], [-117.18461, 40.700727], [-117.184569, 40.701195], [-117.184538, 40.701792], [-117.184515, 40.702025], [-117.18444, 40.702549], [-117.184371, 40.703233], [-117.18434, 40.703448], [-117.184315, 40.703555], [-117.184173, 40.704078], [-117.184129, 40.704264], [-117.184117, 40.704345], [-117.184113, 40.704428], [-117.184099, 40.704521], [-117.184063, 40.704692], [-117.183987, 40.704832], [-117.183744, 40.705212], [-117.183517, 40.705556], [-117.183388, 40.705771], [-117.182977, 40.706544], [-117.182961, 40.706601], [-117.182947, 40.706701], [-117.182912, 40.706792], [-117.182843, 40.706926], [-117.182749, 40.707066], [-117.18269, 40.707167], [-117.182357, 40.707887], [-117.182254, 40.708151], [-117.18223, 40.708246], [-117.182179, 40.708575], [-117.182064, 40.709506], [-117.181946, 40.709902], [-117.181866, 40.710298], [-117.181838, 40.710407], [-117.181776, 40.710798], [-117.181746, 40.711139], [-117.181726, 40.71145], [-117.181722, 40.71165], [-117.181727, 40.711765], [-117.181742, 40.711904], [-117.181733, 40.712247], [-117.181671, 40.713075], [-117.181796, 40.713091], [-117.182004, 40.713124], [-117.182139, 40.713141], [-117.182473, 40.71316], [-117.182689, 40.713157], [-117.182846, 40.713133], [-117.183589, 40.712927]]}, "props": {"MTFCC": "S1400", "NAME": null}}, {"geom": {"type": "LineString", "coordinates": [[-117.088876, 40.695384], [-117.089174, 40.695309], [-117.089352, 40.695277], [-117.089437, 40.695268], [-117.089706, 40.695253], [-117.090314, 40.695198], [-117.090711, 40.695157], [-117.091081, 40.695107], [-117.091441, 40.69508], [-117.091919, 40.695021], [-117.092171, 40.695006], [-117.092481, 40.69502], [-117.092606, 40.695036], [-117.09265, 40.695056], [-117.092778, 40.695141], [-117.092847, 40.695175], [-117.092891, 40.695182], [-117.092944, 40.695165], [-117.09311, 40.69507], [-117.093168, 40.695041], [-117.093295, 40.695005], [-117.093617, 40.694952], [-117.093843, 40.694933], [-117.093915, 40.694933], [-117.093949, 40.694943], [-117.093993, 40.694971], [-117.094018, 40.695016], [-117.094046, 40.695083], [-117.094056, 40.695131], [-117.094044, 40.695188], [-117.094012, 40.695243], [-117.093953, 40.695317], [-117.093765, 40.69551], [-117.093559, 40.69576], [-117.093509, 40.695837], [-117.093409, 40.695963], [-117.093318, 40.696051], [-117.093256, 40.696095], [-117.093127, 40.696166], [-117.092868, 40.696292]]}, "props": {"MTFCC": "S1400", "NAME": null}}, {"geom": {"type": "LineString", "coordinates": [[-117.184565, 40.699755], [-117.185007, 40.69983], [-117.18527, 40.699879], [-117.185342, 40.699884], [-117.185574, 40.699858], [-117.186222, 40.699734], [-117.186559, 40.699683], [-117.186799, 40.699627], [-117.187048, 40.699607], [-117.187266, 40.699641], [-117.187495, 40.699662], [-117.187691, 40.699666], [-117.187918, 40.699606], [-117.188114, 40.699499], [-117.188246, 40.699405], [-117.188762, 40.69936], [-117.189643, 40.699326], [-117.189859, 40.699392], [-117.19021, 40.699572], [-117.19036, 40.69971], [-117.190517, 40.699864], [-117.190628, 40.700061], [-117.190923, 40.700497], [-117.191069, 40.700674], [-117.191283, 40.70086], [-117.19153, 40.701018], [-117.192046, 40.701258], [-117.192269, 40.701435], [-117.192492, 40.701566], [-117.192574, 40.701658], [-117.192798, 40.701874], [-117.192967, 40.701996], [-117.19334, 40.702216], [-117.193518, 40.70227], [-117.193754, 40.702354], [-117.193912, 40.702401], [-117.19432, 40.702661], [-117.194519, 40.702824], [-117.194693, 40.702985], [-117.194826, 40.703125]]}, "props": {"MTFCC": "S1400", "NAME": null}}, {"geom": {"type": "LineString", "coordinates": [[-117.088876, 40.695384], [-117.08853, 40.695504], [-117.088368, 40.695566], [-117.088311, 40.695578], [-117.088249, 40.695585], [-117.088139, 40.69559], [-117.087831, 40.695595], [-117.087462, 40.695572], [-117.087341, 40.695572], [-117.087181, 40.695588], [-117.08698, 40.695632], [-117.086458, 40.695778], [-117.086344, 40.695806], [-117.086229, 40.695825], [-117.086071, 40.695842], [-117.085888, 40.695845], [-117.085734, 40.695834], [-117.085578, 40.695811], [-117.085458, 40.69578], [-117.085346, 40.695742], [-117.085203, 40.695677], [-117.085134, 40.695626], [-117.0851, 40.695586], [-117.084914, 40.695234]]}, "props": {"MTFCC": "S1400", "NAME": null}}, {"geom": {"type": "LineString", "coordinates": [[-117.181655, 40.713557], [-117.181658, 40.71364], [-117.181636, 40.71414], [-117.181599, 40.714436]]}, "props": {"MTFCC": "S1400", "NAME": null}}, {"geom": {"type": "LineString", "coordinates": [[-117.094028, 40.66264], [-117.094269, 40.662737], [-117.095325, 40.662664], [-117.095416, 40.662758], [-117.095117, 40.662926], [-117.094429, 40.663099], [-117.0944, 40.663263], [-117.094551, 40.663359], [-117.095728, 40.663563], [-117.095699, 40.663774], [-117.094951, 40.664157], [-117.094683, 40.66444], [-117.094838, 40.66526], [-117.093643, 40.666231], [-117.093556, 40.666676], [-117.093681, 40.667567], [-117.093591, 40.667661], [-117.092334, 40.668052], [-117.091827, 40.668339]]}, "props": {"MTFCC": "S1400", "NAME": null}}, {"geom": {"type": "LineString", "coordinates": [[-117.254754, 40.632164], [-117.254614, 40.633221]]}, "props": {"MTFCC": "S1400", "NAME": null}}, {"geom": {"type": "LineString", "coordinates": [[-117.262709, 40.625257], [-117.263004, 40.626531], [-117.263466, 40.629218], [-117.263773, 40.63091], [-117.263902, 40.631514], [-117.264003, 40.631822]]}, "props": {"MTFCC": "S1400", "NAME": null}}, {"geom": {"type": "LineString", "coordinates": [[-117.072147, 40.713085], [-117.072757, 40.713472], [-117.073236, 40.713762], [-117.073578, 40.713993], [-117.073876, 40.714188], [-117.074581, 40.714612], [-117.075017, 40.714869], [-117.076369, 40.715697], [-117.077048, 40.716136], [-117.077349, 40.716315], [-117.077863, 40.716598], [-117.078017, 40.716698], [-117.078153, 40.716792], [-117.078309, 40.7169], [-117.079294, 40.717493], [-117.080061, 40.717981], [-117.08055, 40.718297], [-117.080941, 40.718539]]}, "props": {"MTFCC": "S1400", "NAME": null}}, {"geom": {"type": "LineString", "coordinates": [[-117.025262, 40.648045], [-117.025472, 40.648156], [-117.025559, 40.648209], [-117.025695, 40.648284], [-117.026635, 40.648701], [-117.027262, 40.64903], [-117.027373, 40.649075], [-117.027467, 40.649101], [-117.027542, 40.649116], [-117.027643, 40.649123], [-117.027741, 40.649141], [-117.027825, 40.649165], [-117.02798, 40.649231], [-117.028425, 40.649453], [-117.028618, 40.64956], [-117.028984, 40.64968], [-117.029174, 40.649732], [-117.029286, 40.649753], [-117.029452, 40.64979], [-117.030386, 40.650057], [-117.031302, 40.650327], [-117.031814, 40.65045], [-117.032075, 40.650503], [-117.032454, 40.650555], [-117.033046, 40.650647], [-117.033208, 40.65065], [-117.033582, 40.650631], [-117.033775, 40.650636], [-117.033972, 40.650631], [-117.034193, 40.650631], [-117.034513, 40.650646], [-117.034719, 40.650644], [-117.034864, 40.650634], [-117.035044, 40.650616], [-117.035313, 40.650599], [-117.035896, 40.650551], [-117.036086, 40.650556], [-117.036224, 40.650566], [-117.036356, 40.650589], [-117.036454, 40.650611], [-117.036637, 40.650677], [-117.036905, 40.650813], [-117.037012, 40.650859], [-117.037127, 40.650896], [-117.037258, 40.650924], [-117.037572, 40.650966], [-117.037683, 40.650969], [-117.037806, 40.650959], [-117.038036, 40.650929], [-117.038141, 40.650927], [-117.038231, 40.650932], [-117.038853, 40.651033], [-117.039042, 40.651067], [-117.039242, 40.651086], [-117.039322, 40.651088], [-117.039964, 40.651068], [-117.040362, 40.651029], [-117.040737, 40.650971], [-117.040855, 40.650962], [-117.040975, 40.650958], [-117.04123, 40.650968], [-117.041835, 40.651014], [-117.041997, 40.651033], [-117.042249, 40.651051], [-117.042542, 40.650997], [-117.042791, 40.650978], [-117.043237, 40.650966]]}, "props": {"MTFCC": "S1400", "NAME": null}}, {"geom": {"type": "LineString", "coordinates": [[-117.037875, 40.692016], [-117.038237, 40.692219], [-117.038381, 40.692305]]}, "props": {"MTFCC": "S1400", "NAME": null}}, {"geom": {"type": "LineString", "coordinates": [[-117.080053, 40.687517], [-117.08022, 40.687624], [-117.080373, 40.687736], [-117.080467, 40.687795], [-117.080658, 40.687898], [-117.080849, 40.688019], [-117.080934, 40.688081], [-117.080981, 40.688126], [-117.081005, 40.688171], [-117.081075, 40.688408], [-117.081104, 40.688472], [-117.081157, 40.688532], [-117.081213, 40.688586], [-117.081458, 40.68877], [-117.081652, 40.688984], [-117.081695, 40.689014], [-117.081746, 40.689032], [-117.081821, 40.689048], [-117.081897, 40.689053], [-117.082022, 40.689049]]}, "props": {"MTFCC": "S1400", "NAME": null}}, {"geom": {"type": "LineString", "coordinates": [[-117.081554, 40.683705], [-117.081342, 40.683754], [-117.081163, 40.683783], [-117.080768, 40.683826], [-117.080277, 40.683863], [-117.080119, 40.683884], [-117.079667, 40.683958], [-117.079256, 40.684035], [-117.079043, 40.684083], [-117.078592, 40.684193], [-117.078341, 40.68426], [-117.07814, 40.684327], [-117.077946, 40.684403], [-117.077748, 40.684487], [-117.077375, 40.684657], [-117.077244, 40.684712], [-117.077187, 40.684747], [-117.077071, 40.684857], [-117.076971, 40.684974], [-117.076836, 40.685101], [-117.076764, 40.685149], [-117.076702, 40.685182], [-117.076639, 40.685206], [-117.076592, 40.685218], [-117.076532, 40.685228], [-117.076479, 40.685228], [-117.076341, 40.685216], [-117.075844, 40.685133]]}, "props": {"MTFCC": "S1400", "NAME": null}}, {"geom": {"type": "LineString", "coordinates": [[-117.088988, 40.679167], [-117.088709, 40.679351], [-117.088582, 40.679445], [-117.088476, 40.679514], [-117.088386, 40.67958], [-117.088187, 40.679737], [-117.088097, 40.679823], [-117.087918, 40.680036], [-117.087493, 40.680619], [-117.087416, 40.680718], [-117.087389, 40.6808], [-117.087383, 40.680943], [-117.087403, 40.681141], [-117.087461, 40.681473], [-117.087464, 40.681537], [-117.087461, 40.681599], [-117.087452, 40.681631], [-117.087404, 40.681688], [-117.087378, 40.681709], [-117.087343, 40.681727], [-117.087308, 40.681738], [-117.087257, 40.681748], [-117.086978, 40.68177], [-117.086755, 40.681797], [-117.086652, 40.68182], [-117.086301, 40.681915], [-117.086076, 40.681984], [-117.085888, 40.682051], [-117.085794, 40.682092], [-117.085519, 40.68223], [-117.085381, 40.68229], [-117.085237, 40.682366], [-117.085009, 40.682495], [-117.084693, 40.682693], [-117.084575, 40.682792], [-117.084546, 40.682843], [-117.084524, 40.682903], [-117.0845, 40.683009], [-117.08448, 40.683058], [-117.084447, 40.68311], [-117.084377, 40.683189], [-117.084346, 40.683235], [-117.084305, 40.68332], [-117.083925, 40.683198], [-117.083751, 40.683148], [-117.083495, 40.683093], [-117.083434, 40.683086], [-117.083374, 40.683085], [-117.083305, 40.683096], [-117.083236, 40.683112], [-117.083159, 40.683159], [-117.083078, 40.683221], [-117.082961, 40.683296], [-117.082862, 40.683351], [-117.082737, 40.683409], [-117.082597, 40.683468], [-117.082487, 40.683495], [-117.082373, 40.683518], [-117.081964, 40.683577], [-117.081873, 40.6836], [-117.081554, 40.683705]]}, "props": {"MTFCC": "S1400", "NAME": null}}, {"geom": {"type": "LineString", "coordinates": [[-117.080319, 40.6808], [-117.080234, 40.680837], [-117.080187, 40.680862], [-117.080092, 40.680904], [-117.080011, 40.680935], [-117.079913, 40.68096], [-117.079821, 40.680965], [-117.07972, 40.680958]]}, "props": {"MTFCC": "S1400", "NAME": null}}, {"geom": {"type": "LineString", "coordinates": [[-117.09251, 40.674289], [-117.092387, 40.674402], [-117.092271, 40.674484], [-117.092001, 40.674687], [-117.091748, 40.674859], [-117.091666, 40.674909], [-117.091557, 40.674966], [-117.091457, 40.675009], [-117.091309, 40.675066], [-117.090609, 40.675321], [-117.090275, 40.675435], [-117.090111, 40.675482], [-117.089973, 40.67551], [-117.089827, 40.675525], [-117.08967, 40.675558], [-117.089611, 40.675578], [-117.089416, 40.675657], [-117.08923, 40.675708], [-117.089116, 40.675751], [-117.089035, 40.675803], [-117.088974, 40.675859], [-117.088575, 40.676304], [-117.088674, 40.676274], [-117.08874, 40.676244], [-117.088837, 40.676181], [-117.088874, 40.676148], [-117.088956, 40.676059], [-117.089024, 40.676007], [-117.089105, 40.675956], [-117.089215, 40.675902], [-117.089268, 40.675888], [-117.089309, 40.675883], [-117.089356, 40.67589], [-117.089389, 40.675912], [-117.089463, 40.67598], [-117.089516, 40.676007], [-117.089596, 40.67604], [-117.089644, 40.676071], [-117.089672, 40.676109], [-117.089714, 40.676249], [-117.089773, 40.676369], [-117.089889, 40.676576], [-117.089932, 40.676674], [-117.089972, 40.6768], [-117.089971, 40.676879], [-117.089949, 40.676924], [-117.089862, 40.677041], [-117.089846, 40.677075], [-117.089843, 40.67711], [-117.089855, 40.677142], [-117.089879, 40.677156], [-117.089921, 40.677172], [-117.089971, 40.677179], [-117.090425, 40.677179], [-117.09087, 40.677166], [-117.090948, 40.677176], [-117.091045, 40.677199], [-117.091307, 40.67729], [-117.091556, 40.677402], [-117.091748, 40.677474], [-117.091771, 40.677491], [-117.091785, 40.677515], [-117.091793, 40.677544], [-117.091789, 40.677649], [-117.091757, 40.677897], [-117.091744, 40.678146], [-117.091723, 40.678338], [-117.091698, 40.678386], [-117.091667, 40.678422], [-117.09157, 40.678517], [-117.091514, 40.678589], [-117.091473, 40.678658], [-117.091442, 40.678734], [-117.091429, 40.678806], [-117.091444, 40.678953], [-117.091461, 40.679015], [-117.091486, 40.679077], [-117.091549, 40.679175], [-117.091596, 40.679236], [-117.091623, 40.679301], [-117.091627, 40.679366], [-117.091554, 40.67966], [-117.091465, 40.679859], [-117.091453, 40.679914], [-117.09145, 40.679965], [-117.091454, 40.680002], [-117.091472, 40.680067], [-117.09152, 40.680165], [-117.091547, 40.680212], [-117.091594, 40.680264], [-117.091663, 40.680331], [-117.091779, 40.680414], [-117.091873, 40.680529], [-117.091911, 40.6806], [-117.091975, 40.680743], [-117.092011, 40.680784], [-117.092083, 40.680815], [-117.092121, 40.680838], [-117.092136, 40.680865], [-117.092134, 40.68091], [-117.092123, 40.680927], [-117.092088, 40.680946], [-117.092063, 40.680951], [-117.092039, 40.68095], [-117.092014, 40.680944], [-117.091994, 40.680932], [-117.091822, 40.680692], [-117.091777, 40.680652], [-117.091651, 40.680596], [-117.091185, 40.680404], [-117.091078, 40.680339], [-117.091031, 40.680301], [-117.091001, 40.680261], [-117.090949, 40.680109], [-117.090814, 40.679817], [-117.090761, 40.67966], [-117.090757, 40.679543], [-117.090743, 40.679455], [-117.09071, 40.679426], [-117.090676, 40.679405], [-117.090591, 40.679386], [-117.090394, 40.679326], [-117.090312, 40.679288], [-117.090206, 40.67923], [-117.090136, 40.679176], [-117.090051, 40.67908], [-117.089993, 40.679029], [-117.089945, 40.679002], [-117.089888, 40.678978], [-117.089665, 40.678958], [-117.089576, 40.678945], [-117.089463, 40.678922], [-117.0891, 40.6788], [-117.088911, 40.678743], [-117.088759, 40.678681], [-117.088744, 40.678723], [-117.088738, 40.678787], [-117.088768, 40.678972], [-117.088783, 40.679002], [-117.088826, 40.67905], [-117.088988, 40.679167]]}, "props": {"MTFCC": "S1400", "NAME": null}}, {"geom": {"type": "LineString", "coordinates": [[-117.035255, 40.694978], [-117.03522, 40.695032], [-117.035152, 40.695108], [-117.03463, 40.69557], [-117.034465, 40.695695], [-117.034273, 40.69583], [-117.033742, 40.696179], [-117.033438, 40.696364], [-117.033249, 40.696474], [-117.032965, 40.696651], [-117.030009, 40.69841], [-117.029684, 40.69861], [-117.029225, 40.698872], [-117.028417, 40.699346], [-117.028082, 40.699552], [-117.026775, 40.700326], [-117.026412, 40.700534], [-117.025965, 40.700793], [-117.025564, 40.701026], [-117.024894, 40.701433], [-117.02456, 40.701629], [-117.024381, 40.701734], [-117.024164, 40.701847], [-117.024011, 40.701934], [-117.023341, 40.702299], [-117.022736, 40.702611], [-117.021394, 40.703359], [-117.021186, 40.703464], [-117.020463, 40.703865], [-117.019666, 40.704291], [-117.019012, 40.704655], [-117.018797, 40.704757], [-117.01865, 40.704833], [-117.018615, 40.704854]]}, "props": {"MTFCC": "S1400", "NAME": null}}, {"geom": {"type": "LineString", "coordinates": [[-117.018635, 40.680342], [-117.018923, 40.680514], [-117.01943, 40.680762], [-117.019496, 40.680803], [-117.01959, 40.680879], [-117.019649, 40.680921], [-117.02037, 40.681346]]}, "props": {"MTFCC": "S1400", "NAME": null}}, {"geom": {"type": "LineString", "coordinates": [[-117.082022, 40.689049], [-117.082174, 40.689035], [-117.082306, 40.689032], [-117.082453, 40.689035], [-117.082544, 40.689027], [-117.082695, 40.688985], [-117.082872, 40.68892], [-117.082988, 40.688882], [-117.083066, 40.688867], [-117.083135, 40.68886], [-117.083494, 40.688886], [-117.08384, 40.688895], [-117.083925, 40.688903], [-117.084009, 40.688917], [-117.084085, 40.688944], [-117.084321, 40.689078], [-117.08441, 40.689133], [-117.084482, 40.689169], [-117.08456, 40.689193], [-117.084867, 40.689238], [-117.085065, 40.689297], [-117.085149, 40.689338], [-117.085281, 40.689393], [-117.085463, 40.689478], [-117.085582, 40.689528], [-117.085826, 40.689645], [-117.086077, 40.689797]]}, "props": {"MTFCC": "S1400", "NAME": null}}, {"geom": {"type": "LineString", "coordinates": [[-117.064997, 40.672986], [-117.065081, 40.673167], [-117.065166, 40.673322], [-117.065238, 40.673434], [-117.065288, 40.673522], [-117.065335, 40.673638], [-117.065386, 40.673994], [-117.065405, 40.674065], [-117.065423, 40.674113], [-117.065549, 40.674315]]}, "props": {"MTFCC": "S1400", "NAME": null}}, {"geom": {"type": "LineString", "coordinates": [[-117.091655, 40.67295], [-117.091655, 40.672972], [-117.091662, 40.67299], [-117.091675, 40.673005], [-117.091699, 40.673018], [-117.091843, 40.673056], [-117.091999, 40.673087], [-117.092372, 40.673146], [-117.092538, 40.673165], [-117.092632, 40.673167], [-117.09292, 40.673164], [-117.093486, 40.673121], [-117.093759, 40.673073], [-117.093871, 40.673061], [-117.093953, 40.673061], [-117.094012, 40.67307], [-117.094094, 40.67309], [-117.094163, 40.673114], [-117.09426, 40.673148], [-117.094278, 40.67316], [-117.094298, 40.673184], [-117.094303, 40.673217], [-117.094297, 40.673236]]}, "props": {"MTFCC": "S1400", "NAME": null}}, {"geom": {"type": "LineString", "coordinates": [[-117.061595, 40.655686], [-117.061403, 40.655772], [-117.061269, 40.655842], [-117.060946, 40.656036], [-117.060864, 40.656081], [-117.060622, 40.656186], [-117.060471, 40.656247], [-117.06032, 40.656296], [-117.06021, 40.656346], [-117.060107, 40.656403], [-117.060044, 40.656453], [-117.059908, 40.656574], [-117.059848, 40.65661], [-117.05976, 40.656648], [-117.059257, 40.656826], [-117.059145, 40.656875], [-117.058936, 40.65699], [-117.05883, 40.657069], [-117.058716, 40.657143], [-117.058483, 40.65728], [-117.058403, 40.657334], [-117.058291, 40.657464], [-117.058259, 40.65751], [-117.058213, 40.657561], [-117.058164, 40.657604], [-117.058112, 40.657638], [-117.058049, 40.657671], [-117.057823, 40.657755], [-117.057747, 40.6578], [-117.057686, 40.65785], [-117.057614, 40.657934], [-117.057582, 40.657997], [-117.057567, 40.658065], [-117.057569, 40.658177], [-117.057577, 40.658237], [-117.057598, 40.658304], [-117.057653, 40.658405], [-117.05778, 40.658582], [-117.05795, 40.658887], [-117.058007, 40.658972], [-117.058514, 40.659578], [-117.058613, 40.659707], [-117.058747, 40.659944], [-117.058932, 40.66032], [-117.05898, 40.660403], [-117.059044, 40.660484], [-117.059226, 40.660668], [-117.059295, 40.660758], [-117.05935, 40.660846], [-117.059401, 40.660947], [-117.059524, 40.661235], [-117.059575, 40.661431], [-117.059596, 40.661572], [-117.05962, 40.661987], [-117.059633, 40.662475], [-117.059618, 40.662618], [-117.059594, 40.662724], [-117.059419, 40.663246], [-117.059392, 40.66337], [-117.059345, 40.663679], [-117.059314, 40.663815], [-117.059253, 40.66403], [-117.05951, 40.664264], [-117.059773, 40.664534], [-117.059899, 40.664651], [-117.059995, 40.664731], [-117.060189, 40.664881], [-117.060306, 40.664984], [-117.060516, 40.665206], [-117.060567, 40.665254], [-117.060833, 40.665457], [-117.061314, 40.665788], [-117.061484, 40.66591], [-117.061808, 40.666122], [-117.062372, 40.666464], [-117.062801, 40.666742], [-117.063284, 40.66698], [-117.063505, 40.667085], [-117.063829, 40.667217], [-117.064541, 40.667522], [-117.064933, 40.667702], [-117.065159, 40.667822], [-117.065445, 40.667994], [-117.065854, 40.668252]]}, "props": {"MTFCC": "S1400", "NAME": null}}, {"geom": {"type": "LineString", "coordinates": [[-117.058663, 40.651532], [-117.058516, 40.651602], [-117.057733, 40.651912], [-117.057624, 40.651955], [-117.057413, 40.652047], [-117.057297, 40.652093], [-117.057026, 40.652218], [-117.056888, 40.652255], [-117.056605, 40.652343], [-117.056454, 40.652399], [-117.056173, 40.652532], [-117.056113, 40.652565], [-117.056049, 40.652594], [-117.055878, 40.652653], [-117.05579, 40.652679], [-117.055332, 40.652839], [-117.055256, 40.652856], [-117.05507, 40.652881], [-117.054995, 40.652897], [-117.054909, 40.65291], [-117.054737, 40.65295], [-117.054315, 40.653073], [-117.054151, 40.653131], [-117.053958, 40.653211], [-117.053836, 40.653257], [-117.053665, 40.653306], [-117.053331, 40.653384]]}, "props": {"MTFCC": "S1400", "NAME": null}}, {"geom": {"type": "LineString", "coordinates": [[-117.052675, 40.651561], [-117.053822, 40.651676], [-117.054199, 40.651701], [-117.05454, 40.651699], [-117.055069, 40.651731], [-117.055207, 40.651732], [-117.055898, 40.651705], [-117.056263, 40.651684], [-117.05677, 40.651647], [-117.056871, 40.651644], [-117.057867, 40.651563], [-117.057991, 40.651565], [-117.058131, 40.651574]]}, "props": {"MTFCC": "S1400", "NAME": null}}, {"geom": {"type": "LineString", "coordinates": [[-117.061447, 40.645217], [-117.059366, 40.645886]]}, "props": {"MTFCC": "S1400", "NAME": null}}, {"geom": {"type": "LineString", "coordinates": [[-117.060065, 40.647986], [-117.059804, 40.648134], [-117.05949, 40.64836], [-117.059447, 40.648411], [-117.059361, 40.648544], [-117.059247, 40.648757], [-117.059159, 40.648911], [-117.059148, 40.648961], [-117.05915, 40.649006], [-117.059161, 40.649048], [-117.059266, 40.649269], [-117.059291, 40.649342], [-117.059303, 40.649422], [-117.059305, 40.649519], [-117.05928, 40.649849], [-117.059262, 40.650016], [-117.059233, 40.650133], [-117.059201, 40.650232], [-117.059167, 40.650301], [-117.059083, 40.650416], [-117.058983, 40.650532], [-117.058813, 40.650681], [-117.058633, 40.650786], [-117.058558, 40.650819], [-117.05847, 40.650849], [-117.058383, 40.65089], [-117.058342, 40.65092], [-117.058308, 40.650953], [-117.058274, 40.650996], [-117.058249, 40.651046], [-117.058131, 40.651574]]}, "props": {"MTFCC": "S1400", "NAME": null}}, {"geom": {"type": "LineString", "coordinates": [[-117.072088, 40.671262], [-117.072199, 40.671225], [-117.07227, 40.671208], [-117.072338, 40.671198], [-117.072422, 40.671191], [-117.072533, 40.671192], [-117.072606, 40.671202], [-117.072681, 40.671219], [-117.072875, 40.671288], [-117.07296, 40.671322], [-117.073088, 40.671392], [-117.073193, 40.671468], [-117.07324, 40.671511], [-117.073275, 40.671555]]}, "props": {"MTFCC": "S1400", "NAME": null}}, {"geom": {"type": "LineString", "coordinates": [[-117.265934, 40.604577], [-117.265131, 40.606123], [-117.263908, 40.608636], [-117.263662, 40.609142], [-117.263065, 40.610139], [-117.262609, 40.611871], [-117.262621, 40.612521], [-117.262533, 40.612958], [-117.262525, 40.613452], [-117.262526, 40.613829], [-117.262441, 40.614227], [-117.2625, 40.614529], [-117.262556, 40.61487], [-117.262597, 40.615186], [-117.262672, 40.615435], [-117.26262, 40.615632], [-117.262455, 40.615747], [-117.262397, 40.615781], [-117.26226, 40.61586], [-117.261966, 40.615938], [-117.261614, 40.616073], [-117.261347, 40.61614], [-117.261094, 40.616247], [-117.260785, 40.616391], [-117.26053, 40.616518]]}, "props": {"MTFCC": "S1400", "NAME": null}}, {"geom": {"type": "LineString", "coordinates": [[-117.063989, 40.653947], [-117.064062, 40.654014], [-117.064161, 40.654116], [-117.064226, 40.654196], [-117.064347, 40.654364], [-117.064384, 40.654431], [-117.064444, 40.654575], [-117.064485, 40.654711], [-117.064531, 40.654923]]}, "props": {"MTFCC": "S1400", "NAME": null}}, {"geom": {"type": "LineString", "coordinates": [[-117.100515, 40.670072], [-117.100365, 40.670027], [-117.100069, 40.669968], [-117.099994, 40.669949], [-117.099849, 40.6699], [-117.099773, 40.669881], [-117.099698, 40.669868], [-117.099616, 40.66986], [-117.099548, 40.669849], [-117.099301, 40.669794], [-117.099231, 40.669787], [-117.099132, 40.669787], [-117.099008, 40.669796], [-117.098719, 40.669853], [-117.098674, 40.669855], [-117.098649, 40.669852], [-117.098626, 40.669841], [-117.098617, 40.669824], [-117.09862, 40.669802], [-117.098633, 40.669779], [-117.098659, 40.669749], [-117.09874, 40.669685], [-117.098803, 40.669626], [-117.098862, 40.669549], [-117.098911, 40.669472], [-117.098984, 40.669381], [-117.099035, 40.669329], [-117.099117, 40.669259], [-117.099134, 40.669232], [-117.099127, 40.669211], [-117.099103, 40.669205], [-117.098749, 40.66923], [-117.098589, 40.669234], [-117.098543, 40.669226], [-117.098523, 40.669216], [-117.098516, 40.669185], [-117.098537, 40.669145], [-117.098626, 40.669065], [-117.098718, 40.66897], [-117.098781, 40.668879], [-117.098826, 40.668805], [-117.098837, 40.668768], [-117.098834, 40.66875], [-117.098812, 40.668731], [-117.098788, 40.668726], [-117.098761, 40.668728], [-117.09866, 40.668755], [-117.098483, 40.668795], [-117.098119, 40.668847], [-117.097999, 40.668858], [-117.097797, 40.668858], [-117.097559, 40.668841]]}, "props": {"MTFCC": "S1400", "NAME": null}}, {"geom": {"type": "LineString", "coordinates": [[-117.167568, 40.718753], [-117.167756, 40.718776], [-117.167847, 40.718792], [-117.167934, 40.718812], [-117.168005, 40.718833], [-117.168078, 40.718865], [-117.168108, 40.718885], [-117.168148, 40.718922], [-117.168175, 40.718963], [-117.168183, 40.719011], [-117.168183, 40.719077], [-117.168177, 40.719129], [-117.168151, 40.719262], [-117.168085, 40.719494], [-117.168065, 40.71959], [-117.168054, 40.71973], [-117.168064, 40.719866], [-117.168076, 40.719911], [-117.168099, 40.719964], [-117.168125, 40.719996], [-117.168177, 40.720048], [-117.168332, 40.720155], [-117.168436, 40.72025], [-117.168474, 40.720296], [-117.168542, 40.720402], [-117.168604, 40.720533], [-117.168663, 40.720637], [-117.168693, 40.720678], [-117.168726, 40.720711], [-117.168764, 40.720737], [-117.168797, 40.720753], [-117.168874, 40.720775], [-117.169126, 40.720828], [-117.169231, 40.720863], [-117.169306, 40.720902], [-117.169334, 40.720923], [-117.169383, 40.720974], [-117.169442, 40.721067], [-117.169489, 40.721158], [-117.169548, 40.721318], [-117.16956, 40.72142], [-117.169543, 40.721596], [-117.169539, 40.721718], [-117.169547, 40.721759], [-117.169571, 40.721804], [-117.169594, 40.721831], [-117.169649, 40.721872], [-117.169877, 40.722006], [-117.169911, 40.722041], [-117.169983, 40.722149], [-117.170122, 40.722411], [-117.170209, 40.722593], [-117.170321, 40.722855], [-117.170369, 40.722989], [-117.1704, 40.723114], [-117.170413, 40.723202], [-117.17042, 40.723293], [-117.170527, 40.723935], [-117.17066326891334, 40.7247]]}, "props": {"MTFCC": "S1400", "NAME": null}}, {"geom": {"type": "LineString", "coordinates": [[-117.089746, 40.712416], [-117.089458, 40.712592], [-117.089286, 40.712707], [-117.088478, 40.713287], [-117.088322, 40.713408], [-117.088084, 40.713618], [-117.087845, 40.71383], [-117.087698, 40.713953], [-117.087425, 40.714203], [-117.08737, 40.71426], [-117.087097, 40.714684], [-117.08693, 40.714932], [-117.086844, 40.715083], [-117.086749, 40.715236], [-117.086646, 40.715382], [-117.086575, 40.715473], [-117.086489, 40.715557], [-117.086418, 40.715619], [-117.086342, 40.715671], [-117.086271, 40.71571], [-117.086199, 40.715723], [-117.086113, 40.715744], [-117.086059, 40.71577], [-117.085963, 40.715843], [-117.085861, 40.715984], [-117.085803, 40.716051], [-117.085673, 40.716171], [-117.085512, 40.716338], [-117.085364, 40.71647], [-117.085219, 40.716572], [-117.085109, 40.71664], [-117.084993, 40.716703], [-117.084658, 40.716867], [-117.084494, 40.716942], [-117.084008, 40.717143], [-117.083892, 40.717187], [-117.083786, 40.717219], [-117.083691, 40.71724], [-117.083585, 40.717255], [-117.083509, 40.717261], [-117.083393, 40.717263], [-117.083201, 40.717248], [-117.083106, 40.717237], [-117.082935, 40.717243], [-117.082867, 40.71726], [-117.082759, 40.71731], [-117.082576, 40.717428], [-117.082402, 40.717561], [-117.082244, 40.717662], [-117.082063, 40.717766], [-117.081903, 40.717847], [-117.081776, 40.717925], [-117.081452, 40.718165], [-117.081239, 40.718332], [-117.08111, 40.718433], [-117.081019, 40.718493], [-117.080941, 40.718539], [-117.0817, 40.718989], [-117.082653, 40.719599], [-117.082784, 40.719672], [-117.082988, 40.719794], [-117.083324, 40.719987], [-117.084242, 40.720532], [-117.084565, 40.720737], [-117.085029, 40.721041], [-117.086352, 40.721865], [-117.086716, 40.722101], [-117.08734, 40.72246], [-117.089949, 40.724069], [-117.090604, 40.724493], [-117.09092848648648, 40.7247]]}, "props": {"MTFCC": "S1400", "NAME": null}}, {"geom": {"type": "LineString", "coordinates": [[-117.558428, 40.701174], [-117.559297, 40.701023], [-117.55998, 40.701559], [-117.560282, 40.701945], [-117.560546, 40.702283], [-117.560648, 40.702678], [-117.5607, 40.704596], [-117.560707, 40.704858], [-117.560882, 40.705223], [-117.561, 40.70547], [-117.561146, 40.705453], [-117.56126, 40.705489], [-117.561358, 40.705521], [-117.56161, 40.705609], [-117.561891, 40.705694], [-117.562205, 40.705807], [-117.5624, 40.705862], [-117.562507, 40.705882], [-117.562641, 40.705892], [-117.562761, 40.705886], [-117.56298, 40.705885], [-117.563169, 40.705875], [-117.563411, 40.705894], [-117.563774, 40.705964], [-117.563956, 40.706045], [-117.564208, 40.706185], [-117.564469, 40.706338], [-117.564672, 40.706472], [-117.56485, 40.706606], [-117.565129, 40.70666], [-117.565478, 40.706715], [-117.565763, 40.706698], [-117.565946, 40.706707], [-117.566086, 40.706706], [-117.566295, 40.706753], [-117.56652, 40.706874], [-117.566799, 40.707042], [-117.567035, 40.707197], [-117.567145, 40.707248], [-117.56727, 40.707363], [-117.567368, 40.70744], [-117.567422, 40.707514], [-117.567461, 40.707592], [-117.567612, 40.707743], [-117.56771, 40.707823], [-117.567724, 40.707877], [-117.567729, 40.707896], [-117.567712, 40.707982], [-117.567671, 40.708063], [-117.56765, 40.708138], [-117.567674, 40.708272], [-117.567771, 40.708484], [-117.56778, 40.70861], [-117.567779, 40.708689], [-117.567762, 40.708775], [-117.567756, 40.708851], [-117.567784, 40.708935], [-117.56778, 40.709037], [-117.567767, 40.709135], [-117.56778, 40.70923], [-117.567806, 40.709334], [-117.567856, 40.709397], [-117.567943, 40.709427], [-117.568071, 40.709437], [-117.568217, 40.709414], [-117.568397, 40.7094], [-117.568561, 40.709411], [-117.568733, 40.709431], [-117.568973, 40.70948], [-117.569226, 40.709488], [-117.569381, 40.70948], [-117.569557, 40.709507], [-117.569944, 40.709582], [-117.570204, 40.709572], [-117.570334, 40.709563], [-117.570502, 40.709575], [-117.570642, 40.709562], [-117.571156, 40.709609], [-117.571383, 40.70962], [-117.571562, 40.709621], [-117.571757, 40.709615], [-117.571938, 40.709593], [-117.572163, 40.709577], [-117.572314, 40.709558], [-117.57244, 40.709537], [-117.572539, 40.709534], [-117.572703, 40.709538], [-117.573099, 40.709561], [-117.573263, 40.709561], [-117.573478, 40.709552], [-117.573752, 40.709546], [-117.573921, 40.70955], [-117.574029, 40.709559], [-117.574164, 40.709611], [-117.574295, 40.709655], [-117.574422, 40.709688], [-117.57456, 40.709705], [-117.574734, 40.709695], [-117.575007, 40.709651], [-117.575106, 40.709648], [-117.575203, 40.709679], [-117.575273, 40.709739], [-117.575332, 40.709814], [-117.575361, 40.709883], [-117.575431, 40.709932], [-117.575499, 40.709958], [-117.575578, 40.709961], [-117.575684, 40.709944], [-117.575892, 40.709889], [-117.575998, 40.709879], [-117.576086, 40.709891], [-117.576195, 40.709957], [-117.576346, 40.710066], [-117.576478, 40.710155], [-117.576612, 40.710271], [-117.576684, 40.710366], [-117.576774, 40.710423], [-117.576894, 40.710474], [-117.577074, 40.710532], [-117.577228, 40.710592], [-117.577312, 40.71066], [-117.577346, 40.710734], [-117.57733, 40.710919], [-117.577329, 40.710937], [-117.577339, 40.710998], [-117.577355, 40.711041], [-117.577408, 40.711073], [-117.577515, 40.711101], [-117.577575, 40.711149], [-117.577612, 40.711253], [-117.577699, 40.711405], [-117.577719, 40.711447], [-117.577758, 40.711529], [-117.577875, 40.711814], [-117.577933, 40.711893], [-117.578017, 40.711961], [-117.578102, 40.712011], [-117.578195, 40.712038], [-117.578323, 40.712044], [-117.57845, 40.712076], [-117.57859, 40.712124], [-117.578715, 40.712187], [-117.578806, 40.712225], [-117.578962, 40.712263], [-117.579091, 40.712269], [-117.579229, 40.712283], [-117.579374, 40.712279], [-117.579494, 40.712262], [-117.579599, 40.712263], [-117.579844, 40.712308], [-117.580052, 40.712371], [-117.580223, 40.712417], [-117.580365, 40.712447], [-117.580535, 40.712496], [-117.580636, 40.712535], [-117.580693, 40.712632], [-117.580731, 40.712717], [-117.580815, 40.712778], [-117.580985, 40.712888], [-117.581031, 40.71294], [-117.581039, 40.713027], [-117.58102, 40.71314], [-117.581019, 40.713272], [-117.581035, 40.713356], [-117.581003, 40.713519], [-117.580983, 40.713652], [-117.580976, 40.713738], [-117.580926, 40.713888], [-117.580863, 40.713964], [-117.5808, 40.714004], [-117.580559, 40.714367], [-117.580468, 40.714474]]}, "props": {"MTFCC": "S1400", "NAME": null}}, {"geom": {"type": "LineString", "coordinates": [[-117.203468, 40.719397], [-117.203437, 40.719443], [-117.203019, 40.719971], [-117.202538, 40.720625], [-117.20211, 40.721145], [-117.201619, 40.72161], [-117.201544, 40.721681], [-117.201082, 40.722223], [-117.200082, 40.723344], [-117.199068, 40.724512], [-117.19889661206896, 40.7247]]}, "props": {"MTFCC": "S1400", "NAME": null}}, {"geom": {"type": "LineString", "coordinates": [[-117.04200105413871, 40.7247], [-117.04065, 40.723639], [-117.039866, 40.723017], [-117.038967, 40.72232], [-117.038487, 40.72194], [-117.037835, 40.721435], [-117.03724, 40.720985], [-117.036851, 40.72068], [-117.036165, 40.720161], [-117.035639, 40.719733], [-117.03458, 40.718842], [-117.033768, 40.718178], [-117.033207, 40.717725], [-117.032865, 40.717458], [-117.031646, 40.716522], [-117.029779, 40.715059], [-117.028926, 40.71438], [-117.028193, 40.713817], [-117.027695, 40.713419], [-117.027012, 40.712886], [-117.026272, 40.712326], [-117.024549, 40.710958], [-117.024142, 40.710646], [-117.023596, 40.710186], [-117.023048, 40.709776], [-117.022447, 40.709309], [-117.021388, 40.70847], [-117.020169, 40.707514], [-117.019082, 40.706668], [-117.018615, 40.70631]]}, "props": {"MTFCC": "S1100", "NAME": null}}, {"geom": {"type": "LineString", "coordinates": [[-117.322001, 40.683617], [-117.321708, 40.68397], [-117.321527, 40.684395], [-117.321122, 40.685446], [-117.321118, 40.68577], [-117.321051, 40.686127], [-117.320866, 40.68645], [-117.320799, 40.686807], [-117.32044, 40.687316], [-117.320256, 40.687482], [-117.320154, 40.687828], [-117.320129, 40.688271], [-117.320139, 40.688714], [-117.319982, 40.688993], [-117.319838, 40.689359], [-117.319769, 40.6895], [-117.319766, 40.68968], [-117.319635, 40.689978], [-117.319512, 40.690179], [-117.31936, 40.690383], [-117.319295, 40.690457], [-117.319252, 40.690505], [-117.319131, 40.690632], [-117.319056, 40.690749], [-117.318997, 40.69092], [-117.318906, 40.691216], [-117.318823, 40.691424], [-117.318726, 40.691644], [-117.318658, 40.691902], [-117.318606, 40.692148], [-117.318576, 40.692401], [-117.318615, 40.692592], [-117.318727, 40.692822], [-117.318832, 40.692964], [-117.318951, 40.693112], [-117.318994, 40.69325], [-117.319016, 40.693358], [-117.319014, 40.693559], [-117.319101, 40.693634], [-117.319112, 40.693777], [-117.319166, 40.693969], [-117.31928, 40.694093], [-117.319457, 40.694113], [-117.319715, 40.694097], [-117.319876, 40.694211], [-117.32004, 40.694385], [-117.320258, 40.694573], [-117.32044, 40.694718], [-117.320633, 40.694823], [-117.320749, 40.694917], [-117.320833, 40.695034], [-117.32091, 40.695132], [-117.321031, 40.695168], [-117.321141, 40.69525], [-117.321234, 40.695438], [-117.321375, 40.695611], [-117.321561, 40.69562], [-117.321887, 40.695713], [-117.322073, 40.695811], [-117.322199, 40.695977], [-117.322222, 40.696162], [-117.322112, 40.696358], [-117.321976, 40.696582], [-117.321928, 40.696781], [-117.322008, 40.696944], [-117.322089, 40.697085], [-117.32211, 40.69721], [-117.322315, 40.697451], [-117.322466, 40.697589], [-117.322678, 40.697658], [-117.32291, 40.697764], [-117.323207, 40.697927], [-117.323316, 40.698021], [-117.323494, 40.698119], [-117.323735, 40.698219], [-117.323936, 40.698324], [-117.324096, 40.69845], [-117.324179, 40.698573], [-117.324246, 40.6987], [-117.324295, 40.698851], [-117.324335, 40.699024], [-117.324322, 40.699178], [-117.324223, 40.699338], [-117.324113, 40.699623], [-117.324079, 40.69984], [-117.323933, 40.700429], [-117.324007, 40.700933], [-117.323984, 40.701377], [-117.323858, 40.701827], [-117.323376, 40.703016], [-117.322995, 40.703543], [-117.322687, 40.70424], [-117.322075, 40.7049], [-117.321621, 40.705256], [-117.321231, 40.705537], [-117.320765, 40.706026], [-117.320439, 40.706422], [-117.32014, 40.706841], [-117.319624, 40.707405], [-117.318854, 40.708035], [-117.318443, 40.708571], [-117.318237, 40.709095], [-117.318033, 40.709597], [-117.317951, 40.709974], [-117.317889, 40.710258], [-117.317894, 40.710714], [-117.317914, 40.711171], [-117.317778, 40.711387], [-117.317233, 40.711605], [-117.316587, 40.711807], [-117.315683, 40.712119], [-117.315215, 40.712311], [-117.315064, 40.7125], [-117.315093, 40.71269], [-117.315328, 40.71283], [-117.315424, 40.713023], [-117.315384, 40.713235], [-117.315191, 40.71338], [-117.314909, 40.713529], [-117.314766, 40.713624], [-117.314318, 40.713722], [-117.314024, 40.713742], [-117.313599, 40.713721], [-117.313332, 40.713682], [-117.313068, 40.713609], [-117.312679, 40.713555], [-117.312252, 40.713551], [-117.311717, 40.713619], [-117.311147, 40.713702], [-117.310799, 40.713831], [-117.31049, 40.714423], [-117.310206, 40.714709], [-117.309685, 40.715017], [-117.30918, 40.715266], [-117.308736, 40.715458], [-117.30845, 40.715649], [-117.307988, 40.71578], [-117.307339, 40.715877], [-117.306611, 40.715969], [-117.306265, 40.716063], [-117.305911, 40.71626], [-117.305452, 40.716494], [-117.30507, 40.71662], [-117.304707, 40.716782], [-117.304428, 40.717154], [-117.30425, 40.71753], [-117.304047, 40.717611], [-117.304221, 40.717957], [-117.30436, 40.71813], [-117.304601, 40.71862], [-117.304626, 40.718778], [-117.304665, 40.718926], [-117.304805, 40.719089], [-117.304916, 40.71929], [-117.305341, 40.719878], [-117.305491, 40.720071], [-117.305694, 40.720281], [-117.305799, 40.720422], [-117.305893, 40.720538], [-117.305948, 40.720703], [-117.306063, 40.720893], [-117.306229, 40.721053], [-117.306327, 40.721195], [-117.306421, 40.721394], [-117.306667, 40.721989], [-117.306828, 40.722449], [-117.306844, 40.722576], [-117.307044, 40.722985], [-117.307158, 40.72319], [-117.307245, 40.723384], [-117.307336, 40.723693], [-117.307398, 40.723932], [-117.307465, 40.72412], [-117.307488, 40.724257], [-117.307532, 40.724391], [-117.307601, 40.724547], [-117.307598, 40.724667], [-117.30760165357142, 40.7247]]}, "props": {"MTFCC": "S1400", "NAME": null}}, {"geom": {"type": "LineString", "coordinates": [[-117.30098, 40.683109], [-117.30157, 40.683071], [-117.302531, 40.683041], [-117.303636, 40.683043], [-117.304286, 40.683038], [-117.304882, 40.683046], [-117.305245, 40.683037], [-117.306041, 40.683055]]}, "props": {"MTFCC": "S1400", "NAME": null}}, {"geom": {"type": "LineString", "coordinates": [[-117.03531, 40.69046], [-117.035623, 40.690653], [-117.035839, 40.690803], [-117.035977, 40.690906], [-117.036133, 40.691011], [-117.036635, 40.691308], [-117.036857, 40.691447], [-117.037142, 40.691609], [-117.037255, 40.691668], [-117.037875, 40.692016]]}, "props": {"MTFCC": "S1400", "NAME": null}}, {"geom": {"type": "LineString", "coordinates": [[-117.498484, 40.704819], [-117.498345, 40.705401], [-117.498195, 40.705974], [-117.498014, 40.706618], [-117.497895, 40.70711], [-117.497814, 40.707408], [-117.497749, 40.707674], [-117.497321, 40.709324], [-117.496769, 40.71138], [-117.496534, 40.712273], [-117.496412, 40.712769]]}, "props": {"MTFCC": "S1400", "NAME": null}}, {"geom": {"type": "LineString", "coordinates": [[-117.525516, 40.69292], [-117.525639, 40.692895], [-117.525833, 40.692899], [-117.526496, 40.69301], [-117.526929, 40.693049], [-117.527344, 40.693026], [-117.52775, 40.692979]]}, "props": {"MTFCC": "S1400", "NAME": null}}, {"geom": {"type": "LineString", "coordinates": [[-117.500267, 40.684237], [-117.499952, 40.684692], [-117.499902, 40.684737], [-117.499869, 40.684778], [-117.499611, 40.685207], [-117.499481, 40.685401], [-117.498784, 40.68653], [-117.498745, 40.686603], [-117.498689, 40.686693], [-117.498423, 40.687081], [-117.498234, 40.687384], [-117.498042, 40.687714], [-117.497732, 40.688174], [-117.497586, 40.688409], [-117.497478, 40.688572], [-117.497318, 40.688834], [-117.497131, 40.689112], [-117.496907, 40.689444], [-117.496804, 40.689611], [-117.496654, 40.689868], [-117.496584, 40.690008], [-117.496539, 40.690116]]}, "props": {"MTFCC": "S1400", "NAME": null}}, {"geom": {"type": "LineString", "coordinates": [[-117.528304, 40.689982], [-117.52829, 40.690037], [-117.528123, 40.690425]]}, "props": {"MTFCC": "S1400", "NAME": null}}, {"geom": {"type": "LineString", "coordinates": [[-117.626254, 40.703807], [-117.626078, 40.703914], [-117.625948, 40.704002], [-117.625845, 40.704133], [-117.625708, 40.704229], [-117.625547, 40.704315], [-117.625396, 40.704439], [-117.625191, 40.704691], [-117.625124, 40.704838], [-117.625068, 40.704999], [-117.624962, 40.705102], [-117.62487, 40.705177], [-117.624667, 40.705326], [-117.624511, 40.705431], [-117.624351, 40.705513], [-117.624158, 40.705621], [-117.623974, 40.705757], [-117.623723, 40.705975], [-117.623587, 40.706137], [-117.623389, 40.706305], [-117.623173, 40.706473], [-117.622928, 40.70662], [-117.622715, 40.706737], [-117.622531, 40.706808], [-117.622413, 40.706826], [-117.622287, 40.706787], [-117.622207, 40.706713], [-117.622132, 40.706653], [-117.621999, 40.706624], [-117.621799, 40.706661], [-117.621635, 40.706724], [-117.621402, 40.706792], [-117.621272, 40.706822], [-117.621164, 40.706847], [-117.621021, 40.706868]]}, "props": {"MTFCC": "S1400", "NAME": null}}, {"geom": {"type": "LineString", "coordinates": [[-117.492445, 40.695099], [-117.492609, 40.695829], [-117.49276, 40.697541], [-117.492808, 40.697707], [-117.493207, 40.69905], [-117.493446, 40.699472], [-117.493564, 40.699983], [-117.493773, 40.700338], [-117.494071, 40.700625], [-117.494281, 40.700689], [-117.494371, 40.700641], [-117.494094, 40.699558], [-117.493751, 40.697654], [-117.493539, 40.697253], [-117.493437, 40.695396]]}, "props": {"MTFCC": "S1400", "NAME": null}}, {"geom": {"type": "LineString", "coordinates": [[-117.494638, 40.693358], [-117.494609, 40.694594], [-117.494489, 40.695212], [-117.494279, 40.695372], [-117.493437, 40.695396]]}, "props": {"MTFCC": "S1400", "NAME": null}}, {"geom": {"type": "LineString", "coordinates": [[-117.494217, 40.693336], [-117.493706, 40.69345], [-117.493345, 40.693748], [-117.493437, 40.695396]]}, "props": {"MTFCC": "S1400", "NAME": null}}, {"geom": {"type": "LineString", "coordinates": [[-117.399872, 40.683862], [-117.400006, 40.684169], [-117.400277, 40.684489], [-117.401419, 40.685199], [-117.402079, 40.685885], [-117.402259, 40.686618], [-117.40253, 40.687029], [-117.402559, 40.688104], [-117.40304, 40.689111], [-117.40334, 40.690393], [-117.40382, 40.691354], [-117.404181, 40.69172], [-117.404962, 40.692269], [-117.405202, 40.692658], [-117.405262, 40.692933], [-117.405371, 40.693058], [-117.405442, 40.693139], [-117.405743, 40.694009], [-117.406704, 40.69497], [-117.406974, 40.695657], [-117.407365, 40.695954], [-117.407635, 40.696412], [-117.408026, 40.696801], [-117.408417, 40.697556]]}, "props": {"MTFCC": "S1400", "NAME": null}}, {"geom": {"type": "LineString", "coordinates": [[-117.492392, 40.684182], [-117.49235, 40.684347], [-117.492278, 40.684524], [-117.492185, 40.684669], [-117.492086, 40.684881], [-117.492013, 40.685076], [-117.491965, 40.685254], [-117.491921, 40.685389], [-117.491918, 40.685525], [-117.491891, 40.685654], [-117.491833, 40.685763], [-117.491768, 40.68586], [-117.491689, 40.685937], [-117.49164, 40.686027], [-117.491558, 40.686141], [-117.491479, 40.686262], [-117.491415, 40.686389]]}, "props": {"MTFCC": "S1400", "NAME": null}}, {"geom": {"type": "LineString", "coordinates": [[-117.279213, 40.683664], [-117.279113, 40.683776], [-117.278942, 40.683775], [-117.278773, 40.683859], [-117.278648, 40.684022], [-117.278593, 40.684054], [-117.278489, 40.684114], [-117.278175, 40.684237], [-117.277885, 40.684322], [-117.277587, 40.684384], [-117.277069, 40.684535], [-117.276572, 40.684687], [-117.276169, 40.684798], [-117.275793, 40.68494], [-117.275418, 40.685076], [-117.274838, 40.685246], [-117.273711, 40.685552], [-117.273028, 40.685748], [-117.27237, 40.685892], [-117.271892, 40.686045], [-117.271392, 40.686228], [-117.270969, 40.68633], [-117.270597, 40.686426], [-117.270222, 40.686561], [-117.26997, 40.68668], [-117.269638, 40.686786], [-117.268685, 40.686946], [-117.268438, 40.687003], [-117.268094, 40.687132], [-117.267704, 40.687312], [-117.267524, 40.687406], [-117.267303, 40.687523], [-117.267084, 40.687596], [-117.266979, 40.687652], [-117.26691, 40.687749], [-117.266872, 40.687839], [-117.266691, 40.687946], [-117.266161, 40.688127], [-117.265745, 40.68826], [-117.265576, 40.688351], [-117.265307, 40.68843], [-117.265053, 40.688563], [-117.264669, 40.688798], [-117.264421, 40.688963], [-117.264151, 40.689097], [-117.263814, 40.689247], [-117.263474, 40.689427], [-117.262807, 40.689654], [-117.262575, 40.689745], [-117.262222, 40.689947], [-117.26197, 40.690065], [-117.26173, 40.690183], [-117.261439, 40.690348], [-117.26072, 40.69067], [-117.259562, 40.691158], [-117.258221, 40.691717], [-117.257589, 40.691963], [-117.256956, 40.692218], [-117.256029, 40.69261], [-117.25554, 40.692836], [-117.255021, 40.692989], [-117.254388, 40.693243], [-117.253697, 40.693486], [-117.253021, 40.693694], [-117.251967, 40.69407], [-117.250753, 40.69452], [-117.250344, 40.694759], [-117.249798, 40.694964], [-117.249485, 40.695181], [-117.249177, 40.695344], [-117.248865, 40.695427], [-117.248511, 40.69557], [-117.248068, 40.695808], [-117.247615, 40.696017], [-117.247135, 40.696271], [-117.246686, 40.69657], [-117.24618, 40.696715], [-117.24567, 40.696904], [-117.245393, 40.697114], [-117.244963, 40.6972], [-117.244372, 40.697376], [-117.243981, 40.697544], [-117.243558, 40.697675], [-117.242923, 40.697822], [-117.241668, 40.698207], [-117.240953, 40.698448], [-117.239447, 40.699017], [-117.238755, 40.699268], [-117.238404, 40.699385], [-117.238119, 40.699558], [-117.237662, 40.699679], [-117.237067, 40.699899], [-117.236404, 40.700099], [-117.235773, 40.700326], [-117.23466, 40.700691], [-117.234227, 40.700803], [-117.233817, 40.700926], [-117.233281, 40.701141], [-117.232868, 40.701299], [-117.23253, 40.701407], [-117.23224, 40.701491], [-117.23184, 40.701632], [-117.231753, 40.701653], [-117.231622, 40.701672], [-117.231546, 40.701734], [-117.231527, 40.701782]]}, "props": {"MTFCC": "S1400", "NAME": null}}, {"geom": {"type": "LineString", "coordinates": [[-117.355056, 40.68604], [-117.355261, 40.686109], [-117.35542, 40.686152], [-117.356018, 40.686359], [-117.356223, 40.686411], [-117.356522, 40.686461], [-117.356647, 40.686467], [-117.35676, 40.686476]]}, "props": {"MTFCC": "S1400", "NAME": null}}, {"geom": {"type": "LineString", "coordinates": [[-117.249055, 40.686582], [-117.248897, 40.686908], [-117.24879, 40.687091], [-117.2486, 40.687327], [-117.248537, 40.687406], [-117.247941, 40.687934], [-117.247684, 40.688216], [-117.247532, 40.688429], [-117.247232, 40.68872], [-117.247022, 40.688865], [-117.246705, 40.689193], [-117.246588, 40.689482], [-117.246393, 40.689703], [-117.246266, 40.689863], [-117.246031, 40.69013], [-117.245717, 40.690345], [-117.245485, 40.690495], [-117.245331, 40.690734], [-117.244625, 40.691396], [-117.243915, 40.692016], [-117.243176, 40.692736], [-117.243003, 40.692952], [-117.242142, 40.693773], [-117.241953, 40.693914], [-117.241749, 40.694242], [-117.241582, 40.694464], [-117.240989, 40.694869], [-117.240753, 40.695072], [-117.240591, 40.695236], [-117.24039, 40.695365], [-117.240213, 40.695528], [-117.240175, 40.69565], [-117.24004, 40.695901], [-117.239855, 40.696165], [-117.239642, 40.696423], [-117.239496, 40.696652], [-117.238829, 40.697016], [-117.238575, 40.697191], [-117.23836, 40.697395], [-117.238217, 40.697581], [-117.237861, 40.697858], [-117.237119, 40.698288], [-117.236875, 40.698501], [-117.236745, 40.698698], [-117.236546, 40.698962], [-117.236147, 40.699248], [-117.235796, 40.699477], [-117.235414, 40.699657], [-117.234987, 40.699866], [-117.234704, 40.70004], [-117.233959, 40.700335], [-117.233539, 40.700545], [-117.233183, 40.700742], [-117.232714, 40.701024], [-117.23223, 40.701327], [-117.231912, 40.701499], [-117.231622, 40.701672]]}, "props": {"MTFCC": "S1400", "NAME": null}}, {"geom": {"type": "LineString", "coordinates": [[-117.252193, 40.684513], [-117.251932, 40.684702], [-117.251762, 40.684815]]}, "props": {"MTFCC": "S1400", "NAME": null}}, {"geom": {"type": "LineString", "coordinates": [[-117.262397, 40.615781], [-117.262586, 40.615897], [-117.262612, 40.616042], [-117.262601, 40.616269], [-117.262623, 40.616563], [-117.262675, 40.616775], [-117.262695, 40.616908], [-117.262756, 40.617018], [-117.262678, 40.6172], [-117.26264, 40.61764], [-117.262649, 40.617988], [-117.26267, 40.618294], [-117.262656, 40.61873], [-117.262664, 40.619185], [-117.262605, 40.619966], [-117.262562, 40.620382], [-117.262597, 40.620707], [-117.26257, 40.621561], [-117.262589, 40.621706], [-117.262602, 40.621888], [-117.262625, 40.622204], [-117.262619, 40.62264], [-117.26264, 40.62303], [-117.26267, 40.62342], [-117.262648, 40.62376], [-117.262586, 40.624122], [-117.262489, 40.62452]]}, "props": {"MTFCC": "S1400", "NAME": null}}, {"geom": {"type": "LineString", "coordinates": [[-117.29882, 40.656231], [-117.299004, 40.656254], [-117.299099, 40.656328], [-117.299187, 40.656423], [-117.299387, 40.656532], [-117.299489, 40.656636], [-117.299717, 40.656777], [-117.299966, 40.656905]]}, "props": {"MTFCC": "S1400", "NAME": null}}, {"geom": {"type": "LineString", "coordinates": [[-117.353451, 40.684532], [-117.353522, 40.684648], [-117.353767, 40.684993], [-117.354104, 40.685335], [-117.354291, 40.685516], [-117.354444, 40.685648], [-117.354577, 40.685732], [-117.354727, 40.685793], [-117.354769, 40.685848], [-117.355056, 40.68604]]}, "props": {"MTFCC": "S1400", "NAME": null}}, {"geom": {"type": "LineString", "coordinates": [[-117.205963, 40.71519], [-117.206132, 40.715557], [-117.206261, 40.715783], [-117.206443, 40.716056], [-117.20674, 40.716529], [-117.206987, 40.716912], [-117.207145, 40.717183], [-117.207291, 40.717398], [-117.20739, 40.717585], [-117.207522, 40.717773], [-117.207642, 40.717917], [-117.207803, 40.718151], [-117.207973, 40.718379], [-117.20817, 40.718577], [-117.208355, 40.718725], [-117.208536, 40.718828], [-117.208768, 40.718997], [-117.208895, 40.719154], [-117.209153, 40.719405], [-117.209865, 40.719943], [-117.210178, 40.720147], [-117.210604, 40.720334], [-117.210842, 40.720475]]}, "props": {"MTFCC": "S1400", "NAME": null}}, {"geom": {"type": "LineString", "coordinates": [[-117.202934, 40.711936], [-117.203169, 40.712081], [-117.203413, 40.712244], [-117.203924, 40.712573], [-117.204052, 40.712677], [-117.204228, 40.712895], [-117.204557, 40.713241], [-117.204727, 40.7134], [-117.204847, 40.713526], [-117.204937, 40.713643], [-117.205165, 40.71396], [-117.205252, 40.714118], [-117.205361, 40.714286], [-117.205555, 40.714562], [-117.205705, 40.714801], [-117.205826, 40.714955], [-117.205907, 40.7151], [-117.205963, 40.71519]]}, "props": {"MTFCC": "S1400", "NAME": null}}, {"geom": {"type": "LineString", "coordinates": [[-117.249055, 40.686582], [-117.24888, 40.686713], [-117.248443, 40.687003], [-117.248139, 40.687201], [-117.247334, 40.687726], [-117.246873, 40.688037], [-117.246117, 40.688526], [-117.244941, 40.689303], [-117.243754, 40.690076], [-117.243535, 40.690225], [-117.243295, 40.690378]]}, "props": {"MTFCC": "S1400", "NAME": null}}, {"geom": {"type": "LineString", "coordinates": [[-117.088325, 40.694138], [-117.088096, 40.69413], [-117.088014, 40.694135], [-117.087922, 40.694157], [-117.087834, 40.694195], [-117.087735, 40.694223], [-117.087638, 40.694235], [-117.08751, 40.694238], [-117.087368, 40.694236], [-117.087265, 40.69423], [-117.086672, 40.694171], [-117.086206, 40.69414]]}, "props": {"MTFCC": "S1400", "NAME": null}}, {"geom": {"type": "LineString", "coordinates": [[-117.091827, 40.668339], [-117.091645, 40.668538], [-117.091548, 40.668678], [-117.09142, 40.668931], [-117.091273, 40.669193], [-117.091195, 40.669313], [-117.091142, 40.669405], [-117.091095, 40.669506], [-117.091002, 40.669768], [-117.090958, 40.669863], [-117.09093, 40.669942], [-117.090886, 40.670128], [-117.090877, 40.670338], [-117.090884, 40.670459], [-117.090912, 40.670676], [-117.09095, 40.67075]]}, "props": {"MTFCC": "S1400", "NAME": null}}, {"geom": {"type": "LineString", "coordinates": [[-117.177198, 40.699163], [-117.177652, 40.699782], [-117.177864, 40.700447], [-117.17784, 40.702074], [-117.177395, 40.70416], [-117.176979, 40.705535], [-117.177121, 40.711837], [-117.177216, 40.713395]]}, "props": {"MTFCC": "S1400", "NAME": null}}, {"geom": {"type": "LineString", "coordinates": [[-117.08841, 40.666188], [-117.087569, 40.666944], [-117.086999, 40.667722], [-117.086458, 40.668088], [-117.085076, 40.668569], [-117.084083, 40.669004], [-117.083507, 40.669158], [-117.083061, 40.669278]]}, "props": {"MTFCC": "S1400", "NAME": null}}, {"geom": {"type": "LineString", "coordinates": [[-117.088325, 40.694138], [-117.088528, 40.694252], [-117.088635, 40.694327], [-117.088878, 40.694593], [-117.088962, 40.694678], [-117.089018, 40.694728], [-117.089184, 40.694849], [-117.089228, 40.694899], [-117.089243, 40.694935], [-117.089236, 40.694977], [-117.089203, 40.695016], [-117.08914, 40.695056], [-117.089028, 40.695149], [-117.088952, 40.695232], [-117.088927, 40.695269], [-117.088876, 40.695384]]}, "props": {"MTFCC": "S1400", "NAME": null}}, {"geom": {"type": "LineString", "coordinates": [[-117.097559, 40.668841], [-117.097697, 40.668771], [-117.097898, 40.668639], [-117.097949, 40.668591], [-117.098042, 40.668487], [-117.098207, 40.668249], [-117.098275, 40.668144], [-117.098322, 40.668084], [-117.098372, 40.668034], [-117.098413, 40.668001], [-117.098466, 40.667967], [-117.098779, 40.667798], [-117.098948, 40.6677], [-117.09907, 40.6676], [-117.099257, 40.667397], [-117.099349, 40.667314], [-117.099398, 40.66726], [-117.099532, 40.667149], [-117.099611, 40.667111], [-117.099689, 40.667097], [-117.10005, 40.667078], [-117.100209, 40.667056], [-117.100759, 40.666948], [-117.100844, 40.666921], [-117.100909, 40.666896], [-117.100991, 40.666857], [-117.101095, 40.666816], [-117.101184, 40.666787], [-117.101452, 40.666716], [-117.101714, 40.666656], [-117.101872, 40.666634], [-117.102055, 40.666623], [-117.102144, 40.666629], [-117.10235, 40.666651], [-117.102522, 40.66668], [-117.102694, 40.666725], [-117.102866, 40.666782], [-117.103095, 40.666848], [-117.103208, 40.666874], [-117.10338, 40.666903], [-117.103502, 40.666905], [-117.103584, 40.666912], [-117.103671, 40.666927], [-117.103724, 40.666941], [-117.10379, 40.666972], [-117.10385, 40.667012], [-117.10394, 40.667079], [-117.104005, 40.667108], [-117.104061, 40.667126], [-117.104134, 40.66714], [-117.104228, 40.667149], [-117.104362, 40.667143], [-117.104564, 40.667147], [-117.104728, 40.667159], [-117.104756, 40.667166], [-117.104782, 40.667179], [-117.104794, 40.667204], [-117.104787, 40.667223], [-117.104772, 40.667238], [-117.104742, 40.667254], [-117.10469, 40.667271], [-117.104648, 40.66729], [-117.104615, 40.667313], [-117.104349, 40.667554], [-117.104124, 40.667736], [-117.10375, 40.667947], [-117.103403, 40.668161], [-117.103302, 40.668204], [-117.103255, 40.668219], [-117.10321, 40.668222], [-117.103173, 40.668217], [-117.103127, 40.668204], [-117.10307, 40.668172], [-117.103006, 40.668122], [-117.102953, 40.66807], [-117.102845, 40.667944], [-117.10282, 40.667921], [-117.102797, 40.66791], [-117.102769, 40.667905], [-117.102731, 40.667906], [-117.10271, 40.66792], [-117.102689, 40.667944], [-117.102677, 40.667967], [-117.102625, 40.668133], [-117.102579, 40.668248], [-117.102465, 40.668463], [-117.102417, 40.668541], [-117.102172, 40.668901], [-117.102085, 40.669003], [-117.101957, 40.669111], [-117.1017, 40.669389], [-117.101634, 40.66944], [-117.101536, 40.669497], [-117.101334, 40.669654], [-117.10117, 40.669771], [-117.101086, 40.669819], [-117.101032, 40.669844], [-117.100806, 40.669918], [-117.100515, 40.670072]]}, "props": {"MTFCC": "S1400", "NAME": null}}, {"geom": {"type": "LineString", "coordinates": [[-117.090125, 40.688758], [-117.089988, 40.68893], [-117.089696, 40.688941], [-117.089273, 40.688951], [-117.089057, 40.68897], [-117.088353, 40.689097], [-117.087739, 40.68924], [-117.087545, 40.689269], [-117.087157, 40.689305], [-117.086941, 40.689337], [-117.086863, 40.68936], [-117.086741, 40.689422], [-117.086612, 40.689496], [-117.086547, 40.689539], [-117.086367, 40.689638], [-117.086077, 40.689797]]}, "props": {"MTFCC": "S1400", "NAME": null}}, {"geom": {"type": "LineString", "coordinates": [[-117.080941, 40.718539], [-117.080705, 40.718657], [-117.080132, 40.718977], [-117.079515, 40.719295], [-117.079393, 40.719354], [-117.079165, 40.719495], [-117.079065, 40.719574], [-117.078961, 40.719676], [-117.078852, 40.719774], [-117.07873, 40.719853], [-117.078626, 40.719913], [-117.078507, 40.719998], [-117.078332, 40.720154], [-117.078263, 40.720227], [-117.078226, 40.720292], [-117.07817, 40.720413], [-117.07811, 40.720507], [-117.077963, 40.720702], [-117.077666, 40.721041], [-117.077616, 40.721115], [-117.077569, 40.721205], [-117.077541, 40.721272], [-117.077497, 40.721344], [-117.077361, 40.721481], [-117.077216, 40.721627], [-117.073771, 40.724362], [-117.073299, 40.724694], [-117.07329074496646, 40.7247]]}, "props": {"MTFCC": "S1400", "NAME": null}}, {"geom": {"type": "LineString", "coordinates": [[-117.080132, 40.691289], [-117.079962, 40.691465], [-117.079913, 40.691508], [-117.079814, 40.691568], [-117.079682, 40.691631], [-117.079507, 40.691695], [-117.079292, 40.691756], [-117.079159, 40.691811], [-117.079087, 40.691846], [-117.079002, 40.691897], [-117.078952, 40.691935], [-117.078858, 40.692021], [-117.078764, 40.692123], [-117.078589, 40.692328], [-117.078495, 40.692452], [-117.07834, 40.692678], [-117.078214, 40.692839], [-117.078142, 40.692915], [-117.078055, 40.692998], [-117.077994, 40.693046], [-117.077904, 40.693108], [-117.077842, 40.693142], [-117.077591, 40.693254], [-117.077388, 40.693352], [-117.077247, 40.693397], [-117.077125, 40.693445], [-117.07686, 40.693571], [-117.076782, 40.693627], [-117.076698, 40.693695], [-117.076594, 40.693802], [-117.076493, 40.693871], [-117.076288, 40.694085], [-117.076205, 40.694189], [-117.076129, 40.694265], [-117.075971, 40.694397], [-117.075827, 40.694511], [-117.075461, 40.694836], [-117.07541, 40.694895], [-117.075373, 40.69496], [-117.075323, 40.695074], [-117.075279, 40.6952], [-117.075251, 40.695359], [-117.075239, 40.695384], [-117.075208, 40.695422], [-117.075167, 40.695459], [-117.074998, 40.695565], [-117.074747, 40.695704], [-117.074578, 40.695806], [-117.074381, 40.695954], [-117.074228, 40.696078], [-117.073975, 40.696269], [-117.073729, 40.696468], [-117.073601, 40.696548], [-117.073396, 40.696656], [-117.072904, 40.696842], [-117.072695, 40.696928], [-117.07251, 40.697016], [-117.072062, 40.697259], [-117.071931, 40.697324], [-117.071549, 40.697567], [-117.071314, 40.697758], [-117.071053, 40.697929], [-117.070948, 40.697989], [-117.07089, 40.698075], [-117.070837, 40.698247], [-117.070798, 40.698356], [-117.070731, 40.698458], [-117.070634, 40.698553], [-117.070438, 40.698866], [-117.070395, 40.698954], [-117.070357, 40.699067], [-117.070318, 40.699216], [-117.070262, 40.699552], [-117.070241, 40.699611], [-117.070206, 40.699671], [-117.070074, 40.699797], [-117.069778, 40.700067], [-117.069709, 40.700143], [-117.069659, 40.700213], [-117.069621, 40.700291], [-117.069581, 40.700391], [-117.0695, 40.700656], [-117.069456, 40.700768], [-117.069396, 40.700899], [-117.06934, 40.700995], [-117.069293, 40.701057], [-117.069064, 40.70125], [-117.06892, 40.701384], [-117.068846, 40.701474], [-117.068552, 40.701889], [-117.068379, 40.702118], [-117.068017, 40.702542], [-117.067729, 40.702917], [-117.067555, 40.703116], [-117.067359, 40.703375], [-117.067244, 40.703536], [-117.067143, 40.703726], [-117.067048, 40.70393], [-117.066982, 40.704044], [-117.066938, 40.704185], [-117.066897, 40.704443], [-117.066876, 40.704507], [-117.066844, 40.704578], [-117.066809, 40.704638], [-117.06676, 40.704702], [-117.066526, 40.704931], [-117.066488, 40.704974], [-117.066454, 40.705026], [-117.066422, 40.705086], [-117.066391, 40.705165], [-117.066275, 40.705566], [-117.066213, 40.70574], [-117.065899, 40.706457], [-117.065819, 40.706677], [-117.065744, 40.706967], [-117.065495, 40.707983], [-117.065424, 40.708365], [-117.065388, 40.708557], [-117.065337, 40.708894], [-117.0652, 40.708809], [-117.065009, 40.708707], [-117.064627, 40.708485], [-117.063692, 40.707883], [-117.063495, 40.707771], [-117.063393, 40.707719], [-117.063288, 40.707654], [-117.062853, 40.707402], [-117.062151, 40.706978], [-117.061771, 40.706761], [-117.061361, 40.706516], [-117.060975, 40.706275], [-117.060515, 40.705968], [-117.060236, 40.705799], [-117.059982, 40.70562], [-117.059574, 40.705351], [-117.059195, 40.705127], [-117.059064, 40.705061], [-117.058888, 40.704963], [-117.058757, 40.70488], [-117.058343, 40.704634], [-117.057292, 40.703973], [-117.056992, 40.703796], [-117.056541, 40.703556], [-117.056416, 40.703484], [-117.056309, 40.703417], [-117.055992, 40.703237], [-117.055006, 40.702596], [-117.054326, 40.702146], [-117.053915, 40.701895], [-117.053699, 40.701757], [-117.053495, 40.701641], [-117.053295, 40.701512], [-117.053025, 40.701348], [-117.052812, 40.701202], [-117.052587, 40.701064], [-117.052198, 40.70084], [-117.0519, 40.700662], [-117.051593, 40.700486], [-117.05128, 40.700295], [-117.051054, 40.70015], [-117.050857, 40.700031], [-117.05044, 40.699766], [-117.049795, 40.699371], [-117.049228, 40.699056], [-117.048993, 40.698916], [-117.048701, 40.698752], [-117.048354, 40.698571], [-117.048227, 40.698499], [-117.047633, 40.698142], [-117.047492, 40.698063], [-117.047342, 40.697968], [-117.04721, 40.69787], [-117.047078, 40.697789], [-117.046912, 40.697694], [-117.046621, 40.697501], [-117.046311, 40.697308], [-117.046151, 40.697218], [-117.045737, 40.696967], [-117.045496, 40.69681], [-117.04522, 40.696617], [-117.044669, 40.69626], [-117.044418, 40.696105], [-117.044215, 40.695986], [-117.043632, 40.695626], [-117.043137, 40.695331], [-117.042952, 40.695214], [-117.041777, 40.694514], [-117.041627, 40.694414], [-117.041477, 40.694321], [-117.041289, 40.694216], [-117.04117, 40.694143], [-117.040368, 40.693625], [-117.040101, 40.693471], [-117.039948, 40.693368], [-117.039736, 40.693243]]}, "props": {"MTFCC": "S1400", "NAME": null}}, {"geom": {"type": "LineString", "coordinates": [[-117.080132, 40.691289], [-117.08007, 40.691645], [-117.079613, 40.692516], [-117.079067, 40.693204], [-117.077705, 40.6944], [-117.07725, 40.694978], [-117.076216, 40.696826], [-117.073454, 40.700629], [-117.071757, 40.702316], [-117.068477, 40.706852], [-117.067898, 40.708123], [-117.067441, 40.709687], [-117.067264, 40.710093]]}, "props": {"MTFCC": "S1400", "NAME": null}}, {"geom": {"type": "LineString", "coordinates": [[-117.08394, 40.691832], [-117.084198, 40.69207], [-117.084505, 40.692344], [-117.084665, 40.692501], [-117.084746, 40.692588], [-117.084841, 40.692673], [-117.084966, 40.692766], [-117.085019, 40.692799], [-117.085072, 40.692813], [-117.085135, 40.692816], [-117.085191, 40.692811], [-117.085232, 40.692801], [-117.085282, 40.69278], [-117.085345, 40.692739], [-117.085601, 40.692551], [-117.085783, 40.692441], [-117.085977, 40.692349]]}, "props": {"MTFCC": "S1400", "NAME": null}}, {"geom": {"type": "LineString", "coordinates": [[-117.038381, 40.692305], [-117.038507, 40.692522], [-117.038696, 40.692888], [-117.038768, 40.693019], [-117.038856, 40.693163], [-117.03893, 40.693303], [-117.039736, 40.693243]]}, "props": {"MTFCC": "S1400", "NAME": null}}, {"geom": {"type": "LineString", "coordinates": [[-117.071281, 40.696386], [-117.071099, 40.696875], [-117.071049, 40.696993], [-117.070917, 40.697241], [-117.070867, 40.697376], [-117.070834, 40.697515], [-117.070763, 40.697975], [-117.070659, 40.698491], [-117.070634, 40.698553]]}, "props": {"MTFCC": "S1400", "NAME": null}}, {"geom": {"type": "LineString", "coordinates": [[-117.080215, 40.688455], [-117.080207, 40.688592], [-117.080228, 40.688797], [-117.080262, 40.688959], [-117.080297, 40.689058], [-117.080356, 40.689169]]}, "props": {"MTFCC": "S1400", "NAME": null}}, {"geom": {"type": "LineString", "coordinates": [[-117.038381, 40.692305], [-117.03868, 40.692513], [-117.038793, 40.692587], [-117.038871, 40.692644], [-117.03917, 40.692888], [-117.039437, 40.69306], [-117.039736, 40.693243]]}, "props": {"MTFCC": "S1400", "NAME": null}}, {"geom": {"type": "LineString", "coordinates": [[-117.02037, 40.681346], [-117.020711, 40.681429], [-117.021641, 40.681657], [-117.022243, 40.681797], [-117.022473, 40.681847], [-117.02404, 40.682207], [-117.024612, 40.682328], [-117.025132, 40.682443], [-117.026119, 40.68268], [-117.026595, 40.682789], [-117.026964, 40.682868], [-117.027306, 40.682947], [-117.027835, 40.683076], [-117.029267, 40.683401], [-117.029696, 40.683503], [-117.03033, 40.68366], [-117.031376, 40.683885], [-117.033086, 40.684279], [-117.033356, 40.68435], [-117.033823, 40.684458], [-117.034085, 40.684531], [-117.034152, 40.68456], [-117.034222, 40.684603], [-117.03427, 40.684652], [-117.034309, 40.684707], [-117.034659, 40.685392], [-117.034677, 40.685427], [-117.035213, 40.686485], [-117.035392, 40.686809], [-117.035577, 40.687125], [-117.036031, 40.68797], [-117.036385, 40.688587], [-117.036931, 40.689583], [-117.037266, 40.690174]]}, "props": {"MTFCC": "S1400", "NAME": null}}, {"geom": {"type": "LineString", "coordinates": [[-117.064279, 40.685114], [-117.064291, 40.685185], [-117.064292, 40.685299], [-117.064301, 40.6854], [-117.064317, 40.685459], [-117.064379, 40.685617], [-117.064439, 40.685733], [-117.064587, 40.686057], [-117.064601, 40.686122], [-117.064602, 40.686179], [-117.064584, 40.686236], [-117.06451, 40.686324], [-117.064434, 40.686401], [-117.06423, 40.686632], [-117.064159, 40.686742]]}, "props": {"MTFCC": "S1400", "NAME": null}}, {"geom": {"type": "LineString", "coordinates": [[-117.07972, 40.680958], [-117.079817, 40.681019], [-117.079979, 40.68109], [-117.080046, 40.681109], [-117.080218, 40.681142], [-117.080392, 40.681188]]}, "props": {"MTFCC": "S1400", "NAME": null}}, {"geom": {"type": "LineString", "coordinates": [[-117.071976, 40.685351], [-117.071555, 40.685414]]}, "props": {"MTFCC": "S1400", "NAME": null}}, {"geom": {"type": "LineString", "coordinates": [[-117.063999, 40.647698], [-117.063988, 40.647849], [-117.063968, 40.64791], [-117.063938, 40.64797], [-117.06382, 40.648137], [-117.063726, 40.648254], [-117.063601, 40.648396], [-117.063513, 40.648488], [-117.063397, 40.648581], [-117.063137, 40.648737], [-117.06288, 40.64891], [-117.062724, 40.648988], [-117.062469, 40.649078], [-117.062223, 40.64918], [-117.062123, 40.649231], [-117.061907, 40.649375], [-117.061847, 40.649423], [-117.061578, 40.649655], [-117.061358, 40.649846], [-117.061292, 40.649895], [-117.061162, 40.649973], [-117.061059, 40.650049], [-117.060792, 40.650296], [-117.060717, 40.650342], [-117.060667, 40.65038], [-117.060616, 40.650437], [-117.060548, 40.650542], [-117.060518, 40.650575], [-117.06047, 40.650611], [-117.060164, 40.650762], [-117.059869, 40.650908]]}, "props": {"MTFCC": "S1400", "NAME": null}}, {"geom": {"type": "LineString", "coordinates": [[-117.049786, 40.651233], [-117.050259, 40.651152], [-117.050432, 40.651136], [-117.050633, 40.65115], [-117.050849, 40.651186], [-117.050906, 40.651203], [-117.051038, 40.65126], [-117.051331, 40.651407], [-117.051461, 40.65146], [-117.051603, 40.651509], [-117.051678, 40.651526], [-117.051745, 40.651535], [-117.051934, 40.651546], [-117.052449, 40.651553], [-117.052675, 40.651561]]}, "props": {"MTFCC": "S1400", "NAME": null}}, {"geom": {"type": "LineString", "coordinates": [[-117.065368, 40.64529], [-117.065335, 40.645396], [-117.065219, 40.645616], [-117.06515, 40.645719], [-117.065034, 40.645869], [-117.064991, 40.645937], [-117.06489, 40.646161], [-117.06482, 40.646299], [-117.064783, 40.646452], [-117.064754, 40.646528], [-117.064674, 40.646655], [-117.064581, 40.646786], [-117.064527, 40.646844], [-117.064462, 40.646935], [-117.064383, 40.647097], [-117.064296, 40.647238], [-117.064145, 40.647393], [-117.064068, 40.647483], [-117.064036, 40.647537], [-117.064013, 40.6476], [-117.063999, 40.647698]]}, "props": {"MTFCC": "S1400", "NAME": null}}, {"geom": {"type": "LineString", "coordinates": [[-117.019653, 40.645025], [-117.019815, 40.645113], [-117.020155, 40.645313], [-117.02067, 40.645636], [-117.020763, 40.645705], [-117.020883, 40.64581], [-117.021018, 40.64595], [-117.0211, 40.646021], [-117.021223, 40.646115], [-117.021467, 40.646264], [-117.02155, 40.646304], [-117.021837, 40.646416], [-117.021993, 40.646463], [-117.022065, 40.646479], [-117.022208, 40.646529], [-117.022435, 40.646636], [-117.022656, 40.646749], [-117.023586, 40.64716], [-117.023732, 40.647203], [-117.023813, 40.647233], [-117.023886, 40.647271], [-117.024077, 40.64739], [-117.024518, 40.647624], [-117.025262, 40.648045]]}, "props": {"MTFCC": "S1400", "NAME": null}}, {"geom": {"type": "LineString", "coordinates": [[-117.073483, 40.680349], [-117.073421, 40.680732], [-117.073435, 40.680915], [-117.073469, 40.681101], [-117.073459, 40.68114], [-117.073438, 40.681175], [-117.073325, 40.681264], [-117.07325, 40.681352], [-117.07295, 40.681886], [-117.072888, 40.681977], [-117.072809, 40.682077], [-117.07275, 40.68216], [-117.072649, 40.68232], [-117.072609, 40.682406], [-117.072594, 40.682463], [-117.072581, 40.682577], [-117.072611, 40.683202], [-117.072629, 40.683366], [-117.072629, 40.683431], [-117.072616, 40.683474], [-117.072561, 40.683568], [-117.072545, 40.683607], [-117.072535, 40.683652], [-117.072523, 40.683791], [-117.072492, 40.684005], [-117.072476, 40.684067], [-117.072408, 40.684239], [-117.072358, 40.684346], [-117.072236, 40.684539], [-117.072176, 40.68462], [-117.072133, 40.684697], [-117.072039, 40.684978], [-117.071989, 40.685159], [-117.071976, 40.685255], [-117.071976, 40.685351]]}, "props": {"MTFCC": "S1400", "NAME": null}}, {"geom": {"type": "LineString", "coordinates": [[-117.069267, 40.670231], [-117.06935, 40.670218], [-117.069401, 40.670204], [-117.069444, 40.670183], [-117.06947, 40.670163], [-117.069517, 40.670138], [-117.069573, 40.670122], [-117.069628, 40.670115], [-117.069881, 40.670117], [-117.069986, 40.670125]]}, "props": {"MTFCC": "S1400", "NAME": null}}, {"geom": {"type": "LineString", "coordinates": [[-117.06747, 40.686592], [-117.067143, 40.686601], [-117.066985, 40.686593], [-117.066937, 40.686586], [-117.066884, 40.686569], [-117.066744, 40.686504], [-117.066296, 40.686228], [-117.066037, 40.686074], [-117.065776, 40.685928], [-117.065182, 40.685611], [-117.064849, 40.685423], [-117.064615, 40.685302], [-117.064502, 40.685251], [-117.064364, 40.685173], [-117.064279, 40.685114]]}, "props": {"MTFCC": "S1400", "NAME": null}}, {"geom": {"type": "LineString", "coordinates": [[-117.064947, 40.676749], [-117.065404, 40.676775], [-117.065639, 40.676799], [-117.065861, 40.676832], [-117.066008, 40.676861], [-117.066291, 40.676931], [-117.067029, 40.677168], [-117.06717, 40.677206], [-117.067336, 40.677239], [-117.067559, 40.677277]]}, "props": {"MTFCC": "S1400", "NAME": null}}], "source": "https://www2.census.gov/geo/tiger/TIGER2024/ROADS/tl_2024_32013_roads.zip", "county_fips": "32013"}