{"type": "FeatureCollection", "features": [{"geom": {"type": "LineString", "coordinates": [[-118.556661, 37.419416], [-118.55671, 37.419681], [-118.556725, 37.419941], [-118.556744, 37.4201], [-118.556778, 37.420261], [-118.556813, 37.420366], [-118.556861, 37.420466], [-118.556969, 37.420627], [-118.557162, 37.420853], [-118.557372, 37.421032], [-118.557872, 37.421401], [-118.558321, 37.421745], [-118.559387, 37.422525], [-118.559624, 37.422708], [-118.559931, 37.422962], [-118.560188, 37.423189], [-118.561005, 37.42398], [-118.561326, 37.424317], [-118.561519, 37.424539], [-118.562171, 37.4254], [-118.56341, 37.42717], [-118.564195, 37.428265], [-118.565835, 37.430628], [-118.566214, 37.431161], [-118.567485, 37.4329], [-118.568273, 37.434082], [-118.568686, 37.434679], [-118.569021, 37.435129], [-118.569084, 37.435213], [-118.569142, 37.435362], [-118.56944, 37.435758], [-118.570608, 37.437404], [-118.57103, 37.437977], [-118.571469, 37.438617], [-118.57186, 37.439152], [-118.571949, 37.439275], [-118.572404, 37.439931], [-118.572833, 37.440576], [-118.57409, 37.442329], [-118.574228, 37.442522], [-118.57552, 37.444365], [-118.576178, 37.445283], [-118.576459, 37.445655], [-118.577129, 37.446613], [-118.578365, 37.448338], [-118.578815, 37.448998], [-118.580252, 37.451004], [-118.580715, 37.451681], [-118.581615, 37.452967], [-118.581762, 37.453184], [-118.582325, 37.453882], [-118.582582, 37.454129], [-118.582897, 37.454381], [-118.583451, 37.454778], [-118.583671, 37.454945], [-118.583805, 37.455047], [-118.583986, 37.455155], [-118.584302, 37.455377], [-118.585498, 37.456272], [-118.586369, 37.456965], [-118.586514, 37.45708], [-118.586704, 37.457242], [-118.587915, 37.458211], [-118.591221, 37.460858], [-118.592119, 37.461576], [-118.592322, 37.461772], [-118.592488, 37.461958], [-118.592728, 37.462272], [-118.592804, 37.462399], [-118.592902, 37.462592]]}, "props": {"MTFCC": "S1400", "NAME": null}}, {"geom": {"type": "LineString", "coordinates": [[-118.39818151055408, 37.3641], [-118.398185, 37.364629], [-118.398195, 37.365389], [-118.398204, 37.366147]]}, "props": {"MTFCC": "S1400", "NAME": null}}, {"geom": {"type": "LineString", "coordinates": [[-118.41381, 37.373281], [-118.413977, 37.373281], [-118.414363, 37.373278], [-118.41471, 37.373267], [-118.415097, 37.373264], [-118.415133, 37.373264], [-118.415469, 37.373261], [-118.415612, 37.373263], [-118.415671, 37.373264], [-118.415799, 37.37325], [-118.415925, 37.373228], [-118.416037, 37.373211], [-118.416191, 37.373191], [-118.416273, 37.37318], [-118.416428, 37.373166]]}, "props": {"MTFCC": "S1400", "NAME": null}}, {"geom": {"type": "LineString", "coordinates": [[-118.39522655633803, 37.3641], [-118.395228, 37.364305], [-118.395231, 37.364642], [-118.395244, 37.365414], [-118.395256, 37.365818], [-118.395248, 37.36629], [-118.395247, 37.367403], [-118.39525, 37.367645], [-118.395257, 37.36818], [-118.395254, 37.369554], [-118.395276, 37.370425], [-118.395282, 37.371385], [-118.395278, 37.372548], [-118.395279, 37.372995], [-118.395302, 37.373384], [-118.39535, 37.373684], [-118.395365, 37.373733], [-118.395385, 37.373799], [-118.395425, 37.37393]]}, "props": {"MTFCC": "S1200", "NAME": null}}, {"geom": {"type": "LineString", "coordinates": [[-118.456232, 37.375761], [-118.456012, 37.375767], [-118.455821, 37.375764], [-118.454023, 37.375777], [-118.447954, 37.375829], [-118.445877, 37.375826], [-118.445319, 37.375834], [-118.443493, 37.375839], [-118.44213, 37.375852], [-118.441356, 37.375848], [-118.440711, 37.375846], [-118.439026, 37.375842], [-118.437798, 37.375828], [-118.435202, 37.375816], [-118.434183, 37.375821], [-118.432046, 37.375798], [-118.43112, 37.375796], [-118.429882, 37.375783], [-118.429849, 37.375783], [-118.429355, 37.375786], [-118.429063, 37.375786], [-118.428773, 37.375786], [-118.427513, 37.375787], [-118.422945, 37.375775], [-118.42036, 37.375778], [-118.41929, 37.375781], [-118.419253, 37.375782], [-118.418437, 37.375795], [-118.417834, 37.375791], [-118.417409, 37.375793], [-118.417275, 37.375794], [-118.416936, 37.3758], [-118.416595, 37.375806], [-118.41624, 37.375808], [-118.415461, 37.375808], [-118.415324, 37.375808], [-118.414661, 37.375808], [-118.414301, 37.37581], [-118.414276, 37.37581], [-118.41423, 37.375811], [-118.413791, 37.375812], [-118.412984, 37.375813], [-118.410598, 37.375815], [-118.40564, 37.375828], [-118.404965, 37.375824], [-118.402733, 37.375816], [-118.39998, 37.375797], [-118.398641, 37.375787], [-118.398382, 37.375766], [-118.398153, 37.375731], [-118.397754, 37.375652], [-118.397538, 37.375593], [-118.397359, 37.375534], [-118.397139, 37.37544], [-118.396892, 37.37532], [-118.396572, 37.375126], [-118.396376, 37.374983], [-118.396222, 37.374857], [-118.396003, 37.374633], [-118.395814, 37.374394], [-118.395577, 37.37402]]}, "props": {"MTFCC": "S1200", "NAME": null}}, {"geom": {"type": "LineString", "coordinates": [[-118.41381, 37.373281], [-118.41381, 37.373317], [-118.413803, 37.373831], [-118.413805, 37.374051], [-118.413785, 37.374988], [-118.413791, 37.375812]]}, "props": {"MTFCC": "S1400", "NAME": null}}, {"geom": {"type": "LineString", "coordinates": [[-118.391519, 37.364352], [-118.391531, 37.365078], [-118.391543, 37.365415], [-118.391545, 37.365695]]}, "props": {"MTFCC": "S1400", "NAME": null}}, {"geom": {"type": "LineString", "coordinates": [[-118.39624723614776, 37.3641], [-118.396255, 37.364635], [-118.396267, 37.365395], [-118.396277, 37.366091]]}, "props": {"MTFCC": "S1400", "NAME": null}}, {"geom": {"type": "LineString", "coordinates": [[-118.39530468, 37.3641], [-118.395309, 37.364304], [-118.395309, 37.364641], [-118.395325, 37.365412], [-118.395342, 37.365816], [-118.395345, 37.36629], [-118.395365, 37.367408], [-118.395367, 37.367641], [-118.395381, 37.368179], [-118.395386, 37.369555], [-118.395378, 37.370427], [-118.395384, 37.371385], [-118.395384, 37.372546], [-118.395384, 37.372992], [-118.395423, 37.373506], [-118.395469, 37.373715], [-118.39554, 37.373946], [-118.395577, 37.37402]]}, "props": {"MTFCC": "S1200", "NAME": null}}, {"geom": {"type": "LineString", "coordinates": [[-118.41379928828829, 37.3641], [-118.413802, 37.364401], [-118.4138, 37.364715], [-118.413796, 37.365361], [-118.413802, 37.366553], [-118.413808, 37.367423], [-118.413799, 37.368306], [-118.413799, 37.368336], [-118.413806, 37.368534], [-118.413807, 37.369461], [-118.413804, 37.370671], [-118.41382, 37.372497], [-118.41381, 37.373281]]}, "props": {"MTFCC": "S1400", "NAME": null}}, {"geom": {"type": "LineString", "coordinates": [[-118.397946, 37.375785], [-118.398084, 37.375815], [-118.39829, 37.375846], [-118.39864, 37.375872], [-118.399979, 37.375877], [-118.402728, 37.375905], [-118.404963, 37.375919], [-118.407947, 37.375922], [-118.410595, 37.375904], [-118.413805, 37.375913], [-118.413823, 37.375914], [-118.414192, 37.375912], [-118.414292, 37.375913], [-118.414969, 37.375896], [-118.415464, 37.375899], [-118.415787, 37.375901], [-118.416407, 37.375904], [-118.416933, 37.375901], [-118.417065, 37.3759], [-118.417409, 37.375901], [-118.417872, 37.375899], [-118.418451, 37.375898], [-118.419183, 37.375895], [-118.4195, 37.375893], [-118.420287, 37.375878], [-118.420439, 37.375879], [-118.42093, 37.375879], [-118.422557, 37.375879], [-118.422957, 37.37588], [-118.424548, 37.375874], [-118.427546, 37.375888], [-118.428812, 37.375888], [-118.429086, 37.375889], [-118.429354, 37.37589], [-118.429883, 37.375897], [-118.431043, 37.375888], [-118.431365, 37.37589], [-118.432033, 37.375914], [-118.435201, 37.375904], [-118.437797, 37.375917], [-118.439026, 37.375931], [-118.440728, 37.375931], [-118.441364, 37.375931], [-118.442131, 37.37593], [-118.443493, 37.375916], [-118.44532, 37.375911], [-118.445876, 37.375901], [-118.447954, 37.375906], [-118.454028, 37.375859], [-118.455823, 37.375853], [-118.456019, 37.375851], [-118.456236, 37.375848], [-118.456549, 37.375843], [-118.458581, 37.375837], [-118.459459, 37.375828], [-118.46042, 37.375838], [-118.461614, 37.375896], [-118.463112, 37.376067], [-118.463365, 37.376101], [-118.464342, 37.376259], [-118.464921, 37.376373]]}, "props": {"MTFCC": "S1200", "NAME": null}}, {"geom": {"type": "LineString", "coordinates": [[-118.395425, 37.37393], [-118.395455, 37.373997], [-118.395501, 37.374099]]}, "props": {"MTFCC": "S1200", "NAME": null}}, {"geom": {"type": "LineString", "coordinates": [[-118.41835171791256, 37.3641], [-118.418345, 37.364533], [-118.418344, 37.365295], [-118.418343, 37.367142], [-118.418351, 37.368523], [-118.418356, 37.36933], [-118.418353, 37.369782], [-118.418364, 37.371553], [-118.418371, 37.37191], [-118.418355, 37.373045], [-118.418355, 37.373203], [-118.418367, 37.373369], [-118.418386, 37.373572], [-118.418394, 37.373677], [-118.418433, 37.374076], [-118.418444, 37.374465], [-118.418437, 37.375795]]}, "props": {"MTFCC": "S1400", "NAME": null}}, {"geom": {"type": "LineString", "coordinates": [[-118.444545, 37.365362], [-118.444432, 37.366744], [-118.444369, 37.367656]]}, "props": {"MTFCC": "S1400", "NAME": null}}, {"geom": {"type": "LineString", "coordinates": [[-118.395509, 37.374117], [-118.395713, 37.374438], [-118.395911, 37.374687], [-118.396137, 37.374919], [-118.396291, 37.375045], [-118.396503, 37.375199], [-118.39683, 37.375397], [-118.397076, 37.375518], [-118.397318, 37.375619], [-118.397506, 37.375681], [-118.397721, 37.37574], [-118.397946, 37.375785]]}, "props": {"MTFCC": "S1200", "NAME": null}}, {"geom": {"type": "LineString", "coordinates": [[-118.42978297786648, 37.3641], [-118.429783, 37.364161], [-118.429782, 37.364188], [-118.429783, 37.364217], [-118.429786, 37.364689], [-118.429778, 37.368466], [-118.429777, 37.370016], [-118.429787, 37.370766], [-118.429787, 37.370827], [-118.429794, 37.372408], [-118.429846, 37.373876]]}, "props": {"MTFCC": "S1400", "NAME": null}}, {"geom": {"type": "LineString", "coordinates": [[-118.395325, 37.375797], [-118.397946, 37.375785]]}, "props": {"MTFCC": "S1200", "NAME": null}}, {"geom": {"type": "LineString", "coordinates": [[-118.395509, 37.374117], [-118.395467, 37.374235], [-118.395391, 37.374385], [-118.395379, 37.374657], [-118.395362, 37.375741], [-118.395325, 37.375797]]}, "props": {"MTFCC": "S1400", "NAME": null}}, {"geom": {"type": "LineString", "coordinates": [[-118.38901169794345, 37.3641], [-118.389017, 37.364375], [-118.389038, 37.36506]]}, "props": {"MTFCC": "S1400", "NAME": null}}, {"geom": {"type": "LineString", "coordinates": [[-118.3913566910039, 37.3641], [-118.391358, 37.364351]]}, "props": {"MTFCC": "S1400", "NAME": null}}, {"geom": {"type": "LineString", "coordinates": [[-118.42751654655227, 37.3641], [-118.427516, 37.36453], [-118.427516, 37.364559], [-118.427512, 37.364723], [-118.427508, 37.367135], [-118.427509, 37.368479], [-118.427503, 37.371034], [-118.427497, 37.373953], [-118.427491, 37.375004], [-118.427513, 37.375787]]}, "props": {"MTFCC": "S1400", "NAME": null}}, {"geom": {"type": "LineString", "coordinates": [[-118.349612, 37.433776], [-118.349093, 37.433515], [-118.343962, 37.425685]]}, "props": {"MTFCC": "S1400", "NAME": null}}, {"geom": {"type": "LineString", "coordinates": [[-118.42297633134652, 37.3641], [-118.422957, 37.366082], [-118.422959, 37.368506], [-118.422961, 37.369118], [-118.422954, 37.370242], [-118.422955, 37.370965], [-118.422952, 37.372026], [-118.422951, 37.373137], [-118.422936, 37.374167], [-118.422937, 37.374226], [-118.422941, 37.374632], [-118.422941, 37.375298], [-118.422945, 37.375775], [-118.422945, 37.375826], [-118.422957, 37.37588], [-118.422992, 37.375982], [-118.423005, 37.376049], [-118.423015, 37.376602], [-118.423017, 37.376713], [-118.422995, 37.377226], [-118.422989, 37.377254], [-118.422931, 37.377522], [-118.422915, 37.377781], [-118.422911, 37.378318], [-118.422908, 37.378741], [-118.422917, 37.379352], [-118.422926, 37.38047], [-118.422931, 37.381734], [-118.422935, 37.382617], [-118.42294, 37.382992], [-118.422928, 37.383143]]}, "props": {"MTFCC": "S1400", "NAME": null}}, {"geom": {"type": "LineString", "coordinates": [[-118.584449, 37.399911], [-118.584674, 37.400028], [-118.584796, 37.400107], [-118.584887, 37.400198], [-118.584921, 37.400248], [-118.58496, 37.400371], [-118.584981, 37.400953], [-118.584991, 37.401761], [-118.584993, 37.401877], [-118.585034, 37.40334], [-118.585064, 37.404665], [-118.585102, 37.405337], [-118.585115, 37.406365], [-118.58514, 37.407085], [-118.585161, 37.407238], [-118.585223, 37.407315], [-118.585292, 37.407364], [-118.585374, 37.407382], [-118.586436, 37.407379], [-118.586536, 37.407401], [-118.586623, 37.407446], [-118.586688, 37.40751], [-118.586725, 37.407587], [-118.586734, 37.407853], [-118.586713, 37.408936], [-118.586734, 37.409389], [-118.586755, 37.409529], [-118.586738, 37.409878], [-118.586709, 37.410107], [-118.5867, 37.410331], [-118.586692, 37.412297], [-118.586676, 37.413146], [-118.586676, 37.413677], [-118.586647, 37.414415], [-118.586642, 37.415739], [-118.586627, 37.416156], [-118.586624, 37.417134], [-118.586593, 37.418936], [-118.586588, 37.419014], [-118.586557, 37.419536], [-118.586707, 37.419531], [-118.587699, 37.420475], [-118.588038, 37.420791], [-118.588177, 37.420945], [-118.588266, 37.421065], [-118.588356, 37.421245], [-118.588416, 37.42137], [-118.588715, 37.422016], [-118.588855, 37.422246], [-118.589016, 37.42245], [-118.590896, 37.42467], [-118.591022, 37.424884], [-118.591085, 37.425035], [-118.591138, 37.425268], [-118.591163, 37.425563], [-118.59115, 37.425753], [-118.591094, 37.426038], [-118.591021, 37.426348], [-118.590977, 37.426732], [-118.59096, 37.426981], [-118.590955, 37.427439], [-118.590965, 37.42788], [-118.590979, 37.43027], [-118.590984, 37.431254], [-118.59099, 37.431614], [-118.590994, 37.432148], [-118.591027, 37.433364], [-118.591032, 37.433976], [-118.591079, 37.434063], [-118.591155, 37.434211], [-118.591212, 37.434321], [-118.59132, 37.43448], [-118.591447, 37.434643], [-118.592912, 37.43637], [-118.59402, 37.437706], [-118.594616, 37.438431], [-118.595833, 37.439869], [-118.59638, 37.440546], [-118.596965, 37.441233], [-118.598008, 37.442485], [-118.598168, 37.442623], [-118.598217, 37.442658], [-118.598428, 37.442791], [-118.598829, 37.443004], [-118.599016, 37.443104], [-118.599204, 37.443203], [-118.599513, 37.443367], [-118.601273, 37.444328], [-118.601837, 37.444621], [-118.602087, 37.44473], [-118.602354, 37.444783], [-118.603059, 37.44482], [-118.604019, 37.444832], [-118.604204, 37.44486], [-118.604418, 37.444914], [-118.604574, 37.444928], [-118.604567, 37.44512], [-118.604572, 37.44666], [-118.604607, 37.447945], [-118.604623, 37.449302], [-118.604652, 37.449962], [-118.604657, 37.450257], [-118.604663, 37.450628], [-118.60465, 37.451967], [-118.604682, 37.453244], [-118.604659, 37.455052], [-118.604664, 37.456534], [-118.604648, 37.457049], [-118.604643, 37.460513], [-118.604667, 37.461712], [-118.604674, 37.462305], [-118.604683, 37.462512], [-118.604685, 37.462549], [-118.604656, 37.462824], [-118.604616, 37.462921], [-118.604552, 37.46301], [-118.604466, 37.463085], [-118.604227, 37.463241]]}, "props": {"MTFCC": "S1400", "NAME": null}}, {"geom": {"type": "LineString", "coordinates": [[-118.414559, 37.388004], [-118.414544, 37.388046], [-118.414578, 37.389025], [-118.414579, 37.389154], [-118.414568, 37.389275], [-118.414579, 37.390093], [-118.414575, 37.390383]]}, "props": {"MTFCC": "S1400", "NAME": null}}, {"geom": {"type": "LineString", "coordinates": [[-118.395425, 37.37393], [-118.395376, 37.374038], [-118.395296, 37.374485], [-118.395275, 37.375744], [-118.395325, 37.375797]]}, "props": {"MTFCC": "S1200", "NAME": null}}, {"geom": {"type": "LineString", "coordinates": [[-118.415405, 37.383734], [-118.415413, 37.383848], [-118.415419, 37.383918], [-118.415431, 37.384087], [-118.415436, 37.384224], [-118.415436, 37.38509], [-118.415442, 37.385498], [-118.415444, 37.385864], [-118.415447, 37.386412], [-118.415447, 37.386881], [-118.415441, 37.387228], [-118.415435, 37.387909]]}, "props": {"MTFCC": "S1400", "NAME": null}}, {"geom": {"type": "LineString", "coordinates": [[-118.584449, 37.399911], [-118.584334, 37.399855], [-118.584157, 37.399807], [-118.584007, 37.399795], [-118.582276, 37.399776], [-118.581152, 37.399748], [-118.580434, 37.399721], [-118.579953, 37.399686], [-118.579696, 37.399646], [-118.578621, 37.399385], [-118.578186, 37.399285], [-118.578022, 37.399247], [-118.575528, 37.398624], [-118.574632, 37.398389], [-118.57312, 37.398019], [-118.571944, 37.39776], [-118.571893, 37.397749], [-118.571562, 37.397642], [-118.570517, 37.397404], [-118.568803, 37.397085], [-118.568023, 37.396957], [-118.566692, 37.396708], [-118.565924, 37.39657], [-118.565111, 37.396423], [-118.563695, 37.396131], [-118.562445, 37.395851], [-118.561064, 37.395557], [-118.560406, 37.395406], [-118.55964, 37.395244], [-118.5594, 37.395214], [-118.558658, 37.395159], [-118.558086, 37.395138], [-118.557622, 37.395112], [-118.555756, 37.395038], [-118.554932, 37.394992], [-118.553428, 37.394924], [-118.553206, 37.394901], [-118.552311, 37.39484], [-118.551925, 37.394799], [-118.551566, 37.394737], [-118.55131, 37.394657], [-118.550839, 37.394435], [-118.550489, 37.394251], [-118.550225, 37.394099], [-118.549774, 37.393818], [-118.549534, 37.393619], [-118.549336, 37.393431], [-118.549096, 37.393231], [-118.54881, 37.393046], [-118.548562, 37.392943], [-118.548311, 37.392855], [-118.548016, 37.392764], [-118.547566, 37.39265], [-118.546867, 37.392494], [-118.546711, 37.392473], [-118.546616, 37.392468], [-118.546359, 37.392481], [-118.546167, 37.392515], [-118.546021, 37.392562], [-118.545704, 37.392698], [-118.543986, 37.393502], [-118.543744, 37.393606], [-118.543419, 37.393713], [-118.543262, 37.393753], [-118.543, 37.393795], [-118.542469, 37.393821], [-118.539338, 37.393752], [-118.538522, 37.393743], [-118.538103, 37.393751], [-118.537829, 37.393757], [-118.537486, 37.393796], [-118.537015, 37.393879], [-118.536741, 37.393907], [-118.535871, 37.393915], [-118.533954, 37.393904], [-118.530817, 37.393881], [-118.529191, 37.393881], [-118.528334, 37.393876], [-118.527846, 37.393889], [-118.527672, 37.393889], [-118.526391, 37.393999], [-118.522663, 37.394386], [-118.519694, 37.394698], [-118.518911, 37.394756], [-118.518358, 37.394775], [-118.517974, 37.394775], [-118.517688, 37.394763], [-118.517326, 37.394734], [-118.51689, 37.394689], [-118.516393, 37.394614], [-118.515978, 37.394532], [-118.515363, 37.394381], [-118.514993, 37.394264], [-118.514607, 37.39413], [-118.514245, 37.393989], [-118.51376, 37.393766], [-118.513164, 37.393454], [-118.51193, 37.392736], [-118.51085, 37.392086], [-118.50893, 37.390976], [-118.507591, 37.390168], [-118.506227, 37.389357], [-118.504726, 37.388483], [-118.503198, 37.387656], [-118.502246, 37.387221]]}, "props": {"MTFCC": "S1400", "NAME": null}}, {"geom": {"type": "LineString", "coordinates": [[-118.414559, 37.388004], [-118.414544, 37.388046], [-118.414578, 37.389025], [-118.414579, 37.389154], [-118.414568, 37.389275], [-118.414579, 37.390093], [-118.414575, 37.390383]]}, "props": {"MTFCC": "S1400", "NAME": null}}, {"geom": {"type": "LineString", "coordinates": [[-118.44535717431194, 37.3641], [-118.445356, 37.364164], [-118.445312, 37.364539], [-118.445273, 37.364764], [-118.445244, 37.365128]]}, "props": {"MTFCC": "S1400", "NAME": null}}, {"geom": {"type": "LineString", "coordinates": [[-118.388079, 37.364382], [-118.389017, 37.364375], [-118.391358, 37.364351], [-118.391519, 37.364352], [-118.392345, 37.364336], [-118.392784, 37.364327], [-118.393312, 37.364322], [-118.393736, 37.364319], [-118.394274, 37.364316], [-118.395228, 37.364305]]}, "props": {"MTFCC": "S1400", "NAME": null}}, {"geom": {"type": "LineString", "coordinates": [[-118.395386, 37.369555], [-118.395254, 37.369554], [-118.392148, 37.369604], [-118.390737, 37.369612], [-118.388539, 37.369626]]}, "props": {"MTFCC": "S1400", "NAME": null}}, {"geom": {"type": "LineString", "coordinates": [[-118.386231, 37.36902], [-118.38786, 37.368993], [-118.388536, 37.368986]]}, "props": {"MTFCC": "S1400", "NAME": null}}, {"geom": {"type": "LineString", "coordinates": [[-118.395256, 37.365818], [-118.393733, 37.365845], [-118.39281, 37.365844], [-118.392625, 37.365846], [-118.391626, 37.365853], [-118.391594, 37.365845], [-118.39156, 37.365814], [-118.391545, 37.365695]]}, "props": {"MTFCC": "S1400", "NAME": null}}, {"geom": {"type": "LineString", "coordinates": [[-118.402352, 37.369478], [-118.401079, 37.369512], [-118.399811, 37.369513], [-118.398586, 37.369513], [-118.397381, 37.369528], [-118.395386, 37.369555]]}, "props": {"MTFCC": "S1400", "NAME": null}}, {"geom": {"type": "LineString", "coordinates": [[-118.395244, 37.365414], [-118.395325, 37.365412], [-118.396267, 37.365395], [-118.397207, 37.365393], [-118.398195, 37.365389], [-118.399152, 37.365387], [-118.399673, 37.365394], [-118.399849, 37.365408], [-118.399948, 37.365425], [-118.400077, 37.36547], [-118.402347, 37.365457], [-118.404576, 37.365464], [-118.404946, 37.365431]]}, "props": {"MTFCC": "S1400", "NAME": null}}, {"geom": {"type": "LineString", "coordinates": [[-118.620482, 37.432017], [-118.621196, 37.431925], [-118.621747, 37.431831], [-118.621952, 37.431813], [-118.622198, 37.431813], [-118.622333, 37.431791], [-118.622688, 37.431658], [-118.622864, 37.431621], [-118.623116, 37.431542], [-118.623209, 37.431529], [-118.623492, 37.431522], [-118.623737, 37.431485], [-118.623875, 37.431439], [-118.623974, 37.431392], [-118.624128, 37.431359], [-118.624401, 37.431362], [-118.624613, 37.431323], [-118.624749, 37.431275], [-118.624868, 37.431206], [-118.624956, 37.43113], [-118.625088, 37.431005], [-118.625142, 37.430964], [-118.625265, 37.430902], [-118.625393, 37.430782], [-118.625539, 37.43069], [-118.625639, 37.430654], [-118.625906, 37.430583], [-118.62604, 37.430572], [-118.626154, 37.430543], [-118.626479, 37.430397], [-118.626677, 37.430271], [-118.626836, 37.430219], [-118.627112, 37.430015], [-118.627208, 37.429957], [-118.627363, 37.429902], [-118.627482, 37.42987], [-118.627711, 37.429754], [-118.62777, 37.429716], [-118.627896, 37.429666], [-118.62806, 37.429611], [-118.628197, 37.429538], [-118.628313, 37.429506], [-118.628523, 37.429474], [-118.628753, 37.429463], [-118.62897, 37.429433], [-118.629349, 37.429404], [-118.629598, 37.429403], [-118.629841, 37.429369], [-118.629954, 37.429363], [-118.630114, 37.429372], [-118.630565, 37.429274], [-118.630653, 37.429278], [-118.630735, 37.429303], [-118.63087, 37.429377], [-118.630892, 37.429398], [-118.630942, 37.429505], [-118.63101, 37.429565], [-118.631292, 37.429762], [-118.631343, 37.429776], [-118.631492, 37.429796], [-118.631658, 37.429857], [-118.631792, 37.429874], [-118.631969, 37.429855], [-118.632055, 37.429835], [-118.632194, 37.429788], [-118.632275, 37.429784], [-118.6324, 37.429803], [-118.632537, 37.429785], [-118.632925, 37.429699], [-118.633088, 37.42967], [-118.633173, 37.429621], [-118.633329, 37.429447], [-118.633363, 37.429395], [-118.63343, 37.429361], [-118.633603, 37.429345], [-118.633726, 37.429313], [-118.633939, 37.429232], [-118.634019, 37.429236], [-118.634291, 37.429306], [-118.634405, 37.429306], [-118.634614, 37.429247], [-118.634768, 37.429176], [-118.634901, 37.429149], [-118.635105, 37.429119], [-118.635188, 37.429085], [-118.635298, 37.429001], [-118.635363, 37.428984], [-118.63549, 37.428977], [-118.635648, 37.428944], [-118.635823, 37.428886], [-118.636017, 37.428793], [-118.63609, 37.428741], [-118.636141, 37.428692], [-118.636218, 37.428668], [-118.636284, 37.428674], [-118.636425, 37.428731], [-118.636513, 37.428734], [-118.636642, 37.428687], [-118.636728, 37.42869], [-118.636786, 37.428717], [-118.636855, 37.428759], [-118.636932, 37.428772], [-118.637032, 37.428766], [-118.637118, 37.428787], [-118.637274, 37.42884], [-118.63741, 37.42887], [-118.637514, 37.428866], [-118.637643, 37.428827], [-118.637945, 37.428791], [-118.638029, 37.428765], [-118.638099, 37.42872], [-118.638158, 37.428636], [-118.638219, 37.428614], [-118.638546, 37.428615], [-118.638664, 37.428596], [-118.63885, 37.428534], [-118.639324, 37.428495], [-118.63959, 37.42849], [-118.639728, 37.428472], [-118.640001, 37.428392], [-118.640117, 37.428381], [-118.640625, 37.428404], [-118.640849, 37.428382], [-118.64125, 37.428361], [-118.641429, 37.428312], [-118.641579, 37.428301], [-118.642137, 37.428079]]}, "props": {"MTFCC": "S1400", "NAME": null}}, {"geom": {"type": "LineString", "coordinates": [[-118.115042, 37.431275], [-118.115033, 37.43142]]}, "props": {"MTFCC": "S1400", "NAME": null}}, {"geom": {"type": "LineString", "coordinates": [[-118.190248, 37.416913], [-118.190453, 37.417264], [-118.190868, 37.417876], [-118.191084, 37.418117], [-118.191142, 37.418188], [-118.19123, 37.418335], [-118.191349, 37.418584], [-118.191433, 37.418705], [-118.1922, 37.419674], [-118.192718, 37.420406], [-118.192789, 37.420486]]}, "props": {"MTFCC": "S1400", "NAME": null}}, {"geom": {"type": "LineString", "coordinates": [[-118.192934, 37.42153], [-118.192751, 37.421736], [-118.192677, 37.421834], [-118.192569, 37.422031], [-118.192429, 37.422776], [-118.19234, 37.423051], [-118.192281, 37.423177]]}, "props": {"MTFCC": "S1400", "NAME": null}}, {"geom": {"type": "LineString", "coordinates": [[-118.441736, 37.367354], [-118.442797, 37.367364]]}, "props": {"MTFCC": "S1400", "NAME": null}}, {"geom": {"type": "LineString", "coordinates": [[-118.443555, 37.371664], [-118.44371, 37.371987], [-118.443743, 37.372111], [-118.44375, 37.372513], [-118.443752, 37.372614], [-118.443783, 37.372718], [-118.443885, 37.37283], [-118.444743, 37.373559], [-118.444929, 37.373751], [-118.445175, 37.374043], [-118.445465, 37.374458], [-118.445601, 37.374722], [-118.445762, 37.37526], [-118.445838, 37.375497], [-118.445869, 37.375592], [-118.445877, 37.375826]]}, "props": {"MTFCC": "S1400", "NAME": null}}, {"geom": {"type": "LineString", "coordinates": [[-118.41802, 37.375232], [-118.418028, 37.375155], [-118.417886, 37.374793]]}, "props": {"MTFCC": "S1740", "NAME": null}}, {"geom": {"type": "LineString", "coordinates": [[-118.503046, 37.407022], [-118.502589, 37.407055], [-118.502191, 37.40708], [-118.501914, 37.407092], [-118.501539, 37.407098], [-118.501216, 37.407083], [-118.50102, 37.407065], [-118.500573, 37.407012], [-118.500275, 37.406959], [-118.500106, 37.406953], [-118.499711, 37.407024], [-118.499482, 37.407039], [-118.499103, 37.407019], [-118.498847, 37.406986], [-118.498589, 37.40693], [-118.498397, 37.406904], [-118.498209, 37.406904], [-118.498117, 37.406915], [-118.497639, 37.407005], [-118.497273, 37.40705], [-118.496678, 37.407104], [-118.496373, 37.407163], [-118.496078, 37.407226], [-118.495335, 37.40735], [-118.494745, 37.407505], [-118.493964, 37.407694], [-118.493772, 37.407748], [-118.49275, 37.408016], [-118.492327, 37.408103], [-118.491648, 37.408196], [-118.491352, 37.408223], [-118.491049, 37.408231], [-118.490825, 37.408229], [-118.489706, 37.408155], [-118.489525, 37.408165], [-118.4893, 37.408224], [-118.488219, 37.408565], [-118.487152, 37.408939], [-118.486714, 37.409064], [-118.486513, 37.409113], [-118.485969, 37.409211], [-118.485784, 37.409232], [-118.485383, 37.409259], [-118.484596, 37.409352], [-118.484482, 37.409374], [-118.484094, 37.409487], [-118.483705, 37.409613], [-118.48353, 37.40965], [-118.483338, 37.409667], [-118.48312, 37.40966], [-118.482608, 37.409593], [-118.482455, 37.409601], [-118.482369, 37.40962], [-118.482037, 37.409719], [-118.481307, 37.410004], [-118.481176, 37.410036], [-118.481003, 37.410049], [-118.480228, 37.410033], [-118.480094, 37.410052], [-118.479783, 37.410145], [-118.479489, 37.410263], [-118.47928, 37.41031], [-118.479162, 37.410329], [-118.478843, 37.410354], [-118.478031, 37.410472], [-118.477696, 37.410527], [-118.477475, 37.410577], [-118.477317, 37.410591], [-118.477204, 37.410593], [-118.476989, 37.410581], [-118.476876, 37.41059], [-118.476611, 37.410687], [-118.476432, 37.410728], [-118.476297, 37.410747], [-118.475701, 37.410784], [-118.475445, 37.410788], [-118.475246, 37.410812], [-118.475121, 37.410835], [-118.474118, 37.411115], [-118.473887, 37.411159], [-118.473407, 37.411222], [-118.472865, 37.411273], [-118.47268, 37.411287], [-118.471475, 37.411335], [-118.470942, 37.41137], [-118.470615, 37.411381], [-118.470229, 37.411364], [-118.469904, 37.411329], [-118.469598, 37.411269], [-118.469538, 37.411264], [-118.4691, 37.411298], [-118.468947, 37.411298], [-118.468617, 37.411259], [-118.46845, 37.411251], [-118.468283, 37.411258], [-118.4679, 37.411308], [-118.46772, 37.411322], [-118.467555, 37.411308], [-118.467195, 37.411263], [-118.466965, 37.411264], [-118.466687, 37.411293], [-118.465898, 37.411444], [-118.465377, 37.411502], [-118.464837, 37.411544], [-118.464388, 37.411625], [-118.464223, 37.411639], [-118.464087, 37.411659], [-118.463887, 37.411705], [-118.46333, 37.411862], [-118.463094, 37.411901], [-118.462829, 37.411933], [-118.462702, 37.411957], [-118.462169, 37.412118], [-118.461967, 37.412153], [-118.461565, 37.412182], [-118.461028, 37.412257], [-118.460554, 37.412307], [-118.459947, 37.412386], [-118.459771, 37.412404], [-118.459668, 37.412415], [-118.459437, 37.412428], [-118.458532, 37.412423], [-118.458221, 37.412425], [-118.45755, 37.412456], [-118.456749, 37.41251], [-118.455847, 37.412572], [-118.45556, 37.412582], [-118.455109, 37.412583], [-118.454524, 37.412627], [-118.45441, 37.412613], [-118.45422, 37.412537], [-118.454098, 37.412522], [-118.453977, 37.412537], [-118.453867, 37.412582], [-118.453668, 37.412728], [-118.453529, 37.412777], [-118.453349, 37.412804], [-118.453081, 37.412812], [-118.452983, 37.412826], [-118.452274, 37.412988], [-118.452059, 37.41303], [-118.451916, 37.413048], [-118.451771, 37.413054], [-118.451627, 37.413048], [-118.451401, 37.413013], [-118.451208, 37.412978], [-118.451026, 37.412978], [-118.450847, 37.413008], [-118.450806, 37.41302], [-118.450478, 37.413147], [-118.450104, 37.413275], [-118.449968, 37.413298], [-118.449829, 37.413298], [-118.449419, 37.413218], [-118.449299, 37.413218], [-118.449182, 37.413238], [-118.449073, 37.413276], [-118.44881, 37.413394], [-118.448705, 37.413426], [-118.448138, 37.413529], [-118.447797, 37.41363], [-118.447412, 37.413764], [-118.446975, 37.413938], [-118.446623, 37.414084], [-118.446197, 37.41424], [-118.445817, 37.414348], [-118.4456, 37.414397], [-118.44455, 37.414586], [-118.44372, 37.414709], [-118.443402, 37.414741], [-118.4426, 37.41482], [-118.44232, 37.414857], [-118.441817, 37.414961], [-118.441336, 37.41508], [-118.441176, 37.415138], [-118.44104, 37.415188], [-118.440848, 37.415294], [-118.440658, 37.41537], [-118.440359, 37.415456], [-118.440209, 37.415523], [-118.439705, 37.415764], [-118.439494, 37.415853], [-118.439306, 37.415913], [-118.43904, 37.415964], [-118.4386, 37.416019], [-118.438371, 37.41606], [-118.438004, 37.416158], [-118.437067, 37.416471], [-118.436701, 37.416567], [-118.436355, 37.416645], [-118.436135, 37.416719], [-118.435927, 37.416812], [-118.435178, 37.417194], [-118.434907, 37.417302], [-118.434321, 37.41749], [-118.433945, 37.41763], [-118.433837, 37.41766], [-118.433622, 37.417693], [-118.433458, 37.417704], [-118.433359, 37.417711], [-118.433102, 37.417708], [-118.432501, 37.417663], [-118.43231, 37.417664], [-118.432211, 37.417674], [-118.431692, 37.417788], [-118.431107, 37.417923], [-118.430452, 37.41805], [-118.430044, 37.418104], [-118.429111, 37.418244], [-118.428833, 37.418258], [-118.428622, 37.41824], [-118.428344, 37.418171], [-118.428181, 37.418121], [-118.428017, 37.418096], [-118.427836, 37.418092], [-118.427664, 37.418102], [-118.427483, 37.418144], [-118.427268, 37.418215], [-118.427136, 37.418246], [-118.427016, 37.418252], [-118.426895, 37.418241], [-118.426666, 37.418182], [-118.426419, 37.418156], [-118.42617, 37.418157], [-118.425798, 37.418129], [-118.425601, 37.418097], [-118.425387, 37.418042], [-118.424908, 37.41788], [-118.424796, 37.417861], [-118.424569, 37.417876], [-118.424414, 37.417897], [-118.424142, 37.417944], [-118.4238, 37.417965], [-118.423277, 37.417948], [-118.422838, 37.417913], [-118.422535, 37.417869], [-118.422208, 37.417788], [-118.421971, 37.417705], [-118.421723, 37.417653], [-118.421451, 37.417616], [-118.421337, 37.417589], [-118.421, 37.417475], [-118.420527, 37.41736], [-118.42025, 37.417319], [-118.420036, 37.417301], [-118.419876, 37.417264], [-118.419677, 37.417212], [-118.419508, 37.417205], [-118.419078, 37.417211], [-118.418858, 37.417189], [-118.418131, 37.417044], [-118.417871, 37.417015], [-118.417145, 37.416968], [-118.416788, 37.416931], [-118.416127, 37.416859], [-118.415601, 37.416821], [-118.41537, 37.41678], [-118.414766, 37.416643], [-118.414437, 37.416594], [-118.414334, 37.416586], [-118.414124, 37.416585], [-118.413942, 37.416606], [-118.413709, 37.416665], [-118.413351, 37.416809], [-118.41309, 37.416941], [-118.412857, 37.417089], [-118.412599, 37.417281], [-118.412085, 37.417709], [-118.410302, 37.419077], [-118.410154, 37.419195], [-118.409661, 37.419529], [-118.409632, 37.419575]]}, "props": {"MTFCC": "S1400", "NAME": null}}, {"geom": {"type": "LineString", "coordinates": [[-118.501296, 37.371022], [-118.501477, 37.372373], [-118.501101, 37.374705], [-118.501176, 37.37643], [-118.500581, 37.377386]]}, "props": {"MTFCC": "S1400", "NAME": null}}, {"geom": {"type": "LineString", "coordinates": [[-118.50874, 37.409781], [-118.508871, 37.409815], [-118.509075, 37.409892], [-118.509506, 37.410016], [-118.51024, 37.410286], [-118.510527, 37.410418], [-118.51101, 37.410605], [-118.511202, 37.410713], [-118.511438, 37.410885], [-118.51157, 37.411], [-118.511698, 37.41111], [-118.512156, 37.411468], [-118.512405, 37.411704], [-118.512754, 37.412077], [-118.513205, 37.412604], [-118.51371, 37.41312], [-118.513948, 37.413405], [-118.514128, 37.413586], [-118.514337, 37.413763], [-118.51454, 37.413907], [-118.514949, 37.414147], [-118.515776, 37.414555], [-118.515912, 37.414597], [-118.516316, 37.414675], [-118.516428, 37.414721], [-118.516491, 37.414765], [-118.51651, 37.414795], [-118.516527, 37.414822], [-118.516538, 37.414907], [-118.516505, 37.414989], [-118.516454, 37.415039], [-118.516421, 37.41506], [-118.516395, 37.415076], [-118.516291, 37.415109], [-118.516245, 37.415115], [-118.516006, 37.415145], [-118.515915, 37.415187], [-118.515853, 37.415254], [-118.515792, 37.41545], [-118.515724, 37.415561], [-118.515505, 37.415827], [-118.515481, 37.415921], [-118.515496, 37.415995], [-118.515504, 37.416008], [-118.515538, 37.416062], [-118.515619, 37.416123], [-118.515719, 37.416165], [-118.515746, 37.416175], [-118.515834, 37.4162], [-118.515932, 37.416218], [-118.516185, 37.416227], [-118.516416, 37.416245], [-118.517032, 37.416321], [-118.517398, 37.416382], [-118.517618, 37.416438], [-118.517926, 37.416557], [-118.518023, 37.41657], [-118.51812, 37.416558], [-118.518425, 37.416424], [-118.518702, 37.416344], [-118.518943, 37.416295], [-118.519154, 37.416271], [-118.519301, 37.416279], [-118.519434, 37.416314], [-118.519582, 37.416382], [-118.519626, 37.416417]]}, "props": {"MTFCC": "S1400", "NAME": null}}, {"geom": {"type": "LineString", "coordinates": [[-118.421029, 37.397216], [-118.421073, 37.397305], [-118.421171, 37.397381], [-118.421835, 37.397699], [-118.421927, 37.397774], [-118.421966, 37.397832], [-118.421954, 37.397904]]}, "props": {"MTFCC": "S1400", "NAME": null}}, {"geom": {"type": "LineString", "coordinates": [[-118.42175, 37.390353], [-118.421756, 37.389479], [-118.421791, 37.389252]]}, "props": {"MTFCC": "S1740", "NAME": null}}, {"geom": {"type": "LineString", "coordinates": [[-118.335215, 37.419266], [-118.335297, 37.41927], [-118.335414, 37.419271], [-118.337268, 37.419285], [-118.338266, 37.4193], [-118.341539, 37.419302], [-118.341716, 37.419303], [-118.344481, 37.419325], [-118.345141, 37.419314], [-118.347472, 37.419344], [-118.349742, 37.419311], [-118.351958, 37.419319], [-118.355109, 37.419309], [-118.357998, 37.419309], [-118.358515, 37.419322], [-118.358922, 37.419323], [-118.360582, 37.419327], [-118.360933, 37.419349], [-118.36119, 37.419389], [-118.361357, 37.419421], [-118.363615, 37.419947], [-118.364103, 37.420086], [-118.365254, 37.420513], [-118.366039, 37.420788], [-118.366534, 37.421016], [-118.367004, 37.421308], [-118.367543, 37.42161], [-118.367628, 37.421641], [-118.367785, 37.421662], [-118.367942, 37.421673], [-118.369287, 37.421656], [-118.370773, 37.421625], [-118.371642, 37.421614], [-118.373492, 37.421565], [-118.374762, 37.421541], [-118.376437, 37.421498], [-118.376723, 37.421468], [-118.376941, 37.421396], [-118.377151, 37.421282], [-118.377269, 37.421204], [-118.378278, 37.420418], [-118.378772, 37.420015], [-118.379198, 37.419704], [-118.379519, 37.419522], [-118.379856, 37.419371], [-118.380447, 37.419344], [-118.381977, 37.419378], [-118.382866, 37.419364], [-118.384163, 37.419373], [-118.385125, 37.419363], [-118.385615, 37.419363], [-118.38604, 37.419375], [-118.386238, 37.419375], [-118.386661, 37.419384], [-118.388024, 37.419399], [-118.389741, 37.419411], [-118.391896, 37.419425], [-118.392775, 37.419424], [-118.394811, 37.419444], [-118.395185, 37.419436], [-118.396087, 37.419449], [-118.397615, 37.419471], [-118.398388, 37.41947], [-118.398839, 37.419443], [-118.399552, 37.419453], [-118.400343, 37.419449], [-118.402287, 37.419466], [-118.403136, 37.41947], [-118.403273, 37.419472], [-118.404853, 37.419508], [-118.405358, 37.419511], [-118.407059, 37.419537], [-118.407775, 37.41954], [-118.4085, 37.41955], [-118.408623, 37.419547], [-118.408731, 37.419549], [-118.409191, 37.419559], [-118.409305, 37.41956], [-118.409395, 37.419564], [-118.409632, 37.419575]]}, "props": {"MTFCC": "S1400", "NAME": null}}, {"geom": {"type": "LineString", "coordinates": [[-118.313018, 37.383298], [-118.313052, 37.383383], [-118.313108, 37.383444], [-118.313322, 37.383625], [-118.313357, 37.383655], [-118.313472, 37.38377], [-118.313488, 37.383786], [-118.313537, 37.38389], [-118.313544, 37.383913], [-118.313607, 37.384115], [-118.313655, 37.384182], [-118.313817, 37.384301], [-118.313971, 37.384381], [-118.31401, 37.384451], [-118.314009, 37.384528], [-118.313809, 37.384939], [-118.313774, 37.385071], [-118.313773, 37.385206], [-118.313818, 37.385396], [-118.31388, 37.385542], [-118.313943, 37.385663], [-118.314183, 37.385982], [-118.314234, 37.386059], [-118.314364, 37.386321], [-118.314547, 37.386663], [-118.315098, 37.387874], [-118.315266, 37.388216], [-118.315417, 37.38856], [-118.315432, 37.388625], [-118.315429, 37.388772], [-118.315384, 37.388971], [-118.315286, 37.389186], [-118.315166, 37.389399], [-118.315109, 37.38954], [-118.315091, 37.389646], [-118.315075, 37.389743], [-118.315028, 37.390225], [-118.314986, 37.390487], [-118.314952, 37.390589], [-118.314911, 37.390839], [-118.314863, 37.391359], [-118.314782, 37.391713], [-118.314764, 37.392151]]}, "props": {"MTFCC": "S1400", "NAME": null}}, {"geom": {"type": "LineString", "coordinates": [[-118.314764, 37.392151], [-118.314937, 37.392434], [-118.315258, 37.392885], [-118.315323, 37.392948], [-118.315366, 37.392973]]}, "props": {"MTFCC": "S1400", "NAME": null}}, {"geom": {"type": "LineString", "coordinates": [[-118.377211, 37.375965], [-118.377123, 37.375996], [-118.377028, 37.376043], [-118.376928, 37.376079], [-118.376876, 37.376113], [-118.376778, 37.376226], [-118.376732, 37.376324], [-118.376023, 37.378489], [-118.375597, 37.379905], [-118.375525, 37.380128], [-118.375486, 37.380201], [-118.375341, 37.380386], [-118.375207, 37.380529], [-118.374632, 37.381088], [-118.37461, 37.381103], [-118.373377, 37.38113], [-118.373326, 37.381137], [-118.368306, 37.381201]]}, "props": {"MTFCC": "S1400", "NAME": null}}, {"geom": {"type": "LineString", "coordinates": [[-118.506821, 37.367313], [-118.507197, 37.366834], [-118.50761, 37.366357], [-118.507758, 37.366212], [-118.50787, 37.366124], [-118.508072, 37.36599], [-118.508166, 37.365896]]}, "props": {"MTFCC": "S1400", "NAME": null}}, {"geom": {"type": "LineString", "coordinates": [[-118.395282, 37.371385], [-118.394178, 37.37139], [-118.393408, 37.371401], [-118.393116, 37.371403], [-118.392715, 37.371408], [-118.392153, 37.371412], [-118.392081, 37.371397], [-118.392024, 37.371396], [-118.391954, 37.371397], [-118.391868, 37.3714], [-118.39177, 37.371403], [-118.391661, 37.371403], [-118.391546, 37.371404], [-118.391302, 37.37141], [-118.39118, 37.371413], [-118.391065, 37.371416], [-118.390958, 37.371417], [-118.390858, 37.371419], [-118.390766, 37.371419], [-118.390687, 37.371419], [-118.390627, 37.37142], [-118.390496, 37.371407]]}, "props": {"MTFCC": "S1400", "NAME": null}}, {"geom": {"type": "LineString", "coordinates": [[-118.44327703515626, 37.3641], [-118.442851, 37.364265], [-118.442567, 37.364405], [-118.442255, 37.364522], [-118.441988, 37.364662], [-118.441405, 37.364981]]}, "props": {"MTFCC": "S1400", "NAME": null}}, {"geom": {"type": "LineString", "coordinates": [[-118.400093, 37.366346], [-118.402343, 37.366327], [-118.404681, 37.36631]]}, "props": {"MTFCC": "S1400", "NAME": null}}, {"geom": {"type": "LineString", "coordinates": [[-118.392621, 37.36565], [-118.392621, 37.365183], [-118.392605, 37.365155], [-118.392562, 37.36514], [-118.392503, 37.36515], [-118.392471, 37.365176], [-118.392461, 37.365197], [-118.392439, 37.365298]]}, "props": {"MTFCC": "S1400", "NAME": null}}, {"geom": {"type": "LineString", "coordinates": [[-118.61325, 37.414724], [-118.613267, 37.414894], [-118.613257, 37.415013], [-118.613207, 37.415161], [-118.613131, 37.415256]]}, "props": {"MTFCC": "S1740", "NAME": null}}, {"geom": {"type": "LineString", "coordinates": [[-118.422267, 37.37757], [-118.422286, 37.377795], [-118.422303, 37.379242], [-118.422353, 37.380475], [-118.422345, 37.380926], [-118.422318, 37.381389], [-118.422308, 37.382618]]}, "props": {"MTFCC": "S1400", "NAME": null}}, {"geom": {"type": "LineString", "coordinates": [[-118.419372, 37.388991], [-118.419374, 37.388264]]}, "props": {"MTFCC": "S1740", "NAME": null}}, {"geom": {"type": "LineString", "coordinates": [[-118.422431, 37.385147], [-118.421582, 37.385159], [-118.421509, 37.385185], [-118.421456, 37.385232], [-118.421398, 37.385379], [-118.421312, 37.385504], [-118.421173, 37.385618], [-118.420915, 37.385751], [-118.420734, 37.385818], [-118.420132, 37.386063], [-118.419766, 37.386205], [-118.419633, 37.38627], [-118.419508, 37.38635], [-118.419351, 37.386481], [-118.419261, 37.386567], [-118.419198, 37.386644], [-118.419145, 37.386727], [-118.419103, 37.386813], [-118.419076, 37.386896], [-118.419051, 37.387086], [-118.41904, 37.387373]]}, "props": {"MTFCC": "S1400", "NAME": null}}, {"geom": {"type": "LineString", "coordinates": [[-118.418344, 37.365295], [-118.418252, 37.365282], [-118.418171, 37.36527], [-118.418074, 37.365262], [-118.417959, 37.365255], [-118.417846, 37.36526], [-118.417736, 37.365262], [-118.417628, 37.36526], [-118.417527, 37.365261], [-118.417349, 37.365263], [-118.417233, 37.365274], [-118.417165, 37.365261], [-118.417111, 37.365225], [-118.417042, 37.365148], [-118.417008, 37.365084], [-118.416993, 37.365013], [-118.41699, 37.364941], [-118.416992, 37.364869], [-118.416993, 37.364806], [-118.416992, 37.36475]]}, "props": {"MTFCC": "S1400", "NAME": null}}, {"geom": {"type": "LineString", "coordinates": [[-118.386101, 37.36977], [-118.386102, 37.369021], [-118.386155, 37.369032], [-118.386231, 37.36902]]}, "props": {"MTFCC": "S1640", "NAME": null}}, {"geom": {"type": "LineString", "coordinates": [[-118.417063, 37.384637], [-118.416633, 37.384652]]}, "props": {"MTFCC": "S1400", "NAME": null}}, {"geom": {"type": "LineString", "coordinates": [[-118.415447, 37.386412], [-118.415971, 37.3864], [-118.416535, 37.386397]]}, "props": {"MTFCC": "S1400", "NAME": null}}, {"geom": {"type": "LineString", "coordinates": [[-118.36943, 37.369416], [-118.369404, 37.369437], [-118.369388, 37.369519], [-118.369423, 37.370818], [-118.369408, 37.370958], [-118.36936, 37.371056], [-118.369276, 37.371138], [-118.369181, 37.371189], [-118.369072, 37.371215], [-118.368913, 37.371227], [-118.368541, 37.371218], [-118.368375, 37.371198], [-118.368249, 37.371171], [-118.368169, 37.371125], [-118.368118, 37.371085], [-118.367971, 37.370894], [-118.367976, 37.371045], [-118.367964, 37.371465], [-118.367972, 37.372022]]}, "props": {"MTFCC": "S1400", "NAME": null}}, {"geom": {"type": "LineString", "coordinates": [[-118.313333, 37.367079], [-118.31335, 37.367391], [-118.31338, 37.367642], [-118.313375, 37.367774], [-118.313382, 37.368526], [-118.313364, 37.368634]]}, "props": {"MTFCC": "S1400", "NAME": null}}, {"geom": {"type": "LineString", "coordinates": [[-118.31453492857142, 37.3641], [-118.314551, 37.364175], [-118.314523, 37.364243]]}, "props": {"MTFCC": "S1400", "NAME": null}}, {"geom": {"type": "LineString", "coordinates": [[-118.607073, 37.390522], [-118.612982, 37.395287], [-118.620364, 37.40124], [-118.621002, 37.401754], [-118.620964, 37.40244]]}, "props": {"MTFCC": "S1500", "NAME": null}}, {"geom": {"type": "LineString", "coordinates": [[-118.483991, 37.404224], [-118.484047, 37.404196], [-118.48415, 37.404166], [-118.484205, 37.404162], [-118.484268, 37.404171], [-118.484348, 37.404206], [-118.484386, 37.404237], [-118.484522, 37.404326], [-118.484651, 37.404375], [-118.484803, 37.404405], [-118.485162, 37.404394], [-118.485567, 37.404393], [-118.485657, 37.404387], [-118.485724, 37.404374], [-118.485839, 37.404315], [-118.485908, 37.404252], [-118.485967, 37.404142], [-118.486012, 37.404106], [-118.486058, 37.404093], [-118.486148, 37.404093], [-118.486451, 37.404144], [-118.486527, 37.404143], [-118.486702, 37.404095], [-118.486818, 37.404087], [-118.487222, 37.40404], [-118.487703, 37.403998], [-118.487855, 37.403971], [-118.489164, 37.403798], [-118.48963, 37.40374], [-118.490096, 37.403704], [-118.490641, 37.403703], [-118.491052, 37.403665], [-118.491508, 37.403639], [-118.49179, 37.403669], [-118.492053, 37.403683], [-118.492568, 37.403692], [-118.492912, 37.403712], [-118.493165, 37.403717], [-118.49354, 37.403741], [-118.49378, 37.403746], [-118.493888, 37.403728], [-118.494035, 37.403669], [-118.494118, 37.40361], [-118.494183, 37.403539], [-118.494222, 37.403454], [-118.494242, 37.403324], [-118.494273, 37.403224], [-118.494302, 37.403193], [-118.494375, 37.403154], [-118.494496, 37.403145], [-118.49466, 37.403143], [-118.494789, 37.403127], [-118.494942, 37.403094], [-118.495213, 37.403013], [-118.49596, 37.402789], [-118.496604, 37.402507], [-118.496725, 37.402473], [-118.497084, 37.402371], [-118.49728, 37.402335], [-118.497329, 37.402326], [-118.497702, 37.402285], [-118.497993, 37.402265], [-118.498359, 37.402258], [-118.49852, 37.402234], [-118.498707, 37.402172], [-118.499955, 37.401839], [-118.500164, 37.401766], [-118.500486, 37.40158], [-118.50067, 37.40149]]}, "props": {"MTFCC": "S1400", "NAME": null}}, {"geom": {"type": "LineString", "coordinates": [[-118.529191, 37.393881], [-118.528764, 37.394851], [-118.528567, 37.395247], [-118.528259, 37.39586], [-118.528135, 37.396145], [-118.527976, 37.396361], [-118.527679, 37.396697], [-118.527619, 37.39679], [-118.527572, 37.396888], [-118.527537, 37.39699], [-118.527501, 37.397256], [-118.527504, 37.397469], [-118.527533, 37.397704], [-118.527694, 37.398492], [-118.527706, 37.398629], [-118.527693, 37.398795], [-118.527646, 37.399018], [-118.527653, 37.399123], [-118.527683, 37.399203], [-118.527754, 37.39929], [-118.527855, 37.399356], [-118.527979, 37.39941], [-118.527989, 37.399449], [-118.52796, 37.399481], [-118.527681, 37.399642]]}, "props": {"MTFCC": "S1400", "NAME": null}}, {"geom": {"type": "LineString", "coordinates": [[-118.533569, 37.389933], [-118.53367, 37.389941], [-118.533922, 37.389993], [-118.534288, 37.390084], [-118.53432, 37.390092], [-118.534781, 37.390177], [-118.535094, 37.390245], [-118.536566, 37.390652], [-118.537217, 37.390798], [-118.538677, 37.391067], [-118.539136, 37.391144], [-118.539232, 37.391158], [-118.539935, 37.391261], [-118.540943, 37.391431], [-118.541323, 37.391505], [-118.541642, 37.391579], [-118.543026, 37.391839], [-118.54359, 37.391934], [-118.544262, 37.392106]]}, "props": {"MTFCC": "S1400", "NAME": null}}, {"geom": {"type": "LineString", "coordinates": [[-118.55818, 37.383706], [-118.558254, 37.383939], [-118.558272, 37.384072], [-118.558252, 37.384183], [-118.558199, 37.384311], [-118.558129, 37.384405], [-118.557823, 37.384713], [-118.557678, 37.384896], [-118.557396, 37.385304], [-118.557092, 37.385666], [-118.556972, 37.385782], [-118.556848, 37.385867], [-118.556729, 37.385917], [-118.556572, 37.385957], [-118.556398, 37.385977], [-118.555254, 37.386034], [-118.554972, 37.386035], [-118.554725, 37.386025], [-118.554481, 37.385995], [-118.553646, 37.385846], [-118.553356, 37.385821], [-118.553042, 37.385816], [-118.552744, 37.38584], [-118.55238, 37.385915], [-118.551405, 37.386178], [-118.551155, 37.386229], [-118.550986, 37.38625], [-118.550728, 37.386264], [-118.550526, 37.386263], [-118.550413, 37.386287], [-118.550195, 37.386362], [-118.550098, 37.386383], [-118.549853, 37.386402], [-118.549811, 37.386411], [-118.549319, 37.386615], [-118.549263, 37.386638], [-118.549176, 37.386708], [-118.549071, 37.386842], [-118.548982, 37.386891], [-118.548888, 37.386917], [-118.548673, 37.386955], [-118.548392, 37.386971], [-118.548006, 37.387042], [-118.547759, 37.387102], [-118.5476, 37.387164], [-118.547542, 37.387193], [-118.547343, 37.387291], [-118.547045, 37.387464], [-118.546757, 37.387649], [-118.546218, 37.388025], [-118.545443, 37.388557], [-118.544951, 37.388884], [-118.543704, 37.389812], [-118.543195, 37.390175], [-118.542924, 37.390378], [-118.54228, 37.390882], [-118.54193, 37.39113], [-118.541617, 37.391331], [-118.541323, 37.391505], [-118.540751, 37.391903], [-118.539802, 37.392523], [-118.539006, 37.393055], [-118.538477, 37.393389], [-118.537829, 37.393757]]}, "props": {"MTFCC": "S1400", "NAME": null}}, {"geom": {"type": "LineString", "coordinates": [[-118.580297, 37.375121], [-118.580314, 37.374965], [-118.580349, 37.374907], [-118.580461, 37.374789], [-118.580603, 37.374598], [-118.580687, 37.374508], [-118.580772, 37.374447], [-118.580874, 37.374407], [-118.580936, 37.374398]]}, "props": {"MTFCC": "S1400", "NAME": null}}, {"geom": {"type": "LineString", "coordinates": [[-118.56969, 37.440045], [-118.569905, 37.440076], [-118.570142, 37.440135], [-118.57043, 37.440246], [-118.570565, 37.440278], [-118.570778, 37.440313]]}, "props": {"MTFCC": "S1400", "NAME": null}}, {"geom": {"type": "LineString", "coordinates": [[-118.558691, 37.438303], [-118.558763, 37.438266], [-118.558802, 37.438254], [-118.558904, 37.438257], [-118.559174, 37.438297], [-118.559267, 37.438303], [-118.559411, 37.438288], [-118.559483, 37.438267], [-118.559621, 37.438192], [-118.559723, 37.438124], [-118.559861, 37.438058], [-118.560038, 37.438001], [-118.560147, 37.437983], [-118.560761, 37.437996], [-118.56099, 37.437986], [-118.561492, 37.437923], [-118.561966, 37.437887], [-118.562119, 37.437906], [-118.562287, 37.437971], [-118.562408, 37.438053], [-118.562483, 37.438129], [-118.562737, 37.438443], [-118.563076, 37.438769], [-118.563218, 37.438859], [-118.563367, 37.438922], [-118.563728, 37.439004], [-118.564017, 37.439095], [-118.56417, 37.439158], [-118.564437, 37.439292], [-118.564545, 37.43937], [-118.56463, 37.439463], [-118.564777, 37.439722], [-118.564834, 37.439795], [-118.564949, 37.439895], [-118.565102, 37.439984], [-118.565275, 37.440044], [-118.565644, 37.440113], [-118.566065, 37.440197], [-118.566227, 37.440209], [-118.566523, 37.440184], [-118.56666, 37.440165], [-118.566746, 37.440133], [-118.566762, 37.440119], [-118.566863, 37.440031], [-118.567044, 37.439825], [-118.567084, 37.439797], [-118.567208, 37.439754], [-118.567398, 37.439718], [-118.567486, 37.439711], [-118.567597, 37.439725], [-118.567686, 37.439766], [-118.567778, 37.439845], [-118.568082, 37.440158], [-118.568197, 37.440239], [-118.568355, 37.4403], [-118.568476, 37.440321], [-118.568599, 37.440321], [-118.56872, 37.4403], [-118.569083, 37.440185], [-118.569358, 37.440086], [-118.569468, 37.44006], [-118.569579, 37.440047], [-118.56969, 37.440045]]}, "props": {"MTFCC": "S1400", "NAME": null}}, {"geom": {"type": "LineString", "coordinates": [[-118.507882, 37.409447], [-118.507888, 37.409378], [-118.507847, 37.409314], [-118.50781, 37.409289], [-118.507591, 37.409218], [-118.507532, 37.409186]]}, "props": {"MTFCC": "S1400", "NAME": null}}, {"geom": {"type": "LineString", "coordinates": [[-118.585685, 37.419537], [-118.585669, 37.419751], [-118.58563, 37.41988], [-118.585591, 37.419962], [-118.585186, 37.420526], [-118.585088, 37.42068], [-118.585053, 37.420733], [-118.584992, 37.420829], [-118.584838, 37.421046], [-118.584745, 37.421158], [-118.584574, 37.421317], [-118.58445, 37.421392], [-118.584082, 37.421586], [-118.583902, 37.421702], [-118.583802, 37.421754], [-118.583695, 37.421797], [-118.583584, 37.421831], [-118.583418, 37.421863], [-118.581728, 37.422045], [-118.581372, 37.422062]]}, "props": {"MTFCC": "S1400", "NAME": null}}, {"geom": {"type": "LineString", "coordinates": [[-118.352811, 37.391298], [-118.353028, 37.391299], [-118.353147, 37.391276], [-118.353448, 37.391274], [-118.353681, 37.391256], [-118.353785, 37.39123], [-118.35396, 37.391138]]}, "props": {"MTFCC": "S1400", "NAME": null}}, {"geom": {"type": "LineString", "coordinates": [[-118.547286, 37.414548], [-118.547902, 37.415183]]}, "props": {"MTFCC": "S1400", "NAME": null}}, {"geom": {"type": "LineString", "coordinates": [[-118.545928, 37.407748], [-118.545824, 37.408217], [-118.545819, 37.408267]]}, "props": {"MTFCC": "S1740", "NAME": null}}, {"geom": {"type": "LineString", "coordinates": [[-118.530118, 37.406237], [-118.530198, 37.406149], [-118.530334, 37.405942], [-118.53035, 37.405882], [-118.530334, 37.405822], [-118.530289, 37.405773], [-118.529919, 37.405625], [-118.528445, 37.405068], [-118.528128, 37.404926], [-118.528057, 37.404877], [-118.528004, 37.404819], [-118.527947, 37.404725]]}, "props": {"MTFCC": "S1400", "NAME": null}}, {"geom": {"type": "LineString", "coordinates": [[-118.526027, 37.408082], [-118.526084, 37.408178], [-118.526182, 37.408301], [-118.52626, 37.408372], [-118.526336, 37.408457], [-118.526489, 37.40867], [-118.526556, 37.408751], [-118.526649, 37.408812], [-118.526826, 37.408937], [-118.526982, 37.409078], [-118.527048, 37.409147], [-118.527276, 37.40934], [-118.527394, 37.409399], [-118.52753, 37.409438], [-118.527727, 37.409485], [-118.527972, 37.409584], [-118.528178, 37.4097], [-118.528293, 37.409777], [-118.528432, 37.409887]]}, "props": {"MTFCC": "S1400", "NAME": null}}, {"geom": {"type": "LineString", "coordinates": [[-118.606481, 37.412057], [-118.606494, 37.412277], [-118.606518, 37.412384], [-118.606561, 37.412517]]}, "props": {"MTFCC": "S1400", "NAME": null}}, {"geom": {"type": "LineString", "coordinates": [[-118.620116, 37.458021], [-118.619332, 37.463198]]}, "props": {"MTFCC": "S1500", "NAME": null}}, {"geom": {"type": "LineString", "coordinates": [[-118.612065, 37.412415], [-118.612046, 37.412465], [-118.611936, 37.412667], [-118.611735, 37.412914], [-118.611597, 37.413102], [-118.611479, 37.413328], [-118.611395, 37.413566], [-118.61138, 37.413658], [-118.611368, 37.413878], [-118.611389, 37.414743]]}, "props": {"MTFCC": "S1400", "NAME": null}}, {"geom": {"type": "LineString", "coordinates": [[-118.546169, 37.424718], [-118.546393, 37.424898], [-118.547033, 37.425447], [-118.54761, 37.425957], [-118.547765, 37.426044], [-118.547917, 37.426099], [-118.548246, 37.426198], [-118.548509, 37.426291], [-118.548607, 37.426348], [-118.548687, 37.426419], [-118.548746, 37.426501], [-118.549235, 37.42725], [-118.549304, 37.427342], [-118.549504, 37.42753], [-118.550361, 37.428232], [-118.551627, 37.429302], [-118.552011, 37.429606], [-118.552086, 37.429689], [-118.552138, 37.429782], [-118.552185, 37.429931], [-118.552271, 37.430271], [-118.552314, 37.430338], [-118.552356, 37.430376], [-118.552707, 37.430621], [-118.553302, 37.431087], [-118.553746, 37.431513], [-118.553841, 37.431568], [-118.554349, 37.431734], [-118.554569, 37.431818], [-118.554713, 37.431893], [-118.554856, 37.431984], [-118.555118, 37.432197], [-118.555441, 37.432483], [-118.55602, 37.432952], [-118.556209, 37.433147], [-118.556449, 37.433453], [-118.556759, 37.433739], [-118.557669, 37.434611], [-118.558243, 37.435182], [-118.558303, 37.435233], [-118.558498, 37.435348], [-118.558741, 37.435453], [-118.559197, 37.435593], [-118.559653, 37.435756], [-118.560066, 37.435927], [-118.560933, 37.436362], [-118.561238, 37.436506], [-118.561411, 37.436576], [-118.561758, 37.436667], [-118.562053, 37.436699], [-118.562319, 37.436715], [-118.563578, 37.436826], [-118.5638, 37.436865], [-118.564414, 37.437048], [-118.564645, 37.437127], [-118.564803, 37.437191], [-118.564887, 37.437212]]}, "props": {"MTFCC": "S1400", "NAME": null}}, {"geom": {"type": "LineString", "coordinates": [[-118.625711, 37.463154], [-118.625366, 37.461534]]}, "props": {"MTFCC": "S1400", "NAME": null}}, {"geom": {"type": "LineString", "coordinates": [[-118.386455, 37.40915], [-118.386326, 37.408864], [-118.386287, 37.408713], [-118.386252, 37.408321], [-118.386228, 37.40824], [-118.386173, 37.408129], [-118.38615, 37.408017], [-118.386165, 37.407901], [-118.386211, 37.407807], [-118.386299, 37.407678], [-118.386308, 37.407639], [-118.386297, 37.407616], [-118.386244, 37.40758], [-118.386181, 37.40756], [-118.386165, 37.407546], [-118.386167, 37.407528], [-118.386272, 37.407424], [-118.386285, 37.407397], [-118.386276, 37.407339], [-118.38625, 37.407289], [-118.386136, 37.407167], [-118.386143, 37.407129], [-118.386191, 37.407032], [-118.386201, 37.406894], [-118.3862, 37.405292], [-118.386208, 37.404994], [-118.386226, 37.404894], [-118.386216, 37.404782], [-118.38622, 37.402873]]}, "props": {"MTFCC": "S1400", "NAME": null}}, {"geom": {"type": "LineString", "coordinates": [[-118.394388, 37.394325], [-118.394991, 37.394644], [-118.39512, 37.394739], [-118.395244, 37.394875], [-118.395329, 37.395029], [-118.395372, 37.395194], [-118.395389, 37.395526], [-118.395397, 37.397059], [-118.395386, 37.397619], [-118.395391, 37.398385], [-118.395405, 37.400421], [-118.395422, 37.405005], [-118.395415, 37.405436], [-118.395415, 37.406163], [-118.395427, 37.408054], [-118.395417, 37.408352], [-118.395433, 37.409321], [-118.395432, 37.410296], [-118.395431, 37.411403], [-118.395431, 37.411529], [-118.395431, 37.411641], [-118.395437, 37.413336], [-118.395448, 37.4164], [-118.395461, 37.416861], [-118.395489, 37.417113], [-118.395518, 37.417254], [-118.395613, 37.417528], [-118.39577, 37.417845], [-118.395835, 37.417956], [-118.396048, 37.41823], [-118.39629, 37.418493], [-118.3965, 37.418667], [-118.396758, 37.41885], [-118.397035, 37.419007], [-118.397378, 37.419164], [-118.397737, 37.419282], [-118.398064, 37.419366], [-118.398399, 37.419415], [-118.398839, 37.419443]]}, "props": {"MTFCC": "S1400", "NAME": null}}, {"geom": {"type": "LineString", "coordinates": [[-118.377224, 37.397677], [-118.377212, 37.397172], [-118.377182, 37.396716], [-118.377179, 37.396126], [-118.377156, 37.395505], [-118.377149, 37.394871], [-118.377117, 37.394118], [-118.377102, 37.394029]]}, "props": {"MTFCC": "S1400", "NAME": null}}, {"geom": {"type": "LineString", "coordinates": [[-118.377102, 37.394029], [-118.376585, 37.393992], [-118.376135, 37.393982], [-118.375445, 37.393953], [-118.375342, 37.393957], [-118.37514, 37.393991], [-118.374921, 37.394044], [-118.374806, 37.394059], [-118.37469, 37.394063], [-118.374494, 37.394049], [-118.374384, 37.394027], [-118.374224, 37.393969], [-118.37407, 37.393877], [-118.373977, 37.39383], [-118.373609, 37.393746], [-118.373373, 37.393712], [-118.373124, 37.393688], [-118.372954, 37.393653], [-118.37287, 37.39361], [-118.372808, 37.393547], [-118.372766, 37.393493], [-118.372664, 37.393426], [-118.37254, 37.393388], [-118.372408, 37.393382], [-118.372125, 37.393438], [-118.371901, 37.393513], [-118.371565, 37.393676], [-118.371464, 37.393736], [-118.371358, 37.393773], [-118.371245, 37.393792], [-118.371129, 37.393792], [-118.370815, 37.393738], [-118.370596, 37.39368], [-118.370378, 37.393584], [-118.370173, 37.393472], [-118.370103, 37.393404], [-118.370064, 37.393321], [-118.370059, 37.393234], [-118.37009, 37.393145], [-118.37014, 37.393025], [-118.370292, 37.392729], [-118.370423, 37.392497], [-118.370451, 37.392391], [-118.370452, 37.392283], [-118.370411, 37.392147], [-118.37032, 37.391914], [-118.370167, 37.391636], [-118.370088, 37.391558], [-118.369983, 37.391503], [-118.369906, 37.391483], [-118.369218, 37.391364], [-118.36908, 37.391328], [-118.368955, 37.39127], [-118.368848, 37.391193], [-118.368736, 37.39107], [-118.368713, 37.39098], [-118.368704, 37.390918], [-118.368662, 37.39086], [-118.368594, 37.390821], [-118.368187, 37.390613], [-118.36811, 37.390557], [-118.368049, 37.39049], [-118.368007, 37.390415], [-118.367984, 37.390311], [-118.367975, 37.390081], [-118.367981, 37.3899], [-118.367974, 37.389816], [-118.367948, 37.389682], [-118.367818, 37.3893], [-118.367752, 37.389149], [-118.367652, 37.388989], [-118.367617, 37.388911], [-118.367577, 37.388849], [-118.367529, 37.388803], [-118.367095, 37.388505], [-118.367022, 37.388424], [-118.366994, 37.388379], [-118.366969, 37.388306], [-118.366921, 37.388098], [-118.366818, 37.387823], [-118.366749, 37.387719], [-118.366676, 37.387654], [-118.366592, 37.387592], [-118.366519, 37.387511], [-118.366352, 37.387242], [-118.366288, 37.387187], [-118.366172, 37.387108]]}, "props": {"MTFCC": "S1400", "NAME": null}}, {"geom": {"type": "LineString", "coordinates": [[-118.494405, 37.379116], [-118.494496, 37.379158], [-118.495499, 37.379545], [-118.49559, 37.379589], [-118.496156, 37.379822], [-118.49761, 37.380321], [-118.497735, 37.380549], [-118.497824, 37.380681], [-118.498541, 37.381596], [-118.498365, 37.381802]]}, "props": {"MTFCC": "S1400", "NAME": null}}, {"geom": {"type": "LineString", "coordinates": [[-118.373969, 37.369023], [-118.373972, 37.369359]]}, "props": {"MTFCC": "S1400", "NAME": null}}, {"geom": {"type": "LineString", "coordinates": [[-118.374737, 37.375788], [-118.375948, 37.37577]]}, "props": {"MTFCC": "S1400", "NAME": null}}, {"geom": {"type": "LineString", "coordinates": [[-118.367992, 37.366686], [-118.368215, 37.366558], [-118.368657, 37.366699], [-118.369588, 37.367028], [-118.370006, 37.367702], [-118.36943, 37.369416]]}, "props": {"MTFCC": "S1400", "NAME": null}}, {"geom": {"type": "LineString", "coordinates": [[-118.37689, 37.375769], [-118.376896, 37.375284], [-118.376866, 37.374203], [-118.376864, 37.373548], [-118.376888, 37.372886], [-118.37688, 37.372216], [-118.376854, 37.371561], [-118.376854, 37.370902], [-118.376822, 37.370237], [-118.37681, 37.368929], [-118.37682, 37.368269], [-118.376807, 37.366609]]}, "props": {"MTFCC": "S1400", "NAME": null}}, {"geom": {"type": "LineString", "coordinates": [[-118.441364, 37.375931], [-118.441367, 37.376247], [-118.441338, 37.376301], [-118.441285, 37.376338], [-118.441246, 37.376351], [-118.441088, 37.376358], [-118.441016, 37.376378], [-118.440995, 37.376397], [-118.440975, 37.37646], [-118.441, 37.377144], [-118.441039, 37.377578], [-118.441088, 37.378554], [-118.441102, 37.379006], [-118.441103, 37.380958], [-118.441094, 37.381176], [-118.44108, 37.381245], [-118.441025, 37.381361], [-118.440935, 37.38145], [-118.44078, 37.381565], [-118.440582, 37.381695], [-118.43998, 37.382117], [-118.439563, 37.38243], [-118.439249, 37.382644], [-118.439036, 37.382789], [-118.438681, 37.383006], [-118.438207, 37.383347], [-118.43785, 37.383586], [-118.437364, 37.383955], [-118.437001, 37.384188], [-118.436778, 37.384301], [-118.436673, 37.384345], [-118.436222, 37.384472], [-118.435815, 37.384566], [-118.434882, 37.384764], [-118.434082, 37.384955], [-118.433717, 37.38503], [-118.432279, 37.385388], [-118.431898, 37.38549]]}, "props": {"MTFCC": "S1400", "NAME": null}}, {"geom": {"type": "LineString", "coordinates": [[-118.45670612922704, 37.3641], [-118.456706, 37.364207], [-118.456653, 37.365163], [-118.45663, 37.365274], [-118.456594, 37.365383], [-118.456543, 37.365488], [-118.456131, 37.366072], [-118.456075, 37.366187], [-118.456035, 37.366307], [-118.456004, 37.366484], [-118.455984, 37.367236], [-118.455936, 37.367557], [-118.455899, 37.367723], [-118.455719, 37.368245], [-118.455482, 37.368822], [-118.455327, 37.369247], [-118.455197, 37.369567], [-118.455155, 37.369721], [-118.455107, 37.370066], [-118.4551, 37.370201], [-118.455107, 37.370323], [-118.455153, 37.370647], [-118.455197, 37.371097], [-118.455176, 37.371255], [-118.455015, 37.371688], [-118.454996, 37.371817], [-118.455, 37.371877], [-118.45502, 37.371965], [-118.455128, 37.372185], [-118.455169, 37.372301], [-118.455309, 37.373224], [-118.455338, 37.373306], [-118.455387, 37.373387], [-118.455574, 37.373554], [-118.455852, 37.373822], [-118.456111, 37.374132], [-118.456177, 37.374251], [-118.456215, 37.374393], [-118.456242, 37.375072], [-118.456235, 37.375547], [-118.456232, 37.375761]]}, "props": {"MTFCC": "S1400", "NAME": null}}, {"geom": {"type": "LineString", "coordinates": [[-118.469859, 37.397587], [-118.470133, 37.397622], [-118.470562, 37.397639], [-118.472871, 37.397608], [-118.475725, 37.397606], [-118.47736, 37.397627], [-118.477705, 37.397621]]}, "props": {"MTFCC": "S1400", "NAME": null}}, {"geom": {"type": "LineString", "coordinates": [[-118.496836, 37.377411], [-118.496879, 37.377459], [-118.496902, 37.377524], [-118.496913, 37.377596], [-118.496862, 37.378353], [-118.496829, 37.378713], [-118.496798, 37.378878], [-118.496753, 37.378981]]}, "props": {"MTFCC": "S1400", "NAME": null}}, {"geom": {"type": "LineString", "coordinates": [[-118.486701, 37.395271], [-118.487996, 37.396314], [-118.488295, 37.396544]]}, "props": {"MTFCC": "S1400", "NAME": null}}, {"geom": {"type": "LineString", "coordinates": [[-118.459448, 37.411453], [-118.459231, 37.411316], [-118.45914, 37.411284], [-118.459064, 37.41128], [-118.458749, 37.411356], [-118.458293, 37.411418], [-118.458205, 37.41144], [-118.45816, 37.411451], [-118.458096, 37.411478], [-118.457948, 37.411578], [-118.45785, 37.411608], [-118.457597, 37.411624], [-118.457458, 37.411645], [-118.457297, 37.411603], [-118.45724, 37.411596], [-118.457037, 37.411606], [-118.456864, 37.411649], [-118.456676, 37.411643], [-118.456583, 37.411667], [-118.456435, 37.411753], [-118.456382, 37.411801], [-118.45634, 37.411882], [-118.456339, 37.411916]]}, "props": {"MTFCC": "S1400", "NAME": null}}, {"geom": {"type": "LineString", "coordinates": [[-118.447748, 37.412537], [-118.447437, 37.412584], [-118.447406, 37.412617], [-118.447405, 37.412681], [-118.447423, 37.412795], [-118.447416, 37.412848], [-118.447395, 37.4129], [-118.447318, 37.412979], [-118.4472, 37.413049], [-118.447075, 37.413095], [-118.447006, 37.413106], [-118.446659, 37.413131], [-118.446452, 37.413181], [-118.446318, 37.413189], [-118.44606, 37.413146], [-118.445901, 37.413134], [-118.445551, 37.413124], [-118.445501, 37.413131], [-118.445465, 37.413151], [-118.445394, 37.413224], [-118.445331, 37.413234], [-118.445229, 37.413218], [-118.445096, 37.413215], [-118.444879, 37.413255], [-118.444836, 37.413251], [-118.444806, 37.413239], [-118.444765, 37.413205]]}, "props": {"MTFCC": "S1400", "NAME": null}}, {"geom": {"type": "LineString", "coordinates": [[-118.444765, 37.413205], [-118.444616, 37.41327], [-118.444551, 37.413283], [-118.444401, 37.413273], [-118.444289, 37.413297], [-118.44425, 37.413313], [-118.444125, 37.413395], [-118.444006, 37.413456], [-118.443882, 37.413503], [-118.443458, 37.413633], [-118.443326, 37.413692], [-118.443248, 37.413747], [-118.443089, 37.413938]]}, "props": {"MTFCC": "S1400", "NAME": null}}, {"geom": {"type": "LineString", "coordinates": [[-118.430603, 37.416931], [-118.430629, 37.416843], [-118.430676, 37.416769], [-118.430697, 37.416752], [-118.430841, 37.416722], [-118.43088, 37.416685], [-118.430889, 37.416658], [-118.430876, 37.416582]]}, "props": {"MTFCC": "S1400", "NAME": null}}, {"geom": {"type": "LineString", "coordinates": [[-118.416669, 37.416463], [-118.416708, 37.416495], [-118.416735, 37.41653], [-118.416751, 37.416599], [-118.416788, 37.416931]]}, "props": {"MTFCC": "S1400", "NAME": null}}, {"geom": {"type": "LineString", "coordinates": [[-118.429888, 37.417687], [-118.429847, 37.417618], [-118.429854, 37.417591], [-118.429878, 37.417564], [-118.430068, 37.41746], [-118.430109, 37.417417], [-118.430119, 37.417354], [-118.430114, 37.417293], [-118.430125, 37.417268], [-118.430239, 37.41719], [-118.430285, 37.417124], [-118.430436, 37.416998], [-118.430496, 37.416958], [-118.430553, 37.416935], [-118.430603, 37.416931]]}, "props": {"MTFCC": "S1400", "NAME": null}}, {"geom": {"type": "LineString", "coordinates": [[-118.423037, 37.397828], [-118.423033, 37.398374], [-118.423012, 37.398898], [-118.423021, 37.398983], [-118.423082, 37.399136], [-118.423128, 37.399215], [-118.423203, 37.399299], [-118.423399, 37.39945], [-118.423791, 37.399705], [-118.423916, 37.399787], [-118.424076, 37.399913], [-118.42484, 37.400583], [-118.424995, 37.400679], [-118.425196, 37.400762], [-118.425408, 37.400829], [-118.425696, 37.400883], [-118.425903, 37.400907], [-118.425992, 37.400908], [-118.426115, 37.400933], [-118.426176, 37.400978], [-118.426268, 37.401084], [-118.426384, 37.401274], [-118.426553, 37.401588], [-118.426799, 37.401995], [-118.426846, 37.402109], [-118.426855, 37.402196], [-118.426862, 37.402268], [-118.426841, 37.402426], [-118.426789, 37.402557], [-118.426678, 37.402721], [-118.42656, 37.402858], [-118.426435, 37.402987], [-118.426286, 37.403108], [-118.426004, 37.403301], [-118.425753, 37.40344], [-118.425365, 37.403597], [-118.424889, 37.403782], [-118.424671, 37.403893], [-118.424497, 37.404002], [-118.424416, 37.404065], [-118.424284, 37.404204], [-118.424174, 37.404351], [-118.424069, 37.404534], [-118.423988, 37.404736], [-118.423946, 37.404938], [-118.423875, 37.405639], [-118.42387, 37.405769], [-118.423878, 37.405868], [-118.423911, 37.405953], [-118.423961, 37.406023], [-118.424066, 37.406107], [-118.4242, 37.406162], [-118.424437, 37.406195], [-118.424584, 37.40621], [-118.424712, 37.40625], [-118.424818, 37.406319], [-118.424872, 37.406378], [-118.424982, 37.406576], [-118.425054, 37.406747], [-118.425214, 37.407038], [-118.425305, 37.407185], [-118.425346, 37.407271], [-118.425416, 37.40742], [-118.4255, 37.407502], [-118.425612, 37.407561], [-118.425668, 37.407577], [-118.425904, 37.407609], [-118.426067, 37.407631], [-118.426226, 37.407664], [-118.426358, 37.407711], [-118.426475, 37.407779], [-118.426571, 37.407865], [-118.42664, 37.407959], [-118.426759, 37.408269], [-118.426835, 37.408379], [-118.426925, 37.40846], [-118.427002, 37.408507], [-118.427497, 37.408741], [-118.42764, 37.408844], [-118.427781, 37.408995], [-118.42794, 37.409203], [-118.4281, 37.409366], [-118.428183, 37.409424], [-118.428306, 37.409473], [-118.42842, 37.409498], [-118.428636, 37.409514], [-118.428758, 37.409509], [-118.428878, 37.409494], [-118.428996, 37.409469], [-118.42911, 37.409435], [-118.42929, 37.409358], [-118.429399, 37.409285], [-118.429565, 37.409135], [-118.429983, 37.408701], [-118.430096, 37.408617], [-118.43024, 37.408546], [-118.430377, 37.408516], [-118.430519, 37.408523], [-118.430648, 37.408553], [-118.430866, 37.408627]]}, "props": {"MTFCC": "S1400", "NAME": null}}, {"geom": {"type": "LineString", "coordinates": [[-118.383217, 37.397639], [-118.38331, 37.39855], [-118.383381, 37.398771], [-118.383414, 37.39914], [-118.383463, 37.399323], [-118.383466, 37.399418]]}, "props": {"MTFCC": "S1400", "NAME": null}}, {"geom": {"type": "LineString", "coordinates": [[-118.37306, 37.3977], [-118.373978, 37.398435], [-118.374535, 37.398832], [-118.375092, 37.399208], [-118.375164, 37.39923]]}, "props": {"MTFCC": "S1400", "NAME": null}}, {"geom": {"type": "LineString", "coordinates": [[-118.386238, 37.419375], [-118.38623, 37.419784], [-118.386244, 37.420115], [-118.386284, 37.420514], [-118.386301, 37.420818], [-118.386305, 37.421356], [-118.386267, 37.421867], [-118.386262, 37.422213]]}, "props": {"MTFCC": "S1400", "NAME": null}}, {"geom": {"type": "LineString", "coordinates": [[-118.41054, 37.415868], [-118.410599, 37.415714], [-118.410605, 37.415526], [-118.410583, 37.415404], [-118.410534, 37.415288], [-118.410468, 37.415203], [-118.41041, 37.415144], [-118.410356, 37.415036], [-118.410348, 37.414908], [-118.410363, 37.414733]]}, "props": {"MTFCC": "S1400", "NAME": null}}, {"geom": {"type": "LineString", "coordinates": [[-118.414793, 37.416072], [-118.4148, 37.416018], [-118.41478, 37.415943], [-118.414734, 37.415893], [-118.414666, 37.415861], [-118.414404, 37.415799], [-118.413806, 37.41561], [-118.413702, 37.415593]]}, "props": {"MTFCC": "S1400", "NAME": null}}, {"geom": {"type": "LineString", "coordinates": [[-118.414544, 37.416512], [-118.414334, 37.416586]]}, "props": {"MTFCC": "S1400", "NAME": null}}, {"geom": {"type": "LineString", "coordinates": [[-118.370357, 37.448203], [-118.371086, 37.448212], [-118.371537, 37.448207], [-118.373034, 37.44821], [-118.375051, 37.448182], [-118.376762, 37.448176]]}, "props": {"MTFCC": "S1400", "NAME": null}}, {"geom": {"type": "LineString", "coordinates": [[-118.399359, 37.412343], [-118.399248, 37.412281], [-118.399148, 37.412251], [-118.399097, 37.412265], [-118.399068, 37.412293], [-118.399084, 37.412334], [-118.399148, 37.412368], [-118.399219, 37.412383], [-118.399312, 37.412372], [-118.399359, 37.412343]]}, "props": {"MTFCC": "S1400", "NAME": null}}, {"geom": {"type": "LineString", "coordinates": [[-118.37695, 37.433802], [-118.376467, 37.433959]]}, "props": {"MTFCC": "S1400", "NAME": null}}, {"geom": {"type": "LineString", "coordinates": [[-118.430937, 37.39791], [-118.431629, 37.397881]]}, "props": {"MTFCC": "S1400", "NAME": null}}, {"geom": {"type": "LineString", "coordinates": [[-118.431629, 37.397881], [-118.431594, 37.397946], [-118.431527, 37.398043], [-118.431515, 37.398118], [-118.43153, 37.398293], [-118.431483, 37.398443], [-118.431315, 37.398703], [-118.430909, 37.39925], [-118.430759, 37.399402], [-118.43068, 37.399469], [-118.430424, 37.399632], [-118.42997, 37.399849], [-118.429897, 37.399865], [-118.429822, 37.399861], [-118.429752, 37.39984], [-118.429433, 37.399692], [-118.42929, 37.399657], [-118.429151, 37.399653], [-118.429048, 37.399669]]}, "props": {"MTFCC": "S1400", "NAME": null}}, {"geom": {"type": "LineString", "coordinates": [[-118.429048, 37.399669], [-118.429049, 37.39972], [-118.429013, 37.399764], [-118.428922, 37.399823], [-118.42858, 37.399938], [-118.42838, 37.399983], [-118.428256, 37.399988], [-118.428035, 37.399947], [-118.427964, 37.399959], [-118.427918, 37.399983], [-118.427718, 37.400142], [-118.427627, 37.400178], [-118.427463, 37.400214], [-118.427316, 37.400263], [-118.42707, 37.400373]]}, "props": {"MTFCC": "S1400", "NAME": null}}, {"geom": {"type": "LineString", "coordinates": [[-118.494766, 37.377779], [-118.495078, 37.377827], [-118.495198, 37.377832], [-118.495318, 37.377827], [-118.495522, 37.377795], [-118.4956, 37.377767], [-118.495753, 37.37768], [-118.495867, 37.377645], [-118.496132, 37.377629], [-118.496244, 37.377606], [-118.496331, 37.37757], [-118.496502, 37.377466], [-118.496592, 37.377425], [-118.4967, 37.377409], [-118.496836, 37.377411]]}, "props": {"MTFCC": "S1400", "NAME": null}}, {"geom": {"type": "LineString", "coordinates": [[-118.447149, 37.399456], [-118.447231, 37.399808], [-118.447242, 37.399974], [-118.447233, 37.400226], [-118.447265, 37.40049], [-118.447283, 37.400552], [-118.447364, 37.400706], [-118.447398, 37.400828], [-118.447418, 37.400863], [-118.447439, 37.400899], [-118.447509, 37.400991], [-118.447531, 37.401053], [-118.447656, 37.401777], [-118.44778, 37.402237], [-118.447837, 37.402407], [-118.447866, 37.402535], [-118.44795, 37.402679]]}, "props": {"MTFCC": "S1400", "NAME": null}}, {"geom": {"type": "LineString", "coordinates": [[-118.426353, 37.398312], [-118.426323, 37.398085], [-118.426327, 37.397921]]}, "props": {"MTFCC": "S1400", "NAME": null}}, {"geom": {"type": "LineString", "coordinates": [[-118.388253, 37.408693], [-118.388355, 37.408797], [-118.38847, 37.408889], [-118.388493, 37.408913]]}, "props": {"MTFCC": "S1400", "NAME": null}}, {"geom": {"type": "LineString", "coordinates": [[-118.386191, 37.428868], [-118.387135, 37.428872], [-118.388127, 37.428891], [-118.388378, 37.428873], [-118.388502, 37.428847], [-118.388925, 37.428695], [-118.389085, 37.428627], [-118.38941, 37.428454], [-118.389622, 37.428314], [-118.389777, 37.428142], [-118.3902, 37.427531], [-118.390279, 37.42739], [-118.390394, 37.426978], [-118.390448, 37.426872], [-118.390498, 37.426803], [-118.390605, 37.42669]]}, "props": {"MTFCC": "S1400", "NAME": null}}, {"geom": {"type": "LineString", "coordinates": [[-118.386173, 37.424945], [-118.386267, 37.425005], [-118.386302, 37.425032], [-118.3864, 37.425155], [-118.386473, 37.425276], [-118.386548, 37.425465], [-118.386647, 37.425579], [-118.386994, 37.42589], [-118.387192, 37.426135], [-118.387288, 37.426218], [-118.387531, 37.426381], [-118.387931, 37.426605], [-118.388005, 37.426639], [-118.388163, 37.42668], [-118.388329, 37.426694], [-118.388776, 37.42668], [-118.389497, 37.42669], [-118.390605, 37.42669]]}, "props": {"MTFCC": "S1400", "NAME": null}}, {"geom": {"type": "LineString", "coordinates": [[-118.3861, 37.448148], [-118.386255, 37.44826], [-118.386659, 37.448609], [-118.38681, 37.44876], [-118.386996, 37.449048], [-118.387301, 37.449327], [-118.387419, 37.449453], [-118.387471, 37.449521], [-118.387577, 37.449717], [-118.387641, 37.449798], [-118.388103, 37.450289], [-118.388243, 37.450389], [-118.388327, 37.450433], [-118.388615, 37.450551], [-118.388714, 37.45063], [-118.388858, 37.45083], [-118.388914, 37.450886], [-118.389194, 37.451088], [-118.389351, 37.451188], [-118.38959, 37.451325], [-118.390002, 37.451682], [-118.390074, 37.451727], [-118.390323, 37.45183], [-118.390619, 37.451943], [-118.390721, 37.451992], [-118.390993, 37.452159], [-118.39107, 37.452195], [-118.391699, 37.452436], [-118.391898, 37.452531], [-118.391947, 37.452567], [-118.392091, 37.452665], [-118.392321, 37.452796], [-118.392594, 37.452934], [-118.392688, 37.453002], [-118.392763, 37.453084], [-118.392957, 37.453377], [-118.393036, 37.453449], [-118.393084, 37.45348], [-118.393226, 37.453524], [-118.393379, 37.45353], [-118.393477, 37.453518], [-118.393522, 37.453504], [-118.393599, 37.453453], [-118.393675, 37.453357], [-118.39377, 37.453167], [-118.393832, 37.453093], [-118.393908, 37.453034]]}, "props": {"MTFCC": "S1400", "NAME": null}}, {"geom": {"type": "LineString", "coordinates": [[-118.363195, 37.454513], [-118.363181, 37.454723], [-118.363201, 37.455199], [-118.363185, 37.455317], [-118.363113, 37.455526], [-118.363095, 37.455577], [-118.36305, 37.455861], [-118.363034, 37.456097], [-118.362972, 37.45664], [-118.362914, 37.457321], [-118.362848, 37.457693], [-118.362823, 37.458102], [-118.362803, 37.458885]]}, "props": {"MTFCC": "S1400", "NAME": null}}, {"geom": {"type": "LineString", "coordinates": [[-118.304447, 37.428902], [-118.304383, 37.429032], [-118.304376, 37.42914], [-118.304555, 37.429696], [-118.304588, 37.429784], [-118.304603, 37.429904], [-118.304587, 37.430023], [-118.304472, 37.430284], [-118.304453, 37.430395], [-118.304369, 37.430615], [-118.304227, 37.430848], [-118.304084, 37.431017], [-118.30403, 37.431249], [-118.303976, 37.431344], [-118.30394, 37.431388], [-118.303873, 37.431432], [-118.303795, 37.431464], [-118.303727, 37.431518], [-118.303684, 37.431585], [-118.303646, 37.431669], [-118.303576, 37.431767], [-118.303569, 37.431805], [-118.303573, 37.431872], [-118.303557, 37.431903], [-118.303526, 37.431924], [-118.303416, 37.431966], [-118.303274, 37.432048], [-118.303227, 37.432084], [-118.303198, 37.432122], [-118.303162, 37.432229], [-118.303141, 37.432345]]}, "props": {"MTFCC": "S1400", "NAME": null}}, {"geom": {"type": "LineString", "coordinates": [[-118.292078, 37.429295], [-118.292004, 37.429255], [-118.291886, 37.429211], [-118.29176, 37.429184], [-118.291523, 37.429179], [-118.29143, 37.429183], [-118.291344, 37.429207], [-118.291154, 37.429305], [-118.290959, 37.429374], [-118.290846, 37.429404], [-118.2904, 37.429496], [-118.290095, 37.429587], [-118.289801, 37.429688], [-118.289708, 37.429727], [-118.289609, 37.429785], [-118.289521, 37.429857], [-118.289475, 37.429928], [-118.289459, 37.430008], [-118.289474, 37.430087], [-118.28952, 37.430159], [-118.289591, 37.430216], [-118.289712, 37.430273], [-118.28986, 37.430305], [-118.290013, 37.430299], [-118.290111, 37.430274], [-118.29024, 37.430208], [-118.290587, 37.429942], [-118.290699, 37.429869], [-118.29104, 37.429697], [-118.291367, 37.429573], [-118.291602, 37.429468], [-118.292078, 37.429295]]}, "props": {"MTFCC": "S1400", "NAME": null}}, {"geom": {"type": "LineString", "coordinates": [[-118.33158643373889, 37.3641], [-118.331588, 37.364533], [-118.33161, 37.367392], [-118.331609, 37.36974], [-118.331625, 37.371221], [-118.331632, 37.374177], [-118.331623, 37.374233], [-118.331634, 37.374973], [-118.331638, 37.376797], [-118.331642, 37.378228], [-118.331653, 37.378831], [-118.331693, 37.379741], [-118.33168, 37.385613], [-118.331668, 37.387508], [-118.331676, 37.389425], [-118.331681, 37.389562], [-118.331685, 37.389644], [-118.3317, 37.389984], [-118.331717, 37.391079], [-118.331715, 37.391639], [-118.331729, 37.392718], [-118.331725, 37.393238], [-118.331703, 37.393451], [-118.331701, 37.393476], [-118.331675, 37.393752], [-118.331852, 37.393832], [-118.331977, 37.39391], [-118.332081, 37.393989], [-118.332447, 37.394327], [-118.33285, 37.394717], [-118.33319, 37.395061], [-118.333465, 37.395304], [-118.333873, 37.395602], [-118.334189, 37.395857], [-118.334732, 37.396348], [-118.33525, 37.396786], [-118.335604, 37.397101], [-118.335797, 37.397311], [-118.336036, 37.397629], [-118.335997, 37.397706], [-118.335993, 37.39778], [-118.336017, 37.398005], [-118.336068, 37.398325], [-118.336082, 37.398583], [-118.336068, 37.398886], [-118.336062, 37.400659], [-118.33605, 37.401182], [-118.336059, 37.401582], [-118.33607, 37.40198]]}, "props": {"MTFCC": "S1400", "NAME": null}}, {"geom": {"type": "LineString", "coordinates": [[-118.350849, 37.391734], [-118.350956, 37.391917], [-118.351051, 37.392104], [-118.351074, 37.392193], [-118.351073, 37.392351], [-118.351104, 37.392445], [-118.351275, 37.392665], [-118.351308, 37.392728], [-118.351375, 37.392794], [-118.351464, 37.39284], [-118.351582, 37.392879], [-118.351639, 37.392885]]}, "props": {"MTFCC": "S1400", "NAME": null}}, {"geom": {"type": "LineString", "coordinates": [[-118.368021, 37.446503], [-118.368025, 37.447775], [-118.368054, 37.447861], [-118.368114, 37.447936], [-118.368276, 37.448049], [-118.368536, 37.448207]]}, "props": {"MTFCC": "S1400", "NAME": null}}, {"geom": {"type": "LineString", "coordinates": [[-118.363159, 37.454246], [-118.363205, 37.454355]]}, "props": {"MTFCC": "S1400", "NAME": null}}, {"geom": {"type": "LineString", "coordinates": [[-118.364638, 37.445564], [-118.364071, 37.446031], [-118.363874, 37.446204], [-118.363694, 37.446347], [-118.363611, 37.446391], [-118.363468, 37.446452], [-118.363354, 37.446525], [-118.363255, 37.446641]]}, "props": {"MTFCC": "S1400", "NAME": null}}, {"geom": {"type": "LineString", "coordinates": [[-118.362453, 37.427723], [-118.36266, 37.427578], [-118.362738, 37.427538], [-118.362854, 37.427488], [-118.362854, 37.42747], [-118.362834, 37.427452], [-118.36274, 37.427432], [-118.362503, 37.427404], [-118.362389, 37.427405], [-118.362337, 37.427435], [-118.362318, 37.427483], [-118.362327, 37.42752], [-118.362453, 37.427723]]}, "props": {"MTFCC": "S1400", "NAME": null}}, {"geom": {"type": "LineString", "coordinates": [[-118.362567, 37.4526], [-118.362488, 37.452304]]}, "props": {"MTFCC": "S1400", "NAME": null}}, {"geom": {"type": "LineString", "coordinates": [[-118.338897, 37.433799], [-118.338963, 37.433911], [-118.338995, 37.434039], [-118.338994, 37.434116], [-118.33898, 37.434178], [-118.338914, 37.434269], [-118.338782, 37.434381], [-118.338741, 37.434464], [-118.338733, 37.434572], [-118.338752, 37.434802], [-118.338743, 37.434943], [-118.338701, 37.435133]]}, "props": {"MTFCC": "S1400", "NAME": null}}, {"geom": {"type": "LineString", "coordinates": [[-118.326928, 37.419176], [-118.32688, 37.419227], [-118.326784, 37.419331], [-118.326665, 37.41949], [-118.326607, 37.419544], [-118.326083, 37.419889], [-118.326059, 37.419938], [-118.32607, 37.419991], [-118.326083, 37.420016]]}, "props": {"MTFCC": "S1400", "NAME": null}}, {"geom": {"type": "LineString", "coordinates": [[-118.317113, 37.409012], [-118.317164, 37.408883], [-118.317177, 37.408831], [-118.317181, 37.408761], [-118.317156, 37.408599], [-118.317077, 37.408388], [-118.316956, 37.408148], [-118.31683, 37.407835], [-118.316737, 37.407372], [-118.31664, 37.407001], [-118.316587, 37.40684], [-118.316541, 37.406758], [-118.31644, 37.406652], [-118.316367, 37.406593], [-118.316024, 37.406404]]}, "props": {"MTFCC": "S1400", "NAME": null}}, {"geom": {"type": "LineString", "coordinates": [[-118.367683, 37.397738], [-118.367793, 37.397882], [-118.367813, 37.397921], [-118.367823, 37.398101], [-118.367836, 37.398135], [-118.36789, 37.39818], [-118.368011, 37.398237]]}, "props": {"MTFCC": "S1400", "NAME": null}}, {"geom": {"type": "LineString", "coordinates": [[-118.354653, 37.389931], [-118.35475, 37.389747], [-118.354796, 37.389608], [-118.354844, 37.389549], [-118.354916, 37.389499], [-118.355058, 37.389339]]}, "props": {"MTFCC": "S1400", "NAME": null}}, {"geom": {"type": "LineString", "coordinates": [[-118.356992, 37.395384], [-118.357, 37.395522], [-118.356995, 37.395623], [-118.356954, 37.395862], [-118.356859, 37.396165], [-118.356762, 37.396377], [-118.356539, 37.396731], [-118.356317, 37.397009]]}, "props": {"MTFCC": "S1400", "NAME": null}}, {"geom": {"type": "LineString", "coordinates": [[-118.36895, 37.382841], [-118.368507, 37.382756], [-118.368298, 37.382779]]}, "props": {"MTFCC": "S1400", "NAME": null}}, {"geom": {"type": "LineString", "coordinates": [[-118.3668, 37.459882], [-118.366727, 37.45978], [-118.366676, 37.459742], [-118.366594, 37.459699], [-118.366497, 37.459662]]}, "props": {"MTFCC": "S1400", "NAME": null}}, {"geom": {"type": "LineString", "coordinates": [[-118.364628, 37.4581], [-118.364609, 37.458761], [-118.364596, 37.458888]]}, "props": {"MTFCC": "S1400", "NAME": null}}, {"geom": {"type": "LineString", "coordinates": [[-118.362427, 37.447538], [-118.36208, 37.447868], [-118.361791, 37.448169], [-118.361422, 37.448527], [-118.361, 37.448955], [-118.360786, 37.449158]]}, "props": {"MTFCC": "S1400", "NAME": null}}, {"geom": {"type": "LineString", "coordinates": [[-118.186495, 37.440176], [-118.186454, 37.44037], [-118.186478, 37.440496], [-118.18655, 37.440609], [-118.186728, 37.440774], [-118.186904, 37.440906], [-118.187139, 37.441039], [-118.187849, 37.441369], [-118.187948, 37.441409], [-118.188011, 37.44146], [-118.188052, 37.441524], [-118.188065, 37.441595], [-118.188051, 37.441665], [-118.188018, 37.441786], [-118.188029, 37.441935], [-118.188117, 37.442268], [-118.188182, 37.442732], [-118.188302, 37.443195], [-118.188392, 37.443402], [-118.188431, 37.443477], [-118.188453, 37.443563], [-118.188462, 37.4437], [-118.188449, 37.443851], [-118.188483, 37.444554], [-118.188518, 37.444719], [-118.188686, 37.445183], [-118.188802, 37.445585], [-118.188899, 37.446042], [-118.188938, 37.446158], [-118.189162, 37.446619], [-118.189315, 37.447049], [-118.18941, 37.447217], [-118.189589, 37.447616], [-118.189648, 37.447778], [-118.189687, 37.448027], [-118.189742, 37.448188], [-118.189796, 37.448281], [-118.190089, 37.448712], [-118.190299, 37.449041], [-118.190716, 37.449537], [-118.191353, 37.450239], [-118.192008, 37.450922], [-118.192539, 37.451492], [-118.192689, 37.451694], [-118.192847, 37.451941], [-118.192903, 37.452058], [-118.192943, 37.45218], [-118.192971, 37.452352], [-118.192971, 37.453147], [-118.192996, 37.453305], [-118.193223, 37.454017], [-118.193289, 37.454355], [-118.19341, 37.455475], [-118.193448, 37.45609], [-118.193432, 37.457441], [-118.193441, 37.457636]]}, "props": {"MTFCC": "S1500", "NAME": null}}, {"geom": {"type": "LineString", "coordinates": [[-118.329147, 37.425549], [-118.329575, 37.425998], [-118.329809, 37.426303], [-118.329978, 37.426586], [-118.330336, 37.427276], [-118.330598, 37.427707], [-118.330976, 37.428259], [-118.331334, 37.428863], [-118.331495, 37.429118], [-118.331617, 37.429276], [-118.331855, 37.429586]]}, "props": {"MTFCC": "S1400", "NAME": null}}, {"geom": {"type": "LineString", "coordinates": [[-118.192281, 37.423177], [-118.192197, 37.423361], [-118.192106, 37.4235], [-118.191942, 37.423724], [-118.191781, 37.423875], [-118.191689, 37.423939], [-118.191587, 37.423992], [-118.19149, 37.42403], [-118.191072, 37.424149], [-118.190905, 37.424181], [-118.190481, 37.424233], [-118.190258, 37.424243], [-118.190141, 37.424237], [-118.18926, 37.424077], [-118.188441, 37.423957], [-118.188309, 37.423956], [-118.18818, 37.423978], [-118.188058, 37.42402], [-118.187948, 37.424084], [-118.187775, 37.424208], [-118.187658, 37.424254], [-118.18753, 37.42427], [-118.187173, 37.424247], [-118.187063, 37.42427], [-118.186883, 37.424364], [-118.186809, 37.424413], [-118.186754, 37.424488], [-118.186667, 37.424865], [-118.186698, 37.424933], [-118.186729, 37.424961], [-118.186927, 37.425085], [-118.186967, 37.42512], [-118.186996, 37.42516], [-118.187019, 37.425247], [-118.187018, 37.425336], [-118.18699, 37.425432], [-118.1869, 37.425611], [-118.186193, 37.426743], [-118.186156, 37.426904], [-118.185797, 37.427877], [-118.185543, 37.428791], [-118.185414, 37.429204], [-118.185264, 37.429516], [-118.185191, 37.429644], [-118.184933, 37.430044], [-118.184789, 37.430314], [-118.184746, 37.43044], [-118.18472, 37.430569], [-118.184711, 37.430699], [-118.184718, 37.430829], [-118.184792, 37.43116], [-118.184866, 37.431388], [-118.184922, 37.431512], [-118.185358, 37.432199], [-118.185796, 37.432925], [-118.186061, 37.433417], [-118.186323, 37.43387], [-118.186341, 37.433966], [-118.186306, 37.434204], [-118.186304, 37.434288], [-118.186315, 37.4344], [-118.186371, 37.434612], [-118.186456, 37.434889], [-118.186499, 37.435102], [-118.186544, 37.435368], [-118.186591, 37.435526], [-118.186622, 37.435602], [-118.186618, 37.435722], [-118.186589, 37.435894], [-118.186409, 37.436626], [-118.186339, 37.436846], [-118.186328, 37.436949], [-118.186332, 37.43702], [-118.186355, 37.437122], [-118.186455, 37.437391], [-118.186744, 37.437971], [-118.186854, 37.4383], [-118.186887, 37.43847], [-118.186893, 37.438671], [-118.186862, 37.438874], [-118.186608, 37.439838], [-118.186495, 37.440176]]}, "props": {"MTFCC": "S1500", "NAME": null}}, {"geom": {"type": "LineString", "coordinates": [[-118.187692, 37.413614], [-118.187607, 37.413734], [-118.187459, 37.413889], [-118.187386, 37.413923], [-118.187302, 37.41393], [-118.187264, 37.413923], [-118.187158, 37.413867], [-118.187091, 37.413841]]}, "props": {"MTFCC": "S1400", "NAME": null}}, {"geom": {"type": "LineString", "coordinates": [[-118.237502, 37.402788], [-118.237455, 37.402913], [-118.23694, 37.403146], [-118.236682, 37.403186], [-118.236635, 37.403448], [-118.236601, 37.40355], [-118.236339, 37.403936], [-118.235995, 37.404239], [-118.235271, 37.406156], [-118.234453, 37.407234], [-118.232922, 37.408825], [-118.232379, 37.409088], [-118.232132, 37.409193], [-118.231982, 37.409396], [-118.231168, 37.410515], [-118.232027, 37.411099], [-118.232131, 37.41125], [-118.232109, 37.411596], [-118.231973, 37.411698], [-118.23209, 37.411848], [-118.231899, 37.411905], [-118.231873, 37.412166], [-118.231642, 37.412154], [-118.23082, 37.412196], [-118.229695, 37.411949], [-118.229563, 37.412066], [-118.229492, 37.412115], [-118.229368, 37.412348], [-118.22944, 37.412743], [-118.229594, 37.413209], [-118.229409, 37.413511], [-118.228901, 37.413886], [-118.228475, 37.414492], [-118.228366, 37.414452], [-118.227456, 37.413965], [-118.227248, 37.413765], [-118.226127, 37.413867], [-118.226003, 37.413984], [-118.22601, 37.414024], [-118.225909, 37.415045], [-118.225652, 37.415451], [-118.225504, 37.4164], [-118.225699, 37.416852], [-118.225605, 37.417374], [-118.225287, 37.417385]]}, "props": {"MTFCC": "S1500", "NAME": null}}, {"geom": {"type": "LineString", "coordinates": [[-118.711398, 37.368105], [-118.711622, 37.368199], [-118.711843, 37.368314], [-118.711897, 37.368351], [-118.712179, 37.368652], [-118.712261, 37.368715], [-118.712745, 37.369019], [-118.713135, 37.369176], [-118.713319, 37.369218], [-118.713561, 37.369235], [-118.713757, 37.369242]]}, "props": {"MTFCC": "S1400", "NAME": null}}, {"geom": {"type": "MultiLineString", "coordinates": [[[-118.506986, 37.365558], [-118.506958, 37.365495], [-118.506901, 37.365439], [-118.506524, 37.36523], [-118.50641, 37.365135], [-118.506337, 37.365045], [-118.506186, 37.364796], [-118.505781, 37.364289], [-118.505721, 37.364233], [-118.505557, 37.364151], [-118.50550678461539, 37.3641]], [[-118.501677, 37.3641], [-118.501678, 37.364127], [-118.501649, 37.36432], [-118.501604, 37.364452], [-118.501378, 37.364905], [-118.501345, 37.365015], [-118.501336, 37.365093], [-118.50134, 37.365283], [-118.501391, 37.365664], [-118.501386, 37.365784], [-118.501337, 37.366023], [-118.501367, 37.366143], [-118.501359, 37.366218], [-118.501315, 37.366311], [-118.501203, 37.366502], [-118.501182, 37.366616], [-118.501219, 37.366815], [-118.501263, 37.366875], [-118.501558, 37.367113], [-118.501622, 37.367213], [-118.501869, 37.367981], [-118.501886, 37.368098], [-118.501875, 37.368335]]]}, "props": {"MTFCC": "S1400", "NAME": null}}, {"geom": {"type": "LineString", "coordinates": [[-118.427508, 37.367135], [-118.425647, 37.367141]]}, "props": {"MTFCC": "S1740", "NAME": null}}, {"geom": {"type": "LineString", "coordinates": [[-118.375825, 37.367946], [-118.37419, 37.367935], [-118.374054, 37.367942], [-118.373995, 37.367963], [-118.373973, 37.367981], [-118.373955, 37.368016]]}, "props": {"MTFCC": "S1400", "NAME": null}}, {"geom": {"type": "LineString", "coordinates": [[-118.392784, 37.364327], [-118.39281, 37.365844]]}, "props": {"MTFCC": "S1400", "NAME": null}}, {"geom": {"type": "LineString", "coordinates": [[-118.736284, 37.448105], [-118.73637, 37.448677], [-118.736112, 37.4491], [-118.735688, 37.449504], [-118.735321, 37.44976], [-118.735199, 37.449769]]}, "props": {"MTFCC": "S1400", "NAME": null}}, {"geom": {"type": "LineString", "coordinates": [[-117.973408, 37.407036], [-117.973554, 37.407082], [-117.973651, 37.407104], [-117.97388, 37.40711], [-117.974195, 37.407103], [-117.974568, 37.407118], [-117.974925, 37.40715], [-117.976389, 37.407384], [-117.977659, 37.407564], [-117.979677, 37.40788], [-117.980447, 37.40803], [-117.981264, 37.408214], [-117.981578, 37.408324], [-117.981819, 37.408416], [-117.982419, 37.408673], [-117.982689, 37.408781], [-117.983058, 37.408907], [-117.983768, 37.409103], [-117.98468, 37.40938], [-117.98569, 37.409736], [-117.987236, 37.410302]]}, "props": {"MTFCC": "S1400", "NAME": null}}, {"geom": {"type": "LineString", "coordinates": [[-118.36844, 37.448982], [-118.367884, 37.44936], [-118.366787, 37.450075], [-118.366732, 37.450142], [-118.366672, 37.450286], [-118.366609, 37.450373], [-118.366525, 37.450447], [-118.366423, 37.450506], [-118.366124, 37.450603], [-118.365788, 37.450748], [-118.36555, 37.450898], [-118.365283, 37.451092], [-118.364277, 37.451759], [-118.363925, 37.451959], [-118.363621, 37.452156], [-118.363451, 37.452302], [-118.36337, 37.452428], [-118.363345, 37.45252], [-118.363345, 37.452615], [-118.363373, 37.452716], [-118.363452, 37.452914], [-118.363469, 37.453048], [-118.363451, 37.453182], [-118.36338, 37.45337], [-118.363283, 37.453774], [-118.363241, 37.454136], [-118.363205, 37.454355]]}, "props": {"MTFCC": "S1400", "NAME": null}}, {"geom": {"type": "LineString", "coordinates": [[-118.294819, 37.461744], [-118.294878, 37.461818], [-118.29505, 37.462016], [-118.295158, 37.462181], [-118.295177, 37.462297]]}, "props": {"MTFCC": "S1400", "NAME": null}}, {"geom": {"type": "LineString", "coordinates": [[-118.417452, 37.374866], [-118.417509, 37.374798]]}, "props": {"MTFCC": "S1740", "NAME": null}}, {"geom": {"type": "LineString", "coordinates": [[-118.469912, 37.404381], [-118.469746, 37.404502], [-118.469345, 37.404767], [-118.469205, 37.404832], [-118.469045, 37.404871], [-118.46894, 37.404925], [-118.468857, 37.404993], [-118.468529, 37.405208], [-118.46842, 37.405241], [-118.468248, 37.405247], [-118.468001, 37.405237], [-118.467823, 37.405243], [-118.467699, 37.405258], [-118.467578, 37.405284], [-118.467461, 37.40532], [-118.467257, 37.405411], [-118.46711, 37.405491], [-118.467041, 37.405509], [-118.466938, 37.405495], [-118.466893, 37.405468], [-118.466877, 37.405418], [-118.466878, 37.405386], [-118.466914, 37.405279], [-118.466915, 37.405187], [-118.466891, 37.405044], [-118.466837, 37.404887], [-118.466784, 37.404816], [-118.466723, 37.404781], [-118.466558, 37.404755], [-118.466433, 37.404747], [-118.466153, 37.404774], [-118.465991, 37.404769], [-118.465621, 37.404721], [-118.465365, 37.404675], [-118.465334, 37.404688], [-118.465312, 37.404721], [-118.465311, 37.404768], [-118.46537, 37.404876], [-118.465544, 37.405086], [-118.465936, 37.405455], [-118.466124, 37.405624], [-118.466153, 37.405695], [-118.466143, 37.40577], [-118.466096, 37.405835], [-118.46603, 37.405875], [-118.465985, 37.405884], [-118.465824, 37.405887], [-118.465459, 37.405956], [-118.465351, 37.405963], [-118.465039, 37.405954], [-118.464378, 37.405884], [-118.463967, 37.405815], [-118.46386, 37.405789], [-118.463782, 37.405779], [-118.463621, 37.405775], [-118.463541, 37.40575], [-118.463475, 37.405708], [-118.463397, 37.405603], [-118.463296, 37.405439], [-118.463054, 37.404947], [-118.462785, 37.404476], [-118.462702, 37.404378], [-118.462635, 37.404347], [-118.46257, 37.404343], [-118.462541, 37.404343], [-118.462407, 37.404369], [-118.462361, 37.40441], [-118.462352, 37.404455], [-118.462362, 37.40454], [-118.462411, 37.40476], [-118.46246, 37.404925], [-118.462547, 37.405146], [-118.462554, 37.40522], [-118.462535, 37.405303], [-118.462476, 37.405387], [-118.462401, 37.405453], [-118.462322, 37.40548], [-118.462236, 37.40548], [-118.462186, 37.405466], [-118.462101, 37.405413], [-118.46199, 37.405379], [-118.46187, 37.405374], [-118.461472, 37.405393], [-118.461127, 37.405452], [-118.460938, 37.405496], [-118.460747, 37.40556], [-118.460607, 37.405631], [-118.460494, 37.40566], [-118.460382, 37.405669], [-118.460232, 37.405652], [-118.459944, 37.405562], [-118.459617, 37.405427], [-118.459425, 37.405347], [-118.45937, 37.405311], [-118.459345, 37.405258], [-118.459317, 37.405121], [-118.459267, 37.405051], [-118.459208, 37.405013], [-118.459026, 37.404919], [-118.458938, 37.404912], [-118.458853, 37.404934], [-118.458728, 37.404996], [-118.458552, 37.405067], [-118.458404, 37.405113], [-118.458117, 37.405168], [-118.457947, 37.405193], [-118.457652, 37.405202], [-118.457543, 37.405212], [-118.457411, 37.405246], [-118.45735, 37.405289], [-118.457317, 37.405349], [-118.457316, 37.405405], [-118.457334, 37.405524], [-118.457307, 37.40558], [-118.457262, 37.405612], [-118.457072, 37.405675], [-118.456994, 37.405683], [-118.456751, 37.405669], [-118.456587, 37.405674], [-118.45648, 37.405696], [-118.456382, 37.405743], [-118.456219, 37.405846], [-118.455671, 37.406064], [-118.455409, 37.406196], [-118.455278, 37.406291], [-118.455146, 37.406348], [-118.454801, 37.406455], [-118.454687, 37.406469], [-118.454426, 37.406484], [-118.454113, 37.406544], [-118.454032, 37.406572], [-118.453964, 37.406607], [-118.453722, 37.406771], [-118.453622, 37.406802], [-118.453397, 37.406809], [-118.453259, 37.406833], [-118.453142, 37.406879], [-118.453083, 37.406893], [-118.452839, 37.406929], [-118.452698, 37.406954], [-118.452378, 37.406962], [-118.45207, 37.406955], [-118.452008, 37.406941], [-118.451951, 37.406904], [-118.451911, 37.406841], [-118.451897, 37.406771], [-118.451911, 37.406702], [-118.451982, 37.406596], [-118.452164, 37.40637], [-118.452185, 37.40631], [-118.45219, 37.406268], [-118.452171, 37.4062], [-118.452117, 37.406141], [-118.451561, 37.40587], [-118.451506, 37.40585], [-118.451462, 37.405847], [-118.451403, 37.405857], [-118.451302, 37.405895], [-118.451208, 37.405917], [-118.450929, 37.405951], [-118.450826, 37.405949], [-118.450702, 37.405919], [-118.450622, 37.40587], [-118.450577, 37.405816], [-118.450465, 37.405604], [-118.450321, 37.405295], [-118.450194, 37.405104], [-118.450011, 37.404872], [-118.449979, 37.404784], [-118.449862, 37.404078], [-118.449828, 37.403764], [-118.449854, 37.403532], [-118.449845, 37.403428], [-118.449812, 37.403312], [-118.449651, 37.402993], [-118.449552, 37.402834], [-118.44942, 37.402677], [-118.449233, 37.402536], [-118.449098, 37.402459], [-118.448989, 37.402441], [-118.448626, 37.402475], [-118.448551, 37.402482], [-118.44838, 37.402539], [-118.448245, 37.402631], [-118.448175, 37.402649], [-118.448045, 37.402654], [-118.44795, 37.402679]]}, "props": {"MTFCC": "S1400", "NAME": null}}, {"geom": {"type": "LineString", "coordinates": [[-118.495023, 37.404831], [-118.495087, 37.404816], [-118.495255, 37.404813], [-118.495393, 37.404823], [-118.495623, 37.404858], [-118.495709, 37.404889], [-118.495792, 37.404932], [-118.496095, 37.404958], [-118.49621, 37.404987], [-118.496457, 37.404952], [-118.496605, 37.404963], [-118.496705, 37.405], [-118.496767, 37.405058], [-118.496823, 37.405196], [-118.496951, 37.405375], [-118.497059, 37.405473], [-118.497128, 37.405507], [-118.497222, 37.40552], [-118.497338, 37.405511], [-118.497587, 37.405414], [-118.497696, 37.405394], [-118.497802, 37.405405], [-118.498038, 37.40546], [-118.498244, 37.405479], [-118.498311, 37.405479]]}, "props": {"MTFCC": "S1400", "NAME": null}}, {"geom": {"type": "LineString", "coordinates": [[-118.492973, 37.407385], [-118.492985, 37.407135], [-118.493012, 37.407057]]}, "props": {"MTFCC": "S1400", "NAME": null}}, {"geom": {"type": "LineString", "coordinates": [[-118.473022, 37.410563], [-118.473181, 37.410685], [-118.473326, 37.410785], [-118.473442, 37.410838], [-118.473504, 37.410858], [-118.473717, 37.410892], [-118.474004, 37.410918], [-118.474206, 37.410898], [-118.474352, 37.410855], [-118.474473, 37.410756], [-118.474559, 37.410726], [-118.474652, 37.410726], [-118.47478, 37.410768], [-118.474874, 37.410768], [-118.47495, 37.410736], [-118.47504, 37.410637], [-118.47506, 37.410588], [-118.47506, 37.410385], [-118.475075, 37.410328], [-118.475123, 37.410261], [-118.475156, 37.410224], [-118.475283, 37.410113], [-118.475358, 37.410023], [-118.475417, 37.410003], [-118.475477, 37.410011], [-118.475724, 37.410139], [-118.475971, 37.410291], [-118.476084, 37.410332], [-118.476128, 37.410344], [-118.476223, 37.410348], [-118.476676, 37.410289], [-118.476847, 37.410299], [-118.477191, 37.410371]]}, "props": {"MTFCC": "S1400", "NAME": null}}, {"geom": {"type": "LineString", "coordinates": [[-118.580273, 37.37903], [-118.580204, 37.379066], [-118.579916, 37.379306], [-118.579496, 37.379685], [-118.579251, 37.379855], [-118.578891, 37.380078], [-118.578831, 37.380094], [-118.578732, 37.380101]]}, "props": {"MTFCC": "S1400", "NAME": null}}, {"geom": {"type": "LineString", "coordinates": [[-118.578138, 37.383702], [-118.578377, 37.383772], [-118.578494, 37.383782], [-118.57864, 37.383776], [-118.578787, 37.383788]]}, "props": {"MTFCC": "S1400", "NAME": null}}, {"geom": {"type": "LineString", "coordinates": [[-118.181731, 37.38379], [-118.181777, 37.384103], [-118.181804, 37.384724], [-118.181796, 37.384794], [-118.181755, 37.384902], [-118.181588, 37.385133], [-118.181311, 37.38547], [-118.181258, 37.385557], [-118.18122, 37.385671], [-118.181213, 37.385794], [-118.181243, 37.38588], [-118.181381, 37.386067], [-118.181622, 37.386359], [-118.18195, 37.386735], [-118.182006, 37.386823], [-118.182116, 37.387096], [-118.182224, 37.387472], [-118.18231, 37.387684], [-118.18243, 37.387938], [-118.182548, 37.388151], [-118.182707, 37.388493], [-118.182797, 37.38872], [-118.183017, 37.389409], [-118.183059, 37.389563], [-118.183084, 37.389704]]}, "props": {"MTFCC": "S1400", "NAME": null}}, {"geom": {"type": "LineString", "coordinates": [[-118.507532, 37.409186], [-118.507588, 37.409157], [-118.507663, 37.409119]]}, "props": {"MTFCC": "S1400", "NAME": null}}, {"geom": {"type": "LineString", "coordinates": [[-118.503733, 37.405919], [-118.503686, 37.405461], [-118.503661, 37.405351], [-118.503617, 37.40523], [-118.503612, 37.405123]]}, "props": {"MTFCC": "S1400", "NAME": null}}, {"geom": {"type": "LineString", "coordinates": [[-118.483991, 37.404224], [-118.483934, 37.40429], [-118.483817, 37.404353], [-118.483657, 37.4044], [-118.483486, 37.404437], [-118.483363, 37.404451], [-118.483137, 37.404448], [-118.482414, 37.404326], [-118.482283, 37.404309], [-118.481445, 37.404269], [-118.481109, 37.404249], [-118.480725, 37.404182], [-118.480665, 37.404164], [-118.480615, 37.404137]]}, "props": {"MTFCC": "S1400", "NAME": null}}, {"geom": {"type": "LineString", "coordinates": [[-118.70531202290076, 37.3641], [-118.705396, 37.364157], [-118.705622, 37.36434], [-118.705754, 37.364422], [-118.705888, 37.364469], [-118.706102, 37.364517], [-118.706162, 37.364541], [-118.70626, 37.364613], [-118.70639, 37.364667], [-118.707025, 37.364874], [-118.707027, 37.364901], [-118.707006, 37.364921], [-118.70695, 37.364918], [-118.706469, 37.364864], [-118.706135, 37.364797], [-118.705913, 37.364738], [-118.705829, 37.364704], [-118.705731, 37.36469], [-118.705573, 37.364688], [-118.705517, 37.364676], [-118.704905, 37.364436], [-118.704456, 37.364252], [-118.704254, 37.364202], [-118.704178, 37.364197], [-118.70415, 37.364211], [-118.704141, 37.364228], [-118.704153, 37.364247], [-118.704562, 37.364421], [-118.704647, 37.364482], [-118.704787, 37.364622], [-118.704982, 37.364774], [-118.705292, 37.364947], [-118.705781, 37.365149], [-118.705874, 37.365199], [-118.706193, 37.365429], [-118.70631, 37.365488], [-118.706431, 37.365529], [-118.706642, 37.365575], [-118.706777, 37.365629], [-118.706966, 37.365735], [-118.707005, 37.365767], [-118.707157, 37.36597], [-118.707239, 37.366043], [-118.707339, 37.3661], [-118.707451, 37.36614], [-118.707511, 37.36615], [-118.707571, 37.36616], [-118.707693, 37.36616], [-118.707884, 37.366137], [-118.708122, 37.366055], [-118.708165, 37.366075], [-118.708175, 37.366114], [-118.708151, 37.366144], [-118.707953, 37.366244], [-118.707761, 37.366325], [-118.707674, 37.366352], [-118.707568, 37.366374], [-118.707428, 37.366383], [-118.707218, 37.366377], [-118.707049, 37.366335], [-118.706998, 37.366309], [-118.706896, 37.366224], [-118.706782, 37.366159], [-118.706654, 37.366113], [-118.706393, 37.366075], [-118.705977, 37.36598], [-118.705727, 37.365904], [-118.705504, 37.365873], [-118.705326, 37.365826], [-118.705138, 37.365733], [-118.704865, 37.365629], [-118.704433, 37.365421], [-118.704409, 37.365427], [-118.704398, 37.36546], [-118.704406, 37.36549], [-118.704466, 37.365539], [-118.704576, 37.365598], [-118.704687, 37.365688], [-118.704744, 37.365746], [-118.704901, 37.365858], [-118.7051, 37.365988], [-118.705288, 37.366128], [-118.705479, 37.36626], [-118.705513, 37.366275], [-118.705666, 37.366284], [-118.705726, 37.366295], [-118.705787, 37.366323], [-118.705864, 37.366372], [-118.705931, 37.366447], [-118.705967, 37.366551], [-118.705998, 37.366594], [-118.706107, 37.366666], [-118.706243, 37.366729], [-118.706431, 37.366786], [-118.706552, 37.366852], [-118.706673, 37.366941], [-118.706847, 37.36712], [-118.706951, 37.367185], [-118.707064, 37.36722], [-118.70713, 37.367253], [-118.707395, 37.367461], [-118.707531, 37.367556], [-118.707631, 37.367602], [-118.707741, 37.367631], [-118.707844, 37.367635], [-118.707925, 37.367639], [-118.708031, 37.367635], [-118.708145, 37.367608], [-118.708195, 37.367588], [-118.708358, 37.367446], [-118.70846, 37.367401], [-118.708528, 37.367384], [-118.708645, 37.367373], [-118.70869, 37.367359], [-118.708748, 37.367322], [-118.708845, 37.367237], [-118.708894, 37.367211], [-118.708957, 37.36719], [-118.709069, 37.367198], [-118.709253, 37.367229], [-118.70957, 37.367263], [-118.709658, 37.367296], [-118.709823, 37.36743], [-118.70996, 37.367501], [-118.710175, 37.367563], [-118.710361, 37.367646], [-118.710494, 37.367715], [-118.71059, 37.367753], [-118.710804, 37.367902], [-118.710963, 37.367963], [-118.711122, 37.368], [-118.711229, 37.368034], [-118.711398, 37.368105]]}, "props": {"MTFCC": "S1400", "NAME": null}}, {"geom": {"type": "LineString", "coordinates": [[-118.477603, 37.364809], [-118.477409, 37.364778], [-118.477247, 37.364725], [-118.477078, 37.364651], [-118.476804, 37.364506], [-118.476513, 37.364328], [-118.47618985714286, 37.3641]]}, "props": {"MTFCC": "S1400", "NAME": null}}, {"geom": {"type": "LineString", "coordinates": [[-118.345001, 37.38122], [-118.344901, 37.381155], [-118.344445, 37.380915], [-118.343684, 37.380471], [-118.343586, 37.380409], [-118.343455, 37.380369], [-118.343242, 37.380356], [-118.343131, 37.380322], [-118.343026, 37.380249], [-118.342329, 37.379736], [-118.342236, 37.379668], [-118.341861, 37.37936], [-118.341678, 37.37926], [-118.340432, 37.378725], [-118.340168, 37.378661], [-118.340133, 37.378636], [-118.3401, 37.378576], [-118.3401, 37.37851], [-118.340183, 37.378297], [-118.340241, 37.37803], [-118.340301, 37.377709], [-118.340369, 37.377488], [-118.34058, 37.377001]]}, "props": {"MTFCC": "S1500", "NAME": null}}, {"geom": {"type": "LineString", "coordinates": [[-118.50326, 37.405933], [-118.502726, 37.405997], [-118.50262, 37.406015], [-118.502432, 37.406016], [-118.50239, 37.406003], [-118.502359, 37.405983], [-118.502339, 37.405921], [-118.502354, 37.405849], [-118.502388, 37.405808], [-118.502493, 37.405727], [-118.502825, 37.405547]]}, "props": {"MTFCC": "S1400", "NAME": null}}, {"geom": {"type": "LineString", "coordinates": [[-118.436673, 37.401934], [-118.436804, 37.402427], [-118.436985, 37.403296], [-118.437121, 37.403826], [-118.437206, 37.404073]]}, "props": {"MTFCC": "S1400", "NAME": null}}, {"geom": {"type": "LineString", "coordinates": [[-118.445824, 37.410193], [-118.4457, 37.410161], [-118.445017, 37.410066], [-118.443673, 37.409848], [-118.443104, 37.409759], [-118.442935, 37.40972], [-118.442835, 37.409677], [-118.442672, 37.409581], [-118.442209, 37.40933], [-118.441762, 37.409115], [-118.441078, 37.408764], [-118.44084, 37.408619], [-118.440074, 37.408114], [-118.43994, 37.408051], [-118.439784, 37.408003], [-118.43963, 37.407982], [-118.439516, 37.407975], [-118.439361, 37.407979], [-118.438726, 37.40802], [-118.438244, 37.408026], [-118.437773, 37.408016], [-118.437479, 37.408018], [-118.437255, 37.408035], [-118.437053, 37.408083], [-118.43661, 37.408298], [-118.436433, 37.408395], [-118.435958, 37.408625], [-118.435856, 37.408667], [-118.435739, 37.408704], [-118.435548, 37.408739], [-118.434788, 37.408816], [-118.43455, 37.408835], [-118.43414, 37.408833], [-118.434012, 37.408818], [-118.433664, 37.40873], [-118.433514, 37.408717], [-118.433364, 37.408729], [-118.433196, 37.408772], [-118.432833, 37.408894], [-118.432124, 37.40907], [-118.432076, 37.409083], [-118.431985, 37.409102], [-118.43186, 37.409112], [-118.431763, 37.409108], [-118.431571, 37.409054], [-118.430971, 37.408818], [-118.430495, 37.408657], [-118.430399, 37.408653], [-118.430307, 37.408673], [-118.43017, 37.408746], [-118.429991, 37.408891], [-118.429507, 37.409367], [-118.429437, 37.409422], [-118.429346, 37.409476], [-118.429143, 37.409562], [-118.429027, 37.409597], [-118.428896, 37.409622], [-118.428766, 37.409636], [-118.428536, 37.409636], [-118.428302, 37.409592], [-118.428206, 37.409564], [-118.428034, 37.409488], [-118.427923, 37.409411], [-118.427784, 37.409258], [-118.427553, 37.408957], [-118.427462, 37.408876], [-118.427139, 37.40872], [-118.426954, 37.408636], [-118.426816, 37.408544], [-118.426707, 37.408439], [-118.426608, 37.408255], [-118.426488, 37.407993], [-118.426389, 37.407886], [-118.426329, 37.407842], [-118.426207, 37.407792], [-118.426121, 37.407767], [-118.425562, 37.407687], [-118.425462, 37.407655], [-118.425377, 37.407593], [-118.425267, 37.407463], [-118.424932, 37.406838], [-118.42481, 37.406552], [-118.424731, 37.406455], [-118.424659, 37.406403], [-118.42453, 37.40635], [-118.424192, 37.406285], [-118.424074, 37.406253], [-118.423968, 37.406203], [-118.423866, 37.40613], [-118.423784, 37.406044], [-118.423736, 37.405936], [-118.423713, 37.405589], [-118.423742, 37.4053], [-118.423757, 37.405014], [-118.423805, 37.404774], [-118.42389, 37.404557], [-118.42409, 37.404218], [-118.424156, 37.404128], [-118.424308, 37.403972], [-118.424495, 37.403832], [-118.424685, 37.403717], [-118.424782, 37.403668], [-118.42538, 37.403434], [-118.42573, 37.403303], [-118.425896, 37.403209], [-118.426116, 37.403061], [-118.426309, 37.402896], [-118.426385, 37.402825], [-118.426527, 37.40265], [-118.426585, 37.402552], [-118.426665, 37.402341], [-118.426678, 37.402274], [-118.426673, 37.40219], [-118.426611, 37.402065], [-118.426442, 37.401801], [-118.426157, 37.401242], [-118.426071, 37.401137], [-118.425995, 37.401089], [-118.425954, 37.401074], [-118.425856, 37.401079], [-118.42561, 37.401123], [-118.425486, 37.401133], [-118.425384, 37.40113], [-118.425192, 37.401097], [-118.425078, 37.401067], [-118.424784, 37.400945], [-118.424612, 37.400843], [-118.424144, 37.400496], [-118.423894, 37.400251], [-118.423803, 37.400186]]}, "props": {"MTFCC": "S1400", "NAME": null}}, {"geom": {"type": "LineString", "coordinates": [[-118.352811, 37.391298], [-118.35271, 37.391278], [-118.35246, 37.391189], [-118.352407, 37.391157], [-118.352322, 37.391039], [-118.352298, 37.390988], [-118.352136, 37.390766], [-118.352088, 37.390719], [-118.351968, 37.390648], [-118.351901, 37.390582], [-118.351863, 37.390502], [-118.351858, 37.390416], [-118.351864, 37.390384]]}, "props": {"MTFCC": "S1400", "NAME": null}}, {"geom": {"type": "LineString", "coordinates": [[-118.609992, 37.414747], [-118.610024, 37.414828], [-118.610022, 37.414922], [-118.609996, 37.415017], [-118.609947, 37.415106], [-118.609835, 37.415224], [-118.609664, 37.415331], [-118.609536, 37.415388], [-118.609525, 37.415409], [-118.609517, 37.415479], [-118.609522, 37.415543], [-118.609539, 37.415767], [-118.609529, 37.415867]]}, "props": {"MTFCC": "S1400", "NAME": null}}, {"geom": {"type": "LineString", "coordinates": [[-118.501574, 37.407437], [-118.501216, 37.407083]]}, "props": {"MTFCC": "S1400", "NAME": null}}, {"geom": {"type": "LineString", "coordinates": [[-118.450278, 37.412716], [-118.450295, 37.412674], [-118.450316, 37.412661], [-118.450353, 37.412652], [-118.450598, 37.412654], [-118.450639, 37.412642], [-118.450658, 37.412624], [-118.450655, 37.412557], [-118.450625, 37.412375], [-118.450633, 37.412336], [-118.450659, 37.412305], [-118.450737, 37.412274], [-118.450926, 37.412246], [-118.45108, 37.412233], [-118.451152, 37.412212], [-118.451293, 37.412151]]}, "props": {"MTFCC": "S1400", "NAME": null}}, {"geom": {"type": "LineString", "coordinates": [[-118.456339, 37.411916], [-118.456298, 37.411898], [-118.456247, 37.411839], [-118.456204, 37.411726], [-118.456171, 37.411692], [-118.456066, 37.411619], [-118.456029, 37.411583], [-118.455985, 37.411512], [-118.45594, 37.411439], [-118.455857, 37.411187], [-118.455798, 37.411116], [-118.455651, 37.410989], [-118.45551, 37.410909], [-118.455309, 37.410813], [-118.455193, 37.410743], [-118.455089, 37.410651], [-118.455001, 37.410524], [-118.45494, 37.410425], [-118.454861, 37.410368], [-118.454761, 37.410342], [-118.454681, 37.410345], [-118.454641, 37.410355]]}, "props": {"MTFCC": "S1400", "NAME": null}}, {"geom": {"type": "LineString", "coordinates": [[-118.443089, 37.413938], [-118.443077, 37.413855], [-118.443077, 37.413757], [-118.443105, 37.413594], [-118.443197, 37.413382]]}, "props": {"MTFCC": "S1400", "NAME": null}}, {"geom": {"type": "LineString", "coordinates": [[-118.377115, 37.391354], [-118.377336, 37.391275], [-118.377648, 37.391221], [-118.378178, 37.391201], [-118.378957, 37.391219], [-118.379158, 37.391195], [-118.379276, 37.391206], [-118.379334, 37.391218], [-118.379454, 37.39127], [-118.379775, 37.391289], [-118.380331, 37.391271], [-118.38042, 37.391247], [-118.380651, 37.391227], [-118.380768, 37.391227], [-118.380996, 37.391253], [-118.381303, 37.391297], [-118.381398, 37.391296], [-118.381585, 37.391269]]}, "props": {"MTFCC": "S1400", "NAME": null}}, {"geom": {"type": "LineString", "coordinates": [[-118.608726, 37.431588], [-118.608501, 37.431261], [-118.608453, 37.431122], [-118.608437, 37.431021], [-118.608447, 37.43094], [-118.608503, 37.430825], [-118.608563, 37.430759], [-118.608683, 37.430682], [-118.608759, 37.430653], [-118.608895, 37.430635], [-118.609038, 37.430648], [-118.609135, 37.430674], [-118.60926, 37.430741], [-118.609354, 37.43075], [-118.609435, 37.430733], [-118.609523, 37.430697]]}, "props": {"MTFCC": "S1400", "NAME": null}}, {"geom": {"type": "LineString", "coordinates": [[-118.527676, 37.414388], [-118.527699, 37.414406], [-118.527754, 37.414428], [-118.527824, 37.414417], [-118.527851, 37.414371], [-118.527845, 37.41431], [-118.527846, 37.414249], [-118.527878, 37.41418], [-118.527939, 37.414153], [-118.528035, 37.414136], [-118.528109, 37.414128], [-118.528196, 37.414129], [-118.528286, 37.414129], [-118.528352, 37.414133], [-118.528412, 37.414141], [-118.528473, 37.414137], [-118.528545, 37.414138]]}, "props": {"MTFCC": "S1400", "NAME": null}}, {"geom": {"type": "LineString", "coordinates": [[-118.508359, 37.401359], [-118.508425, 37.401353], [-118.508589, 37.40134], [-118.508779, 37.401356], [-118.50896, 37.401403], [-118.509472, 37.401595], [-118.510466, 37.401941], [-118.51156, 37.402365], [-118.512066, 37.402533], [-118.512872, 37.402744], [-118.513414, 37.402873], [-118.514366, 37.403088], [-118.514739, 37.403182]]}, "props": {"MTFCC": "S1400", "NAME": null}}, {"geom": {"type": "LineString", "coordinates": [[-118.52915, 37.410496], [-118.529373, 37.410691], [-118.529633, 37.410904]]}, "props": {"MTFCC": "S1400", "NAME": null}}, {"geom": {"type": "LineString", "coordinates": [[-118.530118, 37.406237], [-118.529961, 37.40626], [-118.529832, 37.406263], [-118.529662, 37.406313], [-118.529434, 37.406351], [-118.529302, 37.406362], [-118.529192, 37.406391], [-118.529049, 37.406459], [-118.52895, 37.406517], [-118.528819, 37.40656], [-118.528483, 37.406627], [-118.528103, 37.406727], [-118.527808, 37.406821], [-118.527727, 37.40684], [-118.527222, 37.406859]]}, "props": {"MTFCC": "S1400", "NAME": null}}, {"geom": {"type": "LineString", "coordinates": [[-118.354599, 37.378426], [-118.354808, 37.378425], [-118.355432, 37.378379], [-118.35567, 37.378371], [-118.355896, 37.378395], [-118.356047, 37.378401], [-118.356198, 37.378395], [-118.356348, 37.378377], [-118.356488, 37.378351], [-118.356767, 37.378348], [-118.356965, 37.378369], [-118.357021, 37.378383]]}, "props": {"MTFCC": "S1400", "NAME": null}}, {"geom": {"type": "LineString", "coordinates": [[-118.345001, 37.38122], [-118.345064, 37.381065], [-118.345056, 37.381037], [-118.345029, 37.381009], [-118.344551, 37.38072]]}, "props": {"MTFCC": "S1500", "NAME": null}}, {"geom": {"type": "LineString", "coordinates": [[-118.510146, 37.400815], [-118.510181, 37.400823], [-118.510204, 37.400828], [-118.510279, 37.400827], [-118.51036, 37.400823], [-118.510441, 37.400817], [-118.510516, 37.400809], [-118.510626, 37.4008], [-118.510702, 37.4008], [-118.510778, 37.400797], [-118.510854, 37.400792], [-118.51093, 37.400785], [-118.511008, 37.400775], [-118.511073, 37.400766], [-118.511138, 37.400757], [-118.511216, 37.400747], [-118.511302, 37.400737], [-118.511387, 37.400727], [-118.511514, 37.400714], [-118.5116, 37.400704], [-118.511723, 37.40069], [-118.511799, 37.400682], [-118.511858, 37.400674], [-118.51194, 37.400678], [-118.512, 37.400675]]}, "props": {"MTFCC": "S1400", "NAME": null}}, {"geom": {"type": "LineString", "coordinates": [[-118.378603, 37.383242], [-118.378543, 37.383461], [-118.378494, 37.383509], [-118.378437, 37.383529], [-118.378327, 37.383546], [-118.37815, 37.383548], [-118.37803, 37.38353], [-118.37798, 37.38349], [-118.377613, 37.38282], [-118.377525, 37.382339], [-118.377447, 37.382188], [-118.37737, 37.382112], [-118.377271, 37.382058], [-118.377199, 37.382043], [-118.377053, 37.38208], [-118.376906, 37.382086], [-118.376882, 37.382083]]}, "props": {"MTFCC": "S1400", "NAME": null}}, {"geom": {"type": "LineString", "coordinates": [[-118.375478, 37.382336], [-118.375188, 37.382248], [-118.375075, 37.382239], [-118.374963, 37.382248], [-118.374855, 37.382276], [-118.374721, 37.382332], [-118.374648, 37.382375], [-118.374594, 37.382423], [-118.37453, 37.382499], [-118.374461, 37.382523], [-118.374436, 37.382523], [-118.37424, 37.382427], [-118.374201, 37.382377]]}, "props": {"MTFCC": "S1400", "NAME": null}}, {"geom": {"type": "LineString", "coordinates": [[-118.413823, 37.375914], [-118.413829, 37.37608], [-118.413847, 37.376548], [-118.413852, 37.377556], [-118.413872, 37.377681], [-118.413893, 37.377718], [-118.41398, 37.377793], [-118.414055, 37.377841]]}, "props": {"MTFCC": "S1400", "NAME": null}}, {"geom": {"type": "LineString", "coordinates": [[-118.414139, 37.376957], [-118.414146, 37.376757]]}, "props": {"MTFCC": "S1400", "NAME": null}}, {"geom": {"type": "LineString", "coordinates": [[-118.414139, 37.377172], [-118.414142, 37.377409]]}, "props": {"MTFCC": "S1400", "NAME": null}}, {"geom": {"type": "LineString", "coordinates": [[-118.372232, 37.384308], [-118.372368, 37.384343], [-118.372499, 37.384354], [-118.372628, 37.384357], [-118.372838, 37.384332], [-118.372923, 37.384291], [-118.373049, 37.384264], [-118.373204, 37.384274], [-118.373291, 37.384295], [-118.373501, 37.384311], [-118.373662, 37.384302], [-118.373932, 37.38426], [-118.374501, 37.384238], [-118.374841, 37.384263], [-118.374933, 37.384283], [-118.375101, 37.38433], [-118.37525, 37.384342], [-118.37533, 37.384325], [-118.3754, 37.384289]]}, "props": {"MTFCC": "S1400", "NAME": null}}, {"geom": {"type": "LineString", "coordinates": [[-118.544262, 37.392106], [-118.544407, 37.392141], [-118.545487, 37.392305], [-118.545971, 37.392367], [-118.546256, 37.392381], [-118.546412, 37.392408], [-118.546616, 37.392468]]}, "props": {"MTFCC": "S1400", "NAME": null}}, {"geom": {"type": "LineString", "coordinates": [[-118.458815, 37.41972], [-118.458905, 37.419869], [-118.458943, 37.420013], [-118.459027, 37.420632], [-118.4591, 37.42087], [-118.45923, 37.421234], [-118.459294, 37.421389], [-118.459321, 37.421534], [-118.459305, 37.421736], [-118.459082, 37.423008], [-118.459056, 37.423422], [-118.459046, 37.423478]]}, "props": {"MTFCC": "S1400", "NAME": null}}, {"geom": {"type": "LineString", "coordinates": [[-117.816431, 37.419852], [-117.816879, 37.420134], [-117.817592, 37.420515], [-117.818597, 37.42102], [-117.818741, 37.421089], [-117.81901, 37.421188], [-117.8193, 37.421253], [-117.819629, 37.421317], [-117.820229, 37.42149], [-117.820404, 37.421548], [-117.820623, 37.421634], [-117.820779, 37.421711], [-117.821418, 37.422165], [-117.82175, 37.422377], [-117.822323, 37.422687], [-117.822916, 37.423099], [-117.823118, 37.423233], [-117.82348, 37.423447], [-117.823969, 37.423765], [-117.824227, 37.423967], [-117.824507, 37.424214], [-117.825266, 37.424744], [-117.825886, 37.425145], [-117.826141, 37.425277], [-117.826417, 37.425403], [-117.826888, 37.425562], [-117.827152, 37.425631], [-117.827356, 37.425708], [-117.827462, 37.425768], [-117.827566, 37.425851], [-117.82765, 37.425938], [-117.82786, 37.42611], [-117.82806, 37.426236], [-117.828243, 37.426336], [-117.828342, 37.426398], [-117.828523, 37.426575], [-117.828865, 37.426943], [-117.829083, 37.427191], [-117.829332, 37.427496], [-117.829563, 37.427837], [-117.829695, 37.428075], [-117.829843, 37.428284], [-117.830091, 37.428584], [-117.83019, 37.428689], [-117.830479, 37.429078], [-117.830559, 37.429203], [-117.830783, 37.429495], [-117.831127, 37.429915], [-117.831411, 37.430242], [-117.831511, 37.430407], [-117.831581, 37.430542], [-117.83171, 37.430721], [-117.831887, 37.430909], [-117.832039, 37.431036], [-117.832128, 37.431099], [-117.832206, 37.431167], [-117.832437, 37.431335], [-117.832599, 37.431466], [-117.834227, 37.432683], [-117.835227, 37.433515], [-117.835302, 37.43359], [-117.83542, 37.433735], [-117.835546, 37.433949], [-117.835616, 37.434152], [-117.835643, 37.434299], [-117.835649, 37.434502], [-117.8356, 37.43539], [-117.835498, 37.436583], [-117.83549, 37.436693], [-117.835417, 37.43769], [-117.835307, 37.439017], [-117.835292, 37.439322], [-117.835276, 37.43964], [-117.835105, 37.440378], [-117.834965, 37.441137], [-117.834952, 37.44123], [-117.83487, 37.441833], [-117.834853, 37.442035], [-117.834817, 37.442227], [-117.834719, 37.442524], [-117.834588, 37.442761], [-117.834423, 37.443019], [-117.834324, 37.443151], [-117.833734, 37.444065], [-117.832505, 37.446079], [-117.832274, 37.44643], [-117.832011, 37.446879], [-117.831625, 37.447697], [-117.831296, 37.448434], [-117.831123, 37.448809], [-117.830731, 37.449744], [-117.830486, 37.450448], [-117.83028, 37.451101], [-117.830184, 37.4515], [-117.830148, 37.451773], [-117.830148, 37.451835], [-117.830147, 37.452557], [-117.830106, 37.452742], [-117.83005, 37.45287], [-117.829881, 37.453124], [-117.829673, 37.453357], [-117.82893, 37.4541], [-117.828913, 37.454122], [-117.828819, 37.45424], [-117.828633, 37.45452], [-117.828516, 37.454759], [-117.828321, 37.455297], [-117.828164, 37.455871], [-117.828132, 37.456172], [-117.82813, 37.456647], [-117.828137, 37.457085], [-117.828129, 37.457416], [-117.828078, 37.457859], [-117.827987, 37.458215], [-117.827781, 37.458853], [-117.827626, 37.459405], [-117.827588, 37.459584], [-117.827548, 37.459709], [-117.827484, 37.459977], [-117.82733, 37.460494], [-117.827228, 37.460772], [-117.827217, 37.460807]]}, "props": {"MTFCC": "S1400", "NAME": null}}, {"geom": {"type": "LineString", "coordinates": [[-117.981427, 37.370095], [-117.981701, 37.37019], [-117.981983, 37.370288], [-117.983618, 37.370841], [-117.983859, 37.370932], [-117.983953, 37.370989], [-117.984317, 37.371285], [-117.984382, 37.371346], [-117.984838, 37.371537]]}, "props": {"MTFCC": "S1400", "NAME": null}}, {"geom": {"type": "LineString", "coordinates": [[-117.882603, 37.433175], [-117.883331, 37.434661], [-117.883864, 37.435711], [-117.884511, 37.437028], [-117.884716, 37.43739], [-117.884824, 37.437511], [-117.884961, 37.437611], [-117.885252, 37.437786], [-117.885807, 37.438144], [-117.886357, 37.438514], [-117.886622, 37.438692], [-117.887211, 37.439133], [-117.887496, 37.439362], [-117.887823, 37.439713], [-117.888115, 37.440089], [-117.888753, 37.440839], [-117.88884, 37.440928], [-117.889027, 37.441175], [-117.889443, 37.441774], [-117.889492, 37.441845], [-117.890054, 37.442632], [-117.890237, 37.442916], [-117.890563, 37.443395], [-117.89096, 37.443945], [-117.891121, 37.444202], [-117.89137, 37.444632], [-117.891446, 37.444795], [-117.891529, 37.444923], [-117.891737, 37.445341], [-117.891792, 37.445491], [-117.892101, 37.44619], [-117.892221, 37.446399], [-117.892369, 37.446744], [-117.892477, 37.447025], [-117.892605, 37.447321], [-117.892726, 37.447631], [-117.892864, 37.447931], [-117.892933, 37.4481], [-117.892958, 37.448203], [-117.893047, 37.448413], [-117.893184, 37.448653], [-117.893384, 37.449088], [-117.893495, 37.449387], [-117.89368, 37.449832], [-117.89369, 37.449897], [-117.893727, 37.449994], [-117.893935, 37.450371], [-117.894347, 37.451325], [-117.894871, 37.452377]]}, "props": {"MTFCC": "S1400", "NAME": null}}, {"geom": {"type": "LineString", "coordinates": [[-117.963502, 37.374502], [-117.96341, 37.374648], [-117.963331, 37.374931], [-117.963247, 37.375099], [-117.963158, 37.375219], [-117.963034, 37.375424], [-117.962914, 37.375768], [-117.962842, 37.376229], [-117.96273, 37.377186], [-117.962589, 37.377603], [-117.96253, 37.377944], [-117.962528, 37.377999], [-117.962609, 37.378323], [-117.962611, 37.378886], [-117.962621, 37.379031], [-117.962673, 37.379435], [-117.962684, 37.380018], [-117.962665, 37.380273], [-117.962655, 37.380346], [-117.962542, 37.380639], [-117.962461, 37.380772], [-117.962443, 37.380851], [-117.96254, 37.381084], [-117.962592, 37.381269], [-117.962652, 37.381457], [-117.962744, 37.381697], [-117.96276, 37.381876], [-117.9628, 37.381956], [-117.962831, 37.382018], [-117.962991, 37.382211], [-117.963011, 37.382279], [-117.963027, 37.382443], [-117.96305, 37.382549], [-117.963084, 37.382645], [-117.963116, 37.3827], [-117.963211, 37.382799], [-117.963325, 37.382901], [-117.963431, 37.382966], [-117.963567, 37.383016], [-117.963728, 37.383062], [-117.963853, 37.383132], [-117.964, 37.383232], [-117.964163, 37.383382], [-117.964247, 37.383518], [-117.964273, 37.383577], [-117.964302, 37.383744], [-117.964293, 37.383839], [-117.964236, 37.383978], [-117.963968, 37.384371], [-117.963941, 37.384442], [-117.963908, 37.384674], [-117.96389, 37.384733], [-117.963779, 37.384937], [-117.963652, 37.385142], [-117.963415, 37.385591], [-117.963288, 37.385802], [-117.963196, 37.385938], [-117.963169, 37.385988], [-117.963126, 37.386117], [-117.962925, 37.386567], [-117.962844, 37.386704], [-117.962645, 37.386955], [-117.962504, 37.387153], [-117.962363, 37.387306], [-117.962014, 37.387729], [-117.961952, 37.387833], [-117.961936, 37.387886], [-117.961932, 37.387967], [-117.961946, 37.388444], [-117.961934, 37.388555], [-117.961886, 37.388709], [-117.961861, 37.388875], [-117.961844, 37.389279], [-117.961849, 37.389502], [-117.961899, 37.389718], [-117.961923, 37.39025], [-117.96193, 37.390409], [-117.961969, 37.390621], [-117.961992, 37.39071], [-117.962043, 37.390849], [-117.962157, 37.391085], [-117.962345, 37.391512], [-117.962409, 37.391615], [-117.962701, 37.392], [-117.962993, 37.392329], [-117.963102, 37.392445], [-117.963171, 37.392501], [-117.963191, 37.392516], [-117.963534, 37.392743], [-117.963556, 37.392754], [-117.963792, 37.392859], [-117.96394, 37.392968], [-117.964367, 37.393363], [-117.96463, 37.393542], [-117.964746, 37.393606], [-117.964929, 37.393636], [-117.965203, 37.393639], [-117.96539, 37.393631], [-117.965636, 37.393633], [-117.96602, 37.393668], [-117.966529, 37.393725], [-117.967046, 37.393772], [-117.968481, 37.393833], [-117.969166, 37.393884], [-117.96934, 37.393907], [-117.969498, 37.39395], [-117.969697, 37.393966], [-117.969902, 37.393973], [-117.970051, 37.394002], [-117.970306, 37.394068], [-117.970505, 37.394101], [-117.971556, 37.39421], [-117.972079, 37.394277], [-117.972696, 37.394337], [-117.973166, 37.394348], [-117.973436, 37.394331], [-117.97356, 37.394336], [-117.973895, 37.394398], [-117.973976, 37.39444], [-117.974037, 37.394435], [-117.974254, 37.394354], [-117.974416, 37.394275], [-117.974952, 37.39393], [-117.97521, 37.393799], [-117.97532, 37.393752], [-117.975518, 37.393696], [-117.976363, 37.393475], [-117.976762, 37.393353], [-117.976883, 37.393305], [-117.977089, 37.393204], [-117.977586, 37.393001], [-117.977704, 37.39296], [-117.978305, 37.392814], [-117.979296, 37.392593], [-117.979756, 37.392482], [-117.980089, 37.392411], [-117.980364, 37.39233], [-117.980556, 37.392225], [-117.980619, 37.392184], [-117.980713, 37.392175], [-117.980783, 37.392191]]}, "props": {"MTFCC": "S1400", "NAME": null}}, {"geom": {"type": "LineString", "coordinates": [[-118.39530468, 37.3641], [-118.395309, 37.364304], [-118.395309, 37.364641], [-118.395325, 37.365412], [-118.395342, 37.365816], [-118.395345, 37.36629], [-118.395365, 37.367408], [-118.395367, 37.367641], [-118.395381, 37.368179], [-118.395386, 37.369555], [-118.395378, 37.370427], [-118.395384, 37.371385], [-118.395384, 37.372546], [-118.395384, 37.372992], [-118.395423, 37.373506], [-118.395469, 37.373715], [-118.39554, 37.373946], [-118.395577, 37.37402], [-118.395814, 37.374394], [-118.396003, 37.374633], [-118.396222, 37.374857], [-118.396376, 37.374983], [-118.396572, 37.375126], [-118.396892, 37.37532], [-118.397139, 37.37544], [-118.397359, 37.375534], [-118.397538, 37.375593], [-118.397754, 37.375652], [-118.398153, 37.375731], [-118.398382, 37.375766], [-118.398641, 37.375787], [-118.39998, 37.375797], [-118.402733, 37.375816], [-118.404965, 37.375824], [-118.40564, 37.375828], [-118.410598, 37.375815], [-118.412984, 37.375813], [-118.413791, 37.375812], [-118.41423, 37.375811], [-118.414276, 37.37581], [-118.414301, 37.37581], [-118.414661, 37.375808], [-118.415324, 37.375808], [-118.415461, 37.375808], [-118.41624, 37.375808], [-118.416595, 37.375806], [-118.416936, 37.3758], [-118.417275, 37.375794], [-118.417409, 37.375793], [-118.417834, 37.375791], [-118.418437, 37.375795], [-118.419253, 37.375782], [-118.41929, 37.375781], [-118.42036, 37.375778], [-118.422945, 37.375775], [-118.427513, 37.375787], [-118.428773, 37.375786], [-118.429063, 37.375786], [-118.429355, 37.375786], [-118.429849, 37.375783], [-118.429882, 37.375783], [-118.43112, 37.375796], [-118.432046, 37.375798], [-118.434183, 37.375821], [-118.435202, 37.375816], [-118.437798, 37.375828], [-118.439026, 37.375842], [-118.440711, 37.375846], [-118.441356, 37.375848], [-118.44213, 37.375852], [-118.443493, 37.375839], [-118.445319, 37.375834], [-118.445877, 37.375826], [-118.447954, 37.375829], [-118.454023, 37.375777], [-118.455821, 37.375764], [-118.456012, 37.375767], [-118.456232, 37.375761], [-118.456541, 37.375759], [-118.45858, 37.37576], [-118.459464, 37.375751], [-118.460424, 37.375761], [-118.461635, 37.375834], [-118.463124, 37.376002], [-118.46338, 37.376037], [-118.46436, 37.376195], [-118.464939, 37.376302], [-118.46583, 37.376503], [-118.466106, 37.376579], [-118.46744, 37.376981], [-118.46848, 37.37735], [-118.470104, 37.377942], [-118.470271, 37.378007], [-118.470949, 37.378309], [-118.471734, 37.378621], [-118.472737, 37.379008], [-118.473328, 37.379231], [-118.474804, 37.379789], [-118.476287, 37.380365], [-118.476673, 37.380499], [-118.477545, 37.380847], [-118.479958, 37.381757], [-118.480571, 37.381993], [-118.4849, 37.383636], [-118.488898, 37.385179], [-118.491852, 37.386296], [-118.491876, 37.386306], [-118.492208, 37.386434], [-118.493148, 37.386787], [-118.494002, 37.387094], [-118.49525, 37.387508], [-118.496882, 37.388024], [-118.498455, 37.388536], [-118.500871, 37.389415], [-118.50304, 37.390244], [-118.504508, 37.39082], [-118.506013, 37.391356], [-118.507401, 37.391897], [-118.511527, 37.393482], [-118.514973, 37.394796], [-118.515433, 37.394971], [-118.520114, 37.396755], [-118.525159, 37.398693], [-118.527458, 37.399548], [-118.527681, 37.399642], [-118.527771, 37.399675], [-118.528178, 37.399824], [-118.529602, 37.400377], [-118.529851, 37.400474], [-118.531809, 37.401227], [-118.533226, 37.401759], [-118.537084, 37.40324], [-118.537357, 37.403341], [-118.537596, 37.40343], [-118.539038, 37.403983], [-118.539351, 37.404113], [-118.540523, 37.404549], [-118.543048, 37.405523], [-118.543767, 37.405787], [-118.544445, 37.406056], [-118.545006, 37.406317], [-118.54562, 37.40662], [-118.546348, 37.407019], [-118.546957, 37.407394], [-118.547512, 37.407764], [-118.548115, 37.408192], [-118.548537, 37.408525], [-118.549061, 37.408973], [-118.549701, 37.409566], [-118.549982, 37.409838], [-118.550477, 37.410394], [-118.550922, 37.410937], [-118.551361, 37.411519], [-118.551561, 37.411809], [-118.552069, 37.412659], [-118.552368, 37.413213], [-118.552997, 37.414432], [-118.553298, 37.415047], [-118.553609, 37.415627], [-118.553949, 37.416307], [-118.554259, 37.416952], [-118.554623, 37.41761], [-118.555117, 37.418548], [-118.55523, 37.418804], [-118.555545, 37.419441], [-118.555907, 37.420125], [-118.556185, 37.42058], [-118.556488, 37.42111], [-118.557303, 37.42248], [-118.558215, 37.423891], [-118.558555, 37.424376], [-118.559379, 37.425471], [-118.559829, 37.426033], [-118.560171, 37.426516], [-118.560528, 37.426989], [-118.56137, 37.428014], [-118.56177, 37.428527], [-118.563349, 37.430389], [-118.564473, 37.431693], [-118.565772, 37.433236], [-118.566194, 37.43375], [-118.566644, 37.434279], [-118.567075, 37.434764], [-118.567577, 37.435372], [-118.568469, 37.436404], [-118.568842, 37.43687], [-118.569255, 37.437331], [-118.569706, 37.437875], [-118.570087, 37.438363], [-118.57039, 37.438808], [-118.570442, 37.43889], [-118.570575, 37.439101], [-118.570711, 37.439335], [-118.571025, 37.439887], [-118.571141, 37.440108], [-118.571161, 37.440152], [-118.571477, 37.440836], [-118.571807, 37.441653], [-118.571941, 37.442066], [-118.572174, 37.44297], [-118.572282, 37.443506], [-118.572385, 37.444207], [-118.572441, 37.444802], [-118.572476, 37.445786], [-118.572532, 37.447685], [-118.572542, 37.447863], [-118.572591, 37.448282], [-118.572669, 37.448761], [-118.572752, 37.449118], [-118.572777, 37.44921], [-118.573001, 37.450051], [-118.573258, 37.450824], [-118.573269, 37.450858], [-118.573847, 37.452148], [-118.574082, 37.45264], [-118.574664, 37.453967], [-118.574905, 37.454481], [-118.575344, 37.455494], [-118.57588, 37.456636], [-118.57604, 37.457002], [-118.576262, 37.457464], [-118.577006, 37.459132], [-118.577689, 37.460626], [-118.577722, 37.460739], [-118.577816, 37.460954], [-118.577979, 37.461326], [-118.578256, 37.461885], [-118.578842, 37.463171]]}, "props": {"MTFCC": "S1200", "NAME": null}}, {"geom": {"type": "LineString", "coordinates": [[-118.620964, 37.40244], [-118.621024, 37.402529], [-118.621048, 37.402653], [-118.621045, 37.402688], [-118.620941, 37.402838], [-118.620929, 37.402885], [-118.620942, 37.402963], [-118.620922, 37.403022], [-118.620852, 37.403087], [-118.62083, 37.403121], [-118.620786, 37.403295], [-118.620795, 37.403375], [-118.620855, 37.403519], [-118.620883, 37.403556], [-118.62092, 37.403666], [-118.620921, 37.403746], [-118.620862, 37.403839], [-118.620811, 37.403896], [-118.620796, 37.403981], [-118.620819, 37.404203], [-118.620801, 37.40427], [-118.620782, 37.404293], [-118.620693, 37.404349], [-118.620669, 37.404377], [-118.620652, 37.404414], [-118.620647, 37.404503], [-118.6207, 37.404687], [-118.62074, 37.40476], [-118.620789, 37.404806], [-118.620942, 37.404863], [-118.621024, 37.404926], [-118.621037, 37.405012], [-118.620982, 37.405352], [-118.620966, 37.405397], [-118.620885, 37.405482], [-118.620848, 37.405567], [-118.620847, 37.405615], [-118.620884, 37.405702], [-118.620908, 37.405738], [-118.620923, 37.405887], [-118.620937, 37.405921], [-118.620965, 37.405957], [-118.620972, 37.406006], [-118.620937, 37.406067], [-118.620821, 37.406235], [-118.620783, 37.406311], [-118.620747, 37.406432], [-118.620705, 37.40651], [-118.620623, 37.406611], [-118.620583, 37.406705], [-118.620539, 37.406839], [-118.620536, 37.406936], [-118.620619, 37.407259], [-118.620631, 37.40741], [-118.620689, 37.4076], [-118.620705, 37.407735], [-118.620686, 37.407947], [-118.620689, 37.40807], [-118.620709, 37.408131], [-118.620803, 37.408292], [-118.620878, 37.408492], [-118.620895, 37.408674], [-118.620896, 37.408878], [-118.620876, 37.40916], [-118.620825, 37.409489], [-118.620824, 37.409932], [-118.620889, 37.410245], [-118.62089, 37.410383], [-118.620921, 37.410539], [-118.620947, 37.410758], [-118.62093, 37.410877], [-118.620935, 37.410923], [-118.620997, 37.411064], [-118.621009, 37.411149], [-118.620933, 37.411273], [-118.620916, 37.411321], [-118.620912, 37.41137], [-118.62095, 37.411483], [-118.620977, 37.41152], [-118.621002, 37.411608], [-118.621001, 37.411723], [-118.620981, 37.411935], [-118.620995, 37.412047], [-118.621093, 37.412374], [-118.62111, 37.412454], [-118.621137, 37.412527], [-118.621269, 37.412773], [-118.621352, 37.412898], [-118.621417, 37.413047], [-118.621462, 37.413254], [-118.621476, 37.413373], [-118.621468, 37.414063], [-118.621432, 37.414211], [-118.621349, 37.414455], [-118.621338, 37.414562], [-118.621385, 37.414719], [-118.621359, 37.415024], [-118.62131, 37.41521], [-118.621308, 37.415347], [-118.621352, 37.415489], [-118.621344, 37.415607], [-118.621313, 37.415683], [-118.621224, 37.415758], [-118.621134, 37.415826], [-118.621079, 37.415922], [-118.621044, 37.416063], [-118.62102, 37.416205], [-118.620947, 37.416373], [-118.620919, 37.416551], [-118.620928, 37.41657], [-118.620616, 37.420551], [-118.620303, 37.424531], [-118.620427, 37.429732], [-118.620482, 37.432017]]}, "props": {"MTFCC": "S1500", "NAME": null}}, {"geom": {"type": "LineString", "coordinates": [[-118.635568, 37.444735], [-118.635531, 37.44463], [-118.635464, 37.444555], [-118.635391, 37.444518], [-118.635024, 37.444351], [-118.634816, 37.444243], [-118.634759, 37.44418], [-118.634723, 37.444081], [-118.634717, 37.443967], [-118.634714, 37.443715], [-118.634713, 37.443692], [-118.63467, 37.443431], [-118.634561, 37.443058], [-118.634518, 37.442944], [-118.63449, 37.442818], [-118.634473, 37.442738], [-118.63447, 37.442371], [-118.634435, 37.442265], [-118.634359, 37.442172], [-118.634252, 37.442102], [-118.634122, 37.442063], [-118.633503, 37.442036], [-118.633221, 37.442052], [-118.632446, 37.442186], [-118.631867, 37.442267], [-118.63167, 37.442267], [-118.631533, 37.442254], [-118.630939, 37.442197], [-118.630622, 37.44216], [-118.630378, 37.442161], [-118.630035, 37.442196], [-118.629508, 37.442306], [-118.628979, 37.442387], [-118.628703, 37.442463], [-118.628321, 37.44261], [-118.628193, 37.442627], [-118.627969, 37.442611], [-118.627792, 37.442621], [-118.627668, 37.442644], [-118.627576, 37.442685], [-118.627422, 37.442765], [-118.627298, 37.442792], [-118.627145, 37.442789], [-118.626494, 37.442858], [-118.626414, 37.442879], [-118.626294, 37.442888], [-118.626138, 37.442888], [-118.626004, 37.442919], [-118.625912, 37.442961], [-118.625803, 37.443025], [-118.625615, 37.443165], [-118.625507, 37.443251], [-118.625367, 37.443307], [-118.625221, 37.443332], [-118.624833, 37.443367], [-118.624705, 37.44335], [-118.624523, 37.443284], [-118.624442, 37.443281], [-118.62423, 37.443314], [-118.624033, 37.44337], [-118.623776, 37.443478], [-118.623609, 37.443524], [-118.623248, 37.443579], [-118.622909, 37.443638], [-118.622691, 37.443669], [-118.62251, 37.443665], [-118.622301, 37.443631], [-118.622159, 37.443588], [-118.622084, 37.443549], [-118.622028, 37.443508], [-118.621895, 37.443447], [-118.62169, 37.443366], [-118.621458, 37.443265], [-118.621292, 37.443175], [-118.620851, 37.442995], [-118.620709, 37.442977], [-118.620567, 37.442995], [-118.620444, 37.443041], [-118.620173, 37.443157], [-118.619984, 37.443251], [-118.619808, 37.443371], [-118.619664, 37.443438], [-118.619288, 37.443555], [-118.6192, 37.443576], [-118.61898, 37.443596], [-118.618518, 37.443677], [-118.61814, 37.443809], [-118.617916, 37.443871], [-118.617614, 37.443926], [-118.61724, 37.444038], [-118.616509, 37.444272], [-118.61614, 37.4444], [-118.615572, 37.444558], [-118.615099, 37.444642], [-118.614816, 37.444696], [-118.61424, 37.444832], [-118.614031, 37.444888], [-118.613864, 37.44492], [-118.613724, 37.444932], [-118.613543, 37.444942], [-118.612418, 37.444941], [-118.611552, 37.444931], [-118.610038, 37.444883], [-118.609575, 37.444899], [-118.609177, 37.44492], [-118.608484, 37.444934], [-118.607541, 37.44493], [-118.606711, 37.444938], [-118.604574, 37.444928]]}, "props": {"MTFCC": "S1400", "NAME": null}}, {"geom": {"type": "LineString", "coordinates": [[-118.115196, 37.409621], [-118.115206, 37.409775], [-118.115186, 37.410923]]}, "props": {"MTFCC": "S1400", "NAME": null}}, {"geom": {"type": "LineString", "coordinates": [[-118.192789, 37.420486], [-118.19297, 37.420666], [-118.193425, 37.42098], [-118.193755, 37.421184], [-118.193951, 37.421265], [-118.194061, 37.421337]]}, "props": {"MTFCC": "S1400", "NAME": null}}, {"geom": {"type": "LineString", "coordinates": [[-118.19029, 37.416566], [-118.19026, 37.416607], [-118.190243, 37.416714], [-118.190248, 37.416913]]}, "props": {"MTFCC": "S1400", "NAME": null}}, {"geom": {"type": "LineString", "coordinates": [[-118.320529, 37.462895], [-118.320539, 37.462813], [-118.320541, 37.4627], [-118.320402, 37.462166], [-118.320237, 37.461684], [-118.320155, 37.461527], [-118.319953, 37.461309], [-118.319769, 37.461175], [-118.319531, 37.461059], [-118.319447, 37.460701], [-118.319418, 37.46062], [-118.31926, 37.460387], [-118.319165, 37.460198], [-118.319076, 37.46011], [-118.319, 37.460065], [-118.318842, 37.459996], [-118.318757, 37.459934], [-118.318689, 37.459859], [-118.318544, 37.459629], [-118.318304, 37.459311], [-118.318227, 37.459221], [-118.318071, 37.45908], [-118.318029, 37.459052], [-118.317872, 37.45899], [-118.317725, 37.458964], [-118.317648, 37.458961], [-118.317571, 37.458982], [-118.317548, 37.459004], [-118.317533, 37.459038], [-118.317525, 37.459158], [-118.31753, 37.459239], [-118.317491, 37.459353], [-118.31741, 37.459451], [-118.317295, 37.459525], [-118.317157, 37.459567], [-118.317042, 37.459573], [-118.316973, 37.459563], [-118.316797, 37.459515], [-118.31647, 37.459462], [-118.316419, 37.459439], [-118.316214, 37.459263], [-118.316134, 37.459248], [-118.316046, 37.459237], [-118.315745, 37.459241], [-118.31563, 37.45926], [-118.315524, 37.459298], [-118.315429, 37.459352], [-118.315351, 37.459421], [-118.315263, 37.459554], [-118.315191, 37.459802], [-118.315162, 37.460031], [-118.315099, 37.46016], [-118.31503, 37.460235], [-118.314898, 37.46032], [-118.314645, 37.460404], [-118.314476, 37.460428], [-118.314049, 37.460426], [-118.313885, 37.460449], [-118.313332, 37.460593], [-118.313289, 37.460592], [-118.313185, 37.460566], [-118.31307, 37.460512], [-118.313037, 37.460479], [-118.313021, 37.460412], [-118.313062, 37.460146], [-118.313131, 37.459557], [-118.313159, 37.458819], [-118.31324, 37.457727], [-118.313258, 37.457176], [-118.313284, 37.45675], [-118.313278, 37.456543], [-118.313262, 37.455977], [-118.31326, 37.455504], [-118.313316, 37.454505], [-118.313317, 37.454389], [-118.313319, 37.453963], [-118.31328, 37.452787], [-118.313329, 37.451561], [-118.31339, 37.450914], [-118.3134, 37.450678], [-118.313383, 37.449931], [-118.313389, 37.449441], [-118.313418, 37.448948], [-118.313424, 37.44848], [-118.313457, 37.448054], [-118.313497, 37.447945], [-118.313543, 37.447851], [-118.313556, 37.447801], [-118.313558, 37.447744], [-118.313533, 37.447678], [-118.313478, 37.447587], [-118.313477, 37.447541], [-118.31352, 37.447446], [-118.313566, 37.447387], [-118.313698, 37.44728], [-118.313781, 37.447162], [-118.313937, 37.446987], [-118.313981, 37.446895], [-118.313988, 37.446796], [-118.313957, 37.4467], [-118.313668, 37.446243], [-118.313587, 37.446139], [-118.313579, 37.446096], [-118.313583, 37.446052], [-118.313605, 37.446016], [-118.313655, 37.445974], [-118.313668, 37.445944], [-118.313656, 37.445857], [-118.313569, 37.445602], [-118.313544, 37.445551], [-118.313516, 37.445494]]}, "props": {"MTFCC": "S1400", "NAME": null}}, {"geom": {"type": "LineString", "coordinates": [[-118.322373, 37.419725], [-118.322447, 37.419406], [-118.32264, 37.418921], [-118.322654, 37.418871], [-118.322675, 37.418781], [-118.322705, 37.418656], [-118.32271, 37.418578], [-118.322655, 37.418147], [-118.322525, 37.417596], [-118.322561, 37.417278], [-118.322559, 37.417198], [-118.322475, 37.416857], [-118.322408, 37.4167], [-118.32236, 37.416618], [-118.322341, 37.416403], [-118.32229, 37.416255], [-118.32215, 37.415962], [-118.322084, 37.41589], [-118.32192, 37.415761], [-118.321881, 37.415719], [-118.321819, 37.415583], [-118.321781, 37.415476], [-118.32172, 37.415385], [-118.321555, 37.415207], [-118.321413, 37.415083], [-118.321373, 37.41502], [-118.321346, 37.414914], [-118.321273, 37.414773], [-118.3211, 37.414597], [-118.320625, 37.414154], [-118.320407, 37.413972], [-118.320367, 37.413939], [-118.320287, 37.4138], [-118.320252, 37.413758], [-118.320138, 37.41367], [-118.320065, 37.413595], [-118.319809, 37.413224], [-118.319565, 37.412981], [-118.319479, 37.412876], [-118.319312, 37.412599], [-118.319195, 37.412404], [-118.319026, 37.412192], [-118.318959, 37.412064], [-118.31891, 37.412016], [-118.318753, 37.411909], [-118.318654, 37.411788], [-118.318554, 37.411625], [-118.318478, 37.411524], [-118.318254, 37.411276], [-118.318218, 37.411201], [-118.318175, 37.411042], [-118.318104, 37.41086], [-118.318083, 37.41069], [-118.318079, 37.410542], [-118.318056, 37.410454], [-118.317992, 37.410348], [-118.317784, 37.410118], [-118.31759, 37.409911], [-118.317529, 37.409832], [-118.317494, 37.409766], [-118.31735, 37.409354], [-118.317262, 37.409182], [-118.317113, 37.409012]]}, "props": {"MTFCC": "S1400", "NAME": null}}, {"geom": {"type": "LineString", "coordinates": [[-118.308857, 37.390871], [-118.308752, 37.390748], [-118.308739, 37.390731]]}, "props": {"MTFCC": "S1500", "NAME": null}}, {"geom": {"type": "LineString", "coordinates": [[-118.000929, 37.460143], [-118.001242, 37.460469], [-118.001809, 37.460882], [-118.00189, 37.460899]]}, "props": {"MTFCC": "S1400", "NAME": null}}, {"geom": {"type": "LineString", "coordinates": [[-117.903893, 37.464816], [-117.903964, 37.464798], [-117.904051, 37.464762], [-117.904709, 37.464532], [-117.905276, 37.464333], [-117.905674, 37.464205], [-117.906139, 37.46408], [-117.906559, 37.463987], [-117.906686, 37.463976], [-117.908277, 37.463925], [-117.911041, 37.463871], [-117.912901, 37.463817], [-117.913814, 37.463824], [-117.913991, 37.463846], [-117.914344, 37.463917], [-117.914748, 37.463998], [-117.916975, 37.464471], [-117.918418, 37.4648], [-117.919762, 37.465119]]}, "props": {"MTFCC": "S1400", "NAME": null}}, {"geom": {"type": "LineString", "coordinates": [[-118.441975, 37.366048], [-118.44193, 37.366028], [-118.441908, 37.365996], [-118.44178, 37.365657], [-118.441663, 37.365483], [-118.441496, 37.365265], [-118.441445, 37.365254], [-118.441398, 37.365274], [-118.441361, 37.365341]]}, "props": {"MTFCC": "S1400", "NAME": null}}, {"geom": {"type": "LineString", "coordinates": [[-118.441748, 37.368042], [-118.441775, 37.368093], [-118.441828, 37.368132], [-118.441906, 37.36815], [-118.443194, 37.36813], [-118.443705, 37.368109]]}, "props": {"MTFCC": "S1400", "NAME": null}}, {"geom": {"type": "LineString", "coordinates": [[-118.413805, 37.374051], [-118.415939, 37.374056], [-118.416527, 37.374045], [-118.416819, 37.374034], [-118.416923, 37.37405], [-118.416962, 37.374081], [-118.416955, 37.37412], [-118.416905, 37.374175], [-118.416884, 37.374253], [-118.416881, 37.374328], [-118.416903, 37.374492], [-118.417044, 37.374742], [-118.417118, 37.374785], [-118.417207, 37.3748], [-118.417509, 37.374798], [-118.417633, 37.374812], [-118.417726, 37.374846], [-118.417791, 37.374963], [-118.417815, 37.375329], [-118.417834, 37.375791]]}, "props": {"MTFCC": "S1400", "NAME": null}}, {"geom": {"type": "LineString", "coordinates": [[-118.386245, 37.369769], [-118.386183, 37.369756], [-118.386101, 37.36977]]}, "props": {"MTFCC": "S1640", "NAME": null}}, {"geom": {"type": "LineString", "coordinates": [[-118.500581, 37.377386], [-118.500242, 37.378354], [-118.499832, 37.379512], [-118.49969, 37.379803], [-118.499489, 37.380171]]}, "props": {"MTFCC": "S1400", "NAME": null}}, {"geom": {"type": "LineString", "coordinates": [[-118.500415, 37.406015], [-118.500904, 37.406068], [-118.501052, 37.406062], [-118.501176, 37.406024], [-118.501308, 37.40596], [-118.501374, 37.405967], [-118.501447, 37.406009], [-118.501643, 37.406159], [-118.501687, 37.406205], [-118.501746, 37.406266], [-118.501782, 37.406322], [-118.501787, 37.406353], [-118.50176, 37.406483], [-118.501776, 37.406566], [-118.501824, 37.406641], [-118.501957, 37.406748], [-118.502088, 37.406903], [-118.502191, 37.40708], [-118.501919, 37.406949], [-118.501707, 37.406804], [-118.501553, 37.406678]]}, "props": {"MTFCC": "S1400", "NAME": null}}, {"geom": {"type": "LineString", "coordinates": [[-118.53327972222222, 37.3641], [-118.533295, 37.364135], [-118.533365, 37.364327], [-118.533417, 37.364392], [-118.533491, 37.36444], [-118.533957, 37.364632], [-118.534043, 37.364674], [-118.534254, 37.364831], [-118.534299, 37.364845], [-118.534348, 37.364848], [-118.534395, 37.364842], [-118.53448, 37.364789], [-118.534712, 37.36461], [-118.534914, 37.36455], [-118.535217, 37.364502], [-118.535367, 37.3645], [-118.53549, 37.364521], [-118.535604, 37.364562], [-118.53582, 37.364691], [-118.535921, 37.364781], [-118.535996, 37.364884], [-118.536138, 37.365261], [-118.536188, 37.365331], [-118.536284, 37.36541], [-118.537815, 37.366347], [-118.538136, 37.366528], [-118.538397, 37.366621], [-118.539499, 37.366994], [-118.540086, 37.367127], [-118.540252, 37.367129], [-118.540457, 37.367112], [-118.540824, 37.367137], [-118.54105, 37.367165], [-118.541207, 37.367202], [-118.541346, 37.367259], [-118.541566, 37.367374], [-118.541658, 37.367463], [-118.541707, 37.367567], [-118.541715, 37.367678], [-118.541679, 37.367785], [-118.541486, 37.368169], [-118.541473, 37.368249], [-118.541491, 37.368342], [-118.541517, 37.368391], [-118.541634, 37.368531], [-118.541812, 37.36872], [-118.54203, 37.368963], [-118.542214, 37.369094], [-118.542727, 37.369407], [-118.542744, 37.36943], [-118.542857, 37.369583], [-118.542938, 37.369655], [-118.543037, 37.369712], [-118.543148, 37.369752], [-118.543268, 37.369772], [-118.543407, 37.369771], [-118.543607, 37.36974], [-118.543727, 37.369735], [-118.544187, 37.36978], [-118.544313, 37.369807], [-118.544436, 37.369843], [-118.544707, 37.369976], [-118.544806, 37.370049], [-118.544974, 37.370291], [-118.545129, 37.370483], [-118.545189, 37.370646], [-118.545271, 37.370914], [-118.545356, 37.371097], [-118.545465, 37.371277], [-118.545691, 37.371584], [-118.545782, 37.371687], [-118.546313, 37.372178], [-118.546448, 37.372359], [-118.546528, 37.3725], [-118.546566, 37.372645], [-118.546573, 37.372976], [-118.546602, 37.373109], [-118.546629, 37.373172], [-118.546755, 37.373346], [-118.54699, 37.373605], [-118.547102, 37.373703], [-118.547285, 37.373835], [-118.547358, 37.373916], [-118.547557, 37.374201], [-118.547792, 37.374472], [-118.547869, 37.374594], [-118.547904, 37.374825], [-118.547977, 37.375033], [-118.548092, 37.3753], [-118.548124, 37.375399], [-118.548134, 37.375459], [-118.548133, 37.375685], [-118.548087, 37.375946], [-118.548041, 37.376098]]}, "props": {"MTFCC": "S1400", "NAME": null}}, {"geom": {"type": "LineString", "coordinates": [[-118.302932, 37.433468], [-118.302774, 37.43353], [-118.302636, 37.433615], [-118.302374, 37.43383], [-118.302072, 37.434011], [-118.301942, 37.434115], [-118.30179, 37.434291], [-118.301653, 37.434407], [-118.301446, 37.434525], [-118.301248, 37.434605], [-118.300974, 37.43473], [-118.300373, 37.434958], [-118.300244, 37.435015], [-118.299936, 37.435233], [-118.299328, 37.435544], [-118.298663, 37.435912], [-118.298505, 37.436022], [-118.298128, 37.436435], [-118.298016, 37.436514], [-118.297888, 37.436574], [-118.297743, 37.43661], [-118.297484, 37.436642], [-118.297136, 37.436711], [-118.296491, 37.436859], [-118.296365, 37.436924], [-118.296298, 37.436983], [-118.29608, 37.437302], [-118.296024, 37.437358], [-118.295991, 37.437383], [-118.295947, 37.437416], [-118.295787, 37.437484], [-118.29556, 37.437516], [-118.295401, 37.437521], [-118.295144, 37.43753], [-118.295015, 37.437543], [-118.294851, 37.437573]]}, "props": {"MTFCC": "S1400", "NAME": null}}, {"geom": {"type": "LineString", "coordinates": [[-118.386149, 37.414839], [-118.386179, 37.414802], [-118.386216, 37.414693], [-118.386253, 37.41448], [-118.386303, 37.413798], [-118.386302, 37.413712], [-118.386258, 37.413457], [-118.386248, 37.413254], [-118.386292, 37.413009], [-118.386282, 37.412835], [-118.386265, 37.412725], [-118.386246, 37.412333]]}, "props": {"MTFCC": "S1400", "NAME": null}}, {"geom": {"type": "LineString", "coordinates": [[-118.375303, 37.382087], [-118.375658, 37.382008], [-118.375834, 37.381949], [-118.375962, 37.381885], [-118.376051, 37.381828], [-118.37617, 37.381728], [-118.376211, 37.381685], [-118.376289, 37.381547], [-118.376351, 37.381348], [-118.376431, 37.381219], [-118.376501, 37.381163], [-118.376589, 37.381128], [-118.376687, 37.381116], [-118.376785, 37.381128], [-118.376925, 37.381176], [-118.377024, 37.381179], [-118.377144, 37.381153], [-118.377225, 37.381116]]}, "props": {"MTFCC": "S1400", "NAME": null}}, {"geom": {"type": "LineString", "coordinates": [[-118.392625, 37.365846], [-118.392621, 37.36565]]}, "props": {"MTFCC": "S1400", "NAME": null}}, {"geom": {"type": "LineString", "coordinates": [[-118.417985, 37.378355], [-118.417955, 37.378344], [-118.417917, 37.378342], [-118.417131, 37.378408], [-118.416136, 37.378466], [-118.415824, 37.378727], [-118.415717, 37.378782], [-118.415594, 37.378808], [-118.415509, 37.378808], [-118.415011, 37.378739], [-118.414818, 37.378718], [-118.414492, 37.378705], [-118.414134, 37.378713]]}, "props": {"MTFCC": "S1400", "NAME": null}}, {"geom": {"type": "LineString", "coordinates": [[-118.41718, 37.376787], [-118.41725, 37.377028]]}, "props": {"MTFCC": "S1400", "NAME": null}}, {"geom": {"type": "LineString", "coordinates": [[-118.417085, 37.3849], [-118.417116, 37.384922], [-118.417251, 37.384929], [-118.418877, 37.38491], [-118.419118, 37.384931], [-118.419239, 37.384958], [-118.419356, 37.384994], [-118.419468, 37.385039], [-118.419602, 37.385112], [-118.419706, 37.385179], [-118.419805, 37.385259], [-118.419893, 37.385346], [-118.420042, 37.38553]]}, "props": {"MTFCC": "S1400", "NAME": null}}, {"geom": {"type": "LineString", "coordinates": [[-118.39913569507324, 37.3641], [-118.399135, 37.364622], [-118.399152, 37.365387], [-118.399159, 37.366063], [-118.399192, 37.3661], [-118.399247, 37.366114], [-118.399535, 37.366118]]}, "props": {"MTFCC": "S1400", "NAME": null}}, {"geom": {"type": "LineString", "coordinates": [[-118.386231, 37.36902], [-118.386223, 37.368878], [-118.386225, 37.368695], [-118.386226, 37.368573], [-118.386215, 37.367871], [-118.386216, 37.367065], [-118.386189, 37.365201], [-118.386192, 37.364965], [-118.386197, 37.364649], [-118.38617988958147, 37.3641]]}, "props": {"MTFCC": "S1400", "NAME": null}}, {"geom": {"type": "LineString", "coordinates": [[-118.36797843359818, 37.3641], [-118.368, 37.36505], [-118.368001, 37.365529], [-118.367992, 37.366686], [-118.367989, 37.366831], [-118.367982, 37.368678], [-118.367971, 37.370894], [-118.367928, 37.370977], [-118.367834, 37.371069], [-118.367709, 37.371134], [-118.367565, 37.371164], [-118.367515, 37.371166], [-118.36624, 37.371157]]}, "props": {"MTFCC": "S1400", "NAME": null}}, {"geom": {"type": "LineString", "coordinates": [[-118.4138, 37.364715], [-118.413324, 37.364716], [-118.412907, 37.364724], [-118.412613, 37.36468], [-118.412489, 37.364618], [-118.41232, 37.364484], [-118.412071, 37.364467], [-118.411733, 37.364458], [-118.411378, 37.364458], [-118.411022, 37.364431]]}, "props": {"MTFCC": "S1400", "NAME": null}}, {"geom": {"type": "LineString", "coordinates": [[-118.347221, 37.367915], [-118.347315, 37.367942], [-118.347407, 37.368002], [-118.347506, 37.368108], [-118.3476, 37.368176], [-118.347702, 37.368224], [-118.348033, 37.368312], [-118.34815, 37.368388], [-118.348272, 37.36854], [-118.34843, 37.368747], [-118.348564, 37.368864], [-118.348571, 37.368903], [-118.348542, 37.369079]]}, "props": {"MTFCC": "S1400", "NAME": null}}, {"geom": {"type": "LineString", "coordinates": [[-118.344001, 37.370748], [-118.344604, 37.370575], [-118.344722, 37.37057], [-118.344847, 37.370599], [-118.34489, 37.370643], [-118.344927, 37.370693], [-118.344995, 37.370729], [-118.345313, 37.370758], [-118.345379, 37.370789], [-118.345472, 37.370891], [-118.345542, 37.370912], [-118.345682, 37.370919], [-118.345768, 37.370904], [-118.346363, 37.370733], [-118.346631, 37.370691], [-118.346773, 37.370641], [-118.346899, 37.370568], [-118.347039, 37.370439], [-118.347116, 37.370346], [-118.34718, 37.370247], [-118.347342, 37.369888], [-118.347375, 37.369834], [-118.347679, 37.369491]]}, "props": {"MTFCC": "S1400", "NAME": null}}, {"geom": {"type": "LineString", "coordinates": [[-118.344481, 37.367816], [-118.344352, 37.367919], [-118.344258, 37.367957], [-118.344148, 37.36797], [-118.344023, 37.367964], [-118.343515, 37.367908], [-118.343393, 37.367885], [-118.343193, 37.367888], [-118.34311, 37.367917], [-118.343053, 37.367967], [-118.343033, 37.368072], [-118.343043, 37.368149], [-118.343137, 37.368517], [-118.343207, 37.368839], [-118.343282, 37.369271], [-118.343393, 37.369757], [-118.343494, 37.369931], [-118.343835, 37.370427], [-118.343904, 37.370542], [-118.344001, 37.370748]]}, "props": {"MTFCC": "S1400", "NAME": null}}, {"geom": {"type": "LineString", "coordinates": [[-118.58656242599278, 37.3641], [-118.586561, 37.364179], [-118.586551, 37.364246], [-118.586476, 37.36444], [-118.586458, 37.364675], [-118.586408, 37.364836], [-118.586241, 37.365267], [-118.586001, 37.36578], [-118.585831, 37.36604], [-118.585595, 37.366291], [-118.585296, 37.36652], [-118.584876, 37.366869], [-118.584797, 37.366924], [-118.584757, 37.366942], [-118.584057, 37.367263], [-118.583953, 37.367302], [-118.583697, 37.367347]]}, "props": {"MTFCC": "S1400", "NAME": null}}, {"geom": {"type": "LineString", "coordinates": [[-118.346005, 37.400696], [-118.34524, 37.400801], [-118.344691, 37.400868], [-118.343455, 37.401014], [-118.342145, 37.401193], [-118.341298, 37.40131], [-118.339668, 37.401514], [-118.338979, 37.401606], [-118.338845, 37.401624], [-118.338515, 37.401656], [-118.33607, 37.40198], [-118.335926, 37.402014], [-118.335661, 37.402058], [-118.33515, 37.402108], [-118.331992, 37.402491], [-118.331622, 37.40253], [-118.329621, 37.402787], [-118.329404, 37.402833], [-118.329034, 37.402953], [-118.328783, 37.403004], [-118.328625, 37.40302], [-118.328143, 37.403034], [-118.327808, 37.403037], [-118.327325, 37.40308], [-118.326657, 37.403159], [-118.326204, 37.403186], [-118.325968, 37.403174], [-118.325811, 37.403153], [-118.325593, 37.403115], [-118.325479, 37.403104], [-118.325327, 37.403108], [-118.324806, 37.403149], [-118.324425, 37.403211], [-118.323455, 37.403425], [-118.322816, 37.403529], [-118.321566, 37.40367], [-118.320529, 37.4038], [-118.320032, 37.403892], [-118.319847, 37.403931], [-118.319635, 37.403997], [-118.319362, 37.404101], [-118.318227, 37.404579], [-118.317901, 37.404706], [-118.317565, 37.404816], [-118.317298, 37.404886]]}, "props": {"MTFCC": "S1400", "NAME": null}}, {"geom": {"type": "LineString", "coordinates": [[-118.18308, 37.380176], [-118.183083, 37.380278], [-118.183101, 37.380828], [-118.183089, 37.381314], [-118.183032, 37.382087]]}, "props": {"MTFCC": "S1400", "NAME": null}}, {"geom": {"type": "LineString", "coordinates": [[-118.520899, 37.438614], [-118.520926, 37.439359], [-118.521045, 37.440627], [-118.521068, 37.441265], [-118.521218, 37.443264], [-118.521217, 37.443665], [-118.52125, 37.444207], [-118.52127, 37.444839], [-118.521303, 37.445429], [-118.521323, 37.446029], [-118.521415, 37.447276], [-118.52143, 37.448368], [-118.521413, 37.448562], [-118.521346, 37.448768], [-118.52105, 37.449389], [-118.521023, 37.44949], [-118.521012, 37.449606], [-118.521029, 37.44973], [-118.521077, 37.44985], [-118.521269, 37.450127], [-118.521324, 37.450236], [-118.521587, 37.451054], [-118.521628, 37.451248], [-118.521634, 37.451844], [-118.521664, 37.452246], [-118.521706, 37.45338], [-118.521741, 37.453917], [-118.521753, 37.454491], [-118.521814, 37.455055], [-118.521895, 37.456802], [-118.521938, 37.4574], [-118.521936, 37.457894], [-118.521964, 37.458062], [-118.522004, 37.458172], [-118.522238, 37.458605], [-118.522556, 37.45914], [-118.522681, 37.459326], [-118.522694, 37.459391], [-118.522671, 37.459477], [-118.522626, 37.459532], [-118.522547, 37.459579], [-118.522328, 37.45964], [-118.522238, 37.459675], [-118.522118, 37.459748], [-118.522074, 37.459803], [-118.522051, 37.459887], [-118.522084, 37.460092], [-118.522112, 37.460833], [-118.522188, 37.46169], [-118.522206, 37.462206], [-118.52221, 37.462648], [-118.522212, 37.462719]]}, "props": {"MTFCC": "S1400", "NAME": null}}, {"geom": {"type": "LineString", "coordinates": [[-118.554664, 37.419404], [-118.555058, 37.419418]]}, "props": {"MTFCC": "S1400", "NAME": null}}, {"geom": {"type": "LineString", "coordinates": [[-118.580297, 37.375121], [-118.580264, 37.375316], [-118.580221, 37.375416], [-118.58014, 37.37552], [-118.579982, 37.375679], [-118.579889, 37.375731], [-118.579786, 37.375813], [-118.579731, 37.375891], [-118.579518, 37.376443], [-118.579451, 37.376657], [-118.579339, 37.37719], [-118.579333, 37.377354], [-118.579283, 37.377613], [-118.579139, 37.37808], [-118.578986, 37.378406], [-118.578897, 37.378666], [-118.578846, 37.378863], [-118.57878, 37.379282], [-118.578732, 37.380101], [-118.578774, 37.381062], [-118.578889, 37.381966], [-118.578913, 37.382104], [-118.578914, 37.382172], [-118.578869, 37.382436], [-118.578836, 37.382542], [-118.57856, 37.383066], [-118.578285, 37.383503], [-118.578138, 37.383702], [-118.577848, 37.384045], [-118.577517, 37.3844], [-118.577322, 37.38457], [-118.577062, 37.384844], [-118.576943, 37.385013], [-118.576887, 37.385161], [-118.576853, 37.385356], [-118.576791, 37.385796], [-118.576771, 37.386151], [-118.576804, 37.386517], [-118.576865, 37.386772], [-118.576929, 37.386872], [-118.576992, 37.386928], [-118.577206, 37.387095], [-118.577243, 37.387161], [-118.577243, 37.387234], [-118.576709, 37.388619], [-118.576489, 37.389228], [-118.57621, 37.389938], [-118.575819, 37.390988], [-118.575396, 37.392058], [-118.574923, 37.393325], [-118.574423, 37.394576], [-118.574203, 37.395188], [-118.573755, 37.396357], [-118.57354, 37.396955], [-118.573304, 37.397536], [-118.57312, 37.398019]]}, "props": {"MTFCC": "S1400", "NAME": null}}, {"geom": {"type": "LineString", "coordinates": [[-118.529633, 37.410904], [-118.530587, 37.411688], [-118.530926, 37.411975]]}, "props": {"MTFCC": "S1400", "NAME": null}}, {"geom": {"type": "LineString", "coordinates": [[-118.557355, 37.383002], [-118.557351, 37.382804], [-118.557267, 37.381721], [-118.557226, 37.381299], [-118.557162, 37.380949], [-118.557017, 37.380403]]}, "props": {"MTFCC": "S1400", "NAME": null}}, {"geom": {"type": "LineString", "coordinates": [[-118.557017, 37.380403], [-118.556391, 37.380306], [-118.5561, 37.380241], [-118.555899, 37.380251], [-118.55584, 37.380263], [-118.555796, 37.380285]]}, "props": {"MTFCC": "S1400", "NAME": null}}, {"geom": {"type": "LineString", "coordinates": [[-118.555796, 37.380285], [-118.555746, 37.380346], [-118.555499, 37.380796], [-118.555483, 37.380886], [-118.555496, 37.380981], [-118.555533, 37.381073], [-118.555593, 37.381156], [-118.555659, 37.381228], [-118.555791, 37.381336], [-118.555947, 37.381427], [-118.556222, 37.381546], [-118.556461, 37.381683], [-118.556588, 37.38178], [-118.556677, 37.381862], [-118.556732, 37.381954], [-118.556861, 37.382227], [-118.557121, 37.38258], [-118.557173, 37.382669], [-118.557281, 37.382912], [-118.557355, 37.383002], [-118.557454, 37.383185], [-118.557547, 37.383299], [-118.557654, 37.383405], [-118.557774, 37.383501], [-118.557907, 37.383587], [-118.558042, 37.383653], [-118.55818, 37.383706]]}, "props": {"MTFCC": "S1400", "NAME": null}}, {"geom": {"type": "LineString", "coordinates": [[-118.537559, 37.408299], [-118.537532, 37.410792], [-118.537502, 37.411285], [-118.53753, 37.411353], [-118.537589, 37.411406], [-118.53767, 37.411435], [-118.541066, 37.411433], [-118.541538, 37.411424], [-118.541834, 37.411434], [-118.54191, 37.411457], [-118.541991, 37.411515], [-118.54203, 37.411574], [-118.54204, 37.411639], [-118.542012, 37.412485], [-118.542018, 37.412697]]}, "props": {"MTFCC": "S1400", "NAME": null}}, {"geom": {"type": "LineString", "coordinates": [[-118.581762, 37.453184], [-118.582069, 37.45322], [-118.583125, 37.45328], [-118.58324, 37.4533], [-118.583301, 37.45333]]}, "props": {"MTFCC": "S1740", "NAME": null}}, {"geom": {"type": "LineString", "coordinates": [[-118.583301, 37.45333], [-118.583358, 37.453357], [-118.583695, 37.453451]]}, "props": {"MTFCC": "S1400", "NAME": null}}, {"geom": {"type": "LineString", "coordinates": [[-118.607158, 37.434103], [-118.607182, 37.434231], [-118.607167, 37.434319], [-118.606996, 37.434832], [-118.606865, 37.435281], [-118.606579, 37.436799], [-118.606531, 37.437123], [-118.606501, 37.437975], [-118.6065, 37.43824], [-118.606478, 37.43837], [-118.606429, 37.438492], [-118.606333, 37.438619], [-118.60617, 37.43881], [-118.605818, 37.439156]]}, "props": {"MTFCC": "S1500", "NAME": null}}, {"geom": {"type": "LineString", "coordinates": [[-118.606561, 37.412517], [-118.606937, 37.412521]]}, "props": {"MTFCC": "S1400", "NAME": null}}, {"geom": {"type": "LineString", "coordinates": [[-118.522871, 37.413975], [-118.522801, 37.413957], [-118.522744, 37.413943], [-118.522686, 37.413931], [-118.522628, 37.413918], [-118.522572, 37.413899], [-118.522522, 37.413875], [-118.522474, 37.41385], [-118.522415, 37.413813], [-118.522352, 37.413785], [-118.522289, 37.413759], [-118.522225, 37.413732], [-118.522163, 37.413705], [-118.522073, 37.413665], [-118.522011, 37.413636], [-118.52195, 37.413608], [-118.521876, 37.413571], [-118.521815, 37.413542], [-118.521755, 37.413514], [-118.521684, 37.413475], [-118.521627, 37.413442], [-118.52157, 37.413414], [-118.521511, 37.413386], [-118.521449, 37.41336], [-118.521353, 37.413325], [-118.521288, 37.413305], [-118.52123, 37.413289], [-118.521174, 37.41327], [-118.521118, 37.413247], [-118.521059, 37.413233], [-118.520991, 37.413215]]}, "props": {"MTFCC": "S1400", "NAME": null}}, {"geom": {"type": "LineString", "coordinates": [[-118.604466, 37.463085], [-118.604554, 37.463238]]}, "props": {"MTFCC": "S1400", "NAME": null}}, {"geom": {"type": "LineString", "coordinates": [[-118.527222, 37.406859], [-118.526007, 37.406836], [-118.525343, 37.406805], [-118.524885, 37.406727], [-118.524593, 37.406687]]}, "props": {"MTFCC": "S1400", "NAME": null}}, {"geom": {"type": "LineString", "coordinates": [[-118.607727, 37.414674], [-118.607947, 37.414635], [-118.608081, 37.414588], [-118.608211, 37.41452], [-118.608422, 37.414368], [-118.608518, 37.414346], [-118.608574, 37.414366], [-118.608621, 37.414412], [-118.608689, 37.414438], [-118.60878, 37.414451], [-118.609192, 37.414424], [-118.609247, 37.414446], [-118.609268, 37.414472], [-118.60929, 37.414527], [-118.609327, 37.414719], [-118.60935, 37.414729], [-118.609473, 37.41472]]}, "props": {"MTFCC": "S1400", "NAME": null}}, {"geom": {"type": "LineString", "coordinates": [[-118.501658, 37.403475], [-118.501713, 37.403445], [-118.501808, 37.403429], [-118.50188, 37.403439], [-118.502044, 37.403502], [-118.502192, 37.403551], [-118.502343, 37.403583], [-118.502438, 37.403589]]}, "props": {"MTFCC": "S1400", "NAME": null}}, {"geom": {"type": "LineString", "coordinates": [[-118.381427, 37.427052], [-118.381356, 37.426983], [-118.38132, 37.426945], [-118.381323, 37.426919], [-118.38137, 37.42688], [-118.381461, 37.426818], [-118.381464, 37.426756], [-118.381452, 37.426678], [-118.381484, 37.426601], [-118.381703, 37.42628], [-118.381841, 37.426038], [-118.38202, 37.425751], [-118.382217, 37.42546], [-118.382631, 37.4248], [-118.382831, 37.424457], [-118.383279, 37.423764]]}, "props": {"MTFCC": "S1400", "NAME": null}}, {"geom": {"type": "LineString", "coordinates": [[-118.361407, 37.435813], [-118.361079, 37.43563], [-118.360868, 37.435476], [-118.360802, 37.435403], [-118.360742, 37.435277], [-118.360731, 37.435177], [-118.360719, 37.434523], [-118.360734, 37.434158]]}, "props": {"MTFCC": "S1400", "NAME": null}}, {"geom": {"type": "LineString", "coordinates": [[-118.4085, 37.41955], [-118.408676, 37.4192], [-118.408725, 37.419047], [-118.40876, 37.418788], [-118.408802, 37.418673], [-118.408893, 37.418518], [-118.408971, 37.418408], [-118.409363, 37.417984], [-118.409597, 37.417705], [-118.409723, 37.417526], [-118.409803, 37.417427], [-118.409859, 37.417372], [-118.409979, 37.417318], [-118.410071, 37.417293], [-118.410442, 37.417253], [-118.410874, 37.417167], [-118.41108, 37.417108], [-118.411204, 37.417056], [-118.411346, 37.416963], [-118.411429, 37.416886], [-118.411543, 37.416767], [-118.411858, 37.41638], [-118.412018, 37.416238], [-118.412173, 37.416124], [-118.412369, 37.416011], [-118.412505, 37.41596], [-118.412794, 37.415894], [-118.41289, 37.415882], [-118.413148, 37.415884], [-118.413348, 37.41591], [-118.413584, 37.415995], [-118.413802, 37.416089], [-118.413923, 37.41612], [-118.414049, 37.416131], [-118.414176, 37.416121], [-118.41442, 37.416051], [-118.414573, 37.41605], [-118.414793, 37.416072], [-118.415302, 37.416154], [-118.415829, 37.416244], [-118.416013, 37.416263], [-118.416307, 37.416245], [-118.416462, 37.416229], [-118.416558, 37.416236], [-118.416598, 37.416247], [-118.416641, 37.416284], [-118.416657, 37.416348], [-118.416663, 37.416373], [-118.416669, 37.416463]]}, "props": {"MTFCC": "S1400", "NAME": null}}, {"geom": {"type": "LineString", "coordinates": [[-118.492973, 37.407385], [-118.492934, 37.407389], [-118.492896, 37.40738], [-118.492831, 37.407334], [-118.49257, 37.406942], [-118.492477, 37.406849], [-118.492288, 37.406691], [-118.492263, 37.406663], [-118.49225, 37.406621], [-118.492268, 37.406529], [-118.492241, 37.4065], [-118.492012, 37.406397], [-118.491922, 37.406366], [-118.491746, 37.406272], [-118.491603, 37.406175]]}, "props": {"MTFCC": "S1400", "NAME": null}}, {"geom": {"type": "LineString", "coordinates": [[-118.487499, 37.408006], [-118.487465, 37.408341], [-118.487431, 37.40845], [-118.487362, 37.408558], [-118.487176, 37.408798], [-118.487146, 37.408858], [-118.487141, 37.408896], [-118.487152, 37.408939]]}, "props": {"MTFCC": "S1400", "NAME": null}}, {"geom": {"type": "LineString", "coordinates": [[-118.386819, 37.409109], [-118.387115, 37.409035], [-118.387349, 37.408949], [-118.387818, 37.408742], [-118.387882, 37.408717], [-118.38796, 37.408706], [-118.388253, 37.408693]]}, "props": {"MTFCC": "S1400", "NAME": null}}, {"geom": {"type": "LineString", "coordinates": [[-118.384151, 37.42418], [-118.3838, 37.424035], [-118.383628, 37.423986], [-118.383508, 37.423945], [-118.3834, 37.423876], [-118.383279, 37.423764], [-118.38369, 37.423109], [-118.383939, 37.422734], [-118.384465, 37.421896], [-118.384547, 37.421752], [-118.385809, 37.41977], [-118.38604, 37.419375]]}, "props": {"MTFCC": "S1400", "NAME": null}}, {"geom": {"type": "LineString", "coordinates": [[-118.40504, 37.416359], [-118.404982, 37.416429], [-118.405013, 37.41853], [-118.4053, 37.418811], [-118.405358, 37.419511]]}, "props": {"MTFCC": "S1400", "NAME": null}}, {"geom": {"type": "LineString", "coordinates": [[-118.382403, 37.408945], [-118.382474, 37.40893], [-118.382839, 37.408725], [-118.382949, 37.408685], [-118.383079, 37.408654], [-118.383723, 37.408597], [-118.384105, 37.408602], [-118.384427, 37.408611], [-118.384541, 37.408647], [-118.384635, 37.408708], [-118.384705, 37.408794], [-118.384811, 37.408938], [-118.38489, 37.409016], [-118.384982, 37.40909], [-118.385068, 37.409144], [-118.385123, 37.409212], [-118.385181, 37.40934]]}, "props": {"MTFCC": "S1400", "NAME": null}}, {"geom": {"type": "LineString", "coordinates": [[-118.383594, 37.40295], [-118.383586, 37.403131], [-118.383593, 37.403169], [-118.383641, 37.403272], [-118.38365, 37.403361], [-118.383621, 37.403487], [-118.383601, 37.403786], [-118.383574, 37.403888], [-118.383434, 37.404158], [-118.383385, 37.40427], [-118.383225, 37.404532], [-118.38288, 37.40505], [-118.382581, 37.405485], [-118.381676, 37.40687], [-118.381659, 37.407], [-118.381673, 37.407071], [-118.381746, 37.407216], [-118.381751, 37.407303], [-118.381723, 37.407386], [-118.381671, 37.407486], [-118.381665, 37.40757], [-118.381729, 37.407774], [-118.381745, 37.407856], [-118.381787, 37.408], [-118.38177, 37.408124], [-118.381844, 37.408288], [-118.381857, 37.40834], [-118.381858, 37.408415]]}, "props": {"MTFCC": "S1400", "NAME": null}}, {"geom": {"type": "LineString", "coordinates": [[-118.402522, 37.40439], [-118.402291, 37.404416], [-118.402144, 37.40447], [-118.40203, 37.404483], [-118.401859, 37.40445], [-118.401801, 37.404451], [-118.401731, 37.404464], [-118.401548, 37.404519], [-118.400976, 37.404747], [-118.40075, 37.404827], [-118.40063, 37.404906], [-118.40052, 37.405018], [-118.400415, 37.405138], [-118.400328, 37.405179], [-118.400218, 37.405194], [-118.400156, 37.405185], [-118.400035, 37.405141], [-118.39988, 37.405061], [-118.399782, 37.40503], [-118.39974, 37.405027], [-118.39965, 37.405043], [-118.399237, 37.405196], [-118.39901, 37.405258], [-118.398504, 37.405372], [-118.398293, 37.405408], [-118.397963, 37.405448], [-118.397828, 37.40548], [-118.397771, 37.405503], [-118.397626, 37.405601], [-118.39758, 37.405621], [-118.397471, 37.405623], [-118.397293, 37.405607], [-118.39688, 37.405503], [-118.396574, 37.405482], [-118.396352, 37.405495], [-118.39626, 37.405524], [-118.396225, 37.405542], [-118.396188, 37.405588], [-118.396174, 37.405618], [-118.396145, 37.405835], [-118.396106, 37.405955], [-118.396064, 37.406022], [-118.396007, 37.406069], [-118.395887, 37.406121], [-118.395733, 37.406158], [-118.395557, 37.406172], [-118.395415, 37.406163], [-118.39522, 37.406139], [-118.395133, 37.406113]]}, "props": {"MTFCC": "S1400", "NAME": null}}, {"geom": {"type": "LineString", "coordinates": [[-118.366172, 37.387108], [-118.366079, 37.387138], [-118.365769, 37.387279], [-118.365623, 37.387317], [-118.365471, 37.387329], [-118.365193, 37.387305], [-118.364996, 37.387253], [-118.364825, 37.387175], [-118.363882, 37.386511], [-118.363808, 37.386463], [-118.363719, 37.386436], [-118.363624, 37.386431], [-118.363535, 37.38645], [-118.362921, 37.386632], [-118.362618, 37.38673], [-118.362055, 37.386888]]}, "props": {"MTFCC": "S1400", "NAME": null}}, {"geom": {"type": "LineString", "coordinates": [[-118.491587, 37.379628], [-118.491528, 37.379968], [-118.491494, 37.380003], [-118.491427, 37.38002], [-118.491361, 37.380002], [-118.49132, 37.37996], [-118.491321, 37.379869], [-118.49137, 37.379749], [-118.491436, 37.379681], [-118.491498, 37.379645], [-118.491587, 37.379628]]}, "props": {"MTFCC": "S1400", "NAME": null}}, {"geom": {"type": "LineString", "coordinates": [[-118.368271, 37.380719], [-118.368306, 37.381201]]}, "props": {"MTFCC": "S1400", "NAME": null}}, {"geom": {"type": "LineString", "coordinates": [[-118.486701, 37.395271], [-118.486418, 37.395518], [-118.485953, 37.39587], [-118.485602, 37.396168], [-118.485058, 37.396581], [-118.484529, 37.397018], [-118.484368, 37.397145], [-118.484071, 37.397409], [-118.483997, 37.397504]]}, "props": {"MTFCC": "S1400", "NAME": null}}, {"geom": {"type": "LineString", "coordinates": [[-118.47952, 37.382238], [-118.4797, 37.382172], [-118.479795, 37.382146], [-118.479926, 37.382132], [-118.480004, 37.382139], [-118.4801, 37.382181], [-118.480329, 37.38233]]}, "props": {"MTFCC": "S1400", "NAME": null}}, {"geom": {"type": "LineString", "coordinates": [[-118.419491, 37.376867], [-118.419591, 37.376978], [-118.419635, 37.377001], [-118.4198, 37.376987], [-118.420101, 37.376947]]}, "props": {"MTFCC": "S1400", "NAME": null}}, {"geom": {"type": "LineString", "coordinates": [[-118.4195, 37.375893], [-118.419483, 37.376469], [-118.419491, 37.376867], [-118.419216, 37.377066], [-118.419162, 37.377138], [-118.419125, 37.377246], [-118.419132, 37.377358], [-118.41923, 37.377616], [-118.41926, 37.377835], [-118.419265, 37.37849], [-118.419267, 37.379084], [-118.419262, 37.379591], [-118.419278, 37.38059], [-118.419274, 37.381035], [-118.419289, 37.382064], [-118.419296, 37.383071]]}, "props": {"MTFCC": "S1400", "NAME": null}}, {"geom": {"type": "LineString", "coordinates": [[-118.376467, 37.433959], [-118.375633, 37.434253], [-118.374896, 37.434546], [-118.374519, 37.434732], [-118.374315, 37.434853], [-118.374145, 37.434985], [-118.373786, 37.435242], [-118.373594, 37.435364]]}, "props": {"MTFCC": "S1400", "NAME": null}}, {"geom": {"type": "LineString", "coordinates": [[-118.406118, 37.433052], [-118.406151, 37.433094], [-118.406216, 37.433132], [-118.406279, 37.433145], [-118.406313, 37.433144], [-118.406337, 37.433143], [-118.406412, 37.433118], [-118.406461, 37.433089], [-118.406584, 37.433018], [-118.406653, 37.432934], [-118.406686, 37.432837], [-118.406689, 37.432748], [-118.406678, 37.432677], [-118.406595, 37.432464], [-118.406325, 37.431854], [-118.406184, 37.43146], [-118.406138, 37.431269], [-118.406117, 37.431071], [-118.406111, 37.430952], [-118.406118, 37.430844], [-118.406144, 37.430705], [-118.406284, 37.430237], [-118.406569, 37.429448], [-118.406703, 37.428986], [-118.406973, 37.42814], [-118.407408, 37.426705], [-118.40746, 37.426471], [-118.407493, 37.426144], [-118.407506, 37.425595], [-118.407447, 37.425003], [-118.407365, 37.424717], [-118.407065, 37.424007], [-118.406927, 37.423649], [-118.406915, 37.423531], [-118.406929, 37.423395], [-118.406983, 37.423259], [-118.407092, 37.423071], [-118.407191, 37.422933], [-118.408307, 37.421844], [-118.408538, 37.421601], [-118.408682, 37.421404], [-118.408764, 37.421251], [-118.408888, 37.42088], [-118.409109, 37.420003], [-118.409191, 37.419559]]}, "props": {"MTFCC": "S1400", "NAME": null}}, {"geom": {"type": "LineString", "coordinates": [[-118.376882, 37.382083], [-118.377225, 37.381116]]}, "props": {"MTFCC": "S1400", "NAME": null}}, {"geom": {"type": "LineString", "coordinates": [[-118.399858, 37.398444], [-118.399901, 37.399015], [-118.399956, 37.400061], [-118.399974, 37.400636], [-118.400002, 37.400933], [-118.400038, 37.401076], [-118.400097, 37.401205], [-118.400322, 37.401519], [-118.400676, 37.401972], [-118.401072, 37.402507], [-118.401776, 37.403431], [-118.402103, 37.40388], [-118.402308, 37.404163], [-118.402365, 37.404227], [-118.402522, 37.40439]]}, "props": {"MTFCC": "S1400", "NAME": null}}, {"geom": {"type": "LineString", "coordinates": [[-118.418576, 37.396078], [-118.418521, 37.395668], [-118.418514, 37.395432], [-118.418484, 37.395092], [-118.418496, 37.394843], [-118.41849, 37.394669], [-118.418408, 37.394029], [-118.418409, 37.393842], [-118.418428, 37.393736], [-118.418544, 37.393545], [-118.418565, 37.393481], [-118.418557, 37.393378], [-118.418541, 37.393313], [-118.418474, 37.39317], [-118.418457, 37.392965], [-118.418462, 37.392826], [-118.418449, 37.392651], [-118.418403, 37.392383], [-118.418409, 37.39232], [-118.418455, 37.391784], [-118.418459, 37.391125], [-118.418454, 37.39067], [-118.418451, 37.390358]]}, "props": {"MTFCC": "S1400", "NAME": null}}, {"geom": {"type": "LineString", "coordinates": [[-118.418542, 37.386584], [-118.4176, 37.386571]]}, "props": {"MTFCC": "S1400", "NAME": null}}, {"geom": {"type": "LineString", "coordinates": [[-118.442815, 37.389416], [-118.442686, 37.389927], [-118.442442, 37.391101], [-118.442325, 37.391631], [-118.442305, 37.391803], [-118.442318, 37.392291], [-118.442378, 37.392864], [-118.442398, 37.392947]]}, "props": {"MTFCC": "S1400", "NAME": null}}, {"geom": {"type": "LineString", "coordinates": [[-118.445141, 37.391918], [-118.445506, 37.391825], [-118.446263, 37.391576], [-118.446393, 37.391528], [-118.447073, 37.391327], [-118.447712, 37.391127], [-118.44796, 37.391057]]}, "props": {"MTFCC": "S1400", "NAME": null}}, {"geom": {"type": "LineString", "coordinates": [[-118.45617, 37.378591], [-118.456022, 37.378674], [-118.455846, 37.37881], [-118.455537, 37.378975], [-118.455448, 37.378993], [-118.455379, 37.379055], [-118.455274, 37.379284], [-118.455252, 37.379314], [-118.455092, 37.379435], [-118.454987, 37.379546], [-118.454883, 37.379707], [-118.454696, 37.379887], [-118.454076, 37.380415], [-118.453731, 37.380737], [-118.453552, 37.380925], [-118.453316, 37.381155], [-118.453117, 37.381364], [-118.452955, 37.381516], [-118.452552, 37.381858], [-118.452347, 37.381985], [-118.452059, 37.382129], [-118.451349, 37.382434], [-118.451091, 37.382577], [-118.450839, 37.382753], [-118.450551, 37.383009], [-118.450364, 37.383208], [-118.450255, 37.383378], [-118.450206, 37.383513], [-118.450135, 37.383791], [-118.450083, 37.383884], [-118.450008, 37.383966], [-118.449899, 37.384041], [-118.449781, 37.384095], [-118.449455, 37.384265], [-118.44937, 37.384319], [-118.449226, 37.384447], [-118.449123, 37.38457], [-118.448954, 37.384801], [-118.448843, 37.384893], [-118.448709, 37.384957], [-118.4482, 37.385134], [-118.447655, 37.38528], [-118.447513, 37.385337], [-118.447427, 37.385386], [-118.447218, 37.385554], [-118.447067, 37.385731], [-118.447003, 37.385826], [-118.446853, 37.386153], [-118.446766, 37.386387], [-118.446676, 37.386493], [-118.446594, 37.386552], [-118.446498, 37.386596], [-118.446392, 37.386623], [-118.446245, 37.386631], [-118.445958, 37.386612], [-118.445423, 37.386661], [-118.445228, 37.386696], [-118.445106, 37.386736], [-118.445001, 37.386803], [-118.444927, 37.386892], [-118.44482, 37.387094], [-118.444518, 37.387727], [-118.444295, 37.388127], [-118.44418, 37.388286], [-118.443977, 37.388497], [-118.443327, 37.389016], [-118.443043, 37.389231], [-118.442815, 37.389416]]}, "props": {"MTFCC": "S1400", "NAME": null}}, {"geom": {"type": "LineString", "coordinates": [[-118.480627, 37.409741], [-118.480266, 37.409984], [-118.480228, 37.410033]]}, "props": {"MTFCC": "S1400", "NAME": null}}, {"geom": {"type": "LineString", "coordinates": [[-118.488295, 37.396544], [-118.488186, 37.396555], [-118.488087, 37.396556], [-118.487841, 37.396558], [-118.486486, 37.396394], [-118.486121, 37.396345], [-118.485876, 37.39635], [-118.485726, 37.396373], [-118.485606, 37.396416], [-118.4855, 37.396477], [-118.485368, 37.39657], [-118.484513, 37.397255], [-118.484366, 37.397348], [-118.483997, 37.397504]]}, "props": {"MTFCC": "S1400", "NAME": null}}, {"geom": {"type": "LineString", "coordinates": [[-118.443089, 37.413938], [-118.443051, 37.414], [-118.442884, 37.414164], [-118.442797, 37.414313], [-118.442689, 37.414585], [-118.442661, 37.414654], [-118.4426, 37.41482]]}, "props": {"MTFCC": "S1400", "NAME": null}}, {"geom": {"type": "LineString", "coordinates": [[-118.450806, 37.41302], [-118.450754, 37.412972], [-118.450675, 37.412938], [-118.450625, 37.41293], [-118.450439, 37.412927], [-118.450363, 37.412902], [-118.450334, 37.412874], [-118.450291, 37.412793], [-118.450278, 37.412716]]}, "props": {"MTFCC": "S1400", "NAME": null}}, {"geom": {"type": "LineString", "coordinates": [[-118.426852, 37.399108], [-118.426659, 37.399183], [-118.426471, 37.399236], [-118.426366, 37.399251]]}, "props": {"MTFCC": "S1400", "NAME": null}}, {"geom": {"type": "LineString", "coordinates": [[-118.403903, 37.427951], [-118.403838, 37.427984], [-118.403826, 37.428006], [-118.403874, 37.42822], [-118.403934, 37.428418], [-118.403996, 37.428749], [-118.404063, 37.428995], [-118.404101, 37.429104], [-118.404209, 37.429334], [-118.404281, 37.429522], [-118.404308, 37.429636], [-118.404322, 37.429758], [-118.404325, 37.42989], [-118.404308, 37.43006], [-118.404034, 37.431371], [-118.404017, 37.431582], [-118.404021, 37.431704], [-118.404054, 37.43187], [-118.404106, 37.432008], [-118.404171, 37.432145], [-118.404344, 37.432438], [-118.404512, 37.432646], [-118.404596, 37.432729], [-118.404816, 37.432904], [-118.405125, 37.433103], [-118.405349, 37.433226], [-118.405472, 37.433266], [-118.405695, 37.433292], [-118.405931, 37.433311]]}, "props": {"MTFCC": "S1400", "NAME": null}}, {"geom": {"type": "LineString", "coordinates": [[-118.416669, 37.416463], [-118.416563, 37.416514], [-118.416438, 37.416536], [-118.416244, 37.416547], [-118.415921, 37.416583], [-118.415397, 37.41658], [-118.415075, 37.416567], [-118.414544, 37.416512], [-118.414099, 37.41647], [-118.413934, 37.416438], [-118.413452, 37.416289], [-118.413341, 37.416261], [-118.413232, 37.416247], [-118.41312, 37.416242], [-118.412912, 37.41625], [-118.412765, 37.416274], [-118.412627, 37.416323], [-118.412505, 37.416393], [-118.412411, 37.416475], [-118.411982, 37.416896], [-118.411812, 37.417038], [-118.41166, 37.417135], [-118.411503, 37.417215], [-118.411011, 37.417409], [-118.410869, 37.41748], [-118.41072, 37.417567], [-118.410486, 37.417728], [-118.410183, 37.417963], [-118.410057, 37.41807], [-118.409936, 37.418188], [-118.409847, 37.418295], [-118.409702, 37.418521], [-118.409556, 37.418826], [-118.409498, 37.418997], [-118.409415, 37.419408], [-118.409395, 37.419564]]}, "props": {"MTFCC": "S1400", "NAME": null}}, {"geom": {"type": "LineString", "coordinates": [[-118.386009, 37.434639], [-118.386025, 37.434776], [-118.386037, 37.435083], [-118.38606, 37.43807], [-118.386056, 37.43858], [-118.386075, 37.439539], [-118.386077, 37.440909], [-118.386091, 37.441375], [-118.386075, 37.44228], [-118.386091, 37.444445], [-118.386103, 37.444946], [-118.386101, 37.44644], [-118.386096, 37.446943], [-118.386104, 37.447507], [-118.3861, 37.448148]]}, "props": {"MTFCC": "S1400", "NAME": null}}, {"geom": {"type": "LineString", "coordinates": [[-118.394145, 37.456177], [-118.394639, 37.455436], [-118.39481, 37.455244], [-118.395034, 37.455019], [-118.395338, 37.454652], [-118.395486, 37.454457], [-118.395606, 37.454261], [-118.39573, 37.454031], [-118.39583, 37.453923], [-118.395934, 37.453842], [-118.396018, 37.453812], [-118.396111, 37.453812], [-118.396217, 37.453851], [-118.396341, 37.453914], [-118.396422, 37.453981], [-118.39647, 37.454089], [-118.396481, 37.454181], [-118.396449, 37.45439], [-118.396305, 37.454914], [-118.396309, 37.455007], [-118.396337, 37.455144], [-118.396323, 37.455375], [-118.396361, 37.455453], [-118.396481, 37.455546]]}, "props": {"MTFCC": "S1400", "NAME": null}}, {"geom": {"type": "LineString", "coordinates": [[-118.440378, 37.407925], [-118.440466, 37.40778], [-118.440612, 37.407611], [-118.440712, 37.407486], [-118.440784, 37.407326]]}, "props": {"MTFCC": "S1400", "NAME": null}}, {"geom": {"type": "LineString", "coordinates": [[-118.445519, 37.406507], [-118.445374, 37.406378], [-118.444806, 37.406], [-118.44468, 37.405907], [-118.4446, 37.405826], [-118.444529, 37.405744], [-118.444225, 37.405561], [-118.444173, 37.405511], [-118.444123, 37.40543], [-118.444113, 37.405375], [-118.444123, 37.405312], [-118.444114, 37.40526], [-118.444096, 37.405221], [-118.443967, 37.405101], [-118.443819, 37.404997], [-118.443677, 37.404923], [-118.443022, 37.404678], [-118.442816, 37.404623], [-118.442629, 37.404585], [-118.442514, 37.404573], [-118.442242, 37.404571], [-118.441956, 37.404591], [-118.441312, 37.404697], [-118.440544, 37.404787], [-118.440349, 37.404802], [-118.439386, 37.404842], [-118.438875, 37.404838], [-118.438722, 37.404831], [-118.438461, 37.404793], [-118.438256, 37.404743]]}, "props": {"MTFCC": "S1400", "NAME": null}}, {"geom": {"type": "LineString", "coordinates": [[-118.433383, 37.399987], [-118.433315, 37.399941], [-118.433234, 37.399913], [-118.433193, 37.399878], [-118.433154, 37.399833], [-118.433052, 37.399796], [-118.432839, 37.399751]]}, "props": {"MTFCC": "S1400", "NAME": null}}, {"geom": {"type": "LineString", "coordinates": [[-118.402016, 37.426797], [-118.401981, 37.426997], [-118.401946, 37.427506], [-118.401922, 37.427625], [-118.401883, 37.427741], [-118.401828, 37.427853], [-118.401677, 37.428078], [-118.40161, 37.428193], [-118.401536, 37.428393], [-118.401519, 37.428473], [-118.401511, 37.42858], [-118.401511, 37.428753], [-118.401501, 37.428794], [-118.401484, 37.428813], [-118.401401, 37.428841], [-118.401377, 37.428839], [-118.401338, 37.428822], [-118.401277, 37.428787], [-118.401047, 37.428602], [-118.400635, 37.428238], [-118.400581, 37.428144], [-118.400561, 37.428071], [-118.400536, 37.427673], [-118.400552, 37.427517], [-118.400622, 37.427236], [-118.400638, 37.427072], [-118.400625, 37.426923], [-118.400647, 37.426857], [-118.400695, 37.426799], [-118.400762, 37.426756], [-118.400843, 37.426731], [-118.400902, 37.426726], [-118.401866, 37.42675], [-118.401917, 37.426756], [-118.401977, 37.426775], [-118.402016, 37.426797]]}, "props": {"MTFCC": "S1400", "NAME": null}}, {"geom": {"type": "LineString", "coordinates": [[-118.399623, 37.426275], [-118.399241, 37.42638], [-118.398695, 37.426576], [-118.398541, 37.426605], [-118.398411, 37.426605], [-118.398252, 37.426574], [-118.397879, 37.426442], [-118.397718, 37.4264], [-118.39755, 37.426385], [-118.397328, 37.426376], [-118.396403, 37.426384], [-118.396248, 37.426399], [-118.396096, 37.426438]]}, "props": {"MTFCC": "S1400", "NAME": null}}, {"geom": {"type": "LineString", "coordinates": [[-118.385904, 37.424805], [-118.385969, 37.424816], [-118.385998, 37.424825], [-118.386078, 37.424849]]}, "props": {"MTFCC": "S1400", "NAME": null}}, {"geom": {"type": "LineString", "coordinates": [[-118.393908, 37.453034], [-118.393958, 37.45283], [-118.393997, 37.452769], [-118.394074, 37.452704], [-118.394196, 37.452646]]}, "props": {"MTFCC": "S1400", "NAME": null}}, {"geom": {"type": "LineString", "coordinates": [[-118.404776, 37.455335], [-118.404021, 37.45522], [-118.403647, 37.455176], [-118.402596, 37.455078]]}, "props": {"MTFCC": "S1400", "NAME": null}}, {"geom": {"type": "LineString", "coordinates": [[-118.295177, 37.462297], [-118.295194, 37.462496], [-118.2952, 37.462701], [-118.295185, 37.462775], [-118.295208, 37.462886]]}, "props": {"MTFCC": "S1400", "NAME": null}}, {"geom": {"type": "LineString", "coordinates": [[-118.303137, 37.432509], [-118.303089, 37.432608], [-118.303042, 37.432761], [-118.302965, 37.433158], [-118.302932, 37.433468]]}, "props": {"MTFCC": "S1400", "NAME": null}}, {"geom": {"type": "LineString", "coordinates": [[-118.348034, 37.403331], [-118.34833, 37.403577], [-118.349271, 37.404296], [-118.34983, 37.404781]]}, "props": {"MTFCC": "S1400", "NAME": null}}, {"geom": {"type": "LineString", "coordinates": [[-118.294748, 37.455281], [-118.294737, 37.45526], [-118.294637, 37.45507], [-118.294605, 37.455056], [-118.294576, 37.455057], [-118.294445, 37.455122], [-118.294326, 37.455152], [-118.293812, 37.455193], [-118.293459, 37.455194], [-118.293267, 37.455226], [-118.293135, 37.455269], [-118.292696, 37.455433], [-118.292569, 37.45546], [-118.292451, 37.455456], [-118.292308, 37.455439], [-118.292184, 37.455438], [-118.292105, 37.455466], [-118.291897, 37.455631], [-118.291778, 37.455679], [-118.291647, 37.455695], [-118.291163, 37.455672], [-118.291006, 37.455681], [-118.290851, 37.455704], [-118.29068, 37.455748], [-118.290535, 37.455796], [-118.290354, 37.455868], [-118.290155, 37.455968], [-118.290022, 37.455996], [-118.289845, 37.456014], [-118.289668, 37.456046], [-118.289509, 37.456084], [-118.28933, 37.456145], [-118.289007, 37.456314], [-118.288761, 37.456408], [-118.288517, 37.456481], [-118.288209, 37.456594], [-118.287894, 37.456738], [-118.287738, 37.456778], [-118.287574, 37.456791], [-118.287411, 37.456777], [-118.286895, 37.456715], [-118.286702, 37.456715], [-118.286513, 37.456746], [-118.286293, 37.456817], [-118.286149, 37.456876], [-118.286029, 37.456937], [-118.285473, 37.457259], [-118.285241, 37.457399], [-118.285086, 37.457466], [-118.284937, 37.457504], [-118.284603, 37.457532], [-118.284333, 37.457535], [-118.283986, 37.457579], [-118.283837, 37.45757], [-118.283451, 37.457516], [-118.283325, 37.457509], [-118.283046, 37.457463], [-118.282907, 37.457469], [-118.282728, 37.457517], [-118.282574, 37.457567], [-118.282416, 37.457596], [-118.28216, 37.457589], [-118.281858, 37.457553], [-118.28169, 37.457545], [-118.28155, 37.457548]]}, "props": {"MTFCC": "S1400", "NAME": null}}, {"geom": {"type": "LineString", "coordinates": [[-118.351943, 37.399701], [-118.351713, 37.400079], [-118.351609, 37.400186], [-118.351207, 37.400529], [-118.350913, 37.400826], [-118.350743, 37.401015]]}, "props": {"MTFCC": "S1400", "NAME": null}}, {"geom": {"type": "LineString", "coordinates": [[-118.362055, 37.386888], [-118.36197, 37.386855], [-118.361935, 37.386816], [-118.361921, 37.386763], [-118.361923, 37.386708], [-118.362018, 37.38651], [-118.362154, 37.386318], [-118.362163, 37.386253], [-118.362138, 37.38619], [-118.362075, 37.3861], [-118.362015, 37.38595], [-118.361995, 37.385794], [-118.361996, 37.385737], [-118.361959, 37.385678], [-118.361794, 37.385575], [-118.361622, 37.385437], [-118.361436, 37.385265], [-118.361348, 37.385178], [-118.36123, 37.385116], [-118.361093, 37.385086], [-118.360952, 37.385092], [-118.360861, 37.385116], [-118.360811, 37.385152], [-118.360779, 37.385188], [-118.360722, 37.385281], [-118.360626, 37.385367], [-118.360484, 37.385435], [-118.360298, 37.385589], [-118.360207, 37.385644], [-118.360129, 37.385665], [-118.359991, 37.385693], [-118.359914, 37.385733], [-118.359856, 37.38579], [-118.359783, 37.385907], [-118.359716, 37.385962], [-118.359628, 37.386052], [-118.359589, 37.386104], [-118.359553, 37.386176], [-118.359527, 37.386272]]}, "props": {"MTFCC": "S1400", "NAME": null}}, {"geom": {"type": "LineString", "coordinates": [[-118.310642, 37.405], [-118.310567, 37.405002], [-118.310434, 37.404974], [-118.310195, 37.404898], [-118.310043, 37.404877], [-118.309866, 37.404894], [-118.309311, 37.404994], [-118.309198, 37.40501], [-118.308986, 37.405012], [-118.308584, 37.404964], [-118.308426, 37.404968], [-118.308337, 37.404977], [-118.307897, 37.405051], [-118.307831, 37.405054], [-118.307583, 37.405063], [-118.307482, 37.405077], [-118.306625, 37.405276], [-118.306471, 37.405292], [-118.306234, 37.405298], [-118.305837, 37.405293], [-118.305708, 37.405298], [-118.305594, 37.405312], [-118.305482, 37.405335], [-118.305298, 37.405397], [-118.305135, 37.405475], [-118.304953, 37.405583], [-118.304794, 37.405698], [-118.304671, 37.405799], [-118.304494, 37.405903], [-118.304357, 37.405957], [-118.304294, 37.405977], [-118.304086, 37.405995], [-118.303906, 37.405995], [-118.303788, 37.40597], [-118.303696, 37.405923], [-118.303555, 37.405826], [-118.303416, 37.405762], [-118.303275, 37.405724], [-118.30291, 37.40567], [-118.302868, 37.405664], [-118.302659, 37.405646], [-118.302083, 37.405631], [-118.301946, 37.405628], [-118.301839, 37.405622], [-118.301609, 37.405642], [-118.301363, 37.405675], [-118.300982, 37.40577], [-118.300598, 37.405893], [-118.300385, 37.405942], [-118.299988, 37.406007], [-118.299609, 37.406024], [-118.299404, 37.406049], [-118.299212, 37.406096], [-118.299061, 37.406154], [-118.298981, 37.406191], [-118.298845, 37.406213], [-118.298596, 37.406228], [-118.298424, 37.406234], [-118.298234, 37.406264], [-118.297992, 37.406327], [-118.297154, 37.406582], [-118.296751, 37.406685], [-118.296455, 37.406789], [-118.296288, 37.406828], [-118.295667, 37.406903], [-118.295423, 37.406958], [-118.295004, 37.407068], [-118.294363, 37.40728], [-118.29421, 37.407306], [-118.294112, 37.407322], [-118.293853, 37.40735], [-118.293613, 37.407355], [-118.292963, 37.40733], [-118.292776, 37.40735], [-118.292324, 37.407439], [-118.292097, 37.407465], [-118.291847, 37.40748], [-118.291535, 37.407536], [-118.290586, 37.407755], [-118.290245, 37.407809], [-118.289746, 37.407942], [-118.289263, 37.408024], [-118.289099, 37.408037], [-118.288653, 37.408071], [-118.288094, 37.408076], [-118.28781, 37.408104], [-118.287463, 37.408151], [-118.287195, 37.408177], [-118.286904, 37.408187], [-118.286768, 37.408184], [-118.28638, 37.408146], [-118.285811, 37.408125], [-118.285618, 37.408124], [-118.28519, 37.40815], [-118.28468, 37.408205], [-118.284535, 37.408209], [-118.28408, 37.40815], [-118.283259, 37.408115], [-118.283023, 37.4081], [-118.282639, 37.408029], [-118.282428, 37.408011], [-118.282295, 37.408022], [-118.282168, 37.408054], [-118.282052, 37.408107], [-118.281816, 37.40827], [-118.281702, 37.408322], [-118.281576, 37.408354], [-118.281445, 37.408365], [-118.281316, 37.408354], [-118.281091, 37.408311], [-118.280689, 37.408206], [-118.280537, 37.408159], [-118.280235, 37.408107], [-118.280045, 37.408059], [-118.279898, 37.40801], [-118.279452, 37.407803], [-118.279045, 37.407659], [-118.278751, 37.407554], [-118.278519, 37.407486], [-118.278084, 37.407328], [-118.277751, 37.407221], [-118.277282, 37.407024], [-118.276827, 37.406758], [-118.276344, 37.40641], [-118.27601, 37.406136], [-118.275953, 37.406104], [-118.275775, 37.406045], [-118.275742, 37.406038]]}, "props": {"MTFCC": "S1400", "NAME": null}}, {"geom": {"type": "LineString", "coordinates": [[-118.320903, 37.376256], [-118.321067, 37.376187], [-118.321202, 37.376145], [-118.321699, 37.376022], [-118.321846, 37.376005], [-118.322024, 37.376012], [-118.322249, 37.375946], [-118.322309, 37.375939], [-118.323089, 37.37594], [-118.323185, 37.375934], [-118.323869, 37.375964], [-118.324379, 37.375956], [-118.324781, 37.375963], [-118.324968, 37.375992], [-118.325199, 37.375991], [-118.325553, 37.37596], [-118.32589, 37.375965], [-118.326317, 37.37596], [-118.32661, 37.375976], [-118.326767, 37.376026], [-118.326951, 37.376155], [-118.327067, 37.376266], [-118.327284, 37.376416], [-118.327394, 37.376477], [-118.327628, 37.376654], [-118.328051, 37.37688], [-118.328277, 37.377026], [-118.328531, 37.377228], [-118.328806, 37.37755], [-118.328869, 37.37758], [-118.328942, 37.377586], [-118.329238, 37.377515], [-118.329338, 37.377519], [-118.3295, 37.377563], [-118.329814, 37.377699], [-118.330009, 37.377789], [-118.330223, 37.377881], [-118.330309, 37.377937], [-118.330372, 37.378004], [-118.330457, 37.378138], [-118.330515, 37.378246], [-118.33062, 37.378492], [-118.330696, 37.3786], [-118.330794, 37.378689], [-118.330854, 37.378723], [-118.331005, 37.378768], [-118.331334, 37.378821], [-118.331442, 37.378831], [-118.331653, 37.378831]]}, "props": {"MTFCC": "S1400", "NAME": null}}, {"geom": {"type": "LineString", "coordinates": [[-118.370027, 37.447918], [-118.369599, 37.448216]]}, "props": {"MTFCC": "S1400", "NAME": null}}, {"geom": {"type": "LineString", "coordinates": [[-118.363987, 37.459111], [-118.364186, 37.459204], [-118.364351, 37.45931], [-118.364479, 37.459438], [-118.364591, 37.459573]]}, "props": {"MTFCC": "S1400", "NAME": null}}, {"geom": {"type": "LineString", "coordinates": [[-118.367724, 37.455469], [-118.367678, 37.455561], [-118.367657, 37.455657], [-118.367669, 37.455776], [-118.367695, 37.455907], [-118.367698, 37.455981], [-118.367559, 37.456941], [-118.367536, 37.457415], [-118.367524, 37.458126], [-118.367509, 37.4582], [-118.367452, 37.458361]]}, "props": {"MTFCC": "S1400", "NAME": null}}, {"geom": {"type": "LineString", "coordinates": [[-118.363255, 37.446641], [-118.363165, 37.44675], [-118.362906, 37.447156], [-118.362782, 37.447343], [-118.362747, 37.447381]]}, "props": {"MTFCC": "S1400", "NAME": null}}, {"geom": {"type": "LineString", "coordinates": [[-118.349533, 37.455819], [-118.350636, 37.456023], [-118.35327, 37.456477], [-118.356396, 37.457049], [-118.357486, 37.457235], [-118.359319, 37.457501], [-118.359501, 37.457541], [-118.359816, 37.457648], [-118.36, 37.457749], [-118.360105, 37.457822], [-118.360216, 37.457915], [-118.360682, 37.458402], [-118.360803, 37.45849], [-118.360939, 37.458553], [-118.361089, 37.458592], [-118.361612, 37.45865], [-118.361904, 37.458698], [-118.362803, 37.458885]]}, "props": {"MTFCC": "S1400", "NAME": null}}, {"geom": {"type": "LineString", "coordinates": [[-118.338701, 37.435133], [-118.338636, 37.435496], [-118.338568, 37.436247], [-118.338544, 37.436851], [-118.338441, 37.437578], [-118.338233, 37.438764], [-118.338146, 37.439363], [-118.338091, 37.439614], [-118.337937, 37.44011], [-118.337685, 37.440823], [-118.336752, 37.443086], [-118.336633, 37.443312], [-118.336492, 37.443732], [-118.336244, 37.444239], [-118.336025, 37.444763], [-118.335814, 37.445397], [-118.335791, 37.44553], [-118.335786, 37.445668], [-118.335799, 37.445873]]}, "props": {"MTFCC": "S1400", "NAME": null}}, {"geom": {"type": "LineString", "coordinates": [[-118.322333, 37.422651], [-118.322354, 37.422108], [-118.322351, 37.421703], [-118.322373, 37.420752], [-118.322373, 37.419725]]}, "props": {"MTFCC": "S1400", "NAME": null}}, {"geom": {"type": "LineString", "coordinates": [[-118.322766, 37.391713], [-118.3232, 37.392105], [-118.323955, 37.39276], [-118.32498, 37.393977], [-118.325321, 37.394396], [-118.325663, 37.394859], [-118.326051, 37.395354], [-118.326708, 37.396145], [-118.327101, 37.396598], [-118.327315, 37.396817], [-118.327777, 37.397198], [-118.327871, 37.397264], [-118.328083, 37.397379], [-118.328485, 37.397553], [-118.328749, 37.397636]]}, "props": {"MTFCC": "S1400", "NAME": null}}, {"geom": {"type": "LineString", "coordinates": [[-118.336372, 37.415654], [-118.336391, 37.415736], [-118.336397, 37.415818], [-118.336387, 37.415991], [-118.336417, 37.416064], [-118.336445, 37.416096], [-118.336475, 37.416114]]}, "props": {"MTFCC": "S1400", "NAME": null}}, {"geom": {"type": "LineString", "coordinates": [[-118.349768, 37.364946], [-118.34982, 37.365166], [-118.349854, 37.365269], [-118.34988, 37.365433], [-118.349886, 37.365658], [-118.349862, 37.367135], [-118.34987, 37.367702], [-118.349826, 37.3679], [-118.349814, 37.368272], [-118.349834, 37.368753]]}, "props": {"MTFCC": "S1400", "NAME": null}}, {"geom": {"type": "LineString", "coordinates": [[-118.36586, 37.382025], [-118.365855, 37.382088], [-118.365887, 37.38217], [-118.365952, 37.382246], [-118.366008, 37.382291], [-118.366197, 37.382378], [-118.366402, 37.382498], [-118.366507, 37.382608], [-118.36661, 37.382676], [-118.366695, 37.382702], [-118.366821, 37.382706], [-118.366858, 37.382695], [-118.366929, 37.382647], [-118.367165, 37.382437], [-118.367245, 37.382396], [-118.367288, 37.382384]]}, "props": {"MTFCC": "S1400", "NAME": null}}, {"geom": {"type": "LineString", "coordinates": [[-118.366153, 37.459955], [-118.36642, 37.459843], [-118.366541, 37.459828], [-118.366661, 37.459844], [-118.3668, 37.459882]]}, "props": {"MTFCC": "S1400", "NAME": null}}, {"geom": {"type": "LineString", "coordinates": [[-118.364692, 37.459897], [-118.365133, 37.460084]]}, "props": {"MTFCC": "S1400", "NAME": null}}, {"geom": {"type": "LineString", "coordinates": [[-118.354259, 37.376108], [-118.354159, 37.376059], [-118.354079, 37.376037], [-118.354031, 37.376031], [-118.353785, 37.376032], [-118.35367, 37.376019], [-118.353341, 37.375936], [-118.3529, 37.37589]]}, "props": {"MTFCC": "S1400", "NAME": null}}, {"geom": {"type": "LineString", "coordinates": [[-118.187692, 37.413614], [-118.187519, 37.413145], [-118.187498, 37.413011], [-118.187509, 37.412773], [-118.187548, 37.412621], [-118.187729, 37.412157], [-118.187801, 37.411998], [-118.187825, 37.411873], [-118.187808, 37.411743], [-118.187773, 37.411642], [-118.18775, 37.411606], [-118.187678, 37.411557], [-118.18757, 37.411528], [-118.187428, 37.411514], [-118.187335, 37.41153], [-118.187276, 37.411558], [-118.18722, 37.411606], [-118.187162, 37.411675], [-118.187077, 37.411816], [-118.187061, 37.411911], [-118.187068, 37.412116], [-118.187008, 37.412545], [-118.186941, 37.412792], [-118.186882, 37.413214], [-118.18688, 37.413297], [-118.186917, 37.413502], [-118.186998, 37.413703], [-118.187091, 37.413841]]}, "props": {"MTFCC": "S1400", "NAME": null}}, {"geom": {"type": "LineString", "coordinates": [[-118.186051, 37.380849], [-118.185055, 37.381251], [-118.183947, 37.381743], [-118.183179, 37.382024], [-118.183032, 37.382087]]}, "props": {"MTFCC": "S1400", "NAME": null}}, {"geom": {"type": "LineString", "coordinates": [[-118.496643, 37.364774], [-118.49691, 37.364977], [-118.496995, 37.365014], [-118.497093, 37.365028], [-118.497297, 37.365031], [-118.497487, 37.365023], [-118.497749, 37.364994], [-118.497838, 37.364985], [-118.497938, 37.364993], [-118.498077, 37.365036], [-118.498181, 37.365102], [-118.498288, 37.365195], [-118.498416, 37.365338], [-118.49858, 37.36556], [-118.49875, 37.365744], [-118.499042, 37.366029], [-118.499161, 37.366084], [-118.499358, 37.366148], [-118.499469, 37.36622], [-118.499953, 37.366602], [-118.50018, 37.366814], [-118.500569, 37.367118]]}, "props": {"MTFCC": "S1400", "NAME": null}}, {"geom": {"type": "LineString", "coordinates": [[-118.724554, 37.371933], [-118.724529, 37.371939], [-118.724215, 37.371942], [-118.723557, 37.371908], [-118.723182, 37.371871], [-118.722338, 37.371748], [-118.721837, 37.371691], [-118.721326, 37.371595], [-118.720889, 37.371499], [-118.720768, 37.371455], [-118.720519, 37.3713], [-118.720432, 37.371272], [-118.72036, 37.371265], [-118.720202, 37.371273], [-118.720008, 37.371324], [-118.719659, 37.371449], [-118.719492, 37.371484], [-118.719407, 37.371502], [-118.719243, 37.371553], [-118.719198, 37.371583], [-118.719185, 37.371619], [-118.719193, 37.371646], [-118.71921, 37.371665], [-118.719273, 37.371677], [-118.719303, 37.371675], [-118.719349, 37.371657], [-118.719446, 37.371628], [-118.719553, 37.371623], [-118.719703, 37.371634], [-118.719831, 37.371644], [-118.720182, 37.371627], [-118.720302, 37.371653], [-118.720394, 37.3717], [-118.72052, 37.371807], [-118.720659, 37.371899], [-118.72126, 37.37225], [-118.721591, 37.372418], [-118.721748, 37.372484], [-118.722204, 37.372602], [-118.722576, 37.372733], [-118.722732, 37.372779], [-118.722827, 37.372815], [-118.722911, 37.372857], [-118.723023, 37.372926], [-118.723103, 37.372992], [-118.723266, 37.37319], [-118.723414, 37.373296], [-118.723639, 37.373446], [-118.723722, 37.373521], [-118.723784, 37.373595], [-118.723901, 37.373788], [-118.723956, 37.373901], [-118.724012, 37.374054], [-118.724071, 37.374271], [-118.724096, 37.374454], [-118.724063, 37.374617], [-118.724068, 37.374713], [-118.724157, 37.374938]]}, "props": {"MTFCC": "S1400", "NAME": null}}, {"geom": {"type": "LineString", "coordinates": [[-118.39718073490813, 37.3641], [-118.397194, 37.364632], [-118.397207, 37.365393], [-118.397218, 37.366007], [-118.397275, 37.366121], [-118.397377, 37.366196], [-118.397515, 37.366273]]}, "props": {"MTFCC": "S1400", "NAME": null}}, {"geom": {"type": "LineString", "coordinates": [[-118.497189, 37.368851], [-118.497288, 37.368789], [-118.497418, 37.368663], [-118.497606, 37.368467], [-118.497763, 37.368371], [-118.497877, 37.368331], [-118.497999, 37.36831], [-118.498253, 37.368298], [-118.498428, 37.36828], [-118.498543, 37.368248], [-118.498672, 37.368188], [-118.498777, 37.368114], [-118.499065, 37.367885], [-118.499186, 37.367836], [-118.499297, 37.36782], [-118.499397, 37.36782], [-118.499503, 37.367796], [-118.499679, 37.367721], [-118.499798, 37.367694], [-118.499973, 37.367663], [-118.500044, 37.367628], [-118.500259, 37.367397], [-118.500569, 37.367118]]}, "props": {"MTFCC": "S1400", "NAME": null}}, {"geom": {"type": "LineString", "coordinates": [[-118.50067, 37.40149], [-118.500613, 37.401409], [-118.500539, 37.401267], [-118.500468, 37.401197], [-118.500374, 37.401148], [-118.500125, 37.401077], [-118.499812, 37.400914], [-118.499499, 37.400784], [-118.499124, 37.400614], [-118.499001, 37.400576], [-118.498197, 37.400215], [-118.497065, 37.399761], [-118.496468, 37.399493], [-118.494478, 37.398641], [-118.494055, 37.398443]]}, "props": {"MTFCC": "S1400", "NAME": null}}, {"geom": {"type": "LineString", "coordinates": [[-118.463778, 37.462958], [-118.463885, 37.462848], [-118.464045, 37.462699], [-118.464121, 37.462619], [-118.464187, 37.46256], [-118.464274, 37.462513], [-118.464332, 37.462464], [-118.464459, 37.462173], [-118.464582, 37.461815], [-118.46467, 37.461589], [-118.46472, 37.461432], [-118.464826, 37.461159], [-118.464858, 37.46103], [-118.464872, 37.460774], [-118.46484, 37.460327], [-118.464801, 37.459491], [-118.46481, 37.459343], [-118.464828, 37.459288], [-118.464889, 37.459172], [-118.464982, 37.459046], [-118.465262, 37.458764], [-118.465308, 37.458682], [-118.465387, 37.458427], [-118.465479, 37.458242], [-118.465546, 37.458141], [-118.465646, 37.45795], [-118.465815, 37.457478], [-118.465892, 37.457314], [-118.465963, 37.457186], [-118.466133, 37.456915], [-118.466328, 37.45667], [-118.466691, 37.456285], [-118.46706, 37.455975], [-118.467123, 37.455898], [-118.467152, 37.45581], [-118.467146, 37.455668], [-118.467088, 37.455432], [-118.467059, 37.455044], [-118.467078, 37.454804], [-118.467121, 37.454647], [-118.467188, 37.454478], [-118.467202, 37.454409], [-118.467234, 37.454079], [-118.467267, 37.453949], [-118.467306, 37.453458], [-118.467339, 37.453377], [-118.467392, 37.453304], [-118.467754, 37.452973], [-118.46795, 37.452711], [-118.468029, 37.452636], [-118.468295, 37.452428], [-118.46856, 37.452266], [-118.468683, 37.452183], [-118.468873, 37.452007], [-118.469074, 37.451837], [-118.469234, 37.45174], [-118.469472, 37.451636], [-118.470157, 37.451128], [-118.470274, 37.451053], [-118.470525, 37.450911], [-118.470627, 37.450838], [-118.470708, 37.45075], [-118.470953, 37.450312], [-118.471012, 37.45022], [-118.471119, 37.45012], [-118.471351, 37.449943], [-118.471413, 37.44987], [-118.471498, 37.449789], [-118.471856, 37.449532], [-118.472201, 37.449248], [-118.472352, 37.449142], [-118.472447, 37.449097], [-118.472555, 37.449033], [-118.472983, 37.448717], [-118.473125, 37.448651], [-118.47321, 37.448588], [-118.473303, 37.44848], [-118.473462, 37.448355], [-118.473655, 37.448239], [-118.47377, 37.448155], [-118.473915, 37.448007], [-118.473998, 37.447954], [-118.474079, 37.447885], [-118.474111, 37.447839], [-118.474192, 37.44768], [-118.474287, 37.447533], [-118.474328, 37.447506], [-118.474433, 37.447482], [-118.474725, 37.447459], [-118.474987, 37.447424], [-118.475242, 37.447347], [-118.475631, 37.447192], [-118.475903, 37.447061], [-118.475976, 37.447006], [-118.476047, 37.446928], [-118.476134, 37.446802], [-118.476157, 37.446733], [-118.476203, 37.446641], [-118.476298, 37.446546], [-118.4765, 37.446416], [-118.476771, 37.446153], [-118.476907, 37.44606], [-118.477024, 37.44596], [-118.477167, 37.445771], [-118.477224, 37.445747], [-118.477395, 37.44578], [-118.477567, 37.445767], [-118.477881, 37.445681], [-118.477999, 37.445635], [-118.478128, 37.445572], [-118.478386, 37.445427], [-118.478584, 37.445287], [-118.478635, 37.445237], [-118.478701, 37.445148], [-118.478762, 37.445011], [-118.478829, 37.444903], [-118.478938, 37.444782], [-118.479094, 37.444651], [-118.479472, 37.444308], [-118.479644, 37.444123], [-118.479799, 37.443921], [-118.47995, 37.443687], [-118.480068, 37.443553], [-118.480356, 37.443202], [-118.480673, 37.442771], [-118.480731, 37.442654], [-118.480883, 37.442261], [-118.480938, 37.442153], [-118.481098, 37.441937], [-118.481196, 37.441829], [-118.481423, 37.441614], [-118.481624, 37.441437], [-118.481639, 37.441409], [-118.481642, 37.441342], [-118.481658, 37.441299], [-118.481824, 37.441203], [-118.481921, 37.441129], [-118.48196, 37.441076], [-118.482162, 37.440759], [-118.482251, 37.440596], [-118.482374, 37.440248], [-118.482394, 37.440069], [-118.482415, 37.439992], [-118.482471, 37.43992], [-118.482578, 37.439811], [-118.482817, 37.439512], [-118.483026, 37.439142], [-118.483085, 37.439009], [-118.483157, 37.438891], [-118.483294, 37.438756], [-118.483392, 37.43849], [-118.483435, 37.438453], [-118.483491, 37.438436], [-118.483631, 37.438451], [-118.483772, 37.438446], [-118.483856, 37.438422], [-118.484028, 37.438336], [-118.484122, 37.438304], [-118.484227, 37.438295], [-118.484551, 37.438228], [-118.484751, 37.438173], [-118.48503, 37.438064], [-118.485295, 37.43803], [-118.485511, 37.438021], [-118.485718, 37.438037], [-118.486018, 37.438081], [-118.486357, 37.438083], [-118.486401, 37.438099], [-118.486451, 37.438129], [-118.48656, 37.438184], [-118.486696, 37.438211], [-118.486788, 37.438205], [-118.486911, 37.438167], [-118.486984, 37.43812], [-118.487034, 37.438058], [-118.487059, 37.437987], [-118.487047, 37.437882], [-118.487059, 37.437813], [-118.487125, 37.437733], [-118.487155, 37.437654], [-118.487177, 37.437472], [-118.487179, 37.43709], [-118.487258, 37.436941], [-118.487285, 37.436857], [-118.487289, 37.436823], [-118.487325, 37.436716], [-118.487384, 37.436603], [-118.487419, 37.436457], [-118.487498, 37.436201], [-118.487575, 37.436003], [-118.487779, 37.435897], [-118.48782, 37.435875], [-118.487894, 37.435862], [-118.488038, 37.435859], [-118.488127, 37.435838], [-118.48826, 37.435761], [-118.488312, 37.435748], [-118.488361, 37.435707], [-118.488381, 37.435652], [-118.488362, 37.435575], [-118.488357, 37.435529], [-118.488385, 37.435487], [-118.488412, 37.435472], [-118.488582, 37.435443], [-118.488665, 37.435395], [-118.488694, 37.43535], [-118.488746, 37.435113], [-118.488725, 37.434964], [-118.488728, 37.43492], [-118.488761, 37.434845], [-118.488781, 37.434818], [-118.488825, 37.434783], [-118.48944, 37.434561], [-118.489668, 37.434459], [-118.489971, 37.434299], [-118.490096, 37.434243], [-118.490268, 37.434195], [-118.490298, 37.434178], [-118.490362, 37.434095], [-118.490418, 37.434058], [-118.490466, 37.434052], [-118.490648, 37.434088], [-118.490723, 37.434085], [-118.490803, 37.434057], [-118.49092, 37.433976], [-118.490988, 37.433963], [-118.49113, 37.433962], [-118.491249, 37.433945], [-118.491492, 37.433855], [-118.491733, 37.433786], [-118.491941, 37.433753], [-118.49231, 37.433736], [-118.492389, 37.433744], [-118.492599, 37.433797], [-118.492969, 37.433847], [-118.493319, 37.433863], [-118.493499, 37.433852], [-118.493672, 37.4338], [-118.493761, 37.433762], [-118.493876, 37.433673], [-118.493985, 37.433538], [-118.494054, 37.433411], [-118.494161, 37.433138], [-118.494178, 37.433092], [-118.494291, 37.432788], [-118.49431, 37.432676], [-118.494356, 37.432588], [-118.494469, 37.432478], [-118.494543, 37.432359], [-118.494604, 37.432323], [-118.494708, 37.432298], [-118.494813, 37.432294], [-118.494894, 37.432314], [-118.494977, 37.432311], [-118.49512, 37.432273], [-118.495301, 37.43225], [-118.495441, 37.432259], [-118.495679, 37.432224], [-118.495752, 37.432205], [-118.495945, 37.432125], [-118.496221, 37.432052], [-118.496388, 37.431973], [-118.49647, 37.431943], [-118.496575, 37.431933], [-118.49664, 37.431939], [-118.496758, 37.43199], [-118.496831, 37.432048], [-118.496925, 37.432189], [-118.496944, 37.432206], [-118.496992, 37.432211], [-118.497112, 37.432165], [-118.497187, 37.432176], [-118.497244, 37.432196], [-118.497283, 37.432209], [-118.497517, 37.432315], [-118.497681, 37.432371], [-118.497791, 37.432436], [-118.497932, 37.432564], [-118.498116, 37.432797], [-118.498188, 37.432857], [-118.498273, 37.432899], [-118.498562, 37.432978], [-118.498673, 37.433012], [-118.498832, 37.433022], [-118.49904, 37.433014], [-118.499144, 37.433042], [-118.499209, 37.433083], [-118.499254, 37.433139], [-118.499349, 37.433312], [-118.49948, 37.433462], [-118.499598, 37.433572], [-118.49964, 37.433642], [-118.499728, 37.433998], [-118.499786, 37.434153], [-118.499856, 37.434257], [-118.500219, 37.434724], [-118.500315, 37.434832], [-118.500489, 37.434978], [-118.500846, 37.435233], [-118.501304, 37.435514], [-118.501873, 37.435956], [-118.502044, 37.436132], [-118.502106, 37.436227], [-118.502134, 37.436294], [-118.502162, 37.43641], [-118.502219, 37.436538], [-118.502443, 37.436906], [-118.502533, 37.437072], [-118.502615, 37.43717], [-118.502683, 37.437217], [-118.502772, 37.437235], [-118.502924, 37.437221], [-118.503076, 37.437177], [-118.503185, 37.437131], [-118.503261, 37.437077], [-118.503336, 37.436989], [-118.503431, 37.43683], [-118.503496, 37.436594], [-118.503525, 37.436033], [-118.503665, 37.435703], [-118.503665, 37.435601], [-118.503717, 37.435498], [-118.503713, 37.435418], [-118.503914, 37.43514], [-118.503922, 37.434949], [-118.503958, 37.434852], [-118.503984, 37.434814], [-118.504094, 37.434708], [-118.504224, 37.434614], [-118.504333, 37.434567], [-118.504411, 37.434498], [-118.504483, 37.434386], [-118.504539, 37.434242], [-118.504617, 37.434161], [-118.504671, 37.434122], [-118.504723, 37.434094], [-118.504845, 37.434102], [-118.505175, 37.434138], [-118.505285, 37.434177], [-118.505831, 37.434497], [-118.506153, 37.434722], [-118.506345, 37.43483], [-118.50648, 37.434877], [-118.506643, 37.43491], [-118.507037, 37.434953], [-118.507703, 37.435052]]}, "props": {"MTFCC": "S1400", "NAME": null}}, {"geom": {"type": "LineString", "coordinates": [[-118.191331, 37.416023], [-118.191457, 37.415975], [-118.191523, 37.415923], [-118.191567, 37.415856], [-118.191582, 37.415782], [-118.191572, 37.415721], [-118.191479, 37.415444], [-118.191488, 37.415329], [-118.19154, 37.415222], [-118.191962, 37.414787], [-118.1921, 37.414617], [-118.192277, 37.414318], [-118.192473, 37.413964], [-118.192582, 37.413784], [-118.192679, 37.413674], [-118.192857, 37.413505], [-118.192942, 37.413362], [-118.193022, 37.413177], [-118.193065, 37.413024], [-118.193096, 37.412888], [-118.193124, 37.412835], [-118.193205, 37.412748], [-118.193283, 37.412698], [-118.193515, 37.412575], [-118.193687, 37.412451], [-118.19425, 37.412105], [-118.194587, 37.411955], [-118.194702, 37.411864], [-118.194772, 37.411758], [-118.195049, 37.411183], [-118.195387, 37.410691], [-118.19544, 37.410554], [-118.195456, 37.410414], [-118.195453, 37.410345], [-118.195413, 37.410205], [-118.195209, 37.409793], [-118.195022, 37.409346], [-118.195022, 37.409265], [-118.195064, 37.40919], [-118.19512, 37.409146], [-118.195408, 37.409001], [-118.195571, 37.408858], [-118.195669, 37.408751], [-118.195946, 37.408343], [-118.196105, 37.408157], [-118.196488, 37.407619], [-118.196887, 37.407182], [-118.19723, 37.406841], [-118.197512, 37.406538], [-118.197558, 37.406504], [-118.198219, 37.406174], [-118.198328, 37.40611], [-118.198478, 37.405992], [-118.198665, 37.405836], [-118.198725, 37.405823], [-118.198785, 37.405836], [-118.198829, 37.405872], [-118.198969, 37.406094], [-118.199264, 37.406522], [-118.199384, 37.406719], [-118.199395, 37.406807], [-118.199329, 37.407096], [-118.199342, 37.407179], [-118.199378, 37.407211], [-118.19943, 37.40722], [-118.199475, 37.407206], [-118.199787, 37.407028], [-118.20017, 37.406731], [-118.200252, 37.406659], [-118.201058, 37.405756], [-118.201158, 37.405617], [-118.201389, 37.405214], [-118.201474, 37.405121], [-118.201882, 37.404781], [-118.202189, 37.404484], [-118.202267, 37.404378], [-118.202316, 37.404261], [-118.202341, 37.40407], [-118.202333, 37.403758], [-118.202294, 37.403595], [-118.202146, 37.403202], [-118.202134, 37.403105], [-118.202155, 37.402983], [-118.202393, 37.402405], [-118.202519, 37.402222], [-118.202584, 37.402181], [-118.202608, 37.402178], [-118.202659, 37.402194], [-118.202682, 37.402223], [-118.202722, 37.402489], [-118.202784, 37.40261], [-118.202849, 37.402893], [-118.202898, 37.402942], [-118.20294, 37.402956], [-118.202965, 37.402964], [-118.203248, 37.403015], [-118.203588, 37.403128], [-118.203766, 37.403165], [-118.204028, 37.403199], [-118.204198, 37.403248], [-118.204879, 37.403539], [-118.205025, 37.403632], [-118.205149, 37.403747], [-118.20526, 37.403894], [-118.205476, 37.404223], [-118.205542, 37.404397], [-118.205606, 37.404763], [-118.205689, 37.404992], [-118.205685, 37.405153], [-118.205706, 37.405251], [-118.205775, 37.405328], [-118.205857, 37.405367], [-118.205952, 37.405375], [-118.206042, 37.405352], [-118.206085, 37.405326], [-118.206134, 37.405278], [-118.206219, 37.405169], [-118.206387, 37.404903], [-118.206616, 37.4044], [-118.206662, 37.404182], [-118.206736, 37.404023], [-118.206786, 37.403718], [-118.206829, 37.403671], [-118.206898, 37.403653], [-118.206957, 37.403666], [-118.207059, 37.40375], [-118.207164, 37.403865], [-118.207418, 37.404182], [-118.20764, 37.404416], [-118.207741, 37.404536], [-118.207844, 37.404624], [-118.208105, 37.40479], [-118.208186, 37.404874], [-118.20828, 37.404937], [-118.20834, 37.404945], [-118.208397, 37.404928], [-118.208436, 37.40489], [-118.208482, 37.404728], [-118.208508, 37.404524], [-118.208514, 37.404397], [-118.208525, 37.404339], [-118.208551, 37.404278], [-118.208588, 37.404234], [-118.208594, 37.404155], [-118.208589, 37.404094], [-118.208689, 37.403688], [-118.208824, 37.403462], [-118.208893, 37.403283], [-118.208908, 37.403169], [-118.208895, 37.403003], [-118.208907, 37.402926], [-118.208926, 37.402891], [-118.208998, 37.402843], [-118.209041, 37.402829], [-118.209157, 37.402839], [-118.209267, 37.402864], [-118.209537, 37.402954], [-118.209567, 37.402972], [-118.209759, 37.403168], [-118.209974, 37.403325], [-118.210058, 37.403411], [-118.210121, 37.403515], [-118.210182, 37.403575], [-118.210239, 37.403606], [-118.210359, 37.403647], [-118.210528, 37.403669], [-118.211188, 37.403713], [-118.211521, 37.403743], [-118.211658, 37.40378], [-118.211782, 37.403838], [-118.211889, 37.403915], [-118.212061, 37.404081], [-118.212256, 37.404315], [-118.212318, 37.40434], [-118.212387, 37.404338], [-118.212449, 37.404304], [-118.212575, 37.404142], [-118.212706, 37.404007], [-118.212835, 37.403924], [-118.212937, 37.403889], [-118.213045, 37.403871], [-118.213115, 37.403869], [-118.213425, 37.403912], [-118.213806, 37.403903], [-118.214004, 37.403861], [-118.214093, 37.403829], [-118.214251, 37.403737], [-118.214342, 37.403652], [-118.214388, 37.403585], [-118.2144, 37.403524], [-118.214375, 37.403413], [-118.214384, 37.403342], [-118.214401, 37.403275], [-118.214383, 37.403205], [-118.214341, 37.403154], [-118.214269, 37.403098], [-118.214011, 37.402942], [-118.214006, 37.402904], [-118.214038, 37.402876], [-118.214083, 37.402876], [-118.214223, 37.402935], [-118.214478, 37.402948], [-118.214602, 37.402992], [-118.214722, 37.403057], [-118.214816, 37.403119], [-118.214863, 37.40314], [-118.214939, 37.403144], [-118.215008, 37.403125], [-118.215189, 37.403004], [-118.215228, 37.402988], [-118.215317, 37.402979], [-118.21542, 37.402986], [-118.215495, 37.403008], [-118.216139, 37.403258], [-118.216186, 37.403286], [-118.216252, 37.403352], [-118.216301, 37.403358], [-118.216343, 37.403337], [-118.216356, 37.403299], [-118.216307, 37.4032], [-118.216232, 37.403098], [-118.216123, 37.402912], [-118.216112, 37.402829], [-118.216133, 37.402768], [-118.216183, 37.40271], [-118.216357, 37.402592], [-118.216449, 37.402551], [-118.216515, 37.402535], [-118.216624, 37.402526], [-118.216702, 37.40254], [-118.216767, 37.402577], [-118.216896, 37.402742], [-118.21696, 37.4028], [-118.217246, 37.402975], [-118.217383, 37.40304], [-118.217563, 37.403071], [-118.217835, 37.403085], [-118.218034, 37.403142], [-118.218429, 37.403263], [-118.218529, 37.403304], [-118.218613, 37.403348], [-118.218713, 37.403414], [-118.218824, 37.40351], [-118.218915, 37.403602], [-118.219083, 37.403719], [-118.21932, 37.403859], [-118.219388, 37.403933], [-118.219418, 37.40398], [-118.219509, 37.404184], [-118.219553, 37.404212], [-118.219609, 37.40421], [-118.219646, 37.404184], [-118.219664, 37.404108], [-118.219655, 37.403947], [-118.219669, 37.403828], [-118.219697, 37.403717], [-118.219686, 37.403648], [-118.219618, 37.403511], [-118.219613, 37.403435], [-118.219636, 37.403399], [-118.219699, 37.403371], [-118.21976, 37.403373], [-118.219812, 37.403401], [-118.219963, 37.403532], [-118.22013, 37.403609], [-118.220363, 37.403691], [-118.220463, 37.403719], [-118.220613, 37.403789], [-118.220757, 37.403875], [-118.220947, 37.403942], [-118.221004, 37.403986], [-118.221035, 37.404068], [-118.221037, 37.404171], [-118.220953, 37.404494], [-118.220947, 37.404547], [-118.220978, 37.404619], [-118.221033, 37.404655], [-118.221103, 37.404664], [-118.22117, 37.404644], [-118.221276, 37.404573], [-118.221568, 37.404336], [-118.221749, 37.404204], [-118.221817, 37.404127], [-118.221878, 37.404018], [-118.22189, 37.403931], [-118.221864, 37.403691], [-118.221894, 37.403662], [-118.221941, 37.403656], [-118.222025, 37.403689], [-118.222224, 37.403864], [-118.222271, 37.403937], [-118.222293, 37.404045], [-118.222284, 37.404125], [-118.222258, 37.404228], [-118.222282, 37.404271], [-118.222333, 37.404295], [-118.222383, 37.404293], [-118.222561, 37.40422], [-118.222682, 37.404155], [-118.222817, 37.404096], [-118.222956, 37.404049], [-118.223371, 37.403949], [-118.223426, 37.403927], [-118.223463, 37.403876], [-118.22346, 37.403827], [-118.223417, 37.40378], [-118.223065, 37.403523], [-118.222941, 37.403451], [-118.222567, 37.403154], [-118.222432, 37.403029], [-118.222404, 37.402952], [-118.2224, 37.402913], [-118.222353, 37.402839], [-118.222111, 37.402628], [-118.222073, 37.402575], [-118.221914, 37.402248], [-118.221823, 37.402153], [-118.221746, 37.402091], [-118.221712, 37.402043], [-118.221707, 37.401972], [-118.221766, 37.401892], [-118.22182, 37.401832], [-118.221848, 37.401758], [-118.221849, 37.401618], [-118.221814, 37.401504], [-118.22179, 37.401465], [-118.221702, 37.401363], [-118.221641, 37.401268], [-118.221613, 37.401171], [-118.221631, 37.401119], [-118.221679, 37.401081], [-118.221744, 37.401067], [-118.221887, 37.401081], [-118.22197, 37.401114], [-118.22201, 37.401143], [-118.222207, 37.401345], [-118.222284, 37.401385], [-118.222373, 37.401404], [-118.222615, 37.401411], [-118.222747, 37.401429], [-118.222884, 37.401477], [-118.223209, 37.401664], [-118.223304, 37.401707], [-118.223844, 37.401887], [-118.224823, 37.402116], [-118.225152, 37.402123], [-118.225285, 37.402148], [-118.225911, 37.402377], [-118.22621, 37.402427], [-118.22661, 37.402433], [-118.226833, 37.4024], [-118.227268, 37.402307], [-118.2273, 37.4023], [-118.227795, 37.40216], [-118.228294, 37.401969], [-118.228373, 37.401933], [-118.228532, 37.401897], [-118.228556, 37.401894], [-118.228794, 37.401868], [-118.228936, 37.401858], [-118.229096, 37.401863], [-118.229214, 37.401851], [-118.229439, 37.401778], [-118.229587, 37.401716], [-118.229797, 37.401613], [-118.229928, 37.401591], [-118.230027, 37.401604], [-118.230548, 37.401756], [-118.230797, 37.401802], [-118.231245, 37.401836], [-118.231472, 37.401865], [-118.231873, 37.401929], [-118.232157, 37.402001], [-118.232552, 37.402029], [-118.232648, 37.402054], [-118.232755, 37.402107], [-118.23298, 37.40226], [-118.233236, 37.402405], [-118.233459, 37.402556], [-118.233556, 37.40261], [-118.233759, 37.402676], [-118.233988, 37.40272], [-118.234137, 37.402737], [-118.234495, 37.402742], [-118.234872, 37.402716], [-118.235568, 37.402745], [-118.235752, 37.402768], [-118.23611, 37.402855], [-118.236214, 37.402869], [-118.236319, 37.402874], [-118.236425, 37.40287], [-118.236573, 37.402849], [-118.236721, 37.402815], [-118.236978, 37.402791], [-118.237301, 37.402782], [-118.237502, 37.402788]]}, "props": {"MTFCC": "S1400", "NAME": null}}, {"geom": {"type": "LineString", "coordinates": [[-118.594184, 37.434109], [-118.594133, 37.432421]]}, "props": {"MTFCC": "S1400", "NAME": null}}, {"geom": {"type": "LineString", "coordinates": [[-118.613665, 37.431413], [-118.613704, 37.431374], [-118.613714, 37.431257], [-118.61373, 37.43012], [-118.613718, 37.429442], [-118.613734, 37.428585], [-118.613743, 37.428133], [-118.613733, 37.427454], [-118.61375, 37.426628], [-118.613749, 37.426196], [-118.613721, 37.42529], [-118.613741, 37.42431], [-118.613735, 37.423831], [-118.613756, 37.423301], [-118.613744, 37.422341], [-118.613718, 37.422277], [-118.613662, 37.422228], [-118.613208, 37.422015], [-118.612919, 37.421855], [-118.612547, 37.421626], [-118.612173, 37.421431], [-118.611988, 37.421323], [-118.611867, 37.421266], [-118.611695, 37.42122], [-118.611554, 37.421193], [-118.611473, 37.421166], [-118.611338, 37.421099], [-118.611216, 37.421011], [-118.61112, 37.420905], [-118.611067, 37.420817], [-118.611015, 37.420694], [-118.610953, 37.4206], [-118.610826, 37.420467], [-118.610587, 37.420277], [-118.610269, 37.419992], [-118.610207, 37.41997], [-118.610123, 37.419973], [-118.610009, 37.420017], [-118.609953, 37.420031], [-118.609927, 37.420036], [-118.609802, 37.420042], [-118.609722, 37.420028], [-118.609578, 37.419969], [-118.609523, 37.419942], [-118.609313, 37.419782], [-118.609166, 37.419635], [-118.609117, 37.419569], [-118.609074, 37.41949], [-118.609056, 37.419429], [-118.60905, 37.419286], [-118.609064, 37.419218], [-118.609104, 37.41911], [-118.609222, 37.418912], [-118.609363, 37.418777], [-118.609531, 37.418677], [-118.609957, 37.418464], [-118.610085, 37.41842], [-118.610221, 37.418408], [-118.610365, 37.418419], [-118.610422, 37.418417], [-118.610464, 37.418407], [-118.610502, 37.418387], [-118.610531, 37.418351], [-118.610542, 37.418303], [-118.610531, 37.418177], [-118.610539, 37.418134], [-118.610588, 37.418071], [-118.610667, 37.418007], [-118.61075, 37.417968], [-118.610857, 37.417965], [-118.610985, 37.418005], [-118.611138, 37.418072], [-118.611355, 37.418135], [-118.611607, 37.418186], [-118.611769, 37.418197], [-118.611933, 37.418197], [-118.612079, 37.418182], [-118.612716, 37.418048], [-118.612796, 37.41801], [-118.612846, 37.417962], [-118.612865, 37.417886], [-118.612868, 37.417804], [-118.612809, 37.417419], [-118.612829, 37.417341], [-118.612888, 37.417277], [-118.613211, 37.41705], [-118.613289, 37.416955], [-118.613326, 37.416844], [-118.613318, 37.41673], [-118.613235, 37.416554], [-118.613203, 37.416457], [-118.613178, 37.416298], [-118.613181, 37.416144], [-118.613145, 37.41603], [-118.613112, 37.415985], [-118.612969, 37.415867], [-118.61294, 37.415821], [-118.612928, 37.415781], [-118.612919, 37.415753], [-118.612926, 37.415639], [-118.61291, 37.415296]]}, "props": {"MTFCC": "S1500", "NAME": null}}, {"geom": {"type": "LineString", "coordinates": [[-118.4678599155646, 37.3641], [-118.466959, 37.365207], [-118.465907, 37.366523], [-118.46439, 37.368384], [-118.463876, 37.369032], [-118.461634, 37.371774], [-118.46157, 37.371854], [-118.460575, 37.373086], [-118.459532, 37.374368], [-118.459279, 37.374691], [-118.458738, 37.375383], [-118.458601, 37.375655], [-118.45858, 37.37576]]}, "props": {"MTFCC": "S1400", "NAME": null}}, {"geom": {"type": "LineString", "coordinates": [[-118.580273, 37.37903], [-118.580253, 37.379148], [-118.580267, 37.379284], [-118.580361, 37.379676], [-118.580391, 37.379967], [-118.580397, 37.380264], [-118.580331, 37.380757], [-118.580309, 37.380989], [-118.580272, 37.381295], [-118.580219, 37.381425], [-118.580067, 37.38163], [-118.579767, 37.382075], [-118.579563, 37.382347], [-118.579359, 37.382549], [-118.579306, 37.382625], [-118.57921, 37.38284], [-118.579045, 37.383286], [-118.578908, 37.383575], [-118.578787, 37.383788]]}, "props": {"MTFCC": "S1400", "NAME": null}}, {"geom": {"type": "LineString", "coordinates": [[-118.377115, 37.391354], [-118.377067, 37.390935], [-118.377102, 37.390227], [-118.377094, 37.389905], [-118.377054, 37.389752], [-118.376974, 37.389609], [-118.376859, 37.389482], [-118.376796, 37.389431], [-118.376035, 37.388714], [-118.375946, 37.388589], [-118.37589, 37.388453], [-118.375877, 37.388382], [-118.375867, 37.388206], [-118.375887, 37.388051], [-118.375945, 37.387911], [-118.375987, 37.387846], [-118.376174, 37.387645], [-118.376266, 37.387571], [-118.376626, 37.387336], [-118.376816, 37.387229]]}, "props": {"MTFCC": "S1400", "NAME": null}}, {"geom": {"type": "LineString", "coordinates": [[-118.352735, 37.387455], [-118.3524, 37.387272], [-118.352264, 37.387155], [-118.352057, 37.386937], [-118.351759, 37.386586], [-118.351339, 37.386069], [-118.350968, 37.385638], [-118.350886, 37.385491], [-118.350845, 37.385333], [-118.350836, 37.384889], [-118.350815, 37.384823], [-118.350768, 37.384765]]}, "props": {"MTFCC": "S1400", "NAME": null}}, {"geom": {"type": "LineString", "coordinates": [[-118.507019, 37.409071], [-118.507098, 37.409044], [-118.507161, 37.409047], [-118.507371, 37.409119], [-118.507532, 37.409186]]}, "props": {"MTFCC": "S1400", "NAME": null}}, {"geom": {"type": "LineString", "coordinates": [[-118.50326, 37.405933], [-118.503241, 37.405893], [-118.503213, 37.405687]]}, "props": {"MTFCC": "S1400", "NAME": null}}, {"geom": {"type": "LineString", "coordinates": [[-118.480009, 37.404484], [-118.480017, 37.404589], [-118.480059, 37.404682], [-118.480117, 37.40474], [-118.48017, 37.40477], [-118.480922, 37.405064], [-118.481546, 37.405288], [-118.48187, 37.405417], [-118.481957, 37.405483], [-118.482176, 37.405725]]}, "props": {"MTFCC": "S1400", "NAME": null}}, {"geom": {"type": "LineString", "coordinates": [[-118.722691, 37.380727], [-118.722581, 37.380768], [-118.722502, 37.380829], [-118.72247, 37.38087], [-118.722442, 37.380926], [-118.722421, 37.381051], [-118.722443, 37.381126], [-118.722496, 37.381166], [-118.722639, 37.381228], [-118.722988, 37.381445], [-118.723105, 37.381534], [-118.723229, 37.381679], [-118.723314, 37.381743], [-118.723345, 37.381785], [-118.723471, 37.382053], [-118.723498, 37.382083], [-118.723558, 37.38211], [-118.723677, 37.382119], [-118.723769, 37.382154], [-118.723969, 37.382293], [-118.724082, 37.382346], [-118.724288, 37.382381], [-118.724412, 37.382424], [-118.724481, 37.382456], [-118.724576, 37.382529], [-118.724668, 37.382668], [-118.724975, 37.383172], [-118.725133, 37.383346], [-118.725158, 37.383373], [-118.725389, 37.383594], [-118.72561, 37.383788], [-118.725875, 37.38395], [-118.725943, 37.384004], [-118.726051, 37.384133], [-118.72612, 37.384246], [-118.72617, 37.384301], [-118.726244, 37.384351], [-118.726333, 37.384392], [-118.727091, 37.384593], [-118.727539, 37.384658], [-118.727631, 37.384685], [-118.727719, 37.384728], [-118.727836, 37.384813], [-118.727892, 37.384837], [-118.727945, 37.384839], [-118.727994, 37.38483], [-118.728152, 37.384734], [-118.72819, 37.384717], [-118.728259, 37.384708], [-118.728435, 37.384732], [-118.728548, 37.384768], [-118.728738, 37.384873], [-118.728834, 37.384958], [-118.728939, 37.385074], [-118.729144, 37.385227], [-118.729437, 37.385363], [-118.729628, 37.385475], [-118.729894, 37.385654], [-118.730098, 37.385892], [-118.730194, 37.385947], [-118.73028, 37.385965], [-118.730487, 37.385969], [-118.730588, 37.385982], [-118.730724, 37.386018], [-118.731074, 37.386161], [-118.731166, 37.386212], [-118.731234, 37.38626], [-118.731265, 37.386302], [-118.731287, 37.38636], [-118.731309, 37.386497], [-118.731308, 37.386581], [-118.731319, 37.38664], [-118.731364, 37.38674], [-118.731443, 37.386861], [-118.731568, 37.386989], [-118.731736, 37.387085], [-118.732262, 37.387279], [-118.732475, 37.387339], [-118.732629, 37.38736], [-118.732732, 37.387366], [-118.732935, 37.387351], [-118.73333, 37.387296], [-118.73347, 37.387276], [-118.733567, 37.387255]]}, "props": {"MTFCC": "S1400", "NAME": null}}, {"geom": {"type": "LineString", "coordinates": [[-118.724157, 37.374938], [-118.724324, 37.375527], [-118.724404, 37.375699], [-118.724439, 37.375803], [-118.724461, 37.375911], [-118.724467, 37.376089], [-118.724441, 37.376213], [-118.724396, 37.376323], [-118.724312, 37.376446], [-118.72415, 37.376633], [-118.724067, 37.376699], [-118.723985, 37.376732], [-118.723895, 37.376744], [-118.723805, 37.376732], [-118.723384, 37.376603], [-118.723232, 37.376534], [-118.722632, 37.376125]]}, "props": {"MTFCC": "S1400", "NAME": null}}, {"geom": {"type": "LineString", "coordinates": [[-118.395325, 37.375797], [-118.397946, 37.375785]]}, "props": {"MTFCC": "S1200", "NAME": null}}, {"geom": {"type": "LineString", "coordinates": [[-118.366172, 37.387108], [-118.366393, 37.387039], [-118.366616, 37.38698], [-118.366857, 37.386882], [-118.367089, 37.386763], [-118.367306, 37.386634], [-118.367424, 37.386593], [-118.36762, 37.38656], [-118.367838, 37.386579], [-118.367915, 37.386593], [-118.36811, 37.386665], [-118.368162, 37.386671], [-118.368317, 37.386724], [-118.368413, 37.386745], [-118.368611, 37.386762], [-118.368809, 37.386746], [-118.369045, 37.3867], [-118.369112, 37.386693], [-118.369189, 37.386702], [-118.369341, 37.386752], [-118.369456, 37.386777], [-118.369638, 37.386796], [-118.369874, 37.386793], [-118.369901, 37.386791], [-118.370225, 37.386758], [-118.370447, 37.386718], [-118.370616, 37.386658], [-118.370869, 37.386528], [-118.371028, 37.386471], [-118.371195, 37.386442], [-118.371345, 37.386431], [-118.371453, 37.386435], [-118.371552, 37.386448], [-118.371964, 37.386541], [-118.372505, 37.386712], [-118.372903, 37.386878], [-118.373052, 37.386931], [-118.37333, 37.386988], [-118.373532, 37.387046], [-118.3737, 37.38708], [-118.374147, 37.387202], [-118.374382, 37.387259], [-118.374531, 37.387276], [-118.374598, 37.387278], [-118.375247, 37.387425], [-118.375354, 37.387453], [-118.375466, 37.387463], [-118.375581, 37.387453], [-118.375772, 37.387406], [-118.375853, 37.387373], [-118.375962, 37.387313], [-118.376048, 37.387334], [-118.376131, 37.387327], [-118.376403, 37.387278], [-118.376816, 37.387229]]}, "props": {"MTFCC": "S1400", "NAME": null}}, {"geom": {"type": "LineString", "coordinates": [[-118.345858, 37.382466], [-118.345786, 37.382426], [-118.345725, 37.382371], [-118.345678, 37.382272], [-118.345652, 37.382131], [-118.345652, 37.382045], [-118.34568, 37.38191], [-118.345665, 37.38183], [-118.345587, 37.381683], [-118.345419, 37.381448], [-118.345347, 37.381383], [-118.345304, 37.381355], [-118.345001, 37.38122]]}, "props": {"MTFCC": "S1500", "NAME": null}}, {"geom": {"type": "LineString", "coordinates": [[-118.503612, 37.405123], [-118.50384, 37.404961]]}, "props": {"MTFCC": "S1400", "NAME": null}}, {"geom": {"type": "LineString", "coordinates": [[-118.435779, 37.392428], [-118.435695, 37.392458], [-118.435534, 37.392548], [-118.435274, 37.392776], [-118.434884, 37.39305], [-118.434579, 37.393248], [-118.434017, 37.393664], [-118.433781, 37.393812], [-118.433487, 37.39404]]}, "props": {"MTFCC": "S1400", "NAME": null}}, {"geom": {"type": "LineString", "coordinates": [[-118.418928, 37.396614], [-118.418856, 37.396706], [-118.418818, 37.39677], [-118.418776, 37.396888], [-118.418765, 37.39696], [-118.418773, 37.397116], [-118.41879, 37.397182], [-118.418888, 37.397353], [-118.418971, 37.397437], [-118.419071, 37.39751], [-118.419268, 37.397634]]}, "props": {"MTFCC": "S1400", "NAME": null}}, {"geom": {"type": "LineString", "coordinates": [[-118.421029, 37.397216], [-118.421176, 37.3972], [-118.421231, 37.39718], [-118.421263, 37.397144], [-118.421276, 37.397052], [-118.421242, 37.39658], [-118.421235, 37.396108], [-118.421241, 37.395738], [-118.421229, 37.395602], [-118.421202, 37.395464], [-118.421134, 37.395231], [-118.421112, 37.394682], [-118.421061, 37.394504], [-118.421047, 37.39424], [-118.421057, 37.394135], [-118.421085, 37.394016], [-118.421085, 37.393832], [-118.421064, 37.3937], [-118.421055, 37.393467], [-118.421073, 37.393277], [-118.421078, 37.393013], [-118.421067, 37.392897], [-118.421035, 37.392742], [-118.421035, 37.392632], [-118.421123, 37.392152], [-118.421116, 37.391525], [-118.421126, 37.390881]]}, "props": {"MTFCC": "S1400", "NAME": null}}, {"geom": {"type": "LineString", "coordinates": [[-118.419687, 37.397119], [-118.419819, 37.397122], [-118.420022, 37.397096], [-118.420215, 37.397096], [-118.420403, 37.397129], [-118.42068, 37.397211], [-118.420809, 37.397231], [-118.420957, 37.397224], [-118.421029, 37.397216]]}, "props": {"MTFCC": "S1400", "NAME": null}}, {"geom": {"type": "LineString", "coordinates": [[-118.352339, 37.391949], [-118.352266, 37.39187], [-118.352232, 37.391811], [-118.352233, 37.391773], [-118.35225, 37.391739], [-118.352249, 37.391712], [-118.352225, 37.391687], [-118.352186, 37.391665], [-118.352174, 37.391644], [-118.352181, 37.391619], [-118.352289, 37.39154], [-118.352405, 37.391487], [-118.352467, 37.391468], [-118.352536, 37.39146], [-118.352589, 37.391444], [-118.352714, 37.391373], [-118.352811, 37.391298]]}, "props": {"MTFCC": "S1400", "NAME": null}}, {"geom": {"type": "LineString", "coordinates": [[-118.317113, 37.409012], [-118.317007, 37.408892], [-118.316952, 37.408821], [-118.31681, 37.408605], [-118.316737, 37.408518], [-118.316589, 37.408388], [-118.316531, 37.408307], [-118.316495, 37.408218], [-118.31646, 37.407828], [-118.316425, 37.40774], [-118.316354, 37.407602], [-118.316298, 37.407418], [-118.316272, 37.407127], [-118.316241, 37.407052], [-118.316207, 37.407001], [-118.316106, 37.406879], [-118.31605, 37.406772], [-118.316013, 37.40663], [-118.316013, 37.406485], [-118.316024, 37.406404]]}, "props": {"MTFCC": "S1400", "NAME": null}}, {"geom": {"type": "LineString", "coordinates": [[-118.61291, 37.415296], [-118.612907, 37.415178], [-118.612905, 37.414882], [-118.612884, 37.414732]]}, "props": {"MTFCC": "S1400", "NAME": null}}, {"geom": {"type": "LineString", "coordinates": [[-118.502589, 37.407055], [-118.501574, 37.407437]]}, "props": {"MTFCC": "S1400", "NAME": null}}, {"geom": {"type": "LineString", "coordinates": [[-118.325365, 37.41915], [-118.325177, 37.419123], [-118.325037, 37.419089], [-118.324964, 37.41908]]}, "props": {"MTFCC": "S1400", "NAME": null}}, {"geom": {"type": "LineString", "coordinates": [[-118.516684, 37.438386], [-118.516803, 37.438349], [-118.516866, 37.438345], [-118.516932, 37.43834], [-118.517001, 37.438338], [-118.517075, 37.438324], [-118.517148, 37.438304], [-118.517218, 37.43828], [-118.517299, 37.438246], [-118.517371, 37.438225], [-118.517446, 37.438212], [-118.517521, 37.438202], [-118.517599, 37.438193], [-118.517679, 37.438189], [-118.517759, 37.438191], [-118.517836, 37.438199], [-118.517911, 37.43821], [-118.517985, 37.438224], [-118.518055, 37.438244], [-118.518125, 37.438269], [-118.518189, 37.438302], [-118.518249, 37.43834], [-118.518307, 37.43838], [-118.518364, 37.438421], [-118.518421, 37.438457], [-118.518483, 37.438489], [-118.518547, 37.438516], [-118.518617, 37.438539], [-118.518689, 37.438561], [-118.518837, 37.438611], [-118.518912, 37.438639], [-118.519047, 37.438664], [-118.519114, 37.438659], [-118.519248, 37.438657], [-118.519378, 37.438661], [-118.519439, 37.438674], [-118.519493, 37.43869], [-118.519582, 37.438703], [-118.519652, 37.438709], [-118.519763, 37.438726], [-118.519834, 37.438738], [-118.519908, 37.438757], [-118.519988, 37.438776], [-118.520072, 37.438788], [-118.520147, 37.4388], [-118.520235, 37.438801], [-118.520326, 37.438807], [-118.520503, 37.438779], [-118.520584, 37.438756], [-118.520655, 37.438732], [-118.52071, 37.43871], [-118.520783, 37.438679], [-118.520899, 37.438614]]}, "props": {"MTFCC": "S1400", "NAME": null}}, {"geom": {"type": "LineString", "coordinates": [[-118.615285, 37.414692], [-118.615361, 37.414808], [-118.615468, 37.414906], [-118.615558, 37.414958], [-118.615714, 37.415006], [-118.615825, 37.415015], [-118.616664, 37.414935], [-118.61707, 37.414979], [-118.617128, 37.415009], [-118.617165, 37.415059], [-118.617187, 37.415123]]}, "props": {"MTFCC": "S1500", "NAME": null}}, {"geom": {"type": "LineString", "coordinates": [[-118.617187, 37.415123], [-118.617377, 37.41514], [-118.617464, 37.415176], [-118.617514, 37.415211], [-118.617604, 37.415293], [-118.617805, 37.415411], [-118.617854, 37.415452], [-118.617936, 37.415538], [-118.618043, 37.415588], [-118.618235, 37.415623], [-118.618339, 37.415655], [-118.618556, 37.415738], [-118.618632, 37.41579], [-118.618663, 37.415855], [-118.618685, 37.415913], [-118.618738, 37.415985], [-118.618791, 37.416105], [-118.618804, 37.416162], [-118.618851, 37.416243], [-118.618878, 37.416274]]}, "props": {"MTFCC": "S1500", "NAME": null}}, {"geom": {"type": "LineString", "coordinates": [[-118.41387, 37.390389], [-118.413857, 37.389628]]}, "props": {"MTFCC": "S1740", "NAME": null}}, {"geom": {"type": "LineString", "coordinates": [[-118.449119, 37.364918], [-118.448744, 37.364913], [-118.448696, 37.364885], [-118.448678, 37.36484], [-118.448681, 37.364582]]}, "props": {"MTFCC": "S1400", "NAME": null}}, {"geom": {"type": "LineString", "coordinates": [[-118.423015, 37.376602], [-118.422932, 37.376596], [-118.422871, 37.376591], [-118.422777, 37.376581], [-118.422717, 37.376571], [-118.422657, 37.376563], [-118.4226, 37.376558]]}, "props": {"MTFCC": "S1400", "NAME": null}}, {"geom": {"type": "LineString", "coordinates": [[-118.515061, 37.413105], [-118.515093, 37.413041], [-118.51512, 37.412995]]}, "props": {"MTFCC": "S1400", "NAME": null}}, {"geom": {"type": "LineString", "coordinates": [[-118.527564, 37.410794], [-118.527579, 37.410765], [-118.527618, 37.410679], [-118.52762, 37.410619], [-118.527618, 37.410556], [-118.527628, 37.410497], [-118.527646, 37.410439], [-118.52767, 37.410382], [-118.527712, 37.410311], [-118.527774, 37.410265], [-118.527835, 37.410235], [-118.527895, 37.410213], [-118.527947, 37.410195], [-118.52801, 37.410165], [-118.528067, 37.410139], [-118.528133, 37.410122], [-118.528213, 37.410097], [-118.528281, 37.410076], [-118.528331, 37.410041], [-118.528382, 37.409991], [-118.52841, 37.409934], [-118.528432, 37.409887]]}, "props": {"MTFCC": "S1400", "NAME": null}}, {"geom": {"type": "LineString", "coordinates": [[-118.432021, 37.397907], [-118.432018, 37.398128]]}, "props": {"MTFCC": "S1400", "NAME": null}}, {"geom": {"type": "LineString", "coordinates": [[-118.428684, 37.420203], [-118.428629, 37.420189], [-118.428571, 37.420204], [-118.428511, 37.420265], [-118.428392, 37.420449], [-118.428334, 37.420588], [-118.428133, 37.42115]]}, "props": {"MTFCC": "S1400", "NAME": null}}, {"geom": {"type": "LineString", "coordinates": [[-118.313364, 37.368634], [-118.313259, 37.368973], [-118.313088, 37.369307], [-118.31294, 37.369548], [-118.312542, 37.370057], [-118.312353, 37.370354], [-118.312068, 37.37089], [-118.311672, 37.371479], [-118.311503, 37.371722], [-118.311364, 37.37195], [-118.311207, 37.372178], [-118.310897, 37.372721], [-118.310768, 37.372992], [-118.31058, 37.373576], [-118.310526, 37.373861], [-118.310521, 37.374046]]}, "props": {"MTFCC": "S1400", "NAME": null}}, {"geom": {"type": "LineString", "coordinates": [[-118.52915, 37.410496], [-118.529065, 37.410494], [-118.528986, 37.410465], [-118.528901, 37.410427], [-118.528735, 37.410355], [-118.528606, 37.410296], [-118.528484, 37.41024], [-118.528412, 37.410216], [-118.52834, 37.410218], [-118.52827, 37.410252], [-118.528223, 37.410306], [-118.528194, 37.410347], [-118.528154, 37.410395], [-118.528124, 37.410447], [-118.528106, 37.410518], [-118.528085, 37.410567], [-118.528054, 37.41061], [-118.527963, 37.410685], [-118.527907, 37.410722], [-118.527836, 37.410744], [-118.527775, 37.410761], [-118.527717, 37.410784], [-118.527662, 37.41081], [-118.527609, 37.410831], [-118.527501, 37.410902], [-118.527458, 37.410947], [-118.527417, 37.410997], [-118.527335, 37.411057], [-118.527281, 37.411094], [-118.52722, 37.411146], [-118.527133, 37.411224], [-118.527073, 37.411272], [-118.527001, 37.411314], [-118.526935, 37.411355], [-118.526879, 37.411396], [-118.526827, 37.411436], [-118.526777, 37.411481], [-118.526657, 37.411585], [-118.526478, 37.411733], [-118.526371, 37.411796], [-118.526301, 37.411834], [-118.526245, 37.411872], [-118.52619, 37.41191], [-118.526111, 37.411968], [-118.526057, 37.412014], [-118.526008, 37.412063], [-118.525942, 37.412139], [-118.525885, 37.412206], [-118.525851, 37.412243], [-118.525795, 37.412296], [-118.525754, 37.412335], [-118.525712, 37.412374], [-118.525651, 37.412424], [-118.525611, 37.412458], [-118.525571, 37.412493], [-118.52553, 37.412529], [-118.525487, 37.412562], [-118.525442, 37.412596], [-118.525392, 37.412627], [-118.525333, 37.412651]]}, "props": {"MTFCC": "S1400", "NAME": null}}, {"geom": {"type": "LineString", "coordinates": [[-118.528545, 37.414138], [-118.528613, 37.414118], [-118.52862, 37.4141]]}, "props": {"MTFCC": "S1400", "NAME": null}}, {"geom": {"type": "LineString", "coordinates": [[-118.542042, 37.406248], [-118.542094, 37.406328], [-118.542092, 37.406395], [-118.54209, 37.40645], [-118.542092, 37.406504], [-118.542095, 37.406555], [-118.542105, 37.406611], [-118.542114, 37.406663], [-118.542128, 37.406711], [-118.542138, 37.406757], [-118.542152, 37.406803], [-118.54217, 37.406846], [-118.542191, 37.406888], [-118.542226, 37.406935], [-118.542279, 37.406977], [-118.542329, 37.407006], [-118.542377, 37.407035], [-118.542426, 37.407065], [-118.542476, 37.407088], [-118.542536, 37.407114], [-118.542591, 37.407141], [-118.542644, 37.407171], [-118.542696, 37.407198], [-118.542761, 37.407232], [-118.542817, 37.407265], [-118.542863, 37.407292], [-118.542927, 37.407333], [-118.542977, 37.407366], [-118.54303, 37.407402], [-118.543079, 37.407437], [-118.543123, 37.407467], [-118.543169, 37.407497], [-118.543223, 37.407527], [-118.543277, 37.407555], [-118.543332, 37.407579], [-118.543389, 37.407607], [-118.543443, 37.407636], [-118.543493, 37.407668], [-118.543544, 37.407704], [-118.543609, 37.407749], [-118.543659, 37.407783], [-118.543727, 37.407824], [-118.543784, 37.407855], [-118.543842, 37.407881], [-118.543899, 37.407903], [-118.543957, 37.40793], [-118.544033, 37.407983], [-118.544085, 37.408015], [-118.544138, 37.408046], [-118.54419, 37.408073], [-118.544241, 37.408105], [-118.544294, 37.408135], [-118.54435, 37.408165], [-118.544405, 37.408196], [-118.544448, 37.40823], [-118.544488, 37.408268], [-118.544529, 37.408304], [-118.544574, 37.408342], [-118.54462, 37.408378], [-118.544654, 37.408421], [-118.544669, 37.408468], [-118.544655, 37.408505]]}, "props": {"MTFCC": "S1400", "NAME": null}}, {"geom": {"type": "LineString", "coordinates": [[-118.376575, 37.384476], [-118.376649, 37.384518], [-118.376905, 37.384633], [-118.377151, 37.384707], [-118.377381, 37.384758], [-118.377763, 37.384884], [-118.378222, 37.384956], [-118.378296, 37.384987], [-118.378356, 37.385034], [-118.378397, 37.385077], [-118.37849, 37.38511], [-118.378583, 37.385112], [-118.378696, 37.385108], [-118.378809, 37.385067], [-118.378865, 37.385079], [-118.378918, 37.385109], [-118.378978, 37.385112], [-118.379013, 37.385102], [-118.379079, 37.385061], [-118.37921, 37.385056], [-118.379271, 37.385031], [-118.379312, 37.38498], [-118.379313, 37.384796], [-118.379289, 37.384642], [-118.379259, 37.384579], [-118.37921, 37.3845], [-118.379178, 37.38434], [-118.379172, 37.384136], [-118.379146, 37.384018], [-118.379097, 37.383589], [-118.379059, 37.383511], [-118.378993, 37.383446], [-118.378949, 37.383418], [-118.378811, 37.383369], [-118.378702, 37.383324], [-118.378603, 37.383242]]}, "props": {"MTFCC": "S1400", "NAME": null}}, {"geom": {"type": "LineString", "coordinates": [[-118.386101, 37.36977], [-118.386111, 37.370407], [-118.386191, 37.372614], [-118.386219, 37.373887], [-118.386212, 37.374781], [-118.386183, 37.375799]]}, "props": {"MTFCC": "S1640", "NAME": null}}, {"geom": {"type": "LineString", "coordinates": [[-118.72079, 37.396009], [-118.720741, 37.396072], [-118.720722, 37.396138], [-118.720731, 37.39624], [-118.720779, 37.396398], [-118.720929, 37.396688], [-118.721013, 37.396825], [-118.721052, 37.396874], [-118.721229, 37.397024], [-118.721346, 37.397114], [-118.721454, 37.397239], [-118.721558, 37.397418], [-118.721582, 37.397505], [-118.721588, 37.397602], [-118.721575, 37.397678], [-118.721482, 37.397873], [-118.721426, 37.397955], [-118.721324, 37.39804], [-118.721198, 37.398095], [-118.721129, 37.39811], [-118.721002, 37.398109], [-118.72096, 37.398102], [-118.720884, 37.398051], [-118.720798, 37.397841], [-118.720753, 37.397771], [-118.720734, 37.397757], [-118.720675, 37.397753], [-118.720548, 37.397808], [-118.720506, 37.39782], [-118.720437, 37.397827]]}, "props": {"MTFCC": "S1740", "NAME": null}}, {"geom": {"type": "LineString", "coordinates": [[-118.737518, 37.457275], [-118.737385, 37.457394], [-118.737307, 37.45749], [-118.737286, 37.457556], [-118.737279, 37.457686], [-118.737238, 37.457801], [-118.737142, 37.457969], [-118.736918, 37.458289], [-118.7368, 37.458498], [-118.736642, 37.458697], [-118.736615, 37.458758], [-118.736611, 37.458796], [-118.736619, 37.458836], [-118.736673, 37.45888], [-118.736672, 37.458928], [-118.736631, 37.45902], [-118.736554, 37.459109]]}, "props": {"MTFCC": "S1400", "NAME": null}}, {"geom": {"type": "LineString", "coordinates": [[-117.80951033787466, 37.3641], [-117.809772, 37.364298], [-117.810114, 37.364591], [-117.810342, 37.364798], [-117.810418, 37.364857], [-117.810714, 37.365024], [-117.811431, 37.36546], [-117.811779, 37.365672], [-117.811884, 37.365751], [-117.812007, 37.365855], [-117.812831, 37.366718], [-117.81305, 37.366935], [-117.814214, 37.367999], [-117.814551, 37.368278], [-117.814934, 37.368632], [-117.815674, 37.369269], [-117.816386, 37.369904], [-117.817137, 37.370537], [-117.817959, 37.371177], [-117.819043, 37.372141], [-117.819347, 37.372408], [-117.81983, 37.372833], [-117.821282, 37.374036], [-117.821825, 37.374545], [-117.822282, 37.374953], [-117.82246, 37.375096], [-117.822604, 37.375198], [-117.823256, 37.375777], [-117.823838, 37.376318], [-117.82428, 37.376702], [-117.824681, 37.377033], [-117.824973, 37.3773], [-117.825809, 37.378034], [-117.826119, 37.378374], [-117.826825, 37.379003], [-117.827428, 37.37951], [-117.827452, 37.37953], [-117.828201, 37.380182], [-117.828902, 37.380776], [-117.829721, 37.38147], [-117.830129, 37.381772], [-117.830786, 37.38222], [-117.832009, 37.382953], [-117.832411, 37.383175], [-117.832719, 37.383372], [-117.834022, 37.384115], [-117.835058, 37.384775], [-117.836115, 37.38556], [-117.83688, 37.386079], [-117.83714, 37.386236], [-117.837344, 37.38632], [-117.838289, 37.386632], [-117.838414, 37.386682], [-117.838497, 37.386725], [-117.838643, 37.386832], [-117.838759, 37.386961], [-117.838906, 37.387226], [-117.838955, 37.387342], [-117.839103, 37.387568], [-117.839121, 37.387587], [-117.839192, 37.387662], [-117.839431, 37.387887], [-117.84016, 37.388662], [-117.840441, 37.388893], [-117.840826, 37.389176], [-117.840975, 37.389264], [-117.841437, 37.389593], [-117.841613, 37.389755], [-117.841856, 37.389991], [-117.84262, 37.390793], [-117.842935, 37.391095], [-117.84329, 37.391377], [-117.844069, 37.391983], [-117.844294, 37.392188], [-117.844805, 37.39272], [-117.844979, 37.392917], [-117.845139, 37.393072], [-117.845268, 37.393174], [-117.845625, 37.393416], [-117.846043, 37.393667], [-117.846355, 37.393908], [-117.846685, 37.394231], [-117.847052, 37.394669], [-117.847168, 37.394822], [-117.847273, 37.394979], [-117.847414, 37.395246], [-117.847797, 37.396059], [-117.84796, 37.396335], [-117.848599, 37.397326], [-117.848766, 37.397572], [-117.848937, 37.39785], [-117.849099, 37.398138], [-117.849333, 37.398585], [-117.849458, 37.398729], [-117.850781, 37.399787], [-117.850968, 37.399916], [-117.852523, 37.400761], [-117.853005, 37.401066], [-117.853579, 37.40145], [-117.854069, 37.401795], [-117.854301, 37.401959], [-117.854585, 37.402131], [-117.854688, 37.402205], [-117.854815, 37.402323], [-117.854898, 37.402426], [-117.855008, 37.402621], [-117.855115, 37.402869], [-117.855201, 37.403147], [-117.8553, 37.403542], [-117.85538, 37.403689], [-117.855554, 37.403894], [-117.856801, 37.405016], [-117.85689, 37.405101], [-117.857212, 37.405347], [-117.857737, 37.405703], [-117.858051, 37.405961], [-117.858234, 37.406159], [-117.858466, 37.406462], [-117.858534, 37.40655], [-117.859978, 37.40851], [-117.860178, 37.408769], [-117.861041, 37.409749], [-117.861129, 37.409849], [-117.862392, 37.411236], [-117.862633, 37.411475], [-117.864147, 37.412978], [-117.864453, 37.41342], [-117.864702, 37.413718], [-117.865256, 37.414257], [-117.865416, 37.414445], [-117.865721, 37.414848], [-117.865962, 37.41513], [-117.866127, 37.415305], [-117.866483, 37.415613], [-117.866646, 37.415753], [-117.866678, 37.415782], [-117.867068, 37.416149], [-117.867193, 37.416281], [-117.86731, 37.416433], [-117.867435, 37.416576], [-117.867541, 37.416714], [-117.867746, 37.416938], [-117.867984, 37.41714], [-117.868647, 37.417802], [-117.868835, 37.417947], [-117.868956, 37.418013], [-117.869105, 37.418074], [-117.869276, 37.418123], [-117.869583, 37.418188], [-117.869715, 37.418203], [-117.870113, 37.418268], [-117.870351, 37.418307], [-117.870687, 37.418356], [-117.870883, 37.418394], [-117.871119, 37.418492], [-117.87138, 37.418695], [-117.871592, 37.418898], [-117.871963, 37.419319], [-117.872044, 37.419436], [-117.872632, 37.420484], [-117.872672, 37.420582], [-117.872704, 37.420696], [-117.872746, 37.420789], [-117.872831, 37.421098], [-117.873071, 37.421831], [-117.873537, 37.423021], [-117.873752, 37.423369], [-117.873827, 37.423472], [-117.8739, 37.423592], [-117.87391, 37.423609], [-117.874175, 37.423953], [-117.874279, 37.424047], [-117.874496, 37.424194], [-117.874874, 37.424398], [-117.875167, 37.424533], [-117.875798, 37.424891], [-117.876694, 37.425443], [-117.87733, 37.425814], [-117.877732, 37.426061], [-117.878391, 37.426489], [-117.879015, 37.426872], [-117.879422, 37.427108], [-117.879557, 37.427211], [-117.879698, 37.427364], [-117.879839, 37.427615], [-117.880229, 37.428434], [-117.8803, 37.42856], [-117.880452, 37.428867], [-117.880506, 37.428996], [-117.880705, 37.42941], [-117.880773, 37.42955], [-117.881111, 37.430214], [-117.881151, 37.430307], [-117.881253, 37.430497], [-117.881303, 37.430614], [-117.881418, 37.430844], [-117.881476, 37.430938], [-117.881734, 37.43149], [-117.882038, 37.432108], [-117.882214, 37.43244], [-117.882496, 37.433022], [-117.882603, 37.433175], [-117.883004, 37.433502], [-117.88368, 37.433998], [-117.884107, 37.43432], [-117.884348, 37.434491], [-117.884431, 37.434561], [-117.884853, 37.434856], [-117.885123, 37.435054], [-117.885268, 37.435171], [-117.885846, 37.435742], [-117.886184, 37.43596], [-117.886275, 37.435988], [-117.886803, 37.436091], [-117.887606, 37.436231], [-117.887793, 37.436279], [-117.888268, 37.43637], [-117.888352, 37.436386], [-117.888822, 37.436486], [-117.889336, 37.436649], [-117.889516, 37.436733], [-117.889854, 37.43691], [-117.890169, 37.437095], [-117.890427, 37.437233], [-117.89095, 37.437531], [-117.891506, 37.43789], [-117.891642, 37.437986], [-117.891889, 37.438228], [-117.891976, 37.438333], [-117.89211, 37.438562], [-117.892176, 37.4387], [-117.892256, 37.438983], [-117.892355, 37.439608], [-117.892405, 37.440036], [-117.892425, 37.440112], [-117.892435, 37.440152], [-117.892477, 37.440415], [-117.892571, 37.440858], [-117.892821, 37.441768], [-117.892954, 37.442137], [-117.893006, 37.442249], [-117.893105, 37.442517], [-117.893382, 37.443088], [-117.893588, 37.443492], [-117.893681, 37.443655], [-117.893847, 37.443977], [-117.893962, 37.444177], [-117.894188, 37.444657], [-117.894341, 37.444873], [-117.894419, 37.444962], [-117.894769, 37.445418], [-117.894829, 37.44549], [-117.895288, 37.446087], [-117.895421, 37.446283], [-117.895512, 37.446458], [-117.895588, 37.446665], [-117.896081, 37.448321], [-117.896556, 37.449946], [-117.896815, 37.450795], [-117.896849, 37.450946], [-117.897126, 37.451829], [-117.89732, 37.452424], [-117.897356, 37.452581], [-117.897492, 37.452989], [-117.897528, 37.453131], [-117.89789, 37.454266], [-117.897971, 37.454571], [-117.89812, 37.455049], [-117.898192, 37.455335], [-117.89835, 37.455867], [-117.898429, 37.456075], [-117.898511, 37.456364], [-117.898561, 37.456511], [-117.898631, 37.456788], [-117.898701, 37.456968], [-117.898775, 37.457068], [-117.89885, 37.457134], [-117.899099, 37.457271], [-117.89932, 37.457371], [-117.899472, 37.457464], [-117.899546, 37.457542], [-117.899599, 37.457655], [-117.899626, 37.457924], [-117.899624, 37.458244], [-117.899634, 37.458365], [-117.899616, 37.459607], [-117.899649, 37.459709], [-117.89972, 37.459798], [-117.899853, 37.459898], [-117.900021, 37.459994], [-117.900068, 37.460027], [-117.90016, 37.460118], [-117.90023, 37.460173], [-117.900281, 37.460234], [-117.900422, 37.460457], [-117.900566, 37.460737], [-117.900624, 37.460833], [-117.900683, 37.460956], [-117.900755, 37.461061], [-117.900841, 37.461167], [-117.901047, 37.461368], [-117.90115, 37.461444], [-117.901349, 37.46156], [-117.901436, 37.461599], [-117.901513, 37.461644], [-117.901764, 37.46173], [-117.901929, 37.461775], [-117.902933, 37.461969], [-117.903482, 37.46203], [-117.903667, 37.462041], [-117.90399, 37.462093], [-117.90431, 37.462188], [-117.904637, 37.462308], [-117.904992, 37.462392], [-117.905519, 37.462447], [-117.905929, 37.462477], [-117.906051, 37.462499], [-117.906264, 37.462592], [-117.906671, 37.462822], [-117.907479, 37.46323], [-117.90794, 37.463448], [-117.908036, 37.463518], [-117.908124, 37.463621], [-117.908193, 37.46374], [-117.908277, 37.463925]]}, "props": {"MTFCC": "S1400", "NAME": null}}, {"geom": {"type": "LineString", "coordinates": [[-117.894829, 37.44549], [-117.894777, 37.445523], [-117.894771, 37.445562], [-117.894837, 37.445654], [-117.894867, 37.445813], [-117.894878, 37.445984], [-117.894864, 37.447224], [-117.894879, 37.448509], [-117.89487, 37.449176], [-117.894883, 37.451074], [-117.894871, 37.452377]]}, "props": {"MTFCC": "S1400", "NAME": null}}, {"geom": {"type": "LineString", "coordinates": [[-117.839642, 37.406768], [-117.839543, 37.406859], [-117.839523, 37.406913], [-117.839505, 37.407149], [-117.839513, 37.4076], [-117.839519, 37.407912], [-117.839524, 37.411201], [-117.839541, 37.411875], [-117.839536, 37.41255], [-117.839551, 37.413887], [-117.839547, 37.415217], [-117.839561, 37.417198], [-117.839567, 37.417597], [-117.839576, 37.418239], [-117.839574, 37.419014], [-117.839573, 37.419534], [-117.839591, 37.419697], [-117.839579, 37.420495], [-117.8396, 37.423292], [-117.839658, 37.423532], [-117.839655, 37.423682]]}, "props": {"MTFCC": "S1400", "NAME": null}}, {"geom": {"type": "LineString", "coordinates": [[-118.329688, 37.461696], [-118.329695, 37.461425], [-118.329688, 37.46091], [-118.329688, 37.460264], [-118.329636, 37.460002], [-118.329357, 37.459536], [-118.329273, 37.459401], [-118.329209, 37.459283], [-118.329085, 37.458995], [-118.329065, 37.458891], [-118.329058, 37.458795], [-118.329054, 37.458055], [-118.329076, 37.45785], [-118.329115, 37.457729], [-118.329135, 37.457688], [-118.329153, 37.457639], [-118.32921, 37.457569], [-118.329407, 37.457409], [-118.329554, 37.457319], [-118.329773, 37.457229], [-118.330366, 37.457061], [-118.330928, 37.4569], [-118.331558, 37.456728], [-118.333805, 37.456028], [-118.334211, 37.455913], [-118.334686, 37.455799], [-118.33505, 37.455726], [-118.335563, 37.455639], [-118.335632, 37.45563], [-118.335869, 37.455601], [-118.336072, 37.455577], [-118.336375, 37.455563], [-118.336818, 37.455552], [-118.338254, 37.455557], [-118.338751, 37.455553], [-118.342066, 37.455571], [-118.342942, 37.455582], [-118.343937, 37.455577], [-118.348292, 37.455597], [-118.349531, 37.45561]]}, "props": {"MTFCC": "S1400", "NAME": null}}, {"geom": {"type": "LineString", "coordinates": [[-118.311901, 37.368365], [-118.311487, 37.368622], [-118.311033, 37.368891], [-118.310353, 37.369364], [-118.309581, 37.36985], [-118.309166, 37.370131], [-118.308627, 37.370467], [-118.307505, 37.371225], [-118.307103, 37.371474], [-118.306726, 37.371727], [-118.305802, 37.37231], [-118.304827, 37.372949], [-118.304491, 37.373156], [-118.304307, 37.373282], [-118.304121, 37.373402], [-118.304052, 37.373464], [-118.30385, 37.373583], [-118.303662, 37.373674], [-118.30331, 37.373789], [-118.303054, 37.373862], [-118.302319, 37.374047], [-118.301536, 37.374202], [-118.301175, 37.374297], [-118.301044, 37.374343], [-118.300747, 37.374404], [-118.300159, 37.374537], [-118.299836, 37.374631], [-118.299681, 37.374638], [-118.299216, 37.374631], [-118.298876, 37.374643], [-118.298189, 37.37466], [-118.297792, 37.374655], [-118.297656, 37.374663], [-118.297526, 37.37467], [-118.297303, 37.374701], [-118.29711, 37.374699], [-118.296905, 37.374659], [-118.2967, 37.374638], [-118.296527, 37.37463], [-118.296083, 37.37464], [-118.29576, 37.3746], [-118.29564, 37.374592], [-118.295263, 37.374599], [-118.295041, 37.374613], [-118.294652, 37.374612], [-118.294454, 37.374643], [-118.294273, 37.374689], [-118.293967, 37.374794], [-118.293321, 37.37495], [-118.293152, 37.374995], [-118.292446, 37.375185], [-118.292124, 37.375248], [-118.292028, 37.375274], [-118.291776, 37.375361], [-118.291613, 37.375447], [-118.291472, 37.375549], [-118.291397, 37.375622], [-118.291324, 37.375697], [-118.291254, 37.37577]]}, "props": {"MTFCC": "S1400", "NAME": null}}, {"geom": {"type": "LineString", "coordinates": [[-118.495433, 37.376772], [-118.495506, 37.376708], [-118.495579, 37.376607], [-118.495624, 37.376497], [-118.49564, 37.376381], [-118.495636, 37.376323], [-118.495615, 37.376236], [-118.495498, 37.375903], [-118.495406, 37.375687], [-118.495247, 37.37539], [-118.494946, 37.374958], [-118.494558, 37.374466], [-118.49446, 37.374372], [-118.494394, 37.374323], [-118.493978, 37.374108]]}, "props": {"MTFCC": "S1400", "NAME": null}}, {"geom": {"type": "LineString", "coordinates": [[-118.422951, 37.373137], [-118.42317, 37.373184], [-118.423343, 37.37324], [-118.423484, 37.373309], [-118.423625, 37.37336], [-118.424532, 37.373568]]}, "props": {"MTFCC": "S1740", "NAME": null}}, {"geom": {"type": "LineString", "coordinates": [[-118.425296, 37.372542], [-118.425062, 37.37263], [-118.425001, 37.372669], [-118.424957, 37.372722], [-118.424935, 37.372803], [-118.424942, 37.372851]]}, "props": {"MTFCC": "S1400", "NAME": null}}, {"geom": {"type": "LineString", "coordinates": [[-118.520693, 37.385824], [-118.520537, 37.385646], [-118.520196, 37.385318], [-118.5199, 37.385032], [-118.518816, 37.384025], [-118.51856, 37.383796], [-118.518512, 37.383743], [-118.518386, 37.383532], [-118.518321, 37.38348], [-118.518158, 37.383368], [-118.51754, 37.382893], [-118.517132, 37.382503], [-118.516844, 37.382218], [-118.516623, 37.382019], [-118.516429, 37.381856], [-118.516052, 37.381495], [-118.515487, 37.380922], [-118.515199, 37.380645], [-118.514619, 37.380157], [-118.514354, 37.380003], [-118.514159, 37.379859], [-118.513864, 37.379548], [-118.513496, 37.379214], [-118.513181, 37.37895], [-118.512692, 37.378466], [-118.511688, 37.377547], [-118.511416, 37.377316], [-118.510438, 37.376377], [-118.509993, 37.375971], [-118.509739, 37.375793], [-118.509142, 37.375445], [-118.50897, 37.375356], [-118.508717, 37.375272], [-118.508653, 37.375231], [-118.50861, 37.375179], [-118.508465, 37.374932], [-118.508252, 37.374669], [-118.508037, 37.374307], [-118.507992, 37.374203], [-118.507973, 37.374119], [-118.507976, 37.374057], [-118.508082, 37.373794], [-118.508085, 37.373737], [-118.508049, 37.373698], [-118.508013, 37.373685], [-118.507923, 37.373669], [-118.507897, 37.373664], [-118.507753, 37.373666], [-118.507612, 37.373638], [-118.50754, 37.373604], [-118.507409, 37.373526], [-118.507271, 37.373432], [-118.507124, 37.373293], [-118.506977, 37.373119], [-118.506819, 37.372963], [-118.506757, 37.372916], [-118.50665, 37.372837], [-118.506378, 37.372684], [-118.506301, 37.372631], [-118.506168, 37.372505], [-118.506103, 37.372418], [-118.506047, 37.3723], [-118.506025, 37.371964], [-118.505994, 37.371899], [-118.505902, 37.371772], [-118.50588, 37.371682], [-118.505885, 37.371588], [-118.505944, 37.371477], [-118.50612, 37.37132], [-118.506325, 37.371164], [-118.506343, 37.37111], [-118.506325, 37.371056], [-118.506238, 37.370986]]}, "props": {"MTFCC": "S1400", "NAME": null}}, {"geom": {"type": "LineString", "coordinates": [[-118.42119, 37.388958], [-118.421266, 37.389428]]}, "props": {"MTFCC": "S1400", "NAME": null}}, {"geom": {"type": "LineString", "coordinates": [[-118.395386, 37.397619], [-118.396516, 37.397709], [-118.396663, 37.397721], [-118.399801, 37.397759], [-118.40545, 37.397773], [-118.409234, 37.397797], [-118.412774, 37.397802], [-118.418287, 37.39782], [-118.419266, 37.397833], [-118.419393, 37.397831], [-118.419471, 37.397828], [-118.419516, 37.397826], [-118.41981, 37.397827], [-118.421014, 37.397858], [-118.421291, 37.397862], [-118.42144, 37.397864], [-118.421966, 37.397832], [-118.422111, 37.39783], [-118.422263, 37.397828], [-118.423037, 37.397828], [-118.42371, 37.397845], [-118.425456, 37.397853], [-118.426324, 37.397843], [-118.42774, 37.397814], [-118.428881, 37.39777], [-118.430066, 37.397737], [-118.430553, 37.397731], [-118.431088, 37.397713], [-118.432013, 37.397708]]}, "props": {"MTFCC": "S1400", "NAME": null}}, {"geom": {"type": "LineString", "coordinates": [[-118.395528, 37.427089], [-118.395736, 37.427174], [-118.395869, 37.427238], [-118.3961, 37.427396], [-118.396333, 37.427567], [-118.396489, 37.427698], [-118.396801, 37.427988], [-118.396936, 37.428101], [-118.397151, 37.428311], [-118.397277, 37.428451]]}, "props": {"MTFCC": "S1400", "NAME": null}}, {"geom": {"type": "LineString", "coordinates": [[-118.417933, 37.381657], [-118.417972, 37.38169], [-118.417994, 37.381733], [-118.41801, 37.381804], [-118.418012, 37.382145], [-118.418012, 37.382697], [-118.418016, 37.383324], [-118.418008, 37.383791]]}, "props": {"MTFCC": "S1400", "NAME": null}}, {"geom": {"type": "LineString", "coordinates": [[-118.404596, 37.366106], [-118.404576, 37.365464]]}, "props": {"MTFCC": "S1400", "NAME": null}}, {"geom": {"type": "LineString", "coordinates": [[-118.40234626070038, 37.3641], [-118.402351, 37.364622], [-118.402347, 37.365457], [-118.402343, 37.366327], [-118.402329, 37.368095], [-118.402345, 37.368789], [-118.402352, 37.369478], [-118.402363, 37.370403]]}, "props": {"MTFCC": "S1400", "NAME": null}}, {"geom": {"type": "LineString", "coordinates": [[-118.44535717431194, 37.3641], [-118.445356, 37.364164], [-118.445312, 37.364539], [-118.445273, 37.364764], [-118.445244, 37.365128]]}, "props": {"MTFCC": "S1400", "NAME": null}}, {"geom": {"type": "LineString", "coordinates": [[-118.419761, 37.388996], [-118.41973, 37.388352]]}, "props": {"MTFCC": "S1400", "NAME": null}}, {"geom": {"type": "LineString", "coordinates": [[-118.418867, 37.388999], [-118.418879, 37.38782]]}, "props": {"MTFCC": "S1740", "NAME": null}}, {"geom": {"type": "LineString", "coordinates": [[-118.404811, 37.370377], [-118.402363, 37.370403], [-118.40187, 37.370409], [-118.401113, 37.37041], [-118.399857, 37.370415], [-118.398615, 37.370413], [-118.397916, 37.37041], [-118.397579, 37.370411], [-118.397399, 37.370416], [-118.397064, 37.370413], [-118.395378, 37.370427], [-118.395276, 37.370425]]}, "props": {"MTFCC": "S1400", "NAME": null}}, {"geom": {"type": "LineString", "coordinates": [[-118.413796, 37.365361], [-118.415104, 37.365374]]}, "props": {"MTFCC": "S1740", "NAME": null}}, {"geom": {"type": "LineString", "coordinates": [[-118.418345, 37.364533], [-118.417839, 37.364537], [-118.417744, 37.364569], [-118.417642, 37.364636], [-118.417323, 37.364765], [-118.417235, 37.364776], [-118.416992, 37.36475], [-118.416941, 37.364745], [-118.416696, 37.364732], [-118.416587, 37.364735]]}, "props": {"MTFCC": "S1740", "NAME": null}}, {"geom": {"type": "LineString", "coordinates": [[-118.31419, 37.365156], [-118.314117, 37.365142], [-118.314036, 37.365152], [-118.313921, 37.365206], [-118.313693, 37.365335]]}, "props": {"MTFCC": "S1400", "NAME": null}}, {"geom": {"type": "LineString", "coordinates": [[-118.422961, 37.369118], [-118.422328, 37.369117], [-118.421386, 37.36914]]}, "props": {"MTFCC": "S1400", "NAME": null}}, {"geom": {"type": "LineString", "coordinates": [[-118.415442, 37.385498], [-118.416712, 37.385486]]}, "props": {"MTFCC": "S1400", "NAME": null}}, {"geom": {"type": "LineString", "coordinates": [[-118.346751, 37.400596], [-118.346354, 37.40065], [-118.346005, 37.400696]]}, "props": {"MTFCC": "S1400", "NAME": null}}, {"geom": {"type": "LineString", "coordinates": [[-118.420287, 37.375878], [-118.420285, 37.377882], [-118.420181, 37.377992], [-118.420119, 37.378102], [-118.420087, 37.37822], [-118.420088, 37.378471], [-118.420151, 37.379568], [-118.420195, 37.380811], [-118.420179, 37.381086], [-118.420145, 37.381392], [-118.420124, 37.381738], [-118.420107, 37.382636], [-118.420094, 37.383072]]}, "props": {"MTFCC": "S1400", "NAME": null}}, {"geom": {"type": "LineString", "coordinates": [[-118.65602, 37.400625], [-118.656238, 37.400527], [-118.656334, 37.400451], [-118.656467, 37.400263], [-118.656563, 37.40019], [-118.656778, 37.400057], [-118.65697, 37.399877], [-118.657244, 37.399534], [-118.65743, 37.399269], [-118.657525, 37.399141], [-118.657558, 37.399096], [-118.657834, 37.398523], [-118.657926, 37.398322], [-118.658055, 37.398129], [-118.658174, 37.397977], [-118.658596, 37.397494], [-118.658704, 37.397391], [-118.658835, 37.397313], [-118.659021, 37.397152], [-118.659142, 37.396984], [-118.659195, 37.396894], [-118.659297, 37.396652], [-118.659348, 37.39657], [-118.659504, 37.396402], [-118.659757, 37.396146], [-118.660137, 37.395801], [-118.660286, 37.39566], [-118.660361, 37.395561], [-118.660397, 37.395455], [-118.660388, 37.395368], [-118.660376, 37.395259], [-118.660416, 37.395124], [-118.660585, 37.394844], [-118.66081, 37.39441], [-118.660892, 37.394185], [-118.660922, 37.394023], [-118.660965, 37.393892], [-118.661004, 37.393821], [-118.66104, 37.393779], [-118.661202, 37.393657]]}, "props": {"MTFCC": "S1500", "NAME": null}}, {"geom": {"type": "LineString", "coordinates": [[-118.591032, 37.433976], [-118.590184, 37.433973], [-118.587307, 37.433927], [-118.582628, 37.433889], [-118.580915, 37.433858], [-118.580005, 37.433847], [-118.577328, 37.433852], [-118.576413, 37.433836], [-118.57591, 37.433847], [-118.575296, 37.433846], [-118.574758, 37.433836], [-118.574427, 37.433818], [-118.573485, 37.433819], [-118.572217, 37.433801], [-118.570668, 37.433789], [-118.570532, 37.433818], [-118.570413, 37.43388], [-118.570324, 37.433967], [-118.570226, 37.434136], [-118.569817, 37.435071], [-118.569608, 37.435499], [-118.56944, 37.435758]]}, "props": {"MTFCC": "S1400", "NAME": null}}, {"geom": {"type": "LineString", "coordinates": [[-118.599513, 37.443367], [-118.600039, 37.443298], [-118.601677, 37.443044], [-118.601801, 37.443012], [-118.601919, 37.442957], [-118.602063, 37.442868], [-118.602161, 37.442833], [-118.602283, 37.442817], [-118.602385, 37.442813], [-118.602678, 37.442828], [-118.602779, 37.442846]]}, "props": {"MTFCC": "S1500", "NAME": null}}, {"geom": {"type": "LineString", "coordinates": [[-118.590979, 37.43027], [-118.592334, 37.430294], [-118.594114, 37.430292], [-118.594178, 37.430292], [-118.59519, 37.430309], [-118.595312, 37.430286], [-118.595397, 37.430254]]}, "props": {"MTFCC": "S1400", "NAME": null}}, {"geom": {"type": "LineString", "coordinates": [[-118.578787, 37.383788], [-118.579009, 37.38382], [-118.579174, 37.383854], [-118.57933, 37.383868], [-118.579419, 37.383884], [-118.579585, 37.383942], [-118.579725, 37.384023], [-118.580024, 37.384253], [-118.580136, 37.384299], [-118.580218, 37.384313], [-118.580293, 37.384317], [-118.580528, 37.38436], [-118.581046, 37.384498], [-118.581346, 37.384562], [-118.581535, 37.384584], [-118.581757, 37.384591], [-118.581824, 37.3846], [-118.581933, 37.384635], [-118.582044, 37.384708], [-118.582112, 37.384766], [-118.582217, 37.384827], [-118.582336, 37.384869], [-118.582518, 37.384901], [-118.582628, 37.384946], [-118.582715, 37.385015], [-118.582796, 37.385089], [-118.583021, 37.385249], [-118.583154, 37.385313], [-118.583277, 37.385345], [-118.583351, 37.385354], [-118.583604, 37.385322], [-118.583855, 37.385322], [-118.584097, 37.385331], [-118.584251, 37.385347], [-118.584276, 37.38535], [-118.584498, 37.385382], [-118.584638, 37.38538], [-118.584782, 37.385402], [-118.585114, 37.385489], [-118.585665, 37.385591], [-118.586291, 37.385645], [-118.586812, 37.385707], [-118.587052, 37.385756], [-118.587713, 37.385948], [-118.587786, 37.386001], [-118.58792, 37.386229], [-118.587989, 37.386278], [-118.588055, 37.386298], [-118.588148, 37.386298], [-118.588314, 37.386257], [-118.588683, 37.386224], [-118.588761, 37.386244], [-118.588815, 37.386281], [-118.588912, 37.386375], [-118.588982, 37.386397], [-118.589134, 37.386389], [-118.589225, 37.386408], [-118.589336, 37.386471], [-118.589497, 37.386602], [-118.58961, 37.386648], [-118.590148, 37.386709], [-118.590457, 37.386721], [-118.590715, 37.3867], [-118.590937, 37.386747], [-118.591224, 37.386808], [-118.591952, 37.386942], [-118.592484, 37.387033], [-118.592675, 37.387084], [-118.593137, 37.387209], [-118.593831, 37.387421]]}, "props": {"MTFCC": "S1400", "NAME": null}}, {"geom": {"type": "LineString", "coordinates": [[-118.53234, 37.404175], [-118.532435, 37.404182], [-118.532808, 37.404305], [-118.533218, 37.404418], [-118.533358, 37.404453], [-118.533496, 37.40447], [-118.533635, 37.404476], [-118.53407, 37.404469], [-118.535129, 37.404472], [-118.535994, 37.404513], [-118.536371, 37.404549], [-118.536674, 37.4046], [-118.537395, 37.404768], [-118.538334, 37.405011], [-118.538696, 37.405118], [-118.539368, 37.405341], [-118.54067, 37.405842], [-118.541607, 37.406184], [-118.541708, 37.406211], [-118.542042, 37.406248]]}, "props": {"MTFCC": "S1400", "NAME": null}}, {"geom": {"type": "LineString", "coordinates": [[-118.521031, 37.386042], [-118.521608, 37.386591], [-118.522339, 37.387248], [-118.523053, 37.387946], [-118.523874, 37.38867], [-118.525148, 37.38987], [-118.526621, 37.391226], [-118.52704, 37.391564]]}, "props": {"MTFCC": "S1400", "NAME": null}}, {"geom": {"type": "LineString", "coordinates": [[-118.519543, 37.415305], [-118.519517, 37.415354], [-118.519531, 37.415444], [-118.519548, 37.415505], [-118.519557, 37.415578], [-118.519558, 37.415642], [-118.519575, 37.415715], [-118.519587, 37.415823], [-118.519596, 37.415888], [-118.519599, 37.41597], [-118.519604, 37.416015], [-118.519608, 37.416066], [-118.519614, 37.416121], [-118.51962, 37.416175], [-118.519625, 37.416232], [-118.519631, 37.416286], [-118.519637, 37.416342], [-118.519626, 37.416417]]}, "props": {"MTFCC": "S1400", "NAME": null}}, {"geom": {"type": "LineString", "coordinates": [[-118.528979, 37.390937], [-118.529557, 37.39078], [-118.529672, 37.39072], [-118.529857, 37.3906], [-118.52998, 37.390558], [-118.53014, 37.390531], [-118.530304, 37.390531], [-118.530428, 37.39055], [-118.53051, 37.390597], [-118.530559, 37.390665], [-118.530569, 37.390743], [-118.530428, 37.391158], [-118.53026, 37.391545], [-118.529191, 37.393881]]}, "props": {"MTFCC": "S1400", "NAME": null}}, {"geom": {"type": "LineString", "coordinates": [[-118.562477, 37.380406], [-118.562411, 37.380367], [-118.562317, 37.380349], [-118.562129, 37.380352], [-118.561692, 37.380439], [-118.56156, 37.38044], [-118.561467, 37.380441], [-118.56134, 37.380419], [-118.561169, 37.380354], [-118.561036, 37.380331], [-118.560898, 37.380331], [-118.56055, 37.380388], [-118.560291, 37.380413], [-118.560183, 37.380407], [-118.55991, 37.380357], [-118.559761, 37.380356], [-118.559653, 37.380372], [-118.559353, 37.380446], [-118.559119, 37.380541], [-118.558979, 37.380578], [-118.558832, 37.38059], [-118.558758, 37.380587], [-118.558581, 37.380547], [-118.558533, 37.380545], [-118.558367, 37.380605], [-118.55823, 37.380631], [-118.558114, 37.380632], [-118.557937, 37.380594], [-118.557873, 37.380573], [-118.557798, 37.38056], [-118.557726, 37.380563], [-118.557669, 37.380553], [-118.557558, 37.380504], [-118.557489, 37.380483], [-118.557017, 37.380403]]}, "props": {"MTFCC": "S1400", "NAME": null}}, {"geom": {"type": "LineString", "coordinates": [[-118.595051, 37.463274], [-118.595443, 37.463272], [-118.595621, 37.463274], [-118.600695, 37.463278], [-118.603344, 37.46325], [-118.604227, 37.463241]]}, "props": {"MTFCC": "S1400", "NAME": null}}, {"geom": {"type": "LineString", "coordinates": [[-118.520991, 37.413215], [-118.521198, 37.413193], [-118.521397, 37.413143], [-118.521611, 37.413069], [-118.52182, 37.412996], [-118.521911, 37.412968], [-118.52199, 37.412944], [-118.522083, 37.412944], [-118.522722, 37.413178], [-118.523007, 37.413322], [-118.523134, 37.413404], [-118.52329, 37.413536], [-118.52338, 37.413573], [-118.523666, 37.4136], [-118.523858, 37.413633], [-118.524055, 37.413687], [-118.524299, 37.413787], [-118.524374, 37.413849], [-118.524411, 37.413916], [-118.524411, 37.413989], [-118.524383, 37.414044], [-118.524156, 37.414396], [-118.523857, 37.414836], [-118.523694, 37.415096], [-118.523647, 37.41517]]}, "props": {"MTFCC": "S1400", "NAME": null}}, {"geom": {"type": "LineString", "coordinates": [[-118.521028, 37.404546], [-118.521195, 37.404564], [-118.521499, 37.404601], [-118.521765, 37.404626], [-118.522305, 37.404735], [-118.522662, 37.404772], [-118.52306, 37.404787], [-118.523421, 37.404822], [-118.524264, 37.404968], [-118.524984, 37.405066], [-118.525327, 37.405099], [-118.525765, 37.405106], [-118.526104, 37.405078], [-118.527361, 37.40486], [-118.527833, 37.404745], [-118.527947, 37.404725]]}, "props": {"MTFCC": "S1400", "NAME": null}}, {"geom": {"type": "LineString", "coordinates": [[-118.609992, 37.414747], [-118.609958, 37.414519], [-118.609974, 37.413739], [-118.609977, 37.413361], [-118.609995, 37.412892], [-118.609973, 37.412747], [-118.610027, 37.412479], [-118.610027, 37.412416]]}, "props": {"MTFCC": "S1400", "NAME": null}}, {"geom": {"type": "LineString", "coordinates": [[-118.610911, 37.414756], [-118.610919, 37.414073], [-118.610972, 37.413435], [-118.610996, 37.413339], [-118.611066, 37.413156], [-118.611103, 37.413015], [-118.611155, 37.412922], [-118.611404, 37.412625], [-118.61148, 37.412465], [-118.611498, 37.412418]]}, "props": {"MTFCC": "S1400", "NAME": null}}, {"geom": {"type": "LineString", "coordinates": [[-118.612987, 37.414727], [-118.613004, 37.414102], [-118.613025, 37.413727], [-118.613074, 37.413607], [-118.613178, 37.41349], [-118.613412, 37.413345]]}, "props": {"MTFCC": "S1400", "NAME": null}}, {"geom": {"type": "LineString", "coordinates": [[-118.606553, 37.413063], [-118.606534, 37.412853], [-118.60655, 37.412717]]}, "props": {"MTFCC": "S1400", "NAME": null}}, {"geom": {"type": "LineString", "coordinates": [[-118.606562, 37.413397], [-118.606555, 37.413633], [-118.606554, 37.41426], [-118.60656, 37.414303], [-118.606604, 37.414367], [-118.606643, 37.414388], [-118.606694, 37.414399], [-118.607033, 37.4144], [-118.607239, 37.414394], [-118.607256, 37.414515], [-118.60729, 37.414568], [-118.607364, 37.414622], [-118.607435, 37.414651], [-118.607576, 37.414675], [-118.607727, 37.414674]]}, "props": {"MTFCC": "S1400", "NAME": null}}, {"geom": {"type": "LineString", "coordinates": [[-118.606562, 37.413397], [-118.60676, 37.413381], [-118.607074, 37.413381], [-118.607233, 37.41341]]}, "props": {"MTFCC": "S1400", "NAME": null}}, {"geom": {"type": "LineString", "coordinates": [[-118.605682, 37.413039], [-118.605776, 37.413202], [-118.60586, 37.413359], [-118.605938, 37.413403], [-118.606111, 37.413414], [-118.606562, 37.413397]]}, "props": {"MTFCC": "S1400", "NAME": null}}, {"geom": {"type": "LineString", "coordinates": [[-118.368011, 37.398237], [-118.368025, 37.398198], [-118.368085, 37.398139], [-118.368165, 37.398098], [-118.368289, 37.398074], [-118.368589, 37.39806], [-118.368857, 37.398069], [-118.369935, 37.398075], [-118.369995, 37.398056], [-118.370064, 37.398008], [-118.370101, 37.397941], [-118.370104, 37.397728], [-118.370079, 37.397497], [-118.369994, 37.397431], [-118.369916, 37.397403], [-118.369768, 37.397396], [-118.369476, 37.397403], [-118.366093, 37.39742], [-118.365884, 37.397399], [-118.365701, 37.397351], [-118.365454, 37.397243], [-118.365325, 37.397197], [-118.364866, 37.397103], [-118.364806, 37.397076], [-118.364545, 37.396851], [-118.364203, 37.396613], [-118.364076, 37.396505], [-118.364024, 37.396433], [-118.363984, 37.396312], [-118.363947, 37.396038], [-118.363932, 37.395746], [-118.36391, 37.395673], [-118.363828, 37.395582], [-118.363795, 37.395555], [-118.363534, 37.395403], [-118.363448, 37.395341], [-118.363381, 37.395267], [-118.363051, 37.394607], [-118.363005, 37.394453], [-118.362991, 37.394314], [-118.362995, 37.394173], [-118.363057, 37.393941], [-118.363131, 37.393766], [-118.363271, 37.393559], [-118.363282, 37.393478], [-118.363263, 37.393419], [-118.363203, 37.393353], [-118.363115, 37.393312], [-118.362521, 37.393105], [-118.362175, 37.393001], [-118.362082, 37.392951], [-118.36201, 37.392887], [-118.361957, 37.392809], [-118.361931, 37.392757], [-118.36168, 37.392049], [-118.361595, 37.391864], [-118.361512, 37.391442], [-118.361421, 37.391161], [-118.361364, 37.391058], [-118.361054, 37.390733], [-118.360918, 37.390634], [-118.360727, 37.39055], [-118.360498, 37.390455], [-118.360426, 37.390405], [-118.360311, 37.3903], [-118.360135, 37.390094], [-118.360066, 37.389989], [-118.359998, 37.389926], [-118.359869, 37.389858], [-118.359767, 37.389832], [-118.359623, 37.389816], [-118.359434, 37.389767], [-118.359261, 37.389687], [-118.359184, 37.389636], [-118.359128, 37.389584], [-118.359005, 37.38943], [-118.358919, 37.389358]]}, "props": {"MTFCC": "S1400", "NAME": null}}, {"geom": {"type": "LineString", "coordinates": [[-118.443191, 37.397657], [-118.443062, 37.397649], [-118.442889, 37.397639], [-118.442734, 37.397655]]}, "props": {"MTFCC": "S1400", "NAME": null}}, {"geom": {"type": "LineString", "coordinates": [[-118.445729, 37.397676], [-118.444229, 37.39767], [-118.443879, 37.39765], [-118.443191, 37.397657]]}, "props": {"MTFCC": "S1400", "NAME": null}}, {"geom": {"type": "LineString", "coordinates": [[-118.445729, 37.397676], [-118.44592, 37.397808], [-118.446107, 37.397991], [-118.446221, 37.398113], [-118.446328, 37.398198], [-118.446377, 37.39823], [-118.446537, 37.398309], [-118.44663, 37.39837], [-118.446728, 37.398447], [-118.446868, 37.398597], [-118.446939, 37.398697], [-118.446971, 37.39875], [-118.446999, 37.398836], [-118.447028, 37.399037], [-118.447149, 37.399456]]}, "props": {"MTFCC": "S1400", "NAME": null}}, {"geom": {"type": "LineString", "coordinates": [[-118.418861, 37.396485], [-118.418821, 37.396364], [-118.418702, 37.396216], [-118.418576, 37.396078]]}, "props": {"MTFCC": "S1400", "NAME": null}}, {"geom": {"type": "LineString", "coordinates": [[-118.418685, 37.37853], [-118.418709, 37.378544], [-118.41877, 37.378555], [-118.418948, 37.378537], [-118.419265, 37.37849]]}, "props": {"MTFCC": "S1400", "NAME": null}}, {"geom": {"type": "LineString", "coordinates": [[-118.490146, 37.397068], [-118.490201, 37.397145], [-118.490251, 37.397181], [-118.490789, 37.397475], [-118.490825, 37.397485], [-118.490865, 37.397474], [-118.49092, 37.397426], [-118.490953, 37.397371], [-118.490942, 37.397314], [-118.490902, 37.397271], [-118.490778, 37.39717], [-118.490642, 37.397081], [-118.490525, 37.397055], [-118.490433, 37.397044], [-118.490252, 37.397047], [-118.490146, 37.397068]]}, "props": {"MTFCC": "S1400", "NAME": null}}, {"geom": {"type": "LineString", "coordinates": [[-118.413807, 37.369461], [-118.414382, 37.369619], [-118.414857, 37.369762], [-118.415035, 37.369845], [-118.415158, 37.369914]]}, "props": {"MTFCC": "S1740", "NAME": null}}, {"geom": {"type": "LineString", "coordinates": [[-118.381427, 37.427052], [-118.381429, 37.427088], [-118.381313, 37.427147], [-118.381207, 37.42722], [-118.381046, 37.42736], [-118.380992, 37.427423], [-118.380718, 37.427846], [-118.379851, 37.429361], [-118.37963, 37.429728], [-118.379196, 37.430372], [-118.378574, 37.431227], [-118.378149, 37.431244], [-118.376607, 37.431253], [-118.375989, 37.431245], [-118.375619, 37.431272], [-118.375379, 37.431297], [-118.375008, 37.431359], [-118.374655, 37.431452], [-118.373648, 37.431768], [-118.372981, 37.431969], [-118.372557, 37.432075], [-118.371959, 37.432255], [-118.371754, 37.432339], [-118.371562, 37.432448], [-118.371446, 37.432523], [-118.371283, 37.432645], [-118.370686, 37.433164], [-118.370205, 37.433536], [-118.369861, 37.433791], [-118.369608, 37.434002], [-118.369434, 37.434159], [-118.368926, 37.434675], [-118.367484, 37.436232], [-118.367361, 37.436353], [-118.367223, 37.436462], [-118.367071, 37.436559], [-118.366915, 37.43664], [-118.366015, 37.437034], [-118.365705, 37.437192], [-118.365279, 37.43743], [-118.365079, 37.437528], [-118.364865, 37.437617], [-118.364688, 37.437671], [-118.364506, 37.437709], [-118.364323, 37.43773], [-118.364132, 37.43774], [-118.363674, 37.437732], [-118.363493, 37.437742], [-118.36326, 37.437766], [-118.3631, 37.437795], [-118.362975, 37.437828], [-118.362687, 37.43731], [-118.36262, 37.43714], [-118.362523, 37.436959], [-118.362401, 37.436781], [-118.361788, 37.436019], [-118.361743, 37.435937], [-118.361733, 37.435856], [-118.361766, 37.435774], [-118.361855, 37.435676], [-118.362258, 37.435355], [-118.362904, 37.434801], [-118.363189, 37.434573], [-118.363476, 37.434323], [-118.364041, 37.433872]]}, "props": {"MTFCC": "S1400", "NAME": null}}, {"geom": {"type": "LineString", "coordinates": [[-118.393675, 37.380303], [-118.394382, 37.380102], [-118.394935, 37.379938], [-118.395156, 37.379885], [-118.395347, 37.379866]]}, "props": {"MTFCC": "S1400", "NAME": null}}, {"geom": {"type": "LineString", "coordinates": [[-118.421954, 37.397904], [-118.422109, 37.397866], [-118.422263, 37.397828]]}, "props": {"MTFCC": "S1400", "NAME": null}}, {"geom": {"type": "LineString", "coordinates": [[-118.422941, 37.375298], [-118.423051, 37.375315], [-118.423133, 37.375305], [-118.423228, 37.375261], [-118.423296, 37.375212]]}, "props": {"MTFCC": "S1400", "NAME": null}}, {"geom": {"type": "LineString", "coordinates": [[-118.378603, 37.383242], [-118.37859, 37.383155], [-118.378619, 37.383062], [-118.378626, 37.382921], [-118.378613, 37.38285], [-118.378359, 37.382321], [-118.378326, 37.38218], [-118.378231, 37.381961], [-118.378176, 37.381726], [-118.378097, 37.381525], [-118.37804, 37.381434], [-118.377884, 37.38126], [-118.377781, 37.381185], [-118.377661, 37.381129], [-118.377529, 37.381095], [-118.377395, 37.38108], [-118.37729, 37.381093], [-118.377225, 37.381116]]}, "props": {"MTFCC": "S1400", "NAME": null}}, {"geom": {"type": "LineString", "coordinates": [[-118.414139, 37.376957], [-118.41545, 37.376937]]}, "props": {"MTFCC": "S1400", "NAME": null}}, {"geom": {"type": "LineString", "coordinates": [[-118.433888, 37.395265], [-118.434124, 37.395504], [-118.4344, 37.395751], [-118.434754, 37.396215], [-118.435158, 37.396695], [-118.435363, 37.396908], [-118.435701, 37.397213], [-118.435949, 37.397482], [-118.435981, 37.397525], [-118.436009, 37.397584], [-118.436015, 37.397633], [-118.436005, 37.397679]]}, "props": {"MTFCC": "S1400", "NAME": null}}, {"geom": {"type": "LineString", "coordinates": [[-118.449527, 37.390586], [-118.449404, 37.390655], [-118.449339, 37.390679]]}, "props": {"MTFCC": "S1400", "NAME": null}}, {"geom": {"type": "LineString", "coordinates": [[-118.439759, 37.393809], [-118.440934, 37.393486], [-118.44192, 37.393255], [-118.442176, 37.393183]]}, "props": {"MTFCC": "S1400", "NAME": null}}, {"geom": {"type": "LineString", "coordinates": [[-118.436005, 37.397679], [-118.436119, 37.397684]]}, "props": {"MTFCC": "S1400", "NAME": null}}, {"geom": {"type": "LineString", "coordinates": [[-118.479854, 37.398078], [-118.479767, 37.398087], [-118.479394, 37.398063], [-118.47894, 37.398005], [-118.478561, 37.397989], [-118.478339, 37.397951], [-118.478187, 37.397902], [-118.478052, 37.397848], [-118.477829, 37.397714], [-118.477705, 37.397621]]}, "props": {"MTFCC": "S1400", "NAME": null}}, {"geom": {"type": "LineString", "coordinates": [[-118.48272, 37.395158], [-118.482722, 37.395299], [-118.482694, 37.3954], [-118.482633, 37.395505], [-118.482502, 37.395694], [-118.4824, 37.395819], [-118.482277, 37.395935], [-118.482085, 37.396065], [-118.481996, 37.396166], [-118.481915, 37.396291], [-118.481803, 37.396375], [-118.481638, 37.396451], [-118.481415, 37.396524], [-118.481275, 37.3966], [-118.481085, 37.396738], [-118.480995, 37.396794], [-118.480827, 37.396862], [-118.480743, 37.396886], [-118.480618, 37.396944], [-118.480408, 37.39708], [-118.480085, 37.397405], [-118.48, 37.397474]]}, "props": {"MTFCC": "S1400", "NAME": null}}, {"geom": {"type": "LineString", "coordinates": [[-118.479854, 37.398078], [-118.479879, 37.398202], [-118.479924, 37.398302], [-118.479982, 37.398397], [-118.479997, 37.398476], [-118.479995, 37.398532], [-118.479956, 37.398674], [-118.479872, 37.398881], [-118.479851, 37.398976], [-118.479852, 37.399161], [-118.479813, 37.399221], [-118.479742, 37.399258], [-118.479573, 37.399277], [-118.47926, 37.399298], [-118.478477, 37.39944], [-118.478329, 37.399449], [-118.47825, 37.399441], [-118.478178, 37.399459], [-118.47806, 37.399495], [-118.477466, 37.399588], [-118.47674, 37.399675], [-118.476024, 37.399788], [-118.475387, 37.399904], [-118.475199, 37.399959], [-118.475046, 37.400044], [-118.474616, 37.40019], [-118.474471, 37.400217], [-118.47388, 37.400415], [-118.473537, 37.40051], [-118.473346, 37.400569], [-118.473061, 37.400684], [-118.472728, 37.40077], [-118.472444, 37.400887], [-118.471899, 37.401079], [-118.471533, 37.401199], [-118.471226, 37.401309], [-118.470767, 37.401459], [-118.470198, 37.401656], [-118.469072, 37.402007], [-118.468193, 37.402322], [-118.467616, 37.402499], [-118.467159, 37.402585], [-118.467012, 37.402592], [-118.466987, 37.4026], [-118.466721, 37.40279], [-118.466576, 37.402856], [-118.466241, 37.402958], [-118.465828, 37.403067], [-118.465428, 37.403154], [-118.465356, 37.403191], [-118.465248, 37.403282], [-118.465171, 37.403299], [-118.465006, 37.403284], [-118.464966, 37.403286]]}, "props": {"MTFCC": "S1400", "NAME": null}}, {"geom": {"type": "LineString", "coordinates": [[-118.483997, 37.397504], [-118.483928, 37.397579], [-118.483763, 37.397697], [-118.483554, 37.397827], [-118.483166, 37.398118], [-118.483091, 37.398154], [-118.482937, 37.398168], [-118.482753, 37.398161], [-118.482618, 37.398133], [-118.481417, 37.397697], [-118.480988, 37.397525], [-118.480886, 37.397516], [-118.480788, 37.397541], [-118.480711, 37.397596], [-118.480621, 37.397712], [-118.480487, 37.39783], [-118.4804, 37.397886], [-118.480281, 37.397946], [-118.480105, 37.398012], [-118.479854, 37.398078]]}, "props": {"MTFCC": "S1400", "NAME": null}}, {"geom": {"type": "LineString", "coordinates": [[-118.469538, 37.411264], [-118.469762, 37.410994], [-118.469773, 37.410948], [-118.469769, 37.410925], [-118.469746, 37.410894], [-118.469673, 37.410873], [-118.469641, 37.410834], [-118.469626, 37.410801], [-118.469602, 37.410787], [-118.469347, 37.410796], [-118.469, 37.410821], [-118.468913, 37.410794], [-118.468841, 37.410727], [-118.468808, 37.410645], [-118.468813, 37.41058], [-118.468842, 37.4105], [-118.46882, 37.410464], [-118.468621, 37.410398], [-118.468466, 37.410325], [-118.468143, 37.410133], [-118.467937, 37.410048], [-118.467844, 37.410031], [-118.467401, 37.410081], [-118.46733, 37.410118], [-118.467233, 37.41019], [-118.467123, 37.410247], [-118.46685, 37.410329], [-118.46638, 37.410432], [-118.466276, 37.410486], [-118.466121, 37.410629], [-118.466059, 37.410665], [-118.465944, 37.410701], [-118.465846, 37.410725], [-118.465791, 37.410769], [-118.465771, 37.410828], [-118.465784, 37.410907], [-118.46587, 37.411025], [-118.465889, 37.411101], [-118.465867, 37.411266], [-118.465898, 37.411444]]}, "props": {"MTFCC": "S1400", "NAME": null}}, {"geom": {"type": "LineString", "coordinates": [[-118.450278, 37.412716], [-118.450004, 37.412661], [-118.449739, 37.412545], [-118.44962, 37.412518], [-118.449317, 37.41248], [-118.449086, 37.412486], [-118.448836, 37.41252], [-118.448574, 37.412529], [-118.448391, 37.412525], [-118.448267, 37.41256], [-118.448158, 37.412545], [-118.448024, 37.412505], [-118.447893, 37.41251], [-118.447748, 37.412537]]}, "props": {"MTFCC": "S1400", "NAME": null}}, {"geom": {"type": "LineString", "coordinates": [[-118.438256, 37.404743], [-118.438048, 37.404677], [-118.437891, 37.404606], [-118.437786, 37.404548], [-118.437555, 37.404388], [-118.437206, 37.404073]]}, "props": {"MTFCC": "S1400", "NAME": null}}, {"geom": {"type": "LineString", "coordinates": [[-118.436591, 37.401186], [-118.436639, 37.401557], [-118.436654, 37.401671], [-118.436673, 37.401934]]}, "props": {"MTFCC": "S1400", "NAME": null}}, {"geom": {"type": "LineString", "coordinates": [[-118.436119, 37.397684], [-118.436341, 37.397829], [-118.436444, 37.397916], [-118.436514, 37.398009], [-118.436555, 37.398101], [-118.436577, 37.398272], [-118.436549, 37.398615], [-118.436541, 37.398917]]}, "props": {"MTFCC": "S1400", "NAME": null}}, {"geom": {"type": "LineString", "coordinates": [[-118.426327, 37.397921], [-118.426184, 37.398092], [-118.426091, 37.398243], [-118.425759, 37.398931], [-118.425653, 37.399081], [-118.42555, 37.399172], [-118.425416, 37.399247], [-118.424854, 37.399469], [-118.424069, 37.399648], [-118.423791, 37.399705]]}, "props": {"MTFCC": "S1400", "NAME": null}}, {"geom": {"type": "LineString", "coordinates": [[-118.428629, 37.397905], [-118.428412, 37.398003], [-118.428195, 37.398148], [-118.428031, 37.398275], [-118.427906, 37.398401]]}, "props": {"MTFCC": "S1400", "NAME": null}}, {"geom": {"type": "LineString", "coordinates": [[-118.427906, 37.398401], [-118.42809, 37.398719], [-118.428272, 37.398981], [-118.428358, 37.399136], [-118.428422, 37.399191], [-118.42856, 37.399294], [-118.428729, 37.399466], [-118.42885, 37.399551], [-118.429025, 37.399647], [-118.429048, 37.399669]]}, "props": {"MTFCC": "S1400", "NAME": null}}, {"geom": {"type": "LineString", "coordinates": [[-118.386191, 37.428868], [-118.386192, 37.430083], [-118.386179, 37.431067], [-118.386187, 37.432672], [-118.386197, 37.432847]]}, "props": {"MTFCC": "S1400", "NAME": null}}, {"geom": {"type": "LineString", "coordinates": [[-118.386078, 37.424849], [-118.386154, 37.424916], [-118.386173, 37.424945]]}, "props": {"MTFCC": "S1400", "NAME": null}}, {"geom": {"type": "LineString", "coordinates": [[-118.41054, 37.415868], [-118.410439, 37.415877], [-118.410348, 37.415859], [-118.410273, 37.415833], [-118.410223, 37.415783], [-118.410174, 37.415631], [-118.410144, 37.415581], [-118.410048, 37.41548], [-118.409895, 37.415366], [-118.409831, 37.41533], [-118.409737, 37.415291], [-118.409546, 37.415244], [-118.409312, 37.41521], [-118.409021, 37.415206], [-118.408904, 37.415187], [-118.408723, 37.415088], [-118.408682, 37.415078], [-118.408608, 37.415074], [-118.408079, 37.415128], [-118.407708, 37.415148], [-118.407521, 37.415135], [-118.407275, 37.4151], [-118.406372, 37.414912], [-118.405997, 37.414856], [-118.405932, 37.414829], [-118.405903, 37.41479], [-118.405895, 37.414733], [-118.405927, 37.414667], [-118.406151, 37.414436], [-118.406315, 37.414199], [-118.406408, 37.414047]]}, "props": {"MTFCC": "S1400", "NAME": null}}, {"geom": {"type": "LineString", "coordinates": [[-118.402104, 37.426609], [-118.401869, 37.426539], [-118.401226, 37.426391], [-118.400802, 37.426285], [-118.400528, 37.426242], [-118.400178, 37.426221], [-118.400028, 37.42622], [-118.399858, 37.426237], [-118.399623, 37.426275]]}, "props": {"MTFCC": "S1400", "NAME": null}}, {"geom": {"type": "LineString", "coordinates": [[-118.403795, 37.427158], [-118.403723, 37.427126], [-118.40364, 37.426966], [-118.403599, 37.426937], [-118.403502, 37.426908], [-118.40334, 37.426898], [-118.402847, 37.426804], [-118.402443, 37.426707], [-118.402104, 37.426609]]}, "props": {"MTFCC": "S1400", "NAME": null}}, {"geom": {"type": "LineString", "coordinates": [[-118.395261, 37.4269], [-118.394731, 37.427553], [-118.394375, 37.427967]]}, "props": {"MTFCC": "S1400", "NAME": null}}, {"geom": {"type": "LineString", "coordinates": [[-118.368021, 37.446503], [-118.368425, 37.44655], [-118.368583, 37.446591], [-118.36879, 37.446686], [-118.368838, 37.446722]]}, "props": {"MTFCC": "S1400", "NAME": null}}, {"geom": {"type": "LineString", "coordinates": [[-118.42707, 37.400373], [-118.427095, 37.400958], [-118.427062, 37.401065], [-118.427008, 37.401124], [-118.426896, 37.401175], [-118.42667, 37.401251], [-118.426589, 37.40129], [-118.426556, 37.401315], [-118.426536, 37.401343], [-118.426535, 37.401406], [-118.426562, 37.40143], [-118.426645, 37.401458], [-118.426908, 37.401521], [-118.427207, 37.401653], [-118.427575, 37.401837], [-118.427785, 37.401977], [-118.427841, 37.402004], [-118.428299, 37.402126], [-118.428362, 37.402136], [-118.428478, 37.402182], [-118.428621, 37.402268], [-118.428877, 37.40236], [-118.429133, 37.40244], [-118.429284, 37.402507], [-118.429325, 37.402537], [-118.429377, 37.402574], [-118.429435, 37.402662], [-118.429451, 37.402744], [-118.429425, 37.402899], [-118.42945, 37.403099], [-118.429421, 37.403195], [-118.429429, 37.403296], [-118.42945, 37.403416], [-118.429431, 37.403498], [-118.429394, 37.403564], [-118.429396, 37.403596], [-118.429416, 37.403628], [-118.429488, 37.403681], [-118.4296, 37.40374], [-118.429706, 37.403837], [-118.429737, 37.403912], [-118.429726, 37.403991], [-118.429695, 37.404083], [-118.429673, 37.404265], [-118.429519, 37.404587], [-118.429473, 37.404722], [-118.429467, 37.404916], [-118.429435, 37.405028], [-118.429251, 37.40552], [-118.429222, 37.405582], [-118.429119, 37.405733], [-118.428986, 37.406085], [-118.428947, 37.406135], [-118.428853, 37.406207], [-118.428826, 37.406285], [-118.428798, 37.406528], [-118.428756, 37.406619], [-118.428718, 37.406679], [-118.428704, 37.406745], [-118.42871, 37.406763], [-118.42873, 37.40678], [-118.428864, 37.406812], [-118.429048, 37.406883], [-118.429189, 37.406994], [-118.429235, 37.407007], [-118.429408, 37.407028], [-118.429634, 37.407091], [-118.429996, 37.407267], [-118.430072, 37.407314], [-118.430184, 37.407405], [-118.430227, 37.407425], [-118.430406, 37.407465], [-118.43053, 37.407481], [-118.430598, 37.407509], [-118.430635, 37.40755], [-118.430691, 37.407693], [-118.43079, 37.407843], [-118.430883, 37.407943], [-118.430973, 37.408018], [-118.431176, 37.408322], [-118.431244, 37.408381], [-118.43126, 37.408411], [-118.43126, 37.408436], [-118.43123, 37.408469], [-118.431175, 37.408495], [-118.430932, 37.408579], [-118.430866, 37.408627]]}, "props": {"MTFCC": "S1400", "NAME": null}}, {"geom": {"type": "LineString", "coordinates": [[-118.483991, 37.404224], [-118.483999, 37.404101], [-118.484053, 37.403867], [-118.484128, 37.403695], [-118.484175, 37.403616], [-118.484334, 37.403437], [-118.484356, 37.40337], [-118.48434, 37.403238]]}, "props": {"MTFCC": "S1400", "NAME": null}}, {"geom": {"type": "LineString", "coordinates": [[-118.430726, 37.417048], [-118.430781, 37.417033], [-118.430921, 37.416944], [-118.430998, 37.416875], [-118.431028, 37.416862], [-118.4312, 37.416835], [-118.431287, 37.416796], [-118.431384, 37.416682], [-118.431479, 37.416623], [-118.431828, 37.41643], [-118.432004, 37.416324], [-118.432197, 37.416251], [-118.432226, 37.416241], [-118.432365, 37.416205], [-118.432491, 37.416194], [-118.432673, 37.41619], [-118.432766, 37.416164], [-118.433026, 37.416059], [-118.433222, 37.415992], [-118.433405, 37.415908], [-118.433573, 37.41581], [-118.433626, 37.415743], [-118.433655, 37.415641], [-118.43365, 37.415371], [-118.43364, 37.415316]]}, "props": {"MTFCC": "S1400", "NAME": null}}, {"geom": {"type": "LineString", "coordinates": [[-118.386197, 37.432847], [-118.38588, 37.432927], [-118.385611, 37.433007], [-118.385441, 37.43304], [-118.38521, 37.433119], [-118.384514, 37.433433], [-118.384065, 37.433595], [-118.383766, 37.433702], [-118.383616, 37.433751], [-118.383313, 37.433819], [-118.383153, 37.433834], [-118.382725, 37.433833], [-118.382092, 37.433853], [-118.381408, 37.433828], [-118.37887, 37.433784], [-118.378279, 37.43379], [-118.37695, 37.433802]]}, "props": {"MTFCC": "S1400", "NAME": null}}, {"geom": {"type": "LineString", "coordinates": [[-118.403874, 37.434456], [-118.403791, 37.434506], [-118.403546, 37.434631], [-118.403488, 37.434673], [-118.403314, 37.434851], [-118.403198, 37.435007], [-118.403193, 37.43504], [-118.4032, 37.435078], [-118.40322, 37.435103], [-118.40327, 37.435132], [-118.403361, 37.435152], [-118.403485, 37.435146], [-118.403567, 37.43511], [-118.403675, 37.435024], [-118.403863, 37.434817], [-118.403899, 37.434744], [-118.403915, 37.434671], [-118.4039, 37.434557], [-118.403874, 37.434456]]}, "props": {"MTFCC": "S1400", "NAME": null}}, {"geom": {"type": "LineString", "coordinates": [[-118.394145, 37.456177], [-118.394096, 37.456274], [-118.394033, 37.456336], [-118.393949, 37.456379], [-118.393701, 37.456469], [-118.393601, 37.456534], [-118.39353, 37.45662], [-118.393482, 37.456712], [-118.393392, 37.4568], [-118.393277, 37.45686], [-118.393197, 37.456895], [-118.39301, 37.457026], [-118.392911, 37.457113], [-118.392701, 37.457275], [-118.392288, 37.457634], [-118.392153, 37.457776], [-118.391967, 37.458031], [-118.391839, 37.458268], [-118.391741, 37.458496], [-118.391714, 37.458577], [-118.391687, 37.458767], [-118.391709, 37.458882], [-118.391764, 37.459003], [-118.391851, 37.459142], [-118.391935, 37.45924], [-118.392081, 37.459394], [-118.392137, 37.459494], [-118.392165, 37.459602], [-118.392165, 37.459713], [-118.392136, 37.459822], [-118.392079, 37.459923], [-118.391945, 37.46007], [-118.391919, 37.460113], [-118.391818, 37.460456], [-118.391779, 37.460536], [-118.391685, 37.460654], [-118.391594, 37.460745], [-118.391544, 37.460829], [-118.3915, 37.461032], [-118.391463, 37.461109], [-118.391349, 37.461269], [-118.391186, 37.461441], [-118.391109, 37.461535], [-118.391076, 37.46159], [-118.391044, 37.461713], [-118.391012, 37.462006], [-118.391003, 37.46237], [-118.391038, 37.462805]]}, "props": {"MTFCC": "S1400", "NAME": null}}, {"geom": {"type": "LineString", "coordinates": [[-118.295177, 37.462297], [-118.295311, 37.462314], [-118.295539, 37.462381], [-118.29575, 37.462501], [-118.296402, 37.462748], [-118.296489, 37.462766], [-118.297132, 37.462904]]}, "props": {"MTFCC": "S1400", "NAME": null}}, {"geom": {"type": "LineString", "coordinates": [[-118.362803, 37.458885], [-118.362902, 37.458913], [-118.362951, 37.458924], [-118.363267, 37.458993], [-118.363987, 37.459111]]}, "props": {"MTFCC": "S1400", "NAME": null}}, {"geom": {"type": "LineString", "coordinates": [[-118.336043, 37.404621], [-118.336068, 37.40498], [-118.336095, 37.405984], [-118.336098, 37.406506], [-118.336125, 37.407004], [-118.336117, 37.407632], [-118.336104, 37.40831], [-118.336136, 37.408596], [-118.336149, 37.409163], [-118.336133, 37.409599], [-118.336141, 37.410989], [-118.336129, 37.411905], [-118.336082, 37.412945], [-118.336048, 37.414405], [-118.336042, 37.415482]]}, "props": {"MTFCC": "S1400", "NAME": null}}, {"geom": {"type": "LineString", "coordinates": [[-118.35245, 37.399963], [-118.352179, 37.399794], [-118.352023, 37.399723], [-118.351943, 37.399701], [-118.351859, 37.399684], [-118.351727, 37.399679], [-118.351529, 37.399702], [-118.350186, 37.400042], [-118.349737, 37.400142]]}, "props": {"MTFCC": "S1400", "NAME": null}}, {"geom": {"type": "LineString", "coordinates": [[-118.359985, 37.386455], [-118.360432, 37.386744], [-118.360616, 37.386835], [-118.360811, 37.386901], [-118.361007, 37.386949], [-118.36129, 37.386981], [-118.361553, 37.38698], [-118.361763, 37.386953], [-118.362055, 37.386888]]}, "props": {"MTFCC": "S1400", "NAME": null}}, {"geom": {"type": "LineString", "coordinates": [[-118.317298, 37.404886], [-118.317038, 37.404926], [-118.316908, 37.404936], [-118.316346, 37.404941], [-118.315469, 37.404974], [-118.314917, 37.405011], [-118.314249, 37.405083], [-118.313725, 37.405104], [-118.313083, 37.405098], [-118.312793, 37.405082], [-118.312007, 37.405008], [-118.311171, 37.405003], [-118.310743, 37.40499], [-118.310642, 37.405]]}, "props": {"MTFCC": "S1500", "NAME": null}}, {"geom": {"type": "LineString", "coordinates": [[-118.315073, 37.368801], [-118.31519, 37.369192], [-118.315196, 37.369661], [-118.315226, 37.36987], [-118.315374, 37.370528], [-118.315453, 37.370927], [-118.315509, 37.371159], [-118.315533, 37.371318], [-118.315586, 37.371573], [-118.31562, 37.37186], [-118.315663, 37.372064], [-118.315771, 37.372424], [-118.315787, 37.372576], [-118.315769, 37.372838], [-118.315628, 37.373591], [-118.315601, 37.373781], [-118.315585, 37.374032], [-118.315598, 37.374399], [-118.315631, 37.374575], [-118.315711, 37.374814], [-118.315726, 37.374931], [-118.315712, 37.375041], [-118.315605, 37.375545], [-118.315589, 37.375742], [-118.315591, 37.376079]]}, "props": {"MTFCC": "S1400", "NAME": null}}, {"geom": {"type": "LineString", "coordinates": [[-118.315591, 37.376079], [-118.315683, 37.376132], [-118.315746, 37.376158], [-118.315998, 37.376265]]}, "props": {"MTFCC": "S1400", "NAME": null}}, {"geom": {"type": "LineString", "coordinates": [[-118.341258, 37.388927], [-118.341339, 37.388811], [-118.341382, 37.388768], [-118.341435, 37.388689], [-118.341573, 37.388363], [-118.341665, 37.388181], [-118.341945, 37.387759]]}, "props": {"MTFCC": "S1400", "NAME": null}}, {"geom": {"type": "LineString", "coordinates": [[-118.349538, 37.450672], [-118.349992, 37.450099], [-118.35009, 37.449958], [-118.350419, 37.44939], [-118.350504, 37.449282], [-118.350574, 37.449213], [-118.350653, 37.44915], [-118.350833, 37.449046], [-118.350933, 37.449006], [-118.351157, 37.448948], [-118.351363, 37.448913], [-118.352034, 37.448839], [-118.352521, 37.448803], [-118.353232, 37.448767], [-118.353906, 37.448716], [-118.354113, 37.44871], [-118.354551, 37.44872], [-118.354769, 37.448743], [-118.355258, 37.44882], [-118.355834, 37.448942], [-118.356158, 37.449047], [-118.356342, 37.449137], [-118.356662, 37.449339], [-118.357731, 37.450084], [-118.358056, 37.450265], [-118.358284, 37.450352], [-118.358543, 37.450419], [-118.358705, 37.450437], [-118.358996, 37.450444], [-118.359236, 37.450419], [-118.359355, 37.450388], [-118.3596, 37.45028], [-118.359763, 37.450164], [-118.359896, 37.450046], [-118.359912, 37.450029], [-118.360345, 37.449582], [-118.360786, 37.449158]]}, "props": {"MTFCC": "S1400", "NAME": null}}, {"geom": {"type": "LineString", "coordinates": [[-118.364722, 37.460277], [-118.364746, 37.460579], [-118.364769, 37.46069], [-118.365184, 37.461849], [-118.365366, 37.462281], [-118.365462, 37.462158], [-118.36548, 37.462099], [-118.365477, 37.461707], [-118.365443, 37.461212], [-118.365459, 37.461104], [-118.365509, 37.460983], [-118.365851, 37.460431], [-118.366119, 37.460042], [-118.366153, 37.459955]]}, "props": {"MTFCC": "S1400", "NAME": null}}, {"geom": {"type": "LineString", "coordinates": [[-118.363064, 37.451983], [-118.363052, 37.452599], [-118.363066, 37.453092], [-118.36311, 37.453602], [-118.363159, 37.454246]]}, "props": {"MTFCC": "S1400", "NAME": null}}, {"geom": {"type": "LineString", "coordinates": [[-118.363255, 37.446641], [-118.363265, 37.446887], [-118.363251, 37.447257], [-118.363227, 37.447405]]}, "props": {"MTFCC": "S1400", "NAME": null}}, {"geom": {"type": "LineString", "coordinates": [[-118.364561, 37.45758], [-118.364628, 37.4581]]}, "props": {"MTFCC": "S1400", "NAME": null}}, {"geom": {"type": "LineString", "coordinates": [[-118.340451, 37.437238], [-118.340364, 37.436904], [-118.340311, 37.436734], [-118.340224, 37.436516], [-118.340133, 37.436335], [-118.339883, 37.43594], [-118.339769, 37.435771], [-118.339591, 37.435447], [-118.339508, 37.435221], [-118.339458, 37.435063], [-118.339399, 37.434831]]}, "props": {"MTFCC": "S1400", "NAME": null}}, {"geom": {"type": "LineString", "coordinates": [[-118.340575, 37.437654], [-118.340451, 37.437238]]}, "props": {"MTFCC": "S1400", "NAME": null}}, {"geom": {"type": "LineString", "coordinates": [[-118.350195, 37.4019], [-118.350016, 37.402017], [-118.349944, 37.402053], [-118.349784, 37.402096], [-118.349081, 37.402221], [-118.348756, 37.402247], [-118.34789, 37.402289], [-118.347531, 37.402319]]}, "props": {"MTFCC": "S1400", "NAME": null}}, {"geom": {"type": "LineString", "coordinates": [[-118.355058, 37.389339], [-118.355288, 37.389109], [-118.35571, 37.388786], [-118.355845, 37.388695], [-118.355971, 37.388657], [-118.356068, 37.388641]]}, "props": {"MTFCC": "S1400", "NAME": null}}, {"geom": {"type": "LineString", "coordinates": [[-118.356068, 37.388641], [-118.355904, 37.38857], [-118.355639, 37.388495], [-118.35541, 37.388442], [-118.355217, 37.388408], [-118.354478, 37.388313]]}, "props": {"MTFCC": "S1400", "NAME": null}}, {"geom": {"type": "LineString", "coordinates": [[-118.368447, 37.382974], [-118.368555, 37.382997], [-118.368674, 37.382985], [-118.368767, 37.382947], [-118.36889, 37.38286], [-118.36895, 37.382841]]}, "props": {"MTFCC": "S1400", "NAME": null}}, {"geom": {"type": "LineString", "coordinates": [[-118.373853, 37.462609], [-118.373361, 37.462639], [-118.373154, 37.462626], [-118.372937, 37.462587], [-118.372608, 37.462574], [-118.372518, 37.462578], [-118.372301, 37.462611], [-118.372208, 37.462599], [-118.372124, 37.462564], [-118.372057, 37.462511], [-118.372024, 37.462464], [-118.371981, 37.462286], [-118.371942, 37.461775], [-118.371886, 37.461547]]}, "props": {"MTFCC": "S1400", "NAME": null}}, {"geom": {"type": "LineString", "coordinates": [[-118.367452, 37.458361], [-118.367397, 37.458561], [-118.367352, 37.458917], [-118.367347, 37.459302]]}, "props": {"MTFCC": "S1400", "NAME": null}}, {"geom": {"type": "LineString", "coordinates": [[-118.365366, 37.462281], [-118.365585, 37.462867]]}, "props": {"MTFCC": "S1400", "NAME": null}}, {"geom": {"type": "LineString", "coordinates": [[-118.186205, 37.38447], [-118.186109, 37.383328]]}, "props": {"MTFCC": "S1400", "NAME": null}}, {"geom": {"type": "LineString", "coordinates": [[-118.507882, 37.409447], [-118.508158, 37.40957], [-118.508573, 37.409728], [-118.50874, 37.409781]]}, "props": {"MTFCC": "S1400", "NAME": null}}, {"geom": {"type": "LineString", "coordinates": [[-118.354491, 37.375965], [-118.354448, 37.37586], [-118.354434, 37.375753], [-118.35444, 37.372977], [-118.354473, 37.371661], [-118.354462, 37.370352], [-118.354461, 37.368988], [-118.354456, 37.368294], [-118.354485, 37.367522], [-118.354478, 37.367404], [-118.354455, 37.367287], [-118.354418, 37.367173], [-118.354382, 37.367095], [-118.354147, 37.366691], [-118.353723, 37.36592], [-118.353684, 37.36577], [-118.353671, 37.36539], [-118.353632, 37.36527], [-118.35358, 37.365198], [-118.353471, 37.365108], [-118.353365, 37.365064], [-118.353247, 37.365049], [-118.352919, 37.365078], [-118.35208, 37.365127], [-118.351405, 37.365158], [-118.350537, 37.365175], [-118.350148, 37.365167], [-118.350009, 37.365137], [-118.349887, 37.365074], [-118.349796, 37.364983], [-118.349768, 37.364946]]}, "props": {"MTFCC": "S1400", "NAME": null}}, {"geom": {"type": "LineString", "coordinates": [[-118.183552, 37.419377], [-118.183623, 37.419411], [-118.183718, 37.419432], [-118.183838, 37.41944], [-118.184124, 37.419421], [-118.184756, 37.419322], [-118.184985, 37.419323], [-118.185257, 37.41936], [-118.185372, 37.419385], [-118.185884, 37.419588], [-118.186053, 37.41968], [-118.186307, 37.419887], [-118.186425, 37.420003], [-118.186572, 37.420179], [-118.186775, 37.420514], [-118.186807, 37.420618], [-118.186829, 37.420826], [-118.186826, 37.420899], [-118.18671, 37.421211], [-118.186634, 37.421318], [-118.186441, 37.421777], [-118.186261, 37.422256], [-118.185919, 37.423024], [-118.185068, 37.424694], [-118.185049, 37.424788], [-118.185067, 37.424882], [-118.185121, 37.424967], [-118.185351, 37.425185], [-118.185457, 37.425317], [-118.186017, 37.426187], [-118.186137, 37.426429], [-118.186182, 37.426596], [-118.186193, 37.426743]]}, "props": {"MTFCC": "S1500", "NAME": null}}, {"geom": {"type": "LineString", "coordinates": [[-118.500569, 37.367118], [-118.500908, 37.367429], [-118.501003, 37.367562], [-118.501055, 37.367651], [-118.501106, 37.367692], [-118.501361, 37.367776], [-118.501466, 37.36783], [-118.501579, 37.367923], [-118.501634, 37.36799], [-118.501726, 37.368168], [-118.501875, 37.368335]]}, "props": {"MTFCC": "S1400", "NAME": null}}, {"geom": {"type": "LineString", "coordinates": [[-118.427512, 37.364723], [-118.429786, 37.364689]]}, "props": {"MTFCC": "S1400", "NAME": null}}, {"geom": {"type": "LineString", "coordinates": [[-118.290501, 37.458395], [-118.290646, 37.458523], [-118.290682, 37.458536], [-118.290722, 37.458537], [-118.29093, 37.458459], [-118.291048, 37.4584], [-118.291193, 37.458296], [-118.291389, 37.458187], [-118.291488, 37.458171], [-118.291564, 37.45818], [-118.291651, 37.458221], [-118.291686, 37.458252], [-118.291784, 37.458438], [-118.291967, 37.458629], [-118.292075, 37.458716], [-118.292274, 37.458837], [-118.292638, 37.459033], [-118.29278, 37.459135], [-118.292855, 37.459245], [-118.292989, 37.459538], [-118.293001, 37.459636], [-118.292977, 37.459821], [-118.29299, 37.459921], [-118.293029, 37.460017], [-118.293158, 37.460263], [-118.293185, 37.460399], [-118.293194, 37.460496], [-118.293213, 37.460538], [-118.293261, 37.460585], [-118.293706, 37.46076], [-118.293815, 37.460821]]}, "props": {"MTFCC": "S1400", "NAME": null}}, {"geom": {"type": "LineString", "coordinates": [[-118.447521, 37.367578], [-118.448591, 37.367541], [-118.448708, 37.367537], [-118.448736, 37.367651], [-118.448713, 37.368166], [-118.448708, 37.368372], [-118.448736, 37.368416], [-118.448786, 37.368443], [-118.449169, 37.368477], [-118.449869, 37.368461]]}, "props": {"MTFCC": "S1400", "NAME": null}}, {"geom": {"type": "LineString", "coordinates": [[-118.44918, 37.367489], [-118.448708, 37.367537]]}, "props": {"MTFCC": "S1400", "NAME": null}}, {"geom": {"type": "LineString", "coordinates": [[-118.482369, 37.40962], [-118.482361, 37.409551], [-118.482381, 37.409525], [-118.482442, 37.409497], [-118.482512, 37.409491], [-118.482593, 37.409497], [-118.48268, 37.409474], [-118.482749, 37.409426], [-118.482766, 37.409404], [-118.482795, 37.409298], [-118.482778, 37.409199], [-118.482759, 37.409167], [-118.482707, 37.40912], [-118.48261, 37.409053]]}, "props": {"MTFCC": "S1400", "NAME": null}}, {"geom": {"type": "LineString", "coordinates": [[-118.472865, 37.411273], [-118.472841, 37.411149], [-118.4728, 37.411054], [-118.47275, 37.411025], [-118.472689, 37.411025], [-118.472432, 37.411041], [-118.472338, 37.411021], [-118.472257, 37.410979], [-118.472196, 37.410918], [-118.47217, 37.410871], [-118.472159, 37.410737], [-118.472161, 37.410648]]}, "props": {"MTFCC": "S1400", "NAME": null}}, {"geom": {"type": "LineString", "coordinates": [[-118.40187, 37.370409], [-118.401887, 37.371453], [-118.401899, 37.372212], [-118.401901, 37.372627]]}, "props": {"MTFCC": "S1400", "NAME": null}}, {"geom": {"type": "LineString", "coordinates": [[-118.373949, 37.38239], [-118.373321, 37.381462]]}, "props": {"MTFCC": "S1400", "NAME": null}}, {"geom": {"type": "LineString", "coordinates": [[-118.395355, 37.382749], [-118.392599, 37.38272], [-118.391146, 37.38269]]}, "props": {"MTFCC": "S1400", "NAME": null}}, {"geom": {"type": "LineString", "coordinates": [[-118.721473, 37.395059], [-118.721491, 37.395099], [-118.721523, 37.395232], [-118.72152, 37.39526], [-118.72151, 37.395303], [-118.721494, 37.395335], [-118.721419, 37.395405], [-118.721408, 37.395441], [-118.721411, 37.395478], [-118.721434, 37.395534], [-118.721528, 37.395655], [-118.721534, 37.395695], [-118.721525, 37.39572], [-118.72147, 37.395755], [-118.721409, 37.395773], [-118.721371, 37.395818], [-118.721354, 37.395873], [-118.721278, 37.395957], [-118.72119, 37.396003], [-118.721105, 37.39602], [-118.721023, 37.396019], [-118.720881, 37.395991], [-118.720834, 37.395994], [-118.72079, 37.396009], [-118.720739, 37.395955], [-118.720519, 37.395803], [-118.720385, 37.395729], [-118.72026, 37.395667], [-118.720208, 37.39561], [-118.719987, 37.395027], [-118.719859, 37.394766], [-118.719793, 37.394724], [-118.719679, 37.394684], [-118.719663, 37.394662], [-118.719671, 37.394612], [-118.719698, 37.394594], [-118.71991, 37.394588], [-118.719983, 37.394558], [-118.720185, 37.394392], [-118.720262, 37.394292], [-118.720278, 37.394194], [-118.720251, 37.394108], [-118.720214, 37.394062], [-118.720105, 37.393975], [-118.719867, 37.393824], [-118.719229, 37.39346], [-118.719086, 37.393366], [-118.719031, 37.393304], [-118.719003, 37.393231], [-118.718996, 37.393134], [-118.71904, 37.392789], [-118.719036, 37.392745], [-118.719016, 37.3927], [-118.718987, 37.392662], [-118.718923, 37.39261], [-118.718891, 37.392551], [-118.718883, 37.392503], [-118.718888, 37.392453], [-118.719171, 37.391791], [-118.719177, 37.391697], [-118.719139, 37.3915], [-118.719163, 37.391258], [-118.719183, 37.39113], [-118.719267, 37.390913], [-118.719261, 37.390763], [-118.719202, 37.390575], [-118.719099, 37.390343], [-118.719082, 37.390245], [-118.719088, 37.390184], [-118.719142, 37.390033], [-118.719217, 37.38976], [-118.719276, 37.389663], [-118.719349, 37.389589], [-118.719616, 37.3894], [-118.719707, 37.389288], [-118.719769, 37.389181], [-118.719804, 37.3893], [-118.719808, 37.389366], [-118.71979, 37.389438], [-118.719724, 37.389555], [-118.719721, 37.389661], [-118.719739, 37.389798], [-118.719727, 37.389902], [-118.71967, 37.390092], [-118.719675, 37.390221], [-118.719727, 37.390381], [-118.719783, 37.39046], [-118.719847, 37.390529], [-118.719883, 37.390626], [-118.719911, 37.390736], [-118.719977, 37.390852], [-118.720189, 37.391076], [-118.720301, 37.391261], [-118.720428, 37.39158], [-118.720489, 37.391781], [-118.720523, 37.39195], [-118.720534, 37.392112], [-118.720563, 37.393079], [-118.720613, 37.393335], [-118.720614, 37.393504], [-118.720653, 37.393718], [-118.720671, 37.393777], [-118.720745, 37.393914], [-118.720804, 37.393989], [-118.720889, 37.394058], [-118.721061, 37.394151], [-118.721124, 37.394217], [-118.721198, 37.394373], [-118.721235, 37.394429], [-118.721274, 37.394468], [-118.721325, 37.394499], [-118.721392, 37.39454], [-118.721415, 37.394569], [-118.721432, 37.394639], [-118.721438, 37.394662], [-118.721409, 37.394836], [-118.721418, 37.394939], [-118.721473, 37.395059]]}, "props": {"MTFCC": "S1740", "NAME": null}}, {"geom": {"type": "LineString", "coordinates": [[-118.570517, 37.397404], [-118.570506, 37.397793], [-118.570508, 37.397878], [-118.570533, 37.398071], [-118.570635, 37.398606], [-118.57082, 37.399272], [-118.57082, 37.399383], [-118.570791, 37.399492], [-118.570742, 37.399584], [-118.570463, 37.399892], [-118.570333, 37.400064], [-118.570301, 37.400143], [-118.57027, 37.400365], [-118.570232, 37.400411], [-118.57017, 37.400436], [-118.570093, 37.400432], [-118.569796, 37.400403], [-118.569723, 37.40039], [-118.569672, 37.400372], [-118.569633, 37.40033], [-118.569625, 37.400284], [-118.569646, 37.399787], [-118.569638, 37.399427], [-118.569655, 37.399309], [-118.569702, 37.399176], [-118.569828, 37.398926], [-118.56993, 37.39875], [-118.569995, 37.398617], [-118.570072, 37.39842], [-118.570139, 37.398209], [-118.570206, 37.398069], [-118.570375, 37.397833], [-118.57046, 37.397675], [-118.570517, 37.397404]]}, "props": {"MTFCC": "S1400", "NAME": null}}, {"geom": {"type": "LineString", "coordinates": [[-118.480009, 37.404484], [-118.479921, 37.404498], [-118.479844, 37.404547], [-118.479787, 37.404613], [-118.479666, 37.404688], [-118.478812, 37.405113], [-118.478685, 37.405201], [-118.478663, 37.405247], [-118.47867, 37.405296], [-118.47873, 37.405352], [-118.478767, 37.405373]]}, "props": {"MTFCC": "S1400", "NAME": null}}, {"geom": {"type": "LineString", "coordinates": [[-118.365631, 37.381318], [-118.365658, 37.38141], [-118.36581, 37.381635], [-118.365843, 37.381726], [-118.365924, 37.381847], [-118.365932, 37.38191], [-118.365907, 37.381969], [-118.36586, 37.382025]]}, "props": {"MTFCC": "S1400", "NAME": null}}, {"geom": {"type": "LineString", "coordinates": [[-118.506177, 37.40653], [-118.506111, 37.406598], [-118.506037, 37.406623], [-118.505955, 37.406626], [-118.505878, 37.406599], [-118.505744, 37.406491], [-118.505173, 37.406184], [-118.504994, 37.40606], [-118.504944, 37.406016]]}, "props": {"MTFCC": "S1400", "NAME": null}}, {"geom": {"type": "LineString", "coordinates": [[-118.442398, 37.392947], [-118.442267, 37.393096], [-118.442176, 37.393183]]}, "props": {"MTFCC": "S1400", "NAME": null}}, {"geom": {"type": "LineString", "coordinates": [[-118.385181, 37.40934], [-118.385196, 37.409447], [-118.385222, 37.409506], [-118.385271, 37.409593], [-118.38527, 37.409674], [-118.385245, 37.409727], [-118.385051, 37.409975]]}, "props": {"MTFCC": "S1400", "NAME": null}}, {"geom": {"type": "LineString", "coordinates": [[-118.586676, 37.413677], [-118.587554, 37.413655], [-118.588285, 37.413582], [-118.588439, 37.413544], [-118.588601, 37.413474]]}, "props": {"MTFCC": "S1400", "NAME": null}}, {"geom": {"type": "LineString", "coordinates": [[-118.381949, 37.409088], [-118.381785, 37.409162], [-118.381523, 37.409315], [-118.381412, 37.409348], [-118.381292, 37.409358], [-118.381058, 37.40935], [-118.380867, 37.409326], [-118.380769, 37.409318], [-118.380703, 37.409291], [-118.380655, 37.409252], [-118.380457, 37.409035], [-118.380389, 37.408994], [-118.380239, 37.408939], [-118.379791, 37.408794], [-118.379628, 37.408737], [-118.379543, 37.408733], [-118.379426, 37.408753], [-118.378917, 37.408906], [-118.378822, 37.408941], [-118.378691, 37.408958], [-118.378491, 37.40894], [-118.378386, 37.408944], [-118.378346, 37.408954], [-118.378165, 37.409079], [-118.377983, 37.409168], [-118.377839, 37.409211], [-118.377617, 37.409246], [-118.377374, 37.409264], [-118.377193, 37.409249], [-118.376901, 37.409178], [-118.376743, 37.409166], [-118.376647, 37.409178], [-118.376586, 37.409214], [-118.376477, 37.409343], [-118.376363, 37.40944], [-118.376304, 37.409465], [-118.376111, 37.409493], [-118.375956, 37.409545], [-118.375899, 37.409595], [-118.375716, 37.410008], [-118.375674, 37.410062], [-118.375598, 37.410106], [-118.375518, 37.410121], [-118.375244, 37.4101], [-118.375191, 37.410103], [-118.374967, 37.410182], [-118.374701, 37.410189], [-118.374595, 37.410161], [-118.374485, 37.410088], [-118.374434, 37.410039], [-118.374351, 37.409907], [-118.374279, 37.409865], [-118.374212, 37.409865], [-118.373884, 37.409948], [-118.373779, 37.40996], [-118.373597, 37.409959], [-118.373555, 37.409966], [-118.373466, 37.410017], [-118.373305, 37.410157], [-118.373121, 37.410363], [-118.372996, 37.410545], [-118.372954, 37.410591], [-118.372855, 37.410647], [-118.372727, 37.410687], [-118.372591, 37.410711]]}, "props": {"MTFCC": "S1400", "NAME": null}}, {"geom": {"type": "LineString", "coordinates": [[-118.501574, 37.407437], [-118.50095, 37.407454]]}, "props": {"MTFCC": "S1400", "NAME": null}}, {"geom": {"type": "LineString", "coordinates": [[-118.326928, 37.419176], [-118.326566, 37.41915], [-118.326304, 37.419169], [-118.325587, 37.419161], [-118.325365, 37.41915]]}, "props": {"MTFCC": "S1400", "NAME": null}}, {"geom": {"type": "LineString", "coordinates": [[-118.326083, 37.420016], [-118.326009, 37.420081], [-118.325954, 37.420164], [-118.325881, 37.420315], [-118.325839, 37.420368], [-118.325698, 37.420481], [-118.325532, 37.420604], [-118.325396, 37.420746]]}, "props": {"MTFCC": "S1400", "NAME": null}}, {"geom": {"type": "LineString", "coordinates": [[-118.383576, 37.428857], [-118.383613, 37.428668], [-118.383667, 37.428541], [-118.383734, 37.428435], [-118.383823, 37.428318], [-118.384019, 37.428115], [-118.384233, 37.427934], [-118.384448, 37.427719], [-118.384558, 37.4276], [-118.384853, 37.427214], [-118.385028, 37.426946], [-118.385404, 37.426336], [-118.385474, 37.426199], [-118.385732, 37.425747], [-118.386078, 37.424849]]}, "props": {"MTFCC": "S1400", "NAME": null}}, {"geom": {"type": "LineString", "coordinates": [[-118.415444, 37.385864], [-118.414419, 37.385878], [-118.414261, 37.385939]]}, "props": {"MTFCC": "S1400", "NAME": null}}, {"geom": {"type": "LineString", "coordinates": [[-118.51569, 37.413018], [-118.515706, 37.412955], [-118.515688, 37.41285], [-118.515679, 37.412801], [-118.515659, 37.412709], [-118.515639, 37.412654], [-118.515605, 37.412589], [-118.515578, 37.412544], [-118.515542, 37.412507], [-118.515463, 37.41247], [-118.515407, 37.412457], [-118.515294, 37.412434], [-118.515238, 37.412425], [-118.515168, 37.41242], [-118.5151, 37.41243], [-118.515067, 37.412445], [-118.515038, 37.412459], [-118.514999, 37.41251], [-118.514991, 37.41257], [-118.515003, 37.412642], [-118.515027, 37.412725], [-118.515045, 37.412777], [-118.515079, 37.412844], [-118.515106, 37.412894], [-118.515127, 37.412943], [-118.51512, 37.412995]]}, "props": {"MTFCC": "S1400", "NAME": null}}, {"geom": {"type": "LineString", "coordinates": [[-118.517051, 37.407755], [-118.517093, 37.407732], [-118.517112, 37.407676], [-118.517137, 37.407625], [-118.517164, 37.407564], [-118.51719, 37.4075], [-118.517216, 37.407437], [-118.517242, 37.407377], [-118.517282, 37.407292], [-118.517317, 37.40724], [-118.517348, 37.407185], [-118.517393, 37.407141], [-118.517436, 37.407107], [-118.517503, 37.407015]]}, "props": {"MTFCC": "S1400", "NAME": null}}, {"geom": {"type": "LineString", "coordinates": [[-118.351233, 37.384453], [-118.351626, 37.384583], [-118.351909, 37.384636], [-118.352166, 37.384678], [-118.35256, 37.384713], [-118.352723, 37.384695], [-118.352981, 37.384655], [-118.353318, 37.384636], [-118.354016, 37.384634], [-118.354285, 37.384612], [-118.354891, 37.38452], [-118.355051, 37.384503], [-118.355444, 37.384494], [-118.355522, 37.384498], [-118.355731, 37.384558], [-118.355829, 37.384575], [-118.355948, 37.384639], [-118.356156, 37.384782], [-118.356269, 37.384847], [-118.356471, 37.385019], [-118.356773, 37.38532], [-118.356868, 37.385396], [-118.356978, 37.385458], [-118.35721, 37.385562], [-118.357419, 37.385646], [-118.357499, 37.38569], [-118.357746, 37.385865], [-118.357894, 37.385976], [-118.358275, 37.386179], [-118.358398, 37.386224], [-118.358581, 37.386256], [-118.358738, 37.386257], [-118.358903, 37.386241], [-118.359046, 37.386251], [-118.359259, 37.386274], [-118.359408, 37.386278], [-118.359527, 37.386272]]}, "props": {"MTFCC": "S1400", "NAME": null}}, {"geom": {"type": "LineString", "coordinates": [[-118.533129, 37.409405], [-118.533359, 37.409614], [-118.534603, 37.410702], [-118.535789, 37.411761], [-118.537087, 37.41289], [-118.537744, 37.413478], [-118.538475, 37.414101], [-118.538936, 37.414529], [-118.539654, 37.415173], [-118.540171, 37.415601], [-118.540725, 37.416089], [-118.541285, 37.416551], [-118.542284, 37.417448], [-118.542415, 37.417554], [-118.542503, 37.417614], [-118.542771, 37.417773], [-118.542881, 37.417847], [-118.54298, 37.417926], [-118.543238, 37.418096], [-118.543336, 37.418183], [-118.543409, 37.418284], [-118.543457, 37.418394], [-118.543479, 37.418457], [-118.543519, 37.418513], [-118.544116, 37.419077], [-118.544447, 37.419482], [-118.544514, 37.419586], [-118.544572, 37.419709], [-118.544658, 37.419951], [-118.544753, 37.420129], [-118.544852, 37.420246], [-118.545038, 37.420406], [-118.545607, 37.420853], [-118.545725, 37.420922], [-118.546032, 37.421023], [-118.546292, 37.421139], [-118.546525, 37.421255], [-118.546844, 37.421366], [-118.546933, 37.421419], [-118.547068, 37.421531], [-118.547253, 37.421711], [-118.547404, 37.421883], [-118.548025, 37.422749], [-118.548366, 37.42316], [-118.548517, 37.423299], [-118.548684, 37.423412], [-118.548799, 37.423464]]}, "props": {"MTFCC": "S1400", "NAME": null}}, {"geom": {"type": "LineString", "coordinates": [[-118.528432, 37.409887], [-118.528521, 37.409957], [-118.528898, 37.410275], [-118.52915, 37.410496]]}, "props": {"MTFCC": "S1400", "NAME": null}}, {"geom": {"type": "LineString", "coordinates": [[-118.458815, 37.41972], [-118.458593, 37.419756], [-118.457978, 37.419806], [-118.456466, 37.419888], [-118.455307, 37.419955], [-118.454767, 37.41999], [-118.454116, 37.420018], [-118.453892, 37.420003], [-118.453333, 37.419907], [-118.453197, 37.419866], [-118.453088, 37.419801], [-118.452479, 37.419153], [-118.452424, 37.419105], [-118.452288, 37.419023], [-118.451926, 37.418881], [-118.451298, 37.418587], [-118.4511, 37.418483], [-118.451, 37.418445], [-118.450559, 37.41834], [-118.450223, 37.41824], [-118.449691, 37.418063], [-118.449545, 37.418038], [-118.449047, 37.417998], [-118.448568, 37.417968], [-118.448023, 37.417909], [-118.44769, 37.417891], [-118.447501, 37.417889], [-118.447039, 37.417856], [-118.446943, 37.417863], [-118.44578, 37.418109], [-118.444754, 37.418336], [-118.444449, 37.418386], [-118.444351, 37.418426], [-118.444207, 37.418542], [-118.443665, 37.419018], [-118.442587, 37.419895], [-118.442136, 37.420235], [-118.441951, 37.4204], [-118.441608, 37.420752], [-118.441266, 37.421074], [-118.44114, 37.421179], [-118.440638, 37.421637], [-118.440433, 37.421837], [-118.439824, 37.422569], [-118.439729, 37.422663], [-118.439495, 37.422838], [-118.438844, 37.423276], [-118.438352, 37.423589], [-118.43819, 37.4237], [-118.43808, 37.423763], [-118.437974, 37.423857], [-118.437892, 37.423969], [-118.43742, 37.425107], [-118.437306, 37.425283], [-118.437062, 37.425759], [-118.436845, 37.426138], [-118.43663, 37.426604], [-118.436589, 37.42668], [-118.436463, 37.42684], [-118.435753, 37.427582], [-118.435385, 37.427926], [-118.435124, 37.428151], [-118.434961, 37.428318], [-118.434399, 37.42884], [-118.434242, 37.429011], [-118.434135, 37.42914], [-118.433979, 37.429487], [-118.433823, 37.429728], [-118.433759, 37.429883], [-118.433682, 37.430211], [-118.433556, 37.430499], [-118.433474, 37.430766], [-118.433279, 37.431095], [-118.433085, 37.431362], [-118.433007, 37.431447], [-118.432918, 37.431512], [-118.432785, 37.431572]]}, "props": {"MTFCC": "S1400", "NAME": null}}, {"geom": {"type": "LineString", "coordinates": [[-118.377328, 37.375769], [-118.377236, 37.375839], [-118.377213, 37.375897], [-118.377211, 37.375965]]}, "props": {"MTFCC": "S1400", "NAME": null}}, {"geom": {"type": "LineString", "coordinates": [[-118.376882, 37.382083], [-118.376682, 37.382042], [-118.376565, 37.382047], [-118.376419, 37.382119], [-118.376361, 37.382165], [-118.376266, 37.3822], [-118.376194, 37.3822], [-118.376129, 37.382176], [-118.376035, 37.382089], [-118.375986, 37.382033], [-118.375918, 37.382001], [-118.375886, 37.382003], [-118.375841, 37.382029], [-118.375768, 37.382139], [-118.375758, 37.382215], [-118.375854, 37.382433], [-118.375854, 37.382458], [-118.37584, 37.382484], [-118.375812, 37.382501], [-118.375774, 37.382509], [-118.375721, 37.382504], [-118.375608, 37.382441], [-118.375513, 37.382371], [-118.375478, 37.382336]]}, "props": {"MTFCC": "S1400", "NAME": null}}, {"geom": {"type": "LineString", "coordinates": [[-118.415497, 37.376732], [-118.41545, 37.376937]]}, "props": {"MTFCC": "S1400", "NAME": null}}, {"geom": {"type": "LineString", "coordinates": [[-118.414969, 37.375896], [-118.414994, 37.376172], [-118.41501, 37.376217]]}, "props": {"MTFCC": "S1400", "NAME": null}}, {"geom": {"type": "LineString", "coordinates": [[-118.41501, 37.376217], [-118.415083, 37.376306], [-118.415165, 37.376451]]}, "props": {"MTFCC": "S1400", "NAME": null}}, {"geom": {"type": "LineString", "coordinates": [[-118.667311, 37.388525], [-118.667325, 37.388742], [-118.667318, 37.389077], [-118.667344, 37.389221], [-118.667525, 37.3896], [-118.667585, 37.389693], [-118.667598, 37.389712], [-118.667679, 37.389788], [-118.6678, 37.389875], [-118.667873, 37.389945], [-118.667947, 37.390041], [-118.668028, 37.390172], [-118.668177, 37.390355], [-118.668198, 37.390431], [-118.668191, 37.390506], [-118.668206, 37.390632], [-118.668177, 37.390792], [-118.66818, 37.390877], [-118.668215, 37.391025], [-118.668216, 37.391174]]}, "props": {"MTFCC": "S1400", "NAME": null}}, {"geom": {"type": "LineString", "coordinates": [[-118.54881, 37.393046], [-118.549761, 37.391937], [-118.549978, 37.391714], [-118.550089, 37.391623], [-118.550182, 37.391563], [-118.550283, 37.39151], [-118.550391, 37.391467], [-118.550734, 37.391377], [-118.551143, 37.391291], [-118.551317, 37.39122], [-118.551529, 37.391098], [-118.551649, 37.391004], [-118.551765, 37.390873], [-118.551841, 37.390737], [-118.551872, 37.390624], [-118.551889, 37.390489], [-118.55187, 37.390342], [-118.551815, 37.390193], [-118.551699, 37.390016], [-118.551479, 37.389783]]}, "props": {"MTFCC": "S1400", "NAME": null}}, {"geom": {"type": "LineString", "coordinates": [[-118.419023, 37.384085], [-118.419019, 37.383833], [-118.418996, 37.383717], [-118.41896, 37.383597]]}, "props": {"MTFCC": "S1400", "NAME": null}}, {"geom": {"type": "LineString", "coordinates": [[-118.35899, 37.378988], [-118.35912, 37.379111], [-118.35914, 37.37917], [-118.359112, 37.379262], [-118.359071, 37.379348], [-118.359047, 37.379465], [-118.359042, 37.379673], [-118.359005, 37.379724], [-118.358945, 37.379758], [-118.358871, 37.379792], [-118.358828, 37.379835], [-118.358811, 37.379917], [-118.358829, 37.380238], [-118.358841, 37.380273], [-118.35892, 37.380361], [-118.358963, 37.38045], [-118.35901, 37.380733], [-118.359045, 37.381091], [-118.359065, 37.381118], [-118.359306, 37.381238], [-118.359533, 37.381367], [-118.359658, 37.381476], [-118.359756, 37.381528], [-118.359815, 37.381531], [-118.359877, 37.381502], [-118.36019, 37.381155], [-118.360274, 37.381101], [-118.360379, 37.38107], [-118.360668, 37.381055], [-118.36092, 37.381064], [-118.361025, 37.381096], [-118.36145, 37.381348], [-118.361731, 37.381482], [-118.361898, 37.381526], [-118.362068, 37.381548], [-118.362172, 37.381535], [-118.362265, 37.381498], [-118.362308, 37.381469], [-118.362479, 37.381293], [-118.362727, 37.381014], [-118.362802, 37.380965], [-118.362893, 37.380938], [-118.363168, 37.380932], [-118.363474, 37.380953], [-118.363572, 37.380978], [-118.3637, 37.381046], [-118.363978, 37.38128], [-118.364075, 37.381331], [-118.364186, 37.381355], [-118.365631, 37.381318]]}, "props": {"MTFCC": "S1400", "NAME": null}}, {"geom": {"type": "LineString", "coordinates": [[-117.830902, 37.372074], [-117.830953, 37.372193], [-117.831101, 37.372416], [-117.831116, 37.372438], [-117.831308, 37.372779], [-117.831355, 37.37292], [-117.831363, 37.373006], [-117.831341, 37.373082], [-117.831315, 37.373126], [-117.83118, 37.373264], [-117.831086, 37.373333], [-117.831064, 37.373362], [-117.830965, 37.373445], [-117.830896, 37.373524], [-117.830748, 37.373731], [-117.830615, 37.373944], [-117.830546, 37.374115], [-117.830506, 37.374248], [-117.830497, 37.37431], [-117.830502, 37.374412], [-117.830523, 37.374549], [-117.830597, 37.374817], [-117.830627, 37.374869], [-117.830741, 37.375068], [-117.830771, 37.375142], [-117.830792, 37.375227], [-117.830814, 37.375471], [-117.830812, 37.375536], [-117.830752, 37.375742], [-117.830694, 37.375843], [-117.830612, 37.375932], [-117.830508, 37.376005], [-117.830248, 37.376121], [-117.830139, 37.376185], [-117.829828, 37.37643], [-117.829591, 37.376644], [-117.829424, 37.376739], [-117.829271, 37.376886], [-117.829052, 37.377135], [-117.828923, 37.377288], [-117.828905, 37.377355], [-117.828928, 37.377476], [-117.829067, 37.377909], [-117.829102, 37.377997], [-117.829142, 37.378381], [-117.829115, 37.378459], [-117.829059, 37.378527], [-117.829023, 37.378558], [-117.828972, 37.378651], [-117.828946, 37.378732], [-117.828945, 37.378843], [-117.828972, 37.378952], [-117.829028, 37.379053], [-117.829091, 37.379127], [-117.829223, 37.379243], [-117.829504, 37.37943], [-117.829554, 37.379487], [-117.829615, 37.379683], [-117.829653, 37.379903], [-117.829669, 37.379949], [-117.829718, 37.380001], [-117.82977, 37.38004], [-117.829958, 37.380132], [-117.830059, 37.3802], [-117.830195, 37.380312], [-117.830368, 37.380478], [-117.830457, 37.380584], [-117.830621, 37.380716], [-117.830853, 37.38089], [-117.83101, 37.381034], [-117.831224, 37.381158], [-117.831265, 37.381187], [-117.831338, 37.381275], [-117.831416, 37.381413], [-117.831512, 37.381554], [-117.831653, 37.381645], [-117.831773, 37.38173], [-117.83233, 37.382167], [-117.832638, 37.382374], [-117.832886, 37.382506], [-117.833342, 37.382769], [-117.833378, 37.38282], [-117.833385, 37.382882], [-117.833358, 37.382918], [-117.833142, 37.383087], [-117.832987, 37.38323], [-117.832854, 37.383313], [-117.832719, 37.383372]]}, "props": {"MTFCC": "S1400", "NAME": null}}, {"geom": {"type": "LineString", "coordinates": [[-117.993454, 37.378492], [-117.993018, 37.378188], [-117.991988, 37.37754], [-117.989798, 37.376019], [-117.988756, 37.375308], [-117.987882, 37.374712], [-117.986915, 37.374062], [-117.986601, 37.373876], [-117.986367, 37.373749], [-117.986252, 37.373705], [-117.986153, 37.373697], [-117.985893, 37.373702], [-117.984898, 37.373696], [-117.983671, 37.373672], [-117.983134, 37.373681], [-117.981524, 37.373653], [-117.981214, 37.373658], [-117.981161, 37.373656], [-117.981114, 37.373654], [-117.981052, 37.373659], [-117.980979, 37.373677], [-117.980873, 37.373737], [-117.980834, 37.373777], [-117.980757, 37.37397], [-117.9807, 37.37402], [-117.980572, 37.374072], [-117.980396, 37.37412], [-117.980227, 37.374161], [-117.979876, 37.374279], [-117.979754, 37.3743], [-117.979165, 37.374295], [-117.979018, 37.374314], [-117.978911, 37.37434], [-117.9788, 37.374396], [-117.978739, 37.374462], [-117.978679, 37.374535], [-117.97859, 37.37457], [-117.978378, 37.374589], [-117.977602, 37.374603], [-117.977516, 37.374612], [-117.977203, 37.374672], [-117.977024, 37.374682], [-117.976829, 37.374681], [-117.976664, 37.374665], [-117.976349, 37.374578], [-117.976135, 37.374533], [-117.975922, 37.374517], [-117.975296, 37.374528], [-117.975188, 37.374506], [-117.974898, 37.374388], [-117.974794, 37.374372], [-117.974607, 37.37439], [-117.974506, 37.374371]]}, "props": {"MTFCC": "S1400", "NAME": null}}, {"geom": {"type": "LineString", "coordinates": [[-117.984838, 37.371537], [-117.984601, 37.371792], [-117.984438, 37.37202], [-117.984025, 37.372729], [-117.983907, 37.373007], [-117.983671, 37.373672]]}, "props": {"MTFCC": "S1400", "NAME": null}}, {"geom": {"type": "LineString", "coordinates": [[-117.809008, 37.417188], [-117.808887, 37.417137], [-117.808641, 37.417061], [-117.808194, 37.41695], [-117.808005, 37.41688], [-117.807796, 37.416768], [-117.807477, 37.416579], [-117.807224, 37.416457], [-117.806277, 37.416042], [-117.805777, 37.415836], [-117.80558, 37.415763], [-117.805186, 37.415573], [-117.804868, 37.415394], [-117.804654, 37.415263], [-117.804155, 37.414896], [-117.803656, 37.414586], [-117.803127, 37.4143], [-117.802976, 37.414189], [-117.802855, 37.414053], [-117.802579, 37.413647], [-117.802507, 37.413569], [-117.802415, 37.413488], [-117.80221, 37.413344], [-117.801938, 37.413154], [-117.801788, 37.413075], [-117.801192, 37.412842], [-117.800847, 37.412671], [-117.800621, 37.412576], [-117.800218, 37.412434], [-117.799633, 37.412189], [-117.799531, 37.412147], [-117.799044, 37.41198], [-117.79754, 37.411439], [-117.796391, 37.411059], [-117.795399, 37.410694], [-117.794967, 37.410559], [-117.794303, 37.410397], [-117.793205, 37.41017], [-117.792656, 37.410074], [-117.792476, 37.410033], [-117.791562, 37.409731], [-117.790892, 37.409539], [-117.790379, 37.409357], [-117.790092, 37.409282], [-117.789897, 37.409252], [-117.789753, 37.409243], [-117.789579, 37.409245], [-117.789302, 37.409265], [-117.789106, 37.409291], [-117.788676, 37.409383], [-117.788357, 37.409483], [-117.788168, 37.409563], [-117.788001, 37.409605], [-117.787638, 37.409636], [-117.787401, 37.409677], [-117.7872, 37.409747], [-117.787107, 37.409794], [-117.786952, 37.409902], [-117.78677, 37.410036], [-117.786636, 37.410116], [-117.786479, 37.410209], [-117.786249, 37.410321], [-117.786084, 37.410389], [-117.785847, 37.410453], [-117.785715, 37.410459], [-117.78558, 37.410441], [-117.784988, 37.410299], [-117.784798, 37.410258], [-117.784693, 37.410235], [-117.784343, 37.410134], [-117.78377, 37.409959], [-117.783595, 37.409921], [-117.783064, 37.409876], [-117.782982, 37.409869], [-117.782618, 37.409858], [-117.782491, 37.409848], [-117.782318, 37.409801], [-117.782246, 37.409781], [-117.782122, 37.409731], [-117.781812, 37.409592], [-117.781613, 37.409519], [-117.781485, 37.409443], [-117.781379, 37.409347], [-117.781056, 37.408896], [-117.780976, 37.408809], [-117.780884, 37.408737], [-117.780773, 37.408678], [-117.780714, 37.408647], [-117.780404, 37.40844], [-117.780135, 37.408259], [-117.77958, 37.407886], [-117.779464, 37.407849], [-117.77934, 37.407843], [-117.779219, 37.407868], [-117.779091, 37.407913], [-117.778939, 37.407953], [-117.778614, 37.408008], [-117.778079, 37.408074], [-117.777536, 37.408089], [-117.777398, 37.408086], [-117.776951, 37.408117], [-117.77658, 37.408106], [-117.776302, 37.408085], [-117.775926, 37.408039], [-117.775503, 37.407921], [-117.775361, 37.407914], [-117.775098, 37.407959], [-117.774953, 37.407951], [-117.774818, 37.407909], [-117.774706, 37.407835], [-117.774527, 37.407659], [-117.774389, 37.407552], [-117.774294, 37.407507], [-117.774189, 37.407479], [-117.774037, 37.40747], [-117.773829, 37.407474], [-117.773729, 37.407484], [-117.77356, 37.40753], [-117.773367, 37.407615], [-117.772922, 37.407845], [-117.772839, 37.407897], [-117.77274, 37.408003], [-117.772655, 37.408128], [-117.772595, 37.408175], [-117.772492, 37.408211], [-117.772407, 37.408214], [-117.772326, 37.408196], [-117.772146, 37.408093], [-117.772108, 37.408071], [-117.771878, 37.407859], [-117.771105, 37.406902], [-117.770902, 37.406717], [-117.770668, 37.406554], [-117.770555, 37.406486], [-117.770262, 37.406367], [-117.769779, 37.406119], [-117.769674, 37.406089], [-117.76889, 37.405964], [-117.768529, 37.405906], [-117.768032, 37.405834], [-117.767985, 37.405822], [-117.767644, 37.405737], [-117.767036, 37.405543], [-117.766859, 37.405506], [-117.766715, 37.405495], [-117.766507, 37.405512], [-117.766268, 37.405544], [-117.765839, 37.405662], [-117.765054, 37.40586], [-117.764653, 37.405944], [-117.764345, 37.405973], [-117.764061, 37.405991], [-117.763779, 37.405985], [-117.763176, 37.405886], [-117.762863, 37.405819], [-117.76273, 37.405778], [-117.762353, 37.405634], [-117.761646, 37.405296], [-117.761245, 37.405129], [-117.761065, 37.40507], [-117.760502, 37.404946], [-117.759879, 37.404853], [-117.759613, 37.40479], [-117.759364, 37.404756], [-117.75807, 37.404694], [-117.757826, 37.404692], [-117.757603, 37.404677], [-117.757337, 37.404637], [-117.756949, 37.40455], [-117.756648, 37.404472], [-117.756429, 37.40443], [-117.756249, 37.404395], [-117.755894, 37.404338], [-117.755585, 37.40427], [-117.755269, 37.404223], [-117.755085, 37.404176], [-117.754867, 37.404158], [-117.754843, 37.404157], [-117.754793, 37.404157], [-117.754351, 37.404022], [-117.754116, 37.403915], [-117.752711, 37.403479], [-117.752606, 37.403441], [-117.751254, 37.402777], [-117.750724, 37.402483], [-117.750438, 37.4023], [-117.750036, 37.402014], [-117.749771, 37.401895], [-117.749591, 37.401843], [-117.749453, 37.401819], [-117.749326, 37.40181], [-117.749202, 37.401815], [-117.749015, 37.401862], [-117.748939, 37.40189], [-117.748617, 37.401978], [-117.748548, 37.402002]]}, "props": {"MTFCC": "S1400", "NAME": null}}, {"geom": {"type": "LineString", "coordinates": [[-117.836389, 37.464781], [-117.848512, 37.464688], [-117.850201, 37.464684], [-117.854903, 37.464713], [-117.857908, 37.464716], [-117.858654, 37.464688], [-117.86083, 37.464696], [-117.862296, 37.464721], [-117.86812, 37.464747], [-117.871113, 37.464747], [-117.872593, 37.464769], [-117.874037, 37.464771], [-117.876389, 37.464799], [-117.878106, 37.464786], [-117.879271, 37.4648], [-117.880505, 37.464799], [-117.880837, 37.46482], [-117.88108, 37.464868]]}, "props": {"MTFCC": "S1400", "NAME": null}}, {"geom": {"type": "LineString", "coordinates": [[-118.607073, 37.390522], [-118.607271, 37.390561], [-118.607392, 37.390602], [-118.607515, 37.39066], [-118.607753, 37.390706], [-118.607998, 37.390789], [-118.608126, 37.390805], [-118.608375, 37.390812], [-118.608516, 37.390836], [-118.608745, 37.390909], [-118.609241, 37.391122], [-118.609321, 37.391132], [-118.6095, 37.391117], [-118.609577, 37.39114], [-118.609637, 37.391201], [-118.609675, 37.391223], [-118.609855, 37.39126], [-118.610004, 37.391365], [-118.610139, 37.39142], [-118.610397, 37.39147], [-118.610555, 37.391489], [-118.610779, 37.391546], [-118.610916, 37.391588], [-118.610983, 37.391601], [-118.611081, 37.391603], [-118.611253, 37.391593], [-118.611618, 37.391628], [-118.611913, 37.391682], [-118.612242, 37.391761], [-118.612586, 37.39189], [-118.612655, 37.391908], [-118.613193, 37.391957], [-118.613408, 37.392026], [-118.613531, 37.392047], [-118.613655, 37.392047], [-118.613838, 37.392023], [-118.613937, 37.392035], [-118.614443, 37.39225], [-118.614696, 37.392346], [-118.614966, 37.392438], [-118.615245, 37.392556], [-118.615406, 37.39259], [-118.61561, 37.392626], [-118.615719, 37.392665], [-118.615796, 37.392692], [-118.616026, 37.392738], [-118.616186, 37.39275], [-118.61639, 37.392731], [-118.616491, 37.392752], [-118.616598, 37.392789], [-118.61673, 37.392811], [-118.617037, 37.392814], [-118.617713, 37.392906], [-118.618112, 37.392967], [-118.618277, 37.393008], [-118.618441, 37.393063], [-118.618519, 37.3931], [-118.618638, 37.39319], [-118.618738, 37.393231], [-118.618896, 37.393249], [-118.618946, 37.393285], [-118.618976, 37.393357], [-118.61899, 37.393559], [-118.619021, 37.393674], [-118.619072, 37.393724], [-118.619149, 37.393748], [-118.619214, 37.393742], [-118.61935, 37.393716], [-118.619463, 37.393718], [-118.619795, 37.393763], [-118.620144, 37.393839], [-118.620406, 37.393948], [-118.620465, 37.393978], [-118.620641, 37.3941], [-118.620775, 37.394155], [-118.620923, 37.394173], [-118.62118, 37.394148], [-118.621399, 37.394164], [-118.621549, 37.39415], [-118.621651, 37.394131], [-118.62174, 37.394123], [-118.621859, 37.394136], [-118.622283, 37.394243], [-118.622391, 37.394257], [-118.6225, 37.394262], [-118.622716, 37.394243], [-118.622989, 37.394181], [-118.623065, 37.394181], [-118.623219, 37.394195], [-118.623534, 37.39425], [-118.623744, 37.394241], [-118.623804, 37.394243], [-118.623854, 37.394269], [-118.623878, 37.394302], [-118.623897, 37.394347], [-118.623931, 37.394386], [-118.623996, 37.394434], [-118.624379, 37.394634], [-118.624487, 37.394652], [-118.624595, 37.394634], [-118.624758, 37.394565], [-118.62484, 37.394558], [-118.624919, 37.394578], [-118.625093, 37.394661], [-118.625402, 37.394766], [-118.625865, 37.39489], [-118.626282, 37.394974], [-118.626558, 37.395043], [-118.626838, 37.395096], [-118.627139, 37.395133], [-118.627264, 37.395158], [-118.627285, 37.395165], [-118.627558, 37.395249], [-118.627703, 37.39532], [-118.627804, 37.395394], [-118.627917, 37.395446], [-118.628086, 37.395484], [-118.62825, 37.395496], [-118.628384, 37.39553], [-118.628505, 37.395586], [-118.628608, 37.395647], [-118.628734, 37.395685], [-118.628868, 37.395691], [-118.629443, 37.395653], [-118.629645, 37.395666], [-118.629784, 37.395696], [-118.629909, 37.395756], [-118.630069, 37.395875], [-118.629939, 37.396045], [-118.629652, 37.396373], [-118.62945, 37.396628], [-118.629345, 37.396761], [-118.628976, 37.397249], [-118.6289, 37.397317], [-118.628856, 37.397345], [-118.628224, 37.397665], [-118.628025, 37.39774], [-118.627835, 37.397822], [-118.627498, 37.39795], [-118.626979, 37.398242], [-118.626632, 37.398457], [-118.626079, 37.398783], [-118.625902, 37.398908], [-118.625811, 37.39895], [-118.625649, 37.398993], [-118.625526, 37.399004], [-118.625196, 37.399003], [-118.624994, 37.399039], [-118.624497, 37.399164], [-118.624145, 37.399227], [-118.623965, 37.399244], [-118.62382, 37.399289], [-118.623735, 37.399338], [-118.623642, 37.399427], [-118.623573, 37.399525], [-118.623488, 37.399599], [-118.62344, 37.399631], [-118.623256, 37.399723], [-118.623072, 37.399842], [-118.622697, 37.400046], [-118.622609, 37.400104], [-118.622485, 37.400219], [-118.622137, 37.40062], [-118.62198, 37.400829], [-118.621868, 37.40101], [-118.621809, 37.401126], [-118.621543, 37.401755], [-118.621406, 37.402119], [-118.621351, 37.402198], [-118.621298, 37.402252], [-118.621174, 37.402332], [-118.620964, 37.40244]]}, "props": {"MTFCC": "S1500", "NAME": null}}, {"geom": {"type": "LineString", "coordinates": [[-118.313516, 37.445494], [-118.313404, 37.445527], [-118.313044, 37.445636], [-118.313006, 37.445647], [-118.312685, 37.445706], [-118.312465, 37.445719], [-118.312296, 37.445721], [-118.312252, 37.445722], [-118.311862, 37.445705], [-118.311701, 37.445718], [-118.311546, 37.445758], [-118.311483, 37.44578], [-118.311108, 37.44596], [-118.310881, 37.446029], [-118.310596, 37.446094], [-118.310346, 37.446146], [-118.310174, 37.446206], [-118.310022, 37.44629], [-118.309949, 37.446348], [-118.309818, 37.446507], [-118.309711, 37.446601], [-118.309581, 37.446676], [-118.30951, 37.446705], [-118.309024, 37.446824], [-118.308903, 37.44686], [-118.308803, 37.4469], [-118.308708, 37.446949], [-118.308601, 37.447019], [-118.308322, 37.447237], [-118.30792, 37.447626], [-118.307799, 37.447769], [-118.307587, 37.44802], [-118.307452, 37.448158], [-118.307338, 37.448248], [-118.307214, 37.448328], [-118.306973, 37.448429], [-118.306713, 37.448529], [-118.306624, 37.448587], [-118.306561, 37.448663], [-118.306537, 37.448721], [-118.306524, 37.4488], [-118.30652, 37.44894], [-118.306503, 37.449263], [-118.306456, 37.44936], [-118.306405, 37.449417], [-118.306265, 37.44949], [-118.30619, 37.449527], [-118.305921, 37.449636], [-118.30575, 37.449678], [-118.305645, 37.449694], [-118.305458, 37.44971], [-118.30528, 37.449697], [-118.305143, 37.449655], [-118.304831, 37.449471], [-118.304631, 37.449366], [-118.304503, 37.449338], [-118.30437, 37.449343], [-118.304057, 37.449421], [-118.303794, 37.449486], [-118.303451, 37.449555], [-118.303281, 37.449615], [-118.303076, 37.449706], [-118.302937, 37.449755], [-118.302817, 37.449754], [-118.302717, 37.449726], [-118.302024, 37.449414], [-118.301976, 37.449398], [-118.301922, 37.449392], [-118.301781, 37.449408], [-118.30144, 37.44947], [-118.301286, 37.449492], [-118.301202, 37.449522], [-118.301077, 37.449591], [-118.30098, 37.449626], [-118.300914, 37.449638], [-118.300778, 37.449643], [-118.300597, 37.449635], [-118.300563, 37.449638], [-118.300535, 37.449644], [-118.30046, 37.449678], [-118.300416, 37.449722]]}, "props": {"MTFCC": "S1400", "NAME": null}}, {"geom": {"type": "LineString", "coordinates": [[-118.315494, 37.39521], [-118.315543, 37.395091], [-118.315574, 37.394915], [-118.315595, 37.394409], [-118.315664, 37.393821], [-118.315659, 37.39353], [-118.315623, 37.393337], [-118.315586, 37.393255], [-118.315449, 37.393063], [-118.315366, 37.392973]]}, "props": {"MTFCC": "S1400", "NAME": null}}, {"geom": {"type": "LineString", "coordinates": [[-118.495433, 37.376772], [-118.495489, 37.376803], [-118.496836, 37.377411]]}, "props": {"MTFCC": "S1400", "NAME": null}}, {"geom": {"type": "LineString", "coordinates": [[-118.493978, 37.374108], [-118.493766, 37.374238], [-118.493353, 37.374489], [-118.49311, 37.374613], [-118.493003, 37.374647], [-118.492906, 37.374658], [-118.492586, 37.37493], [-118.492379, 37.375079], [-118.492293, 37.375174], [-118.492233, 37.37528], [-118.492203, 37.375395], [-118.492199, 37.375453], [-118.492218, 37.375585], [-118.492266, 37.375716], [-118.492338, 37.37581], [-118.492431, 37.37587], [-118.492543, 37.375904], [-118.492799, 37.375923], [-118.493011, 37.375929], [-118.493172, 37.375962], [-118.493296, 37.376], [-118.493415, 37.376049], [-118.493527, 37.376107], [-118.49377, 37.37626], [-118.493929, 37.376329], [-118.493958, 37.376358], [-118.494001, 37.376467], [-118.494602, 37.377418]]}, "props": {"MTFCC": "S1400", "NAME": null}}, {"geom": {"type": "LineString", "coordinates": [[-118.441748, 37.368042], [-118.441736, 37.367354], [-118.441726, 37.366578], [-118.441721, 37.36621], [-118.441754, 37.366159], [-118.441975, 37.366048], [-118.442212, 37.36598], [-118.44264, 37.365856], [-118.443092, 37.365727], [-118.44338, 37.365653], [-118.443729, 37.365566], [-118.444545, 37.365362], [-118.444951, 37.365184], [-118.445029, 37.36516], [-118.445193, 37.365132], [-118.445244, 37.365128], [-118.446336, 37.365033], [-118.447433, 37.364971]]}, "props": {"MTFCC": "S1400", "NAME": null}}, {"geom": {"type": "LineString", "coordinates": [[-118.429846, 37.373876], [-118.429836, 37.374176]]}, "props": {"MTFCC": "S1400", "NAME": null}}, {"geom": {"type": "LineString", "coordinates": [[-118.56277, 37.380244], [-118.56295, 37.38028], [-118.563169, 37.380317], [-118.563292, 37.380344], [-118.563507, 37.380419], [-118.563616, 37.380437], [-118.563762, 37.380446], [-118.564305, 37.38057], [-118.56467, 37.380676], [-118.564801, 37.380743], [-118.564921, 37.38081], [-118.565051, 37.380857], [-118.565208, 37.380895], [-118.565381, 37.380915], [-118.565505, 37.380908], [-118.565619, 37.380895], [-118.565914, 37.380934], [-118.566072, 37.38096], [-118.566157, 37.380984], [-118.566314, 37.381064], [-118.566681, 37.381161], [-118.566789, 37.381175], [-118.566923, 37.381181], [-118.567099, 37.381231], [-118.567197, 37.381249], [-118.567427, 37.381271], [-118.567761, 37.381334], [-118.56803, 37.381412], [-118.56829, 37.381503], [-118.568411, 37.381561], [-118.568719, 37.381756], [-118.569152, 37.381904], [-118.569337, 37.38192], [-118.569465, 37.381905], [-118.570101, 37.381702], [-118.570164, 37.38171], [-118.570213, 37.381742], [-118.570263, 37.381847], [-118.570296, 37.381961], [-118.570355, 37.382082], [-118.570412, 37.382138], [-118.57048, 37.382179], [-118.570624, 37.382224], [-118.570921, 37.382273], [-118.571274, 37.382298], [-118.571445, 37.382336], [-118.571679, 37.382352], [-118.571877, 37.382328], [-118.571982, 37.382341], [-118.572144, 37.382407], [-118.572283, 37.382448], [-118.573025, 37.382607], [-118.57341, 37.382731], [-118.57393, 37.382884], [-118.57406, 37.382928], [-118.574152, 37.382971], [-118.574324, 37.383088], [-118.574582, 37.383306]]}, "props": {"MTFCC": "S1400", "NAME": null}}, {"geom": {"type": "LineString", "coordinates": [[-118.415431, 37.384087], [-118.417065, 37.384098], [-118.418462, 37.384088], [-118.419023, 37.384085], [-118.419839, 37.384097], [-118.419982, 37.384109], [-118.420205, 37.384166], [-118.420362, 37.384225], [-118.420709, 37.38439], [-118.421012, 37.384485]]}, "props": {"MTFCC": "S1400", "NAME": null}}, {"geom": {"type": "LineString", "coordinates": [[-118.34974518595041, 37.3641], [-118.349746, 37.364297], [-118.349768, 37.364946]]}, "props": {"MTFCC": "S1400", "NAME": null}}, {"geom": {"type": "LineString", "coordinates": [[-118.393675, 37.380303], [-118.393484, 37.380184], [-118.393344, 37.380056], [-118.393203, 37.379828], [-118.393087, 37.379705], [-118.392636, 37.379328], [-118.39216, 37.378925], [-118.392021, 37.378792], [-118.391941, 37.378668], [-118.391932, 37.378642], [-118.391897, 37.378533], [-118.391808, 37.378054], [-118.39178, 37.377964], [-118.39171, 37.377836], [-118.391334, 37.377401], [-118.390997, 37.377043], [-118.390908, 37.376902], [-118.390787, 37.376635], [-118.390693, 37.376483], [-118.390553, 37.37634], [-118.390397, 37.376194], [-118.390361, 37.376119], [-118.390346, 37.375829], [-118.390324, 37.375696], [-118.390278, 37.375628], [-118.390225, 37.375604], [-118.38664, 37.375588], [-118.386518, 37.375588], [-118.386436, 37.37558], [-118.386383, 37.375545], [-118.386358, 37.375488], [-118.386352, 37.374423], [-118.386364, 37.373892], [-118.386343, 37.373621], [-118.386337, 37.372484], [-118.386318, 37.371658], [-118.386287, 37.371256], [-118.386245, 37.369769]]}, "props": {"MTFCC": "S1400", "NAME": null}}, {"geom": {"type": "LineString", "coordinates": [[-118.393022, 37.380428], [-118.393078, 37.380301], [-118.393089, 37.380205], [-118.393085, 37.380106], [-118.393072, 37.380032], [-118.393025, 37.379939], [-118.392908, 37.3798], [-118.392352, 37.379312], [-118.392019, 37.379031], [-118.391884, 37.378903], [-118.391767, 37.378735], [-118.391724, 37.378639], [-118.391678, 37.37845], [-118.391645, 37.378186], [-118.391588, 37.377979], [-118.391522, 37.377855], [-118.391476, 37.377798], [-118.391172, 37.377497], [-118.390856, 37.377154], [-118.390779, 37.37705], [-118.390712, 37.376941], [-118.390651, 37.376814], [-118.390595, 37.376667], [-118.390512, 37.376557], [-118.390287, 37.376373], [-118.390207, 37.376287], [-118.390184, 37.376243], [-118.390167, 37.376137], [-118.390184, 37.375827]]}, "props": {"MTFCC": "S1400", "NAME": null}}, {"geom": {"type": "LineString", "coordinates": [[-118.443729, 37.365566], [-118.44315, 37.364623]]}, "props": {"MTFCC": "S1400", "NAME": null}}, {"geom": {"type": "LineString", "coordinates": [[-118.44264, 37.365856], [-118.442468, 37.365639], [-118.442038, 37.365037]]}, "props": {"MTFCC": "S1400", "NAME": null}}, {"geom": {"type": "LineString", "coordinates": [[-118.41718, 37.376787], [-118.416835, 37.376782], [-118.416594, 37.376798]]}, "props": {"MTFCC": "S1400", "NAME": null}}, {"geom": {"type": "LineString", "coordinates": [[-118.41725, 37.377028], [-118.41722, 37.377051], [-118.417133, 37.377082], [-118.417034, 37.377087], [-118.416775, 37.37706], [-118.416647, 37.377065], [-118.416563, 37.377098], [-118.416523, 37.377133]]}, "props": {"MTFCC": "S1400", "NAME": null}}, {"geom": {"type": "LineString", "coordinates": [[-118.391543, 37.365415], [-118.392009, 37.365406]]}, "props": {"MTFCC": "S1400", "NAME": null}}, {"geom": {"type": "LineString", "coordinates": [[-118.422187, 37.387161], [-118.422494, 37.387402]]}, "props": {"MTFCC": "S1400", "NAME": null}}, {"geom": {"type": "LineString", "coordinates": [[-118.392345, 37.364336], [-118.39233997872341, 37.3641]]}, "props": {"MTFCC": "S1400", "NAME": null}}, {"geom": {"type": "LineString", "coordinates": [[-118.401887, 37.371453], [-118.40036, 37.371458], [-118.399883, 37.37146]]}, "props": {"MTFCC": "S1400", "NAME": null}}, {"geom": {"type": "LineString", "coordinates": [[-118.41632435616438, 37.3641], [-118.416279, 37.364487], [-118.416305, 37.364529], [-118.416333, 37.364547], [-118.416431, 37.364552], [-118.417056, 37.364533]]}, "props": {"MTFCC": "S1400", "NAME": null}}, {"geom": {"type": "LineString", "coordinates": [[-118.418356, 37.36933], [-118.418603, 37.369378], [-118.41868, 37.369362], [-118.418728, 37.369327], [-118.418765, 37.369276], [-118.418814, 37.369259], [-118.419349, 37.369238]]}, "props": {"MTFCC": "S1400", "NAME": null}}, {"geom": {"type": "LineString", "coordinates": [[-118.418353, 37.369782], [-118.418854, 37.369799], [-118.418946, 37.369776], [-118.419056, 37.369704], [-118.419149, 37.369675], [-118.419248, 37.369671], [-118.419781, 37.369671]]}, "props": {"MTFCC": "S1400", "NAME": null}}, {"geom": {"type": "LineString", "coordinates": [[-118.418364, 37.371553], [-118.420469, 37.371624]]}, "props": {"MTFCC": "S1400", "NAME": null}}, {"geom": {"type": "LineString", "coordinates": [[-118.422557, 37.375879], [-118.422556, 37.375939], [-118.422555, 37.375971], [-118.422557, 37.376023], [-118.422559, 37.376071], [-118.422574, 37.376118], [-118.422578, 37.376167], [-118.422579, 37.376213], [-118.422585, 37.376265], [-118.422588, 37.37631], [-118.422575, 37.376354], [-118.42258, 37.376424], [-118.422592, 37.376487], [-118.422597, 37.376538], [-118.4226, 37.376558], [-118.422601, 37.376584], [-118.422598, 37.376637], [-118.422594, 37.376682], [-118.42259, 37.376737], [-118.422579, 37.376794], [-118.422575, 37.376849], [-118.422577, 37.376899], [-118.422588, 37.376944], [-118.422587, 37.37699]]}, "props": {"MTFCC": "S1400", "NAME": null}}, {"geom": {"type": "LineString", "coordinates": [[-118.345251, 37.403607], [-118.346019, 37.403618], [-118.346306, 37.403598], [-118.346518, 37.403561], [-118.346661, 37.403526]]}, "props": {"MTFCC": "S1400", "NAME": null}}, {"geom": {"type": "LineString", "coordinates": [[-118.457476, 37.397641], [-118.457535, 37.397641], [-118.459038, 37.397638], [-118.459557, 37.397616], [-118.459634, 37.397613], [-118.461271, 37.397613], [-118.463031, 37.397592], [-118.466545, 37.397595], [-118.467395, 37.397589], [-118.468326, 37.397599], [-118.469212, 37.397583], [-118.469859, 37.397587]]}, "props": {"MTFCC": "S1400", "NAME": null}}, {"geom": {"type": "LineString", "coordinates": [[-118.458042, 37.376155], [-118.458156, 37.376194], [-118.458288, 37.376239], [-118.458432, 37.376254], [-118.4587, 37.37626], [-118.459022, 37.376297], [-118.459412, 37.376363], [-118.459468, 37.376378], [-118.459732, 37.376447], [-118.459939, 37.376522], [-118.460287, 37.376606], [-118.461019, 37.376749], [-118.461197, 37.376771], [-118.461431, 37.376778], [-118.46173, 37.376772], [-118.461816, 37.376795], [-118.461853, 37.376818], [-118.461883, 37.376873], [-118.461889, 37.37693], [-118.461863, 37.376992], [-118.461833, 37.377031], [-118.461494, 37.377376], [-118.460511, 37.378427], [-118.460177, 37.378808], [-118.459567, 37.37946], [-118.459417, 37.379641], [-118.458984, 37.380132], [-118.458512, 37.380686], [-118.458081, 37.381154], [-118.457899, 37.38137], [-118.457585, 37.381697], [-118.457333, 37.381984], [-118.456655, 37.382714], [-118.456408, 37.383009], [-118.456178, 37.383247], [-118.455915, 37.383548], [-118.455284, 37.384249], [-118.455053, 37.384516], [-118.454726, 37.384851], [-118.45414, 37.385494], [-118.453641, 37.386064], [-118.45316, 37.386566], [-118.452418, 37.387417], [-118.45164, 37.388248], [-118.450859, 37.389115], [-118.450534, 37.389463], [-118.449527, 37.390586]]}, "props": {"MTFCC": "S1400", "NAME": null}}, {"geom": {"type": "LineString", "coordinates": [[-118.667311, 37.388525], [-118.666962, 37.388758], [-118.666821, 37.388864], [-118.666672, 37.388949], [-118.666396, 37.389067], [-118.666372, 37.389077], [-118.666233, 37.389145], [-118.666036, 37.389264], [-118.665712, 37.38942], [-118.66556, 37.389474], [-118.665443, 37.389487], [-118.665292, 37.38948], [-118.664849, 37.389515], [-118.664646, 37.389515], [-118.664537, 37.389528], [-118.664291, 37.389576], [-118.664074, 37.389636], [-118.663715, 37.389787], [-118.663514, 37.389867], [-118.663156, 37.390028], [-118.663096, 37.390069], [-118.663003, 37.390153], [-118.662894, 37.390293], [-118.662842, 37.390458]]}, "props": {"MTFCC": "S1500", "NAME": null}}, {"geom": {"type": "LineString", "coordinates": [[-118.661722, 37.392826], [-118.66167, 37.392749], [-118.661654, 37.392693], [-118.661662, 37.392524], [-118.6617, 37.392374], [-118.661779, 37.392185], [-118.661896, 37.391978], [-118.661983, 37.391835], [-118.661998, 37.391761], [-118.662005, 37.391523], [-118.662029, 37.391346], [-118.662072, 37.391289], [-118.66217, 37.391207], [-118.662261, 37.391142], [-118.662546, 37.390973], [-118.662664, 37.39089], [-118.662733, 37.390805], [-118.662788, 37.39067], [-118.662842, 37.390458]]}, "props": {"MTFCC": "S1400", "NAME": null}}, {"geom": {"type": "LineString", "coordinates": [[-118.591221, 37.460858], [-118.590696, 37.461044], [-118.590661, 37.46105], [-118.590534, 37.461073], [-118.590501, 37.461098], [-118.590303, 37.461116], [-118.590273, 37.461149], [-118.590273, 37.461184], [-118.590295, 37.461256], [-118.590452, 37.461476], [-118.590472, 37.461515], [-118.590496, 37.461687], [-118.590502, 37.46176], [-118.590469, 37.461952], [-118.590408, 37.46215], [-118.590084, 37.462836], [-118.590026, 37.463028], [-118.589972, 37.46326]]}, "props": {"MTFCC": "S1500", "NAME": null}}, {"geom": {"type": "LineString", "coordinates": [[-118.56054, 37.441579], [-118.560267, 37.441738], [-118.559942, 37.441955], [-118.559841, 37.442032], [-118.55969, 37.442171], [-118.55957, 37.442318], [-118.559534, 37.442375], [-118.559453, 37.442526], [-118.559339, 37.442834], [-118.559287, 37.443073], [-118.559276, 37.44317], [-118.559286, 37.443393], [-118.559433, 37.444686]]}, "props": {"MTFCC": "S1400", "NAME": null}}, {"geom": {"type": "LineString", "coordinates": [[-118.555058, 37.419418], [-118.555545, 37.419441], [-118.556661, 37.419416], [-118.558486, 37.419456], [-118.5619, 37.41947], [-118.565856, 37.419477], [-118.569016, 37.419453], [-118.57002, 37.419462], [-118.57108, 37.419457], [-118.57314, 37.419483], [-118.576381, 37.419487], [-118.577489, 37.419501], [-118.578716, 37.419501], [-118.579764, 37.419516], [-118.585685, 37.419537], [-118.585709, 37.419537], [-118.586557, 37.419536]]}, "props": {"MTFCC": "S1400", "NAME": null}}, {"geom": {"type": "LineString", "coordinates": [[-118.542018, 37.412697], [-118.541989, 37.414985], [-118.542021, 37.415043], [-118.54208, 37.415086], [-118.542155, 37.415105], [-118.543661, 37.415114], [-118.544902, 37.415107], [-118.545861, 37.415109], [-118.546161, 37.415068], [-118.546347, 37.415026], [-118.546549, 37.414958], [-118.546694, 37.414891], [-118.547286, 37.414548], [-118.547948, 37.414143], [-118.548526, 37.413789], [-118.549128, 37.413409]]}, "props": {"MTFCC": "S1400", "NAME": null}}, {"geom": {"type": "LineString", "coordinates": [[-118.501338, 37.403123], [-118.501282, 37.402791], [-118.501266, 37.402627], [-118.501278, 37.402499], [-118.501318, 37.40235], [-118.501385, 37.402206], [-118.501436, 37.402126], [-118.501534, 37.402013], [-118.501676, 37.401886], [-118.501877, 37.401769], [-118.502021, 37.401699]]}, "props": {"MTFCC": "S1400", "NAME": null}}, {"geom": {"type": "LineString", "coordinates": [[-118.572217, 37.433801], [-118.57213, 37.433653], [-118.571891, 37.433323], [-118.571549, 37.432837], [-118.571189, 37.432358]]}, "props": {"MTFCC": "S1400", "NAME": null}}, {"geom": {"type": "LineString", "coordinates": [[-118.586692, 37.412297], [-118.587732, 37.4123], [-118.589194, 37.412289], [-118.591302, 37.412307], [-118.591981, 37.412317], [-118.594256, 37.412327], [-118.595667, 37.412321], [-118.59758, 37.412328], [-118.598962, 37.412343], [-118.600482, 37.412346], [-118.600906, 37.412341], [-118.601176, 37.412337], [-118.603532, 37.412259], [-118.604488, 37.412232], [-118.604992, 37.412204], [-118.605366, 37.41217], [-118.606481, 37.412057], [-118.60709, 37.411992], [-118.608157, 37.411892], [-118.60882, 37.411817], [-118.609171, 37.411777], [-118.60989, 37.411719], [-118.610159, 37.411708], [-118.610435, 37.411733], [-118.611059, 37.411826], [-118.611347, 37.411887], [-118.611825, 37.412007], [-118.612425, 37.412132], [-118.612809, 37.412155], [-118.613436, 37.412179], [-118.613577, 37.412204], [-118.613614, 37.412214], [-118.613724, 37.412242], [-118.614519, 37.412527], [-118.614736, 37.412618], [-118.614838, 37.41268], [-118.615041, 37.412866], [-118.615194, 37.412988], [-118.615344, 37.413111], [-118.615425, 37.413204], [-118.615469, 37.413285], [-118.615512, 37.413448], [-118.615519, 37.413808], [-118.615513, 37.413976], [-118.615526, 37.41411], [-118.61556, 37.414201], [-118.615638, 37.414298], [-118.615751, 37.414371], [-118.615957, 37.41444], [-118.616233, 37.414503], [-118.617259, 37.414653]]}, "props": {"MTFCC": "S1400", "NAME": null}}, {"geom": {"type": "LineString", "coordinates": [[-118.533129, 37.409405], [-118.533099, 37.409451], [-118.533045, 37.409499], [-118.532955, 37.409557], [-118.532904, 37.409595], [-118.532832, 37.409658], [-118.532782, 37.409699], [-118.532659, 37.409767], [-118.532545, 37.409795], [-118.532467, 37.409811], [-118.532395, 37.409826], [-118.532247, 37.409859], [-118.53217, 37.40988], [-118.532091, 37.409899], [-118.531998, 37.409916], [-118.531903, 37.40993], [-118.53177, 37.40994], [-118.531679, 37.409943], [-118.531586, 37.409956], [-118.531498, 37.409978], [-118.531415, 37.410001], [-118.531333, 37.410022], [-118.53125, 37.410044], [-118.531167, 37.410067], [-118.531089, 37.410087], [-118.531008, 37.410109], [-118.530923, 37.410137], [-118.53084, 37.410166], [-118.530724, 37.410209], [-118.530652, 37.41024], [-118.530584, 37.410277], [-118.530514, 37.410315], [-118.530443, 37.41035], [-118.530374, 37.410388], [-118.53031, 37.410431], [-118.530248, 37.410478], [-118.530185, 37.410522], [-118.53012, 37.410563], [-118.530055, 37.410604], [-118.529994, 37.410647], [-118.529936, 37.410689], [-118.529884, 37.410723], [-118.529829, 37.410759], [-118.529771, 37.4108], [-118.529715, 37.410842], [-118.529633, 37.410904]]}, "props": {"MTFCC": "S1400", "NAME": null}}, {"geom": {"type": "LineString", "coordinates": [[-118.507019, 37.409071], [-118.507657, 37.40936], [-118.507882, 37.409447]]}, "props": {"MTFCC": "S1400", "NAME": null}}, {"geom": {"type": "LineString", "coordinates": [[-118.395425, 37.37393], [-118.395376, 37.374038], [-118.395296, 37.374485], [-118.395275, 37.375744], [-118.395325, 37.375797], [-118.395349, 37.377622], [-118.395344, 37.378666], [-118.395344, 37.378892], [-118.395345, 37.379319], [-118.395347, 37.379866], [-118.395349, 37.380499], [-118.395355, 37.382749], [-118.395343, 37.383409], [-118.395365, 37.38618], [-118.395368, 37.388118], [-118.395368, 37.388251], [-118.395373, 37.388948], [-118.395362, 37.389578], [-118.395372, 37.390004], [-118.395364, 37.390412], [-118.395355, 37.391674], [-118.395297, 37.392156], [-118.395227, 37.392498], [-118.395092, 37.392969], [-118.394913, 37.393405], [-118.394673, 37.393881], [-118.394634, 37.393957], [-118.394388, 37.394325], [-118.394251, 37.394491], [-118.394095, 37.394699], [-118.393762, 37.395099], [-118.393478, 37.395394], [-118.393124, 37.39571], [-118.392897, 37.395889], [-118.392423, 37.396223], [-118.392042, 37.396452], [-118.391748, 37.396613], [-118.391509, 37.396733], [-118.391036, 37.396938], [-118.390754, 37.397049], [-118.390443, 37.397153], [-118.390116, 37.397251], [-118.389771, 37.397344], [-118.389149, 37.397471], [-118.388489, 37.397563], [-118.387834, 37.397607], [-118.387239, 37.397622], [-118.386927, 37.397618], [-118.383217, 37.397639], [-118.38179, 37.397652], [-118.380768, 37.397653], [-118.380176, 37.397664], [-118.377712, 37.397681], [-118.377224, 37.397677], [-118.37443, 37.397697], [-118.37306, 37.3977], [-118.372933, 37.397701], [-118.371259, 37.39771], [-118.370104, 37.397728], [-118.368583, 37.397727], [-118.367683, 37.397738], [-118.364376, 37.397752], [-118.362589, 37.397765], [-118.361823, 37.397767], [-118.360519, 37.397802], [-118.359922, 37.397849], [-118.359392, 37.397913], [-118.358968, 37.397982], [-118.358229, 37.39814], [-118.357056, 37.398408], [-118.356212, 37.398603], [-118.356059, 37.398638], [-118.355931, 37.398668], [-118.354575, 37.398997], [-118.353966, 37.399205], [-118.353573, 37.399371], [-118.353036, 37.399629], [-118.35245, 37.399963], [-118.352146, 37.400174], [-118.351939, 37.400328], [-118.3515, 37.400721], [-118.351228, 37.400991], [-118.351025, 37.401216], [-118.350678, 37.401703], [-118.350478, 37.402046], [-118.35027, 37.402444], [-118.350146, 37.402723], [-118.350031, 37.403054], [-118.349914, 37.403526], [-118.349852, 37.403931], [-118.349832, 37.404385], [-118.34983, 37.404781], [-118.349816, 37.406056], [-118.349805, 37.409731], [-118.349774, 37.412915], [-118.349777, 37.413479], [-118.349765, 37.414044], [-118.349765, 37.415661], [-118.34975, 37.417329], [-118.349751, 37.418443], [-118.349742, 37.419311], [-118.349743, 37.420104], [-118.34971, 37.422643], [-118.349715, 37.423272], [-118.3497, 37.423925], [-118.349689, 37.425907], [-118.349635, 37.43203], [-118.349612, 37.433776], [-118.349608, 37.435335], [-118.34961, 37.435401], [-118.34961, 37.435459], [-118.349561, 37.445308], [-118.349545, 37.446921], [-118.349554, 37.448032], [-118.349549, 37.449218], [-118.349551, 37.449347], [-118.349553, 37.449422], [-118.349538, 37.450672], [-118.349544, 37.452318], [-118.34954, 37.455324], [-118.349531, 37.45561], [-118.349533, 37.455819], [-118.349519, 37.460528], [-118.34951, 37.461682], [-118.349536, 37.46254], [-118.349551, 37.462678], [-118.349566, 37.462805]]}, "props": {"MTFCC": "S1200", "NAME": null}}, {"geom": {"type": "LineString", "coordinates": [[-118.456549, 37.375843], [-118.458042, 37.376155]]}, "props": {"MTFCC": "S1400", "NAME": null}}, {"geom": {"type": "LineString", "coordinates": [[-118.52925388516746, 37.3641], [-118.528918, 37.36423], [-118.528387, 37.364461], [-118.52768, 37.364797], [-118.527191, 37.365132], [-118.526845, 37.365344], [-118.526688, 37.365401], [-118.526531, 37.365427], [-118.52619, 37.365468], [-118.525914, 37.365529], [-118.525824, 37.365525], [-118.52574, 37.365499], [-118.5255, 37.365387], [-118.525218, 37.365311], [-118.5251, 37.365301], [-118.524917, 37.365319]]}, "props": {"MTFCC": "S1400", "NAME": null}}, {"geom": {"type": "LineString", "coordinates": [[-118.348846, 37.388386], [-118.348837, 37.38847], [-118.348775, 37.388616], [-118.348696, 37.388732], [-118.348509, 37.388942], [-118.348372, 37.389056]]}, "props": {"MTFCC": "S1400", "NAME": null}}, {"geom": {"type": "LineString", "coordinates": [[-118.35396, 37.391138], [-118.354002, 37.391074], [-118.354158, 37.390917], [-118.354193, 37.390845], [-118.354129, 37.390664], [-118.35411, 37.390529], [-118.354132, 37.390445], [-118.3542, 37.390337], [-118.35426, 37.390066], [-118.354299, 37.390004], [-118.354361, 37.389956], [-118.354466, 37.389918], [-118.354552, 37.389915], [-118.354653, 37.389931]]}, "props": {"MTFCC": "S1400", "NAME": null}}, {"geom": {"type": "LineString", "coordinates": [[-118.613665, 37.431413], [-118.61359, 37.431428], [-118.611866, 37.431424], [-118.611433, 37.431412], [-118.610942, 37.431424], [-118.610639, 37.43144], [-118.61044, 37.431432], [-118.61029, 37.43143], [-118.610211, 37.431458], [-118.610154, 37.431509], [-118.610108, 37.431562], [-118.610036, 37.431591], [-118.609987, 37.431593], [-118.609905, 37.431575], [-118.609507, 37.431411], [-118.609339, 37.431394], [-118.609017, 37.431422], [-118.608904, 37.431448], [-118.608824, 37.431489], [-118.608726, 37.431588]]}, "props": {"MTFCC": "S1400", "NAME": null}}, {"geom": {"type": "LineString", "coordinates": [[-118.548526, 37.413789], [-118.549084, 37.414376], [-118.549252, 37.414541], [-118.549441, 37.414751], [-118.549489, 37.414837], [-118.549513, 37.414929], [-118.549511, 37.415036], [-118.54949, 37.415153]]}, "props": {"MTFCC": "S1400", "NAME": null}}, {"geom": {"type": "LineString", "coordinates": [[-118.593831, 37.387421], [-118.593955, 37.387456], [-118.594655, 37.387574], [-118.595143, 37.387679], [-118.595221, 37.387724], [-118.595334, 37.387832], [-118.595424, 37.387884], [-118.595527, 37.387921], [-118.59566, 37.387925], [-118.596116, 37.387912], [-118.596337, 37.38793], [-118.596541, 37.387984], [-118.596828, 37.388108], [-118.597124, 37.388266], [-118.597235, 37.3883], [-118.597548, 37.388351], [-118.597637, 37.388365], [-118.597772, 37.388399], [-118.598036, 37.38845], [-118.598293, 37.388546], [-118.598466, 37.388568], [-118.598704, 37.388558], [-118.598857, 37.388571], [-118.599004, 37.388609], [-118.59941, 37.388772], [-118.599616, 37.388802], [-118.599888, 37.388893], [-118.600128, 37.38893], [-118.600287, 37.388974], [-118.600405, 37.389027], [-118.600533, 37.389058], [-118.600605, 37.389105], [-118.600691, 37.38921], [-118.600772, 37.389257], [-118.600886, 37.38928], [-118.601016, 37.389292], [-118.601087, 37.389325], [-118.601164, 37.389371], [-118.601249, 37.389385], [-118.601459, 37.389355], [-118.601598, 37.389326], [-118.601826, 37.389301], [-118.601931, 37.38931], [-118.602032, 37.389336], [-118.602447, 37.389492], [-118.602862, 37.389633], [-118.603018, 37.389662], [-118.603238, 37.389674], [-118.603947, 37.389828], [-118.60471, 37.390073], [-118.604898, 37.390105], [-118.605002, 37.390109], [-118.60553, 37.390097], [-118.605852, 37.390101], [-118.605972, 37.390121], [-118.606195, 37.390207], [-118.606265, 37.39024], [-118.606447, 37.39027], [-118.60651, 37.39029], [-118.606764, 37.390449], [-118.606856, 37.390484], [-118.606967, 37.39051], [-118.607073, 37.390522]]}, "props": {"MTFCC": "S1400", "NAME": null}}, {"geom": {"type": "LineString", "coordinates": [[-118.609459, 37.412777], [-118.609473, 37.41472], [-118.609472, 37.414782]]}, "props": {"MTFCC": "S1400", "NAME": null}}, {"geom": {"type": "LineString", "coordinates": [[-118.548799, 37.423464], [-118.549158, 37.423329], [-118.549734, 37.423013], [-118.55012, 37.422778], [-118.550578, 37.422523], [-118.552858, 37.421109], [-118.554164, 37.420351], [-118.554236, 37.42028], [-118.554277, 37.420195], [-118.554345, 37.419959], [-118.554405, 37.419827], [-118.554429, 37.419789]]}, "props": {"MTFCC": "S1400", "NAME": null}}, {"geom": {"type": "LineString", "coordinates": [[-118.360734, 37.434158], [-118.360675, 37.434111], [-118.360583, 37.433986], [-118.360387, 37.433644], [-118.360331, 37.433555], [-118.360045, 37.433163], [-118.359903, 37.432912], [-118.359802, 37.432756], [-118.359616, 37.432522], [-118.359495, 37.432412], [-118.359416, 37.43235], [-118.359249, 37.432265], [-118.358984, 37.432144], [-118.358912, 37.432097], [-118.358858, 37.432045], [-118.35877, 37.431936], [-118.35872, 37.431857], [-118.358691, 37.43179], [-118.358669, 37.431635], [-118.35867, 37.431485], [-118.358688, 37.431306], [-118.35869, 37.431184], [-118.358666, 37.431031], [-118.358593, 37.430849], [-118.35847, 37.430661], [-118.358337, 37.430489], [-118.358224, 37.430376], [-118.35813, 37.430299], [-118.357463, 37.429864]]}, "props": {"MTFCC": "S1400", "NAME": null}}, {"geom": {"type": "LineString", "coordinates": [[-118.606561, 37.412517], [-118.606564, 37.412622], [-118.60655, 37.412717]]}, "props": {"MTFCC": "S1400", "NAME": null}}, {"geom": {"type": "LineString", "coordinates": [[-118.604465, 37.412736], [-118.604568, 37.412879], [-118.604647, 37.412949], [-118.604743, 37.413005], [-118.604851, 37.413043], [-118.605002, 37.413059], [-118.605436, 37.413042], [-118.605682, 37.413039]]}, "props": {"MTFCC": "S1400", "NAME": null}}, {"geom": {"type": "LineString", "coordinates": [[-118.367785, 37.421662], [-118.36781, 37.422465], [-118.367795, 37.423915], [-118.367766, 37.424376], [-118.367761, 37.424641]]}, "props": {"MTFCC": "S1400", "NAME": null}}, {"geom": {"type": "LineString", "coordinates": [[-118.394104, 37.408635], [-118.394242, 37.408624], [-118.394336, 37.408599], [-118.39453, 37.408508], [-118.394649, 37.408461], [-118.394831, 37.408412]]}, "props": {"MTFCC": "S1400", "NAME": null}}, {"geom": {"type": "LineString", "coordinates": [[-118.411429, 37.416886], [-118.411295, 37.416768], [-118.411278, 37.416742], [-118.411269, 37.416695], [-118.411275, 37.416588], [-118.411263, 37.416549], [-118.410944, 37.416241], [-118.410901, 37.416205], [-118.410803, 37.416168], [-118.4106, 37.416129], [-118.410512, 37.416123]]}, "props": {"MTFCC": "S1400", "NAME": null}}, {"geom": {"type": "LineString", "coordinates": [[-118.38458, 37.402776], [-118.384462, 37.402794], [-118.384085, 37.402909], [-118.383672, 37.402956], [-118.383594, 37.40295]]}, "props": {"MTFCC": "S1400", "NAME": null}}, {"geom": {"type": "LineString", "coordinates": [[-118.368011, 37.398237], [-118.368029, 37.398596], [-118.368067, 37.399068], [-118.368093, 37.399691], [-118.36809, 37.399786], [-118.368048, 37.39993], [-118.367918, 37.400311], [-118.367891, 37.400426], [-118.367883, 37.400543], [-118.36793, 37.401012], [-118.367942, 37.401245]]}, "props": {"MTFCC": "S1400", "NAME": null}}, {"geom": {"type": "LineString", "coordinates": [[-118.494055, 37.398443], [-118.493961, 37.398361], [-118.493872, 37.398236], [-118.493811, 37.398187], [-118.493741, 37.398163], [-118.493665, 37.398166], [-118.493596, 37.398188], [-118.493537, 37.398237], [-118.493512, 37.398298], [-118.493521, 37.398361], [-118.493575, 37.398426], [-118.493664, 37.398473], [-118.493733, 37.398478], [-118.494055, 37.398443]]}, "props": {"MTFCC": "S1400", "NAME": null}}, {"geom": {"type": "LineString", "coordinates": [[-118.442553, 37.393181], [-118.442643, 37.393277], [-118.443264, 37.394152], [-118.44336, 37.394311], [-118.443429, 37.394499], [-118.44345, 37.394608], [-118.443457, 37.394717], [-118.443449, 37.394826], [-118.443427, 37.394934], [-118.44339, 37.395043], [-118.443162, 37.395546], [-118.443086, 37.395769], [-118.442734, 37.397655]]}, "props": {"MTFCC": "S1400", "NAME": null}}, {"geom": {"type": "LineString", "coordinates": [[-118.418702, 37.38107], [-118.419274, 37.381035]]}, "props": {"MTFCC": "S1400", "NAME": null}}, {"geom": {"type": "LineString", "coordinates": [[-118.418414, 37.387891], [-118.417089, 37.387897], [-118.416578, 37.387909], [-118.415435, 37.387909], [-118.415095, 37.387911], [-118.414651, 37.38793], [-118.414599, 37.387956], [-118.414559, 37.388004]]}, "props": {"MTFCC": "S1400", "NAME": null}}, {"geom": {"type": "LineString", "coordinates": [[-118.414223, 37.38369], [-118.414281, 37.383717], [-118.414346, 37.383726], [-118.414632, 37.383735], [-118.415405, 37.383734], [-118.41614, 37.383716], [-118.416627, 37.383691], [-118.416855, 37.383651], [-118.416955, 37.383627], [-118.417179, 37.383564], [-118.418016, 37.383324]]}, "props": {"MTFCC": "S1400", "NAME": null}}, {"geom": {"type": "LineString", "coordinates": [[-118.415083, 37.383218], [-118.415905, 37.383209], [-118.416068, 37.383205], [-118.416325, 37.383169], [-118.416745, 37.383068], [-118.41703, 37.38299], [-118.417428, 37.382866], [-118.418012, 37.382697]]}, "props": {"MTFCC": "S1400", "NAME": null}}, {"geom": {"type": "LineString", "coordinates": [[-118.419483, 37.376469], [-118.419094, 37.376515], [-118.418776, 37.37653], [-118.418708, 37.376558], [-118.418666, 37.376609], [-118.418656, 37.37664], [-118.418657, 37.377166], [-118.41867, 37.377494], [-118.418668, 37.378495], [-118.418685, 37.37853]]}, "props": {"MTFCC": "S1400", "NAME": null}}, {"geom": {"type": "LineString", "coordinates": [[-118.415726, 37.374225], [-118.416366, 37.374241], [-118.416469, 37.374256], [-118.416563, 37.374288], [-118.416738, 37.374376], [-118.416795, 37.374416]]}, "props": {"MTFCC": "S1740", "NAME": null}}, {"geom": {"type": "LineString", "coordinates": [[-118.414146, 37.376757], [-118.415497, 37.376732]]}, "props": {"MTFCC": "S1400", "NAME": null}}, {"geom": {"type": "LineString", "coordinates": [[-118.415441, 37.387228], [-118.416553, 37.387226]]}, "props": {"MTFCC": "S1400", "NAME": null}}, {"geom": {"type": "LineString", "coordinates": [[-118.419687, 37.397119], [-118.419483, 37.397309], [-118.419392, 37.397422], [-118.419268, 37.397634]]}, "props": {"MTFCC": "S1400", "NAME": null}}, {"geom": {"type": "LineString", "coordinates": [[-118.442398, 37.392947], [-118.442451, 37.393053], [-118.442553, 37.393181]]}, "props": {"MTFCC": "S1400", "NAME": null}}, {"geom": {"type": "LineString", "coordinates": [[-118.450601, 37.397654], [-118.452392, 37.397642], [-118.456194, 37.397653], [-118.457476, 37.397641]]}, "props": {"MTFCC": "S1400", "NAME": null}}, {"geom": {"type": "LineString", "coordinates": [[-118.44796, 37.391057], [-118.447531, 37.391575], [-118.447187, 37.392006]]}, "props": {"MTFCC": "S1400", "NAME": null}}, {"geom": {"type": "LineString", "coordinates": [[-118.447187, 37.392006], [-118.446668, 37.392732], [-118.446472, 37.393028], [-118.446011, 37.393614], [-118.445848, 37.393859], [-118.444969, 37.395054], [-118.444361, 37.395906], [-118.444279, 37.396005], [-118.444001, 37.396401], [-118.443652, 37.396958], [-118.443447, 37.397257], [-118.443316, 37.397415], [-118.443232, 37.397501], [-118.443191, 37.397657]]}, "props": {"MTFCC": "S1400", "NAME": null}}, {"geom": {"type": "LineString", "coordinates": [[-118.480845, 37.390972], [-118.481198, 37.391792], [-118.481493, 37.392411], [-118.482113, 37.393831], [-118.48272, 37.395158]]}, "props": {"MTFCC": "S1400", "NAME": null}}, {"geom": {"type": "LineString", "coordinates": [[-118.450601, 37.397654], [-118.450485, 37.397723], [-118.450301, 37.397871], [-118.449874, 37.398255], [-118.449704, 37.398426], [-118.449564, 37.398532], [-118.449456, 37.398582], [-118.449337, 37.398613], [-118.448727, 37.398647], [-118.448587, 37.398661], [-118.448396, 37.398708], [-118.448315, 37.39874], [-118.448158, 37.398832], [-118.447317, 37.39945], [-118.447284, 37.399458], [-118.447149, 37.399456]]}, "props": {"MTFCC": "S1400", "NAME": null}}, {"geom": {"type": "LineString", "coordinates": [[-118.442734, 37.397655], [-118.442488, 37.397664], [-118.441991, 37.397636], [-118.441623, 37.397641], [-118.441395, 37.397652], [-118.440676, 37.397657], [-118.440097, 37.397649], [-118.439907, 37.397646], [-118.439326, 37.397669], [-118.437534, 37.39768], [-118.436586, 37.397675]]}, "props": {"MTFCC": "S1400", "NAME": null}}, {"geom": {"type": "LineString", "coordinates": [[-118.422263, 37.397828], [-118.422301, 37.398822], [-118.422341, 37.398894], [-118.422391, 37.398947], [-118.42295, 37.399366], [-118.423129, 37.399512], [-118.423855, 37.400043], [-118.424001, 37.400156], [-118.42432, 37.400438], [-118.424614, 37.400663], [-118.424825, 37.400786], [-118.42487, 37.400813], [-118.425128, 37.400932], [-118.425323, 37.400984], [-118.42536, 37.400987], [-118.42547, 37.400997], [-118.425618, 37.400985], [-118.425729, 37.400958], [-118.425771, 37.400948], [-118.425903, 37.400907], [-118.425948, 37.400855], [-118.426037, 37.400816], [-118.426124, 37.400795], [-118.426225, 37.400786], [-118.426279, 37.400789]]}, "props": {"MTFCC": "S1400", "NAME": null}}, {"geom": {"type": "LineString", "coordinates": [[-118.426279, 37.400789], [-118.426348, 37.400676], [-118.426377, 37.4006], [-118.426388, 37.400402], [-118.426386, 37.400194], [-118.426366, 37.399807], [-118.426366, 37.399251]]}, "props": {"MTFCC": "S1400", "NAME": null}}, {"geom": {"type": "LineString", "coordinates": [[-118.42656, 37.402858], [-118.426585, 37.403004], [-118.42658, 37.403198], [-118.426518, 37.403959], [-118.426496, 37.404811], [-118.426516, 37.405187], [-118.426567, 37.405348], [-118.426613, 37.40543], [-118.426679, 37.405504], [-118.426826, 37.405613], [-118.427425, 37.405984], [-118.42799, 37.406319], [-118.428387, 37.406584], [-118.428465, 37.406665], [-118.428574, 37.406841], [-118.428606, 37.406904], [-118.428761, 37.407418], [-118.428838, 37.407629], [-118.429051, 37.408117], [-118.429118, 37.408211], [-118.429212, 37.408293], [-118.429519, 37.408439], [-118.429776, 37.408593], [-118.429983, 37.408701]]}, "props": {"MTFCC": "S1400", "NAME": null}}, {"geom": {"type": "LineString", "coordinates": [[-118.391044, 37.409851], [-118.39121, 37.409647], [-118.391288, 37.409518], [-118.391336, 37.409411], [-118.391393, 37.409356], [-118.391467, 37.409317], [-118.391553, 37.409299], [-118.392002, 37.409265], [-118.392425, 37.409273], [-118.3927, 37.409316], [-118.392775, 37.409321]]}, "props": {"MTFCC": "S1400", "NAME": null}}, {"geom": {"type": "LineString", "coordinates": [[-118.391044, 37.409851], [-118.391343, 37.410011], [-118.391473, 37.41012], [-118.391659, 37.410172], [-118.391863, 37.410297], [-118.391911, 37.410309], [-118.391965, 37.41031], [-118.392133, 37.410282], [-118.392205, 37.410258], [-118.39227, 37.410206], [-118.392315, 37.410136], [-118.39241, 37.409838], [-118.392524, 37.409607], [-118.392634, 37.409463], [-118.392775, 37.409321]]}, "props": {"MTFCC": "S1400", "NAME": null}}, {"geom": {"type": "LineString", "coordinates": [[-118.406162, 37.433289], [-118.406062, 37.433201], [-118.405927, 37.432993], [-118.40581, 37.432858], [-118.405615, 37.432713], [-118.405205, 37.43243], [-118.405102, 37.432342], [-118.405054, 37.432279], [-118.404985, 37.432109], [-118.404842, 37.431591], [-118.404702, 37.431215], [-118.40464, 37.430951], [-118.404628, 37.430841], [-118.404615, 37.430342], [-118.404623, 37.42992], [-118.404668, 37.429527], [-118.40465, 37.429385], [-118.404595, 37.429248], [-118.404387, 37.428947], [-118.404234, 37.428695], [-118.403973, 37.428174], [-118.403903, 37.427951]]}, "props": {"MTFCC": "S1400", "NAME": null}}, {"geom": {"type": "LineString", "coordinates": [[-118.384151, 37.42418], [-118.384218, 37.424083], [-118.384293, 37.424024], [-118.384624, 37.423887], [-118.384722, 37.423817], [-118.384797, 37.423733], [-118.384879, 37.423604], [-118.384971, 37.423394], [-118.385011, 37.42325], [-118.385041, 37.42306], [-118.385079, 37.422968], [-118.38514, 37.422884], [-118.385222, 37.422812], [-118.385341, 37.422746], [-118.385605, 37.422625], [-118.385749, 37.422534], [-118.385967, 37.422337], [-118.38608, 37.422273], [-118.386262, 37.422213], [-118.386345, 37.422165], [-118.386396, 37.422095], [-118.386408, 37.422039], [-118.386363, 37.421746], [-118.386379, 37.421665], [-118.386425, 37.421593], [-118.386497, 37.421536], [-118.386871, 37.421382], [-118.387249, 37.421207], [-118.387472, 37.421093], [-118.387629, 37.420991], [-118.387686, 37.420945], [-118.387853, 37.420854], [-118.387916, 37.420833], [-118.388074, 37.420817], [-118.38831, 37.420822], [-118.388526, 37.420848], [-118.388669, 37.420881], [-118.38873, 37.420906], [-118.388951, 37.42106], [-118.389375, 37.421489], [-118.38939, 37.42142], [-118.389388, 37.421376], [-118.389372, 37.421322], [-118.389261, 37.421158], [-118.389202, 37.421001], [-118.38915, 37.420757], [-118.389154, 37.420661], [-118.389196, 37.420455], [-118.389198, 37.420321], [-118.389166, 37.42022], [-118.389133, 37.420169], [-118.389098, 37.420134], [-118.389023, 37.420093], [-118.388761, 37.420032], [-118.388644, 37.41998], [-118.388532, 37.419908], [-118.38842, 37.419795], [-118.388256, 37.419578], [-118.388024, 37.419399]]}, "props": {"MTFCC": "S1400", "NAME": null}}, {"geom": {"type": "LineString", "coordinates": [[-118.410512, 37.416123], [-118.410516, 37.416003], [-118.41054, 37.415868]]}, "props": {"MTFCC": "S1400", "NAME": null}}, {"geom": {"type": "LineString", "coordinates": [[-118.428629, 37.397905], [-118.429, 37.397956], [-118.429141, 37.397968]]}, "props": {"MTFCC": "S1400", "NAME": null}}, {"geom": {"type": "LineString", "coordinates": [[-118.48434, 37.403238], [-118.484232, 37.403262], [-118.484044, 37.403269], [-118.483766, 37.403234], [-118.483424, 37.403229], [-118.483097, 37.403232], [-118.482034, 37.403204], [-118.481926, 37.403223], [-118.481825, 37.403258], [-118.48158, 37.403395], [-118.481526, 37.403415], [-118.481401, 37.403501], [-118.481155, 37.403703], [-118.480987, 37.40383], [-118.480615, 37.404137]]}, "props": {"MTFCC": "S1400", "NAME": null}}, {"geom": {"type": "LineString", "coordinates": [[-118.428133, 37.42115], [-118.428045, 37.42138], [-118.427989, 37.4215], [-118.427467, 37.422878]]}, "props": {"MTFCC": "S1400", "NAME": null}}, {"geom": {"type": "LineString", "coordinates": [[-118.399623, 37.426275], [-118.399519, 37.426362], [-118.39938, 37.42644], [-118.399298, 37.426523], [-118.399227, 37.426626], [-118.399201, 37.426714], [-118.399205, 37.426812], [-118.399267, 37.427102], [-118.399387, 37.427371], [-118.399444, 37.427483], [-118.399466, 37.42759], [-118.399446, 37.427898], [-118.399444, 37.428534], [-118.399467, 37.428963], [-118.399493, 37.429175], [-118.399527, 37.429609], [-118.399559, 37.429826], [-118.399599, 37.430805], [-118.399682, 37.431037], [-118.399711, 37.431186], [-118.399734, 37.431343], [-118.399804, 37.431497], [-118.399912, 37.431692], [-118.399989, 37.431923], [-118.400076, 37.432317], [-118.400141, 37.432852], [-118.400188, 37.432963], [-118.400316, 37.433127], [-118.400409, 37.433302]]}, "props": {"MTFCC": "S1400", "NAME": null}}, {"geom": {"type": "LineString", "coordinates": [[-118.378504, 37.431355], [-118.377363, 37.431387], [-118.375994, 37.431378], [-118.375736, 37.431389], [-118.375363, 37.431426], [-118.37497, 37.431493], [-118.374781, 37.431538], [-118.373341, 37.432], [-118.372698, 37.43218], [-118.372416, 37.432252], [-118.372104, 37.432344], [-118.371918, 37.43241], [-118.371788, 37.432469], [-118.371677, 37.43253], [-118.371542, 37.432622], [-118.370685, 37.433355], [-118.369738, 37.43409], [-118.369417, 37.434383], [-118.368811, 37.435044], [-118.368214, 37.435652], [-118.367855, 37.436058], [-118.367463, 37.436465], [-118.367308, 37.436588], [-118.367137, 37.436697], [-118.366932, 37.436799], [-118.366319, 37.43706], [-118.366048, 37.437186], [-118.365336, 37.437572], [-118.364988, 37.437733], [-118.364759, 37.437805], [-118.364535, 37.437846], [-118.364236, 37.437871], [-118.364, 37.437876], [-118.363761, 37.437872], [-118.363414, 37.437888], [-118.363199, 37.437926], [-118.363102, 37.43796], [-118.363016, 37.438009], [-118.362945, 37.438072], [-118.362872, 37.438184], [-118.362848, 37.438286], [-118.362821, 37.438446], [-118.362712, 37.438957], [-118.362711, 37.439129], [-118.362755, 37.439297], [-118.362839, 37.439452], [-118.362901, 37.439526], [-118.363104, 37.439721], [-118.363167, 37.43983], [-118.363194, 37.439931], [-118.363193, 37.440034], [-118.363183, 37.440084], [-118.363, 37.440446], [-118.362752, 37.440917], [-118.362689, 37.441051], [-118.36267, 37.441161], [-118.362694, 37.441266], [-118.362758, 37.441381], [-118.36286, 37.441497], [-118.362966, 37.441621], [-118.363018, 37.441692], [-118.363062, 37.441778], [-118.363116, 37.441949], [-118.363121, 37.442087], [-118.363091, 37.442249], [-118.362762, 37.442987], [-118.362702, 37.443159], [-118.36267, 37.443352], [-118.362648, 37.443782], [-118.362636, 37.444346], [-118.362651, 37.444873], [-118.3627, 37.445215], [-118.362755, 37.445452], [-118.362785, 37.445542], [-118.362808, 37.445719], [-118.362784, 37.445897], [-118.362754, 37.445983], [-118.362618, 37.446212], [-118.36255, 37.446378], [-118.362527, 37.446551], [-118.362532, 37.446639], [-118.362617, 37.446966], [-118.362616, 37.447138], [-118.362599, 37.447224], [-118.362531, 37.447387], [-118.362483, 37.447467], [-118.362427, 37.447538]]}, "props": {"MTFCC": "S1400", "NAME": null}}, {"geom": {"type": "LineString", "coordinates": [[-118.386197, 37.432847], [-118.386212, 37.433542], [-118.386187, 37.433728], [-118.386156, 37.433818], [-118.386045, 37.434043], [-118.386033, 37.434112], [-118.386009, 37.434639]]}, "props": {"MTFCC": "S1400", "NAME": null}}, {"geom": {"type": "LineString", "coordinates": [[-118.390605, 37.42669], [-118.390984, 37.426694], [-118.391636, 37.426664], [-118.3918, 37.426669], [-118.391926, 37.426658], [-118.392091, 37.426629], [-118.392544, 37.426604], [-118.393222, 37.426592], [-118.393379, 37.426581], [-118.39371, 37.426543], [-118.393963, 37.426523], [-118.395212, 37.426463]]}, "props": {"MTFCC": "S1400", "NAME": null}}, {"geom": {"type": "LineString", "coordinates": [[-118.394196, 37.452646], [-118.394235, 37.452407], [-118.394258, 37.452342], [-118.394465, 37.452035], [-118.394514, 37.451946], [-118.394677, 37.451531], [-118.394773, 37.451372], [-118.394791, 37.451293], [-118.394811, 37.451061], [-118.394897, 37.450574], [-118.394966, 37.450435], [-118.395099, 37.45029], [-118.395159, 37.450203], [-118.3952, 37.449936], [-118.39522, 37.449748], [-118.395219, 37.449505], [-118.395284, 37.449025], [-118.395274, 37.448777], [-118.39529, 37.448663], [-118.39541, 37.448223], [-118.395452, 37.448124], [-118.395497, 37.448064], [-118.395527, 37.448001], [-118.395567, 37.447693], [-118.395642, 37.447482], [-118.395673, 37.447275], [-118.395675, 37.447185], [-118.395702, 37.447038], [-118.395773, 37.446821], [-118.395776, 37.446707], [-118.395743, 37.446548], [-118.395687, 37.446347], [-118.395668, 37.446183], [-118.395699, 37.445935], [-118.3957, 37.445755], [-118.395678, 37.445433], [-118.395628, 37.445321], [-118.395594, 37.445275], [-118.395478, 37.445182], [-118.395337, 37.445106], [-118.395187, 37.445051], [-118.394887, 37.44501], [-118.394796, 37.44499], [-118.394393, 37.444861], [-118.394235, 37.444795], [-118.394143, 37.444724], [-118.394017, 37.444584], [-118.393913, 37.444381], [-118.393876, 37.444263], [-118.393869, 37.444009], [-118.393788, 37.443461], [-118.393751, 37.443296], [-118.393645, 37.443024], [-118.393634, 37.442933], [-118.393646, 37.442841], [-118.393669, 37.442756], [-118.393669, 37.442628], [-118.393636, 37.442503], [-118.393596, 37.44241], [-118.393471, 37.442209], [-118.39336, 37.442067], [-118.393254, 37.441973], [-118.393118, 37.441884], [-118.393063, 37.441816], [-118.393037, 37.441737], [-118.393043, 37.441657], [-118.393121, 37.441483], [-118.393184, 37.441383], [-118.393267, 37.441281], [-118.393278, 37.441201], [-118.393253, 37.441133], [-118.393201, 37.441063], [-118.393191, 37.440986], [-118.393211, 37.440903], [-118.393168, 37.440829], [-118.393139, 37.440732], [-118.393127, 37.440626], [-118.393122, 37.440401], [-118.393109, 37.440334], [-118.393043, 37.440196], [-118.392956, 37.439948], [-118.39293, 37.439827], [-118.392883, 37.439293], [-118.392851, 37.439163], [-118.39282, 37.438964], [-118.392807, 37.438703], [-118.392788, 37.438631], [-118.392737, 37.438547], [-118.392721, 37.438499], [-118.392706, 37.438334], [-118.392669, 37.438248], [-118.392474, 37.437931], [-118.392396, 37.437828], [-118.392357, 37.437798], [-118.392272, 37.437773], [-118.392171, 37.437759], [-118.392094, 37.437721], [-118.39204, 37.43768], [-118.391985, 37.437616], [-118.391819, 37.437363], [-118.391788, 37.437299], [-118.391766, 37.437226], [-118.391745, 37.437092], [-118.391517, 37.436345], [-118.391463, 37.436099], [-118.391443, 37.435907], [-118.391424, 37.435806], [-118.39131, 37.435516], [-118.391203, 37.435055], [-118.391115, 37.434643], [-118.391054, 37.434454], [-118.391039, 37.434358], [-118.391042, 37.433993], [-118.391143, 37.432754], [-118.391231, 37.431748], [-118.391281, 37.431399], [-118.391329, 37.431194], [-118.391434, 37.430914], [-118.391569, 37.430672], [-118.391749, 37.430397]]}, "props": {"MTFCC": "S1400", "NAME": null}}, {"geom": {"type": "LineString", "coordinates": [[-118.335215, 37.419266], [-118.335237, 37.419792], [-118.335223, 37.420184], [-118.335179, 37.420535], [-118.335084, 37.420901], [-118.334996, 37.421196], [-118.33463, 37.42223], [-118.33448, 37.422629], [-118.33444, 37.422779], [-118.3344, 37.423027], [-118.3344, 37.423442], [-118.334432, 37.423683], [-118.334522, 37.423944], [-118.334619, 37.424159], [-118.334674, 37.424257], [-118.334982, 37.424627], [-118.335101, 37.424733], [-118.335505, 37.42505]]}, "props": {"MTFCC": "S1400", "NAME": null}}, {"geom": {"type": "LineString", "coordinates": [[-118.324167, 37.421314], [-118.324005, 37.421462], [-118.323995, 37.421607], [-118.323819, 37.421605], [-118.323412, 37.421828], [-118.323201, 37.421965], [-118.323032, 37.422099], [-118.322333, 37.422651]]}, "props": {"MTFCC": "S1400", "NAME": null}}, {"geom": {"type": "LineString", "coordinates": [[-118.336372, 37.415654], [-118.336544, 37.415653], [-118.336703, 37.415675], [-118.33682, 37.415709]]}, "props": {"MTFCC": "S1400", "NAME": null}}, {"geom": {"type": "LineString", "coordinates": [[-118.348804, 37.391209], [-118.348893, 37.391097], [-118.349055, 37.391008], [-118.349313, 37.390909], [-118.349434, 37.390887], [-118.349668, 37.390877], [-118.34983, 37.390893], [-118.349954, 37.390934], [-118.350314, 37.391157], [-118.350482, 37.391272], [-118.350592, 37.391374], [-118.350683, 37.391478], [-118.350757, 37.391608], [-118.350849, 37.391734]]}, "props": {"MTFCC": "S1400", "NAME": null}}, {"geom": {"type": "LineString", "coordinates": [[-118.335505, 37.42505], [-118.335746, 37.425236], [-118.33595, 37.425433], [-118.336063, 37.425566], [-118.336352, 37.425962], [-118.336484, 37.426193], [-118.336581, 37.426476], [-118.336589, 37.4265]]}, "props": {"MTFCC": "S1400", "NAME": null}}, {"geom": {"type": "LineString", "coordinates": [[-118.325396, 37.420746], [-118.325304, 37.420729], [-118.325256, 37.42073], [-118.325146, 37.420763], [-118.325095, 37.420794], [-118.325044, 37.420842], [-118.324937, 37.420978], [-118.324857, 37.421043], [-118.324808, 37.421067], [-118.324686, 37.421106], [-118.324642, 37.421108], [-118.324506, 37.421081], [-118.324427, 37.421086], [-118.324367, 37.421121], [-118.324167, 37.421314]]}, "props": {"MTFCC": "S1400", "NAME": null}}, {"geom": {"type": "LineString", "coordinates": [[-118.339597, 37.389583], [-118.339842, 37.389455], [-118.340186, 37.389294], [-118.340505, 37.389131], [-118.340688, 37.389057], [-118.34088, 37.388999], [-118.341258, 37.388927]]}, "props": {"MTFCC": "S1400", "NAME": null}}, {"geom": {"type": "LineString", "coordinates": [[-118.336622, 37.377887], [-118.33655, 37.377898], [-118.336479, 37.377883], [-118.33638, 37.377835], [-118.3362, 37.377728], [-118.336102, 37.377692], [-118.335996, 37.377674], [-118.335863, 37.377677], [-118.335125, 37.377728], [-118.33474, 37.377715], [-118.33426, 37.377769], [-118.334153, 37.377796], [-118.334056, 37.377841], [-118.333997, 37.37788], [-118.333863, 37.377927], [-118.333718, 37.377951], [-118.333604, 37.377953], [-118.333426, 37.377925], [-118.333316, 37.37792], [-118.333206, 37.377924], [-118.33283, 37.377987], [-118.332519, 37.378078], [-118.332402, 37.3781], [-118.332166, 37.378131], [-118.331642, 37.378228], [-118.331536, 37.378224], [-118.331457, 37.378228], [-118.331336, 37.378267], [-118.33126, 37.378283], [-118.331181, 37.378272], [-118.331116, 37.378206], [-118.330791, 37.377666], [-118.330697, 37.377481], [-118.330645, 37.377417], [-118.330587, 37.377375], [-118.330365, 37.377292]]}, "props": {"MTFCC": "S1400", "NAME": null}}, {"geom": {"type": "LineString", "coordinates": [[-118.362488, 37.452304], [-118.362409, 37.452092], [-118.362367, 37.451899], [-118.362316, 37.451405], [-118.362257, 37.451145], [-118.362175, 37.450936], [-118.362072, 37.450795], [-118.362003, 37.450724], [-118.361966, 37.450673], [-118.361938, 37.450612], [-118.361826, 37.450256], [-118.36174, 37.450088], [-118.361583, 37.449881], [-118.361209, 37.449508], [-118.360786, 37.449158]]}, "props": {"MTFCC": "S1400", "NAME": null}}, {"geom": {"type": "LineString", "coordinates": [[-118.362567, 37.4526], [-118.362476, 37.452554], [-118.362341, 37.452498], [-118.362227, 37.45247], [-118.362212, 37.452456], [-118.362219, 37.452438], [-118.362488, 37.452304]]}, "props": {"MTFCC": "S1400", "NAME": null}}, {"geom": {"type": "LineString", "coordinates": [[-118.364692, 37.459897], [-118.364722, 37.460277]]}, "props": {"MTFCC": "S1400", "NAME": null}}, {"geom": {"type": "LineString", "coordinates": [[-118.364596, 37.458888], [-118.364553, 37.458944], [-118.364428, 37.459038], [-118.364333, 37.459082], [-118.364227, 37.459109], [-118.364173, 37.459116], [-118.363987, 37.459111]]}, "props": {"MTFCC": "S1400", "NAME": null}}, {"geom": {"type": "LineString", "coordinates": [[-118.336043, 37.404621], [-118.335587, 37.404703], [-118.335508, 37.404707], [-118.335151, 37.404682], [-118.334955, 37.404687], [-118.334516, 37.404732], [-118.334391, 37.404754], [-118.334201, 37.404819], [-118.334073, 37.404841], [-118.333966, 37.404829], [-118.333909, 37.404807]]}, "props": {"MTFCC": "S1400", "NAME": null}}, {"geom": {"type": "LineString", "coordinates": [[-118.315591, 37.376079], [-118.315479, 37.376727], [-118.315446, 37.376996], [-118.315448, 37.377176], [-118.315454, 37.377558], [-118.315428, 37.377656], [-118.31513, 37.378131], [-118.314882, 37.378469], [-118.314772, 37.378653], [-118.314536, 37.378894], [-118.314415, 37.379032], [-118.314224, 37.37929], [-118.314213, 37.379309], [-118.314091, 37.379526], [-118.313941, 37.379841], [-118.313874, 37.380046], [-118.3138, 37.380426], [-118.313745, 37.380561], [-118.313579, 37.380815], [-118.313376, 37.381223], [-118.313196, 37.381625], [-118.313159, 37.38175], [-118.313139, 37.381908], [-118.31313, 37.38213], [-118.313093, 37.382402], [-118.313094, 37.382475], [-118.313125, 37.382667], [-118.313174, 37.382855], [-118.313169, 37.382951], [-118.313119, 37.383055], [-118.313025, 37.383174], [-118.313011, 37.383249], [-118.313018, 37.383298]]}, "props": {"MTFCC": "S1400", "NAME": null}}, {"geom": {"type": "LineString", "coordinates": [[-118.342869, 37.387034], [-118.342799, 37.386981], [-118.342656, 37.386893], [-118.342481, 37.386746], [-118.34239, 37.386701], [-118.342309, 37.386635], [-118.342172, 37.386555], [-118.342028, 37.386431], [-118.341969, 37.386363], [-118.341756, 37.386184]]}, "props": {"MTFCC": "S1400", "NAME": null}}, {"geom": {"type": "LineString", "coordinates": [[-118.347282, 37.400509], [-118.347331, 37.400861], [-118.34738, 37.401069], [-118.347448, 37.401227], [-118.347449, 37.401341], [-118.347441, 37.401469], [-118.347546, 37.401833], [-118.347551, 37.401983], [-118.347531, 37.402319]]}, "props": {"MTFCC": "S1400", "NAME": null}}, {"geom": {"type": "LineString", "coordinates": [[-118.347531, 37.402319], [-118.347682, 37.402505], [-118.347711, 37.40257], [-118.34773, 37.40265], [-118.347744, 37.402795], [-118.347796, 37.402916], [-118.347984, 37.403172], [-118.348001, 37.403224]]}, "props": {"MTFCC": "S1400", "NAME": null}}, {"geom": {"type": "LineString", "coordinates": [[-118.355058, 37.389339], [-118.355061, 37.389267], [-118.355051, 37.389221], [-118.354974, 37.389063], [-118.354911, 37.388999], [-118.354784, 37.388746], [-118.354767, 37.388692], [-118.354658, 37.388512], [-118.354531, 37.388367], [-118.354478, 37.388313]]}, "props": {"MTFCC": "S1400", "NAME": null}}, {"geom": {"type": "LineString", "coordinates": [[-118.349834, 37.368753], [-118.349949, 37.369284], [-118.350021, 37.369571], [-118.350161, 37.369991], [-118.35018, 37.370138], [-118.35016, 37.370285], [-118.350093, 37.370513], [-118.350066, 37.370751], [-118.350072, 37.370961], [-118.350113, 37.371224], [-118.350111, 37.371425], [-118.35008, 37.371542], [-118.350018, 37.371653], [-118.349945, 37.371764], [-118.34992, 37.371887], [-118.349944, 37.372009], [-118.34999, 37.37209], [-118.350092, 37.372209], [-118.350257, 37.372497], [-118.350321, 37.372569], [-118.350413, 37.372652], [-118.350665, 37.372817], [-118.350749, 37.372843], [-118.350839, 37.372847], [-118.350947, 37.372821], [-118.351034, 37.372759], [-118.351176, 37.372702], [-118.351685, 37.372625], [-118.35177, 37.372639], [-118.35184, 37.37268], [-118.351883, 37.37274], [-118.351923, 37.372886], [-118.351977, 37.373229], [-118.352033, 37.373409], [-118.35203, 37.37365], [-118.352044, 37.373888], [-118.352121, 37.374443], [-118.352114, 37.374628], [-118.352153, 37.374744], [-118.352226, 37.374827], [-118.352241, 37.37488], [-118.352277, 37.375124], [-118.352338, 37.375234], [-118.352519, 37.37544], [-118.352595, 37.375565], [-118.3529, 37.37589]]}, "props": {"MTFCC": "S1400", "NAME": null}}, {"geom": {"type": "LineString", "coordinates": [[-118.367288, 37.382384], [-118.367996, 37.383003], [-118.368447, 37.382974]]}, "props": {"MTFCC": "S1400", "NAME": null}}, {"geom": {"type": "LineString", "coordinates": [[-118.364591, 37.459573], [-118.364632, 37.459658], [-118.364687, 37.459848], [-118.364692, 37.459897]]}, "props": {"MTFCC": "S1400", "NAME": null}}, {"geom": {"type": "LineString", "coordinates": [[-118.192789, 37.420486], [-118.192912, 37.4213], [-118.192934, 37.42153]]}, "props": {"MTFCC": "S1400", "NAME": null}}, {"geom": {"type": "LineString", "coordinates": [[-118.183032, 37.382087], [-118.183002, 37.382626], [-118.182984, 37.383525], [-118.183038, 37.384395], [-118.183074, 37.385232], [-118.183089, 37.385817], [-118.183074, 37.385969], [-118.183009, 37.386265]]}, "props": {"MTFCC": "S1400", "NAME": null}}, {"geom": {"type": "LineString", "coordinates": [[-118.362747, 37.447381], [-118.363227, 37.447405]]}, "props": {"MTFCC": "S1400", "NAME": null}}, {"geom": {"type": "LineString", "coordinates": [[-118.339115, 37.433809], [-118.338897, 37.433799]]}, "props": {"MTFCC": "S1400", "NAME": null}}, {"geom": {"type": "LineString", "coordinates": [[-118.316078, 37.376795], [-118.316091, 37.376896], [-118.31612, 37.37697], [-118.316175, 37.377044], [-118.316259, 37.377129], [-118.316267, 37.377161], [-118.316283, 37.377221], [-118.316297, 37.377348], [-118.316335, 37.377434], [-118.316395, 37.377494], [-118.316475, 37.377535], [-118.316568, 37.377555], [-118.316717, 37.377556], [-118.316804, 37.377525], [-118.316876, 37.377457], [-118.316946, 37.377381], [-118.317144, 37.377237], [-118.317262, 37.377165], [-118.317362, 37.37706], [-118.317425, 37.376926], [-118.317481, 37.376874], [-118.317546, 37.37684]]}, "props": {"MTFCC": "S1400", "NAME": null}}, {"geom": {"type": "LineString", "coordinates": [[-118.315998, 37.376265], [-118.316049, 37.376387], [-118.316086, 37.376551], [-118.316091, 37.376689], [-118.316078, 37.376795]]}, "props": {"MTFCC": "S1400", "NAME": null}}, {"geom": {"type": "LineString", "coordinates": [[-118.357021, 37.378383], [-118.356915, 37.378207], [-118.356614, 37.377824], [-118.356425, 37.377559], [-118.356299, 37.377452], [-118.356251, 37.377426], [-118.356136, 37.377389], [-118.355946, 37.377355], [-118.355847, 37.377324], [-118.355554, 37.377189], [-118.355354, 37.377134], [-118.354945, 37.37699], [-118.354858, 37.376949], [-118.354777, 37.37689], [-118.35472, 37.376822], [-118.354434, 37.376355], [-118.354369, 37.376264], [-118.354259, 37.376108]]}, "props": {"MTFCC": "S1400", "NAME": null}}, {"geom": {"type": "LineString", "coordinates": [[-118.35899, 37.378988], [-118.359007, 37.378845], [-118.358997, 37.378567], [-118.359007, 37.378456], [-118.359031, 37.378338], [-118.359039, 37.378222], [-118.359032, 37.378106], [-118.358993, 37.377934], [-118.35894, 37.377811], [-118.358926, 37.377701], [-118.358956, 37.377485], [-118.358965, 37.376947], [-118.358981, 37.376849], [-118.358971, 37.376768], [-118.358917, 37.376654], [-118.35888, 37.376499], [-118.358887, 37.376309], [-118.358902, 37.376181], [-118.358873, 37.376095], [-118.358812, 37.376019], [-118.358735, 37.375968], [-118.358637, 37.37595], [-118.358357, 37.375939], [-118.357724, 37.375965], [-118.357282, 37.376002], [-118.356814, 37.376013], [-118.356467, 37.376034], [-118.35554, 37.376038], [-118.355124, 37.376029], [-118.354899, 37.376034], [-118.354718, 37.376071], [-118.354658, 37.376075], [-118.354608, 37.37607], [-118.35454, 37.376038], [-118.354491, 37.375965]]}, "props": {"MTFCC": "S1400", "NAME": null}}, {"geom": {"type": "LineString", "coordinates": [[-118.101553, 37.431305], [-118.101536, 37.431361], [-118.101516, 37.431385], [-118.101424, 37.43144], [-118.101156, 37.431537], [-118.101046, 37.431598], [-118.100994, 37.431609], [-118.100968, 37.431609], [-118.100817, 37.431544], [-118.100759, 37.431545], [-118.100724, 37.431571], [-118.100682, 37.431615]]}, "props": {"MTFCC": "S1400", "NAME": null}}, {"geom": {"type": "LineString", "coordinates": [[-118.506821, 37.367313], [-118.506928, 37.367004], [-118.507064, 37.36668], [-118.507104, 37.366536], [-118.507128, 37.366259], [-118.507126, 37.365991], [-118.50703, 37.365733], [-118.506986, 37.365558]]}, "props": {"MTFCC": "S1400", "NAME": null}}, {"geom": {"type": "LineString", "coordinates": [[-118.388539, 37.369626], [-118.388462, 37.369709], [-118.38842, 37.369736], [-118.388374, 37.369751], [-118.388162, 37.369774], [-118.386245, 37.369769], [-118.386224, 37.369143], [-118.386231, 37.36902]]}, "props": {"MTFCC": "S1740", "NAME": null}}, {"geom": {"type": "LineString", "coordinates": [[-118.39525, 37.367645], [-118.394413, 37.367644], [-118.394349, 37.367663], [-118.394307, 37.367705], [-118.394296, 37.367757], [-118.394325, 37.368491], [-118.394284, 37.368554]]}, "props": {"MTFCC": "S1400", "NAME": null}}, {"geom": {"type": "LineString", "coordinates": [[-118.375825, 37.367946], [-118.375829, 37.367244], [-118.375813, 37.367154], [-118.375754, 37.367008], [-118.375659, 37.366876], [-118.375531, 37.366762], [-118.37541, 37.366688], [-118.375319, 37.366639], [-118.375157, 37.366581], [-118.374983, 37.366551], [-118.374806, 37.366551], [-118.374718, 37.366561], [-118.374505, 37.366616], [-118.374334, 37.366695], [-118.374187, 37.3668], [-118.374071, 37.366927], [-118.37399, 37.367071], [-118.373954, 37.36719], [-118.373955, 37.368016]]}, "props": {"MTFCC": "S1400", "NAME": null}}, {"geom": {"type": "LineString", "coordinates": [[-118.394266512, 37.3641], [-118.394274, 37.364316]]}, "props": {"MTFCC": "S1400", "NAME": null}}, {"geom": {"type": "LineString", "coordinates": [[-118.467234, 37.369025], [-118.467476, 37.368681], [-118.467631, 37.368538], [-118.467867, 37.368259], [-118.467978, 37.368108], [-118.467972, 37.368062], [-118.467948, 37.368036], [-118.467884, 37.368008], [-118.467649, 37.367904]]}, "props": {"MTFCC": "S1400", "NAME": null}}, {"geom": {"type": "LineString", "coordinates": [[-118.27929, 37.46271], [-118.279274, 37.462663], [-118.279208, 37.462597], [-118.279068, 37.462535], [-118.27885, 37.462471], [-118.278733, 37.462442]]}, "props": {"MTFCC": "S1400", "NAME": null}}, {"geom": {"type": "LineString", "coordinates": [[-118.25675, 37.460121], [-118.256923, 37.460216], [-118.257094, 37.460246], [-118.257261, 37.460247], [-118.257424, 37.46022], [-118.257643, 37.460142], [-118.25777, 37.460121], [-118.257975, 37.460111], [-118.258212, 37.460109], [-118.258379, 37.460072], [-118.258452, 37.460076], [-118.258517, 37.460101], [-118.258566, 37.46014], [-118.258643, 37.460249], [-118.258723, 37.460297], [-118.258816, 37.460313], [-118.258889, 37.460304], [-118.258962, 37.460273], [-118.259047, 37.460215], [-118.259171, 37.460107], [-118.259269, 37.460057], [-118.259381, 37.460034], [-118.259497, 37.460039], [-118.259587, 37.460064], [-118.259661, 37.46011], [-118.259778, 37.460214], [-118.260002, 37.460458], [-118.260196, 37.460638], [-118.260479, 37.460831], [-118.260782, 37.461026], [-118.261129, 37.46128], [-118.261529, 37.461499], [-118.261741, 37.461639], [-118.26189, 37.461765], [-118.262056, 37.461978], [-118.262204, 37.462261], [-118.26239, 37.462678], [-118.262395, 37.462698]]}, "props": {"MTFCC": "S1400", "NAME": null}}, {"geom": {"type": "LineString", "coordinates": [[-118.300416, 37.449722], [-118.300314, 37.44992], [-118.300244, 37.450029], [-118.300116, 37.450178], [-118.30002, 37.45024], [-118.299905, 37.450274], [-118.299822, 37.450278], [-118.299734, 37.45027], [-118.299651, 37.450292], [-118.299585, 37.450338], [-118.299549, 37.450402], [-118.299544, 37.450434], [-118.299516, 37.450573], [-118.299475, 37.450697], [-118.299363, 37.450892], [-118.299344, 37.450985], [-118.299381, 37.451205], [-118.299363, 37.451356], [-118.299373, 37.451434], [-118.299389, 37.451479], [-118.299388, 37.451639], [-118.299363, 37.45174], [-118.299311, 37.451794], [-118.299143, 37.451897], [-118.29912, 37.451944], [-118.299128, 37.451991], [-118.299174, 37.452107], [-118.299173, 37.452143], [-118.299144, 37.452181], [-118.299093, 37.45222], [-118.299066, 37.452252], [-118.299025, 37.452361], [-118.298967, 37.45243], [-118.298825, 37.452537], [-118.298794, 37.452592], [-118.298787, 37.453112], [-118.298757, 37.453234], [-118.298703, 37.45333], [-118.298625, 37.453414], [-118.298232, 37.453717], [-118.297967, 37.4539], [-118.297776, 37.454021], [-118.297639, 37.454116], [-118.297538, 37.454162], [-118.297428, 37.454191], [-118.297312, 37.4542], [-118.29713, 37.454193], [-118.296774, 37.454199], [-118.296569, 37.454233], [-118.296423, 37.454281], [-118.296224, 37.454388], [-118.29612, 37.454454], [-118.29553, 37.454825], [-118.295225, 37.455029], [-118.295089, 37.455107], [-118.294748, 37.455281]]}, "props": {"MTFCC": "S1400", "NAME": null}}, {"geom": {"type": "LineString", "coordinates": [[-118.591079, 37.434063], [-118.591313, 37.434067], [-118.592863, 37.434085], [-118.592951, 37.434095], [-118.592964, 37.434095], [-118.593282, 37.434106], [-118.593851, 37.434102], [-118.594184, 37.434109], [-118.595199, 37.43413], [-118.595615, 37.434131], [-118.596501, 37.434129], [-118.59854, 37.434149], [-118.600043, 37.434142], [-118.606021, 37.434169], [-118.606468, 37.434166], [-118.606996, 37.434163], [-118.607089, 37.434135], [-118.607158, 37.434103]]}, "props": {"MTFCC": "S1400", "NAME": null}}, {"geom": {"type": "LineString", "coordinates": [[-118.416936, 37.3758], [-118.416931, 37.375381], [-118.416963, 37.375342], [-118.41723, 37.375107], [-118.417348, 37.374991], [-118.417398, 37.374931]]}, "props": {"MTFCC": "S1740", "NAME": null}}, {"geom": {"type": "LineString", "coordinates": [[-118.440378, 37.407925], [-118.440583, 37.407923], [-118.440736, 37.407869], [-118.440886, 37.407792], [-118.440961, 37.40777], [-118.441248, 37.407758], [-118.441384, 37.407776], [-118.441539, 37.407816], [-118.441695, 37.407823], [-118.441746, 37.407816], [-118.442117, 37.407815], [-118.442321, 37.407827], [-118.44267, 37.407828], [-118.442793, 37.407856], [-118.442959, 37.407905], [-118.443115, 37.407929], [-118.443227, 37.407931], [-118.443677, 37.407901], [-118.443775, 37.407914], [-118.443864, 37.40795], [-118.443965, 37.408012], [-118.444086, 37.408049], [-118.444217, 37.408055], [-118.444355, 37.408054], [-118.444503, 37.408069], [-118.444577, 37.408103], [-118.444796, 37.408314], [-118.444841, 37.408378], [-118.445084, 37.408827], [-118.445195, 37.409004], [-118.445276, 37.409105], [-118.445342, 37.40916], [-118.445418, 37.409187], [-118.445528, 37.409189], [-118.445881, 37.409155], [-118.445945, 37.409126], [-118.445989, 37.409078], [-118.446028, 37.409], [-118.446069, 37.408888], [-118.446126, 37.40881], [-118.446246, 37.408714], [-118.446385, 37.408656], [-118.446593, 37.408594], [-118.446959, 37.408508], [-118.447114, 37.408483], [-118.447276, 37.408441], [-118.447415, 37.408439], [-118.447604, 37.40845], [-118.447713, 37.408427], [-118.447902, 37.408338], [-118.448016, 37.408313], [-118.448213, 37.408324], [-118.448444, 37.408376], [-118.448801, 37.408371], [-118.448944, 37.408353], [-118.449083, 37.408323], [-118.449317, 37.408264], [-118.449445, 37.408269], [-118.449809, 37.408292], [-118.450009, 37.408292], [-118.45037, 37.40823], [-118.450464, 37.408242], [-118.45066, 37.408317], [-118.45134, 37.408525], [-118.451457, 37.40857], [-118.451546, 37.408616], [-118.451775, 37.408789], [-118.452054, 37.409024], [-118.452112, 37.409115], [-118.452162, 37.40935], [-118.452244, 37.409445], [-118.452337, 37.409521], [-118.452411, 37.40956], [-118.452498, 37.409578], [-118.452592, 37.409574]]}, "props": {"MTFCC": "S1400", "NAME": null}}, {"geom": {"type": "LineString", "coordinates": [[-118.593369, 37.432145], [-118.593979, 37.432138], [-118.59554, 37.432134]]}, "props": {"MTFCC": "S1400", "NAME": null}}, {"geom": {"type": "LineString", "coordinates": [[-118.593979, 37.432138], [-118.59393, 37.431871], [-118.593937, 37.431811], [-118.59399, 37.43176], [-118.594134, 37.431723], [-118.594186, 37.431671], [-118.5942, 37.43162]]}, "props": {"MTFCC": "S1740", "NAME": null}}, {"geom": {"type": "LineString", "coordinates": [[-118.499719, 37.405434], [-118.499736, 37.405454], [-118.499737, 37.405522], [-118.499689, 37.405635], [-118.499693, 37.405695], [-118.499729, 37.405755], [-118.49978, 37.405804], [-118.499878, 37.405851], [-118.500342, 37.405971], [-118.500415, 37.406015]]}, "props": {"MTFCC": "S1400", "NAME": null}}, {"geom": {"type": "LineString", "coordinates": [[-118.493087, 37.405255], [-118.493408, 37.405053], [-118.493613, 37.404951], [-118.493712, 37.404929], [-118.493883, 37.404927], [-118.494001, 37.404912], [-118.494165, 37.404874], [-118.494546, 37.404753], [-118.494681, 37.40473], [-118.494829, 37.404731], [-118.494939, 37.404763], [-118.494999, 37.404801], [-118.495023, 37.404831]]}, "props": {"MTFCC": "S1400", "NAME": null}}, {"geom": {"type": "LineString", "coordinates": [[-118.491497, 37.405739], [-118.491603, 37.406175]]}, "props": {"MTFCC": "S1400", "NAME": null}}, {"geom": {"type": "LineString", "coordinates": [[-118.493087, 37.405255], [-118.492943, 37.404956], [-118.492832, 37.404807], [-118.492787, 37.404759]]}, "props": {"MTFCC": "S1400", "NAME": null}}, {"geom": {"type": "LineString", "coordinates": [[-118.477191, 37.410371], [-118.477204, 37.410593]]}, "props": {"MTFCC": "S1400", "NAME": null}}, {"geom": {"type": "LineString", "coordinates": [[-118.55286, 37.374848], [-118.552757, 37.374987], [-118.552594, 37.375259], [-118.552432, 37.375545], [-118.552268, 37.375909], [-118.552102, 37.376318], [-118.552071, 37.376458], [-118.552048, 37.376725], [-118.55193, 37.377074], [-118.551866, 37.37744], [-118.551864, 37.37779], [-118.551832, 37.377886], [-118.551764, 37.37797], [-118.551671, 37.37803], [-118.551477, 37.378127], [-118.551385, 37.378183], [-118.550952, 37.378501], [-118.550824, 37.378578], [-118.550706, 37.378633], [-118.550583, 37.37866], [-118.550455, 37.378654], [-118.549334, 37.378318]]}, "props": {"MTFCC": "S1400", "NAME": null}}, {"geom": {"type": "LineString", "coordinates": [[-118.499489, 37.380171], [-118.498851, 37.381251], [-118.498761, 37.381372], [-118.498541, 37.381596]]}, "props": {"MTFCC": "S1400", "NAME": null}}, {"geom": {"type": "LineString", "coordinates": [[-118.36586, 37.382025], [-118.366035, 37.382143], [-118.36611, 37.382164], [-118.366318, 37.382162], [-118.366427, 37.382181], [-118.36653, 37.382218], [-118.366712, 37.382305], [-118.366858, 37.382343], [-118.367025, 37.382362], [-118.367172, 37.382378], [-118.367288, 37.382384]]}, "props": {"MTFCC": "S1400", "NAME": null}}, {"geom": {"type": "LineString", "coordinates": [[-118.503213, 37.405687], [-118.50311, 37.405653], [-118.502968, 37.405569], [-118.502882, 37.405551], [-118.502825, 37.405547]]}, "props": {"MTFCC": "S1400", "NAME": null}}, {"geom": {"type": "LineString", "coordinates": [[-118.53234, 37.404175], [-118.532281, 37.404113], [-118.532175, 37.404057], [-118.532098, 37.404016], [-118.53202, 37.403972], [-118.531943, 37.403929], [-118.531868, 37.403885], [-118.531793, 37.40384], [-118.531649, 37.40375], [-118.531579, 37.403705], [-118.531509, 37.40366], [-118.531438, 37.403615], [-118.531366, 37.40357], [-118.531337, 37.403436], [-118.531261, 37.4034], [-118.531182, 37.403359], [-118.531103, 37.403317], [-118.531027, 37.403276], [-118.530964, 37.40324], [-118.530904, 37.403208], [-118.530839, 37.403178], [-118.530726, 37.403156], [-118.530641, 37.403156], [-118.530553, 37.403151], [-118.530464, 37.403141], [-118.530437, 37.403138], [-118.530334, 37.403128], [-118.530247, 37.403129], [-118.530189, 37.403046], [-118.530094, 37.403069], [-118.529997, 37.403093], [-118.529856, 37.403118], [-118.529759, 37.403128], [-118.529668, 37.403128], [-118.529581, 37.403117], [-118.529445, 37.403076], [-118.529351, 37.403031], [-118.529268, 37.402988], [-118.529189, 37.402942], [-118.529118, 37.402889], [-118.529055, 37.402828], [-118.529017, 37.402776], [-118.528967, 37.402719], [-118.528914, 37.402684], [-118.528856, 37.40265], [-118.528796, 37.402625], [-118.52872, 37.4026], [-118.528639, 37.402574], [-118.528561, 37.402549], [-118.528485, 37.402523], [-118.528398, 37.402498], [-118.528303, 37.402471], [-118.528225, 37.40245], [-118.528115, 37.40241], [-118.528044, 37.402391], [-118.527989, 37.402377], [-118.527923, 37.402358], [-118.527856, 37.402338], [-118.527796, 37.402319], [-118.527724, 37.402297], [-118.527653, 37.402277], [-118.527775, 37.402153], [-118.527829, 37.402049], [-118.527904, 37.401993], [-118.528018, 37.401932], [-118.52806, 37.401877], [-118.528085, 37.401833], [-118.528104, 37.401782], [-118.528122, 37.401734], [-118.528136, 37.401688], [-118.52816, 37.401609], [-118.528177, 37.401541]]}, "props": {"MTFCC": "S1400", "NAME": null}}, {"geom": {"type": "LineString", "coordinates": [[-118.504944, 37.406016], [-118.504828, 37.40599], [-118.50462, 37.405969], [-118.504105, 37.405945], [-118.503733, 37.405919]]}, "props": {"MTFCC": "S1400", "NAME": null}}, {"geom": {"type": "LineString", "coordinates": [[-118.438167, 37.394191], [-118.439759, 37.393809]]}, "props": {"MTFCC": "S1400", "NAME": null}}, {"geom": {"type": "LineString", "coordinates": [[-118.433487, 37.39404], [-118.433513, 37.394193], [-118.433573, 37.39446], [-118.433723, 37.394785], [-118.433847, 37.395023], [-118.433889, 37.395203], [-118.433888, 37.395265]]}, "props": {"MTFCC": "S1400", "NAME": null}}, {"geom": {"type": "LineString", "coordinates": [[-118.445443, 37.406817], [-118.445341, 37.407009], [-118.445287, 37.407139], [-118.445209, 37.407234], [-118.445097, 37.407306], [-118.445009, 37.407337], [-118.444907, 37.407354], [-118.444748, 37.407365], [-118.444503, 37.407433], [-118.443958, 37.407605], [-118.443767, 37.407615], [-118.443387, 37.407571], [-118.443276, 37.407564]]}, "props": {"MTFCC": "S1400", "NAME": null}}, {"geom": {"type": "LineString", "coordinates": [[-118.35396, 37.391138], [-118.353983, 37.391312], [-118.354012, 37.391368], [-118.354093, 37.391453], [-118.354148, 37.39164], [-118.354141, 37.391748], [-118.354092, 37.391848], [-118.354007, 37.391931], [-118.353894, 37.39199], [-118.353808, 37.392012], [-118.353749, 37.392018]]}, "props": {"MTFCC": "S1400", "NAME": null}}, {"geom": {"type": "LineString", "coordinates": [[-118.356317, 37.397009], [-118.356016, 37.397262], [-118.355634, 37.397542], [-118.355526, 37.397591], [-118.355407, 37.397622], [-118.355305, 37.397628], [-118.355242, 37.397605], [-118.355196, 37.397564], [-118.355174, 37.397498], [-118.355178, 37.397472]]}, "props": {"MTFCC": "S1400", "NAME": null}}, {"geom": {"type": "LineString", "coordinates": [[-118.620482, 37.432017], [-118.620096, 37.432083], [-118.619854, 37.432118], [-118.61956, 37.432119], [-118.619357, 37.432202], [-118.619187, 37.432296], [-118.619071, 37.432341], [-118.618928, 37.432364], [-118.618333, 37.432499], [-118.618202, 37.432549], [-118.618036, 37.432598], [-118.617757, 37.432638], [-118.617529, 37.432752], [-118.617323, 37.432841], [-118.617002, 37.432995], [-118.616768, 37.433054], [-118.616362, 37.43318], [-118.615995, 37.433322], [-118.615849, 37.433367], [-118.615415, 37.433419], [-118.615145, 37.433442], [-118.614853, 37.433484], [-118.614734, 37.433533], [-118.614641, 37.433607], [-118.614478, 37.433808], [-118.614411, 37.433918], [-118.614324, 37.434112], [-118.614297, 37.434212], [-118.61428, 37.434248], [-118.614179, 37.434303], [-118.614059, 37.434375], [-118.613717, 37.434611], [-118.613621, 37.434706], [-118.613553, 37.434732], [-118.613484, 37.434732], [-118.613407, 37.434701], [-118.613327, 37.434625], [-118.613241, 37.434585], [-118.61313, 37.434573], [-118.612917, 37.434581], [-118.612701, 37.434619], [-118.612613, 37.434646], [-118.612528, 37.434692], [-118.612448, 37.434772], [-118.612374, 37.434905], [-118.612324, 37.435017], [-118.612178, 37.435236], [-118.612056, 37.435367], [-118.612026, 37.435422], [-118.611902, 37.435775], [-118.611843, 37.435914], [-118.611706, 37.436188], [-118.611701, 37.436258], [-118.611726, 37.436327], [-118.611771, 37.436422], [-118.611777, 37.436512], [-118.611748, 37.4366], [-118.61148, 37.437033], [-118.611307, 37.437368], [-118.611194, 37.437561], [-118.611136, 37.43764], [-118.611093, 37.437745], [-118.611089, 37.437836], [-118.611052, 37.437973], [-118.610981, 37.438101], [-118.61087, 37.438227], [-118.610782, 37.43829], [-118.61059, 37.438372], [-118.610298, 37.438483], [-118.609924, 37.438608], [-118.609709, 37.438661], [-118.609511, 37.438689], [-118.609333, 37.438697], [-118.608988, 37.438748], [-118.608748, 37.438751], [-118.608396, 37.438716], [-118.60785, 37.438708], [-118.607704, 37.438722], [-118.60754, 37.438746], [-118.607244, 37.438773], [-118.606898, 37.438865], [-118.606726, 37.438953], [-118.606633, 37.438978], [-118.606365, 37.438997], [-118.606264, 37.439024], [-118.605985, 37.439139], [-118.605889, 37.439159], [-118.605818, 37.439156]]}, "props": {"MTFCC": "S1500", "NAME": null}}, {"geom": {"type": "LineString", "coordinates": [[-118.444765, 37.413205], [-118.444874, 37.413115], [-118.444896, 37.413084], [-118.444908, 37.413047], [-118.444912, 37.412973], [-118.444931, 37.412913], [-118.445044, 37.412728], [-118.445167, 37.412573], [-118.445185, 37.412506], [-118.445167, 37.41244], [-118.445104, 37.412357], [-118.445075, 37.412277], [-118.44507, 37.412239]]}, "props": {"MTFCC": "S1400", "NAME": null}}, {"geom": {"type": "LineString", "coordinates": [[-118.104701, 37.42704], [-118.1047, 37.427348], [-118.104717, 37.427486], [-118.104799, 37.427681], [-118.104816, 37.427867], [-118.104793, 37.428023], [-118.104785, 37.428156], [-118.104814, 37.428341], [-118.1048, 37.428527], [-118.104768, 37.428708], [-118.10471, 37.428958], [-118.104694, 37.429084], [-118.104709, 37.429184], [-118.104679, 37.429275], [-118.104638, 37.429338], [-118.104641, 37.429387], [-118.104726, 37.429492], [-118.104749, 37.42956], [-118.104739, 37.42968], [-118.104679, 37.42982], [-118.104636, 37.429885], [-118.104556, 37.429979], [-118.104448, 37.430085], [-118.104341, 37.430215], [-118.104318, 37.430244], [-118.104254, 37.430294], [-118.104002, 37.430424], [-118.103888, 37.430427], [-118.103857, 37.430426], [-118.10376, 37.430418], [-118.103575, 37.430458], [-118.103398, 37.430521], [-118.103138, 37.430625], [-118.103033, 37.43068], [-118.102983, 37.430723], [-118.102934, 37.430796], [-118.102868, 37.430831], [-118.10254, 37.43092], [-118.102321, 37.43102], [-118.102212, 37.431063], [-118.102042, 37.431082], [-118.101793, 37.431096], [-118.101724, 37.431109], [-118.101677, 37.431132], [-118.101641, 37.431166], [-118.101589, 37.431216], [-118.101553, 37.431305]]}, "props": {"MTFCC": "S1400", "NAME": null}}, {"geom": {"type": "LineString", "coordinates": [[-118.46774, 37.462924], [-118.467978, 37.462808], [-118.468264, 37.462678], [-118.468604, 37.46255], [-118.468745, 37.462532], [-118.468886, 37.46255], [-118.469013, 37.462602], [-118.469155, 37.462669], [-118.469312, 37.46271], [-118.469474, 37.462724], [-118.469941, 37.462709], [-118.470117, 37.462691], [-118.470486, 37.462609], [-118.470734, 37.462529], [-118.471017, 37.462405], [-118.471236, 37.462335], [-118.471391, 37.462298], [-118.471469, 37.462302], [-118.471567, 37.462373], [-118.47175, 37.462538], [-118.471835, 37.46258], [-118.472054, 37.462673], [-118.472121, 37.462735], [-118.47214, 37.462807], [-118.472158, 37.462886]]}, "props": {"MTFCC": "S1400", "NAME": null}}, {"geom": {"type": "LineString", "coordinates": [[-118.618682, 37.452262], [-118.61856, 37.452193], [-118.618323, 37.452015], [-118.618175, 37.451931], [-118.618066, 37.451892], [-118.617933, 37.451861], [-118.617834, 37.451809], [-118.617659, 37.451635], [-118.61763, 37.451597], [-118.617577, 37.451469], [-118.61747, 37.4513], [-118.617433, 37.451135], [-118.617393, 37.451091], [-118.617307, 37.451042], [-118.61707, 37.450852], [-118.616908, 37.450766], [-118.616541, 37.450528], [-118.616016, 37.450114], [-118.615867, 37.449984], [-118.615674, 37.449794], [-118.615551, 37.449643], [-118.615482, 37.449569], [-118.615364, 37.449443], [-118.615067, 37.449065], [-118.614901, 37.448815], [-118.614762, 37.448572], [-118.614714, 37.448466], [-118.61466, 37.448397], [-118.614659, 37.44833], [-118.614664, 37.448254], [-118.614659, 37.448235], [-118.614639, 37.448216], [-118.614605, 37.448201], [-118.614584, 37.448182], [-118.614536, 37.448075], [-118.614489, 37.448003], [-118.614285, 37.447775], [-118.614204, 37.447574], [-118.614118, 37.447437], [-118.614006, 37.447238], [-118.613992, 37.44717], [-118.613995, 37.447053], [-118.613961, 37.44694], [-118.613909, 37.446857], [-118.613886, 37.446777], [-118.613879, 37.446593], [-118.613887, 37.446485], [-118.613859, 37.446296], [-118.61384, 37.44622], [-118.613816, 37.445957], [-118.613799, 37.445309], [-118.613834, 37.445152], [-118.613828, 37.445076], [-118.61378, 37.444987], [-118.613724, 37.444932]]}, "props": {"MTFCC": "S1500", "NAME": null}}, {"geom": {"type": "LineString", "coordinates": [[-118.44913113516483, 37.3641], [-118.449119, 37.364918], [-118.449119, 37.366817], [-118.449124, 37.367152]]}, "props": {"MTFCC": "S1400", "NAME": null}}, {"geom": {"type": "LineString", "coordinates": [[-118.449119, 37.366817], [-118.449543, 37.366714], [-118.449611, 37.366732], [-118.449649, 37.36677], [-118.449659, 37.366798], [-118.449664, 37.367022]]}, "props": {"MTFCC": "S1400", "NAME": null}}, {"geom": {"type": "LineString", "coordinates": [[-118.301821, 37.441345], [-118.301388, 37.441017], [-118.301096, 37.44079], [-118.30105, 37.440706], [-118.301039, 37.440352], [-118.301046, 37.440239], [-118.301014, 37.440162], [-118.300947, 37.440101], [-118.300926, 37.44009]]}, "props": {"MTFCC": "S1400", "NAME": null}}, {"geom": {"type": "LineString", "coordinates": [[-118.514739, 37.403182], [-118.515225, 37.403305], [-118.516206, 37.403605], [-118.516512, 37.403692], [-118.517133, 37.40387], [-118.518402, 37.404209], [-118.518722, 37.404274], [-118.519038, 37.404318], [-118.520803, 37.404522], [-118.521028, 37.404546]]}, "props": {"MTFCC": "S1400", "NAME": null}}, {"geom": {"type": "LineString", "coordinates": [[-118.503315, 37.399225], [-118.503273, 37.399219], [-118.5032, 37.399211], [-118.503065, 37.3992], [-118.50297, 37.399188], [-118.50288, 37.399171], [-118.502797, 37.399145], [-118.502719, 37.399121], [-118.502638, 37.399114], [-118.50256, 37.399122], [-118.502504, 37.399132], [-118.502461, 37.399169], [-118.502411, 37.399199], [-118.502369, 37.399233], [-118.502302, 37.399285], [-118.502252, 37.399323], [-118.502205, 37.399361], [-118.502159, 37.399391], [-118.502116, 37.399425], [-118.502089, 37.399472], [-118.502057, 37.399517], [-118.50201, 37.399555], [-118.501939, 37.399585], [-118.501899, 37.399602]]}, "props": {"MTFCC": "S1400", "NAME": null}}, {"geom": {"type": "LineString", "coordinates": [[-118.428133, 37.42115], [-118.428174, 37.421164], [-118.428245, 37.421145], [-118.428516, 37.420991], [-118.428681, 37.420852], [-118.42876, 37.420748], [-118.428892, 37.420442], [-118.428925, 37.420388], [-118.428979, 37.42036], [-118.429043, 37.420357], [-118.429242, 37.420422], [-118.429455, 37.42052], [-118.429573, 37.42061], [-118.429663, 37.420709], [-118.429731, 37.420833], [-118.429745, 37.420906], [-118.42973, 37.42098], [-118.429696, 37.421036], [-118.429594, 37.421116], [-118.429411, 37.421228], [-118.429178, 37.421461], [-118.428497, 37.422], [-118.427682, 37.42271], [-118.427467, 37.422878]]}, "props": {"MTFCC": "S1400", "NAME": null}}, {"geom": {"type": "LineString", "coordinates": [[-118.336622, 37.377887], [-118.336735, 37.377816], [-118.336798, 37.377739], [-118.336856, 37.377648], [-118.33692, 37.377602], [-118.33698, 37.377584], [-118.337522, 37.377533], [-118.337661, 37.377512], [-118.337758, 37.377473], [-118.337834, 37.377412], [-118.337884, 37.377334], [-118.337953, 37.37715], [-118.337987, 37.376991], [-118.338109, 37.376787], [-118.33814, 37.376669], [-118.33814, 37.376644], [-118.338145, 37.376125], [-118.338153, 37.375917], [-118.338367, 37.375287], [-118.338495, 37.374965], [-118.338566, 37.374744], [-118.338567, 37.37467], [-118.33852, 37.374391], [-118.338539, 37.374298], [-118.33877, 37.373877], [-118.338992, 37.373398], [-118.339005, 37.373286], [-118.33899, 37.37296], [-118.339015, 37.372638], [-118.338987, 37.372543], [-118.338991, 37.372502], [-118.339031, 37.372416], [-118.339189, 37.372172], [-118.339367, 37.372035], [-118.339405, 37.371967], [-118.339424, 37.371696], [-118.339442, 37.371629], [-118.339442, 37.371488], [-118.339415, 37.371336], [-118.339334, 37.371173], [-118.33924, 37.37075], [-118.339184, 37.370558], [-118.339185, 37.370432], [-118.339253, 37.370182], [-118.339253, 37.370053], [-118.339216, 37.369915], [-118.33915, 37.369775], [-118.339084, 37.369681], [-118.33897, 37.369588], [-118.338869, 37.369522], [-118.338776, 37.369476], [-118.33866, 37.369392], [-118.338568, 37.36929], [-118.338512, 37.369192], [-118.338491, 37.369091], [-118.338508, 37.368914], [-118.338529, 37.368881], [-118.338603, 37.36881], [-118.338959, 37.368534], [-118.339007, 37.368459], [-118.339024, 37.368375], [-118.339, 37.368122], [-118.33902, 37.367931], [-118.339059, 37.367686], [-118.339107, 37.367508], [-118.339117, 37.367331], [-118.339187, 37.367097], [-118.339261, 37.366795], [-118.339321, 37.366691], [-118.339533, 37.366434], [-118.339559, 37.366358], [-118.339554, 37.36628], [-118.339483, 37.366132], [-118.339274, 37.365921], [-118.338413, 37.365129], [-118.33835, 37.365052], [-118.338275, 37.364936], [-118.338219, 37.364869], [-118.338101, 37.364763], [-118.337842, 37.364596], [-118.337675, 37.364469], [-118.337579, 37.364373], [-118.337495, 37.36427], [-118.33738882899628, 37.3641]]}, "props": {"MTFCC": "S1400", "NAME": null}}, {"geom": {"type": "LineString", "coordinates": [[-118.187692, 37.413614], [-118.187745, 37.413717], [-118.188029, 37.414098], [-118.188078, 37.414195], [-118.188117, 37.414291], [-118.188199, 37.414563], [-118.188251, 37.41466], [-118.188327, 37.414743], [-118.188562, 37.414907], [-118.188973, 37.41514], [-118.189404, 37.415269], [-118.189908, 37.415461], [-118.19043, 37.41569], [-118.190522, 37.415758]]}, "props": {"MTFCC": "S1400", "NAME": null}}, {"geom": {"type": "LineString", "coordinates": [[-118.191918, 37.377164], [-118.191669, 37.377377], [-118.191488, 37.37756], [-118.191378, 37.377692], [-118.1913, 37.377807], [-118.191231, 37.37795], [-118.191065, 37.378381], [-118.191027, 37.378455], [-118.190907, 37.3786], [-118.190203, 37.379251], [-118.190103, 37.379381], [-118.189983, 37.379503], [-118.18986, 37.379593], [-118.189721, 37.379672], [-118.189548, 37.379731], [-118.189424, 37.379767], [-118.189199, 37.379812], [-118.188428, 37.379899], [-118.188274, 37.379929], [-118.18762, 37.380143], [-118.18753, 37.380174], [-118.187301, 37.380255]]}, "props": {"MTFCC": "S1400", "NAME": null}}, {"geom": {"type": "LineString", "coordinates": [[-118.527947, 37.404725], [-118.528235, 37.404696], [-118.52871, 37.404671], [-118.529058, 37.404639], [-118.52969, 37.404525], [-118.530131, 37.40447], [-118.530672, 37.404471], [-118.530709, 37.404469], [-118.531216, 37.404441], [-118.531443, 37.404449], [-118.531593, 37.404476], [-118.531726, 37.404477], [-118.531857, 37.404455], [-118.531979, 37.404411], [-118.532087, 37.404349], [-118.53227, 37.404205], [-118.53234, 37.404175]]}, "props": {"MTFCC": "S1400", "NAME": null}}, {"geom": {"type": "LineString", "coordinates": [[-118.510146, 37.400815], [-118.510188, 37.40084], [-118.510247, 37.400878], [-118.510333, 37.400939], [-118.510381, 37.400984], [-118.510415, 37.401037], [-118.510446, 37.401103], [-118.510475, 37.401171]]}, "props": {"MTFCC": "S1400", "NAME": null}}, {"geom": {"type": "LineString", "coordinates": [[-118.416975, 37.424201], [-118.416955, 37.424053], [-118.416791, 37.42335], [-118.416744, 37.423181]]}, "props": {"MTFCC": "S1400", "NAME": null}}, {"geom": {"type": "LineString", "coordinates": [[-118.373949, 37.38239], [-118.373534, 37.382364], [-118.373047, 37.382319], [-118.372717, 37.382274], [-118.372529, 37.382233], [-118.372299, 37.382157], [-118.372175, 37.382107], [-118.371952, 37.381985], [-118.371863, 37.381905], [-118.371784, 37.381881], [-118.3717, 37.381891], [-118.371595, 37.381944], [-118.371497, 37.381965], [-118.371396, 37.381961], [-118.371161, 37.381899], [-118.371077, 37.381898], [-118.371, 37.381926]]}, "props": {"MTFCC": "S1400", "NAME": null}}, {"geom": {"type": "LineString", "coordinates": [[-118.414139, 37.377172], [-118.414139, 37.376957]]}, "props": {"MTFCC": "S1400", "NAME": null}}, {"geom": {"type": "LineString", "coordinates": [[-118.414308, 37.376262], [-118.414292, 37.375913]]}, "props": {"MTFCC": "S1400", "NAME": null}}, {"geom": {"type": "LineString", "coordinates": [[-118.735199, 37.449769], [-118.73527, 37.449727], [-118.735402, 37.449583], [-118.73542, 37.449536], [-118.735412, 37.449501], [-118.735346, 37.449444], [-118.735339, 37.449426], [-118.735376, 37.44931], [-118.735489, 37.449006]]}, "props": {"MTFCC": "S1400", "NAME": null}}, {"geom": {"type": "LineString", "coordinates": [[-118.395469, 37.373715], [-118.395365, 37.373733], [-118.395246, 37.373756], [-118.395032, 37.37378], [-118.394687, 37.373792], [-118.393784, 37.373891], [-118.391921, 37.373912]]}, "props": {"MTFCC": "S1400", "NAME": null}}, {"geom": {"type": "LineString", "coordinates": [[-117.894871, 37.452377], [-117.894882, 37.454029], [-117.894872, 37.455002], [-117.894881, 37.457074], [-117.894935, 37.46022], [-117.894902, 37.463374], [-117.894899, 37.464833]]}, "props": {"MTFCC": "S1400", "NAME": null}}, {"geom": {"type": "LineString", "coordinates": [[-117.802749, 37.405863], [-117.802793, 37.40597], [-117.802904, 37.406161], [-117.802974, 37.406657], [-117.802977, 37.406731], [-117.802966, 37.406796], [-117.802894, 37.406921], [-117.80279, 37.407033], [-117.802659, 37.407126], [-117.802609, 37.407152], [-117.802561, 37.407204], [-117.802533, 37.407279], [-117.802465, 37.407559], [-117.80247, 37.407618], [-117.802592, 37.407799], [-117.802771, 37.40804], [-117.802925, 37.408365], [-117.802948, 37.408452], [-117.803021, 37.408591], [-117.803062, 37.40864], [-117.803325, 37.408801], [-117.803488, 37.408916], [-117.804853, 37.409739], [-117.805234, 37.409979], [-117.805352, 37.410074], [-117.805529, 37.410252], [-117.805814, 37.410577], [-117.805994, 37.410829], [-117.806047, 37.410918], [-117.806154, 37.411045], [-117.806507, 37.411393], [-117.806548, 37.411442], [-117.807021, 37.412504], [-117.80707, 37.412587], [-117.807147, 37.412672], [-117.807391, 37.412836], [-117.80753, 37.412917], [-117.807673, 37.413021], [-117.807851, 37.41317], [-117.807951, 37.413329], [-117.808003, 37.413529], [-117.808212, 37.41399], [-117.808283, 37.414165], [-117.808355, 37.414411], [-117.808371, 37.414605], [-117.808414, 37.414766], [-117.808438, 37.414823], [-117.80853, 37.414952], [-117.808826, 37.415267], [-117.80887, 37.415374], [-117.808911, 37.416105], [-117.808883, 37.416173], [-117.80887, 37.416244], [-117.808876, 37.416419], [-117.808917, 37.41663], [-117.808934, 37.417021], [-117.809008, 37.417188]]}, "props": {"MTFCC": "S1400", "NAME": null}}, {"geom": {"type": "LineString", "coordinates": [[-117.844889, 37.406201], [-117.842427, 37.406466], [-117.840769, 37.406626], [-117.840232, 37.406707], [-117.839642, 37.406768]]}, "props": {"MTFCC": "S1400", "NAME": null}}, {"geom": {"type": "LineString", "coordinates": [[-118.593831, 37.387421], [-118.593876, 37.387307], [-118.59393, 37.387258], [-118.594005, 37.387234], [-118.594071, 37.387224], [-118.594125, 37.387186], [-118.594179, 37.3871], [-118.594197, 37.387024], [-118.594202, 37.386806], [-118.594224, 37.386727], [-118.59428, 37.386667], [-118.594525, 37.386514], [-118.594615, 37.386442], [-118.59465, 37.386388], [-118.594671, 37.386267], [-118.594726, 37.386177], [-118.59494, 37.385878], [-118.594981, 37.3858], [-118.595039, 37.385721], [-118.595067, 37.385665], [-118.595117, 37.385529], [-118.595237, 37.385431], [-118.595373, 37.385231], [-118.595422, 37.385146], [-118.595449, 37.384983], [-118.595441, 37.38484], [-118.595464, 37.384766], [-118.595499, 37.384716], [-118.595642, 37.384589], [-118.595823, 37.384451], [-118.595857, 37.384391], [-118.595854, 37.384315], [-118.595843, 37.384259], [-118.59587, 37.384204], [-118.59615, 37.383985], [-118.596356, 37.383787], [-118.596683, 37.383523], [-118.596775, 37.383464], [-118.596998, 37.38337], [-118.597147, 37.383291], [-118.597289, 37.383236], [-118.597484, 37.383172], [-118.597573, 37.383116], [-118.597632, 37.38307], [-118.597716, 37.383052], [-118.597782, 37.383051], [-118.597844, 37.383029], [-118.598087, 37.38297], [-118.598129, 37.382951], [-118.598316, 37.382927], [-118.59839, 37.382901], [-118.598602, 37.382779], [-118.598872, 37.38267], [-118.599063, 37.382647], [-118.59915, 37.382612], [-118.599339, 37.382482], [-118.59952, 37.382346], [-118.599678, 37.382166], [-118.599742, 37.382115], [-118.600305, 37.381809], [-118.601266, 37.381266], [-118.601912, 37.380928], [-118.602205, 37.380855], [-118.602338, 37.380794], [-118.602476, 37.380693], [-118.602667, 37.380519], [-118.602759, 37.380473], [-118.602841, 37.380421], [-118.60312, 37.380195], [-118.60346, 37.379885], [-118.603575, 37.379741], [-118.60386, 37.379481], [-118.604199, 37.379111], [-118.604328, 37.378948], [-118.604496, 37.378724], [-118.604608, 37.378608], [-118.604722, 37.378513], [-118.605065, 37.378329], [-118.605123, 37.378288], [-118.605207, 37.378211], [-118.605252, 37.378188], [-118.605277, 37.378178], [-118.605337, 37.378172], [-118.605385, 37.378194], [-118.605408, 37.378235], [-118.605371, 37.378341], [-118.605319, 37.378423], [-118.605264, 37.378706], [-118.605259, 37.378837], [-118.605274, 37.37899], [-118.60529, 37.379065], [-118.605286, 37.379178], [-118.605246, 37.379308], [-118.605262, 37.379368], [-118.605307, 37.379418], [-118.605474, 37.379538], [-118.605574, 37.379649], [-118.605644, 37.379763], [-118.605751, 37.379935], [-118.605967, 37.380328], [-118.606034, 37.380441], [-118.606112, 37.380522], [-118.606187, 37.380564], [-118.606226, 37.380568], [-118.606378, 37.38051], [-118.606507, 37.38048], [-118.606602, 37.380468], [-118.606854, 37.380468], [-118.606976, 37.380442], [-118.607177, 37.380337], [-118.607398, 37.38025], [-118.607613, 37.380148], [-118.607834, 37.380072], [-118.608286, 37.379985], [-118.608696, 37.379936], [-118.608953, 37.379877], [-118.609447, 37.379808], [-118.609609, 37.379776], [-118.610234, 37.379608], [-118.610428, 37.379527], [-118.610577, 37.379454], [-118.610969, 37.379339], [-118.611569, 37.379101], [-118.611778, 37.379043], [-118.612034, 37.378987], [-118.612236, 37.378948], [-118.612426, 37.378935], [-118.61252, 37.378908], [-118.612626, 37.378854], [-118.612756, 37.378827], [-118.612884, 37.378831], [-118.613184, 37.378886], [-118.613371, 37.378898], [-118.613462, 37.378878], [-118.613542, 37.378837], [-118.613658, 37.378731], [-118.61376, 37.378612], [-118.613851, 37.378449], [-118.61388, 37.378341], [-118.613876, 37.378239], [-118.613847, 37.37811], [-118.613798, 37.377998], [-118.613742, 37.377906], [-118.613546, 37.377687], [-118.61333, 37.377433], [-118.613094, 37.377213], [-118.613079, 37.377184], [-118.613075, 37.3771], [-118.613089, 37.377062], [-118.613155, 37.376994], [-118.613228, 37.376957], [-118.613313, 37.376938], [-118.613411, 37.376944], [-118.61368, 37.376997], [-118.613974, 37.377071], [-118.614094, 37.37711], [-118.614286, 37.377211], [-118.6145, 37.377272], [-118.614753, 37.377338], [-118.615586, 37.377582], [-118.616495, 37.377819], [-118.61676, 37.377864], [-118.617008, 37.377863], [-118.617198, 37.377837], [-118.617344, 37.377801], [-118.617408, 37.377815], [-118.617533, 37.377869], [-118.617829, 37.377951], [-118.618159, 37.378117], [-118.618267, 37.378188], [-118.618373, 37.378243], [-118.618485, 37.378288], [-118.618688, 37.378344], [-118.619207, 37.378454], [-118.619517, 37.378509], [-118.619701, 37.378556], [-118.619992, 37.378645], [-118.620266, 37.378703], [-118.620311, 37.378698], [-118.620325, 37.378675], [-118.620313, 37.378658], [-118.620183, 37.378599], [-118.619677, 37.378287], [-118.619304, 37.378073], [-118.619031, 37.377854], [-118.618899, 37.377714], [-118.618881, 37.377668]]}, "props": {"MTFCC": "S1400", "NAME": null}}, {"geom": {"type": "LineString", "coordinates": [[-118.38807972962483, 37.3641], [-118.388079, 37.364382], [-118.388106, 37.364915], [-118.388119, 37.365185], [-118.388149, 37.3655], [-118.388191, 37.365796], [-118.388235, 37.365987], [-118.388427, 37.366784], [-118.388494, 37.367175], [-118.388517, 37.367674], [-118.388521, 37.367819], [-118.388531, 37.368599], [-118.388536, 37.368986], [-118.388541, 37.369348], [-118.388545, 37.369483], [-118.388539, 37.369626]]}, "props": {"MTFCC": "S1400", "NAME": null}}, {"geom": {"type": "LineString", "coordinates": [[-118.191331, 37.416023], [-118.19096, 37.416165], [-118.190841, 37.416226], [-118.190597, 37.41638], [-118.190394, 37.416508], [-118.19029, 37.416566]]}, "props": {"MTFCC": "S1400", "NAME": null}}, {"geom": {"type": "LineString", "coordinates": [[-118.193441, 37.457636], [-118.193468, 37.45783], [-118.193503, 37.457934], [-118.193801, 37.458553], [-118.193942, 37.458731], [-118.194273, 37.459059], [-118.194342, 37.459156], [-118.194386, 37.459266], [-118.1944, 37.45938], [-118.194384, 37.459494], [-118.194231, 37.459866], [-118.19421, 37.459938], [-118.194201, 37.460127], [-118.194231, 37.460354], [-118.194361, 37.460864], [-118.194407, 37.46136], [-118.194457, 37.461707], [-118.194472, 37.462026], [-118.194464, 37.462233], [-118.194429, 37.46251], [-118.194383, 37.462697]]}, "props": {"MTFCC": "S1500", "NAME": null}}, {"geom": {"type": "LineString", "coordinates": [[-118.183084, 37.389704], [-118.183092, 37.389865], [-118.183087, 37.389966], [-118.183039, 37.390195], [-118.182995, 37.390311], [-118.182905, 37.39049], [-118.182803, 37.390627], [-118.182343, 37.391304], [-118.182005, 37.391696], [-118.181625, 37.392027], [-118.181501, 37.392098], [-118.181072, 37.392279], [-118.18084, 37.392404], [-118.180732, 37.392474], [-118.180467, 37.392686], [-118.180182, 37.392997], [-118.179972, 37.393292], [-118.179868, 37.393497], [-118.179838, 37.393581], [-118.17976, 37.393957], [-118.179548, 37.395215], [-118.179469, 37.395612], [-118.179153, 37.397387], [-118.178924, 37.398528], [-118.178727, 37.399618], [-118.178619, 37.400167], [-118.178324, 37.401496], [-118.178194, 37.402043], [-118.178077, 37.402584], [-118.178077, 37.402733], [-118.178111, 37.402868], [-118.178306, 37.403417], [-118.178425, 37.403852], [-118.178537, 37.404118], [-118.17865, 37.404305], [-118.178872, 37.404604], [-118.17903, 37.404764], [-118.179244, 37.404951], [-118.179342, 37.405052], [-118.179526, 37.405288], [-118.179606, 37.405359], [-118.179701, 37.405415], [-118.179853, 37.405488], [-118.179995, 37.405543], [-118.180461, 37.405668], [-118.181086, 37.405816], [-118.181269, 37.405884], [-118.18136, 37.405931], [-118.181502, 37.406032], [-118.181606, 37.406128], [-118.181756, 37.4063], [-118.181818, 37.406406], [-118.181843, 37.4065], [-118.181842, 37.406597], [-118.181712, 37.406987], [-118.181562, 37.407367], [-118.181407, 37.407805], [-118.181386, 37.407909], [-118.181378, 37.408015], [-118.181384, 37.40812], [-118.181414, 37.408258], [-118.181505, 37.408523], [-118.181545, 37.408741], [-118.181548, 37.408948], [-118.181514, 37.409216], [-118.181472, 37.409431], [-118.181412, 37.409659], [-118.181228, 37.410267], [-118.181157, 37.410472], [-118.181115, 37.410629], [-118.181019, 37.410849], [-118.180917, 37.410997], [-118.180587, 37.411542], [-118.180435, 37.41185], [-118.18018, 37.412449], [-118.179991, 37.41296], [-118.179938, 37.413075], [-118.179925, 37.413168], [-118.179937, 37.413261], [-118.179952, 37.413306], [-118.180009, 37.413403], [-118.180186, 37.413656], [-118.180398, 37.414005], [-118.182123, 37.416921], [-118.182306, 37.417343], [-118.182329, 37.417422], [-118.182362, 37.417659], [-118.182416, 37.417827], [-118.1825, 37.417973], [-118.182688, 37.418237], [-118.18275, 37.418394], [-118.182769, 37.418506], [-118.182752, 37.418856], [-118.182769, 37.419185], [-118.182801, 37.419252], [-118.182858, 37.419308], [-118.182933, 37.419348], [-118.183034, 37.419367], [-118.183552, 37.419377], [-118.183852, 37.419373], [-118.184151, 37.419346], [-118.184568, 37.419267], [-118.184922, 37.419189], [-118.185292, 37.419121], [-118.185593, 37.419083], [-118.185736, 37.419056], [-118.18594, 37.419005], [-118.186641, 37.418849], [-118.187224, 37.418692], [-118.187347, 37.418666], [-118.187474, 37.418651], [-118.187601, 37.418646], [-118.187729, 37.418652], [-118.187855, 37.418668], [-118.188049, 37.418716], [-118.188332, 37.41881], [-118.188817, 37.419073], [-118.189106, 37.419263], [-118.189517, 37.419542], [-118.189919, 37.419842], [-118.190509, 37.420366], [-118.190881, 37.420729], [-118.191066, 37.420893], [-118.191512, 37.421263], [-118.191678, 37.421412], [-118.191826, 37.42157], [-118.191947, 37.42173], [-118.192051, 37.421921], [-118.192089, 37.422035], [-118.192206, 37.422637], [-118.192281, 37.423177], [-118.192349, 37.423387], [-118.192429, 37.423547], [-118.192554, 37.423745], [-118.192936, 37.424289], [-118.192978, 37.424392], [-118.192991, 37.4245], [-118.192976, 37.424609], [-118.192862, 37.424863], [-118.19287, 37.424922], [-118.192907, 37.424974], [-118.192967, 37.42501], [-118.193215, 37.425035], [-118.193823, 37.425039], [-118.194041, 37.425027], [-118.194149, 37.425008], [-118.194359, 37.424937], [-118.194483, 37.42489], [-118.194699, 37.424835], [-118.194798, 37.424827], [-118.194942, 37.424835], [-118.195135, 37.424861], [-118.195305, 37.424901], [-118.195376, 37.42493], [-118.195424, 37.424961], [-118.195467, 37.425034], [-118.195498, 37.425162], [-118.195508, 37.425351], [-118.195547, 37.425423], [-118.19562, 37.425476], [-118.195885, 37.425548], [-118.196571, 37.42567], [-118.196709, 37.425671], [-118.196801, 37.425658], [-118.196984, 37.42561], [-118.197119, 37.425605], [-118.197248, 37.425633], [-118.197361, 37.425692], [-118.197401, 37.425726], [-118.197483, 37.42582], [-118.19754, 37.425927], [-118.197555, 37.426045], [-118.19755, 37.426132], [-118.197571, 37.426218], [-118.197594, 37.426264], [-118.197888, 37.426639], [-118.198115, 37.426911], [-118.198476, 37.427389], [-118.198586, 37.427579], [-118.198605, 37.427678], [-118.198584, 37.427777], [-118.198487, 37.427962], [-118.198004, 37.428681], [-118.197926, 37.428832], [-118.197894, 37.428954], [-118.197893, 37.429089], [-118.197934, 37.429237], [-118.198117, 37.429543], [-118.198151, 37.42964], [-118.198169, 37.429782], [-118.198164, 37.429853], [-118.198145, 37.429938], [-118.198065, 37.430127], [-118.198009, 37.430203], [-118.197935, 37.430268], [-118.1978, 37.430338], [-118.19725, 37.430539], [-118.197072, 37.430612], [-118.196726, 37.43081], [-118.196653, 37.430859], [-118.196548, 37.430976], [-118.19643, 37.431187], [-118.196365, 37.431369], [-118.196351, 37.431479], [-118.196363, 37.43181], [-118.196358, 37.432225], [-118.196387, 37.43252], [-118.196411, 37.432635], [-118.196509, 37.43295], [-118.19656, 37.433217], [-118.196575, 37.433398], [-118.196616, 37.433515], [-118.196652, 37.433581], [-118.196752, 37.433717], [-118.196986, 37.433931], [-118.197326, 37.434194], [-118.197587, 37.434381], [-118.197691, 37.4345], [-118.197754, 37.434586], [-118.197852, 37.434746], [-118.197957, 37.434976], [-118.197992, 37.435101], [-118.197992, 37.43521], [-118.197965, 37.435311], [-118.197903, 37.435442], [-118.197811, 37.435577], [-118.197591, 37.435834], [-118.197084, 37.436347], [-118.196747, 37.436654], [-118.196549, 37.436801], [-118.196429, 37.436849], [-118.19634, 37.436864], [-118.196054, 37.436875], [-118.195968, 37.436905], [-118.195906, 37.43696], [-118.195877, 37.43703], [-118.195886, 37.437104], [-118.19597, 37.437227], [-118.196103, 37.437334], [-118.19622, 37.437382], [-118.196349, 37.437399], [-118.196436, 37.437392], [-118.196689, 37.437322], [-118.197101, 37.437254], [-118.197197, 37.437253], [-118.197279, 37.437291], [-118.197334, 37.437351], [-118.197353, 37.437425], [-118.197333, 37.437497], [-118.197277, 37.437558], [-118.197182, 37.437597], [-118.196911, 37.437658], [-118.196662, 37.437742], [-118.196564, 37.437787], [-118.196449, 37.437852], [-118.19616, 37.43806], [-118.196034, 37.438117], [-118.195897, 37.438152], [-118.195825, 37.438161], [-118.195721, 37.438163], [-118.19538, 37.438138], [-118.195277, 37.43816], [-118.195188, 37.438206], [-118.195141, 37.438247], [-118.194808, 37.438477], [-118.194766, 37.438553], [-118.194762, 37.438618], [-118.194794, 37.438699], [-118.195065, 37.439], [-118.195153, 37.439137], [-118.19521, 37.439271], [-118.195258, 37.439596], [-118.195252, 37.439803], [-118.195224, 37.439867], [-118.195136, 37.439928], [-118.195111, 37.43999], [-118.195128, 37.440042], [-118.195176, 37.440081], [-118.19526, 37.440122], [-118.195413, 37.440236], [-118.19553, 37.440337], [-118.195708, 37.440463], [-118.195808, 37.4405], [-118.196007, 37.440531], [-118.19611, 37.440572], [-118.196186, 37.440633], [-118.196301, 37.440785], [-118.196416, 37.440975], [-118.196727, 37.441443], [-118.196742, 37.441521], [-118.196721, 37.441611], [-118.196634, 37.44179], [-118.196385, 37.442164], [-118.196316, 37.442282], [-118.196242, 37.442459], [-118.196227, 37.442511], [-118.19625, 37.442753], [-118.196212, 37.442866], [-118.196131, 37.442964], [-118.196058, 37.443016], [-118.196004, 37.443043], [-118.195761, 37.443122], [-118.195682, 37.44317], [-118.195635, 37.443227], [-118.195612, 37.443293], [-118.195616, 37.443362], [-118.195662, 37.443445], [-118.195723, 37.443494], [-118.195774, 37.443518], [-118.195983, 37.44359], [-118.196227, 37.443666], [-118.196285, 37.443712], [-118.196322, 37.443771], [-118.196335, 37.443836], [-118.196312, 37.443922], [-118.196247, 37.443993], [-118.196162, 37.444033], [-118.195904, 37.444055], [-118.195831, 37.444069], [-118.195691, 37.444126], [-118.19564, 37.444162], [-118.195517, 37.444286], [-118.195505, 37.444347], [-118.195532, 37.444404], [-118.195591, 37.444442], [-118.195655, 37.444466], [-118.195982, 37.444517], [-118.196405, 37.444555], [-118.19648, 37.444565], [-118.196548, 37.444593], [-118.196616, 37.444653], [-118.196645, 37.444719], [-118.196714, 37.445017], [-118.196707, 37.445118], [-118.196658, 37.445216], [-118.196546, 37.445339], [-118.196525, 37.445416], [-118.196584, 37.445633], [-118.196682, 37.445962], [-118.196663, 37.446032], [-118.196609, 37.44609], [-118.196531, 37.446126], [-118.196441, 37.446133], [-118.196355, 37.446111], [-118.196166, 37.446037], [-118.19594, 37.445891], [-118.195765, 37.445757], [-118.195665, 37.445708], [-118.195594, 37.445702], [-118.19551, 37.445727], [-118.195462, 37.445769], [-118.195439, 37.445824], [-118.195447, 37.445881], [-118.195498, 37.446017], [-118.195536, 37.446141], [-118.19556, 37.446271], [-118.19564, 37.446989], [-118.195702, 37.447353], [-118.195759, 37.447477], [-118.195863, 37.447601], [-118.196292, 37.447931], [-118.196363, 37.448019], [-118.196391, 37.448093], [-118.196485, 37.448551], [-118.196538, 37.448933], [-118.196553, 37.449272], [-118.196542, 37.449478], [-118.196488, 37.44991], [-118.196418, 37.450285], [-118.196406, 37.45054], [-118.196444, 37.450781], [-118.196444, 37.451164], [-118.196459, 37.451356], [-118.196529, 37.45178], [-118.196552, 37.451851], [-118.19669, 37.45207], [-118.196844, 37.45227], [-118.197048, 37.452496], [-118.197197, 37.452641], [-118.197272, 37.45276], [-118.197297, 37.452869], [-118.197312, 37.453077], [-118.19732, 37.453384], [-118.197345, 37.453575], [-118.197399, 37.453816], [-118.197404, 37.453983], [-118.197381, 37.454068], [-118.197337, 37.454147], [-118.197234, 37.454247], [-118.197146, 37.454297], [-118.197074, 37.454325], [-118.196889, 37.454367], [-118.196483, 37.454435], [-118.196063, 37.45452], [-118.195992, 37.454561], [-118.195948, 37.454621], [-118.195939, 37.45469], [-118.196054, 37.454957], [-118.196098, 37.455086], [-118.196215, 37.455692], [-118.196243, 37.45586], [-118.196236, 37.455989], [-118.19619, 37.456084], [-118.196109, 37.456163], [-118.196001, 37.456218], [-118.195877, 37.456244], [-118.195773, 37.456241], [-118.195417, 37.456188], [-118.195247, 37.456187], [-118.19508, 37.456215], [-118.195, 37.456239], [-118.19489, 37.456286], [-118.194784, 37.45635], [-118.194597, 37.456487], [-118.194366, 37.456673], [-118.193844, 37.457183], [-118.193441, 37.457636]]}, "props": {"MTFCC": "S1400", "NAME": null}}, {"geom": {"type": "LineString", "coordinates": [[-118.00700375664336, 37.3641], [-118.00557, 37.365612], [-118.002517, 37.368865], [-118.000734, 37.370746], [-117.996851, 37.374865], [-117.99615, 37.375599], [-117.995443, 37.376422], [-117.994711, 37.377195], [-117.993699, 37.378239], [-117.993454, 37.378492], [-117.993066, 37.378914], [-117.99183, 37.380209], [-117.991116, 37.380971], [-117.986138, 37.38622], [-117.982048, 37.39057], [-117.981399, 37.391261], [-117.981147, 37.391544], [-117.981063, 37.391672], [-117.980907, 37.391954], [-117.980783, 37.392191], [-117.979505, 37.394775], [-117.979087, 37.395604], [-117.97794, 37.397931], [-117.97718, 37.399438], [-117.975245, 37.403317], [-117.973408, 37.407036], [-117.973014, 37.407809], [-117.972055, 37.409738], [-117.972015, 37.409813], [-117.971878, 37.410074], [-117.971313, 37.411217], [-117.970144, 37.413584], [-117.969508, 37.414848], [-117.969343, 37.415151], [-117.969254, 37.415291], [-117.969095, 37.415491], [-117.968606, 37.416019], [-117.968358, 37.416255], [-117.968282, 37.416309], [-117.968146, 37.416363], [-117.968046, 37.41638], [-117.967894, 37.416372], [-117.967798, 37.416347], [-117.96771, 37.416306], [-117.967557, 37.416196], [-117.967351, 37.416087], [-117.967262, 37.416058], [-117.967209, 37.416048], [-117.966573, 37.416008], [-117.966501, 37.416004], [-117.966114, 37.415966], [-117.965888, 37.41591], [-117.965769, 37.415857], [-117.96566, 37.415784], [-117.965577, 37.41568], [-117.965367, 37.415224], [-117.965277, 37.415078], [-117.965188, 37.415007], [-117.965077, 37.41496], [-117.964952, 37.414944], [-117.964868, 37.414951], [-117.964808, 37.414971], [-117.964658, 37.415067], [-117.964543, 37.415172], [-117.964367, 37.415383], [-117.964259, 37.415477], [-117.96413, 37.41555], [-117.963937, 37.415616], [-117.963788, 37.415629], [-117.962452, 37.415525], [-117.962341, 37.415521], [-117.962051, 37.41554], [-117.961844, 37.415569], [-117.961622, 37.415626], [-117.96143, 37.415707], [-117.961266, 37.41582], [-117.96119, 37.415862], [-117.960805, 37.416012], [-117.960711, 37.41607], [-117.960634, 37.416163], [-117.960597, 37.416271], [-117.960603, 37.416382], [-117.960652, 37.416486], [-117.96074, 37.416573], [-117.961019, 37.416801], [-117.961073, 37.416888], [-117.961091, 37.416983], [-117.961072, 37.417079], [-117.960785, 37.417543], [-117.960436, 37.418067], [-117.959951, 37.418741], [-117.959549, 37.419315], [-117.959398, 37.419461], [-117.959253, 37.419563], [-117.958976, 37.419786], [-117.958864, 37.419908], [-117.95881, 37.419994], [-117.958735, 37.42023], [-117.95863, 37.420382], [-117.958439, 37.420614], [-117.958392, 37.420695], [-117.958362, 37.42077], [-117.958343, 37.4209], [-117.958365, 37.421098], [-117.958448, 37.421348], [-117.958507, 37.421458], [-117.958556, 37.421518], [-117.958762, 37.421667], [-117.95908, 37.421856], [-117.959124, 37.421917], [-117.959132, 37.421986], [-117.959105, 37.422053], [-117.958658, 37.422665], [-117.958534, 37.422808], [-117.958335, 37.422983], [-117.958181, 37.423099], [-117.957961, 37.423293], [-117.957817, 37.423443], [-117.957675, 37.423621], [-117.957564, 37.423714], [-117.956412, 37.424413], [-117.956359, 37.424452], [-117.956213, 37.424621], [-117.95617, 37.424696], [-117.956086, 37.424966], [-117.955968, 37.425132], [-117.95579, 37.425327], [-117.955651, 37.425441], [-117.955544, 37.425505], [-117.955426, 37.425538], [-117.955244, 37.42556], [-117.955119, 37.425598], [-117.955011, 37.425658], [-117.954942, 37.425729], [-117.954917, 37.425783], [-117.954869, 37.426201], [-117.954833, 37.426461], [-117.954797, 37.426924], [-117.954699, 37.427398], [-117.954685, 37.427464], [-117.954704, 37.427602], [-117.954813, 37.427835], [-117.954941, 37.428048], [-117.954961, 37.428154], [-117.954939, 37.42826], [-117.954821, 37.428468], [-117.9546, 37.428893], [-117.954475, 37.429082], [-117.95434, 37.429242], [-117.954228, 37.429431], [-117.954156, 37.429596], [-117.954049, 37.429924], [-117.953856, 37.430227], [-117.953531, 37.430634], [-117.953452, 37.43072], [-117.953288, 37.430978], [-117.953257, 37.431056], [-117.953229, 37.431292], [-117.953218, 37.431556], [-117.953192, 37.431651], [-117.953135, 37.431755], [-117.952993, 37.431906], [-117.952716, 37.432137], [-117.952501, 37.43235], [-117.952194, 37.432696], [-117.952136, 37.432779], [-117.952051, 37.432935], [-117.951873, 37.433312], [-117.951685, 37.433828], [-117.951598, 37.433942], [-117.951536, 37.433991], [-117.951458, 37.434022], [-117.951381, 37.434034], [-117.951293, 37.434035], [-117.951192, 37.434022], [-117.951, 37.433975], [-117.950834, 37.433911], [-117.95074, 37.433847], [-117.950632, 37.43375], [-117.950568, 37.433677], [-117.950443, 37.433468], [-117.950372, 37.433331], [-117.950157, 37.432866], [-117.950036, 37.432691], [-117.949954, 37.432633], [-117.94977, 37.432558], [-117.949635, 37.432516], [-117.949134, 37.432307], [-117.949001, 37.43229], [-117.948868, 37.432306], [-117.948748, 37.432354], [-117.948617, 37.432423], [-117.948383, 37.432577], [-117.947952, 37.43281], [-117.947471, 37.433013], [-117.947033, 37.433168], [-117.94619, 37.433483], [-117.946053, 37.433499], [-117.945917, 37.433481], [-117.945794, 37.433431], [-117.945708, 37.433337], [-117.945656, 37.433242], [-117.94563, 37.43314], [-117.945618, 37.432906], [-117.945657, 37.432665], [-117.945693, 37.432482], [-117.945689, 37.432351], [-117.945647, 37.432171], [-117.945613, 37.432096], [-117.945537, 37.431994], [-117.945425, 37.431881], [-117.945178, 37.431676], [-117.945099, 37.43159], [-117.945051, 37.431515], [-117.945016, 37.43144], [-117.944945, 37.431225], [-117.944896, 37.431132], [-117.944783, 37.431013], [-117.944596, 37.43084], [-117.944555, 37.430792], [-117.944515, 37.430707], [-117.944498, 37.430613], [-117.944488, 37.430467], [-117.944456, 37.430313], [-117.944396, 37.430173], [-117.944304, 37.430019], [-117.944165, 37.429846], [-117.943965, 37.429671], [-117.943815, 37.429586], [-117.943703, 37.429543], [-117.943574, 37.429507], [-117.943431, 37.429491], [-117.943278, 37.429506], [-117.943123, 37.429534], [-117.942952, 37.429597], [-117.942593, 37.429831], [-117.942484, 37.429887], [-117.942411, 37.429908], [-117.942266, 37.42992], [-117.942128, 37.429913], [-117.941958, 37.429884], [-117.941663, 37.429819], [-117.941453, 37.429788], [-117.941001, 37.42977], [-117.94065, 37.429779], [-117.940371, 37.429831], [-117.940088, 37.429901], [-117.939753, 37.430009], [-117.93947, 37.430124], [-117.939235, 37.430242], [-117.939068, 37.430368], [-117.938984, 37.430449], [-117.938883, 37.430578], [-117.93877, 37.43077], [-117.938718, 37.430891], [-117.938604, 37.431216], [-117.938533, 37.431488], [-117.93852, 37.431572], [-117.938531, 37.432017], [-117.9385, 37.432161], [-117.938425, 37.432422], [-117.93841, 37.432596], [-117.938433, 37.432761], [-117.938485, 37.432907], [-117.938503, 37.433053], [-117.938475, 37.433278], [-117.938481, 37.433331], [-117.938491, 37.433409], [-117.938541, 37.433535], [-117.938604, 37.433626], [-117.93876, 37.433805], [-117.938864, 37.433895], [-117.939371, 37.434283], [-117.939457, 37.434379], [-117.939521, 37.434498], [-117.939625, 37.434709], [-117.939719, 37.434844], [-117.939876, 37.435029], [-117.940031, 37.435169], [-117.940214, 37.4353], [-117.940275, 37.435344], [-117.940406, 37.435399], [-117.940552, 37.435418], [-117.940769, 37.435403], [-117.940918, 37.435373], [-117.941012, 37.435362], [-117.941263, 37.435362], [-117.941512, 37.435385], [-117.941686, 37.43541], [-117.941924, 37.435485], [-117.942065, 37.435556], [-117.942235, 37.43568], [-117.942347, 37.435803], [-117.9425, 37.435997], [-117.942711, 37.436348], [-117.942866, 37.436652], [-117.943043, 37.437148], [-117.943195, 37.437391], [-117.943392, 37.437678], [-117.943528, 37.437905], [-117.943588, 37.438026], [-117.943786, 37.438532], [-117.943842, 37.438652], [-117.943911, 37.43877], [-117.944038, 37.438931], [-117.944165, 37.439053], [-117.944302, 37.439169], [-117.944508, 37.439384], [-117.944553, 37.439438], [-117.944684, 37.439663], [-117.944786, 37.439947], [-117.944838, 37.440206], [-117.944848, 37.440371], [-117.944835, 37.440537], [-117.944784, 37.440747], [-117.944623, 37.441178], [-117.944609, 37.441202], [-117.944439, 37.441501], [-117.944357, 37.441595], [-117.944274, 37.441672], [-117.943947, 37.441938], [-117.943699, 37.442164], [-117.943624, 37.442241], [-117.94352, 37.442326], [-117.943355, 37.44242], [-117.943218, 37.442467], [-117.942928, 37.442532], [-117.942753, 37.442546], [-117.942587, 37.442531], [-117.942294, 37.442457], [-117.942144, 37.442449], [-117.942025, 37.44246], [-117.941875, 37.442498], [-117.941651, 37.442594], [-117.94153, 37.442658], [-117.940932, 37.443017], [-117.940725, 37.443102], [-117.940187, 37.443233], [-117.93994, 37.443327], [-117.939796, 37.44343], [-117.939703, 37.443512], [-117.93963, 37.443592], [-117.939541, 37.443655], [-117.939438, 37.443702], [-117.939303, 37.443741], [-117.938978, 37.443795], [-117.937977, 37.443835], [-117.937721, 37.443855], [-117.937563, 37.443895], [-117.937434, 37.443953], [-117.937363, 37.443991], [-117.937257, 37.444063], [-117.936692, 37.444554], [-117.936527, 37.44473], [-117.936465, 37.444838], [-117.936431, 37.444983], [-117.936349, 37.445661], [-117.936322, 37.445852], [-117.936343, 37.445961], [-117.936405, 37.446059], [-117.936559, 37.446241], [-117.936635, 37.446382], [-117.936676, 37.446543], [-117.936683, 37.446691], [-117.936658, 37.446788], [-117.936638, 37.446837], [-117.936498, 37.447048], [-117.936435, 37.447174], [-117.936388, 37.447342], [-117.936286, 37.447904], [-117.936232, 37.448033], [-117.936146, 37.448151], [-117.936051, 37.448236], [-117.935673, 37.448497], [-117.935542, 37.448549], [-117.935471, 37.448561], [-117.935432, 37.448565], [-117.935348, 37.448564], [-117.935174, 37.448528], [-117.935013, 37.448486], [-117.932626, 37.448081], [-117.932497, 37.44808], [-117.93237, 37.448101], [-117.932259, 37.448141], [-117.932207, 37.448165], [-117.931962, 37.448333], [-117.931689, 37.448492], [-117.931356, 37.448647], [-117.931161, 37.448718], [-117.931034, 37.448739], [-117.930904, 37.448738], [-117.930778, 37.448716], [-117.930384, 37.44859], [-117.930209, 37.448548], [-117.929854, 37.448518], [-117.929655, 37.448512], [-117.92871, 37.44853], [-117.928526, 37.448517], [-117.928329, 37.448504], [-117.928155, 37.448486], [-117.927528, 37.448396], [-117.927265, 37.448378], [-117.927026, 37.448378], [-117.926589, 37.448407], [-117.926381, 37.448437], [-117.926074, 37.448518], [-117.925937, 37.448578], [-117.925847, 37.448618], [-117.925488, 37.448819], [-117.924781, 37.449238], [-117.92441, 37.44947], [-117.923626, 37.449929], [-117.922935, 37.450394], [-117.922285, 37.450841], [-117.921786, 37.451135], [-117.921293, 37.451414], [-117.921046, 37.451554], [-117.920431, 37.451881], [-117.920167, 37.452046], [-117.920032, 37.452139], [-117.919885, 37.452263], [-117.91979, 37.452374], [-117.919657, 37.452583], [-117.919103, 37.453558], [-117.918881, 37.453871], [-117.91869, 37.454115], [-117.918533, 37.454346], [-117.918408, 37.454638], [-117.918352, 37.4548], [-117.918317, 37.454965], [-117.918148, 37.456082], [-117.91775, 37.45888], [-117.91759, 37.460067], [-117.917508, 37.460641], [-117.917441, 37.461213], [-117.917246, 37.462576], [-117.916975, 37.464471], [-117.916861, 37.465238]]}, "props": {"MTFCC": "S1200", "NAME": null}}, {"geom": {"type": "LineString", "coordinates": [[-118.464939, 37.376302], [-118.465002, 37.376219], [-118.465031, 37.376205], [-118.465481, 37.376164], [-118.466081, 37.376135], [-118.466378, 37.376134], [-118.467762, 37.376174], [-118.469299, 37.376172], [-118.471958, 37.376147], [-118.472438, 37.376117], [-118.473061, 37.376098], [-118.47336, 37.376121], [-118.474348, 37.376234], [-118.474492, 37.376259], [-118.474581, 37.376284], [-118.474701, 37.376342], [-118.474877, 37.376404], [-118.475339, 37.3765], [-118.476176, 37.376712], [-118.477576, 37.377117], [-118.477799, 37.37721], [-118.479142, 37.377606], [-118.480196, 37.377906], [-118.48037, 37.377982], [-118.48233, 37.378552], [-118.483948, 37.378996], [-118.484938, 37.379247], [-118.486934, 37.3797], [-118.489206, 37.380224], [-118.489292, 37.380244], [-118.489505, 37.380295], [-118.490137, 37.380445], [-118.490461, 37.380502], [-118.491285, 37.380664], [-118.491647, 37.380717], [-118.491974, 37.380746], [-118.492531, 37.380777], [-118.495887, 37.380858], [-118.496372, 37.380918], [-118.496495, 37.380939], [-118.49691, 37.381059], [-118.497184, 37.381162], [-118.497484, 37.381303], [-118.497859, 37.381509], [-118.498365, 37.381802], [-118.501927, 37.383873], [-118.502844, 37.384423], [-118.5029, 37.384462], [-118.503006, 37.384566], [-118.503093, 37.384673], [-118.503166, 37.384788], [-118.503224, 37.384908], [-118.503265, 37.385032], [-118.503284, 37.38512], [-118.503293, 37.38524], [-118.503289, 37.385267], [-118.503258, 37.385464], [-118.503214, 37.385583], [-118.503062, 37.385867], [-118.502246, 37.387221], [-118.501049, 37.38912], [-118.500871, 37.389415], [-118.500776, 37.389572], [-118.500693, 37.389733]]}, "props": {"MTFCC": "S1400", "NAME": null}}, {"geom": {"type": "LineString", "coordinates": [[-118.493978, 37.374108], [-118.494344, 37.373837], [-118.494508, 37.37367], [-118.494553, 37.373547], [-118.494578, 37.373448], [-118.494675, 37.373254], [-118.494728, 37.373192], [-118.494817, 37.373088], [-118.494846, 37.373017], [-118.494861, 37.372858], [-118.494901, 37.37242], [-118.494882, 37.372347], [-118.494711, 37.372082], [-118.494715, 37.372024], [-118.494755, 37.371976], [-118.494865, 37.371904], [-118.494888, 37.371878], [-118.495258, 37.371279], [-118.495313, 37.371206], [-118.495351, 37.371115], [-118.495367, 37.371013], [-118.495406, 37.370936], [-118.495907, 37.370414], [-118.495974, 37.370291], [-118.496027, 37.370176], [-118.496092, 37.370099], [-118.496566, 37.369626], [-118.49698, 37.369131], [-118.497122, 37.368928], [-118.497189, 37.368851]]}, "props": {"MTFCC": "S1400", "NAME": null}}, {"geom": {"type": "LineString", "coordinates": [[-118.632633, 37.381398], [-118.632522, 37.381491], [-118.632467, 37.381566], [-118.632401, 37.381638], [-118.632378, 37.381725], [-118.632371, 37.381856], [-118.632342, 37.381947], [-118.63225, 37.382121], [-118.632076, 37.382369], [-118.632039, 37.382465], [-118.632023, 37.382585], [-118.632045, 37.382726], [-118.632066, 37.38278], [-118.632092, 37.382976], [-118.632095, 37.38314], [-118.632121, 37.383438], [-118.632148, 37.383947], [-118.632185, 37.384159], [-118.632256, 37.384478], [-118.632314, 37.384629], [-118.632394, 37.384727], [-118.6325, 37.384804], [-118.6325, 37.384839], [-118.63247, 37.38486], [-118.632414, 37.38486], [-118.632383, 37.384847], [-118.632097, 37.38457], [-118.631653, 37.384081], [-118.631586, 37.384047], [-118.631506, 37.384043], [-118.631434, 37.384073], [-118.631405, 37.384128], [-118.631411, 37.384172], [-118.631428, 37.384228], [-118.631472, 37.3843], [-118.631573, 37.384419], [-118.631652, 37.384491], [-118.631719, 37.384583], [-118.631914, 37.38504], [-118.632068, 37.385353], [-118.632157, 37.385452], [-118.632183, 37.38553], [-118.632188, 37.385556], [-118.632183, 37.385643], [-118.632135, 37.38586], [-118.632104, 37.386095], [-118.632187, 37.386951], [-118.632217, 37.387092], [-118.632226, 37.38719], [-118.632184, 37.387464], [-118.632201, 37.387552], [-118.632252, 37.387631], [-118.632301, 37.387697], [-118.632345, 37.387791], [-118.632432, 37.388113], [-118.632521, 37.388335], [-118.63261, 37.38851], [-118.632637, 37.388612], [-118.632637, 37.388717], [-118.63261, 37.388819], [-118.63256, 37.388935], [-118.632475, 37.389242], [-118.632377, 37.38949], [-118.632367, 37.389671], [-118.632375, 37.389785], [-118.632397, 37.389898], [-118.632438, 37.390009], [-118.632553, 37.390214], [-118.632738, 37.390453], [-118.632802, 37.390512], [-118.632993, 37.390647], [-118.63307, 37.390741], [-118.633095, 37.390812], [-118.63309, 37.390972], [-118.633083, 37.391109], [-118.633115, 37.391303], [-118.633217, 37.391591], [-118.633323, 37.391828], [-118.63342, 37.391995], [-118.633531, 37.392145], [-118.633973, 37.39281], [-118.634145, 37.393032], [-118.634346, 37.393269], [-118.634482, 37.393417], [-118.634495, 37.393445], [-118.634494, 37.393477], [-118.634467, 37.393508], [-118.63441, 37.39352], [-118.634363, 37.393503], [-118.634243, 37.393387], [-118.634003, 37.393218], [-118.63362, 37.392963], [-118.633083, 37.392656], [-118.632791, 37.392514], [-118.632503, 37.392399], [-118.632269, 37.392295], [-118.632019, 37.392237], [-118.631816, 37.39222], [-118.631677, 37.392221], [-118.631568, 37.392247], [-118.631531, 37.392284], [-118.631524, 37.392339], [-118.63155, 37.392381], [-118.632268, 37.392905], [-118.632502, 37.393097], [-118.632585, 37.393179], [-118.632664, 37.393302], [-118.632678, 37.393373], [-118.632653, 37.393467], [-118.632603, 37.393528], [-118.632296, 37.393743], [-118.632075, 37.393916], [-118.631732, 37.394122], [-118.631506, 37.394277], [-118.630962, 37.394774], [-118.630654, 37.3951], [-118.630267, 37.395579], [-118.630172, 37.395708], [-118.630069, 37.395875], [-118.630683, 37.396012], [-118.631399, 37.396154], [-118.631489, 37.396181], [-118.631565, 37.396204], [-118.631642, 37.396239], [-118.631767, 37.396316], [-118.631926, 37.396388], [-118.632022, 37.396465], [-118.632121, 37.396604], [-118.632225, 37.396687], [-118.632325, 37.39673], [-118.632515, 37.396796], [-118.632719, 37.396917], [-118.632797, 37.396954], [-118.632862, 37.396962], [-118.6337, 37.39696], [-118.633776, 37.396948], [-118.633865, 37.396963], [-118.633921, 37.396992], [-118.634045, 37.397126], [-118.634122, 37.397161], [-118.63421, 37.397169], [-118.634297, 37.397146], [-118.634477, 37.39708], [-118.634657, 37.39705], [-118.634757, 37.397043], [-118.635187, 37.397065], [-118.635384, 37.397085], [-118.635688, 37.397142], [-118.63603, 37.397232], [-118.636462, 37.397405], [-118.636583, 37.397443], [-118.63669, 37.397466], [-118.6368, 37.39748], [-118.637226, 37.397483], [-118.63743, 37.397501], [-118.637478, 37.397495], [-118.637571, 37.397408], [-118.637645, 37.397382], [-118.637743, 37.397376], [-118.637818, 37.397354], [-118.637928, 37.397288], [-118.638002, 37.397279], [-118.638196, 37.397324], [-118.638274, 37.397318], [-118.638315, 37.397303], [-118.638552, 37.397118], [-118.638646, 37.397084], [-118.638723, 37.397081], [-118.638892, 37.3971], [-118.638955, 37.397129], [-118.638998, 37.397177], [-118.639013, 37.39724], [-118.639017, 37.397318], [-118.639047, 37.397351], [-118.639092, 37.397382], [-118.639454, 37.397507], [-118.63951, 37.397517], [-118.639654, 37.397512], [-118.639903, 37.397521], [-118.639949, 37.397523], [-118.640116, 37.397468], [-118.640272, 37.397447], [-118.640531, 37.397443], [-118.640674, 37.39741], [-118.640918, 37.397408], [-118.641228, 37.397339], [-118.641401, 37.397285], [-118.641451, 37.397277], [-118.641509, 37.397294], [-118.641545, 37.397312], [-118.641582, 37.397318], [-118.641932, 37.397268], [-118.642049, 37.397286], [-118.642327, 37.397406], [-118.642396, 37.397419], [-118.64252, 37.397415], [-118.64269, 37.397384], [-118.642738, 37.397388], [-118.642906, 37.397454], [-118.642982, 37.397496], [-118.643054, 37.397523], [-118.643427, 37.397611], [-118.643705, 37.397712]]}, "props": {"MTFCC": "S1400", "NAME": null}}, {"geom": {"type": "LineString", "coordinates": [[-118.502053, 37.368527], [-118.501928, 37.368491], [-118.501887, 37.368506], [-118.501863, 37.368535], [-118.501745, 37.368868], [-118.501622, 37.369215], [-118.501568, 37.369394], [-118.501518, 37.369627], [-118.501509, 37.369694], [-118.5015, 37.369971], [-118.501301, 37.370934], [-118.501296, 37.371022]]}, "props": {"MTFCC": "S1400", "NAME": null}}, {"geom": {"type": "LineString", "coordinates": [[-118.421346, 37.388952], [-118.42119, 37.388958], [-118.420457, 37.388988], [-118.419761, 37.388996], [-118.419372, 37.388991], [-118.418867, 37.388999], [-118.418433, 37.389003], [-118.417775, 37.389008]]}, "props": {"MTFCC": "S1400", "NAME": null}}, {"geom": {"type": "LineString", "coordinates": [[-118.397615, 37.419471], [-118.397673, 37.419399], [-118.397737, 37.419282]]}, "props": {"MTFCC": "S1400", "NAME": null}}, {"geom": {"type": "LineString", "coordinates": [[-118.396096, 37.426438], [-118.395834, 37.426448], [-118.395671, 37.426471]]}, "props": {"MTFCC": "S1400", "NAME": null}}, {"geom": {"type": "LineString", "coordinates": [[-118.377225, 37.381116], [-118.377195, 37.378769], [-118.377211, 37.375965]]}, "props": {"MTFCC": "S1400", "NAME": null}}, {"geom": {"type": "LineString", "coordinates": [[-118.374201, 37.382377], [-118.374366, 37.382343], [-118.37491, 37.382186], [-118.375303, 37.382087]]}, "props": {"MTFCC": "S1400", "NAME": null}}, {"geom": {"type": "LineString", "coordinates": [[-118.354599, 37.378426], [-118.353822, 37.378479], [-118.352814, 37.378541], [-118.35157, 37.378636], [-118.350906, 37.378669], [-118.350621, 37.378709], [-118.350508, 37.378709], [-118.350397, 37.37869], [-118.350294, 37.378653], [-118.350203, 37.3786], [-118.349907, 37.378371], [-118.348996, 37.377716], [-118.348678, 37.377464], [-118.34781, 37.376878], [-118.34719, 37.376432], [-118.346463, 37.375911], [-118.346064, 37.375642], [-118.345778, 37.375429], [-118.345454, 37.375204], [-118.345361, 37.37516], [-118.345205, 37.375126], [-118.344886, 37.375136], [-118.344778, 37.375131], [-118.344598, 37.375108], [-118.344251, 37.375053], [-118.343868, 37.375053], [-118.343343, 37.375086], [-118.343243, 37.37506], [-118.343181, 37.37502], [-118.343137, 37.374966], [-118.34312, 37.374922], [-118.342979, 37.374699], [-118.342961, 37.374626], [-118.342941, 37.374443], [-118.342935, 37.374267], [-118.342964, 37.374161], [-118.343023, 37.374057], [-118.343268, 37.373758], [-118.343454, 37.373574], [-118.34352, 37.373493], [-118.343552, 37.3734], [-118.343538, 37.373206], [-118.343464, 37.372878], [-118.343465, 37.372789], [-118.343561, 37.372604], [-118.343599, 37.372479], [-118.343607, 37.372383], [-118.343645, 37.372198], [-118.343706, 37.372018], [-118.343846, 37.371728], [-118.343942, 37.371464], [-118.343981, 37.37127], [-118.343995, 37.371076], [-118.344001, 37.370748]]}, "props": {"MTFCC": "S1400", "NAME": null}}, {"geom": {"type": "LineString", "coordinates": [[-118.416053, 37.378121], [-118.416941, 37.378003]]}, "props": {"MTFCC": "S1400", "NAME": null}}, {"geom": {"type": "LineString", "coordinates": [[-118.419262, 37.379591], [-118.418738, 37.379698], [-118.418687, 37.379738], [-118.418669, 37.379793], [-118.41869, 37.380234], [-118.418702, 37.38107], [-118.418698, 37.382076], [-118.418704, 37.38308]]}, "props": {"MTFCC": "S1400", "NAME": null}}, {"geom": {"type": "LineString", "coordinates": [[-118.419267, 37.379084], [-118.418774, 37.37921], [-118.418644, 37.379226], [-118.418528, 37.379206]]}, "props": {"MTFCC": "S1400", "NAME": null}}, {"geom": {"type": "LineString", "coordinates": [[-118.44338, 37.365653], [-118.442878, 37.364929]]}, "props": {"MTFCC": "S1400", "NAME": null}}, {"geom": {"type": "LineString", "coordinates": [[-118.417004, 37.383779], [-118.417028, 37.383853], [-118.417041, 37.383941], [-118.41705, 37.383996], [-118.417065, 37.384098], [-118.417068, 37.384196], [-118.417063, 37.384637], [-118.417068, 37.384871], [-118.417085, 37.3849], [-118.41694, 37.386849]]}, "props": {"MTFCC": "S1400", "NAME": null}}, {"geom": {"type": "LineString", "coordinates": [[-118.395309, 37.364641], [-118.396255, 37.364635], [-118.397194, 37.364632], [-118.398185, 37.364629], [-118.399135, 37.364622], [-118.400043, 37.364622], [-118.401177, 37.36462], [-118.402351, 37.364622], [-118.404635, 37.364616]]}, "props": {"MTFCC": "S1400", "NAME": null}}, {"geom": {"type": "LineString", "coordinates": [[-118.391531, 37.365078], [-118.391935, 37.365074]]}, "props": {"MTFCC": "S1400", "NAME": null}}, {"geom": {"type": "LineString", "coordinates": [[-118.420457, 37.388988], [-118.420461, 37.388641], [-118.420491, 37.388417], [-118.420547, 37.388281], [-118.420638, 37.388157], [-118.420673, 37.388121]]}, "props": {"MTFCC": "S1400", "NAME": null}}, {"geom": {"type": "LineString", "coordinates": [[-118.397916, 37.37041], [-118.397924, 37.371525], [-118.397912, 37.371541], [-118.397884, 37.371555], [-118.397668, 37.371565], [-118.397625, 37.371555], [-118.397609, 37.371495], [-118.397579, 37.370411]]}, "props": {"MTFCC": "S1400", "NAME": null}}, {"geom": {"type": "LineString", "coordinates": [[-118.413802, 37.366553], [-118.41521, 37.366555]]}, "props": {"MTFCC": "S1740", "NAME": null}}, {"geom": {"type": "LineString", "coordinates": [[-118.313693, 37.365335], [-118.313503, 37.365443], [-118.313295, 37.365528]]}, "props": {"MTFCC": "S1400", "NAME": null}}, {"geom": {"type": "LineString", "coordinates": [[-118.422954, 37.370242], [-118.422736, 37.370205], [-118.422564, 37.370205], [-118.422396, 37.370233], [-118.422308, 37.370269], [-118.422239, 37.37031], [-118.422122, 37.370406]]}, "props": {"MTFCC": "S1400", "NAME": null}}, {"geom": {"type": "LineString", "coordinates": [[-118.422955, 37.370965], [-118.421865, 37.370994]]}, "props": {"MTFCC": "S1400", "NAME": null}}, {"geom": {"type": "LineString", "coordinates": [[-118.418444, 37.374465], [-118.419697, 37.374454], [-118.420659, 37.374459], [-118.420713, 37.37444], [-118.420741, 37.374407], [-118.420751, 37.374242], [-118.420736, 37.37351], [-118.420732, 37.373323]]}, "props": {"MTFCC": "S1400", "NAME": null}}, {"geom": {"type": "LineString", "coordinates": [[-118.432121, 37.368462], [-118.429778, 37.368466], [-118.427509, 37.368479], [-118.422959, 37.368506], [-118.418782, 37.368528], [-118.418351, 37.368523], [-118.413806, 37.368534]]}, "props": {"MTFCC": "S1400", "NAME": null}}, {"geom": {"type": "LineString", "coordinates": [[-118.460554, 37.412307], [-118.460651, 37.412079], [-118.460681, 37.411984], [-118.460732, 37.411722], [-118.460731, 37.411659], [-118.46071, 37.411558], [-118.460732, 37.411479], [-118.460768, 37.411427], [-118.460789, 37.411379], [-118.460792, 37.411287], [-118.460769, 37.411212], [-118.460717, 37.411148], [-118.460642, 37.4111], [-118.460553, 37.411072], [-118.460457, 37.411068], [-118.460364, 37.411088], [-118.460284, 37.411129], [-118.46023, 37.411178], [-118.460191, 37.411235], [-118.460108, 37.411395], [-118.460044, 37.411445], [-118.459975, 37.411463], [-118.45977, 37.411459], [-118.459448, 37.411453]]}, "props": {"MTFCC": "S1400", "NAME": null}}, {"geom": {"type": "LineString", "coordinates": [[-118.313333, 37.367079], [-118.313238, 37.367274], [-118.313144, 37.367389], [-118.313073, 37.367461], [-118.312817, 37.367687], [-118.312717, 37.367788], [-118.31263, 37.367877], [-118.312462, 37.368009], [-118.311901, 37.368365]]}, "props": {"MTFCC": "S1400", "NAME": null}}, {"geom": {"type": "LineString", "coordinates": [[-118.187301, 37.380255], [-118.187077, 37.381308], [-118.186891, 37.381884], [-118.186806, 37.382069], [-118.186316, 37.382902], [-118.186206, 37.383124], [-118.186109, 37.383328]]}, "props": {"MTFCC": "S1400", "NAME": null}}, {"geom": {"type": "LineString", "coordinates": [[-118.722632, 37.376125], [-118.722498, 37.376043], [-118.722388, 37.376007], [-118.722344, 37.376005], [-118.722313, 37.376016], [-118.722291, 37.376054], [-118.722291, 37.376088], [-118.722367, 37.376247], [-118.722422, 37.376556], [-118.722437, 37.376717], [-118.722432, 37.377135], [-118.722431, 37.377284], [-118.722448, 37.377385], [-118.722515, 37.377524], [-118.722675, 37.377749], [-118.722702, 37.377832], [-118.722697, 37.377917], [-118.722659, 37.377996], [-118.722617, 37.378042], [-118.722473, 37.37812], [-118.722409, 37.37818], [-118.722352, 37.378304], [-118.722316, 37.378422], [-118.722313, 37.378505], [-118.722392, 37.378669], [-118.722425, 37.378796], [-118.722426, 37.378925], [-118.722384, 37.37909], [-118.722342, 37.379198], [-118.722353, 37.37928], [-118.722388, 37.379335], [-118.722449, 37.379407], [-118.722501, 37.379507], [-118.72252, 37.379624], [-118.722495, 37.379881], [-118.722467, 37.380111], [-118.722494, 37.380176], [-118.722551, 37.380227], [-118.72263, 37.380254], [-118.722673, 37.380258], [-118.722808, 37.380236], [-118.722887, 37.380249], [-118.722953, 37.380287], [-118.72317, 37.380551], [-118.723243, 37.380679], [-118.723261, 37.380767], [-118.723242, 37.380847], [-118.723223, 37.380877], [-118.72319, 37.380898], [-118.723129, 37.380899], [-118.72309, 37.380888], [-118.722934, 37.380786], [-118.722831, 37.380747], [-118.722691, 37.380727]]}, "props": {"MTFCC": "S1400", "NAME": null}}, {"geom": {"type": "LineString", "coordinates": [[-118.52091, 37.436692], [-118.520854, 37.436994], [-118.520852, 37.437139], [-118.520873, 37.437371], [-118.52089, 37.43755], [-118.520899, 37.438614]]}, "props": {"MTFCC": "S1400", "NAME": null}}, {"geom": {"type": "LineString", "coordinates": [[-118.556661, 37.419416], [-118.55671, 37.419681], [-118.556725, 37.419941], [-118.556744, 37.4201], [-118.556778, 37.420261], [-118.556813, 37.420366], [-118.556861, 37.420466], [-118.556969, 37.420627], [-118.557162, 37.420853], [-118.557372, 37.421032], [-118.557872, 37.421401], [-118.558321, 37.421745], [-118.559387, 37.422525], [-118.559624, 37.422708], [-118.559931, 37.422962], [-118.560188, 37.423189], [-118.561005, 37.42398], [-118.561326, 37.424317], [-118.561519, 37.424539], [-118.562171, 37.4254], [-118.56341, 37.42717], [-118.564195, 37.428265], [-118.565835, 37.430628], [-118.566214, 37.431161], [-118.567485, 37.4329], [-118.568273, 37.434082], [-118.568686, 37.434679], [-118.569021, 37.435129], [-118.569084, 37.435213], [-118.569142, 37.435362], [-118.56944, 37.435758], [-118.570608, 37.437404], [-118.57103, 37.437977], [-118.571469, 37.438617], [-118.57186, 37.439152], [-118.571949, 37.439275], [-118.572404, 37.439931], [-118.572833, 37.440576], [-118.57409, 37.442329], [-118.574228, 37.442522], [-118.57552, 37.444365], [-118.576178, 37.445283], [-118.576459, 37.445655], [-118.577129, 37.446613], [-118.578365, 37.448338], [-118.578815, 37.448998], [-118.580252, 37.451004], [-118.580715, 37.451681], [-118.581615, 37.452967], [-118.581762, 37.453184], [-118.582325, 37.453882], [-118.582582, 37.454129], [-118.582897, 37.454381], [-118.583451, 37.454778], [-118.583671, 37.454945], [-118.583805, 37.455047], [-118.583986, 37.455155], [-118.584302, 37.455377], [-118.585498, 37.456272], [-118.586369, 37.456965], [-118.586514, 37.45708], [-118.586704, 37.457242], [-118.587915, 37.458211], [-118.591221, 37.460858], [-118.592119, 37.461576], [-118.592322, 37.461772], [-118.592488, 37.461958], [-118.592728, 37.462272], [-118.592804, 37.462399], [-118.592902, 37.462592], [-118.593064, 37.463048], [-118.593145, 37.463285]]}, "props": {"MTFCC": "S1400", "NAME": null}}, {"geom": {"type": "LineString", "coordinates": [[-118.587915, 37.458211], [-118.588043, 37.458086], [-118.588157, 37.457915], [-118.588178, 37.457676], [-118.588157, 37.457134], [-118.588116, 37.457089], [-118.588074, 37.457074], [-118.58793, 37.457056], [-118.587537, 37.45705], [-118.586783, 37.457075], [-118.586514, 37.45708]]}, "props": {"MTFCC": "S1500", "NAME": null}}, {"geom": {"type": "LineString", "coordinates": [[-118.519626, 37.416417], [-118.519655, 37.41644], [-118.519693, 37.416484], [-118.519723, 37.416587], [-118.519754, 37.416868], [-118.519834, 37.417919], [-118.519893, 37.418567], [-118.520006, 37.420649], [-118.520049, 37.422052], [-118.52014, 37.423469], [-118.520241, 37.425594], [-118.520279, 37.426861], [-118.520337, 37.4273], [-118.520425, 37.42893], [-118.520507, 37.429943], [-118.520512, 37.430313], [-118.520502, 37.430646], [-118.520548, 37.431447], [-118.520595, 37.432127], [-118.520586, 37.432345], [-118.520637, 37.432914], [-118.520675, 37.433897], [-118.520712, 37.434479], [-118.520733, 37.434769], [-118.520866, 37.43542], [-118.520954, 37.436271], [-118.520949, 37.436453], [-118.52091, 37.436692]]}, "props": {"MTFCC": "S1400", "NAME": null}}, {"geom": {"type": "LineString", "coordinates": [[-118.544576, 37.412001], [-118.544882, 37.41257], [-118.544959, 37.412748], [-118.545005, 37.412873], [-118.54504, 37.413079], [-118.545041, 37.413256], [-118.545027, 37.413489], [-118.545039, 37.413741], [-118.545059, 37.413907]]}, "props": {"MTFCC": "S1400", "NAME": null}}, {"geom": {"type": "LineString", "coordinates": [[-118.528979, 37.390937], [-118.528813, 37.391188], [-118.528577, 37.391573], [-118.528056, 37.392633], [-118.527929, 37.39297]]}, "props": {"MTFCC": "S1400", "NAME": null}}, {"geom": {"type": "LineString", "coordinates": [[-118.52704, 37.391564], [-118.52616, 37.392081], [-118.52377, 37.393608], [-118.522826, 37.394246], [-118.522663, 37.394386], [-118.520114, 37.396755]]}, "props": {"MTFCC": "S1400", "NAME": null}}, {"geom": {"type": "LineString", "coordinates": [[-118.530926, 37.411975], [-118.531876, 37.412779], [-118.53259, 37.413376], [-118.533271, 37.413962], [-118.534018, 37.414573], [-118.53777, 37.417696], [-118.538503, 37.418319], [-118.538825, 37.418576], [-118.540751, 37.4202], [-118.541153, 37.420566], [-118.541454, 37.420853], [-118.541674, 37.421086], [-118.541816, 37.421275], [-118.542212, 37.42188], [-118.542386, 37.42216], [-118.542467, 37.422261], [-118.542504, 37.422295], [-118.542611, 37.42235], [-118.542718, 37.422382], [-118.542971, 37.422434], [-118.543166, 37.422482], [-118.543698, 37.422655], [-118.543976, 37.422763], [-118.544175, 37.422857], [-118.544377, 37.422968], [-118.544506, 37.42307], [-118.545047, 37.423658], [-118.545303, 37.423897], [-118.545725, 37.424349], [-118.546045, 37.424626], [-118.546169, 37.424718]]}, "props": {"MTFCC": "S1400", "NAME": null}}, {"geom": {"type": "LineString", "coordinates": [[-118.441726, 37.366578], [-118.442315, 37.366599], [-118.442391, 37.366586], [-118.442434, 37.366571], [-118.442532, 37.366508], [-118.442594, 37.366448]]}, "props": {"MTFCC": "S1400", "NAME": null}}, {"geom": {"type": "LineString", "coordinates": [[-118.546209, 37.412261], [-118.546681, 37.41279], [-118.547544, 37.4137], [-118.547948, 37.414143]]}, "props": {"MTFCC": "S1400", "NAME": null}}, {"geom": {"type": "LineString", "coordinates": [[-118.611927, 37.414735], [-118.61188, 37.413888], [-118.611908, 37.41359], [-118.611967, 37.413354], [-118.612039, 37.413204], [-118.612137, 37.413056], [-118.612362, 37.412825], [-118.612799, 37.41241]]}, "props": {"MTFCC": "S1400", "NAME": null}}, {"geom": {"type": "LineString", "coordinates": [[-118.604488, 37.412232], [-118.6044, 37.412339], [-118.604368, 37.412433], [-118.604372, 37.412523], [-118.604405, 37.412628], [-118.604465, 37.412736]]}, "props": {"MTFCC": "S1400", "NAME": null}}, {"geom": {"type": "LineString", "coordinates": [[-118.526027, 37.408082], [-118.526101, 37.407848], [-118.526254, 37.407506], [-118.526329, 37.407403], [-118.526424, 37.407315], [-118.526799, 37.407092], [-118.527222, 37.406859]]}, "props": {"MTFCC": "S1400", "NAME": null}}, {"geom": {"type": "LineString", "coordinates": [[-118.606553, 37.413063], [-118.606571, 37.413246], [-118.606562, 37.413397]]}, "props": {"MTFCC": "S1400", "NAME": null}}, {"geom": {"type": "LineString", "coordinates": [[-118.367761, 37.424641], [-118.367769, 37.425252], [-118.36776, 37.425714], [-118.36779, 37.426562]]}, "props": {"MTFCC": "S1400", "NAME": null}}, {"geom": {"type": "LineString", "coordinates": [[-118.610416, 37.414748], [-118.610456, 37.414143], [-118.610474, 37.413557], [-118.610469, 37.413289], [-118.610497, 37.413103], [-118.61056, 37.412955], [-118.610661, 37.41279], [-118.610868, 37.412532], [-118.610958, 37.412432]]}, "props": {"MTFCC": "S1400", "NAME": null}}, {"geom": {"type": "LineString", "coordinates": [[-118.569295, 37.438806], [-118.569228, 37.438768], [-118.569177, 37.43873], [-118.569104, 37.438697], [-118.569013, 37.438663], [-118.56893, 37.438624], [-118.568845, 37.438585], [-118.568757, 37.438556], [-118.56867, 37.438529], [-118.568587, 37.43851], [-118.568508, 37.438479], [-118.568419, 37.438448], [-118.568336, 37.438423], [-118.568256, 37.438398], [-118.56816, 37.438364], [-118.568057, 37.43833], [-118.56795, 37.438294], [-118.567895, 37.43828], [-118.567842, 37.438262], [-118.567786, 37.438241], [-118.567731, 37.438219], [-118.567676, 37.438198], [-118.567619, 37.438177], [-118.567559, 37.438157], [-118.5675, 37.438136], [-118.567439, 37.438116], [-118.567377, 37.438095], [-118.567314, 37.438074], [-118.567189, 37.438031], [-118.567125, 37.438009], [-118.567061, 37.437986], [-118.566997, 37.437963], [-118.566934, 37.43794], [-118.566869, 37.437917], [-118.566804, 37.437895], [-118.566738, 37.437873], [-118.566672, 37.43785], [-118.566604, 37.437828], [-118.566536, 37.437805], [-118.566468, 37.437783], [-118.566398, 37.437761], [-118.566329, 37.437738], [-118.56626, 37.437716], [-118.566189, 37.437695], [-118.566118, 37.437673], [-118.566047, 37.437651], [-118.565974, 37.437628], [-118.565901, 37.437604], [-118.565828, 37.43758], [-118.565756, 37.437557], [-118.565685, 37.437533], [-118.565616, 37.437507], [-118.565549, 37.43748], [-118.565482, 37.437452], [-118.565412, 37.437428], [-118.565376, 37.437415], [-118.565344, 37.437404], [-118.565279, 37.437377], [-118.565218, 37.437354], [-118.565161, 37.437334], [-118.565045, 37.437298], [-118.564992, 37.437281], [-118.564887, 37.437212]]}, "props": {"MTFCC": "S1400", "NAME": null}}, {"geom": {"type": "LineString", "coordinates": [[-118.368652, 37.401795], [-118.368727, 37.401793], [-118.369398, 37.40175], [-118.369892, 37.401752], [-118.37048, 37.401531], [-118.370846, 37.401408], [-118.37093, 37.401375], [-118.37102, 37.401326], [-118.371453, 37.400999], [-118.371739, 37.400734], [-118.371822, 37.400686], [-118.372066, 37.400591], [-118.372217, 37.400509], [-118.372373, 37.40039], [-118.37248, 37.400286], [-118.372573, 37.400176], [-118.372636, 37.400078], [-118.372735, 37.399872], [-118.372927, 37.399674], [-118.373118, 37.399499], [-118.373188, 37.399463], [-118.37327, 37.399446], [-118.37343, 37.399449], [-118.373679, 37.399479], [-118.373842, 37.399507], [-118.374013, 37.399507], [-118.37428, 37.399481], [-118.374406, 37.399477], [-118.375009, 37.399512]]}, "props": {"MTFCC": "S1400", "NAME": null}}, {"geom": {"type": "LineString", "coordinates": [[-118.431983, 37.395072], [-118.431468, 37.395286], [-118.431134, 37.395453], [-118.430812, 37.395627], [-118.430687, 37.395701], [-118.430593, 37.395772], [-118.430576, 37.395788], [-118.430382, 37.395978], [-118.430295, 37.396094], [-118.43023, 37.396227], [-118.430141, 37.396313], [-118.430039, 37.396353], [-118.429889, 37.396367], [-118.429391, 37.396361], [-118.42873, 37.396507], [-118.427508, 37.396791], [-118.427122, 37.396877], [-118.426112, 37.397128], [-118.425817, 37.397206], [-118.42495, 37.397406], [-118.424307, 37.397588], [-118.4241, 37.397638], [-118.423973, 37.397648], [-118.422898, 37.397634], [-118.422635, 37.397642], [-118.422414, 37.397623], [-118.422339, 37.397636], [-118.422277, 37.397687], [-118.422257, 37.397714], [-118.422255, 37.397785], [-118.422263, 37.397828]]}, "props": {"MTFCC": "S1400", "NAME": null}}, {"geom": {"type": "LineString", "coordinates": [[-118.399023, 37.398257], [-118.399419, 37.398241], [-118.399541, 37.39825], [-118.39968, 37.398292], [-118.39976, 37.398339], [-118.399795, 37.398368], [-118.399858, 37.398444]]}, "props": {"MTFCC": "S1400", "NAME": null}}, {"geom": {"type": "LineString", "coordinates": [[-118.431982, 37.396052], [-118.431801, 37.396334], [-118.431374, 37.397043], [-118.431295, 37.39714], [-118.431203, 37.397229], [-118.431101, 37.397311], [-118.430988, 37.397383], [-118.430787, 37.397479], [-118.4306, 37.397555], [-118.430066, 37.397737]]}, "props": {"MTFCC": "S1400", "NAME": null}}, {"geom": {"type": "LineString", "coordinates": [[-118.41459, 37.382792], [-118.414463, 37.382873], [-118.41435, 37.382972], [-118.414266, 37.383087], [-118.414214, 37.383214], [-118.414196, 37.383349], [-118.414195, 37.38364], [-118.414223, 37.38369]]}, "props": {"MTFCC": "S1400", "NAME": null}}, {"geom": {"type": "LineString", "coordinates": [[-118.500581, 37.377386], [-118.500793, 37.376772], [-118.500801, 37.376648], [-118.500775, 37.376551], [-118.500712, 37.376444], [-118.500485, 37.376087], [-118.500382, 37.375858], [-118.500349, 37.375696], [-118.500343, 37.375476], [-118.500376, 37.375225], [-118.500671, 37.374051], [-118.500746, 37.373436], [-118.500888, 37.372989], [-118.500916, 37.37292], [-118.501025, 37.372525], [-118.501262, 37.371566], [-118.501296, 37.371022]]}, "props": {"MTFCC": "S1400", "NAME": null}}, {"geom": {"type": "LineString", "coordinates": [[-118.374737, 37.375788], [-118.374715, 37.375937], [-118.374674, 37.376019], [-118.374611, 37.376088], [-118.37454, 37.37614], [-118.374447, 37.376165], [-118.374323, 37.376161], [-118.374183, 37.376123], [-118.374084, 37.376069]]}, "props": {"MTFCC": "S1400", "NAME": null}}, {"geom": {"type": "LineString", "coordinates": [[-118.3754, 37.384289], [-118.375484, 37.384325], [-118.375624, 37.384366], [-118.376116, 37.384478], [-118.376385, 37.384508], [-118.376498, 37.384508], [-118.376558, 37.384491], [-118.376575, 37.384476]]}, "props": {"MTFCC": "S1400", "NAME": null}}, {"geom": {"type": "LineString", "coordinates": [[-118.418355, 37.373045], [-118.417676, 37.373066], [-118.417029, 37.373067]]}, "props": {"MTFCC": "S1740", "NAME": null}}, {"geom": {"type": "LineString", "coordinates": [[-118.41417, 37.3784], [-118.414134, 37.378713], [-118.414135, 37.379183], [-118.414139, 37.379737], [-118.414154, 37.380308], [-118.414184, 37.381019], [-118.41418, 37.381588], [-118.414195, 37.381608]]}, "props": {"MTFCC": "S1400", "NAME": null}}, {"geom": {"type": "LineString", "coordinates": [[-118.41694, 37.386849], [-118.415676, 37.386868]]}, "props": {"MTFCC": "S1400", "NAME": null}}, {"geom": {"type": "LineString", "coordinates": [[-118.422941, 37.374632], [-118.423023, 37.374643], [-118.423081, 37.374638], [-118.423147, 37.374637], [-118.423214, 37.374634], [-118.423271, 37.374632], [-118.423328, 37.374629], [-118.423403, 37.374623], [-118.423464, 37.374621], [-118.423542, 37.374621], [-118.423621, 37.374623], [-118.423681, 37.374623], [-118.423745, 37.374618], [-118.423807, 37.374612], [-118.42387, 37.374606], [-118.423933, 37.374605], [-118.423993, 37.374602], [-118.424057, 37.374597], [-118.424126, 37.374595], [-118.424187, 37.374591], [-118.424248, 37.374583], [-118.424308, 37.374574], [-118.424384, 37.374564], [-118.424442, 37.374557], [-118.424502, 37.37455], [-118.424564, 37.374543], [-118.424624, 37.374534], [-118.424684, 37.374528], [-118.424759, 37.374518], [-118.42482, 37.374509], [-118.424882, 37.374497], [-118.42494, 37.374482], [-118.424994, 37.374459], [-118.425041, 37.374429], [-118.425078, 37.374393], [-118.425112, 37.374357], [-118.425141, 37.374318], [-118.425177, 37.374268], [-118.425214, 37.37422], [-118.425247, 37.374171], [-118.425273, 37.374131], [-118.425306, 37.374082], [-118.425329, 37.37404], [-118.425355, 37.373999], [-118.425381, 37.373949], [-118.4254, 37.373895], [-118.425419, 37.373852], [-118.425429, 37.373801], [-118.42543, 37.373745], [-118.425427, 37.373699], [-118.42542, 37.373642], [-118.425427, 37.373589], [-118.425454, 37.373537], [-118.425502, 37.3735], [-118.425566, 37.373487], [-118.425615, 37.373515], [-118.425619, 37.373568], [-118.425585, 37.373617], [-118.425551, 37.373656], [-118.425511, 37.373694], [-118.425464, 37.37373]]}, "props": {"MTFCC": "S1400", "NAME": null}}, {"geom": {"type": "LineString", "coordinates": [[-118.362975, 37.437828], [-118.362912, 37.437861], [-118.362818, 37.437944], [-118.362747, 37.438041], [-118.362681, 37.43821], [-118.362616, 37.43853], [-118.362568, 37.438722], [-118.362536, 37.43891], [-118.36253, 37.439075], [-118.362538, 37.439177], [-118.36259, 37.439367], [-118.362628, 37.439447], [-118.362736, 37.439597], [-118.362948, 37.439807], [-118.362996, 37.439907], [-118.363003, 37.440014], [-118.362934, 37.440261], [-118.362817, 37.440496], [-118.362558, 37.440979], [-118.362509, 37.441087], [-118.362497, 37.441173], [-118.362508, 37.44126], [-118.362541, 37.441343], [-118.362628, 37.44146], [-118.362809, 37.441653], [-118.362903, 37.4418], [-118.362951, 37.441918], [-118.362967, 37.442042], [-118.36295, 37.442165], [-118.36289, 37.442303], [-118.362794, 37.442492], [-118.362714, 37.442705], [-118.362535, 37.443101], [-118.362482, 37.443306], [-118.36246, 37.443443], [-118.362437, 37.443792], [-118.362444, 37.444513], [-118.362469, 37.444923], [-118.362513, 37.44524], [-118.362564, 37.445451], [-118.362589, 37.445686], [-118.362583, 37.445777], [-118.362534, 37.445957], [-118.36245, 37.446134], [-118.362405, 37.446251], [-118.362371, 37.446377], [-118.362344, 37.446617], [-118.362344, 37.446711], [-118.362362, 37.446811], [-118.362417, 37.447014], [-118.362416, 37.447148], [-118.36238, 37.447282], [-118.36231, 37.447407], [-118.362205, 37.44752], [-118.361556, 37.448171], [-118.360772, 37.448924], [-118.360362, 37.449365], [-118.35997, 37.449748], [-118.359722, 37.450006], [-118.359613, 37.450106], [-118.359458, 37.450196], [-118.359233, 37.450268], [-118.359116, 37.450293], [-118.358997, 37.450308], [-118.358876, 37.450312], [-118.358755, 37.450307], [-118.358636, 37.450292], [-118.358401, 37.450241], [-118.358191, 37.450164], [-118.358028, 37.450091], [-118.357664, 37.44987], [-118.357414, 37.449669], [-118.356732, 37.449182], [-118.356582, 37.449093], [-118.35623, 37.448925], [-118.356066, 37.448865], [-118.35557, 37.448737], [-118.354994, 37.448633], [-118.354725, 37.448601], [-118.354359, 37.448575], [-118.354064, 37.448569], [-118.353801, 37.448574], [-118.353102, 37.448622], [-118.351169, 37.448781], [-118.350892, 37.448825], [-118.350343, 37.448938], [-118.350121, 37.449013], [-118.349549, 37.449218]]}, "props": {"MTFCC": "S1400", "NAME": null}}, {"geom": {"type": "LineString", "coordinates": [[-118.378504, 37.431355], [-118.37854, 37.431293], [-118.378558, 37.431258], [-118.378574, 37.431227], [-118.379324, 37.431174], [-118.379809, 37.431087], [-118.380874, 37.430823], [-118.381402, 37.430668], [-118.381832, 37.430516], [-118.382123, 37.430413], [-118.382267, 37.430348], [-118.38232, 37.430319], [-118.382383, 37.430286], [-118.382646, 37.43012], [-118.383038, 37.429807], [-118.383181, 37.429645], [-118.383249, 37.42954], [-118.383302, 37.42943], [-118.383352, 37.429267], [-118.383413, 37.428794], [-118.383488, 37.428553], [-118.383549, 37.428436], [-118.383656, 37.42828], [-118.383825, 37.428097], [-118.384209, 37.42773], [-118.384385, 37.427538], [-118.384877, 37.426893], [-118.385156, 37.426464], [-118.385583, 37.425675], [-118.385778, 37.425198], [-118.385904, 37.424805]]}, "props": {"MTFCC": "S1400", "NAME": null}}, {"geom": {"type": "LineString", "coordinates": [[-118.421191, 37.398236], [-118.421328, 37.398219], [-118.421436, 37.398182], [-118.421533, 37.398138], [-118.421902, 37.397925], [-118.421954, 37.397904]]}, "props": {"MTFCC": "S1400", "NAME": null}}, {"geom": {"type": "LineString", "coordinates": [[-118.445141, 37.391918], [-118.444811, 37.392292], [-118.444589, 37.392512], [-118.444424, 37.392626], [-118.444234, 37.392737]]}, "props": {"MTFCC": "S1400", "NAME": null}}, {"geom": {"type": "LineString", "coordinates": [[-118.445729, 37.397676], [-118.44721, 37.397672], [-118.447458, 37.397645], [-118.448172, 37.397507], [-118.448994, 37.397251], [-118.449294, 37.397183], [-118.449409, 37.397174], [-118.449524, 37.397183], [-118.449634, 37.397212], [-118.449734, 37.397258], [-118.449791, 37.397292], [-118.449995, 37.397498], [-118.450098, 37.39756], [-118.450252, 37.397623], [-118.45042, 37.39765], [-118.450601, 37.397654]]}, "props": {"MTFCC": "S1400", "NAME": null}}, {"geom": {"type": "LineString", "coordinates": [[-118.48272, 37.395158], [-118.482822, 37.39524], [-118.482903, 37.395282], [-118.482996, 37.395302], [-118.483182, 37.395296], [-118.483857, 37.395179], [-118.48443, 37.395132], [-118.48521, 37.395088], [-118.485339, 37.395088], [-118.486105, 37.395049], [-118.486236, 37.39506], [-118.486366, 37.39509], [-118.486431, 37.395114], [-118.486701, 37.395271]]}, "props": {"MTFCC": "S1400", "NAME": null}}, {"geom": {"type": "LineString", "coordinates": [[-118.480845, 37.390972], [-118.480405, 37.391074], [-118.479285, 37.391278], [-118.478748, 37.391345], [-118.478338, 37.391388], [-118.477765, 37.391423], [-118.477622, 37.391477], [-118.477584, 37.391504]]}, "props": {"MTFCC": "S1400", "NAME": null}}, {"geom": {"type": "LineString", "coordinates": [[-118.477705, 37.397621], [-118.478067, 37.39759], [-118.478347, 37.397533], [-118.478701, 37.397507], [-118.479803, 37.397483], [-118.48, 37.397474]]}, "props": {"MTFCC": "S1400", "NAME": null}}, {"geom": {"type": "LineString", "coordinates": [[-118.498711, 37.405543], [-118.498924, 37.405677], [-118.499178, 37.405935], [-118.499281, 37.405983], [-118.499386, 37.405994], [-118.499905, 37.405984], [-118.500415, 37.406015]]}, "props": {"MTFCC": "S1400", "NAME": null}}, {"geom": {"type": "LineString", "coordinates": [[-118.479073, 37.38707], [-118.479264, 37.387083], [-118.479547, 37.38714], [-118.479781, 37.387167], [-118.479892, 37.387212], [-118.480111, 37.38733], [-118.480311, 37.387405], [-118.480504, 37.387458], [-118.480644, 37.387472], [-118.480829, 37.38747], [-118.481057, 37.38743], [-118.481267, 37.387378], [-118.481712, 37.387206], [-118.482266, 37.387055], [-118.482562, 37.387004], [-118.483089, 37.386817], [-118.48324, 37.386772], [-118.483342, 37.38675], [-118.483521, 37.386733], [-118.483841, 37.386724], [-118.4841, 37.386725], [-118.484596, 37.386749], [-118.484944, 37.386831], [-118.485362, 37.386902], [-118.485517, 37.386935], [-118.485596, 37.38696], [-118.485985, 37.387156], [-118.486356, 37.387301], [-118.486873, 37.387525], [-118.487017, 37.387609], [-118.487137, 37.387716], [-118.48724, 37.387866], [-118.487461, 37.388299], [-118.487552, 37.388414], [-118.487686, 37.388518], [-118.488084, 37.388719], [-118.488216, 37.388829], [-118.488281, 37.388905], [-118.488318, 37.388933], [-118.488462, 37.388998], [-118.488631, 37.389057], [-118.488746, 37.389132], [-118.488791, 37.389179], [-118.488898, 37.389333], [-118.488976, 37.389423], [-118.488998, 37.389505], [-118.488981, 37.389587], [-118.488942, 37.389667], [-118.488932, 37.389929], [-118.488891, 37.390002], [-118.488839, 37.390044], [-118.488569, 37.390159], [-118.488324, 37.390244], [-118.488232, 37.390296], [-118.488148, 37.390383], [-118.488019, 37.390457], [-118.487936, 37.390494], [-118.487855, 37.390547], [-118.487671, 37.390714], [-118.487626, 37.390774], [-118.487598, 37.390828], [-118.487584, 37.39096], [-118.487595, 37.391004], [-118.487639, 37.391068], [-118.487705, 37.391131], [-118.487814, 37.391208], [-118.488119, 37.391504], [-118.488565, 37.392005], [-118.488655, 37.392131], [-118.488744, 37.392199], [-118.488911, 37.39228], [-118.489214, 37.392497], [-118.489689, 37.39276], [-118.489704, 37.392803], [-118.489665, 37.392865], [-118.489393, 37.393177], [-118.488453, 37.393933], [-118.487769, 37.39445], [-118.487234, 37.394877], [-118.487046, 37.394987], [-118.486701, 37.395271]]}, "props": {"MTFCC": "S1400", "NAME": null}}, {"geom": {"type": "LineString", "coordinates": [[-118.488295, 37.396544], [-118.488353, 37.396551], [-118.488464, 37.396617], [-118.488578, 37.396847], [-118.489271, 37.396819], [-118.489478, 37.39685], [-118.489664, 37.396833], [-118.489823, 37.396853], [-118.489909, 37.396888], [-118.490081, 37.397029], [-118.490146, 37.397068]]}, "props": {"MTFCC": "S1400", "NAME": null}}, {"geom": {"type": "LineString", "coordinates": [[-118.480592, 37.382085], [-118.480535, 37.382182], [-118.480429, 37.382271], [-118.480329, 37.38233]]}, "props": {"MTFCC": "S1400", "NAME": null}}, {"geom": {"type": "LineString", "coordinates": [[-118.456339, 37.411916], [-118.45646, 37.41212], [-118.456509, 37.412221], [-118.456571, 37.412283], [-118.45669, 37.412357], [-118.456734, 37.412414], [-118.456749, 37.41251]]}, "props": {"MTFCC": "S1400", "NAME": null}}, {"geom": {"type": "LineString", "coordinates": [[-118.437206, 37.404073], [-118.437506, 37.405498]]}, "props": {"MTFCC": "S1400", "NAME": null}}, {"geom": {"type": "LineString", "coordinates": [[-118.426353, 37.398312], [-118.426568, 37.398677], [-118.426852, 37.399108]]}, "props": {"MTFCC": "S1400", "NAME": null}}, {"geom": {"type": "LineString", "coordinates": [[-118.395133, 37.406113], [-118.39508, 37.406222], [-118.395018, 37.406302], [-118.395003, 37.406335], [-118.395003, 37.406419], [-118.395019, 37.406486], [-118.395017, 37.406593], [-118.394916, 37.407121], [-118.394876, 37.407192], [-118.394739, 37.407303], [-118.394699, 37.407364], [-118.394677, 37.407511], [-118.394679, 37.407647], [-118.394694, 37.40774], [-118.394777, 37.407922], [-118.394796, 37.407979], [-118.394831, 37.408412]]}, "props": {"MTFCC": "S1400", "NAME": null}}, {"geom": {"type": "LineString", "coordinates": [[-118.405931, 37.433311], [-118.406093, 37.433301], [-118.406162, 37.433289]]}, "props": {"MTFCC": "S1400", "NAME": null}}, {"geom": {"type": "LineString", "coordinates": [[-118.386173, 37.424945], [-118.386194, 37.425006], [-118.386198, 37.425121], [-118.386183, 37.425352], [-118.386205, 37.426399], [-118.386165, 37.426883], [-118.386177, 37.427243], [-118.386178, 37.427679], [-118.386198, 37.428096], [-118.386191, 37.428868]]}, "props": {"MTFCC": "S1400", "NAME": null}}, {"geom": {"type": "LineString", "coordinates": [[-118.389375, 37.421489], [-118.389549, 37.421766], [-118.389662, 37.422024], [-118.389765, 37.422389], [-118.389881, 37.422911], [-118.389996, 37.423171], [-118.390035, 37.423314], [-118.390078, 37.423733], [-118.390109, 37.423851], [-118.390205, 37.424017], [-118.390431, 37.424327], [-118.390486, 37.424376], [-118.390571, 37.424408], [-118.390686, 37.424423], [-118.390802, 37.424408], [-118.391756, 37.424034], [-118.392019, 37.423922], [-118.392125, 37.423887], [-118.392238, 37.42386], [-118.392495, 37.423831], [-118.393467, 37.423812], [-118.394399, 37.423784], [-118.394552, 37.423765], [-118.394688, 37.423737], [-118.394885, 37.423665], [-118.39518, 37.423541], [-118.395327, 37.423509], [-118.39545, 37.423508]]}, "props": {"MTFCC": "S1400", "NAME": null}}, {"geom": {"type": "LineString", "coordinates": [[-118.386009, 37.434639], [-118.386596, 37.434094], [-118.387383, 37.433398], [-118.387764, 37.433079], [-118.389137, 37.431884], [-118.389627, 37.431481], [-118.389696, 37.431413]]}, "props": {"MTFCC": "S1400", "NAME": null}}, {"geom": {"type": "LineString", "coordinates": [[-118.389696, 37.431413], [-118.389116, 37.431732], [-118.388751, 37.431941], [-118.388545, 37.432028], [-118.387861, 37.432249], [-118.386864, 37.432595], [-118.386566, 37.432716], [-118.386197, 37.432847]]}, "props": {"MTFCC": "S1400", "NAME": null}}, {"geom": {"type": "LineString", "coordinates": [[-118.368838, 37.446722], [-118.369102, 37.447291], [-118.369188, 37.44741], [-118.369303, 37.447512], [-118.369442, 37.447593], [-118.369634, 37.447666], [-118.369771, 37.447735], [-118.370027, 37.447918]]}, "props": {"MTFCC": "S1400", "NAME": null}}, {"geom": {"type": "LineString", "coordinates": [[-118.3861, 37.448148], [-118.385297, 37.448169], [-118.384772, 37.448183], [-118.384013, 37.448177], [-118.380004, 37.448189], [-118.37947, 37.448185], [-118.378793, 37.448196], [-118.378639, 37.448194], [-118.376762, 37.448176]]}, "props": {"MTFCC": "S1400", "NAME": null}}, {"geom": {"type": "LineString", "coordinates": [[-118.403903, 37.427951], [-118.403849, 37.427633], [-118.403795, 37.427158]]}, "props": {"MTFCC": "S1400", "NAME": null}}, {"geom": {"type": "LineString", "coordinates": [[-118.376467, 37.433959], [-118.375628, 37.434744], [-118.375188, 37.435212], [-118.374962, 37.435498], [-118.374719, 37.435844], [-118.374661, 37.435871], [-118.374605, 37.435868], [-118.374558, 37.435853], [-118.37425, 37.43564], [-118.37412, 37.435577], [-118.373792, 37.435467], [-118.373594, 37.435364]]}, "props": {"MTFCC": "S1400", "NAME": null}}, {"geom": {"type": "LineString", "coordinates": [[-118.364638, 37.445564], [-118.364768, 37.445623], [-118.365372, 37.445802], [-118.365568, 37.445875], [-118.365924, 37.446039], [-118.366285, 37.446181], [-118.366604, 37.446294], [-118.366939, 37.446387], [-118.367182, 37.446427], [-118.367413, 37.446443], [-118.368021, 37.446503]]}, "props": {"MTFCC": "S1400", "NAME": null}}, {"geom": {"type": "LineString", "coordinates": [[-118.428881, 37.39777], [-118.428629, 37.397905]]}, "props": {"MTFCC": "S1400", "NAME": null}}, {"geom": {"type": "LineString", "coordinates": [[-118.384151, 37.42418], [-118.384231, 37.424225], [-118.384256, 37.424242], [-118.38432, 37.424285], [-118.384452, 37.424353], [-118.38483, 37.424489], [-118.385904, 37.424805]]}, "props": {"MTFCC": "S1400", "NAME": null}}, {"geom": {"type": "LineString", "coordinates": [[-118.393908, 37.453034], [-118.394019, 37.453063], [-118.394113, 37.453107], [-118.394194, 37.453165], [-118.394264, 37.453233]]}, "props": {"MTFCC": "S1400", "NAME": null}}, {"geom": {"type": "LineString", "coordinates": [[-118.37302, 37.365366], [-118.373176, 37.365298], [-118.373412, 37.365242], [-118.373633, 37.365222], [-118.373836, 37.36524], [-118.373991, 37.365277], [-118.37481, 37.365516], [-118.375026, 37.365564], [-118.375253, 37.365593], [-118.375618, 37.365627], [-118.376203, 37.365638], [-118.376344, 37.365614], [-118.376413, 37.365591], [-118.376448, 37.365569], [-118.376494, 37.365559], [-118.376581, 37.36557], [-118.376607, 37.365578], [-118.376647, 37.365607], [-118.376706, 37.365669], [-118.376741, 37.365738], [-118.376769, 37.36584], [-118.376802, 37.366098], [-118.376812, 37.366479], [-118.376807, 37.366609]]}, "props": {"MTFCC": "S1400", "NAME": null}}, {"geom": {"type": "LineString", "coordinates": [[-118.432839, 37.399751], [-118.432582, 37.399412], [-118.432507, 37.399345], [-118.432398, 37.399299], [-118.432302, 37.399281], [-118.432147, 37.3993], [-118.432105, 37.399291], [-118.432068, 37.399271], [-118.432034, 37.399227], [-118.432021, 37.399182], [-118.432016, 37.399145], [-118.432018, 37.398128]]}, "props": {"MTFCC": "S1400", "NAME": null}}, {"geom": {"type": "LineString", "coordinates": [[-118.28155, 37.457548], [-118.281235, 37.457556], [-118.281082, 37.457571], [-118.280922, 37.457612], [-118.280704, 37.457669], [-118.28054, 37.457702], [-118.279843, 37.457918], [-118.279306, 37.45807], [-118.278606, 37.458256], [-118.277903, 37.458428], [-118.277674, 37.458475], [-118.277518, 37.458521], [-118.277409, 37.458528], [-118.277282, 37.458507], [-118.277213, 37.458491]]}, "props": {"MTFCC": "S1400", "NAME": null}}, {"geom": {"type": "LineString", "coordinates": [[-118.349553, 37.449422], [-118.349158, 37.449554], [-118.348791, 37.449645], [-118.348602, 37.44968], [-118.348331, 37.449717], [-118.348094, 37.449735], [-118.347039, 37.44987], [-118.346039, 37.450033], [-118.34572, 37.450071], [-118.345501, 37.450089], [-118.345207, 37.450102], [-118.34493, 37.450101], [-118.344209, 37.450064], [-118.343888, 37.450025], [-118.343003, 37.449872], [-118.342483, 37.44975], [-118.342263, 37.449679], [-118.342036, 37.44958]]}, "props": {"MTFCC": "S1400", "NAME": null}}, {"geom": {"type": "LineString", "coordinates": [[-118.364041, 37.433872], [-118.363999, 37.433841], [-118.363969, 37.433819], [-118.363855, 37.433766], [-118.363487, 37.434092], [-118.363245, 37.434323], [-118.362918, 37.434606], [-118.362576, 37.434879], [-118.362168, 37.43522], [-118.361812, 37.435485], [-118.361407, 37.435813], [-118.36105, 37.436142], [-118.360828, 37.436315], [-118.360628, 37.436425], [-118.360164, 37.436608], [-118.35949, 37.436859], [-118.358369, 37.437346], [-118.358226, 37.437376], [-118.357952, 37.437372], [-118.357778, 37.437404], [-118.357589, 37.437471], [-118.357444, 37.437535], [-118.357278, 37.437577], [-118.357105, 37.437591], [-118.356959, 37.437581], [-118.356734, 37.437534], [-118.356189, 37.43737], [-118.35603, 37.437296], [-118.355894, 37.437198], [-118.355787, 37.437081], [-118.355356, 37.436467], [-118.355254, 37.436376], [-118.35504, 37.436252], [-118.354941, 37.436154], [-118.354639, 37.435752], [-118.354549, 37.435681], [-118.354432, 37.435633], [-118.354302, 37.435616], [-118.354172, 37.435632], [-118.354081, 37.435666], [-118.353969, 37.43572], [-118.353679, 37.435888], [-118.353575, 37.43594], [-118.353463, 37.435985], [-118.353211, 37.436049], [-118.353111, 37.436063], [-118.35271, 37.436079], [-118.352559, 37.436071], [-118.352412, 37.436048], [-118.352213, 37.435989], [-118.351998, 37.435911], [-118.351404, 37.435653], [-118.351253, 37.435577], [-118.351112, 37.435483], [-118.350977, 37.43542], [-118.350821, 37.435382], [-118.35032, 37.435329], [-118.349608, 37.435335]]}, "props": {"MTFCC": "S1400", "NAME": null}}, {"geom": {"type": "LineString", "coordinates": [[-118.339652, 37.409244], [-118.339589, 37.409213], [-118.339513, 37.40915], [-118.33947, 37.409071], [-118.33942, 37.408962], [-118.339348, 37.408891], [-118.339191, 37.408754], [-118.339179, 37.408721], [-118.339272, 37.408641], [-118.339683, 37.408373], [-118.339786, 37.408353]]}, "props": {"MTFCC": "S1400", "NAME": null}}, {"geom": {"type": "LineString", "coordinates": [[-118.316775, 37.405339], [-118.316993, 37.405086], [-118.317065, 37.405024], [-118.317298, 37.404886]]}, "props": {"MTFCC": "S1400", "NAME": null}}, {"geom": {"type": "LineString", "coordinates": [[-118.339597, 37.389583], [-118.339618, 37.389636], [-118.339639, 37.389657], [-118.339672, 37.389671], [-118.339702, 37.389684], [-118.339773, 37.389689], [-118.339912, 37.389678], [-118.340146, 37.389657], [-118.340556, 37.389593], [-118.341038, 37.389572], [-118.341166, 37.389556], [-118.341291, 37.38953], [-118.341545, 37.389461], [-118.34165, 37.389406], [-118.341846, 37.389251], [-118.342043, 37.389132], [-118.342192, 37.389087], [-118.342351, 37.389081], [-118.34251, 37.389095], [-118.342874, 37.389106], [-118.343059, 37.389139], [-118.343402, 37.38922], [-118.343699, 37.389261], [-118.343865, 37.389301], [-118.344089, 37.389382], [-118.344473, 37.38955], [-118.344589, 37.389565], [-118.344829, 37.389539], [-118.344996, 37.389561], [-118.345104, 37.389582], [-118.345348, 37.389609], [-118.3455, 37.389648]]}, "props": {"MTFCC": "S1400", "NAME": null}}, {"geom": {"type": "LineString", "coordinates": [[-118.359527, 37.386272], [-118.359633, 37.386286], [-118.359712, 37.386303], [-118.359808, 37.386338], [-118.359934, 37.386411], [-118.359985, 37.386455]]}, "props": {"MTFCC": "S1400", "NAME": null}}, {"geom": {"type": "LineString", "coordinates": [[-118.294819, 37.461744], [-118.294809, 37.461841], [-118.294791, 37.461931], [-118.294782, 37.462049], [-118.2948, 37.462244], [-118.294832, 37.462324], [-118.294895, 37.462473], [-118.29496, 37.462605], [-118.294969, 37.462718], [-118.294954, 37.462886]]}, "props": {"MTFCC": "S1400", "NAME": null}}, {"geom": {"type": "LineString", "coordinates": [[-118.369599, 37.448216], [-118.370357, 37.448203]]}, "props": {"MTFCC": "S1400", "NAME": null}}, {"geom": {"type": "LineString", "coordinates": [[-118.363227, 37.447405], [-118.36319, 37.447852], [-118.363109, 37.449893], [-118.363089, 37.450606], [-118.363064, 37.451983]]}, "props": {"MTFCC": "S1400", "NAME": null}}, {"geom": {"type": "LineString", "coordinates": [[-118.364628, 37.4581], [-118.364806, 37.457857], [-118.365019, 37.457506], [-118.365097, 37.457405]]}, "props": {"MTFCC": "S1400", "NAME": null}}, {"geom": {"type": "LineString", "coordinates": [[-118.367452, 37.458361], [-118.36853, 37.458423], [-118.368618, 37.458408], [-118.368825, 37.458301], [-118.369176, 37.458221], [-118.36948, 37.458128], [-118.369555, 37.458138], [-118.369649, 37.458189], [-118.369722, 37.458205], [-118.369798, 37.458202], [-118.369921, 37.458185], [-118.370121, 37.458145], [-118.370734, 37.457952], [-118.370833, 37.457948], [-118.37093, 37.457969], [-118.371137, 37.458041], [-118.371495, 37.45814], [-118.371682, 37.458172], [-118.37184, 37.458223], [-118.371998, 37.458266], [-118.372451, 37.458321], [-118.372539, 37.458322], [-118.372685, 37.458288]]}, "props": {"MTFCC": "S1400", "NAME": null}}, {"geom": {"type": "LineString", "coordinates": [[-118.50874, 37.409781], [-118.50875, 37.409713], [-118.508728, 37.409618], [-118.508704, 37.409575]]}, "props": {"MTFCC": "S1400", "NAME": null}}, {"geom": {"type": "LineString", "coordinates": [[-118.331693, 37.4261], [-118.331996, 37.426501], [-118.33206, 37.426537], [-118.332136, 37.426551], [-118.333094, 37.426552], [-118.334405, 37.42654], [-118.336499, 37.4265], [-118.336589, 37.4265]]}, "props": {"MTFCC": "S1400", "NAME": null}}, {"geom": {"type": "LineString", "coordinates": [[-118.315494, 37.39521], [-118.315628, 37.395123], [-118.315806, 37.395028], [-118.316011, 37.394932], [-118.316526, 37.394657], [-118.316919, 37.394413], [-118.317244, 37.394168], [-118.317435, 37.394037], [-118.317479, 37.394007], [-118.31767, 37.393861], [-118.318175, 37.393425]]}, "props": {"MTFCC": "S1400", "NAME": null}}, {"geom": {"type": "LineString", "coordinates": [[-118.318175, 37.393425], [-118.317763, 37.393598], [-118.317644, 37.393629], [-118.31752, 37.393639], [-118.31747, 37.393635], [-118.317396, 37.393628], [-118.316884, 37.393482], [-118.31653, 37.393375], [-118.316058, 37.393266], [-118.315878, 37.393215], [-118.315662, 37.393135], [-118.315366, 37.392973]]}, "props": {"MTFCC": "S1400", "NAME": null}}, {"geom": {"type": "LineString", "coordinates": [[-118.341945, 37.387759], [-118.342025, 37.387693], [-118.342179, 37.387519], [-118.342408, 37.38733], [-118.342548, 37.387254], [-118.342869, 37.387034]]}, "props": {"MTFCC": "S1400", "NAME": null}}, {"geom": {"type": "LineString", "coordinates": [[-118.341258, 37.388927], [-118.341639, 37.388885], [-118.343123, 37.388691], [-118.343672, 37.388633], [-118.344005, 37.38858], [-118.344006, 37.388557], [-118.343985, 37.388549], [-118.343921, 37.388539], [-118.343817, 37.388464], [-118.343711, 37.388404], [-118.343586, 37.388352], [-118.343365, 37.38829], [-118.343292, 37.388237], [-118.343252, 37.388165], [-118.343177, 37.387969], [-118.342956, 37.387528], [-118.342966, 37.387402], [-118.342961, 37.38725], [-118.342947, 37.387147], [-118.342927, 37.387101], [-118.342869, 37.387034]]}, "props": {"MTFCC": "S1400", "NAME": null}}, {"geom": {"type": "LineString", "coordinates": [[-118.354653, 37.389931], [-118.354818, 37.390382], [-118.354859, 37.390518], [-118.354928, 37.39064], [-118.354991, 37.390717], [-118.355059, 37.390742], [-118.355248, 37.390741], [-118.355479, 37.390729], [-118.355733, 37.3907], [-118.355835, 37.390713], [-118.355926, 37.39075], [-118.35616, 37.390932], [-118.356303, 37.39111], [-118.356326, 37.391178], [-118.356302, 37.391515], [-118.356289, 37.391886], [-118.356297, 37.39207], [-118.356366, 37.392537], [-118.356412, 37.392752], [-118.356464, 37.392848], [-118.35666, 37.393069], [-118.356695, 37.393175], [-118.356688, 37.393285], [-118.356655, 37.393467], [-118.356649, 37.39356], [-118.356671, 37.393718], [-118.356867, 37.394492], [-118.356977, 37.395138], [-118.356992, 37.395384]]}, "props": {"MTFCC": "S1400", "NAME": null}}, {"geom": {"type": "LineString", "coordinates": [[-118.358919, 37.389358], [-118.358762, 37.389283], [-118.358588, 37.389236], [-118.358474, 37.389226], [-118.358309, 37.389224], [-118.358124, 37.389193], [-118.35794, 37.389125], [-118.357579, 37.388944], [-118.357463, 37.388901], [-118.357289, 37.388878], [-118.356746, 37.388884], [-118.3566, 37.388859], [-118.356482, 37.388818], [-118.35634, 37.388747], [-118.356068, 37.388641]]}, "props": {"MTFCC": "S1400", "NAME": null}}, {"geom": {"type": "LineString", "coordinates": [[-118.368298, 37.382779], [-118.368313, 37.382748], [-118.368333, 37.382651], [-118.368314, 37.382553], [-118.368258, 37.382464], [-118.36817, 37.382394], [-118.368059, 37.382349], [-118.367925, 37.382328], [-118.367756, 37.382326], [-118.367288, 37.382384]]}, "props": {"MTFCC": "S1400", "NAME": null}}, {"geom": {"type": "LineString", "coordinates": [[-118.366153, 37.459955], [-118.366212, 37.459899], [-118.36637, 37.459796], [-118.366425, 37.459746], [-118.366497, 37.459662]]}, "props": {"MTFCC": "S1400", "NAME": null}}, {"geom": {"type": "LineString", "coordinates": [[-118.06756, 37.429979], [-118.06741, 37.430196], [-118.067335, 37.430269], [-118.06718, 37.430388], [-118.067008, 37.430483], [-118.066843, 37.430542], [-118.066554, 37.430691], [-118.066311, 37.430794], [-118.066195, 37.430835], [-118.066026, 37.430866], [-118.065768, 37.430901], [-118.065514, 37.430976], [-118.065312, 37.431076], [-118.065244, 37.431141], [-118.065225, 37.431186], [-118.065194, 37.431258], [-118.065182, 37.431311], [-118.065132, 37.431377], [-118.064991, 37.431505], [-118.064889, 37.431626], [-118.064847, 37.431726], [-118.064838, 37.431908], [-118.064868, 37.431973], [-118.06495, 37.432063], [-118.06499, 37.43216], [-118.065022, 37.432309], [-118.065028, 37.432338], [-118.065001, 37.432393], [-118.064965, 37.432421], [-118.064572, 37.432551], [-118.064529, 37.432586], [-118.06447, 37.432688], [-118.064385, 37.432836], [-118.064397, 37.433016], [-118.064385, 37.433061], [-118.064337, 37.433156], [-118.064208, 37.43335], [-118.064127, 37.433421], [-118.063933, 37.433557], [-118.063871, 37.43364], [-118.063826, 37.433758], [-118.063778, 37.433802], [-118.063678, 37.43385], [-118.063555, 37.433866], [-118.063471, 37.433904], [-118.063414, 37.433966], [-118.063406, 37.433983], [-118.063404, 37.43406], [-118.063398, 37.434302], [-118.063374, 37.434345], [-118.063326, 37.434373], [-118.063292, 37.434367], [-118.063271, 37.434352], [-118.063257, 37.434333], [-118.063233, 37.434234], [-118.063185, 37.434196], [-118.063119, 37.434181], [-118.062966, 37.434183], [-118.062765, 37.43421], [-118.062656, 37.434231], [-118.062255, 37.434335], [-118.062127, 37.434386], [-118.061945, 37.434433], [-118.061838, 37.434436], [-118.061792, 37.434409], [-118.061774, 37.434365], [-118.061793, 37.434321], [-118.06207, 37.434156], [-118.062189, 37.434097], [-118.062288, 37.434009], [-118.06235, 37.43393], [-118.062499, 37.433834], [-118.062561, 37.433724], [-118.062594, 37.433623], [-118.062637, 37.433562], [-118.062803, 37.433426], [-118.062819, 37.433379], [-118.062804, 37.433276], [-118.062754, 37.433084], [-118.062696, 37.433001], [-118.062512, 37.432835], [-118.062395, 37.432771], [-118.062171, 37.432735], [-118.061629, 37.432709], [-118.06156, 37.432727], [-118.061522, 37.432763], [-118.061504, 37.432815], [-118.061496, 37.432906], [-118.061519, 37.432986], [-118.061555, 37.433081], [-118.061542, 37.433132], [-118.061494, 37.433178], [-118.061425, 37.433199], [-118.061328, 37.433208], [-118.061082, 37.433167], [-118.060906, 37.433157], [-118.060524, 37.433171], [-118.060352, 37.433215], [-118.060182, 37.433227], [-118.060012, 37.433196], [-118.059946, 37.433196], [-118.059743, 37.433246], [-118.059592, 37.433252], [-118.059535, 37.433248], [-118.059294, 37.433191], [-118.059222, 37.433184], [-118.05914, 37.433202], [-118.058778, 37.433366], [-118.058656, 37.43339], [-118.058517, 37.433396], [-118.058354, 37.433387], [-118.058161, 37.433395], [-118.057926, 37.433438], [-118.057718, 37.433452], [-118.057442, 37.433452], [-118.057258, 37.433435], [-118.05692, 37.433341], [-118.056791, 37.43333], [-118.056663, 37.43334], [-118.056529, 37.433375], [-118.056408, 37.433436], [-118.056333, 37.433492], [-118.056259, 37.433563], [-118.056007, 37.433865], [-118.055974, 37.433942], [-118.055965, 37.434052], [-118.056081, 37.434438], [-118.056088, 37.434483], [-118.056068, 37.434611], [-118.055935, 37.434934], [-118.055796, 37.435182], [-118.055784, 37.435252], [-118.055821, 37.43563], [-118.055838, 37.435698], [-118.055876, 37.435745], [-118.055974, 37.435804], [-118.055994, 37.435853], [-118.055973, 37.435903], [-118.05592, 37.435933], [-118.055854, 37.435943], [-118.055706, 37.435942], [-118.055549, 37.435969], [-118.055038, 37.436177], [-118.054905, 37.436276], [-118.054727, 37.436388], [-118.054708, 37.436411], [-118.0547, 37.436466], [-118.054706, 37.436494], [-118.054726, 37.436526], [-118.054903, 37.436691], [-118.055074, 37.436805], [-118.05514, 37.43691], [-118.055153, 37.436976], [-118.055139, 37.437042], [-118.055101, 37.437101], [-118.055041, 37.437149], [-118.054949, 37.437183], [-118.054908, 37.437221], [-118.054896, 37.437249], [-118.054897, 37.437311], [-118.054955, 37.43753], [-118.05496, 37.437628], [-118.054939, 37.437736], [-118.054897, 37.437839], [-118.054864, 37.437982], [-118.054868, 37.438042], [-118.054912, 37.438072], [-118.054985, 37.438084], [-118.055214, 37.438069], [-118.055294, 37.438092], [-118.055332, 37.438108], [-118.055379, 37.438158], [-118.055399, 37.438258], [-118.0554, 37.438308], [-118.055373, 37.438354], [-118.055322, 37.438384], [-118.05514, 37.438416], [-118.055037, 37.438452], [-118.054966, 37.438492], [-118.054924, 37.438532], [-118.054727, 37.438604], [-118.054671, 37.438649], [-118.054544, 37.438814], [-118.054488, 37.438834], [-118.054387, 37.438822], [-118.05427, 37.438793], [-118.054098, 37.438775], [-118.053989, 37.438783], [-118.053884, 37.43881], [-118.053788, 37.438853], [-118.053685, 37.438931], [-118.053497, 37.439127], [-118.053301, 37.439284], [-118.053255, 37.43933], [-118.053229, 37.43953], [-118.05319, 37.439634], [-118.053137, 37.439684], [-118.053072, 37.4397], [-118.052915, 37.439706], [-118.052767, 37.439705], [-118.052598, 37.439737], [-118.052547, 37.439735], [-118.052364, 37.439696]]}, "props": {"MTFCC": "S1400", "NAME": null}}, {"geom": {"type": "LineString", "coordinates": [[-118.04313, 37.416797], [-118.042813, 37.41675], [-118.042758, 37.416742], [-118.04255, 37.416719], [-118.04154, 37.416672], [-118.041412, 37.416674], [-118.041227, 37.416676], [-118.041094, 37.416658], [-118.04096, 37.416622], [-118.040778, 37.416542], [-118.040613, 37.416515], [-118.040424, 37.416501], [-118.040177, 37.416516], [-118.039997, 37.416555], [-118.039899, 37.4166], [-118.039782, 37.41667], [-118.039567, 37.416849], [-118.039376, 37.416976], [-118.039013, 37.417154], [-118.038574, 37.417388], [-118.038446, 37.41744], [-118.03832, 37.417466], [-118.038093, 37.417496], [-118.037887, 37.417575], [-118.037732, 37.417593], [-118.037629, 37.417584], [-118.03752, 37.417554], [-118.03724, 37.417449], [-118.037105, 37.417431], [-118.036989, 37.417443], [-118.036519, 37.417557], [-118.036284, 37.417593], [-118.036119, 37.417607], [-118.036011, 37.417635], [-118.035945, 37.417661], [-118.0357, 37.417838], [-118.035595, 37.417889], [-118.035325, 37.417985], [-118.035047, 37.418176], [-118.03488, 37.418267], [-118.03483, 37.418272], [-118.034716, 37.418262], [-118.034649, 37.418273], [-118.034548, 37.418311], [-118.034339, 37.41839], [-118.033902, 37.418601], [-118.033715, 37.418703]]}, "props": {"MTFCC": "S1400", "NAME": null}}, {"geom": {"type": "LineString", "coordinates": [[-118.500569, 37.367118], [-118.500644, 37.36707], [-118.500818, 37.366975], [-118.501029, 37.366795]]}, "props": {"MTFCC": "S1400", "NAME": null}}, {"geom": {"type": "LineString", "coordinates": [[-118.399811, 37.369513], [-118.399857, 37.370415]]}, "props": {"MTFCC": "S1400", "NAME": null}}, {"geom": {"type": "LineString", "coordinates": [[-118.373955, 37.368016], [-118.373969, 37.369023]]}, "props": {"MTFCC": "S1400", "NAME": null}}, {"geom": {"type": "LineString", "coordinates": [[-118.393736, 37.364319], [-118.393733, 37.365845]]}, "props": {"MTFCC": "S1400", "NAME": null}}, {"geom": {"type": "LineString", "coordinates": [[-118.50067, 37.40149], [-118.500894, 37.401407], [-118.500956, 37.401388], [-118.500985, 37.401386], [-118.501062, 37.40141], [-118.501182, 37.40148], [-118.501602, 37.401643], [-118.501746, 37.401683], [-118.501911, 37.4017], [-118.502021, 37.401699]]}, "props": {"MTFCC": "S1400", "NAME": null}}, {"geom": {"type": "LineString", "coordinates": [[-118.417409, 37.375901], [-118.417409, 37.375793], [-118.417407, 37.375211]]}, "props": {"MTFCC": "S1740", "NAME": null}}, {"geom": {"type": "LineString", "coordinates": [[-118.430866, 37.408627], [-118.431292, 37.408804], [-118.431656, 37.408947], [-118.431768, 37.40899], [-118.431887, 37.409005], [-118.432006, 37.40899], [-118.432099, 37.408963], [-118.432123, 37.408957], [-118.432191, 37.408941], [-118.432533, 37.408865], [-118.432811, 37.408786], [-118.43328, 37.408615], [-118.433343, 37.408597], [-118.433587, 37.408586], [-118.433825, 37.408628], [-118.434027, 37.408675], [-118.434259, 37.408706], [-118.434456, 37.408713], [-118.434835, 37.408688], [-118.435549, 37.408606], [-118.43573, 37.408568], [-118.435812, 37.408543], [-118.43606, 37.408433], [-118.436612, 37.408128]]}, "props": {"MTFCC": "S1400", "NAME": null}}, {"geom": {"type": "LineString", "coordinates": [[-118.600043, 37.434142], [-118.600041, 37.434057], [-118.600018, 37.433988], [-118.599976, 37.433938], [-118.599897, 37.433897], [-118.599836, 37.433853], [-118.599796, 37.433812], [-118.599758, 37.433677], [-118.599736, 37.433634], [-118.599626, 37.433535], [-118.599589, 37.433479], [-118.599564, 37.433411], [-118.599507, 37.433152], [-118.599472, 37.433045], [-118.599438, 37.432988], [-118.599374, 37.432932], [-118.599355, 37.432906], [-118.599345, 37.432815], [-118.599386, 37.4319], [-118.599389, 37.431121], [-118.599379, 37.430982], [-118.599396, 37.430914], [-118.599457, 37.430825], [-118.599448, 37.430764], [-118.599417, 37.430646], [-118.599442, 37.430577], [-118.599486, 37.430523], [-118.599563, 37.430451], [-118.599591, 37.430409], [-118.599597, 37.430346], [-118.599589, 37.430306]]}, "props": {"MTFCC": "S1400", "NAME": null}}, {"geom": {"type": "LineString", "coordinates": [[-118.591027, 37.433364], [-118.592017, 37.433347], [-118.592652, 37.433336]]}, "props": {"MTFCC": "S1400", "NAME": null}}, {"geom": {"type": "LineString", "coordinates": [[-118.491497, 37.405739], [-118.491442, 37.40542], [-118.491381, 37.405103], [-118.491394, 37.404861], [-118.491432, 37.404657]]}, "props": {"MTFCC": "S1400", "NAME": null}}, {"geom": {"type": "LineString", "coordinates": [[-118.477191, 37.410371], [-118.477375, 37.410214], [-118.477428, 37.410162], [-118.47758, 37.410114], [-118.477654, 37.410072], [-118.477699, 37.41003]]}, "props": {"MTFCC": "S1400", "NAME": null}}, {"geom": {"type": "LineString", "coordinates": [[-118.498711, 37.405543], [-118.498905, 37.405501], [-118.499388, 37.405382], [-118.49951, 37.405368], [-118.499574, 37.405372], [-118.499668, 37.405402], [-118.499719, 37.405434]]}, "props": {"MTFCC": "S1400", "NAME": null}}, {"geom": {"type": "LineString", "coordinates": [[-118.487499, 37.408006], [-118.487406, 37.40796], [-118.487265, 37.407858], [-118.487113, 37.407788], [-118.486946, 37.407744], [-118.486795, 37.40773], [-118.486587, 37.407728], [-118.486333, 37.407757], [-118.486169, 37.40779], [-118.486032, 37.407831], [-118.485892, 37.4079]]}, "props": {"MTFCC": "S1400", "NAME": null}}, {"geom": {"type": "LineString", "coordinates": [[-118.480627, 37.409741], [-118.48047, 37.409421]]}, "props": {"MTFCC": "S1400", "NAME": null}}, {"geom": {"type": "LineString", "coordinates": [[-118.44742860840337, 37.3641], [-118.447433, 37.364971], [-118.447433, 37.365007], [-118.447521, 37.367578], [-118.447551, 37.367995]]}, "props": {"MTFCC": "S1400", "NAME": null}}, {"geom": {"type": "LineString", "coordinates": [[-118.446336, 37.365033], [-118.446334, 37.366968], [-118.44632, 37.368475]]}, "props": {"MTFCC": "S1400", "NAME": null}}, {"geom": {"type": "LineString", "coordinates": [[-118.496753, 37.378981], [-118.496504, 37.379548], [-118.496448, 37.379626], [-118.496372, 37.379693], [-118.496253, 37.379757], [-118.496156, 37.379822]]}, "props": {"MTFCC": "S1400", "NAME": null}}, {"geom": {"type": "LineString", "coordinates": [[-118.368306, 37.381201], [-118.368309, 37.381242], [-118.368246, 37.381426], [-118.368191, 37.381587], [-118.3682, 37.381663], [-118.368249, 37.38173], [-118.368313, 37.381767], [-118.368385, 37.381789], [-118.36862, 37.381829], [-118.368914, 37.381873], [-118.369034, 37.381868], [-118.369226, 37.381817], [-118.370035, 37.381773], [-118.370482, 37.381773], [-118.370637, 37.381781], [-118.370738, 37.381808], [-118.370764, 37.381821], [-118.370924, 37.381901], [-118.371, 37.381926]]}, "props": {"MTFCC": "S1400", "NAME": null}}, {"geom": {"type": "LineString", "coordinates": [[-118.719036, 37.388028], [-118.718974, 37.388127], [-118.718942, 37.388255], [-118.718944, 37.388354], [-118.718973, 37.388462], [-118.719019, 37.388561], [-118.71905, 37.388607], [-118.719187, 37.388736], [-118.719411, 37.388871], [-118.719578, 37.388963], [-118.719668, 37.389037], [-118.719738, 37.389125], [-118.719769, 37.389181]]}, "props": {"MTFCC": "S1400", "NAME": null}}, {"geom": {"type": "LineString", "coordinates": [[-118.724157, 37.374938], [-118.723959, 37.375086], [-118.723863, 37.375194], [-118.723656, 37.375442], [-118.723529, 37.375554], [-118.723214, 37.375766], [-118.723081, 37.375829], [-118.722849, 37.375897], [-118.722811, 37.375918], [-118.722748, 37.375971], [-118.722656, 37.376081], [-118.722632, 37.376125]]}, "props": {"MTFCC": "S1400", "NAME": null}}, {"geom": {"type": "LineString", "coordinates": [[-118.395577, 37.37402], [-118.395509, 37.374117]]}, "props": {"MTFCC": "S1400", "NAME": null}}, {"geom": {"type": "LineString", "coordinates": [[-118.429141, 37.397968], [-118.42919, 37.397995], [-118.429455, 37.398056], [-118.429532, 37.398083], [-118.429665, 37.398142], [-118.429792, 37.398187], [-118.429945, 37.398269], [-118.430033, 37.398284], [-118.430122, 37.398269], [-118.430497, 37.398036], [-118.430573, 37.398], [-118.430731, 37.397963], [-118.430897, 37.397936], [-118.430937, 37.39791]]}, "props": {"MTFCC": "S1400", "NAME": null}}, {"geom": {"type": "LineString", "coordinates": [[-118.418861, 37.396485], [-118.418928, 37.396614]]}, "props": {"MTFCC": "S1400", "NAME": null}}, {"geom": {"type": "LineString", "coordinates": [[-118.39363, 37.397603], [-118.393582, 37.397719], [-118.393486, 37.397845], [-118.393427, 37.397901], [-118.393137, 37.398102], [-118.392743, 37.398288], [-118.392575, 37.398389], [-118.392165, 37.398648], [-118.391912, 37.398789], [-118.391705, 37.398944], [-118.3915, 37.39912], [-118.391321, 37.399244], [-118.391094, 37.399384], [-118.391033, 37.399412], [-118.390967, 37.399428], [-118.390783, 37.399435], [-118.390344, 37.399412], [-118.389295, 37.399319], [-118.388702, 37.399271], [-118.387658, 37.39921], [-118.38711, 37.399163], [-118.38664, 37.399092], [-118.386313, 37.399071], [-118.386168, 37.399054], [-118.386028, 37.399028], [-118.385788, 37.398959], [-118.385445, 37.398825], [-118.385212, 37.398766], [-118.385057, 37.398753], [-118.384902, 37.398765], [-118.384745, 37.398805], [-118.38451, 37.398887], [-118.384368, 37.398961], [-118.383956, 37.399218], [-118.383695, 37.399357], [-118.383589, 37.399403], [-118.38352, 37.399417], [-118.383466, 37.399418]]}, "props": {"MTFCC": "S1400", "NAME": null}}, {"geom": {"type": "LineString", "coordinates": [[-118.267874, 37.405852], [-118.267846, 37.405839], [-118.267767, 37.405833], [-118.267732, 37.405838], [-118.267596, 37.405884], [-118.266856, 37.406202], [-118.266789, 37.406212], [-118.266542, 37.406198], [-118.26645, 37.406179], [-118.266243, 37.406076], [-118.266151, 37.406045], [-118.266065, 37.406016], [-118.265885, 37.405987], [-118.265609, 37.405988], [-118.265473, 37.406012], [-118.265324, 37.406046], [-118.265145, 37.40606], [-118.264988, 37.406047], [-118.264499, 37.405955], [-118.264378, 37.40595], [-118.263961, 37.406007], [-118.263772, 37.406005], [-118.263423, 37.405971], [-118.263111, 37.405934], [-118.262695, 37.405854], [-118.262365, 37.405786], [-118.261966, 37.405675], [-118.261818, 37.405633], [-118.261672, 37.405599], [-118.260832, 37.405482], [-118.26079, 37.40548], [-118.260619, 37.405473], [-118.258274, 37.405492], [-118.257893, 37.405444], [-118.25776, 37.40545], [-118.257609, 37.405482], [-118.257266, 37.405597], [-118.257171, 37.405623], [-118.256685, 37.405718], [-118.256549, 37.405727], [-118.256349, 37.405701], [-118.256079, 37.405654], [-118.255696, 37.405615], [-118.255477, 37.405567], [-118.254672, 37.405327], [-118.254506, 37.405258], [-118.254091, 37.405], [-118.253938, 37.404931], [-118.253789, 37.404897], [-118.253586, 37.404889], [-118.25313, 37.404916], [-118.253, 37.404904], [-118.25272, 37.404839], [-118.252541, 37.40482], [-118.252345, 37.404817], [-118.252011, 37.404851], [-118.251427, 37.40495], [-118.251288, 37.404967], [-118.250393, 37.405018], [-118.250121, 37.405048], [-118.250005, 37.40508], [-118.249873, 37.405139], [-118.249757, 37.405203], [-118.249665, 37.405223], [-118.24957, 37.405218], [-118.24948, 37.40519], [-118.249267, 37.405085], [-118.249171, 37.405037], [-118.248765, 37.404781], [-118.248609, 37.404705], [-118.248385, 37.404617], [-118.248294, 37.40459], [-118.247991, 37.404544], [-118.247884, 37.404537], [-118.247705, 37.404552], [-118.247586, 37.404536], [-118.247478, 37.404492], [-118.247161, 37.404237], [-118.246978, 37.404062], [-118.246364, 37.403361], [-118.246202, 37.403164], [-118.245979, 37.402968], [-118.245722, 37.402719], [-118.245249, 37.402329], [-118.245062, 37.402209], [-118.244799, 37.402082], [-118.244609, 37.402025], [-118.244282, 37.401958], [-118.243978, 37.401921], [-118.243791, 37.401872], [-118.243713, 37.401844], [-118.243599, 37.401828], [-118.243523, 37.401826], [-118.242832, 37.401939], [-118.242674, 37.401958], [-118.242627, 37.401968], [-118.242344, 37.402031], [-118.242181, 37.402096], [-118.242048, 37.402137], [-118.241355, 37.402185], [-118.241227, 37.402205], [-118.241067, 37.402256], [-118.240579, 37.402471], [-118.24048, 37.402501], [-118.240374, 37.402505], [-118.240233, 37.402476], [-118.240096, 37.402462], [-118.239729, 37.402493], [-118.239416, 37.402544], [-118.239163, 37.402563], [-118.238817, 37.402557], [-118.238669, 37.402567], [-118.238439, 37.4026], [-118.238177, 37.402659], [-118.237915, 37.402745], [-118.237721, 37.402773], [-118.237502, 37.402788]]}, "props": {"MTFCC": "S1400", "NAME": null}}, {"geom": {"type": "LineString", "coordinates": [[-118.613717, 37.412401], [-118.613724, 37.412242]]}, "props": {"MTFCC": "S1400", "NAME": null}}, {"geom": {"type": "LineString", "coordinates": [[-118.607727, 37.414674], [-118.607824, 37.41489], [-118.607867, 37.415064]]}, "props": {"MTFCC": "S1400", "NAME": null}}, {"geom": {"type": "LineString", "coordinates": [[-118.461673, 37.418588], [-118.461456, 37.418999], [-118.461272, 37.419306], [-118.461195, 37.419397], [-118.461058, 37.419515], [-118.460898, 37.419617], [-118.460772, 37.419656], [-118.460594, 37.419664], [-118.460385, 37.41965], [-118.460214, 37.419621], [-118.45992, 37.419546], [-118.459839, 37.419537], [-118.459796, 37.419533], [-118.459643, 37.419553], [-118.459495, 37.419595], [-118.459119, 37.419668], [-118.458815, 37.41972]]}, "props": {"MTFCC": "S1400", "NAME": null}}, {"geom": {"type": "LineString", "coordinates": [[-118.447748, 37.412537], [-118.447715, 37.412455], [-118.447688, 37.412421], [-118.447595, 37.412374], [-118.447407, 37.412309], [-118.447327, 37.412256], [-118.4473, 37.412226], [-118.447237, 37.412106], [-118.447177, 37.411844], [-118.44715, 37.411787], [-118.447023, 37.411644], [-118.446945, 37.411569], [-118.446898, 37.411484], [-118.446885, 37.41141]]}, "props": {"MTFCC": "S1400", "NAME": null}}, {"geom": {"type": "LineString", "coordinates": [[-118.408731, 37.419549], [-118.408377, 37.420091], [-118.408287, 37.420239], [-118.408073, 37.420531], [-118.407937, 37.420689], [-118.407868, 37.420792], [-118.407817, 37.420928], [-118.407795, 37.421172], [-118.407811, 37.42155], [-118.407808, 37.421676], [-118.407793, 37.42177], [-118.407736, 37.421926], [-118.40766, 37.422048], [-118.406589, 37.423113], [-118.406259, 37.423546], [-118.406203, 37.423606], [-118.406149, 37.423648], [-118.405999, 37.423726], [-118.405754, 37.423816], [-118.405369, 37.42393], [-118.405274, 37.423984], [-118.404367, 37.424813], [-118.404137, 37.424979], [-118.403943, 37.425151], [-118.403822, 37.425265], [-118.403687, 37.42536], [-118.403525, 37.425455]]}, "props": {"MTFCC": "S1400", "NAME": null}}, {"geom": {"type": "LineString", "coordinates": [[-118.530926, 37.411975], [-118.530902, 37.412026], [-118.530873, 37.412085], [-118.530834, 37.412137], [-118.530784, 37.412182], [-118.530734, 37.412241], [-118.530699, 37.412303], [-118.530665, 37.412362], [-118.530616, 37.412408], [-118.530564, 37.412449], [-118.530506, 37.412518], [-118.53047, 37.412565], [-118.530431, 37.412606], [-118.530383, 37.412637], [-118.53033, 37.412676], [-118.530275, 37.412719], [-118.530226, 37.412759], [-118.530187, 37.412794], [-118.530148, 37.41283], [-118.530111, 37.412858], [-118.530102, 37.412866], [-118.530037, 37.412919], [-118.529984, 37.412948], [-118.529919, 37.412986], [-118.529862, 37.413019], [-118.529816, 37.413071], [-118.529786, 37.413114], [-118.529751, 37.413169], [-118.529692, 37.413202], [-118.529528, 37.413244], [-118.529455, 37.413301], [-118.529403, 37.41337], [-118.529379, 37.413413], [-118.52935, 37.413475], [-118.529313, 37.413549], [-118.529262, 37.413599], [-118.52922, 37.413638], [-118.529182, 37.413683], [-118.52913, 37.413717], [-118.529079, 37.41374], [-118.529014, 37.413778], [-118.52895, 37.413821], [-118.528896, 37.413866], [-118.528838, 37.413911], [-118.528778, 37.413962], [-118.528732, 37.414008], [-118.528689, 37.414044], [-118.528638, 37.414081], [-118.52862, 37.4141]]}, "props": {"MTFCC": "S1400", "NAME": null}}, {"geom": {"type": "LineString", "coordinates": [[-118.517503, 37.407015], [-118.517457, 37.407015], [-118.517365, 37.406992], [-118.517089, 37.40687], [-118.516988, 37.406849]]}, "props": {"MTFCC": "S1400", "NAME": null}}, {"geom": {"type": "LineString", "coordinates": [[-118.508251, 37.401369], [-118.508359, 37.401359]]}, "props": {"MTFCC": "S1400", "NAME": null}}, {"geom": {"type": "LineString", "coordinates": [[-118.512189, 37.400888], [-118.512322, 37.400881], [-118.512421, 37.400875], [-118.512532, 37.400872], [-118.512644, 37.400869], [-118.512754, 37.400863], [-118.512859, 37.400855], [-118.512916, 37.400843], [-118.512975, 37.400828], [-118.513173, 37.400819], [-118.513281, 37.400801], [-118.513338, 37.400792], [-118.513445, 37.400775], [-118.513545, 37.400749], [-118.513612, 37.400723], [-118.51365, 37.400763], [-118.513685, 37.400806], [-118.513719, 37.40086], [-118.513745, 37.400925], [-118.513761, 37.400999], [-118.513773, 37.401073], [-118.513784, 37.401146], [-118.513795, 37.401218], [-118.513807, 37.401289], [-118.513823, 37.401362], [-118.51385, 37.401436], [-118.513946, 37.401571], [-118.514014, 37.401639], [-118.514088, 37.401708], [-118.514126, 37.401744], [-118.514164, 37.40178], [-118.514279, 37.401891], [-118.514318, 37.401929], [-118.514356, 37.401966], [-118.514393, 37.402004], [-118.514426, 37.402041], [-118.514494, 37.402199], [-118.514499, 37.402246], [-118.514504, 37.402296], [-118.514509, 37.402349], [-118.514515, 37.402404], [-118.514553, 37.402636], [-118.514573, 37.402692], [-118.514596, 37.402744], [-118.514648, 37.402836], [-118.514697, 37.402924], [-118.514717, 37.402967], [-118.514739, 37.403053], [-118.514742, 37.403148], [-118.514739, 37.403182]]}, "props": {"MTFCC": "S1400", "NAME": null}}, {"geom": {"type": "LineString", "coordinates": [[-118.313364, 37.368634], [-118.312872, 37.368469], [-118.312703, 37.368442], [-118.312568, 37.368444], [-118.3124, 37.368472], [-118.312291, 37.368467], [-118.312015, 37.36838], [-118.311901, 37.368365]]}, "props": {"MTFCC": "S1400", "NAME": null}}, {"geom": {"type": "LineString", "coordinates": [[-118.499235, 37.391193], [-118.499286, 37.391267], [-118.499291, 37.391315], [-118.499284, 37.391371], [-118.499272, 37.391433], [-118.499261, 37.391495], [-118.499249, 37.391558], [-118.499224, 37.391653], [-118.499202, 37.391709], [-118.499176, 37.391761], [-118.49915, 37.391803], [-118.499116, 37.391863], [-118.499074, 37.391917], [-118.499012, 37.39196], [-118.498936, 37.391976], [-118.498872, 37.391967], [-118.498818, 37.391924], [-118.498807, 37.391864], [-118.498811, 37.391806], [-118.498821, 37.391753], [-118.498826, 37.391694], [-118.498812, 37.39164], [-118.498801, 37.391576], [-118.498787, 37.391497]]}, "props": {"MTFCC": "S1400", "NAME": null}}, {"geom": {"type": "LineString", "coordinates": [[-118.678219, 37.374604], [-118.679131, 37.374399], [-118.679314, 37.374365]]}, "props": {"MTFCC": "S1400", "NAME": null}}, {"geom": {"type": "LineString", "coordinates": [[-118.720813, 37.369617], [-118.720918, 37.369634], [-118.721096, 37.369686], [-118.721496, 37.369926], [-118.721911, 37.37021], [-118.722031, 37.370274], [-118.722268, 37.370363], [-118.72267, 37.370466], [-118.722886, 37.370506], [-118.723233, 37.370613], [-118.72359, 37.370759], [-118.723744, 37.370835], [-118.724107, 37.37099], [-118.724376, 37.371084], [-118.724574, 37.371147], [-118.724695, 37.371204], [-118.724775, 37.371251], [-118.72485, 37.37131], [-118.724906, 37.37137], [-118.724954, 37.371476], [-118.72496, 37.37157], [-118.72493, 37.37166], [-118.724866, 37.371739], [-118.72467, 37.371907], [-118.724554, 37.371933]]}, "props": {"MTFCC": "S1740", "NAME": null}}, {"geom": {"type": "LineString", "coordinates": [[-118.736112, 37.4491], [-118.737077, 37.449147]]}, "props": {"MTFCC": "S1500", "NAME": null}}, {"geom": {"type": "LineString", "coordinates": [[-118.394178, 37.37139], [-118.394176, 37.371469], [-118.394183, 37.37152], [-118.394194, 37.371565], [-118.394167, 37.371671], [-118.394094, 37.371706], [-118.39401, 37.37172], [-118.393907, 37.371723], [-118.393849, 37.371717], [-118.393788, 37.371715], [-118.393728, 37.371715], [-118.393667, 37.371713], [-118.393605, 37.371711], [-118.393547, 37.371714], [-118.39349, 37.371717], [-118.393428, 37.371721], [-118.393359, 37.371726], [-118.393291, 37.37172], [-118.393235, 37.371696], [-118.393154, 37.371642], [-118.393118, 37.371582], [-118.393109, 37.37152], [-118.393116, 37.371403]]}, "props": {"MTFCC": "S1400", "NAME": null}}, {"geom": {"type": "LineString", "coordinates": [[-117.896853, 37.416851], [-117.896995, 37.416927], [-117.897187, 37.416996], [-117.89724, 37.417024], [-117.897449, 37.417205], [-117.897729, 37.417409], [-117.897935, 37.41751], [-117.898092, 37.417557], [-117.898275, 37.417588], [-117.89852, 37.41759], [-117.898745, 37.417586], [-117.89886, 37.417597], [-117.898973, 37.417627], [-117.89912, 37.417704], [-117.899359, 37.417925], [-117.899434, 37.418028], [-117.899513, 37.418107], [-117.899655, 37.418224], [-117.899743, 37.418309], [-117.899843, 37.418578], [-117.899921, 37.4187], [-117.899955, 37.418721], [-117.900019, 37.418743], [-117.900449, 37.418837], [-117.900604, 37.418856], [-117.900642, 37.418861], [-117.90072, 37.418848], [-117.90082, 37.41881], [-117.901034, 37.418768], [-117.901089, 37.41875], [-117.901145, 37.418711], [-117.901249, 37.418639], [-117.901291, 37.418627], [-117.901519, 37.418648], [-117.901568, 37.418652], [-117.90165, 37.418631], [-117.901714, 37.418586], [-117.901773, 37.418492], [-117.901886, 37.418144], [-117.901977, 37.417953], [-117.902021, 37.417876], [-117.902068, 37.417817], [-117.902192, 37.417722], [-117.903003, 37.417177], [-117.903192, 37.41705], [-117.903252, 37.417026], [-117.903298, 37.417015], [-117.903395, 37.416993], [-117.903509, 37.416946], [-117.903601, 37.416875], [-117.903679, 37.416789], [-117.903797, 37.41664], [-117.903911, 37.416525], [-117.90395, 37.416487], [-117.904125, 37.416335], [-117.904184, 37.416269], [-117.904242, 37.416172], [-117.904344, 37.415638], [-117.904369, 37.415553], [-117.90453, 37.415158], [-117.904612, 37.415048], [-117.904735, 37.414934], [-117.904774, 37.414855], [-117.90478, 37.41477], [-117.904766, 37.414616], [-117.904777, 37.4145], [-117.904791, 37.414452], [-117.904828, 37.41439], [-117.904882, 37.414296], [-117.904943, 37.414208], [-117.905028, 37.414124], [-117.905109, 37.414061], [-117.905301, 37.413974], [-117.90571, 37.413808], [-117.905797, 37.413798], [-117.905838, 37.413793], [-117.905999, 37.4138], [-117.906111, 37.413777], [-117.906209, 37.413727], [-117.906436, 37.413541], [-117.906509, 37.413508], [-117.906572, 37.4135], [-117.906654, 37.413515], [-117.906702, 37.413538], [-117.906735, 37.41361], [-117.906739, 37.413691], [-117.906725, 37.413744], [-117.906644, 37.413904], [-117.906585, 37.414079], [-117.906588, 37.414136], [-117.906614, 37.414339], [-117.906682, 37.414601], [-117.906678, 37.414714], [-117.906638, 37.414881], [-117.906656, 37.415004], [-117.90669, 37.415084], [-117.906809, 37.415241], [-117.907031, 37.415471], [-117.907203, 37.415743], [-117.90737, 37.415922], [-117.907722, 37.416246], [-117.907814, 37.41634], [-117.907909, 37.416416], [-117.908013, 37.416485], [-117.908151, 37.416556], [-117.908295, 37.416644], [-117.908367, 37.416703], [-117.908481, 37.416832], [-117.908625, 37.416936], [-117.90867, 37.41696], [-117.908836, 37.417003], [-117.909074, 37.417136], [-117.909216, 37.417188], [-117.909553, 37.417275], [-117.909917, 37.417405], [-117.910023, 37.417438], [-117.910221, 37.417501], [-117.910313, 37.417548], [-117.910536, 37.417624], [-117.910772, 37.41772], [-117.910876, 37.4178], [-117.910897, 37.417826], [-117.910959, 37.417904], [-117.911, 37.418022], [-117.911035, 37.418234], [-117.911012, 37.41832], [-117.910912, 37.418475], [-117.910862, 37.418531], [-117.910703, 37.418712], [-117.91051, 37.418945], [-117.910471, 37.419008], [-117.91024, 37.419522], [-117.910152, 37.419704], [-117.910114, 37.419881], [-117.9101, 37.420133], [-117.910116, 37.420438], [-117.910158, 37.420788], [-117.910209, 37.420884], [-117.910343, 37.421042], [-117.910398, 37.421156], [-117.910432, 37.42129], [-117.910457, 37.421513], [-117.910525, 37.421625], [-117.910563, 37.421667], [-117.910612, 37.421704], [-117.910698, 37.421753], [-117.910972, 37.42184], [-117.911204, 37.421948], [-117.911283, 37.422002], [-117.911379, 37.422054], [-117.911582, 37.422184], [-117.911641, 37.42223], [-117.911926, 37.422365], [-117.912371, 37.422616], [-117.912538, 37.422692], [-117.912759, 37.422776], [-117.913354, 37.422979], [-117.914157, 37.4233], [-117.914489, 37.423467], [-117.914718, 37.423591], [-117.914797, 37.423614], [-117.914886, 37.423633], [-117.915075, 37.423655], [-117.915238, 37.423705], [-117.915371, 37.423777], [-117.915528, 37.423898], [-117.915645, 37.423943], [-117.915671, 37.42395], [-117.915727, 37.423964], [-117.915974, 37.423984], [-117.916575, 37.423997], [-117.917135, 37.424033], [-117.917295, 37.424071], [-117.918275, 37.42435], [-117.918544, 37.424418], [-117.918691, 37.42444], [-117.918994, 37.42444], [-117.919146, 37.424471], [-117.919549, 37.424645], [-117.91973, 37.42471], [-117.920134, 37.42481], [-117.92028, 37.42483], [-117.920412, 37.424833], [-117.920933, 37.424771], [-117.921288, 37.424766], [-117.921461, 37.424738], [-117.921613, 37.424686], [-117.92199, 37.424523], [-117.922161, 37.424473], [-117.922398, 37.42442], [-117.92309, 37.424347], [-117.923364, 37.424332], [-117.923621, 37.424336], [-117.923734, 37.424345], [-117.924112, 37.424396], [-117.924373, 37.424405], [-117.924685, 37.424436], [-117.925012, 37.424424], [-117.925187, 37.424446], [-117.925365, 37.424483], [-117.925487, 37.424479], [-117.925601, 37.424445], [-117.925719, 37.424379], [-117.925837, 37.424348], [-117.926148, 37.424303], [-117.926374, 37.424242], [-117.927044, 37.423981], [-117.927171, 37.423965], [-117.927292, 37.423932], [-117.927406, 37.423875], [-117.927629, 37.423719], [-117.927936, 37.423477], [-117.928149, 37.423338], [-117.92826, 37.423305], [-117.928379, 37.423301], [-117.928498, 37.423328], [-117.928781, 37.423442], [-117.928868, 37.423465], [-117.9293, 37.423576], [-117.930356, 37.423927], [-117.930583, 37.42399], [-117.930891, 37.424012], [-117.931089, 37.424045], [-117.931312, 37.424107], [-117.931585, 37.424236], [-117.931839, 37.42439], [-117.933269, 37.425497], [-117.933456, 37.425619], [-117.933574, 37.425656], [-117.9337, 37.425662], [-117.933811, 37.42564], [-117.9344, 37.425422], [-117.934564, 37.42538], [-117.934779, 37.425281], [-117.934886, 37.425254], [-117.935055, 37.425248], [-117.935217, 37.425284], [-117.935428, 37.425374], [-117.935535, 37.42546], [-117.935873, 37.425873], [-117.935946, 37.425975], [-117.93609, 37.426218], [-117.93613, 37.426273], [-117.936268, 37.426396], [-117.936414, 37.426503], [-117.93661, 37.426743], [-117.936917, 37.427168], [-117.937144, 37.427516], [-117.93724, 37.427688], [-117.937493, 37.428322], [-117.937682, 37.428809], [-117.937857, 37.429158], [-117.937991, 37.4295], [-117.938321, 37.430224], [-117.938492, 37.430531], [-117.938718, 37.430891]]}, "props": {"MTFCC": "S1400", "NAME": null}}, {"geom": {"type": "LineString", "coordinates": [[-117.918533, 37.454346], [-117.917799, 37.455234], [-117.917681, 37.4554], [-117.917547, 37.455628], [-117.91747, 37.45578], [-117.917311, 37.456188], [-117.917275, 37.456258], [-117.917211, 37.456352], [-117.916198, 37.457396], [-117.91596, 37.457619], [-117.915104, 37.458324], [-117.914741, 37.458578], [-117.91443, 37.458755], [-117.914128, 37.458905], [-117.913623, 37.459104], [-117.912846, 37.459377], [-117.912464, 37.459552], [-117.912059, 37.459789], [-117.911487, 37.460189], [-117.910928, 37.460602], [-117.910782, 37.460692], [-117.910556, 37.460814], [-117.910402, 37.460888], [-117.908484, 37.461608], [-117.907666, 37.461883], [-117.90717, 37.462066], [-117.906594, 37.462304], [-117.906134, 37.462464], [-117.906051, 37.462499], [-117.905891, 37.462538], [-117.905614, 37.462626], [-117.904852, 37.462926], [-117.904405, 37.463145], [-117.904081, 37.463331], [-117.903772, 37.463485], [-117.903241, 37.463742], [-117.902461, 37.464148], [-117.902319, 37.464233], [-117.901874, 37.464446], [-117.901654, 37.464572], [-117.901493, 37.464648], [-117.901277, 37.46473], [-117.901015, 37.464846]]}, "props": {"MTFCC": "S1400", "NAME": null}}, {"geom": {"type": "LineString", "coordinates": [[-117.772152, 37.393203], [-117.772352, 37.393264], [-117.772441, 37.3933], [-117.772695, 37.393404], [-117.772818, 37.393487], [-117.772924, 37.393594], [-117.773337, 37.394235], [-117.77334, 37.394291], [-117.773326, 37.394339], [-117.773288, 37.394408], [-117.77319, 37.394495], [-117.773143, 37.394584], [-117.773141, 37.394612], [-117.773137, 37.394661], [-117.773161, 37.394735], [-117.773213, 37.3948], [-117.773287, 37.394849], [-117.773319, 37.394862], [-117.773336, 37.394877], [-117.77344, 37.394971], [-117.773681, 37.395141], [-117.773756, 37.39515], [-117.773981, 37.395097], [-117.774077, 37.395089], [-117.77422, 37.395108], [-117.774348, 37.395162], [-117.774426, 37.39522], [-117.774537, 37.395281], [-117.77463, 37.39531], [-117.774777, 37.395336], [-117.774908, 37.395328], [-117.775004, 37.39531], [-117.775123, 37.3953], [-117.775291, 37.395299], [-117.775649, 37.395268], [-117.775858, 37.39524], [-117.775939, 37.395221], [-117.776193, 37.395239], [-117.776366, 37.395243], [-117.776653, 37.39522], [-117.776838, 37.395226], [-117.776955, 37.395213], [-117.777282, 37.395105], [-117.777369, 37.395099], [-117.777689, 37.395102], [-117.778084, 37.395133], [-117.77823, 37.395136], [-117.778338, 37.395121], [-117.778739, 37.395139], [-117.778831, 37.39515], [-117.77893, 37.395193], [-117.779024, 37.395245], [-117.779135, 37.395294], [-117.779312, 37.395391], [-117.779408, 37.395426], [-117.779616, 37.395532], [-117.779688, 37.395609], [-117.779724, 37.395661], [-117.779794, 37.395706], [-117.779914, 37.395816], [-117.780075, 37.396003], [-117.780304, 37.396178], [-117.780595, 37.396328], [-117.780688, 37.396382], [-117.780776, 37.396465], [-117.780917, 37.396566], [-117.781023, 37.396628], [-117.781128, 37.396665], [-117.781194, 37.396672], [-117.781424, 37.396743], [-117.781493, 37.396771], [-117.781709, 37.396829], [-117.781772, 37.39686], [-117.78183, 37.396912], [-117.782254, 37.397151], [-117.782464, 37.397224], [-117.782801, 37.397376], [-117.783017, 37.397493], [-117.783122, 37.397576], [-117.783277, 37.397842], [-117.783372, 37.398041], [-117.78341, 37.398229], [-117.783414, 37.398298], [-117.783403, 37.398393], [-117.783335, 37.398532], [-117.783216, 37.398874], [-117.783195, 37.39901], [-117.78321, 37.399134], [-117.783257, 37.399252], [-117.783404, 37.399456], [-117.783502, 37.399592], [-117.783611, 37.399729], [-117.783635, 37.399795], [-117.783648, 37.399874], [-117.783632, 37.400091], [-117.783598, 37.400215], [-117.783551, 37.400302], [-117.783281, 37.400544], [-117.783178, 37.400659], [-117.783087, 37.400793], [-117.783075, 37.400882], [-117.783084, 37.400983], [-117.783125, 37.401077], [-117.783149, 37.401111], [-117.783187, 37.401164], [-117.783295, 37.401276], [-117.783428, 37.401461], [-117.783515, 37.401544], [-117.78357, 37.401596], [-117.783706, 37.401705], [-117.783802, 37.401769], [-117.783872, 37.401838], [-117.783957, 37.40198], [-117.784002, 37.402028], [-117.784025, 37.40204], [-117.784093, 37.402075], [-117.784282, 37.40215], [-117.784387, 37.402212], [-117.784579, 37.402272], [-117.784598, 37.402284], [-117.784633, 37.402312], [-117.784792, 37.402375], [-117.78487, 37.402415], [-117.784945, 37.402443], [-117.785041, 37.40245], [-117.785374, 37.402522], [-117.785485, 37.402557], [-117.785715, 37.402591], [-117.785853, 37.4026], [-117.786033, 37.402656], [-117.786357, 37.402774], [-117.786699, 37.402872], [-117.787046, 37.402911], [-117.787152, 37.402898], [-117.787249, 37.40286], [-117.787326, 37.4028], [-117.78737, 37.402736], [-117.787757, 37.402565], [-117.788, 37.402386], [-117.788053, 37.402336], [-117.788084, 37.402318], [-117.788274, 37.402207], [-117.788378, 37.402176], [-117.788489, 37.402172], [-117.788596, 37.402196], [-117.788688, 37.402245], [-117.78871, 37.402262], [-117.788815, 37.402307], [-117.788896, 37.40233], [-117.78897, 37.402368], [-117.789001, 37.402384], [-117.789127, 37.402429], [-117.78918, 37.40244], [-117.789238, 37.402449], [-117.789484, 37.402536], [-117.790169, 37.402839], [-117.791547, 37.403389], [-117.791649, 37.403422], [-117.791736, 37.403428], [-117.791852, 37.403425], [-117.792022, 37.403401], [-117.792247, 37.403401], [-117.792515, 37.403368], [-117.792703, 37.403312], [-117.792927, 37.40327], [-117.793151, 37.403259], [-117.793602, 37.403263], [-117.793754, 37.403268], [-117.793936, 37.403275], [-117.794132, 37.403282], [-117.794613, 37.40331], [-117.794868, 37.403337], [-117.794914, 37.403345], [-117.795242, 37.4034], [-117.795338, 37.403407], [-117.795729, 37.403402], [-117.795882, 37.403403], [-117.796701, 37.403438], [-117.7968, 37.403437], [-117.797215, 37.403434], [-117.797724, 37.403503], [-117.798246, 37.403606], [-117.798338, 37.403615], [-117.798454, 37.403583], [-117.798481, 37.403576], [-117.798655, 37.403589], [-117.798784, 37.403627], [-117.799017, 37.403726], [-117.799072, 37.403749], [-117.799218, 37.403824], [-117.799262, 37.403844], [-117.799601, 37.403993], [-117.799742, 37.404045], [-117.800054, 37.404109], [-117.80033, 37.404265], [-117.800577, 37.404442], [-117.800647, 37.404518], [-117.800966, 37.404745], [-117.801014, 37.404785], [-117.801174, 37.40492], [-117.801427, 37.405097], [-117.801632, 37.4052], [-117.801749, 37.405283], [-117.801924, 37.405435], [-117.802303, 37.405623], [-117.802749, 37.405863]]}, "props": {"MTFCC": "S1400", "NAME": null}}, {"geom": {"type": "LineString", "coordinates": [[-117.88108, 37.464868], [-117.881187, 37.464876], [-117.882537, 37.464862], [-117.88303, 37.464864], [-117.884324, 37.464852], [-117.884882, 37.464793], [-117.885171, 37.46477], [-117.885282, 37.464744], [-117.885471, 37.464669], [-117.885568, 37.464658], [-117.885665, 37.46467], [-117.885744, 37.464702], [-117.886455, 37.464799], [-117.88704, 37.464841], [-117.888334, 37.46484], [-117.890362, 37.464827], [-117.891226, 37.464834], [-117.891669, 37.464838], [-117.893783, 37.464842], [-117.894899, 37.464833], [-117.895159, 37.464822], [-117.897969, 37.464837], [-117.898709, 37.464851], [-117.901015, 37.464846], [-117.90112, 37.464846], [-117.902872, 37.464846], [-117.902915, 37.464846], [-117.903297, 37.464848], [-117.903846, 37.464824], [-117.903893, 37.464816]]}, "props": {"MTFCC": "S1400", "NAME": null}}, {"geom": {"type": "LineString", "coordinates": [[-118.56277, 37.380244], [-118.562843, 37.380198], [-118.562936, 37.380096], [-118.563, 37.379981], [-118.563105, 37.37971], [-118.563169, 37.379459], [-118.563191, 37.379244], [-118.563191, 37.379152], [-118.563161, 37.378982], [-118.563177, 37.378709], [-118.563152, 37.37852], [-118.563165, 37.37847], [-118.563184, 37.378438], [-118.563221, 37.378414], [-118.563274, 37.378398], [-118.563412, 37.378387], [-118.563679, 37.378328], [-118.564873, 37.378161], [-118.565377, 37.378131], [-118.565509, 37.378055], [-118.565573, 37.378027], [-118.566136, 37.377878], [-118.566477, 37.377822], [-118.566646, 37.377781], [-118.567168, 37.377695], [-118.567517, 37.377613], [-118.567653, 37.377566], [-118.567722, 37.377553], [-118.567956, 37.37755], [-118.567999, 37.377544], [-118.56817, 37.377477], [-118.568229, 37.377461], [-118.568906, 37.377371], [-118.569123, 37.377356], [-118.569396, 37.37737], [-118.569499, 37.37739], [-118.569779, 37.377394], [-118.57007, 37.377377], [-118.57029, 37.377381], [-118.57041, 37.377368], [-118.57044, 37.377354], [-118.570552, 37.377335], [-118.57061, 37.377335], [-118.57067, 37.377351], [-118.570769, 37.377396], [-118.570822, 37.377412], [-118.570988, 37.377357], [-118.571285, 37.37729], [-118.571445, 37.37729], [-118.571709, 37.377334], [-118.571836, 37.377337], [-118.571929, 37.377324], [-118.57226, 37.377238], [-118.572317, 37.37724], [-118.572521, 37.377303], [-118.572598, 37.377307], [-118.572801, 37.377287], [-118.572996, 37.377247], [-118.573072, 37.37724], [-118.57319, 37.37725], [-118.573476, 37.377313], [-118.573579, 37.377327], [-118.573947, 37.37734], [-118.574107, 37.377313], [-118.574296, 37.377345], [-118.574454, 37.377348], [-118.574511, 37.377338], [-118.574576, 37.37735], [-118.574865, 37.377365], [-118.575375, 37.377358], [-118.575903, 37.377379], [-118.576068, 37.377377], [-118.576186, 37.3774], [-118.576347, 37.377445], [-118.576752, 37.377504], [-118.576885, 37.377527], [-118.57696, 37.377531], [-118.577045, 37.377512], [-118.577142, 37.377448], [-118.577589, 37.37733], [-118.57798, 37.377255], [-118.578012, 37.377252], [-118.578184, 37.377244], [-118.578792, 37.377256], [-118.578847, 37.377252], [-118.578956, 37.37721], [-118.579039, 37.377201], [-118.579219, 37.377209], [-118.579339, 37.37719], [-118.579499, 37.377195], [-118.579598, 37.377222], [-118.579801, 37.377321], [-118.579924, 37.377357], [-118.580065, 37.377361], [-118.580493, 37.377342], [-118.584498, 37.377482], [-118.585526, 37.377518], [-118.588796, 37.377632], [-118.591787, 37.377737], [-118.592139, 37.377942], [-118.595877, 37.380958], [-118.597844, 37.383029], [-118.598212, 37.383311], [-118.602273, 37.386665], [-118.60657, 37.390191], [-118.607073, 37.390522]]}, "props": {"MTFCC": "S1500", "NAME": null}}, {"geom": {"type": "LineString", "coordinates": [[-118.186495, 37.440176], [-118.186417, 37.440184], [-118.186334, 37.440206], [-118.185963, 37.440342], [-118.185692, 37.440446], [-118.185513, 37.44054], [-118.185406, 37.440558], [-118.185211, 37.440525], [-118.185143, 37.440529], [-118.185068, 37.440552], [-118.184988, 37.440608], [-118.184944, 37.440686], [-118.18494, 37.440851], [-118.184969, 37.440986], [-118.185034, 37.441191], [-118.18508, 37.441368], [-118.185102, 37.441702], [-118.185097, 37.441779], [-118.185064, 37.441825], [-118.185003, 37.441846], [-118.184939, 37.441835], [-118.18483, 37.44175], [-118.184702, 37.441675], [-118.184255, 37.441497], [-118.183986, 37.44133], [-118.183852, 37.441226], [-118.183716, 37.441057], [-118.183655, 37.440997], [-118.183603, 37.440971], [-118.183536, 37.440968], [-118.183477, 37.440992], [-118.18344, 37.441036], [-118.183431, 37.441108], [-118.183452, 37.44119], [-118.183596, 37.441362], [-118.183675, 37.441489], [-118.183717, 37.441642], [-118.183895, 37.442061], [-118.184068, 37.442507], [-118.184096, 37.442901], [-118.184158, 37.443221], [-118.184263, 37.443565], [-118.184284, 37.443663], [-118.18428, 37.443787], [-118.184301, 37.443891], [-118.184337, 37.444034], [-118.184325, 37.444082], [-118.184273, 37.444115], [-118.184215, 37.444115], [-118.184087, 37.444036], [-118.183999, 37.443949], [-118.183897, 37.443812], [-118.183818, 37.443601], [-118.18378, 37.443548], [-118.183509, 37.443332], [-118.183385, 37.443257], [-118.183104, 37.443148], [-118.182979, 37.443078], [-118.182858, 37.442962], [-118.182725, 37.442765], [-118.18254, 37.442545], [-118.18248, 37.44249], [-118.182298, 37.442402], [-118.18215, 37.442252], [-118.182076, 37.442192], [-118.181935, 37.442108], [-118.181643, 37.441986], [-118.181325, 37.44183], [-118.181201, 37.441757], [-118.180827, 37.441606], [-118.180684, 37.44157], [-118.180214, 37.441508], [-118.17997, 37.441494], [-118.179947, 37.441493], [-118.17984, 37.441499], [-118.179646, 37.441538], [-118.179431, 37.441587], [-118.179343, 37.441588], [-118.17911, 37.441557], [-118.178903, 37.441537], [-118.178686, 37.441532], [-118.178546, 37.441522], [-118.178177, 37.441465], [-118.1778, 37.441449], [-118.177498, 37.441464], [-118.177319, 37.441454], [-118.177021, 37.441383], [-118.176895, 37.441369], [-118.176797, 37.44135], [-118.176674, 37.441306], [-118.176436, 37.441163], [-118.176335, 37.441119], [-118.176238, 37.441106], [-118.176108, 37.441126], [-118.176026, 37.44117], [-118.175849, 37.441341], [-118.175776, 37.441388], [-118.175588, 37.441445], [-118.175397, 37.441459], [-118.175211, 37.441428], [-118.175117, 37.44143], [-118.174876, 37.44144], [-118.174629, 37.441473], [-118.174436, 37.441516], [-118.174227, 37.441583], [-118.174098, 37.441617], [-118.174016, 37.441618], [-118.173821, 37.441585], [-118.173739, 37.441591], [-118.17363, 37.441619], [-118.17329, 37.441692], [-118.172719, 37.441778], [-118.172525, 37.441795], [-118.171702, 37.441934], [-118.171483, 37.442004], [-118.171332, 37.442028], [-118.171125, 37.442028], [-118.170926, 37.441985], [-118.170753, 37.441964], [-118.170514, 37.441961], [-118.170409, 37.441974], [-118.17036, 37.441984], [-118.170284, 37.441987], [-118.170101, 37.441941], [-118.169927, 37.441905], [-118.169287, 37.441827], [-118.168974, 37.441803], [-118.16871, 37.441796], [-118.168559, 37.441779], [-118.168183, 37.441705], [-118.168024, 37.4417], [-118.167942, 37.441721], [-118.167593, 37.441876], [-118.167388, 37.441952], [-118.167138, 37.442029], [-118.166925, 37.442073], [-118.166764, 37.442077], [-118.16657, 37.442046], [-118.166291, 37.441962], [-118.166112, 37.441924], [-118.165788, 37.441947], [-118.165372, 37.441942], [-118.165195, 37.44192], [-118.165044, 37.441875], [-118.164801, 37.441775], [-118.164475, 37.441587], [-118.164396, 37.44156], [-118.164233, 37.441559], [-118.16413, 37.441538], [-118.163974, 37.441475], [-118.16387, 37.441387], [-118.163764, 37.441236], [-118.163673, 37.441171], [-118.163257, 37.440972], [-118.163014, 37.440799], [-118.162658, 37.440591], [-118.162592, 37.44054], [-118.162424, 37.44034], [-118.162281, 37.440227], [-118.162117, 37.440185], [-118.161934, 37.440131], [-118.16158, 37.439966], [-118.161194, 37.439748], [-118.161143, 37.439706], [-118.16101, 37.439569], [-118.160938, 37.439519], [-118.160863, 37.439484], [-118.160727, 37.439448], [-118.160623, 37.43939], [-118.16046, 37.439242], [-118.160302, 37.439155], [-118.160109, 37.439001], [-118.160079, 37.438944], [-118.160018, 37.438896], [-118.159823, 37.438832], [-118.159508, 37.438619], [-118.159338, 37.438553], [-118.159156, 37.438535], [-118.158827, 37.438449], [-118.158711, 37.438434], [-118.158014, 37.438456], [-118.157757, 37.43845], [-118.157578, 37.43843], [-118.157321, 37.438358], [-118.15714, 37.43835], [-118.157012, 37.438367], [-118.15694, 37.438393], [-118.156853, 37.438412], [-118.156581, 37.438437], [-118.155919, 37.438436], [-118.155501, 37.438382], [-118.155264, 37.438372], [-118.154923, 37.438331], [-118.154756, 37.438288], [-118.154579, 37.438226], [-118.154392, 37.438139], [-118.154268, 37.438088], [-118.153896, 37.438035], [-118.153549, 37.437992], [-118.153315, 37.43799], [-118.153194, 37.438004], [-118.152871, 37.438053], [-118.15277, 37.438057], [-118.152673, 37.438036], [-118.152396, 37.437903], [-118.152317, 37.437868], [-118.15228, 37.437846], [-118.152135, 37.437759], [-118.15191, 37.437523], [-118.151798, 37.437442], [-118.151666, 37.437387], [-118.151564, 37.437357], [-118.151203, 37.437288], [-118.151027, 37.437244], [-118.150898, 37.437187], [-118.150707, 37.437057], [-118.150648, 37.437027], [-118.150573, 37.43699], [-118.150473, 37.436973], [-118.150408, 37.436978], [-118.150358, 37.436993], [-118.150295, 37.437023], [-118.150273, 37.437034], [-118.150083, 37.437138], [-118.150016, 37.437158], [-118.149934, 37.437165], [-118.149813, 37.437149], [-118.149369, 37.43697], [-118.149227, 37.436939], [-118.149129, 37.436939], [-118.148654, 37.437041], [-118.148545, 37.437057], [-118.148403, 37.437057], [-118.148265, 37.437033], [-118.148008, 37.43694], [-118.147899, 37.436915], [-118.147797, 37.436919], [-118.147478, 37.437012], [-118.147393, 37.437029], [-118.147245, 37.437032], [-118.14695, 37.436979], [-118.146841, 37.436972], [-118.146654, 37.436985], [-118.146464, 37.437043], [-118.146205, 37.437061], [-118.146, 37.437121], [-118.145765, 37.437212], [-118.145472, 37.43722], [-118.14492, 37.437263], [-118.144705, 37.43727], [-118.144383, 37.437231], [-118.14404, 37.437207], [-118.143903, 37.43718], [-118.143786, 37.437135], [-118.143501, 37.436947], [-118.143334, 37.43686], [-118.143122, 37.436781], [-118.142949, 37.436748], [-118.142777, 37.436743], [-118.142652, 37.43674], [-118.142467, 37.436717], [-118.142305, 37.436669], [-118.14222, 37.436657], [-118.142025, 37.436659], [-118.141419, 37.436731], [-118.141098, 37.436739], [-118.140919, 37.43676], [-118.140399, 37.436933], [-118.140081, 37.437053], [-118.139964, 37.437073], [-118.139824, 37.43707], [-118.139597, 37.437018], [-118.139439, 37.436986], [-118.139236, 37.436971], [-118.138869, 37.436977], [-118.138482, 37.436962], [-118.138254, 37.436914], [-118.137764, 37.43674], [-118.137314, 37.436532], [-118.137198, 37.436497], [-118.136973, 37.436482], [-118.136865, 37.436461], [-118.136725, 37.436472], [-118.136635, 37.436453], [-118.136323, 37.436367], [-118.136075, 37.436328], [-118.135707, 37.4362], [-118.135576, 37.436172], [-118.135379, 37.436161], [-118.135278, 37.436135], [-118.13518, 37.436066], [-118.135128, 37.436029], [-118.134788, 37.435794], [-118.134658, 37.435683], [-118.134601, 37.435608], [-118.134552, 37.435496], [-118.134526, 37.435355], [-118.13447, 37.435174], [-118.134416, 37.435095], [-118.13436, 37.435058], [-118.134153, 37.434904], [-118.13388, 37.434809], [-118.133731, 37.434744], [-118.133572, 37.434644], [-118.133378, 37.43458], [-118.133094, 37.434473], [-118.132987, 37.434459], [-118.132549, 37.434501], [-118.132297, 37.434527], [-118.131642, 37.434538], [-118.131519, 37.43454], [-118.1313, 37.434516], [-118.131198, 37.434529], [-118.131056, 37.434581], [-118.130848, 37.434647], [-118.130717, 37.434669], [-118.130585, 37.434668], [-118.130385, 37.434636], [-118.130209, 37.434573], [-118.130093, 37.43455], [-118.129954, 37.434529], [-118.129838, 37.434488], [-118.129442, 37.43428], [-118.129365, 37.434247], [-118.129011, 37.43416], [-118.12848, 37.434004], [-118.128423, 37.433995], [-118.128325, 37.433998], [-118.128139, 37.434051], [-118.12807, 37.434053], [-118.127986, 37.434031], [-118.127879, 37.433952], [-118.127775, 37.433785], [-118.127751, 37.433746], [-118.127657, 37.433646], [-118.127614, 37.433605], [-118.127551, 37.433564], [-118.127332, 37.43344], [-118.127208, 37.433401], [-118.127075, 37.433395], [-118.126908, 37.433422], [-118.12622, 37.433584], [-118.126196, 37.433589], [-118.126031, 37.433617], [-118.125719, 37.433636], [-118.125431, 37.433686], [-118.125048, 37.433778], [-118.124661, 37.433796], [-118.124337, 37.433771], [-118.124171, 37.433744], [-118.123766, 37.433681], [-118.12365, 37.433677], [-118.123525, 37.433694], [-118.123278, 37.433771], [-118.123037, 37.433854], [-118.122932, 37.433866], [-118.122645, 37.433844], [-118.122163, 37.433784], [-118.122055, 37.433739], [-118.121818, 37.433558], [-118.121542, 37.433395], [-118.120986, 37.433134], [-118.120824, 37.433069], [-118.120702, 37.433049], [-118.120591, 37.432955], [-118.120484, 37.432857], [-118.120443, 37.432839], [-118.120223, 37.432809], [-118.120087, 37.432775], [-118.119894, 37.432709], [-118.119475, 37.432616], [-118.119292, 37.432552], [-118.119116, 37.432445], [-118.11905, 37.432404], [-118.118785, 37.4322], [-118.118475, 37.432027], [-118.118361, 37.431978], [-118.118181, 37.431947], [-118.117892, 37.43191], [-118.117772, 37.431868], [-118.11762, 37.431721], [-118.117448, 37.431587], [-118.117274, 37.431479], [-118.11716, 37.431427], [-118.11705, 37.431403], [-118.116855, 37.431387], [-118.116675, 37.431381], [-118.116512, 37.431391], [-118.116302, 37.43142], [-118.115887, 37.431411], [-118.115756, 37.431384], [-118.115554, 37.431331], [-118.115265, 37.431328], [-118.115139, 37.431302], [-118.115042, 37.431275], [-118.114375, 37.431051], [-118.114183, 37.43101], [-118.114054, 37.431004], [-118.11384, 37.431011], [-118.113777, 37.431002], [-118.113468, 37.430927], [-118.11341, 37.430926], [-118.113342, 37.430925], [-118.11322, 37.430949], [-118.113142, 37.43098], [-118.113108, 37.431005], [-118.113058, 37.431063], [-118.112341, 37.432167], [-118.112232, 37.432349], [-118.112207, 37.432553], [-118.112226, 37.43265], [-118.112233, 37.432672], [-118.112256, 37.432697], [-118.112344, 37.432758], [-118.112374, 37.432823], [-118.11236, 37.432891], [-118.112202, 37.433099], [-118.112088, 37.433352], [-118.111914, 37.433659], [-118.111834, 37.433818], [-118.111685, 37.433957], [-118.111304, 37.434436], [-118.111238, 37.434499], [-118.111143, 37.434547], [-118.111039, 37.434581], [-118.111009, 37.434591], [-118.110974, 37.434617], [-118.110886, 37.434726], [-118.11081, 37.434802], [-118.110728, 37.434867], [-118.110644, 37.434917], [-118.110401, 37.435084], [-118.110092, 37.43523], [-118.109955, 37.435332], [-118.109869, 37.435415], [-118.109773, 37.435526], [-118.109507, 37.435926], [-118.109283, 37.436383], [-118.109223, 37.436474], [-118.109166, 37.436562], [-118.109097, 37.436753], [-118.109046, 37.436822], [-118.10894, 37.436906], [-118.108841, 37.436949], [-118.108782, 37.436959], [-118.108607, 37.43696], [-118.108474, 37.43698], [-118.108339, 37.437029], [-118.108312, 37.43705], [-118.108143, 37.437184], [-118.108048, 37.437229], [-118.10794, 37.437254], [-118.107844, 37.437257], [-118.107707, 37.437239], [-118.107415, 37.43713], [-118.107325, 37.437068], [-118.107185, 37.436921], [-118.107093, 37.436835], [-118.107073, 37.436816], [-118.106974, 37.436765], [-118.106868, 37.436747], [-118.106702, 37.436745], [-118.106513, 37.436729], [-118.106246, 37.436697], [-118.106022, 37.436699], [-118.105883, 37.4367], [-118.105799, 37.436682], [-118.105724, 37.436638], [-118.105695, 37.436614], [-118.105532, 37.436407], [-118.105457, 37.43634], [-118.105366, 37.436286], [-118.105196, 37.436228], [-118.105004, 37.43618], [-118.104745, 37.436144], [-118.104405, 37.436111], [-118.103895, 37.436128], [-118.103827, 37.436122], [-118.103726, 37.436101], [-118.103635, 37.436064], [-118.103565, 37.436016], [-118.103487, 37.435933], [-118.103339, 37.435711], [-118.103215, 37.435453], [-118.102946, 37.435042], [-118.102766, 37.434666], [-118.10264, 37.434466], [-118.102553, 37.434399], [-118.102282, 37.434283], [-118.102168, 37.434188], [-118.102121, 37.434121], [-118.10206, 37.433933], [-118.102027, 37.433861], [-118.101966, 37.433783], [-118.101804, 37.433647], [-118.101726, 37.433537], [-118.101687, 37.433445], [-118.101642, 37.433198], [-118.101614, 37.433001], [-118.101624, 37.432569], [-118.101592, 37.432433], [-118.101407, 37.432262], [-118.101139, 37.432034], [-118.101115, 37.432009], [-118.100874, 37.431875], [-118.100785, 37.431807], [-118.100738, 37.431693], [-118.100682, 37.431615], [-118.100618, 37.431591], [-118.100261, 37.431343], [-118.100147, 37.431286], [-118.10001, 37.431241], [-118.099937, 37.431226], [-118.099771, 37.431191], [-118.099702, 37.43115], [-118.09957, 37.431027], [-118.099471, 37.430979], [-118.099318, 37.430952], [-118.099236, 37.430955], [-118.099093, 37.430986], [-118.099008, 37.431009], [-118.098779, 37.431031], [-118.098591, 37.431071], [-118.098461, 37.43112], [-118.098263, 37.431259], [-118.098118, 37.431331], [-118.097861, 37.431417], [-118.097578, 37.431478], [-118.097445, 37.431493], [-118.097087, 37.431518], [-118.096495, 37.431628], [-118.096339, 37.431635], [-118.095966, 37.431619], [-118.09581, 37.431637], [-118.095637, 37.431683], [-118.095355, 37.431783], [-118.094948, 37.431831], [-118.094682, 37.431854], [-118.094577, 37.431873], [-118.09443, 37.431925], [-118.094333, 37.431962], [-118.094164, 37.431974], [-118.094091, 37.431963], [-118.093973, 37.431918], [-118.093819, 37.431901], [-118.093449, 37.431896], [-118.093313, 37.43187], [-118.093181, 37.431834], [-118.093113, 37.431826], [-118.092997, 37.431849], [-118.092805, 37.431915], [-118.092497, 37.432086], [-118.092359, 37.432111], [-118.092228, 37.432122], [-118.092143, 37.432155], [-118.091892, 37.432342], [-118.09181, 37.432435], [-118.091781, 37.432517], [-118.091736, 37.432781], [-118.091716, 37.432914], [-118.091682, 37.432996], [-118.091508, 37.433264], [-118.090819, 37.434043], [-118.090652, 37.434147], [-118.090262, 37.43433], [-118.090134, 37.434381], [-118.089846, 37.43448], [-118.08966, 37.434552], [-118.089543, 37.434597], [-118.089316, 37.434665], [-118.089182, 37.43467], [-118.089053, 37.434642], [-118.088741, 37.434504], [-118.088425, 37.43435], [-118.088068, 37.434221], [-118.087733, 37.434063], [-118.087596, 37.433967], [-118.087519, 37.433884], [-118.087391, 37.433731], [-118.087222, 37.433609], [-118.087093, 37.43354], [-118.086932, 37.433477], [-118.086836, 37.43346], [-118.086604, 37.433459], [-118.086405, 37.433449], [-118.086295, 37.433415], [-118.08611, 37.433304], [-118.08598, 37.433193], [-118.085927, 37.433125], [-118.085748, 37.432851], [-118.085698, 37.432815], [-118.085634, 37.432798], [-118.085477, 37.432812], [-118.085277, 37.432854], [-118.08475, 37.433019], [-118.084643, 37.433027], [-118.084565, 37.43301], [-118.084402, 37.432932], [-118.08423, 37.432875], [-118.084131, 37.432818], [-118.08406, 37.4328], [-118.083979, 37.432807], [-118.083908, 37.432839], [-118.083856, 37.432898], [-118.083834, 37.432973], [-118.083854, 37.433109], [-118.083848, 37.433229], [-118.083834, 37.43326], [-118.08376, 37.433355], [-118.083679, 37.43358], [-118.083627, 37.433651], [-118.083517, 37.433737], [-118.083427, 37.433778], [-118.083329, 37.433803], [-118.083196, 37.43381], [-118.083068, 37.433797], [-118.082833, 37.433703], [-118.082481, 37.43358], [-118.082347, 37.433517], [-118.082279, 37.433465], [-118.08214, 37.433309], [-118.082048, 37.433232], [-118.081969, 37.433148], [-118.081857, 37.432997], [-118.081845, 37.432981], [-118.081764, 37.43279], [-118.081682, 37.432689], [-118.081521, 37.432548], [-118.081401, 37.432487], [-118.081299, 37.43246], [-118.081192, 37.432451], [-118.080652, 37.432499], [-118.08057, 37.432494], [-118.080484, 37.432467], [-118.080354, 37.432381], [-118.0803, 37.43233], [-118.080022, 37.431986], [-118.079978, 37.4319], [-118.079967, 37.43181], [-118.079984, 37.431691], [-118.08005, 37.431542], [-118.080116, 37.431457], [-118.080203, 37.431392], [-118.080288, 37.431329], [-118.080368, 37.43129], [-118.080469, 37.431269], [-118.080859, 37.431275], [-118.080912, 37.431267], [-118.080992, 37.43123], [-118.081041, 37.431181], [-118.081052, 37.431139], [-118.081054, 37.431102], [-118.081005, 37.431014], [-118.080929, 37.430943], [-118.080743, 37.43077], [-118.08064, 37.43063], [-118.080573, 37.430507], [-118.080506, 37.430317], [-118.080454, 37.430192], [-118.08039, 37.430104], [-118.080247, 37.429981], [-118.080141, 37.429928], [-118.080081, 37.429907], [-118.079979, 37.429894], [-118.079878, 37.429906], [-118.079547, 37.430034], [-118.079276, 37.43012], [-118.078979, 37.430231], [-118.078527, 37.430444], [-118.078441, 37.430462], [-118.078351, 37.430458], [-118.078181, 37.430412], [-118.078065, 37.430395], [-118.077987, 37.430394], [-118.077866, 37.430401], [-118.077726, 37.430442], [-118.077598, 37.430472], [-118.077525, 37.430466], [-118.077425, 37.430434], [-118.07733, 37.430379], [-118.077257, 37.430336], [-118.077068, 37.430185], [-118.077012, 37.430157], [-118.076722, 37.430132], [-118.07634, 37.430123], [-118.076087, 37.430148], [-118.076001, 37.430172], [-118.075849, 37.43026], [-118.075814, 37.430266], [-118.075644, 37.430255], [-118.075542, 37.430272], [-118.075419, 37.430341], [-118.075317, 37.430369], [-118.075143, 37.430362], [-118.074829, 37.430357], [-118.074656, 37.430337], [-118.074535, 37.430318], [-118.074386, 37.430275], [-118.074252, 37.430206], [-118.073989, 37.430034], [-118.073893, 37.430004], [-118.073638, 37.42999], [-118.07359, 37.429987], [-118.073511, 37.42998], [-118.073453, 37.429966], [-118.072797, 37.429682], [-118.07267, 37.429647], [-118.072542, 37.429636], [-118.072384, 37.429654], [-118.072047, 37.429742], [-118.071761, 37.429781], [-118.071447, 37.429804], [-118.071356, 37.429795], [-118.071235, 37.429754], [-118.071111, 37.429719], [-118.07071, 37.429705], [-118.070179, 37.42966], [-118.069833, 37.429584], [-118.069709, 37.429555], [-118.069601, 37.42956], [-118.069549, 37.429583], [-118.069533, 37.429597], [-118.069415, 37.429734], [-118.069328, 37.429787], [-118.069117, 37.429849], [-118.068936, 37.429922], [-118.068565, 37.430144], [-118.068396, 37.430167], [-118.06818, 37.430175], [-118.068024, 37.430155], [-118.067703, 37.430049], [-118.06756, 37.429979], [-118.067551, 37.429855], [-118.067543, 37.429732], [-118.067561, 37.429602], [-118.067649, 37.429466], [-118.067653, 37.429431], [-118.067638, 37.429353], [-118.067635, 37.42916], [-118.067646, 37.428987], [-118.067662, 37.428929], [-118.067674, 37.428888], [-118.067753, 37.428776], [-118.067762, 37.428748], [-118.067761, 37.428698], [-118.067713, 37.428559], [-118.067679, 37.428473], [-118.067671, 37.428454], [-118.067575, 37.428302], [-118.067495, 37.428225], [-118.067303, 37.427994], [-118.067277, 37.427907], [-118.067269, 37.427725], [-118.067237, 37.427658], [-118.067217, 37.427595], [-118.067231, 37.427415], [-118.067232, 37.427304], [-118.067187, 37.427224], [-118.067117, 37.427155], [-118.066987, 37.427061], [-118.06668, 37.426911], [-118.066623, 37.426869], [-118.066603, 37.426829], [-118.066569, 37.426547], [-118.066587, 37.426492], [-118.06664, 37.426416], [-118.066726, 37.42627], [-118.066832, 37.426036], [-118.066887, 37.425957], [-118.067009, 37.425862], [-118.067141, 37.425731], [-118.06726, 37.425596], [-118.067368, 37.425439], [-118.067396, 37.425359], [-118.067391, 37.425276], [-118.067308, 37.42511], [-118.067297, 37.425092], [-118.067239, 37.425007], [-118.067217, 37.424986], [-118.067159, 37.424928], [-118.067102, 37.424888], [-118.066983, 37.424839], [-118.06685, 37.424821], [-118.06616, 37.424886], [-118.066029, 37.424885], [-118.065901, 37.424863], [-118.065573, 37.424749], [-118.065406, 37.424706], [-118.064887, 37.424722], [-118.063849, 37.424827], [-118.063752, 37.424811], [-118.063562, 37.42471], [-118.063502, 37.4247], [-118.063132, 37.424714], [-118.063058, 37.424694], [-118.062752, 37.424468], [-118.062387, 37.424213], [-118.062226, 37.424093], [-118.062023, 37.423909], [-118.061799, 37.423673], [-118.06177, 37.423608], [-118.061757, 37.423434], [-118.061737, 37.423369], [-118.061576, 37.423127], [-118.061563, 37.423082], [-118.061553, 37.423002], [-118.061567, 37.42291], [-118.061627, 37.422792], [-118.061714, 37.422575], [-118.061701, 37.422534], [-118.061656, 37.422511], [-118.061478, 37.422533], [-118.061037, 37.422526], [-118.060908, 37.422512], [-118.06086, 37.422495], [-118.060813, 37.422463], [-118.060755, 37.422355], [-118.0607, 37.422295], [-118.060662, 37.422254], [-118.060618, 37.422229], [-118.060509, 37.422194], [-118.060355, 37.422172], [-118.060172, 37.422171], [-118.059858, 37.4222], [-118.059802, 37.422205], [-118.059439, 37.422108], [-118.059335, 37.422066], [-118.059265, 37.421967], [-118.059195, 37.421793], [-118.059118, 37.421711], [-118.058938, 37.421617], [-118.058815, 37.421581], [-118.058698, 37.421564], [-118.058532, 37.421573], [-118.058366, 37.421608], [-118.058312, 37.42162], [-118.058199, 37.421634], [-118.057954, 37.421584], [-118.057881, 37.421549], [-118.057741, 37.42143], [-118.057516, 37.421292], [-118.057308, 37.421216], [-118.05708, 37.421057], [-118.05705, 37.421036], [-118.056978, 37.421019], [-118.056898, 37.421], [-118.056756, 37.421007], [-118.056662, 37.420992], [-118.05651, 37.420899], [-118.056434, 37.420872], [-118.056368, 37.420875], [-118.056299, 37.420905], [-118.0562, 37.420994], [-118.056106, 37.42105], [-118.056017, 37.42108], [-118.055919, 37.421087], [-118.055848, 37.421074], [-118.055715, 37.421017], [-118.055677, 37.420985], [-118.055625, 37.420922], [-118.055616, 37.420904], [-118.055611, 37.420878], [-118.055593, 37.420767], [-118.055584, 37.420712], [-118.055594, 37.420596], [-118.055639, 37.420474], [-118.055624, 37.420195], [-118.055646, 37.419971], [-118.055632, 37.419836], [-118.055545, 37.419626], [-118.055388, 37.419339], [-118.055094, 37.418704], [-118.054873, 37.418206], [-118.054769, 37.418057], [-118.054669, 37.417983], [-118.0545, 37.417906], [-118.054239, 37.417827], [-118.054078, 37.417814], [-118.054014, 37.417824], [-118.05395, 37.417865], [-118.053892, 37.417971], [-118.053808, 37.418083], [-118.053738, 37.418119], [-118.053655, 37.418122], [-118.05354, 37.418077], [-118.053484, 37.41804], [-118.053448, 37.418], [-118.053373, 37.417842], [-118.053344, 37.417733], [-118.053298, 37.417483], [-118.053252, 37.417314], [-118.053188, 37.417205], [-118.053121, 37.417111], [-118.053034, 37.417033], [-118.052928, 37.416971], [-118.05274, 37.416905], [-118.0526, 37.416883], [-118.052351, 37.416904], [-118.05226, 37.416885], [-118.052143, 37.416833], [-118.052083, 37.416816], [-118.051916, 37.416797], [-118.051746, 37.416814], [-118.051662, 37.416842], [-118.051515, 37.416884], [-118.051102, 37.416921], [-118.050174, 37.416931], [-118.049718, 37.416917], [-118.049447, 37.416852], [-118.049268, 37.416836], [-118.048906, 37.416839], [-118.048715, 37.416866], [-118.04835, 37.416961], [-118.047757, 37.416994], [-118.047638, 37.416987], [-118.047522, 37.416937], [-118.047386, 37.41689], [-118.047258, 37.416891], [-118.046824, 37.416873], [-118.046255, 37.4169], [-118.045852, 37.41693], [-118.045623, 37.416938], [-118.045518, 37.416915], [-118.045275, 37.416799], [-118.045182, 37.416791], [-118.044936, 37.416828], [-118.044633, 37.416911], [-118.044551, 37.416922], [-118.044336, 37.416927], [-118.044138, 37.416917], [-118.043952, 37.416888], [-118.043741, 37.41686], [-118.043443, 37.416863], [-118.043282, 37.416841], [-118.04313, 37.416797], [-118.042979, 37.416657], [-118.042725, 37.416352], [-118.042642, 37.416292], [-118.042591, 37.416274], [-118.042363, 37.416251], [-118.042225, 37.416246], [-118.04206, 37.416228], [-118.041796, 37.416174], [-118.041636, 37.416127], [-118.041577, 37.416074], [-118.041551, 37.416007], [-118.041568, 37.415904], [-118.041591, 37.415835], [-118.041828, 37.415404], [-118.041862, 37.415247], [-118.041865, 37.415187], [-118.041819, 37.414974], [-118.041762, 37.414852], [-118.041757, 37.414766], [-118.041786, 37.414683], [-118.041846, 37.414611], [-118.04196, 37.414552], [-118.042151, 37.414491], [-118.042201, 37.414447], [-118.042225, 37.414391], [-118.042211, 37.414319], [-118.042168, 37.414271], [-118.042104, 37.414241], [-118.042069, 37.414235], [-118.041944, 37.414236], [-118.041712, 37.414263], [-118.041513, 37.414311], [-118.041208, 37.414402], [-118.041035, 37.414435], [-118.040783, 37.414495], [-118.040708, 37.414492], [-118.040617, 37.414459], [-118.04059, 37.41444], [-118.040493, 37.414281], [-118.040481, 37.414216], [-118.040518, 37.413783], [-118.040513, 37.413593], [-118.040505, 37.41355], [-118.040448, 37.413447], [-118.040345, 37.41336], [-118.040143, 37.413208], [-118.040066, 37.41309], [-118.039846, 37.412553], [-118.039786, 37.412478], [-118.039699, 37.412421], [-118.039595, 37.412389], [-118.039505, 37.412382], [-118.03925, 37.412431], [-118.039157, 37.412455], [-118.039084, 37.412449], [-118.03902, 37.412419], [-118.038977, 37.412371], [-118.038963, 37.412299], [-118.038988, 37.411978], [-118.038976, 37.411884], [-118.038929, 37.411775], [-118.038837, 37.411625], [-118.038673, 37.411442], [-118.038534, 37.411321], [-118.03828, 37.411157], [-118.038053, 37.411026], [-118.037775, 37.410822], [-118.037554, 37.41072], [-118.037396, 37.410668], [-118.036705, 37.410393], [-118.036555, 37.410359], [-118.036402, 37.410348], [-118.036261, 37.410359], [-118.035863, 37.41042], [-118.035541, 37.410461], [-118.035447, 37.41049], [-118.035358, 37.410547], [-118.035226, 37.410661], [-118.035039, 37.410781], [-118.034979, 37.410812], [-118.03476, 37.410892], [-118.034455, 37.41097], [-118.03433, 37.411018], [-118.034271, 37.411056], [-118.034188, 37.411125], [-118.034106, 37.411158], [-118.034015, 37.411169], [-118.033962, 37.411165], [-118.033317, 37.411033], [-118.032958, 37.410967], [-118.032618, 37.410928], [-118.032516, 37.410945], [-118.032286, 37.411005], [-118.032209, 37.410998], [-118.032142, 37.410967], [-118.032064, 37.410876], [-118.031826, 37.410465], [-118.03177, 37.41034], [-118.031726, 37.410287], [-118.031678, 37.41025], [-118.031218, 37.410046], [-118.031117, 37.410025], [-118.031001, 37.41003], [-118.030945, 37.410038], [-118.030807, 37.410089], [-118.030757, 37.410122], [-118.03069, 37.410188], [-118.030514, 37.410293], [-118.030408, 37.410348], [-118.030019, 37.410551], [-118.029698, 37.410758], [-118.0296, 37.410787], [-118.029496, 37.410791], [-118.029411, 37.410774], [-118.029281, 37.410735], [-118.029092, 37.410659], [-118.028961, 37.410639], [-118.028825, 37.410648], [-118.028711, 37.410664], [-118.028566, 37.4107], [-118.027837, 37.410934], [-118.02759, 37.411005], [-118.027368, 37.411085], [-118.027208, 37.411161], [-118.026934, 37.411372], [-118.026825, 37.411445], [-118.026723, 37.411496], [-118.026516, 37.411567], [-118.026152, 37.411661], [-118.025602, 37.411777], [-118.025386, 37.411807], [-118.025174, 37.411809], [-118.025123, 37.411803], [-118.02506, 37.411785], [-118.02491, 37.411705], [-118.024776, 37.411681], [-118.024603, 37.411663], [-118.024485, 37.41163], [-118.02439, 37.411574], [-118.024278, 37.41145], [-118.024029, 37.411153], [-118.023985, 37.411131], [-118.023382, 37.410952], [-118.023271, 37.410912], [-118.023065, 37.410801], [-118.022958, 37.410724], [-118.022903, 37.410693], [-118.022812, 37.410665], [-118.022614, 37.410631], [-118.022539, 37.410626], [-118.022072, 37.41067], [-118.021872, 37.410666], [-118.021308, 37.410616], [-118.020981, 37.410597], [-118.02067, 37.410549], [-118.020313, 37.410543], [-118.020045, 37.410492], [-118.019951, 37.410499], [-118.019881, 37.410522], [-118.01968, 37.410616], [-118.01891, 37.410907], [-118.018594, 37.411051], [-118.018469, 37.411077], [-118.018341, 37.411071], [-118.018256, 37.411048], [-118.018134, 37.410993], [-118.017995, 37.410915], [-118.017679, 37.410768], [-118.017568, 37.410697], [-118.017457, 37.410613], [-118.017306, 37.410458], [-118.017281, 37.410402], [-118.017276, 37.410336], [-118.017318, 37.410245], [-118.017435, 37.410137], [-118.017492, 37.410098], [-118.017527, 37.410037], [-118.017528, 37.40997], [-118.017494, 37.409909], [-118.017432, 37.409864], [-118.017353, 37.409843], [-118.017236, 37.409843], [-118.017084, 37.409863], [-118.016441, 37.410006], [-118.016378, 37.409992], [-118.016331, 37.409955], [-118.016315, 37.409904], [-118.016332, 37.409853], [-118.016414, 37.409753], [-118.016523, 37.409673], [-118.016713, 37.409481], [-118.016762, 37.409399], [-118.016762, 37.409342], [-118.016722, 37.409278], [-118.016664, 37.409244], [-118.01648, 37.409215], [-118.016409, 37.409222], [-118.01619, 37.409286], [-118.015991, 37.409363], [-118.015608, 37.409539], [-118.01539, 37.409682], [-118.015324, 37.409742], [-118.015278, 37.40982], [-118.015267, 37.409867], [-118.01527, 37.409913], [-118.015244, 37.410007], [-118.015129, 37.410252], [-118.015114, 37.410296], [-118.015096, 37.410449], [-118.015047, 37.410515], [-118.014875, 37.410621], [-118.014598, 37.410761], [-118.014474, 37.410838], [-118.014445, 37.410898], [-118.014457, 37.410961], [-118.014609, 37.411117], [-118.014672, 37.411166], [-118.0147, 37.411226], [-118.014705, 37.411263], [-118.014698, 37.411304], [-118.014622, 37.411456], [-118.01454, 37.411537], [-118.014407, 37.41161], [-118.014151, 37.411686], [-118.01403, 37.411708], [-118.013868, 37.411698], [-118.01379, 37.411705], [-118.013673, 37.411756], [-118.013552, 37.411848], [-118.013401, 37.411984], [-118.01324, 37.412147], [-118.013166, 37.41221], [-118.012691, 37.412487], [-118.012598, 37.412575], [-118.012552, 37.412638], [-118.01249, 37.412755], [-118.012452, 37.412877], [-118.012457, 37.412974], [-118.0125, 37.413065], [-118.012577, 37.413142], [-118.012643, 37.413181], [-118.012987, 37.413291], [-118.013301, 37.413397], [-118.013495, 37.413421], [-118.013558, 37.413444], [-118.013606, 37.413488], [-118.013628, 37.413543], [-118.01362, 37.4136], [-118.013584, 37.41365], [-118.013431, 37.413786], [-118.01324, 37.414003], [-118.013209, 37.414084], [-118.01321, 37.414128], [-118.013227, 37.414197], [-118.013302, 37.414338], [-118.013383, 37.414421], [-118.013728, 37.414663], [-118.013819, 37.414756], [-118.013941, 37.414908], [-118.014016, 37.414957], [-118.014106, 37.414985], [-118.014202, 37.414989], [-118.014351, 37.414985], [-118.014492, 37.414996], [-118.014831, 37.415065], [-118.015059, 37.415079], [-118.015212, 37.415084], [-118.015657, 37.415139], [-118.015771, 37.415165], [-118.015859, 37.41522], [-118.015879, 37.41523], [-118.016082, 37.415251], [-118.016118, 37.415269], [-118.016152, 37.415319], [-118.0161, 37.415366], [-118.015913, 37.415472], [-118.015323, 37.415638], [-118.01522, 37.415654], [-118.0149, 37.415654], [-118.01461, 37.415696], [-118.014464, 37.415699], [-118.013876, 37.415667], [-118.013568, 37.415636], [-118.013171, 37.415571], [-118.012891, 37.415499], [-118.012716, 37.415474], [-118.012517, 37.415466], [-118.012093, 37.415437], [-118.011545, 37.415374], [-118.011278, 37.415328], [-118.01107, 37.41527], [-118.010869, 37.415195], [-118.010713, 37.415116], [-118.010466, 37.414927], [-118.010226, 37.414812], [-118.00994, 37.414731], [-118.009052, 37.414276], [-118.00894, 37.414233], [-118.008757, 37.414194], [-118.008541, 37.41417], [-118.008358, 37.414176], [-118.008137, 37.414213], [-118.007939, 37.414272], [-118.007781, 37.414309], [-118.007437, 37.414326], [-118.007202, 37.414352], [-118.007028, 37.414407], [-118.006857, 37.414437], [-118.006549, 37.414505], [-118.006254, 37.414589], [-118.006157, 37.41463], [-118.005987, 37.414724], [-118.005757, 37.414907], [-118.005659, 37.415023], [-118.005446, 37.415385], [-118.005414, 37.415498], [-118.005411, 37.415635], [-118.005383, 37.415791], [-118.00535, 37.415893], [-118.005306, 37.415977], [-118.005197, 37.416099], [-118.005136, 37.416207], [-118.005095, 37.416242], [-118.005036, 37.416262], [-118.004956, 37.416259], [-118.004873, 37.41622], [-118.004698, 37.416073], [-118.00434, 37.415801], [-118.004186, 37.415716], [-118.004096, 37.415697], [-118.004003, 37.4157], [-118.003737, 37.415779], [-118.003593, 37.415841], [-118.003479, 37.415875], [-118.003428, 37.415882], [-118.003332, 37.415878], [-118.003242, 37.41585], [-118.003128, 37.415776], [-118.002941, 37.415618], [-118.002762, 37.415427], [-118.002584, 37.415301], [-118.00235, 37.415154], [-118.002259, 37.415111], [-118.001937, 37.414988], [-118.001815, 37.414928], [-118.001745, 37.414876], [-118.001479, 37.414638], [-118.001454, 37.4146], [-118.00139, 37.414443], [-118.001312, 37.414289], [-118.001252, 37.414221], [-118.001093, 37.414085], [-118.000939, 37.413938], [-118.000831, 37.413791], [-118.000799, 37.413719], [-118.000689, 37.41353], [-118.000597, 37.41334], [-118.000333, 37.413027], [-118.000118, 37.412742], [-117.99981, 37.41239], [-117.999662, 37.412225], [-117.999473, 37.41211], [-117.999323, 37.412052], [-117.999226, 37.412037], [-117.998944, 37.412045], [-117.998693, 37.412032], [-117.998504, 37.411997], [-117.99825, 37.411975], [-117.997949, 37.411965], [-117.99781, 37.41195], [-117.997672, 37.41191], [-117.996966, 37.411608], [-117.996844, 37.411574], [-117.996694, 37.411549], [-117.996537, 37.411535], [-117.996321, 37.411536], [-117.996117, 37.411562], [-117.995463, 37.411606], [-117.993874, 37.411732], [-117.992836, 37.411829], [-117.991961, 37.41189], [-117.991586, 37.411905], [-117.991426, 37.411899], [-117.991282, 37.41188], [-117.991141, 37.411849], [-117.990963, 37.411791], [-117.990538, 37.411619], [-117.990113, 37.411427], [-117.989143, 37.411011], [-117.988066, 37.410602], [-117.987236, 37.410302], [-117.987073, 37.41008], [-117.986935, 37.409849], [-117.986652, 37.409535], [-117.986584, 37.409442], [-117.986345, 37.40892], [-117.986269, 37.408598], [-117.986099, 37.408082], [-117.985974, 37.407792], [-117.98569, 37.407384], [-117.985529, 37.407113], [-117.985314, 37.406784], [-117.985258, 37.406661], [-117.985243, 37.406567], [-117.985247, 37.406512], [-117.985266, 37.40625], [-117.985262, 37.406187], [-117.985248, 37.406118], [-117.985154, 37.405949], [-117.984901, 37.40559], [-117.984584, 37.405181], [-117.984498, 37.405012], [-117.984472, 37.404926], [-117.984443, 37.404764], [-117.98438, 37.403796], [-117.984334, 37.403443], [-117.984296, 37.403038], [-117.984267, 37.402908], [-117.983975, 37.402364], [-117.983721, 37.401728], [-117.983706, 37.401647], [-117.983741, 37.401375], [-117.983737, 37.401253], [-117.983693, 37.401053], [-117.983644, 37.40093], [-117.983471, 37.400345], [-117.983419, 37.400005], [-117.983411, 37.399599], [-117.983338, 37.399094], [-117.983298, 37.398942], [-117.983142, 37.398674], [-117.982922, 37.398108], [-117.982616, 37.397528], [-117.982417, 37.397079], [-117.982329, 37.396846], [-117.982256, 37.396367], [-117.982161, 37.39587], [-117.982092, 37.395406], [-117.981967, 37.394291], [-117.98188, 37.393824], [-117.981817, 37.393626], [-117.981607, 37.393157], [-117.981154, 37.392306], [-117.981063, 37.392157], [-117.980907, 37.391954]]}, "props": {"MTFCC": "S1400", "NAME": null}}, {"geom": {"type": "LineString", "coordinates": [[-118.204235, 37.41887], [-118.204226, 37.41638], [-118.203784, 37.416369]]}, "props": {"MTFCC": "S1400", "NAME": null}}, {"geom": {"type": "LineString", "coordinates": [[-118.225045, 37.417175], [-118.224924, 37.416843], [-118.224873, 37.416745], [-118.224787, 37.416644], [-118.224722, 37.416577], [-118.224701, 37.41653], [-118.224691, 37.416479], [-118.224694, 37.416205], [-118.224683, 37.416142], [-118.224637, 37.416079], [-118.224587, 37.416048], [-118.224428, 37.415987], [-118.224323, 37.415929], [-118.224293, 37.415886], [-118.224302, 37.415827], [-118.22435, 37.41574], [-118.224506, 37.415584], [-118.224529, 37.415535], [-118.224542, 37.415391], [-118.224531, 37.415324], [-118.224482, 37.415177], [-118.224338, 37.414859], [-118.224286, 37.414702], [-118.224254, 37.414521], [-118.224267, 37.414434], [-118.224324, 37.414327], [-118.224333, 37.414256], [-118.224275, 37.414044], [-118.224269, 37.413966], [-118.224273, 37.41391], [-118.224258, 37.413862], [-118.224166, 37.413717], [-118.22412, 37.413544], [-118.22413, 37.413284], [-118.224083, 37.413123], [-118.224081, 37.413052], [-118.224095, 37.41302], [-118.224135, 37.412993], [-118.224194, 37.412972], [-118.224263, 37.41296], [-118.224386, 37.412955], [-118.224509, 37.41293], [-118.224627, 37.412877], [-118.224715, 37.412793], [-118.224763, 37.412761], [-118.224931, 37.412705], [-118.225199, 37.412649], [-118.225312, 37.412588], [-118.225409, 37.412512], [-118.225498, 37.412484], [-118.225892, 37.412436], [-118.22601, 37.4124], [-118.226074, 37.412361], [-118.226107, 37.412298], [-118.226112, 37.41215], [-118.226097, 37.412048], [-118.226106, 37.411852], [-118.226157, 37.411631], [-118.226226, 37.411507], [-118.226324, 37.41138], [-118.226346, 37.411298], [-118.22634, 37.411085], [-118.226245, 37.410588], [-118.226206, 37.410281], [-118.226212, 37.410126], [-118.226223, 37.410082], [-118.226296, 37.40998], [-118.226486, 37.409595], [-118.226576, 37.409314], [-118.226654, 37.409224], [-118.22668, 37.40912], [-118.22667, 37.40892], [-118.22665, 37.408876], [-118.226549, 37.408738], [-118.226504, 37.408654], [-118.226436, 37.40838], [-118.226351, 37.40823], [-118.226273, 37.40806], [-118.226217, 37.407991], [-118.226137, 37.407935], [-118.226089, 37.40792], [-118.225966, 37.407915], [-118.225907, 37.407928], [-118.225852, 37.407951], [-118.225708, 37.408069], [-118.225618, 37.408162], [-118.225486, 37.408258], [-118.225428, 37.408343], [-118.225386, 37.408476], [-118.225372, 37.408542], [-118.225387, 37.408853], [-118.225354, 37.409014], [-118.225258, 37.40922], [-118.225224, 37.409277], [-118.22513, 37.409376], [-118.225068, 37.409421], [-118.224915, 37.409501], [-118.224821, 37.409537], [-118.224689, 37.409577], [-118.224614, 37.409619], [-118.224568, 37.409676], [-118.224553, 37.409749], [-118.22458, 37.409922], [-118.22458, 37.40996], [-118.22437, 37.410369], [-118.224275, 37.410763], [-118.224206, 37.410886], [-118.224125, 37.410972], [-118.223792, 37.411159], [-118.223635, 37.411239], [-118.223467, 37.411364], [-118.223404, 37.411393], [-118.223167, 37.411427], [-118.223027, 37.411412], [-118.222957, 37.411391], [-118.222762, 37.411264], [-118.222646, 37.411218], [-118.222579, 37.411203], [-118.22246, 37.411207], [-118.222413, 37.411223], [-118.222339, 37.411275], [-118.222292, 37.411332], [-118.222071, 37.411689], [-118.221987, 37.411808], [-118.221931, 37.411837], [-118.221864, 37.411839], [-118.221805, 37.411815], [-118.221768, 37.411768], [-118.221755, 37.411689], [-118.22176, 37.411288], [-118.22173, 37.411118], [-118.221695, 37.411032], [-118.221672, 37.410887], [-118.221658, 37.410506], [-118.221616, 37.410311], [-118.221558, 37.410201], [-118.221534, 37.410176], [-118.221498, 37.410158], [-118.221431, 37.410155], [-118.221396, 37.410171], [-118.221361, 37.410203], [-118.221283, 37.410308], [-118.221169, 37.410546], [-118.220996, 37.410838], [-118.220868, 37.411022], [-118.220718, 37.411294], [-118.220673, 37.411402], [-118.220642, 37.411552], [-118.220615, 37.411616], [-118.220451, 37.411902], [-118.22039, 37.411929], [-118.220332, 37.411927], [-118.220275, 37.411894], [-118.220226, 37.411793], [-118.220156, 37.411582], [-118.220112, 37.41129], [-118.220078, 37.411158], [-118.220045, 37.410961], [-118.220042, 37.410759], [-118.220066, 37.410551], [-118.220052, 37.410415], [-118.220032, 37.410307], [-118.220056, 37.410048], [-118.220134, 37.409729], [-118.220147, 37.40959], [-118.220123, 37.409536], [-118.220087, 37.409518], [-118.220047, 37.409512], [-118.22, 37.409519], [-118.219866, 37.409583], [-118.219749, 37.409666], [-118.219707, 37.409749], [-118.219677, 37.409828], [-118.219372, 37.410295], [-118.219073, 37.410738], [-118.219019, 37.41083], [-118.218985, 37.410947], [-118.218915, 37.411359], [-118.218836, 37.411628], [-118.218788, 37.411843], [-118.218697, 37.412071], [-118.218638, 37.41218], [-118.218564, 37.412291], [-118.218484, 37.412453], [-118.218395, 37.41257], [-118.218317, 37.412634], [-118.218131, 37.412735], [-118.218108, 37.412767], [-118.218101, 37.412843], [-118.218106, 37.412909], [-118.218148, 37.413047], [-118.218197, 37.413141], [-118.218206, 37.413208], [-118.21819, 37.413239], [-118.218148, 37.413281], [-118.218081, 37.413319], [-118.217964, 37.413415], [-118.217937, 37.413459], [-118.217815, 37.413834], [-118.217618, 37.414372], [-118.217421, 37.414792], [-118.21733, 37.415011], [-118.2173, 37.41515], [-118.217305, 37.415222], [-118.21732, 37.415293], [-118.217314, 37.415381], [-118.217245, 37.415524], [-118.217206, 37.415581], [-118.217182, 37.415665], [-118.217192, 37.415797], [-118.217214, 37.415917], [-118.217208, 37.416037], [-118.217163, 37.416179], [-118.217032, 37.416395], [-118.216839, 37.416693], [-118.216817, 37.416785], [-118.216895, 37.417002], [-118.216904, 37.417049], [-118.216966, 37.417193], [-118.216996, 37.417329], [-118.216998, 37.417493], [-118.216965, 37.417641], [-118.21692, 37.417777], [-118.216847, 37.417936], [-118.216765, 37.418021], [-118.216712, 37.418043], [-118.216642, 37.418037], [-118.21659, 37.417999], [-118.216477, 37.417626], [-118.216453, 37.417591], [-118.216424, 37.417569], [-118.216386, 37.417557], [-118.21629, 37.417561], [-118.216152, 37.417632], [-118.215899, 37.417855], [-118.215624, 37.418189], [-118.215508, 37.418348], [-118.215348, 37.418514], [-118.215215, 37.418575], [-118.214944, 37.418682], [-118.214779, 37.418759], [-118.214716, 37.418762], [-118.21466, 37.418738], [-118.214625, 37.418696], [-118.214622, 37.418597], [-118.214639, 37.418436], [-118.214693, 37.418092], [-118.214719, 37.41771], [-118.214714, 37.417445], [-118.21472, 37.416948], [-118.214773, 37.416535], [-118.214813, 37.416333], [-118.214921, 37.41604], [-118.21495, 37.415866], [-118.215076, 37.415348], [-118.215112, 37.415257], [-118.215111, 37.415166], [-118.215097, 37.415081], [-118.215047, 37.414905], [-118.215037, 37.414754], [-118.215071, 37.414301], [-118.215012, 37.413854], [-118.214845, 37.413422], [-118.214755, 37.413224], [-118.214629, 37.413024], [-118.214575, 37.412984], [-118.214505, 37.412966], [-118.214432, 37.412972], [-118.214368, 37.413001], [-118.214267, 37.413112], [-118.214048, 37.413531], [-118.213995, 37.413683], [-118.213979, 37.413746], [-118.214017, 37.414067], [-118.214018, 37.414118], [-118.213992, 37.414222], [-118.213915, 37.414349], [-118.2137, 37.414611], [-118.213509, 37.414797], [-118.213437, 37.414834], [-118.213355, 37.414851], [-118.213115, 37.414866], [-118.212776, 37.414914], [-118.212477, 37.414993], [-118.212042, 37.415131], [-118.211811, 37.415228], [-118.211547, 37.415322], [-118.211383, 37.415416], [-118.211316, 37.41547], [-118.211255, 37.415559], [-118.211183, 37.415796], [-118.211139, 37.415986], [-118.21094, 37.416497], [-118.21088, 37.416721], [-118.210848, 37.416958], [-118.210876, 37.417344], [-118.210862, 37.417426], [-118.210815, 37.417496], [-118.210766, 37.417539], [-118.210448, 37.417755], [-118.210229, 37.41789], [-118.210099, 37.417945], [-118.209906, 37.417985], [-118.209433, 37.418046], [-118.209237, 37.418056], [-118.209088, 37.41802], [-118.208991, 37.417975], [-118.208908, 37.417915], [-118.208834, 37.41783], [-118.208676, 37.417567], [-118.208587, 37.417445], [-118.20837, 37.41719], [-118.208298, 37.41716], [-118.208218, 37.417164], [-118.207753, 37.417373], [-118.207522, 37.417501], [-118.207408, 37.417534], [-118.207349, 37.417541], [-118.207294, 37.417538], [-118.206916, 37.417419], [-118.206476, 37.417332], [-118.2061, 37.41732], [-118.2058, 37.417342], [-118.205658, 37.417375], [-118.205544, 37.41743], [-118.205453, 37.417508], [-118.205446, 37.417575], [-118.205483, 37.417669], [-118.205618, 37.417961], [-118.205703, 37.418291], [-118.205734, 37.418394], [-118.205718, 37.418456], [-118.20567, 37.418507], [-118.205604, 37.418538], [-118.205328, 37.418575], [-118.205229, 37.418602], [-118.20499, 37.418696], [-118.204677, 37.418789], [-118.204401, 37.418845], [-118.204235, 37.41887], [-118.204125, 37.418886], [-118.203874, 37.418876], [-118.203754, 37.418869], [-118.203619, 37.418883], [-118.203349, 37.418954], [-118.203063, 37.419058], [-118.20286, 37.419158], [-118.202802, 37.419191], [-118.202698, 37.419275], [-118.202533, 37.419462], [-118.202159, 37.419743], [-118.201795, 37.419942], [-118.201492, 37.420133], [-118.201269, 37.420302], [-118.201128, 37.420446], [-118.201018, 37.420614], [-118.200908, 37.420847], [-118.200896, 37.420913], [-118.20095, 37.421135], [-118.200946, 37.421199], [-118.20091, 37.421274], [-118.200774, 37.421413], [-118.200635, 37.42158], [-118.200512, 37.421761], [-118.200438, 37.421836], [-118.200325, 37.421917], [-118.200101, 37.42202], [-118.199987, 37.422055], [-118.199735, 37.422056], [-118.199579, 37.422087], [-118.199483, 37.422093], [-118.199379, 37.42206], [-118.199304, 37.422024], [-118.19915, 37.421877], [-118.198948, 37.421748], [-118.198902, 37.421695], [-118.198766, 37.421499], [-118.198603, 37.421325], [-118.198502, 37.421139], [-118.198352, 37.421002], [-118.198059, 37.420644], [-118.197911, 37.420445], [-118.197656, 37.419873], [-118.197589, 37.419696], [-118.197463, 37.419446], [-118.197346, 37.419251], [-118.197183, 37.419024], [-118.197042, 37.418868], [-118.196763, 37.418653], [-118.196487, 37.418486], [-118.196258, 37.41837], [-118.196177, 37.418366], [-118.196104, 37.418396], [-118.19606, 37.41845], [-118.196004, 37.418744], [-118.195889, 37.419053], [-118.195789, 37.419434], [-118.195698, 37.419822], [-118.195651, 37.420004], [-118.195582, 37.420388], [-118.195492, 37.420779], [-118.195434, 37.420897], [-118.195372, 37.420994], [-118.195063, 37.421391], [-118.194988, 37.421439], [-118.194898, 37.421466], [-118.194798, 37.421469], [-118.194712, 37.421453], [-118.194392, 37.421365], [-118.19416, 37.42134], [-118.194061, 37.421337], [-118.193697, 37.421376], [-118.193329, 37.421394], [-118.193127, 37.421428], [-118.193033, 37.421463], [-118.192934, 37.42153]]}, "props": {"MTFCC": "S1500", "NAME": null}}, {"geom": {"type": "LineString", "coordinates": [[-118.00189, 37.460899], [-118.00197, 37.460917], [-118.002258, 37.461185], [-118.002288, 37.461271], [-118.002277, 37.461331], [-118.00228, 37.461431], [-118.002356, 37.461882], [-118.002466, 37.46206], [-118.002602, 37.462194], [-118.002787, 37.462238], [-118.003099, 37.462182], [-118.003622, 37.462591], [-118.004077, 37.462989], [-118.0046, 37.463002], [-118.005071, 37.463143], [-118.005831, 37.462935], [-118.006529, 37.462984], [-118.006866, 37.463132], [-118.007096, 37.463307]]}, "props": {"MTFCC": "S1400", "NAME": null}}, {"geom": {"type": "LineString", "coordinates": [[-118.417726, 37.374846], [-118.417886, 37.374793]]}, "props": {"MTFCC": "S1740", "NAME": null}}, {"geom": {"type": "LineString", "coordinates": [[-118.1886396483871, 37.3641], [-118.188561, 37.364289], [-118.188225, 37.364908], [-118.188035, 37.365217], [-118.187946, 37.365287], [-118.187835, 37.365331], [-118.187788, 37.365341], [-118.187524, 37.365353], [-118.187437, 37.365379], [-118.187364, 37.365426], [-118.187313, 37.365488], [-118.187246, 37.36564], [-118.187171, 37.365937], [-118.187121, 37.366163], [-118.187076, 37.366284], [-118.18688, 37.366676], [-118.186723, 37.36693], [-118.186518, 37.367174], [-118.186419, 37.367271], [-118.1863, 37.367352], [-118.186172, 37.367403], [-118.186088, 37.367432], [-118.186028, 37.367456], [-118.185924, 37.36754], [-118.185829, 37.367653], [-118.185795, 37.367706], [-118.185743, 37.367864], [-118.185686, 37.368131], [-118.185626, 37.368304], [-118.185557, 37.368388], [-118.185459, 37.368451], [-118.185315, 37.368515], [-118.185262, 37.368553], [-118.185106, 37.368737], [-118.184941, 37.368878], [-118.18487, 37.368919], [-118.184787, 37.368933], [-118.184704, 37.368918], [-118.184588, 37.368851], [-118.184436, 37.368747], [-118.18435, 37.36872], [-118.184254, 37.368716], [-118.183913, 37.368741], [-118.183839, 37.368739], [-118.183486, 37.368672], [-118.183378, 37.368681], [-118.183305, 37.36871], [-118.183247, 37.368756], [-118.183209, 37.368816], [-118.183164, 37.368931], [-118.183147, 37.369092], [-118.18316, 37.369204], [-118.183269, 37.369577], [-118.183284, 37.3697], [-118.183267, 37.369823], [-118.183247, 37.369883], [-118.183209, 37.369957], [-118.183107, 37.370107], [-118.18295, 37.370382], [-118.18289, 37.370523], [-118.182882, 37.370641], [-118.182902, 37.370719], [-118.182973, 37.370883], [-118.183179, 37.371279], [-118.183262, 37.371377], [-118.183665, 37.37169], [-118.18374, 37.371786], [-118.18376, 37.371823], [-118.183789, 37.371946], [-118.1838, 37.372152], [-118.183778, 37.372343], [-118.183711, 37.372621], [-118.183675, 37.372723], [-118.183292, 37.373604], [-118.183261, 37.37366], [-118.182953, 37.374028], [-118.182911, 37.374091], [-118.182885, 37.374156], [-118.182875, 37.374215], [-118.182885, 37.374363], [-118.182991, 37.374617], [-118.183097, 37.375006], [-118.183097, 37.375098], [-118.183072, 37.375188], [-118.183008, 37.375294], [-118.182882, 37.375428], [-118.18279, 37.375512], [-118.182742, 37.375604], [-118.182736, 37.37569], [-118.182763, 37.375773], [-118.182821, 37.375845], [-118.182894, 37.375905], [-118.182968, 37.375947], [-118.183363, 37.376102], [-118.183493, 37.37617], [-118.183614, 37.376248], [-118.183723, 37.376337], [-118.18382, 37.376433], [-118.183906, 37.37654], [-118.184047, 37.376769], [-118.184192, 37.377074], [-118.184231, 37.377214], [-118.18424, 37.377341], [-118.184223, 37.37745], [-118.184167, 37.377605], [-118.184094, 37.377878], [-118.184002, 37.378161], [-118.183668, 37.379001], [-118.183581, 37.379176], [-118.183296, 37.379709], [-118.183157, 37.380028], [-118.18308, 37.380176], [-118.183003, 37.380279], [-118.182798, 37.38056], [-118.182132, 37.381704], [-118.181971, 37.382009], [-118.181777, 37.382351], [-118.181672, 37.382586], [-118.181613, 37.382746], [-118.18158, 37.382984], [-118.181579, 37.383105], [-118.181603, 37.383272], [-118.181661, 37.383545], [-118.181731, 37.38379]]}, "props": {"MTFCC": "S1400", "NAME": null}}, {"geom": {"type": "LineString", "coordinates": [[-118.422938, 37.390377], [-118.422938, 37.389523], [-118.422918, 37.389482], [-118.422821, 37.389353]]}, "props": {"MTFCC": "S1400", "NAME": null}}, {"geom": {"type": "LineString", "coordinates": [[-118.395671, 37.426471], [-118.395422, 37.426702], [-118.395261, 37.4269]]}, "props": {"MTFCC": "S1400", "NAME": null}}, {"geom": {"type": "LineString", "coordinates": [[-118.395261, 37.4269], [-118.395528, 37.427089]]}, "props": {"MTFCC": "S1400", "NAME": null}}, {"geom": {"type": "LineString", "coordinates": [[-118.477603, 37.364809], [-118.477819, 37.364824], [-118.478999, 37.364839], [-118.480772, 37.364835], [-118.481082, 37.364836], [-118.481601, 37.364835], [-118.488526, 37.364826], [-118.489302, 37.364825], [-118.492066, 37.364827], [-118.495415, 37.364829], [-118.495987, 37.364801], [-118.496047, 37.364802], [-118.496132, 37.364804], [-118.496643, 37.364774], [-118.496747, 37.364712], [-118.497018, 37.364567], [-118.497462, 37.36433], [-118.49783788235294, 37.3641]]}, "props": {"MTFCC": "S1400", "NAME": null}}, {"geom": {"type": "LineString", "coordinates": [[-118.39522655633803, 37.3641], [-118.395228, 37.364305], [-118.395231, 37.364642], [-118.395244, 37.365414], [-118.395256, 37.365818], [-118.395248, 37.36629], [-118.395247, 37.367403], [-118.39525, 37.367645], [-118.395257, 37.36818], [-118.395254, 37.369554], [-118.395276, 37.370425], [-118.395282, 37.371385], [-118.395278, 37.372548], [-118.395279, 37.372995], [-118.395302, 37.373384], [-118.39535, 37.373684], [-118.395365, 37.373733], [-118.395385, 37.373799], [-118.395425, 37.37393], [-118.395455, 37.373997], [-118.395501, 37.374099], [-118.395509, 37.374117], [-118.395713, 37.374438], [-118.395911, 37.374687], [-118.396137, 37.374919], [-118.396291, 37.375045], [-118.396503, 37.375199], [-118.39683, 37.375397], [-118.397076, 37.375518], [-118.397318, 37.375619], [-118.397506, 37.375681], [-118.397721, 37.37574], [-118.397946, 37.375785]]}, "props": {"MTFCC": "S1200", "NAME": null}}, {"geom": {"type": "LineString", "coordinates": [[-118.392621, 37.36565], [-118.391545, 37.365695]]}, "props": {"MTFCC": "S1400", "NAME": null}}, {"geom": {"type": "LineString", "coordinates": [[-118.415787, 37.375901], [-118.415881, 37.376096], [-118.41594, 37.376176], [-118.415982, 37.376209], [-118.416105, 37.376276], [-118.416171, 37.376349], [-118.416193, 37.376414], [-118.416196, 37.376538], [-118.416123, 37.376966], [-118.416133, 37.377289], [-118.416061, 37.377571], [-118.416044, 37.377724], [-118.416046, 37.377784], [-118.416048, 37.378028], [-118.41605, 37.378066], [-118.416053, 37.378121], [-118.416095, 37.378348], [-118.416136, 37.378466], [-118.416254, 37.378739], [-118.416327, 37.378867], [-118.41639, 37.37901], [-118.416518, 37.379308], [-118.416653, 37.379575], [-118.416764, 37.379816], [-118.416844, 37.380082], [-118.416859, 37.38026], [-118.416843, 37.380468], [-118.416795, 37.380638], [-118.416758, 37.380733], [-118.416445, 37.381433], [-118.416129, 37.382097], [-118.415935, 37.382567], [-118.415904, 37.382666], [-118.415891, 37.382761], [-118.415889, 37.383099], [-118.415905, 37.383209], [-118.415958, 37.38338], [-118.416041, 37.383551], [-118.41614, 37.383716]]}, "props": {"MTFCC": "S1400", "NAME": null}}, {"geom": {"type": "LineString", "coordinates": [[-118.443092, 37.365727], [-118.442521, 37.36487], [-118.442474, 37.364812]]}, "props": {"MTFCC": "S1400", "NAME": null}}, {"geom": {"type": "LineString", "coordinates": [[-118.416933, 37.375901], [-118.416912, 37.376156], [-118.416916, 37.376208], [-118.41695, 37.376278], [-118.417065, 37.376395], [-118.417111, 37.376491], [-118.41718, 37.376787]]}, "props": {"MTFCC": "S1400", "NAME": null}}, {"geom": {"type": "LineString", "coordinates": [[-118.417973, 37.379974], [-118.41794, 37.379961], [-118.417371, 37.379971], [-118.41725, 37.379986], [-118.416844, 37.380082], [-118.416287, 37.380293], [-118.416071, 37.380359], [-118.415848, 37.380406], [-118.41562, 37.380434], [-118.41539, 37.380444], [-118.415159, 37.380433], [-118.414829, 37.380382], [-118.414577, 37.380338], [-118.414154, 37.380308]]}, "props": {"MTFCC": "S1400", "NAME": null}}, {"geom": {"type": "LineString", "coordinates": [[-118.320903, 37.376256], [-118.320527, 37.376482], [-118.320422, 37.376529], [-118.320297, 37.376561], [-118.31997, 37.376591], [-118.319778, 37.376629], [-118.31949, 37.376637], [-118.319323, 37.376672], [-118.319095, 37.376736], [-118.318863, 37.376748], [-118.318636, 37.376741], [-118.318027, 37.376776], [-118.317789, 37.376781], [-118.317665, 37.376798], [-118.317611, 37.376812], [-118.317546, 37.37684]]}, "props": {"MTFCC": "S1400", "NAME": null}}, {"geom": {"type": "LineString", "coordinates": [[-118.417065, 37.384098], [-118.417068, 37.384196], [-118.417063, 37.384637], [-118.417068, 37.384871], [-118.417085, 37.3849], [-118.41694, 37.386849]]}, "props": {"MTFCC": "S1400", "NAME": null}}, {"geom": {"type": "LineString", "coordinates": [[-118.386102, 37.369021], [-118.386052, 37.36759], [-118.386057, 37.366981], [-118.386044, 37.366236], [-118.386049, 37.365208], [-118.3860213, 37.3641]]}, "props": {"MTFCC": "S1400", "NAME": null}}, {"geom": {"type": "LineString", "coordinates": [[-118.388517, 37.367674], [-118.389378, 37.36767], [-118.389502, 37.367664], [-118.389621, 37.367628], [-118.389727, 37.367558], [-118.389939, 37.367335], [-118.39001, 37.36727], [-118.390128, 37.367209], [-118.390262, 37.367181], [-118.390369, 37.367182], [-118.390448, 37.367205], [-118.390541, 37.367248], [-118.390655, 37.367332], [-118.39071, 37.367393], [-118.390737, 37.367484], [-118.390734, 37.3678], [-118.390725, 37.368746], [-118.390725, 37.368872], [-118.390737, 37.369612], [-118.390726, 37.369712], [-118.39072, 37.369964], [-118.390717, 37.370028], [-118.390711, 37.370118], [-118.390699, 37.370219], [-118.39068, 37.370322], [-118.390654, 37.370409], [-118.390625, 37.370482], [-118.39059, 37.370567], [-118.390555, 37.370643], [-118.390535, 37.370732], [-118.390519, 37.370852], [-118.390501, 37.371137], [-118.390499, 37.371268], [-118.390496, 37.371407], [-118.39049, 37.371568], [-118.390484, 37.371684], [-118.390485, 37.371813], [-118.390489, 37.371934], [-118.390482, 37.372074], [-118.390472, 37.372222], [-118.390471, 37.372417], [-118.390467, 37.372528], [-118.390459, 37.37272], [-118.390456, 37.37285], [-118.39045, 37.373014], [-118.390417, 37.37317], [-118.390422, 37.373507], [-118.390424, 37.373842], [-118.390433, 37.374008], [-118.390432, 37.374187], [-118.390422, 37.374512], [-118.390416, 37.374843], [-118.390413, 37.375001], [-118.390402, 37.375159], [-118.3904, 37.375305], [-118.390404, 37.375439], [-118.3904, 37.37557], [-118.390399, 37.375679], [-118.390402, 37.375829]]}, "props": {"MTFCC": "S1400", "NAME": null}}, {"geom": {"type": "LineString", "coordinates": [[-118.365148, 37.372043], [-118.366551, 37.372021], [-118.367972, 37.372022], [-118.368843, 37.372019], [-118.370123, 37.372048], [-118.371404, 37.372058], [-118.372693, 37.372053], [-118.373711, 37.372058], [-118.37406, 37.372052]]}, "props": {"MTFCC": "S1400", "NAME": null}}, {"geom": {"type": "LineString", "coordinates": [[-118.36624, 37.371157], [-118.365446, 37.371782], [-118.365148, 37.372043]]}, "props": {"MTFCC": "S1400", "NAME": null}}, {"geom": {"type": "LineString", "coordinates": [[-118.347679, 37.369491], [-118.347597, 37.369395], [-118.347576, 37.369331], [-118.347575, 37.369294], [-118.347642, 37.369077], [-118.347634, 37.36901], [-118.347592, 37.368952], [-118.347564, 37.368931], [-118.347526, 37.368851], [-118.347506, 37.368606], [-118.347473, 37.368515], [-118.347375, 37.368394], [-118.347311, 37.368286], [-118.347242, 37.368205], [-118.347199, 37.368146], [-118.347189, 37.368095], [-118.347221, 37.367915]]}, "props": {"MTFCC": "S1400", "NAME": null}}, {"geom": {"type": "LineString", "coordinates": [[-118.373972, 37.369359], [-118.36959, 37.369392], [-118.369468, 37.369403], [-118.36943, 37.369416]]}, "props": {"MTFCC": "S1400", "NAME": null}}, {"geom": {"type": "LineString", "coordinates": [[-118.314523, 37.364243], [-118.314317, 37.364501], [-118.314134, 37.364782], [-118.313932, 37.364996], [-118.313832, 37.365167], [-118.313693, 37.365335]]}, "props": {"MTFCC": "S1400", "NAME": null}}, {"geom": {"type": "LineString", "coordinates": [[-118.34524, 37.400801], [-118.345239, 37.402044], [-118.345244, 37.4031], [-118.345251, 37.403607], [-118.345233, 37.406016], [-118.345235, 37.406974], [-118.345218, 37.407956], [-118.345218, 37.408901], [-118.345204, 37.40939], [-118.345212, 37.409859], [-118.345201, 37.413297], [-118.34517, 37.417516], [-118.345141, 37.419314]]}, "props": {"MTFCC": "S1400", "NAME": null}}, {"geom": {"type": "LineString", "coordinates": [[-118.735199, 37.449769], [-118.735377, 37.449986], [-118.735658, 37.450376], [-118.735733, 37.450505], [-118.735764, 37.450614], [-118.735764, 37.450714], [-118.735738, 37.450812], [-118.73568, 37.45091], [-118.735478, 37.451192], [-118.735368, 37.451303], [-118.735251, 37.451363], [-118.735154, 37.451392], [-118.734928, 37.451425], [-118.734682, 37.451519], [-118.73456, 37.451607], [-118.734463, 37.451713], [-118.734397, 37.451833], [-118.734375, 37.451896], [-118.73436, 37.451988], [-118.734371, 37.452152], [-118.734476, 37.452564], [-118.734477, 37.452652], [-118.734456, 37.452732], [-118.734386, 37.452841], [-118.734279, 37.452934], [-118.734176, 37.453006], [-118.73402, 37.453152], [-118.733922, 37.453281], [-118.733888, 37.453385], [-118.733889, 37.453424], [-118.73389, 37.453491], [-118.733922, 37.453561], [-118.733994, 37.453671], [-118.734157, 37.453872], [-118.734517, 37.454392], [-118.73478, 37.454706], [-118.734856, 37.454826], [-118.734971, 37.454911], [-118.73507, 37.454968], [-118.73523, 37.45508], [-118.735267, 37.455106], [-118.735361, 37.455189], [-118.735439, 37.455258], [-118.735455, 37.455274], [-118.735537, 37.455372], [-118.735561, 37.455443], [-118.735532, 37.456011], [-118.735505, 37.456276], [-118.735492, 37.456347], [-118.735426, 37.456508], [-118.735318, 37.456692], [-118.735286, 37.456868]]}, "props": {"MTFCC": "S1400", "NAME": null}}, {"geom": {"type": "LineString", "coordinates": [[-118.074624, 37.374861], [-118.075209, 37.375829], [-118.075402, 37.376257], [-118.075461, 37.376665]]}, "props": {"MTFCC": "S1400", "NAME": null}}, {"geom": {"type": "LineString", "coordinates": [[-118.548451, 37.410189], [-118.547699, 37.410633], [-118.547281, 37.410899], [-118.547146, 37.411018], [-118.547044, 37.411137], [-118.546349, 37.412131], [-118.546292, 37.412198], [-118.546209, 37.412261], [-118.546117, 37.41231], [-118.545957, 37.412361], [-118.545786, 37.412389], [-118.545518, 37.412402], [-118.545303, 37.412437], [-118.544882, 37.41257], [-118.544623, 37.412649], [-118.544391, 37.412685], [-118.544064, 37.412698], [-118.543542, 37.412694], [-118.542018, 37.412697]]}, "props": {"MTFCC": "S1400", "NAME": null}}, {"geom": {"type": "LineString", "coordinates": [[-118.528979, 37.390937], [-118.528891, 37.390938], [-118.528589, 37.390997], [-118.527955, 37.39117], [-118.52779, 37.391228], [-118.527603, 37.391295], [-118.527394, 37.391385], [-118.52704, 37.391564]]}, "props": {"MTFCC": "S1400", "NAME": null}}, {"geom": {"type": "LineString", "coordinates": [[-118.558691, 37.438303], [-118.558956, 37.438391], [-118.559254, 37.438452], [-118.559593, 37.438493], [-118.55991, 37.438501], [-118.560123, 37.43848], [-118.560521, 37.438424], [-118.560735, 37.438415], [-118.561208, 37.438414], [-118.561424, 37.438405], [-118.56172, 37.438369], [-118.561847, 37.438385], [-118.561962, 37.438432], [-118.562053, 37.438504], [-118.562622, 37.439256], [-118.562808, 37.439515], [-118.562859, 37.439615], [-118.562897, 37.439756], [-118.562897, 37.4399], [-118.562859, 37.440041], [-118.562785, 37.440173], [-118.562641, 37.440338], [-118.562548, 37.440411], [-118.562212, 37.440607], [-118.562071, 37.440683], [-118.561583, 37.440975], [-118.56054, 37.441579]]}, "props": {"MTFCC": "S1400", "NAME": null}}, {"geom": {"type": "LineString", "coordinates": [[-118.527929, 37.39297], [-118.527787, 37.393398], [-118.527759, 37.393543], [-118.527761, 37.393673], [-118.527795, 37.393803], [-118.527846, 37.393889], [-118.527965, 37.394251], [-118.528166, 37.395097], [-118.528224, 37.395471], [-118.528226, 37.395561], [-118.528259, 37.39586]]}, "props": {"MTFCC": "S1400", "NAME": null}}, {"geom": {"type": "LineString", "coordinates": [[-118.544262, 37.392106], [-118.544197, 37.392029], [-118.544156, 37.391927], [-118.544151, 37.39183], [-118.54421, 37.391603], [-118.54429, 37.39144], [-118.544355, 37.391131], [-118.544474, 37.390795], [-118.544536, 37.390633], [-118.544634, 37.390269], [-118.544731, 37.389992], [-118.544842, 37.389725], [-118.544882, 37.389546], [-118.544916, 37.389116], [-118.544951, 37.388884]]}, "props": {"MTFCC": "S1400", "NAME": null}}, {"geom": {"type": "LineString", "coordinates": [[-118.505148, 37.40585], [-118.505052, 37.405902], [-118.504994, 37.405948], [-118.504944, 37.406016]]}, "props": {"MTFCC": "S1400", "NAME": null}}, {"geom": {"type": "LineString", "coordinates": [[-118.523647, 37.41517], [-118.523764, 37.415243], [-118.524024, 37.415382], [-118.524234, 37.415482], [-118.524307, 37.415527], [-118.524543, 37.415735], [-118.524867, 37.415987], [-118.525613, 37.416621], [-118.525749, 37.416729], [-118.525961, 37.416874], [-118.526167, 37.416986], [-118.526399, 37.417096], [-118.526707, 37.417266], [-118.527081, 37.417413], [-118.527319, 37.417515], [-118.527475, 37.417563], [-118.527738, 37.417615], [-118.52855, 37.417749], [-118.528953, 37.41783], [-118.529348, 37.417933], [-118.529574, 37.418006], [-118.529796, 37.418088], [-118.53018, 37.41828], [-118.530383, 37.418392], [-118.530692, 37.41862], [-118.530819, 37.41874], [-118.530997, 37.418964], [-118.531098, 37.41911], [-118.531267, 37.41942], [-118.531419, 37.419748], [-118.531523, 37.419989], [-118.531697, 37.420469], [-118.531841, 37.420751], [-118.532017, 37.42099], [-118.532182, 37.421184], [-118.532424, 37.42142], [-118.532681, 37.421646], [-118.532812, 37.421749], [-118.533078, 37.421928], [-118.533414, 37.422122], [-118.533611, 37.422224], [-118.533998, 37.422395], [-118.53438, 37.422531], [-118.534654, 37.422606], [-118.534782, 37.422625], [-118.535163, 37.422682], [-118.535748, 37.422753], [-118.536146, 37.422821], [-118.536498, 37.422904], [-118.53687, 37.423018], [-118.536955, 37.423051], [-118.537168, 37.423159], [-118.537335, 37.423265], [-118.537539, 37.423439], [-118.537689, 37.423612], [-118.53794, 37.423987], [-118.53845, 37.424692], [-118.538557, 37.424822], [-118.538718, 37.424997], [-118.538846, 37.425118], [-118.539002, 37.42524], [-118.539305, 37.425435], [-118.539509, 37.42555], [-118.539689, 37.425632], [-118.539889, 37.425704], [-118.540125, 37.425763], [-118.540305, 37.425782], [-118.541215, 37.425785], [-118.54164, 37.425797], [-118.541921, 37.425784], [-118.542269, 37.425749], [-118.542412, 37.425761], [-118.542539, 37.425795], [-118.542618, 37.425826], [-118.542711, 37.425876], [-118.542845, 37.425981], [-118.542965, 37.426118], [-118.54334, 37.426659], [-118.543447, 37.426838], [-118.543516, 37.427026], [-118.543588, 37.42738], [-118.543642, 37.427771], [-118.543659, 37.428152], [-118.54363, 37.428516], [-118.543612, 37.428627], [-118.543538, 37.428849], [-118.543404, 37.429151], [-118.543287, 37.429485], [-118.543233, 37.42967], [-118.543225, 37.429858], [-118.54323, 37.429997], [-118.543261, 37.430189], [-118.543325, 37.430406], [-118.543456, 37.430728], [-118.543523, 37.430853], [-118.543642, 37.43102], [-118.543683, 37.431068], [-118.543817, 37.431191], [-118.543957, 37.431292], [-118.544135, 37.431398], [-118.544277, 37.431466], [-118.544379, 37.431506], [-118.544612, 37.431564], [-118.544962, 37.431622], [-118.545135, 37.431639], [-118.545597, 37.431646], [-118.545928, 37.431635], [-118.54687, 37.431548], [-118.547313, 37.431528], [-118.547474, 37.431534], [-118.547619, 37.431552], [-118.54776, 37.431583], [-118.547966, 37.431651], [-118.5483, 37.431796], [-118.548442, 37.431865], [-118.548625, 37.43197], [-118.5488, 37.432089], [-118.54916, 37.432364], [-118.549407, 37.432534], [-118.54984, 37.432844], [-118.550683, 37.433368], [-118.550951, 37.433547], [-118.551132, 37.433695], [-118.551228, 37.433792], [-118.55138, 37.433998], [-118.551714, 37.434525], [-118.552106, 37.435285], [-118.552189, 37.43543], [-118.552347, 37.435655], [-118.552467, 37.43577], [-118.552678, 37.435922], [-118.552872, 37.436027], [-118.55306, 37.436106], [-118.553382, 37.436201], [-118.553705, 37.436273], [-118.553872, 37.436295], [-118.554035, 37.436307], [-118.554458, 37.436292], [-118.554602, 37.436281], [-118.554699, 37.436291], [-118.555, 37.436321], [-118.555409, 37.436375], [-118.55579, 37.436457], [-118.555892, 37.4365], [-118.55597, 37.436557], [-118.556032, 37.436619], [-118.556418, 37.437158], [-118.556487, 37.437317], [-118.556506, 37.437403], [-118.556512, 37.437479], [-118.556475, 37.437685], [-118.556373, 37.437957], [-118.556318, 37.438119], [-118.556311, 37.438174], [-118.556318, 37.438228], [-118.55634, 37.438268], [-118.55641, 37.438334], [-118.55653, 37.438412], [-118.55659, 37.438433], [-118.556648, 37.438437], [-118.556735, 37.438403], [-118.556811, 37.438326], [-118.556947, 37.438192], [-118.557038, 37.438118], [-118.557075, 37.4381], [-118.557393, 37.437946], [-118.557553, 37.437857], [-118.558388, 37.438181], [-118.558691, 37.438303]]}, "props": {"MTFCC": "S1400", "NAME": null}}, {"geom": {"type": "LineString", "coordinates": [[-118.504629, 37.4066], [-118.504653, 37.406578], [-118.504747, 37.406561], [-118.504881, 37.406583], [-118.504981, 37.406628], [-118.505084, 37.406708], [-118.505196, 37.406857], [-118.50523, 37.40695], [-118.505224, 37.407038], [-118.505074, 37.407346], [-118.505054, 37.407435]]}, "props": {"MTFCC": "S1400", "NAME": null}}, {"geom": {"type": "LineString", "coordinates": [[-118.349963, 37.387918], [-118.349623, 37.388041], [-118.349211, 37.38824], [-118.348846, 37.388386]]}, "props": {"MTFCC": "S1400", "NAME": null}}, {"geom": {"type": "LineString", "coordinates": [[-118.432785, 37.431572], [-118.432704, 37.431628], [-118.432356, 37.431943], [-118.432208, 37.432077], [-118.432083, 37.432199], [-118.431844, 37.432432], [-118.431685, 37.432552], [-118.431569, 37.432631], [-118.43137, 37.432822], [-118.431255, 37.432898], [-118.430726, 37.433164], [-118.430522, 37.433303], [-118.430296, 37.433499], [-118.430165, 37.433637], [-118.430095, 37.433784], [-118.430035, 37.433863], [-118.429918, 37.433959], [-118.429682, 37.434101], [-118.42942, 37.43431], [-118.429282, 37.434383], [-118.429219, 37.434412]]}, "props": {"MTFCC": "S1400", "NAME": null}}, {"geom": {"type": "LineString", "coordinates": [[-118.53748, 37.408175], [-118.537412, 37.408195], [-118.537235, 37.408218], [-118.537155, 37.408213], [-118.537073, 37.408205], [-118.536994, 37.40821], [-118.536916, 37.408227], [-118.536836, 37.408256], [-118.536755, 37.408289], [-118.536665, 37.408312], [-118.536569, 37.408326], [-118.536471, 37.408342], [-118.536375, 37.408361], [-118.536284, 37.40838], [-118.536146, 37.408406], [-118.536052, 37.408417], [-118.535957, 37.408419], [-118.535863, 37.408421], [-118.535772, 37.408437], [-118.535682, 37.408466], [-118.535541, 37.408525], [-118.535394, 37.408591], [-118.535344, 37.408612], [-118.535293, 37.408633], [-118.535241, 37.408655], [-118.535187, 37.408678], [-118.535133, 37.408699], [-118.535077, 37.408716], [-118.535019, 37.40873], [-118.534901, 37.408762], [-118.534843, 37.40878], [-118.534786, 37.4088], [-118.534733, 37.408824], [-118.534682, 37.408851], [-118.534631, 37.408878], [-118.534525, 37.40893], [-118.53447, 37.408955], [-118.534414, 37.408981], [-118.534358, 37.409005], [-118.5343, 37.409026], [-118.534242, 37.409044], [-118.534184, 37.409059], [-118.534068, 37.409084], [-118.534012, 37.409098], [-118.533959, 37.409115], [-118.533856, 37.409153], [-118.533804, 37.409173], [-118.533752, 37.409192], [-118.533701, 37.409213], [-118.533602, 37.409262], [-118.533521, 37.409311], [-118.533431, 37.40935], [-118.533338, 37.409354], [-118.533208, 37.409363], [-118.533145, 37.409391], [-118.533129, 37.409405]]}, "props": {"MTFCC": "S1400", "NAME": null}}, {"geom": {"type": "LineString", "coordinates": [[-118.526027, 37.408082], [-118.525926, 37.407953], [-118.52583, 37.407779], [-118.525707, 37.407609], [-118.525619, 37.407522], [-118.524973, 37.406983], [-118.524593, 37.406687]]}, "props": {"MTFCC": "S1400", "NAME": null}}, {"geom": {"type": "LineString", "coordinates": [[-118.604465, 37.412736], [-118.604809, 37.412725], [-118.60624, 37.412724], [-118.60655, 37.412717]]}, "props": {"MTFCC": "S1400", "NAME": null}}, {"geom": {"type": "LineString", "coordinates": [[-118.610027, 37.412416], [-118.609975, 37.412358], [-118.60986, 37.412272], [-118.609777, 37.412179], [-118.609706, 37.412079], [-118.609625, 37.41201], [-118.609171, 37.411777]]}, "props": {"MTFCC": "S1400", "NAME": null}}, {"geom": {"type": "LineString", "coordinates": [[-118.606937, 37.412521], [-118.607054, 37.412533], [-118.607134, 37.41257], [-118.607189, 37.41263], [-118.607206, 37.412678], [-118.607225, 37.412814], [-118.607236, 37.413255], [-118.607233, 37.41341], [-118.607225, 37.413713], [-118.60723, 37.414145], [-118.607239, 37.414394]]}, "props": {"MTFCC": "S1400", "NAME": null}}, {"geom": {"type": "LineString", "coordinates": [[-118.394831, 37.408412], [-118.39506, 37.40842], [-118.395294, 37.408392], [-118.395417, 37.408352], [-118.395813, 37.408066], [-118.396099, 37.407901], [-118.396164, 37.407875], [-118.396458, 37.407799], [-118.396544, 37.407752], [-118.396999, 37.407386], [-118.397706, 37.406956], [-118.398058, 37.406764], [-118.39936, 37.405996], [-118.400264, 37.405415], [-118.400871, 37.405074], [-118.401397, 37.404829], [-118.402238, 37.404538], [-118.40241, 37.404465], [-118.402522, 37.40439]]}, "props": {"MTFCC": "S1400", "NAME": null}}, {"geom": {"type": "LineString", "coordinates": [[-118.396663, 37.397721], [-118.397708, 37.398152], [-118.397969, 37.39823], [-118.3982, 37.398264], [-118.398306, 37.39827], [-118.398745, 37.398267], [-118.399023, 37.398257]]}, "props": {"MTFCC": "S1400", "NAME": null}}, {"geom": {"type": "LineString", "coordinates": [[-118.475804, 37.385895], [-118.476527, 37.386271], [-118.47665, 37.386352], [-118.476798, 37.386466], [-118.477005, 37.386568], [-118.477203, 37.386635], [-118.477589, 37.386714], [-118.478092, 37.386795], [-118.478529, 37.386892], [-118.47896, 37.387053], [-118.479073, 37.38707]]}, "props": {"MTFCC": "S1400", "NAME": null}}, {"geom": {"type": "LineString", "coordinates": [[-118.444234, 37.392737], [-118.44399, 37.392769], [-118.443633, 37.392845], [-118.443226, 37.392959], [-118.442979, 37.393054], [-118.44276, 37.393126], [-118.442644, 37.393165], [-118.442553, 37.393181]]}, "props": {"MTFCC": "S1400", "NAME": null}}, {"geom": {"type": "LineString", "coordinates": [[-118.39363, 37.397603], [-118.395386, 37.397619]]}, "props": {"MTFCC": "S1400", "NAME": null}}, {"geom": {"type": "LineString", "coordinates": [[-118.399858, 37.398444], [-118.399801, 37.397759], [-118.399777, 37.397886], [-118.39973, 37.397945], [-118.399663, 37.397993], [-118.399511, 37.398079], [-118.399145, 37.398222], [-118.399023, 37.398257]]}, "props": {"MTFCC": "S1400", "NAME": null}}, {"geom": {"type": "LineString", "coordinates": [[-118.47952, 37.382238], [-118.478823, 37.382542], [-118.477605, 37.383127], [-118.477216, 37.383284], [-118.476765, 37.383426], [-118.47622, 37.383573], [-118.475669, 37.383767], [-118.475058, 37.38394], [-118.47477, 37.383996], [-118.474448, 37.384025], [-118.473469, 37.384091], [-118.473044, 37.384129], [-118.472622, 37.384183], [-118.471764, 37.384309], [-118.471564, 37.384332], [-118.470935, 37.38436], [-118.470231, 37.384384], [-118.470121, 37.384393], [-118.470002, 37.384416], [-118.469509, 37.384539], [-118.469361, 37.384566], [-118.469218, 37.384577], [-118.468748, 37.384643], [-118.468598, 37.384657], [-118.468039, 37.384678], [-118.467874, 37.384695], [-118.467572, 37.384743], [-118.467283, 37.384746], [-118.466481, 37.384745], [-118.466201, 37.384777], [-118.465798, 37.384866], [-118.465413, 37.384979], [-118.46504, 37.38512], [-118.46478, 37.385273], [-118.464517, 37.385404], [-118.464349, 37.385471], [-118.46415, 37.385565]]}, "props": {"MTFCC": "S1400", "NAME": null}}, {"geom": {"type": "LineString", "coordinates": [[-118.416262, 37.394374], [-118.416496, 37.394557], [-118.416576, 37.394677], [-118.416648, 37.394814], [-118.416894, 37.39505], [-118.416936, 37.395137], [-118.416979, 37.395628], [-118.416994, 37.39567], [-118.417071, 37.395756], [-118.417169, 37.395828], [-118.417432, 37.396077], [-118.41754, 37.396154], [-118.4176, 37.396183], [-118.417666, 37.396201], [-118.417773, 37.396203], [-118.417941, 37.396183], [-118.418019, 37.396184], [-118.418162, 37.396211], [-118.418625, 37.396355], [-118.41875, 37.396408], [-118.418861, 37.396485]]}, "props": {"MTFCC": "S1400", "NAME": null}}, {"geom": {"type": "LineString", "coordinates": [[-118.418576, 37.396078], [-118.418461, 37.395983], [-118.418242, 37.39577], [-118.418072, 37.395629], [-118.41774, 37.395393], [-118.417631, 37.395289], [-118.41739, 37.395033], [-118.417199, 37.394804], [-118.41706, 37.394672], [-118.416993, 37.394619], [-118.416639, 37.394392], [-118.416518, 37.39434], [-118.416435, 37.394328], [-118.416312, 37.394351], [-118.416262, 37.394374]]}, "props": {"MTFCC": "S1400", "NAME": null}}, {"geom": {"type": "LineString", "coordinates": [[-118.418012, 37.382145], [-118.417629, 37.382255], [-118.417027, 37.382445], [-118.416483, 37.382586], [-118.416279, 37.382626], [-118.416014, 37.38266], [-118.415904, 37.382666], [-118.415306, 37.382676], [-118.414916, 37.382704], [-118.414707, 37.382744], [-118.41459, 37.382792]]}, "props": {"MTFCC": "S1400", "NAME": null}}, {"geom": {"type": "LineString", "coordinates": [[-118.495887, 37.380858], [-118.495823, 37.37999], [-118.495802, 37.379912], [-118.495744, 37.379807], [-118.495621, 37.379654], [-118.49559, 37.379589]]}, "props": {"MTFCC": "S1400", "NAME": null}}, {"geom": {"type": "LineString", "coordinates": [[-118.429849, 37.375783], [-118.429847, 37.375657], [-118.429836, 37.374176]]}, "props": {"MTFCC": "S1400", "NAME": null}}, {"geom": {"type": "LineString", "coordinates": [[-118.492158, 37.386496], [-118.491943, 37.38671], [-118.491899, 37.386805], [-118.49189, 37.386935], [-118.491932, 37.387061], [-118.491979, 37.387125], [-118.492273, 37.387435], [-118.492784, 37.387996]]}, "props": {"MTFCC": "S1400", "NAME": null}}, {"geom": {"type": "LineString", "coordinates": [[-118.413785, 37.374988], [-118.414151, 37.374986]]}, "props": {"MTFCC": "S1740", "NAME": null}}, {"geom": {"type": "LineString", "coordinates": [[-118.416795, 37.374416], [-118.416903, 37.374492]]}, "props": {"MTFCC": "S1400", "NAME": null}}, {"geom": {"type": "LineString", "coordinates": [[-118.413804, 37.370671], [-118.414631, 37.370691], [-118.416079, 37.370693]]}, "props": {"MTFCC": "S1740", "NAME": null}}, {"geom": {"type": "LineString", "coordinates": [[-118.430876, 37.416582], [-118.43107, 37.416378], [-118.430972, 37.416219], [-118.430876, 37.416582]]}, "props": {"MTFCC": "S1400", "NAME": null}}, {"geom": {"type": "LineString", "coordinates": [[-118.484504, 37.40294], [-118.484448, 37.403142], [-118.484382, 37.403214], [-118.48434, 37.403238]]}, "props": {"MTFCC": "S1400", "NAME": null}}, {"geom": {"type": "LineString", "coordinates": [[-118.489415, 37.397753], [-118.489615, 37.397759], [-118.489715, 37.397762], [-118.490045, 37.39775], [-118.490415, 37.39771], [-118.490725, 37.397698], [-118.491024, 37.397678], [-118.491522, 37.397653], [-118.491645, 37.397658], [-118.491723, 37.397676], [-118.491787, 37.397713], [-118.491842, 37.397789]]}, "props": {"MTFCC": "S1400", "NAME": null}}, {"geom": {"type": "LineString", "coordinates": [[-118.419268, 37.397634], [-118.419516, 37.397826], [-118.419717, 37.397971], [-118.420571, 37.398629], [-118.420757, 37.398741], [-118.420867, 37.398775], [-118.420995, 37.398778], [-118.421042, 37.398766], [-118.421195, 37.398682], [-118.4213, 37.398645], [-118.421413, 37.398626], [-118.4216, 37.39861], [-118.42178, 37.398571], [-118.421899, 37.398527], [-118.421948, 37.398484], [-118.42197, 37.39843], [-118.421954, 37.397904]]}, "props": {"MTFCC": "S1400", "NAME": null}}, {"geom": {"type": "LineString", "coordinates": [[-118.377102, 37.394029], [-118.377101, 37.393926], [-118.377116, 37.393817], [-118.377135, 37.393686], [-118.377142, 37.393337], [-118.377129, 37.393116], [-118.377152, 37.392282], [-118.377149, 37.391902], [-118.377157, 37.39164], [-118.377115, 37.391354]]}, "props": {"MTFCC": "S1400", "NAME": null}}, {"geom": {"type": "LineString", "coordinates": [[-118.418698, 37.382076], [-118.419289, 37.382064]]}, "props": {"MTFCC": "S1400", "NAME": null}}, {"geom": {"type": "LineString", "coordinates": [[-118.41414, 37.376556], [-118.41478, 37.376552], [-118.41503, 37.376534], [-118.415107, 37.376498], [-118.415165, 37.376451]]}, "props": {"MTFCC": "S1400", "NAME": null}}, {"geom": {"type": "LineString", "coordinates": [[-118.405174, 37.408904], [-118.405234, 37.40925], [-118.405261, 37.409426], [-118.405286, 37.410482], [-118.405278, 37.411411], [-118.405275, 37.411802], [-118.40533, 37.411954], [-118.405347, 37.412017], [-118.40536, 37.412182], [-118.405358, 37.41224], [-118.405355, 37.412301], [-118.405353, 37.412364], [-118.40535, 37.412444], [-118.405321, 37.412626], [-118.405306, 37.412715], [-118.405256, 37.413009], [-118.405191, 37.413237], [-118.405176, 37.41328], [-118.405182, 37.413369], [-118.40531, 37.413589], [-118.405344, 37.413701], [-118.405361, 37.413809], [-118.405358, 37.413951], [-118.405339, 37.414168], [-118.405284, 37.414436], [-118.405163, 37.414727], [-118.405038, 37.414994], [-118.404909, 37.415329], [-118.404885, 37.41545], [-118.404876, 37.415571], [-118.404884, 37.415693], [-118.404907, 37.415814], [-118.40504, 37.416359]]}, "props": {"MTFCC": "S1400", "NAME": null}}, {"geom": {"type": "LineString", "coordinates": [[-118.438645, 37.395515], [-118.43859, 37.395438], [-118.438536, 37.39533], [-118.438487, 37.395172], [-118.438449, 37.394913], [-118.438412, 37.394809], [-118.438383, 37.394754], [-118.438193, 37.394238], [-118.438167, 37.394191]]}, "props": {"MTFCC": "S1400", "NAME": null}}, {"geom": {"type": "LineString", "coordinates": [[-118.477588, 37.394115], [-118.477504, 37.394252], [-118.477416, 37.394322], [-118.477306, 37.394367], [-118.476866, 37.394499], [-118.476052, 37.394675], [-118.475919, 37.394717], [-118.475504, 37.394893], [-118.475255, 37.395018], [-118.475061, 37.395127], [-118.474821, 37.395292], [-118.474067, 37.395753], [-118.473024, 37.396235], [-118.472617, 37.396447], [-118.471316, 37.397181], [-118.470703, 37.39749], [-118.47055, 37.397543], [-118.470395, 37.397572], [-118.470333, 37.39758], [-118.469859, 37.397587]]}, "props": {"MTFCC": "S1400", "NAME": null}}, {"geom": {"type": "LineString", "coordinates": [[-118.46415, 37.385565], [-118.46417, 37.385607], [-118.464198, 37.385783], [-118.464233, 37.385853], [-118.464343, 37.386028], [-118.464373, 37.386097], [-118.464416, 37.386273], [-118.46447, 37.386358], [-118.464554, 37.386425], [-118.46466, 37.386469], [-118.46476, 37.386479], [-118.465249, 37.386481], [-118.465312, 37.386507], [-118.465345, 37.386544], [-118.465379, 37.386634], [-118.465386, 37.386677], [-118.465369, 37.386739], [-118.465326, 37.386806], [-118.465091, 37.386992], [-118.465002, 37.387072], [-118.46497, 37.387119], [-118.464952, 37.387205], [-118.465108, 37.388319], [-118.465166, 37.388415], [-118.465252, 37.388483], [-118.465359, 37.388527], [-118.465498, 37.388542], [-118.465649, 37.388502], [-118.46595, 37.388406], [-118.466057, 37.388364], [-118.466485, 37.388123], [-118.466714, 37.38801], [-118.467732, 37.387611], [-118.468, 37.387496], [-118.468253, 37.387373], [-118.469136, 37.386991], [-118.469633, 37.386821], [-118.469865, 37.386747], [-118.469996, 37.386697], [-118.470186, 37.386588], [-118.470303, 37.38649], [-118.470403, 37.386431], [-118.470506, 37.386394], [-118.470617, 37.386376], [-118.470728, 37.386376], [-118.47139, 37.386469], [-118.471491, 37.386466], [-118.471671, 37.386413], [-118.471969, 37.386284], [-118.47215, 37.386215], [-118.472507, 37.386122], [-118.473039, 37.386029], [-118.473786, 37.385922], [-118.474078, 37.385888], [-118.474792, 37.385771], [-118.474983, 37.385749], [-118.475271, 37.385741], [-118.475461, 37.385771], [-118.475623, 37.385817], [-118.475804, 37.385895]]}, "props": {"MTFCC": "S1400", "NAME": null}}, {"geom": {"type": "LineString", "coordinates": [[-118.449339, 37.390679], [-118.449163, 37.390821], [-118.448988, 37.391011], [-118.448776, 37.391254], [-118.448684, 37.391372], [-118.448469, 37.391604], [-118.448351, 37.391688], [-118.448231, 37.391745], [-118.447589, 37.391918], [-118.447187, 37.392006]]}, "props": {"MTFCC": "S1400", "NAME": null}}, {"geom": {"type": "LineString", "coordinates": [[-118.45617, 37.378591], [-118.45592, 37.37892], [-118.45575, 37.379074], [-118.455551, 37.379306], [-118.455431, 37.379455], [-118.455247, 37.379612], [-118.455126, 37.379705], [-118.454304, 37.380701], [-118.453918, 37.381158], [-118.453431, 37.381751], [-118.453154, 37.382077], [-118.451999, 37.383519], [-118.451829, 37.383773], [-118.451558, 37.384258], [-118.451309, 37.384749], [-118.451229, 37.384875], [-118.451184, 37.385036], [-118.451067, 37.385278], [-118.450932, 37.38559], [-118.450743, 37.385966], [-118.450527, 37.386348], [-118.450344, 37.386722], [-118.450268, 37.386838], [-118.450201, 37.386873], [-118.45012, 37.386876], [-118.44977, 37.386852], [-118.449474, 37.386856], [-118.449387, 37.386874], [-118.449312, 37.386913], [-118.449238, 37.38699], [-118.449169, 37.387076], [-118.448984, 37.387367], [-118.448811, 37.387572], [-118.44854, 37.387876], [-118.448004, 37.38858], [-118.447709, 37.388932], [-118.447099, 37.389531], [-118.447037, 37.389585], [-118.44615, 37.390676], [-118.44559, 37.391379], [-118.445141, 37.391918]]}, "props": {"MTFCC": "S1400", "NAME": null}}, {"geom": {"type": "LineString", "coordinates": [[-118.442815, 37.389416], [-118.442737, 37.389381], [-118.442641, 37.389384], [-118.442498, 37.38942], [-118.442211, 37.389543], [-118.441985, 37.389659], [-118.441887, 37.389684], [-118.441675, 37.389704], [-118.441398, 37.389697], [-118.441211, 37.389677], [-118.440896, 37.389582], [-118.440803, 37.389574], [-118.440573, 37.389593], [-118.440225, 37.389647], [-118.439952, 37.389669], [-118.4397, 37.389668], [-118.439382, 37.389628], [-118.439205, 37.389623], [-118.439083, 37.389649], [-118.438727, 37.389826], [-118.438359, 37.389973], [-118.438045, 37.390116], [-118.43727, 37.390403], [-118.436634, 37.390687], [-118.436313, 37.390776], [-118.436201, 37.390843], [-118.436128, 37.390928], [-118.436046, 37.391051], [-118.435871, 37.391236], [-118.43581, 37.391358], [-118.435769, 37.391525], [-118.435757, 37.39169], [-118.435798, 37.39203], [-118.435804, 37.392262], [-118.435779, 37.392428]]}, "props": {"MTFCC": "S1400", "NAME": null}}, {"geom": {"type": "LineString", "coordinates": [[-118.494602, 37.377418], [-118.494766, 37.377779]]}, "props": {"MTFCC": "S1400", "NAME": null}}, {"geom": {"type": "LineString", "coordinates": [[-118.44014, 37.40791], [-118.440031, 37.407837], [-118.439892, 37.407784], [-118.439603, 37.40769], [-118.439209, 37.40754], [-118.439116, 37.407497]]}, "props": {"MTFCC": "S1400", "NAME": null}}, {"geom": {"type": "LineString", "coordinates": [[-118.436541, 37.398917], [-118.436526, 37.400455], [-118.436539, 37.400766], [-118.436591, 37.401186]]}, "props": {"MTFCC": "S1400", "NAME": null}}, {"geom": {"type": "LineString", "coordinates": [[-118.427906, 37.398401], [-118.427735, 37.398559], [-118.427252, 37.398912], [-118.427038, 37.399038], [-118.426913, 37.399093], [-118.426852, 37.399108]]}, "props": {"MTFCC": "S1400", "NAME": null}}, {"geom": {"type": "LineString", "coordinates": [[-118.375164, 37.39923], [-118.37524, 37.399234], [-118.375604, 37.399152], [-118.376006, 37.399055], [-118.37647, 37.398892], [-118.376914, 37.398709], [-118.377076, 37.398633], [-118.37721, 37.398598], [-118.37735, 37.398587], [-118.377475, 37.398591], [-118.378646, 37.398764], [-118.380308, 37.398983], [-118.381273, 37.399125], [-118.383336, 37.399412], [-118.383466, 37.399418]]}, "props": {"MTFCC": "S1400", "NAME": null}}, {"geom": {"type": "LineString", "coordinates": [[-118.381427, 37.427052], [-118.381222, 37.427137], [-118.380852, 37.427355], [-118.380506, 37.427518], [-118.380412, 37.427557], [-118.380321, 37.427585], [-118.38013, 37.427616], [-118.380033, 37.42762], [-118.379888, 37.427611], [-118.379724, 37.427584], [-118.379502, 37.427581], [-118.378391, 37.427699], [-118.378179, 37.427727], [-118.377919, 37.427775], [-118.377437, 37.427849], [-118.377006, 37.427936], [-118.376779, 37.428021], [-118.37639, 37.428183], [-118.375979, 37.428324], [-118.375785, 37.428413], [-118.37556, 37.428543], [-118.375347, 37.428686], [-118.375264, 37.42873], [-118.374867, 37.428865], [-118.374134, 37.429134], [-118.374014, 37.42917], [-118.37389, 37.429197], [-118.373655, 37.429217], [-118.373501, 37.42922], [-118.373402, 37.429232], [-118.373212, 37.429281], [-118.373077, 37.429339], [-118.372722, 37.429538], [-118.372496, 37.429711], [-118.372369, 37.429793], [-118.372273, 37.429839], [-118.37186, 37.429975], [-118.371593, 37.430097], [-118.371437, 37.430137], [-118.37103, 37.430187], [-118.370821, 37.430228], [-118.370098, 37.430457], [-118.369965, 37.430516], [-118.369528, 37.430748], [-118.36927, 37.430828], [-118.369035, 37.430889], [-118.368959, 37.430914], [-118.368707, 37.43105], [-118.36851, 37.431189], [-118.368269, 37.431324], [-118.367813, 37.431539], [-118.367587, 37.431621], [-118.367356, 37.431674], [-118.367129, 37.431717], [-118.366967, 37.431772], [-118.366766, 37.431879], [-118.3664, 37.432094], [-118.365982, 37.432322], [-118.365543, 37.432624], [-118.365371, 37.43276], [-118.365186, 37.43294], [-118.364972, 37.433192], [-118.364811, 37.433329], [-118.364363, 37.43364], [-118.36424, 37.433721], [-118.364041, 37.433872]]}, "props": {"MTFCC": "S1400", "NAME": null}}, {"geom": {"type": "LineString", "coordinates": [[-118.40504, 37.416359], [-118.405385, 37.416571], [-118.407746, 37.4194], [-118.407775, 37.41954]]}, "props": {"MTFCC": "S1400", "NAME": null}}, {"geom": {"type": "LineString", "coordinates": [[-118.372685, 37.458288], [-118.373405, 37.45885], [-118.373489, 37.458933], [-118.373566, 37.459029], [-118.373631, 37.459131], [-118.373682, 37.459238], [-118.373719, 37.459349], [-118.373743, 37.459482], [-118.373825, 37.460392], [-118.373876, 37.460721], [-118.373913, 37.46083], [-118.374001, 37.46099], [-118.374023, 37.461103], [-118.374013, 37.461179], [-118.373946, 37.461392], [-118.373818, 37.461699], [-118.373781, 37.461825], [-118.373772, 37.461931], [-118.373819, 37.462285], [-118.373859, 37.462477], [-118.373853, 37.462609]]}, "props": {"MTFCC": "S1400", "NAME": null}}, {"geom": {"type": "LineString", "coordinates": [[-118.373853, 37.462609], [-118.37383, 37.46273], [-118.373816, 37.462896]]}, "props": {"MTFCC": "S1400", "NAME": null}}, {"geom": {"type": "LineString", "coordinates": [[-118.369599, 37.448216], [-118.36844, 37.448982]]}, "props": {"MTFCC": "S1400", "NAME": null}}, {"geom": {"type": "LineString", "coordinates": [[-118.370027, 37.447918], [-118.37107, 37.447221], [-118.371729, 37.446791], [-118.373434, 37.44563], [-118.373668, 37.445458], [-118.373953, 37.445204], [-118.374931, 37.44437], [-118.375624, 37.443725], [-118.375987, 37.443327], [-118.376197, 37.443136], [-118.376464, 37.442935], [-118.376553, 37.442855], [-118.376927, 37.442588], [-118.377008, 37.442524], [-118.377459, 37.442166], [-118.378862, 37.440959], [-118.379355, 37.440523], [-118.379719, 37.440184], [-118.37983, 37.440035], [-118.381196, 37.438834], [-118.382176, 37.438006], [-118.382591, 37.437624], [-118.383153, 37.437139], [-118.38368, 37.436741], [-118.383951, 37.43651], [-118.384889, 37.435672], [-118.385099, 37.435498], [-118.385492, 37.435174], [-118.385771, 37.434905], [-118.386009, 37.434639]]}, "props": {"MTFCC": "S1400", "NAME": null}}, {"geom": {"type": "LineString", "coordinates": [[-118.370027, 37.447918], [-118.370357, 37.448203]]}, "props": {"MTFCC": "S1400", "NAME": null}}, {"geom": {"type": "LineString", "coordinates": [[-118.432021, 37.397907], [-118.431913, 37.397936], [-118.431809, 37.397931], [-118.431738, 37.397888], [-118.431704, 37.39788], [-118.431629, 37.397881]]}, "props": {"MTFCC": "S1400", "NAME": null}}, {"geom": {"type": "LineString", "coordinates": [[-118.436673, 37.401934], [-118.436648, 37.402343], [-118.436618, 37.403159], [-118.436578, 37.403945], [-118.43658, 37.404535], [-118.43654, 37.405659], [-118.436523, 37.406817], [-118.436534, 37.40724], [-118.436526, 37.407991], [-118.436548, 37.408045], [-118.436612, 37.408128]]}, "props": {"MTFCC": "S1400", "NAME": null}}, {"geom": {"type": "LineString", "coordinates": [[-118.426327, 37.397921], [-118.426324, 37.397843]]}, "props": {"MTFCC": "S1400", "NAME": null}}, {"geom": {"type": "LineString", "coordinates": [[-118.426366, 37.399251], [-118.426353, 37.398312]]}, "props": {"MTFCC": "S1400", "NAME": null}}, {"geom": {"type": "LineString", "coordinates": [[-118.402104, 37.426609], [-118.402016, 37.426797]]}, "props": {"MTFCC": "S1400", "NAME": null}}, {"geom": {"type": "LineString", "coordinates": [[-118.381858, 37.408415], [-118.381851, 37.408541], [-118.381874, 37.40874], [-118.381892, 37.408795], [-118.381951, 37.408887], [-118.381966, 37.408934], [-118.381958, 37.409044], [-118.381949, 37.409088]]}, "props": {"MTFCC": "S1400", "NAME": null}}, {"geom": {"type": "LineString", "coordinates": [[-118.37695, 37.433802], [-118.377232, 37.43333], [-118.37821, 37.431828], [-118.378504, 37.431355]]}, "props": {"MTFCC": "S1400", "NAME": null}}, {"geom": {"type": "LineString", "coordinates": [[-118.389696, 37.431413], [-118.38992, 37.431206], [-118.390446, 37.43076], [-118.391555, 37.429771], [-118.394457, 37.42723], [-118.39488, 37.426891], [-118.395113, 37.426679], [-118.395178, 37.426602], [-118.395207, 37.426521], [-118.395212, 37.426463]]}, "props": {"MTFCC": "S1400", "NAME": null}}, {"geom": {"type": "LineString", "coordinates": [[-118.36844, 37.448982], [-118.368009, 37.453005], [-118.367968, 37.453461], [-118.367896, 37.453925], [-118.367802, 37.45489], [-118.367724, 37.455469]]}, "props": {"MTFCC": "S1400", "NAME": null}}, {"geom": {"type": "LineString", "coordinates": [[-118.394264, 37.453233], [-118.394269, 37.453337], [-118.394223, 37.453438], [-118.394217, 37.45352], [-118.394248, 37.453591], [-118.394351, 37.453756], [-118.394378, 37.453828], [-118.394388, 37.454113], [-118.394422, 37.454322], [-118.394427, 37.45438], [-118.394388, 37.454565], [-118.394328, 37.454753], [-118.394351, 37.454891], [-118.394336, 37.454977], [-118.39429, 37.455077], [-118.394143, 37.455237], [-118.394123, 37.455308], [-118.394115, 37.455394], [-118.394092, 37.455461], [-118.393997, 37.455617], [-118.393825, 37.455858], [-118.393817, 37.455919], [-118.393841, 37.455977], [-118.393892, 37.456023], [-118.394053, 37.456075], [-118.394108, 37.45612], [-118.394145, 37.456177]]}, "props": {"MTFCC": "S1400", "NAME": null}}, {"geom": {"type": "LineString", "coordinates": [[-118.368001, 37.365529], [-118.36815, 37.365538], [-118.368327, 37.365565], [-118.368884, 37.365598], [-118.368977, 37.365578], [-118.369353, 37.365392], [-118.369468, 37.365368], [-118.369906, 37.365379], [-118.370368, 37.365429], [-118.370805, 37.365529], [-118.370966, 37.365559], [-118.371129, 37.36558], [-118.371224, 37.365585], [-118.371498, 37.365562], [-118.371619, 37.365536], [-118.371767, 37.365494], [-118.372119, 37.365468], [-118.372428, 37.36546], [-118.372617, 37.365431], [-118.372908, 37.365375], [-118.37302, 37.365366]]}, "props": {"MTFCC": "S1400", "NAME": null}}, {"geom": {"type": "LineString", "coordinates": [[-118.410663, 37.419652], [-118.410661, 37.419742], [-118.410631, 37.419819], [-118.410513, 37.419928], [-118.410375, 37.420039], [-118.410361, 37.420064], [-118.410358, 37.420093], [-118.410396, 37.420174], [-118.410621, 37.420415], [-118.410811, 37.420591], [-118.411463, 37.421248], [-118.412655, 37.422584], [-118.412679, 37.422661], [-118.412697, 37.422834], [-118.412745, 37.422972], [-118.412749, 37.42307], [-118.412737, 37.4232], [-118.412778, 37.423316], [-118.412971, 37.423525], [-118.413003, 37.423591], [-118.413013, 37.423795], [-118.413032, 37.423891], [-118.413066, 37.42396], [-118.413087, 37.423984], [-118.413232, 37.424048], [-118.41328, 37.424091], [-118.413308, 37.424144], [-118.413318, 37.424218]]}, "props": {"MTFCC": "S1400", "NAME": null}}, {"geom": {"type": "LineString", "coordinates": [[-118.41414, 37.376556], [-118.414167, 37.376439], [-118.414218, 37.376348], [-118.414252, 37.376306], [-118.414308, 37.376262], [-118.414415, 37.376299], [-118.414543, 37.376321], [-118.414675, 37.376321], [-118.414804, 37.3763], [-118.414924, 37.376257], [-118.41501, 37.376217]]}, "props": {"MTFCC": "S1400", "NAME": null}}, {"geom": {"type": "LineString", "coordinates": [[-118.336042, 37.415482], [-118.336215, 37.415539], [-118.336286, 37.415576], [-118.336372, 37.415654]]}, "props": {"MTFCC": "S1400", "NAME": null}}, {"geom": {"type": "LineString", "coordinates": [[-118.316024, 37.406404], [-118.315982, 37.406114], [-118.315995, 37.406044], [-118.316065, 37.405895], [-118.316177, 37.405836], [-118.316293, 37.405775], [-118.316536, 37.405562], [-118.316775, 37.405339]]}, "props": {"MTFCC": "S1400", "NAME": null}}, {"geom": {"type": "LineString", "coordinates": [[-118.350195, 37.4019], [-118.35008, 37.402184], [-118.349996, 37.402319], [-118.349888, 37.402437], [-118.34959, 37.402646], [-118.349332, 37.402804], [-118.349, 37.402959], [-118.3487, 37.403069], [-118.348518, 37.403123], [-118.348001, 37.403224]]}, "props": {"MTFCC": "S1400", "NAME": null}}, {"geom": {"type": "LineString", "coordinates": [[-118.315494, 37.39521], [-118.315232, 37.395523], [-118.315149, 37.395653], [-118.315108, 37.395755], [-118.315097, 37.395872], [-118.315119, 37.395958], [-118.315165, 37.396023], [-118.315229, 37.396115], [-118.315431, 37.396546], [-118.315526, 37.396819], [-118.315659, 37.397114], [-118.315743, 37.397218], [-118.315819, 37.397291], [-118.315812, 37.397555], [-118.315795, 37.397645], [-118.315757, 37.397751], [-118.315737, 37.397842], [-118.315727, 37.398002], [-118.315732, 37.398087], [-118.315776, 37.398256], [-118.315815, 37.398336], [-118.315971, 37.398577], [-118.316009, 37.398657], [-118.316051, 37.39881], [-118.316075, 37.398937], [-118.316121, 37.399419], [-118.316274, 37.400343], [-118.3163, 37.400709], [-118.316408, 37.40151], [-118.31641, 37.401799], [-118.31648, 37.402014], [-118.316701, 37.402568], [-118.31678, 37.402878], [-118.316801, 37.403175], [-118.316798, 37.40336], [-118.31678, 37.403625], [-118.316753, 37.40378], [-118.316721, 37.403875], [-118.316682, 37.403957], [-118.316645, 37.404113], [-118.316629, 37.404242], [-118.316595, 37.404325], [-118.31654, 37.404401], [-118.316419, 37.404519], [-118.316371, 37.404602], [-118.316356, 37.404724], [-118.316346, 37.404941]]}, "props": {"MTFCC": "S1400", "NAME": null}}, {"geom": {"type": "LineString", "coordinates": [[-118.348001, 37.403224], [-118.348034, 37.403331]]}, "props": {"MTFCC": "S1400", "NAME": null}}, {"geom": {"type": "LineString", "coordinates": [[-118.336036, 37.397629], [-118.336381, 37.398149], [-118.336738, 37.398636], [-118.336824, 37.39876], [-118.336999, 37.399078], [-118.337184, 37.399478], [-118.337348, 37.399874], [-118.337549, 37.40038], [-118.337879, 37.401019], [-118.337944, 37.401116], [-118.338107, 37.401298], [-118.338515, 37.401656]]}, "props": {"MTFCC": "S1400", "NAME": null}}, {"geom": {"type": "LineString", "coordinates": [[-118.275742, 37.406038], [-118.275645, 37.406017], [-118.275376, 37.40595], [-118.27517, 37.405926], [-118.275029, 37.405923], [-118.274871, 37.405955], [-118.274848, 37.405962], [-118.274679, 37.40603], [-118.274596, 37.406075], [-118.274544, 37.406114], [-118.274294, 37.406378], [-118.273757, 37.406869], [-118.273643, 37.406928], [-118.273511, 37.406956], [-118.272917, 37.406981], [-118.272858, 37.406984], [-118.272527, 37.406976], [-118.272161, 37.407031], [-118.27206, 37.407055], [-118.271639, 37.407154], [-118.271487, 37.40716], [-118.27134, 37.407128], [-118.270637, 37.406832], [-118.270254, 37.406696], [-118.269959, 37.40656], [-118.269736, 37.406499], [-118.269444, 37.406437], [-118.269119, 37.406406], [-118.26898, 37.406421], [-118.268894, 37.406454], [-118.268829, 37.406496], [-118.268748, 37.406622], [-118.268693, 37.406677], [-118.268595, 37.406714], [-118.268487, 37.406728], [-118.268378, 37.406714], [-118.268301, 37.406685], [-118.268183, 37.406583], [-118.268108, 37.406481], [-118.268068, 37.406391], [-118.267982, 37.405993], [-118.267955, 37.405915], [-118.267914, 37.405871], [-118.267874, 37.405852]]}, "props": {"MTFCC": "S1500", "NAME": null}}, {"geom": {"type": "LineString", "coordinates": [[-118.315998, 37.376265], [-118.316301, 37.376374], [-118.316375, 37.376385], [-118.316867, 37.376371], [-118.317149, 37.376381], [-118.317573, 37.376362], [-118.317898, 37.376324], [-118.318373, 37.376311], [-118.318645, 37.37626], [-118.318777, 37.376265], [-118.319021, 37.376315], [-118.319431, 37.376344], [-118.319651, 37.376314], [-118.320026, 37.376246], [-118.320278, 37.376232], [-118.320567, 37.376256], [-118.320903, 37.376256]]}, "props": {"MTFCC": "S1400", "NAME": null}}, {"geom": {"type": "LineString", "coordinates": [[-118.341945, 37.387759], [-118.34193, 37.387478], [-118.341861, 37.387245], [-118.341832, 37.387078], [-118.341838, 37.386897], [-118.341864, 37.386704], [-118.341818, 37.386583], [-118.341805, 37.386361], [-118.341756, 37.386184]]}, "props": {"MTFCC": "S1400", "NAME": null}}, {"geom": {"type": "LineString", "coordinates": [[-118.368536, 37.448207], [-118.36844, 37.448982]]}, "props": {"MTFCC": "S1400", "NAME": null}}, {"geom": {"type": "LineString", "coordinates": [[-118.338701, 37.435133], [-118.339399, 37.434831]]}, "props": {"MTFCC": "S1400", "NAME": null}}, {"geom": {"type": "LineString", "coordinates": [[-118.326083, 37.420016], [-118.326104, 37.420055], [-118.326194, 37.420173], [-118.326428, 37.420443], [-118.326505, 37.420567], [-118.326535, 37.420647], [-118.326535, 37.420696], [-118.32648, 37.42095], [-118.326457, 37.421289], [-118.326465, 37.421878], [-118.326559, 37.42233], [-118.326626, 37.422522], [-118.326717, 37.422663], [-118.326766, 37.422727], [-118.326869, 37.422821], [-118.327063, 37.422933], [-118.32709, 37.422969], [-118.327102, 37.423021], [-118.327094, 37.423063], [-118.327061, 37.423105], [-118.326933, 37.423198], [-118.326671, 37.423344], [-118.326611, 37.423388], [-118.326567, 37.423443], [-118.326529, 37.423575], [-118.32651, 37.423707], [-118.326512, 37.423853], [-118.326542, 37.423962], [-118.326613, 37.424035], [-118.326898, 37.42417], [-118.327027, 37.424242], [-118.327186, 37.424292], [-118.327243, 37.424324], [-118.327518, 37.424609], [-118.327665, 37.424715], [-118.32775, 37.424765], [-118.327869, 37.424818], [-118.328381, 37.425013], [-118.328558, 37.425093], [-118.32893, 37.425285], [-118.328989, 37.425322]]}, "props": {"MTFCC": "S1400", "NAME": null}}, {"geom": {"type": "LineString", "coordinates": [[-118.322373, 37.419725], [-118.322639, 37.419857], [-118.322762, 37.419937], [-118.322858, 37.420049], [-118.323025, 37.420282], [-118.323108, 37.420435], [-118.323212, 37.42055], [-118.323322, 37.420634], [-118.323663, 37.420953], [-118.323911, 37.421129], [-118.324007, 37.421187], [-118.324167, 37.421314]]}, "props": {"MTFCC": "S1400", "NAME": null}}, {"geom": {"type": "LineString", "coordinates": [[-118.319975, 37.392471], [-118.319514, 37.392754], [-118.318753, 37.393145], [-118.318175, 37.393425]]}, "props": {"MTFCC": "S1400", "NAME": null}}, {"geom": {"type": "LineString", "coordinates": [[-118.316078, 37.376795], [-118.317546, 37.37684]]}, "props": {"MTFCC": "S1400", "NAME": null}}, {"geom": {"type": "LineString", "coordinates": [[-118.350743, 37.401015], [-118.350619, 37.400927], [-118.350004, 37.400424], [-118.349794, 37.400218], [-118.349737, 37.400142]]}, "props": {"MTFCC": "S1400", "NAME": null}}, {"geom": {"type": "LineString", "coordinates": [[-118.368652, 37.401795], [-118.368532, 37.401785], [-118.368397, 37.401752], [-118.368268, 37.401702], [-118.367959, 37.401559], [-118.367942, 37.401245]]}, "props": {"MTFCC": "S1400", "NAME": null}}, {"geom": {"type": "LineString", "coordinates": [[-118.375478, 37.382336], [-118.375303, 37.382087]]}, "props": {"MTFCC": "S1400", "NAME": null}}, {"geom": {"type": "LineString", "coordinates": [[-118.362803, 37.458885], [-118.362749, 37.459029], [-118.362727, 37.459163], [-118.362703, 37.459409], [-118.362653, 37.459748], [-118.362628, 37.46011], [-118.36263, 37.460396], [-118.362417, 37.462394], [-118.362356, 37.462851]]}, "props": {"MTFCC": "S1400", "NAME": null}}, {"geom": {"type": "LineString", "coordinates": [[-118.3668, 37.459882], [-118.366876, 37.459988], [-118.366963, 37.460072], [-118.367001, 37.460085], [-118.367123, 37.460091], [-118.367329, 37.46005], [-118.367408, 37.46001], [-118.367466, 37.459952], [-118.367492, 37.459908], [-118.36754, 37.459879], [-118.367731, 37.459832], [-118.367857, 37.459817]]}, "props": {"MTFCC": "S1400", "NAME": null}}, {"geom": {"type": "LineString", "coordinates": [[-118.365133, 37.460084], [-118.365282, 37.460074], [-118.366004, 37.459929], [-118.366098, 37.459939], [-118.366153, 37.459955]]}, "props": {"MTFCC": "S1400", "NAME": null}}, {"geom": {"type": "LineString", "coordinates": [[-118.362747, 37.447381], [-118.36265, 37.447453], [-118.362587, 37.447489], [-118.362511, 37.447519], [-118.362427, 37.447538]]}, "props": {"MTFCC": "S1400", "NAME": null}}, {"geom": {"type": "LineString", "coordinates": [[-118.356992, 37.395384], [-118.356949, 37.395374], [-118.356764, 37.395443], [-118.356569, 37.395477], [-118.356498, 37.395466], [-118.356422, 37.395435], [-118.356361, 37.395386], [-118.356323, 37.395325], [-118.356176, 37.395142], [-118.356003, 37.394998], [-118.355793, 37.394876], [-118.355745, 37.394835], [-118.35559, 37.394731], [-118.355372, 37.394653], [-118.355307, 37.394664], [-118.355262, 37.394704], [-118.355263, 37.394753], [-118.355295, 37.39485], [-118.355311, 37.394924], [-118.355307, 37.394966], [-118.355282, 37.395022], [-118.355242, 37.39508], [-118.355215, 37.395156], [-118.355218, 37.395219], [-118.355239, 37.395307], [-118.35533, 37.395413], [-118.3554, 37.39551], [-118.355487, 37.395584], [-118.355578, 37.395624], [-118.355731, 37.395666], [-118.355776, 37.395666], [-118.355866, 37.395708], [-118.355928, 37.395776], [-118.355974, 37.3959], [-118.35601, 37.396085], [-118.356074, 37.396185], [-118.35615, 37.39625], [-118.356266, 37.396304], [-118.356329, 37.396358], [-118.35638, 37.396439], [-118.356398, 37.396529], [-118.356356, 37.396721], [-118.356317, 37.397009]]}, "props": {"MTFCC": "S1400", "NAME": null}}, {"geom": {"type": "LineString", "coordinates": [[-118.333909, 37.404807], [-118.333805, 37.404722], [-118.333681, 37.404667], [-118.33358, 37.404647], [-118.333462, 37.404644], [-118.333415, 37.404649], [-118.33338, 37.404663], [-118.333354, 37.404684], [-118.333321, 37.404747], [-118.333315, 37.404793], [-118.333321, 37.404842], [-118.333339, 37.404877], [-118.333404, 37.404928], [-118.333469, 37.404949], [-118.333551, 37.404945], [-118.33365, 37.404912], [-118.333773, 37.404839], [-118.333843, 37.404812], [-118.333909, 37.404807]]}, "props": {"MTFCC": "S1400", "NAME": null}}, {"geom": {"type": "LineString", "coordinates": [[-118.30333, 37.440822], [-118.303594, 37.440929], [-118.303818, 37.441035], [-118.304231, 37.441249], [-118.304477, 37.441363], [-118.304633, 37.441452], [-118.304782, 37.441502], [-118.304923, 37.441518], [-118.305106, 37.441523], [-118.305175, 37.441536], [-118.30549, 37.441641], [-118.305611, 37.441663], [-118.305798, 37.441667], [-118.305936, 37.441661], [-118.306049, 37.441666], [-118.306161, 37.44168], [-118.306271, 37.441704], [-118.306376, 37.441737], [-118.306974, 37.442073], [-118.307043, 37.44212], [-118.307095, 37.44217], [-118.30716, 37.442264], [-118.307214, 37.442304], [-118.307296, 37.442326], [-118.307382, 37.442319], [-118.307441, 37.442295], [-118.307524, 37.442235], [-118.307596, 37.442156], [-118.307647, 37.442066], [-118.307673, 37.441971], [-118.307676, 37.441924], [-118.307623, 37.441549], [-118.307625, 37.441465], [-118.307671, 37.441194], [-118.307702, 37.441087], [-118.30776, 37.440949], [-118.307794, 37.440824], [-118.307815, 37.4407], [-118.307801, 37.440632], [-118.30777, 37.440566], [-118.307688, 37.440486], [-118.307636, 37.440453], [-118.307254, 37.4403], [-118.307157, 37.440283], [-118.307009, 37.440289], [-118.306627, 37.440388], [-118.306199, 37.440436], [-118.305737, 37.440444], [-118.305582, 37.440438], [-118.305463, 37.440424], [-118.305385, 37.440405], [-118.305231, 37.44032], [-118.305147, 37.440245], [-118.305085, 37.440158], [-118.305038, 37.439999], [-118.30499, 37.439762], [-118.304955, 37.439647]]}, "props": {"MTFCC": "S1400", "NAME": null}}, {"geom": {"type": "LineString", "coordinates": [[-118.351233, 37.384453], [-118.350768, 37.384765]]}, "props": {"MTFCC": "S1400", "NAME": null}}, {"geom": {"type": "LineString", "coordinates": [[-118.190248, 37.416913], [-118.190244, 37.417229], [-118.190218, 37.417451], [-118.19016, 37.417664], [-118.19008, 37.417819], [-118.189985, 37.417959], [-118.189892, 37.418075], [-118.18925, 37.419058], [-118.189106, 37.419263], [-118.188882, 37.419572], [-118.188787, 37.419647], [-118.188516, 37.419758], [-118.18844, 37.419818], [-118.188391, 37.419894], [-118.188373, 37.419976], [-118.188368, 37.420126], [-118.188332, 37.420199], [-118.18827, 37.42026], [-118.188019, 37.420429], [-118.187893, 37.420549], [-118.187554, 37.420921], [-118.18747, 37.42098], [-118.187353, 37.421031], [-118.186833, 37.421162], [-118.18671, 37.421211]]}, "props": {"MTFCC": "S1400", "NAME": null}}, {"geom": {"type": "LineString", "coordinates": [[-118.186109, 37.383328], [-118.18572, 37.384207], [-118.185421, 37.384759], [-118.184941, 37.385791], [-118.184539, 37.386506], [-118.184125, 37.387199], [-118.184017, 37.387359], [-118.183945, 37.387651], [-118.183894, 37.387931], [-118.183802, 37.388267], [-118.183727, 37.38846], [-118.183632, 37.388612], [-118.183581, 37.388676], [-118.183359, 37.388891], [-118.183143, 37.389068]]}, "props": {"MTFCC": "S1400", "NAME": null}}, {"geom": {"type": "LineString", "coordinates": [[-118.507674, 37.36502], [-118.507999, 37.364986], [-118.508061, 37.364954], [-118.508095, 37.364901], [-118.508079, 37.364681], [-118.508055, 37.364645], [-118.508007, 37.364642], [-118.507967, 37.364668], [-118.507819, 37.364856], [-118.507674, 37.36502]]}, "props": {"MTFCC": "S1400", "NAME": null}}, {"geom": {"type": "LineString", "coordinates": [[-118.502053, 37.368527], [-118.502574, 37.368995], [-118.502621, 37.369058], [-118.502691, 37.369254], [-118.502743, 37.369322], [-118.502945, 37.369463], [-118.503565, 37.369874], [-118.503651, 37.369968], [-118.503706, 37.370067], [-118.503797, 37.370354], [-118.503844, 37.370436], [-118.504266, 37.370858], [-118.504367, 37.370969], [-118.504529, 37.371122], [-118.504707, 37.371279], [-118.504798, 37.371409], [-118.504912, 37.37159], [-118.504983, 37.371641], [-118.505074, 37.371665], [-118.50517, 37.371657], [-118.505317, 37.371608], [-118.505704, 37.371427], [-118.50584, 37.37134], [-118.505975, 37.371218], [-118.50614, 37.371036], [-118.506191, 37.371004], [-118.506238, 37.370986]]}, "props": {"MTFCC": "S1400", "NAME": null}}, {"geom": {"type": "LineString", "coordinates": [[-118.506238, 37.370986], [-118.506438, 37.370643], [-118.506683, 37.369934], [-118.506719, 37.369674], [-118.506808, 37.369515], [-118.506842, 37.369404], [-118.506925, 37.368965], [-118.506959, 37.368879], [-118.507038, 37.368778], [-118.507052, 37.368721], [-118.507029, 37.368461], [-118.507033, 37.368291], [-118.507054, 37.368194], [-118.507006, 37.368059], [-118.506821, 37.367685], [-118.506802, 37.367617], [-118.506821, 37.367313]]}, "props": {"MTFCC": "S1400", "NAME": null}}, {"geom": {"type": "LineString", "coordinates": [[-118.398586, 37.369513], [-118.398615, 37.370413]]}, "props": {"MTFCC": "S1400", "NAME": null}}, {"geom": {"type": "LineString", "coordinates": [[-118.422952, 37.372026], [-118.425297, 37.372054]]}, "props": {"MTFCC": "S1400", "NAME": null}}, {"geom": {"type": "LineString", "coordinates": [[-118.400093, 37.366346], [-118.400071, 37.36638], [-118.400026, 37.366414], [-118.399966, 37.36643], [-118.399898, 37.366437], [-118.399754, 37.366427], [-118.399707, 37.366412], [-118.399665, 37.366384], [-118.399626, 37.366345], [-118.399606, 37.366306], [-118.399596, 37.366247], [-118.399599, 37.3662], [-118.399569, 37.366155], [-118.399535, 37.366118], [-118.399955, 37.366122], [-118.400084, 37.366113]]}, "props": {"MTFCC": "S1400", "NAME": null}}, {"geom": {"type": "LineString", "coordinates": [[-118.620116, 37.458021], [-118.620039, 37.457855], [-118.619921, 37.457649], [-118.61989, 37.45756], [-118.619853, 37.457504], [-118.619738, 37.457396], [-118.619632, 37.457265], [-118.619602, 37.457191], [-118.619408, 37.456955], [-118.619109, 37.456531], [-118.618741, 37.455854], [-118.618552, 37.455562], [-118.61844, 37.455347], [-118.618346, 37.455228], [-118.618327, 37.455171], [-118.61832, 37.455116], [-118.618351, 37.454891], [-118.618369, 37.454838], [-118.618488, 37.454677], [-118.618497, 37.454605], [-118.618469, 37.454536], [-118.618372, 37.454406], [-118.618362, 37.454378], [-118.618367, 37.45431], [-118.618408, 37.454184], [-118.618418, 37.454103], [-118.618399, 37.454008], [-118.618414, 37.453935], [-118.618465, 37.453846], [-118.618479, 37.453728], [-118.618468, 37.453524], [-118.618497, 37.453438], [-118.618601, 37.453241], [-118.618698, 37.452995], [-118.618778, 37.452699], [-118.618774, 37.452609], [-118.618771, 37.452588], [-118.618682, 37.452262]]}, "props": {"MTFCC": "S1500", "NAME": null}}, {"geom": {"type": "LineString", "coordinates": [[-118.364561, 37.45758], [-118.364662, 37.457556], [-118.364858, 37.457447], [-118.365097, 37.457405]]}, "props": {"MTFCC": "S1400", "NAME": null}}, {"geom": {"type": "LineString", "coordinates": [[-118.293815, 37.460821], [-118.294102, 37.461024], [-118.294342, 37.461214], [-118.294509, 37.461378], [-118.294676, 37.461565], [-118.294819, 37.461744]]}, "props": {"MTFCC": "S1400", "NAME": null}}, {"geom": {"type": "LineString", "coordinates": [[-118.422941, 37.374632], [-118.422623, 37.374687], [-118.422336, 37.374706], [-118.422172, 37.374706]]}, "props": {"MTFCC": "S1400", "NAME": null}}, {"geom": {"type": "LineString", "coordinates": [[-118.502174, 37.406384], [-118.50226, 37.406533], [-118.50231, 37.406582], [-118.502372, 37.406624], [-118.502761, 37.406826], [-118.503046, 37.407022], [-118.503195, 37.407109], [-118.50441, 37.407895], [-118.504652, 37.408028], [-118.504758, 37.408077], [-118.505587, 37.408413], [-118.505827, 37.408518], [-118.506412, 37.408818], [-118.50687, 37.409002], [-118.507019, 37.409071]]}, "props": {"MTFCC": "S1400", "NAME": null}}, {"geom": {"type": "LineString", "coordinates": [[-118.498311, 37.405479], [-118.498478, 37.405474], [-118.498593, 37.405494], [-118.498648, 37.405511], [-118.498711, 37.405543]]}, "props": {"MTFCC": "S1400", "NAME": null}}, {"geom": {"type": "LineString", "coordinates": [[-118.489292, 37.380244], [-118.489358, 37.37981], [-118.489419, 37.379291], [-118.4898, 37.37649], [-118.489855, 37.376356], [-118.489895, 37.376294], [-118.48996, 37.376217], [-118.4905, 37.375669]]}, "props": {"MTFCC": "S1400", "NAME": null}}, {"geom": {"type": "LineString", "coordinates": [[-118.46957529831144, 37.3641], [-118.469222, 37.364816], [-118.468879, 37.365547], [-118.468065, 37.367173], [-118.467649, 37.367904]]}, "props": {"MTFCC": "S1400", "NAME": null}}, {"geom": {"type": "LineString", "coordinates": [[-118.365631, 37.381318], [-118.366188, 37.381294], [-118.36631, 37.381288], [-118.368306, 37.381201]]}, "props": {"MTFCC": "S1400", "NAME": null}}, {"geom": {"type": "LineString", "coordinates": [[-118.288112, 37.391847], [-118.288109, 37.391984], [-118.288141, 37.392106], [-118.288204, 37.392219], [-118.288271, 37.392297], [-118.288417, 37.392399], [-118.289313, 37.392795], [-118.289433, 37.392874], [-118.289628, 37.393059], [-118.289991, 37.393347], [-118.29019, 37.393535], [-118.290326, 37.393691], [-118.290442, 37.393787], [-118.290728, 37.393971], [-118.291197, 37.394314], [-118.291781, 37.394667], [-118.292181, 37.394841], [-118.292383, 37.39491], [-118.292435, 37.394925], [-118.293323, 37.395137], [-118.293558, 37.395163], [-118.293683, 37.395156], [-118.293765, 37.39514], [-118.293802, 37.395132], [-118.293936, 37.395138], [-118.294048, 37.395157], [-118.294307, 37.395201], [-118.295146, 37.395298], [-118.295562, 37.395333], [-118.295851, 37.395381], [-118.296124, 37.395391], [-118.29622, 37.395421], [-118.29649, 37.395573], [-118.296657, 37.395673], [-118.296772, 37.395719], [-118.296897, 37.395761], [-118.297067, 37.395838], [-118.297161, 37.395903], [-118.29726, 37.395994], [-118.297465, 37.396114], [-118.297843, 37.396251], [-118.298057, 37.396311], [-118.298256, 37.396352], [-118.298702, 37.396398], [-118.299031, 37.396448], [-118.299275, 37.396499], [-118.299514, 37.396571], [-118.299618, 37.396594], [-118.299725, 37.396608], [-118.300042, 37.39661], [-118.300364, 37.396596], [-118.300495, 37.39658], [-118.300622, 37.396553], [-118.300789, 37.3965], [-118.301148, 37.396339], [-118.301296, 37.396269], [-118.301436, 37.396217], [-118.301692, 37.39617], [-118.301886, 37.396102], [-118.302026, 37.396025], [-118.302285, 37.395913], [-118.302693, 37.395789], [-118.302733, 37.395778], [-118.3034, 37.395597], [-118.303526, 37.395567], [-118.303612, 37.395531], [-118.30437, 37.395108], [-118.304449, 37.395052], [-118.304527, 37.394978], [-118.304694, 37.39482], [-118.304856, 37.394633], [-118.30489, 37.394551], [-118.304879, 37.394466], [-118.304784, 37.394167], [-118.304788, 37.394098], [-118.304858, 37.393973], [-118.304894, 37.393917], [-118.304977, 37.393789], [-118.305051, 37.393696], [-118.305119, 37.393633], [-118.305336, 37.393473], [-118.305446, 37.393334], [-118.305931, 37.392809], [-118.305967, 37.392762], [-118.306059, 37.392647], [-118.306101, 37.392616], [-118.306178, 37.392575], [-118.306309, 37.392506], [-118.306518, 37.392339], [-118.306722, 37.392152], [-118.306856, 37.392028], [-118.307118, 37.391831], [-118.307175, 37.391796], [-118.30744, 37.391665], [-118.307491, 37.391632], [-118.307936, 37.391219], [-118.308163, 37.391063], [-118.308447, 37.390896], [-118.308635, 37.390787], [-118.308739, 37.390731], [-118.308828, 37.390689], [-118.309038, 37.390594], [-118.309199, 37.390553], [-118.309349, 37.390541], [-118.309558, 37.390553], [-118.309654, 37.390567], [-118.310038, 37.390664], [-118.310695, 37.390762], [-118.310915, 37.390807], [-118.311202, 37.390885], [-118.311914, 37.39112], [-118.312265, 37.391248], [-118.312639, 37.391367], [-118.312758, 37.391393], [-118.313123, 37.391431], [-118.313267, 37.391472], [-118.313458, 37.39156], [-118.313566, 37.3916], [-118.313687, 37.391641], [-118.313964, 37.391766], [-118.314505, 37.392065], [-118.314623, 37.392125], [-118.314689, 37.392143], [-118.314764, 37.392151]]}, "props": {"MTFCC": "S1400", "NAME": null}}, {"geom": {"type": "LineString", "coordinates": [[-118.557017, 37.380403], [-118.556898, 37.379986], [-118.556861, 37.379703], [-118.556864, 37.37947], [-118.556925, 37.379065], [-118.556978, 37.378859], [-118.557029, 37.378711], [-118.557235, 37.378343], [-118.557265, 37.37827], [-118.557278, 37.378203], [-118.557262, 37.37812], [-118.55724, 37.378089], [-118.557191, 37.378063], [-118.557063, 37.378032], [-118.556977, 37.378001], [-118.556808, 37.377913], [-118.556694, 37.377869], [-118.556591, 37.377844], [-118.55649, 37.377837], [-118.556132, 37.377845], [-118.555779, 37.377884], [-118.555654, 37.377883], [-118.555604, 37.377854], [-118.555585, 37.377816], [-118.555608, 37.377757], [-118.555649, 37.377731], [-118.556271, 37.377534], [-118.556461, 37.377454], [-118.55663, 37.377418], [-118.556957, 37.377377], [-118.557296, 37.37735], [-118.558029, 37.377316], [-118.558274, 37.377351], [-118.558413, 37.377384], [-118.558495, 37.377395], [-118.558579, 37.377417], [-118.558774, 37.377506], [-118.55887, 37.377529], [-118.558909, 37.377531], [-118.558939, 37.377515], [-118.558953, 37.377488], [-118.558967, 37.377189], [-118.558959, 37.377091], [-118.558902, 37.376981], [-118.558831, 37.376903], [-118.558742, 37.376839], [-118.558577, 37.376754], [-118.558366, 37.376598], [-118.558263, 37.376485], [-118.558192, 37.376356], [-118.558157, 37.376257], [-118.558113, 37.376222], [-118.558091, 37.376214], [-118.557983, 37.376226], [-118.557814, 37.376291], [-118.55751, 37.37647], [-118.557443, 37.376481], [-118.557377, 37.37647], [-118.557209, 37.376368], [-118.557098, 37.376328], [-118.556899, 37.3763], [-118.55686, 37.376287], [-118.556841, 37.376268], [-118.556843, 37.376245], [-118.556904, 37.376195], [-118.557136, 37.376068], [-118.557249, 37.376002], [-118.557455, 37.375902], [-118.5575, 37.375868], [-118.557503, 37.37582], [-118.557491, 37.375797], [-118.557455, 37.375782], [-118.556984, 37.375808], [-118.556853, 37.375807], [-118.556233, 37.37575], [-118.556012, 37.375708], [-118.555966, 37.375708], [-118.55571, 37.375775], [-118.555671, 37.375764], [-118.555645, 37.375747], [-118.555635, 37.375728], [-118.555665, 37.375686], [-118.555738, 37.375645], [-118.555885, 37.375576], [-118.556032, 37.375528], [-118.556046, 37.375513], [-118.556033, 37.375477], [-118.555999, 37.375454], [-118.555911, 37.375433], [-118.55546, 37.375369], [-118.555166, 37.375338], [-118.554752, 37.375262], [-118.554431, 37.375232], [-118.554285, 37.375209], [-118.553852, 37.37508], [-118.553459, 37.375036], [-118.553099, 37.374941], [-118.55286, 37.374848]]}, "props": {"MTFCC": "S1400", "NAME": null}}, {"geom": {"type": "LineString", "coordinates": [[-118.461635, 37.375834], [-118.461675, 37.375777], [-118.461721, 37.375738], [-118.461792, 37.375708], [-118.461957, 37.37568], [-118.462125, 37.37568], [-118.462813, 37.375694], [-118.462937, 37.375667], [-118.46307, 37.375599], [-118.463132, 37.375545], [-118.463569, 37.375079], [-118.463849, 37.374808], [-118.46393, 37.374748], [-118.464627, 37.37429], [-118.46465, 37.374239], [-118.46464, 37.374193], [-118.464609, 37.374159], [-118.464426, 37.374082], [-118.464391, 37.374034], [-118.464396, 37.37399], [-118.464446, 37.373921], [-118.464514, 37.373879], [-118.46474, 37.373792], [-118.464779, 37.373761], [-118.465133, 37.373321], [-118.465219, 37.373193], [-118.465518, 37.372533], [-118.466286, 37.37102], [-118.466598, 37.370362], [-118.466648, 37.370292], [-118.466752, 37.370221], [-118.466808, 37.370153], [-118.466834, 37.370075], [-118.46684, 37.3699], [-118.466872, 37.369797], [-118.467234, 37.369025]]}, "props": {"MTFCC": "S1400", "NAME": null}}, {"geom": {"type": "LineString", "coordinates": [[-118.306864, 37.385975], [-118.307163, 37.385957], [-118.307469, 37.38595], [-118.308047, 37.385975], [-118.308489, 37.385956], [-118.308791, 37.385993], [-118.308877, 37.385994], [-118.308967, 37.385984], [-118.309178, 37.385944], [-118.309452, 37.385917], [-118.309852, 37.385933], [-118.30988, 37.385932], [-118.309958, 37.385918], [-118.31007, 37.385875], [-118.310349, 37.38575], [-118.310498, 37.385701], [-118.310873, 37.38563], [-118.311059, 37.385583], [-118.311166, 37.385546], [-118.311393, 37.385407], [-118.311769, 37.385145], [-118.312064, 37.384925], [-118.312121, 37.384815], [-118.312092, 37.384653], [-118.312056, 37.384539], [-118.312026, 37.384442], [-118.311992, 37.384191], [-118.311997, 37.384147], [-118.312008, 37.384128], [-118.312033, 37.384099], [-118.312066, 37.38408], [-118.312222, 37.384055], [-118.312299, 37.384021], [-118.31233, 37.383999], [-118.312426, 37.383867], [-118.312458, 37.383838], [-118.312575, 37.383784], [-118.312721, 37.383704], [-118.312843, 37.383605], [-118.312884, 37.383534], [-118.312906, 37.38346], [-118.313018, 37.383298]]}, "props": {"MTFCC": "S1400", "NAME": null}}, {"geom": {"type": "LineString", "coordinates": [[-118.503733, 37.405919], [-118.503372, 37.405925], [-118.50326, 37.405933]]}, "props": {"MTFCC": "S1400", "NAME": null}}, {"geom": {"type": "LineString", "coordinates": [[-118.502825, 37.405547], [-118.503279, 37.405295], [-118.503612, 37.405123]]}, "props": {"MTFCC": "S1400", "NAME": null}}, {"geom": {"type": "LineString", "coordinates": [[-118.442176, 37.393183], [-118.442254, 37.393169], [-118.44239, 37.393169], [-118.442553, 37.393181]]}, "props": {"MTFCC": "S1400", "NAME": null}}, {"geom": {"type": "LineString", "coordinates": [[-118.432009, 37.397489], [-118.432146, 37.397374], [-118.432201, 37.397301], [-118.432251, 37.39718], [-118.432331, 37.396855], [-118.43233, 37.396774], [-118.432265, 37.396589], [-118.432275, 37.396517], [-118.432321, 37.396454], [-118.432478, 37.396308], [-118.432597, 37.396126], [-118.432716, 37.395917], [-118.432757, 37.395832], [-118.43276, 37.395667], [-118.432797, 37.395602], [-118.432865, 37.395554], [-118.433027, 37.39551], [-118.433195, 37.395478], [-118.433639, 37.395347], [-118.433888, 37.395265]]}, "props": {"MTFCC": "S1400", "NAME": null}}, {"geom": {"type": "LineString", "coordinates": [[-118.421191, 37.398236], [-118.421185, 37.398197], [-118.421211, 37.398106], [-118.421269, 37.398018], [-118.42129, 37.397922], [-118.421291, 37.397862]]}, "props": {"MTFCC": "S1400", "NAME": null}}, {"geom": {"type": "LineString", "coordinates": [[-118.41981, 37.397827], [-118.41987, 37.397871], [-118.419945, 37.397902], [-118.420346, 37.397935], [-118.420453, 37.397963], [-118.420825, 37.398143], [-118.421047, 37.398216], [-118.421191, 37.398236]]}, "props": {"MTFCC": "S1400", "NAME": null}}, {"geom": {"type": "LineString", "coordinates": [[-118.418928, 37.396614], [-118.419136, 37.396818], [-118.419197, 37.396865], [-118.419634, 37.397105], [-118.419687, 37.397119]]}, "props": {"MTFCC": "S1400", "NAME": null}}, {"geom": {"type": "LineString", "coordinates": [[-118.405174, 37.408904], [-118.405279, 37.408901], [-118.405383, 37.408921], [-118.405551, 37.408971], [-118.405654, 37.40898], [-118.40603, 37.408938], [-118.406674, 37.408819], [-118.406804, 37.408801], [-118.407118, 37.408801], [-118.407385, 37.408817], [-118.407448, 37.408806], [-118.407505, 37.408787], [-118.407848, 37.408674], [-118.408087, 37.408628], [-118.408385, 37.408603], [-118.40888, 37.408613], [-118.409961, 37.408614], [-118.410292, 37.408625], [-118.410443, 37.408621]]}, "props": {"MTFCC": "S1400", "NAME": null}}, {"geom": {"type": "LineString", "coordinates": [[-118.402522, 37.40439], [-118.402743, 37.404629], [-118.403562, 37.405585], [-118.403814, 37.405916], [-118.404135, 37.406303], [-118.404554, 37.406789], [-118.404736, 37.407059], [-118.40485, 37.407291], [-118.404896, 37.407423], [-118.404953, 37.407759], [-118.405051, 37.408412], [-118.405174, 37.408904]]}, "props": {"MTFCC": "S1400", "NAME": null}}, {"geom": {"type": "LineString", "coordinates": [[-118.487575, 37.436003], [-118.487763, 37.435602], [-118.487912, 37.435464], [-118.488261, 37.435143], [-118.488391, 37.434965], [-118.488501, 37.434793], [-118.488574, 37.434609], [-118.488589, 37.434509], [-118.488585, 37.434444], [-118.48858, 37.434361], [-118.488602, 37.434315], [-118.488968, 37.433857], [-118.489202, 37.433553], [-118.489401, 37.43327], [-118.489478, 37.433204], [-118.489594, 37.433137], [-118.489779, 37.433064], [-118.489863, 37.433005], [-118.489937, 37.432881], [-118.489989, 37.432705], [-118.490152, 37.432533], [-118.490217, 37.432443], [-118.490257, 37.432352], [-118.490273, 37.432271], [-118.490331, 37.432208], [-118.490583, 37.431977], [-118.490939, 37.431487], [-118.491052, 37.431307], [-118.491289, 37.430804], [-118.49155, 37.43006], [-118.491817, 37.429558], [-118.491931, 37.429298], [-118.491979, 37.429029], [-118.492051, 37.428914], [-118.492138, 37.42884], [-118.492234, 37.428784], [-118.492344, 37.428737], [-118.492506, 37.428698], [-118.492753, 37.428698], [-118.492845, 37.428708]]}, "props": {"MTFCC": "S1500", "NAME": null}}, {"geom": {"type": "LineString", "coordinates": [[-118.441176, 37.415138], [-118.441248, 37.414738], [-118.441244, 37.414658], [-118.441183, 37.414439], [-118.441144, 37.414211], [-118.441117, 37.414049], [-118.441132, 37.413948], [-118.441156, 37.413893], [-118.441279, 37.413753], [-118.441419, 37.413582], [-118.441493, 37.413423], [-118.441555, 37.413343], [-118.441565, 37.413316]]}, "props": {"MTFCC": "S1400", "NAME": null}}, {"geom": {"type": "LineString", "coordinates": [[-118.388493, 37.408913], [-118.388392, 37.408951], [-118.388237, 37.409062]]}, "props": {"MTFCC": "S1400", "NAME": null}}, {"geom": {"type": "LineString", "coordinates": [[-118.386236, 37.416102], [-118.386224, 37.415942], [-118.386228, 37.415573], [-118.386217, 37.415232], [-118.386191, 37.415033], [-118.386149, 37.414839]]}, "props": {"MTFCC": "S1400", "NAME": null}}, {"geom": {"type": "LineString", "coordinates": [[-118.301821, 37.441345], [-118.301446, 37.44152], [-118.301159, 37.441676], [-118.301057, 37.441738], [-118.300958, 37.44181], [-118.300841, 37.441932], [-118.300773, 37.441991], [-118.300542, 37.442139], [-118.300416, 37.442232], [-118.300103, 37.442432], [-118.299952, 37.442501], [-118.299787, 37.442543], [-118.29959, 37.442558], [-118.299458, 37.442563], [-118.299151, 37.442615], [-118.298827, 37.4427], [-118.29868, 37.442757], [-118.298547, 37.442815], [-118.298416, 37.442887], [-118.298189, 37.443034], [-118.29778, 37.443333], [-118.29761, 37.44348], [-118.297486, 37.443555], [-118.297278, 37.443625], [-118.297129, 37.443712], [-118.296915, 37.4438], [-118.296842, 37.443867], [-118.29671, 37.444007], [-118.2966, 37.444182], [-118.2964, 37.44437], [-118.29627, 37.444525], [-118.296023, 37.444844], [-118.295904, 37.445022], [-118.295807, 37.445098], [-118.295728, 37.445134], [-118.295576, 37.445173], [-118.295435, 37.445228], [-118.295347, 37.445239], [-118.29526, 37.445228], [-118.295193, 37.445202], [-118.295157, 37.445171], [-118.295052, 37.444974], [-118.29493, 37.44481], [-118.294831, 37.444712], [-118.294742, 37.44467], [-118.294554, 37.444642], [-118.294515, 37.444631], [-118.294307, 37.444506], [-118.294141, 37.444456], [-118.293996, 37.444421], [-118.293753, 37.444399], [-118.293454, 37.444398], [-118.293326, 37.44438], [-118.293192, 37.444308], [-118.293065, 37.444253], [-118.292925, 37.444161], [-118.29286, 37.444131], [-118.292749, 37.444122], [-118.292052, 37.444082]]}, "props": {"MTFCC": "S1400", "NAME": null}}, {"geom": {"type": "LineString", "coordinates": [[-118.101553, 37.431305], [-118.101716, 37.431739], [-118.101592, 37.432433]]}, "props": {"MTFCC": "S1400", "NAME": null}}, {"geom": {"type": "LineString", "coordinates": [[-118.394831, 37.408412], [-118.394798, 37.408474], [-118.394753, 37.408503], [-118.39457, 37.408578], [-118.394518, 37.408609], [-118.394439, 37.408711], [-118.394369, 37.408846], [-118.394331, 37.408959]]}, "props": {"MTFCC": "S1400", "NAME": null}}, {"geom": {"type": "LineString", "coordinates": [[-118.502167, 37.401647], [-118.502244, 37.401711], [-118.502334, 37.401733], [-118.502421, 37.401743], [-118.502492, 37.40175], [-118.502551, 37.401769], [-118.502582, 37.401828], [-118.502593, 37.401898], [-118.502577, 37.401963], [-118.502533, 37.402021], [-118.502497, 37.402083], [-118.502494, 37.402151], [-118.50252, 37.402214], [-118.502552, 37.402277], [-118.502576, 37.402346], [-118.502585, 37.402423], [-118.502571, 37.402504], [-118.502546, 37.402582], [-118.502522, 37.402663], [-118.502497, 37.402745], [-118.502473, 37.402826], [-118.502458, 37.402899], [-118.502455, 37.402968], [-118.502451, 37.403034], [-118.502445, 37.403107], [-118.502446, 37.403188], [-118.502449, 37.403288], [-118.502451, 37.403351], [-118.502453, 37.403425], [-118.502449, 37.403501], [-118.502438, 37.403589]]}, "props": {"MTFCC": "S1400", "NAME": null}}, {"geom": {"type": "LineString", "coordinates": [[-118.52862, 37.4141], [-118.528545, 37.414138]]}, "props": {"MTFCC": "S1400", "NAME": null}}, {"geom": {"type": "LineString", "coordinates": [[-118.500199, 37.400488], [-118.500407, 37.400357], [-118.500634, 37.400163]]}, "props": {"MTFCC": "S1400", "NAME": null}}, {"geom": {"type": "LineString", "coordinates": [[-118.354491, 37.375965], [-118.354352, 37.376075], [-118.354259, 37.376108]]}, "props": {"MTFCC": "S1400", "NAME": null}}, {"geom": {"type": "LineString", "coordinates": [[-118.115196, 37.409621], [-118.116184, 37.41008], [-118.116348, 37.410222], [-118.116432, 37.410455], [-118.116448, 37.41072], [-118.116596, 37.411529], [-118.116579, 37.411703], [-118.116336, 37.411835], [-118.116049, 37.411812], [-118.115734, 37.411721], [-118.115412, 37.411058], [-118.115186, 37.410923]]}, "props": {"MTFCC": "S1400", "NAME": null}}, {"geom": {"type": "LineString", "coordinates": [[-118.115186, 37.410923], [-118.114973, 37.410788], [-118.112046, 37.410056], [-118.110984, 37.410057], [-118.110611, 37.410309], [-118.110238, 37.410698], [-118.109866, 37.411408], [-118.10955, 37.411545], [-118.109062, 37.411248]]}, "props": {"MTFCC": "S1400", "NAME": null}}, {"geom": {"type": "LineString", "coordinates": [[-118.51569, 37.413018], [-118.515697, 37.41308], [-118.515708, 37.413139], [-118.515699, 37.413196]]}, "props": {"MTFCC": "S1400", "NAME": null}}, {"geom": {"type": "LineString", "coordinates": [[-118.414146, 37.376757], [-118.41414, 37.376556]]}, "props": {"MTFCC": "S1400", "NAME": null}}, {"geom": {"type": "LineString", "coordinates": [[-118.415165, 37.376451], [-118.415405, 37.37655], [-118.415461, 37.376596], [-118.415484, 37.376627], [-118.415496, 37.376662], [-118.415497, 37.376732]]}, "props": {"MTFCC": "S1400", "NAME": null}}, {"geom": {"type": "LineString", "coordinates": [[-118.41545, 37.376937], [-118.415417, 37.377071], [-118.415376, 37.377116], [-118.415315, 37.377144], [-118.415254, 37.377151], [-118.414139, 37.377172]]}, "props": {"MTFCC": "S1400", "NAME": null}}, {"geom": {"type": "LineString", "coordinates": [[-118.414723, 37.377786], [-118.414945, 37.37776], [-118.41519, 37.377747], [-118.41543, 37.377749], [-118.416046, 37.377784]]}, "props": {"MTFCC": "S1400", "NAME": null}}, {"geom": {"type": "LineString", "coordinates": [[-118.677188, 37.374279], [-118.677389, 37.374353], [-118.67764, 37.374404], [-118.677987, 37.374521], [-118.678118, 37.374561], [-118.678219, 37.374604]]}, "props": {"MTFCC": "S1400", "NAME": null}}, {"geom": {"type": "LineString", "coordinates": [[-118.734053, 37.448657], [-118.734018, 37.448886], [-118.73402, 37.448983], [-118.733998, 37.449058], [-118.733898, 37.449185], [-118.733832, 37.449351], [-118.733833, 37.449382], [-118.73385, 37.449407], [-118.733909, 37.449433], [-118.734161, 37.449494], [-118.734289, 37.449541], [-118.734523, 37.449721], [-118.734634, 37.449778], [-118.734749, 37.449809], [-118.734879, 37.449822], [-118.735041, 37.449812], [-118.735199, 37.449769]]}, "props": {"MTFCC": "S1400", "NAME": null}}, {"geom": {"type": "LineString", "coordinates": [[-118.675544, 37.376991], [-118.675703, 37.377022], [-118.675824, 37.377057], [-118.675903, 37.377114], [-118.675947, 37.377192], [-118.675952, 37.377246], [-118.675942, 37.377429], [-118.6759, 37.377721], [-118.675874, 37.377844], [-118.675801, 37.378043], [-118.675775, 37.378079], [-118.675744, 37.378105], [-118.675704, 37.378123], [-118.675595, 37.378129]]}, "props": {"MTFCC": "S1500", "NAME": null}}, {"geom": {"type": "LineString", "coordinates": [[-118.419982, 37.384109], [-118.420025, 37.383628]]}, "props": {"MTFCC": "S1400", "NAME": null}}, {"geom": {"type": "LineString", "coordinates": [[-117.984838, 37.371537], [-117.985085, 37.371293], [-117.985188, 37.37119], [-117.985513, 37.371327], [-117.985776, 37.371391], [-117.986015, 37.371385], [-117.986195, 37.371342], [-117.986299, 37.371334], [-117.986548, 37.371436], [-117.986604, 37.371488], [-117.986633, 37.371603], [-117.986642, 37.371789], [-117.986689, 37.371986], [-117.987149, 37.373157], [-117.987617, 37.37429], [-117.987882, 37.374712], [-117.989507, 37.373181], [-117.997317, 37.365825]]}, "props": {"MTFCC": "S1400", "NAME": null}}, {"geom": {"type": "LineString", "coordinates": [[-117.809008, 37.417188], [-117.809432, 37.417386], [-117.80985, 37.417542], [-117.810013, 37.41759], [-117.811262, 37.417908], [-117.811629, 37.417965], [-117.811876, 37.418026], [-117.81245, 37.418246], [-117.81287, 37.418454], [-117.813092, 37.418513], [-117.813758, 37.418675], [-117.813929, 37.418739], [-117.814874, 37.419137], [-117.815241, 37.419264], [-117.815572, 37.419393], [-117.815938, 37.419573], [-117.816124, 37.419678], [-117.816431, 37.419852]]}, "props": {"MTFCC": "S1400", "NAME": null}}, {"geom": {"type": "LineString", "coordinates": [[-117.802749, 37.405863], [-117.80285, 37.40586], [-117.803284, 37.405934], [-117.803602, 37.406019], [-117.803934, 37.406138], [-117.804178, 37.406244], [-117.804662, 37.406427], [-117.804825, 37.406481], [-117.805027, 37.406531], [-117.805271, 37.406568], [-117.805439, 37.406584], [-117.805554, 37.406587], [-117.805721, 37.406576], [-117.805933, 37.406542], [-117.80606, 37.406509], [-117.806148, 37.406473], [-117.806236, 37.406451], [-117.80638, 37.40644], [-117.806486, 37.406454], [-117.806565, 37.406474], [-117.806865, 37.406474], [-117.807923, 37.406554], [-117.808394, 37.40662], [-117.808554, 37.406684], [-117.809123, 37.406885], [-117.809195, 37.406888], [-117.809551, 37.406875], [-117.809871, 37.406886], [-117.810271, 37.406948], [-117.810525, 37.406999], [-117.810833, 37.407132], [-117.810963, 37.407198], [-117.811268, 37.407325], [-117.811873, 37.407511], [-117.812452, 37.407754], [-117.81334, 37.40807], [-117.813594, 37.408136], [-117.813794, 37.408176], [-117.814031, 37.408265], [-117.814349, 37.408449], [-117.814769, 37.408742], [-117.814917, 37.408794], [-117.814992, 37.40881], [-117.815449, 37.408813], [-117.815699, 37.408801], [-117.816253, 37.408752], [-117.816414, 37.408729], [-117.816656, 37.408645], [-117.816757, 37.408622], [-117.817416, 37.408543], [-117.818082, 37.40844], [-117.818251, 37.408397], [-117.818418, 37.408331], [-117.818727, 37.408178], [-117.818794, 37.408134], [-117.818945, 37.408001], [-117.819473, 37.407482], [-117.819542, 37.407423], [-117.819658, 37.407324], [-117.819832, 37.407095], [-117.82018, 37.406598], [-117.82028, 37.406455], [-117.82033, 37.406413], [-117.820717, 37.406155], [-117.821111, 37.405932], [-117.82137, 37.405795], [-117.821645, 37.40567], [-117.82181, 37.40558], [-117.822126, 37.405371], [-117.822321, 37.405255], [-117.822385, 37.405229], [-117.822656, 37.405122], [-117.823996, 37.404667], [-117.824201, 37.404604], [-117.824299, 37.404582], [-117.824404, 37.40457], [-117.825169, 37.404614], [-117.825459, 37.404575], [-117.825836, 37.404497], [-117.826182, 37.404475], [-117.826417, 37.404481], [-117.826537, 37.404503], [-117.826642, 37.404535], [-117.826831, 37.404603], [-117.826916, 37.404634], [-117.827192, 37.404758], [-117.827293, 37.404785], [-117.82735, 37.4048], [-117.827434, 37.404811], [-117.827657, 37.4048], [-117.828063, 37.404732], [-117.828258, 37.404713], [-117.828431, 37.404717], [-117.828498, 37.404726], [-117.828707, 37.404799], [-117.828858, 37.404885], [-117.829236, 37.405077], [-117.829695, 37.405263], [-117.829817, 37.405291], [-117.830076, 37.405322], [-117.830251, 37.405365], [-117.830541, 37.40548], [-117.830734, 37.405572], [-117.830819, 37.405655], [-117.830983, 37.405867], [-117.831249, 37.406111], [-117.831466, 37.406261], [-117.831641, 37.406374], [-117.831812, 37.406436], [-117.832268, 37.406536], [-117.832374, 37.406561], [-117.832475, 37.406587], [-117.833239, 37.406848], [-117.833595, 37.406919], [-117.833909, 37.407033], [-117.833977, 37.407062], [-117.834178, 37.407146], [-117.834258, 37.407173], [-117.834673, 37.407311], [-117.834822, 37.407353], [-117.835001, 37.40737], [-117.835184, 37.407362], [-117.835457, 37.407301], [-117.835631, 37.407254], [-117.835947, 37.407224], [-117.836193, 37.407245], [-117.836339, 37.407246], [-117.837164, 37.407209], [-117.837918, 37.407089], [-117.838353, 37.407007], [-117.838654, 37.406922], [-117.83888, 37.406869], [-117.839314, 37.406799], [-117.839642, 37.406768]]}, "props": {"MTFCC": "S1400", "NAME": null}}, {"geom": {"type": "LineString", "coordinates": [[-117.865721, 37.414848], [-117.864935, 37.415364], [-117.864485, 37.415669], [-117.863921, 37.416011], [-117.863541, 37.416199], [-117.86313, 37.416428], [-117.862925, 37.416542], [-117.86272, 37.416648], [-117.861922, 37.417016], [-117.861611, 37.417136], [-117.861083, 37.417341], [-117.860717, 37.417464], [-117.86013, 37.417638], [-117.858802, 37.418004], [-117.85825, 37.418163], [-117.857702, 37.418347], [-117.856612, 37.418806], [-117.855449, 37.419273], [-117.855244, 37.419347], [-117.854512, 37.419545], [-117.853285, 37.419904], [-117.851217, 37.420619], [-117.85097, 37.420731], [-117.850904, 37.420753], [-117.850653, 37.420804], [-117.85018, 37.420927], [-117.849809, 37.420941], [-117.849539, 37.420983], [-117.848987, 37.421108], [-117.848908, 37.421116], [-117.848748, 37.421169], [-117.848312, 37.421406], [-117.8482, 37.421473], [-117.848113, 37.421556], [-117.848031, 37.421649], [-117.847976, 37.421694], [-117.847428, 37.421963], [-117.847315, 37.422011], [-117.846493, 37.422242], [-117.846085, 37.422296], [-117.845995, 37.422321], [-117.845534, 37.422403], [-117.844847, 37.422507], [-117.844531, 37.42259], [-117.844266, 37.42264], [-117.84383, 37.422741], [-117.843643, 37.422808], [-117.84348, 37.422888], [-117.843208, 37.422986], [-117.842753, 37.423111], [-117.842523, 37.423194], [-117.842435, 37.423219], [-117.841482, 37.423402], [-117.840307, 37.423591], [-117.839818, 37.423654], [-117.839655, 37.423682]]}, "props": {"MTFCC": "S1400", "NAME": null}}, {"geom": {"type": "LineString", "coordinates": [[-117.831475, 37.463993], [-117.832473, 37.464058], [-117.8337, 37.464083], [-117.834198, 37.464125], [-117.834951, 37.464214], [-117.835325, 37.464305], [-117.835976, 37.464523], [-117.836239, 37.464712], [-117.836389, 37.464781]]}, "props": {"MTFCC": "S1400", "NAME": null}}, {"geom": {"type": "LineString", "coordinates": [[-118.595443, 37.463272], [-118.595051, 37.463274], [-118.593145, 37.463285]]}, "props": {"MTFCC": "S1400", "NAME": null}}, {"geom": {"type": "LineString", "coordinates": [[-118.583697, 37.367347], [-118.583727, 37.367075], [-118.583933, 37.366676], [-118.583936, 37.366604], [-118.583889, 37.366526], [-118.583903, 37.366475], [-118.584046, 37.366254], [-118.584108, 37.366124], [-118.58416, 37.365955], [-118.584166, 37.3659], [-118.584145, 37.365729], [-118.584163, 37.36563], [-118.584243, 37.365441], [-118.584276, 37.365333], [-118.584291, 37.365261], [-118.584312, 37.364893], [-118.584313, 37.36472], [-118.584352, 37.364395], [-118.5844, 37.364296], [-118.584484, 37.364213], [-118.584593, 37.364141], [-118.58462611538461, 37.3641]]}, "props": {"MTFCC": "S1400", "NAME": null}}, {"geom": {"type": "MultiLineString", "coordinates": [[[-118.6932746923077, 37.3641], [-118.693027, 37.364261], [-118.692649, 37.364589], [-118.692225, 37.364857], [-118.692138, 37.364922], [-118.691897, 37.365156], [-118.69186, 37.36518], [-118.691789, 37.365191], [-118.691731, 37.365173], [-118.691692, 37.365134], [-118.691683, 37.365079], [-118.691696, 37.365048], [-118.692151, 37.364497], [-118.692165, 37.364479], [-118.692213, 37.364416], [-118.692313, 37.364201], [-118.69236043093922, 37.3641]], [[-118.68545279891305, 37.3641], [-118.685293, 37.364199], [-118.685005, 37.364397], [-118.684791, 37.364572], [-118.684361, 37.365025], [-118.684074, 37.365338], [-118.683695, 37.365701], [-118.68317, 37.366261], [-118.683065, 37.366386], [-118.682732, 37.366871], [-118.682624, 37.367065], [-118.682508, 37.36733], [-118.682391, 37.36755], [-118.682251, 37.367756], [-118.682053, 37.368005], [-118.681888, 37.368184], [-118.681084, 37.368964], [-118.680696, 37.36935], [-118.680542, 37.369514], [-118.680245, 37.369793], [-118.679943, 37.370054], [-118.679776, 37.370198], [-118.679644, 37.370336], [-118.679452, 37.370578], [-118.678691, 37.371623], [-118.678298, 37.372106], [-118.678207, 37.372264], [-118.678117, 37.372477], [-118.677901, 37.373076], [-118.677707, 37.373447], [-118.677336, 37.37403], [-118.677302, 37.374083], [-118.677188, 37.374279], [-118.676969, 37.374579], [-118.676494, 37.37527], [-118.67617, 37.375729], [-118.676135, 37.375779], [-118.675955, 37.376046], [-118.675773, 37.376407], [-118.675698, 37.376579], [-118.675544, 37.376991], [-118.67534, 37.377594], [-118.675225, 37.377895], [-118.67499, 37.378386], [-118.674854, 37.37862], [-118.674697, 37.378892], [-118.674507, 37.37915], [-118.674282, 37.379431], [-118.673514, 37.38031], [-118.67309, 37.380749], [-118.672684, 37.38127], [-118.671647, 37.382456], [-118.670264, 37.384074], [-118.669882, 37.384497], [-118.669406, 37.385051], [-118.668983, 37.385529], [-118.668726, 37.385821], [-118.668707, 37.385843], [-118.666862, 37.387821], [-118.666137, 37.388601], [-118.666029, 37.388705], [-118.665896, 37.388812], [-118.665839, 37.388848], [-118.665613, 37.388989], [-118.664646, 37.389515], [-118.664311, 37.389708], [-118.664187, 37.389789], [-118.664016, 37.389914], [-118.663614, 37.39026], [-118.663299, 37.3906], [-118.663123, 37.390831], [-118.662577, 37.391597], [-118.661722, 37.392826], [-118.66141, 37.393282], [-118.661202, 37.393657], [-118.661093, 37.393905], [-118.661005, 37.394178], [-118.660934, 37.394453], [-118.660878, 37.394614], [-118.660835, 37.394708], [-118.660622, 37.395057], [-118.660568, 37.395203], [-118.660558, 37.395308], [-118.660554, 37.39534], [-118.660477, 37.395734], [-118.660386, 37.395941], [-118.660309, 37.396057], [-118.660217, 37.396166], [-118.659968, 37.396399], [-118.65974, 37.396642], [-118.659649, 37.396772], [-118.659569, 37.396951], [-118.659435, 37.397396], [-118.659358, 37.397538], [-118.659313, 37.39761], [-118.659125, 37.397846], [-118.65907, 37.397934], [-118.659026, 37.398025], [-118.658994, 37.39812], [-118.658975, 37.398217], [-118.658968, 37.39833], [-118.658985, 37.39881], [-118.658987, 37.398873], [-118.658982, 37.398968], [-118.658962, 37.399062], [-118.65893, 37.399157], [-118.658886, 37.399248], [-118.65883, 37.399335], [-118.658763, 37.399419], [-118.658669, 37.399501], [-118.658299, 37.399758], [-118.657437, 37.400242], [-118.65723, 37.400382], [-118.657024, 37.400506], [-118.656765, 37.400638], [-118.656643, 37.400681], [-118.656513, 37.400703], [-118.656325, 37.4007], [-118.656174, 37.400667], [-118.65602, 37.400625], [-118.655789, 37.40056], [-118.655547, 37.400514], [-118.655296, 37.400493], [-118.655088, 37.40051], [-118.654883, 37.400563], [-118.654593, 37.400696], [-118.652901, 37.401577], [-118.652742, 37.401673], [-118.65263, 37.40174], [-118.652511, 37.401851], [-118.65226, 37.402183], [-118.652021, 37.402552], [-118.651935, 37.402647], [-118.651804, 37.402729], [-118.651627, 37.402788], [-118.65132, 37.402861], [-118.651039, 37.402898], [-118.650804, 37.402903], [-118.650672, 37.402875], [-118.650558, 37.402816], [-118.650472, 37.402731], [-118.650423, 37.40263], [-118.650349, 37.402348], [-118.650305, 37.40227], [-118.650242, 37.4022], [-118.650117, 37.402119], [-118.650018, 37.402084], [-118.649866, 37.402064], [-118.649792, 37.402069], [-118.649509, 37.402148], [-118.649385, 37.40219], [-118.649169, 37.402246], [-118.648912, 37.402298], [-118.647994, 37.402421], [-118.647467, 37.402496], [-118.647155, 37.402569], [-118.646901, 37.402655], [-118.646691, 37.40276], [-118.646545, 37.402855], [-118.645585, 37.403678], [-118.645122, 37.404088], [-118.644358, 37.404678], [-118.644012, 37.404919], [-118.643717, 37.405112], [-118.643048, 37.405483], [-118.642453, 37.405795], [-118.64197, 37.406012], [-118.64187, 37.406067], [-118.641732, 37.406185], [-118.641646, 37.406306], [-118.641547, 37.406487], [-118.641415, 37.406667], [-118.641016, 37.407094], [-118.640425, 37.407803], [-118.64019, 37.40807], [-118.640016, 37.408224], [-118.639842, 37.40835], [-118.639802, 37.408378], [-118.639634, 37.408476], [-118.639364, 37.4086], [-118.639055, 37.408751], [-118.638963, 37.408807], [-118.638834, 37.4089], [-118.638451, 37.409218], [-118.638183, 37.409417], [-118.637432, 37.410064], [-118.637335, 37.410128], [-118.637191, 37.410203], [-118.636987, 37.41029], [-118.636684, 37.410439], [-118.636566, 37.410512], [-118.63642, 37.410626], [-118.636141, 37.4109], [-118.635901, 37.411173], [-118.635796, 37.41128], [-118.635509, 37.411514], [-118.635055, 37.411838], [-118.634797, 37.411998], [-118.634386, 37.412231], [-118.634279, 37.4123], [-118.634181, 37.412379], [-118.634094, 37.412465], [-118.633804, 37.412843], [-118.63369, 37.412944], [-118.633551, 37.413024], [-118.633393, 37.41308], [-118.633013, 37.413176], [-118.632889, 37.413226], [-118.632714, 37.413312], [-118.632404, 37.413449], [-118.631484, 37.413917], [-118.630335, 37.414465], [-118.63004, 37.414588], [-118.629818, 37.414639], [-118.629653, 37.41466], [-118.629406, 37.414662], [-118.629207, 37.414644], [-118.629038, 37.414602], [-118.62891, 37.414566], [-118.628768, 37.41452], [-118.628206, 37.41438], [-118.627965, 37.414335], [-118.627779, 37.414327], [-118.627307, 37.41434], [-118.626861, 37.414372], [-118.624969, 37.414473], [-118.623781, 37.414506], [-118.621706, 37.414545], [-118.621338, 37.414562], [-118.619806, 37.414588], [-118.617259, 37.414653], [-118.615285, 37.414692], [-118.613465, 37.414721], [-118.61325, 37.414724], [-118.612987, 37.414727], [-118.612884, 37.414732], [-118.612475, 37.414734], [-118.611927, 37.414735], [-118.611389, 37.414743], [-118.610911, 37.414756], [-118.610416, 37.414748], [-118.609992, 37.414747], [-118.609863, 37.414748], [-118.609472, 37.414782], [-118.609046, 37.414833], [-118.608673, 37.414898], [-118.607867, 37.415064], [-118.607198, 37.415211], [-118.606749, 37.41531], [-118.60605, 37.415475], [-118.603726, 37.415987], [-118.602155, 37.416326], [-118.600865, 37.416619], [-118.600179, 37.416764], [-118.596209, 37.417661], [-118.593222, 37.418307], [-118.592258, 37.418529], [-118.588824, 37.4193], [-118.58804, 37.419449], [-118.587477, 37.419509], [-118.58703, 37.419531], [-118.586707, 37.419531]]]}, "props": {"MTFCC": "S1400", "NAME": null}}, {"geom": {"type": "LineString", "coordinates": [[-118.322333, 37.422651], [-118.322094, 37.422779], [-118.321976, 37.422861], [-118.321892, 37.422948], [-118.321833, 37.423016], [-118.321778, 37.42306], [-118.321702, 37.423099], [-118.32152, 37.42316], [-118.321275, 37.423187], [-118.321057, 37.4232], [-118.320475, 37.423144], [-118.319969, 37.423129], [-118.319845, 37.423149], [-118.319736, 37.423187], [-118.31964, 37.423242], [-118.319424, 37.423428], [-118.319179, 37.423698], [-118.3191, 37.423757], [-118.318981, 37.423805], [-118.318849, 37.423821], [-118.318608, 37.423804], [-118.31838, 37.423808], [-118.318007, 37.423868], [-118.317829, 37.423874], [-118.317458, 37.423855], [-118.317229, 37.423819], [-118.317004, 37.423822], [-118.316615, 37.423867], [-118.316303, 37.42387], [-118.316189, 37.423853], [-118.315918, 37.423788], [-118.315814, 37.423773], [-118.315654, 37.423775], [-118.315558, 37.423792], [-118.315159, 37.423915], [-118.314939, 37.42396], [-118.314786, 37.423971], [-118.314695, 37.423986], [-118.314565, 37.424028], [-118.314365, 37.424253], [-118.314288, 37.424308], [-118.314113, 37.424378], [-118.313866, 37.424462], [-118.313796, 37.424501], [-118.313666, 37.424614], [-118.313531, 37.424794], [-118.313278, 37.425261], [-118.312901, 37.426028], [-118.312855, 37.426101], [-118.312734, 37.426232], [-118.312614, 37.426321], [-118.311926, 37.426767], [-118.311753, 37.426894], [-118.311211, 37.427356], [-118.311114, 37.427442], [-118.310876, 37.427708], [-118.310569, 37.427992], [-118.310443, 37.428074], [-118.310236, 37.428175], [-118.309746, 37.428373], [-118.309536, 37.428431], [-118.309409, 37.42845], [-118.309381, 37.428454], [-118.308911, 37.428497], [-118.308508, 37.428553], [-118.30836, 37.428595], [-118.308071, 37.428635], [-118.307918, 37.428637], [-118.307837, 37.42863], [-118.30775, 37.428622], [-118.307431, 37.428631], [-118.307321, 37.428626], [-118.307273, 37.42862], [-118.307213, 37.428612], [-118.306929, 37.428547], [-118.306809, 37.428531], [-118.306688, 37.428526], [-118.306512, 37.428529], [-118.306176, 37.428508], [-118.305928, 37.428475], [-118.305811, 37.428446], [-118.305736, 37.42841], [-118.305641, 37.428363], [-118.305408, 37.428391], [-118.30531, 37.428449], [-118.305267, 37.428477], [-118.305211, 37.428515], [-118.305083, 37.428579], [-118.304664, 37.428758], [-118.304594, 37.428866], [-118.304447, 37.428902]]}, "props": {"MTFCC": "S1400", "NAME": null}}, {"geom": {"type": "LineString", "coordinates": [[-117.944623, 37.441178], [-117.944636, 37.441195], [-117.944692, 37.441268], [-117.944768, 37.441338], [-117.944888, 37.441407], [-117.945158, 37.441525], [-117.945244, 37.441549], [-117.945432, 37.44157], [-117.945521, 37.441569], [-117.9457, 37.441516], [-117.946147, 37.441306], [-117.946664, 37.441095], [-117.946795, 37.44105], [-117.947098, 37.440973], [-117.947222, 37.440959], [-117.947339, 37.440914], [-117.947512, 37.440797], [-117.94793, 37.44045], [-117.948084, 37.440354], [-117.948271, 37.44026], [-117.948436, 37.440198], [-117.948642, 37.440146], [-117.948944, 37.440102], [-117.949168, 37.440083], [-117.949287, 37.440053], [-117.949542, 37.439927], [-117.949877, 37.439746], [-117.950061, 37.439668], [-117.950485, 37.439537], [-117.950871, 37.439476], [-117.951001, 37.439468], [-117.951199, 37.439483], [-117.951802, 37.439633], [-117.952277, 37.439716], [-117.952446, 37.439732], [-117.952852, 37.439772], [-117.953277, 37.439773], [-117.953637, 37.439749], [-117.953721, 37.439732], [-117.954172, 37.43959], [-117.954547, 37.439518], [-117.954615, 37.439515], [-117.954829, 37.439507], [-117.955024, 37.439463], [-117.955129, 37.439411], [-117.955262, 37.439336], [-117.955404, 37.439287], [-117.955629, 37.439233], [-117.955702, 37.439204], [-117.955794, 37.439155], [-117.955895, 37.439087], [-117.955973, 37.439048], [-117.956587, 37.438815], [-117.956735, 37.438749], [-117.956801, 37.438733], [-117.956959, 37.438719], [-117.957593, 37.438718], [-117.957779, 37.438707], [-117.958322, 37.438621], [-117.958444, 37.438576], [-117.958752, 37.438425], [-117.958928, 37.43838], [-117.959237, 37.43828], [-117.959354, 37.438261], [-117.959414, 37.438259], [-117.959599, 37.438282], [-117.960017, 37.438395], [-117.960188, 37.438467], [-117.960544, 37.438628], [-117.960711, 37.43868], [-117.960906, 37.438764], [-117.961093, 37.438854], [-117.961208, 37.438932], [-117.961458, 37.439195], [-117.961567, 37.439274], [-117.961693, 37.439334], [-117.96186, 37.439375], [-117.962017, 37.439394], [-117.962115, 37.43944], [-117.96245, 37.439697], [-117.962557, 37.439747], [-117.962675, 37.439778], [-117.962799, 37.439789], [-117.962922, 37.439779], [-117.963068, 37.43974], [-117.963152, 37.439706], [-117.963238, 37.439695], [-117.963324, 37.439707], [-117.96354, 37.439765], [-117.963673, 37.439793], [-117.963855, 37.43981], [-117.964309, 37.439874], [-117.964995, 37.439942], [-117.965084, 37.439963], [-117.965506, 37.44011], [-117.965632, 37.440172], [-117.965728, 37.440193], [-117.967068, 37.440187], [-117.967273, 37.440207], [-117.967502, 37.440253], [-117.967744, 37.440369], [-117.968034, 37.440449], [-117.968143, 37.440455], [-117.968378, 37.440514], [-117.968906, 37.440561], [-117.968978, 37.440576], [-117.969129, 37.44067], [-117.969251, 37.440716], [-117.969371, 37.440756], [-117.969511, 37.440821], [-117.969757, 37.440989], [-117.970033, 37.441143], [-117.970182, 37.441253], [-117.970377, 37.44135], [-117.970425, 37.441385], [-117.970484, 37.441444], [-117.970564, 37.441576], [-117.970602, 37.441695], [-117.97064, 37.441754], [-117.970725, 37.44184], [-117.971, 37.44201], [-117.971221, 37.442166], [-117.971314, 37.442203], [-117.971539, 37.442261], [-117.97167, 37.442314], [-117.971877, 37.442423], [-117.972072, 37.442487], [-117.972195, 37.442523], [-117.972361, 37.442637], [-117.972588, 37.442727], [-117.972661, 37.442769], [-117.972793, 37.442806], [-117.972886, 37.442811], [-117.973062, 37.442874], [-117.973394, 37.442961], [-117.973458, 37.442986], [-117.973893, 37.443258], [-117.974141, 37.443375], [-117.97429, 37.443462], [-117.974429, 37.44362], [-117.974598, 37.443775], [-117.974837, 37.44394], [-117.97498, 37.444051], [-117.975091, 37.444125], [-117.975548, 37.444342], [-117.975642, 37.44437], [-117.975872, 37.44442], [-117.9764, 37.444613], [-117.976833, 37.444833], [-117.977089, 37.444919], [-117.977247, 37.444959], [-117.977395, 37.444987], [-117.977594, 37.445064], [-117.977865, 37.445176], [-117.977925, 37.445192], [-117.978047, 37.445276], [-117.978283, 37.445489], [-117.978395, 37.445555], [-117.97852, 37.445597], [-117.978657, 37.445618], [-117.978775, 37.445626], [-117.979063, 37.44566], [-117.979249, 37.445649], [-117.979515, 37.445658], [-117.979712, 37.445631], [-117.97987, 37.445601], [-117.980007, 37.445565], [-117.980158, 37.445513], [-117.980845, 37.445329], [-117.981135, 37.445233], [-117.981299, 37.445136], [-117.981458, 37.445067], [-117.981648, 37.444955], [-117.981749, 37.444939], [-117.981983, 37.444966], [-117.982172, 37.444961], [-117.982442, 37.444932], [-117.982492, 37.444931], [-117.982572, 37.444948], [-117.982638, 37.444996], [-117.982828, 37.445337], [-117.982879, 37.445381], [-117.983017, 37.445454], [-117.98318, 37.445509], [-117.983288, 37.44553], [-117.983372, 37.445561], [-117.983466, 37.445576], [-117.983561, 37.445556], [-117.983665, 37.445519], [-117.983749, 37.445516], [-117.983854, 37.445544], [-117.983969, 37.445627], [-117.984114, 37.445771], [-117.984182, 37.445795], [-117.98427, 37.445793], [-117.984337, 37.445784], [-117.9844, 37.445804], [-117.984443, 37.445846], [-117.984515, 37.445998], [-117.984528, 37.446093]]}, "props": {"MTFCC": "S1400", "NAME": null}}, {"geom": {"type": "LineString", "coordinates": [[-118.494602, 37.377418], [-118.494819, 37.37732], [-118.494976, 37.377229], [-118.495181, 37.37706], [-118.495433, 37.376772]]}, "props": {"MTFCC": "S1400", "NAME": null}}, {"geom": {"type": "LineString", "coordinates": [[-118.62046167391304, 37.3641], [-118.620537, 37.364135], [-118.620639, 37.364195], [-118.62076, 37.364281]]}, "props": {"MTFCC": "S1400", "NAME": null}}, {"geom": {"type": "LineString", "coordinates": [[-118.43168695585413, 37.3641], [-118.431872, 37.364568], [-118.431951, 37.364874], [-118.43199, 37.365096], [-118.43206, 37.366617], [-118.432074, 37.367187], [-118.432121, 37.368462], [-118.432128, 37.368709], [-118.432131, 37.368817], [-118.432105, 37.370787], [-118.432104, 37.370951], [-118.432098, 37.371732], [-118.432091, 37.372267], [-118.432089, 37.372598], [-118.432088, 37.373083], [-118.432062, 37.375303], [-118.432046, 37.375798], [-118.432033, 37.375914], [-118.432, 37.376684], [-118.431986, 37.37808], [-118.431925, 37.382597], [-118.431916, 37.384032], [-118.431902, 37.384509], [-118.431899, 37.385264], [-118.431899, 37.385391], [-118.431898, 37.38549], [-118.431897, 37.386097], [-118.431886, 37.386661], [-118.431876, 37.387208], [-118.431883, 37.388249], [-118.431895, 37.388889], [-118.431923, 37.390417], [-118.431961, 37.391346], [-118.431983, 37.393648], [-118.431983, 37.393734], [-118.431978, 37.394591], [-118.431983, 37.395072], [-118.431982, 37.395738], [-118.431982, 37.396052], [-118.431981, 37.397034], [-118.432009, 37.397489], [-118.432013, 37.397708]]}, "props": {"MTFCC": "S1400", "NAME": null}}, {"geom": {"type": "LineString", "coordinates": [[-118.425289, 37.373038], [-118.425296, 37.372542], [-118.425297, 37.372054], [-118.425324, 37.371938], [-118.425314, 37.371026], [-118.42534, 37.370925], [-118.425393, 37.370833], [-118.425442, 37.370779]]}, "props": {"MTFCC": "S1400", "NAME": null}}, {"geom": {"type": "LineString", "coordinates": [[-118.499489, 37.380171], [-118.500281, 37.380064], [-118.500516, 37.380054], [-118.501432, 37.380106], [-118.501781, 37.380065], [-118.501886, 37.380071], [-118.502105, 37.380115], [-118.502236, 37.380128], [-118.503048, 37.380104], [-118.50356, 37.380053], [-118.503964, 37.379995], [-118.504602, 37.379868], [-118.504988, 37.379784], [-118.505237, 37.379752], [-118.505452, 37.379731], [-118.505591, 37.379726], [-118.505748, 37.379733], [-118.505903, 37.379752], [-118.50845, 37.38035], [-118.509052, 37.380516], [-118.509274, 37.380561], [-118.510219, 37.380699], [-118.510377, 37.380732], [-118.510499, 37.380769], [-118.510616, 37.380817], [-118.512402, 37.381711], [-118.513547, 37.38235], [-118.514728, 37.382944], [-118.516203, 37.383707], [-118.516528, 37.3839], [-118.517882, 37.384611], [-118.519146, 37.385213], [-118.519956, 37.385514], [-118.520122, 37.385576], [-118.520693, 37.385824]]}, "props": {"MTFCC": "S1400", "NAME": null}}, {"geom": {"type": "LineString", "coordinates": [[-118.548041, 37.376098], [-118.548178, 37.376094], [-118.548388, 37.376064], [-118.548754, 37.375982], [-118.548852, 37.375953], [-118.549005, 37.375881], [-118.54935, 37.375687], [-118.550198, 37.37534], [-118.550323, 37.375305], [-118.550424, 37.375287], [-118.550799, 37.375188], [-118.551662, 37.374987], [-118.552092, 37.374875], [-118.552645, 37.374799], [-118.552743, 37.374803], [-118.55286, 37.374848]]}, "props": {"MTFCC": "S1400", "NAME": null}}, {"geom": {"type": "LineString", "coordinates": [[-118.431923, 37.390417], [-118.431179, 37.390421], [-118.429256, 37.390403], [-118.427493, 37.390404], [-118.425453, 37.390385], [-118.42542, 37.390388], [-118.422938, 37.390377], [-118.42175, 37.390353], [-118.421027, 37.390352], [-118.420222, 37.39035], [-118.418665, 37.390356], [-118.418451, 37.390358], [-118.416148, 37.390368], [-118.414995, 37.39038], [-118.414575, 37.390383], [-118.41387, 37.390389], [-118.411555, 37.390414], [-118.409597, 37.390426], [-118.404876, 37.390427], [-118.404836, 37.390425], [-118.404765, 37.390422], [-118.403508, 37.390407], [-118.400596, 37.390395], [-118.396245, 37.390424], [-118.395364, 37.390412]]}, "props": {"MTFCC": "S1400", "NAME": null}}, {"geom": {"type": "LineString", "coordinates": [[-118.418451, 37.390358], [-118.418433, 37.389003], [-118.418414, 37.387891], [-118.418406, 37.38738], [-118.418426, 37.386981], [-118.418454, 37.386814], [-118.418484, 37.38671], [-118.418542, 37.386584], [-118.418662, 37.386376], [-118.418794, 37.386207], [-118.418995, 37.386019], [-118.419078, 37.385963], [-118.419356, 37.385819], [-118.420042, 37.38553], [-118.420367, 37.385396], [-118.420527, 37.385296], [-118.420636, 37.38521], [-118.420736, 37.385117], [-118.420816, 37.385014], [-118.420881, 37.384906], [-118.420937, 37.384786], [-118.421005, 37.384553], [-118.421012, 37.384485], [-118.421047, 37.384378], [-118.421125, 37.38424], [-118.421225, 37.384126], [-118.421327, 37.384065], [-118.421417, 37.384033], [-118.422264, 37.383858], [-118.422433, 37.383792], [-118.422577, 37.383704], [-118.422654, 37.383645], [-118.422785, 37.383499], [-118.422836, 37.38342], [-118.422876, 37.383338], [-118.422905, 37.383253], [-118.422928, 37.383143]]}, "props": {"MTFCC": "S1400", "NAME": null}}, {"geom": {"type": "LineString", "coordinates": [[-118.386819, 37.409109], [-118.386815, 37.409166], [-118.386731, 37.409311], [-118.386724, 37.409384], [-118.386769, 37.409509]]}, "props": {"MTFCC": "S1400", "NAME": null}}, {"geom": {"type": "LineString", "coordinates": [[-118.395159, 37.416921], [-118.395175, 37.418832], [-118.395185, 37.419436], [-118.395199, 37.419873], [-118.395186, 37.420198], [-118.395163, 37.420421], [-118.395165, 37.420633], [-118.395184, 37.420738], [-118.395229, 37.42091], [-118.395258, 37.421267], [-118.395271, 37.421378], [-118.395251, 37.421967], [-118.39526, 37.422593], [-118.395259, 37.422862], [-118.395277, 37.423222]]}, "props": {"MTFCC": "S1400", "NAME": null}}, {"geom": {"type": "LineString", "coordinates": [[-118.386236, 37.416102], [-118.386352, 37.416243], [-118.386414, 37.416288], [-118.386699, 37.416423], [-118.386926, 37.416572], [-118.387102, 37.416698], [-118.387187, 37.416738], [-118.38733, 37.416768], [-118.387437, 37.416768], [-118.387564, 37.41674], [-118.387631, 37.416752], [-118.387815, 37.416851], [-118.38788, 37.41687], [-118.388198, 37.416907], [-118.388319, 37.416937], [-118.388377, 37.416964], [-118.388453, 37.41703], [-118.388597, 37.417201], [-118.388741, 37.417311], [-118.388776, 37.417347], [-118.388841, 37.417462], [-118.388882, 37.417641], [-118.388903, 37.417892], [-118.388894, 37.418014], [-118.38882, 37.4183], [-118.388814, 37.41841], [-118.388839, 37.418485], [-118.388892, 37.41855], [-118.389235, 37.418811], [-118.389374, 37.418938], [-118.389476, 37.419073], [-118.389619, 37.419287], [-118.389741, 37.419411]]}, "props": {"MTFCC": "S1400", "NAME": null}}, {"geom": {"type": "LineString", "coordinates": [[-118.386728, 37.375809], [-118.386717, 37.375984], [-118.386679, 37.376062], [-118.386425, 37.376342], [-118.386386, 37.376396], [-118.386387, 37.37644], [-118.386404, 37.37646], [-118.386439, 37.376479], [-118.386525, 37.376486], [-118.386737, 37.376469], [-118.386788, 37.37647], [-118.386848, 37.376486], [-118.386878, 37.376505], [-118.386966, 37.376605], [-118.387003, 37.376637], [-118.387018, 37.376668], [-118.387026, 37.376796], [-118.387018, 37.376869], [-118.38701, 37.376952], [-118.386972, 37.377107], [-118.386946, 37.377156], [-118.386918, 37.377273], [-118.386911, 37.377349], [-118.386856, 37.377535], [-118.386785, 37.377679], [-118.38674, 37.377753], [-118.386674, 37.37789], [-118.386656, 37.377966], [-118.386661, 37.378032], [-118.386697, 37.378132], [-118.386733, 37.378203], [-118.386928, 37.378621], [-118.386954, 37.378675], [-118.386961, 37.378785], [-118.386944, 37.378851], [-118.386772, 37.379209], [-118.386739, 37.379275], [-118.38672, 37.37937], [-118.386726, 37.37947], [-118.386774, 37.379583], [-118.386781, 37.379626], [-118.38677, 37.379669], [-118.38679, 37.379714], [-118.38687, 37.379797], [-118.386877, 37.379863], [-118.386849, 37.379912], [-118.386783, 37.379964], [-118.386687, 37.380177], [-118.386685, 37.38022], [-118.386696, 37.380262], [-118.386724, 37.380312], [-118.386815, 37.380406], [-118.386852, 37.380431], [-118.386901, 37.380447], [-118.386978, 37.380445], [-118.387018, 37.38043], [-118.387106, 37.380331], [-118.387131, 37.38032], [-118.387164, 37.380318], [-118.387258, 37.380347], [-118.387426, 37.380437], [-118.387499, 37.38045], [-118.387677, 37.380449], [-118.387772, 37.380427], [-118.387883, 37.380363], [-118.388117, 37.380203], [-118.388339, 37.380079], [-118.388414, 37.380063], [-118.388491, 37.380066], [-118.388732, 37.380148], [-118.389085, 37.380368], [-118.389166, 37.380393], [-118.389252, 37.380397], [-118.389657, 37.38035], [-118.389805, 37.38031], [-118.389964, 37.380256], [-118.390193, 37.380221], [-118.390417, 37.380205], [-118.390484, 37.380222], [-118.390551, 37.380245], [-118.390607, 37.380242], [-118.390703, 37.380194], [-118.390833, 37.38016], [-118.390935, 37.380145], [-118.391026, 37.380115], [-118.391165, 37.380108], [-118.391256, 37.380129], [-118.391423, 37.380251], [-118.39152, 37.380293], [-118.391738, 37.380355], [-118.391808, 37.380385], [-118.391921, 37.380396], [-118.39201, 37.380384], [-118.39219, 37.380332], [-118.392312, 37.380276], [-118.392476, 37.380263], [-118.392544, 37.380262], [-118.392668, 37.380286], [-118.392738, 37.380319], [-118.392827, 37.380385], [-118.392902, 37.380418], [-118.393022, 37.380428]]}, "props": {"MTFCC": "S1400", "NAME": null}}, {"geom": {"type": "LineString", "coordinates": [[-118.392153, 37.371412], [-118.392715, 37.371408], [-118.393116, 37.371403], [-118.393408, 37.371401], [-118.394178, 37.37139], [-118.395282, 37.371385]]}, "props": {"MTFCC": "S1400", "NAME": null}}, {"geom": {"type": "LineString", "coordinates": [[-118.41725, 37.377028], [-118.417546, 37.377072], [-118.417606, 37.377082], [-118.417722, 37.377102], [-118.418034, 37.377197], [-118.418103, 37.377191], [-118.418164, 37.377163], [-118.418205, 37.377119], [-118.418226, 37.377072], [-118.418259, 37.376937]]}, "props": {"MTFCC": "S1400", "NAME": null}}, {"geom": {"type": "LineString", "coordinates": [[-118.402329, 37.368095], [-118.40447, 37.368165]]}, "props": {"MTFCC": "S1400", "NAME": null}}, {"geom": {"type": "LineString", "coordinates": [[-118.576178, 37.445283], [-118.575934, 37.445407], [-118.57591, 37.445421], [-118.575789, 37.445473], [-118.575619, 37.445543], [-118.575138, 37.445697], [-118.574896, 37.445759], [-118.574691, 37.445798], [-118.574642, 37.445807], [-118.574157, 37.445855], [-118.573894, 37.445865], [-118.573612, 37.445863], [-118.572476, 37.445786], [-118.57228, 37.445766], [-118.572078, 37.445758], [-118.571381, 37.44572], [-118.569567, 37.445592], [-118.568681, 37.445523], [-118.567753, 37.445464], [-118.567094, 37.445414], [-118.565621, 37.445321], [-118.563391, 37.445148], [-118.562346, 37.445065], [-118.561587, 37.445026], [-118.560942, 37.444977], [-118.559842, 37.444877], [-118.559646, 37.444829], [-118.559533, 37.444777], [-118.559433, 37.444686], [-118.559493, 37.445146], [-118.559656, 37.446344], [-118.559852, 37.447642], [-118.560028, 37.448958], [-118.560223, 37.450263], [-118.560295, 37.450891], [-118.560327, 37.451102], [-118.560363, 37.451322], [-118.560404, 37.451707], [-118.560486, 37.452208], [-118.560682, 37.453662], [-118.560772, 37.454237], [-118.560852, 37.454836], [-118.560914, 37.455393], [-118.561181, 37.457209], [-118.561347, 37.458485], [-118.561438, 37.459093], [-118.561604, 37.460413], [-118.561822, 37.461743], [-118.561894, 37.462088], [-118.562052, 37.462557], [-118.562112, 37.462695], [-118.562142, 37.462797], [-118.562249, 37.463041]]}, "props": {"MTFCC": "S1400", "NAME": null}}, {"geom": {"type": "LineString", "coordinates": [[-118.422935, 37.382617], [-118.422308, 37.382618], [-118.421237, 37.382637], [-118.420107, 37.382636]]}, "props": {"MTFCC": "S1400", "NAME": null}}, {"geom": {"type": "LineString", "coordinates": [[-118.420114, 37.38734], [-118.420119, 37.387207], [-118.420168, 37.387057], [-118.420287, 37.386954], [-118.42142, 37.386511]]}, "props": {"MTFCC": "S1400", "NAME": null}}, {"geom": {"type": "LineString", "coordinates": [[-118.47758433890577, 37.3641], [-118.477582, 37.364442], [-118.477603, 37.364809], [-118.477584, 37.368691], [-118.477579, 37.374055], [-118.477569, 37.376465], [-118.477576, 37.377117], [-118.477543, 37.37889], [-118.477545, 37.380847], [-118.47755, 37.380966], [-118.477591, 37.381917], [-118.477606, 37.382571], [-118.477605, 37.383127], [-118.477589, 37.384004], [-118.477588, 37.385689], [-118.477601, 37.38644], [-118.477589, 37.386714], [-118.47758, 37.387902], [-118.477587, 37.390555], [-118.477584, 37.391504], [-118.477571, 37.392643], [-118.477591, 37.393159], [-118.477597, 37.393728], [-118.477588, 37.394115], [-118.477587, 37.395406], [-118.477603, 37.395998], [-118.477595, 37.396646], [-118.477605, 37.397422], [-118.477621, 37.3975], [-118.477653, 37.397567], [-118.477705, 37.397621]]}, "props": {"MTFCC": "S1400", "NAME": null}}, {"geom": {"type": "LineString", "coordinates": [[-118.401899, 37.372212], [-118.4005, 37.372224]]}, "props": {"MTFCC": "S1400", "NAME": null}}, {"geom": {"type": "LineString", "coordinates": [[-118.354599, 37.378426], [-118.354175, 37.378035], [-118.354001, 37.3779], [-118.353957, 37.37783], [-118.353942, 37.377752], [-118.353974, 37.377613], [-118.353984, 37.377501], [-118.353977, 37.377393], [-118.353957, 37.377287], [-118.353886, 37.377104], [-118.353807, 37.376969], [-118.353745, 37.376892], [-118.353624, 37.376771], [-118.353544, 37.376724], [-118.353303, 37.376655], [-118.353198, 37.376601], [-118.353119, 37.376523], [-118.353074, 37.376429], [-118.353054, 37.376309], [-118.3529, 37.37589]]}, "props": {"MTFCC": "S1400", "NAME": null}}, {"geom": {"type": "LineString", "coordinates": [[-118.348542, 37.369079], [-118.349057, 37.369035], [-118.349219, 37.368996], [-118.349569, 37.368888], [-118.34977, 37.368797], [-118.349834, 37.368753]]}, "props": {"MTFCC": "S1400", "NAME": null}}, {"geom": {"type": "LineString", "coordinates": [[-118.349737, 37.400142], [-118.34942, 37.400183], [-118.348513, 37.40032], [-118.347674, 37.400449], [-118.347282, 37.400509], [-118.346862, 37.400575], [-118.346751, 37.400596]]}, "props": {"MTFCC": "S1400", "NAME": null}}, {"geom": {"type": "LineString", "coordinates": [[-118.345239, 37.402044], [-118.345599, 37.402076], [-118.345794, 37.402073]]}, "props": {"MTFCC": "S1400", "NAME": null}}, {"geom": {"type": "LineString", "coordinates": [[-118.187301, 37.380255], [-118.186565, 37.380589], [-118.186051, 37.380849]]}, "props": {"MTFCC": "S1400", "NAME": null}}, {"geom": {"type": "LineString", "coordinates": [[-118.736367, 37.457287], [-118.736401, 37.457119], [-118.736421, 37.456923], [-118.736714, 37.456666], [-118.736988, 37.456524], [-118.737135, 37.456474], [-118.737304, 37.456435], [-118.737601, 37.456324], [-118.737809, 37.456212], [-118.737899, 37.456187], [-118.737955, 37.4562], [-118.737987, 37.456247], [-118.738039, 37.456349], [-118.738073, 37.456368], [-118.738096, 37.456371], [-118.738202, 37.456343], [-118.738312, 37.45629], [-118.738577, 37.456104], [-118.738712, 37.456028], [-118.738826, 37.455988], [-118.738922, 37.455931], [-118.738976, 37.455886], [-118.73917, 37.455658], [-118.739271, 37.455502], [-118.739374, 37.455292], [-118.739421, 37.455128], [-118.739477, 37.454895], [-118.739503, 37.454442], [-118.739502, 37.454361], [-118.739456, 37.454219], [-118.739405, 37.454126], [-118.739316, 37.453964], [-118.73922, 37.453841]]}, "props": {"MTFCC": "S1400", "NAME": null}}, {"geom": {"type": "LineString", "coordinates": [[-118.420287, 37.375878], [-118.420285, 37.377882]]}, "props": {"MTFCC": "S1400", "NAME": null}}, {"geom": {"type": "LineString", "coordinates": [[-118.747862, 37.43424], [-118.747861, 37.434322], [-118.747825, 37.434419], [-118.747741, 37.434515], [-118.747684, 37.43464], [-118.74756, 37.434751], [-118.74737, 37.4349], [-118.747273, 37.434989], [-118.747137, 37.435064], [-118.747048, 37.435097], [-118.746917, 37.435137], [-118.746819, 37.435196], [-118.746733, 37.435279], [-118.74671, 37.435343], [-118.746695, 37.435386], [-118.746685, 37.435444], [-118.746696, 37.435525], [-118.746765, 37.435631], [-118.74679, 37.435725], [-118.746793, 37.435795], [-118.746741, 37.436063], [-118.746683, 37.436242], [-118.746596, 37.4364], [-118.746351, 37.436767], [-118.746285, 37.436896], [-118.746252, 37.437032], [-118.746243, 37.437116], [-118.746266, 37.437445], [-118.746279, 37.437564], [-118.746274, 37.437587], [-118.746262, 37.437648], [-118.746203, 37.43775], [-118.746187, 37.43796], [-118.746129, 37.438069], [-118.746018, 37.438265], [-118.745956, 37.438463], [-118.745947, 37.438589], [-118.745955, 37.43873], [-118.745919, 37.438838], [-118.745844, 37.438964], [-118.745828, 37.439048], [-118.745844, 37.439132], [-118.745922, 37.439329], [-118.745942, 37.439477], [-118.745894, 37.439688], [-118.745833, 37.439855], [-118.745775, 37.439942], [-118.745771, 37.439982], [-118.745814, 37.440048], [-118.74583, 37.440119], [-118.745812, 37.440193], [-118.745644, 37.440757], [-118.745473, 37.441119], [-118.745419, 37.441359], [-118.745357, 37.441497], [-118.745351, 37.441646], [-118.745352, 37.441673], [-118.745358, 37.44199], [-118.74534, 37.442112], [-118.745304, 37.442202], [-118.745248, 37.442297], [-118.745137, 37.442437], [-118.745054, 37.442513], [-118.74499, 37.442602], [-118.744872, 37.442936], [-118.744699, 37.443326], [-118.744373, 37.443931], [-118.744346, 37.443996], [-118.744336, 37.444165], [-118.744346, 37.444406], [-118.744322, 37.444696], [-118.744284, 37.444949], [-118.744213, 37.445168], [-118.744107, 37.445453], [-118.74408, 37.445628], [-118.744071, 37.445865], [-118.744008, 37.446132], [-118.743505, 37.44766], [-118.743401, 37.448089], [-118.743383, 37.448216], [-118.743377, 37.448446], [-118.743365, 37.448532], [-118.743252, 37.448858], [-118.743241, 37.449065], [-118.743246, 37.449289], [-118.743274, 37.449333], [-118.743343, 37.449399], [-118.74336, 37.449417], [-118.743387, 37.449457], [-118.743411, 37.449513], [-118.743429, 37.449647], [-118.743405, 37.449849], [-118.743398, 37.450068], [-118.743365, 37.450377], [-118.743313, 37.450561], [-118.743167, 37.450869], [-118.743024, 37.451242], [-118.742969, 37.45131], [-118.742892, 37.45136], [-118.742304, 37.451667], [-118.742224, 37.451738], [-118.742154, 37.451836], [-118.742016, 37.452178], [-118.741871, 37.452637], [-118.741757, 37.452899], [-118.741633, 37.453158], [-118.741384, 37.453813], [-118.741231, 37.454215], [-118.741072, 37.454591], [-118.740876, 37.455095], [-118.740686, 37.455602], [-118.740585, 37.455764], [-118.740437, 37.455933], [-118.740248, 37.456089], [-118.740128, 37.456168], [-118.739902, 37.456277], [-118.73968, 37.456358], [-118.738915, 37.456562], [-118.738734, 37.456625], [-118.738632, 37.456669], [-118.737659, 37.457192], [-118.737518, 37.457275], [-118.73728, 37.457314], [-118.737027, 37.457342], [-118.736636, 37.45734], [-118.736461, 37.457312], [-118.736367, 37.457287], [-118.736176, 37.457227], [-118.735496, 37.456913], [-118.735347, 37.456871], [-118.735286, 37.456868], [-118.735156, 37.45689], [-118.73508, 37.456914], [-118.734835, 37.457029], [-118.734655, 37.457147], [-118.734511, 37.457269], [-118.734311, 37.45748], [-118.734142, 37.45771], [-118.734009, 37.457923], [-118.733853, 37.458287], [-118.733759, 37.458671], [-118.733665, 37.458926], [-118.733515, 37.459202], [-118.733361, 37.459435], [-118.733211, 37.459626], [-118.73244, 37.460422], [-118.731837, 37.461193], [-118.731671, 37.461347], [-118.731332, 37.461628], [-118.731129, 37.461827], [-118.730951, 37.462041], [-118.730884, 37.46213], [-118.730728, 37.462409], [-118.730527, 37.462832], [-118.730485, 37.462885], [-118.730337, 37.463102]]}, "props": {"MTFCC": "S1400", "NAME": null}}, {"geom": {"type": "LineString", "coordinates": [[-118.543542, 37.412694], [-118.543526, 37.41392]]}, "props": {"MTFCC": "S1400", "NAME": null}}, {"geom": {"type": "LineString", "coordinates": [[-118.615194, 37.412988], [-118.615405, 37.412983], [-118.615521, 37.412959], [-118.615653, 37.412906], [-118.616, 37.412718], [-118.616172, 37.412613], [-118.616471, 37.412529], [-118.616657, 37.41243], [-118.616752, 37.412402], [-118.616888, 37.4124], [-118.617144, 37.412409], [-118.617207, 37.412431], [-118.617254, 37.412472], [-118.617276, 37.412531], [-118.617286, 37.412603], [-118.617273, 37.412726], [-118.617152, 37.413063], [-118.617069, 37.413258]]}, "props": {"MTFCC": "S1500", "NAME": null}}, {"geom": {"type": "LineString", "coordinates": [[-118.620964, 37.40244], [-118.620751, 37.402562], [-118.620469, 37.402679], [-118.620259, 37.402798], [-118.619839, 37.403079], [-118.619769, 37.403122], [-118.619338, 37.403457], [-118.619068, 37.403661], [-118.618842, 37.403847], [-118.618374, 37.404202], [-118.617438, 37.404837], [-118.616736, 37.405334], [-118.616494, 37.405543], [-118.616138, 37.405775], [-118.615057, 37.406426], [-118.614761, 37.406566], [-118.614507, 37.406671], [-118.613764, 37.407122], [-118.613306, 37.407411], [-118.612903, 37.407708], [-118.612457, 37.408109], [-118.612164, 37.408353], [-118.611528, 37.408815], [-118.611221, 37.409018], [-118.611128, 37.409105], [-118.611041, 37.409201], [-118.610982, 37.40925], [-118.610824, 37.409336], [-118.610596, 37.409423], [-118.609968, 37.4097], [-118.609397, 37.409926], [-118.608746, 37.410147], [-118.608561, 37.410202], [-118.608404, 37.410265], [-118.608192, 37.410386], [-118.608067, 37.410485], [-118.60793, 37.410648], [-118.607572, 37.411141], [-118.607325, 37.411548], [-118.60709, 37.411992]]}, "props": {"MTFCC": "S1500", "NAME": null}}, {"geom": {"type": "LineString", "coordinates": [[-118.500693, 37.389733], [-118.500434, 37.390129], [-118.500227, 37.390403], [-118.49995, 37.390695], [-118.499814, 37.390811], [-118.499235, 37.391193], [-118.498875, 37.391432], [-118.498787, 37.391497], [-118.498665, 37.391589], [-118.498305, 37.391898], [-118.498031, 37.39219], [-118.497866, 37.392426], [-118.497639, 37.392793], [-118.497451, 37.393167], [-118.497358, 37.393428], [-118.497274, 37.393778], [-118.497241, 37.394052], [-118.497237, 37.394407], [-118.497279, 37.394955], [-118.497285, 37.395108], [-118.497289, 37.395202], [-118.497385, 37.396052], [-118.497508, 37.397345], [-118.497573, 37.397796], [-118.497639, 37.398039], [-118.497717, 37.39824], [-118.497836, 37.398461], [-118.498066, 37.398763], [-118.498228, 37.398927], [-118.498447, 37.399114], [-118.500199, 37.400488], [-118.500448, 37.400723], [-118.500663, 37.400978], [-118.500777, 37.401155], [-118.500894, 37.401407], [-118.500994, 37.401697], [-118.501043, 37.402027], [-118.501078, 37.402444], [-118.501119, 37.402685], [-118.501203, 37.402918], [-118.501277, 37.403046], [-118.501338, 37.403123], [-118.501435, 37.403246], [-118.501527, 37.403362], [-118.501658, 37.403475], [-118.501809, 37.403584], [-118.502572, 37.404115], [-118.50284, 37.404302], [-118.50384, 37.404961], [-118.504543, 37.405448], [-118.504648, 37.405518], [-118.505148, 37.40585], [-118.505683, 37.406209], [-118.506177, 37.40653], [-118.506535, 37.406773], [-118.507504, 37.407437], [-118.508411, 37.408091], [-118.508637, 37.408271], [-118.509302, 37.408819], [-118.509939, 37.409416], [-118.510586, 37.410058], [-118.510642, 37.410107], [-118.510824, 37.410266], [-118.510861, 37.410299], [-118.51125, 37.410655], [-118.511643, 37.410958], [-118.511885, 37.41114], [-118.512697, 37.411705], [-118.51315, 37.412047], [-118.513744, 37.412472], [-118.513988, 37.412628], [-118.514211, 37.412754], [-118.514634, 37.412955], [-118.514818, 37.413027], [-118.515061, 37.413105], [-118.515131, 37.413128], [-118.515425, 37.413194], [-118.515671, 37.41323], [-118.515759, 37.413238], [-118.515953, 37.413255], [-118.516149, 37.413261], [-118.51653, 37.413252], [-118.517023, 37.41323], [-118.518696, 37.413186], [-118.519854, 37.413179], [-118.520142, 37.413214], [-118.52029, 37.413254], [-118.521672, 37.413818], [-118.522056, 37.41399], [-118.522394, 37.414167], [-118.522759, 37.414395], [-118.523252, 37.41488], [-118.523531, 37.4151], [-118.523647, 37.41517]]}, "props": {"MTFCC": "S1400", "NAME": null}}, {"geom": {"type": "LineString", "coordinates": [[-118.54265, 37.406296], [-118.543356, 37.40646], [-118.543822, 37.406591], [-118.544205, 37.406722], [-118.5445, 37.406855], [-118.544785, 37.40701], [-118.545928, 37.407748], [-118.546208, 37.407959], [-118.546441, 37.408162], [-118.547332, 37.409065], [-118.547758, 37.409525], [-118.548451, 37.410189], [-118.549085, 37.410809], [-118.549511, 37.411241], [-118.550099, 37.411814], [-118.550891, 37.412625], [-118.551154, 37.412927], [-118.551407, 37.413282], [-118.551655, 37.413708], [-118.551945, 37.414234], [-118.55219, 37.414724], [-118.552978, 37.416229], [-118.553215, 37.416701], [-118.553391, 37.417152], [-118.554073, 37.419079], [-118.554145, 37.419179], [-118.554241, 37.419264], [-118.554357, 37.419331], [-118.55447, 37.419374], [-118.554628, 37.419401], [-118.554664, 37.419404]]}, "props": {"MTFCC": "S1400", "NAME": null}}, {"geom": {"type": "LineString", "coordinates": [[-118.542866, 37.405832], [-118.542767, 37.406054], [-118.54265, 37.406296], [-118.542439, 37.406268], [-118.542042, 37.406248]]}, "props": {"MTFCC": "S1400", "NAME": null}}, {"geom": {"type": "LineString", "coordinates": [[-118.531936, 37.389368], [-118.532198, 37.389471], [-118.532384, 37.389538], [-118.532546, 37.389631], [-118.532921, 37.389908], [-118.533011, 37.389931], [-118.533431, 37.389948], [-118.533569, 37.389933]]}, "props": {"MTFCC": "S1400", "NAME": null}}, {"geom": {"type": "LineString", "coordinates": [[-118.503733, 37.405919], [-118.503431, 37.405769], [-118.503213, 37.405687]]}, "props": {"MTFCC": "S1400", "NAME": null}}, {"geom": {"type": "LineString", "coordinates": [[-118.330525, 37.389895], [-118.330607, 37.389801], [-118.330677, 37.389686], [-118.330731, 37.389573], [-118.330812, 37.389481], [-118.330856, 37.389445], [-118.330918, 37.389409], [-118.331076, 37.389362], [-118.331144, 37.389351], [-118.331291, 37.389354], [-118.33157, 37.389416], [-118.331676, 37.389425], [-118.33199, 37.38939], [-118.33221, 37.389332], [-118.332687, 37.389152], [-118.332942, 37.389069], [-118.33314, 37.389023], [-118.333281, 37.389006], [-118.333422, 37.389], [-118.333564, 37.389006], [-118.334466, 37.389132], [-118.33638, 37.389362], [-118.336509, 37.38939], [-118.336633, 37.389429], [-118.336847, 37.389526], [-118.337296, 37.389747], [-118.337946, 37.390045], [-118.338111, 37.390088], [-118.338284, 37.390103], [-118.338456, 37.390089], [-118.338621, 37.390047], [-118.339597, 37.389583]]}, "props": {"MTFCC": "S1400", "NAME": null}}, {"geom": {"type": "LineString", "coordinates": [[-118.519854, 37.413179], [-118.519884, 37.413119], [-118.51991, 37.413108], [-118.520229, 37.413092], [-118.520409, 37.413106], [-118.520662, 37.413196], [-118.520777, 37.413217], [-118.520921, 37.413223], [-118.520991, 37.413215]]}, "props": {"MTFCC": "S1400", "NAME": null}}, {"geom": {"type": "LineString", "coordinates": [[-118.509302, 37.408819], [-118.509138, 37.408934], [-118.50906, 37.408955], [-118.508965, 37.408946], [-118.50823, 37.408699], [-118.507961, 37.40863], [-118.507776, 37.408556], [-118.507412, 37.408446], [-118.507134, 37.408327], [-118.506674, 37.408089], [-118.506377, 37.407977], [-118.505821, 37.407811], [-118.505621, 37.407738], [-118.505449, 37.407662], [-118.505054, 37.407435], [-118.504996, 37.40743], [-118.504953, 37.407415], [-118.50454, 37.407126]]}, "props": {"MTFCC": "S1400", "NAME": null}}, {"geom": {"type": "LineString", "coordinates": [[-118.604632, 37.441287], [-118.604645, 37.441648], [-118.60464, 37.441777], [-118.604636, 37.441887], [-118.604657, 37.442183], [-118.604607, 37.442931], [-118.604603, 37.443409], [-118.604603, 37.443491], [-118.604608, 37.444418], [-118.604599, 37.444756], [-118.604574, 37.444928]]}, "props": {"MTFCC": "S1400", "NAME": null}}, {"geom": {"type": "LineString", "coordinates": [[-118.459947, 37.412386], [-118.459911, 37.41187], [-118.459875, 37.411804], [-118.459794, 37.411739], [-118.459772, 37.411724], [-118.459671, 37.411657], [-118.459526, 37.411537], [-118.459448, 37.411453]]}, "props": {"MTFCC": "S1400", "NAME": null}}, {"geom": {"type": "LineString", "coordinates": [[-118.545819, 37.408267], [-118.545807, 37.408575], [-118.545801, 37.408939]]}, "props": {"MTFCC": "S1740", "NAME": null}}, {"geom": {"type": "LineString", "coordinates": [[-118.554429, 37.419789], [-118.554376, 37.419753], [-118.554298, 37.419699], [-118.554235, 37.419656], [-118.554157, 37.419602], [-118.554113, 37.419571], [-118.554068, 37.41954], [-118.554021, 37.419509], [-118.553974, 37.419476], [-118.553925, 37.419443], [-118.553844, 37.419372], [-118.553789, 37.419294], [-118.553772, 37.419251], [-118.553744, 37.419165], [-118.553718, 37.419079], [-118.553696, 37.418993], [-118.553692, 37.418906], [-118.553701, 37.418818], [-118.553709, 37.418729], [-118.553709, 37.418643], [-118.553704, 37.418598], [-118.553696, 37.418553], [-118.553687, 37.418507], [-118.553675, 37.418462], [-118.553654, 37.418375], [-118.553638, 37.418292], [-118.553652, 37.418229]]}, "props": {"MTFCC": "S1400", "NAME": null}}, {"geom": {"type": "LineString", "coordinates": [[-118.608726, 37.431588], [-118.608728, 37.43189], [-118.608693, 37.432023], [-118.608623, 37.432147], [-118.608534, 37.432246], [-118.607993, 37.432763], [-118.607762, 37.433031], [-118.607678, 37.433155], [-118.607517, 37.433463], [-118.607313, 37.433881], [-118.607201, 37.434065], [-118.607158, 37.434103]]}, "props": {"MTFCC": "S1400", "NAME": null}}, {"geom": {"type": "LineString", "coordinates": [[-118.625366, 37.461534], [-118.625355, 37.461477], [-118.625302, 37.461431], [-118.625015, 37.46133], [-118.624916, 37.461254], [-118.62481, 37.461201], [-118.624745, 37.461176], [-118.624577, 37.461129], [-118.624425, 37.461097], [-118.624343, 37.461051], [-118.624314, 37.461043], [-118.624253, 37.461067], [-118.624201, 37.461095], [-118.624111, 37.461113], [-118.623867, 37.461109], [-118.623693, 37.461073], [-118.623561, 37.46106], [-118.623013, 37.460917], [-118.622691, 37.460802], [-118.622477, 37.460743], [-118.622347, 37.460719], [-118.62168, 37.460636], [-118.62159, 37.460609], [-118.62152, 37.460565], [-118.621454, 37.460476], [-118.621352, 37.46031], [-118.621272, 37.460212], [-118.621174, 37.460111], [-118.621121, 37.460024], [-118.621024, 37.459816], [-118.620974, 37.459733], [-118.620892, 37.459622], [-118.620786, 37.459424], [-118.620637, 37.458906], [-118.620584, 37.458821], [-118.620531, 37.458756], [-118.620444, 37.458621], [-118.620351, 37.458484], [-118.620152, 37.458098], [-118.620116, 37.458021]]}, "props": {"MTFCC": "S1500", "NAME": null}}, {"geom": {"type": "LineString", "coordinates": [[-118.367761, 37.424641], [-118.367573, 37.424787], [-118.36735, 37.425005], [-118.367269, 37.425105], [-118.367218, 37.425191], [-118.367133, 37.425364], [-118.366778, 37.425813], [-118.366397, 37.426227], [-118.366323, 37.426275], [-118.366234, 37.426302], [-118.366139, 37.426305], [-118.366016, 37.42629], [-118.365922, 37.426301], [-118.365854, 37.426327], [-118.365738, 37.426402], [-118.365676, 37.426455], [-118.365568, 37.426604], [-118.365431, 37.426874], [-118.365237, 37.427164], [-118.364883, 37.427496]]}, "props": {"MTFCC": "S1400", "NAME": null}}, {"geom": {"type": "LineString", "coordinates": [[-118.424115, 37.430891], [-118.424377, 37.431041], [-118.424778, 37.431313], [-118.425098, 37.431502], [-118.425481, 37.431697], [-118.426409, 37.432234], [-118.426937, 37.432552], [-118.427322, 37.432801], [-118.427416, 37.432834], [-118.427574, 37.432856], [-118.428013, 37.432855], [-118.428337, 37.432905], [-118.428488, 37.432941], [-118.428816, 37.433061], [-118.428928, 37.433094]]}, "props": {"MTFCC": "S1400", "NAME": null}}, {"geom": {"type": "LineString", "coordinates": [[-118.360734, 37.434158], [-118.360775, 37.434061], [-118.360869, 37.433928], [-118.361036, 37.433784], [-118.361391, 37.433514], [-118.361473, 37.433434], [-118.361582, 37.433293], [-118.36167, 37.433151], [-118.361699, 37.433084], [-118.361732, 37.433038], [-118.36183, 37.432936], [-118.361908, 37.432817], [-118.362202, 37.432629], [-118.362305, 37.432521], [-118.362468, 37.43227], [-118.362505, 37.432159], [-118.362506, 37.432082], [-118.362408, 37.431722], [-118.362333, 37.431295], [-118.362333, 37.430981], [-118.36234, 37.430889], [-118.362383, 37.430791], [-118.362456, 37.430683], [-118.362515, 37.430555], [-118.362527, 37.430478], [-118.362522, 37.430246], [-118.362495, 37.429895], [-118.362511, 37.428711], [-118.362547, 37.428529], [-118.362583, 37.428387], [-118.362564, 37.42823], [-118.362514, 37.427957], [-118.362453, 37.427723]]}, "props": {"MTFCC": "S1400", "NAME": null}}, {"geom": {"type": "LineString", "coordinates": [[-118.491603, 37.406175], [-118.491278, 37.406285], [-118.491146, 37.406305], [-118.49107, 37.406296], [-118.490896, 37.406227], [-118.490569, 37.406143], [-118.490454, 37.406143], [-118.490202, 37.406187], [-118.490093, 37.40622], [-118.49002, 37.406258], [-118.489894, 37.406261], [-118.489814, 37.406279], [-118.489678, 37.406384], [-118.489436, 37.406632], [-118.489293, 37.40674], [-118.489222, 37.406782], [-118.48913, 37.406824], [-118.48898, 37.406869], [-118.488793, 37.406887], [-118.488678, 37.406872], [-118.488556, 37.406818], [-118.488483, 37.406781], [-118.488406, 37.406774], [-118.488358, 37.406781], [-118.488142, 37.406878], [-118.487828, 37.407051], [-118.4878, 37.407074], [-118.487763, 37.407145], [-118.48776, 37.407185], [-118.487824, 37.40735], [-118.487838, 37.407462], [-118.487835, 37.407488], [-118.48779, 37.407533], [-118.48771, 37.407571], [-118.48768, 37.407594], [-118.487643, 37.407841], [-118.4876, 37.407924], [-118.487533, 37.407996], [-118.487499, 37.408006]]}, "props": {"MTFCC": "S1400", "NAME": null}}, {"geom": {"type": "LineString", "coordinates": [[-118.388253, 37.408693], [-118.388582, 37.408658], [-118.388698, 37.408673], [-118.388839, 37.408718], [-118.389195, 37.408734], [-118.389363, 37.408722], [-118.389645, 37.408646], [-118.389791, 37.40864], [-118.389887, 37.408656], [-118.390052, 37.408717], [-118.390195, 37.408735], [-118.390481, 37.408725], [-118.390653, 37.408692], [-118.390754, 37.408697], [-118.390928, 37.408718], [-118.391097, 37.408716], [-118.391242, 37.408703], [-118.391591, 37.408688], [-118.392391, 37.408688], [-118.393731, 37.408637], [-118.394104, 37.408635]]}, "props": {"MTFCC": "S1400", "NAME": null}}, {"geom": {"type": "LineString", "coordinates": [[-118.375009, 37.399512], [-118.375122, 37.399317], [-118.375136, 37.39929], [-118.375164, 37.39923]]}, "props": {"MTFCC": "S1400", "NAME": null}}, {"geom": {"type": "LineString", "coordinates": [[-118.367942, 37.401245], [-118.368081, 37.401307], [-118.368154, 37.40135], [-118.368521, 37.401663], [-118.368652, 37.401795]]}, "props": {"MTFCC": "S1400", "NAME": null}}, {"geom": {"type": "LineString", "coordinates": [[-118.395422, 37.405005], [-118.395346, 37.405009], [-118.395202, 37.405004], [-118.395146, 37.405022], [-118.395121, 37.40504], [-118.395095, 37.405113], [-118.395087, 37.40522], [-118.395142, 37.405545], [-118.395125, 37.405637], [-118.395078, 37.405771], [-118.395071, 37.405817], [-118.395089, 37.405917], [-118.395126, 37.406028], [-118.395115, 37.406077], [-118.395133, 37.406113]]}, "props": {"MTFCC": "S1400", "NAME": null}}, {"geom": {"type": "LineString", "coordinates": [[-118.475804, 37.385895], [-118.475926, 37.385705], [-118.47616, 37.385449], [-118.476589, 37.384954], [-118.476799, 37.384696], [-118.477408, 37.384181], [-118.477589, 37.384004], [-118.477916, 37.383725], [-118.478263, 37.383493], [-118.478411, 37.383367], [-118.478617, 37.383133], [-118.478704, 37.383048], [-118.478786, 37.382986], [-118.479173, 37.382612], [-118.479398, 37.382369], [-118.479478, 37.382292], [-118.47952, 37.382238]]}, "props": {"MTFCC": "S1400", "NAME": null}}, {"geom": {"type": "LineString", "coordinates": [[-118.359985, 37.386455], [-118.36006, 37.386568], [-118.360104, 37.386661], [-118.360115, 37.386749], [-118.360092, 37.38695], [-118.360061, 37.387101], [-118.359901, 37.387604], [-118.359781, 37.387868], [-118.359651, 37.388055], [-118.359587, 37.388209], [-118.35953, 37.388274], [-118.359465, 37.388428], [-118.35941, 37.388482], [-118.359343, 37.388517], [-118.359086, 37.388603], [-118.359012, 37.388668], [-118.358977, 37.388752], [-118.358985, 37.388919], [-118.358962, 37.389121], [-118.358919, 37.389358]]}, "props": {"MTFCC": "S1400", "NAME": null}}, {"geom": {"type": "LineString", "coordinates": [[-118.414977, 37.389761], [-118.414995, 37.39038]]}, "props": {"MTFCC": "S1400", "NAME": null}}, {"geom": {"type": "LineString", "coordinates": [[-118.494602, 37.377418], [-118.494016, 37.377781], [-118.494304, 37.378046], [-118.494357, 37.378108], [-118.49443, 37.378239], [-118.494467, 37.378378], [-118.494466, 37.378521], [-118.494452, 37.378591], [-118.494322, 37.378943], [-118.494333, 37.379027], [-118.494369, 37.379084], [-118.494405, 37.379116], [-118.493522, 37.378924], [-118.493455, 37.378894], [-118.493372, 37.378816], [-118.493289, 37.378727], [-118.493205, 37.37866], [-118.493113, 37.3786], [-118.493014, 37.378548], [-118.492908, 37.378505], [-118.492798, 37.378471], [-118.492534, 37.37842], [-118.492393, 37.37842], [-118.492255, 37.378443], [-118.492126, 37.378489], [-118.491997, 37.37857], [-118.491899, 37.378648], [-118.491812, 37.378734], [-118.491736, 37.378827], [-118.491673, 37.378925], [-118.491623, 37.379029], [-118.491587, 37.379136], [-118.491565, 37.379245], [-118.491557, 37.379356], [-118.491587, 37.379628]]}, "props": {"MTFCC": "S1400", "NAME": null}}, {"geom": {"type": "LineString", "coordinates": [[-118.499489, 37.380171], [-118.499171, 37.380197], [-118.498595, 37.380292], [-118.498037, 37.380371], [-118.497868, 37.380371], [-118.497703, 37.380343], [-118.49761, 37.380321], [-118.496797, 37.379031], [-118.496753, 37.378981]]}, "props": {"MTFCC": "S1400", "NAME": null}}, {"geom": {"type": "LineString", "coordinates": [[-118.375825, 37.367946], [-118.375834, 37.368793], [-118.375793, 37.368933], [-118.375749, 37.368993], [-118.375725, 37.36901], [-118.375625, 37.369023], [-118.373969, 37.369023]]}, "props": {"MTFCC": "S1400", "NAME": null}}, {"geom": {"type": "LineString", "coordinates": [[-118.373972, 37.369359], [-118.374028, 37.371331], [-118.37406, 37.372052], [-118.374053, 37.373012], [-118.374079, 37.373607]]}, "props": {"MTFCC": "S1400", "NAME": null}}, {"geom": {"type": "LineString", "coordinates": [[-118.393022, 37.380428], [-118.393102, 37.380434], [-118.393193, 37.380436], [-118.393241, 37.380437], [-118.393375, 37.380412], [-118.393556, 37.380352], [-118.393675, 37.380303]]}, "props": {"MTFCC": "S1400", "NAME": null}}, {"geom": {"type": "LineString", "coordinates": [[-118.414184, 37.381019], [-118.414428, 37.380998], [-118.41485, 37.380989], [-118.415117, 37.381012], [-118.415443, 37.381022], [-118.415821, 37.381003], [-118.416036, 37.380965], [-118.416184, 37.380926], [-118.416758, 37.380733], [-118.417119, 37.380608], [-118.417384, 37.380543], [-118.417559, 37.380524], [-118.418004, 37.380509]]}, "props": {"MTFCC": "S1400", "NAME": null}}, {"geom": {"type": "LineString", "coordinates": [[-118.421152, 37.377788], [-118.421189, 37.378088], [-118.421212, 37.378367], [-118.421207, 37.378778], [-118.421286, 37.379789], [-118.421306, 37.380293], [-118.421309, 37.380802], [-118.421263, 37.381593], [-118.421244, 37.381837], [-118.421237, 37.382637]]}, "props": {"MTFCC": "S1400", "NAME": null}}, {"geom": {"type": "LineString", "coordinates": [[-118.433487, 37.39404], [-118.432306, 37.394858], [-118.431983, 37.395072]]}, "props": {"MTFCC": "S1400", "NAME": null}}, {"geom": {"type": "LineString", "coordinates": [[-118.46415, 37.385565], [-118.463911, 37.385723], [-118.46353, 37.385921], [-118.46343, 37.385981], [-118.462993, 37.386291], [-118.462724, 37.386452], [-118.462609, 37.386503], [-118.462505, 37.386533], [-118.462389, 37.386597], [-118.46218, 37.386661], [-118.462124, 37.386687], [-118.461743, 37.386949], [-118.461691, 37.386969], [-118.460859, 37.387107], [-118.460541, 37.387169], [-118.459918, 37.38732], [-118.459633, 37.387377], [-118.459349, 37.38745], [-118.458814, 37.387611], [-118.458383, 37.38777], [-118.458259, 37.387799], [-118.458175, 37.387808], [-118.457789, 37.387918], [-118.4566, 37.388275], [-118.456051, 37.388469], [-118.454677, 37.388904], [-118.453773, 37.3892], [-118.453024, 37.389427], [-118.452557, 37.389577], [-118.451609, 37.389913], [-118.451142, 37.39007], [-118.449921, 37.390444], [-118.449527, 37.390586]]}, "props": {"MTFCC": "S1400", "NAME": null}}, {"geom": {"type": "LineString", "coordinates": [[-118.435779, 37.392428], [-118.435931, 37.392385], [-118.436679, 37.392058], [-118.436786, 37.392025], [-118.437011, 37.391987], [-118.437126, 37.391983], [-118.437524, 37.392014], [-118.437647, 37.392052], [-118.437807, 37.392153], [-118.437899, 37.392182], [-118.438098, 37.392194], [-118.438306, 37.392181], [-118.438512, 37.392143], [-118.438642, 37.392103], [-118.438767, 37.392053], [-118.438945, 37.391954], [-118.439142, 37.391833], [-118.439253, 37.391793], [-118.439355, 37.39178], [-118.439456, 37.391793], [-118.439547, 37.39183], [-118.439619, 37.391888], [-118.439684, 37.391986], [-118.439769, 37.392174], [-118.43979, 37.392268], [-118.439795, 37.39238], [-118.439764, 37.392533], [-118.439784, 37.392635], [-118.439848, 37.392734], [-118.439895, 37.392789], [-118.439927, 37.392885], [-118.43992, 37.392985], [-118.439879, 37.393067], [-118.439792, 37.393199], [-118.439768, 37.393273], [-118.439762, 37.393322], [-118.439793, 37.393623], [-118.439759, 37.393809]]}, "props": {"MTFCC": "S1400", "NAME": null}}, {"geom": {"type": "LineString", "coordinates": [[-118.447187, 37.392006], [-118.446869, 37.392081], [-118.445594, 37.392417], [-118.444843, 37.392607], [-118.444234, 37.392737]]}, "props": {"MTFCC": "S1400", "NAME": null}}, {"geom": {"type": "LineString", "coordinates": [[-118.432021, 37.397907], [-118.432013, 37.397708], [-118.432305, 37.397711], [-118.432698, 37.397734], [-118.432863, 37.397766], [-118.433296, 37.397766], [-118.433349, 37.397752], [-118.433467, 37.397682], [-118.433538, 37.397671], [-118.434521, 37.397676], [-118.435203, 37.397666], [-118.436005, 37.397679]]}, "props": {"MTFCC": "S1400", "NAME": null}}, {"geom": {"type": "LineString", "coordinates": [[-118.439759, 37.393809], [-118.439684, 37.394069], [-118.439307, 37.394782], [-118.43924, 37.394893], [-118.439129, 37.395028], [-118.438645, 37.395515]]}, "props": {"MTFCC": "S1400", "NAME": null}}, {"geom": {"type": "LineString", "coordinates": [[-118.438645, 37.395515], [-118.438329, 37.395826], [-118.437723, 37.396522], [-118.43737, 37.396963], [-118.437166, 37.397181], [-118.436586, 37.397675]]}, "props": {"MTFCC": "S1400", "NAME": null}}, {"geom": {"type": "LineString", "coordinates": [[-118.479073, 37.38707], [-118.479188, 37.387276], [-118.47946, 37.387837], [-118.480313, 37.389739], [-118.480845, 37.390972]]}, "props": {"MTFCC": "S1400", "NAME": null}}, {"geom": {"type": "LineString", "coordinates": [[-118.480329, 37.38233], [-118.480163, 37.382396], [-118.480086, 37.382454], [-118.480048, 37.382522], [-118.479814, 37.383107], [-118.479615, 37.383671], [-118.479378, 37.384282], [-118.478917, 37.385537], [-118.478688, 37.386107], [-118.47868, 37.386224], [-118.4787, 37.386301], [-118.479073, 37.38707]]}, "props": {"MTFCC": "S1400", "NAME": null}}, {"geom": {"type": "LineString", "coordinates": [[-118.430044, 37.418104], [-118.430045, 37.418009], [-118.43002, 37.417958], [-118.429966, 37.417903], [-118.429931, 37.417833], [-118.429888, 37.417687]]}, "props": {"MTFCC": "S1400", "NAME": null}}, {"geom": {"type": "LineString", "coordinates": [[-118.437506, 37.405498], [-118.437649, 37.405908], [-118.437883, 37.406484], [-118.437932, 37.406635], [-118.437998, 37.40701], [-118.438013, 37.407162], [-118.43803, 37.407225], [-118.438096, 37.407323], [-118.438171, 37.40739], [-118.438262, 37.407443], [-118.438365, 37.40748], [-118.438475, 37.407499], [-118.439116, 37.407497]]}, "props": {"MTFCC": "S1400", "NAME": null}}, {"geom": {"type": "LineString", "coordinates": [[-118.443276, 37.407564], [-118.443277, 37.407513], [-118.443311, 37.407429], [-118.44337, 37.407359], [-118.443459, 37.407301], [-118.443566, 37.407269], [-118.44368, 37.407264], [-118.443924, 37.407283], [-118.444218, 37.407262], [-118.44439, 37.407241], [-118.44453, 37.407207], [-118.4446, 37.407197], [-118.444679, 37.407198], [-118.444791, 37.407178], [-118.444815, 37.40717], [-118.444862, 37.407126], [-118.444897, 37.407064], [-118.444963, 37.407016], [-118.44524, 37.406907], [-118.445443, 37.406817]]}, "props": {"MTFCC": "S1400", "NAME": null}}, {"geom": {"type": "LineString", "coordinates": [[-118.436586, 37.397675], [-118.436119, 37.397684]]}, "props": {"MTFCC": "S1400", "NAME": null}}, {"geom": {"type": "LineString", "coordinates": [[-118.426279, 37.400789], [-118.426454, 37.400715], [-118.426719, 37.400543], [-118.42707, 37.400373]]}, "props": {"MTFCC": "S1400", "NAME": null}}, {"geom": {"type": "LineString", "coordinates": [[-118.426279, 37.400789], [-118.426115, 37.400933], [-118.426047, 37.400991], [-118.426029, 37.401006], [-118.425954, 37.401074]]}, "props": {"MTFCC": "S1400", "NAME": null}}, {"geom": {"type": "LineString", "coordinates": [[-118.381949, 37.409088], [-118.382232, 37.408992], [-118.382403, 37.408945]]}, "props": {"MTFCC": "S1400", "NAME": null}}, {"geom": {"type": "LineString", "coordinates": [[-118.388493, 37.408913], [-118.388661, 37.40916], [-118.388744, 37.409224], [-118.388893, 37.409283], [-118.38905, 37.40934], [-118.389408, 37.40942], [-118.390022, 37.409653], [-118.390334, 37.409765], [-118.390481, 37.409764], [-118.390658, 37.409736], [-118.390733, 37.40974], [-118.391044, 37.409851]]}, "props": {"MTFCC": "S1400", "NAME": null}}, {"geom": {"type": "LineString", "coordinates": [[-118.385904, 37.424805], [-118.385948, 37.424686], [-118.386038, 37.424526], [-118.386306, 37.424096], [-118.386442, 37.423916], [-118.386571, 37.423775], [-118.386646, 37.423709], [-118.38682, 37.423601], [-118.387027, 37.423509], [-118.387159, 37.42345], [-118.387261, 37.423409], [-118.387438, 37.423313], [-118.387608, 37.423177], [-118.387715, 37.42305], [-118.387775, 37.422939], [-118.387805, 37.42286], [-118.387878, 37.422549], [-118.387964, 37.422346], [-118.388007, 37.422276], [-118.388104, 37.422174], [-118.388124, 37.422149], [-118.388148, 37.422129], [-118.388286, 37.421984], [-118.388453, 37.421801], [-118.388583, 37.421682], [-118.388668, 37.421632], [-118.388806, 37.421591], [-118.388905, 37.421582], [-118.389062, 37.421603], [-118.38918, 37.42165], [-118.38924, 37.421689], [-118.389356, 37.421817], [-118.389387, 37.421869], [-118.389527, 37.422234], [-118.389729, 37.422964], [-118.389803, 37.423209], [-118.389958, 37.424283], [-118.390055, 37.42464], [-118.390145, 37.425327], [-118.390209, 37.425669], [-118.390265, 37.425819], [-118.390351, 37.425926], [-118.390423, 37.425978], [-118.390546, 37.426047], [-118.390695, 37.426115], [-118.391028, 37.426283], [-118.391134, 37.426332], [-118.391289, 37.426367], [-118.39141, 37.426362], [-118.391437, 37.426354], [-118.391524, 37.426328], [-118.391672, 37.426246], [-118.391854, 37.426116], [-118.391904, 37.42608], [-118.392169, 37.425834], [-118.392263, 37.425716], [-118.392376, 37.425574], [-118.392523, 37.425444], [-118.392829, 37.425226], [-118.393137, 37.425046], [-118.393377, 37.42493], [-118.393627, 37.424836], [-118.393726, 37.424809], [-118.394074, 37.424714], [-118.394438, 37.424637], [-118.394574, 37.424589], [-118.394695, 37.42452], [-118.394925, 37.424312], [-118.395067, 37.424176], [-118.395216, 37.424089], [-118.395307, 37.424046], [-118.395605, 37.423963], [-118.395741, 37.423948], [-118.395898, 37.423968], [-118.396039, 37.424026], [-118.396563, 37.424413], [-118.396795, 37.424593], [-118.397186, 37.424847], [-118.397522, 37.425023], [-118.397691, 37.425133], [-118.397792, 37.425229], [-118.39788, 37.42535], [-118.397934, 37.425484], [-118.397987, 37.425739], [-118.398042, 37.425826], [-118.398128, 37.425895], [-118.398232, 37.425938], [-118.398613, 37.426061], [-118.398717, 37.426079], [-118.398877, 37.426073], [-118.399289, 37.425971], [-118.399833, 37.425877], [-118.400545, 37.425798], [-118.400883, 37.425783], [-118.401119, 37.425789], [-118.401777, 37.425848], [-118.40193, 37.425876], [-118.401943, 37.425878], [-118.401987, 37.425888], [-118.402256, 37.425969], [-118.402714, 37.426189], [-118.402755, 37.426209], [-118.402922, 37.426268], [-118.403011, 37.426288], [-118.403193, 37.426303], [-118.403354, 37.426303], [-118.403537, 37.426296], [-118.403624, 37.426315], [-118.4037, 37.426354], [-118.403776, 37.426429], [-118.403818, 37.426483], [-118.403873, 37.426601], [-118.403909, 37.426741], [-118.40392, 37.427043], [-118.403993, 37.427696], [-118.404056, 37.428016], [-118.404089, 37.42813], [-118.404194, 37.428346], [-118.404521, 37.428943], [-118.404675, 37.429144], [-118.404754, 37.429288], [-118.40479, 37.429425], [-118.404789, 37.429667], [-118.404767, 37.430273], [-118.404772, 37.430692], [-118.404788, 37.430941], [-118.404815, 37.431092], [-118.404971, 37.431502], [-118.405045, 37.431738], [-118.405094, 37.432003], [-118.405142, 37.432128], [-118.405228, 37.432247], [-118.405316, 37.432333], [-118.405551, 37.432508], [-118.405681, 37.432594], [-118.405876, 37.432761], [-118.406001, 37.432901], [-118.406118, 37.433052]]}, "props": {"MTFCC": "S1400", "NAME": null}}, {"geom": {"type": "LineString", "coordinates": [[-118.395212, 37.426463], [-118.395671, 37.426471]]}, "props": {"MTFCC": "S1400", "NAME": null}}, {"geom": {"type": "LineString", "coordinates": [[-118.367724, 37.455469], [-118.367941, 37.455729], [-118.368197, 37.456046], [-118.368939, 37.456902], [-118.369296, 37.457294], [-118.36941, 37.457378], [-118.369495, 37.457427], [-118.369717, 37.457514], [-118.369795, 37.457539], [-118.3701, 37.457595], [-118.370182, 37.457578], [-118.370343, 37.457471], [-118.370444, 37.457419], [-118.370551, 37.457376], [-118.370664, 37.457341], [-118.37078, 37.457317], [-118.370899, 37.457302], [-118.371198, 37.457284], [-118.371415, 37.457286], [-118.371488, 37.457302], [-118.371625, 37.457365], [-118.371922, 37.457517], [-118.371977, 37.45756], [-118.372028, 37.457616], [-118.372185, 37.457826], [-118.372685, 37.458288]]}, "props": {"MTFCC": "S1400", "NAME": null}}, {"geom": {"type": "LineString", "coordinates": [[-118.391749, 37.430397], [-118.391467, 37.430577], [-118.39106, 37.430846], [-118.390946, 37.430909], [-118.390659, 37.431032], [-118.390119, 37.431206], [-118.389913, 37.431301], [-118.389696, 37.431413]]}, "props": {"MTFCC": "S1400", "NAME": null}}, {"geom": {"type": "LineString", "coordinates": [[-118.376762, 37.448176], [-118.376622, 37.447883], [-118.376447, 37.447461], [-118.376397, 37.447318]]}, "props": {"MTFCC": "S1400", "NAME": null}}, {"geom": {"type": "LineString", "coordinates": [[-118.394264, 37.453233], [-118.394251, 37.452743], [-118.394221, 37.452675], [-118.394196, 37.452646]]}, "props": {"MTFCC": "S1400", "NAME": null}}, {"geom": {"type": "LineString", "coordinates": [[-118.405931, 37.433311], [-118.405781, 37.433377], [-118.405562, 37.433473], [-118.405298, 37.433536], [-118.404919, 37.433674], [-118.404717, 37.433767], [-118.404504, 37.433907], [-118.404325, 37.434041], [-118.404082, 37.434154], [-118.404014, 37.434191], [-118.403956, 37.434235], [-118.40392, 37.434279], [-118.403894, 37.434341], [-118.403869, 37.434402], [-118.403874, 37.434456]]}, "props": {"MTFCC": "S1400", "NAME": null}}, {"geom": {"type": "LineString", "coordinates": [[-118.373594, 37.435364], [-118.373161, 37.435608], [-118.372325, 37.436134], [-118.372075, 37.436286], [-118.371424, 37.436631], [-118.371127, 37.436801], [-118.370863, 37.43698], [-118.370564, 37.437221], [-118.37031, 37.437381], [-118.36986, 37.43764], [-118.369356, 37.437969], [-118.369017, 37.438213], [-118.368953, 37.438272], [-118.368826, 37.438433], [-118.368437, 37.439126], [-118.367677, 37.440411], [-118.367217, 37.441225], [-118.366604, 37.442259], [-118.366006, 37.443226], [-118.365797, 37.443554], [-118.365394, 37.444157], [-118.365221, 37.444507], [-118.364919, 37.445222], [-118.364874, 37.44531], [-118.364758, 37.44545], [-118.364638, 37.445564]]}, "props": {"MTFCC": "S1400", "NAME": null}}, {"geom": {"type": "LineString", "coordinates": [[-118.493012, 37.407057], [-118.493079, 37.40699], [-118.493247, 37.406845], [-118.493304, 37.406788], [-118.493414, 37.406631], [-118.493483, 37.406548], [-118.493582, 37.406402], [-118.493635, 37.406273], [-118.493678, 37.406041], [-118.493722, 37.405988], [-118.493831, 37.405899], [-118.49383, 37.405862], [-118.493815, 37.405826], [-118.493812, 37.40579], [-118.493828, 37.40576], [-118.494542, 37.405364], [-118.494816, 37.405156], [-118.494946, 37.405036], [-118.494983, 37.404988], [-118.495016, 37.40492], [-118.495023, 37.404831]]}, "props": {"MTFCC": "S1400", "NAME": null}}, {"geom": {"type": "LineString", "coordinates": [[-118.396096, 37.426438], [-118.396478, 37.426472], [-118.396623, 37.426492], [-118.396849, 37.426545], [-118.397058, 37.426614], [-118.397169, 37.426659], [-118.397296, 37.426726], [-118.397419, 37.426819], [-118.397514, 37.426919], [-118.397614, 37.427073], [-118.397679, 37.427186], [-118.397742, 37.427319], [-118.397826, 37.427574], [-118.397992, 37.428373], [-118.398002, 37.428479], [-118.397991, 37.428755], [-118.397974, 37.428847], [-118.397945, 37.428935], [-118.397752, 37.429301], [-118.397696, 37.429443], [-118.397634, 37.429527], [-118.39759, 37.429556], [-118.397493, 37.429589], [-118.397266, 37.429629], [-118.397208, 37.429632], [-118.39715, 37.429626], [-118.397104, 37.42961], [-118.397056, 37.429566], [-118.397056, 37.429516], [-118.397098, 37.429402], [-118.397115, 37.429299]]}, "props": {"MTFCC": "S1400", "NAME": null}}, {"geom": {"type": "LineString", "coordinates": [[-118.392775, 37.409321], [-118.392923, 37.409297], [-118.393023, 37.409252], [-118.393428, 37.409006], [-118.393584, 37.408934], [-118.393769, 37.408879], [-118.393831, 37.408853], [-118.394104, 37.408635]]}, "props": {"MTFCC": "S1400", "NAME": null}}, {"geom": {"type": "LineString", "coordinates": [[-118.378504, 37.431355], [-118.379111, 37.43134], [-118.379377, 37.431312], [-118.379506, 37.431298], [-118.379895, 37.431218], [-118.38067, 37.431024], [-118.38175, 37.430708], [-118.382099, 37.430592], [-118.382188, 37.430555], [-118.382566, 37.430346], [-118.382598, 37.430325], [-118.382804, 37.430187], [-118.383122, 37.429944], [-118.383289, 37.429789], [-118.383349, 37.429721], [-118.383447, 37.429543], [-118.383504, 37.429374], [-118.383538, 37.429215], [-118.383576, 37.428857]]}, "props": {"MTFCC": "S1400", "NAME": null}}, {"geom": {"type": "LineString", "coordinates": [[-118.383576, 37.428857], [-118.384646, 37.428865], [-118.385523, 37.42886], [-118.386191, 37.428868]]}, "props": {"MTFCC": "S1400", "NAME": null}}, {"geom": {"type": "LineString", "coordinates": [[-118.302677, 37.459942], [-118.30268, 37.460902], [-118.302699, 37.461328], [-118.302695, 37.461414], [-118.302592, 37.461796], [-118.302557, 37.461926], [-118.302526, 37.461981], [-118.302501, 37.462026], [-118.302323, 37.462235], [-118.302104, 37.46246], [-118.302008, 37.462531], [-118.301889, 37.462583], [-118.301487, 37.462691], [-118.300575, 37.462923]]}, "props": {"MTFCC": "S1400", "NAME": null}}, {"geom": {"type": "LineString", "coordinates": [[-118.409632, 37.419575], [-118.409607, 37.419691], [-118.40958, 37.419821], [-118.409538, 37.420058], [-118.409471, 37.420264], [-118.409291, 37.42063], [-118.409197, 37.420927], [-118.409102, 37.421263], [-118.408896, 37.421803], [-118.408806, 37.422074], [-118.40853, 37.423161], [-118.408452, 37.423411], [-118.408374, 37.423627], [-118.408297, 37.423879], [-118.408252, 37.424077], [-118.408192, 37.424469], [-118.408188, 37.424662], [-118.408211, 37.424861], [-118.408318, 37.425282], [-118.408389, 37.425534], [-118.408417, 37.425635], [-118.408555, 37.426293], [-118.40861, 37.42647], [-118.40867, 37.426592], [-118.4088, 37.426771], [-118.408847, 37.426879], [-118.408872, 37.426995], [-118.40886, 37.427261], [-118.408821, 37.427452], [-118.408772, 37.427619], [-118.408732, 37.427719], [-118.408589, 37.427945], [-118.408536, 37.428015], [-118.408321, 37.428227], [-118.408037, 37.428418], [-118.407802, 37.428614], [-118.40769, 37.428731], [-118.407581, 37.428888], [-118.407512, 37.42902], [-118.406967, 37.429819], [-118.406676, 37.430195], [-118.406618, 37.430304], [-118.406579, 37.430429], [-118.406544, 37.430742], [-118.406531, 37.431038], [-118.406551, 37.431338], [-118.406614, 37.431675], [-118.406758, 37.432138], [-118.407033, 37.432917], [-118.40709, 37.43305], [-118.407197, 37.433333], [-118.40744, 37.43385], [-118.407605, 37.434116], [-118.407652, 37.434206], [-118.407686, 37.434336], [-118.407689, 37.434465], [-118.407768, 37.434937], [-118.407965, 37.435695], [-118.407994, 37.435833], [-118.408001, 37.43595], [-118.407993, 37.436067], [-118.407873, 37.436704], [-118.407801, 37.43689], [-118.407761, 37.436975], [-118.407694, 37.437085], [-118.407437, 37.437444], [-118.407068, 37.4379], [-118.406882, 37.43818], [-118.406578, 37.43872], [-118.406381, 37.439034], [-118.406227, 37.439258], [-118.406143, 37.439432], [-118.40605, 37.439746], [-118.406037, 37.439985], [-118.406013, 37.44021], [-118.405979, 37.440884], [-118.40586, 37.442313], [-118.405751, 37.443128], [-118.405681, 37.443983], [-118.405644, 37.444272], [-118.405567, 37.444713], [-118.405434, 37.445319], [-118.405419, 37.445639], [-118.405422, 37.445775], [-118.405539, 37.44638], [-118.405637, 37.446774], [-118.405753, 37.447114], [-118.406086, 37.447918], [-118.406158, 37.448112], [-118.406454, 37.449142], [-118.406504, 37.449353], [-118.406552, 37.449693], [-118.406549, 37.449862], [-118.406503, 37.450234], [-118.406455, 37.450549], [-118.406375, 37.450965], [-118.406268, 37.451357], [-118.406204, 37.451535], [-118.405847, 37.452385], [-118.40552, 37.453242], [-118.405104, 37.454234], [-118.404776, 37.455335], [-118.404631, 37.455844], [-118.404522, 37.456517], [-118.404497, 37.456964], [-118.404501, 37.457646], [-118.404539, 37.458175], [-118.404643, 37.45897], [-118.404773, 37.460153], [-118.404835, 37.460592], [-118.404869, 37.460903], [-118.40503, 37.462359], [-118.405079, 37.462668], [-118.405109, 37.462833]]}, "props": {"MTFCC": "S1400", "NAME": null}}, {"geom": {"type": "LineString", "coordinates": [[-118.348356, 37.462858], [-118.348418, 37.46287]]}, "props": {"MTFCC": "S1400", "NAME": null}}, {"geom": {"type": "LineString", "coordinates": [[-118.303141, 37.432345], [-118.303137, 37.432509]]}, "props": {"MTFCC": "S1400", "NAME": null}}, {"geom": {"type": "LineString", "coordinates": [[-118.349612, 37.433776], [-118.347306, 37.433763], [-118.347236, 37.433766], [-118.347055, 37.433774], [-118.345415, 37.433767], [-118.343496, 37.433778], [-118.341627, 37.433804], [-118.341155, 37.433819], [-118.339807, 37.433816], [-118.339338, 37.433809], [-118.339211, 37.433807], [-118.339115, 37.433809]]}, "props": {"MTFCC": "S1400", "NAME": null}}, {"geom": {"type": "LineString", "coordinates": [[-118.3455, 37.389648], [-118.345578, 37.38922]]}, "props": {"MTFCC": "S1400", "NAME": null}}, {"geom": {"type": "LineString", "coordinates": [[-118.3455, 37.389648], [-118.345502, 37.389705], [-118.345482, 37.389747], [-118.345485, 37.389788], [-118.345508, 37.389829], [-118.34551, 37.389879], [-118.345562, 37.389936], [-118.345576, 37.38998], [-118.345623, 37.390004], [-118.345694, 37.39012], [-118.345794, 37.390218], [-118.345959, 37.390349], [-118.34606, 37.390385], [-118.34617, 37.390385], [-118.34623, 37.390374], [-118.346375, 37.390376], [-118.346565, 37.390333], [-118.346632, 37.390274], [-118.346699, 37.390279], [-118.346729, 37.390294], [-118.346749, 37.390315], [-118.346768, 37.390422], [-118.346777, 37.390445], [-118.346831, 37.390478], [-118.346943, 37.390512], [-118.347206, 37.39056], [-118.34725, 37.390574], [-118.347267, 37.390604], [-118.347326, 37.390662], [-118.34734, 37.390684], [-118.347422, 37.390754], [-118.347555, 37.390828], [-118.347928, 37.390952], [-118.347962, 37.390944], [-118.348059, 37.390957], [-118.348208, 37.39096], [-118.348428, 37.391025], [-118.348738, 37.391163], [-118.348804, 37.391209]]}, "props": {"MTFCC": "S1400", "NAME": null}}, {"geom": {"type": "LineString", "coordinates": [[-118.294748, 37.455281], [-118.294506, 37.455419], [-118.294284, 37.455536], [-118.294196, 37.455585], [-118.293619, 37.455958], [-118.29335, 37.456149], [-118.293173, 37.45631], [-118.293059, 37.456436], [-118.292972, 37.456531], [-118.292842, 37.456637], [-118.292709, 37.456717], [-118.292457, 37.456822], [-118.292206, 37.456895], [-118.291997, 37.45697], [-118.29187, 37.457002], [-118.291743, 37.457023], [-118.291516, 37.457038], [-118.291407, 37.457066], [-118.291185, 37.457173], [-118.291032, 37.457211], [-118.290935, 37.457261], [-118.290837, 37.457346], [-118.290438, 37.457597], [-118.290381, 37.457666], [-118.290353, 37.457746], [-118.290358, 37.457829], [-118.290393, 37.457938], [-118.290525, 37.458203], [-118.290535, 37.458259], [-118.290524, 37.45834], [-118.290501, 37.458395]]}, "props": {"MTFCC": "S1400", "NAME": null}}, {"geom": {"type": "LineString", "coordinates": [[-118.336117, 37.407632], [-118.335954, 37.407881], [-118.335822, 37.408165], [-118.335662, 37.408571], [-118.335593, 37.408688], [-118.335503, 37.408803], [-118.335218, 37.40913], [-118.3351, 37.409281], [-118.334885, 37.409669], [-118.334605, 37.410062], [-118.334249, 37.410532], [-118.333844, 37.411088], [-118.333376, 37.411783], [-118.333111, 37.41213], [-118.332851, 37.412498], [-118.332577, 37.412867], [-118.332173, 37.413448], [-118.33169, 37.414069], [-118.331355, 37.414528], [-118.331014, 37.414966], [-118.330842, 37.415203], [-118.330731, 37.415391]]}, "props": {"MTFCC": "S1400", "NAME": null}}, {"geom": {"type": "LineString", "coordinates": [[-118.35027, 37.402444], [-118.34984, 37.40266], [-118.349546, 37.402837], [-118.349322, 37.402943], [-118.348926, 37.403087], [-118.348034, 37.403331]]}, "props": {"MTFCC": "S1400", "NAME": null}}, {"geom": {"type": "LineString", "coordinates": [[-118.350743, 37.401015], [-118.350607, 37.401224], [-118.350392, 37.401534], [-118.350304, 37.401677], [-118.350195, 37.4019]]}, "props": {"MTFCC": "S1400", "NAME": null}}, {"geom": {"type": "LineString", "coordinates": [[-118.341756, 37.386184], [-118.34159, 37.385993], [-118.341532, 37.385933], [-118.341485, 37.385847], [-118.341437, 37.385728], [-118.341419, 37.385648], [-118.341407, 37.385382], [-118.341374, 37.385268], [-118.341249, 37.385061], [-118.341248, 37.385029], [-118.341266, 37.384955], [-118.341272, 37.384877], [-118.341254, 37.384721], [-118.341224, 37.384603], [-118.341219, 37.384539], [-118.341195, 37.384478], [-118.341122, 37.384393], [-118.341046, 37.384337], [-118.340908, 37.384281], [-118.340807, 37.384263], [-118.340652, 37.384269], [-118.340474, 37.384288], [-118.340339, 37.384277], [-118.340209, 37.384243], [-118.339495, 37.38393], [-118.339233, 37.383831], [-118.338885, 37.383619], [-118.338737, 37.383506], [-118.338117, 37.382865], [-118.33793, 37.382614], [-118.337782, 37.382366], [-118.337701, 37.382255], [-118.337581, 37.382114], [-118.337214, 37.381611], [-118.337153, 37.381538], [-118.337092, 37.381489], [-118.337029, 37.381457], [-118.336897, 37.381413], [-118.33681, 37.381364], [-118.336679, 37.381263], [-118.336405, 37.381082], [-118.336362, 37.38103], [-118.336328, 37.380887], [-118.336348, 37.38072], [-118.336404, 37.380583], [-118.336504, 37.380429], [-118.336534, 37.380368], [-118.33655, 37.380305], [-118.336562, 37.379502], [-118.336622, 37.377887]]}, "props": {"MTFCC": "S1400", "NAME": null}}, {"geom": {"type": "LineString", "coordinates": [[-118.363159, 37.454246], [-118.363054, 37.454063], [-118.363, 37.453949], [-118.362946, 37.453801], [-118.36282, 37.453383], [-118.362636, 37.452868], [-118.362567, 37.4526]]}, "props": {"MTFCC": "S1400", "NAME": null}}, {"geom": {"type": "LineString", "coordinates": [[-118.368536, 37.448207], [-118.369599, 37.448216]]}, "props": {"MTFCC": "S1400", "NAME": null}}, {"geom": {"type": "LineString", "coordinates": [[-118.364591, 37.459573], [-118.364596, 37.458888]]}, "props": {"MTFCC": "S1400", "NAME": null}}, {"geom": {"type": "LineString", "coordinates": [[-118.330731, 37.415391], [-118.329752, 37.416655], [-118.327021, 37.41897], [-118.326928, 37.419176]]}, "props": {"MTFCC": "S1400", "NAME": null}}, {"geom": {"type": "LineString", "coordinates": [[-118.351106, 37.388197], [-118.351188, 37.388073], [-118.351296, 37.387958], [-118.35138, 37.387898], [-118.351478, 37.387853], [-118.351585, 37.387825], [-118.351697, 37.387816], [-118.351922, 37.387817], [-118.352123, 37.387784], [-118.352218, 37.387772], [-118.352364, 37.387789], [-118.352513, 37.387814], [-118.353217, 37.388025], [-118.353589, 37.388116], [-118.353726, 37.388141]]}, "props": {"MTFCC": "S1400", "NAME": null}}, {"geom": {"type": "LineString", "coordinates": [[-118.353726, 37.388141], [-118.35366, 37.388048], [-118.353465, 37.387837], [-118.353372, 37.387756], [-118.353273, 37.387696], [-118.352791, 37.387472], [-118.352735, 37.387455]]}, "props": {"MTFCC": "S1400", "NAME": null}}, {"geom": {"type": "LineString", "coordinates": [[-118.351106, 37.388197], [-118.351194, 37.388186], [-118.3513, 37.388184], [-118.351374, 37.388161], [-118.35145, 37.388131], [-118.351573, 37.388111], [-118.351699, 37.388111], [-118.351983, 37.388167], [-118.352211, 37.388229], [-118.35241, 37.388336], [-118.352722, 37.388536], [-118.352836, 37.388571], [-118.352933, 37.388587], [-118.353034, 37.388623], [-118.353123, 37.388675], [-118.353196, 37.38874], [-118.353415, 37.389123], [-118.353481, 37.389196], [-118.353565, 37.389257], [-118.353779, 37.389388], [-118.353978, 37.389531], [-118.354047, 37.38959], [-118.354103, 37.389626], [-118.354455, 37.389756], [-118.354529, 37.389776], [-118.354589, 37.389819], [-118.354653, 37.389931]]}, "props": {"MTFCC": "S1400", "NAME": null}}, {"geom": {"type": "LineString", "coordinates": [[-118.368298, 37.382779], [-118.368285, 37.382808], [-118.368289, 37.382872], [-118.368306, 37.382899], [-118.368325, 37.382916], [-118.368372, 37.382946], [-118.368447, 37.382974]]}, "props": {"MTFCC": "S1400", "NAME": null}}, {"geom": {"type": "LineString", "coordinates": [[-118.366497, 37.459662], [-118.366445, 37.459519], [-118.366392, 37.45948], [-118.366095, 37.459455]]}, "props": {"MTFCC": "S1400", "NAME": null}}, {"geom": {"type": "LineString", "coordinates": [[-118.186109, 37.383328], [-118.186051, 37.380849]]}, "props": {"MTFCC": "S1400", "NAME": null}}, {"geom": {"type": "LineString", "coordinates": [[-118.183032, 37.382087], [-118.181775, 37.382651], [-118.181613, 37.382746], [-118.18144, 37.382889], [-118.181342, 37.382958], [-118.181204, 37.383038], [-118.181045, 37.383109], [-118.180471, 37.38332], [-118.180136, 37.383467], [-118.180075, 37.383501], [-118.180014, 37.383518], [-118.179956, 37.383525], [-118.179857, 37.383516], [-118.179493, 37.383462], [-118.179349, 37.383454], [-118.178815, 37.383472], [-118.178544, 37.383498], [-118.178466, 37.383512], [-118.178376, 37.383542], [-118.178283, 37.383586], [-118.177787, 37.383961], [-118.177486, 37.384135]]}, "props": {"MTFCC": "S1400", "NAME": null}}, {"geom": {"type": "LineString", "coordinates": [[-118.016152, 37.415319], [-118.016289, 37.415258], [-118.016458, 37.415228], [-118.016544, 37.415225], [-118.016655, 37.415251], [-118.016805, 37.415294], [-118.016988, 37.41533], [-118.017404, 37.415379], [-118.017563, 37.415429], [-118.017834, 37.415564], [-118.017885, 37.415597], [-118.017961, 37.415696], [-118.018014, 37.415739], [-118.018142, 37.4158], [-118.018497, 37.415953], [-118.018634, 37.41604], [-118.01872, 37.416066], [-118.018826, 37.41606], [-118.018895, 37.416071], [-118.019045, 37.41614], [-118.019363, 37.416212], [-118.019499, 37.416213], [-118.019731, 37.416189], [-118.020163, 37.416187], [-118.020388, 37.416216], [-118.020848, 37.416337], [-118.02094, 37.416369], [-118.021165, 37.416473], [-118.021363, 37.416636], [-118.021421, 37.416662], [-118.021541, 37.41667], [-118.021635, 37.416654], [-118.021973, 37.416555], [-118.022429, 37.416406], [-118.022601, 37.416358], [-118.022796, 37.416327], [-118.023075, 37.416303], [-118.023216, 37.416253], [-118.023323, 37.41621], [-118.023533, 37.416187], [-118.023645, 37.416151], [-118.023754, 37.416147], [-118.024075, 37.416185], [-118.024313, 37.416194], [-118.024703, 37.416155], [-118.02486, 37.41611], [-118.025251, 37.415974], [-118.025402, 37.415938], [-118.025601, 37.41591], [-118.025745, 37.415905]]}, "props": {"MTFCC": "S1400", "NAME": null}}, {"geom": {"type": "LineString", "coordinates": [[-118.713757, 37.369242], [-118.713899, 37.369274], [-118.713933, 37.369322], [-118.713971, 37.369405], [-118.714096, 37.369539], [-118.714301, 37.369737], [-118.714357, 37.369771], [-118.71446, 37.369798], [-118.714611, 37.369804], [-118.714757, 37.369773], [-118.714844, 37.369732], [-118.714952, 37.369662], [-118.715055, 37.369585], [-118.715141, 37.369549], [-118.715264, 37.369533], [-118.716084, 37.369624], [-118.716161, 37.369629], [-118.716391, 37.369615], [-118.716696, 37.369566], [-118.716928, 37.369542], [-118.717123, 37.369504], [-118.71731, 37.369418], [-118.717395, 37.369363], [-118.717471, 37.369302], [-118.717555, 37.369202], [-118.71758, 37.369148], [-118.717595, 37.368967], [-118.717608, 37.368907], [-118.717642, 37.368854], [-118.717715, 37.368812], [-118.71778, 37.368798], [-118.717869, 37.368805], [-118.718047, 37.36889], [-118.718263, 37.36904], [-118.7184, 37.369108], [-118.718605, 37.369169], [-118.718819, 37.369219], [-118.719275, 37.369281], [-118.719557, 37.369372], [-118.720016, 37.369545], [-118.720113, 37.369578], [-118.720179, 37.3696], [-118.720311, 37.369615], [-118.720501, 37.369601], [-118.720744, 37.369606], [-118.720813, 37.369617]]}, "props": {"MTFCC": "S1400", "NAME": null}}, {"geom": {"type": "LineString", "coordinates": [[-118.502053, 37.368527], [-118.502439, 37.368632], [-118.502589, 37.368693], [-118.503232, 37.369014], [-118.50336, 37.369098], [-118.503445, 37.369124], [-118.503537, 37.369128], [-118.503641, 37.369103], [-118.503708, 37.369069], [-118.503911, 37.368909], [-118.503957, 37.368884], [-118.504158, 37.368829], [-118.504367, 37.368794], [-118.504521, 37.368735], [-118.504647, 37.368666], [-118.504942, 37.368479], [-118.505156, 37.368327], [-118.505943, 37.367691], [-118.50603, 37.367646], [-118.506181, 37.367589], [-118.506821, 37.367313]]}, "props": {"MTFCC": "S1400", "NAME": null}}, {"geom": {"type": "LineString", "coordinates": [[-118.395381, 37.368179], [-118.39627, 37.368162], [-118.396421, 37.36813], [-118.396603, 37.368042], [-118.396627, 37.368036], [-118.397246, 37.368037]]}, "props": {"MTFCC": "S1400", "NAME": null}}, {"geom": {"type": "LineString", "coordinates": [[-118.3933059673913, 37.3641], [-118.393312, 37.364322]]}, "props": {"MTFCC": "S1400", "NAME": null}}, {"geom": {"type": "LineString", "coordinates": [[-118.497189, 37.368851], [-118.497224, 37.368617], [-118.497261, 37.368477], [-118.497305, 37.368407], [-118.4974, 37.368299], [-118.497442, 37.368241], [-118.497626, 37.367935], [-118.497671, 37.367893], [-118.497808, 37.36783], [-118.497937, 37.367743], [-118.497988, 37.367728], [-118.498253, 37.36769], [-118.498317, 37.367653], [-118.498356, 37.367599], [-118.498372, 37.367404], [-118.498341, 37.367326], [-118.498277, 37.367269], [-118.498164, 37.367228], [-118.498055, 37.367206], [-118.49782, 37.36713], [-118.49778, 37.367097], [-118.497652, 37.366949], [-118.497584, 37.366898], [-118.497534, 37.366866], [-118.497491, 37.366708], [-118.497418, 37.366596], [-118.497397, 37.366548], [-118.497384, 37.366398], [-118.497347, 37.366339], [-118.497267, 37.366299], [-118.497239, 37.36626], [-118.49718, 37.366055], [-118.497155, 37.366042], [-118.497031, 37.365852], [-118.497001, 37.365664], [-118.496942, 37.36554], [-118.496916, 37.365458], [-118.496899, 37.365303], [-118.496869, 37.365256], [-118.496838, 37.365236], [-118.496771, 37.365211], [-118.496367, 37.364997], [-118.496215, 37.364903], [-118.496132, 37.364804]]}, "props": {"MTFCC": "S1400", "NAME": null}}, {"geom": {"type": "LineString", "coordinates": [[-118.619971, 37.452354], [-118.619739, 37.452378], [-118.619569, 37.452383], [-118.619157, 37.45236], [-118.619006, 37.452344], [-118.618786, 37.452295], [-118.618682, 37.452262]]}, "props": {"MTFCC": "S1500", "NAME": null}}, {"geom": {"type": "LineString", "coordinates": [[-117.993874, 37.411732], [-117.994444, 37.411797], [-117.995213, 37.411929], [-117.995845, 37.412049], [-117.996349, 37.412159], [-117.996864, 37.412253], [-117.997792, 37.412463], [-117.998671, 37.412703], [-117.999082, 37.412796], [-117.999124, 37.412793], [-117.999337, 37.412698], [-117.999581, 37.412561], [-117.99981, 37.41239]]}, "props": {"MTFCC": "S1400", "NAME": null}}, {"geom": {"type": "LineString", "coordinates": [[-118.467649, 37.367904], [-118.467532, 37.368075], [-118.46746, 37.368211], [-118.467295, 37.368497], [-118.467283, 37.36853], [-118.467234, 37.369025]]}, "props": {"MTFCC": "S1400", "NAME": null}}, {"geom": {"type": "LineString", "coordinates": [[-118.365097, 37.457405], [-118.365251, 37.457351], [-118.365631, 37.45728], [-118.365692, 37.457276], [-118.365869, 37.457292], [-118.366413, 37.457378], [-118.366813, 37.457474], [-118.366942, 37.45752], [-118.367048, 37.457583], [-118.367138, 37.457663], [-118.367253, 37.457836], [-118.367362, 37.458073], [-118.367452, 37.458361]]}, "props": {"MTFCC": "S1400", "NAME": null}}, {"geom": {"type": "LineString", "coordinates": [[-118.363195, 37.454513], [-118.363305, 37.45482], [-118.363445, 37.455092], [-118.36371, 37.455471], [-118.363788, 37.45561], [-118.36388, 37.45585], [-118.363914, 37.455911], [-118.364095, 37.456126], [-118.364274, 37.456291], [-118.364365, 37.456398], [-118.364492, 37.45662], [-118.364532, 37.456751], [-118.364554, 37.456878], [-118.364564, 37.457004], [-118.364549, 37.457301], [-118.364561, 37.45758]]}, "props": {"MTFCC": "S1400", "NAME": null}}, {"geom": {"type": "LineString", "coordinates": [[-118.363205, 37.454355], [-118.363195, 37.454513]]}, "props": {"MTFCC": "S1400", "NAME": null}}, {"geom": {"type": "LineString", "coordinates": [[-118.313295, 37.365528], [-118.312323, 37.365643], [-118.312127, 37.365639], [-118.311793, 37.3656], [-118.311657, 37.365596], [-118.311529, 37.365618], [-118.311444, 37.365645], [-118.311371, 37.365678], [-118.311131, 37.365831], [-118.310978, 37.365953], [-118.310609, 37.366092], [-118.310528, 37.366111], [-118.310273, 37.366145], [-118.310041, 37.366156], [-118.309975, 37.366166], [-118.309885, 37.366209], [-118.309758, 37.366284], [-118.309473, 37.366414], [-118.309381, 37.366447], [-118.308989, 37.366539], [-118.308582, 37.366653], [-118.308448, 37.366699], [-118.30826, 37.366765], [-118.307602, 37.366927], [-118.30736, 37.366973], [-118.30679, 37.367047], [-118.306566, 37.367094], [-118.306011, 37.367168], [-118.305323, 37.367277], [-118.305029, 37.367295], [-118.303833, 37.367268], [-118.303405, 37.367211], [-118.303027, 37.36717], [-118.30296, 37.367159], [-118.30276, 37.367087], [-118.302604, 37.36698], [-118.302333, 37.366772], [-118.302271, 37.366725], [-118.301551, 37.366273], [-118.301019, 37.36595], [-118.300984, 37.365932], [-118.300904, 37.365889], [-118.300551, 37.365723], [-118.300443, 37.365661], [-118.300289, 37.365574], [-118.300207, 37.365511], [-118.299931, 37.365198], [-118.299801, 37.365051], [-118.299685, 37.364937], [-118.299377, 37.364707], [-118.299211, 37.36448], [-118.299094, 37.364307], [-118.299034, 37.364246], [-118.298933, 37.364165]]}, "props": {"MTFCC": "S1400", "NAME": null}}, {"geom": {"type": "LineString", "coordinates": [[-118.416595, 37.375806], [-118.41659, 37.375433]]}, "props": {"MTFCC": "S1400", "NAME": null}}, {"geom": {"type": "LineString", "coordinates": [[-118.417398, 37.374931], [-118.417452, 37.374866]]}, "props": {"MTFCC": "S1400", "NAME": null}}, {"geom": {"type": "LineString", "coordinates": [[-118.599386, 37.4319], [-118.599269, 37.431916], [-118.599192, 37.431911], [-118.599035, 37.431873], [-118.598923, 37.431815], [-118.598829, 37.431747], [-118.598727, 37.431659], [-118.59864, 37.431628], [-118.598412, 37.431572], [-118.59831, 37.431526], [-118.598223, 37.431463], [-118.598085, 37.431302], [-118.597904, 37.431163], [-118.597826, 37.431116], [-118.59773, 37.431076], [-118.597524, 37.431031], [-118.597313, 37.430971]]}, "props": {"MTFCC": "S1740", "NAME": null}}, {"geom": {"type": "LineString", "coordinates": [[-118.498311, 37.405479], [-118.498282, 37.405452], [-118.498159, 37.405381], [-118.498122, 37.405343], [-118.498105, 37.405307], [-118.4981, 37.405214], [-118.498122, 37.405091]]}, "props": {"MTFCC": "S1400", "NAME": null}}, {"geom": {"type": "LineString", "coordinates": [[-118.489864, 37.405073], [-118.49016, 37.405437], [-118.490278, 37.405531], [-118.490378, 37.405588], [-118.490428, 37.405601], [-118.490802, 37.405613], [-118.491291, 37.405692], [-118.491497, 37.405739]]}, "props": {"MTFCC": "S1400", "NAME": null}}, {"geom": {"type": "LineString", "coordinates": [[-118.444545, 37.365362], [-118.444432, 37.366744], [-118.444369, 37.367656]]}, "props": {"MTFCC": "S1400", "NAME": null}}, {"geom": {"type": "LineString", "coordinates": [[-118.667299, 37.388341], [-118.667375, 37.388346], [-118.667455, 37.388399]]}, "props": {"MTFCC": "S1400", "NAME": null}}, {"geom": {"type": "LineString", "coordinates": [[-118.548041, 37.376098], [-118.547952, 37.376164], [-118.54792, 37.376222], [-118.54792, 37.376286], [-118.547947, 37.376344], [-118.548012, 37.376402], [-118.548101, 37.376433], [-118.548263, 37.376482], [-118.54847, 37.376575], [-118.548557, 37.376623], [-118.548872, 37.376841], [-118.548938, 37.3769], [-118.548987, 37.376962]]}, "props": {"MTFCC": "S1400", "NAME": null}}, {"geom": {"type": "LineString", "coordinates": [[-118.520693, 37.385824], [-118.520842, 37.385925], [-118.521031, 37.386042]]}, "props": {"MTFCC": "S1400", "NAME": null}}, {"geom": {"type": "LineString", "coordinates": [[-118.41624, 37.375808], [-118.416233, 37.37528], [-118.416231, 37.375036]]}, "props": {"MTFCC": "S1740", "NAME": null}}, {"geom": {"type": "LineString", "coordinates": [[-118.416233, 37.37528], [-118.415967, 37.375281]]}, "props": {"MTFCC": "S1400", "NAME": null}}, {"geom": {"type": "LineString", "coordinates": [[-118.414205, 37.382258], [-118.414203, 37.381955]]}, "props": {"MTFCC": "S1400", "NAME": null}}, {"geom": {"type": "LineString", "coordinates": [[-118.395325, 37.375797], [-118.397946, 37.375785]]}, "props": {"MTFCC": "S1200", "NAME": null}}, {"geom": {"type": "LineString", "coordinates": [[-118.348846, 37.388386], [-118.348641, 37.388465], [-118.348499, 37.388489], [-118.348329, 37.388494], [-118.348112, 37.388473], [-118.347429, 37.388356], [-118.347316, 37.388325], [-118.347225, 37.388289], [-118.347022, 37.388174], [-118.346885, 37.388137], [-118.346816, 37.388132], [-118.346749, 37.388148], [-118.346352, 37.388282], [-118.346146, 37.388363], [-118.346043, 37.388393], [-118.345805, 37.388436]]}, "props": {"MTFCC": "S1400", "NAME": null}}, {"geom": {"type": "LineString", "coordinates": [[-118.555117, 37.418548], [-118.555298, 37.418804], [-118.55543, 37.419043], [-118.555524, 37.419145], [-118.555641, 37.41923], [-118.555778, 37.419293], [-118.555957, 37.419337], [-118.556106, 37.41936], [-118.556661, 37.419416]]}, "props": {"MTFCC": "S1400", "NAME": null}}, {"geom": {"type": "LineString", "coordinates": [[-118.480615, 37.404137], [-118.480241, 37.404252], [-118.480152, 37.404313], [-118.480009, 37.404484]]}, "props": {"MTFCC": "S1400", "NAME": null}}, {"geom": {"type": "LineString", "coordinates": [[-118.350768, 37.384765], [-118.350701, 37.384721], [-118.350621, 37.384696], [-118.350372, 37.384677], [-118.349918, 37.384709], [-118.349756, 37.384735], [-118.349568, 37.384734], [-118.349384, 37.384702], [-118.349276, 37.384668], [-118.349097, 37.38458], [-118.348933, 37.384467], [-118.348569, 37.384171], [-118.348434, 37.384094], [-118.348148, 37.383957], [-118.348005, 37.383926], [-118.347822, 37.383926], [-118.347706, 37.383901], [-118.347606, 37.383848], [-118.347407, 37.383722], [-118.347322, 37.383695], [-118.347241, 37.383691], [-118.346852, 37.383877], [-118.346565, 37.38403], [-118.34649, 37.384043], [-118.346398, 37.384023], [-118.346342, 37.383982], [-118.346294, 37.383901], [-118.346254, 37.383691], [-118.346168, 37.383534], [-118.346032, 37.383329], [-118.345951, 37.383238], [-118.345847, 37.383146], [-118.34569, 37.383039], [-118.345636, 37.382981], [-118.345548, 37.382854], [-118.345234, 37.382575], [-118.345202, 37.382525], [-118.345206, 37.382468], [-118.345245, 37.38242], [-118.345279, 37.382407], [-118.345339, 37.382406], [-118.345648, 37.382445], [-118.345757, 37.382466], [-118.345858, 37.382466], [-118.345931, 37.382464], [-118.346094, 37.382425], [-118.346419, 37.382334], [-118.346662, 37.382256], [-118.346871, 37.382208], [-118.34698, 37.382213], [-118.347082, 37.382245], [-118.347167, 37.3823], [-118.347228, 37.382377], [-118.34729, 37.382516], [-118.347305, 37.382631], [-118.347294, 37.382724], [-118.347193, 37.383074], [-118.347169, 37.383228], [-118.347173, 37.383279], [-118.347225, 37.383387], [-118.347315, 37.383477], [-118.347456, 37.383587], [-118.347571, 37.383629], [-118.347708, 37.383641], [-118.34794, 37.383633], [-118.348078, 37.383616], [-118.348213, 37.383588], [-118.348382, 37.383534], [-118.348494, 37.383471], [-118.34858, 37.383396], [-118.348844, 37.383082], [-118.348937, 37.383022], [-118.349048, 37.382988], [-118.349166, 37.382984], [-118.349219, 37.382991], [-118.34948, 37.38309], [-118.349547, 37.383144], [-118.349589, 37.383211], [-118.349604, 37.383285], [-118.349603, 37.383337], [-118.349636, 37.38343], [-118.349722, 37.383549], [-118.349845, 37.383658], [-118.349993, 37.383743], [-118.350167, 37.383805], [-118.35031, 37.383839], [-118.350421, 37.383888], [-118.350627, 37.384051], [-118.350753, 37.384174], [-118.350913, 37.38429], [-118.351175, 37.384429], [-118.351233, 37.384453]]}, "props": {"MTFCC": "S1400", "NAME": null}}, {"geom": {"type": "LineString", "coordinates": [[-118.44795, 37.402679], [-118.448045, 37.402928], [-118.448109, 37.403064], [-118.448186, 37.40314], [-118.448358, 37.403242], [-118.448415, 37.403312], [-118.448442, 37.403393], [-118.44842, 37.404014], [-118.448406, 37.404227], [-118.448352, 37.40465], [-118.448383, 37.405098], [-118.448375, 37.405448], [-118.448409, 37.405594], [-118.448478, 37.40575], [-118.448565, 37.405896], [-118.448652, 37.406008], [-118.448753, 37.406095], [-118.449124, 37.406357], [-118.449194, 37.406432], [-118.449238, 37.406512], [-118.449261, 37.406596], [-118.449252, 37.406726], [-118.449218, 37.406808], [-118.449163, 37.406883], [-118.449036, 37.406969], [-118.448799, 37.407061], [-118.44844, 37.407143], [-118.448268, 37.407163], [-118.448072, 37.407173], [-118.447749, 37.407158], [-118.447622, 37.407148], [-118.447451, 37.407115], [-118.447341, 37.407068], [-118.447242, 37.407016], [-118.447171, 37.406997], [-118.44699, 37.406974], [-118.446691, 37.406883], [-118.446519, 37.406818], [-118.446162, 37.406706], [-118.445977, 37.40663], [-118.445886, 37.406575], [-118.445837, 37.406555], [-118.445519, 37.406507]]}, "props": {"MTFCC": "S1400", "NAME": null}}, {"geom": {"type": "LineString", "coordinates": [[-118.419266, 37.397833], [-118.419425, 37.397931], [-118.419518, 37.397998], [-118.419794, 37.398196], [-118.419942, 37.398324], [-118.41996, 37.398385], [-118.419949, 37.398506], [-118.419974, 37.398567], [-118.420027, 37.398615], [-118.420162, 37.39867], [-118.420234, 37.39873], [-118.420369, 37.398945], [-118.420383, 37.399019], [-118.420375, 37.39949], [-118.420361, 37.399578], [-118.420304, 37.399755], [-118.420224, 37.400342], [-118.420188, 37.400702], [-118.420143, 37.401029], [-118.420076, 37.401319], [-118.420041, 37.401399], [-118.419767, 37.401799], [-118.419716, 37.401947], [-118.419615, 37.402355], [-118.419561, 37.402543], [-118.419435, 37.403154], [-118.419185, 37.403772], [-118.419151, 37.403893], [-118.419114, 37.404117], [-118.419042, 37.404351], [-118.418844, 37.404751], [-118.41884, 37.404812], [-118.418871, 37.404888], [-118.418938, 37.404949], [-118.419006, 37.404976], [-118.419143, 37.404995], [-118.419922, 37.404997], [-118.42088, 37.404957], [-118.421165, 37.404926], [-118.421221, 37.404938], [-118.421268, 37.404979], [-118.421277, 37.405025], [-118.421246, 37.405196], [-118.421267, 37.4053], [-118.421323, 37.405389], [-118.421408, 37.405495], [-118.421429, 37.405558], [-118.421436, 37.405631], [-118.421413, 37.405826], [-118.421343, 37.406149], [-118.421281, 37.40632], [-118.421185, 37.406474], [-118.421113, 37.406571], [-118.4209, 37.406934]]}, "props": {"MTFCC": "S1400", "NAME": null}}, {"geom": {"type": "LineString", "coordinates": [[-118.610027, 37.412416], [-118.610958, 37.412432], [-118.611498, 37.412418], [-118.612065, 37.412415], [-118.612799, 37.41241], [-118.613163, 37.412415], [-118.613611, 37.412404], [-118.613717, 37.412401]]}, "props": {"MTFCC": "S1400", "NAME": null}}, {"geom": {"type": "LineString", "coordinates": [[-118.386078, 37.424849], [-118.386146, 37.424675], [-118.386293, 37.424413], [-118.38647, 37.424144], [-118.386577, 37.42401], [-118.386723, 37.423855], [-118.386832, 37.423766], [-118.386927, 37.423705], [-118.387029, 37.423653], [-118.387387, 37.423511], [-118.387487, 37.42346], [-118.387624, 37.423366], [-118.387803, 37.423187], [-118.38792, 37.423018], [-118.388015, 37.422791], [-118.388053, 37.422513], [-118.388101, 37.422394], [-118.38818, 37.422287], [-118.38869, 37.421811], [-118.388784, 37.421761], [-118.388889, 37.421739], [-118.388998, 37.421744], [-118.389099, 37.421775], [-118.389183, 37.42183], [-118.389236, 37.421893], [-118.389316, 37.422088], [-118.389458, 37.422478], [-118.389511, 37.422783], [-118.389555, 37.422903], [-118.38967, 37.423405], [-118.389702, 37.423675], [-118.389826, 37.424336], [-118.389917, 37.424721], [-118.39004, 37.425637], [-118.390084, 37.425831], [-118.390126, 37.425906], [-118.390228, 37.426007], [-118.390973, 37.426414], [-118.391155, 37.426492], [-118.391288, 37.426521], [-118.391425, 37.426515], [-118.391553, 37.426476], [-118.391746, 37.426369], [-118.39185, 37.426303], [-118.391957, 37.426221], [-118.392549, 37.425621], [-118.392664, 37.425515], [-118.392976, 37.425287], [-118.393186, 37.425161], [-118.393385, 37.425059], [-118.393922, 37.424866], [-118.394537, 37.424746], [-118.394682, 37.424695], [-118.39481, 37.424621], [-118.394866, 37.424576], [-118.395113, 37.424321], [-118.395285, 37.424194], [-118.395411, 37.424143], [-118.39568, 37.424083], [-118.395798, 37.424077], [-118.395934, 37.424106], [-118.396038, 37.424158], [-118.396246, 37.424322], [-118.396825, 37.424748], [-118.39709, 37.424913], [-118.397477, 37.425129], [-118.397636, 37.425245], [-118.397719, 37.425336], [-118.397777, 37.42544], [-118.397806, 37.425551], [-118.397821, 37.425699], [-118.397861, 37.425805], [-118.397917, 37.425883], [-118.397992, 37.42595], [-118.398068, 37.425996], [-118.398327, 37.426106], [-118.398589, 37.426191], [-118.398664, 37.426206], [-118.398828, 37.426207], [-118.398988, 37.42618], [-118.399329, 37.426074], [-118.399487, 37.426034], [-118.39992, 37.425978], [-118.400488, 37.425937], [-118.400587, 37.425917], [-118.400843, 37.425897], [-118.401276, 37.425921], [-118.401689, 37.425955], [-118.401857, 37.425978], [-118.402128, 37.426045], [-118.402352, 37.426134], [-118.40266, 37.426284], [-118.402775, 37.426332], [-118.402896, 37.426369], [-118.40312, 37.426413], [-118.403501, 37.426418], [-118.403596, 37.426452], [-118.403673, 37.426518], [-118.403728, 37.426612], [-118.403766, 37.426734], [-118.403795, 37.427158]]}, "props": {"MTFCC": "S1400", "NAME": null}}, {"geom": {"type": "LineString", "coordinates": [[-118.336589, 37.4265], [-118.336933, 37.427362], [-118.337302, 37.428211], [-118.337611, 37.428825], [-118.337994, 37.429815], [-118.338223, 37.430393], [-118.338356, 37.430758], [-118.338412, 37.43095], [-118.338554, 37.431376], [-118.338747, 37.432119], [-118.339115, 37.433809]]}, "props": {"MTFCC": "S1400", "NAME": null}}, {"geom": {"type": "LineString", "coordinates": [[-118.322977, 37.416766], [-118.322826, 37.416575], [-118.322699, 37.416361], [-118.32241, 37.415794], [-118.322331, 37.415582]]}, "props": {"MTFCC": "S1400", "NAME": null}}, {"geom": {"type": "LineString", "coordinates": [[-118.190522, 37.415758], [-118.190563, 37.415829], [-118.190569, 37.415888], [-118.19054, 37.416028], [-118.190417, 37.416306], [-118.190378, 37.41638], [-118.190319, 37.416489], [-118.19029, 37.416566]]}, "props": {"MTFCC": "S1400", "NAME": null}}, {"geom": {"type": "LineString", "coordinates": [[-118.55645, 37.436459], [-118.556497, 37.436425], [-118.556543, 37.436415], [-118.556662, 37.436434], [-118.557324, 37.436663], [-118.557429, 37.436723], [-118.557518, 37.436811], [-118.557569, 37.436916], [-118.557579, 37.436981], [-118.557575, 37.43704], [-118.55756, 37.437095], [-118.557491, 37.437222], [-118.557455, 37.43731], [-118.557417, 37.437468], [-118.557405, 37.43755], [-118.557201, 37.4374], [-118.556669, 37.436879], [-118.556492, 37.436659], [-118.556459, 37.4366], [-118.556436, 37.436499], [-118.55645, 37.436459]]}, "props": {"MTFCC": "S1400", "NAME": null}}, {"geom": {"type": "LineString", "coordinates": [[-118.340575, 37.437654], [-118.340361, 37.437815], [-118.34027, 37.437866]]}, "props": {"MTFCC": "S1400", "NAME": null}}, {"geom": {"type": "LineString", "coordinates": [[-118.304955, 37.439647], [-118.304704, 37.439988], [-118.304504, 37.440196], [-118.304418, 37.440264], [-118.304122, 37.440442], [-118.3038, 37.440604], [-118.30333, 37.440822]]}, "props": {"MTFCC": "S1400", "NAME": null}}, {"geom": {"type": "LineString", "coordinates": [[-118.605818, 37.439156], [-118.605702, 37.439252], [-118.605378, 37.439466], [-118.605007, 37.439682], [-118.604834, 37.439778], [-118.6047, 37.439902], [-118.60464, 37.440005], [-118.604606, 37.440147], [-118.604592, 37.440273], [-118.604593, 37.440625], [-118.604632, 37.441287], [-118.604501, 37.441389], [-118.604308, 37.441467], [-118.603167, 37.44172], [-118.602183, 37.4419], [-118.600331, 37.442192], [-118.60013, 37.442224], [-118.599663, 37.442335], [-118.598997, 37.442505], [-118.598432, 37.442611], [-118.598217, 37.442658]]}, "props": {"MTFCC": "S1500", "NAME": null}}, {"geom": {"type": "LineString", "coordinates": [[-118.497385, 37.396052], [-118.498416, 37.395421], [-118.498812, 37.39521], [-118.498945, 37.395156], [-118.499086, 37.395113], [-118.499231, 37.395082], [-118.499483, 37.395056], [-118.499674, 37.395058], [-118.499878, 37.395103], [-118.500121, 37.395126], [-118.500531, 37.395141], [-118.500784, 37.395133]]}, "props": {"MTFCC": "S1400", "NAME": null}}, {"geom": {"type": "LineString", "coordinates": [[-118.30333, 37.440822], [-118.303209, 37.440848], [-118.302761, 37.441063], [-118.30251, 37.441154], [-118.301978, 37.441287], [-118.301821, 37.441345]]}, "props": {"MTFCC": "S1400", "NAME": null}}, {"geom": {"type": "LineString", "coordinates": [[-118.51512, 37.412995], [-118.515169, 37.412949], [-118.515217, 37.41292], [-118.515228, 37.412914], [-118.515268, 37.412896], [-118.51535, 37.412866], [-118.515405, 37.412853], [-118.515462, 37.412851], [-118.515521, 37.412853], [-118.515585, 37.412878], [-118.515646, 37.412915], [-118.515674, 37.412956], [-118.51569, 37.413018]]}, "props": {"MTFCC": "S1400", "NAME": null}}, {"geom": {"type": "LineString", "coordinates": [[-118.502021, 37.401699], [-118.502167, 37.401647]]}, "props": {"MTFCC": "S1400", "NAME": null}}, {"geom": {"type": "LineString", "coordinates": [[-118.44104, 37.415188], [-118.441044, 37.415031], [-118.440994, 37.414499], [-118.440954, 37.414416], [-118.440884, 37.414347], [-118.44079, 37.414298], [-118.440482, 37.414238], [-118.439988, 37.41421], [-118.43975, 37.41417], [-118.439489, 37.414105], [-118.438996, 37.414022], [-118.438527, 37.413968], [-118.438374, 37.413971], [-118.438314, 37.41398], [-118.438217, 37.414009], [-118.438128, 37.414012], [-118.438041, 37.413993], [-118.437886, 37.413911], [-118.437782, 37.413892], [-118.437641, 37.413881], [-118.437511, 37.413846], [-118.437398, 37.413795], [-118.437317, 37.413733], [-118.437265, 37.413682], [-118.437149, 37.413498], [-118.437102, 37.413457], [-118.43695, 37.413409], [-118.436826, 37.4134], [-118.436687, 37.413409], [-118.436631, 37.413425], [-118.436569, 37.41348], [-118.436544, 37.413531], [-118.436453, 37.413795]]}, "props": {"MTFCC": "S1400", "NAME": null}}, {"geom": {"type": "LineString", "coordinates": [[-118.42581, 37.427242], [-118.425872, 37.427208], [-118.425949, 37.427116], [-118.426073, 37.426912], [-118.426303, 37.42645], [-118.426397, 37.426338], [-118.42659, 37.426193], [-118.426951, 37.425971], [-118.427178, 37.425814], [-118.427386, 37.425648], [-118.427453, 37.425584], [-118.427546, 37.425416], [-118.427614, 37.425367], [-118.427703, 37.425344], [-118.427872, 37.425357], [-118.427908, 37.425346], [-118.427972, 37.425307], [-118.428122, 37.425259], [-118.428769, 37.425096], [-118.429001, 37.424972], [-118.429225, 37.424903], [-118.429325, 37.424839], [-118.429398, 37.424815], [-118.429784, 37.424781], [-118.429892, 37.424754], [-118.429991, 37.424708], [-118.430125, 37.424609], [-118.430209, 37.424525], [-118.430298, 37.424385], [-118.430391, 37.42431], [-118.430529, 37.424245], [-118.430662, 37.424201], [-118.430867, 37.424087], [-118.43097, 37.423994], [-118.431028, 37.423905], [-118.431083, 37.42379], [-118.431161, 37.423656], [-118.431198, 37.423564], [-118.431221, 37.423395], [-118.431223, 37.423298], [-118.431177, 37.423015], [-118.4311, 37.422782], [-118.43107, 37.422581], [-118.431067, 37.422432], [-118.431092, 37.422265], [-118.431209, 37.421974], [-118.43124, 37.421864], [-118.431271, 37.421592], [-118.431281, 37.421428], [-118.431348, 37.421188], [-118.431409, 37.421047], [-118.43151, 37.420881], [-118.431643, 37.420737], [-118.431771, 37.420583], [-118.431837, 37.420472], [-118.431886, 37.420423], [-118.432026, 37.420322], [-118.43208, 37.42026], [-118.432113, 37.420197], [-118.432142, 37.420085], [-118.432153, 37.419982], [-118.432188, 37.419881], [-118.432233, 37.419807], [-118.432246, 37.419793], [-118.432266, 37.419769], [-118.432332, 37.419739], [-118.432362, 37.419715], [-118.432375, 37.419677], [-118.43237, 37.419637], [-118.432351, 37.419594], [-118.432317, 37.419558], [-118.43223, 37.419504], [-118.432205, 37.419489], [-118.432176, 37.419455], [-118.432163, 37.419391], [-118.432163, 37.419306], [-118.432143, 37.419281], [-118.43211, 37.419262], [-118.432071, 37.419251], [-118.431963, 37.419256], [-118.431875, 37.419296], [-118.431798, 37.419361], [-118.431726, 37.41945], [-118.431669, 37.419581], [-118.431609, 37.419756]]}, "props": {"MTFCC": "S1400", "NAME": null}}, {"geom": {"type": "LineString", "coordinates": [[-118.591302, 37.412307], [-118.591381, 37.410405], [-118.591403, 37.410302], [-118.591466, 37.410134], [-118.591551, 37.41003], [-118.591672, 37.409952], [-118.591767, 37.409919], [-118.59189, 37.409895], [-118.592007, 37.409882], [-118.59227, 37.409878], [-118.592722, 37.409893]]}, "props": {"MTFCC": "S1400", "NAME": null}}, {"geom": {"type": "LineString", "coordinates": [[-118.502438, 37.403589], [-118.50244, 37.40366], [-118.502449, 37.403724], [-118.502458, 37.403781], [-118.502473, 37.403837], [-118.502488, 37.403886], [-118.502506, 37.403942], [-118.502528, 37.403998], [-118.502554, 37.404059], [-118.502572, 37.404115]]}, "props": {"MTFCC": "S1400", "NAME": null}}, {"geom": {"type": "LineString", "coordinates": [[-118.502438, 37.403589], [-118.502581, 37.403599], [-118.50282, 37.403604], [-118.503187, 37.40363], [-118.503362, 37.403621], [-118.503644, 37.403546], [-118.503751, 37.403537], [-118.503846, 37.403544], [-118.503994, 37.403565], [-118.504156, 37.403589], [-118.504608, 37.403631], [-118.504689, 37.403627], [-118.50481, 37.403593], [-118.504889, 37.403584], [-118.505124, 37.403587], [-118.505402, 37.403621], [-118.505566, 37.403615]]}, "props": {"MTFCC": "S1400", "NAME": null}}, {"geom": {"type": "LineString", "coordinates": [[-118.508359, 37.401359], [-118.508398, 37.401326], [-118.508448, 37.401289], [-118.508497, 37.401254], [-118.508537, 37.401215], [-118.508583, 37.401165], [-118.508614, 37.401125], [-118.508642, 37.401079], [-118.508669, 37.401036], [-118.508696, 37.400994], [-118.508718, 37.400947], [-118.508741, 37.4009], [-118.50874, 37.400866], [-118.508801, 37.400821], [-118.508837, 37.400786], [-118.508871, 37.400749], [-118.508903, 37.400702], [-118.50894, 37.400662], [-118.508975, 37.400624], [-118.509011, 37.400586], [-118.50905, 37.400548], [-118.509112, 37.400519], [-118.509189, 37.400497], [-118.509269, 37.400486], [-118.509327, 37.400491], [-118.50942, 37.400519], [-118.509477, 37.400542], [-118.509529, 37.400574], [-118.509587, 37.400605], [-118.509656, 37.400633], [-118.50973, 37.40066], [-118.509802, 37.400683], [-118.509871, 37.400704], [-118.509939, 37.400724], [-118.510004, 37.400746], [-118.510098, 37.400787], [-118.510146, 37.400815]]}, "props": {"MTFCC": "S1400", "NAME": null}}, {"geom": {"type": "LineString", "coordinates": [[-118.503315, 37.399225], [-118.5033, 37.399213], [-118.503223, 37.399154], [-118.503175, 37.399115], [-118.503112, 37.399051], [-118.50308, 37.399006], [-118.503057, 37.398958], [-118.503047, 37.398911], [-118.503043, 37.398862], [-118.503042, 37.398798], [-118.503034, 37.398747], [-118.503016, 37.398696], [-118.502989, 37.398644], [-118.502966, 37.398584], [-118.502958, 37.398536], [-118.502958, 37.398481], [-118.502967, 37.398417], [-118.502995, 37.398302], [-118.503007, 37.398223], [-118.503016, 37.398146], [-118.503025, 37.398085], [-118.503036, 37.398039], [-118.50305, 37.397993], [-118.50307, 37.397946], [-118.503104, 37.397889], [-118.503154, 37.397829], [-118.503213, 37.397763], [-118.503267, 37.397698], [-118.503307, 37.39764], [-118.503345, 37.397584], [-118.503385, 37.397523], [-118.503429, 37.397454], [-118.503466, 37.397381], [-118.503485, 37.397316], [-118.503487, 37.39726], [-118.50348, 37.397205], [-118.503473, 37.397147], [-118.50347, 37.397089], [-118.503474, 37.397035], [-118.503485, 37.39698], [-118.503502, 37.39692], [-118.503527, 37.396858], [-118.503566, 37.39677], [-118.503589, 37.39672], [-118.503609, 37.396672], [-118.503621, 37.396623], [-118.50362, 37.396572], [-118.503606, 37.396525], [-118.503584, 37.39648], [-118.503564, 37.396435], [-118.503542, 37.396381], [-118.503518, 37.396332], [-118.503473, 37.396282], [-118.503417, 37.396258], [-118.503348, 37.396237], [-118.503239, 37.396203], [-118.503165, 37.396181], [-118.503092, 37.396158], [-118.50302, 37.396133], [-118.502959, 37.396104], [-118.502907, 37.396072], [-118.502864, 37.396036], [-118.502824, 37.395995], [-118.50276, 37.395935], [-118.502718, 37.395899], [-118.502677, 37.395864], [-118.502636, 37.39583], [-118.502593, 37.395797], [-118.502542, 37.395769], [-118.502439, 37.395732], [-118.502342, 37.395697], [-118.502276, 37.395675], [-118.502211, 37.395658], [-118.502155, 37.395648], [-118.502105, 37.395627], [-118.502042, 37.395607], [-118.501983, 37.395586], [-118.501919, 37.395557], [-118.501869, 37.395536], [-118.501806, 37.39551], [-118.501724, 37.395479], [-118.501664, 37.39546], [-118.501608, 37.395435]]}, "props": {"MTFCC": "S1400", "NAME": null}}, {"geom": {"type": "LineString", "coordinates": [[-118.555978, 37.439988], [-118.556022, 37.43994], [-118.556013, 37.439889], [-118.555989, 37.439818], [-118.555976, 37.439741], [-118.55597, 37.439696], [-118.555977, 37.439607], [-118.556055, 37.439488], [-118.556093, 37.439446], [-118.556129, 37.439404], [-118.556156, 37.43935], [-118.556187, 37.4393], [-118.556209, 37.439239], [-118.556263, 37.43912], [-118.556289, 37.439058], [-118.556313, 37.439], [-118.556332, 37.43895], [-118.556354, 37.438871], [-118.55637, 37.438801], [-118.556408, 37.43875], [-118.556456, 37.438693], [-118.556523, 37.438607], [-118.556581, 37.438568], [-118.556631, 37.438528], [-118.556704, 37.438486], [-118.556756, 37.438455], [-118.556811, 37.438326]]}, "props": {"MTFCC": "S1400", "NAME": null}}, {"geom": {"type": "LineString", "coordinates": [[-118.374201, 37.382377], [-118.37409, 37.382391], [-118.373949, 37.38239]]}, "props": {"MTFCC": "S1400", "NAME": null}}, {"geom": {"type": "LineString", "coordinates": [[-118.633053, 37.453212], [-118.632907, 37.453192], [-118.632804, 37.453196], [-118.632714, 37.453204], [-118.632634, 37.453195], [-118.632293, 37.453108], [-118.632168, 37.453102], [-118.63165, 37.453164], [-118.631321, 37.453191], [-118.631045, 37.453189], [-118.630961, 37.453166], [-118.630913, 37.453169], [-118.630472, 37.453369], [-118.630358, 37.453393], [-118.630198, 37.453386], [-118.629889, 37.453392], [-118.629662, 37.453374], [-118.629529, 37.453339], [-118.629242, 37.453241], [-118.629065, 37.453216], [-118.628966, 37.453229], [-118.628596, 37.453348], [-118.628384, 37.453393], [-118.628237, 37.45344], [-118.627459, 37.453555], [-118.627266, 37.453592], [-118.627182, 37.453597], [-118.626866, 37.453591], [-118.62679, 37.453603], [-118.626725, 37.453581], [-118.626617, 37.453462], [-118.626522, 37.453418], [-118.626439, 37.453408], [-118.626236, 37.453413], [-118.626026, 37.453464], [-118.625935, 37.453475], [-118.62571, 37.453476], [-118.625599, 37.453495], [-118.625446, 37.45355], [-118.625338, 37.453564], [-118.625236, 37.45355], [-118.624973, 37.453468], [-118.624712, 37.453399], [-118.624438, 37.453338], [-118.624212, 37.453262], [-118.623817, 37.453217], [-118.623683, 37.453226], [-118.623623, 37.453235], [-118.62358, 37.453233], [-118.623539, 37.453221], [-118.623445, 37.453167], [-118.623352, 37.453085], [-118.623172, 37.452881], [-118.623049, 37.452778], [-118.622913, 37.452676], [-118.622895, 37.452655], [-118.622844, 37.452484], [-118.622766, 37.452336], [-118.622658, 37.452168], [-118.62258, 37.452083], [-118.622509, 37.45205], [-118.622427, 37.452043], [-118.622377, 37.452053], [-118.622292, 37.452094], [-118.622141, 37.45219], [-118.621848, 37.452322], [-118.621725, 37.452348], [-118.621542, 37.452348], [-118.621334, 37.452364], [-118.621111, 37.452343], [-118.621006, 37.452352], [-118.620868, 37.45239], [-118.620739, 37.452402], [-118.620521, 37.452393], [-118.620228, 37.452348], [-118.619971, 37.452354]]}, "props": {"MTFCC": "S1400", "NAME": null}}, {"geom": {"type": "LineString", "coordinates": [[-118.432785, 37.431572], [-118.432895, 37.431359], [-118.432942, 37.431214], [-118.432986, 37.430985], [-118.432987, 37.430852], [-118.432958, 37.430616], [-118.43298, 37.430373], [-118.433026, 37.430164], [-118.433069, 37.430032], [-118.43318, 37.429819], [-118.433239, 37.429568], [-118.433255, 37.429411], [-118.433254, 37.42919], [-118.43331, 37.428906], [-118.433319, 37.428691], [-118.433307, 37.428517], [-118.433349, 37.428225], [-118.433356, 37.428099], [-118.433372, 37.42801], [-118.433446, 37.427782], [-118.433454, 37.427623], [-118.433388, 37.427186], [-118.433347, 37.427037], [-118.433348, 37.426982], [-118.4334, 37.426812], [-118.433432, 37.426738], [-118.433443, 37.426653], [-118.433371, 37.426264], [-118.433344, 37.425963], [-118.433284, 37.425706], [-118.433282, 37.425595], [-118.43332, 37.425399], [-118.43341, 37.425102], [-118.433441, 37.424912], [-118.433433, 37.424586], [-118.433399, 37.424323], [-118.433414, 37.424149], [-118.433418, 37.424017], [-118.433458, 37.423916], [-118.433465, 37.423801], [-118.43351, 37.42365], [-118.433533, 37.423607], [-118.433596, 37.423545], [-118.433693, 37.423489], [-118.433727, 37.423445], [-118.433758, 37.423292], [-118.433851, 37.423067], [-118.433876, 37.422966], [-118.433952, 37.422841], [-118.434005, 37.422783], [-118.434047, 37.422693], [-118.43412, 37.422484], [-118.434272, 37.422125], [-118.434472, 37.421821], [-118.4345, 37.421745], [-118.434538, 37.421526], [-118.434594, 37.421367], [-118.434672, 37.421232], [-118.434773, 37.421129], [-118.43488, 37.420904], [-118.434922, 37.420699], [-118.435054, 37.420411], [-118.435098, 37.420106], [-118.435139, 37.419971], [-118.435219, 37.419821], [-118.435288, 37.419742], [-118.435424, 37.419624], [-118.435459, 37.419578], [-118.43553, 37.419455], [-118.435561, 37.419411], [-118.435623, 37.419347]]}, "props": {"MTFCC": "S1400", "NAME": null}}, {"geom": {"type": "LineString", "coordinates": [[-117.857212, 37.405347], [-117.856801, 37.405397], [-117.856276, 37.405461], [-117.855854, 37.405486], [-117.855369, 37.405503], [-117.85471, 37.405525], [-117.854015, 37.405563], [-117.852985, 37.405583], [-117.851816, 37.4056], [-117.851013, 37.405624], [-117.850387, 37.405687], [-117.849753, 37.405726], [-117.849389, 37.405759], [-117.848924, 37.40582], [-117.848468, 37.405903], [-117.848159, 37.40594], [-117.847761, 37.405968], [-117.847283, 37.405967], [-117.846882, 37.405959], [-117.846539, 37.405977], [-117.845668, 37.40609], [-117.845232, 37.406156], [-117.844889, 37.406201]]}, "props": {"MTFCC": "S1400", "NAME": null}}, {"geom": {"type": "LineString", "coordinates": [[-117.981427, 37.370095], [-117.981215, 37.370506], [-117.981145, 37.370677], [-117.981064, 37.370839], [-117.980894, 37.371094], [-117.980848, 37.37121], [-117.980822, 37.371363], [-117.98074, 37.372045], [-117.980708, 37.372204], [-117.980653, 37.372338], [-117.980568, 37.372454], [-117.980454, 37.372553], [-117.9804, 37.372588], [-117.980189, 37.372697], [-117.979697, 37.372898]]}, "props": {"MTFCC": "S1400", "NAME": null}}, {"geom": {"type": "LineString", "coordinates": [[-117.849333, 37.398585], [-117.849312, 37.398669], [-117.849399, 37.398913], [-117.849413, 37.399057], [-117.849408, 37.399135], [-117.849389, 37.399228], [-117.84932, 37.399391], [-117.849248, 37.399506], [-117.849134, 37.399626], [-117.84831, 37.40039], [-117.847565, 37.401053], [-117.847104, 37.401489], [-117.846844, 37.401836], [-117.846642, 37.402157], [-117.846541, 37.402334], [-117.846208, 37.403142], [-117.846149, 37.403302], [-117.846078, 37.40346], [-117.845821, 37.404198], [-117.84563, 37.4047], [-117.845567, 37.404838], [-117.845261, 37.405683], [-117.845138, 37.405987], [-117.845043, 37.406108], [-117.844991, 37.406149], [-117.844889, 37.406201]]}, "props": {"MTFCC": "S1400", "NAME": null}}, {"geom": {"type": "LineString", "coordinates": [[-117.836389, 37.464781], [-117.836865, 37.464967]]}, "props": {"MTFCC": "S1400", "NAME": null}}, {"geom": {"type": "LineString", "coordinates": [[-118.620482, 37.432017], [-118.62016, 37.436128], [-118.619899, 37.439973], [-118.619696, 37.442967], [-118.619664, 37.443438]]}, "props": {"MTFCC": "S1500", "NAME": null}}, {"geom": {"type": "LineString", "coordinates": [[-118.302932, 37.433468], [-118.303005, 37.433688], [-118.303061, 37.433823], [-118.30318, 37.434024], [-118.303231, 37.43409], [-118.303415, 37.434296], [-118.303712, 37.434806], [-118.30388, 37.435031], [-118.304012, 37.435234], [-118.304043, 37.435275], [-118.304182, 37.435409], [-118.304342, 37.435551], [-118.304586, 37.435891], [-118.304809, 37.43611], [-118.304861, 37.436217], [-118.304867, 37.436328], [-118.304841, 37.436417], [-118.304822, 37.436638], [-118.304832, 37.43742], [-118.304822, 37.437944], [-118.30481, 37.438426], [-118.304842, 37.43876], [-118.304955, 37.439647]]}, "props": {"MTFCC": "S1400", "NAME": null}}, {"geom": {"type": "LineString", "coordinates": [[-118.000244, 37.450371], [-118.000139, 37.450411], [-117.999938, 37.450441], [-117.999871, 37.450459], [-117.999705, 37.450558], [-117.999497, 37.45075], [-117.99944, 37.450789], [-117.999194, 37.450911], [-117.999123, 37.45098], [-117.999083, 37.451063], [-117.999076, 37.451152], [-117.999138, 37.451397], [-117.999188, 37.451512], [-117.999232, 37.451682], [-117.999228, 37.451759], [-117.999187, 37.451862], [-117.999126, 37.451945], [-117.999044, 37.452016], [-117.998946, 37.452073], [-117.998714, 37.452142], [-117.998544, 37.452142], [-117.998494, 37.45213], [-117.998388, 37.452131], [-117.998322, 37.452146], [-117.998231, 37.452192], [-117.998139, 37.452256], [-117.99797, 37.452422], [-117.997847, 37.452504], [-117.99776, 37.45254], [-117.997385, 37.452668], [-117.997101, 37.452781], [-117.997027, 37.452846], [-117.996994, 37.452912], [-117.996988, 37.452981], [-117.99701, 37.453048], [-117.997084, 37.453158], [-117.9971, 37.45324], [-117.997085, 37.453316], [-117.99704, 37.453384], [-117.996955, 37.453447], [-117.996839, 37.453513], [-117.996749, 37.453527], [-117.996653, 37.453509], [-117.996493, 37.453461], [-117.996383, 37.453451], [-117.996234, 37.45346], [-117.996083, 37.453489], [-117.995868, 37.45358], [-117.995729, 37.453656], [-117.995661, 37.453699], [-117.995579, 37.453724], [-117.995315, 37.453736], [-117.995197, 37.453769], [-117.994952, 37.453862], [-117.994802, 37.453888], [-117.99471, 37.453888], [-117.994611, 37.453877], [-117.994454, 37.453841], [-117.994199, 37.453844], [-117.993798, 37.453819], [-117.993578, 37.453824], [-117.993479, 37.453844], [-117.993295, 37.453913], [-117.99301, 37.454058], [-117.992938, 37.454108], [-117.992755, 37.454321], [-117.99272, 37.454349], [-117.992562, 37.454403], [-117.992404, 37.454446], [-117.992263, 37.454515], [-117.992201, 37.454575], [-117.992165, 37.454647], [-117.99216, 37.454724], [-117.992191, 37.454811], [-117.992323, 37.454998], [-117.992333, 37.455073], [-117.992303, 37.455143], [-117.99224, 37.455199], [-117.992113, 37.455258], [-117.991783, 37.455357], [-117.99157, 37.455434], [-117.99129, 37.455557], [-117.991193, 37.455578], [-117.991123, 37.455576], [-117.991098, 37.455574], [-117.990938, 37.455555], [-117.990053, 37.455407], [-117.989652, 37.455353], [-117.989433, 37.455333], [-117.988794, 37.455234], [-117.988728, 37.45523], [-117.988565, 37.455219], [-117.988303, 37.455234], [-117.988043, 37.455301], [-117.987899, 37.455297], [-117.9875, 37.455241], [-117.987208, 37.455221], [-117.986922, 37.455212], [-117.986424, 37.455161], [-117.986177, 37.455147], [-117.986127, 37.455139], [-117.986078, 37.45512], [-117.985966, 37.455078], [-117.985819, 37.455058], [-117.985676, 37.455075], [-117.985556, 37.455111], [-117.985448, 37.455179], [-117.985372, 37.455271], [-117.985327, 37.455336], [-117.985271, 37.455387], [-117.985204, 37.455434], [-117.985183, 37.455446], [-117.985102, 37.45549], [-117.984774, 37.455718], [-117.984481, 37.455945], [-117.984341, 37.456035], [-117.98424, 37.456087], [-117.98412, 37.456135], [-117.983998, 37.456171], [-117.983752, 37.45619], [-117.983594, 37.456222], [-117.983513, 37.456226], [-117.983337, 37.456208], [-117.983169, 37.45621], [-117.983022, 37.456231], [-117.982341, 37.456414], [-117.981514, 37.456585], [-117.981152, 37.456647], [-117.980784, 37.456734], [-117.980636, 37.456741], [-117.980414, 37.45674], [-117.980284, 37.456764], [-117.980052, 37.456824], [-117.979926, 37.456865], [-117.979688, 37.456971], [-117.979606, 37.457015], [-117.979175, 37.457173], [-117.979038, 37.457205], [-117.978827, 37.457226], [-117.978436, 37.457255], [-117.978274, 37.457243], [-117.978147, 37.457209], [-117.977905, 37.457125], [-117.977767, 37.457107], [-117.977628, 37.457124], [-117.977282, 37.457212], [-117.976788, 37.457357], [-117.976318, 37.457509], [-117.975958, 37.457604], [-117.97579, 37.457633], [-117.975649, 37.45764], [-117.975437, 37.457608], [-117.975034, 37.457507], [-117.974932, 37.457458], [-117.974815, 37.457391], [-117.974597, 37.457305], [-117.974265, 37.457226], [-117.974117, 37.457219], [-117.973941, 37.457234], [-117.973702, 37.457287], [-117.973329, 37.457315], [-117.973097, 37.457353], [-117.972971, 37.457385], [-117.972559, 37.457528], [-117.972423, 37.457599], [-117.972339, 37.457664], [-117.972158, 37.457862], [-117.972099, 37.457916], [-117.971915, 37.458045], [-117.971882, 37.458068], [-117.971827, 37.458074], [-117.971759, 37.458051], [-117.971684, 37.458015], [-117.971608, 37.458012], [-117.971552, 37.458031], [-117.971513, 37.458064], [-117.971479, 37.458112], [-117.971451, 37.458135], [-117.971377, 37.458172], [-117.971053, 37.458308], [-117.970909, 37.458343], [-117.970688, 37.458356], [-117.970251, 37.458343], [-117.970099, 37.45831], [-117.96994, 37.458258], [-117.969615, 37.458205], [-117.96937, 37.45818], [-117.969268, 37.458181], [-117.968983, 37.458222], [-117.968634, 37.458294], [-117.968532, 37.458294], [-117.968399, 37.458267], [-117.968046, 37.458177], [-117.96782, 37.458106], [-117.967581, 37.458014], [-117.967287, 37.457912], [-117.967103, 37.457832], [-117.966805, 37.457669], [-117.966501, 37.457471], [-117.966289, 37.457408], [-117.966095, 37.45737], [-117.966007, 37.457334], [-117.965875, 37.457251], [-117.965752, 37.457219], [-117.965135, 37.45719], [-117.965026, 37.457208], [-117.964956, 37.457228], [-117.964725, 37.457311], [-117.96458, 37.457326], [-117.963821, 37.457303], [-117.963684, 37.457321], [-117.963488, 37.457362], [-117.963319, 37.45738], [-117.963143, 37.457379], [-117.96291, 37.457353], [-117.962731, 37.457371], [-117.962536, 37.457427], [-117.962455, 37.457464], [-117.96213, 37.457664], [-117.96185, 37.457789], [-117.961671, 37.45785], [-117.961395, 37.458026], [-117.961357, 37.458046], [-117.960751, 37.458134], [-117.960579, 37.458175], [-117.960386, 37.45826], [-117.960242, 37.458335], [-117.960173, 37.458346], [-117.959724, 37.458266], [-117.959509, 37.458203], [-117.959392, 37.458187], [-117.959339, 37.458185], [-117.95911, 37.458217], [-117.959018, 37.458205], [-117.958934, 37.458171], [-117.958823, 37.458095], [-117.958795, 37.458084], [-117.95877, 37.458076], [-117.95872, 37.458068], [-117.958639, 37.458071], [-117.958459, 37.458033], [-117.958379, 37.458027], [-117.958177, 37.458058], [-117.958007, 37.458097], [-117.957804, 37.458155], [-117.957386, 37.45831], [-117.957236, 37.45839], [-117.957075, 37.458486], [-117.956966, 37.458513], [-117.956889, 37.458524], [-117.956545, 37.45862], [-117.956221, 37.458759], [-117.956137, 37.458769], [-117.955937, 37.45877], [-117.955845, 37.458785], [-117.955802, 37.458801], [-117.955747, 37.458821], [-117.955652, 37.458884], [-117.955555, 37.458977], [-117.955483, 37.459057], [-117.955409, 37.459111], [-117.955314, 37.459159], [-117.955153, 37.459216], [-117.954883, 37.459325], [-117.954547, 37.459433], [-117.954447, 37.459454], [-117.954292, 37.459469], [-117.953689, 37.459499], [-117.953572, 37.459529], [-117.953452, 37.459585], [-117.953205, 37.459738], [-117.953055, 37.459851], [-117.952835, 37.459982], [-117.952586, 37.460082], [-117.95203, 37.460195], [-117.951892, 37.460201], [-117.951448, 37.460191], [-117.951244, 37.460209], [-117.950719, 37.460301], [-117.950606, 37.4603], [-117.950495, 37.46028], [-117.950392, 37.460243], [-117.950242, 37.460157], [-117.950093, 37.460091], [-117.949941, 37.46005], [-117.94962, 37.459994], [-117.949373, 37.459931], [-117.948997, 37.459843], [-117.948817, 37.45983], [-117.948686, 37.459789], [-117.948548, 37.459709], [-117.948459, 37.45967], [-117.948293, 37.459624], [-117.948096, 37.459614], [-117.94784, 37.45962], [-117.947719, 37.459646], [-117.947613, 37.459699], [-117.947438, 37.459848], [-117.947366, 37.459919], [-117.947209, 37.460075], [-117.946956, 37.460391], [-117.946925, 37.460445], [-117.946899, 37.460563], [-117.946888, 37.460605], [-117.946884, 37.460654], [-117.946895, 37.460747], [-117.94691, 37.460783], [-117.947036, 37.460932], [-117.947056, 37.461008], [-117.947035, 37.461084], [-117.946968, 37.461207], [-117.946926, 37.461266], [-117.946832, 37.461334], [-117.946786, 37.461355], [-117.946751, 37.461371], [-117.946664, 37.461431], [-117.946468, 37.461505], [-117.946345, 37.46156], [-117.945829, 37.461838], [-117.945627, 37.461932], [-117.9455, 37.461958], [-117.945398, 37.461956], [-117.945186, 37.461941], [-117.945005, 37.461944], [-117.944804, 37.461975], [-117.94466, 37.461997], [-117.944534, 37.462032], [-117.944373, 37.462115], [-117.944053, 37.46233], [-117.943939, 37.462382], [-117.943828, 37.462411], [-117.943599, 37.462421], [-117.943459, 37.46241], [-117.943299, 37.462362], [-117.942995, 37.462246], [-117.942893, 37.462233], [-117.942792, 37.462245], [-117.9427, 37.462282], [-117.942629, 37.462336], [-117.942373, 37.46265], [-117.942313, 37.462706], [-117.942179, 37.462788], [-117.941979, 37.462868], [-117.941695, 37.462929], [-117.94161, 37.462955], [-117.94139, 37.463058], [-117.94123, 37.463139], [-117.941081, 37.46317], [-117.940937, 37.463165], [-117.940894, 37.463154], [-117.940777, 37.463088], [-117.940728, 37.463077], [-117.940448, 37.463095], [-117.940247, 37.463093], [-117.940036, 37.463115], [-117.939552, 37.463273], [-117.939321, 37.463314], [-117.938803, 37.463349], [-117.938439, 37.463356], [-117.938217, 37.463336], [-117.937974, 37.46334], [-117.937816, 37.46337], [-117.937596, 37.463401], [-117.937129, 37.463494], [-117.936918, 37.463563], [-117.936796, 37.463615], [-117.936605, 37.463718], [-117.934852, 37.464632]]}, "props": {"MTFCC": "S1400", "NAME": null}}, {"geom": {"type": "LineString", "coordinates": [[-118.62077198969072, 37.3641], [-118.6208, 37.364119]]}, "props": {"MTFCC": "S1400", "NAME": null}}, {"geom": {"type": "LineString", "coordinates": [[-118.417886, 37.374793], [-118.417876, 37.374261]]}, "props": {"MTFCC": "S1740", "NAME": null}}, {"geom": {"type": "LineString", "coordinates": [[-118.442734, 37.397655], [-118.442749, 37.397835], [-118.442845, 37.398166], [-118.442955, 37.398444], [-118.44314, 37.398815], [-118.443231, 37.398985], [-118.443351, 37.399127], [-118.443468, 37.399203], [-118.443588, 37.39924], [-118.443674, 37.399248], [-118.443885, 37.399223], [-118.444122, 37.399186], [-118.444217, 37.39919], [-118.444305, 37.399217], [-118.444378, 37.399264], [-118.444425, 37.399326], [-118.444439, 37.399397], [-118.444425, 37.399468], [-118.444384, 37.399532], [-118.444325, 37.399583], [-118.444195, 37.399644], [-118.443837, 37.399775], [-118.443694, 37.399837], [-118.443454, 37.399969], [-118.443166, 37.400167], [-118.442995, 37.400305], [-118.442932, 37.400366], [-118.442833, 37.400503], [-118.442772, 37.400652], [-118.442756, 37.40073], [-118.442751, 37.400955], [-118.442773, 37.401089], [-118.44282, 37.401182], [-118.442905, 37.401267], [-118.44302, 37.401327], [-118.443183, 37.401367], [-118.444032, 37.401402], [-118.444981, 37.401406], [-118.445537, 37.401334], [-118.445777, 37.401329], [-118.44606, 37.401345], [-118.446249, 37.401339], [-118.446413, 37.401311], [-118.446577, 37.40126], [-118.44706, 37.401089], [-118.447336, 37.401013], [-118.447509, 37.400991], [-118.447652, 37.400966], [-118.447801, 37.400932], [-118.447922, 37.400878], [-118.448049, 37.400789], [-118.448538, 37.400378], [-118.448772, 37.400201], [-118.449183, 37.399932], [-118.449342, 37.39986], [-118.449513, 37.399816], [-118.449757, 37.399796], [-118.450425, 37.399774], [-118.450525, 37.399785], [-118.450598, 37.399804], [-118.450666, 37.399834], [-118.45072, 37.399871], [-118.450774, 37.399945], [-118.450782, 37.399988], [-118.450786, 37.400008], [-118.450773, 37.400071], [-118.450711, 37.400159], [-118.45062, 37.400228], [-118.450516, 37.400272], [-118.450463, 37.40028], [-118.450047, 37.400287], [-118.449876, 37.400297], [-118.449752, 37.400329], [-118.449628, 37.400387], [-118.449467, 37.400495], [-118.449001, 37.400847], [-118.448882, 37.400951], [-118.448713, 37.401152], [-118.448639, 37.401282], [-118.448606, 37.4014], [-118.448608, 37.40148], [-118.448647, 37.40155], [-118.448738, 37.401618], [-118.448856, 37.401657], [-118.448979, 37.401662], [-118.449191, 37.401638], [-118.449428, 37.401587], [-118.450201, 37.401374], [-118.45043, 37.401325], [-118.45056, 37.401309], [-118.450692, 37.401303], [-118.450824, 37.401309], [-118.450955, 37.401326], [-118.451105, 37.401359], [-118.451348, 37.40143], [-118.45157, 37.401483], [-118.451849, 37.401528], [-118.452212, 37.401566], [-118.452543, 37.401579], [-118.453157, 37.401557], [-118.453465, 37.401567], [-118.453696, 37.401605], [-118.45389, 37.401659], [-118.45439, 37.401836], [-118.45458, 37.401893], [-118.454923, 37.401964], [-118.455676, 37.40204], [-118.4562, 37.40212], [-118.456891, 37.402246], [-118.457308, 37.402307], [-118.458104, 37.402409], [-118.458618, 37.402509], [-118.458954, 37.402596], [-118.459219, 37.402693], [-118.459358, 37.402735], [-118.459602, 37.402792], [-118.459702, 37.402816], [-118.459901, 37.402836], [-118.460284, 37.402837], [-118.460847, 37.402884], [-118.461266, 37.40289], [-118.46151, 37.402873], [-118.462284, 37.402724], [-118.462391, 37.402724], [-118.462423, 37.402724], [-118.462559, 37.402748], [-118.463228, 37.402943], [-118.46349, 37.403029], [-118.463796, 37.403141], [-118.464056, 37.403225], [-118.464556, 37.403331], [-118.464681, 37.403379], [-118.464989, 37.403545], [-118.465232, 37.403642], [-118.465612, 37.403759], [-118.466105, 37.403903], [-118.466311, 37.403944], [-118.466874, 37.404012], [-118.467148, 37.404071], [-118.467721, 37.404204], [-118.468186, 37.404276], [-118.46842, 37.404291], [-118.468784, 37.404285], [-118.469045, 37.404305], [-118.469415, 37.404342], [-118.469912, 37.404381], [-118.470078, 37.404359], [-118.470256, 37.404296], [-118.470383, 37.404223], [-118.470456, 37.404155], [-118.47053, 37.404112], [-118.47062, 37.404097], [-118.470709, 37.404112], [-118.470809, 37.40417], [-118.470909, 37.404202], [-118.471017, 37.404207], [-118.471431, 37.404117], [-118.471963, 37.403972], [-118.472145, 37.403904], [-118.472277, 37.403828], [-118.472386, 37.403732], [-118.472452, 37.403649], [-118.472492, 37.403618], [-118.472562, 37.403585], [-118.472641, 37.403579], [-118.472716, 37.403598], [-118.472775, 37.403642], [-118.472888, 37.403794], [-118.472969, 37.403854], [-118.473023, 37.403873], [-118.474952, 37.403881], [-118.47515, 37.403863], [-118.475329, 37.40382], [-118.475613, 37.40372], [-118.476042, 37.403538], [-118.476407, 37.40336], [-118.476621, 37.403185], [-118.476807, 37.403061], [-118.477115, 37.402932], [-118.477534, 37.402711], [-118.477629, 37.402647], [-118.477751, 37.402542], [-118.477976, 37.402394], [-118.478249, 37.402267], [-118.478369, 37.402238], [-118.478514, 37.402149], [-118.478745, 37.401971], [-118.479064, 37.401735], [-118.479345, 37.401577], [-118.479512, 37.401435], [-118.479865, 37.401147], [-118.480018, 37.401057], [-118.480128, 37.400987], [-118.480313, 37.40082], [-118.480566, 37.400619], [-118.481133, 37.400086], [-118.481471, 37.399743], [-118.481538, 37.399693], [-118.481624, 37.399605], [-118.481653, 37.39955], [-118.481714, 37.399336], [-118.481766, 37.399224], [-118.481844, 37.399137], [-118.482078, 37.398984], [-118.482219, 37.398924], [-118.482365, 37.398893], [-118.482524, 37.398851], [-118.482671, 37.398783], [-118.482798, 37.398692], [-118.482987, 37.398516], [-118.483168, 37.398399], [-118.483416, 37.398277], [-118.483684, 37.398166], [-118.483899, 37.398096], [-118.484088, 37.398052], [-118.484529, 37.397996], [-118.484973, 37.397867], [-118.485128, 37.397806], [-118.485207, 37.397757], [-118.485329, 37.397656], [-118.485474, 37.397485], [-118.485687, 37.397134], [-118.48584, 37.396948], [-118.485902, 37.396904], [-118.486033, 37.396883], [-118.486247, 37.396877], [-118.486735, 37.396923], [-118.487076, 37.39704], [-118.487637, 37.397195], [-118.487789, 37.397211], [-118.488035, 37.397211], [-118.488287, 37.397194], [-118.488355, 37.397178], [-118.488423, 37.397135], [-118.488444, 37.397108], [-118.48847, 37.39704], [-118.488474, 37.39702], [-118.488489, 37.396946], [-118.48852, 37.396885], [-118.488578, 37.396847], [-118.488651, 37.396993], [-118.488668, 37.397008], [-118.488686, 37.397023], [-118.488764, 37.397039], [-118.489026, 37.39698], [-118.489117, 37.396984], [-118.489203, 37.397011], [-118.489273, 37.397062], [-118.489331, 37.397111], [-118.489357, 37.397151], [-118.489381, 37.397187], [-118.489398, 37.397316], [-118.489415, 37.397753], [-118.489446, 37.398519], [-118.489452, 37.398812], [-118.489418, 37.398872], [-118.489339, 37.39893], [-118.488828, 37.399098], [-118.488284, 37.399271], [-118.487845, 37.399447], [-118.48757, 37.399574], [-118.487095, 37.399815], [-118.486444, 37.400104], [-118.485573, 37.400509], [-118.485356, 37.400639], [-118.484907, 37.401039], [-118.484772, 37.401152], [-118.484636, 37.401287], [-118.484484, 37.401475], [-118.484375, 37.401668], [-118.48419, 37.402049], [-118.484117, 37.40228], [-118.484091, 37.402382], [-118.484091, 37.402495], [-118.48412, 37.402607], [-118.484178, 37.40271], [-118.484262, 37.402802], [-118.484367, 37.402879], [-118.484504, 37.40294], [-118.484754, 37.403017], [-118.485072, 37.403092], [-118.485378, 37.403148], [-118.486466, 37.403282], [-118.487229, 37.403356], [-118.487469, 37.403372], [-118.487612, 37.403372], [-118.487858, 37.403347], [-118.488095, 37.403298], [-118.488226, 37.403262], [-118.488544, 37.403224], [-118.488818, 37.403215], [-118.489563, 37.40324], [-118.490233, 37.403253], [-118.490627, 37.403269], [-118.491291, 37.403272], [-118.492043, 37.403286], [-118.492914, 37.403291], [-118.494242, 37.403324]]}, "props": {"MTFCC": "S1400", "NAME": null}}, {"geom": {"type": "LineString", "coordinates": [[-118.39545, 37.423508], [-118.395714, 37.423529], [-118.395842, 37.423562], [-118.395958, 37.423616], [-118.396305, 37.423848], [-118.396634, 37.424115], [-118.396787, 37.424199], [-118.396964, 37.424259], [-118.397811, 37.42452], [-118.398452, 37.424696], [-118.399652, 37.424993], [-118.399969, 37.425055], [-118.400086, 37.425071], [-118.400288, 37.425071], [-118.400388, 37.425059], [-118.400707, 37.424997], [-118.401034, 37.42495], [-118.401279, 37.424924], [-118.401394, 37.424889], [-118.401445, 37.424862], [-118.401549, 37.424834], [-118.401699, 37.424828], [-118.401794, 37.424849], [-118.402118, 37.42497], [-118.402599, 37.425119], [-118.403048, 37.42527], [-118.403109, 37.425273], [-118.403162, 37.425251], [-118.403199, 37.425205], [-118.403217, 37.425154], [-118.403225, 37.42507], [-118.40316, 37.422879], [-118.403132, 37.422072], [-118.403102, 37.420571], [-118.403063, 37.419776], [-118.403081, 37.419646], [-118.403136, 37.41947], [-118.403196, 37.419193], [-118.403323, 37.418652], [-118.403439, 37.418124], [-118.40348, 37.417791], [-118.403488, 37.417651], [-118.403478, 37.417523], [-118.403438, 37.417395], [-118.403399, 37.417314], [-118.403106, 37.416902], [-118.402599, 37.416228], [-118.401915, 37.415269], [-118.40167, 37.414912], [-118.401065, 37.414113], [-118.400624, 37.4135], [-118.400471, 37.413328], [-118.4004, 37.413277], [-118.400315, 37.413247], [-118.400147, 37.413175], [-118.400072, 37.413126], [-118.400028, 37.413058], [-118.400017, 37.412883], [-118.39998, 37.412791], [-118.399906, 37.412689], [-118.399808, 37.412602], [-118.399359, 37.412343]]}, "props": {"MTFCC": "S1400", "NAME": null}}, {"geom": {"type": "LineString", "coordinates": [[-118.506986, 37.365558], [-118.507115, 37.365478], [-118.507228, 37.365394], [-118.507674, 37.36502]]}, "props": {"MTFCC": "S1400", "NAME": null}}, {"geom": {"type": "LineString", "coordinates": [[-118.395325, 37.375797], [-118.393187, 37.375832], [-118.391978, 37.37583], [-118.390402, 37.375829], [-118.390346, 37.375829], [-118.390289, 37.375827], [-118.390258, 37.375826], [-118.390184, 37.375827], [-118.388117, 37.375823], [-118.386728, 37.375809], [-118.386552, 37.37581], [-118.386253, 37.3758], [-118.386239, 37.3758], [-118.386226, 37.3758], [-118.386207, 37.3758], [-118.386183, 37.375799], [-118.385815, 37.375794], [-118.383523, 37.375764], [-118.379122, 37.375757], [-118.377328, 37.375769], [-118.37689, 37.375769], [-118.375948, 37.37577]]}, "props": {"MTFCC": "S1400", "NAME": null}}, {"geom": {"type": "LineString", "coordinates": [[-118.416955, 37.383627], [-118.417004, 37.383779]]}, "props": {"MTFCC": "S1400", "NAME": null}}, {"geom": {"type": "LineString", "coordinates": [[-118.418006, 37.381017], [-118.41799, 37.381054], [-118.417956, 37.381069], [-118.417587, 37.381071], [-118.417436, 37.381096], [-118.416445, 37.381433], [-118.416283, 37.381487], [-118.416045, 37.381537], [-118.415698, 37.381564], [-118.415548, 37.381571], [-118.41501, 37.381548], [-118.414709, 37.381565], [-118.414256, 37.381624], [-118.414195, 37.381608]]}, "props": {"MTFCC": "S1400", "NAME": null}}, {"geom": {"type": "LineString", "coordinates": [[-118.417985, 37.378355], [-118.41801, 37.378398], [-118.418056, 37.378763], [-118.418047, 37.378791]]}, "props": {"MTFCC": "S1400", "NAME": null}}, {"geom": {"type": "LineString", "coordinates": [[-118.417973, 37.379974], [-118.417993, 37.379995], [-118.418004, 37.380509], [-118.418006, 37.381017]]}, "props": {"MTFCC": "S1400", "NAME": null}}, {"geom": {"type": "LineString", "coordinates": [[-118.414135, 37.379183], [-118.414555, 37.379188], [-118.414884, 37.379224], [-118.415269, 37.379313], [-118.415383, 37.379327], [-118.415498, 37.379332], [-118.415613, 37.379328], [-118.415726, 37.379314], [-118.415838, 37.37929], [-118.416048, 37.379216], [-118.416186, 37.379147], [-118.41639, 37.37901], [-118.416523, 37.378975], [-118.417281, 37.378883], [-118.417985, 37.378832], [-118.418023, 37.378815], [-118.418047, 37.378791]]}, "props": {"MTFCC": "S1400", "NAME": null}}, {"geom": {"type": "LineString", "coordinates": [[-118.442851, 37.364265], [-118.44283630364373, 37.3641]]}, "props": {"MTFCC": "S1400", "NAME": null}}, {"geom": {"type": "LineString", "coordinates": [[-118.414205, 37.382258], [-118.414753, 37.382133], [-118.414975, 37.382112], [-118.415108, 37.382105], [-118.415558, 37.382131], [-118.415933, 37.38212], [-118.416129, 37.382097], [-118.416651, 37.381954], [-118.417229, 37.381755], [-118.417595, 37.381669], [-118.417817, 37.381638], [-118.4179, 37.381645], [-118.417933, 37.381657]]}, "props": {"MTFCC": "S1400", "NAME": null}}, {"geom": {"type": "LineString", "coordinates": [[-118.417312, 37.379412], [-118.417037, 37.379462], [-118.416827, 37.379518], [-118.416653, 37.379575], [-118.416197, 37.379773], [-118.416031, 37.379824], [-118.415859, 37.37986], [-118.415683, 37.379882], [-118.415505, 37.379889], [-118.415233, 37.379871], [-118.414851, 37.379799], [-118.414388, 37.379743], [-118.414139, 37.379737], [-118.413984, 37.37975]]}, "props": {"MTFCC": "S1400", "NAME": null}}, {"geom": {"type": "LineString", "coordinates": [[-118.617187, 37.415123], [-118.616952, 37.415169], [-118.616836, 37.415203], [-118.616523, 37.415325], [-118.616386, 37.415407], [-118.616332, 37.415473], [-118.616307, 37.415548], [-118.616312, 37.415627], [-118.616392, 37.415786], [-118.616481, 37.415916]]}, "props": {"MTFCC": "S1500", "NAME": null}}, {"geom": {"type": "LineString", "coordinates": [[-118.421102, 37.383598], [-118.421225, 37.384126], [-118.421425, 37.384315], [-118.421476, 37.38435]]}, "props": {"MTFCC": "S1400", "NAME": null}}, {"geom": {"type": "LineString", "coordinates": [[-118.42215, 37.383491], [-118.422198, 37.383687], [-118.422264, 37.383858], [-118.422375, 37.384096], [-118.422411, 37.384205], [-118.422431, 37.384312], [-118.422438, 37.384764], [-118.422431, 37.385147], [-118.422472, 37.386637], [-118.422392, 37.386933], [-118.422187, 37.387161], [-118.421863, 37.387314], [-118.421509, 37.387366], [-118.420114, 37.38734], [-118.41904, 37.387373], [-118.418406, 37.38738], [-118.417725, 37.387393], [-118.417612, 37.387402], [-118.417566, 37.387405]]}, "props": {"MTFCC": "S1400", "NAME": null}}, {"geom": {"type": "LineString", "coordinates": [[-118.394284, 37.368554], [-118.394225, 37.368588], [-118.394155, 37.3686], [-118.393948, 37.368596], [-118.393364, 37.368606], [-118.392942, 37.368615], [-118.392817, 37.368632], [-118.392688, 37.368676], [-118.392603, 37.368712], [-118.39254, 37.368726], [-118.39206, 37.36873], [-118.391967, 37.368711], [-118.391863, 37.368679], [-118.391794, 37.368688], [-118.3917, 37.368722], [-118.391534, 37.368749], [-118.390725, 37.368746]]}, "props": {"MTFCC": "S1400", "NAME": null}}, {"geom": {"type": "LineString", "coordinates": [[-118.313295, 37.365528], [-118.313294, 37.365695], [-118.313323, 37.366628], [-118.313333, 37.367079]]}, "props": {"MTFCC": "S1400", "NAME": null}}, {"geom": {"type": "LineString", "coordinates": [[-118.418367, 37.373369], [-118.420283, 37.373337]]}, "props": {"MTFCC": "S1400", "NAME": null}}, {"geom": {"type": "LineString", "coordinates": [[-118.418394, 37.373677], [-118.418831, 37.373661], [-118.418959, 37.373688], [-118.419235, 37.373804], [-118.419353, 37.373817], [-118.419509, 37.373805]]}, "props": {"MTFCC": "S1400", "NAME": null}}, {"geom": {"type": "LineString", "coordinates": [[-118.34409892537313, 37.3641], [-118.344149, 37.364161], [-118.344174, 37.364236], [-118.344168, 37.364312], [-118.344133, 37.364384], [-118.343946, 37.364597], [-118.343856, 37.364757], [-118.343809, 37.364929], [-118.343805, 37.365069], [-118.343837, 37.36521], [-118.343837, 37.365394], [-118.343805, 37.365514], [-118.343765, 37.365606], [-118.343759, 37.365686], [-118.343807, 37.36582], [-118.343903, 37.365974], [-118.343993, 37.366078], [-118.344122, 37.36621], [-118.344208, 37.366366], [-118.344287, 37.366591], [-118.344365, 37.366942], [-118.344425, 37.367393], [-118.344443, 37.3677], [-118.344481, 37.367816]]}, "props": {"MTFCC": "S1400", "NAME": null}}, {"geom": {"type": "LineString", "coordinates": [[-118.344481, 37.367816], [-118.344725, 37.36779], [-118.345161, 37.367702], [-118.345309, 37.367649], [-118.345544, 37.367516], [-118.345693, 37.367463], [-118.345852, 37.367437], [-118.346143, 37.367435], [-118.346219, 37.367426], [-118.346375, 37.367388], [-118.346517, 37.367332], [-118.34662, 37.367319], [-118.346723, 37.367332], [-118.346815, 37.36737], [-118.346935, 37.367473], [-118.346977, 37.367539], [-118.346999, 37.36769], [-118.346999, 37.367752], [-118.347031, 37.367811], [-118.347066, 37.36784], [-118.347221, 37.367915]]}, "props": {"MTFCC": "S1400", "NAME": null}}, {"geom": {"type": "LineString", "coordinates": [[-118.422353, 37.380475], [-118.4229, 37.38047], [-118.422926, 37.38047]]}, "props": {"MTFCC": "S1400", "NAME": null}}, {"geom": {"type": "LineString", "coordinates": [[-118.347679, 37.369491], [-118.347815, 37.369343], [-118.347904, 37.369286], [-118.348145, 37.369192], [-118.348349, 37.369123], [-118.348542, 37.369079]]}, "props": {"MTFCC": "S1400", "NAME": null}}, {"geom": {"type": "LineString", "coordinates": [[-118.314523, 37.364243], [-118.314538, 37.364373], [-118.314561, 37.364423], [-118.314693, 37.364541], [-118.31472, 37.364579], [-118.314736, 37.364687], [-118.314704, 37.364958], [-118.31466, 37.365025], [-118.314575, 37.365054], [-118.314398, 37.365048], [-118.314299, 37.365061], [-118.314266, 37.365073], [-118.314234, 37.365097], [-118.31419, 37.365156]]}, "props": {"MTFCC": "S1400", "NAME": null}}, {"geom": {"type": "LineString", "coordinates": [[-118.583697, 37.367347], [-118.583667, 37.3674], [-118.583625, 37.367454], [-118.583581, 37.367542], [-118.583506, 37.36761], [-118.583424, 37.367672], [-118.583234, 37.36788], [-118.583183, 37.367914], [-118.583059, 37.367971], [-118.583025, 37.368017], [-118.583007, 37.368093], [-118.583009, 37.368197], [-118.582979, 37.368255], [-118.582886, 37.368353], [-118.582837, 37.368434], [-118.582808, 37.368524], [-118.582765, 37.368739], [-118.582724, 37.368841], [-118.582542, 37.369076], [-118.582446, 37.36924], [-118.582427, 37.369292], [-118.582425, 37.369404], [-118.582498, 37.369781], [-118.582507, 37.370019], [-118.582504, 37.370091], [-118.582421, 37.370379], [-118.582346, 37.370541], [-118.582246, 37.370652], [-118.582105, 37.370782], [-118.582057, 37.370865], [-118.582023, 37.370976], [-118.582008, 37.37138], [-118.581969, 37.37148], [-118.58189, 37.371583], [-118.581742, 37.371721], [-118.581576, 37.371847], [-118.581525, 37.371917], [-118.581514, 37.371998], [-118.58155, 37.372124], [-118.581553, 37.372161], [-118.581538, 37.372241], [-118.581487, 37.372426], [-118.581385, 37.372925], [-118.581303, 37.373121], [-118.581295, 37.373188], [-118.581292, 37.373362], [-118.5812, 37.373686], [-118.581086, 37.373939], [-118.580975, 37.374245], [-118.580936, 37.374398]]}, "props": {"MTFCC": "S1400", "NAME": null}}, {"geom": {"type": "LineString", "coordinates": [[-118.580936, 37.374398], [-118.580819, 37.374745], [-118.580786, 37.37492], [-118.580769, 37.375206], [-118.580729, 37.375535], [-118.580617, 37.376292], [-118.580594, 37.376664], [-118.580575, 37.376787], [-118.580544, 37.37691], [-118.580531, 37.377105], [-118.580493, 37.377342], [-118.58043, 37.377596], [-118.580406, 37.377806], [-118.580409, 37.378206], [-118.580383, 37.378454], [-118.580311, 37.37875], [-118.580299, 37.378935], [-118.580273, 37.37903]]}, "props": {"MTFCC": "S1400", "NAME": null}}, {"geom": {"type": "LineString", "coordinates": [[-118.475804, 37.385895], [-118.475604, 37.386189], [-118.4755, 37.386273], [-118.475237, 37.386472], [-118.474974, 37.386706], [-118.474185, 37.387349], [-118.474016, 37.387472], [-118.473851, 37.387654], [-118.473562, 37.387885], [-118.473138, 37.388285], [-118.472807, 37.388626], [-118.47257, 37.38884], [-118.471999, 37.389306], [-118.471234, 37.390237], [-118.471057, 37.390429], [-118.470942, 37.390553], [-118.470494, 37.390976], [-118.469753, 37.391642], [-118.469319, 37.392068], [-118.469186, 37.392213], [-118.468975, 37.392414], [-118.468297, 37.392992], [-118.467893, 37.393373], [-118.467784, 37.393461], [-118.467433, 37.393816], [-118.467195, 37.394083], [-118.467102, 37.39415], [-118.466802, 37.394285], [-118.466554, 37.394377], [-118.46641, 37.394445], [-118.466248, 37.394493], [-118.466117, 37.39452], [-118.465715, 37.394651], [-118.465326, 37.394752], [-118.464985, 37.394864], [-118.464828, 37.394895], [-118.464704, 37.394931], [-118.464146, 37.395134], [-118.463896, 37.395233], [-118.463442, 37.395373], [-118.463169, 37.395452], [-118.46218, 37.395776], [-118.46188, 37.395848], [-118.46149, 37.395889], [-118.461182, 37.395898], [-118.460814, 37.395885], [-118.460596, 37.395888], [-118.46046, 37.395898], [-118.460329, 37.395907], [-118.460022, 37.395911], [-118.459872, 37.395943], [-118.459777, 37.395987], [-118.459631, 37.396095], [-118.459559, 37.396155], [-118.459424, 37.396269], [-118.458886, 37.396683], [-118.458647, 37.396841], [-118.458322, 37.397045], [-118.458242, 37.397107], [-118.457973, 37.397375], [-118.457927, 37.397412], [-118.457869, 37.397445], [-118.45768, 37.397528], [-118.457556, 37.397597], [-118.457476, 37.397641]]}, "props": {"MTFCC": "S1400", "NAME": null}}, {"geom": {"type": "LineString", "coordinates": [[-118.720126, 37.386258], [-118.720068, 37.386277], [-118.720032, 37.386273], [-118.719743, 37.386112], [-118.719588, 37.386048], [-118.719304, 37.385961], [-118.719222, 37.38593], [-118.719188, 37.385926], [-118.719166, 37.385931], [-118.719155, 37.385948], [-118.719155, 37.38598], [-118.719201, 37.386034], [-118.719313, 37.38613], [-118.719408, 37.386237], [-118.719469, 37.386341], [-118.719487, 37.386395], [-118.719492, 37.386496], [-118.719471, 37.386527], [-118.719451, 37.38654], [-118.719389, 37.386547], [-118.719299, 37.386515], [-118.718998, 37.386361], [-118.718904, 37.386333], [-118.718822, 37.386348], [-118.718761, 37.386372], [-118.718701, 37.386417], [-118.71863, 37.386539], [-118.718622, 37.38664], [-118.718626, 37.386801], [-118.718618, 37.386982], [-118.718644, 37.387054], [-118.718668, 37.387087], [-118.718864, 37.387225], [-118.718911, 37.387274], [-118.718929, 37.387326], [-118.718919, 37.387432], [-118.718889, 37.387589], [-118.718921, 37.387715], [-118.718959, 37.387931], [-118.718977, 37.387969], [-118.719036, 37.388028]]}, "props": {"MTFCC": "S1400", "NAME": null}}, {"geom": {"type": "LineString", "coordinates": [[-118.675225, 37.377895], [-118.675283, 37.377989], [-118.675318, 37.378068], [-118.675329, 37.378159], [-118.675323, 37.37834], [-118.675243, 37.378768], [-118.675238, 37.378856], [-118.67521, 37.379037], [-118.675161, 37.379207], [-118.675065, 37.379436], [-118.675029, 37.379574], [-118.674901, 37.379847], [-118.674781, 37.38003], [-118.674676, 37.380136], [-118.674463, 37.380313], [-118.674326, 37.380397], [-118.674183, 37.380453], [-118.674092, 37.380478], [-118.673564, 37.380579], [-118.673363, 37.380648], [-118.673208, 37.380713], [-118.67309, 37.380749], [-118.672997, 37.380758], [-118.672844, 37.380749], [-118.672691, 37.380758], [-118.671717, 37.380966], [-118.671366, 37.381062], [-118.671004, 37.381172], [-118.670627, 37.381319], [-118.670477, 37.381409], [-118.670402, 37.381469], [-118.670261, 37.38166], [-118.669823, 37.382376], [-118.669755, 37.382589], [-118.669718, 37.382801], [-118.669669, 37.38317], [-118.669619, 37.383388], [-118.669327, 37.384202], [-118.669233, 37.384553], [-118.669127, 37.385083], [-118.669067, 37.38529], [-118.668983, 37.385529], [-118.668915, 37.385729], [-118.668841, 37.385835], [-118.668831, 37.385855], [-118.668764, 37.386008], [-118.668732, 37.386099], [-118.668483, 37.386584], [-118.667967, 37.387655], [-118.667807, 37.387969], [-118.667709, 37.388113], [-118.667569, 37.388294], [-118.667455, 37.388399], [-118.667311, 37.388525]]}, "props": {"MTFCC": "S1500", "NAME": null}}, {"geom": {"type": "LineString", "coordinates": [[-118.666862, 37.387821], [-118.667, 37.387951], [-118.667105, 37.388093], [-118.667163, 37.388188], [-118.667299, 37.388341], [-118.667272, 37.388393], [-118.667284, 37.38848], [-118.667311, 37.388525]]}, "props": {"MTFCC": "S1500", "NAME": null}}, {"geom": {"type": "LineString", "coordinates": [[-118.577987, 37.463165], [-118.577894, 37.462906], [-118.577319, 37.461638], [-118.57728, 37.461583], [-118.57719, 37.461455], [-118.577144, 37.461243], [-118.576273, 37.459305], [-118.576058, 37.458854], [-118.575119, 37.456767], [-118.574782, 37.456062], [-118.574616, 37.455675], [-118.574459, 37.455336], [-118.57401, 37.454334], [-118.573755, 37.453736], [-118.572829, 37.451655], [-118.572687, 37.451256], [-118.572598, 37.450945], [-118.572565, 37.45083], [-118.572312, 37.449712], [-118.572231, 37.44919], [-118.572202, 37.448987], [-118.572165, 37.448525], [-118.572137, 37.44747], [-118.572105, 37.446883], [-118.572078, 37.445758], [-118.572047, 37.445114], [-118.571966, 37.444224], [-118.571913, 37.443838], [-118.571746, 37.44298], [-118.571531, 37.442167], [-118.571398, 37.441756], [-118.571211, 37.441287], [-118.570919, 37.440602], [-118.570778, 37.440313], [-118.570687, 37.440105], [-118.570661, 37.440057], [-118.570402, 37.439576], [-118.570274, 37.439371], [-118.570019, 37.438964], [-118.569692, 37.438505], [-118.569452, 37.438186], [-118.569151, 37.437801], [-118.568873, 37.437487], [-118.568494, 37.437057], [-118.568104, 37.436595], [-118.567623, 37.436048], [-118.567182, 37.435531], [-118.566706, 37.434993], [-118.566263, 37.434473], [-118.56579, 37.433935], [-118.565385, 37.433437], [-118.564525, 37.43241], [-118.564124, 37.431881], [-118.562742, 37.430312], [-118.561594, 37.428962], [-118.561001, 37.428213], [-118.5604, 37.427497], [-118.5601, 37.42712], [-118.559451, 37.426205], [-118.558587, 37.425098], [-118.558176, 37.424547], [-118.55784, 37.424058], [-118.557475, 37.423498], [-118.557077, 37.422908], [-118.556626, 37.422166], [-118.556428, 37.421805], [-118.556094, 37.421266], [-118.555519, 37.420263], [-118.555058, 37.419418], [-118.554749, 37.418805], [-118.554282, 37.417913], [-118.554168, 37.417712], [-118.553556, 37.41644], [-118.551662, 37.412795], [-118.551334, 37.412238], [-118.550992, 37.411709], [-118.550719, 37.411337], [-118.550235, 37.410741], [-118.549663, 37.410093], [-118.549388, 37.409811], [-118.548744, 37.409208], [-118.548457, 37.408957], [-118.547895, 37.408499], [-118.547204, 37.408007], [-118.546369, 37.407471], [-118.545608, 37.407035], [-118.545125, 37.406775], [-118.544461, 37.406457], [-118.543976, 37.406244], [-118.542866, 37.405832], [-118.542666, 37.405755], [-118.539104, 37.40438], [-118.536643, 37.40345], [-118.533939, 37.402415], [-118.533378, 37.402204], [-118.531632, 37.401526], [-118.530714, 37.401186], [-118.529655, 37.400783], [-118.528102, 37.40018], [-118.527372, 37.399915], [-118.52734, 37.399902], [-118.527135, 37.399821], [-118.526975, 37.399757], [-118.519491, 37.396893], [-118.516923, 37.395928], [-118.515243, 37.395286], [-118.505821, 37.39167], [-118.504316, 37.391134], [-118.502879, 37.390557], [-118.500693, 37.389733], [-118.500311, 37.38959], [-118.498941, 37.389054], [-118.494091, 37.387237], [-118.492158, 37.386496], [-118.491841, 37.38638], [-118.488856, 37.385249], [-118.484859, 37.383706], [-118.480592, 37.382085], [-118.47755, 37.380966], [-118.47661, 37.380603], [-118.473668, 37.379443], [-118.47329, 37.3793], [-118.470707, 37.378325], [-118.470208, 37.378111], [-118.468449, 37.377424], [-118.46716, 37.376965], [-118.466091, 37.376652], [-118.465835, 37.376587], [-118.464921, 37.376373], [-118.464342, 37.376259], [-118.463365, 37.376101], [-118.463112, 37.376067], [-118.461614, 37.375896], [-118.46042, 37.375838], [-118.459459, 37.375828], [-118.458581, 37.375837], [-118.456549, 37.375843], [-118.456236, 37.375848], [-118.456019, 37.375851], [-118.455823, 37.375853], [-118.454028, 37.375859], [-118.447954, 37.375906], [-118.445876, 37.375901], [-118.44532, 37.375911], [-118.443493, 37.375916], [-118.442131, 37.37593], [-118.441364, 37.375931], [-118.440728, 37.375931], [-118.439026, 37.375931], [-118.437797, 37.375917], [-118.435201, 37.375904], [-118.432033, 37.375914], [-118.431365, 37.37589], [-118.431043, 37.375888], [-118.429883, 37.375897], [-118.429354, 37.37589], [-118.429086, 37.375889], [-118.428812, 37.375888], [-118.427546, 37.375888], [-118.424548, 37.375874], [-118.422957, 37.37588], [-118.422557, 37.375879], [-118.42093, 37.375879], [-118.420439, 37.375879], [-118.420287, 37.375878], [-118.4195, 37.375893], [-118.419183, 37.375895], [-118.418451, 37.375898], [-118.417872, 37.375899], [-118.417409, 37.375901], [-118.417065, 37.3759], [-118.416933, 37.375901], [-118.416407, 37.375904], [-118.415787, 37.375901], [-118.415464, 37.375899], [-118.414969, 37.375896], [-118.414292, 37.375913], [-118.414192, 37.375912], [-118.413823, 37.375914], [-118.413805, 37.375913], [-118.410595, 37.375904], [-118.407947, 37.375922], [-118.404963, 37.375919], [-118.402728, 37.375905], [-118.399979, 37.375877], [-118.39864, 37.375872], [-118.39829, 37.375846], [-118.398084, 37.375815], [-118.397946, 37.375785]]}, "props": {"MTFCC": "S1200", "NAME": null}}, {"geom": {"type": "LineString", "coordinates": [[-118.675703, 37.377022], [-118.675655, 37.377138], [-118.675588, 37.377481], [-118.675577, 37.377772], [-118.675551, 37.37795], [-118.675544, 37.378092], [-118.675562, 37.378113], [-118.675595, 37.378129], [-118.675493, 37.378205], [-118.675465, 37.378248], [-118.675448, 37.378337], [-118.675456, 37.378394], [-118.675554, 37.37858], [-118.67559, 37.378667], [-118.675611, 37.378747], [-118.675622, 37.378903], [-118.675612, 37.378984], [-118.675578, 37.379082], [-118.675538, 37.379154], [-118.675484, 37.379228], [-118.67535, 37.379369], [-118.675199, 37.379487], [-118.675029, 37.379574]]}, "props": {"MTFCC": "S1400", "NAME": null}}, {"geom": {"type": "LineString", "coordinates": [[-118.559842, 37.444877], [-118.559702, 37.44494], [-118.559596, 37.445021], [-118.559551, 37.445067], [-118.559493, 37.445146]]}, "props": {"MTFCC": "S1400", "NAME": null}}, {"geom": {"type": "LineString", "coordinates": [[-118.590994, 37.432148], [-118.591824, 37.432144], [-118.593058, 37.432149], [-118.593369, 37.432145]]}, "props": {"MTFCC": "S1400", "NAME": null}}, {"geom": {"type": "LineString", "coordinates": [[-118.52091, 37.436692], [-118.52105, 37.436588], [-118.521152, 37.436533], [-118.521264, 37.436498], [-118.521356, 37.436497], [-118.521443, 37.436516], [-118.521558, 37.436567], [-118.521584, 37.436587], [-118.521639, 37.436629], [-118.521793, 37.436786], [-118.521822, 37.436808], [-118.52186, 37.436824], [-118.521899, 37.436828], [-118.521992, 37.436808], [-118.522047, 37.436782], [-118.522287, 37.436587], [-118.52236, 37.436557], [-118.522441, 37.436547], [-118.522547, 37.436565], [-118.522604, 37.436584], [-118.522746, 37.436601], [-118.523069, 37.436597], [-118.523167, 37.4366], [-118.523252, 37.436653], [-118.523356, 37.436783], [-118.523449, 37.436831], [-118.523566, 37.436923], [-118.523666, 37.437047], [-118.523874, 37.437211], [-118.523934, 37.43725], [-118.52399, 37.437272], [-118.524061, 37.437284], [-118.524323, 37.437273], [-118.524572, 37.437278], [-118.524844, 37.437268], [-118.524908, 37.437258], [-118.525053, 37.437207], [-118.525202, 37.437119], [-118.525265, 37.437095], [-118.525448, 37.437069], [-118.525504, 37.437041], [-118.525565, 37.436974], [-118.525617, 37.436843], [-118.525644, 37.43676], [-118.525673, 37.436751], [-118.525704, 37.436755], [-118.525748, 37.436778], [-118.525792, 37.436802], [-118.525878, 37.436823], [-118.526091, 37.436835], [-118.526195, 37.436834], [-118.526288, 37.436824], [-118.526422, 37.436781], [-118.526491, 37.436744], [-118.526564, 37.436677], [-118.526598, 37.436604], [-118.526599, 37.436534], [-118.526611, 37.436509], [-118.526639, 37.436497], [-118.526828, 37.436512], [-118.526981, 37.436513], [-118.527032, 37.436522], [-118.527225, 37.436592], [-118.52728, 37.436603], [-118.527349, 37.436602], [-118.527493, 37.436575], [-118.527557, 37.436553], [-118.527783, 37.436397], [-118.527823, 37.436374], [-118.527901, 37.436352], [-118.527978, 37.436345], [-118.528059, 37.436347], [-118.528322, 37.436382], [-118.52838, 37.436377], [-118.528485, 37.436352], [-118.528552, 37.43635], [-118.528696, 37.436371], [-118.52902, 37.436442], [-118.530101, 37.43663], [-118.530237, 37.436642], [-118.530384, 37.436629], [-118.530527, 37.436604], [-118.530635, 37.436609], [-118.530952, 37.43668], [-118.53112, 37.436693], [-118.531592, 37.436668], [-118.531772, 37.436675]]}, "props": {"MTFCC": "S1400", "NAME": null}}, {"geom": {"type": "LineString", "coordinates": [[-118.52704, 37.391564], [-118.527166, 37.391662], [-118.527213, 37.391715], [-118.527425, 37.392121], [-118.527522, 37.39234], [-118.527661, 37.392597], [-118.527929, 37.39297]]}, "props": {"MTFCC": "S1400", "NAME": null}}, {"geom": {"type": "LineString", "coordinates": [[-118.546169, 37.424718], [-118.546357, 37.424689], [-118.546492, 37.424652], [-118.546673, 37.424565], [-118.546836, 37.424455], [-118.546939, 37.424347], [-118.547036, 37.424199], [-118.547071, 37.42416], [-118.547628, 37.423786], [-118.547738, 37.423752], [-118.547846, 37.423747], [-118.548019, 37.423749], [-118.548166, 37.423724], [-118.548302, 37.423676], [-118.548617, 37.423536], [-118.548799, 37.423464]]}, "props": {"MTFCC": "S1400", "NAME": null}}, {"geom": {"type": "LineString", "coordinates": [[-118.521031, 37.386042], [-118.522343, 37.386819], [-118.522649, 37.386973], [-118.522908, 37.387073], [-118.523226, 37.387164], [-118.523461, 37.387281], [-118.523709, 37.387426], [-118.524023, 37.387566], [-118.524313, 37.387675], [-118.524644, 37.387745], [-118.525339, 37.387832], [-118.525719, 37.38787], [-118.525908, 37.387898], [-118.527509, 37.388213], [-118.527712, 37.388259], [-118.528154, 37.388391], [-118.528824, 37.388568], [-118.529244, 37.388667], [-118.529756, 37.388763], [-118.529987, 37.388823], [-118.531117, 37.389159], [-118.53187, 37.389342], [-118.531936, 37.389368]]}, "props": {"MTFCC": "S1400", "NAME": null}}, {"geom": {"type": "LineString", "coordinates": [[-118.531936, 37.389368], [-118.533613, 37.388307], [-118.534199, 37.387915], [-118.534281, 37.387815], [-118.534332, 37.387726], [-118.534391, 37.387687], [-118.534467, 37.387678], [-118.534631, 37.387721], [-118.534702, 37.387784], [-118.534712, 37.387809], [-118.534734, 37.387864], [-118.534708, 37.388329], [-118.534678, 37.388441], [-118.534656, 37.388523], [-118.534516, 37.388805], [-118.533803, 37.389715], [-118.533682, 37.389836], [-118.533569, 37.389933]]}, "props": {"MTFCC": "S1400", "NAME": null}}, {"geom": {"type": "LineString", "coordinates": [[-118.50454, 37.407126], [-118.504358, 37.407016], [-118.504037, 37.406768], [-118.503838, 37.406655], [-118.503769, 37.406585], [-118.503751, 37.406515], [-118.503764, 37.406484], [-118.503815, 37.406453], [-118.503855, 37.406443], [-118.504021, 37.406449], [-118.504234, 37.406483], [-118.504464, 37.406487], [-118.504554, 37.406511], [-118.504605, 37.406547], [-118.504629, 37.4066], [-118.504532, 37.407007], [-118.50454, 37.407126]]}, "props": {"MTFCC": "S1400", "NAME": null}}, {"geom": {"type": "LineString", "coordinates": [[-118.53118866666667, 37.3641], [-118.531187, 37.364105], [-118.531138, 37.364164], [-118.531094, 37.364196], [-118.531004, 37.364217], [-118.530704, 37.364191], [-118.530555, 37.364166], [-118.53025683919599, 37.3641]]}, "props": {"MTFCC": "S1400", "NAME": null}}, {"geom": {"type": "LineString", "coordinates": [[-118.409632, 37.419575], [-118.409908, 37.419593], [-118.410251, 37.419607], [-118.410663, 37.419652], [-118.411446, 37.419767], [-118.411742, 37.419832], [-118.412042, 37.419916], [-118.412331, 37.420024], [-118.412632, 37.420173], [-118.412943, 37.420358], [-118.414, 37.421068], [-118.414473, 37.421341], [-118.414708, 37.421464], [-118.41524, 37.421778], [-118.415459, 37.421943], [-118.415616, 37.42211], [-118.41567, 37.422183], [-118.415752, 37.422335], [-118.41579, 37.422425], [-118.415829, 37.42267], [-118.415824, 37.422849], [-118.415786, 37.423137], [-118.415739, 37.423304], [-118.415684, 37.423418], [-118.415567, 37.423565], [-118.415364, 37.423797], [-118.41528, 37.423902], [-118.415185, 37.424072], [-118.415148, 37.424198], [-118.41514, 37.424296], [-118.415149, 37.424357], [-118.415173, 37.424421], [-118.415233, 37.424501], [-118.415302, 37.424549], [-118.41539, 37.424573], [-118.415483, 37.424572], [-118.415537, 37.424559], [-118.415691, 37.424477], [-118.415961, 37.424315], [-118.416125, 37.424243], [-118.416335, 37.424202], [-118.416483, 37.424188], [-118.416669, 37.424182], [-118.416975, 37.424201], [-118.417718, 37.424322], [-118.418081, 37.424411], [-118.41848, 37.424541], [-118.418625, 37.424607], [-118.418781, 37.42471], [-118.419337, 37.425265], [-118.419557, 37.425459], [-118.419968, 37.425748], [-118.420506, 37.426045], [-118.420702, 37.426182], [-118.420786, 37.426251], [-118.420883, 37.426346], [-118.421017, 37.426532], [-118.421064, 37.426632], [-118.421099, 37.426736], [-118.42112, 37.426842], [-118.421134, 37.427193], [-118.421131, 37.427329], [-118.421037, 37.427803], [-118.420944, 37.428186], [-118.420861, 37.42878], [-118.420848, 37.429159], [-118.420874, 37.429606], [-118.420951, 37.430107], [-118.420993, 37.430218], [-118.421059, 37.430309], [-118.421148, 37.430388], [-118.421255, 37.43045], [-118.421518, 37.430556], [-118.422039, 37.430727], [-118.422415, 37.430831], [-118.422675, 37.430889], [-118.422972, 37.430935], [-118.423195, 37.430957], [-118.423421, 37.430968], [-118.423689, 37.430964], [-118.423891, 37.430942], [-118.424115, 37.430891], [-118.424355, 37.430816], [-118.425114, 37.43059], [-118.425482, 37.430484], [-118.425893, 37.430375], [-118.426075, 37.430352], [-118.42626, 37.430345], [-118.426471, 37.430357], [-118.426694, 37.430385], [-118.426859, 37.430389], [-118.427031, 37.430372], [-118.427286, 37.430314], [-118.427547, 37.430236], [-118.427818, 37.430192], [-118.427985, 37.430189], [-118.428154, 37.430221], [-118.428338, 37.430283], [-118.428505, 37.430373], [-118.42867, 37.4305], [-118.428739, 37.430576], [-118.428796, 37.430657], [-118.428875, 37.43082], [-118.428928, 37.431006], [-118.428976, 37.431382], [-118.428992, 37.432125], [-118.428969, 37.432506], [-118.428927, 37.432901], [-118.428928, 37.433094], [-118.428963, 37.433476], [-118.428974, 37.433702], [-118.429095, 37.434007], [-118.429142, 37.434254], [-118.429219, 37.434412], [-118.429564, 37.435056], [-118.430317, 37.436324], [-118.431113, 37.437566], [-118.432148, 37.43902], [-118.432293, 37.439223], [-118.43243, 37.439368], [-118.432549, 37.439494], [-118.432824, 37.439724], [-118.433385, 37.440105], [-118.433656, 37.44031], [-118.433904, 37.440485], [-118.434373, 37.440797], [-118.434905, 37.44122], [-118.434924, 37.441234], [-118.435254, 37.441473], [-118.435434, 37.441633], [-118.435515, 37.441716], [-118.435692, 37.441874], [-118.436283, 37.442478], [-118.436339, 37.442553], [-118.436548, 37.442958], [-118.436771, 37.443346], [-118.436853, 37.443516], [-118.436962, 37.443702], [-118.437129, 37.443943], [-118.437242, 37.444083], [-118.437386, 37.444232], [-118.437915, 37.444738], [-118.438457, 37.445222], [-118.438521, 37.445293], [-118.438574, 37.445369], [-118.438827, 37.445882], [-118.438913, 37.446024], [-118.439227, 37.4464], [-118.439284, 37.446496], [-118.439406, 37.446757], [-118.43954, 37.446968], [-118.439712, 37.447118], [-118.440384, 37.447571], [-118.440776, 37.447774], [-118.440904, 37.447866], [-118.440959, 37.44792], [-118.44102, 37.448001], [-118.441079, 37.448132], [-118.441177, 37.448777], [-118.441217, 37.449096], [-118.441218, 37.44952], [-118.441204, 37.449793], [-118.44121, 37.449833], [-118.441232, 37.449992], [-118.441359, 37.450403], [-118.441425, 37.450599], [-118.441852, 37.451604], [-118.441899, 37.451725], [-118.441966, 37.451863], [-118.44205, 37.451996], [-118.442227, 37.452236], [-118.442448, 37.452507], [-118.442609, 37.452636], [-118.442804, 37.45276], [-118.44301, 37.45289], [-118.443514, 37.453188], [-118.443996, 37.453504], [-118.444435, 37.453839], [-118.44488, 37.454212], [-118.446503, 37.455439], [-118.446875, 37.455742], [-118.448104, 37.456675], [-118.448439, 37.456924], [-118.449266, 37.457623], [-118.449589, 37.457905], [-118.44991, 37.458209], [-118.450034, 37.458317], [-118.450399, 37.458584], [-118.450916, 37.458947], [-118.451523, 37.459362], [-118.451804, 37.459564], [-118.452224, 37.459887], [-118.45265, 37.460234], [-118.453029, 37.460558], [-118.453705, 37.461065], [-118.454723, 37.461919], [-118.45507, 37.462225], [-118.455817, 37.462851], [-118.456037, 37.463024]]}, "props": {"MTFCC": "S1400", "NAME": null}}, {"geom": {"type": "LineString", "coordinates": [[-118.546209, 37.412261], [-118.546681, 37.41279], [-118.547544, 37.4137], [-118.547948, 37.414143]]}, "props": {"MTFCC": "S1400", "NAME": null}}, {"geom": {"type": "LineString", "coordinates": [[-118.554429, 37.419789], [-118.554562, 37.419583], [-118.554664, 37.419404]]}, "props": {"MTFCC": "S1400", "NAME": null}}, {"geom": {"type": "LineString", "coordinates": [[-118.524593, 37.406687], [-118.524417, 37.406535], [-118.52413, 37.406307], [-118.523728, 37.406027], [-118.523495, 37.405879], [-118.523359, 37.405837], [-118.52324, 37.405832], [-118.523125, 37.405856], [-118.523025, 37.405908], [-118.52295, 37.405982], [-118.522917, 37.406045], [-118.522893, 37.406167], [-118.522842, 37.406248], [-118.522761, 37.406312], [-118.522696, 37.406339], [-118.522568, 37.406375], [-118.522436, 37.406461], [-118.522355, 37.406491], [-118.522107, 37.406519], [-118.521782, 37.406534], [-118.521633, 37.406523], [-118.52097, 37.406352], [-118.520573, 37.406192], [-118.520452, 37.406171], [-118.520328, 37.406171], [-118.520206, 37.406191], [-118.519943, 37.406287], [-118.519784, 37.406354], [-118.519661, 37.406424], [-118.519513, 37.406529], [-118.519409, 37.406571], [-118.519292, 37.406586], [-118.519108, 37.406564], [-118.518905, 37.406564], [-118.518805, 37.406576], [-118.518612, 37.406626], [-118.518383, 37.406732], [-118.51811, 37.406902], [-118.517961, 37.406972], [-118.517891, 37.406992], [-118.517706, 37.407016], [-118.517503, 37.407015]]}, "props": {"MTFCC": "S1400", "NAME": null}}, {"geom": {"type": "LineString", "coordinates": [[-118.530118, 37.406237], [-118.530119, 37.406273], [-118.530083, 37.40635], [-118.529972, 37.406448], [-118.529946, 37.40652], [-118.529956, 37.406599], [-118.530005, 37.406667], [-118.530085, 37.406713], [-118.530187, 37.406744], [-118.530393, 37.406858], [-118.530477, 37.406919], [-118.530501, 37.406953], [-118.530541, 37.407086], [-118.530623, 37.407174], [-118.530643, 37.407234], [-118.530633, 37.407437], [-118.530634, 37.407489], [-118.53067, 37.40757], [-118.530707, 37.407611], [-118.5308, 37.407655], [-118.531211, 37.407819], [-118.531304, 37.407851], [-118.531422, 37.407908], [-118.531522, 37.407973], [-118.531614, 37.408046], [-118.531692, 37.408123], [-118.532846, 37.409148], [-118.533129, 37.409405]]}, "props": {"MTFCC": "S1400", "NAME": null}}, {"geom": {"type": "LineString", "coordinates": [[-118.545819, 37.408267], [-118.545721, 37.408278], [-118.545658, 37.408276], [-118.545398, 37.408206], [-118.545295, 37.408195], [-118.545155, 37.408213], [-118.545062, 37.408244], [-118.54501, 37.408294], [-118.544952, 37.408388], [-118.544919, 37.408422], [-118.54483, 37.40847], [-118.544655, 37.408505], [-118.544501, 37.408531], [-118.544312, 37.408603], [-118.54415, 37.408623], [-118.543889, 37.408617], [-118.543785, 37.408647], [-118.543692, 37.408717], [-118.54347, 37.408972], [-118.543349, 37.409139]]}, "props": {"MTFCC": "S1740", "NAME": null}}, {"geom": {"type": "LineString", "coordinates": [[-118.612475, 37.414734], [-118.612435, 37.414408], [-118.612391, 37.414127], [-118.612387, 37.413949], [-118.612406, 37.413749], [-118.612442, 37.413614], [-118.612536, 37.413408], [-118.612658, 37.413227], [-118.612805, 37.413083], [-118.612875, 37.413034], [-118.613041, 37.412949], [-118.613275, 37.412868], [-118.61362, 37.412777], [-118.613746, 37.412752]]}, "props": {"MTFCC": "S1400", "NAME": null}}, {"geom": {"type": "LineString", "coordinates": [[-118.605682, 37.413039], [-118.606553, 37.413063]]}, "props": {"MTFCC": "S1400", "NAME": null}}, {"geom": {"type": "LineString", "coordinates": [[-118.564887, 37.437212], [-118.56491, 37.437209], [-118.564911, 37.437191], [-118.564768, 37.437047], [-118.564516, 37.436868], [-118.564136, 37.436488], [-118.564013, 37.436379], [-118.56356, 37.436045], [-118.563407, 37.43594], [-118.563182, 37.435802], [-118.562908, 37.435621], [-118.562415, 37.435238], [-118.562205, 37.435063], [-118.561956, 37.434833], [-118.561562, 37.434505], [-118.561377, 37.43439], [-118.561146, 37.434207], [-118.56094, 37.434031], [-118.560747, 37.43385], [-118.560345, 37.433519], [-118.560115, 37.433361], [-118.559459, 37.433012], [-118.558855, 37.432719], [-118.558756, 37.432664], [-118.558566, 37.432603], [-118.558483, 37.432557], [-118.558348, 37.432496], [-118.558296, 37.432439], [-118.558259, 37.432357], [-118.558125, 37.432143], [-118.558044, 37.432078], [-118.557733, 37.431928], [-118.557611, 37.43184], [-118.557514, 37.431734], [-118.557472, 37.431674], [-118.5571, 37.431277], [-118.556973, 37.431115], [-118.556894, 37.430886], [-118.556764, 37.430646], [-118.556639, 37.430389], [-118.556485, 37.430173], [-118.556367, 37.430068], [-118.556116, 37.429864], [-118.555975, 37.429685], [-118.555869, 37.429589], [-118.555806, 37.429552], [-118.555687, 37.429436], [-118.55552, 37.429252], [-118.555362, 37.429133], [-118.555139, 37.42899], [-118.554653, 37.428605], [-118.554369, 37.428367], [-118.554225, 37.428236], [-118.553958, 37.428044], [-118.553651, 37.427796], [-118.553368, 37.427531], [-118.552598, 37.426746], [-118.551701, 37.42593], [-118.551334, 37.425616], [-118.551178, 37.425503], [-118.55094, 37.425347], [-118.550776, 37.425218], [-118.550652, 37.425099], [-118.55045, 37.424881], [-118.549759, 37.424245], [-118.549392, 37.423939], [-118.548799, 37.423464]]}, "props": {"MTFCC": "S1400", "NAME": null}}, {"geom": {"type": "LineString", "coordinates": [[-118.557553, 37.437857], [-118.557526, 37.437777], [-118.55747, 37.437657], [-118.557405, 37.43755]]}, "props": {"MTFCC": "S1400", "NAME": null}}, {"geom": {"type": "LineString", "coordinates": [[-118.609459, 37.412777], [-118.609458, 37.412399], [-118.609879, 37.412413], [-118.610027, 37.412416]]}, "props": {"MTFCC": "S1400", "NAME": null}}, {"geom": {"type": "LineString", "coordinates": [[-118.609458, 37.412399], [-118.609089, 37.412428], [-118.608934, 37.412518], [-118.608974, 37.412723]]}, "props": {"MTFCC": "S1400", "NAME": null}}, {"geom": {"type": "LineString", "coordinates": [[-118.613465, 37.414721], [-118.613514, 37.413905], [-118.613504, 37.41356], [-118.613485, 37.413469], [-118.613412, 37.413345], [-118.61347, 37.413287], [-118.613716, 37.413161], [-118.613763, 37.413107], [-118.613776, 37.41304], [-118.613746, 37.412752], [-118.613717, 37.412514], [-118.613717, 37.412401]]}, "props": {"MTFCC": "S1400", "NAME": null}}, {"geom": {"type": "LineString", "coordinates": [[-118.548673, 37.386955], [-118.548871, 37.386988], [-118.549127, 37.386979], [-118.549699, 37.386929], [-118.54995, 37.386921], [-118.550479, 37.386932], [-118.550631, 37.386964], [-118.550803, 37.387038], [-118.551163, 37.387232], [-118.551653, 37.387483], [-118.551925, 37.387632], [-118.552115, 37.387698], [-118.552354, 37.387749], [-118.552475, 37.387769], [-118.552675, 37.387788], [-118.552899, 37.38779], [-118.552978, 37.387773], [-118.553214, 37.387647], [-118.55404, 37.387174], [-118.554222, 37.38711], [-118.554417, 37.387077], [-118.554522, 37.387067], [-118.555843, 37.38708], [-118.55665, 37.387072], [-118.557627, 37.387083], [-118.558032, 37.387077], [-118.559325, 37.387084], [-118.560174, 37.387097], [-118.56368, 37.387084], [-118.56376, 37.387109], [-118.563826, 37.387152], [-118.563872, 37.387209], [-118.563894, 37.387274], [-118.563892, 37.387426], [-118.563723, 37.389203], [-118.563644, 37.390146], [-118.563546, 37.391021], [-118.563512, 37.391826], [-118.563436, 37.392631], [-118.563387, 37.393037], [-118.5634, 37.393223], [-118.563423, 37.393314], [-118.56347, 37.39343], [-118.563699, 37.393884], [-118.563834, 37.394122], [-118.563919, 37.394361], [-118.563961, 37.394555], [-118.563979, 37.394765], [-118.563971, 37.394968], [-118.563936, 37.395193], [-118.563829, 37.395619], [-118.56372, 37.396], [-118.563695, 37.396131]]}, "props": {"MTFCC": "S1400", "NAME": null}}, {"geom": {"type": "LineString", "coordinates": [[-118.56277, 37.380244], [-118.562716, 37.380271], [-118.562477, 37.380406], [-118.562209, 37.38061], [-118.562067, 37.380693], [-118.561916, 37.380758], [-118.561526, 37.38089], [-118.561322, 37.380945], [-118.561061, 37.381043], [-118.560978, 37.381083], [-118.560851, 37.381178], [-118.560806, 37.381221], [-118.560532, 37.381682], [-118.560404, 37.381874], [-118.560264, 37.38206], [-118.560071, 37.382284], [-118.559813, 37.382552], [-118.559755, 37.382635], [-118.559617, 37.3829], [-118.559551, 37.382991], [-118.559462, 37.383069], [-118.559355, 37.383131], [-118.558896, 37.383275], [-118.558616, 37.383379], [-118.558533, 37.383424], [-118.558397, 37.383513], [-118.558308, 37.383572], [-118.558217, 37.383656], [-118.55818, 37.383706]]}, "props": {"MTFCC": "S1400", "NAME": null}}, {"geom": {"type": "LineString", "coordinates": [[-118.408821, 37.427452], [-118.40757, 37.427486]]}, "props": {"MTFCC": "S1400", "NAME": null}}, {"geom": {"type": "LineString", "coordinates": [[-118.493772, 37.407748], [-118.493701, 37.407672], [-118.493578, 37.407592], [-118.493499, 37.407557], [-118.493414, 37.407539], [-118.493199, 37.407518], [-118.493094, 37.407496], [-118.493055, 37.40748], [-118.492997, 37.407423], [-118.492973, 37.407385]]}, "props": {"MTFCC": "S1400", "NAME": null}}, {"geom": {"type": "LineString", "coordinates": [[-118.385181, 37.40934], [-118.385288, 37.409351], [-118.385403, 37.409347], [-118.385535, 37.40932], [-118.385855, 37.409237], [-118.386086, 37.409195], [-118.386455, 37.40915]]}, "props": {"MTFCC": "S1400", "NAME": null}}, {"geom": {"type": "LineString", "coordinates": [[-118.386455, 37.40915], [-118.386819, 37.409109]]}, "props": {"MTFCC": "S1400", "NAME": null}}, {"geom": {"type": "LineString", "coordinates": [[-118.375009, 37.399512], [-118.375188, 37.399544], [-118.375277, 37.399548], [-118.375471, 37.399533], [-118.375806, 37.399457], [-118.375915, 37.39945], [-118.375994, 37.39947], [-118.376042, 37.399501], [-118.376078, 37.399553], [-118.376209, 37.39987], [-118.376298, 37.400109], [-118.376381, 37.400268], [-118.37669, 37.400744], [-118.3768, 37.400859], [-118.376895, 37.400936], [-118.377105, 37.401065], [-118.377227, 37.401116], [-118.377635, 37.401229], [-118.377791, 37.401287], [-118.378081, 37.401431], [-118.378344, 37.401611], [-118.378728, 37.401826], [-118.37882, 37.401869], [-118.37899, 37.401925], [-118.379166, 37.401956], [-118.379347, 37.401956], [-118.379524, 37.401926], [-118.37967, 37.401877], [-118.379746, 37.401844], [-118.37995, 37.401722], [-118.38008, 37.401677], [-118.380223, 37.401653], [-118.380401, 37.40165], [-118.380544, 37.401675], [-118.380866, 37.401795], [-118.381213, 37.401911], [-118.381374, 37.401979], [-118.381597, 37.402101], [-118.381722, 37.402134], [-118.381845, 37.402175], [-118.3821, 37.402205], [-118.382241, 37.402247], [-118.382387, 37.402317], [-118.382597, 37.402389], [-118.382758, 37.402438], [-118.382879, 37.402507], [-118.382998, 37.402605], [-118.38331, 37.402765], [-118.383487, 37.402889], [-118.383594, 37.40295]]}, "props": {"MTFCC": "S1400", "NAME": null}}, {"geom": {"type": "LineString", "coordinates": [[-118.388489, 37.397563], [-118.388829, 37.397652], [-118.389018, 37.397671], [-118.389185, 37.397666], [-118.389786, 37.397625], [-118.390472, 37.397636], [-118.392876, 37.397618], [-118.39363, 37.397603]]}, "props": {"MTFCC": "S1400", "NAME": null}}, {"geom": {"type": "LineString", "coordinates": [[-118.374094, 37.375178], [-118.374443, 37.375181], [-118.374564, 37.375207], [-118.374664, 37.375259], [-118.374743, 37.375338], [-118.37476, 37.37544], [-118.374737, 37.375788]]}, "props": {"MTFCC": "S1400", "NAME": null}}, {"geom": {"type": "LineString", "coordinates": [[-118.376807, 37.366609], [-118.376751, 37.366496], [-118.376657, 37.366402], [-118.376541, 37.366344], [-118.375741, 37.36607], [-118.374954, 37.365883], [-118.374262, 37.365706], [-118.37336, 37.365402], [-118.373164, 37.365368], [-118.37302, 37.365366]]}, "props": {"MTFCC": "S1400", "NAME": null}}, {"geom": {"type": "LineString", "coordinates": [[-118.494766, 37.377779], [-118.494986, 37.378268], [-118.495108, 37.378653], [-118.495159, 37.378835], [-118.495499, 37.379545]]}, "props": {"MTFCC": "S1400", "NAME": null}}, {"geom": {"type": "LineString", "coordinates": [[-118.404876, 37.390427], [-118.405291, 37.390883], [-118.40573, 37.391421], [-118.405905, 37.391612], [-118.406054, 37.391739], [-118.406245, 37.391875], [-118.406317, 37.39192], [-118.406495, 37.391987], [-118.407168, 37.392111], [-118.407597, 37.392206], [-118.407757, 37.392219], [-118.407878, 37.392205], [-118.408056, 37.392146], [-118.40816, 37.392089], [-118.408478, 37.391864], [-118.408535, 37.391831], [-118.408621, 37.391803], [-118.409039, 37.391725], [-118.409115, 37.391702], [-118.40953, 37.391516], [-118.409642, 37.391482], [-118.409757, 37.391457], [-118.4104, 37.391407], [-118.410563, 37.391378], [-118.410749, 37.391318], [-118.411035, 37.391196], [-118.411241, 37.391132], [-118.411458, 37.391098], [-118.411626, 37.391086], [-118.41177, 37.391086], [-118.411918, 37.39106], [-118.412457, 37.390877], [-118.41268, 37.390809], [-118.412804, 37.3908], [-118.412862, 37.390816], [-118.413299, 37.391113], [-118.413387, 37.391157], [-118.413765, 37.391282], [-118.413871, 37.391332], [-118.413994, 37.391412], [-118.414131, 37.391535], [-118.414653, 37.392162], [-118.414784, 37.392263], [-118.41496, 37.392379], [-118.415046, 37.392457], [-118.415109, 37.392529], [-118.415205, 37.39269], [-118.415414, 37.393147], [-118.415424, 37.393166], [-118.41555, 37.393365], [-118.415744, 37.393613], [-118.415985, 37.393894], [-118.416031, 37.393962], [-118.416151, 37.394257], [-118.416182, 37.3943], [-118.416262, 37.394374]]}, "props": {"MTFCC": "S1400", "NAME": null}}, {"geom": {"type": "LineString", "coordinates": [[-118.420285, 37.377882], [-118.420508, 37.377884], [-118.420802, 37.377857], [-118.421152, 37.377788], [-118.421669, 37.377679], [-118.422267, 37.37757], [-118.422589, 37.37753], [-118.422833, 37.377517], [-118.422906, 37.377521], [-118.422931, 37.377522]]}, "props": {"MTFCC": "S1400", "NAME": null}}, {"geom": {"type": "LineString", "coordinates": [[-118.419078, 37.385963], [-118.419022, 37.385873], [-118.418943, 37.385809], [-118.418842, 37.385768], [-118.418768, 37.385755], [-118.417969, 37.385753], [-118.417613, 37.385761]]}, "props": {"MTFCC": "S1400", "NAME": null}}, {"geom": {"type": "LineString", "coordinates": [[-118.458042, 37.376155], [-118.458018, 37.376212], [-118.45801, 37.376233], [-118.457995, 37.376298], [-118.457921, 37.376383], [-118.457782, 37.376507], [-118.457658, 37.376634], [-118.457354, 37.376912], [-118.457275, 37.377011], [-118.457046, 37.377483], [-118.456963, 37.377597], [-118.456709, 37.377879], [-118.456523, 37.378156], [-118.456278, 37.378438], [-118.45617, 37.378591]]}, "props": {"MTFCC": "S1400", "NAME": null}}, {"geom": {"type": "LineString", "coordinates": [[-118.431983, 37.395072], [-118.432129, 37.395086], [-118.432397, 37.395144], [-118.4325, 37.395172], [-118.432539, 37.395172], [-118.432565, 37.395163], [-118.432578, 37.395135], [-118.432585, 37.395064], [-118.432606, 37.395029], [-118.432665, 37.394984], [-118.432751, 37.394949], [-118.432844, 37.394932], [-118.43294, 37.394935], [-118.433076, 37.394968], [-118.433235, 37.395027], [-118.433298, 37.39506], [-118.433436, 37.395155], [-118.433557, 37.395196], [-118.433888, 37.395265]]}, "props": {"MTFCC": "S1400", "NAME": null}}, {"geom": {"type": "LineString", "coordinates": [[-118.44796, 37.391057], [-118.44843, 37.3909], [-118.44911, 37.390706], [-118.449232, 37.390681], [-118.449339, 37.390679]]}, "props": {"MTFCC": "S1400", "NAME": null}}, {"geom": {"type": "LineString", "coordinates": [[-118.48, 37.397474], [-118.479918, 37.397622], [-118.479853, 37.397719], [-118.479826, 37.397831], [-118.479831, 37.397965], [-118.479854, 37.398078]]}, "props": {"MTFCC": "S1400", "NAME": null}}, {"geom": {"type": "LineString", "coordinates": [[-118.482037, 37.409719], [-118.482051, 37.409623], [-118.482038, 37.409539], [-118.482001, 37.409506], [-118.481945, 37.409497], [-118.481868, 37.409503], [-118.481722, 37.40946], [-118.481637, 37.409412], [-118.481594, 37.409396], [-118.48155, 37.40939], [-118.481286, 37.409416], [-118.481149, 37.40946], [-118.480998, 37.409495], [-118.480937, 37.409528], [-118.480737, 37.409675], [-118.480627, 37.409741]]}, "props": {"MTFCC": "S1400", "NAME": null}}, {"geom": {"type": "LineString", "coordinates": [[-118.430603, 37.416931], [-118.430666, 37.416945], [-118.430714, 37.416983], [-118.430729, 37.417014], [-118.430726, 37.417048]]}, "props": {"MTFCC": "S1400", "NAME": null}}, {"geom": {"type": "LineString", "coordinates": [[-118.437506, 37.405498], [-118.437711, 37.405394], [-118.437869, 37.405257], [-118.43794, 37.405176], [-118.438256, 37.404743]]}, "props": {"MTFCC": "S1400", "NAME": null}}, {"geom": {"type": "LineString", "coordinates": [[-118.436612, 37.408128], [-118.436917, 37.407978], [-118.437045, 37.407939], [-118.437178, 37.407911], [-118.437332, 37.407893], [-118.437637, 37.407884], [-118.438049, 37.407888], [-118.438777, 37.407882], [-118.439585, 37.407838], [-118.439915, 37.407865], [-118.44014, 37.40791], [-118.440252, 37.407997], [-118.440905, 37.408466], [-118.441044, 37.408556], [-118.441589, 37.408855], [-118.442043, 37.409076], [-118.442925, 37.409527], [-118.443116, 37.409593], [-118.4434, 37.409654], [-118.444627, 37.409844], [-118.445257, 37.40995], [-118.445903, 37.409987]]}, "props": {"MTFCC": "S1400", "NAME": null}}, {"geom": {"type": "LineString", "coordinates": [[-118.440784, 37.407326], [-118.440884, 37.407322], [-118.440984, 37.407327], [-118.441385, 37.4074], [-118.441746, 37.407512], [-118.441893, 37.407546], [-118.442057, 37.407569], [-118.442213, 37.407576], [-118.442561, 37.407574], [-118.442774, 37.407564], [-118.442976, 37.407547], [-118.443276, 37.407564]]}, "props": {"MTFCC": "S1400", "NAME": null}}, {"geom": {"type": "LineString", "coordinates": [[-118.445443, 37.406817], [-118.445519, 37.406507]]}, "props": {"MTFCC": "S1400", "NAME": null}}, {"geom": {"type": "LineString", "coordinates": [[-118.436591, 37.401186], [-118.436782, 37.400916], [-118.437165, 37.40045], [-118.437248, 37.400304], [-118.43729, 37.400172], [-118.43729, 37.400078], [-118.437266, 37.399985], [-118.43721, 37.39989], [-118.436994, 37.399621], [-118.436541, 37.398917]]}, "props": {"MTFCC": "S1400", "NAME": null}}, {"geom": {"type": "LineString", "coordinates": [[-118.432839, 37.399751], [-118.432977, 37.399952], [-118.433199, 37.400168], [-118.433325, 37.400258], [-118.433386, 37.400261], [-118.433439, 37.400226], [-118.433463, 37.40017], [-118.433459, 37.400099], [-118.433447, 37.400062], [-118.433383, 37.399987]]}, "props": {"MTFCC": "S1400", "NAME": null}}, {"geom": {"type": "LineString", "coordinates": [[-118.423803, 37.400186], [-118.423503, 37.399956], [-118.423285, 37.39984], [-118.423208, 37.399776], [-118.423155, 37.399768], [-118.423123, 37.399775], [-118.423097, 37.399796], [-118.42308, 37.39985], [-118.423087, 37.399882], [-118.423136, 37.399945], [-118.423362, 37.400055], [-118.423514, 37.400148], [-118.423673, 37.400225], [-118.423712, 37.400232], [-118.423742, 37.400229], [-118.423772, 37.400215], [-118.423803, 37.400186]]}, "props": {"MTFCC": "S1400", "NAME": null}}, {"geom": {"type": "LineString", "coordinates": [[-118.426852, 37.399108], [-118.426997, 37.399289], [-118.427053, 37.39943], [-118.427045, 37.39954], [-118.42702, 37.399624], [-118.427017, 37.399737], [-118.427045, 37.399948], [-118.42707, 37.400373]]}, "props": {"MTFCC": "S1400", "NAME": null}}, {"geom": {"type": "LineString", "coordinates": [[-118.381427, 37.427052], [-118.381696, 37.426957], [-118.381835, 37.426928], [-118.382303, 37.426928], [-118.382394, 37.426922], [-118.382498, 37.426891], [-118.383028, 37.426591], [-118.383119, 37.426511], [-118.383187, 37.426417], [-118.383236, 37.426286], [-118.383277, 37.426151], [-118.38332, 37.426063], [-118.383652, 37.425571], [-118.383731, 37.425429], [-118.383948, 37.424917], [-118.384095, 37.42464], [-118.38432, 37.424285]]}, "props": {"MTFCC": "S1400", "NAME": null}}, {"geom": {"type": "LineString", "coordinates": [[-118.409859, 37.417372], [-118.409916, 37.416927], [-118.409903, 37.416869], [-118.409866, 37.416814], [-118.409855, 37.416696], [-118.409864, 37.416592], [-118.409907, 37.416539], [-118.410095, 37.416441], [-118.410132, 37.416401], [-118.41017, 37.416281], [-118.410223, 37.41623], [-118.410512, 37.416123]]}, "props": {"MTFCC": "S1400", "NAME": null}}, {"geom": {"type": "LineString", "coordinates": [[-118.37695, 37.433802], [-118.376634, 37.434339], [-118.37639, 37.434692], [-118.376301, 37.434821], [-118.375456, 37.436117], [-118.375137, 37.43665], [-118.374685, 37.437349], [-118.374354, 37.4379], [-118.37351, 37.439214], [-118.372888, 37.440204], [-118.372594, 37.440689], [-118.372469, 37.441001], [-118.372431, 37.441075], [-118.371981, 37.44174], [-118.371757, 37.442108], [-118.371467, 37.442617], [-118.371177, 37.443086], [-118.370837, 37.443667], [-118.370703, 37.443841], [-118.370433, 37.444224], [-118.370146, 37.444675], [-118.369816, 37.44522], [-118.369443, 37.445794], [-118.369109, 37.446333], [-118.368838, 37.446722]]}, "props": {"MTFCC": "S1400", "NAME": null}}, {"geom": {"type": "LineString", "coordinates": [[-118.394375, 37.427967], [-118.394095, 37.428236], [-118.393261, 37.429116], [-118.393122, 37.429236], [-118.392715, 37.429546], [-118.391749, 37.430397]]}, "props": {"MTFCC": "S1400", "NAME": null}}, {"geom": {"type": "LineString", "coordinates": [[-118.395528, 37.427089], [-118.395489, 37.427163], [-118.395399, 37.427261], [-118.395356, 37.427296], [-118.395337, 37.427322], [-118.395329, 37.427399], [-118.395493, 37.427908], [-118.395558, 37.428184], [-118.395607, 37.428529], [-118.395758, 37.429032], [-118.395807, 37.429344], [-118.395806, 37.429489]]}, "props": {"MTFCC": "S1400", "NAME": null}}, {"geom": {"type": "LineString", "coordinates": [[-118.394375, 37.427967], [-118.394306, 37.428249], [-118.39401, 37.42901], [-118.393934, 37.429226], [-118.393785, 37.42979], [-118.393683, 37.430114], [-118.393634, 37.43032], [-118.393533, 37.431002], [-118.393514, 37.431223], [-118.393467, 37.431583], [-118.393443, 37.431835], [-118.393354, 37.432097], [-118.393332, 37.432215], [-118.393317, 37.432779], [-118.393342, 37.432902], [-118.393374, 37.432972], [-118.393449, 37.433067], [-118.393497, 37.433155], [-118.393547, 37.433334], [-118.393561, 37.433436], [-118.393557, 37.433552], [-118.393523, 37.433725], [-118.393449, 37.433906], [-118.393393, 37.434133], [-118.393297, 37.4347], [-118.393277, 37.435261], [-118.393278, 37.435338], [-118.393325, 37.435487], [-118.393355, 37.43554], [-118.393447, 37.435649], [-118.393485, 37.435756], [-118.393492, 37.435853], [-118.393481, 37.436025], [-118.393411, 37.436499]]}, "props": {"MTFCC": "S1400", "NAME": null}}, {"geom": {"type": "LineString", "coordinates": [[-118.400409, 37.433302], [-118.400493, 37.433462], [-118.400524, 37.433616], [-118.400556, 37.433681], [-118.400637, 37.433757], [-118.400677, 37.433825], [-118.400691, 37.433875], [-118.400685, 37.433981], [-118.400657, 37.434095]]}, "props": {"MTFCC": "S1500", "NAME": null}}, {"geom": {"type": "LineString", "coordinates": [[-118.429141, 37.397968], [-118.429873, 37.397944], [-118.43047, 37.397919], [-118.430937, 37.39791]]}, "props": {"MTFCC": "S1400", "NAME": null}}, {"geom": {"type": "LineString", "coordinates": [[-118.440074, 37.408114], [-118.440165, 37.408052], [-118.440225, 37.408014], [-118.440252, 37.407997], [-118.440289, 37.407962], [-118.440333, 37.407935], [-118.440378, 37.407925]]}, "props": {"MTFCC": "S1400", "NAME": null}}, {"geom": {"type": "LineString", "coordinates": [[-118.430866, 37.408627], [-118.432119, 37.408538], [-118.433043, 37.408474], [-118.434709, 37.408561], [-118.436612, 37.408128]]}, "props": {"MTFCC": "S1400", "NAME": null}}, {"geom": {"type": "LineString", "coordinates": [[-118.464966, 37.403286], [-118.464907, 37.40329], [-118.464787, 37.403321], [-118.464681, 37.403379], [-118.464966, 37.403286]]}, "props": {"MTFCC": "S1400", "NAME": null}}, {"geom": {"type": "LineString", "coordinates": [[-118.439116, 37.407497], [-118.439413, 37.407476], [-118.439898, 37.407471], [-118.440282, 37.407431], [-118.440498, 37.407387], [-118.440686, 37.407339], [-118.440784, 37.407326]]}, "props": {"MTFCC": "S1400", "NAME": null}}, {"geom": {"type": "LineString", "coordinates": [[-118.382403, 37.408945], [-118.38237, 37.408872], [-118.382212, 37.408706], [-118.382062, 37.408541], [-118.381965, 37.408463], [-118.381918, 37.408434], [-118.381858, 37.408415]]}, "props": {"MTFCC": "S1400", "NAME": null}}, {"geom": {"type": "LineString", "coordinates": [[-118.40709, 37.43305], [-118.406348, 37.43324], [-118.406321, 37.433248], [-118.406162, 37.433289]]}, "props": {"MTFCC": "S1400", "NAME": null}}, {"geom": {"type": "LineString", "coordinates": [[-118.405931, 37.433311], [-118.405857, 37.433385], [-118.405772, 37.433468], [-118.405739, 37.433507], [-118.405709, 37.433588], [-118.405718, 37.433676], [-118.405755, 37.433808], [-118.405841, 37.43399], [-118.406126, 37.434454], [-118.406247, 37.434713], [-118.406298, 37.434855], [-118.406335, 37.435048], [-118.406383, 37.435217], [-118.406414, 37.435372], [-118.406486, 37.435581], [-118.406524, 37.435748], [-118.406532, 37.435877], [-118.406472, 37.436356], [-118.406399, 37.43661], [-118.406343, 37.436752], [-118.40606, 37.437325], [-118.405874, 37.437647], [-118.405671, 37.437921], [-118.40554, 37.438078], [-118.405428, 37.438197], [-118.405289, 37.438326], [-118.404919, 37.438582], [-118.404709, 37.438761], [-118.404463, 37.439034], [-118.403921, 37.43986], [-118.403701, 37.440183], [-118.403625, 37.440323], [-118.403543, 37.440552], [-118.40351, 37.440764], [-118.40352, 37.440898], [-118.403584, 37.441192], [-118.403612, 37.441261], [-118.403648, 37.441315], [-118.403936, 37.441615], [-118.404, 37.4417], [-118.40416, 37.441978], [-118.404188, 37.442085], [-118.404187, 37.442196], [-118.404157, 37.442305], [-118.404047, 37.442567], [-118.403982, 37.443004], [-118.403951, 37.443125], [-118.403868, 37.443331], [-118.40368, 37.443661], [-118.403636, 37.443753], [-118.403579, 37.443954], [-118.403558, 37.444072], [-118.403551, 37.444267], [-118.403569, 37.444372], [-118.403603, 37.444464], [-118.403746, 37.444703], [-118.403833, 37.444913], [-118.40392, 37.445185], [-118.403953, 37.445403], [-118.403951, 37.445595], [-118.403915, 37.44579], [-118.403836, 37.446055], [-118.403673, 37.446386], [-118.403475, 37.446714], [-118.403419, 37.446827], [-118.403342, 37.447061], [-118.403278, 37.447694], [-118.403226, 37.447932], [-118.403167, 37.448098], [-118.403144, 37.448243], [-118.40313, 37.448536], [-118.40311, 37.44873], [-118.403048, 37.449041], [-118.402906, 37.449446], [-118.402884, 37.44954], [-118.402885, 37.44973], [-118.402893, 37.449832], [-118.402887, 37.449933], [-118.402844, 37.450065], [-118.402705, 37.450328], [-118.402653, 37.450462], [-118.402595, 37.450681], [-118.402408, 37.451182], [-118.402357, 37.451285], [-118.402293, 37.451379], [-118.402134, 37.451572], [-118.402044, 37.451778], [-118.401817, 37.452118], [-118.401515, 37.452772], [-118.401439, 37.452975], [-118.401215, 37.453451], [-118.401053, 37.45382], [-118.400937, 37.454146], [-118.400767, 37.454946], [-118.4007, 37.45533], [-118.400675, 37.45542], [-118.400656, 37.455458], [-118.400576, 37.455529], [-118.400482, 37.455592], [-118.400381, 37.455695], [-118.400327, 37.455883], [-118.40029, 37.45597], [-118.400234, 37.456066], [-118.400166, 37.456149], [-118.400098, 37.456208], [-118.400053, 37.456262], [-118.399976, 37.45641], [-118.399821, 37.457027], [-118.399821, 37.457176], [-118.399841, 37.457223], [-118.39985, 37.457286], [-118.39983, 37.457432], [-118.399789, 37.457568], [-118.399762, 37.457751], [-118.39964, 37.458215], [-118.399574, 37.458606], [-118.399499, 37.458824], [-118.399458, 37.459018], [-118.399399, 37.45949], [-118.399337, 37.459837], [-118.399289, 37.460191], [-118.399255, 37.460353], [-118.399208, 37.460739], [-118.399203, 37.460894], [-118.399148, 37.461294], [-118.399147, 37.461731], [-118.399141, 37.461963], [-118.399169, 37.462155], [-118.399246, 37.462584], [-118.399252, 37.462704], [-118.399255, 37.462801]]}, "props": {"MTFCC": "S1400", "NAME": null}}, {"geom": {"type": "LineString", "coordinates": [[-118.335799, 37.445873], [-118.335746, 37.446125], [-118.335742, 37.446292], [-118.335781, 37.446736], [-118.335709, 37.447273], [-118.335697, 37.447415], [-118.335699, 37.447545], [-118.335718, 37.44766], [-118.33577, 37.447853], [-118.33579, 37.447974], [-118.335815, 37.448925], [-118.335804, 37.449589], [-118.335819, 37.450826], [-118.335807, 37.452072], [-118.335752, 37.452625], [-118.335741, 37.452928], [-118.335757, 37.454474], [-118.335734, 37.45496], [-118.335748, 37.4554], [-118.335774, 37.455514], [-118.335812, 37.455558], [-118.33583, 37.455576], [-118.335869, 37.455601], [-118.335874, 37.456102], [-118.335866, 37.456666], [-118.33584, 37.457279], [-118.335818, 37.458194], [-118.335804, 37.458482], [-118.335812, 37.459057], [-118.335795, 37.459594], [-118.335754, 37.460226], [-118.335737, 37.460747], [-118.335705, 37.46129], [-118.33569, 37.462065]]}, "props": {"MTFCC": "S1400", "NAME": null}}, {"geom": {"type": "LineString", "coordinates": [[-118.33607, 37.40198], [-118.33611, 37.402551], [-118.336119, 37.403135], [-118.336074, 37.403876], [-118.336043, 37.404621]]}, "props": {"MTFCC": "S1400", "NAME": null}}, {"geom": {"type": "LineString", "coordinates": [[-118.319975, 37.392471], [-118.319889, 37.392472], [-118.319096, 37.392666], [-118.318876, 37.392699], [-118.317787, 37.392793], [-118.317624, 37.392803], [-118.316916, 37.392849], [-118.316277, 37.3929], [-118.315768, 37.392949], [-118.315366, 37.392973]]}, "props": {"MTFCC": "S1400", "NAME": null}}, {"geom": {"type": "LineString", "coordinates": [[-118.31419, 37.365156], [-118.314202, 37.365267], [-118.31431, 37.365496], [-118.314322, 37.365594], [-118.31431, 37.365717], [-118.31434, 37.365808], [-118.314451, 37.365942], [-118.314624, 37.366104], [-118.314862, 37.366391], [-118.314899, 37.366442], [-118.314968, 37.366581], [-118.315003, 37.366687], [-118.315024, 37.366795], [-118.315058, 37.367324], [-118.315133, 37.367693], [-118.315135, 37.367888], [-118.315067, 37.368443], [-118.315073, 37.368801]]}, "props": {"MTFCC": "S1400", "NAME": null}}, {"geom": {"type": "LineString", "coordinates": [[-118.335215, 37.419266], [-118.335199, 37.418982], [-118.335213, 37.418364], [-118.335234, 37.418156], [-118.335308, 37.417767], [-118.33538, 37.417529], [-118.335467, 37.417312], [-118.335518, 37.417223], [-118.335896, 37.416698], [-118.336001, 37.416576], [-118.336155, 37.416428], [-118.336279, 37.416322], [-118.336475, 37.416114], [-118.336706, 37.415852], [-118.33682, 37.415709], [-118.337397, 37.415041], [-118.337806, 37.414532], [-118.338001, 37.414242], [-118.338054, 37.414131], [-118.338101, 37.413988], [-118.338226, 37.413402], [-118.338371, 37.412833], [-118.338538, 37.412321], [-118.338631, 37.412088], [-118.338669, 37.411907], [-118.338763, 37.411666], [-118.338884, 37.411443], [-118.339021, 37.411236], [-118.339167, 37.410916], [-118.339324, 37.410446], [-118.339642, 37.409299], [-118.339652, 37.409244], [-118.339725, 37.40886], [-118.339786, 37.408353], [-118.339869, 37.407486], [-118.340001, 37.406396], [-118.340106, 37.405707], [-118.340127, 37.405312], [-118.340115, 37.404842], [-118.340086, 37.404564], [-118.340046, 37.404357], [-118.339882, 37.403906], [-118.339617, 37.403358], [-118.339461, 37.40306], [-118.339111, 37.402344], [-118.339033, 37.402267], [-118.338926, 37.402181], [-118.338843, 37.402096], [-118.338792, 37.402031], [-118.338734, 37.401917], [-118.338697, 37.401812], [-118.338629, 37.401739], [-118.338515, 37.401656]]}, "props": {"MTFCC": "S1400", "NAME": null}}, {"geom": {"type": "LineString", "coordinates": [[-118.260548, 37.447778], [-118.260621, 37.447772], [-118.260684, 37.44775], [-118.260814, 37.447675], [-118.26093, 37.4476], [-118.261061, 37.447545], [-118.261106, 37.447491], [-118.261114, 37.447293], [-118.261044, 37.447043], [-118.261042, 37.446986], [-118.261054, 37.446939], [-118.261089, 37.446886], [-118.261311, 37.446679], [-118.261394, 37.446563], [-118.261466, 37.446529], [-118.261523, 37.446522], [-118.261704, 37.446522], [-118.262166, 37.446497], [-118.262536, 37.446489], [-118.262769, 37.44652], [-118.262955, 37.446518], [-118.263394, 37.446449], [-118.263786, 37.446469], [-118.264085, 37.446503], [-118.264374, 37.446549], [-118.264483, 37.446545], [-118.264585, 37.446514], [-118.264897, 37.446381], [-118.265122, 37.446343], [-118.265174, 37.446319], [-118.265214, 37.446287], [-118.265266, 37.446267], [-118.265416, 37.446243], [-118.265592, 37.446238], [-118.265851, 37.44626], [-118.265957, 37.446276], [-118.265991, 37.446289], [-118.266027, 37.446334], [-118.266057, 37.446443], [-118.266098, 37.446526], [-118.266233, 37.44671], [-118.266318, 37.446793], [-118.266393, 37.446832], [-118.26648, 37.446851], [-118.266569, 37.446848], [-118.266653, 37.446822], [-118.266723, 37.446778], [-118.266786, 37.446704], [-118.266886, 37.446558], [-118.266944, 37.446522], [-118.267015, 37.446512], [-118.267084, 37.446522], [-118.267144, 37.446559], [-118.267346, 37.446642], [-118.267432, 37.446649], [-118.267656, 37.446668], [-118.26777, 37.446702], [-118.267833, 37.446727], [-118.267924, 37.446764], [-118.267981, 37.446791], [-118.268135, 37.446865], [-118.268548, 37.447024], [-118.268783, 37.447095], [-118.268884, 37.44711], [-118.268974, 37.447099], [-118.269056, 37.447066], [-118.2692, 37.446944], [-118.269309, 37.446823], [-118.26937, 37.446792], [-118.269465, 37.446776], [-118.269552, 37.44677], [-118.269619, 37.446749], [-118.269938, 37.446695], [-118.269986, 37.446681], [-118.270075, 37.446641], [-118.270147, 37.446592], [-118.270281, 37.446527], [-118.270338, 37.446514], [-118.270388, 37.446517], [-118.270441, 37.446532], [-118.270589, 37.446622], [-118.270726, 37.446716], [-118.270884, 37.446802], [-118.271165, 37.446999], [-118.271309, 37.447065], [-118.271466, 37.447107], [-118.271619, 37.447126], [-118.271886, 37.447198], [-118.272016, 37.447207], [-118.272256, 37.447207], [-118.272359, 37.447234], [-118.272412, 37.447262], [-118.272458, 37.447313], [-118.272557, 37.447494], [-118.272681, 37.447628], [-118.27284, 37.447731], [-118.27299, 37.447821], [-118.273094, 37.447915], [-118.273252, 37.448], [-118.273417, 37.448067], [-118.273668, 37.448138], [-118.273827, 37.448203], [-118.27389, 37.448221], [-118.274162, 37.448244], [-118.274256, 37.44823], [-118.274416, 37.448181], [-118.274615, 37.448167], [-118.27472, 37.448141], [-118.274759, 37.448121], [-118.274929, 37.448034], [-118.275067, 37.448008], [-118.275292, 37.447925], [-118.275406, 37.447883], [-118.275457, 37.447843], [-118.275514, 37.447788], [-118.275586, 37.447748], [-118.275751, 37.4477], [-118.276043, 37.447633], [-118.276142, 37.447617], [-118.27628, 37.447617], [-118.276313, 37.447622], [-118.276654, 37.447675], [-118.27675, 37.447687], [-118.277102, 37.447708], [-118.277239, 37.44772], [-118.277522, 37.447712], [-118.277726, 37.447715], [-118.278291, 37.447784], [-118.278582, 37.447792], [-118.278655, 37.4478], [-118.278808, 37.447827], [-118.279001, 37.447831], [-118.279744, 37.447899], [-118.280343, 37.447992], [-118.280647, 37.448062], [-118.280982, 37.448104], [-118.281253, 37.448174], [-118.281593, 37.448309], [-118.281944, 37.448415], [-118.282415, 37.44853], [-118.282734, 37.448657], [-118.282865, 37.448756], [-118.283089, 37.448983], [-118.2834, 37.449136], [-118.283936, 37.449423], [-118.284324, 37.449575], [-118.284492, 37.449618], [-118.284736, 37.449642], [-118.284946, 37.449634], [-118.285063, 37.449639], [-118.285178, 37.449654], [-118.28529, 37.449678], [-118.285398, 37.449712], [-118.285672, 37.449829], [-118.285815, 37.449864], [-118.285963, 37.449879], [-118.286079, 37.44988], [-118.286259, 37.449881], [-118.286542, 37.449858], [-118.286667, 37.449868], [-118.286787, 37.4499], [-118.286895, 37.44995], [-118.286989, 37.450018], [-118.287054, 37.450088], [-118.287206, 37.450333], [-118.287278, 37.450444], [-118.287465, 37.450764], [-118.28752, 37.450792], [-118.287621, 37.450798], [-118.287745, 37.450765], [-118.287866, 37.450711], [-118.28794, 37.450654], [-118.287976, 37.450627], [-118.288031, 37.450573], [-118.288065, 37.450515], [-118.288053, 37.450468], [-118.287993, 37.450376], [-118.287983, 37.450295], [-118.288015, 37.450217], [-118.288084, 37.450156], [-118.288272, 37.450071], [-118.288561, 37.449968], [-118.288623, 37.449935], [-118.28871, 37.449885], [-118.288819, 37.44979], [-118.288901, 37.449678], [-118.288951, 37.449558], [-118.288956, 37.449521], [-118.28892, 37.449426], [-118.288916, 37.449342], [-118.288916, 37.449289], [-118.288984, 37.449033], [-118.289121, 37.448673], [-118.289216, 37.44848], [-118.289268, 37.448397], [-118.289474, 37.44817], [-118.289604, 37.44806], [-118.289722, 37.447997], [-118.289987, 37.447865], [-118.290219, 37.447701], [-118.290421, 37.447625], [-118.290688, 37.447588], [-118.290777, 37.447592], [-118.290877, 37.447633], [-118.291002, 37.447622], [-118.291244, 37.447584], [-118.291679, 37.447582], [-118.291762, 37.447588], [-118.291873, 37.447599], [-118.292515, 37.447565], [-118.293495, 37.447598], [-118.293599, 37.44759], [-118.293751, 37.44754], [-118.293876, 37.447523], [-118.293995, 37.447515], [-118.294404, 37.447479], [-118.295108, 37.447395], [-118.295459, 37.447359], [-118.296018, 37.447273], [-118.296206, 37.447257], [-118.29636, 37.447277], [-118.29643, 37.447292], [-118.296628, 37.447366], [-118.297021, 37.447471], [-118.297537, 37.447694], [-118.297584, 37.447726], [-118.297616, 37.447769], [-118.297622, 37.447823], [-118.297545, 37.447984], [-118.297532, 37.448099], [-118.29754, 37.448231], [-118.297558, 37.448288], [-118.297589, 37.448321], [-118.297631, 37.448339], [-118.297729, 37.448346], [-118.297811, 37.448335], [-118.297868, 37.448355], [-118.297897, 37.448391], [-118.297917, 37.448699], [-118.297928, 37.448739], [-118.297949, 37.448772], [-118.297979, 37.448799], [-118.298063, 37.448833], [-118.298179, 37.448865], [-118.298255, 37.448901], [-118.298502, 37.449082], [-118.298636, 37.449226], [-118.298667, 37.449277], [-118.298718, 37.449423], [-118.29883, 37.449567], [-118.298937, 37.449673], [-118.29908, 37.449788], [-118.299255, 37.449987], [-118.299328, 37.450007], [-118.2994, 37.450001], [-118.299463, 37.449973], [-118.299662, 37.449728], [-118.299743, 37.44967], [-118.299837, 37.449627], [-118.299995, 37.449594], [-118.300103, 37.449594], [-118.300261, 37.449628], [-118.30036, 37.449671], [-118.300416, 37.449722]]}, "props": {"MTFCC": "S1400", "NAME": null}}, {"geom": {"type": "LineString", "coordinates": [[-118.364722, 37.460277], [-118.364871, 37.460173], [-118.364963, 37.460132], [-118.365133, 37.460084]]}, "props": {"MTFCC": "S1400", "NAME": null}}, {"geom": {"type": "LineString", "coordinates": [[-118.368838, 37.446722], [-118.368689, 37.447003], [-118.368643, 37.447171], [-118.368608, 37.447441], [-118.368536, 37.448207]]}, "props": {"MTFCC": "S1400", "NAME": null}}, {"geom": {"type": "LineString", "coordinates": [[-118.342036, 37.44958], [-118.341821, 37.449458], [-118.341592, 37.449291], [-118.34143, 37.449143], [-118.341364, 37.449069], [-118.34126, 37.448925], [-118.341136, 37.448721], [-118.340982, 37.448386], [-118.340959, 37.448335], [-118.340894, 37.44814], [-118.34075, 37.447519], [-118.340467, 37.445997], [-118.340439, 37.445699], [-118.340395, 37.443973], [-118.340402, 37.443586], [-118.340392, 37.442312], [-118.340407, 37.441849], [-118.340383, 37.441397], [-118.340384, 37.440668], [-118.340407, 37.44046], [-118.340595, 37.439789], [-118.340687, 37.439381], [-118.340726, 37.438626], [-118.340729, 37.438413], [-118.340717, 37.438279], [-118.340656, 37.437944], [-118.340575, 37.437654]]}, "props": {"MTFCC": "S1400", "NAME": null}}, {"geom": {"type": "LineString", "coordinates": [[-118.339399, 37.434831], [-118.339115, 37.433809]]}, "props": {"MTFCC": "S1400", "NAME": null}}, {"geom": {"type": "LineString", "coordinates": [[-118.328989, 37.425322], [-118.329069, 37.425425], [-118.329147, 37.425549]]}, "props": {"MTFCC": "S1400", "NAME": null}}, {"geom": {"type": "LineString", "coordinates": [[-118.326928, 37.419176], [-118.327011, 37.419153], [-118.327095, 37.41914], [-118.327198, 37.419135], [-118.328407, 37.419186], [-118.330653, 37.419195], [-118.333276, 37.419248], [-118.334166, 37.41925], [-118.335215, 37.419266]]}, "props": {"MTFCC": "S1400", "NAME": null}}, {"geom": {"type": "LineString", "coordinates": [[-118.322331, 37.415582], [-118.322283, 37.415565], [-118.322118, 37.415455], [-118.322017, 37.415355], [-118.321943, 37.415232], [-118.321845, 37.414997], [-118.321731, 37.414837], [-118.321645, 37.414736], [-118.32146, 37.414448], [-118.321346, 37.414311], [-118.321238, 37.414212], [-118.321028, 37.414072], [-118.320906, 37.413961], [-118.320823, 37.413835], [-118.320779, 37.413698], [-118.320768, 37.413517], [-118.320738, 37.413453], [-118.320684, 37.4134], [-118.320528, 37.413298], [-118.320322, 37.413185], [-118.32022, 37.413097], [-118.320158, 37.413011], [-118.320052, 37.412815], [-118.319932, 37.412659], [-118.319711, 37.412425], [-118.319459, 37.412194], [-118.319248, 37.412024], [-118.319108, 37.41188], [-118.319039, 37.411798], [-118.318905, 37.41159], [-118.318812, 37.411304], [-118.318709, 37.411082], [-118.318667, 37.411026], [-118.318606, 37.410966], [-118.318475, 37.410769], [-118.318404, 37.410598], [-118.318375, 37.41048], [-118.318369, 37.410422], [-118.31836, 37.410331], [-118.31832, 37.410239], [-118.318228, 37.410108], [-118.318182, 37.410021], [-118.31815, 37.40996], [-118.317841, 37.40916], [-118.31778, 37.408928], [-118.317749, 37.408856], [-118.317656, 37.408711], [-118.317406, 37.408414], [-118.317353, 37.408312], [-118.317314, 37.408173], [-118.317221, 37.407684], [-118.317209, 37.407542], [-118.317116, 37.407093], [-118.317009, 37.406757], [-118.316925, 37.406416], [-118.316884, 37.406277], [-118.316853, 37.406055], [-118.316839, 37.405687], [-118.316775, 37.405339]]}, "props": {"MTFCC": "S1400", "NAME": null}}, {"geom": {"type": "LineString", "coordinates": [[-118.315819, 37.397291], [-118.316027, 37.397393], [-118.316138, 37.397416], [-118.316288, 37.397438], [-118.316357, 37.397459], [-118.31653, 37.397541], [-118.316671, 37.397643], [-118.316817, 37.397807], [-118.316942, 37.39799], [-118.317125, 37.398192], [-118.317201, 37.398257], [-118.317331, 37.398332], [-118.317471, 37.398385], [-118.317582, 37.398404], [-118.317696, 37.398405], [-118.317808, 37.398386], [-118.318067, 37.398287], [-118.318271, 37.398262], [-118.31845, 37.398258], [-118.318678, 37.398272], [-118.318879, 37.398308], [-118.319166, 37.398386], [-118.319374, 37.398455], [-118.319475, 37.398477], [-118.319685, 37.398495], [-118.319877, 37.398499], [-118.320075, 37.398488], [-118.320316, 37.398445], [-118.320618, 37.398367], [-118.32098, 37.398261], [-118.321874, 37.397972], [-118.322273, 37.397876], [-118.322492, 37.397844], [-118.322894, 37.397819], [-118.323321, 37.397803], [-118.32524, 37.397755], [-118.326712, 37.397708], [-118.327485, 37.397688], [-118.328749, 37.397636], [-118.329275, 37.397623], [-118.33094, 37.397539], [-118.331519, 37.397536], [-118.331669, 37.397562], [-118.331808, 37.397611], [-118.331931, 37.397683], [-118.332044, 37.397776], [-118.332328, 37.398062], [-118.3326, 37.398348], [-118.332854, 37.398575], [-118.333003, 37.398749], [-118.333102, 37.398892], [-118.333173, 37.39904], [-118.333254, 37.399255], [-118.333301, 37.39934], [-118.33342, 37.399494], [-118.33353, 37.399602], [-118.333853, 37.399828], [-118.334326, 37.400146], [-118.334605, 37.400355], [-118.335177, 37.400752], [-118.335356, 37.400888], [-118.335605, 37.401112], [-118.335842, 37.401344], [-118.336059, 37.401582]]}, "props": {"MTFCC": "S1400", "NAME": null}}, {"geom": {"type": "LineString", "coordinates": [[-118.348804, 37.391209], [-118.349212, 37.391426], [-118.349307, 37.391489], [-118.349435, 37.391629], [-118.349468, 37.391692], [-118.349536, 37.391772], [-118.349616, 37.39184], [-118.349805, 37.391934], [-118.349985, 37.391986], [-118.350071, 37.392002], [-118.35019, 37.392008], [-118.350307, 37.392], [-118.35041, 37.391979], [-118.350503, 37.39195], [-118.350605, 37.391896], [-118.350849, 37.391734]]}, "props": {"MTFCC": "S1400", "NAME": null}}, {"geom": {"type": "LineString", "coordinates": [[-118.352735, 37.387455], [-118.352394, 37.387482], [-118.352241, 37.387468], [-118.351922, 37.387409], [-118.351829, 37.387404], [-118.351602, 37.387413], [-118.351374, 37.387359], [-118.35124, 37.387343], [-118.350958, 37.387276], [-118.35085, 37.387271], [-118.350745, 37.387293], [-118.350647, 37.387338], [-118.35062, 37.387356], [-118.350541, 37.38747], [-118.350525, 37.38751], [-118.350515, 37.387633], [-118.350485, 37.387695], [-118.350411, 37.38776], [-118.350325, 37.387792], [-118.350165, 37.387839], [-118.349963, 37.387918]]}, "props": {"MTFCC": "S1400", "NAME": null}}, {"geom": {"type": "LineString", "coordinates": [[-118.349963, 37.387918], [-118.350079, 37.388042], [-118.350189, 37.388122], [-118.350351, 37.388192], [-118.350589, 37.388269], [-118.350665, 37.388287], [-118.350845, 37.388302], [-118.35094, 37.388285], [-118.350971, 37.388274], [-118.351026, 37.388229], [-118.351106, 37.388197]]}, "props": {"MTFCC": "S1400", "NAME": null}}, {"geom": {"type": "LineString", "coordinates": [[-118.354478, 37.388313], [-118.353726, 37.388141]]}, "props": {"MTFCC": "S1400", "NAME": null}}, {"geom": {"type": "LineString", "coordinates": [[-118.362488, 37.452304], [-118.363064, 37.451983]]}, "props": {"MTFCC": "S1400", "NAME": null}}, {"geom": {"type": "LineString", "coordinates": [[-118.187091, 37.413841], [-118.187539, 37.414424], [-118.187803, 37.414742], [-118.187987, 37.414944], [-118.188311, 37.415255], [-118.188431, 37.415341], [-118.188572, 37.415407], [-118.188733, 37.415449], [-118.188942, 37.415475], [-118.189265, 37.415496], [-118.189372, 37.415509], [-118.189773, 37.4156], [-118.190522, 37.415758]]}, "props": {"MTFCC": "S1400", "NAME": null}}, {"geom": {"type": "LineString", "coordinates": [[-118.181731, 37.38379], [-118.182036, 37.384211], [-118.182304, 37.38471], [-118.182499, 37.384989], [-118.182793, 37.385386], [-118.182873, 37.38553], [-118.18292, 37.385697], [-118.183009, 37.386265], [-118.183116, 37.386973], [-118.18313, 37.387171], [-118.183143, 37.389068], [-118.18311, 37.38952], [-118.183084, 37.389704]]}, "props": {"MTFCC": "S1400", "NAME": null}}, {"geom": {"type": "LineString", "coordinates": [[-118.356317, 37.397009], [-118.356321, 37.397072], [-118.356371, 37.397235], [-118.35644, 37.397335], [-118.356543, 37.397473], [-118.356724, 37.39782], [-118.356957, 37.398162], [-118.357004, 37.398263], [-118.357056, 37.398408]]}, "props": {"MTFCC": "S1400", "NAME": null}}, {"geom": {"type": "LineString", "coordinates": [[-118.357021, 37.378383], [-118.357289, 37.378589], [-118.357419, 37.378674], [-118.35756, 37.378747], [-118.357672, 37.378795], [-118.35788, 37.378859], [-118.358085, 37.378904], [-118.358296, 37.378931], [-118.358813, 37.378958], [-118.35899, 37.378988]]}, "props": {"MTFCC": "S1400", "NAME": null}}, {"geom": {"type": "LineString", "coordinates": [[-118.33569, 37.462065], [-118.335693, 37.462239], [-118.335679, 37.462381], [-118.335681, 37.462479], [-118.335714, 37.462582], [-118.335706, 37.462711], [-118.335706, 37.462874]]}, "props": {"MTFCC": "S1400", "NAME": null}}, {"geom": {"type": "LineString", "coordinates": [[-118.713757, 37.369242], [-118.713666, 37.3692], [-118.713646, 37.369182], [-118.71363, 37.369151], [-118.713637, 37.369103], [-118.713701, 37.369004], [-118.71377, 37.368941], [-118.713802, 37.368868], [-118.713778, 37.368773], [-118.713724, 37.368706], [-118.713643, 37.368654], [-118.713548, 37.368625], [-118.713355, 37.368619], [-118.713184, 37.36859], [-118.712937, 37.368501], [-118.712855, 37.368466], [-118.712757, 37.368451], [-118.712706, 37.368454], [-118.71264, 37.368445], [-118.712583, 37.368427], [-118.712401, 37.368265], [-118.712206, 37.368176], [-118.711981, 37.368118], [-118.711726, 37.368081], [-118.711594, 37.368087], [-118.711398, 37.368105]]}, "props": {"MTFCC": "S1400", "NAME": null}}, {"geom": {"type": "LineString", "coordinates": [[-118.501875, 37.368335], [-118.50198, 37.368461], [-118.502053, 37.368527]]}, "props": {"MTFCC": "S1400", "NAME": null}}, {"geom": {"type": "LineString", "coordinates": [[-118.397381, 37.369528], [-118.397399, 37.370416]]}, "props": {"MTFCC": "S1400", "NAME": null}}, {"geom": {"type": "LineString", "coordinates": [[-118.401079, 37.369512], [-118.401113, 37.37041]]}, "props": {"MTFCC": "S1400", "NAME": null}}, {"geom": {"type": "LineString", "coordinates": [[-118.40002861417324, 37.3641], [-118.400043, 37.364622], [-118.400077, 37.36547], [-118.400084, 37.366113], [-118.400093, 37.366346]]}, "props": {"MTFCC": "S1400", "NAME": null}}, {"geom": {"type": "LineString", "coordinates": [[-118.493012, 37.407057], [-118.49294, 37.407039], [-118.492907, 37.407005], [-118.492813, 37.406755], [-118.492765, 37.406684], [-118.492762, 37.406631], [-118.492803, 37.406561], [-118.492865, 37.40649], [-118.492903, 37.406316], [-118.492938, 37.406253], [-118.493114, 37.40604], [-118.493138, 37.405985], [-118.493139, 37.405925], [-118.493111, 37.405864], [-118.493028, 37.405794], [-118.493024, 37.405756], [-118.493125, 37.405603], [-118.493143, 37.405492], [-118.493128, 37.405381], [-118.493087, 37.405255]]}, "props": {"MTFCC": "S1400", "NAME": null}}, {"geom": {"type": "LineString", "coordinates": [[-118.499719, 37.405434], [-118.499823, 37.405383]]}, "props": {"MTFCC": "S1400", "NAME": null}}, {"geom": {"type": "LineString", "coordinates": [[-118.676494, 37.37527], [-118.676853, 37.375117], [-118.677226, 37.37498], [-118.677667, 37.374793], [-118.678078, 37.374649], [-118.678219, 37.374604]]}, "props": {"MTFCC": "S1400", "NAME": null}}, {"geom": {"type": "LineString", "coordinates": [[-118.722691, 37.380727], [-118.722557, 37.380683], [-118.722423, 37.380607], [-118.722032, 37.380355], [-118.721923, 37.380284], [-118.721723, 37.380106], [-118.721644, 37.380014], [-118.721457, 37.37977], [-118.721351, 37.379613], [-118.721186, 37.379406], [-118.721023, 37.379164], [-118.72085, 37.378929], [-118.720659, 37.378601], [-118.720563, 37.378388], [-118.720489, 37.378276], [-118.720386, 37.378194], [-118.72015, 37.378079], [-118.720072, 37.378019], [-118.719999, 37.377992], [-118.719952, 37.378014], [-118.71994, 37.378033], [-118.719953, 37.37809], [-118.720019, 37.378154], [-118.720167, 37.378278], [-118.720224, 37.378356], [-118.720259, 37.378442], [-118.720278, 37.378594], [-118.720497, 37.379613], [-118.720646, 37.380157], [-118.720678, 37.380248], [-118.720673, 37.380335], [-118.720609, 37.380466], [-118.720568, 37.380623], [-118.720561, 37.380686], [-118.720588, 37.380872], [-118.720651, 37.381021], [-118.72072, 37.381101], [-118.721098, 37.381407], [-118.721116, 37.381464], [-118.721099, 37.381548], [-118.721005, 37.381673], [-118.72099, 37.381711], [-118.720991, 37.381759], [-118.721003, 37.381801], [-118.721075, 37.381898], [-118.721199, 37.381963], [-118.721372, 37.382014], [-118.721433, 37.382046], [-118.721522, 37.382124], [-118.721585, 37.382207], [-118.721682, 37.382409], [-118.721715, 37.382585], [-118.721718, 37.382712], [-118.721708, 37.382785], [-118.721683, 37.382839], [-118.72165, 37.382879], [-118.721556, 37.382949], [-118.721531, 37.382983], [-118.721526, 37.383021], [-118.721568, 37.383156], [-118.721583, 37.383269], [-118.721568, 37.383381], [-118.721524, 37.383489], [-118.721443, 37.383598], [-118.721159, 37.383861], [-118.721114, 37.383923], [-118.720773, 37.384491], [-118.720608, 37.384717], [-118.720529, 37.384797], [-118.720375, 37.384912], [-118.720249, 37.384978], [-118.720152, 37.385008], [-118.719999, 37.385025], [-118.719839, 37.385025], [-118.719578, 37.385006], [-118.719524, 37.385011], [-118.719494, 37.385024], [-118.719477, 37.385043], [-118.719467, 37.385104], [-118.719492, 37.385168], [-118.719619, 37.38539], [-118.719743, 37.385625], [-118.719831, 37.385763], [-118.719958, 37.385939], [-118.720026, 37.38605], [-118.720126, 37.386258]]}, "props": {"MTFCC": "S1400", "NAME": null}}, {"geom": {"type": "LineString", "coordinates": [[-118.376816, 37.387229], [-118.377027, 37.387199], [-118.377247, 37.387177], [-118.377898, 37.38711], [-118.378101, 37.387083], [-118.378329, 37.387042], [-118.3785, 37.386967], [-118.378654, 37.386854], [-118.378714, 37.386779], [-118.378818, 37.386709], [-118.379139, 37.386606], [-118.379246, 37.386582], [-118.379301, 37.386543], [-118.37934, 37.386493], [-118.379455, 37.386235], [-118.379482, 37.386111], [-118.379482, 37.386006], [-118.37954, 37.385934], [-118.379714, 37.385896], [-118.379985, 37.385903], [-118.380236, 37.385933], [-118.380343, 37.385915], [-118.380413, 37.385879], [-118.380542, 37.385757], [-118.380604, 37.385741], [-118.380665, 37.385757], [-118.380683, 37.385769], [-118.380745, 37.38578], [-118.38105, 37.385712], [-118.381503, 37.385699], [-118.381667, 37.385723], [-118.382167, 37.385599], [-118.382579, 37.385507], [-118.383099, 37.385328], [-118.38332, 37.385276], [-118.383434, 37.385279], [-118.383528, 37.385308], [-118.38377, 37.385427], [-118.383888, 37.385451], [-118.384018, 37.385516], [-118.384211, 37.385639], [-118.384259, 37.385657], [-118.384403, 37.385629], [-118.384636, 37.385553], [-118.38478, 37.385517], [-118.384907, 37.385475], [-118.385147, 37.385457], [-118.385339, 37.385459], [-118.385507, 37.385449], [-118.385748, 37.38542], [-118.386049, 37.385361], [-118.386187, 37.385314], [-118.386267, 37.38527], [-118.386296, 37.385234], [-118.386326, 37.385051], [-118.386312, 37.384754], [-118.38636, 37.384679], [-118.386392, 37.384649], [-118.386452, 37.384617], [-118.386696, 37.384486], [-118.38676, 37.384435], [-118.386788, 37.384401], [-118.386792, 37.384244], [-118.386801, 37.384206], [-118.386826, 37.384171], [-118.386923, 37.384115], [-118.386985, 37.384095], [-118.387054, 37.384088], [-118.387394, 37.384112], [-118.387631, 37.384109], [-118.387708, 37.384078], [-118.387801, 37.384003], [-118.387894, 37.383965], [-118.387997, 37.383953], [-118.38808, 37.383961], [-118.388275, 37.384002], [-118.388469, 37.384062], [-118.388681, 37.38415], [-118.3888, 37.38423], [-118.389104, 37.384559], [-118.389188, 37.384614], [-118.38929, 37.384646], [-118.389398, 37.38465], [-118.389504, 37.384628], [-118.390573, 37.384155], [-118.390832, 37.384077], [-118.391354, 37.38389], [-118.39146, 37.383872], [-118.391635, 37.38387], [-118.391824, 37.383838], [-118.392, 37.383776], [-118.392428, 37.383562], [-118.392556, 37.383529], [-118.39269, 37.383518], [-118.392784, 37.383524], [-118.393296, 37.383511], [-118.393584, 37.383483], [-118.393911, 37.383433], [-118.395343, 37.383409]]}, "props": {"MTFCC": "S1400", "NAME": null}}, {"geom": {"type": "LineString", "coordinates": [[-118.720126, 37.386258], [-118.720177, 37.386409], [-118.72018, 37.386538], [-118.720154, 37.386645], [-118.720073, 37.386806], [-118.720036, 37.38687], [-118.71977, 37.387206], [-118.719599, 37.387415], [-118.719544, 37.387524], [-118.719539, 37.387602], [-118.719564, 37.387676], [-118.719617, 37.387741], [-118.719692, 37.38779], [-118.719774, 37.387828], [-118.71983, 37.387883], [-118.719861, 37.387948], [-118.719866, 37.388018], [-118.719843, 37.388086], [-118.719805, 37.388122], [-118.719557, 37.388273], [-118.719428, 37.388323], [-118.719344, 37.388329], [-118.719295, 37.388322], [-118.71922, 37.388285], [-118.719156, 37.388203], [-118.719095, 37.388088], [-118.719036, 37.388028]]}, "props": {"MTFCC": "S1400", "NAME": null}}, {"geom": {"type": "LineString", "coordinates": [[-118.433888, 37.395265], [-118.433943, 37.395227], [-118.43409, 37.395167], [-118.434361, 37.395082], [-118.435404, 37.394861], [-118.436355, 37.394623], [-118.437729, 37.394298], [-118.438167, 37.394191]]}, "props": {"MTFCC": "S1400", "NAME": null}}, {"geom": {"type": "LineString", "coordinates": [[-118.319975, 37.392471], [-118.320394, 37.392354], [-118.321695, 37.392015], [-118.322766, 37.391713], [-118.323219, 37.391601], [-118.323492, 37.391548], [-118.323727, 37.391523], [-118.324079, 37.391502], [-118.324652, 37.391501], [-118.324968, 37.391509], [-118.32512, 37.391521], [-118.325957, 37.391653], [-118.327677, 37.391896], [-118.327851, 37.391935], [-118.328077, 37.392021], [-118.328984, 37.392434], [-118.329419, 37.392642], [-118.329983, 37.392937], [-118.331253, 37.393568], [-118.331675, 37.393752]]}, "props": {"MTFCC": "S1400", "NAME": null}}, {"geom": {"type": "LineString", "coordinates": [[-118.386661, 37.419384], [-118.386472, 37.419268], [-118.386374, 37.419181], [-118.386301, 37.419079], [-118.38625, 37.418942], [-118.386231, 37.418676], [-118.386236, 37.41746], [-118.386217, 37.417235], [-118.386245, 37.416897], [-118.386227, 37.416191], [-118.386236, 37.416102]]}, "props": {"MTFCC": "S1400", "NAME": null}}, {"geom": {"type": "LineString", "coordinates": [[-118.331855, 37.429586], [-118.332265, 37.430081], [-118.332664, 37.430624], [-118.332986, 37.430986], [-118.333223, 37.431221], [-118.333473, 37.431444], [-118.333807, 37.43171], [-118.33449, 37.432322], [-118.335074, 37.432883], [-118.335594, 37.433405], [-118.335783, 37.433632], [-118.335854, 37.433772], [-118.335898, 37.433792], [-118.337689, 37.433774], [-118.338665, 37.433796]]}, "props": {"MTFCC": "S1400", "NAME": null}}, {"geom": {"type": "LineString", "coordinates": [[-118.338665, 37.433796], [-118.338897, 37.433799]]}, "props": {"MTFCC": "S1400", "NAME": null}}, {"geom": {"type": "LineString", "coordinates": [[-118.324964, 37.41908], [-118.324677, 37.419043], [-118.324553, 37.419052], [-118.32436, 37.419091], [-118.324268, 37.419092], [-118.324054, 37.419067], [-118.323755, 37.419023], [-118.32352, 37.418999], [-118.323284, 37.418958], [-118.323174, 37.418941], [-118.322972, 37.418912], [-118.322922, 37.418888], [-118.322899, 37.418865], [-118.322878, 37.418796], [-118.322879, 37.418707], [-118.322937, 37.418504], [-118.322947, 37.41835], [-118.322947, 37.417897], [-118.322913, 37.417739], [-118.322844, 37.417495], [-118.322831, 37.417421], [-118.32283, 37.417347], [-118.322843, 37.417264], [-118.322903, 37.417053], [-118.322854, 37.416905], [-118.322868, 37.416852], [-118.322977, 37.416766]]}, "props": {"MTFCC": "S1400", "NAME": null}}, {"geom": {"type": "LineString", "coordinates": [[-118.304447, 37.428902], [-118.304378, 37.428856], [-118.304172, 37.428786], [-118.303933, 37.428752], [-118.303815, 37.428748], [-118.303574, 37.428762], [-118.302857, 37.428753], [-118.302593, 37.428748], [-118.302038, 37.428785], [-118.301835, 37.428767], [-118.300618, 37.428455], [-118.300475, 37.428443], [-118.30033, 37.428455], [-118.300234, 37.428476], [-118.300128, 37.428521], [-118.299871, 37.428591], [-118.299628, 37.428619], [-118.299516, 37.428652], [-118.299404, 37.428669], [-118.298999, 37.428684], [-118.298813, 37.428707], [-118.298495, 37.428778], [-118.298354, 37.428789], [-118.298213, 37.428777], [-118.298119, 37.428755], [-118.297712, 37.428615], [-118.297606, 37.428568], [-118.297469, 37.428532], [-118.297326, 37.428519], [-118.297095, 37.428537], [-118.296935, 37.428516], [-118.296724, 37.428442], [-118.29658, 37.428417], [-118.296433, 37.428416], [-118.296208, 37.428452], [-118.295854, 37.428469], [-118.295592, 37.428459], [-118.295431, 37.428472], [-118.295276, 37.428511], [-118.295003, 37.428627], [-118.294428, 37.428815], [-118.294217, 37.428918], [-118.294102, 37.428995], [-118.294012, 37.429045], [-118.293794, 37.429116], [-118.293538, 37.429183], [-118.293242, 37.42929], [-118.292736, 37.429407], [-118.29259, 37.429419], [-118.292517, 37.429416], [-118.292385, 37.429394], [-118.292288, 37.429325], [-118.292231, 37.429318], [-118.29214, 37.429319], [-118.292078, 37.429295]]}, "props": {"MTFCC": "S1400", "NAME": null}}, {"geom": {"type": "LineString", "coordinates": [[-118.502167, 37.401647], [-118.502485, 37.401535], [-118.503202, 37.401324], [-118.503529, 37.401249], [-118.50407, 37.401163], [-118.504607, 37.401114], [-118.505125, 37.401096], [-118.505971, 37.401111], [-118.506235, 37.401139], [-118.506535, 37.401194], [-118.507039, 37.401304], [-118.507471, 37.401378], [-118.507679, 37.401399], [-118.507902, 37.4014], [-118.508251, 37.401369]]}, "props": {"MTFCC": "S1400", "NAME": null}}, {"geom": {"type": "LineString", "coordinates": [[-118.42581, 37.427242], [-118.42576, 37.427293], [-118.425675, 37.427478], [-118.425485, 37.427755], [-118.425374, 37.427986], [-118.425217, 37.428172], [-118.425176, 37.428259], [-118.42511, 37.428576], [-118.425058, 37.428731], [-118.424675, 37.429453], [-118.424635, 37.429563], [-118.424566, 37.429963], [-118.424502, 37.43022], [-118.424378, 37.430674], [-118.424355, 37.430816]]}, "props": {"MTFCC": "S1400", "NAME": null}}, {"geom": {"type": "LineString", "coordinates": [[-118.432018, 37.398128], [-118.432118, 37.39806], [-118.432216, 37.398023], [-118.432324, 37.398], [-118.432425, 37.397999], [-118.432467, 37.398008], [-118.432504, 37.398055], [-118.43252, 37.398191], [-118.432558, 37.398259], [-118.432602, 37.398288], [-118.432737, 37.398323], [-118.432834, 37.398338], [-118.432933, 37.39838], [-118.432979, 37.398404], [-118.433088, 37.398422], [-118.433189, 37.398412], [-118.433346, 37.398383], [-118.433577, 37.398379], [-118.43415, 37.398335], [-118.434212, 37.398348], [-118.434277, 37.398385], [-118.434342, 37.398441], [-118.434382, 37.398453], [-118.434492, 37.398463], [-118.434554, 37.39848], [-118.434612, 37.398521], [-118.434632, 37.398555], [-118.434634, 37.398637], [-118.434597, 37.398731], [-118.434525, 37.398829], [-118.434518, 37.398858], [-118.434546, 37.39893], [-118.43461, 37.399046], [-118.434614, 37.399093], [-118.4346, 37.399123], [-118.434569, 37.399144], [-118.434486, 37.399145], [-118.434301, 37.399128], [-118.434261, 37.399136], [-118.434232, 37.399158], [-118.434205, 37.399213], [-118.434129, 37.399275], [-118.434021, 37.39934], [-118.433898, 37.39945], [-118.43386, 37.399577], [-118.433818, 37.399628], [-118.433756, 37.399661], [-118.433526, 37.399732], [-118.433497, 37.399748], [-118.433467, 37.399796], [-118.433467, 37.399899], [-118.433441, 37.399945], [-118.433383, 37.399987]]}, "props": {"MTFCC": "S1400", "NAME": null}}, {"geom": {"type": "LineString", "coordinates": [[-118.430726, 37.417048], [-118.430696, 37.417104], [-118.430672, 37.417135], [-118.43064, 37.417158], [-118.430567, 37.417179], [-118.430438, 37.417195], [-118.430379, 37.417217], [-118.43035, 37.417234], [-118.430311, 37.417288], [-118.430299, 37.417369], [-118.430297, 37.417454], [-118.43026, 37.417522], [-118.430149, 37.417616], [-118.430056, 37.417669], [-118.429974, 37.417692], [-118.429888, 37.417687]]}, "props": {"MTFCC": "S1400", "NAME": null}}, {"geom": {"type": "LineString", "coordinates": [[-118.427467, 37.422878], [-118.427082, 37.423962], [-118.4267, 37.424995], [-118.426545, 37.425401], [-118.426177, 37.426397], [-118.426094, 37.426637], [-118.425971, 37.42693], [-118.425891, 37.427059], [-118.425821, 37.427156], [-118.42581, 37.427242]]}, "props": {"MTFCC": "S1400", "NAME": null}}, {"geom": {"type": "LineString", "coordinates": [[-118.190522, 37.415758], [-118.190907, 37.415863], [-118.191183, 37.415973], [-118.191331, 37.416023]]}, "props": {"MTFCC": "S1400", "NAME": null}}, {"geom": {"type": "LineString", "coordinates": [[-118.521028, 37.404546], [-118.521015, 37.404502], [-118.520932, 37.404447], [-118.520883, 37.404414], [-118.520835, 37.404381], [-118.520786, 37.404348], [-118.520737, 37.404312], [-118.520686, 37.404274], [-118.520632, 37.404232], [-118.520574, 37.404188], [-118.520517, 37.404145], [-118.520455, 37.404098], [-118.520249, 37.403925], [-118.520179, 37.403863], [-118.520115, 37.403808], [-118.520051, 37.403752], [-118.519846, 37.403572], [-118.519765, 37.403505], [-118.519685, 37.403438], [-118.519438, 37.403232], [-118.519352, 37.403156], [-118.51926, 37.403078], [-118.518898, 37.402769], [-118.518712, 37.402616], [-118.518522, 37.402456], [-118.518331, 37.402298], [-118.518139, 37.40214], [-118.517853, 37.401907], [-118.517758, 37.40183], [-118.517479, 37.4016], [-118.517384, 37.401522], [-118.517104, 37.40129], [-118.517011, 37.401213], [-118.516732, 37.400983], [-118.51664, 37.400907], [-118.516283, 37.400609], [-118.516107, 37.400459], [-118.51593, 37.400306], [-118.515676, 37.400083], [-118.515594, 37.400015], [-118.515542, 37.399975], [-118.515511, 37.399952], [-118.515264, 37.399796], [-118.515197, 37.399743], [-118.515142, 37.399691], [-118.515091, 37.399637], [-118.514933, 37.399496], [-118.514871, 37.39946], [-118.514803, 37.399429], [-118.514728, 37.399402], [-118.514644, 37.399376], [-118.514366, 37.399335], [-118.514273, 37.399339], [-118.514195, 37.399348], [-118.514034, 37.399384], [-118.513973, 37.399404], [-118.513907, 37.399429], [-118.513841, 37.399458], [-118.513775, 37.399489], [-118.513712, 37.39952], [-118.513461, 37.399663], [-118.513397, 37.399699], [-118.513333, 37.399732], [-118.513262, 37.399763], [-118.512978, 37.399908], [-118.512918, 37.399937], [-118.512863, 37.399967], [-118.512815, 37.399997], [-118.512667, 37.400065]]}, "props": {"MTFCC": "S1400", "NAME": null}}, {"geom": {"type": "LineString", "coordinates": [[-118.508251, 37.401369], [-118.508195, 37.4013], [-118.50813, 37.401264], [-118.508069, 37.401237], [-118.508012, 37.401204], [-118.507961, 37.40116], [-118.507912, 37.401113], [-118.507855, 37.401055], [-118.507787, 37.400996], [-118.507717, 37.400947], [-118.507639, 37.400902], [-118.507591, 37.400877], [-118.507542, 37.400854], [-118.507445, 37.400811], [-118.507348, 37.400773], [-118.507248, 37.400743], [-118.507147, 37.400715], [-118.507042, 37.400682], [-118.50699, 37.400662], [-118.506937, 37.40064], [-118.506882, 37.400616], [-118.506824, 37.400594], [-118.506766, 37.400572], [-118.506709, 37.400551], [-118.506652, 37.400529], [-118.506594, 37.400509], [-118.506535, 37.400489], [-118.506475, 37.40047], [-118.506416, 37.400451], [-118.506359, 37.400431], [-118.506305, 37.400411], [-118.506252, 37.40039], [-118.506201, 37.400369], [-118.5061, 37.400325], [-118.50605, 37.400301], [-118.506001, 37.400277], [-118.50595, 37.400251], [-118.505897, 37.400226], [-118.505791, 37.400181], [-118.50569, 37.400144], [-118.505597, 37.400102], [-118.505511, 37.400054], [-118.505425, 37.400002], [-118.505334, 37.399953], [-118.505247, 37.399904], [-118.50517, 37.399853], [-118.505098, 37.399797], [-118.505025, 37.399736], [-118.504948, 37.399676], [-118.504824, 37.399606], [-118.504734, 37.399573], [-118.504647, 37.399544], [-118.504566, 37.399513], [-118.504493, 37.399484], [-118.504381, 37.399467], [-118.504295, 37.399473], [-118.504196, 37.399461], [-118.504108, 37.399441], [-118.504025, 37.39942], [-118.50394, 37.399402], [-118.503849, 37.399383], [-118.503756, 37.399356], [-118.503674, 37.399324], [-118.503596, 37.399293], [-118.503516, 37.399265], [-118.503431, 37.399244], [-118.50335, 37.39923], [-118.503315, 37.399225]]}, "props": {"MTFCC": "S1400", "NAME": null}}, {"geom": {"type": "LineString", "coordinates": [[-118.393408, 37.371401], [-118.39338, 37.370598], [-118.392703, 37.370606], [-118.392715, 37.371408], [-118.392698, 37.371484], [-118.392701, 37.37153], [-118.3927, 37.371586], [-118.392696, 37.371632], [-118.392695, 37.371687], [-118.392693, 37.371733], [-118.392694, 37.371787], [-118.392694, 37.371841], [-118.392694, 37.371893], [-118.392695, 37.371964], [-118.392695, 37.37201], [-118.392697, 37.372061], [-118.392694, 37.372107], [-118.39269, 37.372164], [-118.392687, 37.372214]]}, "props": {"MTFCC": "S1400", "NAME": null}}, {"geom": {"type": "LineString", "coordinates": [[-118.315073, 37.368801], [-118.314648, 37.3687], [-118.314414, 37.368671], [-118.314041, 37.36866], [-118.313568, 37.368681], [-118.313481, 37.368669], [-118.313364, 37.368634]]}, "props": {"MTFCC": "S1400", "NAME": null}}, {"geom": {"type": "LineString", "coordinates": [[-118.371, 37.381926], [-118.370943, 37.381976], [-118.370922, 37.382016], [-118.370881, 37.382225], [-118.370826, 37.382311], [-118.37074, 37.382379], [-118.370361, 37.38255], [-118.37016, 37.382674], [-118.370104, 37.382696], [-118.369977, 37.382726], [-118.369929, 37.382761], [-118.369874, 37.382812], [-118.369807, 37.382836], [-118.369034, 37.382836], [-118.36895, 37.382841]]}, "props": {"MTFCC": "S1400", "NAME": null}}, {"geom": {"type": "LineString", "coordinates": [[-118.3754, 37.384289], [-118.375452, 37.384238], [-118.37552, 37.384094], [-118.375565, 37.384044], [-118.375839, 37.383866], [-118.375912, 37.383847], [-118.376024, 37.38386], [-118.376119, 37.383899], [-118.376194, 37.383959], [-118.376234, 37.384017], [-118.37638, 37.384277], [-118.376506, 37.384415], [-118.376575, 37.384476]]}, "props": {"MTFCC": "S1400", "NAME": null}}, {"geom": {"type": "LineString", "coordinates": [[-118.551872, 37.390624], [-118.552015, 37.390634], [-118.552108, 37.390614], [-118.552189, 37.390572], [-118.552219, 37.390548], [-118.552393, 37.390308], [-118.55244, 37.390258], [-118.552595, 37.390142], [-118.552682, 37.390044], [-118.552768, 37.389915], [-118.552897, 37.389693], [-118.553125, 37.389368]]}, "props": {"MTFCC": "S1400", "NAME": null}}, {"geom": {"type": "LineString", "coordinates": [[-118.551479, 37.389783], [-118.551855, 37.389574], [-118.551956, 37.389548], [-118.551991, 37.389548], [-118.552052, 37.389575], [-118.552076, 37.389597], [-118.552102, 37.389661], [-118.552098, 37.389698], [-118.552054, 37.389757], [-118.551699, 37.390016]]}, "props": {"MTFCC": "S1400", "NAME": null}}, {"geom": {"type": "LineString", "coordinates": [[-117.98587531838565, 37.3641], [-117.98552, 37.364313], [-117.985319, 37.364447], [-117.984803, 37.364823], [-117.984504, 37.365104], [-117.984336, 37.365289], [-117.984147, 37.365555], [-117.983857, 37.366083], [-117.983801, 37.366217], [-117.983551, 37.366814], [-117.983394, 37.367122], [-117.983326, 37.367219], [-117.982978, 37.367642], [-117.982617, 37.368037], [-117.981795, 37.368886], [-117.981514, 37.369114], [-117.981451, 37.369157], [-117.981422, 37.369222], [-117.981429, 37.369283], [-117.98145, 37.369319], [-117.981632, 37.369441], [-117.981661, 37.369511], [-117.981668, 37.369554], [-117.981641, 37.369682], [-117.981484, 37.369967], [-117.981427, 37.370095]]}, "props": {"MTFCC": "S1400", "NAME": null}}, {"geom": {"type": "LineString", "coordinates": [[-117.787502, 37.425467], [-117.787748, 37.425635], [-117.788063, 37.425797], [-117.788425, 37.42589], [-117.788595, 37.4259], [-117.788832, 37.425899], [-117.788933, 37.425891], [-117.789172, 37.425905], [-117.78929, 37.425943], [-117.78939, 37.42601], [-117.789486, 37.426059], [-117.789538, 37.426068], [-117.789574, 37.4261], [-117.789593, 37.426141], [-117.789698, 37.426159], [-117.789881, 37.426286], [-117.790026, 37.426412], [-117.790175, 37.426527], [-117.790356, 37.426643], [-117.790489, 37.426711], [-117.790595, 37.426809], [-117.790807, 37.426962], [-117.790945, 37.427022], [-117.791077, 37.427097], [-117.791216, 37.427149], [-117.791317, 37.427198], [-117.791562, 37.427258], [-117.791795, 37.42739], [-117.79196, 37.42751], [-117.792391, 37.427774], [-117.792708, 37.427869], [-117.792832, 37.427954], [-117.793134, 37.428291], [-117.793341, 37.428558], [-117.793416, 37.428614], [-117.79351, 37.428669], [-117.793585, 37.428735], [-117.79362, 37.42881], [-117.793624, 37.428888], [-117.79359, 37.428976], [-117.793482, 37.429099], [-117.793459, 37.429163], [-117.79347, 37.42925], [-117.793507, 37.429309], [-117.79365, 37.429508], [-117.79372, 37.42958], [-117.793897, 37.429963], [-117.79401, 37.430229], [-117.794085, 37.430335], [-117.794186, 37.430427], [-117.794263, 37.430476], [-117.794559, 37.430716], [-117.794869, 37.431042], [-117.795073, 37.431196], [-117.795173, 37.431228], [-117.795257, 37.431282], [-117.795316, 37.431356], [-117.795341, 37.431422], [-117.795404, 37.431693], [-117.795548, 37.431923], [-117.795534, 37.432023], [-117.795546, 37.432124], [-117.795585, 37.432221], [-117.795647, 37.43231], [-117.795731, 37.432386], [-117.795834, 37.432447], [-117.79595, 37.432489], [-117.796233, 37.432537], [-117.796395, 37.432596], [-117.79649, 37.432648], [-117.796589, 37.432691], [-117.796755, 37.432791], [-117.797195, 37.433098], [-117.797319, 37.433195], [-117.797429, 37.433298], [-117.79748, 37.433356], [-117.797614, 37.43345], [-117.797808, 37.433531], [-117.797893, 37.43358], [-117.797989, 37.433663], [-117.798102, 37.433825], [-117.798157, 37.433892], [-117.798234, 37.434049], [-117.798249, 37.434096], [-117.798273, 37.434132], [-117.798384, 37.434217], [-117.798517, 37.434363], [-117.798744, 37.434591], [-117.798874, 37.434678], [-117.799016, 37.434747], [-117.799276, 37.434855], [-117.799384, 37.434916], [-117.799622, 37.435079], [-117.799742, 37.435202], [-117.799927, 37.435504], [-117.800051, 37.435844], [-117.800098, 37.436108], [-117.800136, 37.436249], [-117.80026, 37.436503], [-117.800281, 37.436632], [-117.800288, 37.437185], [-117.800268, 37.437397], [-117.800202, 37.437518], [-117.800147, 37.437597], [-117.800097, 37.437716], [-117.800079, 37.437841], [-117.800094, 37.437966], [-117.800142, 37.438086], [-117.800258, 37.438247], [-117.800293, 37.438338], [-117.800305, 37.438432], [-117.800291, 37.438526], [-117.800253, 37.438617], [-117.800199, 37.438707], [-117.800168, 37.438816], [-117.800167, 37.438928], [-117.800195, 37.439039], [-117.800364, 37.439357], [-117.800423, 37.439491], [-117.800436, 37.439597], [-117.800421, 37.439703], [-117.800375, 37.439848], [-117.800318, 37.439916], [-117.800238, 37.439967], [-117.799956, 37.440055], [-117.799746, 37.440152], [-117.799679, 37.440192]]}, "props": {"MTFCC": "S1400", "NAME": null}}, {"geom": {"type": "LineString", "coordinates": [[-117.816431, 37.419852], [-117.816603, 37.419871], [-117.816816, 37.419905], [-117.817188, 37.41995], [-117.817313, 37.419972], [-117.817542, 37.419994], [-117.817979, 37.419984], [-117.818627, 37.419921], [-117.81878, 37.419922], [-117.818933, 37.419943], [-117.819931, 37.420139], [-117.820432, 37.420259], [-117.820753, 37.420303], [-117.820971, 37.420323], [-117.821177, 37.420367], [-117.821426, 37.42044], [-117.821647, 37.420482], [-117.821973, 37.420522], [-117.822117, 37.420569], [-117.82241, 37.420714], [-117.822656, 37.420868], [-117.822872, 37.420972], [-117.823101, 37.421064], [-117.824149, 37.421533], [-117.824646, 37.421715], [-117.824785, 37.421774], [-117.82504, 37.42191], [-117.825187, 37.421976], [-117.825526, 37.422107], [-117.825814, 37.422195], [-117.826268, 37.422312], [-117.826399, 37.422379], [-117.826802, 37.422641], [-117.826965, 37.422732], [-117.827218, 37.422822], [-117.827659, 37.422968], [-117.828277, 37.423187], [-117.8288, 37.423331], [-117.828942, 37.423381], [-117.829456, 37.423619], [-117.829625, 37.423676], [-117.829918, 37.423756], [-117.830121, 37.42382], [-117.830335, 37.423906], [-117.830574, 37.423993], [-117.830923, 37.424085], [-117.831182, 37.42418], [-117.831598, 37.424364], [-117.831905, 37.424475], [-117.832592, 37.424661], [-117.83293, 37.424725], [-117.83321, 37.424751], [-117.833582, 37.424771], [-117.833813, 37.424742], [-117.834029, 37.424709], [-117.834281, 37.42467], [-117.834596, 37.424632], [-117.835102, 37.424532], [-117.835852, 37.424414], [-117.836191, 37.42434], [-117.836651, 37.424296], [-117.837195, 37.424215], [-117.837664, 37.424137], [-117.838419, 37.424032], [-117.838822, 37.423903], [-117.83934, 37.423776], [-117.83953, 37.423714], [-117.839655, 37.423682]]}, "props": {"MTFCC": "S1400", "NAME": null}}], "source": "https://www2.census.gov/geo/tiger/TIGER2024/ROADS/tl_2024_06027_roads.zip", "county_fips": "06027"}