{"type": "FeatureCollection", "features": [{"geom": {"type": "LineString", "coordinates": [[-120.0024, 38.93134348685404], [-120.001773, 38.931709], [-120.001196, 38.932043], [-120.001019, 38.932152], [-120.000938, 38.932211], [-120.000801, 38.932343], [-120.000744, 38.932416], [-120.000693, 38.932493], [-120.000656, 38.93256], [-120.000649, 38.932574], [-120.000613, 38.932659], [-120.000584, 38.932746], [-120.000563, 38.932835], [-120.000553, 38.932983], [-120.000563, 38.933433], [-120.000582, 38.933564], [-120.000616, 38.93368], [-120.000663, 38.933788]]}, "props": {"MTFCC": "S1400", "NAME": null}}, {"geom": {"type": "LineString", "coordinates": [[-119.999374, 38.789574], [-119.999612, 38.789651], [-119.999684, 38.789678], [-119.999794, 38.789735], [-119.999924, 38.789827], [-120.000016, 38.789939], [-120.000093, 38.789988], [-120.000128, 38.790004], [-120.000159, 38.790031], [-120.000179, 38.79006], [-120.000198, 38.790112], [-120.000209, 38.790148], [-120.000203, 38.790192], [-120.000177, 38.790252], [-120.000158, 38.790298], [-120.000105, 38.790364], [-120.000021, 38.790459], [-119.999952, 38.790515], [-119.999891, 38.790576], [-119.999847, 38.790639], [-119.999793, 38.790705], [-119.999767, 38.790744], [-119.999741, 38.790795], [-119.999732, 38.790857], [-119.999735, 38.790901], [-119.999789, 38.791077], [-119.99988, 38.791332], [-119.999907, 38.791386], [-119.99993, 38.791419], [-120.000018, 38.791506], [-120.000049, 38.791541], [-120.000114, 38.791599], [-120.000178, 38.791666], [-120.000259, 38.791728], [-120.000382, 38.791865], [-120.000428, 38.791933], [-120.000463, 38.792028], [-120.000484, 38.792191], [-120.000479, 38.792314], [-120.000478, 38.792393], [-120.000448, 38.792495], [-120.000451, 38.792701], [-120.000459, 38.79278], [-120.000496, 38.792888], [-120.000566, 38.793214], [-120.000603, 38.793311], [-120.000682, 38.793514], [-120.000728, 38.793667], [-120.000821, 38.793917], [-120.00085, 38.793957], [-120.000884, 38.793991], [-120.001008, 38.794098], [-120.001075, 38.794144], [-120.001125, 38.794194], [-120.001167, 38.794243], [-120.001203, 38.794268], [-120.001322, 38.794336], [-120.001369, 38.794357], [-120.001469, 38.79441], [-120.00152, 38.794434], [-120.001566, 38.794461], [-120.001615, 38.794484], [-120.002014, 38.794641], [-120.002248, 38.794743], [-120.002332, 38.794784], [-120.0024, 38.794824799999994]]}, "props": {"MTFCC": "S1400", "NAME": null}}, {"geom": {"type": "LineString", "coordinates": [[-119.968665, 38.928824], [-119.968976, 38.928589]]}, "props": {"MTFCC": "S1400", "NAME": null}}, {"geom": {"type": "LineString", "coordinates": [[-119.982082, 38.933484], [-119.982082, 38.933548], [-119.982089, 38.933589], [-119.982096, 38.933631], [-119.982155, 38.933902], [-119.982163, 38.933937], [-119.982172, 38.934007], [-119.982187, 38.934114], [-119.982193, 38.934193], [-119.982209, 38.934389], [-119.982232, 38.934493], [-119.98227, 38.934751], [-119.982298, 38.934937], [-119.982328, 38.935095], [-119.982418, 38.935571], [-119.982441, 38.935691], [-119.982442, 38.935731], [-119.982471, 38.935883], [-119.98249, 38.935977], [-119.982525, 38.936209], [-119.982546, 38.936342], [-119.982572, 38.936496], [-119.982597, 38.936648], [-119.98263, 38.936843], [-119.982655, 38.937108], [-119.982661, 38.937166], [-119.982676, 38.937262], [-119.982702, 38.937408], [-119.982722, 38.937517], [-119.98279, 38.937848], [-119.982803, 38.937909], [-119.982812, 38.937996], [-119.98283, 38.938154], [-119.982887, 38.938628], [-119.982899, 38.938728], [-119.98291, 38.938786], [-119.98293, 38.938936], [-119.98295, 38.939073], [-119.982977, 38.939195], [-119.982986, 38.939269], [-119.983014, 38.939384], [-119.983051, 38.939532], [-119.983077, 38.939683], [-119.983091, 38.939762], [-119.983115, 38.940042], [-119.983129, 38.940136], [-119.983159, 38.940292], [-119.98316, 38.940346], [-119.983172, 38.94044], [-119.983176, 38.940468], [-119.983215, 38.940601], [-119.983228, 38.940747], [-119.983248, 38.94088], [-119.983263, 38.940975], [-119.983273, 38.941028], [-119.983286, 38.941165], [-119.983325, 38.941546], [-119.98333, 38.941578], [-119.983352, 38.941715], [-119.983366, 38.941828], [-119.983375, 38.941893], [-119.983421, 38.942166], [-119.98344, 38.942279], [-119.983442, 38.942291], [-119.983448, 38.942329], [-119.983451, 38.942342], [-119.983479, 38.942479], [-119.983557, 38.942862], [-119.983559, 38.942893], [-119.983565, 38.942945], [-119.983574, 38.942981], [-119.983579, 38.943032], [-119.983582, 38.943057], [-119.983582, 38.943103], [-119.98359, 38.943169], [-119.983592, 38.943181], [-119.983607, 38.943253], [-119.983642, 38.94358], [-119.983657, 38.943718], [-119.983665, 38.943783], [-119.983672, 38.943838], [-119.983715, 38.943973], [-119.983735, 38.944036], [-119.983802, 38.94415], [-119.983851, 38.944189], [-119.98388, 38.944202], [-119.983937, 38.944212], [-119.984092, 38.944211], [-119.984151, 38.944216], [-119.984439, 38.944187], [-119.984495, 38.94419], [-119.984552, 38.944184], [-119.98463, 38.944184], [-119.984953, 38.944137], [-119.984983, 38.944137], [-119.985204, 38.944105], [-119.985296, 38.9441], [-119.98545, 38.94411], [-119.985602, 38.944106], [-119.98589, 38.944078], [-119.985935, 38.944075], [-119.986029, 38.944079], [-119.98621, 38.944064], [-119.986483, 38.944035], [-119.986669, 38.944015], [-119.986758, 38.944006], [-119.986785, 38.943997], [-119.986811, 38.943981], [-119.986834, 38.943961], [-119.986852, 38.943936], [-119.986866, 38.943907], [-119.986879, 38.943839], [-119.986884, 38.94381], [-119.986887, 38.94378], [-119.98686, 38.943521], [-119.986845, 38.943408]]}, "props": {"MTFCC": "S1400", "NAME": null}}, {"geom": {"type": "LineString", "coordinates": [[-119.946273, 38.933329], [-119.946371, 38.933413], [-119.946665, 38.933665], [-119.946763, 38.93375], [-119.946833, 38.933845], [-119.946876, 38.933904], [-119.947004, 38.934087], [-119.947041, 38.934135], [-119.947078, 38.934183], [-119.947116, 38.934229], [-119.947169, 38.934307], [-119.947286, 38.93448], [-119.947332, 38.934542], [-119.94739, 38.934619], [-119.947525, 38.934821], [-119.947554, 38.934864], [-119.947615, 38.934945], [-119.947676, 38.935014], [-119.947733, 38.935094], [-119.947844, 38.935267], [-119.947944, 38.935421], [-119.947962, 38.935448], [-119.948088, 38.935619], [-119.948137, 38.935685], [-119.948284, 38.935886], [-119.948334, 38.935953], [-119.948392, 38.936029], [-119.948569, 38.936261], [-119.948628, 38.936338], [-119.948693, 38.936424], [-119.948744, 38.936494], [-119.949092, 38.936964], [-119.949211, 38.93712], [-119.949255, 38.937178], [-119.949266, 38.937194], [-119.949432, 38.937417], [-119.949488, 38.937492], [-119.94982, 38.937968], [-119.949903, 38.938081], [-119.950282, 38.938602], [-119.950839, 38.939379], [-119.951025, 38.939627], [-119.951176, 38.939831], [-119.951605, 38.940412], [-119.951719, 38.940557], [-119.951756, 38.940604], [-119.951852, 38.940745], [-119.95193, 38.940842], [-119.952049, 38.941004], [-119.95216, 38.941154], [-119.952305, 38.941353], [-119.952741, 38.941952], [-119.952887, 38.942152], [-119.953123, 38.942474], [-119.953431, 38.942898], [-119.953468, 38.942948], [-119.953498, 38.942991], [-119.953519, 38.943021], [-119.953533, 38.94304], [-119.953545, 38.94305], [-119.953583, 38.943106], [-119.953601, 38.943131], [-119.953695, 38.943263], [-119.953966, 38.943633], [-119.954155, 38.943903], [-119.954242, 38.944007], [-119.954417, 38.94423], [-119.954475, 38.944306], [-119.954504, 38.944347], [-119.95466, 38.944566], [-119.954761, 38.944703], [-119.954848, 38.944822], [-119.955177, 38.945286], [-119.955282, 38.94542], [-119.955438, 38.945641], [-119.955602, 38.945842], [-119.955729, 38.94601], [-119.955769, 38.946061], [-119.955817, 38.946132], [-119.955846, 38.946174], [-119.956084, 38.946499], [-119.956174, 38.946621], [-119.95626, 38.946738], [-119.95652, 38.947092], [-119.956539, 38.947117], [-119.956602, 38.947214], [-119.956677, 38.947316], [-119.956887, 38.947599], [-119.956904, 38.947623], [-119.956979, 38.947727], [-119.957098, 38.947893], [-119.957455, 38.948391], [-119.957574, 38.948558], [-119.957702, 38.94874], [-119.958029, 38.949204], [-119.958091, 38.949288], [-119.958224, 38.949469], [-119.958329, 38.949634], [-119.958646, 38.950132], [-119.958752, 38.950298]]}, "props": {"MTFCC": "S1400", "NAME": null}}, {"geom": {"type": "LineString", "coordinates": [[-119.960699, 38.946735], [-119.960486, 38.946743], [-119.960351, 38.946741], [-119.959776, 38.946737], [-119.959467, 38.946735], [-119.959324, 38.946724], [-119.959307, 38.946723], [-119.95919, 38.946723], [-119.959098, 38.946733], [-119.95896, 38.946735]]}, "props": {"MTFCC": "S1400", "NAME": null}}, {"geom": {"type": "LineString", "coordinates": [[-119.943927, 38.947948], [-119.944083, 38.947732], [-119.944162, 38.947651], [-119.944268, 38.947546], [-119.944493, 38.947294], [-119.94463, 38.947189], [-119.944676, 38.947165], [-119.944718, 38.947155], [-119.944778, 38.947149], [-119.945101, 38.947148], [-119.94517, 38.947148], [-119.945251, 38.947142], [-119.945481, 38.947137], [-119.945655, 38.947138], [-119.945758, 38.947139], [-119.94602, 38.947143], [-119.946043, 38.947147], [-119.946179, 38.947149], [-119.946253, 38.947151], [-119.946354, 38.947153], [-119.946398, 38.947154], [-119.94652, 38.947147], [-119.946542, 38.947147], [-119.946697, 38.94715], [-119.946918, 38.947146], [-119.947106, 38.947151], [-119.947295, 38.947156], [-119.947483, 38.94716], [-119.947582, 38.947163], [-119.947659, 38.94716], [-119.948047, 38.947167], [-119.948096, 38.947168], [-119.948235, 38.947163], [-119.948277, 38.947163], [-119.948328, 38.94717], [-119.948395, 38.947171], [-119.948414, 38.947175], [-119.948512, 38.947196], [-119.948593, 38.947227], [-119.948915, 38.947331], [-119.948931, 38.947337], [-119.949015, 38.947369], [-119.949098, 38.947406]]}, "props": {"MTFCC": "S1400", "NAME": null}}, {"geom": {"type": "LineString", "coordinates": [[-119.981342, 38.88898], [-119.981454, 38.889101], [-119.981499, 38.88915], [-119.98173, 38.889366], [-119.981818, 38.889439], [-119.981861, 38.889474], [-119.981896, 38.889509], [-119.981932, 38.889559], [-119.982002, 38.88973], [-119.982006, 38.889836], [-119.982015, 38.889909], [-119.982021, 38.88995], [-119.982014, 38.890225], [-119.982014, 38.890534], [-119.982005, 38.890788], [-119.982007, 38.891004], [-119.982011, 38.89137], [-119.982013, 38.891445], [-119.98201, 38.891613], [-119.98201, 38.891706], [-119.98201, 38.891791], [-119.982005, 38.891878], [-119.982002, 38.89233], [-119.982007, 38.892403], [-119.982, 38.89247], [-119.981987, 38.892533], [-119.981981, 38.892593], [-119.981964, 38.892647], [-119.981937, 38.892703], [-119.981915, 38.892753], [-119.981848, 38.892851], [-119.981748, 38.89298], [-119.981633, 38.893137], [-119.981536, 38.893271], [-119.98146, 38.893398], [-119.981396, 38.89353], [-119.981367, 38.893649], [-119.981364, 38.893666], [-119.981342, 38.893733], [-119.981314, 38.893836], [-119.981292, 38.893897], [-119.981263, 38.893978], [-119.981237, 38.894064], [-119.98123, 38.894081], [-119.981207, 38.894142]]}, "props": {"MTFCC": "S1400", "NAME": null}}, {"geom": {"type": "LineString", "coordinates": [[-119.988707, 38.886094], [-119.988666, 38.886194], [-119.988543, 38.886494], [-119.988536, 38.886512], [-119.988508, 38.886597], [-119.988464, 38.886699], [-119.988404, 38.886839], [-119.988375, 38.88691], [-119.98832, 38.887026], [-119.988223, 38.887273], [-119.98813, 38.887491], [-119.988095, 38.887569], [-119.987989, 38.887811], [-119.987935, 38.887941], [-119.987849, 38.888162], [-119.987729, 38.888472], [-119.987482, 38.889086], [-119.987433, 38.889179], [-119.987418, 38.889212], [-119.987359, 38.889346], [-119.987323, 38.889444], [-119.987271, 38.889561], [-119.987209, 38.889709], [-119.987141, 38.889855], [-119.987054, 38.890048], [-119.987003, 38.890189], [-119.986987, 38.890217], [-119.986951, 38.890325], [-119.986936, 38.890415], [-119.986935, 38.890476], [-119.986935, 38.890533], [-119.986929, 38.890576], [-119.986932, 38.892284], [-119.986942, 38.892513], [-119.986949, 38.892581], [-119.986975, 38.892698], [-119.987044, 38.892797], [-119.987157, 38.892918], [-119.987316, 38.893048], [-119.987372, 38.893102], [-119.987479, 38.893207], [-119.987605, 38.893332], [-119.987649, 38.893366], [-119.987883, 38.893611], [-119.987948, 38.893709], [-119.987971, 38.893763], [-119.987984, 38.893819], [-119.987989, 38.893868], [-119.987991, 38.893955], [-119.98798, 38.893994]]}, "props": {"MTFCC": "S1400", "NAME": null}}, {"geom": {"type": "LineString", "coordinates": [[-119.986611, 38.885668], [-119.986625, 38.885891], [-119.986625, 38.886101], [-119.986627, 38.886477], [-119.986619, 38.886515], [-119.986607, 38.886637], [-119.986596, 38.886678], [-119.986581, 38.88671], [-119.986555, 38.886748], [-119.986507, 38.886787], [-119.986072, 38.887039], [-119.986001, 38.887067], [-119.985967, 38.887081], [-119.985898, 38.887098], [-119.985824, 38.887105], [-119.985573, 38.887106], [-119.985404, 38.887114], [-119.985355, 38.887118], [-119.985174, 38.887134], [-119.9851, 38.887147], [-119.984953, 38.887189], [-119.984884, 38.887206], [-119.984713, 38.887233], [-119.984669, 38.887241], [-119.984496, 38.887251], [-119.984432, 38.887255], [-119.984279, 38.887254], [-119.983803, 38.887251], [-119.983702, 38.88726], [-119.983628, 38.887261], [-119.983411, 38.887266], [-119.983019, 38.887275], [-119.982745, 38.887283], [-119.98256, 38.887313], [-119.982491, 38.887332], [-119.982456, 38.887349], [-119.98196, 38.887691], [-119.98195, 38.887699], [-119.981902, 38.887728], [-119.981771, 38.887819], [-119.981636, 38.887911], [-119.981551, 38.887967], [-119.981437, 38.888047], [-119.981239, 38.888188], [-119.981052, 38.888303], [-119.980949, 38.888355], [-119.980883, 38.888378], [-119.980812, 38.888394], [-119.98078, 38.888402], [-119.980575, 38.888432]]}, "props": {"MTFCC": "S1400", "NAME": null}}, {"geom": {"type": "LineString", "coordinates": [[-119.987654, 38.88547], [-119.987648, 38.885628], [-119.98765, 38.885686], [-119.987653, 38.885751], [-119.987645, 38.885912], [-119.987648, 38.886061], [-119.987655, 38.886154], [-119.987644, 38.886334], [-119.987643, 38.886364], [-119.987637, 38.886401], [-119.987606, 38.88651], [-119.987589, 38.886542]]}, "props": {"MTFCC": "S1400", "NAME": null}}, {"geom": {"type": "LineString", "coordinates": [[-119.942169, 38.935238], [-119.942276, 38.935367], [-119.942305, 38.935407], [-119.942561, 38.935768], [-119.942655, 38.935879], [-119.942677, 38.935922], [-119.942687, 38.935936], [-119.942818, 38.936111], [-119.94287, 38.936194], [-119.943117, 38.936507], [-119.943275, 38.936706], [-119.943335, 38.936792], [-119.943593, 38.937156], [-119.943676, 38.937259], [-119.943811, 38.937471], [-119.943995, 38.937711], [-119.944193, 38.937969], [-119.944286, 38.938115], [-119.944324, 38.938174], [-119.9444, 38.938278], [-119.944533, 38.938459], [-119.944606, 38.938554], [-119.944726, 38.938726], [-119.944747, 38.938768], [-119.94477, 38.938815], [-119.944823, 38.938894], [-119.944858, 38.938934], [-119.944886, 38.938965], [-119.944928, 38.939021], [-119.945082, 38.939221], [-119.94514, 38.939282], [-119.945206, 38.939374], [-119.945277, 38.939458], [-119.945457, 38.939672], [-119.945484, 38.939719], [-119.945498, 38.939742], [-119.945548, 38.93981], [-119.945663, 38.939968], [-119.945768, 38.940112], [-119.945909, 38.940295], [-119.946016, 38.94044], [-119.946133, 38.940598], [-119.946181, 38.940664], [-119.946258, 38.940769], [-119.946323, 38.940865], [-119.946369, 38.940933], [-119.946396, 38.940973], [-119.946422, 38.940998], [-119.946437, 38.941018], [-119.946527, 38.941141], [-119.946579, 38.941203], [-119.946635, 38.941281], [-119.9467, 38.941371], [-119.946766, 38.941465], [-119.946964, 38.941749], [-119.947031, 38.941844], [-119.947103, 38.941945], [-119.947169, 38.942015], [-119.947215, 38.942082], [-119.947301, 38.942226], [-119.94732, 38.942248], [-119.947352, 38.942285], [-119.947382, 38.942307], [-119.947417, 38.942324], [-119.947881, 38.942983], [-119.948297, 38.943574], [-119.94835, 38.943656], [-119.948404, 38.943751], [-119.948474, 38.943844], [-119.948494, 38.943862], [-119.948522, 38.943901], [-119.948547, 38.943935], [-119.948651, 38.944058], [-119.9487, 38.944134], [-119.948791, 38.944257], [-119.94896, 38.944508], [-119.949097, 38.944676], [-119.949159, 38.944769], [-119.949232, 38.944865], [-119.949476, 38.945182], [-119.949538, 38.945262], [-119.949662, 38.945436], [-119.949819, 38.945642], [-119.949902, 38.945719]]}, "props": {"MTFCC": "S1400", "NAME": null}}, {"geom": {"type": "LineString", "coordinates": [[-119.957812, 38.950976], [-119.957771, 38.950923], [-119.957728, 38.950885], [-119.957686, 38.950857], [-119.957656, 38.950848], [-119.957632, 38.95084], [-119.957595, 38.950837], [-119.957573, 38.950836], [-119.957465, 38.950838], [-119.957435, 38.950844], [-119.957413, 38.950852], [-119.957356, 38.950876], [-119.957283, 38.950911], [-119.957237, 38.950943], [-119.957201, 38.950983], [-119.957155, 38.951059], [-119.957106, 38.95113], [-119.957057, 38.951179], [-119.957041, 38.951196], [-119.956898, 38.951351], [-119.956799, 38.95144], [-119.956704, 38.951501], [-119.956499, 38.951597], [-119.956392, 38.951652], [-119.956336, 38.951691], [-119.956215, 38.9518], [-119.956032, 38.951966], [-119.955848, 38.952135], [-119.955699, 38.952246], [-119.955634, 38.952294], [-119.955604, 38.952322], [-119.955259, 38.952719], [-119.955163, 38.952812], [-119.955095, 38.952868], [-119.954955, 38.952986], [-119.95447, 38.953388], [-119.954216, 38.953596], [-119.954025, 38.953754], [-119.953948, 38.95382], [-119.953903, 38.953858], [-119.953765, 38.953983], [-119.953434, 38.954274], [-119.953107, 38.954553], [-119.953087, 38.954571], [-119.953035, 38.954621], [-119.952683, 38.954905], [-119.952619, 38.954959], [-119.952569, 38.954996], [-119.952533, 38.955029], [-119.952449, 38.955118], [-119.952315, 38.955269], [-119.952059, 38.955508], [-119.951991, 38.955573], [-119.951602, 38.955922], [-119.951429, 38.956116], [-119.951229, 38.95638], [-119.951131, 38.956476], [-119.950956, 38.956641], [-119.950915, 38.956697], [-119.950897, 38.956723], [-119.950695, 38.957109], [-119.950654, 38.957184]]}, "props": {"MTFCC": "S1400", "NAME": null}}, {"geom": {"type": "LineString", "coordinates": [[-119.997809, 38.864919], [-119.997727, 38.864862], [-119.997671, 38.864816], [-119.997579, 38.864763], [-119.997478, 38.864718], [-119.997411, 38.8647], [-119.997328, 38.864691], [-119.997215, 38.864687], [-119.9972, 38.864687], [-119.997052, 38.864688], [-119.996906, 38.864694], [-119.996848, 38.864693], [-119.996667, 38.864693], [-119.996236, 38.864699], [-119.996032, 38.864702], [-119.995822, 38.864704], [-119.995329, 38.864712], [-119.995195, 38.864709], [-119.995084, 38.864708], [-119.994986, 38.864702], [-119.994885, 38.8647], [-119.994824, 38.8647], [-119.994649, 38.864711], [-119.994587, 38.864726], [-119.994491, 38.864754], [-119.994391, 38.864783], [-119.994288, 38.864803], [-119.994182, 38.864847], [-119.99412, 38.864891], [-119.994063, 38.864928], [-119.993919, 38.86506], [-119.993845, 38.865115], [-119.993665, 38.865235], [-119.99355, 38.865335], [-119.993461, 38.865414], [-119.993335, 38.865541], [-119.993293, 38.865589], [-119.993267, 38.86561], [-119.993219, 38.865686], [-119.993174, 38.865801], [-119.993149, 38.865931], [-119.993144, 38.865973], [-119.993115, 38.866057], [-119.993068, 38.866126], [-119.992972, 38.866235], [-119.992874, 38.866322], [-119.992736, 38.866428], [-119.992653, 38.866476], [-119.992611, 38.866497], [-119.992573, 38.866524], [-119.992371, 38.866636], [-119.992328, 38.866656], [-119.992258, 38.866704], [-119.99217, 38.866748], [-119.992058, 38.86679], [-119.991997, 38.866808], [-119.991917, 38.866838], [-119.991849, 38.866872], [-119.991787, 38.866898], [-119.991691, 38.866955], [-119.991551, 38.867058], [-119.991364, 38.867173], [-119.991153, 38.867288], [-119.99109, 38.867339], [-119.991023, 38.867382], [-119.990989, 38.86741], [-119.990936, 38.867461], [-119.990905, 38.867483], [-119.990707, 38.867676], [-119.99059, 38.867778], [-119.990522, 38.867831], [-119.990498, 38.867859], [-119.990462, 38.867921], [-119.990444, 38.867944], [-119.990432, 38.867968], [-119.990382, 38.868017], [-119.990308, 38.868116], [-119.990262, 38.868148], [-119.99023, 38.868165]]}, "props": {"MTFCC": "S1400", "NAME": null}}, {"geom": {"type": "LineString", "coordinates": [[-120.000223, 38.90056], [-120.000146, 38.900535], [-119.999929, 38.900464], [-119.999917, 38.900459], [-119.999842, 38.900432]]}, "props": {"MTFCC": "S1400", "NAME": null}}, {"geom": {"type": "LineString", "coordinates": [[-119.979944, 38.939834], [-119.979967, 38.939981], [-119.980036, 38.940422], [-119.980044, 38.940469], [-119.980066, 38.940569], [-119.980093, 38.940691], [-119.980098, 38.940725], [-119.980143, 38.940991], [-119.980164, 38.941151], [-119.980171, 38.941198], [-119.980198, 38.941356], [-119.980221, 38.941485], [-119.980292, 38.941875], [-119.980294, 38.941884], [-119.980312, 38.942006], [-119.980334, 38.942138], [-119.980342, 38.94218], [-119.980345, 38.942242], [-119.980361, 38.942308], [-119.980381, 38.942538], [-119.980393, 38.942673], [-119.980409, 38.942805], [-119.98046, 38.943202], [-119.980462, 38.943218], [-119.980483, 38.943334], [-119.980489, 38.943369], [-119.980485, 38.94339], [-119.980488, 38.943468], [-119.980566, 38.943868], [-119.980592, 38.944002], [-119.980604, 38.944068], [-119.980628, 38.944187], [-119.980646, 38.944257], [-119.980649, 38.944266], [-119.980674, 38.94433]]}, "props": {"MTFCC": "S1400", "NAME": null}}, {"geom": {"type": "LineString", "coordinates": [[-119.989462, 38.943168], [-119.988764, 38.943226], [-119.988527, 38.943246], [-119.988489, 38.94325], [-119.988387, 38.94326], [-119.988342, 38.943264], [-119.988215, 38.943276], [-119.988111, 38.943286], [-119.987924, 38.943305], [-119.98741, 38.943362], [-119.987073, 38.94339], [-119.986845, 38.943408], [-119.986811, 38.943412], [-119.986567, 38.943434], [-119.986316, 38.943449], [-119.986144, 38.943468], [-119.98605, 38.943469], [-119.985257, 38.943567], [-119.984867, 38.94361], [-119.984527, 38.943627], [-119.98412, 38.943666], [-119.983987, 38.943683], [-119.983932, 38.943686], [-119.983837, 38.9437], [-119.983657, 38.943718], [-119.983349, 38.943748], [-119.982504, 38.943832], [-119.982425, 38.943836], [-119.982117, 38.943853], [-119.981994, 38.943861], [-119.981811, 38.943878], [-119.981595, 38.943899], [-119.981507, 38.94392], [-119.980897, 38.943976], [-119.980663, 38.943998], [-119.980592, 38.944002], [-119.980557, 38.944003], [-119.98045, 38.944016], [-119.980282, 38.944029], [-119.979435, 38.944095], [-119.979354, 38.944103], [-119.979046, 38.944136], [-119.978726, 38.944169], [-119.977768, 38.94427], [-119.977606, 38.944288], [-119.977449, 38.944301], [-119.977301, 38.944325], [-119.977079, 38.944341], [-119.976996, 38.944342], [-119.976852, 38.944334], [-119.976643, 38.944302], [-119.976558, 38.944281], [-119.976522, 38.944266], [-119.976466, 38.944218], [-119.976437, 38.9442], [-119.976335, 38.944106]]}, "props": {"MTFCC": "S1400", "NAME": null}}, {"geom": {"type": "LineString", "coordinates": [[-119.981216, 38.933475], [-119.981307, 38.933479], [-119.981389, 38.933474], [-119.98181, 38.933454], [-119.981845, 38.933455], [-119.981909, 38.933461], [-119.982012, 38.933471], [-119.982082, 38.933484], [-119.982138, 38.933495], [-119.982236, 38.93353], [-119.982292, 38.933553], [-119.982348, 38.933576], [-119.982495, 38.933645], [-119.982634, 38.933725], [-119.982753, 38.933788], [-119.982872, 38.933875], [-119.983051, 38.934007], [-119.983221, 38.934116], [-119.983516, 38.934304], [-119.983731, 38.934448], [-119.9839, 38.934561], [-119.983953, 38.934597], [-119.984069, 38.934676], [-119.984112, 38.934707], [-119.984164, 38.934746], [-119.984284, 38.934833], [-119.984372, 38.934891], [-119.98459, 38.935037], [-119.984807, 38.935196], [-119.985002, 38.935322], [-119.98505, 38.935353], [-119.98508, 38.935376], [-119.985171, 38.935428], [-119.985218, 38.935456], [-119.985283, 38.935498], [-119.985434, 38.935596], [-119.985481, 38.935623], [-119.985549, 38.935663], [-119.985696, 38.935749], [-119.985705, 38.935755], [-119.985764, 38.9358], [-119.985885, 38.93587], [-119.986123, 38.936034], [-119.986265, 38.936131], [-119.986431, 38.936239], [-119.986519, 38.936296], [-119.986674, 38.936379], [-119.986787, 38.936453], [-119.98695, 38.936532], [-119.987044, 38.936577], [-119.987092, 38.936597], [-119.987134, 38.936609], [-119.987253, 38.936658], [-119.987394, 38.93671], [-119.987416, 38.936718], [-119.987448, 38.936729], [-119.987826, 38.936865], [-119.987942, 38.936916], [-119.988028, 38.936949], [-119.988542, 38.93712], [-119.988799, 38.937208], [-119.988986, 38.937267], [-119.989148, 38.937333], [-119.989168, 38.937341], [-119.989185, 38.937347], [-119.989495, 38.937447], [-119.989685, 38.93752], [-119.989747, 38.93754], [-119.989859, 38.93759], [-119.98998, 38.937633], [-119.990036, 38.937663], [-119.990209, 38.937739], [-119.990655, 38.937885], [-119.990742, 38.937918]]}, "props": {"MTFCC": "S1400", "NAME": null}}, {"geom": {"type": "LineString", "coordinates": [[-119.981232, 38.932737], [-119.981233, 38.932766], [-119.981229, 38.932869], [-119.981228, 38.932884], [-119.981218, 38.933327], [-119.981216, 38.933475], [-119.981216, 38.933599], [-119.981205, 38.933727], [-119.981203, 38.933815], [-119.981198, 38.934049], [-119.981203, 38.934235], [-119.981199, 38.934336], [-119.981202, 38.934535], [-119.981192, 38.934836], [-119.981189, 38.934944], [-119.981196, 38.935073], [-119.981197, 38.935177], [-119.981198, 38.93523], [-119.981196, 38.93531], [-119.981191, 38.93571], [-119.98119, 38.935844], [-119.981186, 38.935969], [-119.981186, 38.935992], [-119.981188, 38.936256], [-119.981186, 38.936436], [-119.981186, 38.936585], [-119.98118, 38.936685], [-119.981185, 38.936721], [-119.981184, 38.936745], [-119.981182, 38.936834], [-119.981187, 38.937035], [-119.981192, 38.937226], [-119.981197, 38.937387], [-119.981208, 38.937541], [-119.981233, 38.937891], [-119.98125, 38.93794], [-119.981255, 38.937995], [-119.981282, 38.938155], [-119.981305, 38.938309], [-119.981364, 38.938689], [-119.981375, 38.938772], [-119.981379, 38.938799], [-119.981401, 38.938927], [-119.981415, 38.939007], [-119.981424, 38.939075], [-119.981456, 38.939304], [-119.981491, 38.939522], [-119.981516, 38.939671], [-119.981533, 38.939825], [-119.981574, 38.940184], [-119.981588, 38.940287], [-119.981611, 38.940441], [-119.981636, 38.940596], [-119.98165, 38.94068], [-119.981661, 38.940793], [-119.981673, 38.940834], [-119.981718, 38.941061], [-119.981749, 38.941216], [-119.981775, 38.941342], [-119.981824, 38.941711], [-119.98183, 38.941741], [-119.981856, 38.941872], [-119.98188, 38.941999], [-119.981895, 38.942074], [-119.981897, 38.942121], [-119.981927, 38.942265], [-119.98194, 38.942383], [-119.981956, 38.942512], [-119.981971, 38.942643], [-119.982019, 38.94304], [-119.982035, 38.943172], [-119.982057, 38.943307], [-119.982081, 38.943453], [-119.98211, 38.943702], [-119.98211, 38.943715], [-119.982117, 38.943853]]}, "props": {"MTFCC": "S1400", "NAME": null}}, {"geom": {"type": "LineString", "coordinates": [[-119.986397, 38.927334], [-119.986505, 38.927318], [-119.986519, 38.927317], [-119.986595, 38.927314], [-119.986725, 38.927319], [-119.986833, 38.927313], [-119.986943, 38.927307], [-119.987104, 38.927301], [-119.987203, 38.927298], [-119.987361, 38.927307], [-119.987588, 38.927304], [-119.987621, 38.927304], [-119.98775, 38.927309], [-119.987905, 38.92731], [-119.98801, 38.927311], [-119.988071, 38.927308], [-119.988295, 38.927312], [-119.988373, 38.927308], [-119.988389, 38.927308], [-119.988484, 38.9273], [-119.988529, 38.927301], [-119.988667, 38.927305], [-119.988732, 38.927308], [-119.98888, 38.927328], [-119.98895, 38.927348], [-119.98907, 38.927393], [-119.9892, 38.927442], [-119.989229, 38.927456], [-119.9893, 38.927515], [-119.989322, 38.927533], [-119.989362, 38.927578], [-119.989446, 38.92768], [-119.989477, 38.927739], [-119.989509, 38.92782], [-119.989524, 38.927857], [-119.989546, 38.927901], [-119.989572, 38.927927], [-119.989613, 38.927957], [-119.98965, 38.927977], [-119.989683, 38.927995], [-119.989885, 38.928128], [-119.989963, 38.92818], [-119.99001, 38.928212], [-119.99003, 38.928233], [-119.990095, 38.9283], [-119.990227, 38.928405], [-119.990295, 38.92846], [-119.990348, 38.928501], [-119.990432, 38.928568], [-119.990466, 38.9286], [-119.990494, 38.92864], [-119.990506, 38.928657], [-119.990529, 38.928698], [-119.99054, 38.928716], [-119.990583, 38.928843], [-119.990607, 38.928981], [-119.990614, 38.929111], [-119.990641, 38.929176], [-119.990682, 38.929245], [-119.990711, 38.929283], [-119.99073, 38.929308], [-119.990786, 38.929421], [-119.990822, 38.929495], [-119.990945, 38.929671], [-119.991061, 38.929779], [-119.991102, 38.929849], [-119.99113, 38.92992], [-119.991139, 38.929965], [-119.991144, 38.929988], [-119.991127, 38.930049], [-119.991099, 38.930115], [-119.991049, 38.930153], [-119.990983, 38.930191], [-119.990902, 38.930214], [-119.990824, 38.93023], [-119.990728, 38.930237], [-119.990627, 38.930232], [-119.990424, 38.930231], [-119.990324, 38.930236], [-119.989912, 38.930239], [-119.989816, 38.930243], [-119.989615, 38.930245], [-119.98942, 38.930251], [-119.989308, 38.930251], [-119.988649, 38.930256], [-119.988481, 38.930256], [-119.988129, 38.930257], [-119.98798, 38.930263], [-119.987943, 38.930265], [-119.987814, 38.930266], [-119.987645, 38.930267], [-119.987447, 38.93027], [-119.987248, 38.930266], [-119.98714, 38.930271], [-119.986972, 38.930273], [-119.986804, 38.930274], [-119.9863, 38.930281], [-119.986133, 38.930283], [-119.986087, 38.930283], [-119.985955, 38.930285], [-119.985771, 38.930289], [-119.985421, 38.930285], [-119.985243, 38.930284]]}, "props": {"MTFCC": "S1400", "NAME": null}}, {"geom": {"type": "LineString", "coordinates": [[-120.0024, 38.91651675189107], [-120.002093, 38.916716], [-120.001714, 38.916976], [-120.001618, 38.917035], [-120.001513, 38.917093], [-120.001421, 38.917165], [-120.001352, 38.917235], [-120.001246, 38.917288], [-120.001159, 38.917349], [-120.001053, 38.917401], [-120.000877, 38.917513], [-120.000786, 38.917555], [-120.000619, 38.91767], [-120.000462, 38.917791], [-120.000363, 38.917847], [-120.000219, 38.917949], [-119.999997, 38.918105], [-119.999865, 38.918211], [-119.999769, 38.918266], [-119.999676, 38.918326], [-119.999294, 38.918586], [-119.998605, 38.919044], [-119.998418, 38.919174], [-119.998156, 38.919347], [-119.997635, 38.919685], [-119.997323, 38.919881], [-119.997257, 38.919925], [-119.997134, 38.920001], [-119.997039, 38.920064], [-119.99698, 38.920097], [-119.996878, 38.920173], [-119.996803, 38.920223], [-119.996787, 38.920238], [-119.996667, 38.920315], [-119.996626, 38.920347], [-119.996365, 38.920509], [-119.996064, 38.920713], [-119.995731, 38.920927], [-119.995671, 38.920961], [-119.995619, 38.920994], [-119.995545, 38.921042], [-119.995486, 38.921078], [-119.995364, 38.921157], [-119.995321, 38.921184], [-119.995256, 38.921229], [-119.995226, 38.92125], [-119.995171, 38.921288], [-119.995114, 38.921328], [-119.995007, 38.921402], [-119.994995, 38.921411], [-119.99495, 38.921437], [-119.994887, 38.921474], [-119.994862, 38.92149], [-119.994834, 38.921509], [-119.994741, 38.921582], [-119.994609, 38.921663], [-119.994581, 38.921682], [-119.994525, 38.921721]]}, "props": {"MTFCC": "S1400", "NAME": null}}, {"geom": {"type": "LineString", "coordinates": [[-120.002111, 38.92435], [-120.001976, 38.924443], [-120.001909, 38.924516], [-120.001858, 38.924562], [-120.00169, 38.924763], [-120.00164, 38.924812], [-120.001561, 38.924925], [-120.001426, 38.925079], [-120.001343, 38.925206], [-120.001298, 38.925255], [-120.001173, 38.925414], [-120.001043, 38.925591], [-120.000851, 38.925832], [-120.000806, 38.925898], [-120.000714, 38.926007], [-120.000659, 38.926056], [-120.000615, 38.926114], [-120.000589, 38.926167], [-120.000551, 38.926221], [-120.000478, 38.926311], [-120.00043, 38.926361], [-120.000388, 38.926388], [-120.000291, 38.926426]]}, "props": {"MTFCC": "S1400", "NAME": null}}, {"geom": {"type": "LineString", "coordinates": [[-120.0024, 38.87104297916667], [-120.002252, 38.871238], [-120.002201, 38.871307], [-120.002168, 38.871363], [-120.002124, 38.871415], [-120.002038, 38.871535], [-120.001949, 38.871648], [-120.001892, 38.871706], [-120.001801, 38.871811], [-120.001681, 38.871938], [-120.001635, 38.871998], [-120.001499, 38.872105], [-120.001369, 38.872192], [-120.001207, 38.87229], [-120.001018, 38.872411], [-120.000863, 38.872531], [-120.0008, 38.872612], [-120.000776, 38.872654], [-120.000766, 38.872685]]}, "props": {"MTFCC": "S1400", "NAME": null}}, {"geom": {"type": "LineString", "coordinates": [[-120.0024, 38.8737344360465], [-120.002395, 38.873729], [-120.002043, 38.87337], [-120.001921, 38.873258], [-120.001857, 38.873192], [-120.001769, 38.87312], [-120.00166, 38.873042], [-120.001516, 38.872964], [-120.001357, 38.872887], [-120.001188, 38.872827], [-120.000946, 38.872741], [-120.000766, 38.872685], [-120.000618, 38.872648], [-120.000463, 38.872628], [-120.000272, 38.872607], [-119.999856, 38.872582], [-119.999779, 38.872546], [-119.999574, 38.872539], [-119.999427, 38.872539], [-119.999312, 38.872542], [-119.999147, 38.872546], [-119.999018, 38.872555], [-119.998761, 38.87258], [-119.998722, 38.872589], [-119.998534, 38.872632], [-119.9985, 38.87264], [-119.998379, 38.872678], [-119.998263, 38.87272], [-119.998051, 38.872818], [-119.998002, 38.872846], [-119.997837, 38.872945], [-119.997694, 38.873035], [-119.997604, 38.87308], [-119.997594, 38.873085], [-119.997443, 38.87317], [-119.997347, 38.873217], [-119.997257, 38.873267], [-119.997069, 38.873344], [-119.996967, 38.873365], [-119.996858, 38.873373], [-119.996817, 38.873374], [-119.996748, 38.873376], [-119.996643, 38.873364], [-119.99654, 38.873344], [-119.99652, 38.873339], [-119.996437, 38.873314], [-119.996344, 38.873281], [-119.996318, 38.873266], [-119.996281, 38.873245], [-119.996208, 38.873186], [-119.996147, 38.87313], [-119.996095, 38.873061], [-119.996051, 38.872992], [-119.996024, 38.872917], [-119.995964, 38.8727], [-119.995958, 38.87269], [-119.995929, 38.872641], [-119.995877, 38.872586], [-119.995792, 38.87253], [-119.995659, 38.872459], [-119.995491, 38.872383], [-119.995474, 38.872376], [-119.995399, 38.872348], [-119.995229, 38.872248], [-119.995136, 38.872201], [-119.99507, 38.872147], [-119.995021, 38.872071], [-119.994994, 38.871906], [-119.995008, 38.871662], [-119.995004, 38.87159], [-119.995004, 38.871572], [-119.995007, 38.871219], [-119.995007, 38.871162], [-119.995008, 38.871113], [-119.995001, 38.871049], [-119.995001, 38.870992], [-119.995002, 38.870981], [-119.994998, 38.870936], [-119.994996, 38.870917], [-119.994971, 38.870802], [-119.994947, 38.870733], [-119.994918, 38.870677], [-119.994795, 38.870571], [-119.994701, 38.870519], [-119.994643, 38.870499], [-119.994595, 38.870477], [-119.994428, 38.870429]]}, "props": {"MTFCC": "S1400", "NAME": null}}, {"geom": {"type": "LineString", "coordinates": [[-120.0024, 38.86818881632653], [-120.002328, 38.86818], [-120.00225, 38.868183], [-120.002139, 38.868201], [-120.002037, 38.868237], [-120.001942, 38.868289], [-120.001756, 38.868447], [-120.001637, 38.868548], [-120.0016, 38.868581], [-120.00155, 38.868641], [-120.001513, 38.868721], [-120.001487, 38.868803], [-120.001465, 38.868926], [-120.001362, 38.869198], [-120.00126, 38.869382], [-120.001105, 38.869546], [-120.001023, 38.869649], [-120.000956, 38.869735], [-120.000889, 38.869807], [-120.000412, 38.870371], [-120.000333, 38.870453], [-120.00013, 38.870713], [-119.999978, 38.870862], [-119.999918, 38.870952], [-119.999718, 38.871172], [-119.999625, 38.871238], [-119.999234, 38.871532], [-119.999129, 38.871596], [-119.998954, 38.871729], [-119.998892, 38.871777], [-119.998821, 38.871841], [-119.998734, 38.871951], [-119.998688, 38.872033], [-119.998652, 38.872134], [-119.998648, 38.872261], [-119.99865, 38.872365], [-119.998664, 38.872453], [-119.998681, 38.8725], [-119.998722, 38.872589]]}, "props": {"MTFCC": "S1400", "NAME": null}}, {"geom": {"type": "LineString", "coordinates": [[-120.000989, 38.860799], [-120.000879, 38.860864], [-120.000783, 38.860904], [-120.000551, 38.861001], [-120.000175, 38.861184], [-120.000152, 38.861195], [-119.999948, 38.861304]]}, "props": {"MTFCC": "S1400", "NAME": null}}, {"geom": {"type": "LineString", "coordinates": [[-120.0024, 38.8582405], [-120.002383, 38.85824], [-120.002302, 38.858238], [-120.002269, 38.85824], [-120.002162, 38.858237], [-120.002077, 38.858236], [-120.00186, 38.858225], [-120.001473, 38.858229], [-120.001383, 38.858227], [-120.000839, 38.858217], [-120.000687, 38.85822], [-120.000393, 38.858246], [-120.000318, 38.858256], [-120.000219, 38.858276], [-120.00013, 38.858307], [-119.999944, 38.858399], [-119.999615, 38.858549], [-119.999484, 38.858606], [-119.999384, 38.85864], [-119.999225, 38.858673], [-119.999115, 38.858686], [-119.998922, 38.858683], [-119.998848, 38.858685], [-119.998695, 38.858684]]}, "props": {"MTFCC": "S1400", "NAME": null}}, {"geom": {"type": "LineString", "coordinates": [[-120.0024, 38.85505580222497], [-120.001607, 38.855046], [-120.001518, 38.855046], [-120.000997, 38.855045], [-120.000907, 38.855041], [-120.000738, 38.855043], [-120.000665, 38.855039], [-120.000529, 38.855047], [-120.000418, 38.855086], [-120.000349, 38.855121], [-120.000306, 38.855157], [-120.000241, 38.855242], [-120.000212, 38.855334], [-120.000181, 38.855476], [-120.000183, 38.855524], [-120.000211, 38.855653], [-120.00024, 38.855699], [-120.000296, 38.855748], [-120.000329, 38.85576], [-120.000373, 38.855787], [-120.0005, 38.855827], [-120.000711, 38.855843], [-120.000829, 38.855842], [-120.000939, 38.855849], [-120.001016, 38.855847], [-120.001124, 38.855849], [-120.001335, 38.855843], [-120.001418, 38.855842], [-120.001892, 38.85586], [-120.001924, 38.85586], [-120.002225, 38.855884], [-120.002349, 38.855886]]}, "props": {"MTFCC": "S1400", "NAME": null}}, {"geom": {"type": "LineString", "coordinates": [[-119.994726, 38.853107], [-119.995414, 38.853102], [-119.995622, 38.853102], [-119.99571, 38.853096], [-119.995744, 38.853094], [-119.995904, 38.853071], [-119.996194, 38.852991], [-119.996313, 38.852968], [-119.996544, 38.852888], [-119.997257, 38.852653], [-119.997374, 38.852608], [-119.997566, 38.852539], [-119.997759, 38.852476], [-119.998189, 38.85231], [-119.998518, 38.852197], [-119.999094, 38.852001], [-119.999282, 38.851944], [-119.999302, 38.851935], [-119.999455, 38.851894], [-119.999763, 38.851812], [-119.999962, 38.851785], [-120.000134, 38.851781], [-120.000176, 38.851782], [-120.000234, 38.851784], [-120.000673, 38.851783], [-120.000791, 38.851789], [-120.001411, 38.851777], [-120.001465, 38.851773], [-120.001822, 38.85178], [-120.001897, 38.851778], [-120.001962, 38.851771], [-120.002378, 38.851786], [-120.0024, 38.851785538461534]]}, "props": {"MTFCC": "S1400", "NAME": null}}, {"geom": {"type": "LineString", "coordinates": [[-119.993307, 38.918212], [-119.993321, 38.918258], [-119.993398, 38.918362], [-119.993505, 38.918505], [-119.993592, 38.918603], [-119.993717, 38.918734]]}, "props": {"MTFCC": "S1400", "NAME": null}}, {"geom": {"type": "LineString", "coordinates": [[-119.967032, 38.913355], [-119.968787, 38.914286], [-119.971196, 38.915763]]}, "props": {"MTFCC": "S1400", "NAME": null}}, {"geom": {"type": "LineString", "coordinates": [[-119.962913, 38.910965], [-119.962522, 38.910838], [-119.962274, 38.910757]]}, "props": {"MTFCC": "S1400", "NAME": null}}, {"geom": {"type": "LineString", "coordinates": [[-119.963823, 38.912278], [-119.963869, 38.912451], [-119.963973, 38.91271]]}, "props": {"MTFCC": "S1400", "NAME": null}}, {"geom": {"type": "LineString", "coordinates": [[-119.95347, 38.908058], [-119.953298, 38.908169], [-119.953174, 38.90828], [-119.953112, 38.908514], [-119.953112, 38.908946], [-119.9531, 38.909095], [-119.953174, 38.909308], [-119.953133, 38.90946], [-119.953124, 38.910117], [-119.9531, 38.911045], [-119.953112, 38.911712], [-119.953137, 38.911934], [-119.953236, 38.912082], [-119.953495, 38.912205], [-119.953742, 38.912242], [-119.953993, 38.912233], [-119.955039, 38.912208], [-119.955627, 38.912225], [-119.955864, 38.912242], [-119.956302, 38.912283], [-119.95656, 38.912218], [-119.956763, 38.912052], [-119.956817, 38.911905], [-119.956867, 38.91175], [-119.956947, 38.911662], [-119.957181, 38.911541], [-119.957672, 38.911396], [-119.957924, 38.911282]]}, "props": {"MTFCC": "S1400", "NAME": null}}, {"geom": {"type": "LineString", "coordinates": [[-119.999507, 38.904969], [-119.999443, 38.905008], [-119.999407, 38.905031], [-119.999261, 38.905141], [-119.999202, 38.905187], [-119.999115, 38.905253], [-119.998854, 38.905453], [-119.998842, 38.905463], [-119.998771, 38.905524], [-119.998745, 38.905543], [-119.998713, 38.905577], [-119.998698, 38.905588], [-119.998636, 38.905634], [-119.998621, 38.905647], [-119.998462, 38.905761], [-119.998384, 38.905818], [-119.998312, 38.905869], [-119.998098, 38.906024], [-119.998027, 38.906076]]}, "props": {"MTFCC": "S1400", "NAME": null}}, {"geom": {"type": "LineString", "coordinates": [[-119.965964, 38.898121], [-119.965986, 38.898181], [-119.965996, 38.898205], [-119.966037, 38.898367], [-119.966041, 38.898381], [-119.966046, 38.898431]]}, "props": {"MTFCC": "S1500", "NAME": null}}, {"geom": {"type": "LineString", "coordinates": [[-119.975116, 38.901908], [-119.975116, 38.902056], [-119.975108, 38.902182], [-119.975114, 38.902502], [-119.975118, 38.902651], [-119.975113, 38.902835], [-119.975116, 38.902928], [-119.975123, 38.903082], [-119.975124, 38.903436], [-119.975136, 38.90375], [-119.975136, 38.90376], [-119.975141, 38.904038]]}, "props": {"MTFCC": "S1400", "NAME": null}}, {"geom": {"type": "LineString", "coordinates": [[-119.981741, 38.901837], [-119.981737, 38.901876], [-119.9817, 38.902022], [-119.98166, 38.90209], [-119.981571, 38.902202], [-119.98154, 38.902228], [-119.981474, 38.902303], [-119.981277, 38.902529], [-119.981105, 38.902721], [-119.981058, 38.902768], [-119.981011, 38.902831], [-119.980962, 38.90288], [-119.980931, 38.902921], [-119.980557, 38.90333], [-119.980515, 38.90339], [-119.980468, 38.90343], [-119.980371, 38.903537], [-119.980193, 38.903738], [-119.980162, 38.903784], [-119.980142, 38.903827], [-119.980129, 38.903891], [-119.98013, 38.904007]]}, "props": {"MTFCC": "S1400", "NAME": null}}, {"geom": {"type": "LineString", "coordinates": [[-119.909215, 38.895086], [-119.90946, 38.895058], [-119.910199, 38.894976], [-119.910445, 38.894949], [-119.910711, 38.894924], [-119.911176, 38.894743], [-119.911472, 38.89467], [-119.911733, 38.894606], [-119.912724, 38.895282], [-119.913321, 38.895506], [-119.91346, 38.895709], [-119.913968, 38.896075], [-119.914648, 38.896566], [-119.914674, 38.896703], [-119.915067, 38.897109], [-119.915523, 38.896968], [-119.916372, 38.896296], [-119.917708, 38.895667], [-119.918335, 38.895478], [-119.919704, 38.895787], [-119.920293, 38.896421], [-119.920865, 38.896676], [-119.921147, 38.896802], [-119.923461, 38.897446], [-119.923548, 38.89747], [-119.92479, 38.898035], [-119.924895, 38.898055], [-119.926424, 38.898351], [-119.928072, 38.89915], [-119.928949, 38.899735], [-119.929193, 38.89973], [-119.930551, 38.899708], [-119.930717, 38.899588], [-119.930818, 38.899507], [-119.93109, 38.8995], [-119.931324, 38.899495], [-119.931491, 38.899386], [-119.931694, 38.898638], [-119.931733, 38.898497], [-119.931899, 38.898344], [-119.931927, 38.898335], [-119.93222, 38.898251], [-119.933072, 38.898342], [-119.933336, 38.898273], [-119.93419, 38.897218], [-119.934801, 38.896887], [-119.935335, 38.896599], [-119.936275, 38.896482], [-119.939506, 38.897254], [-119.940064, 38.897276], [-119.94071, 38.897069], [-119.942854, 38.896974], [-119.943617, 38.896721], [-119.944469, 38.896194], [-119.944863, 38.896175], [-119.946466, 38.896098], [-119.947083, 38.895845], [-119.947115, 38.895839], [-119.947729, 38.89573], [-119.948216, 38.895454]]}, "props": {"MTFCC": "S1400", "NAME": null}}, {"geom": {"type": "LineString", "coordinates": [[-119.982011, 38.89137], [-119.982187, 38.891367], [-119.98222, 38.891367], [-119.982629, 38.891374], [-119.982714, 38.891373], [-119.982891, 38.891371], [-119.983064, 38.891376], [-119.983099, 38.891378], [-119.983268, 38.891374], [-119.983587, 38.891362], [-119.98376, 38.89136], [-119.983938, 38.891359], [-119.984472, 38.891359], [-119.984651, 38.891359]]}, "props": {"MTFCC": "S1400", "NAME": null}}, {"geom": {"type": "LineString", "coordinates": [[-119.988923, 38.884426], [-119.988946, 38.8843], [-119.98896, 38.884257], [-119.989003, 38.884158], [-119.989037, 38.884099], [-119.989116, 38.883983], [-119.989242, 38.883838], [-119.989277, 38.8838], [-119.989352, 38.883708], [-119.989406, 38.883648], [-119.989488, 38.883541], [-119.989673, 38.883322], [-119.989858, 38.883071], [-119.989906, 38.883013], [-119.989958, 38.882959], [-119.9901, 38.882826], [-119.990132, 38.882798], [-119.990369, 38.8826], [-119.9904, 38.882562], [-119.990431, 38.882507], [-119.990445, 38.882472], [-119.99046, 38.882372], [-119.990457, 38.882338], [-119.990446, 38.882298], [-119.990397, 38.882207], [-119.990325, 38.882135], [-119.990259, 38.882103], [-119.990194, 38.882083], [-119.990114, 38.882068], [-119.989999, 38.882058], [-119.989958, 38.882059], [-119.98987, 38.882074], [-119.989779, 38.882105], [-119.989738, 38.882127], [-119.98929, 38.882509], [-119.989142, 38.88263], [-119.988875, 38.882855], [-119.988699, 38.883032], [-119.98861, 38.88315], [-119.988463, 38.883324], [-119.988309, 38.88351], [-119.988212, 38.883635], [-119.988124, 38.883751], [-119.98809, 38.883786], [-119.988056, 38.883833], [-119.987769, 38.884185], [-119.987705, 38.884287], [-119.987683, 38.884339], [-119.987668, 38.88439], [-119.987636, 38.88457], [-119.987634, 38.884652], [-119.987644, 38.884815], [-119.987651, 38.884909], [-119.987658, 38.885259], [-119.987657, 38.885306], [-119.987654, 38.88547]]}, "props": {"MTFCC": "S1400", "NAME": null}}, {"geom": {"type": "LineString", "coordinates": [[-119.98417, 38.87809], [-119.983955, 38.878163], [-119.983827, 38.878207], [-119.983289, 38.878279], [-119.983065, 38.87831], [-119.982838, 38.878338], [-119.98273, 38.878388], [-119.982107, 38.878682], [-119.981818, 38.878885], [-119.981534, 38.879085], [-119.981231, 38.879339], [-119.980355, 38.880078], [-119.980326, 38.880106], [-119.980044, 38.880383], [-119.978057, 38.882326], [-119.976872, 38.883943], [-119.976288, 38.884743], [-119.975813, 38.885246], [-119.974436, 38.886358], [-119.97385, 38.88697], [-119.973285, 38.888226], [-119.972999, 38.889176], [-119.972722, 38.889549], [-119.972359, 38.88983], [-119.971963, 38.890136], [-119.9691, 38.891305], [-119.968389, 38.891423], [-119.967993, 38.891133], [-119.967285, 38.890791], [-119.96646, 38.890654], [-119.966184, 38.890469], [-119.966064, 38.890389], [-119.961582, 38.889191], [-119.961161, 38.889094], [-119.961101, 38.88914], [-119.960986, 38.889231], [-119.960049, 38.889277], [-119.959874, 38.889415], [-119.959785, 38.889608], [-119.959728, 38.889735], [-119.959792, 38.890098], [-119.959816, 38.890239], [-119.960167, 38.890722], [-119.960838, 38.89133], [-119.961896, 38.892291], [-119.96213, 38.893166], [-119.962512, 38.893649], [-119.963185, 38.894135], [-119.963859, 38.894343], [-119.964235, 38.894595], [-119.96465, 38.894875], [-119.964676, 38.896021], [-119.964697, 38.896257], [-119.964798, 38.896505], [-119.964982, 38.896952], [-119.965666, 38.897724], [-119.965949, 38.898044], [-119.965964, 38.898121]]}, "props": {"MTFCC": "S1500", "NAME": null}}, {"geom": {"type": "LineString", "coordinates": [[-119.993443, 38.918898], [-119.993261, 38.918996], [-119.993149, 38.919082], [-119.993031, 38.919232]]}, "props": {"MTFCC": "S1400", "NAME": null}}, {"geom": {"type": "LineString", "coordinates": [[-119.95309, 38.924629], [-119.955045, 38.924664]]}, "props": {"MTFCC": "S1400", "NAME": null}}, {"geom": {"type": "LineString", "coordinates": [[-119.997023, 38.863855], [-119.997264, 38.863856], [-119.997411, 38.863858], [-119.997596, 38.863852], [-119.997803, 38.863826], [-119.997867, 38.863812], [-119.997984, 38.86379], [-119.998222, 38.863747], [-119.998322, 38.863726], [-119.998728, 38.863642], [-119.998825, 38.863622], [-119.99927, 38.863534], [-119.999381, 38.863518], [-119.999614, 38.863466], [-119.999693, 38.863439], [-119.999836, 38.863366], [-119.999916, 38.863319], [-119.999951, 38.863292], [-120.000031, 38.863244], [-120.000191, 38.863134], [-120.000402, 38.863006], [-120.000482, 38.862952], [-120.000506, 38.86293], [-120.000516, 38.862922], [-120.000669, 38.862824], [-120.001028, 38.862604], [-120.001192, 38.862505], [-120.001448, 38.862393], [-120.001646, 38.862308], [-120.001751, 38.862252], [-120.001811, 38.862234], [-120.001979, 38.862172], [-120.002037, 38.862155], [-120.002147, 38.862115], [-120.0024, 38.86204257254902]]}, "props": {"MTFCC": "S1400", "NAME": null}}, {"geom": {"type": "LineString", "coordinates": [[-119.998421, 38.855276], [-119.998194, 38.855341], [-119.998072, 38.855377], [-119.997831, 38.855458], [-119.99768, 38.855504], [-119.997568, 38.855539], [-119.99752, 38.855549], [-119.997432, 38.855563], [-119.997286, 38.855569], [-119.997068, 38.855568], [-119.997004, 38.855566], [-119.996781, 38.85556], [-119.996571, 38.855563], [-119.996392, 38.855571], [-119.9963, 38.85558], [-119.996204, 38.855604], [-119.996165, 38.855615], [-119.99596, 38.855676], [-119.995897, 38.855698], [-119.995692, 38.855775], [-119.995602, 38.855801], [-119.995444, 38.85586], [-119.994725, 38.856107], [-119.994566, 38.856184], [-119.994442, 38.856256]]}, "props": {"MTFCC": "S1400", "NAME": null}}, {"geom": {"type": "LineString", "coordinates": [[-119.942498, 38.951741], [-119.942625, 38.951778], [-119.94301, 38.951892], [-119.943138, 38.95193], [-119.943412, 38.952046], [-119.943824, 38.95222], [-119.943877, 38.952247], [-119.94399, 38.95229], [-119.944239, 38.952388], [-119.944379, 38.952444], [-119.944516, 38.9525], [-119.944605, 38.952531], [-119.944871, 38.95265], [-119.945336, 38.952859], [-119.945627, 38.953], [-119.945927, 38.95313], [-119.946056, 38.953186], [-119.94628, 38.953289]]}, "props": {"MTFCC": "S1400", "NAME": null}}, {"geom": {"type": "LineString", "coordinates": [[-119.990529, 38.928698], [-119.990624, 38.928667], [-119.990668, 38.928649], [-119.990742, 38.928607], [-119.99083, 38.928508], [-119.990847, 38.928489], [-119.990903, 38.928392], [-119.99103, 38.928209], [-119.991177, 38.927981], [-119.991319, 38.927802], [-119.991351, 38.927751], [-119.991465, 38.927618], [-119.99151, 38.927567], [-119.991537, 38.927526], [-119.991562, 38.927498], [-119.991576, 38.927463], [-119.991582, 38.927383], [-119.991575, 38.927348], [-119.991563, 38.927322], [-119.991545, 38.927301], [-119.991523, 38.927289], [-119.991488, 38.927277], [-119.991282, 38.927271], [-119.991262, 38.927271], [-119.99111, 38.927253], [-119.991037, 38.927252], [-119.990952, 38.927259], [-119.990858, 38.927274], [-119.990768, 38.927282], [-119.990592, 38.927307], [-119.990502, 38.927314], [-119.990484, 38.927313], [-119.99026, 38.927312], [-119.990217, 38.927307], [-119.990113, 38.927294], [-119.990051, 38.927282], [-119.990006, 38.927279], [-119.989836, 38.927271], [-119.989705, 38.927272], [-119.989642, 38.927279], [-119.989544, 38.927297], [-119.989485, 38.9273], [-119.989431, 38.927308], [-119.989374, 38.927324], [-119.989332, 38.92734], [-119.989291, 38.927363], [-119.989255, 38.92739], [-119.9892, 38.927442]]}, "props": {"MTFCC": "S1400", "NAME": null}}, {"geom": {"type": "LineString", "coordinates": [[-119.94356, 38.956939], [-119.944061, 38.957032], [-119.945063, 38.957188], [-119.946244, 38.95741]]}, "props": {"MTFCC": "S1400", "NAME": null}}, {"geom": {"type": "LineString", "coordinates": [[-119.946575, 38.955365], [-119.946133, 38.956028]]}, "props": {"MTFCC": "S1400", "NAME": null}}, {"geom": {"type": "LineString", "coordinates": [[-119.949663, 38.952095], [-119.949688, 38.952165], [-119.949732, 38.952238], [-119.949759, 38.952284], [-119.949791, 38.95238], [-119.949883, 38.952631], [-119.949888, 38.952672], [-119.949889, 38.95269], [-119.949891, 38.95272], [-119.949889, 38.952784], [-119.949894, 38.952851], [-119.949897, 38.952863], [-119.949909, 38.952879], [-119.949945, 38.952908], [-119.950007, 38.952952], [-119.950085, 38.953007], [-119.950195, 38.953121], [-119.950286, 38.953221], [-119.950333, 38.953281], [-119.950387, 38.95335], [-119.950433, 38.9534], [-119.950596, 38.953555], [-119.950829, 38.953777], [-119.951038, 38.953982], [-119.951084, 38.954024], [-119.951252, 38.954176], [-119.951455, 38.954343], [-119.951489, 38.954367], [-119.951701, 38.954518], [-119.95175, 38.954561], [-119.951804, 38.954596], [-119.951918, 38.954698], [-119.952066, 38.954816], [-119.952156, 38.954873], [-119.952219, 38.954917], [-119.952231, 38.954926], [-119.952365, 38.955032], [-119.952449, 38.955118], [-119.952524, 38.955201], [-119.952589, 38.955273], [-119.952683, 38.955357], [-119.952776, 38.955424], [-119.952805, 38.955445], [-119.952872, 38.955483]]}, "props": {"MTFCC": "S1400", "NAME": null}}, {"geom": {"type": "LineString", "coordinates": [[-119.956979, 38.947727], [-119.956569, 38.947922], [-119.955339, 38.948506], [-119.95493, 38.948702], [-119.954921, 38.948728], [-119.954887, 38.948767], [-119.954847, 38.948793], [-119.954566, 38.948916], [-119.954548, 38.948925], [-119.954447, 38.948961], [-119.953977, 38.949176], [-119.953407, 38.94943], [-119.953379, 38.949444], [-119.953335, 38.949468], [-119.95311, 38.94956], [-119.952983, 38.949618], [-119.952732, 38.949729], [-119.952593, 38.949794], [-119.952323, 38.949921], [-119.952003, 38.950077], [-119.951869, 38.950133], [-119.951802, 38.950169], [-119.951727, 38.950198], [-119.951658, 38.95023], [-119.951595, 38.950267], [-119.951434, 38.950341], [-119.951368, 38.950372], [-119.951264, 38.950416], [-119.951182, 38.950434], [-119.951094, 38.950444], [-119.951026, 38.950431]]}, "props": {"MTFCC": "S1400", "NAME": null}}, {"geom": {"type": "LineString", "coordinates": [[-119.948131, 38.951449], [-119.948203, 38.951178], [-119.948225, 38.951111], [-119.948276, 38.951], [-119.948308, 38.950916], [-119.948332, 38.950882], [-119.948348, 38.950869], [-119.948392, 38.950855], [-119.948415, 38.950852], [-119.948551, 38.95087], [-119.948838, 38.950919], [-119.948993, 38.950961], [-119.949248, 38.951052], [-119.949311, 38.951092], [-119.949344, 38.951127], [-119.949405, 38.9512], [-119.949473, 38.951274], [-119.94956, 38.951384], [-119.949564, 38.951404], [-119.949552, 38.951447], [-119.949514, 38.951481], [-119.949361, 38.951561], [-119.949241, 38.951619], [-119.948876, 38.951798], [-119.948688, 38.951871]]}, "props": {"MTFCC": "S1400", "NAME": null}}, {"geom": {"type": "LineString", "coordinates": [[-119.944542, 38.949353], [-119.944591, 38.949303], [-119.944671, 38.949241], [-119.944719, 38.94922], [-119.94478, 38.949205], [-119.944842, 38.949196], [-119.944912, 38.949193], [-119.945016, 38.949197], [-119.945136, 38.949193], [-119.945249, 38.949195], [-119.945397, 38.949209], [-119.945678, 38.949261], [-119.945824, 38.949309], [-119.946018, 38.949386], [-119.946129, 38.949441]]}, "props": {"MTFCC": "S1400", "NAME": null}}, {"geom": {"type": "LineString", "coordinates": [[-119.95732, 38.944488], [-119.956894, 38.944702], [-119.956757, 38.944759], [-119.956633, 38.944825], [-119.956497, 38.944885], [-119.9564, 38.944928], [-119.956267, 38.944986], [-119.956061, 38.945077], [-119.955785, 38.945185], [-119.955603, 38.945259], [-119.955559, 38.945278], [-119.95542, 38.94535], [-119.955282, 38.94542], [-119.95516, 38.945486], [-119.955138, 38.945494], [-119.955012, 38.945553], [-119.954966, 38.945569], [-119.954271, 38.945885], [-119.954024, 38.945982], [-119.953846, 38.946074], [-119.953651, 38.946156], [-119.953529, 38.946216], [-119.953239, 38.94634], [-119.95312, 38.946395], [-119.953097, 38.946401], [-119.952957, 38.946452], [-119.952838, 38.946518], [-119.952773, 38.946555], [-119.95213, 38.946836], [-119.951625, 38.947033], [-119.951224, 38.947212], [-119.950849, 38.947377], [-119.950028, 38.947741], [-119.949868, 38.947826], [-119.949814, 38.947849], [-119.949732, 38.947889], [-119.94955, 38.947981], [-119.949439, 38.94803], [-119.949366, 38.948071]]}, "props": {"MTFCC": "S1400", "NAME": null}}, {"geom": {"type": "LineString", "coordinates": [[-119.968676, 38.943566], [-119.96868, 38.943657], [-119.968692, 38.94393], [-119.968696, 38.944022], [-119.968701, 38.944148], [-119.9687, 38.944181], [-119.968696, 38.944462], [-119.968694, 38.94466], [-119.968694, 38.94482], [-119.968689, 38.944984], [-119.968688, 38.945066], [-119.968674, 38.945477], [-119.968669, 38.945642]]}, "props": {"MTFCC": "S1400", "NAME": null}}, {"geom": {"type": "LineString", "coordinates": [[-119.95662, 38.943509], [-119.956723, 38.943475], [-119.956795, 38.943467], [-119.956952, 38.943463], [-119.957118, 38.943459], [-119.9572, 38.943451], [-119.957418, 38.943467], [-119.957504, 38.943482], [-119.957555, 38.943497], [-119.957625, 38.94354], [-119.957662, 38.943572], [-119.957751, 38.943684], [-119.957831, 38.943789], [-119.957933, 38.943924], [-119.958024, 38.944067], [-119.958117, 38.944208], [-119.958147, 38.944247], [-119.958223, 38.944329], [-119.958247, 38.944364], [-119.958305, 38.944461], [-119.95831, 38.944496], [-119.958308, 38.944529], [-119.958291, 38.944557], [-119.958267, 38.944585], [-119.95823, 38.944599], [-119.958189, 38.944606], [-119.957941, 38.944625], [-119.957771, 38.944633], [-119.957707, 38.944629], [-119.957645, 38.94463]]}, "props": {"MTFCC": "S1400", "NAME": null}}, {"geom": {"type": "LineString", "coordinates": [[-119.958267, 38.944585], [-119.95823, 38.944599], [-119.958189, 38.944606]]}, "props": {"MTFCC": "S1400", "NAME": null}}, {"geom": {"type": "LineString", "coordinates": [[-119.962888, 38.939328], [-119.962859, 38.939353], [-119.962813, 38.939369], [-119.962734, 38.939374], [-119.962545, 38.939372], [-119.962332, 38.939375], [-119.962236, 38.939375], [-119.962159, 38.939376], [-119.962071, 38.939384]]}, "props": {"MTFCC": "S1400", "NAME": null}}, {"geom": {"type": "LineString", "coordinates": [[-119.971016, 38.943574], [-119.971016, 38.943661], [-119.971019, 38.943888], [-119.971017, 38.943922], [-119.971014, 38.944009], [-119.971013, 38.944167], [-119.971012, 38.944642], [-119.971012, 38.944656], [-119.971008, 38.944801], [-119.971001, 38.944994], [-119.970999, 38.945087], [-119.971004, 38.945139], [-119.971015, 38.945576], [-119.97102, 38.94577]]}, "props": {"MTFCC": "S1400", "NAME": null}}, {"geom": {"type": "LineString", "coordinates": [[-119.969702, 38.939917], [-119.969704, 38.93988], [-119.9697, 38.93978], [-119.969689, 38.939502], [-119.969688, 38.939371], [-119.969688, 38.939235]]}, "props": {"MTFCC": "S1400", "NAME": null}}, {"geom": {"type": "LineString", "coordinates": [[-119.968556, 38.939946], [-119.968514, 38.939977], [-119.968496, 38.939999], [-119.968471, 38.94004], [-119.968477, 38.940257], [-119.968487, 38.940324], [-119.968493, 38.940466], [-119.968449, 38.940812], [-119.968428, 38.940916], [-119.968406, 38.941153], [-119.968408, 38.941208], [-119.968414, 38.941365], [-119.968409, 38.941436], [-119.968413, 38.941468], [-119.968443, 38.941699], [-119.968452, 38.941736], [-119.968459, 38.941763], [-119.968494, 38.941989], [-119.968507, 38.942146], [-119.968473, 38.942545], [-119.968469, 38.942593], [-119.968478, 38.942671], [-119.968506, 38.942794], [-119.968515, 38.942811]]}, "props": {"MTFCC": "S1400", "NAME": null}}, {"geom": {"type": "LineString", "coordinates": [[-119.968694, 38.94482], [-119.968897, 38.944813], [-119.969156, 38.944812], [-119.970545, 38.944808], [-119.97058, 38.944808], [-119.971008, 38.944801]]}, "props": {"MTFCC": "S1400", "NAME": null}}, {"geom": {"type": "LineString", "coordinates": [[-119.961641, 38.944343], [-119.961802, 38.944345], [-119.961852, 38.944338], [-119.962026, 38.944352], [-119.962122, 38.94436], [-119.962322, 38.944345], [-119.962606, 38.944349], [-119.962869, 38.944337], [-119.962956, 38.944346], [-119.963169, 38.944343], [-119.963183, 38.944343], [-119.963365, 38.944343], [-119.96357, 38.944347]]}, "props": {"MTFCC": "S1400", "NAME": null}}, {"geom": {"type": "LineString", "coordinates": [[-119.958024, 38.944067], [-119.958067, 38.944054], [-119.958128, 38.94405], [-119.958379, 38.944047], [-119.958554, 38.944045], [-119.958644, 38.944038], [-119.959324, 38.944058], [-119.959414, 38.944066], [-119.959453, 38.944065], [-119.959811, 38.944065]]}, "props": {"MTFCC": "S1400", "NAME": null}}, {"geom": {"type": "LineString", "coordinates": [[-119.9839, 38.934561], [-119.983868, 38.934605], [-119.983859, 38.934619], [-119.983849, 38.934669], [-119.983848, 38.934705], [-119.983857, 38.934766], [-119.983865, 38.934821], [-119.983881, 38.934905], [-119.983897, 38.934968], [-119.983902, 38.934984], [-119.983951, 38.935254], [-119.983981, 38.935414], [-119.984009, 38.935563], [-119.984037, 38.935716], [-119.984042, 38.935744], [-119.984066, 38.935954], [-119.984099, 38.93618], [-119.984123, 38.936335], [-119.984132, 38.936405], [-119.984132, 38.936454], [-119.984139, 38.936491], [-119.984165, 38.936615], [-119.984219, 38.936958], [-119.984244, 38.937114], [-119.984265, 38.937262], [-119.984275, 38.937332], [-119.984333, 38.937634], [-119.984341, 38.937705], [-119.984358, 38.937854], [-119.984375, 38.938008], [-119.984413, 38.938341], [-119.984433, 38.938473], [-119.98444, 38.938515], [-119.984464, 38.938626], [-119.984481, 38.938702], [-119.984492, 38.938776], [-119.98455, 38.939153], [-119.984557, 38.939232], [-119.984559, 38.939246], [-119.984584, 38.939348], [-119.984587, 38.939383], [-119.984607, 38.93954], [-119.984612, 38.939577], [-119.984623, 38.939631], [-119.984653, 38.939923], [-119.984668, 38.940011], [-119.984679, 38.940067], [-119.984682, 38.940104], [-119.984697, 38.940167], [-119.984723, 38.940316], [-119.984766, 38.940552], [-119.984781, 38.940615], [-119.984801, 38.940764], [-119.984825, 38.940914], [-119.984852, 38.941044], [-119.98493, 38.941404], [-119.984932, 38.941436], [-119.984944, 38.94157], [-119.98496, 38.941706], [-119.984979, 38.941863], [-119.985018, 38.942113], [-119.98504, 38.942249], [-119.985062, 38.942378], [-119.985128, 38.942768], [-119.985151, 38.942898], [-119.98516, 38.942963], [-119.985186, 38.943179], [-119.985257, 38.943567]]}, "props": {"MTFCC": "S1400", "NAME": null}}, {"geom": {"type": "LineString", "coordinates": [[-119.961598, 38.941489], [-119.962055, 38.941485], [-119.962105, 38.941485], [-119.962188, 38.941486], [-119.962658, 38.941466], [-119.962927, 38.941473], [-119.962972, 38.941472], [-119.963141, 38.941481], [-119.963426, 38.941489], [-119.96361, 38.941495], [-119.963714, 38.941493], [-119.963791, 38.941497], [-119.963815, 38.941495], [-119.963883, 38.941502]]}, "props": {"MTFCC": "S1400", "NAME": null}}, {"geom": {"type": "LineString", "coordinates": [[-119.990741, 38.93882], [-119.990448, 38.938845], [-119.990186, 38.938869], [-119.990033, 38.938879], [-119.989585, 38.93892], [-119.989569, 38.938921], [-119.989431, 38.938931], [-119.989277, 38.93895], [-119.989145, 38.938961], [-119.989082, 38.93896], [-119.988961, 38.938972], [-119.988879, 38.938981], [-119.988818, 38.938993], [-119.988481, 38.939021], [-119.988409, 38.939023], [-119.988214, 38.939047], [-119.988083, 38.93906], [-119.988027, 38.939073], [-119.987968, 38.939079], [-119.987703, 38.939086], [-119.987508, 38.939104], [-119.987453, 38.939113], [-119.98739, 38.939118], [-119.987171, 38.939137], [-119.986862, 38.939171], [-119.9868, 38.93917], [-119.98667, 38.93918], [-119.986571, 38.939197], [-119.986454, 38.939206], [-119.986252, 38.939232], [-119.986142, 38.939241], [-119.98583, 38.939261], [-119.985544, 38.939281], [-119.98532, 38.939292], [-119.985037, 38.939325], [-119.984964, 38.93933], [-119.984896, 38.939341], [-119.98472, 38.939372], [-119.984587, 38.939383], [-119.984278, 38.939405], [-119.984145, 38.939415], [-119.984077, 38.939423], [-119.984008, 38.939425], [-119.98387, 38.93944], [-119.983642, 38.939473], [-119.983357, 38.9395], [-119.983204, 38.939515], [-119.983164, 38.939516], [-119.983108, 38.939528], [-119.983051, 38.939532], [-119.982743, 38.939556], [-119.982145, 38.939603], [-119.981825, 38.93965], [-119.981598, 38.93967], [-119.981516, 38.939671], [-119.981307, 38.939688], [-119.9812, 38.939698], [-119.98085, 38.939734], [-119.980677, 38.939761], [-119.980381, 38.939795], [-119.980259, 38.939811], [-119.980182, 38.939822], [-119.979944, 38.939834], [-119.979721, 38.939848], [-119.979656, 38.93986], [-119.979632, 38.939862], [-119.979504, 38.939875], [-119.979381, 38.939894], [-119.97905, 38.93993], [-119.978939, 38.93994], [-119.978737, 38.939949], [-119.978697, 38.939953], [-119.978386, 38.939987], [-119.978151, 38.940019], [-119.97793, 38.94005], [-119.977808, 38.940056], [-119.977586, 38.940078], [-119.977446, 38.94008], [-119.977429, 38.940081], [-119.97721, 38.940085]]}, "props": {"MTFCC": "S1400", "NAME": null}}, {"geom": {"type": "LineString", "coordinates": [[-119.94161, 38.940315], [-119.941632, 38.940333], [-119.941673, 38.940379], [-119.941688, 38.940402], [-119.941822, 38.940603], [-119.941859, 38.940677], [-119.941876, 38.940704], [-119.94194, 38.940804]]}, "props": {"MTFCC": "S1400", "NAME": null}}, {"geom": {"type": "LineString", "coordinates": [[-119.968593, 38.93852], [-119.969046, 38.938554], [-119.969216, 38.938568], [-119.969364, 38.938585], [-119.969679, 38.93858], [-119.969921, 38.938586], [-119.970073, 38.938578], [-119.970404, 38.938587], [-119.970668, 38.938584], [-119.970866, 38.938591]]}, "props": {"MTFCC": "S1400", "NAME": null}}, {"geom": {"type": "LineString", "coordinates": [[-119.948334, 38.935953], [-119.948201, 38.936017], [-119.948128, 38.936073], [-119.947928, 38.936241], [-119.947873, 38.936293], [-119.947792, 38.936338], [-119.947731, 38.936381], [-119.947693, 38.936409], [-119.947664, 38.936444], [-119.947576, 38.936499], [-119.94719, 38.936726], [-119.947157, 38.936739], [-119.947099, 38.936779], [-119.946964, 38.936859], [-119.946883, 38.936935], [-119.946818, 38.937014], [-119.94676, 38.93707], [-119.946622, 38.937163], [-119.946595, 38.93718], [-119.946397, 38.937262], [-119.946336, 38.937282], [-119.946273, 38.937284], [-119.94619, 38.937285], [-119.946141, 38.937292], [-119.945963, 38.937344], [-119.945817, 38.937432], [-119.945685, 38.937512], [-119.945519, 38.937605], [-119.945471, 38.937638], [-119.945367, 38.93768], [-119.945273, 38.937713], [-119.945147, 38.937739]]}, "props": {"MTFCC": "S1400", "NAME": null}}, {"geom": {"type": "LineString", "coordinates": [[-119.980048, 38.934317], [-119.980064, 38.934335], [-119.980096, 38.934404], [-119.980106, 38.934446], [-119.980108, 38.934471], [-119.980144, 38.934815], [-119.980141, 38.93489], [-119.980146, 38.934974], [-119.980139, 38.935042], [-119.980136, 38.935143], [-119.980129, 38.9353], [-119.980129, 38.935311], [-119.980148, 38.935542], [-119.980158, 38.935595], [-119.980152, 38.93577], [-119.980147, 38.935928], [-119.980143, 38.936068], [-119.980143, 38.936078], [-119.98015, 38.936293], [-119.980141, 38.93652], [-119.980133, 38.936546], [-119.980134, 38.936677], [-119.98014, 38.93683], [-119.980151, 38.937103], [-119.980157, 38.937139], [-119.98015, 38.937274], [-119.980149, 38.93729], [-119.980148, 38.937444], [-119.980146, 38.937599], [-119.980143, 38.938065], [-119.980148, 38.938221], [-119.980149, 38.938376], [-119.980152, 38.938686], [-119.980136, 38.93884], [-119.980133, 38.938996]]}, "props": {"MTFCC": "S1400", "NAME": null}}, {"geom": {"type": "LineString", "coordinates": [[-119.986265, 38.936131], [-119.986168, 38.93618], [-119.986155, 38.936181], [-119.986081, 38.936189], [-119.985793, 38.936189], [-119.985672, 38.936189], [-119.98536, 38.936199], [-119.985206, 38.936205], [-119.984984, 38.936234], [-119.984453, 38.936309], [-119.984433, 38.93631], [-119.984123, 38.936335], [-119.983811, 38.936359], [-119.983563, 38.93638], [-119.983048, 38.936443], [-119.98293, 38.936464], [-119.982882, 38.936467], [-119.982773, 38.936483], [-119.982572, 38.936496], [-119.982524, 38.936499], [-119.982362, 38.936517], [-119.982338, 38.936516], [-119.982295, 38.936519], [-119.981463, 38.936585], [-119.98137, 38.936593], [-119.981186, 38.936585]]}, "props": {"MTFCC": "S1400", "NAME": null}}, {"geom": {"type": "LineString", "coordinates": [[-119.960366, 38.93271], [-119.959764, 38.933104], [-119.959656, 38.933194], [-119.959643, 38.933202], [-119.959005, 38.933622], [-119.958641, 38.933872], [-119.958236, 38.934167], [-119.958129, 38.934247], [-119.958059, 38.934298], [-119.957891, 38.934406], [-119.957479, 38.934691], [-119.957346, 38.934784], [-119.957154, 38.934912], [-119.956991, 38.935009], [-119.956922, 38.935054], [-119.956754, 38.93518]]}, "props": {"MTFCC": "S1400", "NAME": null}}, {"geom": {"type": "LineString", "coordinates": [[-119.958564, 38.934611], [-119.95895, 38.934992], [-119.959091, 38.935122], [-119.959115, 38.935144], [-119.959144, 38.935162], [-119.959243, 38.935254], [-119.959305, 38.935319], [-119.959402, 38.935403], [-119.959438, 38.935425], [-119.959789, 38.935746], [-119.959831, 38.935799], [-119.960021, 38.935977], [-119.960094, 38.936031], [-119.960176, 38.93608], [-119.960259, 38.936119], [-119.960456, 38.936185], [-119.960657, 38.936269], [-119.960761, 38.936329], [-119.960851, 38.9364], [-119.960922, 38.936457], [-119.961215, 38.936699], [-119.961276, 38.936753], [-119.961323, 38.936808], [-119.961377, 38.936905]]}, "props": {"MTFCC": "S1400", "NAME": null}}, {"geom": {"type": "LineString", "coordinates": [[-119.956316, 38.930351], [-119.962372, 38.930408]]}, "props": {"MTFCC": "S1400", "NAME": null}}, {"geom": {"type": "LineString", "coordinates": [[-119.987151, 38.922224], [-119.986923, 38.922389], [-119.986791, 38.922486], [-119.986722, 38.922526], [-119.986468, 38.922708], [-119.986343, 38.922784], [-119.986278, 38.922817], [-119.986219, 38.922854], [-119.986088, 38.92294], [-119.986061, 38.922964], [-119.985989, 38.923015], [-119.98593, 38.923066], [-119.985753, 38.923178], [-119.985718, 38.923199], [-119.985382, 38.923407], [-119.985272, 38.923484], [-119.985212, 38.923519], [-119.985106, 38.923605], [-119.985042, 38.923644], [-119.984897, 38.92374], [-119.984813, 38.923796], [-119.984732, 38.923857], [-119.984634, 38.923936], [-119.984418, 38.924076], [-119.984356, 38.924113], [-119.984203, 38.924205], [-119.984142, 38.924234], [-119.98403, 38.924303], [-119.983981, 38.924345], [-119.983525, 38.924646], [-119.9834, 38.924729], [-119.983363, 38.924749], [-119.983249, 38.924826], [-119.983012, 38.92498], [-119.982302, 38.925441], [-119.982066, 38.925596], [-119.981749, 38.92581], [-119.9815, 38.925967], [-119.981431, 38.926006], [-119.981305, 38.926095], [-119.981109, 38.92621], [-119.981047, 38.926251], [-119.980993, 38.926295], [-119.980829, 38.926393], [-119.980738, 38.926452], [-119.980098, 38.926869], [-119.979969, 38.926947], [-119.979956, 38.927465], [-119.979953, 38.927509], [-119.979967, 38.927696], [-119.979978, 38.927986], [-119.979986, 38.92804], [-119.98003, 38.928209], [-119.980085, 38.928324], [-119.980128, 38.928386], [-119.980235, 38.928516], [-119.980278, 38.928595]]}, "props": {"MTFCC": "S1400", "NAME": null}}, {"geom": {"type": "LineString", "coordinates": [[-119.978776, 38.926953], [-119.978776, 38.927046], [-119.978777, 38.927325], [-119.978778, 38.927414], [-119.978775, 38.92747], [-119.978786, 38.927657], [-119.978783, 38.927713], [-119.978787, 38.927874], [-119.978796, 38.928224], [-119.978806, 38.928341], [-119.978836, 38.928464], [-119.978898, 38.928643], [-119.978925, 38.928698], [-119.979004, 38.928804], [-119.979173, 38.928986], [-119.979282, 38.92908], [-119.979313, 38.929107], [-119.979535, 38.929277], [-119.979555, 38.929287], [-119.979649, 38.929351]]}, "props": {"MTFCC": "S1400", "NAME": null}}, {"geom": {"type": "LineString", "coordinates": [[-119.98775, 38.927309], [-119.987746, 38.927402], [-119.987749, 38.927583], [-119.98776, 38.927656], [-119.987767, 38.927683], [-119.987779, 38.927724], [-119.987808, 38.92779], [-119.987839, 38.927826], [-119.987925, 38.927902], [-119.988034, 38.927975], [-119.98809, 38.927999], [-119.988225, 38.928031], [-119.988297, 38.928036], [-119.988437, 38.928035], [-119.988507, 38.928042], [-119.98858, 38.928059], [-119.988655, 38.928083], [-119.988731, 38.928119], [-119.988767, 38.928136], [-119.988894, 38.928218], [-119.989041, 38.928331]]}, "props": {"MTFCC": "S1400", "NAME": null}}, {"geom": {"type": "LineString", "coordinates": [[-119.98661, 38.921735], [-119.98637, 38.921888], [-119.985981, 38.922137], [-119.985792, 38.922269], [-119.985658, 38.922357], [-119.985561, 38.922422], [-119.985418, 38.92251], [-119.985142, 38.922685], [-119.985103, 38.922711], [-119.984819, 38.922903], [-119.984748, 38.922956], [-119.984698, 38.922981], [-119.98438, 38.923216], [-119.984335, 38.92324], [-119.984326, 38.923246], [-119.984109, 38.923387], [-119.984059, 38.923416], [-119.983973, 38.923474], [-119.983909, 38.923503], [-119.983862, 38.923546], [-119.983788, 38.923596], [-119.983747, 38.923624], [-119.983558, 38.923741], [-119.983077, 38.924067], [-119.983018, 38.924102], [-119.982969, 38.924135], [-119.982861, 38.92421], [-119.982794, 38.924246], [-119.982699, 38.924319], [-119.982547, 38.924425], [-119.982465, 38.924479], [-119.982223, 38.924641], [-119.982148, 38.924679], [-119.982008, 38.924773], [-119.981875, 38.924872], [-119.981755, 38.924943], [-119.981688, 38.924983], [-119.98152, 38.9251], [-119.98126, 38.925276], [-119.981017, 38.925426], [-119.980867, 38.925528], [-119.980825, 38.925569], [-119.980773, 38.9256], [-119.980712, 38.925629], [-119.980613, 38.9257], [-119.980565, 38.925738], [-119.980478, 38.925793], [-119.980342, 38.925881], [-119.980281, 38.925914], [-119.980212, 38.925958], [-119.980116, 38.926024], [-119.980063, 38.926067], [-119.979923, 38.926157], [-119.979886, 38.926181], [-119.979777, 38.92626], [-119.979714, 38.926299], [-119.979659, 38.926347], [-119.979527, 38.926421], [-119.979035, 38.926722], [-119.978937, 38.926783], [-119.978843, 38.926862], [-119.978776, 38.926953]]}, "props": {"MTFCC": "S1400", "NAME": null}}, {"geom": {"type": "LineString", "coordinates": [[-119.999184, 38.921607], [-119.999086, 38.921692], [-119.999023, 38.921756], [-119.998884, 38.921888], [-119.998642, 38.922187], [-119.998588, 38.922273], [-119.998433, 38.922452], [-119.998388, 38.922525], [-119.998316, 38.922659], [-119.998257, 38.922719], [-119.998112, 38.922907], [-119.998065, 38.922996], [-119.998018, 38.92304], [-119.997938, 38.923148], [-119.99784, 38.923251], [-119.997811, 38.923296], [-119.99772, 38.923393], [-119.997638, 38.923498], [-119.997608, 38.923555], [-119.99748, 38.923719], [-119.997426, 38.923775], [-119.997385, 38.923831], [-119.997349, 38.92389], [-119.997306, 38.923945], [-119.997256, 38.923995], [-119.997218, 38.924049], [-119.997203, 38.924078], [-119.997152, 38.92418], [-119.997063, 38.924382], [-119.997026, 38.924452], [-119.996984, 38.924574], [-119.996918, 38.924818]]}, "props": {"MTFCC": "S1400", "NAME": null}}, {"geom": {"type": "LineString", "coordinates": [[-119.971429, 38.916616], [-119.971238, 38.916648], [-119.970119, 38.916648], [-119.969248, 38.91668], [-119.968977, 38.91668], [-119.968849, 38.916767], [-119.968681, 38.916903]]}, "props": {"MTFCC": "S1400", "NAME": null}}, {"geom": {"type": "LineString", "coordinates": [[-120.001436, 38.923669], [-120.001505, 38.923599], [-120.001568, 38.923556], [-120.00166, 38.923515], [-120.001737, 38.923475], [-120.00177, 38.92347], [-120.002026, 38.923461], [-120.002167, 38.923487], [-120.002296, 38.923521], [-120.002396, 38.92356], [-120.0024, 38.92356189393939]]}, "props": {"MTFCC": "S1400", "NAME": null}}, {"geom": {"type": "LineString", "coordinates": [[-119.955627, 38.912225], [-119.955659, 38.912644]]}, "props": {"MTFCC": "S1400", "NAME": null}}, {"geom": {"type": "LineString", "coordinates": [[-119.998066, 38.92056], [-119.99793, 38.920708], [-119.997898, 38.920749], [-119.997872, 38.920817], [-119.99782, 38.920894], [-119.9978, 38.920917], [-119.99777, 38.920971], [-119.997723, 38.921012], [-119.997693, 38.92103], [-119.997572, 38.921133], [-119.99755, 38.921157], [-119.99754, 38.921175], [-119.997503, 38.921207], [-119.997413, 38.921266], [-119.997382, 38.921296], [-119.997362, 38.921335], [-119.997256, 38.921432], [-119.99712, 38.921503], [-119.997072, 38.921517], [-119.996974, 38.921531], [-119.996925, 38.921528], [-119.996875, 38.921538], [-119.99679, 38.921571], [-119.996581, 38.921689], [-119.996548, 38.921719], [-119.996507, 38.921735], [-119.996389, 38.921757]]}, "props": {"MTFCC": "S1400", "NAME": null}}, {"geom": {"type": "LineString", "coordinates": [[-119.99654, 38.873344], [-119.99643, 38.873598], [-119.996254, 38.873733], [-119.995918, 38.874054], [-119.995773, 38.87418], [-119.995605, 38.874393], [-119.995463, 38.874683], [-119.995415, 38.874866], [-119.995422, 38.874962], [-119.995405, 38.875185], [-119.995379, 38.875473], [-119.995333, 38.875799]]}, "props": {"MTFCC": "S1400", "NAME": null}}, {"geom": {"type": "LineString", "coordinates": [[-119.998207, 38.853131], [-119.998265, 38.853236], [-119.998361, 38.853409], [-119.998418, 38.853486], [-119.998454, 38.853545], [-119.998517, 38.853648]]}, "props": {"MTFCC": "S1400", "NAME": null}}, {"geom": {"type": "LineString", "coordinates": [[-120.002077, 38.858236], [-120.002076, 38.858389], [-120.002093, 38.858612], [-120.002102, 38.858685], [-120.002103, 38.858777], [-120.002081, 38.858863], [-120.002064, 38.858906], [-120.002011, 38.858983], [-120.001972, 38.859023], [-120.001895, 38.859076], [-120.001795, 38.859123], [-120.001746, 38.859139], [-120.001653, 38.859147], [-120.001557, 38.859138], [-120.001507, 38.859137], [-120.001461, 38.859145], [-120.001404, 38.859146], [-120.001357, 38.859136], [-120.001268, 38.859111], [-120.001201, 38.859117], [-120.001077, 38.859153], [-120.001002, 38.859162], [-120.000561, 38.859156], [-120.000361, 38.859174], [-120.000253, 38.859193], [-120.000199, 38.859207], [-120.000036, 38.859275], [-119.999574, 38.859486], [-119.999279, 38.859622], [-119.999037, 38.859739], [-119.998818, 38.859835]]}, "props": {"MTFCC": "S1400", "NAME": null}}, {"geom": {"type": "LineString", "coordinates": [[-120.0024, 38.86259850793651], [-120.002339, 38.862614], [-120.002153, 38.862668], [-120.001974, 38.86273], [-120.001961, 38.862734], [-120.001798, 38.8628], [-120.001626, 38.862875], [-120.001434, 38.86297], [-120.001298, 38.863043], [-120.001147, 38.863134], [-120.001089, 38.863171], [-120.000532, 38.863538], [-120.000092, 38.863835], [-119.999934, 38.863933], [-119.999747, 38.864035], [-119.999622, 38.864095], [-119.999493, 38.864146], [-119.999455, 38.864162], [-119.999111, 38.864287], [-119.998769, 38.864423], [-119.998716, 38.864445], [-119.9986, 38.864496], [-119.998465, 38.864563], [-119.998331, 38.86463], [-119.99827, 38.864661], [-119.997941, 38.864833], [-119.997809, 38.864919], [-119.99766, 38.865031], [-119.997649, 38.865039], [-119.997526, 38.865138], [-119.997402, 38.865253], [-119.997294, 38.865372], [-119.997223, 38.86546], [-119.997194, 38.865498], [-119.997108, 38.865624], [-119.997029, 38.865758], [-119.997022, 38.865771], [-119.996967, 38.865894], [-119.996905, 38.866015], [-119.996866, 38.866165], [-119.996826, 38.866239], [-119.996788, 38.86631], [-119.996752, 38.866392], [-119.996666, 38.86659], [-119.996464, 38.867013], [-119.99639, 38.867155], [-119.996329, 38.867292], [-119.996283, 38.867428], [-119.996141, 38.867716], [-119.995975, 38.868006], [-119.995887, 38.868142], [-119.995784, 38.868282], [-119.995712, 38.868435], [-119.99562, 38.86858], [-119.995324, 38.86901], [-119.995281, 38.869078], [-119.995136, 38.86932], [-119.994943, 38.86963], [-119.994829, 38.869785], [-119.994638, 38.870086], [-119.994589, 38.87016], [-119.994521, 38.870257], [-119.994446, 38.870405], [-119.994428, 38.870429], [-119.994411, 38.870461], [-119.994307, 38.870617], [-119.994116, 38.87092], [-119.994019, 38.871073], [-119.993914, 38.87123], [-119.993823, 38.871386], [-119.993724, 38.87153], [-119.993624, 38.87169], [-119.993192, 38.872315], [-119.992986, 38.872632], [-119.992879, 38.872788], [-119.992761, 38.872946], [-119.992657, 38.873105], [-119.992434, 38.8734], [-119.992356, 38.873576], [-119.992254, 38.873738], [-119.992052, 38.874041], [-119.991826, 38.874349], [-119.991772, 38.874499], [-119.991607, 38.874807], [-119.991533, 38.874966], [-119.991467, 38.875124], [-119.991127, 38.876048], [-119.991078, 38.876184], [-119.990956, 38.876548], [-119.990839, 38.876871], [-119.990771, 38.877027], [-119.990693, 38.877187], [-119.99063, 38.877347], [-119.990544, 38.877502], [-119.990448, 38.877645], [-119.990272, 38.87797], [-119.990172, 38.878107], [-119.990082, 38.878266], [-119.989892, 38.878568], [-119.989803, 38.878722], [-119.989719, 38.878879], [-119.989641, 38.87904], [-119.989511, 38.879362], [-119.989463, 38.879511], [-119.989373, 38.879784], [-119.989232, 38.880213], [-119.989169, 38.880382], [-119.989097, 38.880549], [-119.989074, 38.880593], [-119.989014, 38.880712], [-119.988934, 38.880844], [-119.988816, 38.881016], [-119.988703, 38.881158], [-119.988462, 38.881428], [-119.988433, 38.881457], [-119.987697, 38.882216], [-119.98732, 38.882626], [-119.987204, 38.882767], [-119.98707, 38.882914], [-119.986858, 38.883202], [-119.986839, 38.88322], [-119.986707, 38.883359], [-119.986613, 38.8835], [-119.986338, 38.883833], [-119.986252, 38.883933], [-119.986164, 38.884027], [-119.986125, 38.884069], [-119.985942, 38.884213], [-119.985853, 38.884331], [-119.985708, 38.884453], [-119.985586, 38.884548], [-119.985555, 38.884573], [-119.985398, 38.884684], [-119.985374, 38.884699], [-119.985326, 38.884728], [-119.985185, 38.884816], [-119.985138, 38.884846], [-119.985016, 38.884917], [-119.984722, 38.88507], [-119.984552, 38.885154], [-119.984369, 38.88524], [-119.984006, 38.885412], [-119.983802, 38.885501], [-119.983624, 38.885588], [-119.983454, 38.885678], [-119.982886, 38.885937], [-119.982647, 38.886032], [-119.982514, 38.886105], [-119.982326, 38.886191], [-119.982027, 38.886344], [-119.981952, 38.886384], [-119.981765, 38.886475], [-119.981577, 38.886558], [-119.981398, 38.886648], [-119.981249, 38.886718], [-119.981219, 38.886732], [-119.981127, 38.88678], [-119.981044, 38.886826], [-119.980866, 38.886907], [-119.98076, 38.88696], [-119.980639, 38.887023], [-119.980164, 38.887265], [-119.979998, 38.887369], [-119.979862, 38.887424], [-119.979809, 38.887447], [-119.979625, 38.887543], [-119.979437, 38.887634], [-119.979249, 38.887731], [-119.979076, 38.887831], [-119.978876, 38.887894], [-119.978666, 38.888026], [-119.978276, 38.888232], [-119.978082, 38.888324], [-119.977884, 38.888431], [-119.977685, 38.888533], [-119.977529, 38.888617], [-119.977487, 38.88864], [-119.977287, 38.888734], [-119.976761, 38.889035], [-119.976462, 38.889205], [-119.976231, 38.889338], [-119.975984, 38.889546], [-119.975851, 38.889645], [-119.975717, 38.889756], [-119.975634, 38.889816], [-119.97559, 38.889849], [-119.975471, 38.889964], [-119.975379, 38.890045], [-119.975227, 38.890181], [-119.97498, 38.890404], [-119.974859, 38.890523], [-119.974599, 38.890759], [-119.974461, 38.890875], [-119.974337, 38.890998], [-119.974225, 38.891127], [-119.974119, 38.891259], [-119.974018, 38.891394], [-119.973855, 38.891674], [-119.973707, 38.891979], [-119.973665, 38.892119], [-119.973562, 38.892349], [-119.97352, 38.892446], [-119.973443, 38.892589], [-119.973349, 38.89275], [-119.973276, 38.892905], [-119.97321, 38.89306], [-119.97289, 38.89369], [-119.972707, 38.894007], [-119.972628, 38.89416], [-119.972253, 38.894781], [-119.97196, 38.895224], [-119.971861, 38.895366], [-119.971763, 38.895523], [-119.971664, 38.89566], [-119.971562, 38.895786], [-119.971464, 38.895967], [-119.971262, 38.896254], [-119.971159, 38.896408], [-119.971009, 38.896561], [-119.970953, 38.896699], [-119.970856, 38.896849], [-119.970766, 38.897003], [-119.970682, 38.897162], [-119.97061, 38.897327], [-119.970551, 38.897498], [-119.970404, 38.898033], [-119.970349, 38.898218], [-119.970155, 38.898952], [-119.970139, 38.89902], [-119.970113, 38.899132], [-119.970014, 38.899487], [-119.969957, 38.899668], [-119.969921, 38.899825], [-119.969787, 38.900293], [-119.969771, 38.900353], [-119.969713, 38.900586], [-119.969661, 38.900872], [-119.969639, 38.901011], [-119.969627, 38.901151], [-119.96963, 38.901288], [-119.969667, 38.901542], [-119.969719, 38.901829], [-119.969759, 38.902252], [-119.969768, 38.902401], [-119.969769, 38.902523], [-119.969763, 38.902684], [-119.969737, 38.902808], [-119.969698, 38.902948], [-119.969643, 38.903083], [-119.96958, 38.903216], [-119.969548, 38.903271], [-119.969508, 38.903339], [-119.969501, 38.903352], [-119.969438, 38.903482], [-119.969404, 38.903551], [-119.969371, 38.903622], [-119.969316, 38.903736], [-119.969207, 38.903983], [-119.969107, 38.904185], [-119.969081, 38.904239], [-119.969003, 38.90437], [-119.96891, 38.904503], [-119.968832, 38.904654], [-119.968623, 38.904864], [-119.968498, 38.904971], [-119.968366, 38.905067], [-119.968235, 38.905155], [-119.968091, 38.905237], [-119.967946, 38.905311], [-119.967748, 38.905391], [-119.967634, 38.905438], [-119.967153, 38.905569], [-119.967008, 38.905611], [-119.966934, 38.905622], [-119.966831, 38.905639], [-119.966276, 38.905773], [-119.966219, 38.905787], [-119.966058, 38.905829], [-119.965793, 38.905912], [-119.965611, 38.905987], [-119.965529, 38.906021], [-119.965279, 38.90615], [-119.965154, 38.906221], [-119.965035, 38.906299], [-119.964921, 38.906382], [-119.964703, 38.906564], [-119.964443, 38.906787], [-119.964165, 38.907028], [-119.964082, 38.907095], [-119.963906, 38.907235], [-119.963381, 38.907654], [-119.963206, 38.907795], [-119.962761, 38.908191], [-119.96249, 38.908567], [-119.962283, 38.908942], [-119.962222, 38.909068], [-119.961983, 38.910036], [-119.961863, 38.910927], [-119.961798, 38.911547], [-119.961743, 38.912101], [-119.961743, 38.912177], [-119.961754, 38.912742], [-119.961851, 38.913292], [-119.961827, 38.914698], [-119.961754, 38.915126], [-119.961558, 38.915505], [-119.961216, 38.915982], [-119.960929, 38.916269], [-119.960666, 38.916531], [-119.959489, 38.917817], [-119.958581, 38.918757], [-119.957416, 38.919907], [-119.956292, 38.921018], [-119.955689, 38.921798], [-119.955336, 38.923386], [-119.955222, 38.923893], [-119.955045, 38.924664], [-119.955006, 38.925019], [-119.954914, 38.92542], [-119.954904, 38.926272], [-119.954901, 38.927066], [-119.954907, 38.927138], [-119.954955, 38.927371], [-119.954971, 38.927448], [-119.954988, 38.92753], [-119.954994, 38.927558], [-119.955039, 38.927697], [-119.95506, 38.927773], [-119.955083, 38.927855], [-119.955128, 38.928016], [-119.955155, 38.92811], [-119.955152, 38.928517], [-119.955152, 38.928527], [-119.955133, 38.928684], [-119.955119, 38.928777], [-119.955079, 38.929059], [-119.955066, 38.929154], [-119.955063, 38.929214], [-119.955053, 38.929395], [-119.955051, 38.929456], [-119.955037, 38.929619], [-119.955024, 38.929785], [-119.955009, 38.929929], [-119.954969, 38.930074], [-119.954964, 38.930103], [-119.954948, 38.930227], [-119.954937, 38.930265], [-119.954911, 38.930358], [-119.954836, 38.930638], [-119.954805, 38.93073], [-119.954681, 38.931064], [-119.954623, 38.931187], [-119.95444, 38.931663], [-119.954359, 38.931903], [-119.954312, 38.932057], [-119.954252, 38.93221], [-119.954219, 38.932366], [-119.954163, 38.932495], [-119.954115, 38.932645], [-119.954071, 38.932781], [-119.954018, 38.932983], [-119.953987, 38.933079], [-119.953934, 38.933228], [-119.953901, 38.933328], [-119.95387, 38.933419], [-119.953848, 38.933491], [-119.953827, 38.933592], [-119.953812, 38.933666], [-119.953771, 38.93379], [-119.953721, 38.933936], [-119.953678, 38.934075], [-119.953514, 38.934575], [-119.953499, 38.93462], [-119.953443, 38.934899], [-119.953435, 38.934979], [-119.953429, 38.935039], [-119.953433, 38.935183], [-119.953479, 38.935474], [-119.953538, 38.935687], [-119.953565, 38.935777], [-119.953629, 38.935908], [-119.953719, 38.936045], [-119.953823, 38.936174], [-119.954072, 38.93658], [-119.954123, 38.936728], [-119.954156, 38.936889], [-119.954196, 38.937054], [-119.954208, 38.93713], [-119.954221, 38.937206], [-119.954237, 38.937357], [-119.954241, 38.937532], [-119.954235, 38.937641], [-119.954212, 38.937716], [-119.954109, 38.938068], [-119.95399, 38.938226], [-119.953929, 38.938308], [-119.953873, 38.938373], [-119.953809, 38.938444], [-119.953617, 38.938656], [-119.953554, 38.938728], [-119.953504, 38.938788], [-119.953444, 38.938868], [-119.953409, 38.938917], [-119.953306, 38.939032], [-119.95321, 38.939158], [-119.953121, 38.93929], [-119.953031, 38.939446], [-119.952976, 38.939562], [-119.952921, 38.9397], [-119.952885, 38.939802], [-119.952826, 38.939972], [-119.952724, 38.940229], [-119.952661, 38.940351], [-119.952363, 38.940827], [-119.95216, 38.941154], [-119.952108, 38.941236], [-119.951953, 38.941484], [-119.951902, 38.941567], [-119.951876, 38.941608], [-119.951829, 38.941684], [-119.951802, 38.941727], [-119.951776, 38.941774], [-119.951737, 38.941845], [-119.951588, 38.94208], [-119.951508, 38.942197], [-119.951419, 38.942347], [-119.951357, 38.942451], [-119.95113, 38.942803], [-119.950912, 38.943229], [-119.950875, 38.943303], [-119.95067, 38.943816], [-119.95056, 38.944073], [-119.950439, 38.9444], [-119.950143, 38.945096], [-119.950053, 38.945326], [-119.949885, 38.945431], [-119.949899, 38.945442], [-119.949971, 38.945536], [-119.949902, 38.945719], [-119.949609, 38.946497], [-119.949492, 38.946755], [-119.94944, 38.946869], [-119.949311, 38.947118], [-119.949253, 38.947197], [-119.94918, 38.947299], [-119.949163, 38.94732], [-119.949114, 38.947384], [-119.949098, 38.947406], [-119.949063, 38.947447], [-119.949035, 38.947498], [-119.948993, 38.947577], [-119.948939, 38.94769], [-119.94888, 38.947798], [-119.948827, 38.947897], [-119.948696, 38.948204], [-119.94866, 38.948292], [-119.948487, 38.948724], [-119.948322, 38.949134], [-119.948308, 38.94917], [-119.948257, 38.949281], [-119.948194, 38.949443], [-119.948089, 38.949714], [-119.947841, 38.950365], [-119.947786, 38.950532], [-119.947762, 38.950606], [-119.947702, 38.950811], [-119.947668, 38.950917], [-119.947652, 38.950971], [-119.947617, 38.951104], [-119.947564, 38.951221], [-119.947559, 38.951232], [-119.947523, 38.951338], [-119.947359, 38.951609], [-119.947319, 38.951677], [-119.947173, 38.9519], [-119.947122, 38.952002], [-119.947052, 38.952112], [-119.946877, 38.952428], [-119.946746, 38.952634], [-119.94671, 38.952698], [-119.946631, 38.952821], [-119.946621, 38.952839], [-119.94637, 38.953174], [-119.946328, 38.953231], [-119.94628, 38.953289], [-119.946195, 38.953388], [-119.946129, 38.953468], [-119.946089, 38.953531], [-119.94607, 38.953575], [-119.946065, 38.953613], [-119.946069, 38.953643], [-119.946105, 38.953689], [-119.946133, 38.953715], [-119.94623, 38.953804]]}, "props": {"MTFCC": "S1400", "NAME": null}}, {"geom": {"type": "LineString", "coordinates": [[-119.956916, 38.943925], [-119.956666, 38.94403], [-119.955529, 38.944525], [-119.955453, 38.944565], [-119.955117, 38.944713], [-119.954848, 38.944822], [-119.954439, 38.945006], [-119.95434, 38.945052], [-119.954268, 38.94509], [-119.953411, 38.945485], [-119.953253, 38.945564], [-119.953222, 38.945577], [-119.95281, 38.945753], [-119.952408, 38.945924], [-119.952001, 38.946099], [-119.951561, 38.94632], [-119.951447, 38.946368], [-119.951363, 38.946415], [-119.951221, 38.946481], [-119.95107, 38.946553], [-119.951001, 38.94659], [-119.950853, 38.946647], [-119.950823, 38.946661], [-119.950663, 38.946731], [-119.950624, 38.946744], [-119.950496, 38.946798], [-119.950391, 38.946844], [-119.950321, 38.946887], [-119.950285, 38.946903], [-119.950214, 38.946943], [-119.950068, 38.947003], [-119.949992, 38.947042], [-119.94978, 38.94713], [-119.949627, 38.947184], [-119.949524, 38.947223], [-119.949462, 38.947248], [-119.949364, 38.947275], [-119.94918, 38.947299]]}, "props": {"MTFCC": "S1400", "NAME": null}}, {"geom": {"type": "LineString", "coordinates": [[-119.953873, 38.938373], [-119.953983, 38.938448], [-119.954019, 38.93848], [-119.954088, 38.938541], [-119.954125, 38.938575], [-119.954213, 38.938647], [-119.954414, 38.93882], [-119.954435, 38.938836], [-119.954474, 38.938867], [-119.954519, 38.938925], [-119.954564, 38.938964], [-119.954649, 38.939039], [-119.954765, 38.939129], [-119.954998, 38.939337], [-119.955123, 38.939449], [-119.955486, 38.939774], [-119.955772, 38.940034], [-119.955898, 38.940144], [-119.956166, 38.940386], [-119.956217, 38.940427], [-119.95628, 38.940487], [-119.956357, 38.94056], [-119.956409, 38.940601], [-119.956451, 38.940645], [-119.956634, 38.940804], [-119.956705, 38.940872], [-119.956883, 38.941038], [-119.95693, 38.941081], [-119.957333, 38.941452], [-119.957598, 38.941701], [-119.957608, 38.941709], [-119.957727, 38.941812], [-119.957837, 38.941916], [-119.957883, 38.941958], [-119.95795, 38.942001], [-119.958097, 38.942132], [-119.95818, 38.94221], [-119.958328, 38.942331], [-119.958354, 38.942353], [-119.958451, 38.942449], [-119.958561, 38.942539], [-119.958855, 38.942818], [-119.958942, 38.942891], [-119.959033, 38.942954], [-119.959079, 38.94298], [-119.959223, 38.943045], [-119.959323, 38.943066], [-119.959401, 38.943073], [-119.959728, 38.943073], [-119.960002, 38.94307], [-119.960647, 38.943066], [-119.960843, 38.943066], [-119.961432, 38.943067], [-119.961629, 38.943068], [-119.961867, 38.943069], [-119.96189, 38.943066], [-119.962021, 38.943069], [-119.962534, 38.943085], [-119.963197, 38.94308], [-119.963321, 38.94308], [-119.963383, 38.943076], [-119.96359, 38.943081]]}, "props": {"MTFCC": "S1400", "NAME": null}}, {"geom": {"type": "LineString", "coordinates": [[-119.985925, 38.885564], [-119.98586, 38.885642], [-119.985761, 38.88575], [-119.985737, 38.885781], [-119.985702, 38.88581], [-119.98567, 38.885845], [-119.985631, 38.88591], [-119.985591, 38.886022], [-119.985578, 38.886109], [-119.98557, 38.886301], [-119.985572, 38.886524], [-119.985567, 38.886656], [-119.985572, 38.886773], [-119.985573, 38.886792], [-119.985573, 38.887106], [-119.985573, 38.887431], [-119.985566, 38.887523], [-119.985562, 38.888041], [-119.985564, 38.88831], [-119.985565, 38.888343], [-119.985561, 38.888504], [-119.985568, 38.888559], [-119.985562, 38.888607], [-119.985566, 38.889406], [-119.985565, 38.889817], [-119.985571, 38.890146], [-119.985581, 38.890323], [-119.985577, 38.890355], [-119.98558, 38.891269], [-119.985578, 38.891924], [-119.985578, 38.891955], [-119.985584, 38.892167], [-119.9856, 38.892624], [-119.985584, 38.892978], [-119.985587, 38.893129], [-119.985591, 38.893306], [-119.985594, 38.893415], [-119.985581, 38.893835], [-119.985592, 38.894016]]}, "props": {"MTFCC": "S1400", "NAME": null}}, {"geom": {"type": "LineString", "coordinates": [[-119.988134, 38.890445], [-119.987982, 38.890531], [-119.987908, 38.890583], [-119.987874, 38.890615], [-119.987846, 38.890649], [-119.987825, 38.890683], [-119.98782, 38.890693], [-119.987812, 38.890717], [-119.987802, 38.890787], [-119.987814, 38.890902], [-119.987843, 38.89102], [-119.987875, 38.891088], [-119.987967, 38.891222], [-119.988007, 38.891297], [-119.988033, 38.891376], [-119.98804, 38.891497], [-119.988039, 38.891857], [-119.988039, 38.891935], [-119.988042, 38.892265]]}, "props": {"MTFCC": "S1400", "NAME": null}}, {"geom": {"type": "LineString", "coordinates": [[-119.985053, 38.901816], [-119.984967, 38.90182], [-119.984925, 38.901817], [-119.98471, 38.90182], [-119.984625, 38.901822], [-119.984285, 38.901825], [-119.984132, 38.901825], [-119.984056, 38.901831], [-119.983281, 38.90184], [-119.983256, 38.901841], [-119.982946, 38.901841], [-119.982705, 38.901837], [-119.982631, 38.901836], [-119.981981, 38.90184], [-119.98194, 38.901841], [-119.981741, 38.901837], [-119.981329, 38.901832], [-119.98119, 38.901836], [-119.981134, 38.901843], [-119.981078, 38.901842], [-119.980981, 38.901848], [-119.980929, 38.901852], [-119.980832, 38.901865], [-119.98071, 38.901912], [-119.980663, 38.901941], [-119.980562, 38.902035], [-119.980501, 38.902107], [-119.980127, 38.902536], [-119.979975, 38.902711], [-119.979936, 38.902747], [-119.979474, 38.903257], [-119.979431, 38.903314], [-119.979365, 38.903388], [-119.979342, 38.903416], [-119.979241, 38.903503], [-119.979194, 38.903553], [-119.979155, 38.903615], [-119.979093, 38.903683], [-119.979037, 38.903755], [-119.979014, 38.903794], [-119.978992, 38.903844], [-119.978973, 38.90392], [-119.978971, 38.904008]]}, "props": {"MTFCC": "S1400", "NAME": null}}, {"geom": {"type": "LineString", "coordinates": [[-119.988508, 38.886597], [-119.988714, 38.886647], [-119.989205, 38.886767], [-119.989332, 38.886804], [-119.989537, 38.886864]]}, "props": {"MTFCC": "S1400", "NAME": null}}, {"geom": {"type": "LineString", "coordinates": [[-119.948232, 38.938048], [-119.948301, 38.938155], [-119.94837, 38.938244], [-119.94848, 38.938413], [-119.948509, 38.93845], [-119.948547, 38.938498], [-119.948839, 38.9389], [-119.948961, 38.939063], [-119.949098, 38.939269], [-119.94913, 38.939343], [-119.949132, 38.93938], [-119.949124, 38.939415], [-119.949094, 38.939467], [-119.949046, 38.939507], [-119.948984, 38.939541], [-119.948875, 38.939576], [-119.948858, 38.939582], [-119.948752, 38.939584], [-119.948622, 38.939566], [-119.948535, 38.939545], [-119.948503, 38.939526], [-119.94843, 38.939447]]}, "props": {"MTFCC": "S1400", "NAME": null}}, {"geom": {"type": "LineString", "coordinates": [[-119.99548, 38.865838], [-119.995532, 38.865883]]}, "props": {"MTFCC": "S1400", "NAME": null}}, {"geom": {"type": "LineString", "coordinates": [[-119.99548, 38.865838], [-119.995127, 38.865509]]}, "props": {"MTFCC": "S1400", "NAME": null}}, {"geom": {"type": "LineString", "coordinates": [[-119.996632, 38.912356], [-119.996618, 38.91255], [-119.996625, 38.912658], [-119.996635, 38.912723], [-119.99662, 38.912881], [-119.996615, 38.913247], [-119.996616, 38.913507], [-119.996592, 38.913979], [-119.996601, 38.914121], [-119.996616, 38.914192], [-119.996629, 38.914462], [-119.99663, 38.914581], [-119.996601, 38.915017], [-119.996598, 38.915115], [-119.996597, 38.915171], [-119.996605, 38.915246], [-119.99661, 38.915302], [-119.996627, 38.91547], [-119.996633, 38.915526], [-119.996651, 38.915711], [-119.996688, 38.91608], [-119.996734, 38.916156], [-119.996793, 38.916213], [-119.996809, 38.916222], [-119.996866, 38.916253], [-119.99698, 38.916298], [-119.997006, 38.916308], [-119.997114, 38.916328], [-119.997228, 38.916338], [-119.997499, 38.916362], [-119.997842, 38.916362], [-119.997917, 38.916352], [-119.997982, 38.91635], [-119.99808, 38.916349], [-119.998235, 38.916351], [-119.998312, 38.916362], [-119.998421, 38.916384], [-119.998437, 38.916388], [-119.998592, 38.916463], [-119.998662, 38.916501], [-119.998762, 38.916591], [-119.998879, 38.91671], [-119.999012, 38.916846], [-119.999139, 38.916965], [-119.999175, 38.916998], [-119.999265, 38.917074], [-119.999381, 38.917184], [-119.999449, 38.91724], [-119.999529, 38.917315], [-119.999558, 38.917342], [-119.999658, 38.917434], [-119.999717, 38.917492], [-119.999762, 38.917531], [-119.999995, 38.917742], [-120.000056, 38.917807], [-120.000219, 38.917949], [-120.000337, 38.918065], [-120.00056, 38.918266], [-120.000617, 38.91831], [-120.000834, 38.918521], [-120.00097, 38.918633], [-120.001031, 38.918696], [-120.001103, 38.918755], [-120.00124, 38.918883], [-120.001373, 38.919007], [-120.001443, 38.919076], [-120.001507, 38.91914], [-120.001806, 38.919389], [-120.001864, 38.919468], [-120.001931, 38.919621], [-120.001953, 38.919718], [-120.001961, 38.919752], [-120.001984, 38.919801], [-120.00201, 38.919843], [-120.002025, 38.919896], [-120.002029, 38.919919], [-120.002052, 38.919947], [-120.00207, 38.919968]]}, "props": {"MTFCC": "S1400", "NAME": null}}, {"geom": {"type": "LineString", "coordinates": [[-119.977427, 38.938993], [-119.977414, 38.939096], [-119.977414, 38.939169], [-119.977435, 38.939526], [-119.977433, 38.939809], [-119.977436, 38.939876], [-119.977429, 38.940081], [-119.977397, 38.940822], [-119.977434, 38.941606], [-119.977438, 38.941679], [-119.977432, 38.941729], [-119.977436, 38.941927], [-119.977444, 38.941973], [-119.977426, 38.942019], [-119.977432, 38.942069], [-119.977424, 38.942219], [-119.977425, 38.942261], [-119.977425, 38.942287], [-119.977425, 38.942307], [-119.977421, 38.942317], [-119.977409, 38.942352], [-119.977414, 38.942549], [-119.97742, 38.94282], [-119.977425, 38.94294], [-119.977421, 38.942992], [-119.977415, 38.943281], [-119.977424, 38.943464], [-119.977408, 38.943621], [-119.977397, 38.943874], [-119.977404, 38.943988], [-119.977419, 38.944057], [-119.977423, 38.94418], [-119.977449, 38.944301], [-119.977467, 38.944352], [-119.977524, 38.944507], [-119.977544, 38.944559]]}, "props": {"MTFCC": "S1400", "NAME": null}}, {"geom": {"type": "LineString", "coordinates": [[-119.96065, 38.940883], [-119.960644, 38.941319], [-119.960644, 38.941359], [-119.960654, 38.941582], [-119.960654, 38.941896], [-119.960656, 38.942002], [-119.960665, 38.942629], [-119.960647, 38.942971], [-119.96065, 38.943009], [-119.960647, 38.943066], [-119.960648, 38.943153], [-119.96065, 38.943279], [-119.960644, 38.943391], [-119.960644, 38.943414], [-119.960645, 38.943502], [-119.960653, 38.94373], [-119.960664, 38.944016], [-119.960665, 38.944415], [-119.960666, 38.944644], [-119.960666, 38.944786], [-119.960669, 38.945216], [-119.96067, 38.945359], [-119.96067, 38.945491], [-119.960673, 38.945891], [-119.960675, 38.946024], [-119.960676, 38.946163], [-119.960691, 38.946333], [-119.960696, 38.946592], [-119.960699, 38.946735], [-119.960698, 38.946807], [-119.960699, 38.946837], [-119.960705, 38.946926], [-119.960698, 38.94707], [-119.960701, 38.947145], [-119.960707, 38.947248]]}, "props": {"MTFCC": "S1400", "NAME": null}}, {"geom": {"type": "LineString", "coordinates": [[-120.0024, 38.91563109433962], [-120.002372, 38.915648], [-120.002251, 38.915745], [-120.002096, 38.915852], [-120.00205, 38.915878], [-120.001878, 38.915989], [-120.000213, 38.917072], [-119.999861, 38.917302], [-119.999821, 38.917323], [-119.999761, 38.917363], [-119.999658, 38.917434], [-119.999608, 38.91747], [-119.999575, 38.917493], [-119.999549, 38.917508], [-119.999072, 38.917827], [-119.998731, 38.918051], [-119.998242, 38.918396], [-119.99816, 38.918444], [-119.998002, 38.918552], [-119.997917, 38.918601], [-119.997835, 38.918661], [-119.997762, 38.918705], [-119.997606, 38.91881], [-119.997452, 38.918919], [-119.997233, 38.919047], [-119.997007, 38.91921], [-119.996749, 38.919367], [-119.996652, 38.919425], [-119.996515, 38.919528], [-119.996407, 38.919603], [-119.996086, 38.919813], [-119.995401, 38.920239], [-119.995223, 38.92036], [-119.99518, 38.920407], [-119.995007, 38.920522], [-119.994956, 38.920561], [-119.994813, 38.920649], [-119.994614, 38.920787], [-119.994564, 38.920835]]}, "props": {"MTFCC": "S1400", "NAME": null}}, {"geom": {"type": "LineString", "coordinates": [[-120.0024, 38.91964113793104], [-120.002386, 38.919652], [-120.002218, 38.919796], [-120.002153, 38.919867], [-120.002128, 38.919896], [-120.002108, 38.919927], [-120.00207, 38.919968], [-120.001938, 38.920092], [-120.00185, 38.920167], [-120.00184, 38.920177], [-120.001668, 38.920362], [-120.001601, 38.920423], [-120.001467, 38.920572], [-120.001398, 38.920637], [-120.001262, 38.920792], [-120.001239, 38.920815], [-120.001124, 38.920933], [-120.001034, 38.92103], [-120.00099, 38.921071], [-120.000911, 38.921158], [-120.000742, 38.921319], [-120.000674, 38.921392], [-120.000606, 38.921456], [-120.000463, 38.921624], [-120.000331, 38.921756], [-120.000117, 38.921937], [-120.000046, 38.921984], [-119.99987, 38.922079], [-119.999831, 38.922098], [-119.999759, 38.922147], [-119.999672, 38.922238], [-119.999529, 38.922403], [-119.999309, 38.922682], [-119.999221, 38.922795], [-119.99907, 38.923003], [-119.998957, 38.923139], [-119.998833, 38.923262], [-119.998652, 38.92347], [-119.998606, 38.923542], [-119.998549, 38.923611], [-119.998508, 38.92368], [-119.998404, 38.923823], [-119.998168, 38.924092], [-119.998134, 38.924149], [-119.998058, 38.924258], [-119.998006, 38.924324], [-119.997982, 38.924355], [-119.997937, 38.924393], [-119.9979, 38.924441], [-119.997866, 38.924495], [-119.997669, 38.924751], [-119.997599, 38.924889], [-119.997568, 38.924952], [-119.997534, 38.925068], [-119.99752, 38.925148], [-119.997519, 38.925225]]}, "props": {"MTFCC": "S1400", "NAME": null}}, {"geom": {"type": "LineString", "coordinates": [[-120.0024, 38.92641150769231], [-120.002331, 38.926489], [-120.002293, 38.926541], [-120.002219, 38.926638], [-120.002186, 38.926695], [-120.002138, 38.926751], [-120.00205, 38.926847], [-120.002007, 38.926901], [-120.00194, 38.927], [-120.001836, 38.927133], [-120.001777, 38.92721], [-120.001715, 38.927294], [-120.001683, 38.927325], [-120.00157, 38.927418]]}, "props": {"MTFCC": "S1400", "NAME": null}}, {"geom": {"type": "LineString", "coordinates": [[-119.996076, 38.918796], [-119.996185, 38.918904], [-119.996356, 38.919053], [-119.996411, 38.919092], [-119.996454, 38.919137], [-119.996513, 38.919176], [-119.996749, 38.919367], [-119.996914, 38.919523], [-119.997038, 38.919623], [-119.997323, 38.919881], [-119.997341, 38.919883], [-119.997391, 38.919944], [-119.997536, 38.920084], [-119.997682, 38.920205], [-119.998066, 38.92056], [-119.998244, 38.920729], [-119.998379, 38.920858], [-119.998423, 38.920899], [-119.998556, 38.921025], [-119.998601, 38.921068], [-119.998675, 38.921138], [-119.998719, 38.921173], [-119.998738, 38.921188], [-119.999068, 38.921498], [-119.999184, 38.921607], [-119.999299, 38.921715], [-119.999643, 38.922039], [-119.999759, 38.922147], [-120.000208, 38.922569], [-120.000314, 38.922651], [-120.000411, 38.922741], [-120.000515, 38.922842], [-120.000631, 38.92295], [-120.000927, 38.923195], [-120.000954, 38.923219], [-120.001111, 38.923357], [-120.001314, 38.923546], [-120.001374, 38.923616], [-120.001436, 38.923669], [-120.001532, 38.923742], [-120.001562, 38.923765], [-120.001823, 38.924012], [-120.002038, 38.924246], [-120.002111, 38.92435], [-120.002202, 38.924486], [-120.002348, 38.924745], [-120.002388, 38.924837], [-120.0024, 38.924860519999996]]}, "props": {"MTFCC": "S1400", "NAME": null}}, {"geom": {"type": "LineString", "coordinates": [[-119.997391, 38.919944], [-119.997445, 38.919917], [-119.997501, 38.919902], [-119.997577, 38.919898], [-119.997682, 38.919899], [-119.9978, 38.919912], [-119.998077, 38.919933], [-119.998313, 38.919975], [-119.998416, 38.919997], [-119.998536, 38.920045], [-119.998829, 38.920193], [-119.998925, 38.920255], [-119.999157, 38.920469], [-119.999243, 38.920538], [-119.999396, 38.920689], [-119.999798, 38.921044], [-119.999971, 38.921227], [-120.000134, 38.921373], [-120.000463, 38.921624]]}, "props": {"MTFCC": "S1400", "NAME": null}}, {"geom": {"type": "LineString", "coordinates": [[-120.0024, 38.91082497667639], [-120.002388, 38.910829], [-120.002316, 38.910849], [-120.001812, 38.911011], [-120.001725, 38.911042], [-120.001691, 38.911055], [-120.001594, 38.911107], [-120.001492, 38.911177], [-120.001436, 38.911237], [-120.001351, 38.911247], [-120.001099, 38.911276], [-120.001015, 38.911287]]}, "props": {"MTFCC": "S1400", "NAME": null}}, {"geom": {"type": "LineString", "coordinates": [[-120.000092, 38.914264], [-119.99991, 38.914365], [-119.998808, 38.915082], [-119.998755, 38.915116], [-119.997775, 38.915793], [-119.997549, 38.915936], [-119.997345, 38.916075], [-119.997253, 38.916126], [-119.99698, 38.916298], [-119.996917, 38.916338], [-119.996777, 38.916433], [-119.996142, 38.916851], [-119.995933, 38.91699], [-119.995675, 38.917159], [-119.995527, 38.917257], [-119.9952, 38.917486], [-119.995148, 38.917532], [-119.995065, 38.917595], [-119.994934, 38.917712], [-119.994704, 38.917918]]}, "props": {"MTFCC": "S1400", "NAME": null}}, {"geom": {"type": "LineString", "coordinates": [[-120.0024, 38.91559309923663], [-120.002294, 38.915496], [-120.001901, 38.915138], [-120.001771, 38.915019]]}, "props": {"MTFCC": "S1400", "NAME": null}}, {"geom": {"type": "LineString", "coordinates": [[-120.002123, 38.861359], [-120.002115, 38.861252], [-120.002116, 38.86121], [-120.002126, 38.861141], [-120.00214, 38.861029], [-120.002147, 38.860782], [-120.002141, 38.860716], [-120.002144, 38.860657], [-120.002139, 38.860594], [-120.002131, 38.860552], [-120.002098, 38.860367], [-120.002084, 38.860229], [-120.002065, 38.860155], [-120.002049, 38.860124], [-120.001997, 38.860071], [-120.001961, 38.860045], [-120.00188, 38.860016], [-120.001832, 38.860011], [-120.00174, 38.860012], [-120.001697, 38.860009], [-120.001496, 38.860006], [-120.001347, 38.859996], [-120.001177, 38.86], [-120.001116, 38.860006], [-120.001017, 38.860003], [-120.000803, 38.860016], [-120.000639, 38.860052], [-120.000406, 38.860145], [-120.000145, 38.860268], [-120.000027, 38.860324], [-119.999765, 38.860438], [-119.999529, 38.860538], [-119.999409, 38.860603], [-119.999197, 38.860709], [-119.999029, 38.860804], [-119.998691, 38.86107], [-119.998621, 38.861114], [-119.998549, 38.86116], [-119.998356, 38.861237], [-119.998171, 38.861285], [-119.997678, 38.861381], [-119.997562, 38.861397], [-119.997428, 38.861411], [-119.997342, 38.86141], [-119.996953, 38.861381], [-119.996754, 38.861358], [-119.996557, 38.861326], [-119.996404, 38.861312], [-119.996045, 38.861265], [-119.995884, 38.861257], [-119.995847, 38.861254], [-119.995755, 38.861247], [-119.995661, 38.861234], [-119.995578, 38.86123], [-119.995339, 38.861225], [-119.995288, 38.861229], [-119.995247, 38.861228], [-119.995206, 38.861232], [-119.995043, 38.861239], [-119.995005, 38.861236], [-119.994907, 38.861237], [-119.994536, 38.861243]]}, "props": {"MTFCC": "S1400", "NAME": null}}, {"geom": {"type": "LineString", "coordinates": [[-119.97392, 38.769898], [-119.975634, 38.771554], [-119.977516, 38.773374], [-119.978597, 38.773739], [-119.97962, 38.774288], [-119.980467, 38.774562], [-119.981723, 38.774287], [-119.981779, 38.774288], [-119.982424, 38.77431], [-119.984119, 38.774698]]}, "props": {"MTFCC": "S1400", "NAME": null}}, {"geom": {"type": "LineString", "coordinates": [[-119.961754, 38.912742], [-119.962752, 38.912733], [-119.963639, 38.912733], [-119.963973, 38.91271], [-119.96471, 38.912698], [-119.965298, 38.912744], [-119.965534, 38.912767], [-119.965724, 38.912785], [-119.96664, 38.913107], [-119.967032, 38.913355], [-119.968787, 38.914286], [-119.971196, 38.915763], [-119.971338, 38.916166], [-119.971429, 38.916616], [-119.971696, 38.917213], [-119.971836, 38.917718], [-119.97197, 38.918069], [-119.972058, 38.91847], [-119.972057, 38.918631], [-119.971956, 38.91905], [-119.971932, 38.919256], [-119.971966, 38.919324], [-119.97201, 38.91949], [-119.971993, 38.919689], [-119.971959, 38.920246], [-119.97194, 38.920483], [-119.971855, 38.920717], [-119.971716, 38.920923], [-119.971505, 38.921081], [-119.971326, 38.921107], [-119.971221, 38.921094]]}, "props": {"MTFCC": "S1400", "NAME": null}}, {"geom": {"type": "LineString", "coordinates": [[-119.967056, 38.904067], [-119.96695, 38.903966], [-119.966921, 38.903942]]}, "props": {"MTFCC": "S1400", "NAME": null}}, {"geom": {"type": "LineString", "coordinates": [[-119.959018, 38.898387], [-119.959045, 38.898554], [-119.959053, 38.898591], [-119.95906, 38.89862], [-119.959106, 38.898766], [-119.959172, 38.898893], [-119.959288, 38.899082], [-119.959339, 38.899139], [-119.959391, 38.899197], [-119.959484, 38.899289], [-119.959538, 38.899347], [-119.959587, 38.899403], [-119.959609, 38.899422], [-119.959712, 38.899514], [-119.959832, 38.899626], [-119.959969, 38.899761], [-119.96001, 38.899798], [-119.960146, 38.899922], [-119.960274, 38.900048], [-119.960298, 38.900078], [-119.960422, 38.9002], [-119.960601, 38.900361], [-119.960826, 38.900591], [-119.960958, 38.900707], [-119.961139, 38.900889], [-119.961258, 38.901042], [-119.961397, 38.901233], [-119.96142, 38.901295], [-119.961475, 38.901453], [-119.961507, 38.90152], [-119.961581, 38.90171], [-119.961608, 38.901792], [-119.961657, 38.901912], [-119.961774, 38.902198], [-119.961823, 38.902335], [-119.96189, 38.902504], [-119.961919, 38.902583], [-119.96193, 38.902619], [-119.96205, 38.902905], [-119.96206, 38.902926], [-119.962175, 38.903155], [-119.962208, 38.903196], [-119.96229, 38.903268], [-119.962367, 38.903322], [-119.962504, 38.90339], [-119.96256, 38.903407], [-119.962666, 38.90341], [-119.962791, 38.903395], [-119.962865, 38.903375], [-119.962911, 38.903364], [-119.962974, 38.903338], [-119.963038, 38.903306], [-119.963158, 38.903215], [-119.963223, 38.903166], [-119.963268, 38.903122], [-119.963333, 38.903043], [-119.963378, 38.902953], [-119.963398, 38.902846], [-119.963395, 38.902792], [-119.963378, 38.902712], [-119.963336, 38.902607], [-119.963288, 38.902539], [-119.963221, 38.902443], [-119.963149, 38.90235], [-119.963057, 38.902209], [-119.963026, 38.902169], [-119.963007, 38.902151], [-119.96291, 38.902016], [-119.962872, 38.901955], [-119.962807, 38.901848], [-119.962743, 38.901755], [-119.962621, 38.901565], [-119.96245, 38.901318], [-119.962421, 38.901269], [-119.962109, 38.900788], [-119.962088, 38.900702], [-119.962088, 38.900596], [-119.962115, 38.900513], [-119.962149, 38.900439], [-119.962182, 38.900386], [-119.96224, 38.900317], [-119.962356, 38.900206], [-119.962486, 38.900111], [-119.962538, 38.900062], [-119.96266, 38.899923], [-119.963053, 38.899394], [-119.96313, 38.899291], [-119.963335, 38.89899], [-119.963492, 38.898789], [-119.963529, 38.898733], [-119.96367, 38.898546]]}, "props": {"MTFCC": "S1400", "NAME": null}}, {"geom": {"type": "LineString", "coordinates": [[-119.982623, 38.889166], [-119.982714, 38.889259], [-119.9828, 38.889343], [-119.982858, 38.889469], [-119.98287, 38.8895], [-119.982878, 38.889536], [-119.982892, 38.889594], [-119.982896, 38.889717], [-119.982894, 38.889765], [-119.982877, 38.889882], [-119.982884, 38.890086], [-119.982886, 38.89066], [-119.982884, 38.890847], [-119.98289, 38.890912], [-119.982896, 38.890977], [-119.982895, 38.891068], [-119.9829, 38.891106], [-119.982891, 38.891239], [-119.982892, 38.891342], [-119.982891, 38.891371], [-119.982891, 38.891717], [-119.982892, 38.891917], [-119.982869, 38.892367], [-119.982872, 38.892453], [-119.982879, 38.892499], [-119.982878, 38.892718], [-119.982878, 38.892756], [-119.982881, 38.892894], [-119.982877, 38.893103], [-119.982877, 38.893249], [-119.982877, 38.893525], [-119.982873, 38.89369], [-119.982873, 38.893726], [-119.982877, 38.893837]]}, "props": {"MTFCC": "S1400", "NAME": null}}, {"geom": {"type": "LineString", "coordinates": [[-119.989716, 38.879546], [-119.989761, 38.879731], [-119.989769, 38.879789], [-119.989772, 38.879867], [-119.989776, 38.879948], [-119.989768, 38.880036], [-119.98975, 38.880124], [-119.989724, 38.88021], [-119.989646, 38.88037], [-119.989594, 38.880444], [-119.989484, 38.880577], [-119.989421, 38.880636], [-119.989345, 38.880712], [-119.989114, 38.880945], [-119.988886, 38.881181], [-119.98849, 38.881589], [-119.988352, 38.881722], [-119.988321, 38.881753], [-119.987994, 38.882092], [-119.987838, 38.882243], [-119.987684, 38.882398], [-119.987331, 38.882788], [-119.987207, 38.882944], [-119.987155, 38.883021], [-119.98702, 38.883178], [-119.986903, 38.883327], [-119.986731, 38.883542], [-119.986461, 38.883894], [-119.986215, 38.884184], [-119.98614, 38.884273], [-119.986012, 38.884398], [-119.98594, 38.884449], [-119.985725, 38.884634], [-119.985517, 38.884784], [-119.985378, 38.884872], [-119.985349, 38.88489], [-119.98533, 38.884903], [-119.985265, 38.884947], [-119.985237, 38.884967]]}, "props": {"MTFCC": "S1400", "NAME": null}}, {"geom": {"type": "LineString", "coordinates": [[-119.988481, 38.880582], [-119.988407, 38.880668], [-119.988381, 38.880691], [-119.988318, 38.88076], [-119.988297, 38.88078], [-119.988126, 38.880954], [-119.988087, 38.881002], [-119.98796, 38.881132], [-119.987888, 38.881222], [-119.987739, 38.881369], [-119.987547, 38.88156], [-119.987472, 38.881634], [-119.987409, 38.881715], [-119.987367, 38.881749], [-119.987247, 38.881874], [-119.987238, 38.881885], [-119.987198, 38.881918], [-119.986946, 38.882175], [-119.986823, 38.88232], [-119.986774, 38.882387], [-119.986697, 38.882458], [-119.986627, 38.882541], [-119.98652, 38.882675], [-119.986371, 38.882838], [-119.986342, 38.882872], [-119.986296, 38.882905], [-119.986158, 38.882958], [-119.98606, 38.882977], [-119.985974, 38.882981]]}, "props": {"MTFCC": "S1400", "NAME": null}}, {"geom": {"type": "LineString", "coordinates": [[-119.905525, 38.892726], [-119.905802, 38.892824], [-119.905964, 38.89322], [-119.906164, 38.893707], [-119.906214, 38.895027], [-119.906332, 38.895221], [-119.906425, 38.895227], [-119.907146, 38.895281], [-119.907301, 38.895167], [-119.907769, 38.894825], [-119.907925, 38.894712], [-119.907958, 38.894605], [-119.908199, 38.894346], [-119.908279, 38.894262], [-119.908429, 38.894389], [-119.908879, 38.894773], [-119.908923, 38.894811], [-119.908952, 38.894948], [-119.909004, 38.894975], [-119.909162, 38.895058], [-119.909215, 38.895086]]}, "props": {"MTFCC": "S1400", "NAME": null}}, {"geom": {"type": "LineString", "coordinates": [[-119.990295, 38.92846], [-119.990215, 38.928512], [-119.990037, 38.928644], [-119.989982, 38.928689], [-119.989933, 38.928739], [-119.989874, 38.928782], [-119.989778, 38.928877], [-119.989733, 38.928922], [-119.989648, 38.92903], [-119.989597, 38.929125], [-119.989554, 38.929245], [-119.98954, 38.929306], [-119.989532, 38.929456], [-119.989535, 38.929493], [-119.989559, 38.929541], [-119.989592, 38.929563], [-119.989619, 38.92957], [-119.989765, 38.929584], [-119.990147, 38.929567], [-119.990269, 38.929543], [-119.990394, 38.92952], [-119.990661, 38.929462], [-119.990786, 38.929421]]}, "props": {"MTFCC": "S1400", "NAME": null}}, {"geom": {"type": "LineString", "coordinates": [[-119.940368, 38.957311], [-119.941544, 38.957792], [-119.942169, 38.958074], [-119.942674, 38.958247]]}, "props": {"MTFCC": "S1400", "NAME": null}}, {"geom": {"type": "LineString", "coordinates": [[-119.994907, 38.861237], [-119.994908, 38.86132], [-119.994909, 38.861399], [-119.994912, 38.86156], [-119.99491, 38.861725], [-119.994916, 38.861885], [-119.994923, 38.862048], [-119.994926, 38.862086], [-119.994939, 38.862578], [-119.994945, 38.8628], [-119.994941, 38.863092], [-119.994963, 38.863514], [-119.994958, 38.863563], [-119.994963, 38.863652], [-119.994973, 38.864171], [-119.994979, 38.864425], [-119.994985, 38.86454], [-119.994986, 38.864702]]}, "props": {"MTFCC": "S1400", "NAME": null}}, {"geom": {"type": "LineString", "coordinates": [[-119.994918, 38.870677], [-119.995091, 38.870526], [-119.995162, 38.870458], [-119.995365, 38.87015], [-119.995436, 38.870053], [-119.995747, 38.869583], [-119.995837, 38.869425], [-119.995899, 38.869332], [-119.995957, 38.869257], [-119.996046, 38.869089], [-119.99633, 38.868677], [-119.996358, 38.868629], [-119.996429, 38.868522], [-119.996501, 38.868372], [-119.99656, 38.868275], [-119.996675, 38.868058], [-119.996746, 38.867903], [-119.996788, 38.867826], [-119.997083, 38.867201], [-119.997207, 38.86696], [-119.997261, 38.866813], [-119.997361, 38.866573], [-119.997428, 38.866437], [-119.997681, 38.865969], [-119.997731, 38.865886], [-119.997744, 38.865866], [-119.997889, 38.865699], [-119.997975, 38.865611], [-119.998086, 38.865522], [-119.998352, 38.865324], [-119.998563, 38.865188], [-119.998937, 38.865021], [-119.999516, 38.864772], [-119.999547, 38.864756], [-119.999602, 38.864736], [-119.999702, 38.864681], [-119.999742, 38.86466], [-119.999847, 38.864569], [-119.999895, 38.864494], [-119.999911, 38.864457], [-119.999918, 38.864373], [-119.999903, 38.864293], [-119.999848, 38.864186], [-119.999747, 38.864035]]}, "props": {"MTFCC": "S1400", "NAME": null}}, {"geom": {"type": "LineString", "coordinates": [[-119.944108, 38.948261], [-119.94429, 38.948289], [-119.944305, 38.948292], [-119.944569, 38.948347], [-119.944892, 38.948409], [-119.945088, 38.948448], [-119.945248, 38.948482], [-119.945307, 38.948495], [-119.945538, 38.948532], [-119.945733, 38.948572], [-119.945801, 38.948586], [-119.945896, 38.9486], [-119.945916, 38.948603], [-119.946042, 38.948633], [-119.946061, 38.948638], [-119.946184, 38.948678], [-119.946214, 38.948685], [-119.946468, 38.948777], [-119.94661, 38.948829], [-119.946684, 38.948856], [-119.946908, 38.948939], [-119.946925, 38.948946], [-119.946983, 38.948966], [-119.947045, 38.948987], [-119.947072, 38.948999], [-119.947177, 38.949045], [-119.947233, 38.949074], [-119.947335, 38.949115], [-119.947425, 38.949151], [-119.947555, 38.949203], [-119.947577, 38.949212], [-119.947915, 38.949358], [-119.948034, 38.949401], [-119.948081, 38.949418], [-119.948194, 38.949443]]}, "props": {"MTFCC": "S1400", "NAME": null}}, {"geom": {"type": "LineString", "coordinates": [[-119.944108, 38.948261], [-119.94429, 38.948289], [-119.944305, 38.948292], [-119.944569, 38.948347], [-119.944892, 38.948409], [-119.945088, 38.948448], [-119.945248, 38.948482], [-119.945307, 38.948495], [-119.945538, 38.948532], [-119.945733, 38.948572], [-119.945801, 38.948586], [-119.945896, 38.9486]]}, "props": {"MTFCC": "S1400", "NAME": null}}, {"geom": {"type": "LineString", "coordinates": [[-119.943385, 38.950272], [-119.943501, 38.950335], [-119.943521, 38.950346], [-119.943621, 38.950405], [-119.943929, 38.950571], [-119.943989, 38.950604], [-119.944073, 38.950627], [-119.944542, 38.95067], [-119.944759, 38.950699], [-119.944983, 38.950736], [-119.945243, 38.950776], [-119.945363, 38.950787], [-119.945833, 38.950874], [-119.946153, 38.950956], [-119.946284, 38.951021], [-119.946681, 38.95118], [-119.946782, 38.951226], [-119.946978, 38.9513]]}, "props": {"MTFCC": "S1400", "NAME": null}}, {"geom": {"type": "LineString", "coordinates": [[-119.94152, 38.941875], [-119.941441, 38.941936], [-119.941201, 38.942199], [-119.941134, 38.942273], [-119.941072, 38.942328], [-119.940618, 38.942691], [-119.940296, 38.942875], [-119.94016, 38.94296], [-119.940102, 38.943005], [-119.940036, 38.943069], [-119.939908, 38.943273], [-119.939853, 38.943346], [-119.939828, 38.943366], [-119.939649, 38.943542], [-119.93945, 38.943685], [-119.939365, 38.943723], [-119.939221, 38.943759], [-119.939109, 38.943787], [-119.939025, 38.94381], [-119.938759, 38.943888], [-119.938568, 38.943958], [-119.938361, 38.944054], [-119.93826, 38.944109], [-119.938095, 38.944193], [-119.937959, 38.944283], [-119.937787, 38.944409], [-119.937664, 38.944513], [-119.937353, 38.944743], [-119.937245, 38.944829], [-119.937181, 38.944891], [-119.937132, 38.944953], [-119.937047, 38.94509], [-119.937016, 38.945153], [-119.937009, 38.94517], [-119.936974, 38.945284], [-119.936956, 38.945418], [-119.936946, 38.94568], [-119.936949, 38.945805], [-119.936947, 38.945829], [-119.936959, 38.945909], [-119.936979, 38.945975], [-119.93699, 38.94599]]}, "props": {"MTFCC": "S1400", "NAME": null}}, {"geom": {"type": "LineString", "coordinates": [[-119.984121, 38.92953], [-119.984046, 38.929583], [-119.983822, 38.929743], [-119.983774, 38.929779], [-119.983747, 38.929796]]}, "props": {"MTFCC": "S1400", "NAME": null}}, {"geom": {"type": "LineString", "coordinates": [[-119.985276, 38.930548], [-119.985189, 38.930488], [-119.98518, 38.930479]]}, "props": {"MTFCC": "S1400", "NAME": null}}, {"geom": {"type": "LineString", "coordinates": [[-119.949388, 38.960255], [-119.949285, 38.960258], [-119.949075, 38.960238], [-119.948416, 38.960151], [-119.94784, 38.96006]]}, "props": {"MTFCC": "S1400", "NAME": null}}, {"geom": {"type": "LineString", "coordinates": [[-119.944586, 38.958839], [-119.945578, 38.958961]]}, "props": {"MTFCC": "S1400", "NAME": null}}, {"geom": {"type": "LineString", "coordinates": [[-119.949366, 38.958065], [-119.948416, 38.960151]]}, "props": {"MTFCC": "S1400", "NAME": null}}, {"geom": {"type": "LineString", "coordinates": [[-119.941114, 38.954795], [-119.941844, 38.955088], [-119.941896, 38.955116], [-119.942013, 38.955157], [-119.942137, 38.955213], [-119.942276, 38.955254], [-119.942393, 38.955296], [-119.942497, 38.955309], [-119.942552, 38.955309], [-119.942607, 38.955309], [-119.942697, 38.955309], [-119.94278, 38.955309], [-119.942849, 38.955289], [-119.942946, 38.955282], [-119.943056, 38.955254], [-119.94318, 38.955226], [-119.943305, 38.955213], [-119.943429, 38.955185], [-119.943553, 38.955164], [-119.943678, 38.955144], [-119.943768, 38.955144], [-119.943871, 38.955157], [-119.943961, 38.955157], [-119.944092, 38.955178], [-119.944175, 38.955206], [-119.944272, 38.955233], [-119.944389, 38.955282], [-119.944616, 38.955377]]}, "props": {"MTFCC": "S1400", "NAME": null}}, {"geom": {"type": "LineString", "coordinates": [[-119.944542, 38.949353], [-119.944591, 38.949303], [-119.944671, 38.949241], [-119.944719, 38.94922], [-119.94478, 38.949205], [-119.944842, 38.949196], [-119.944912, 38.949193], [-119.945016, 38.949197], [-119.945136, 38.949193], [-119.945249, 38.949195], [-119.945397, 38.949209], [-119.945678, 38.949261], [-119.945824, 38.949309], [-119.946018, 38.949386], [-119.946129, 38.949441]]}, "props": {"MTFCC": "S1400", "NAME": null}}, {"geom": {"type": "LineString", "coordinates": [[-119.968387, 38.945598], [-119.968397, 38.945785], [-119.96841, 38.946], [-119.968351, 38.946293], [-119.968339, 38.94634], [-119.968293, 38.946522]]}, "props": {"MTFCC": "S1740", "NAME": null}}, {"geom": {"type": "LineString", "coordinates": [[-119.951605, 38.940412], [-119.951329, 38.940545], [-119.951194, 38.940603], [-119.95104, 38.940655], [-119.951022, 38.940659], [-119.950891, 38.940694], [-119.950419, 38.940798], [-119.950311, 38.940827], [-119.950123, 38.940909], [-119.949792, 38.941026], [-119.949605, 38.94113], [-119.949526, 38.941187], [-119.949361, 38.941283], [-119.949286, 38.94134], [-119.949273, 38.941353], [-119.949227, 38.941405], [-119.949151, 38.941517], [-119.949123, 38.941571], [-119.949106, 38.941616], [-119.94905, 38.941834], [-119.94902, 38.941925], [-119.948999, 38.941988], [-119.948908, 38.942195], [-119.948901, 38.942212], [-119.948774, 38.942463], [-119.948724, 38.94253], [-119.948641, 38.942595], [-119.948363, 38.942761], [-119.948301, 38.942785], [-119.948139, 38.942852], [-119.94808, 38.942883], [-119.948058, 38.94289], [-119.948031, 38.942893], [-119.947881, 38.942983]]}, "props": {"MTFCC": "S1400", "NAME": null}}, {"geom": {"type": "LineString", "coordinates": [[-119.935462, 38.942497], [-119.935513, 38.942536], [-119.935558, 38.942584], [-119.935629, 38.942716], [-119.935638, 38.942731], [-119.935676, 38.942808], [-119.935748, 38.942929], [-119.935923, 38.943162], [-119.936021, 38.94327], [-119.936102, 38.943333], [-119.936152, 38.94336], [-119.936185, 38.943378], [-119.936287, 38.943428], [-119.936412, 38.943462]]}, "props": {"MTFCC": "S1400", "NAME": null}}, {"geom": {"type": "LineString", "coordinates": [[-119.978386, 38.939987], [-119.978407, 38.940136], [-119.978471, 38.940568], [-119.978473, 38.940583], [-119.978499, 38.940732], [-119.978525, 38.940889], [-119.978606, 38.94136], [-119.978634, 38.941517], [-119.978651, 38.941644], [-119.978705, 38.942028], [-119.978723, 38.942156], [-119.9788, 38.9426], [-119.978837, 38.942756], [-119.978845, 38.942822], [-119.978861, 38.942907], [-119.97888, 38.943104], [-119.978878, 38.943135], [-119.978917, 38.943349], [-119.978928, 38.943479], [-119.978951, 38.94361], [-119.979022, 38.944004], [-119.979046, 38.944136]]}, "props": {"MTFCC": "S1400", "NAME": null}}, {"geom": {"type": "LineString", "coordinates": [[-119.958547, 38.943485], [-119.958799, 38.943477], [-119.958981, 38.943472], [-119.959191, 38.943471], [-119.959332, 38.943467], [-119.959555, 38.943479], [-119.959808, 38.943493], [-119.959905, 38.943497], [-119.959975, 38.943495], [-119.96017, 38.943492], [-119.960477, 38.943498], [-119.960645, 38.943502]]}, "props": {"MTFCC": "S1400", "NAME": null}}, {"geom": {"type": "LineString", "coordinates": [[-119.971128, 38.939911], [-119.971176, 38.939997], [-119.971188, 38.940023], [-119.971256, 38.94017], [-119.971332, 38.940377], [-119.971367, 38.9405], [-119.971409, 38.940641], [-119.971462, 38.941007], [-119.971482, 38.941113], [-119.971499, 38.941297], [-119.9715, 38.941359], [-119.971505, 38.941543], [-119.971497, 38.941648], [-119.971463, 38.941844], [-119.971388, 38.94222], [-119.971366, 38.94232], [-119.971356, 38.942371], [-119.971285, 38.94261], [-119.971255, 38.942715]]}, "props": {"MTFCC": "S1400", "NAME": null}}, {"geom": {"type": "LineString", "coordinates": [[-119.969386, 38.942059], [-119.969772, 38.942048], [-119.969789, 38.942047], [-119.970104, 38.94203], [-119.970382, 38.942041], [-119.970728, 38.94209], [-119.970968, 38.942133], [-119.970992, 38.942139], [-119.971133, 38.942174], [-119.971388, 38.94222]]}, "props": {"MTFCC": "S1400", "NAME": null}}, {"geom": {"type": "LineString", "coordinates": [[-119.942381, 38.93996], [-119.942429, 38.940038], [-119.942448, 38.940064], [-119.942653, 38.940337], [-119.94267, 38.940363], [-119.942739, 38.940467]]}, "props": {"MTFCC": "S1400", "NAME": null}}, {"geom": {"type": "LineString", "coordinates": [[-119.953138, 38.937463], [-119.953066, 38.9376], [-119.953017, 38.937739], [-119.953013, 38.937752], [-119.952991, 38.937869], [-119.952989, 38.937951], [-119.952999, 38.938034], [-119.953019, 38.938106], [-119.95307, 38.938214], [-119.953146, 38.938339], [-119.953187, 38.938403], [-119.953312, 38.938548], [-119.953342, 38.938582], [-119.953396, 38.938623], [-119.953554, 38.938728]]}, "props": {"MTFCC": "S1400", "NAME": null}}, {"geom": {"type": "LineString", "coordinates": [[-119.941678, 38.936613], [-119.941733, 38.936686], [-119.941782, 38.936745], [-119.941916, 38.936907], [-119.942026, 38.937052], [-119.942097, 38.937142], [-119.942201, 38.937276], [-119.942618, 38.937871], [-119.942628, 38.937893], [-119.942627, 38.937917], [-119.942599, 38.937949], [-119.942502, 38.938012], [-119.942465, 38.938032], [-119.942308, 38.938101], [-119.942104, 38.938196], [-119.941963, 38.938244], [-119.941754, 38.938329], [-119.941683, 38.938361], [-119.941568, 38.938423], [-119.941418, 38.93849], [-119.94091, 38.938716], [-119.940783, 38.938749], [-119.940736, 38.938749], [-119.940698, 38.938732], [-119.940675, 38.93871], [-119.940666, 38.938702], [-119.940632, 38.938652], [-119.940603, 38.938623], [-119.940411, 38.938375], [-119.940235, 38.938128], [-119.940138, 38.937991], [-119.940129, 38.937979], [-119.940045, 38.937869], [-119.939841, 38.937586], [-119.939744, 38.937451]]}, "props": {"MTFCC": "S1400", "NAME": null}}, {"geom": {"type": "LineString", "coordinates": [[-119.980399, 38.933888], [-119.98034, 38.933868], [-119.980272, 38.933871], [-119.980178, 38.933855]]}, "props": {"MTFCC": "S1400", "NAME": null}}, {"geom": {"type": "LineString", "coordinates": [[-119.980134, 38.936677], [-119.979559, 38.936671], [-119.979059, 38.936666], [-119.978601, 38.936683], [-119.978064, 38.936675], [-119.977837, 38.936681], [-119.977802, 38.936682], [-119.977588, 38.936677], [-119.977508, 38.936681], [-119.977264, 38.936677]]}, "props": {"MTFCC": "S1400", "NAME": null}}, {"geom": {"type": "LineString", "coordinates": [[-119.947406, 38.93344], [-119.947342, 38.933473], [-119.947275, 38.933498], [-119.947235, 38.933515], [-119.947132, 38.93357], [-119.947062, 38.933594], [-119.946975, 38.933639], [-119.946941, 38.933661], [-119.946893, 38.933686], [-119.946816, 38.933722], [-119.946763, 38.93375]]}, "props": {"MTFCC": "S1400", "NAME": null}}, {"geom": {"type": "LineString", "coordinates": [[-119.977213, 38.939089], [-119.977087, 38.93909]]}, "props": {"MTFCC": "S1400", "NAME": null}}, {"geom": {"type": "LineString", "coordinates": [[-120.000378, 38.9276], [-120.000464, 38.92766], [-120.00054, 38.927714], [-120.000664, 38.927772], [-120.000746, 38.927801], [-120.000846, 38.927838]]}, "props": {"MTFCC": "S1400", "NAME": null}}, {"geom": {"type": "LineString", "coordinates": [[-119.991078, 38.876184], [-119.991253, 38.876219], [-119.991317, 38.876252], [-119.99139, 38.876297], [-119.991464, 38.876375], [-119.991497, 38.876418], [-119.991553, 38.876525], [-119.991577, 38.876632], [-119.991646, 38.876829], [-119.991674, 38.876884], [-119.991708, 38.876937], [-119.991787, 38.877019], [-119.991827, 38.877043], [-119.991872, 38.877059], [-119.992031, 38.877104]]}, "props": {"MTFCC": "S1400", "NAME": null}}, {"geom": {"type": "LineString", "coordinates": [[-119.946422, 38.940998], [-119.946377, 38.941055], [-119.946326, 38.941083], [-119.946264, 38.941107], [-119.946194, 38.941139], [-119.946142, 38.941159], [-119.946085, 38.941178], [-119.946027, 38.941204], [-119.945968, 38.94123], [-119.945907, 38.941259], [-119.945855, 38.941293], [-119.945817, 38.941327], [-119.945788, 38.941377], [-119.945755, 38.94142], [-119.945723, 38.941468], [-119.945697, 38.941534], [-119.945668, 38.941578], [-119.945637, 38.941627], [-119.945613, 38.941672], [-119.945586, 38.941712], [-119.945571, 38.941761], [-119.945538, 38.941806], [-119.945495, 38.941841], [-119.94544, 38.941867]]}, "props": {"MTFCC": "S1400", "NAME": null}}, {"geom": {"type": "LineString", "coordinates": [[-119.953266, 38.950487], [-119.953302, 38.950654], [-119.953318, 38.950728], [-119.95334, 38.950836], [-119.95335, 38.95091], [-119.953346, 38.950967], [-119.953354, 38.951006], [-119.953453, 38.951129], [-119.953465, 38.951143], [-119.953502, 38.95118], [-119.953585, 38.951239], [-119.9537, 38.951298], [-119.953731, 38.95131], [-119.953764, 38.951324], [-119.954125, 38.951492], [-119.954174, 38.951517], [-119.954211, 38.951536], [-119.954261, 38.951559], [-119.954297, 38.951568], [-119.954324, 38.951581], [-119.954402, 38.951603], [-119.954595, 38.951666], [-119.954615, 38.951677], [-119.954656, 38.951691], [-119.954945, 38.951821], [-119.954964, 38.951833], [-119.955041, 38.951871], [-119.955062, 38.95191], [-119.95521, 38.951969], [-119.955433, 38.95209], [-119.955556, 38.952157], [-119.955699, 38.952246]]}, "props": {"MTFCC": "S1400", "NAME": null}}, {"geom": {"type": "MultiLineString", "coordinates": [[[-120.0024, 38.90956282945735], [-120.002198, 38.909252], [-120.002056, 38.908997], [-120.001665, 38.908379], [-120.001314, 38.907824], [-120.001254, 38.907729], [-120.001077, 38.907447], [-120.001018, 38.907353], [-120.000714, 38.906877], [-120.000387, 38.906365], [-120.000217, 38.90609], [-119.999809, 38.905445], [-119.999507, 38.904969], [-119.999362, 38.904737], [-119.999296, 38.90463], [-119.999184, 38.904482], [-119.99892, 38.904049], [-119.998778, 38.903817], [-119.998598, 38.903529], [-119.998551, 38.903442], [-119.99842, 38.9032], [-119.998343, 38.903036], [-119.998276, 38.902868], [-119.998218, 38.902696], [-119.99814, 38.902358], [-119.998113, 38.902211], [-119.998109, 38.902185], [-119.998086, 38.902013], [-119.998073, 38.901839], [-119.998071, 38.901776], [-119.998068, 38.901664], [-119.998073, 38.901486], [-119.998078, 38.901431], [-119.99809, 38.901313], [-119.998155, 38.900976], [-119.998196, 38.90081], [-119.998288, 38.900475], [-119.998307, 38.900424], [-119.998435, 38.900104], [-119.998453, 38.900054], [-119.998511, 38.899906], [-119.99853, 38.899857], [-119.998541, 38.899828], [-119.998584, 38.899728], [-119.998609, 38.899672], [-119.998672, 38.89951], [-119.998742, 38.899356], [-119.998746, 38.899342], [-119.998793, 38.899211], [-119.998853, 38.899054], [-119.998861, 38.899036], [-119.998933, 38.898888], [-119.998998, 38.898732], [-119.999048, 38.898592], [-119.999056, 38.89857], [-119.999111, 38.898437], [-119.999217, 38.898175], [-119.999245, 38.898107], [-119.999315, 38.897959], [-119.999377, 38.897803], [-119.999432, 38.89764], [-119.999526, 38.897388], [-119.999612, 38.897162], [-119.999623, 38.897124], [-119.999703, 38.896845], [-119.999733, 38.896724], [-119.999819, 38.896378], [-119.999861, 38.896062], [-119.999898, 38.89575], [-119.999894, 38.895605], [-119.999895, 38.895494], [-119.999896, 38.895458], [-119.999891, 38.89508], [-119.999886, 38.894915], [-119.999882, 38.894746], [-119.999867, 38.894423], [-119.999863, 38.894331], [-119.999859, 38.89426], [-119.999853, 38.894148], [-119.99984, 38.893877], [-119.999823, 38.893648], [-119.999815, 38.89353], [-119.999713, 38.891813], [-119.999705, 38.891673], [-119.999694, 38.891201], [-119.999692, 38.89111], [-119.999692, 38.891096], [-119.999703, 38.890909], [-119.999714, 38.890839], [-119.999729, 38.89075], [-119.99978, 38.890437], [-119.999794, 38.890352], [-119.999856, 38.890171], [-119.999911, 38.889977], [-120.000003, 38.889783], [-120.000101, 38.889547], [-120.000224, 38.889256], [-120.000386, 38.888884], [-120.00049, 38.888687], [-120.000576, 38.8885], [-120.000636, 38.88832], [-120.000669, 38.888243], [-120.000879, 38.887759], [-120.001308, 38.886823], [-120.001487, 38.886453], [-120.001569, 38.886257], [-120.001992, 38.885326], [-120.00204, 38.885216], [-120.0024, 38.88440016107384]], [[-120.0024, 38.78662269953051], [-120.002198, 38.786709], [-120.001782, 38.786909], [-120.001584, 38.787016], [-120.001208, 38.787239], [-120.001033, 38.787355], [-120.000863, 38.787483], [-120.000704, 38.787618], [-120.000555, 38.787762], [-120.000285, 38.78806], [-120.000164, 38.788209], [-120.000048, 38.788398], [-119.999964, 38.788516], [-119.999927, 38.78857], [-119.999831, 38.788731], [-119.99975, 38.788898], [-119.999658, 38.789063], [-119.999587, 38.789214], [-119.999473, 38.789401], [-119.999374, 38.789574], [-119.99929, 38.789731], [-119.999202, 38.789914], [-119.999109, 38.790083], [-119.998925, 38.790428], [-119.99882, 38.79061], [-119.998745, 38.790774], [-119.998663, 38.790917], [-119.998363, 38.791446], [-119.998247, 38.791618], [-119.998148, 38.791775], [-119.99803, 38.791935], [-119.997904, 38.792089], [-119.997773, 38.792238], [-119.997636, 38.79238], [-119.997491, 38.792521], [-119.997343, 38.792656], [-119.996888, 38.793046], [-119.996557, 38.793277], [-119.996032, 38.793598], [-119.99585, 38.793695], [-119.995475, 38.793876], [-119.995358, 38.793921], [-119.995087, 38.794026], [-119.994689, 38.794157], [-119.994287, 38.794274], [-119.994086, 38.794325], [-119.993906, 38.794366], [-119.993885, 38.794371], [-119.993474, 38.794455], [-119.993258, 38.794509], [-119.993037, 38.794555], [-119.992818, 38.794609], [-119.99238, 38.794704], [-119.99217, 38.794785], [-119.991756, 38.794933], [-119.991348, 38.795085], [-119.991146, 38.795179], [-119.990918, 38.795261], [-119.990743, 38.795325], [-119.990538, 38.79539], [-119.99033, 38.795445], [-119.990169, 38.795481], [-119.98976, 38.795558], [-119.989553, 38.795581], [-119.989343, 38.795613], [-119.989129, 38.79563], [-119.988914, 38.79564], [-119.988698, 38.795635], [-119.988482, 38.795638], [-119.988263, 38.795648], [-119.988046, 38.795637], [-119.987826, 38.795638], [-119.98761, 38.795647], [-119.987398, 38.795667], [-119.987184, 38.795695], [-119.986969, 38.795728], [-119.98677, 38.79578], [-119.986378, 38.795917], [-119.986193, 38.796001], [-119.986011, 38.796091], [-119.985833, 38.796192], [-119.985472, 38.796388], [-119.98528, 38.796483], [-119.985081, 38.796563], [-119.984875, 38.796633], [-119.984663, 38.796693], [-119.984445, 38.796735], [-119.984222, 38.796763], [-119.984, 38.796768], [-119.98378, 38.796765], [-119.983721, 38.796762], [-119.983561, 38.796753], [-119.983342, 38.796735], [-119.983125, 38.796711], [-119.982689, 38.796672], [-119.982467, 38.796666], [-119.982031, 38.79669], [-119.9818, 38.796709], [-119.981583, 38.796727], [-119.981142, 38.796783], [-119.980481, 38.796874], [-119.979818, 38.796938], [-119.979598, 38.796952], [-119.979375, 38.796951], [-119.979154, 38.796941], [-119.978935, 38.796917], [-119.978717, 38.796888], [-119.97869, 38.796884], [-119.978502, 38.796852], [-119.978425, 38.796837], [-119.97829, 38.796811], [-119.978079, 38.796762], [-119.977873, 38.796708], [-119.977642, 38.796642], [-119.977467, 38.796593], [-119.977383, 38.796571], [-119.977057, 38.796485], [-119.976845, 38.796439], [-119.976628, 38.796401], [-119.976568, 38.796394], [-119.976406, 38.796376], [-119.975946, 38.796351], [-119.975716, 38.796358], [-119.975475, 38.796383], [-119.975018, 38.796446], [-119.974088, 38.796612], [-119.973844, 38.796656], [-119.973609, 38.796704], [-119.973376, 38.796739], [-119.973268, 38.79676], [-119.973142, 38.796784], [-119.972461, 38.796894], [-119.972435, 38.796899], [-119.971477, 38.79708], [-119.971239, 38.797129], [-119.970767, 38.797216], [-119.970047, 38.797331], [-119.96981, 38.797359], [-119.969548, 38.797384], [-119.969296, 38.797382], [-119.969232, 38.79738], [-119.969063, 38.797373], [-119.968829, 38.797348], [-119.968352, 38.797284], [-119.968116, 38.797241], [-119.967648, 38.797137], [-119.967182, 38.797018], [-119.966716, 38.796884], [-119.966485, 38.796811], [-119.966376, 38.796772], [-119.966259, 38.796731], [-119.965814, 38.796563], [-119.965372, 38.796384], [-119.96427, 38.79591], [-119.964044, 38.79582], [-119.963813, 38.795735], [-119.963578, 38.795656], [-119.963098, 38.795509], [-119.962365, 38.795309], [-119.960886, 38.794932], [-119.95893, 38.794433], [-119.958903, 38.794426], [-119.958, 38.794187], [-119.956739, 38.793854], [-119.956495, 38.793797], [-119.956261, 38.793733], [-119.955792, 38.793623], [-119.955339, 38.793505], [-119.955166, 38.793454], [-119.954896, 38.793374], [-119.954681, 38.793303], [-119.954469, 38.793228], [-119.954059, 38.793058], [-119.953858, 38.792966], [-119.953474, 38.792762], [-119.95321, 38.792612], [-119.952542, 38.792232], [-119.952014, 38.79192], [-119.950885, 38.791279], [-119.950663, 38.791149], [-119.950021, 38.790792], [-119.94963, 38.790543], [-119.949099, 38.790179], [-119.948968, 38.790078], [-119.947827, 38.789165], [-119.947697, 38.789061], [-119.947095, 38.788565], [-119.94699, 38.788464], [-119.946642, 38.788188], [-119.946415, 38.788033], [-119.946227, 38.787919], [-119.946135, 38.787872], [-119.946062, 38.787835], [-119.945843, 38.787724], [-119.945771, 38.787687]]]}, "props": {"MTFCC": "S1200", "NAME": null}}, {"geom": {"type": "LineString", "coordinates": [[-119.99468, 38.916387], [-119.994571, 38.916463], [-119.994396, 38.916571], [-119.994334, 38.916617], [-119.994227, 38.916682], [-119.994113, 38.916754], [-119.994085, 38.916771], [-119.994002, 38.916822], [-119.993975, 38.91684]]}, "props": {"MTFCC": "S1400", "NAME": null}}, {"geom": {"type": "LineString", "coordinates": [[-119.954241, 38.937532], [-119.954667, 38.937501], [-119.954971, 38.93748], [-119.955387, 38.937427], [-119.955438, 38.937431], [-119.955541, 38.937426], [-119.955798, 38.937395], [-119.955909, 38.937391], [-119.955944, 38.937392], [-119.955957, 38.937393], [-119.95614, 38.937378], [-119.956261, 38.937362], [-119.95637, 38.937362]]}, "props": {"MTFCC": "S1400", "NAME": null}}, {"geom": {"type": "LineString", "coordinates": [[-119.998636, 38.905634], [-119.998583, 38.905587], [-119.998516, 38.905532], [-119.998455, 38.905482], [-119.998402, 38.905438], [-119.998351, 38.905396], [-119.998293, 38.905342], [-119.998264, 38.905316], [-119.998229, 38.905276], [-119.998179, 38.905229], [-119.998125, 38.905187], [-119.998113, 38.905174]]}, "props": {"MTFCC": "S1400", "NAME": null}}, {"geom": {"type": "LineString", "coordinates": [[-119.979682, 38.890969], [-119.979573, 38.890939], [-119.979498, 38.890919], [-119.979296, 38.89085], [-119.979252, 38.890832], [-119.979235, 38.890825], [-119.979184, 38.890793], [-119.979159, 38.890771], [-119.979115, 38.890734], [-119.979088, 38.890709], [-119.978977, 38.890586], [-119.97879, 38.89038], [-119.978711, 38.890307], [-119.978572, 38.890217], [-119.978483, 38.890173], [-119.978436, 38.89016], [-119.978387, 38.890156], [-119.978358, 38.890156], [-119.978099, 38.890156], [-119.977662, 38.890161], [-119.977596, 38.890171], [-119.977548, 38.89018], [-119.977511, 38.89019], [-119.977397, 38.890238], [-119.977321, 38.890288], [-119.976917, 38.890588], [-119.976636, 38.890802], [-119.976357, 38.891015], [-119.976234, 38.89111], [-119.976078, 38.891233], [-119.975961, 38.891326]]}, "props": {"MTFCC": "S1400", "NAME": null}}, {"geom": {"type": "LineString", "coordinates": [[-119.953266, 38.950487], [-119.953302, 38.950654], [-119.953318, 38.950728], [-119.95334, 38.950836], [-119.95335, 38.95091], [-119.953346, 38.950967], [-119.953354, 38.951006], [-119.953453, 38.951129], [-119.953465, 38.951143], [-119.953502, 38.95118], [-119.953585, 38.951239], [-119.9537, 38.951298], [-119.953731, 38.95131], [-119.953764, 38.951324], [-119.954125, 38.951492], [-119.954174, 38.951517], [-119.954211, 38.951536], [-119.954261, 38.951559], [-119.954297, 38.951568], [-119.954324, 38.951581], [-119.954402, 38.951603], [-119.954595, 38.951666], [-119.954615, 38.951677], [-119.954656, 38.951691], [-119.954945, 38.951821], [-119.954964, 38.951833], [-119.955041, 38.951871], [-119.955062, 38.95191], [-119.95521, 38.951969], [-119.955433, 38.95209], [-119.955556, 38.952157], [-119.955699, 38.952246], [-119.955752, 38.952281], [-119.955914, 38.952387], [-119.955968, 38.952423]]}, "props": {"MTFCC": "S1400", "NAME": null}}, {"geom": {"type": "LineString", "coordinates": [[-119.99552, 38.867272], [-119.995413, 38.867276], [-119.995294, 38.867282], [-119.995093, 38.867295], [-119.994987, 38.867302], [-119.994849, 38.867352], [-119.994654, 38.867425], [-119.994513, 38.867608], [-119.994424, 38.867725]]}, "props": {"MTFCC": "S1400", "NAME": null}}, {"geom": {"type": "LineString", "coordinates": [[-119.995281, 38.869078], [-119.995165, 38.869035], [-119.995095, 38.868999], [-119.995014, 38.868948], [-119.994984, 38.868919], [-119.99494, 38.868831], [-119.994922, 38.868784], [-119.994912, 38.868724], [-119.994911, 38.868671], [-119.994927, 38.868599], [-119.994985, 38.86846], [-119.995175, 38.868161], [-119.995239, 38.868059], [-119.995293, 38.867979], [-119.995322, 38.867936], [-119.995368, 38.867848], [-119.995379, 38.867827], [-119.995503, 38.8675], [-119.995517, 38.867457], [-119.995521, 38.867422], [-119.995525, 38.867395], [-119.995527, 38.867332], [-119.99552, 38.867272], [-119.995506, 38.867202], [-119.995448, 38.867061], [-119.995389, 38.866959], [-119.995336, 38.866878], [-119.995292, 38.8668], [-119.995147, 38.866609], [-119.995112, 38.866539], [-119.995102, 38.866463], [-119.995107, 38.866388], [-119.995125, 38.866312], [-119.995155, 38.866241], [-119.995177, 38.866207], [-119.995195, 38.866168], [-119.995224, 38.866126], [-119.995331, 38.866027], [-119.995429, 38.865954], [-119.995532, 38.865883]]}, "props": {"MTFCC": "S1400", "NAME": null}}, {"geom": {"type": "LineString", "coordinates": [[-119.996989, 38.862174], [-119.996987, 38.86235], [-119.996986, 38.862533], [-119.99699, 38.862735], [-119.996983, 38.862815], [-119.996984, 38.862879], [-119.996987, 38.863056], [-119.996996, 38.863215], [-119.997, 38.863286], [-119.997016, 38.863695], [-119.997023, 38.863855], [-119.997027, 38.863956], [-119.997026, 38.864021], [-119.997025, 38.864173], [-119.997035, 38.86447], [-119.997039, 38.864521], [-119.997052, 38.864688]]}, "props": {"MTFCC": "S1400", "NAME": null}}, {"geom": {"type": "LineString", "coordinates": [[-119.998826, 38.891802], [-119.998744, 38.891998], [-119.998498, 38.892589], [-119.998417, 38.892786]]}, "props": {"MTFCC": "S1400", "NAME": null}}, {"geom": {"type": "LineString", "coordinates": [[-120.0024, 38.91813518518519], [-120.002365, 38.918165], [-120.002284, 38.91821], [-120.001774, 38.918531], [-120.001381, 38.918781], [-120.00124, 38.918883], [-120.001153, 38.918946], [-120.000954, 38.919098], [-120.000913, 38.919131], [-120.000689, 38.919283], [-120.000411, 38.919441], [-120.000181, 38.919604], [-120.000154, 38.919635], [-120.000084, 38.919684], [-120.000065, 38.919693], [-119.999828, 38.919825], [-119.999756, 38.919872]]}, "props": {"MTFCC": "S1400", "NAME": null}}, {"geom": {"type": "LineString", "coordinates": [[-119.995007, 38.871219], [-119.995149, 38.871224], [-119.995253, 38.871229], [-119.995384, 38.871224], [-119.995492, 38.871208], [-119.995571, 38.871183], [-119.99566, 38.871139], [-119.995696, 38.871112], [-119.995707, 38.871103], [-119.995851, 38.870925], [-119.995913, 38.870849], [-119.996224, 38.870424], [-119.996289, 38.870342], [-119.996372, 38.870239], [-119.996437, 38.870149], [-119.996514, 38.870042], [-119.996636, 38.869893], [-119.996793, 38.869675], [-119.996819, 38.869645], [-119.996935, 38.869477], [-119.997023, 38.869368], [-119.997063, 38.86932], [-119.997232, 38.86908], [-119.99731, 38.868982], [-119.997432, 38.868833], [-119.997514, 38.868725], [-119.997546, 38.868673], [-119.99761, 38.868589], [-119.997686, 38.868506], [-119.997784, 38.868387], [-119.998251, 38.867757], [-119.998449, 38.867557], [-119.998689, 38.867378], [-119.998955, 38.867194], [-119.999173, 38.867045], [-119.999759, 38.866639], [-119.99986, 38.866573], [-119.999983, 38.866487], [-120.000189, 38.866357], [-120.000268, 38.866317], [-120.000516, 38.866216], [-120.00069, 38.866139], [-120.000877, 38.86606], [-120.000898, 38.86605], [-120.001134, 38.865944], [-120.001224, 38.865895], [-120.001411, 38.865773], [-120.001793, 38.865444], [-120.001973, 38.865282], [-120.002347, 38.864971], [-120.002378, 38.864941], [-120.0024, 38.86492412684366]]}, "props": {"MTFCC": "S1400", "NAME": null}}, {"geom": {"type": "LineString", "coordinates": [[-120.000528, 38.920582], [-120.000778, 38.920423], [-120.000818, 38.92039], [-120.000866, 38.920352], [-120.001209, 38.920145], [-120.001283, 38.920096], [-120.001385, 38.920041], [-120.001443, 38.920014], [-120.001508, 38.919993], [-120.00161, 38.91995], [-120.001725, 38.919913], [-120.001738, 38.91991], [-120.001857, 38.919887], [-120.00207, 38.919968], [-120.002208, 38.920026], [-120.0024, 38.92012921804511]]}, "props": {"MTFCC": "S1400", "NAME": null}}, {"geom": {"type": "LineString", "coordinates": [[-119.997391, 38.919944], [-119.997445, 38.919917], [-119.997501, 38.919902], [-119.997577, 38.919898], [-119.997682, 38.919899], [-119.9978, 38.919912], [-119.998077, 38.919933], [-119.998313, 38.919975], [-119.998416, 38.919997], [-119.998536, 38.920045], [-119.998829, 38.920193], [-119.998925, 38.920255], [-119.999157, 38.920469], [-119.999243, 38.920538], [-119.999396, 38.920689], [-119.999798, 38.921044], [-119.999971, 38.921227], [-120.000134, 38.921373], [-120.000463, 38.921624]]}, "props": {"MTFCC": "S1400", "NAME": null}}, {"geom": {"type": "LineString", "coordinates": [[-120.0024, 38.86729598201439], [-120.001879, 38.867519], [-120.001534, 38.867647], [-120.001271, 38.867769], [-120.001113, 38.867834], [-120.001079, 38.86785], [-120.000949, 38.867932], [-120.000888, 38.86798], [-120.000852, 38.868001], [-120.000834, 38.868018], [-120.00063, 38.868215], [-120.000521, 38.868363], [-120.000391, 38.868587], [-120.000362, 38.868648], [-120.000305, 38.868737], [-120.000273, 38.868808], [-120.000091, 38.869148], [-120.000042, 38.869228], [-119.999894, 38.869471], [-119.999765, 38.869636], [-119.999751, 38.869651], [-119.999722, 38.869696], [-119.999479, 38.870012], [-119.99933, 38.870209], [-119.999279, 38.870259], [-119.999254, 38.870288], [-119.999147, 38.870384], [-119.998911, 38.870609], [-119.998716, 38.870777], [-119.998221, 38.87111], [-119.997989, 38.871277], [-119.997884, 38.871393], [-119.997814, 38.871484], [-119.997798, 38.871512], [-119.99772, 38.871693], [-119.997553, 38.872023], [-119.997535, 38.872083], [-119.997529, 38.872105], [-119.997519, 38.872217], [-119.997531, 38.872517], [-119.99755, 38.872581], [-119.997681, 38.872745], [-119.997756, 38.872837], [-119.997783, 38.872891], [-119.997837, 38.872945]]}, "props": {"MTFCC": "S1400", "NAME": null}}, {"geom": {"type": "LineString", "coordinates": [[-119.961743, 38.912177], [-119.962084, 38.912168], [-119.96247, 38.912197], [-119.962794, 38.912271]]}, "props": {"MTFCC": "S1400", "NAME": null}}, {"geom": {"type": "LineString", "coordinates": [[-119.953989, 38.909428], [-119.954026, 38.909724], [-119.954001, 38.910304], [-119.954001, 38.910699], [-119.954001, 38.911366], [-119.954001, 38.911629], [-119.953993, 38.911951], [-119.953993, 38.912233]]}, "props": {"MTFCC": "S1400", "NAME": null}}, {"geom": {"type": "LineString", "coordinates": [[-119.967724, 38.90649], [-119.967782, 38.906531], [-119.967915, 38.906675], [-119.968014, 38.906798], [-119.968034, 38.906828], [-119.968087, 38.906892], [-119.968169, 38.907018], [-119.968214, 38.907104], [-119.968259, 38.907215], [-119.968291, 38.907373], [-119.968295, 38.907391], [-119.968303, 38.907485], [-119.968288, 38.90764], [-119.968271, 38.907808], [-119.96825, 38.908023], [-119.968239, 38.908196], [-119.968223, 38.908314], [-119.968202, 38.908483], [-119.968197, 38.908523], [-119.968189, 38.908661], [-119.968186, 38.908733], [-119.968194, 38.909064], [-119.968193, 38.909198], [-119.968205, 38.909285], [-119.968224, 38.909373], [-119.968293, 38.909605], [-119.968419, 38.909864], [-119.96847, 38.909948], [-119.968631, 38.910175], [-119.968817, 38.910398], [-119.968874, 38.910454], [-119.969036, 38.910633], [-119.969104, 38.910718], [-119.969128, 38.910766], [-119.969146, 38.910799], [-119.969163, 38.910863], [-119.969166, 38.910929], [-119.96915, 38.910987], [-119.969118, 38.911051], [-119.969069, 38.911111], [-119.969006, 38.911166], [-119.968933, 38.911213], [-119.968887, 38.911225], [-119.968798, 38.911255], [-119.968749, 38.911265], [-119.968649, 38.911275], [-119.968559, 38.911259], [-119.968475, 38.911237], [-119.968386, 38.911199], [-119.968347, 38.911176], [-119.968281, 38.911116], [-119.968256, 38.911088], [-119.968179, 38.910976], [-119.968155, 38.910935], [-119.968123, 38.910895], [-119.967961, 38.910758], [-119.967793, 38.91058], [-119.967731, 38.910525], [-119.967684, 38.910465], [-119.967593, 38.910375], [-119.967569, 38.910336], [-119.967476, 38.910225], [-119.967381, 38.910134], [-119.967355, 38.910101], [-119.96732, 38.91007], [-119.967237, 38.909972], [-119.967103, 38.90984], [-119.967076, 38.909797], [-119.966948, 38.9097], [-119.966848, 38.909643], [-119.966804, 38.909612], [-119.966771, 38.909575], [-119.96663, 38.909488], [-119.96658, 38.909459], [-119.966526, 38.909438], [-119.966454, 38.909389], [-119.966385, 38.909343], [-119.966346, 38.909306], [-119.966297, 38.909275], [-119.966084, 38.90916], [-119.965978, 38.909082], [-119.965713, 38.908918], [-119.965472, 38.908807], [-119.965377, 38.908757], [-119.965141, 38.908634], [-119.964751, 38.908437], [-119.964648, 38.908383], [-119.964305, 38.908199], [-119.964155, 38.908117], [-119.963905, 38.90795]]}, "props": {"MTFCC": "S1400", "NAME": null}}, {"geom": {"type": "LineString", "coordinates": [[-119.958055, 38.898806], [-119.957866, 38.898925], [-119.957747, 38.89901], [-119.957723, 38.899035], [-119.957717, 38.899043], [-119.957675, 38.89912], [-119.957657, 38.899208], [-119.957659, 38.899286], [-119.957651, 38.899842], [-119.957647, 38.899861], [-119.957648, 38.899923], [-119.95767, 38.90027], [-119.957683, 38.900517], [-119.9577, 38.900628], [-119.957721, 38.900682], [-119.957809, 38.900896], [-119.957908, 38.901061], [-119.958002, 38.901195], [-119.958172, 38.90136], [-119.958224, 38.901402], [-119.958266, 38.901429], [-119.95831, 38.901467], [-119.95832, 38.901479], [-119.95833, 38.901492], [-119.95841, 38.901568], [-119.958432, 38.901584], [-119.95855, 38.90171], [-119.958668, 38.90188], [-119.958714, 38.902015], [-119.958733, 38.902096], [-119.958749, 38.902143], [-119.958745, 38.902282], [-119.958753, 38.902374], [-119.958788, 38.902506], [-119.95885, 38.902683], [-119.959065, 38.903143], [-119.959119, 38.903243], [-119.959143, 38.903299], [-119.959223, 38.903548], [-119.959241, 38.903679], [-119.959248, 38.903697], [-119.959252, 38.903789], [-119.959271, 38.903839], [-119.959288, 38.903934], [-119.959296, 38.904027], [-119.95933, 38.904276], [-119.959363, 38.904507], [-119.95938, 38.90471], [-119.959435, 38.905146], [-119.95945, 38.905285], [-119.959526, 38.905702], [-119.959546, 38.905753], [-119.959557, 38.905814], [-119.959564, 38.905849], [-119.959601, 38.905928], [-119.959655, 38.906014], [-119.959698, 38.906052], [-119.959837, 38.906144], [-119.959967, 38.906194], [-119.960002, 38.906212], [-119.960037, 38.90622], [-119.96011, 38.906231], [-119.960253, 38.906241], [-119.960368, 38.906229], [-119.960528, 38.906197], [-119.960636, 38.906147], [-119.960708, 38.906108], [-119.960821, 38.906053], [-119.960952, 38.90601], [-119.961079, 38.90597], [-119.961142, 38.905954], [-119.961277, 38.905942], [-119.961384, 38.905943], [-119.961484, 38.905954]]}, "props": {"MTFCC": "S1400", "NAME": null}}, {"geom": {"type": "LineString", "coordinates": [[-119.967196, 38.904907], [-119.967122, 38.904968], [-119.967083, 38.905008], [-119.967043, 38.905065], [-119.967021, 38.905111], [-119.967011, 38.905187], [-119.967016, 38.905237], [-119.967039, 38.905315], [-119.96709, 38.90543], [-119.967153, 38.905569]]}, "props": {"MTFCC": "S1400", "NAME": null}}, {"geom": {"type": "LineString", "coordinates": [[-119.981314, 38.893836], [-119.981626, 38.893836], [-119.981738, 38.893836], [-119.982024, 38.893845], [-119.982454, 38.893852], [-119.982514, 38.893849], [-119.982564, 38.893849], [-119.982698, 38.893851], [-119.982877, 38.893837], [-119.983031, 38.893827], [-119.983052, 38.893828], [-119.983321, 38.893842], [-119.98358, 38.893841], [-119.983756, 38.893841], [-119.983931, 38.89384], [-119.983954, 38.89384], [-119.984263, 38.893847], [-119.984457, 38.893838], [-119.984544, 38.893834], [-119.984568, 38.89383], [-119.984632, 38.893829]]}, "props": {"MTFCC": "S1400", "NAME": null}}, {"geom": {"type": "LineString", "coordinates": [[-119.98463, 38.888217], [-119.984435, 38.888217], [-119.984377, 38.88822], [-119.984174, 38.888234], [-119.984061, 38.888247], [-119.983962, 38.888273], [-119.983876, 38.888318], [-119.983787, 38.888371], [-119.983672, 38.888445], [-119.983554, 38.888523], [-119.983464, 38.888588], [-119.983374, 38.888652], [-119.983295, 38.888703], [-119.983101, 38.888833], [-119.982954, 38.888934], [-119.98279, 38.889048], [-119.982623, 38.889166], [-119.982577, 38.889195], [-119.982492, 38.889257], [-119.982277, 38.889393], [-119.982228, 38.889431], [-119.982133, 38.889478], [-119.98208, 38.889499], [-119.981932, 38.889559]]}, "props": {"MTFCC": "S1400", "NAME": null}}, {"geom": {"type": "LineString", "coordinates": [[-119.983401, 38.886954], [-119.983404, 38.887016], [-119.983413, 38.88716], [-119.983412, 38.887203], [-119.983411, 38.887266], [-119.983409, 38.887354], [-119.983396, 38.88746], [-119.983378, 38.887531], [-119.983353, 38.887575], [-119.983321, 38.887617], [-119.983298, 38.887635], [-119.983265, 38.887663], [-119.983135, 38.887751], [-119.983072, 38.887791], [-119.982557, 38.88815], [-119.982389, 38.888264], [-119.982303, 38.888311], [-119.982197, 38.888344], [-119.982024, 38.888363], [-119.981908, 38.888367]]}, "props": {"MTFCC": "S1400", "NAME": null}}, {"geom": {"type": "LineString", "coordinates": [[-119.993022, 38.88352], [-119.992978, 38.883505], [-119.992908, 38.88347], [-119.992733, 38.883395], [-119.992223, 38.883179], [-119.991862, 38.883032], [-119.991668, 38.882954], [-119.991573, 38.88291], [-119.991502, 38.882885], [-119.991447, 38.882861], [-119.991388, 38.882844], [-119.991266, 38.882825], [-119.991203, 38.882824], [-119.991077, 38.882836], [-119.990953, 38.882868], [-119.990894, 38.882893], [-119.990784, 38.882952], [-119.990738, 38.882989], [-119.990699, 38.883034], [-119.990644, 38.883133], [-119.990627, 38.883186], [-119.990618, 38.883236], [-119.990604, 38.88341], [-119.990603, 38.883601], [-119.990601, 38.883627], [-119.990593, 38.883737], [-119.990597, 38.883829], [-119.990588, 38.884016], [-119.990576, 38.884191], [-119.990563, 38.884405], [-119.990544, 38.884547], [-119.990523, 38.884642], [-119.990506, 38.884685], [-119.990493, 38.884709], [-119.990459, 38.884776], [-119.990403, 38.884861], [-119.990296, 38.885006], [-119.990275, 38.885026], [-119.99021, 38.88509], [-119.990067, 38.885213], [-119.989906, 38.885308], [-119.989766, 38.885385], [-119.989583, 38.885486]]}, "props": {"MTFCC": "S1400", "NAME": null}}, {"geom": {"type": "LineString", "coordinates": [[-119.993255, 38.876143], [-119.993229, 38.876165], [-119.99316, 38.876239], [-119.993046, 38.876328], [-119.993012, 38.876348], [-119.992964, 38.876378], [-119.992772, 38.876463], [-119.992672, 38.876499], [-119.992493, 38.876594], [-119.992462, 38.876619], [-119.992389, 38.876664], [-119.992257, 38.876773], [-119.992202, 38.876837], [-119.992144, 38.876907], [-119.992089, 38.876987], [-119.992031, 38.877104], [-119.991985, 38.877207], [-119.991921, 38.877429], [-119.991888, 38.877518], [-119.991843, 38.877611], [-119.991828, 38.877646], [-119.991808, 38.877699], [-119.991763, 38.877788], [-119.991622, 38.87804], [-119.991457, 38.878309], [-119.991296, 38.878584], [-119.991235, 38.878666], [-119.991102, 38.878891], [-119.991031, 38.879019], [-119.990978, 38.879117], [-119.990909, 38.879305], [-119.990908, 38.879474], [-119.990912, 38.879536], [-119.990917, 38.879617], [-119.990911, 38.87982], [-119.990905, 38.879856], [-119.990894, 38.879923], [-119.990855, 38.880052], [-119.990793, 38.880148], [-119.990771, 38.88019], [-119.990549, 38.880496], [-119.990514, 38.880535], [-119.990447, 38.880634], [-119.990428, 38.880678], [-119.990384, 38.880788], [-119.990375, 38.880833], [-119.990361, 38.880989]]}, "props": {"MTFCC": "S1400", "NAME": null}}, {"geom": {"type": "LineString", "coordinates": [[-119.987634, 38.884652], [-119.987478, 38.884682], [-119.987223, 38.884713], [-119.987074, 38.884743], [-119.987012, 38.88476], [-119.98686, 38.884802]]}, "props": {"MTFCC": "S1400", "NAME": null}}, {"geom": {"type": "LineString", "coordinates": [[-119.941844, 38.955088], [-119.940393, 38.957268], [-119.940368, 38.957311]]}, "props": {"MTFCC": "S1400", "NAME": null}}, {"geom": {"type": "LineString", "coordinates": [[-119.962715, 38.924061], [-119.962807, 38.924133], [-119.962865, 38.924178], [-119.963073, 38.924359], [-119.963106, 38.924387], [-119.963162, 38.924437], [-119.963293, 38.924547], [-119.963322, 38.924571], [-119.963398, 38.924644], [-119.963543, 38.924769], [-119.963683, 38.924892], [-119.963694, 38.924903], [-119.963816, 38.925005], [-119.964059, 38.925254], [-119.964196, 38.92538], [-119.96424, 38.925414], [-119.964352, 38.925529], [-119.964524, 38.925699], [-119.964606, 38.925773], [-119.964682, 38.925854], [-119.964727, 38.925893], [-119.964808, 38.925985], [-119.964881, 38.926086], [-119.964928, 38.926198], [-119.964945, 38.926274], [-119.964946, 38.926362], [-119.964928, 38.926448], [-119.964898, 38.926529], [-119.964807, 38.926678], [-119.964696, 38.926888], [-119.964672, 38.926946], [-119.964578, 38.927095], [-119.964468, 38.927246], [-119.964342, 38.927373], [-119.964263, 38.927462], [-119.964099, 38.927623], [-119.963871, 38.927826], [-119.963844, 38.927856], [-119.963816, 38.927905], [-119.963809, 38.927936], [-119.963811, 38.927977], [-119.963838, 38.928069], [-119.963846, 38.928146], [-119.963837, 38.928194], [-119.963828, 38.928255], [-119.963824, 38.928267]]}, "props": {"MTFCC": "S1400", "NAME": null}}, {"geom": {"type": "LineString", "coordinates": [[-120.0024, 38.86130886206897], [-120.002354, 38.861316], [-120.00218, 38.861345], [-120.002123, 38.861359], [-120.001873, 38.861413], [-120.00178, 38.861429], [-120.001602, 38.861474], [-120.001475, 38.861513], [-120.001393, 38.861543], [-120.001201, 38.861636], [-120.001005, 38.861738], [-120.000822, 38.861825], [-120.000787, 38.86184], [-120.000643, 38.861906], [-120.000468, 38.862001], [-120.000302, 38.862088], [-120.00006, 38.862243], [-119.999841, 38.862399], [-119.99982, 38.862415], [-119.999559, 38.862594], [-119.999455, 38.862641], [-119.999401, 38.862658], [-119.999313, 38.862694], [-119.999173, 38.862732], [-119.999113, 38.862754], [-119.99898, 38.862789], [-119.998917, 38.862802], [-119.998863, 38.862818], [-119.998332, 38.862912], [-119.998237, 38.862933], [-119.997924, 38.862994], [-119.997797, 38.863017], [-119.997729, 38.863031], [-119.997696, 38.863038], [-119.997526, 38.863049], [-119.997165, 38.86306], [-119.996987, 38.863056]]}, "props": {"MTFCC": "S1400", "NAME": null}}, {"geom": {"type": "LineString", "coordinates": [[-119.997286, 38.855569], [-119.997284, 38.855409], [-119.997272, 38.855178], [-119.997267, 38.855059], [-119.997266, 38.855024], [-119.997255, 38.854968], [-119.997227, 38.854894], [-119.997191, 38.854835], [-119.997114, 38.854725], [-119.997098, 38.85471], [-119.997063, 38.854694], [-119.99702, 38.854682], [-119.996924, 38.854671], [-119.996697, 38.854661], [-119.996599, 38.854664], [-119.996269, 38.854669], [-119.996068, 38.854684], [-119.995971, 38.854699], [-119.995835, 38.854721], [-119.995763, 38.854744], [-119.995679, 38.854785], [-119.995593, 38.854858], [-119.99557, 38.85489], [-119.995559, 38.854919], [-119.995557, 38.854939], [-119.995555, 38.854963], [-119.995557, 38.855066], [-119.995565, 38.855108], [-119.995575, 38.855153], [-119.995605, 38.855226], [-119.995775, 38.8555], [-119.995804, 38.855555], [-119.99582, 38.855584], [-119.995897, 38.855698]]}, "props": {"MTFCC": "S1400", "NAME": null}}, {"geom": {"type": "LineString", "coordinates": [[-119.996752, 38.866392], [-119.996872, 38.866431], [-119.997004, 38.866474], [-119.997238, 38.866538], [-119.997325, 38.866562], [-119.997361, 38.866573], [-119.997768, 38.866695], [-119.997913, 38.866727], [-119.997938, 38.866729], [-119.998009, 38.866738], [-119.998056, 38.866738], [-119.99815, 38.866718], [-119.998235, 38.866685], [-119.998305, 38.866645], [-119.998337, 38.86662], [-119.99868, 38.866264], [-119.998758, 38.866188], [-119.998868, 38.866071], [-119.998966, 38.865985], [-119.999096, 38.865903], [-119.999275, 38.865819], [-119.999389, 38.865771], [-119.999415, 38.865761], [-119.999626, 38.865672], [-119.999697, 38.865645], [-119.999875, 38.865562], [-119.99994, 38.865536], [-120.000262, 38.865389], [-120.000389, 38.865311], [-120.000495, 38.865219], [-120.000544, 38.865137], [-120.000601, 38.864972], [-120.000671, 38.864833], [-120.000757, 38.864613], [-120.000821, 38.864488], [-120.000921, 38.864367], [-120.001063, 38.864221], [-120.001196, 38.864098], [-120.00122, 38.864077], [-120.001457, 38.863902], [-120.001503, 38.863862], [-120.001695, 38.863731], [-120.001823, 38.863638], [-120.002248, 38.863352], [-120.0024, 38.86325968098159]]}, "props": {"MTFCC": "S1400", "NAME": null}}, {"geom": {"type": "LineString", "coordinates": [[-119.943375, 38.948863], [-119.943313, 38.948732], [-119.943268, 38.948673], [-119.943149, 38.948541], [-119.942987, 38.948416], [-119.942839, 38.94835], [-119.942761, 38.948324], [-119.942591, 38.948238], [-119.942487, 38.948171], [-119.942175, 38.947929], [-119.942046, 38.947772], [-119.941972, 38.947706], [-119.94169, 38.947476], [-119.941632, 38.947436], [-119.941325, 38.94726], [-119.941288, 38.947245], [-119.941254, 38.947226], [-119.94121, 38.947208], [-119.941169, 38.947175], [-119.94111, 38.947109], [-119.941101, 38.947081], [-119.941097, 38.947045], [-119.941104, 38.947007], [-119.941128, 38.946941], [-119.941161, 38.946908], [-119.941224, 38.946874], [-119.941247, 38.946865], [-119.941275, 38.94686], [-119.941365, 38.946866], [-119.941484, 38.946883], [-119.941621, 38.946911], [-119.941811, 38.946946], [-119.941929, 38.946969], [-119.942441, 38.947086], [-119.942559, 38.94712], [-119.942635, 38.947147], [-119.942751, 38.94723], [-119.942855, 38.947314], [-119.943007, 38.947479], [-119.943035, 38.947501], [-119.943227, 38.947624], [-119.94339, 38.947693], [-119.943444, 38.947716], [-119.943673, 38.947801], [-119.943843, 38.947883], [-119.943927, 38.947948], [-119.943954, 38.94797], [-119.943982, 38.947997], [-119.943995, 38.94801], [-119.944062, 38.948109], [-119.94409, 38.948172], [-119.944093, 38.948188], [-119.944108, 38.948261], [-119.944111, 38.948289], [-119.944126, 38.948505], [-119.944165, 38.948711], [-119.944215, 38.948858], [-119.944255, 38.948944], [-119.944389, 38.949143], [-119.944542, 38.949353], [-119.944593, 38.949418], [-119.944695, 38.949581], [-119.944749, 38.949704], [-119.944754, 38.949715], [-119.944794, 38.949776], [-119.944804, 38.949811], [-119.94481, 38.94983], [-119.94481, 38.949857], [-119.944769, 38.950148], [-119.944738, 38.95039], [-119.944741, 38.95055], [-119.944759, 38.950699], [-119.944777, 38.950794], [-119.944838, 38.95099], [-119.944927, 38.951291], [-119.944998, 38.951458], [-119.945017, 38.951485], [-119.94505, 38.95155], [-119.945063, 38.951568], [-119.945073, 38.951581], [-119.945096, 38.951612], [-119.945114, 38.951636]]}, "props": {"MTFCC": "S1400", "NAME": null}}, {"geom": {"type": "LineString", "coordinates": [[-119.949546, 38.933143], [-119.949521, 38.933156], [-119.949458, 38.933176], [-119.949351, 38.933222], [-119.949328, 38.933233], [-119.949285, 38.933256], [-119.948995, 38.933377], [-119.948848, 38.93344], [-119.94878, 38.933486], [-119.948765, 38.933498], [-119.948612, 38.933576], [-119.948594, 38.933582], [-119.948436, 38.933636], [-119.948296, 38.933707], [-119.948279, 38.933717], [-119.948078, 38.933796], [-119.947911, 38.93387], [-119.947789, 38.933945], [-119.947681, 38.934001], [-119.947611, 38.93402], [-119.947576, 38.934036], [-119.947409, 38.934094], [-119.947333, 38.934121], [-119.947116, 38.934229], [-119.947078, 38.934246], [-119.946737, 38.934388], [-119.946706, 38.934406], [-119.946496, 38.934504], [-119.946309, 38.934583], [-119.946255, 38.934603], [-119.94611, 38.93466], [-119.946003, 38.934714], [-119.945445, 38.934961], [-119.945259, 38.935024], [-119.94481, 38.935236], [-119.943677, 38.935733], [-119.943426, 38.935844], [-119.943235, 38.935931], [-119.943145, 38.93597], [-119.942944, 38.936063], [-119.942818, 38.936111], [-119.942588, 38.936207], [-119.942358, 38.936304], [-119.942127, 38.936416], [-119.941906, 38.936512], [-119.941678, 38.936613], [-119.941341, 38.936758], [-119.941292, 38.936783], [-119.941125, 38.93686], [-119.941019, 38.936897], [-119.940873, 38.936969], [-119.94072, 38.937033], [-119.94067, 38.937059], [-119.940553, 38.937105], [-119.940237, 38.937247], [-119.940132, 38.937286], [-119.940121, 38.937291], [-119.940082, 38.937306], [-119.939984, 38.937345], [-119.939889, 38.937393], [-119.939744, 38.937451], [-119.939685, 38.937474], [-119.939522, 38.937549], [-119.939005, 38.937791], [-119.938863, 38.93786], [-119.938645, 38.937968], [-119.938351, 38.938109], [-119.938055, 38.938239], [-119.937946, 38.938281], [-119.937866, 38.938318], [-119.937762, 38.938369], [-119.937584, 38.938465], [-119.937457, 38.938557], [-119.937333, 38.938657], [-119.937269, 38.938719], [-119.937214, 38.938787], [-119.93714, 38.938894], [-119.937079, 38.938997], [-119.936971, 38.939275], [-119.936824, 38.939929], [-119.936812, 38.940017], [-119.936802, 38.940167], [-119.936814, 38.940237], [-119.936865, 38.940389], [-119.936877, 38.940449], [-119.936924, 38.940674], [-119.936932, 38.940746], [-119.936922, 38.940873], [-119.936906, 38.940942], [-119.936845, 38.941097], [-119.93677, 38.94124], [-119.936755, 38.941261], [-119.936708, 38.941326], [-119.936635, 38.941431], [-119.936567, 38.94152], [-119.936528, 38.941573], [-119.936518, 38.941583]]}, "props": {"MTFCC": "S1400", "NAME": null}}, {"geom": {"type": "LineString", "coordinates": [[-119.988369, 38.926738], [-119.988456, 38.926711], [-119.988528, 38.926677], [-119.988638, 38.926609], [-119.988678, 38.926585], [-119.988723, 38.926545], [-119.988797, 38.92649], [-119.988884, 38.926417], [-119.988957, 38.926371], [-119.989036, 38.926322], [-119.989065, 38.926308], [-119.989106, 38.926279], [-119.989262, 38.926172], [-119.989376, 38.926107], [-119.989394, 38.926094], [-119.990252, 38.925528], [-119.990291, 38.925503], [-119.990406, 38.925413], [-119.99053, 38.925328], [-119.990768, 38.92517], [-119.991033, 38.924996], [-119.991087, 38.92495], [-119.991206, 38.924866], [-119.991474, 38.924689], [-119.991713, 38.924533]]}, "props": {"MTFCC": "S1400", "NAME": null}}, {"geom": {"type": "LineString", "coordinates": [[-119.947377, 38.955738], [-119.946962, 38.956401], [-119.946617, 38.956835], [-119.946244, 38.95741], [-119.945578, 38.958961], [-119.945108, 38.961146]]}, "props": {"MTFCC": "S1400", "NAME": null}}, {"geom": {"type": "LineString", "coordinates": [[-119.945671, 38.955834], [-119.945297, 38.95654], [-119.945063, 38.957188], [-119.944586, 38.958839], [-119.944013, 38.960464]]}, "props": {"MTFCC": "S1400", "NAME": null}}, {"geom": {"type": "LineString", "coordinates": [[-119.944061, 38.957032], [-119.943861, 38.957744]]}, "props": {"MTFCC": "S1400", "NAME": null}}, {"geom": {"type": "LineString", "coordinates": [[-119.943546, 38.951358], [-119.943641, 38.9514], [-119.944571, 38.951779], [-119.944704, 38.951839], [-119.944867, 38.951914], [-119.944916, 38.951931], [-119.94515, 38.952035], [-119.945215, 38.952063], [-119.945263, 38.952078], [-119.945339, 38.952112], [-119.945453, 38.952163], [-119.945598, 38.952225], [-119.946018, 38.952409], [-119.946225, 38.952487], [-119.946367, 38.95255], [-119.946529, 38.952622], [-119.94671, 38.952698]]}, "props": {"MTFCC": "S1400", "NAME": null}}, {"geom": {"type": "LineString", "coordinates": [[-119.950912, 38.943229], [-119.950921, 38.943327], [-119.95104, 38.943376], [-119.951238, 38.943623], [-119.951274, 38.943686], [-119.951317, 38.943737], [-119.951494, 38.943981], [-119.95174, 38.944303], [-119.951773, 38.944339], [-119.951832, 38.944422], [-119.951885, 38.944486], [-119.951931, 38.944556], [-119.952094, 38.944784], [-119.952206, 38.944929], [-119.952221, 38.944962], [-119.952362, 38.945125], [-119.952389, 38.945162], [-119.952421, 38.945211], [-119.952446, 38.945265], [-119.952463, 38.945286], [-119.952608, 38.945466], [-119.952726, 38.945634], [-119.95281, 38.945753], [-119.952899, 38.945867], [-119.952931, 38.945907], [-119.952984, 38.945994], [-119.953152, 38.946222], [-119.953239, 38.94634], [-119.953315, 38.946465], [-119.953342, 38.946509], [-119.953399, 38.946561], [-119.953413, 38.946602], [-119.953567, 38.946821], [-119.953596, 38.946863], [-119.953616, 38.9469], [-119.953648, 38.946944], [-119.95374, 38.947057], [-119.953944, 38.947309], [-119.954011, 38.947403], [-119.954097, 38.947522], [-119.954182, 38.947646], [-119.954363, 38.947911], [-119.954443, 38.948016], [-119.954535, 38.948137], [-119.95462, 38.948245], [-119.954688, 38.948332], [-119.954868, 38.948578], [-119.954918, 38.948665], [-119.95493, 38.948702], [-119.955045, 38.948858], [-119.95539, 38.949327], [-119.955506, 38.949484]]}, "props": {"MTFCC": "S1400", "NAME": null}}, {"geom": {"type": "LineString", "coordinates": [[-119.957645, 38.94463], [-119.957591, 38.94463], [-119.957504, 38.944638], [-119.957436, 38.944653]]}, "props": {"MTFCC": "S1400", "NAME": null}}, {"geom": {"type": "LineString", "coordinates": [[-119.968924, 38.936838], [-119.969018, 38.936841], [-119.969178, 38.936848], [-119.969257, 38.936846], [-119.969301, 38.936847], [-119.969396, 38.936851], [-119.969494, 38.936853], [-119.969518, 38.936851], [-119.969577, 38.936848], [-119.969881, 38.936854], [-119.970007, 38.936858], [-119.970062, 38.936858], [-119.970124, 38.936852], [-119.970388, 38.936849], [-119.970447, 38.936849], [-119.970648, 38.936837], [-119.970751, 38.936844], [-119.970792, 38.936861], [-119.970824, 38.936885], [-119.970852, 38.936956], [-119.970862, 38.937003], [-119.970864, 38.937108], [-119.970871, 38.937159], [-119.970871, 38.937577], [-119.970878, 38.937864], [-119.970877, 38.93796], [-119.970873, 38.938086], [-119.970869, 38.938266], [-119.970867, 38.938464], [-119.970866, 38.938591], [-119.970874, 38.938765], [-119.970866, 38.938922], [-119.970866, 38.938944], [-119.970868, 38.938968], [-119.970876, 38.939014], [-119.970875, 38.939095], [-119.970859, 38.939162], [-119.970844, 38.939185], [-119.970825, 38.939202], [-119.970753, 38.939229], [-119.970709, 38.939231], [-119.970594, 38.939221], [-119.970528, 38.939208], [-119.970454, 38.939204], [-119.970174, 38.939216], [-119.970126, 38.939224], [-119.970042, 38.939226], [-119.969688, 38.939235], [-119.969525, 38.939241], [-119.969398, 38.939239], [-119.969276, 38.939238], [-119.969217, 38.939244], [-119.969055, 38.939248], [-119.968913, 38.939242], [-119.968652, 38.939243], [-119.968528, 38.939237], [-119.96845, 38.939234], [-119.96832, 38.939234], [-119.968239, 38.939229], [-119.968136, 38.939214], [-119.968122, 38.939212], [-119.967997, 38.939214], [-119.967948, 38.939221], [-119.967906, 38.939222], [-119.967864, 38.939218], [-119.967825, 38.939208], [-119.967725, 38.939183]]}, "props": {"MTFCC": "S1400", "NAME": null}}, {"geom": {"type": "LineString", "coordinates": [[-119.972173, 38.93988], [-119.972233, 38.939934], [-119.972262, 38.940009], [-119.972279, 38.94009], [-119.97228, 38.940151], [-119.972284, 38.940299], [-119.972269, 38.940375], [-119.972294, 38.940575], [-119.972309, 38.940676], [-119.972326, 38.940965], [-119.972341, 38.941035], [-119.972341, 38.94106], [-119.972343, 38.94115], [-119.972348, 38.941173], [-119.972353, 38.941365], [-119.972339, 38.941487], [-119.972318, 38.941595], [-119.972309, 38.941651], [-119.972289, 38.94179], [-119.972282, 38.941917], [-119.972303, 38.942152], [-119.972294, 38.94242], [-119.972297, 38.942518], [-119.972302, 38.942625], [-119.972286, 38.942737], [-119.972264, 38.942769], [-119.972239, 38.942788]]}, "props": {"MTFCC": "S1400", "NAME": null}}, {"geom": {"type": "LineString", "coordinates": [[-119.959808, 38.943493], [-119.959803, 38.943607], [-119.959797, 38.94376], [-119.9598, 38.943951], [-119.959802, 38.944016], [-119.959811, 38.944065], [-119.959818, 38.944334], [-119.95982, 38.944481], [-119.959838, 38.94455], [-119.959856, 38.944586], [-119.959869, 38.944602], [-119.959914, 38.944624], [-119.959962, 38.944632], [-119.960077, 38.944642], [-119.960351, 38.944643], [-119.960395, 38.944642], [-119.960466, 38.944641], [-119.960666, 38.944644]]}, "props": {"MTFCC": "S1400", "NAME": null}}, {"geom": {"type": "LineString", "coordinates": [[-119.978921, 38.934278], [-119.978935, 38.93415], [-119.978939, 38.934117], [-119.978959, 38.933991], [-119.978977, 38.933951], [-119.978995, 38.933928], [-119.979013, 38.933909], [-119.979024, 38.933905], [-119.979075, 38.933885], [-119.979118, 38.933879], [-119.979131, 38.93388], [-119.979259, 38.933891]]}, "props": {"MTFCC": "S1400", "NAME": null}}, {"geom": {"type": "LineString", "coordinates": [[-119.968413, 38.941468], [-119.968768, 38.941514], [-119.968866, 38.941521], [-119.96907, 38.941517], [-119.969177, 38.941508], [-119.969292, 38.941489]]}, "props": {"MTFCC": "S1400", "NAME": null}}, {"geom": {"type": "LineString", "coordinates": [[-119.971367, 38.9405], [-119.971146, 38.940528], [-119.971059, 38.940547], [-119.971031, 38.940558], [-119.970976, 38.940571], [-119.970825, 38.940616], [-119.97063, 38.940652], [-119.970319, 38.940661], [-119.969903, 38.940651], [-119.969839, 38.940644], [-119.969733, 38.940646], [-119.969638, 38.940666], [-119.969522, 38.940673], [-119.969434, 38.940685], [-119.969332, 38.940688]]}, "props": {"MTFCC": "S1400", "NAME": null}}, {"geom": {"type": "LineString", "coordinates": [[-119.968923, 38.937901], [-119.969033, 38.937919], [-119.969139, 38.937924], [-119.969196, 38.937928], [-119.969794, 38.93793], [-119.970013, 38.937932], [-119.970185, 38.937934], [-119.970637, 38.937941], [-119.970704, 38.937946], [-119.970877, 38.93796]]}, "props": {"MTFCC": "S1400", "NAME": null}}, {"geom": {"type": "LineString", "coordinates": [[-119.95444, 38.931663], [-119.954261, 38.931641], [-119.954215, 38.931639], [-119.954167, 38.931642], [-119.95412, 38.93165], [-119.953843, 38.931661], [-119.953709, 38.931658], [-119.953598, 38.931661], [-119.953551, 38.931649], [-119.953449, 38.931641], [-119.953388, 38.931645], [-119.953325, 38.93166], [-119.952886, 38.931662], [-119.952794, 38.931652]]}, "props": {"MTFCC": "S1400", "NAME": null}}, {"geom": {"type": "LineString", "coordinates": [[-119.980178, 38.933855], [-119.98023, 38.933831], [-119.980251, 38.933808], [-119.980263, 38.933787], [-119.980273, 38.933601], [-119.980236, 38.933402], [-119.980249, 38.933294], [-119.980253, 38.933202], [-119.980247, 38.933166], [-119.980229, 38.933112], [-119.980187, 38.933045], [-119.980136, 38.932999], [-119.980079, 38.932975], [-119.980012, 38.93296], [-119.979976, 38.932958], [-119.979939, 38.932961], [-119.979836, 38.932976], [-119.979818, 38.932981], [-119.979635, 38.933034], [-119.979505, 38.933079], [-119.979469, 38.933097], [-119.979427, 38.933112], [-119.979306, 38.933171]]}, "props": {"MTFCC": "S1400", "NAME": null}}, {"geom": {"type": "LineString", "coordinates": [[-119.955133, 38.928684], [-119.954668, 38.928692], [-119.954599, 38.928692], [-119.954077, 38.928692], [-119.954023, 38.928687], [-119.953911, 38.928685], [-119.953862, 38.92868], [-119.953685, 38.92869], [-119.953643, 38.928685], [-119.953521, 38.928688], [-119.953365, 38.928709], [-119.953235, 38.928763], [-119.953175, 38.928808], [-119.953148, 38.928856], [-119.953134, 38.928913], [-119.953123, 38.928943], [-119.953111, 38.928977], [-119.953131, 38.929115], [-119.953127, 38.929187], [-119.953112, 38.929228], [-119.953109, 38.929259], [-119.95311, 38.92947], [-119.953145, 38.929958], [-119.95315, 38.930013], [-119.953206, 38.930134], [-119.95328, 38.930197], [-119.953319, 38.930219], [-119.953384, 38.930246], [-119.95345, 38.93026], [-119.953521, 38.93027], [-119.953551, 38.930268], [-119.953619, 38.930273], [-119.953781, 38.930273], [-119.95392, 38.930263], [-119.954007, 38.930263], [-119.954282, 38.930253], [-119.954339, 38.930254], [-119.954378, 38.930261], [-119.954447, 38.930263], [-119.954555, 38.930267], [-119.954757, 38.930262], [-119.954937, 38.930265]]}, "props": {"MTFCC": "S1400", "NAME": null}}, {"geom": {"type": "LineString", "coordinates": [[-119.983651, 38.927025], [-119.983779, 38.927139], [-119.98384, 38.9272], [-119.983871, 38.92723], [-119.983924, 38.927253], [-119.983993, 38.92728], [-119.984161, 38.927326], [-119.984222, 38.927352], [-119.984336, 38.927429], [-119.984447, 38.927524], [-119.984489, 38.927557], [-119.984574, 38.927641], [-119.984628, 38.927685], [-119.984758, 38.927811], [-119.984815, 38.927866], [-119.984873, 38.927913], [-119.985055, 38.928076], [-119.985119, 38.928143], [-119.985163, 38.928199], [-119.985201, 38.92827], [-119.985226, 38.928336], [-119.985243, 38.928467], [-119.98524, 38.928672], [-119.985241, 38.928833], [-119.985242, 38.928896], [-119.985247, 38.929037], [-119.985248, 38.929321], [-119.985243, 38.929398], [-119.985244, 38.929513], [-119.985245, 38.929545], [-119.985239, 38.929779], [-119.985247, 38.929866], [-119.985242, 38.929939], [-119.985245, 38.930091], [-119.985247, 38.930138], [-119.985243, 38.930284], [-119.985242, 38.930327], [-119.985241, 38.930374], [-119.985228, 38.930427], [-119.985211, 38.930449], [-119.985204, 38.930459], [-119.98518, 38.930479]]}, "props": {"MTFCC": "S1400", "NAME": null}}, {"geom": {"type": "LineString", "coordinates": [[-119.955952, 38.927396], [-119.955965, 38.92747], [-119.956016, 38.927902], [-119.956022, 38.928], [-119.956037, 38.92811], [-119.956043, 38.928203], [-119.956062, 38.92829], [-119.956089, 38.928356], [-119.956135, 38.928412], [-119.956172, 38.928442], [-119.956246, 38.928482], [-119.95635, 38.928512], [-119.95639, 38.928517], [-119.956472, 38.928522], [-119.956549, 38.928517], [-119.956679, 38.928489], [-119.956789, 38.928441], [-119.956822, 38.92842], [-119.956876, 38.928367], [-119.956896, 38.928329], [-119.956912, 38.92819], [-119.956936, 38.927922], [-119.956966, 38.927808], [-119.957017, 38.92769]]}, "props": {"MTFCC": "S1400", "NAME": null}}, {"geom": {"type": "LineString", "coordinates": [[-119.984976, 38.920213], [-119.984869, 38.920289], [-119.984744, 38.920379], [-119.984533, 38.920534], [-119.984026, 38.920846], [-119.983877, 38.920938], [-119.983781, 38.920992], [-119.983618, 38.921101], [-119.983515, 38.92118], [-119.983383, 38.921282], [-119.983166, 38.921425], [-119.983099, 38.921479], [-119.982864, 38.921642], [-119.982707, 38.921728], [-119.982686, 38.92174], [-119.982608, 38.921784], [-119.982432, 38.921902], [-119.982194, 38.92206], [-119.982162, 38.922085], [-119.982141, 38.922103], [-119.982023, 38.922175], [-119.981904, 38.922239], [-119.981838, 38.92228], [-119.981603, 38.922453], [-119.981546, 38.922485], [-119.981348, 38.922626], [-119.981314, 38.922651], [-119.981275, 38.922674], [-119.981082, 38.922815], [-119.981048, 38.922841], [-119.980836, 38.922963], [-119.980699, 38.923043], [-119.980518, 38.923155], [-119.980151, 38.923402], [-119.980113, 38.923428], [-119.979991, 38.923513], [-119.979882, 38.923598], [-119.979617, 38.923765], [-119.979541, 38.923814], [-119.979106, 38.924111], [-119.978881, 38.924239], [-119.978829, 38.924272], [-119.978637, 38.924396], [-119.978571, 38.924447], [-119.978286, 38.924646], [-119.978268, 38.924659], [-119.977918, 38.924886], [-119.977753, 38.925005], [-119.977419, 38.925222], [-119.97719, 38.925372], [-119.97713, 38.925415], [-119.977002, 38.9255], [-119.976976, 38.925516], [-119.976675, 38.925709], [-119.976614, 38.925752], [-119.976504, 38.925803], [-119.976451, 38.925824], [-119.976378, 38.925834], [-119.976325, 38.925829]]}, "props": {"MTFCC": "S1400", "NAME": null}}, {"geom": {"type": "LineString", "coordinates": [[-119.999197, 38.925324], [-119.99931, 38.925218], [-119.99938, 38.925123], [-119.999486, 38.925014], [-119.999511, 38.92498], [-119.999576, 38.924892], [-119.999631, 38.924827], [-119.999683, 38.924774], [-119.999908, 38.92446], [-120.0001, 38.924221], [-120.000278, 38.923981], [-120.000332, 38.923923], [-120.00037, 38.923874], [-120.00038, 38.923862], [-120.000415, 38.923801], [-120.000454, 38.923752], [-120.000495, 38.923688], [-120.000661, 38.923511], [-120.000693, 38.923477], [-120.000756, 38.923413], [-120.000782, 38.923386], [-120.000898, 38.92327], [-120.000954, 38.923219], [-120.001004, 38.923173], [-120.001584, 38.922802], [-120.001643, 38.922778]]}, "props": {"MTFCC": "S1400", "NAME": null}}, {"geom": {"type": "LineString", "coordinates": [[-119.96956, 38.917774], [-119.969975, 38.91755], [-119.970369, 38.91755], [-119.970759, 38.917554], [-119.971092, 38.917545], [-119.971165, 38.917586], [-119.971214, 38.917708], [-119.97124, 38.917833], [-119.971215, 38.9183], [-119.971214, 38.918334], [-119.971213, 38.918372], [-119.971191, 38.919105], [-119.971201, 38.919566], [-119.971206, 38.920504], [-119.971165, 38.920701], [-119.971221, 38.921094], [-119.971208, 38.921187], [-119.971186, 38.921344], [-119.971177, 38.921474], [-119.971172, 38.921683], [-119.971175, 38.921874], [-119.971168, 38.921923], [-119.971172, 38.92207], [-119.971161, 38.922175], [-119.97117, 38.922469], [-119.971169, 38.922592], [-119.971172, 38.922713]]}, "props": {"MTFCC": "S1400", "NAME": null}}, {"geom": {"type": "LineString", "coordinates": [[-120.0024, 38.90680552747253], [-120.002383, 38.906813], [-120.002356, 38.906823], [-120.001993, 38.90696], [-120.001907, 38.907005], [-120.001812, 38.907046], [-120.001534, 38.907149], [-120.001456, 38.907185], [-120.001354, 38.907224], [-120.001018, 38.907353]]}, "props": {"MTFCC": "S1400", "NAME": null}}, {"geom": {"type": "LineString", "coordinates": [[-119.999111, 38.898437], [-119.999159, 38.898448], [-119.999306, 38.898484], [-119.999355, 38.898497], [-119.99951, 38.898536], [-119.999659, 38.898572], [-120.000136, 38.898689], [-120.000576, 38.898789], [-120.000737, 38.898826], [-120.000845, 38.898869], [-120.000867, 38.898894]]}, "props": {"MTFCC": "S1400", "NAME": null}}, {"geom": {"type": "LineString", "coordinates": [[-119.9531, 38.911045], [-119.952559, 38.911022]]}, "props": {"MTFCC": "S1400", "NAME": null}}, {"geom": {"type": "LineString", "coordinates": [[-119.996389, 38.921757], [-119.996294, 38.921775], [-119.996234, 38.92179], [-119.996052, 38.921883], [-119.996014, 38.921923], [-119.995944, 38.922011], [-119.995931, 38.922051], [-119.995921, 38.922103], [-119.995887, 38.922197], [-119.995842, 38.922258], [-119.995817, 38.922325], [-119.99579, 38.922356], [-119.995755, 38.922383], [-119.995733, 38.922425], [-119.995715, 38.922486], [-119.995688, 38.922519], [-119.995649, 38.922556], [-119.995634, 38.922608], [-119.99559, 38.922675], [-119.995575, 38.922705], [-119.995547, 38.922739], [-119.995434, 38.922809], [-119.995383, 38.922851], [-119.995706, 38.922776], [-119.996073, 38.922587]]}, "props": {"MTFCC": "S1400", "NAME": null}}, {"geom": {"type": "LineString", "coordinates": [[-119.988401, 38.924047], [-119.988074, 38.924271], [-119.98833, 38.924492], [-119.98824, 38.924541], [-119.988406, 38.924666], [-119.988621, 38.924825], [-119.988857, 38.924887], [-119.989133, 38.925186]]}, "props": {"MTFCC": "S1750", "NAME": null}}, {"geom": {"type": "LineString", "coordinates": [[-119.970158, 38.934342], [-119.970256, 38.934351], [-119.970375, 38.934368], [-119.970428, 38.934372], [-119.970809, 38.93437], [-119.970876, 38.934373], [-119.97107, 38.93437], [-119.971136, 38.934369], [-119.97121, 38.934363], [-119.971266, 38.934363], [-119.971299, 38.934362]]}, "props": {"MTFCC": "S1400", "NAME": null}}, {"geom": {"type": "LineString", "coordinates": [[-119.995333, 38.875799], [-119.995292, 38.875982]]}, "props": {"MTFCC": "S1400", "NAME": null}}, {"geom": {"type": "LineString", "coordinates": [[-119.942121, 38.942733], [-119.942177, 38.942675], [-119.942209, 38.94263], [-119.942208, 38.942572], [-119.94221, 38.942511], [-119.942223, 38.942467], [-119.942237, 38.942404], [-119.942253, 38.94235], [-119.942261, 38.942289], [-119.942294, 38.942243], [-119.942338, 38.9422], [-119.942384, 38.942156], [-119.94243, 38.942118], [-119.942479, 38.942089], [-119.942533, 38.942053], [-119.942587, 38.942035], [-119.942653, 38.942034], [-119.942717, 38.942031], [-119.942786, 38.942014], [-119.94284, 38.941991], [-119.942915, 38.941961], [-119.942973, 38.941941], [-119.943028, 38.941904], [-119.943081, 38.941877], [-119.943131, 38.941849], [-119.943176, 38.941819], [-119.943228, 38.941794], [-119.943289, 38.941766], [-119.943355, 38.941746], [-119.943412, 38.941738], [-119.943474, 38.941705], [-119.943536, 38.941683], [-119.943589, 38.941656], [-119.943636, 38.941624], [-119.943686, 38.941596], [-119.94374, 38.941575], [-119.943799, 38.941562], [-119.943865, 38.941552]]}, "props": {"MTFCC": "S1400", "NAME": null}}, {"geom": {"type": "LineString", "coordinates": [[-119.950105, 38.957741], [-119.949786, 38.958207]]}, "props": {"MTFCC": "S1400", "NAME": null}}, {"geom": {"type": "LineString", "coordinates": [[-119.934886, 38.943076], [-119.934848, 38.943038], [-119.934818, 38.942984], [-119.934809, 38.942932], [-119.934824, 38.942791], [-119.93483, 38.942753], [-119.93486, 38.942584], [-119.93488, 38.942494], [-119.934889, 38.942376], [-119.93494, 38.942045], [-119.934954, 38.942008], [-119.934962, 38.941965], [-119.935028, 38.94173], [-119.935123, 38.941507], [-119.935145, 38.941474], [-119.935191, 38.941427], [-119.935254, 38.941365], [-119.935317, 38.941282], [-119.935387, 38.941159], [-119.935419, 38.941039], [-119.935428, 38.940918], [-119.935402, 38.940586], [-119.935386, 38.940508], [-119.935344, 38.940355], [-119.935313, 38.940198], [-119.935314, 38.94012], [-119.935334, 38.940027], [-119.935388, 38.93992], [-119.935405, 38.939895], [-119.935504, 38.93976], [-119.935537, 38.939707], [-119.935558, 38.93968], [-119.935577, 38.939645], [-119.935597, 38.93962], [-119.935697, 38.939431], [-119.935721, 38.939366], [-119.935767, 38.939251], [-119.935825, 38.939117], [-119.935848, 38.939046], [-119.935886, 38.938962], [-119.936062, 38.938495], [-119.93626, 38.938005], [-119.936299, 38.93792], [-119.936341, 38.93783], [-119.936369, 38.937744], [-119.936385, 38.937713], [-119.93641, 38.937636], [-119.936425, 38.937608], [-119.936488, 38.937433], [-119.936508, 38.937398], [-119.93653, 38.937325], [-119.936557, 38.937265], [-119.936655, 38.937025], [-119.936704, 38.936903], [-119.936712, 38.936873], [-119.936811, 38.936583], [-119.936829, 38.9365], [-119.936846, 38.93645], [-119.936891, 38.936347], [-119.936935, 38.936283], [-119.936959, 38.936264], [-119.936996, 38.936236], [-119.937016, 38.936227], [-119.937104, 38.936204], [-119.937176, 38.936196], [-119.9372, 38.936197], [-119.937317, 38.936231], [-119.937377, 38.936271], [-119.937414, 38.93631], [-119.937522, 38.936455], [-119.93767, 38.936656], [-119.937678, 38.936666], [-119.937705, 38.936703], [-119.938315, 38.937532], [-119.938322, 38.93755], [-119.938407, 38.937655], [-119.938645, 38.937968], [-119.938699, 38.938044], [-119.938951, 38.938357], [-119.939057, 38.938488], [-119.939079, 38.938523], [-119.939275, 38.938787], [-119.939367, 38.938901], [-119.939475, 38.939093], [-119.939808, 38.939538], [-119.939823, 38.939559], [-119.940109, 38.939965], [-119.940178, 38.940064], [-119.940284, 38.940215], [-119.940393, 38.94036], [-119.940467, 38.940458], [-119.940518, 38.940526], [-119.940671, 38.94073], [-119.940722, 38.940799], [-119.940783, 38.940883], [-119.940966, 38.941138], [-119.941028, 38.941223], [-119.941122, 38.941356], [-119.94116, 38.941409], [-119.941307, 38.941589], [-119.941422, 38.941743], [-119.94152, 38.941875], [-119.941598, 38.941976], [-119.94161, 38.941998], [-119.941651, 38.942071], [-119.941863, 38.942384], [-119.941947, 38.942492], [-119.941956, 38.942507], [-119.942003, 38.942584], [-119.942057, 38.942657], [-119.942067, 38.94267], [-119.942121, 38.942733], [-119.942143, 38.942759], [-119.94236, 38.94305], [-119.942387, 38.943091], [-119.942437, 38.943165], [-119.942493, 38.943239], [-119.94268, 38.943502], [-119.942783, 38.943664], [-119.942813, 38.943698], [-119.94286, 38.943783], [-119.942924, 38.943858], [-119.942984, 38.94394], [-119.94317, 38.944183], [-119.943332, 38.94439], [-119.943341, 38.944402], [-119.943739, 38.944947], [-119.943817, 38.945063], [-119.944236, 38.94563], [-119.944389, 38.945858], [-119.944406, 38.945889], [-119.944449, 38.945947], [-119.944494, 38.946011], [-119.944574, 38.946105], [-119.944764, 38.946377], [-119.944855, 38.946491], [-119.944888, 38.946521], [-119.944979, 38.946618], [-119.945042, 38.94667], [-119.945078, 38.946693], [-119.945119, 38.946712], [-119.945204, 38.946734], [-119.94529, 38.946743], [-119.945379, 38.946749], [-119.945667, 38.946743], [-119.945812, 38.946751], [-119.945912, 38.946756], [-119.946113, 38.946757], [-119.946512, 38.94676], [-119.946541, 38.946761], [-119.946929, 38.946755], [-119.947115, 38.94676], [-119.947671, 38.946732], [-119.947839, 38.946732], [-119.947953, 38.946733], [-119.948055, 38.946735], [-119.948362, 38.946744], [-119.948465, 38.946747], [-119.94867, 38.946749], [-119.948682, 38.94675], [-119.949204, 38.946752], [-119.949286, 38.946755], [-119.949338, 38.946758], [-119.949492, 38.946755]]}, "props": {"MTFCC": "S1400", "NAME": null}}, {"geom": {"type": "LineString", "coordinates": [[-119.980639, 38.887023], [-119.980832, 38.887202], [-119.981438, 38.887731], [-119.981583, 38.887858], [-119.981636, 38.887911], [-119.981713, 38.887987], [-119.981737, 38.888011], [-119.981844, 38.888141], [-119.981864, 38.888182], [-119.981884, 38.88826], [-119.981904, 38.888332], [-119.981908, 38.888367], [-119.981901, 38.888416], [-119.981853, 38.888529], [-119.981838, 38.888566], [-119.981815, 38.8886], [-119.981725, 38.888697], [-119.981625, 38.888774], [-119.981576, 38.888804], [-119.981479, 38.888876], [-119.981342, 38.88898], [-119.981179, 38.889121], [-119.981115, 38.889169], [-119.981105, 38.889178], [-119.980995, 38.889283], [-119.980803, 38.889499], [-119.98072, 38.889586], [-119.980605, 38.889719], [-119.980513, 38.889818], [-119.980379, 38.889963], [-119.980305, 38.890027], [-119.980147, 38.890193], [-119.980069, 38.890276], [-119.980027, 38.890338], [-119.979941, 38.890435], [-119.97986, 38.890548], [-119.979827, 38.890612], [-119.979815, 38.890649], [-119.979795, 38.89069], [-119.97977, 38.890757], [-119.97975, 38.890814], [-119.979682, 38.890969], [-119.979547, 38.891287], [-119.979432, 38.8915], [-119.979355, 38.891602], [-119.979178, 38.891784], [-119.979123, 38.891842], [-119.979071, 38.891895], [-119.97884, 38.89212], [-119.978617, 38.892351], [-119.978558, 38.892405], [-119.978439, 38.892529], [-119.97822, 38.892744], [-119.978072, 38.892907], [-119.977952, 38.89303], [-119.977858, 38.893105], [-119.977659, 38.893217], [-119.97736, 38.893353], [-119.977309, 38.893382], [-119.977158, 38.893436], [-119.976984, 38.893518], [-119.97692, 38.893543], [-119.976824, 38.893581], [-119.976779, 38.893594], [-119.976705, 38.893604], [-119.976645, 38.893618], [-119.976446, 38.893637], [-119.976121, 38.893624], [-119.975964, 38.893627]]}, "props": {"MTFCC": "S1400", "NAME": null}}, {"geom": {"type": "LineString", "coordinates": [[-119.978099, 38.890156], [-119.978102, 38.890278], [-119.978101, 38.890315], [-119.97811, 38.890418], [-119.978102, 38.89057], [-119.978075, 38.890616], [-119.977958, 38.890729], [-119.977944, 38.890744], [-119.977812, 38.890839], [-119.977793, 38.890862], [-119.977734, 38.890914], [-119.977689, 38.890943], [-119.977462, 38.891119], [-119.977331, 38.89121], [-119.977263, 38.891274], [-119.976625, 38.891787], [-119.976508, 38.891863], [-119.976468, 38.891893], [-119.976268, 38.892051], [-119.976245, 38.892073], [-119.976126, 38.892146], [-119.975942, 38.892236]]}, "props": {"MTFCC": "S1400", "NAME": null}}, {"geom": {"type": "LineString", "coordinates": [[-120.0024, 38.925254027777775], [-120.002387, 38.925258], [-120.0023, 38.925314], [-120.00226, 38.925348], [-120.002166, 38.925443], [-120.002135, 38.925482], [-120.002032, 38.925612], [-120.001862, 38.925785], [-120.001719, 38.925974], [-120.001688, 38.926034], [-120.001644, 38.926105], [-120.001539, 38.926229], [-120.001469, 38.92633], [-120.001409, 38.9264], [-120.001349, 38.92646], [-120.001254, 38.926565], [-120.001171, 38.926634], [-120.001125, 38.926674], [-120.001058, 38.926739], [-120.001024, 38.92682], [-120.000941, 38.926948], [-120.000875, 38.927034], [-120.000836, 38.927087], [-120.000789, 38.92716], [-120.00067, 38.927313], [-120.000498, 38.927511], [-120.000458, 38.927558], [-120.000378, 38.9276], [-120.00032, 38.927616], [-120.000245, 38.927616], [-120.00023, 38.927616], [-120.000095, 38.927606], [-120.000026, 38.927593], [-119.999962, 38.927574], [-119.999905, 38.927552], [-119.999856, 38.92753], [-119.999734, 38.927475], [-119.999467, 38.927361], [-119.999309, 38.927294], [-119.999173, 38.927228], [-119.998905, 38.927087], [-119.998723, 38.926976], [-119.998697, 38.926958], [-119.998458, 38.926796]]}, "props": {"MTFCC": "S1400", "NAME": null}}, {"geom": {"type": "LineString", "coordinates": [[-120.001532, 38.923742], [-120.001449, 38.923822], [-120.001412, 38.923869], [-120.001339, 38.923929], [-120.001301, 38.923981], [-120.001249, 38.924037], [-120.001077, 38.924199], [-120.000959, 38.924357], [-120.000833, 38.924507], [-120.00075, 38.924632], [-120.000695, 38.924695], [-120.000552, 38.924889], [-120.000514, 38.924956], [-120.00047, 38.925018], [-120.000405, 38.925084], [-120.000231, 38.925278], [-120.000113, 38.925446], [-120.000082, 38.925498], [-119.999955, 38.925666], [-119.999878, 38.925736], [-119.999812, 38.92578]]}, "props": {"MTFCC": "S1400", "NAME": null}}, {"geom": {"type": "LineString", "coordinates": [[-119.993443, 38.918898], [-119.993635, 38.919095], [-119.993823, 38.919275], [-119.993918, 38.919354], [-119.994003, 38.919416], [-119.993921, 38.919476], [-119.993822, 38.919535], [-119.993801, 38.919555], [-119.993794, 38.91958], [-119.993788, 38.919609], [-119.993792, 38.91962], [-119.99381, 38.919654], [-119.993976, 38.919792], [-119.994242, 38.920009]]}, "props": {"MTFCC": "S1400", "NAME": null}}, {"geom": {"type": "LineString", "coordinates": [[-120.001033, 38.912281], [-120.000991, 38.912302], [-120.000913, 38.912329], [-120.000767, 38.912346], [-120.000616, 38.912357], [-120.000559, 38.912356], [-120.000217, 38.912351], [-119.999104, 38.912362], [-119.998812, 38.912366], [-119.998747, 38.912362], [-119.99862, 38.912355], [-119.998568, 38.912356], [-119.998222, 38.912353], [-119.997908, 38.912352], [-119.997823, 38.912356], [-119.997168, 38.91235], [-119.997029, 38.912351], [-119.996632, 38.912356], [-119.996584, 38.912355], [-119.996441, 38.912352], [-119.996394, 38.912352], [-119.99624, 38.912349], [-119.996109, 38.912347], [-119.996002, 38.91235], [-119.995781, 38.912343], [-119.995739, 38.912342], [-119.995688, 38.912333], [-119.995634, 38.912309]]}, "props": {"MTFCC": "S1400", "NAME": null}}, {"geom": {"type": "MultiLineString", "coordinates": [[[-120.002038, 38.871535], [-120.002154, 38.87159], [-120.002292, 38.87167], [-120.002394, 38.871749], [-120.0024, 38.8717558]], [[-120.0024, 38.87277629032259], [-120.002277, 38.872935], [-120.002224, 38.87299], [-120.002115, 38.873089], [-120.001988, 38.87319], [-120.001921, 38.873258]]]}, "props": {"MTFCC": "S1400", "NAME": null}}, {"geom": {"type": "LineString", "coordinates": [[-120.0024, 38.85425838333333], [-120.002323, 38.854256], [-120.002296, 38.854257], [-120.002247, 38.854261], [-120.001357, 38.854252], [-120.001153, 38.854256], [-120.000965, 38.854252], [-120.000792, 38.854258], [-120.000707, 38.854265], [-120.000533, 38.854257], [-120.000437, 38.854248], [-120.000361, 38.854247], [-120.000276, 38.854251], [-120.00019, 38.854248], [-120.000109, 38.854251], [-119.999818, 38.85425], [-119.999548, 38.854246], [-119.99941, 38.85425], [-119.999351, 38.854252], [-119.999283, 38.854266], [-119.999148, 38.854303], [-119.999058, 38.85434], [-119.998932, 38.854408], [-119.998869, 38.854452], [-119.998838, 38.854468], [-119.998602, 38.854677], [-119.998539, 38.854718], [-119.998487, 38.854766], [-119.99845, 38.854805], [-119.998408, 38.85488], [-119.998399, 38.854898], [-119.998369, 38.855045], [-119.998382, 38.855147], [-119.998421, 38.855276], [-119.998458, 38.855379], [-119.998498, 38.855576], [-119.998493, 38.855796], [-119.998491, 38.85591], [-119.998473, 38.856077], [-119.998459, 38.856782], [-119.998428, 38.857019], [-119.998392, 38.857163], [-119.99832, 38.857369], [-119.998301, 38.857426], [-119.998264, 38.857545], [-119.998262, 38.857629], [-119.998271, 38.857662], [-119.998275, 38.857712], [-119.998284, 38.857756], [-119.998325, 38.857846], [-119.998342, 38.857876], [-119.998373, 38.857927], [-119.998466, 38.858083], [-119.998498, 38.858135], [-119.99853, 38.858186], [-119.998558, 38.858237], [-119.99863, 38.858368], [-119.998641, 38.858406], [-119.998664, 38.858452], [-119.998692, 38.858558], [-119.998698, 38.858645], [-119.998695, 38.858684], [-119.998676, 38.858774], [-119.998657, 38.858827], [-119.998631, 38.858877], [-119.998606, 38.858928], [-119.99854, 38.85909], [-119.998511, 38.859194], [-119.998504, 38.859246], [-119.998505, 38.859297], [-119.998526, 38.859401], [-119.998558, 38.859457], [-119.9986, 38.859532], [-119.998667, 38.859631], [-119.998696, 38.859672], [-119.998785, 38.859795], [-119.998802, 38.859818], [-119.998818, 38.859835], [-119.998887, 38.859919], [-119.998931, 38.859991], [-119.998938, 38.860003], [-119.999025, 38.860102], [-119.99912, 38.860235], [-119.999211, 38.860356], [-119.999251, 38.860402], [-119.999286, 38.860452], [-119.999292, 38.86046], [-119.999376, 38.860557], [-119.999409, 38.860603], [-119.999457, 38.860677], [-119.999523, 38.860738], [-119.999531, 38.860745], [-119.999563, 38.860809], [-119.999679, 38.860958], [-119.999708, 38.861005], [-119.999723, 38.861046], [-119.999817, 38.861119], [-119.999841, 38.86116], [-119.999848, 38.861172], [-119.999948, 38.861304], [-120.000054, 38.861442], [-120.000152, 38.861569], [-120.000208, 38.86162], [-120.000254, 38.861701], [-120.000361, 38.86184], [-120.00037, 38.861856], [-120.000408, 38.861923], [-120.000468, 38.862001], [-120.000567, 38.862132], [-120.000627, 38.862211], [-120.000695, 38.862272], [-120.000758, 38.862347], [-120.000899, 38.86249], [-120.001028, 38.862604], [-120.001112, 38.862673], [-120.001125, 38.862683], [-120.001337, 38.862871], [-120.001357, 38.862891], [-120.001434, 38.86297]]}, "props": {"MTFCC": "S1400", "NAME": null}}, {"geom": {"type": "LineString", "coordinates": [[-120.0024, 38.850939625], [-120.00237, 38.85094], [-120.002148, 38.850928], [-120.002073, 38.850929], [-120.001854, 38.850918], [-120.001657, 38.850934], [-120.001583, 38.850935], [-120.001324, 38.850957], [-120.001187, 38.850963], [-120.000812, 38.850941], [-120.000543, 38.85096], [-120.000308, 38.850964], [-120.000154, 38.85098], [-119.999978, 38.850981], [-119.999932, 38.850982], [-119.999864, 38.850986], [-119.999733, 38.850979], [-119.999612, 38.850993], [-119.999502, 38.851025], [-119.999395, 38.851063], [-119.99918, 38.851143]]}, "props": {"MTFCC": "S1400", "NAME": null}}, {"geom": {"type": "LineString", "coordinates": [[-119.981122, 38.916738], [-119.981163, 38.916743], [-119.981212, 38.916768], [-119.981221, 38.916774], [-119.981256, 38.916797], [-119.981415, 38.916932], [-119.981468, 38.916982], [-119.981547, 38.917056], [-119.981587, 38.917094], [-119.98171, 38.917209], [-119.981751, 38.917248], [-119.981853, 38.91734], [-119.981914, 38.917395], [-119.981974, 38.917443], [-119.982079, 38.917545], [-119.98216, 38.91762], [-119.982263, 38.917714], [-119.98231, 38.917759], [-119.982375, 38.917814], [-119.982525, 38.91794], [-119.982713, 38.918114], [-119.982733, 38.918132], [-119.982795, 38.918206], [-119.982817, 38.918223], [-119.982912, 38.918299], [-119.982927, 38.918314], [-119.983233, 38.918618], [-119.983342, 38.918713], [-119.983408, 38.918779], [-119.983448, 38.918815], [-119.983605, 38.918957], [-119.983674, 38.91902], [-119.983724, 38.919079], [-119.983769, 38.91912], [-119.98388, 38.919219], [-119.983928, 38.919266], [-119.983991, 38.91932], [-119.984294, 38.919579], [-119.984331, 38.91962], [-119.984392, 38.919686], [-119.984438, 38.919728], [-119.984545, 38.919824], [-119.984868, 38.920115], [-119.984976, 38.920213], [-119.985081, 38.920313], [-119.985207, 38.920434], [-119.985405, 38.920605], [-119.985516, 38.920701], [-119.985565, 38.920749], [-119.985714, 38.920893], [-119.985764, 38.920942], [-119.985824, 38.920999], [-119.986003, 38.92117], [-119.986064, 38.921227], [-119.986172, 38.921329], [-119.986466, 38.921604], [-119.986501, 38.921633], [-119.986528, 38.921655], [-119.986577, 38.921708], [-119.98661, 38.921735], [-119.986642, 38.92176], [-119.986719, 38.921831], [-119.986983, 38.922075], [-119.987041, 38.922127], [-119.987151, 38.922224], [-119.987263, 38.922322], [-119.987418, 38.922458], [-119.987589, 38.922627], [-119.987607, 38.922644], [-119.987685, 38.922702], [-119.987705, 38.922721], [-119.987813, 38.922824], [-119.987876, 38.922885], [-119.987931, 38.922945], [-119.988141, 38.923133], [-119.988167, 38.923157], [-119.988253, 38.923234], [-119.988347, 38.92332], [-119.98863, 38.92358], [-119.988725, 38.923667], [-119.988795, 38.923732], [-119.988834, 38.923768], [-119.989007, 38.923928], [-119.989078, 38.923994], [-119.989088, 38.924003], [-119.989138, 38.924048], [-119.989235, 38.924137], [-119.98934, 38.924232], [-119.989395, 38.924276], [-119.989563, 38.924435], [-119.989676, 38.92454], [-119.989707, 38.924569], [-119.989788, 38.924643], [-119.989868, 38.92471], [-119.989963, 38.924794], [-119.990002, 38.924831], [-119.990398, 38.925203], [-119.99053, 38.925328]]}, "props": {"MTFCC": "S1400", "NAME": null}}, {"geom": {"type": "LineString", "coordinates": [[-119.99469, 38.917285], [-119.994629, 38.917316], [-119.994584, 38.917347], [-119.994525, 38.917379], [-119.994469, 38.917424], [-119.994152, 38.917605], [-119.993754, 38.917888], [-119.993473, 38.918059], [-119.99336, 38.918126], [-119.993328, 38.91815], [-119.993307, 38.918212]]}, "props": {"MTFCC": "S1400", "NAME": null}}, {"geom": {"type": "LineString", "coordinates": [[-119.981122, 38.916738], [-119.981096, 38.916736], [-119.981062, 38.916743], [-119.981016, 38.916761], [-119.980948, 38.916805], [-119.980823, 38.916871], [-119.980743, 38.916931], [-119.980608, 38.917043], [-119.980572, 38.917074], [-119.980273, 38.917265], [-119.980162, 38.917329], [-119.980051, 38.917405], [-119.979683, 38.917631], [-119.979437, 38.917796], [-119.979309, 38.917865], [-119.979198, 38.917942], [-119.979099, 38.918021], [-119.979077, 38.918034], [-119.979003, 38.918082], [-119.978923, 38.91814], [-119.978569, 38.918368], [-119.978251, 38.918574], [-119.97806, 38.918709], [-119.977953, 38.918777], [-119.977802, 38.918879], [-119.977739, 38.918923], [-119.977501, 38.919071], [-119.977019, 38.919401], [-119.976773, 38.919573], [-119.976641, 38.919647], [-119.976395, 38.919811], [-119.976269, 38.9199], [-119.976156, 38.919973], [-119.976034, 38.920045], [-119.97566, 38.920306], [-119.975538, 38.920378], [-119.975496, 38.920406], [-119.975122, 38.920659], [-119.974896, 38.920801], [-119.974734, 38.920925]]}, "props": {"MTFCC": "S1400", "NAME": null}}, {"geom": {"type": "LineString", "coordinates": [[-119.967032, 38.913355], [-119.967026, 38.913512], [-119.967026, 38.913978], [-119.967049, 38.914215], [-119.967041, 38.91476], [-119.967065, 38.915242], [-119.967065, 38.915558], [-119.967065, 38.915779], [-119.967112, 38.915889], [-119.96727, 38.91596], [-119.969127, 38.915953], [-119.969996, 38.915945], [-119.970085, 38.915933], [-119.970275, 38.915921], [-119.970532, 38.915911], [-119.970946, 38.915829], [-119.971196, 38.915763]]}, "props": {"MTFCC": "S1400", "NAME": null}}, {"geom": {"type": "LineString", "coordinates": [[-119.956262, 38.911077], [-119.95547, 38.911329], [-119.954816, 38.911415], [-119.954384, 38.911428], [-119.954001, 38.911366]]}, "props": {"MTFCC": "S1400", "NAME": null}}, {"geom": {"type": "LineString", "coordinates": [[-119.953184, 38.902824], [-119.953174, 38.903609], [-119.953139, 38.904318], [-119.95329, 38.904549], [-119.953552, 38.904801], [-119.95392, 38.905062], [-119.954259, 38.905353], [-119.954408, 38.90554], [-119.954463, 38.905663], [-119.954425, 38.905817], [-119.954356, 38.905876], [-119.954037, 38.906293], [-119.953668, 38.906632], [-119.953329, 38.907049], [-119.953234, 38.907377], [-119.953223, 38.907539], [-119.953298, 38.907761], [-119.95347, 38.908058], [-119.953631, 38.908292], [-119.953865, 38.908514], [-119.954149, 38.90865], [-119.954322, 38.908724], [-119.954532, 38.908737], [-119.954878, 38.908774], [-119.955359, 38.908848], [-119.955853, 38.908971], [-119.956236, 38.909193], [-119.956445, 38.909514], [-119.956643, 38.909885], [-119.95684, 38.910218], [-119.957211, 38.910551], [-119.957334, 38.910687], [-119.957924, 38.911282], [-119.958145, 38.911349], [-119.958375, 38.911505], [-119.958539, 38.911717], [-119.958666, 38.911859], [-119.958979, 38.911972], [-119.959176, 38.912015], [-119.959354, 38.912036], [-119.959525, 38.912141], [-119.959731, 38.912197], [-119.960311, 38.9122], [-119.960604, 38.912183], [-119.960803, 38.912169], [-119.960977, 38.912176], [-119.961071, 38.912179], [-119.961127, 38.912218], [-119.961204, 38.912284], [-119.961267, 38.912389], [-119.961305, 38.912542], [-119.961371, 38.912682], [-119.961507, 38.912717], [-119.961754, 38.912742]]}, "props": {"MTFCC": "S1400", "NAME": null}}, {"geom": {"type": "LineString", "coordinates": [[-119.959198, 38.909576], [-119.959075, 38.909823], [-119.959161, 38.910045], [-119.959516, 38.910196], [-119.959894, 38.910518], [-119.960397, 38.910937], [-119.960542, 38.911026], [-119.960651, 38.911187]]}, "props": {"MTFCC": "S1400", "NAME": null}}, {"geom": {"type": "LineString", "coordinates": [[-119.966876, 38.908766], [-119.966943, 38.908696], [-119.966981, 38.908658], [-119.967119, 38.908545], [-119.967171, 38.908517], [-119.967257, 38.908472]]}, "props": {"MTFCC": "S1400", "NAME": null}}, {"geom": {"type": "LineString", "coordinates": [[-119.966003, 38.904565], [-119.965801, 38.904561], [-119.965697, 38.904575], [-119.965634, 38.904579], [-119.965621, 38.904581], [-119.965448, 38.904618], [-119.965279, 38.90465], [-119.965167, 38.904682], [-119.965016, 38.904719], [-119.96487, 38.904777], [-119.964704, 38.904854], [-119.96459, 38.904923], [-119.964441, 38.905016], [-119.964288, 38.905134]]}, "props": {"MTFCC": "S1400", "NAME": null}}, {"geom": {"type": "LineString", "coordinates": [[-119.957639, 38.89796], [-119.957844, 38.898366], [-119.958055, 38.898806], [-119.958101, 38.898894], [-119.958272, 38.899152], [-119.958362, 38.899263], [-119.958461, 38.899417], [-119.958544, 38.899507], [-119.958641, 38.899611], [-119.958757, 38.899734], [-119.95908, 38.900035], [-119.959311, 38.900284], [-119.959378, 38.900342], [-119.959727, 38.900686], [-119.95976, 38.900707], [-119.95982, 38.900754], [-119.959992, 38.900905], [-119.960144, 38.901045], [-119.960233, 38.901143], [-119.960333, 38.901254], [-119.960403, 38.901353], [-119.960428, 38.901382], [-119.960516, 38.901517], [-119.960603, 38.90163], [-119.960637, 38.901694], [-119.960681, 38.901789], [-119.960712, 38.901856], [-119.96072, 38.901903], [-119.96082, 38.902148], [-119.960922, 38.902403], [-119.960993, 38.902569], [-119.961049, 38.902718], [-119.961084, 38.902821], [-119.961158, 38.903088], [-119.961168, 38.903122], [-119.961235, 38.903476], [-119.961277, 38.903583], [-119.961438, 38.903842], [-119.961575, 38.904096], [-119.961598, 38.904146], [-119.961692, 38.904348], [-119.961724, 38.90444], [-119.961738, 38.904506], [-119.96175, 38.904689], [-119.961744, 38.904801], [-119.961743, 38.90482], [-119.961723, 38.904945], [-119.961639, 38.90528], [-119.961624, 38.90532], [-119.961588, 38.905502], [-119.96155, 38.905665], [-119.961533, 38.905745], [-119.961506, 38.905869], [-119.961484, 38.905954], [-119.961407, 38.906232], [-119.96138, 38.906334], [-119.96134, 38.906468], [-119.96132, 38.906555], [-119.961312, 38.906638], [-119.961321, 38.906721], [-119.961353, 38.906806], [-119.961409, 38.906884], [-119.961509, 38.906996], [-119.961529, 38.907013], [-119.961595, 38.90707], [-119.961672, 38.907121], [-119.961715, 38.907144], [-119.961772, 38.907167], [-119.961918, 38.907221], [-119.961961, 38.907234], [-119.96221, 38.907309], [-119.962395, 38.90736], [-119.962523, 38.907404], [-119.962536, 38.90741], [-119.962705, 38.907486], [-119.962719, 38.907494], [-119.962819, 38.907549], [-119.962865, 38.907575], [-119.963109, 38.907732], [-119.963206, 38.907795]]}, "props": {"MTFCC": "S1400", "NAME": null}}, {"geom": {"type": "LineString", "coordinates": [[-119.967196, 38.904907], [-119.967222, 38.904899], [-119.967327, 38.90489], [-119.967554, 38.904894], [-119.967702, 38.904886], [-119.967813, 38.904864], [-119.967863, 38.904845], [-119.967897, 38.904824], [-119.967915, 38.904814], [-119.968002, 38.904744], [-119.968091, 38.904641], [-119.968191, 38.904525], [-119.968219, 38.904474], [-119.968236, 38.904405], [-119.968239, 38.90437], [-119.968225, 38.904316], [-119.9682, 38.904265], [-119.96814, 38.904185], [-119.968119, 38.904166], [-119.968049, 38.90413], [-119.967969, 38.904107], [-119.96786, 38.904089], [-119.967566, 38.904067], [-119.967482, 38.904048], [-119.967309, 38.904034], [-119.967214, 38.904027], [-119.967143, 38.904031], [-119.967106, 38.904039], [-119.967056, 38.904067], [-119.967003, 38.904116], [-119.966976, 38.904146], [-119.966936, 38.90425], [-119.966931, 38.904314], [-119.966944, 38.904383], [-119.966978, 38.904456], [-119.967046, 38.904588], [-119.967179, 38.904849], [-119.967196, 38.904907]]}, "props": {"MTFCC": "S1400", "NAME": null}}, {"geom": {"type": "LineString", "coordinates": [[-119.963398, 38.902846], [-119.963588, 38.902843], [-119.963795, 38.902841], [-119.963828, 38.902847], [-119.963854, 38.902863], [-119.963869, 38.902896], [-119.963868, 38.903038], [-119.963853, 38.903153], [-119.963823, 38.903238], [-119.963788, 38.903301], [-119.963763, 38.903323]]}, "props": {"MTFCC": "S1400", "NAME": null}}, {"geom": {"type": "LineString", "coordinates": [[-119.976061, 38.903273], [-119.976262, 38.903275], [-119.976309, 38.903276], [-119.976371, 38.90328], [-119.976494, 38.903277], [-119.976554, 38.903281], [-119.976785, 38.903279], [-119.976868, 38.903281], [-119.976968, 38.903285], [-119.977005, 38.903289], [-119.97707, 38.903288]]}, "props": {"MTFCC": "S1400", "NAME": null}}, {"geom": {"type": "LineString", "coordinates": [[-119.982552, 38.902421], [-119.982614, 38.90246], [-119.982716, 38.902518], [-119.982759, 38.902534], [-119.982855, 38.902547], [-119.983015, 38.902552], [-119.983192, 38.902552], [-119.9833, 38.902558], [-119.983398, 38.902572], [-119.983491, 38.902596], [-119.983544, 38.902623], [-119.983611, 38.902673], [-119.983637, 38.902705], [-119.983655, 38.902739], [-119.983684, 38.902824], [-119.983685, 38.902902], [-119.983681, 38.903017], [-119.983685, 38.90347], [-119.983681, 38.903526], [-119.983682, 38.903689], [-119.983673, 38.903742], [-119.983658, 38.903794], [-119.983633, 38.903843], [-119.983598, 38.903885], [-119.983555, 38.903921], [-119.983506, 38.903947], [-119.983457, 38.903963], [-119.983409, 38.90397], [-119.983175, 38.903982], [-119.98294, 38.903974], [-119.982647, 38.903978], [-119.98259, 38.903984], [-119.982532, 38.903984], [-119.982474, 38.903978], [-119.982362, 38.903979], [-119.982303, 38.903972], [-119.982089, 38.903971], [-119.981871, 38.903975], [-119.981816, 38.903972], [-119.981653, 38.903976], [-119.981594, 38.903984], [-119.981493, 38.903974], [-119.981445, 38.903963], [-119.98137, 38.903934], [-119.981281, 38.903879], [-119.981184, 38.903774]]}, "props": {"MTFCC": "S1400", "NAME": null}}, {"geom": {"type": "LineString", "coordinates": [[-119.990588, 38.884016], [-119.990686, 38.884022], [-119.990868, 38.884028], [-119.99093, 38.884039], [-119.990999, 38.88404], [-119.991139, 38.884048], [-119.991211, 38.88406], [-119.991283, 38.884077], [-119.991353, 38.884102], [-119.991445, 38.884149], [-119.991538, 38.884217], [-119.991587, 38.884271], [-119.991627, 38.884325], [-119.991645, 38.884357], [-119.991659, 38.88438], [-119.991681, 38.884442], [-119.991694, 38.884505], [-119.991696, 38.884568], [-119.991687, 38.88463], [-119.991667, 38.884696], [-119.991641, 38.884756], [-119.991475, 38.885102], [-119.991399, 38.885232], [-119.991257, 38.885513], [-119.991227, 38.885599], [-119.991193, 38.885672], [-119.991155, 38.885731], [-119.991053, 38.885954], [-119.99091, 38.886302], [-119.990826, 38.886477], [-119.990731, 38.886635], [-119.990706, 38.886704], [-119.990674, 38.886743], [-119.990599, 38.88689], [-119.99052, 38.8871], [-119.990334, 38.887552], [-119.990264, 38.887724], [-119.990137, 38.888013], [-119.98996, 38.888396], [-119.989845, 38.888614], [-119.989634, 38.889044], [-119.989624, 38.889065], [-119.989357, 38.889593], [-119.989235, 38.889813], [-119.989205, 38.889851], [-119.989134, 38.889908], [-119.989096, 38.889927], [-119.989057, 38.88994], [-119.988979, 38.889955], [-119.988894, 38.889958], [-119.988761, 38.889937], [-119.988713, 38.889925], [-119.988249, 38.889808], [-119.988052, 38.88976], [-119.987899, 38.889723], [-119.987762, 38.889684], [-119.987466, 38.889611], [-119.987454, 38.889609], [-119.987271, 38.889561], [-119.986993, 38.889496], [-119.986868, 38.889467], [-119.986762, 38.889431], [-119.986718, 38.88941], [-119.986663, 38.889357], [-119.986657, 38.889349], [-119.986556, 38.889213], [-119.986502, 38.889154], [-119.986489, 38.88913], [-119.98647, 38.889028], [-119.98647, 38.888977], [-119.986494, 38.888879], [-119.986507, 38.888864], [-119.986585, 38.88862], [-119.986675, 38.888403], [-119.986715, 38.888311], [-119.986741, 38.888239], [-119.986785, 38.888148], [-119.986877, 38.888019], [-119.98691, 38.887985], [-119.986947, 38.887956], [-119.986988, 38.887931], [-119.987033, 38.88791], [-119.987133, 38.88788], [-119.987302, 38.887842], [-119.987333, 38.887836], [-119.987533, 38.887801], [-119.987648, 38.887793], [-119.987757, 38.887785], [-119.987914, 38.887795], [-119.987989, 38.887811]]}, "props": {"MTFCC": "S1400", "NAME": null}}, {"geom": {"type": "LineString", "coordinates": [[-119.990403, 38.884861], [-119.990323, 38.884819], [-119.990119, 38.884736], [-119.990069, 38.884716], [-119.989611, 38.884552], [-119.989353, 38.884495], [-119.989229, 38.884471], [-119.989143, 38.884455], [-119.988959, 38.884428], [-119.988923, 38.884426], [-119.988842, 38.884422], [-119.988743, 38.884426], [-119.988661, 38.884437], [-119.988607, 38.884445], [-119.988296, 38.884501], [-119.988217, 38.884522], [-119.988079, 38.884547], [-119.987888, 38.884587], [-119.987828, 38.8846], [-119.987634, 38.884652]]}, "props": {"MTFCC": "S1400", "NAME": null}}, {"geom": {"type": "LineString", "coordinates": [[-119.988934, 38.880844], [-119.988841, 38.880794], [-119.988693, 38.880702], [-119.988631, 38.880673], [-119.98857, 38.880636], [-119.988481, 38.880582], [-119.988337, 38.880503], [-119.988263, 38.880454], [-119.988194, 38.880421], [-119.988116, 38.88039], [-119.988032, 38.88037], [-119.987944, 38.880359], [-119.987755, 38.880352], [-119.98758, 38.880358], [-119.9875, 38.880352], [-119.987233, 38.880344], [-119.986855, 38.880362], [-119.986791, 38.88037], [-119.986616, 38.880414], [-119.986508, 38.880454], [-119.986398, 38.880515], [-119.986265, 38.880601], [-119.986215, 38.880651], [-119.986114, 38.880771], [-119.986066, 38.880857], [-119.986041, 38.88093], [-119.986006, 38.881008], [-119.985978, 38.881133], [-119.985979, 38.881199], [-119.985989, 38.881327], [-119.98599, 38.881643], [-119.985987, 38.882024], [-119.985987, 38.882177], [-119.985996, 38.882687], [-119.985974, 38.882981], [-119.985971, 38.88302], [-119.985978, 38.883185], [-119.985985, 38.883336], [-119.98601, 38.883565], [-119.98604, 38.883629], [-119.986068, 38.883666], [-119.98615, 38.883735], [-119.986338, 38.883833]]}, "props": {"MTFCC": "S1400", "NAME": null}}, {"geom": {"type": "LineString", "coordinates": [[-119.941114, 38.954795], [-119.939285, 38.956463], [-119.938756, 38.956919]]}, "props": {"MTFCC": "S1400", "NAME": null}}, {"geom": {"type": "LineString", "coordinates": [[-119.995532, 38.865883], [-119.995739, 38.866066], [-119.995786, 38.866111], [-119.995889, 38.866205], [-119.995987, 38.866309]]}, "props": {"MTFCC": "S1400", "NAME": null}}, {"geom": {"type": "LineString", "coordinates": [[-119.997286, 38.855569], [-119.997272, 38.855827], [-119.997285, 38.856025], [-119.997272, 38.856083], [-119.997278, 38.856282], [-119.997263, 38.856606], [-119.99728, 38.856764], [-119.997278, 38.856849], [-119.997275, 38.856956], [-119.997265, 38.856993], [-119.997225, 38.857111], [-119.997187, 38.857179], [-119.997086, 38.857344], [-119.997009, 38.857418], [-119.996932, 38.857497], [-119.996874, 38.857552], [-119.996809, 38.857605], [-119.996486, 38.857913], [-119.996395, 38.857992], [-119.996244, 38.858094], [-119.996151, 38.85814], [-119.995921, 38.858214], [-119.995688, 38.85827], [-119.995644, 38.858275], [-119.99554, 38.85827], [-119.995388, 38.858262], [-119.995285, 38.858248], [-119.995201, 38.858224], [-119.995131, 38.858195], [-119.995113, 38.858182], [-119.9951, 38.85816], [-119.99505, 38.858109], [-119.995025, 38.858062], [-119.995004, 38.857974], [-119.995008, 38.857933], [-119.995021, 38.857884], [-119.995051, 38.857828], [-119.995122, 38.857748], [-119.995181, 38.8577], [-119.995257, 38.857619], [-119.995422, 38.857463], [-119.995607, 38.857303], [-119.995754, 38.857185], [-119.995851, 38.857089], [-119.995915, 38.85701], [-119.995966, 38.856949], [-119.995999, 38.856898], [-119.996043, 38.856841], [-119.996099, 38.856724], [-119.996123, 38.856664], [-119.996141, 38.856591], [-119.996149, 38.856522], [-119.996141, 38.856393], [-119.996083, 38.856062], [-119.996068, 38.856001], [-119.996026, 38.855896], [-119.99598, 38.855808], [-119.995897, 38.855698]]}, "props": {"MTFCC": "S1400", "NAME": null}}, {"geom": {"type": "LineString", "coordinates": [[-119.948465, 38.946747], [-119.948444, 38.946786], [-119.948419, 38.94683], [-119.948281, 38.947079], [-119.948235, 38.947163], [-119.948115, 38.947405], [-119.948047, 38.947549], [-119.947978, 38.947696], [-119.947834, 38.948034], [-119.947775, 38.948193], [-119.94774, 38.948288], [-119.947572, 38.948747], [-119.947425, 38.949151]]}, "props": {"MTFCC": "S1400", "NAME": null}}, {"geom": {"type": "LineString", "coordinates": [[-119.942493, 38.943239], [-119.942311, 38.943332], [-119.942035, 38.943476], [-119.941806, 38.943613], [-119.941778, 38.943631], [-119.941637, 38.943725], [-119.94161, 38.943747], [-119.94144, 38.94388], [-119.941197, 38.944094], [-119.940896, 38.944361], [-119.940866, 38.944402], [-119.940842, 38.944447], [-119.940824, 38.944494], [-119.94081, 38.944591], [-119.940808, 38.944637], [-119.940818, 38.944671], [-119.940839, 38.944717], [-119.940897, 38.944804], [-119.940937, 38.94484], [-119.941028, 38.944902], [-119.941211, 38.944992], [-119.941305, 38.945053], [-119.941348, 38.9451], [-119.941387, 38.945173], [-119.941403, 38.945236], [-119.941403, 38.945272], [-119.941404, 38.945296], [-119.941389, 38.945374], [-119.941375, 38.945413], [-119.941316, 38.945487], [-119.941252, 38.945539], [-119.941063, 38.945647], [-119.940738, 38.945829], [-119.940623, 38.945895], [-119.940578, 38.945937], [-119.940525, 38.946009], [-119.940496, 38.946069], [-119.940486, 38.946102], [-119.940484, 38.946161], [-119.940511, 38.946224], [-119.940549, 38.946294], [-119.940659, 38.946411], [-119.940856, 38.946555], [-119.940913, 38.946608], [-119.940949, 38.946631], [-119.941086, 38.946722], [-119.941173, 38.946789], [-119.941224, 38.946874]]}, "props": {"MTFCC": "S1400", "NAME": null}}, {"geom": {"type": "LineString", "coordinates": [[-119.944073, 38.950627], [-119.943985, 38.950751], [-119.943933, 38.950826], [-119.943785, 38.951044], [-119.943721, 38.951125], [-119.943627, 38.951245], [-119.94361, 38.951267], [-119.943561, 38.951335], [-119.943546, 38.951358], [-119.943464, 38.951472], [-119.943266, 38.951754], [-119.94322, 38.951816], [-119.943138, 38.95193], [-119.943061, 38.952048], [-119.942944, 38.952231], [-119.942826, 38.952401], [-119.942746, 38.952518], [-119.942602, 38.952717], [-119.942417, 38.952962], [-119.942339, 38.953066], [-119.941811, 38.953815], [-119.941557, 38.954181], [-119.941461, 38.954318], [-119.941226, 38.954657], [-119.941114, 38.954795]]}, "props": {"MTFCC": "S1400", "NAME": null}}, {"geom": {"type": "LineString", "coordinates": [[-119.955371, 38.950708], [-119.955356, 38.950733], [-119.9553, 38.950798], [-119.955239, 38.950879], [-119.955194, 38.950916], [-119.955106, 38.950992], [-119.955053, 38.951031], [-119.954965, 38.951099], [-119.954807, 38.951213], [-119.954591, 38.951387], [-119.95455, 38.95143], [-119.954512, 38.951472], [-119.95443, 38.951533], [-119.954384, 38.951558], [-119.954324, 38.951581], [-119.954288, 38.951592], [-119.954231, 38.951625], [-119.95419, 38.951666], [-119.954159, 38.951713], [-119.954091, 38.951794], [-119.953987, 38.951892], [-119.953861, 38.951987], [-119.953704, 38.952087], [-119.953689, 38.952096], [-119.953633, 38.952136], [-119.953602, 38.952167], [-119.953577, 38.952203], [-119.953511, 38.952319], [-119.95342, 38.952454], [-119.953365, 38.952502], [-119.953243, 38.952587], [-119.953166, 38.95263], [-119.953145, 38.952647], [-119.953068, 38.952692], [-119.953011, 38.952721], [-119.952908, 38.952749], [-119.952834, 38.95277], [-119.952774, 38.952789], [-119.952723, 38.952815], [-119.952692, 38.952846], [-119.952672, 38.952879], [-119.952662, 38.95299], [-119.952641, 38.953063], [-119.952618, 38.953101], [-119.95257, 38.953149], [-119.952254, 38.953354], [-119.952157, 38.953411], [-119.952047, 38.953485], [-119.952004, 38.953509], [-119.951921, 38.953562], [-119.951855, 38.953617], [-119.951831, 38.953639], [-119.95172, 38.953748], [-119.951678, 38.953802], [-119.951647, 38.953827], [-119.951529, 38.953942], [-119.951481, 38.954], [-119.951412, 38.954067], [-119.9513, 38.954157], [-119.951252, 38.954176], [-119.951212, 38.954188], [-119.95117, 38.95422], [-119.951092, 38.954308], [-119.951032, 38.954386], [-119.950879, 38.954559], [-119.95084, 38.954599], [-119.950742, 38.954675], [-119.950667, 38.954737], [-119.95059, 38.954841], [-119.950531, 38.954953], [-119.950458, 38.955056], [-119.950403, 38.955114], [-119.950384, 38.955125], [-119.950322, 38.955175], [-119.950256, 38.955231], [-119.950147, 38.95535], [-119.950123, 38.955392], [-119.950119, 38.955434], [-119.950135, 38.955521], [-119.950134, 38.955564], [-119.950112, 38.955639], [-119.950072, 38.955714], [-119.949993, 38.955838], [-119.949978, 38.955868], [-119.94989, 38.956056], [-119.949816, 38.956176], [-119.949776, 38.956234], [-119.94972, 38.956352]]}, "props": {"MTFCC": "S1400", "NAME": null}}, {"geom": {"type": "LineString", "coordinates": [[-119.991545, 38.927301], [-119.991605, 38.927284], [-119.991662, 38.92728], [-119.991736, 38.927276], [-119.992022, 38.927273], [-119.992142, 38.927273]]}, "props": {"MTFCC": "S1400", "NAME": null}}, {"geom": {"type": "LineString", "coordinates": [[-119.950678, 38.958664], [-119.950728, 38.958682], [-119.950743, 38.958884], [-119.95069, 38.959103], [-119.950489, 38.959474], [-119.949806, 38.960838], [-119.949676, 38.961071], [-119.949619, 38.961147], [-119.949549, 38.961181]]}, "props": {"MTFCC": "S1400", "NAME": null}}, {"geom": {"type": "LineString", "coordinates": [[-119.941114, 38.954795], [-119.941844, 38.955088], [-119.941896, 38.955116], [-119.942013, 38.955157], [-119.942137, 38.955213], [-119.942276, 38.955254], [-119.942393, 38.955296], [-119.942497, 38.955309], [-119.942552, 38.955309], [-119.942607, 38.955309], [-119.942697, 38.955309], [-119.94278, 38.955309], [-119.942849, 38.955289], [-119.942946, 38.955282], [-119.943056, 38.955254], [-119.94318, 38.955226], [-119.943305, 38.955213], [-119.943429, 38.955185], [-119.943553, 38.955164], [-119.943678, 38.955144], [-119.943768, 38.955144], [-119.943871, 38.955157], [-119.943961, 38.955157], [-119.944092, 38.955178], [-119.944175, 38.955206], [-119.944272, 38.955233], [-119.944389, 38.955282], [-119.944616, 38.955377], [-119.945671, 38.955834], [-119.946133, 38.956028], [-119.94679, 38.956345], [-119.946962, 38.956401], [-119.947822, 38.956788]]}, "props": {"MTFCC": "S1400", "NAME": null}}, {"geom": {"type": "LineString", "coordinates": [[-119.951026, 38.950431], [-119.950968, 38.950415], [-119.950932, 38.9504], [-119.950898, 38.950374], [-119.950731, 38.950128], [-119.950656, 38.950024], [-119.950644, 38.950006], [-119.950622, 38.94997], [-119.950577, 38.949907], [-119.950491, 38.949789], [-119.950235, 38.949436], [-119.950146, 38.949323], [-119.950054, 38.949207], [-119.949943, 38.949066], [-119.949794, 38.948848], [-119.949719, 38.948737], [-119.949722, 38.948724]]}, "props": {"MTFCC": "S1400", "NAME": null}}, {"geom": {"type": "LineString", "coordinates": [[-119.961445, 38.945388], [-119.961456, 38.945711], [-119.961456, 38.945953], [-119.961467, 38.94612], [-119.961465, 38.94615], [-119.961484, 38.946492], [-119.961482, 38.946679], [-119.961482, 38.94674], [-119.961495, 38.947003]]}, "props": {"MTFCC": "S1400", "NAME": null}}, {"geom": {"type": "LineString", "coordinates": [[-119.966488, 38.944636], [-119.966254, 38.944626], [-119.966195, 38.944624], [-119.965808, 38.944615], [-119.965518, 38.944617], [-119.965333, 38.944629], [-119.965316, 38.944632], [-119.965247, 38.944648], [-119.965167, 38.944675], [-119.965092, 38.94471], [-119.965045, 38.944737], [-119.965023, 38.94475], [-119.964959, 38.944794], [-119.964943, 38.944806], [-119.964777, 38.944939], [-119.964658, 38.945041], [-119.964568, 38.945125], [-119.964536, 38.945153], [-119.964489, 38.945198], [-119.964439, 38.945235], [-119.964405, 38.945261], [-119.964384, 38.945276], [-119.964343, 38.945314], [-119.964328, 38.945331], [-119.964312, 38.945352], [-119.964354, 38.945372], [-119.964392, 38.945404], [-119.964422, 38.945467], [-119.964436, 38.945521], [-119.964453, 38.945647], [-119.96446, 38.945896], [-119.964458, 38.94595], [-119.964459, 38.945966], [-119.964468, 38.946062], [-119.964486, 38.946131]]}, "props": {"MTFCC": "S1400", "NAME": null}}, {"geom": {"type": "LineString", "coordinates": [[-119.956478, 38.943311], [-119.956136, 38.943477], [-119.95607, 38.943505], [-119.956045, 38.943517], [-119.955906, 38.943561], [-119.955744, 38.943621], [-119.955293, 38.943829], [-119.954824, 38.944035], [-119.954616, 38.944128], [-119.954417, 38.94423], [-119.954159, 38.944354], [-119.954077, 38.944403], [-119.954017, 38.944429], [-119.953458, 38.944681], [-119.953416, 38.944704], [-119.953309, 38.944742], [-119.953006, 38.944887], [-119.952793, 38.944972], [-119.952751, 38.944989], [-119.952389, 38.945162], [-119.952251, 38.945227], [-119.951833, 38.945399], [-119.951796, 38.945424], [-119.951632, 38.945487], [-119.9515, 38.945547], [-119.951213, 38.945691], [-119.950768, 38.945876], [-119.950377, 38.946056]]}, "props": {"MTFCC": "S1400", "NAME": null}}, {"geom": {"type": "LineString", "coordinates": [[-119.951508, 38.942197], [-119.950839, 38.942038]]}, "props": {"MTFCC": "S1400", "NAME": null}}, {"geom": {"type": "LineString", "coordinates": [[-119.954971, 38.927448], [-119.955144, 38.927431], [-119.955166, 38.92743], [-119.955464, 38.927419], [-119.955571, 38.927412], [-119.955679, 38.927398], [-119.955755, 38.927394], [-119.955791, 38.927393], [-119.955952, 38.927396], [-119.956132, 38.927402], [-119.956174, 38.927407], [-119.956239, 38.927415], [-119.956347, 38.927441], [-119.956535, 38.927502], [-119.956808, 38.927611], [-119.956821, 38.927616], [-119.956926, 38.927651], [-119.957017, 38.92769], [-119.957116, 38.927737], [-119.957216, 38.927775], [-119.957536, 38.9279], [-119.957767, 38.927998], [-119.95782, 38.928018], [-119.957882, 38.928041], [-119.958021, 38.928102], [-119.958118, 38.928135], [-119.958208, 38.928159], [-119.958219, 38.928162], [-119.958516, 38.928214], [-119.958642, 38.928245], [-119.958753, 38.92826], [-119.958788, 38.928263], [-119.958866, 38.92827], [-119.958985, 38.92827], [-119.959739, 38.928268], [-119.9602, 38.928467], [-119.960714, 38.928824], [-119.961176, 38.92917], [-119.961994, 38.929768], [-119.962351, 38.930177], [-119.962372, 38.930408], [-119.962321, 38.93218], [-119.962403, 38.934058], [-119.962403, 38.934572], [-119.962172, 38.935464], [-119.962068, 38.936115], [-119.962078, 38.936555], [-119.962064, 38.937412], [-119.96206, 38.937477], [-119.962054, 38.937614], [-119.962058, 38.937675], [-119.962061, 38.937702], [-119.962061, 38.937741], [-119.962061, 38.937815], [-119.962064, 38.937964], [-119.962061, 38.938037], [-119.962058, 38.938112], [-119.962055, 38.938179], [-119.962049, 38.938326], [-119.962046, 38.938382], [-119.962045, 38.938417], [-119.962045, 38.93845], [-119.962047, 38.938627], [-119.962071, 38.939197], [-119.962077, 38.939321], [-119.962071, 38.939384], [-119.962068, 38.939421], [-119.962057, 38.939471], [-119.96203, 38.939529], [-119.961967, 38.939618], [-119.961932, 38.939653], [-119.961804, 38.939786], [-119.961691, 38.939915], [-119.96161, 38.9401], [-119.961598, 38.940166], [-119.961594, 38.940233], [-119.961593, 38.940475], [-119.961592, 38.940787], [-119.961587, 38.940927], [-119.961585, 38.941014], [-119.961594, 38.941348], [-119.961598, 38.941489], [-119.961603, 38.941647], [-119.961605, 38.94171], [-119.961606, 38.942122], [-119.961607, 38.942281], [-119.961605, 38.942438], [-119.961604, 38.942519], [-119.961608, 38.942558], [-119.961609, 38.942677], [-119.961617, 38.942755], [-119.961615, 38.942827], [-119.961617, 38.94291], [-119.96162, 38.942977], [-119.961629, 38.943068], [-119.961624, 38.943166], [-119.961614, 38.943409], [-119.961618, 38.943461], [-119.961622, 38.943496], [-119.96162, 38.94356], [-119.961615, 38.943683], [-119.961616, 38.943716], [-119.96163, 38.943973], [-119.961643, 38.944186], [-119.961648, 38.944261], [-119.961641, 38.944343], [-119.961631, 38.94446], [-119.961617, 38.944634], [-119.961629, 38.944767], [-119.961629, 38.944811], [-119.96163, 38.944908], [-119.961634, 38.944929], [-119.961641, 38.944969], [-119.961665, 38.945022], [-119.961709, 38.94506], [-119.961765, 38.94509], [-119.961829, 38.945109], [-119.961897, 38.945123], [-119.961971, 38.945127], [-119.962168, 38.945126], [-119.962325, 38.945126], [-119.96244, 38.945122], [-119.962584, 38.945128], [-119.962677, 38.945133], [-119.962958, 38.945127], [-119.96305, 38.945121], [-119.963311, 38.945122], [-119.963362, 38.945125], [-119.963621, 38.945145]]}, "props": {"MTFCC": "S1400", "NAME": null}}, {"geom": {"type": "LineString", "coordinates": [[-119.973428, 38.93853], [-119.973584, 38.938534], [-119.9737, 38.938528], [-119.973717, 38.938528], [-119.974146, 38.938552], [-119.974286, 38.938573], [-119.974582, 38.93858], [-119.97472, 38.938584], [-119.974872, 38.938575], [-119.975165, 38.938561], [-119.975337, 38.938567], [-119.975386, 38.938583], [-119.97541, 38.938586], [-119.975473, 38.938585], [-119.975495, 38.938578], [-119.975548, 38.938568], [-119.975598, 38.938566], [-119.975667, 38.938568], [-119.97569, 38.938573], [-119.975755, 38.938583], [-119.975839, 38.938579], [-119.975961, 38.938568], [-119.976054, 38.938579], [-119.976083, 38.938578], [-119.976183, 38.938558], [-119.97631, 38.938565], [-119.976361, 38.938578], [-119.976381, 38.938587], [-119.976456, 38.938594], [-119.976498, 38.938608], [-119.976561, 38.938657], [-119.976606, 38.93872], [-119.976674, 38.938732], [-119.976689, 38.938736], [-119.976728, 38.938748], [-119.976748, 38.93876], [-119.976769, 38.938777], [-119.976793, 38.938805], [-119.976817, 38.938861], [-119.976868, 38.938971], [-119.97689, 38.939015], [-119.976913, 38.93905], [-119.976944, 38.939078], [-119.976971, 38.939089]]}, "props": {"MTFCC": "S1400", "NAME": null}}, {"geom": {"type": "LineString", "coordinates": [[-119.966913, 38.941882], [-119.96703, 38.941892], [-119.9671, 38.941898], [-119.967331, 38.941899], [-119.967383, 38.941915], [-119.967442, 38.941919], [-119.967501, 38.941913]]}, "props": {"MTFCC": "S1400", "NAME": null}}, {"geom": {"type": "LineString", "coordinates": [[-119.968696, 38.944022], [-119.969064, 38.944013], [-119.969159, 38.944012], [-119.969781, 38.944007], [-119.97051, 38.944006], [-119.97055, 38.944005], [-119.97074, 38.944004], [-119.971014, 38.944009]]}, "props": {"MTFCC": "S1400", "NAME": null}}, {"geom": {"type": "LineString", "coordinates": [[-119.969336, 38.939908], [-119.96933, 38.940069], [-119.969332, 38.940688], [-119.969334, 38.940722], [-119.969261, 38.941162], [-119.969266, 38.941232], [-119.969269, 38.941265], [-119.969284, 38.941353], [-119.969286, 38.941384], [-119.969285, 38.941438], [-119.969292, 38.941489], [-119.969301, 38.94158], [-119.969332, 38.941727], [-119.969374, 38.941984], [-119.969387, 38.942035], [-119.969386, 38.942059], [-119.96939, 38.942214], [-119.969391, 38.942239], [-119.969367, 38.942577], [-119.969351, 38.942681], [-119.969349, 38.942837]]}, "props": {"MTFCC": "S1400", "NAME": null}}, {"geom": {"type": "LineString", "coordinates": [[-119.987416, 38.936718], [-119.98741, 38.936738], [-119.987389, 38.936764], [-119.987378, 38.936788], [-119.987373, 38.936803], [-119.987359, 38.936929], [-119.987373, 38.937038], [-119.987414, 38.937211], [-119.987422, 38.937273], [-119.987478, 38.937574], [-119.987517, 38.937917], [-119.987544, 38.938106], [-119.987583, 38.93828], [-119.98759, 38.938327], [-119.987618, 38.938477], [-119.987626, 38.938519], [-119.987644, 38.938612], [-119.987664, 38.938824], [-119.98768, 38.938934], [-119.987703, 38.939086], [-119.987729, 38.939236], [-119.987796, 38.939611], [-119.98781, 38.939687], [-119.987817, 38.939718], [-119.987829, 38.939839], [-119.987851, 38.939994], [-119.987919, 38.940459], [-119.987921, 38.940471], [-119.987924, 38.940504], [-119.987948, 38.940613], [-119.98797, 38.940743], [-119.987973, 38.940756], [-119.988017, 38.941139], [-119.988019, 38.941149], [-119.988045, 38.94127], [-119.988053, 38.941334], [-119.988068, 38.941378], [-119.988071, 38.9414], [-119.988108, 38.941612], [-119.988119, 38.941727], [-119.988132, 38.941798], [-119.988157, 38.94193], [-119.988167, 38.941982], [-119.988171, 38.942071], [-119.98819, 38.942253], [-119.988217, 38.942379], [-119.988236, 38.942518], [-119.98825, 38.942604], [-119.988311, 38.943002], [-119.988317, 38.943044], [-119.988329, 38.94308], [-119.988357, 38.943153], [-119.988387, 38.94326], [-119.988387, 38.943518]]}, "props": {"MTFCC": "S1400", "NAME": null}}, {"geom": {"type": "LineString", "coordinates": [[-119.962863, 38.926525], [-119.962783, 38.92663], [-119.962772, 38.92664], [-119.962591, 38.926843], [-119.962505, 38.926916], [-119.962468, 38.926951], [-119.962362, 38.927051]]}, "props": {"MTFCC": "S1400", "NAME": null}}, {"geom": {"type": "LineString", "coordinates": [[-119.972173, 38.93988], [-119.972159, 38.939867], [-119.972128, 38.939849], [-119.972074, 38.939827], [-119.971973, 38.939825], [-119.971842, 38.939842], [-119.971579, 38.9399], [-119.97145, 38.939922], [-119.971389, 38.939924], [-119.971341, 38.939919], [-119.971319, 38.939918], [-119.971128, 38.939911], [-119.970939, 38.939929], [-119.970842, 38.939922], [-119.970803, 38.93992], [-119.970519, 38.939883], [-119.970289, 38.939879], [-119.969987, 38.939902], [-119.969865, 38.939912], [-119.969702, 38.939917], [-119.969628, 38.939922], [-119.969573, 38.939926], [-119.969409, 38.939913], [-119.969336, 38.939908], [-119.969309, 38.939906], [-119.969214, 38.939883], [-119.969177, 38.939876], [-119.969107, 38.939864], [-119.968917, 38.939838], [-119.968846, 38.939838], [-119.968703, 38.93988], [-119.968653, 38.939896], [-119.968556, 38.939946]]}, "props": {"MTFCC": "S1400", "NAME": null}}, {"geom": {"type": "LineString", "coordinates": [[-119.939474, 38.940773], [-119.939159, 38.940318], [-119.939034, 38.940143], [-119.938804, 38.93982], [-119.938723, 38.939693], [-119.938621, 38.939558], [-119.93854, 38.939492], [-119.938457, 38.939431], [-119.938423, 38.939416], [-119.938389, 38.939408], [-119.938307, 38.939405], [-119.938217, 38.939421], [-119.93814, 38.939444], [-119.93808, 38.939483], [-119.938046, 38.939518], [-119.937984, 38.939632], [-119.937933, 38.939778], [-119.937912, 38.939864], [-119.937895, 38.939961], [-119.937888, 38.940042], [-119.93789, 38.940114], [-119.937898, 38.940168], [-119.937927, 38.940287], [-119.937966, 38.940409], [-119.938031, 38.940606], [-119.938074, 38.94072], [-119.938099, 38.940768], [-119.938253, 38.94112]]}, "props": {"MTFCC": "S1400", "NAME": null}}, {"geom": {"type": "LineString", "coordinates": [[-119.989518, 38.936795], [-119.989494, 38.936829], [-119.989392, 38.936979], [-119.989343, 38.937078], [-119.9893, 38.937156], [-119.989283, 38.9372], [-119.989258, 38.937237], [-119.989197, 38.937312], [-119.989168, 38.937341], [-119.989151, 38.937355], [-119.989131, 38.937367], [-119.989105, 38.937382], [-119.989087, 38.937398], [-119.989079, 38.937411], [-119.98907, 38.937427], [-119.989064, 38.93744], [-119.989062, 38.937472], [-119.989069, 38.937561], [-119.989078, 38.937608], [-119.989104, 38.937896], [-119.98915, 38.938179], [-119.98923, 38.938675], [-119.989244, 38.938793], [-119.989262, 38.938866], [-119.989277, 38.93895], [-119.989282, 38.939024], [-119.989292, 38.939102], [-119.989334, 38.939409], [-119.989355, 38.939506], [-119.989362, 38.939558], [-119.989385, 38.93971], [-119.989405, 38.93986], [-119.989413, 38.939917], [-119.98941, 38.939962], [-119.98942, 38.940077], [-119.98946, 38.940312], [-119.989486, 38.940462], [-119.989509, 38.940594], [-119.989579, 38.94099], [-119.989603, 38.941122], [-119.989626, 38.941253], [-119.989637, 38.941309], [-119.989664, 38.941592], [-119.989673, 38.94165], [-119.989694, 38.941782], [-119.989722, 38.942], [-119.989719, 38.942101], [-119.989707, 38.942134], [-119.989689, 38.942169], [-119.989655, 38.942211], [-119.989436, 38.942372], [-119.989078, 38.942658], [-119.988834, 38.942847], [-119.98878, 38.942894], [-119.988621, 38.943002], [-119.988577, 38.943034], [-119.988387, 38.94326]]}, "props": {"MTFCC": "S1400", "NAME": null}}, {"geom": {"type": "LineString", "coordinates": [[-119.987416, 38.936718], [-119.987388, 38.936739], [-119.987346, 38.936769], [-119.9873, 38.936785], [-119.987212, 38.936794], [-119.9872, 38.936795], [-119.987134, 38.936805], [-119.986927, 38.93683], [-119.986626, 38.936868], [-119.986378, 38.936902], [-119.98607, 38.936924], [-119.985784, 38.936946], [-119.985476, 38.936984], [-119.985454, 38.936987], [-119.985158, 38.937008], [-119.984758, 38.937049], [-119.984671, 38.937063], [-119.984551, 38.937077], [-119.984244, 38.937114], [-119.98393, 38.937147], [-119.983552, 38.937187], [-119.983102, 38.937229], [-119.98299, 38.937237], [-119.982676, 38.937262], [-119.982494, 38.937278], [-119.98238, 38.937293], [-119.982321, 38.937302], [-119.982066, 38.937326], [-119.981791, 38.937358], [-119.981557, 38.937375], [-119.981493, 38.937374], [-119.981374, 38.937374], [-119.981197, 38.937387]]}, "props": {"MTFCC": "S1400", "NAME": null}}, {"geom": {"type": "LineString", "coordinates": [[-119.952556, 38.932976], [-119.9526, 38.932966], [-119.952651, 38.932962], [-119.95285, 38.932964], [-119.953011, 38.932945], [-119.953107, 38.932946], [-119.953351, 38.93295], [-119.953407, 38.932953], [-119.953591, 38.932961], [-119.953876, 38.932971], [-119.954018, 38.932983]]}, "props": {"MTFCC": "S1400", "NAME": null}}, {"geom": {"type": "LineString", "coordinates": [[-119.942201, 38.937276], [-119.942018, 38.937359], [-119.94181, 38.937452], [-119.941618, 38.937539], [-119.941511, 38.937585], [-119.941164, 38.937729], [-119.941138, 38.937736], [-119.940874, 38.937851], [-119.940628, 38.937957], [-119.940347, 38.93808], [-119.940235, 38.938128]]}, "props": {"MTFCC": "S1400", "NAME": null}}, {"geom": {"type": "LineString", "coordinates": [[-119.954805, 38.93073], [-119.95495, 38.930737], [-119.955217, 38.93075], [-119.955388, 38.930749], [-119.955535, 38.930749], [-119.955691, 38.93075], [-119.955736, 38.930751], [-119.956101, 38.930776], [-119.95616, 38.930773], [-119.956189, 38.930772], [-119.956317, 38.930779], [-119.956569, 38.930792], [-119.956592, 38.930794], [-119.956839, 38.930794], [-119.956946, 38.930796], [-119.957203, 38.930786], [-119.957328, 38.930777], [-119.957434, 38.93077], [-119.957581, 38.930755], [-119.957761, 38.930747], [-119.957877, 38.930747], [-119.957984, 38.930747], [-119.958062, 38.930754], [-119.958136, 38.930768], [-119.958205, 38.930792], [-119.958268, 38.930826], [-119.958326, 38.930867], [-119.958637, 38.931137], [-119.958856, 38.931337], [-119.959001, 38.931485], [-119.959083, 38.931561], [-119.959217, 38.931671], [-119.959467, 38.931901], [-119.959621, 38.932043], [-119.959765, 38.932181], [-119.959845, 38.932258], [-119.959963, 38.932353], [-119.960217, 38.932575], [-119.960294, 38.932642], [-119.960366, 38.93271], [-119.960452, 38.932791], [-119.960655, 38.932983], [-119.960714, 38.933032], [-119.960806, 38.933109]]}, "props": {"MTFCC": "S1400", "NAME": null}}, {"geom": {"type": "LineString", "coordinates": [[-119.983093, 38.927407], [-119.983136, 38.927449], [-119.983411, 38.927718], [-119.983623, 38.927915], [-119.983738, 38.92801], [-119.983897, 38.928168], [-119.984027, 38.928294], [-119.984327, 38.928584], [-119.984506, 38.928749], [-119.984589, 38.928814], [-119.984864, 38.929099], [-119.984905, 38.929137], [-119.98502, 38.929242], [-119.985089, 38.929296], [-119.98515, 38.929318], [-119.985184, 38.929322], [-119.985248, 38.929321]]}, "props": {"MTFCC": "S1400", "NAME": null}}, {"geom": {"type": "LineString", "coordinates": [[-119.983022, 38.928493], [-119.983162, 38.928646], [-119.983216, 38.928692], [-119.983233, 38.928709], [-119.983267, 38.928743], [-119.983389, 38.928849], [-119.983564, 38.929017], [-119.983637, 38.929078], [-119.983683, 38.929126], [-119.983752, 38.92918], [-119.983904, 38.929318], [-119.983922, 38.929334], [-119.984008, 38.929428], [-119.984121, 38.92953], [-119.984185, 38.929587], [-119.984245, 38.929635], [-119.984254, 38.929642], [-119.98429, 38.929686], [-119.984419, 38.929803], [-119.984579, 38.929949], [-119.9846, 38.92997], [-119.984659, 38.930027], [-119.98472, 38.930081], [-119.984811, 38.930161], [-119.984912, 38.930251], [-119.984958, 38.930299], [-119.985086, 38.9304], [-119.985118, 38.930425], [-119.98518, 38.930479]]}, "props": {"MTFCC": "S1400", "NAME": null}}, {"geom": {"type": "LineString", "coordinates": [[-119.958021, 38.928102], [-119.957993, 38.92819], [-119.957985, 38.92822], [-119.957944, 38.928463], [-119.957929, 38.928555]]}, "props": {"MTFCC": "S1400", "NAME": null}}, {"geom": {"type": "LineString", "coordinates": [[-119.989963, 38.92818], [-119.990018, 38.928129], [-119.990104, 38.928052], [-119.990187, 38.927984], [-119.990215, 38.927963], [-119.990235, 38.927929]]}, "props": {"MTFCC": "S1400", "NAME": null}}, {"geom": {"type": "LineString", "coordinates": [[-119.962989, 38.925547], [-119.963108, 38.925652], [-119.963141, 38.925686], [-119.963368, 38.925889], [-119.96364, 38.926132], [-119.963734, 38.92623], [-119.963772, 38.926281], [-119.963806, 38.926332], [-119.963828, 38.926379], [-119.963843, 38.92644], [-119.96385, 38.926545], [-119.963842, 38.926605], [-119.963828, 38.926658], [-119.963799, 38.926714], [-119.963767, 38.926762], [-119.963607, 38.92696], [-119.963556, 38.927003], [-119.963509, 38.927058], [-119.963468, 38.9271], [-119.963118, 38.92747]]}, "props": {"MTFCC": "S1400", "NAME": null}}, {"geom": {"type": "LineString", "coordinates": [[-119.977599, 38.926957], [-119.977632, 38.926955], [-119.977828, 38.926959], [-119.978285, 38.926954], [-119.978429, 38.926957], [-119.97854, 38.926952], [-119.978776, 38.926953], [-119.979085, 38.926948], [-119.979547, 38.926946], [-119.979969, 38.926947], [-119.980076, 38.926948], [-119.980484, 38.926945], [-119.980697, 38.926951], [-119.980841, 38.926947], [-119.980935, 38.926949], [-119.98114, 38.92694], [-119.981325, 38.926937], [-119.981469, 38.926943], [-119.981528, 38.926939], [-119.981613, 38.926943], [-119.982023, 38.926933], [-119.982348, 38.926928], [-119.982463, 38.926933], [-119.982606, 38.926932], [-119.982998, 38.926946], [-119.983236, 38.926943], [-119.983384, 38.926936], [-119.983445, 38.926933], [-119.983551, 38.926933]]}, "props": {"MTFCC": "S1400", "NAME": null}}, {"geom": {"type": "LineString", "coordinates": [[-119.990996, 38.942007], [-119.99089, 38.942024], [-119.990824, 38.942024], [-119.99068, 38.942044], [-119.990434, 38.942066], [-119.990142, 38.942067], [-119.990042, 38.942078], [-119.98988, 38.942111], [-119.989825, 38.942112], [-119.989707, 38.942134]]}, "props": {"MTFCC": "S1400", "NAME": null}}, {"geom": {"type": "LineString", "coordinates": [[-119.996389, 38.921757], [-119.99634, 38.921814], [-119.996342, 38.921838]]}, "props": {"MTFCC": "S1400", "NAME": null}}, {"geom": {"type": "LineString", "coordinates": [[-119.988401, 38.924047], [-119.988693, 38.924346]]}, "props": {"MTFCC": "S1750", "NAME": null}}, {"geom": {"type": "LineString", "coordinates": [[-119.945771, 38.787687], [-119.945843, 38.787724], [-119.946062, 38.787835], [-119.946135, 38.787872], [-119.946227, 38.787919], [-119.946415, 38.788033], [-119.946642, 38.788188], [-119.94699, 38.788464], [-119.947095, 38.788565], [-119.947697, 38.789061], [-119.947827, 38.789165], [-119.948968, 38.790078], [-119.949099, 38.790179], [-119.94963, 38.790543], [-119.950021, 38.790792], [-119.950663, 38.791149], [-119.950885, 38.791279], [-119.952014, 38.79192], [-119.952542, 38.792232], [-119.95321, 38.792612], [-119.953474, 38.792762], [-119.953858, 38.792966], [-119.954059, 38.793058], [-119.954469, 38.793228], [-119.954681, 38.793303], [-119.954896, 38.793374], [-119.955166, 38.793454], [-119.955339, 38.793505], [-119.955792, 38.793623], [-119.956261, 38.793733], [-119.956495, 38.793797], [-119.956739, 38.793854], [-119.958, 38.794187], [-119.958903, 38.794426], [-119.95893, 38.794433], [-119.960886, 38.794932], [-119.962365, 38.795309], [-119.963098, 38.795509], [-119.963578, 38.795656], [-119.963813, 38.795735], [-119.964044, 38.79582], [-119.96427, 38.79591], [-119.965372, 38.796384], [-119.965814, 38.796563], [-119.966259, 38.796731], [-119.966376, 38.796772], [-119.966485, 38.796811], [-119.966716, 38.796884], [-119.967182, 38.797018], [-119.967648, 38.797137], [-119.968116, 38.797241], [-119.968352, 38.797284], [-119.968829, 38.797348], [-119.969063, 38.797373], [-119.969232, 38.79738], [-119.969296, 38.797382], [-119.969548, 38.797384], [-119.96981, 38.797359], [-119.970047, 38.797331], [-119.970767, 38.797216], [-119.971239, 38.797129], [-119.971477, 38.79708], [-119.972435, 38.796899], [-119.972461, 38.796894], [-119.973142, 38.796784], [-119.973268, 38.79676], [-119.973376, 38.796739], [-119.973609, 38.796704], [-119.973844, 38.796656], [-119.974088, 38.796612], [-119.975018, 38.796446], [-119.975475, 38.796383], [-119.975716, 38.796358], [-119.975946, 38.796351], [-119.976406, 38.796376], [-119.976568, 38.796394], [-119.976628, 38.796401], [-119.976845, 38.796439], [-119.977057, 38.796485], [-119.977383, 38.796571], [-119.977467, 38.796593], [-119.977642, 38.796642], [-119.977873, 38.796708], [-119.978079, 38.796762], [-119.97829, 38.796811], [-119.978425, 38.796837], [-119.978502, 38.796852], [-119.97869, 38.796884], [-119.978717, 38.796888], [-119.978935, 38.796917], [-119.979154, 38.796941], [-119.979375, 38.796951], [-119.979598, 38.796952], [-119.979818, 38.796938], [-119.980481, 38.796874], [-119.981142, 38.796783], [-119.981583, 38.796727], [-119.9818, 38.796709], [-119.982031, 38.79669], [-119.982467, 38.796666], [-119.982689, 38.796672], [-119.983125, 38.796711], [-119.983342, 38.796735], [-119.983561, 38.796753], [-119.983721, 38.796762], [-119.98378, 38.796765], [-119.984, 38.796768], [-119.984222, 38.796763], [-119.984445, 38.796735], [-119.984663, 38.796693], [-119.984875, 38.796633], [-119.985081, 38.796563], [-119.98528, 38.796483], [-119.985472, 38.796388], [-119.985833, 38.796192], [-119.986011, 38.796091], [-119.986193, 38.796001], [-119.986378, 38.795917], [-119.98677, 38.79578], [-119.986969, 38.795728], [-119.987184, 38.795695], [-119.987398, 38.795667], [-119.98761, 38.795647], [-119.987826, 38.795638], [-119.988046, 38.795637], [-119.988263, 38.795648], [-119.988482, 38.795638], [-119.988698, 38.795635], [-119.988914, 38.79564], [-119.989129, 38.79563], [-119.989343, 38.795613], [-119.989553, 38.795581], [-119.98976, 38.795558], [-119.990169, 38.795481], [-119.99033, 38.795445], [-119.990538, 38.79539], [-119.990743, 38.795325], [-119.990918, 38.795261], [-119.991146, 38.795179], [-119.991348, 38.795085], [-119.991756, 38.794933], [-119.99217, 38.794785], [-119.99238, 38.794704], [-119.992818, 38.794609], [-119.993037, 38.794555], [-119.993258, 38.794509], [-119.993474, 38.794455], [-119.993885, 38.794371], [-119.993906, 38.794366], [-119.994086, 38.794325], [-119.994287, 38.794274], [-119.994689, 38.794157], [-119.995087, 38.794026], [-119.995358, 38.793921], [-119.995475, 38.793876], [-119.99585, 38.793695], [-119.996032, 38.793598], [-119.996557, 38.793277], [-119.996888, 38.793046], [-119.997343, 38.792656], [-119.997491, 38.792521], [-119.997636, 38.79238], [-119.997773, 38.792238], [-119.997904, 38.792089], [-119.99803, 38.791935], [-119.998148, 38.791775], [-119.998247, 38.791618], [-119.998363, 38.791446], [-119.998663, 38.790917], [-119.998745, 38.790774], [-119.99882, 38.79061], [-119.998925, 38.790428], [-119.999109, 38.790083], [-119.999202, 38.789914], [-119.99929, 38.789731], [-119.999374, 38.789574], [-119.999473, 38.789401], [-119.999587, 38.789214], [-119.999658, 38.789063], [-119.99975, 38.788898], [-119.999831, 38.788731], [-119.999927, 38.78857], [-119.999964, 38.788516], [-120.000048, 38.788398], [-120.000164, 38.788209], [-120.000285, 38.78806], [-120.000555, 38.787762], [-120.000704, 38.787618], [-120.000863, 38.787483], [-120.001033, 38.787355], [-120.001208, 38.787239], [-120.001584, 38.787016], [-120.001782, 38.786909], [-120.002198, 38.786709], [-120.0024, 38.78662269953051]]}, "props": {"MTFCC": "S1200", "NAME": null}}, {"geom": {"type": "LineString", "coordinates": [[-119.954824, 38.941288], [-119.954936, 38.94137], [-119.954948, 38.941376], [-119.955053, 38.941429], [-119.955145, 38.941436], [-119.955224, 38.941413], [-119.955248, 38.941356], [-119.955242, 38.94125], [-119.955168, 38.941118]]}, "props": {"MTFCC": "S1740", "NAME": null}}, {"geom": {"type": "LineString", "coordinates": [[-119.954532, 38.908737], [-119.954693, 38.90849], [-119.954865, 38.90823], [-119.9551, 38.907922], [-119.955273, 38.907638], [-119.955557, 38.90728], [-119.955816, 38.907045], [-119.956162, 38.906959], [-119.956371, 38.907008], [-119.956643, 38.907181], [-119.956717, 38.907391], [-119.956717, 38.907638], [-119.956581, 38.907835], [-119.956421, 38.908095]]}, "props": {"MTFCC": "S1400", "NAME": null}}, {"geom": {"type": "LineString", "coordinates": [[-119.9979, 38.904962], [-119.997276, 38.905453]]}, "props": {"MTFCC": "S1400", "NAME": null}}, {"geom": {"type": "LineString", "coordinates": [[-119.98302, 38.901522], [-119.983014, 38.901588], [-119.982995, 38.901695], [-119.982966, 38.901778], [-119.982946, 38.901841], [-119.982901, 38.901963], [-119.982895, 38.901973], [-119.982882, 38.901999], [-119.982768, 38.902167], [-119.982659, 38.9023], [-119.982645, 38.902315], [-119.982552, 38.902421], [-119.982472, 38.902511], [-119.982443, 38.902545], [-119.982402, 38.902604], [-119.982359, 38.902646], [-119.982233, 38.90278], [-119.982152, 38.902868], [-119.982092, 38.902928], [-119.982016, 38.903021], [-119.981974, 38.903067], [-119.981807, 38.903253], [-119.981615, 38.903462], [-119.981517, 38.903555], [-119.981448, 38.903609], [-119.981411, 38.903633], [-119.981292, 38.903714], [-119.981184, 38.903774], [-119.981041, 38.903841], [-119.980983, 38.903859], [-119.980773, 38.903929], [-119.980593, 38.903973], [-119.980506, 38.903988], [-119.980347, 38.903997], [-119.98016, 38.904008], [-119.98013, 38.904007], [-119.979912, 38.904003], [-119.979898, 38.904003], [-119.979679, 38.904008], [-119.979374, 38.903998], [-119.979202, 38.904004], [-119.979157, 38.904006], [-119.978971, 38.904008], [-119.978779, 38.904009], [-119.978205, 38.904015], [-119.978192, 38.904016], [-119.978014, 38.90402], [-119.977955, 38.904024], [-119.977632, 38.904027], [-119.976753, 38.904038], [-119.976488, 38.904022], [-119.976425, 38.904019], [-119.976317, 38.904023], [-119.976213, 38.904022], [-119.976107, 38.904028], [-119.976021, 38.904037], [-119.975914, 38.904042], [-119.975837, 38.904046], [-119.975582, 38.90404], [-119.97543, 38.904041], [-119.975358, 38.904036], [-119.975334, 38.904036], [-119.975141, 38.904038], [-119.974824, 38.904041], [-119.974791, 38.904044], [-119.974711, 38.904054], [-119.974519, 38.904061], [-119.974319, 38.904063], [-119.974242, 38.904068], [-119.973862, 38.904076], [-119.973744, 38.904073], [-119.973698, 38.904072], [-119.973624, 38.904062], [-119.973545, 38.904062], [-119.973463, 38.904068], [-119.973396, 38.904068], [-119.973047, 38.90407], [-119.97232, 38.904077], [-119.972, 38.904077], [-119.971651, 38.904079], [-119.971578, 38.904077], [-119.971364, 38.904055], [-119.971211, 38.904023], [-119.971198, 38.904019], [-119.971132, 38.904], [-119.971072, 38.903977], [-119.970952, 38.90392], [-119.970791, 38.903822], [-119.970572, 38.903651], [-119.970473, 38.903586], [-119.97037, 38.903533], [-119.970255, 38.903487], [-119.97009, 38.903428], [-119.969986, 38.9034], [-119.969744, 38.903336], [-119.969548, 38.903271]]}, "props": {"MTFCC": "S1400", "NAME": null}}, {"geom": {"type": "LineString", "coordinates": [[-119.979819, 38.901551], [-119.979803, 38.901581], [-119.979737, 38.901657], [-119.979633, 38.901778], [-119.979465, 38.901968], [-119.979383, 38.902063], [-119.979367, 38.902079], [-119.979297, 38.902161], [-119.979054, 38.902426], [-119.978728, 38.902784], [-119.978681, 38.902845], [-119.978527, 38.903003], [-119.978394, 38.903166], [-119.97831, 38.903262], [-119.978234, 38.90334], [-119.978197, 38.90341], [-119.978166, 38.903456], [-119.978118, 38.903543], [-119.97804, 38.903726], [-119.978026, 38.903788], [-119.978014, 38.90388], [-119.978014, 38.90402], [-119.978013, 38.904123], [-119.978014, 38.904164], [-119.978024, 38.904599], [-119.978028, 38.904744], [-119.978028, 38.904815], [-119.978029, 38.904841], [-119.978036, 38.90492], [-119.978037, 38.905029], [-119.978038, 38.905101]]}, "props": {"MTFCC": "S1400", "NAME": null}}, {"geom": {"type": "LineString", "coordinates": [[-119.971651, 38.904079], [-119.971649, 38.904226], [-119.971646, 38.904668], [-119.971646, 38.904792], [-119.971647, 38.904816], [-119.971652, 38.904884], [-119.971663, 38.905031], [-119.971661, 38.905062], [-119.971662, 38.905088], [-119.971665, 38.905148], [-119.971664, 38.905157]]}, "props": {"MTFCC": "S1400", "NAME": null}}, {"geom": {"type": "LineString", "coordinates": [[-119.978028, 38.904744], [-119.977878, 38.904744], [-119.977687, 38.904755], [-119.977362, 38.904756], [-119.977304, 38.904762], [-119.977106, 38.904764], [-119.97625, 38.904774], [-119.976107, 38.904774], [-119.975881, 38.904784], [-119.975803, 38.904785], [-119.975725, 38.90478], [-119.975568, 38.904789], [-119.975488, 38.904783], [-119.975411, 38.904792], [-119.975178, 38.904798], [-119.975106, 38.904791], [-119.974568, 38.904804], [-119.97434, 38.904804], [-119.974104, 38.904805], [-119.974042, 38.904808], [-119.973844, 38.904803], [-119.97372, 38.904796], [-119.973663, 38.9048], [-119.973612, 38.904798], [-119.973418, 38.904801], [-119.973206, 38.9048], [-119.973063, 38.904807], [-119.973005, 38.904811], [-119.972935, 38.904811], [-119.972711, 38.904824], [-119.972633, 38.904818], [-119.972489, 38.904825], [-119.972417, 38.904823], [-119.97235, 38.904815], [-119.972284, 38.904816], [-119.972218, 38.904812], [-119.972026, 38.904818], [-119.972001, 38.904816], [-119.971966, 38.904814], [-119.971647, 38.904816]]}, "props": {"MTFCC": "S1400", "NAME": null}}, {"geom": {"type": "LineString", "coordinates": [[-119.90412, 38.902106], [-119.90402, 38.902222], [-119.903944, 38.902312], [-119.903636, 38.902461], [-119.903499, 38.902529], [-119.903007, 38.902769], [-119.901719, 38.904598], [-119.900782, 38.905238], [-119.900319, 38.905489], [-119.899728, 38.90581], [-119.899669, 38.906153], [-119.899786, 38.90629], [-119.900196, 38.906382], [-119.900195, 38.906656], [-119.899903, 38.906862], [-119.897707, 38.906724], [-119.897327, 38.906838], [-119.897268, 38.907136], [-119.897268, 38.907753], [-119.897765, 38.908828], [-119.897765, 38.909217], [-119.897179, 38.910063], [-119.896475, 38.911229], [-119.895187, 38.912578], [-119.894436, 38.914144], [-119.894278, 38.914476], [-119.89296, 38.915345], [-119.891944, 38.917628], [-119.891929, 38.917751], [-119.891905, 38.917952], [-119.891741, 38.918007], [-119.891623, 38.918048], [-119.891436, 38.918112], [-119.891203, 38.91812], [-119.890207, 38.918157], [-119.889994, 38.918359], [-119.889943, 38.918409], [-119.889849, 38.918755]]}, "props": {"MTFCC": "S1500", "NAME": null}}, {"geom": {"type": "LineString", "coordinates": [[-119.979159, 38.890771], [-119.979067, 38.890845], [-119.978997, 38.890895], [-119.978793, 38.89106], [-119.978767, 38.891086], [-119.978543, 38.891261], [-119.978477, 38.891313], [-119.978417, 38.891366], [-119.978292, 38.891461], [-119.978272, 38.891483], [-119.978008, 38.891679], [-119.977908, 38.891761], [-119.977855, 38.89181], [-119.977793, 38.891851], [-119.977625, 38.891995], [-119.977435, 38.892132], [-119.977381, 38.892179], [-119.97723, 38.892295], [-119.976835, 38.892574], [-119.976778, 38.892629], [-119.976676, 38.892703], [-119.976538, 38.892805], [-119.976425, 38.892861], [-119.976319, 38.892892], [-119.976088, 38.892926], [-119.975942, 38.892932]]}, "props": {"MTFCC": "S1400", "NAME": null}}, {"geom": {"type": "LineString", "coordinates": [[-119.959437, 38.934044], [-119.959505, 38.934114], [-119.95996, 38.934544], [-119.95997, 38.934554], [-119.9604, 38.934948], [-119.960511, 38.935033], [-119.960547, 38.935065], [-119.96073, 38.935245], [-119.961055, 38.935537], [-119.961135, 38.935621], [-119.96126, 38.935725], [-119.961335, 38.935823], [-119.96135, 38.935855], [-119.961376, 38.935988], [-119.961373, 38.936089], [-119.961374, 38.936166], [-119.961375, 38.936203], [-119.961369, 38.936447], [-119.961368, 38.936718], [-119.961377, 38.936905], [-119.961396, 38.937046], [-119.961401, 38.937076], [-119.961502, 38.937255], [-119.961567, 38.937321], [-119.961619, 38.937354], [-119.961648, 38.93738], [-119.961659, 38.937391], [-119.961752, 38.937479]]}, "props": {"MTFCC": "S1400", "NAME": null}}, {"geom": {"type": "LineString", "coordinates": [[-119.961752, 38.937479], [-119.961812, 38.937456], [-119.961849, 38.937442], [-119.961904, 38.937425], [-119.961999, 38.937414], [-119.962017, 38.937413], [-119.962064, 38.937412]]}, "props": {"MTFCC": "S1400", "NAME": null}}, {"geom": {"type": "LineString", "coordinates": [[-119.953538, 38.935687], [-119.953395, 38.935739], [-119.95314, 38.935837], [-119.952721, 38.936032], [-119.952189, 38.936282], [-119.951892, 38.936411], [-119.951751, 38.936474], [-119.951525, 38.936566], [-119.950995, 38.936809], [-119.950883, 38.93686], [-119.950809, 38.936891], [-119.950693, 38.936947], [-119.95064, 38.936962], [-119.950439, 38.937052], [-119.950334, 38.937086], [-119.950287, 38.937108], [-119.950176, 38.93715], [-119.949758, 38.937347], [-119.94961, 38.937432], [-119.949488, 38.937492], [-119.949288, 38.937591], [-119.949269, 38.937598], [-119.948745, 38.937821], [-119.948599, 38.937884], [-119.948377, 38.937982], [-119.948348, 38.937995], [-119.94826, 38.938034], [-119.948232, 38.938048], [-119.948059, 38.938129], [-119.948045, 38.938133], [-119.947935, 38.938175], [-119.94748, 38.938374], [-119.947421, 38.9384], [-119.947293, 38.938458], [-119.947001, 38.938591], [-119.946872, 38.938634], [-119.946844, 38.938644], [-119.946417, 38.938821], [-119.94629, 38.93889], [-119.945884, 38.939084], [-119.945627, 38.9392], [-119.945535, 38.939242], [-119.945206, 38.939374], [-119.94505, 38.939441], [-119.944943, 38.939496], [-119.944824, 38.939547], [-119.944728, 38.939595], [-119.944715, 38.939599], [-119.94448, 38.93969], [-119.944032, 38.93989], [-119.943756, 38.940001], [-119.943711, 38.940023], [-119.943482, 38.940128], [-119.94323, 38.940242], [-119.942739, 38.940467], [-119.94258, 38.940537], [-119.942482, 38.940581], [-119.942141, 38.940718], [-119.942099, 38.940735], [-119.94194, 38.940804], [-119.941765, 38.940878], [-119.941367, 38.941067], [-119.94121, 38.941139], [-119.941028, 38.941223]]}, "props": {"MTFCC": "S1400", "NAME": null}}, {"geom": {"type": "LineString", "coordinates": [[-120.0024, 38.856433971428565], [-120.002399, 38.856432], [-120.002384, 38.856385], [-120.002378, 38.856365], [-120.002349, 38.856227], [-120.002339, 38.85616], [-120.002336, 38.856011], [-120.002341, 38.85593], [-120.002349, 38.855886], [-120.002357, 38.855847], [-120.002398, 38.855725], [-120.0024, 38.85571924096387]]}, "props": {"MTFCC": "S1400", "NAME": null}}, {"geom": {"type": "LineString", "coordinates": [[-119.99935, 38.919479], [-119.99943, 38.919557], [-119.999673, 38.919794], [-119.999704, 38.919825], [-119.999756, 38.919872], [-119.999839, 38.919953], [-119.999909, 38.920014], [-120.000045, 38.920132], [-120.000284, 38.920358], [-120.000351, 38.920406], [-120.000379, 38.920433], [-120.000528, 38.920582], [-120.000624, 38.920677], [-120.000635, 38.920688], [-120.000756, 38.920801], [-120.000926, 38.920947], [-120.001034, 38.92103]]}, "props": {"MTFCC": "S1400", "NAME": null}}, {"geom": {"type": "LineString", "coordinates": [[-120.001487, 38.868803], [-120.00126, 38.868791], [-120.001174, 38.868798], [-120.001147, 38.868801], [-120.000981, 38.868854], [-120.000758, 38.868991], [-120.000566, 38.86914], [-120.000494, 38.869184], [-120.000426, 38.869212], [-120.000388, 38.869223], [-120.000354, 38.869226], [-120.000276, 38.869236], [-120.000125, 38.869233], [-120.000042, 38.869228], [-119.999849, 38.869204], [-119.999826, 38.869202], [-119.999715, 38.869205], [-119.999609, 38.869214], [-119.999523, 38.869237], [-119.999417, 38.869272], [-119.999302, 38.869332], [-119.99917, 38.869424], [-119.999138, 38.869453]]}, "props": {"MTFCC": "S1400", "NAME": null}}, {"geom": {"type": "LineString", "coordinates": [[-119.981736, 38.794871], [-119.980532, 38.795163], [-119.980401, 38.795196], [-119.97963, 38.795211], [-119.978413, 38.795098], [-119.978116, 38.794946], [-119.977814, 38.794569], [-119.977427, 38.794326], [-119.977115, 38.794332], [-119.977012, 38.794334], [-119.976922, 38.794453], [-119.976767, 38.794922], [-119.976462, 38.795308], [-119.976406, 38.795376], [-119.976239, 38.795582], [-119.976184, 38.795651], [-119.97651, 38.795725], [-119.976564, 38.795738], [-119.977364, 38.796246], [-119.977383, 38.796258], [-119.977383, 38.796571]]}, "props": {"MTFCC": "S1400", "NAME": null}}, {"geom": {"type": "LineString", "coordinates": [[-119.983705, 38.917606], [-119.983531, 38.917735], [-119.983517, 38.917747], [-119.983197, 38.917948], [-119.982994, 38.918099], [-119.982891, 38.918176], [-119.982817, 38.918223], [-119.982599, 38.918361], [-119.982581, 38.918375], [-119.982541, 38.918409], [-119.98248, 38.918445], [-119.982419, 38.918487], [-119.982358, 38.918518], [-119.982215, 38.918614], [-119.981959, 38.918806], [-119.981885, 38.91885], [-119.981645, 38.918996], [-119.981359, 38.919167], [-119.981232, 38.919244], [-119.981098, 38.919314], [-119.98104, 38.919349], [-119.980968, 38.919402], [-119.980901, 38.919439], [-119.980572, 38.919664], [-119.980517, 38.919699], [-119.980239, 38.919881], [-119.979973, 38.920069], [-119.979854, 38.920142], [-119.979732, 38.920238], [-119.979669, 38.920276], [-119.97961, 38.92032], [-119.979371, 38.920477], [-119.979242, 38.920577], [-119.979162, 38.920623], [-119.979068, 38.920678], [-119.978916, 38.920776], [-119.978886, 38.920799], [-119.978741, 38.920908], [-119.978658, 38.920962], [-119.978631, 38.920981], [-119.978561, 38.92102], [-119.978181, 38.921292], [-119.977958, 38.921431], [-119.977721, 38.921581], [-119.977492, 38.921723], [-119.977453, 38.921749], [-119.977237, 38.9219], [-119.976752, 38.922206], [-119.976676, 38.922266], [-119.976661, 38.922275], [-119.976396, 38.922447], [-119.976233, 38.922548], [-119.976044, 38.922668], [-119.975859, 38.922796], [-119.97577, 38.922876], [-119.975735, 38.922915], [-119.975711, 38.92295], [-119.975684, 38.923048]]}, "props": {"MTFCC": "S1400", "NAME": null}}, {"geom": {"type": "LineString", "coordinates": [[-119.994623, 38.912366], [-119.994622, 38.912384], [-119.994603, 38.912511], [-119.994615, 38.912565], [-119.994617, 38.912783], [-119.994609, 38.912812], [-119.994606, 38.912864], [-119.994615, 38.91291], [-119.994621, 38.912936], [-119.994621, 38.912989], [-119.994613, 38.913114], [-119.994628, 38.913404], [-119.994641, 38.913465], [-119.994654, 38.913639], [-119.994641, 38.913946], [-119.994633, 38.913978], [-119.994637, 38.914328], [-119.99463, 38.914555], [-119.994623, 38.914807], [-119.994629, 38.91492], [-119.994627, 38.915], [-119.994616, 38.915104], [-119.994606, 38.915275], [-119.994607, 38.915286], [-119.994615, 38.915365], [-119.994655, 38.91573], [-119.994669, 38.915831], [-119.994683, 38.915933], [-119.994682, 38.916014], [-119.994681, 38.916088], [-119.99468, 38.916312], [-119.99468, 38.916387], [-119.994678, 38.916504], [-119.994681, 38.916566], [-119.994692, 38.916753], [-119.99469, 38.917105], [-119.99469, 38.917285], [-119.994692, 38.917411], [-119.994701, 38.917791], [-119.994704, 38.917918], [-119.994709, 38.918115], [-119.994713, 38.918483], [-119.994708, 38.918714], [-119.994705, 38.918767], [-119.994702, 38.918825], [-119.994703, 38.918929], [-119.994704, 38.918984], [-119.994704, 38.919124], [-119.994705, 38.919356], [-119.994719, 38.919545], [-119.99473, 38.919685]]}, "props": {"MTFCC": "S1400", "NAME": null}}, {"geom": {"type": "LineString", "coordinates": [[-119.980576, 38.918018], [-119.980673, 38.91811], [-119.980776, 38.918208], [-119.980971, 38.918382], [-119.981072, 38.918472], [-119.981186, 38.918576], [-119.981342, 38.918718], [-119.98147, 38.918852], [-119.981525, 38.918896], [-119.981565, 38.918927], [-119.981645, 38.918996], [-119.981721, 38.919066], [-119.98175, 38.919095], [-119.981767, 38.919113], [-119.981821, 38.91916], [-119.981937, 38.919278], [-119.982068, 38.919391], [-119.982112, 38.91943], [-119.982179, 38.919485], [-119.982283, 38.919588], [-119.982522, 38.919823], [-119.982599, 38.919894], [-119.982708, 38.919994], [-119.982758, 38.920039], [-119.982816, 38.920097], [-119.983132, 38.920414], [-119.983161, 38.920443], [-119.983243, 38.920515], [-119.98335, 38.92061], [-119.983673, 38.920896], [-119.983781, 38.920992], [-119.98389, 38.921097], [-119.98422, 38.921415], [-119.984331, 38.921521], [-119.984373, 38.921555], [-119.984439, 38.921619], [-119.984459, 38.921638], [-119.984735, 38.921884], [-119.984768, 38.921911], [-119.984842, 38.921972], [-119.984879, 38.922007], [-119.984986, 38.922108], [-119.985129, 38.922244], [-119.985292, 38.922391], [-119.98531, 38.922409], [-119.985385, 38.922483], [-119.985406, 38.922496], [-119.985418, 38.92251], [-119.985447, 38.922543], [-119.985486, 38.922573], [-119.985529, 38.922613], [-119.985762, 38.922833], [-119.985869, 38.922919], [-119.985989, 38.923015], [-119.986043, 38.92306], [-119.986097, 38.923111], [-119.986258, 38.923262], [-119.986411, 38.923396], [-119.986419, 38.923404], [-119.986522, 38.923507], [-119.986631, 38.923609], [-119.986959, 38.923915], [-119.987015, 38.923967], [-119.987072, 38.924015], [-119.987167, 38.924098], [-119.987214, 38.92414], [-119.987255, 38.924167], [-119.98744, 38.924362], [-119.987528, 38.924454]]}, "props": {"MTFCC": "S1400", "NAME": null}}, {"geom": {"type": "LineString", "coordinates": [[-119.971429, 38.916616], [-119.971696, 38.917213], [-119.971836, 38.917718], [-119.97197, 38.918069], [-119.972058, 38.91847], [-119.972057, 38.918631], [-119.971956, 38.91905], [-119.971932, 38.919256], [-119.971966, 38.919324], [-119.97201, 38.91949], [-119.971993, 38.919689], [-119.971959, 38.920246], [-119.97194, 38.920483], [-119.971855, 38.920717], [-119.971716, 38.920923], [-119.971505, 38.921081], [-119.971326, 38.921107], [-119.971221, 38.921094]]}, "props": {"MTFCC": "S1400", "NAME": null}}, {"geom": {"type": "LineString", "coordinates": [[-119.996627, 38.91547], [-119.99632, 38.915484]]}, "props": {"MTFCC": "S1400", "NAME": null}}, {"geom": {"type": "LineString", "coordinates": [[-119.961057, 38.91115], [-119.960651, 38.911187], [-119.959895, 38.911649], [-119.959354, 38.912036]]}, "props": {"MTFCC": "S1400", "NAME": null}}, {"geom": {"type": "LineString", "coordinates": [[-119.953174, 38.909308], [-119.953619, 38.909378], [-119.953754, 38.909391], [-119.953989, 38.909428], [-119.954223, 38.909428], [-119.954557, 38.90949], [-119.954952, 38.909564], [-119.955322, 38.909823], [-119.955606, 38.910094], [-119.956262, 38.911077], [-119.956395, 38.911268], [-119.956617, 38.911686], [-119.956714, 38.911798], [-119.956817, 38.911905]]}, "props": {"MTFCC": "S1400", "NAME": null}}, {"geom": {"type": "LineString", "coordinates": [[-119.964082, 38.907095], [-119.964166, 38.90717], [-119.964195, 38.907195], [-119.964432, 38.907381], [-119.964521, 38.907452], [-119.964589, 38.907499], [-119.964644, 38.907542], [-119.964667, 38.907554], [-119.964754, 38.907602], [-119.965041, 38.907762], [-119.965137, 38.907814], [-119.965295, 38.907899], [-119.965453, 38.907982], [-119.96557, 38.908044], [-119.965932, 38.908231], [-119.966092, 38.908314], [-119.966251, 38.908399], [-119.96643, 38.908494], [-119.966723, 38.908668], [-119.966765, 38.908693], [-119.966876, 38.908766], [-119.967135, 38.908929], [-119.967274, 38.909017], [-119.967292, 38.909034], [-119.967389, 38.90909], [-119.967481, 38.909174], [-119.967541, 38.909217], [-119.967591, 38.909243], [-119.967734, 38.90933], [-119.967816, 38.90936], [-119.967921, 38.909385], [-119.968008, 38.909399], [-119.968066, 38.9094], [-119.968106, 38.909396], [-119.968224, 38.909373]]}, "props": {"MTFCC": "S1400", "NAME": null}}, {"geom": {"type": "LineString", "coordinates": [[-119.957639, 38.89796], [-119.957844, 38.898366], [-119.958055, 38.898806], [-119.958101, 38.898894], [-119.958272, 38.899152], [-119.958362, 38.899263], [-119.958461, 38.899417], [-119.958544, 38.899507], [-119.958641, 38.899611], [-119.958757, 38.899734], [-119.95908, 38.900035], [-119.959311, 38.900284], [-119.959378, 38.900342], [-119.959727, 38.900686], [-119.95976, 38.900707], [-119.95982, 38.900754], [-119.959992, 38.900905], [-119.960144, 38.901045], [-119.960233, 38.901143], [-119.960333, 38.901254], [-119.960403, 38.901353], [-119.960428, 38.901382], [-119.960516, 38.901517], [-119.960603, 38.90163], [-119.960637, 38.901694], [-119.960681, 38.901789], [-119.960712, 38.901856], [-119.96072, 38.901903], [-119.96082, 38.902148], [-119.960922, 38.902403], [-119.960993, 38.902569], [-119.961049, 38.902718], [-119.961084, 38.902821], [-119.961158, 38.903088], [-119.961168, 38.903122], [-119.961235, 38.903476], [-119.961277, 38.903583], [-119.961438, 38.903842], [-119.961575, 38.904096], [-119.961598, 38.904146], [-119.961692, 38.904348], [-119.961724, 38.90444], [-119.961738, 38.904506], [-119.96175, 38.904689], [-119.961744, 38.904801], [-119.961743, 38.90482], [-119.961723, 38.904945], [-119.961639, 38.90528], [-119.961624, 38.90532], [-119.961588, 38.905502], [-119.96155, 38.905665], [-119.961533, 38.905745], [-119.961506, 38.905869], [-119.961484, 38.905954], [-119.961407, 38.906232], [-119.96138, 38.906334], [-119.96134, 38.906468], [-119.96132, 38.906555], [-119.961312, 38.906638], [-119.961321, 38.906721], [-119.961353, 38.906806], [-119.961409, 38.906884], [-119.961509, 38.906996], [-119.961529, 38.907013], [-119.961595, 38.90707], [-119.961672, 38.907121], [-119.961715, 38.907144], [-119.961772, 38.907167], [-119.961918, 38.907221], [-119.961961, 38.907234], [-119.96221, 38.907309], [-119.962395, 38.90736], [-119.962523, 38.907404], [-119.962536, 38.90741], [-119.962705, 38.907486], [-119.962719, 38.907494], [-119.962819, 38.907549], [-119.962865, 38.907575], [-119.963109, 38.907732], [-119.963206, 38.907795]]}, "props": {"MTFCC": "S1400", "NAME": null}}, {"geom": {"type": "LineString", "coordinates": [[-119.96429, 38.8994], [-119.964194, 38.899414], [-119.964103, 38.899437], [-119.964088, 38.899444], [-119.964031, 38.899472], [-119.964007, 38.899491], [-119.963862, 38.899681], [-119.963782, 38.899795], [-119.963767, 38.899821], [-119.963693, 38.899914], [-119.963636, 38.899988], [-119.963572, 38.900082], [-119.963351, 38.900385], [-119.963242, 38.900499], [-119.963135, 38.900663], [-119.963112, 38.900716], [-119.963108, 38.900781], [-119.963124, 38.90082], [-119.963392, 38.901265], [-119.963524, 38.90145], [-119.963612, 38.901572], [-119.963659, 38.90165], [-119.963779, 38.901824], [-119.963847, 38.90196], [-119.963886, 38.902004], [-119.964191, 38.902441], [-119.964259, 38.902543], [-119.964277, 38.902562], [-119.96439, 38.902756], [-119.964409, 38.90278], [-119.964568, 38.903067], [-119.964614, 38.903254], [-119.964635, 38.903369], [-119.964635, 38.90349], [-119.964608, 38.903661], [-119.96455, 38.903834], [-119.964505, 38.903937], [-119.964451, 38.904025], [-119.964373, 38.904124], [-119.964257, 38.904251], [-119.964159, 38.904327], [-119.963891, 38.904495], [-119.963712, 38.904595], [-119.963623, 38.904638], [-119.963419, 38.90476], [-119.963282, 38.904848], [-119.963209, 38.904903], [-119.963135, 38.904968], [-119.963105, 38.905007], [-119.96303, 38.905072], [-119.962919, 38.905157], [-119.96287, 38.905182], [-119.962855, 38.905193], [-119.962757, 38.905272], [-119.962664, 38.905341], [-119.962285, 38.905672], [-119.962076, 38.905821], [-119.962001, 38.905885], [-119.961946, 38.905922], [-119.961841, 38.905966], [-119.961762, 38.905982], [-119.961698, 38.905984], [-119.96162, 38.905973], [-119.961551, 38.905962], [-119.961484, 38.905954]]}, "props": {"MTFCC": "S1400", "NAME": null}}, {"geom": {"type": "LineString", "coordinates": [[-119.962672, 38.904265], [-119.962516, 38.904339], [-119.962497, 38.90435], [-119.96237, 38.904395], [-119.962186, 38.904441], [-119.962044, 38.904461], [-119.96193, 38.904477], [-119.961738, 38.904506]]}, "props": {"MTFCC": "S1400", "NAME": null}}, {"geom": {"type": "LineString", "coordinates": [[-119.977611, 38.901885], [-119.977607, 38.901984], [-119.977604, 38.90208], [-119.97761, 38.902282], [-119.977613, 38.902382]]}, "props": {"MTFCC": "S1400", "NAME": null}}, {"geom": {"type": "LineString", "coordinates": [[-119.959484, 38.899289], [-119.959614, 38.899214], [-119.959695, 38.89918], [-119.959849, 38.899129], [-119.959941, 38.899102], [-119.960072, 38.899073], [-119.960259, 38.899066], [-119.960418, 38.899063], [-119.960655, 38.899059], [-119.960749, 38.89906], [-119.960976, 38.899052], [-119.961067, 38.899051], [-119.961449, 38.899032], [-119.961738, 38.899068], [-119.961876, 38.899111], [-119.961956, 38.899159], [-119.962007, 38.899205], [-119.962021, 38.899231], [-119.962034, 38.899277], [-119.962037, 38.899346], [-119.962025, 38.899431], [-119.961991, 38.899495], [-119.961909, 38.899596], [-119.961854, 38.89965], [-119.961765, 38.899704], [-119.961701, 38.899727], [-119.961621, 38.899744], [-119.9615, 38.899749], [-119.961356, 38.899747], [-119.961085, 38.899747], [-119.961006, 38.899747], [-119.960664, 38.899746], [-119.960531, 38.899758], [-119.96043, 38.899781], [-119.960356, 38.899807], [-119.960146, 38.899922]]}, "props": {"MTFCC": "S1400", "NAME": null}}, {"geom": {"type": "LineString", "coordinates": [[-119.998677, 38.89291], [-119.998624, 38.892885], [-119.998468, 38.89281], [-119.998417, 38.892786]]}, "props": {"MTFCC": "S1400", "NAME": null}}, {"geom": {"type": "LineString", "coordinates": [[-119.988861, 38.888351], [-119.988962, 38.888377], [-119.989058, 38.8884], [-119.989251, 38.888447], [-119.989582, 38.888529], [-119.989651, 38.888551], [-119.989845, 38.888614]]}, "props": {"MTFCC": "S1400", "NAME": null}}, {"geom": {"type": "LineString", "coordinates": [[-119.994336, 38.876874], [-119.994313, 38.876892], [-119.994169, 38.876974], [-119.993881, 38.877141], [-119.993774, 38.877207], [-119.993677, 38.877259], [-119.993665, 38.877266], [-119.9935, 38.877368], [-119.993275, 38.877532], [-119.993173, 38.877593], [-119.993129, 38.877632], [-119.993092, 38.877677], [-119.993065, 38.877721], [-119.993044, 38.877768], [-119.993027, 38.877858], [-119.993037, 38.877928], [-119.993045, 38.877983], [-119.993075, 38.878289], [-119.993072, 38.878343], [-119.993051, 38.878445], [-119.993006, 38.878536], [-119.992922, 38.878655], [-119.992893, 38.878689], [-119.992627, 38.878962], [-119.992436, 38.879167], [-119.992359, 38.879264], [-119.992316, 38.879303], [-119.992169, 38.87942], [-119.992112, 38.879451], [-119.991987, 38.879494], [-119.991848, 38.879526], [-119.991691, 38.879539], [-119.991654, 38.879543], [-119.991467, 38.879533], [-119.991356, 38.879539], [-119.991124, 38.879536], [-119.990912, 38.879536], [-119.990761, 38.879538], [-119.990672, 38.879537], [-119.990198, 38.879537], [-119.989955, 38.879541], [-119.989716, 38.879546], [-119.989664, 38.879542], [-119.989604, 38.879539], [-119.989513, 38.87952], [-119.989463, 38.879511]]}, "props": {"MTFCC": "S1400", "NAME": null}}, {"geom": {"type": "LineString", "coordinates": [[-119.987151, 38.922224], [-119.987205, 38.922218], [-119.987455, 38.922245], [-119.98758, 38.922262], [-119.988807, 38.922431], [-119.988865, 38.922438], [-119.989294, 38.922496], [-119.989367, 38.922507], [-119.989447, 38.922526], [-119.989558, 38.922554], [-119.98967, 38.922597], [-119.989806, 38.922671], [-119.989859, 38.922708], [-119.989871, 38.922719], [-119.989991, 38.922821]]}, "props": {"MTFCC": "S1400", "NAME": null}}, {"geom": {"type": "LineString", "coordinates": [[-119.963816, 38.927905], [-119.963666, 38.927834], [-119.963274, 38.927574], [-119.963254, 38.927561], [-119.963172, 38.927504], [-119.963118, 38.92747], [-119.962984, 38.927395], [-119.962966, 38.927384], [-119.962932, 38.927361], [-119.962627, 38.9272], [-119.962512, 38.927135], [-119.962362, 38.927051], [-119.96223, 38.926988], [-119.962193, 38.926964], [-119.962009, 38.926869], [-119.961856, 38.926754], [-119.961767, 38.926673], [-119.961754, 38.926657], [-119.961702, 38.92653], [-119.961664, 38.926407], [-119.961653, 38.926345], [-119.961643, 38.926216], [-119.961648, 38.926128], [-119.961657, 38.925993], [-119.961648, 38.925607], [-119.961652, 38.925554], [-119.96166, 38.925527], [-119.961671, 38.925502], [-119.961696, 38.925454], [-119.961733, 38.925409], [-119.961872, 38.925302], [-119.961969, 38.925218], [-119.962066, 38.925152], [-119.962122, 38.92512], [-119.962761, 38.924693], [-119.963162, 38.924437]]}, "props": {"MTFCC": "S1400", "NAME": null}}, {"geom": {"type": "LineString", "coordinates": [[-119.998048, 38.904271], [-119.998026, 38.904376], [-119.998106, 38.904543], [-119.998396, 38.904775], [-119.998635, 38.904972], [-119.998816, 38.905054], [-119.998951, 38.905116], [-119.999096, 38.905102]]}, "props": {"MTFCC": "S1740", "NAME": null}}, {"geom": {"type": "LineString", "coordinates": [[-119.940467, 38.940458], [-119.940269, 38.940523], [-119.939872, 38.940655], [-119.939673, 38.940713], [-119.939474, 38.940773], [-119.939229, 38.940841], [-119.93863, 38.941011], [-119.938497, 38.941051], [-119.938451, 38.941066], [-119.938253, 38.94112], [-119.938127, 38.94115], [-119.938085, 38.941157], [-119.93791, 38.941191], [-119.937658, 38.941219], [-119.937572, 38.941222], [-119.937421, 38.94123], [-119.937401, 38.941232]]}, "props": {"MTFCC": "S1400", "NAME": null}}, {"geom": {"type": "LineString", "coordinates": [[-119.985075, 38.927078], [-119.985049, 38.927101], [-119.985005, 38.927126], [-119.98495, 38.927167], [-119.984866, 38.927231], [-119.984573, 38.927435], [-119.984447, 38.927524], [-119.984304, 38.92762], [-119.983877, 38.92791], [-119.983853, 38.927927], [-119.983802, 38.927969], [-119.983738, 38.92801], [-119.983595, 38.928107], [-119.98334, 38.928281], [-119.983289, 38.928319], [-119.983165, 38.928396], [-119.983139, 38.928413], [-119.983022, 38.928493], [-119.982836, 38.928644], [-119.982698, 38.928741], [-119.982661, 38.928762]]}, "props": {"MTFCC": "S1400", "NAME": null}}, {"geom": {"type": "LineString", "coordinates": [[-119.989106, 38.926279], [-119.989249, 38.926346], [-119.98931, 38.926365], [-119.989359, 38.926383], [-119.989442, 38.926415], [-119.989609, 38.926459], [-119.990113, 38.926606], [-119.990149, 38.926617], [-119.990246, 38.926647], [-119.990301, 38.926668], [-119.990362, 38.926682], [-119.990411, 38.926699]]}, "props": {"MTFCC": "S1400", "NAME": null}}, {"geom": {"type": "LineString", "coordinates": [[-119.98472, 38.930081], [-119.98464, 38.93013], [-119.984538, 38.930194], [-119.98446, 38.930256], [-119.984415, 38.930294], [-119.984345, 38.930356]]}, "props": {"MTFCC": "S1400", "NAME": null}}, {"geom": {"type": "LineString", "coordinates": [[-119.998384, 38.905818], [-119.998235, 38.905693], [-119.998001, 38.905496], [-119.997753, 38.905611], [-119.997578, 38.905693]]}, "props": {"MTFCC": "S1400", "NAME": null}}, {"geom": {"type": "LineString", "coordinates": [[-119.947365, 38.950698], [-119.947287, 38.950818], [-119.947055, 38.951179], [-119.946978, 38.9513], [-119.946964, 38.951324], [-119.946709, 38.951653], [-119.946672, 38.951702], [-119.946612, 38.951771], [-119.946575, 38.951804], [-119.946536, 38.951825], [-119.946483, 38.951828], [-119.946433, 38.951815], [-119.946353, 38.951778], [-119.946243, 38.951733], [-119.946165, 38.951698], [-119.946042, 38.951655], [-119.945906, 38.951592], [-119.945712, 38.951508], [-119.945672, 38.951494], [-119.945589, 38.951474], [-119.945544, 38.951471], [-119.945517, 38.951472], [-119.945452, 38.951478], [-119.945364, 38.951497], [-119.945253, 38.951539], [-119.945168, 38.951592], [-119.945138, 38.951616], [-119.945114, 38.951636], [-119.945108, 38.951644], [-119.945102, 38.951652], [-119.945076, 38.951683], [-119.944916, 38.951931], [-119.944888, 38.951964], [-119.944878, 38.951977], [-119.944845, 38.952027], [-119.944823, 38.952058], [-119.944805, 38.95208], [-119.944756, 38.952142], [-119.944586, 38.952394], [-119.944516, 38.9525], [-119.944474, 38.952563], [-119.944433, 38.952614], [-119.944318, 38.952761], [-119.944186, 38.952958], [-119.944108, 38.953076], [-119.944066, 38.953135], [-119.943942, 38.953314], [-119.943901, 38.953374]]}, "props": {"MTFCC": "S1400", "NAME": null}}, {"geom": {"type": "LineString", "coordinates": [[-119.946096, 38.953795], [-119.945895, 38.953782], [-119.945782, 38.953751], [-119.945403, 38.953649], [-119.945107, 38.953527], [-119.944523, 38.953254], [-119.944419, 38.953205], [-119.944108, 38.953076], [-119.943865, 38.952976], [-119.943811, 38.952954], [-119.943622, 38.952873], [-119.943445, 38.952805], [-119.943224, 38.952705], [-119.943142, 38.95267], [-119.94302, 38.952618], [-119.942899, 38.952574], [-119.942868, 38.952562], [-119.942776, 38.952529], [-119.942746, 38.952518]]}, "props": {"MTFCC": "S1400", "NAME": null}}, {"geom": {"type": "LineString", "coordinates": [[-119.947523, 38.951338], [-119.947644, 38.951361], [-119.94767, 38.951367], [-119.947861, 38.951409], [-119.948008, 38.95143], [-119.948131, 38.951449], [-119.948172, 38.951455], [-119.948273, 38.951481], [-119.948295, 38.951487], [-119.948403, 38.951525], [-119.948449, 38.951564], [-119.948555, 38.951685], [-119.948603, 38.951751], [-119.94864, 38.9518], [-119.948688, 38.951871], [-119.948755, 38.951975], [-119.94877, 38.951998], [-119.948874, 38.952128], [-119.948978, 38.952272], [-119.949051, 38.952373]]}, "props": {"MTFCC": "S1400", "NAME": null}}, {"geom": {"type": "LineString", "coordinates": [[-119.94481, 38.94983], [-119.944886, 38.949832], [-119.945007, 38.949841], [-119.945094, 38.949848], [-119.945387, 38.9499], [-119.945522, 38.949935], [-119.945656, 38.949979], [-119.945676, 38.949989], [-119.945767, 38.950022], [-119.946132, 38.950178], [-119.946682, 38.950403], [-119.946741, 38.95043], [-119.94676, 38.950439], [-119.947078, 38.95057], [-119.947365, 38.950698], [-119.947431, 38.950722], [-119.947464, 38.950735], [-119.947634, 38.950789], [-119.947702, 38.950811]]}, "props": {"MTFCC": "S1400", "NAME": null}}, {"geom": {"type": "LineString", "coordinates": [[-119.949971, 38.945536], [-119.950079, 38.945662], [-119.950094, 38.945685], [-119.950299, 38.945969], [-119.950377, 38.946056], [-119.950414, 38.946102], [-119.95049, 38.94621], [-119.950663, 38.946427], [-119.950823, 38.946661], [-119.9509, 38.946773], [-119.950928, 38.946812], [-119.951022, 38.946932], [-119.951141, 38.947093], [-119.951169, 38.947124], [-119.951224, 38.947212], [-119.951314, 38.947335], [-119.951483, 38.947566], [-119.951592, 38.947702], [-119.951625, 38.947743], [-119.951657, 38.947803], [-119.951677, 38.947829], [-119.951763, 38.947947], [-119.951856, 38.948074], [-119.951902, 38.948127], [-119.952026, 38.948302], [-119.952111, 38.948422], [-119.952185, 38.948522], [-119.952196, 38.94854], [-119.952219, 38.948579], [-119.952264, 38.948636], [-119.952352, 38.948736], [-119.952396, 38.948806], [-119.952458, 38.948891], [-119.952545, 38.94901], [-119.952632, 38.949131], [-119.952895, 38.949496], [-119.952983, 38.949618], [-119.953091, 38.949768], [-119.953367, 38.950147], [-119.953415, 38.950219], [-119.953519, 38.950374]]}, "props": {"MTFCC": "S1400", "NAME": null}}, {"geom": {"type": "LineString", "coordinates": [[-119.957753, 38.945071], [-119.957566, 38.945178], [-119.957352, 38.94529], [-119.95707, 38.9454], [-119.956537, 38.945635], [-119.955729, 38.94601], [-119.955312, 38.946195], [-119.955298, 38.946202], [-119.955059, 38.9463], [-119.954966, 38.946344], [-119.954923, 38.946369], [-119.954433, 38.946603], [-119.954066, 38.946762], [-119.953648, 38.946944], [-119.953251, 38.947115], [-119.952981, 38.947232], [-119.952738, 38.947338], [-119.952469, 38.947464], [-119.952309, 38.947533], [-119.952067, 38.947643], [-119.951835, 38.94775], [-119.951677, 38.947829], [-119.951291, 38.94802], [-119.951075, 38.948127], [-119.950656, 38.948314], [-119.95045, 38.948396], [-119.950364, 38.948435], [-119.950109, 38.94854], [-119.949842, 38.948652], [-119.949761, 38.948691], [-119.949722, 38.948724]]}, "props": {"MTFCC": "S1400", "NAME": null}}, {"geom": {"type": "LineString", "coordinates": [[-119.945481, 38.947137], [-119.945462, 38.947247], [-119.945408, 38.9474], [-119.945339, 38.947599], [-119.945276, 38.947853], [-119.94517, 38.948186], [-119.945088, 38.948448]]}, "props": {"MTFCC": "S1400", "NAME": null}}, {"geom": {"type": "LineString", "coordinates": [[-119.963755, 38.94527], [-119.963711, 38.945354], [-119.963692, 38.945369], [-119.963616, 38.945403], [-119.963499, 38.945425], [-119.96344, 38.94545], [-119.963417, 38.945456], [-119.963296, 38.945494], [-119.963209, 38.945515], [-119.963133, 38.945545], [-119.962962, 38.945593], [-119.962804, 38.945642], [-119.962653, 38.945685], [-119.96258, 38.945695], [-119.96251, 38.945699], [-119.962449, 38.945692], [-119.962402, 38.945673], [-119.962364, 38.945648], [-119.962338, 38.945616], [-119.962323, 38.945577], [-119.962317, 38.945534], [-119.962318, 38.945484], [-119.962326, 38.945437], [-119.962325, 38.945126]]}, "props": {"MTFCC": "S1400", "NAME": null}}, {"geom": {"type": "LineString", "coordinates": [[-119.961592, 38.940787], [-119.961857, 38.940762], [-119.961986, 38.940758], [-119.962061, 38.940749], [-119.96214, 38.940745], [-119.962169, 38.940741], [-119.96223, 38.940734], [-119.962405, 38.94072], [-119.962592, 38.940708], [-119.963099, 38.940664], [-119.963173, 38.940666], [-119.963247, 38.940673], [-119.96332, 38.940689], [-119.96339, 38.940709], [-119.963456, 38.94074], [-119.963515, 38.940783], [-119.963582, 38.940821], [-119.963801, 38.940962], [-119.96382, 38.940978], [-119.963906, 38.941052], [-119.963934, 38.941095], [-119.963949, 38.941143], [-119.963946, 38.941194], [-119.963883, 38.941502], [-119.963856, 38.941631], [-119.963849, 38.941656], [-119.963744, 38.942091], [-119.963736, 38.942118], [-119.963697, 38.942272], [-119.963665, 38.942432], [-119.963642, 38.942552], [-119.963605, 38.942918], [-119.96359, 38.943081], [-119.96358, 38.943174], [-119.96357, 38.943284], [-119.963568, 38.943384], [-119.96356, 38.943456], [-119.96355, 38.94355], [-119.963545, 38.943668], [-119.963537, 38.943709], [-119.96353, 38.943749], [-119.963528, 38.943917], [-119.963532, 38.944079], [-119.963544, 38.944182], [-119.96357, 38.944347], [-119.963567, 38.944395], [-119.963575, 38.944506], [-119.963593, 38.944737], [-119.963616, 38.944923], [-119.963619, 38.944985], [-119.963621, 38.945011], [-119.963617, 38.945108], [-119.963621, 38.945145], [-119.96363, 38.945181], [-119.963647, 38.945207], [-119.963689, 38.94524], [-119.963719, 38.945253], [-119.963755, 38.94527], [-119.963825, 38.945295], [-119.963863, 38.945301], [-119.963963, 38.94532], [-119.964032, 38.945327], [-119.9642, 38.945335], [-119.964251, 38.945338], [-119.964312, 38.945352], [-119.964354, 38.945372], [-119.964392, 38.945404], [-119.964422, 38.945467], [-119.964436, 38.945521], [-119.964453, 38.945647], [-119.96446, 38.945896], [-119.964458, 38.94595], [-119.964459, 38.945966], [-119.964468, 38.946062], [-119.964486, 38.946131]]}, "props": {"MTFCC": "S1400", "NAME": null}}, {"geom": {"type": "LineString", "coordinates": [[-119.957978, 38.94535], [-119.958073, 38.945347], [-119.958164, 38.945341], [-119.958373, 38.945347], [-119.958516, 38.945342], [-119.958573, 38.945341], [-119.958884, 38.945345], [-119.959024, 38.945341], [-119.95908, 38.945343], [-119.959141, 38.94534], [-119.959435, 38.945345], [-119.959763, 38.945346], [-119.960131, 38.945351], [-119.960181, 38.945352], [-119.960259, 38.945348], [-119.96067, 38.945359]]}, "props": {"MTFCC": "S1400", "NAME": null}}, {"geom": {"type": "LineString", "coordinates": [[-119.973464, 38.937935], [-119.973446, 38.937961], [-119.973435, 38.938014], [-119.973433, 38.938048], [-119.973427, 38.938195], [-119.973427, 38.938409], [-119.973427, 38.938504], [-119.973428, 38.93853], [-119.973432, 38.938626], [-119.97343, 38.938641], [-119.973424, 38.938747], [-119.973418, 38.938974], [-119.973416, 38.939086], [-119.973416, 38.939105], [-119.973417, 38.939363], [-119.973406, 38.939473], [-119.973404, 38.939497], [-119.97338, 38.939565], [-119.973355, 38.939639], [-119.973304, 38.939731], [-119.973094, 38.940055], [-119.972971, 38.940288], [-119.972898, 38.940478], [-119.97288, 38.940542], [-119.972841, 38.940733], [-119.972827, 38.940889], [-119.972815, 38.941035], [-119.972815, 38.941291], [-119.972809, 38.941373], [-119.972806, 38.941506], [-119.972794, 38.941901], [-119.972792, 38.941978], [-119.972791, 38.942153], [-119.972787, 38.942215], [-119.972795, 38.942445], [-119.972789, 38.942499], [-119.972787, 38.942878], [-119.972786, 38.943239], [-119.972792, 38.943387], [-119.97279, 38.943485], [-119.972782, 38.944014], [-119.972779, 38.9442], [-119.972781, 38.944293], [-119.972785, 38.944413], [-119.972804, 38.945131], [-119.972805, 38.945147], [-119.972814, 38.945245], [-119.972864, 38.945403]]}, "props": {"MTFCC": "S1400", "NAME": null}}, {"geom": {"type": "LineString", "coordinates": [[-119.971016, 38.943574], [-119.971121, 38.943574], [-119.971253, 38.943576], [-119.971436, 38.94358], [-119.971542, 38.943583]]}, "props": {"MTFCC": "S1400", "NAME": null}}, {"geom": {"type": "LineString", "coordinates": [[-119.985549, 38.935663], [-119.985555, 38.935708], [-119.985565, 38.935738], [-119.98557, 38.935768], [-119.985601, 38.935931], [-119.985639, 38.936066], [-119.985644, 38.936084], [-119.985667, 38.936158], [-119.985672, 38.936189], [-119.985686, 38.936256], [-119.985694, 38.93634], [-119.985713, 38.936525], [-119.985749, 38.936689], [-119.985767, 38.936794], [-119.98578, 38.936865], [-119.985777, 38.936913], [-119.985784, 38.936946], [-119.985807, 38.937095], [-119.98586, 38.937418], [-119.985877, 38.937542], [-119.985898, 38.937692], [-119.985909, 38.937813], [-119.985913, 38.937849], [-119.985924, 38.937929], [-119.986001, 38.938298], [-119.986002, 38.938314], [-119.986006, 38.938343], [-119.98603, 38.93847], [-119.986052, 38.938624], [-119.986088, 38.938875], [-119.986103, 38.938944], [-119.986121, 38.939086], [-119.986142, 38.939241], [-119.986144, 38.939276], [-119.986164, 38.939391], [-119.986223, 38.939726], [-119.986231, 38.939804], [-119.986238, 38.939841], [-119.986266, 38.939991], [-119.986273, 38.940106], [-119.986279, 38.940149], [-119.986313, 38.940386], [-119.986365, 38.940615], [-119.986388, 38.940777], [-119.986401, 38.940908], [-119.986405, 38.940948], [-119.98646, 38.941298], [-119.986481, 38.941429], [-119.986501, 38.941559], [-119.986561, 38.941953], [-119.986582, 38.942084], [-119.986592, 38.942141], [-119.986592, 38.942197], [-119.986608, 38.942263], [-119.986613, 38.942323], [-119.986631, 38.942393], [-119.986651, 38.942522], [-119.986693, 38.942724], [-119.986713, 38.942877], [-119.986726, 38.942936], [-119.986738, 38.943059], [-119.98679, 38.943283], [-119.986811, 38.943412]]}, "props": {"MTFCC": "S1400", "NAME": null}}, {"geom": {"type": "LineString", "coordinates": [[-119.977213, 38.938983], [-119.977213, 38.939089], [-119.977214, 38.939197], [-119.977223, 38.939323], [-119.977213, 38.939453], [-119.977211, 38.939864], [-119.97721, 38.940085], [-119.977209, 38.940232], [-119.977209, 38.940672], [-119.977209, 38.94082], [-119.977208, 38.94098], [-119.977208, 38.941463], [-119.977208, 38.941624], [-119.977206, 38.941962], [-119.977194, 38.942069], [-119.977192, 38.942226], [-119.977196, 38.942268], [-119.977193, 38.942314], [-119.97719, 38.942381], [-119.977187, 38.942431], [-119.977185, 38.942465], [-119.977181, 38.942532], [-119.977172, 38.942609], [-119.977165, 38.942661], [-119.977151, 38.942719], [-119.977138, 38.942774], [-119.977119, 38.94284], [-119.977101, 38.942902], [-119.977089, 38.942944]]}, "props": {"MTFCC": "S1200", "NAME": null}}, {"geom": {"type": "LineString", "coordinates": [[-119.964342, 38.924693], [-119.964234, 38.924755], [-119.963919, 38.924941], [-119.96389, 38.924959], [-119.963816, 38.925005], [-119.963649, 38.925112], [-119.96338, 38.925285], [-119.963154, 38.925437], [-119.962989, 38.925547], [-119.962917, 38.925596], [-119.962744, 38.925697], [-119.962701, 38.925724], [-119.962466, 38.925863], [-119.962334, 38.925909], [-119.962134, 38.925956], [-119.961945, 38.925984], [-119.961887, 38.925991], [-119.961657, 38.925993]]}, "props": {"MTFCC": "S1400", "NAME": null}}, {"geom": {"type": "LineString", "coordinates": [[-119.968408, 38.941208], [-119.968583, 38.941194], [-119.968815, 38.94121], [-119.969057, 38.941236], [-119.969218, 38.941258], [-119.969269, 38.941265]]}, "props": {"MTFCC": "S1400", "NAME": null}}, {"geom": {"type": "LineString", "coordinates": [[-119.948377, 38.937982], [-119.948338, 38.937906], [-119.948321, 38.937885], [-119.948203, 38.937704], [-119.948113, 38.937622], [-119.948054, 38.937575], [-119.94803, 38.937568], [-119.947976, 38.937567], [-119.947894, 38.937582], [-119.947813, 38.937608], [-119.947785, 38.937619], [-119.947506, 38.93774], [-119.947453, 38.937766], [-119.946479, 38.938205], [-119.946308, 38.938291], [-119.94619, 38.938333], [-119.945913, 38.938456], [-119.945874, 38.938478], [-119.945735, 38.938542], [-119.945589, 38.938603], [-119.94517, 38.93878], [-119.944858, 38.938934]]}, "props": {"MTFCC": "S1400", "NAME": null}}, {"geom": {"type": "LineString", "coordinates": [[-119.959142, 38.937342], [-119.958948, 38.937469], [-119.9586, 38.937706], [-119.958544, 38.93775], [-119.958204, 38.937972], [-119.958133, 38.938014], [-119.9581, 38.938038], [-119.95806, 38.938058], [-119.957908, 38.938156], [-119.957871, 38.938176], [-119.957842, 38.938198], [-119.957819, 38.938222], [-119.957785, 38.938271], [-119.95778, 38.938292], [-119.957802, 38.93833], [-119.958123, 38.938597], [-119.958298, 38.938753], [-119.958469, 38.938924], [-119.958492, 38.938947], [-119.958954, 38.939362]]}, "props": {"MTFCC": "S1400", "NAME": null}}, {"geom": {"type": "LineString", "coordinates": [[-119.9578, 38.935145], [-119.957961, 38.935311], [-119.958145, 38.935487], [-119.958307, 38.935614], [-119.958422, 38.935729], [-119.958481, 38.935789], [-119.958784, 38.936063], [-119.95885, 38.936118], [-119.959085, 38.936286], [-119.959414, 38.936624], [-119.959582, 38.936782], [-119.959704, 38.936926], [-119.959731, 38.936941], [-119.95982, 38.937025], [-119.960317, 38.937449], [-119.960473, 38.937582], [-119.960542, 38.937655], [-119.960792, 38.937876], [-119.960947, 38.938027]]}, "props": {"MTFCC": "S1400", "NAME": null}}, {"geom": {"type": "LineString", "coordinates": [[-119.977369, 38.9359], [-119.977686, 38.935901], [-119.977771, 38.935899], [-119.977924, 38.935903], [-119.978213, 38.935912], [-119.978656, 38.935932], [-119.978895, 38.935923], [-119.979133, 38.935924], [-119.979209, 38.935929], [-119.979592, 38.935929], [-119.980051, 38.93593], [-119.980073, 38.935923], [-119.980147, 38.935928]]}, "props": {"MTFCC": "S1400", "NAME": null}}, {"geom": {"type": "LineString", "coordinates": [[-119.949184, 38.9344], [-119.948522, 38.93475]]}, "props": {"MTFCC": "S1400", "NAME": null}}, {"geom": {"type": "LineString", "coordinates": [[-119.959621, 38.932043], [-119.959405, 38.932189], [-119.959267, 38.932278], [-119.95904, 38.932433], [-119.958886, 38.932521], [-119.958741, 38.932626], [-119.958633, 38.932697], [-119.958222, 38.932988], [-119.957616, 38.93339], [-119.957481, 38.933486], [-119.957281, 38.933608], [-119.956825, 38.933901], [-119.956702, 38.933991], [-119.956237, 38.934311], [-119.955984, 38.934495]]}, "props": {"MTFCC": "S1400", "NAME": null}}, {"geom": {"type": "LineString", "coordinates": [[-119.958856, 38.931337], [-119.958789, 38.931397], [-119.958538, 38.931572], [-119.958164, 38.931814], [-119.958143, 38.931824], [-119.958128, 38.931835], [-119.958053, 38.931897], [-119.957961, 38.931957], [-119.957898, 38.932001], [-119.957845, 38.932042], [-119.957517, 38.932227], [-119.957333, 38.932368], [-119.957239, 38.932431], [-119.956914, 38.932663], [-119.956882, 38.932683], [-119.956814, 38.932734], [-119.956481, 38.932948], [-119.956328, 38.933037], [-119.95599, 38.933282], [-119.955937, 38.933318], [-119.955213, 38.933823]]}, "props": {"MTFCC": "S1400", "NAME": null}}, {"geom": {"type": "LineString", "coordinates": [[-119.979259, 38.933891], [-119.979355, 38.933896], [-119.979544, 38.933902], [-119.979635, 38.933909], [-119.979695, 38.933904], [-119.979805, 38.933891], [-119.980051, 38.93387], [-119.980097, 38.933872], [-119.980178, 38.933855]]}, "props": {"MTFCC": "S1400", "NAME": null}}, {"geom": {"type": "LineString", "coordinates": [[-119.980459, 38.928196], [-119.980433, 38.928282], [-119.980365, 38.928516], [-119.980344, 38.928534], [-119.980278, 38.928595], [-119.980214, 38.928704], [-119.980171, 38.92876], [-119.980143, 38.928798], [-119.980034, 38.928915], [-119.979985, 38.928985], [-119.979898, 38.929078], [-119.979804, 38.929193], [-119.979787, 38.92921], [-119.979649, 38.929351], [-119.979512, 38.929503], [-119.979374, 38.92966], [-119.979175, 38.929897], [-119.979113, 38.92997], [-119.978981, 38.930127]]}, "props": {"MTFCC": "S1400", "NAME": null}}, {"geom": {"type": "LineString", "coordinates": [[-119.976672, 38.920614], [-119.976769, 38.920708], [-119.976831, 38.920769], [-119.976866, 38.920792], [-119.977069, 38.920983], [-119.977169, 38.921077], [-119.977277, 38.921179], [-119.977383, 38.92128], [-119.977609, 38.921481], [-119.977721, 38.921581], [-119.977828, 38.921679], [-119.97798, 38.921817], [-119.978146, 38.92198], [-119.978161, 38.921995], [-119.978255, 38.922078], [-119.978348, 38.922158], [-119.978364, 38.922175], [-119.978401, 38.922215], [-119.978611, 38.922398], [-119.978679, 38.922471], [-119.978793, 38.922575], [-119.978903, 38.922679], [-119.979235, 38.922991], [-119.979346, 38.923096], [-119.979454, 38.923194], [-119.979682, 38.9234], [-119.979777, 38.923494], [-119.979882, 38.923598], [-119.979993, 38.923697], [-119.980326, 38.923994], [-119.980437, 38.924093], [-119.980543, 38.924196], [-119.980639, 38.924289], [-119.980752, 38.924394], [-119.980865, 38.924506], [-119.980972, 38.924611], [-119.981081, 38.924708], [-119.981218, 38.924831], [-119.981288, 38.924899], [-119.981338, 38.924939], [-119.9814, 38.925], [-119.981483, 38.925065], [-119.98152, 38.9251], [-119.98161, 38.925174], [-119.981631, 38.925196], [-119.981755, 38.925325], [-119.981938, 38.925481], [-119.981956, 38.925497], [-119.982066, 38.925596], [-119.982091, 38.925619], [-119.982169, 38.925703], [-119.982305, 38.925849], [-119.982484, 38.92602], [-119.9826, 38.926116], [-119.982792, 38.926276], [-119.982858, 38.926344], [-119.98289, 38.926368], [-119.983019, 38.926493], [-119.983154, 38.926608], [-119.983411, 38.926821], [-119.983551, 38.926933], [-119.983567, 38.926948], [-119.983607, 38.926985], [-119.983651, 38.927025]]}, "props": {"MTFCC": "S1400", "NAME": null}}, {"geom": {"type": "LineString", "coordinates": [[-119.977599, 38.926957], [-119.977481, 38.926959], [-119.977389, 38.926976], [-119.977324, 38.926997], [-119.977264, 38.927031], [-119.977207, 38.927078], [-119.977188, 38.927099], [-119.977159, 38.927138], [-119.977146, 38.927178], [-119.977159, 38.927233], [-119.977204, 38.927313], [-119.977283, 38.927402], [-119.977364, 38.927493], [-119.97745, 38.927618], [-119.977627, 38.927851], [-119.97779, 38.92816], [-119.977982, 38.928488], [-119.978159, 38.928862], [-119.978204, 38.928982], [-119.978312, 38.929237], [-119.978449, 38.929505], [-119.978457, 38.929518], [-119.978517, 38.929612], [-119.978583, 38.929692], [-119.97869, 38.929815], [-119.978759, 38.929919], [-119.978876, 38.930058], [-119.978942, 38.930107], [-119.978981, 38.930127], [-119.979014, 38.930144], [-119.97908, 38.93019], [-119.979131, 38.930219], [-119.979218, 38.93027], [-119.979288, 38.930305], [-119.979487, 38.930413], [-119.979601, 38.930465], [-119.979762, 38.930539]]}, "props": {"MTFCC": "S1400", "NAME": null}}, {"geom": {"type": "LineString", "coordinates": [[-119.95632, 38.929753], [-119.961994, 38.929768]]}, "props": {"MTFCC": "S1400", "NAME": null}}, {"geom": {"type": "LineString", "coordinates": [[-119.95311, 38.92947], [-119.953235, 38.929473], [-119.953498, 38.929473], [-119.953543, 38.929474], [-119.953687, 38.929467], [-119.954006, 38.929461], [-119.954371, 38.92946], [-119.954505, 38.929455], [-119.954662, 38.929453], [-119.954875, 38.929451], [-119.954906, 38.929455], [-119.955051, 38.929456]]}, "props": {"MTFCC": "S1400", "NAME": null}}, {"geom": {"type": "LineString", "coordinates": [[-119.987159, 38.9247], [-119.987274, 38.924872], [-119.987319, 38.92495], [-119.987396, 38.925081], [-119.987593, 38.925436], [-119.987761, 38.925727], [-119.987911, 38.925985], [-119.987951, 38.926061], [-119.987999, 38.926137], [-119.98803, 38.926186], [-119.988074, 38.926246], [-119.988187, 38.926454], [-119.988233, 38.926518], [-119.988264, 38.926576], [-119.988273, 38.926589], [-119.98834, 38.926687], [-119.988348, 38.926705], [-119.988369, 38.926738], [-119.98842, 38.926821], [-119.988429, 38.926841], [-119.988439, 38.926864], [-119.988464, 38.926903], [-119.988507, 38.927], [-119.988534, 38.927143], [-119.988532, 38.92718], [-119.988529, 38.927301]]}, "props": {"MTFCC": "S1400", "NAME": null}}, {"geom": {"type": "LineString", "coordinates": [[-119.984438, 38.919728], [-119.984336, 38.919784], [-119.984304, 38.919798], [-119.984195, 38.919878], [-119.984122, 38.919933], [-119.983892, 38.920082], [-119.983693, 38.920202], [-119.983478, 38.920351], [-119.983243, 38.920515], [-119.983012, 38.920647], [-119.982961, 38.920677], [-119.982874, 38.920732], [-119.982814, 38.920764], [-119.982743, 38.920812], [-119.98237, 38.921097], [-119.982159, 38.921229], [-119.982142, 38.921241], [-119.981993, 38.921342], [-119.981884, 38.921402], [-119.981787, 38.921465], [-119.98169, 38.921531], [-119.981613, 38.921586], [-119.981442, 38.921711], [-119.981333, 38.921779], [-119.981145, 38.921911], [-119.980874, 38.92209], [-119.9808, 38.922135], [-119.980523, 38.922308], [-119.980434, 38.92236], [-119.980311, 38.922447], [-119.980284, 38.922461], [-119.980248, 38.922481], [-119.979856, 38.922759], [-119.979761, 38.92284], [-119.979588, 38.922949], [-119.979522, 38.922992], [-119.979467, 38.923033], [-119.979346, 38.923096], [-119.979268, 38.923137], [-119.979157, 38.923215], [-119.979081, 38.923262], [-119.978849, 38.92341], [-119.978708, 38.923495], [-119.978298, 38.923781], [-119.978207, 38.923845], [-119.978032, 38.923946], [-119.977968, 38.923986], [-119.977871, 38.924049], [-119.977802, 38.924105], [-119.977748, 38.92414], [-119.977726, 38.924156], [-119.977651, 38.924217], [-119.976978, 38.92468], [-119.976899, 38.92473], [-119.976855, 38.924759], [-119.976602, 38.924903], [-119.976545, 38.924931], [-119.976487, 38.924962], [-119.976376, 38.924994], [-119.976307, 38.925006]]}, "props": {"MTFCC": "S1400", "NAME": null}}, {"geom": {"type": "LineString", "coordinates": [[-119.98388, 38.919219], [-119.983645, 38.919373], [-119.983072, 38.919752], [-119.982942, 38.919838], [-119.982708, 38.919994], [-119.982659, 38.92003], [-119.982503, 38.920121], [-119.98243, 38.92017], [-119.98232, 38.920246], [-119.982213, 38.920329], [-119.981772, 38.920634], [-119.981616, 38.920725], [-119.981553, 38.920763], [-119.981339, 38.920902], [-119.981145, 38.92103], [-119.981062, 38.921076], [-119.981018, 38.921101], [-119.980946, 38.921158], [-119.980804, 38.921253], [-119.980744, 38.921298], [-119.980612, 38.921375], [-119.980299, 38.921597], [-119.980248, 38.921624], [-119.980196, 38.921652], [-119.979998, 38.921787], [-119.979978, 38.921807], [-119.979921, 38.921849], [-119.979746, 38.921957], [-119.979545, 38.922095], [-119.979339, 38.922218], [-119.979273, 38.92226], [-119.979208, 38.922314], [-119.979034, 38.922427], [-119.979005, 38.922447], [-119.978793, 38.922575], [-119.978654, 38.922678], [-119.978535, 38.922753], [-119.97843, 38.922821], [-119.97828, 38.92293], [-119.977754, 38.923275], [-119.977514, 38.923433], [-119.977493, 38.923448], [-119.977357, 38.923546], [-119.977262, 38.923601], [-119.97709, 38.923704], [-119.976566, 38.924057], [-119.976428, 38.924127], [-119.976342, 38.924152], [-119.97631, 38.924157]]}, "props": {"MTFCC": "S1400", "NAME": null}}, {"geom": {"type": "LineString", "coordinates": [[-119.984217, 38.918145], [-119.984175, 38.918191], [-119.984045, 38.918259], [-119.984008, 38.918279], [-119.983757, 38.918464], [-119.983521, 38.918605], [-119.983342, 38.918713], [-119.983236, 38.918776], [-119.983109, 38.918867], [-119.982984, 38.918957], [-119.982828, 38.919054], [-119.982753, 38.919108], [-119.982413, 38.919321], [-119.982362, 38.919348], [-119.98225, 38.91944], [-119.982179, 38.919485], [-119.981898, 38.919664], [-119.981782, 38.919739], [-119.98149, 38.919929], [-119.981433, 38.91997], [-119.981271, 38.920075], [-119.981121, 38.920164], [-119.981058, 38.920208], [-119.980867, 38.920342], [-119.980784, 38.920398], [-119.980557, 38.920557], [-119.980516, 38.920583], [-119.980097, 38.920863], [-119.98004, 38.920903], [-119.979927, 38.920967], [-119.979817, 38.921037], [-119.979702, 38.921119], [-119.979493, 38.921271], [-119.979434, 38.921303], [-119.979298, 38.921382], [-119.979196, 38.921455], [-119.97909, 38.921533], [-119.978797, 38.921709], [-119.978486, 38.921916], [-119.97835, 38.922007], [-119.978255, 38.922078], [-119.977991, 38.922248], [-119.977907, 38.922303], [-119.977379, 38.922674], [-119.977311, 38.922715], [-119.977261, 38.922763], [-119.977221, 38.922789], [-119.976959, 38.922962], [-119.976924, 38.922985], [-119.976836, 38.92303], [-119.976779, 38.92307], [-119.97671, 38.923127], [-119.976647, 38.923169], [-119.976578, 38.923196], [-119.976463, 38.923233], [-119.976318, 38.923257]]}, "props": {"MTFCC": "S1400", "NAME": null}}, {"geom": {"type": "LineString", "coordinates": [[-119.969984, 38.91913], [-119.971191, 38.919105]]}, "props": {"MTFCC": "S1400", "NAME": null}}, {"geom": {"type": "LineString", "coordinates": [[-119.998689, 38.900197], [-119.99864, 38.900172], [-119.998571, 38.900139], [-119.998542, 38.900129], [-119.998487, 38.900116], [-119.998435, 38.900104]]}, "props": {"MTFCC": "S1400", "NAME": null}}, {"geom": {"type": "LineString", "coordinates": [[-119.998667, 38.859631], [-119.998557, 38.859681], [-119.998534, 38.859689], [-119.998457, 38.859717], [-119.998371, 38.859763], [-119.998346, 38.859781], [-119.998145, 38.859872], [-119.998006, 38.859928]]}, "props": {"MTFCC": "S1400", "NAME": null}}, {"geom": {"type": "LineString", "coordinates": [[-119.990744, 38.937544], [-119.990735, 38.937652], [-119.990742, 38.937918], [-119.99074, 38.937937], [-119.990742, 38.938055], [-119.990744, 38.938129], [-119.990739, 38.938208], [-119.990737, 38.938249], [-119.990739, 38.938277], [-119.990731, 38.938327], [-119.990734, 38.938518], [-119.99073, 38.938667], [-119.99073, 38.938693], [-119.990741, 38.93882], [-119.990744, 38.938931], [-119.990742, 38.938968], [-119.990736, 38.939196], [-119.990725, 38.939413], [-119.990718, 38.939562]]}, "props": {"MTFCC": "S1400", "NAME": null}}, {"geom": {"type": "LineString", "coordinates": [[-119.988834, 38.923768], [-119.988482, 38.923993], [-119.988401, 38.924047]]}, "props": {"MTFCC": "S1750", "NAME": null}}, {"geom": {"type": "MultiLineString", "coordinates": [[[-120.0024, 38.88440016107384], [-120.00204, 38.885216], [-120.001992, 38.885326], [-120.001569, 38.886257], [-120.001487, 38.886453], [-120.001308, 38.886823], [-120.000879, 38.887759], [-120.000669, 38.888243], [-120.000636, 38.88832], [-120.000576, 38.8885], [-120.00049, 38.888687], [-120.000386, 38.888884], [-120.000224, 38.889256], [-120.000101, 38.889547], [-120.000003, 38.889783], [-119.999911, 38.889977], [-119.999856, 38.890171], [-119.999794, 38.890352], [-119.99978, 38.890437], [-119.999729, 38.89075], [-119.999714, 38.890839], [-119.999703, 38.890909], [-119.999692, 38.891096], [-119.999692, 38.89111], [-119.999694, 38.891201], [-119.999705, 38.891673], [-119.999713, 38.891813], [-119.999815, 38.89353], [-119.999823, 38.893648], [-119.99984, 38.893877], [-119.999853, 38.894148], [-119.999859, 38.89426], [-119.999863, 38.894331], [-119.999867, 38.894423], [-119.999882, 38.894746], [-119.999886, 38.894915], [-119.999891, 38.89508], [-119.999896, 38.895458], [-119.999895, 38.895494], [-119.999894, 38.895605], [-119.999898, 38.89575], [-119.999861, 38.896062], [-119.999819, 38.896378], [-119.999733, 38.896724], [-119.999703, 38.896845], [-119.999623, 38.897124], [-119.999612, 38.897162], [-119.999526, 38.897388], [-119.999432, 38.89764], [-119.999377, 38.897803], [-119.999315, 38.897959], [-119.999245, 38.898107], [-119.999217, 38.898175], [-119.999111, 38.898437], [-119.999056, 38.89857], [-119.999048, 38.898592], [-119.998998, 38.898732], [-119.998933, 38.898888], [-119.998861, 38.899036], [-119.998853, 38.899054], [-119.998793, 38.899211], [-119.998746, 38.899342], [-119.998742, 38.899356], [-119.998672, 38.89951], [-119.998609, 38.899672], [-119.998584, 38.899728], [-119.998541, 38.899828], [-119.99853, 38.899857], [-119.998511, 38.899906], [-119.998453, 38.900054], [-119.998435, 38.900104], [-119.998307, 38.900424], [-119.998288, 38.900475], [-119.998196, 38.90081], [-119.998155, 38.900976], [-119.99809, 38.901313], [-119.998078, 38.901431], [-119.998073, 38.901486], [-119.998068, 38.901664], [-119.998071, 38.901776], [-119.998073, 38.901839], [-119.998086, 38.902013], [-119.998109, 38.902185], [-119.998113, 38.902211], [-119.99814, 38.902358], [-119.998218, 38.902696], [-119.998276, 38.902868], [-119.998343, 38.903036], [-119.99842, 38.9032], [-119.998551, 38.903442], [-119.998598, 38.903529], [-119.998778, 38.903817], [-119.99892, 38.904049], [-119.999184, 38.904482], [-119.999296, 38.90463], [-119.999362, 38.904737], [-119.999507, 38.904969], [-119.999809, 38.905445], [-120.000217, 38.90609], [-120.000387, 38.906365], [-120.000714, 38.906877], [-120.001018, 38.907353], [-120.001077, 38.907447], [-120.001254, 38.907729], [-120.001314, 38.907824], [-120.001665, 38.908379], [-120.002056, 38.908997], [-120.002198, 38.909252], [-120.0024, 38.90956282945735]], [[-120.0024, 38.91460342702703], [-120.002017, 38.914856], [-120.001922, 38.914919], [-120.001783, 38.915012], [-120.001771, 38.915019], [-120.001632, 38.9151], [-120.00141, 38.915244], [-120.00135, 38.915284], [-120.001221, 38.915382], [-120.001079, 38.915477], [-120.000926, 38.915564], [-120.000801, 38.915661], [-120.000353, 38.915959], [-119.999999, 38.916195], [-119.999831, 38.916307], [-119.999801, 38.916325], [-119.999403, 38.916583], [-119.999208, 38.916714], [-119.999012, 38.916846], [-119.998628, 38.917097], [-119.998162, 38.917403], [-119.997894, 38.917585], [-119.997767, 38.91768], [-119.997481, 38.917858], [-119.997097, 38.918109], [-119.996925, 38.918229], [-119.996894, 38.918248], [-119.996355, 38.918599], [-119.996277, 38.918654], [-119.996076, 38.918796], [-119.995947, 38.91889], [-119.995805, 38.918971], [-119.995791, 38.91898], [-119.995659, 38.919081], [-119.995365, 38.919273], [-119.995204, 38.919364], [-119.994997, 38.919503], [-119.99473, 38.919685], [-119.994632, 38.919749], [-119.994339, 38.919944], [-119.994242, 38.920009], [-119.993598, 38.920442], [-119.993535, 38.920482], [-119.992244, 38.921332], [-119.991404, 38.921886], [-119.991166, 38.922044], [-119.990698, 38.92236], [-119.990658, 38.922387], [-119.990569, 38.922447], [-119.990557, 38.922454], [-119.990131, 38.922726], [-119.990076, 38.922762], [-119.989991, 38.922821], [-119.989741, 38.922995], [-119.989627, 38.923075], [-119.989458, 38.923171], [-119.988977, 38.923496], [-119.988725, 38.923667], [-119.988485, 38.923824], [-119.987767, 38.924296], [-119.987528, 38.924454], [-119.987454, 38.924503], [-119.987232, 38.92465], [-119.987159, 38.9247], [-119.987054, 38.924779], [-119.986959, 38.924836], [-119.986904, 38.92487], [-119.986481, 38.925153], [-119.98636, 38.925241], [-119.986347, 38.925252], [-119.986202, 38.925348], [-119.986158, 38.925373], [-119.986045, 38.925439], [-119.984801, 38.92627], [-119.984268, 38.926623], [-119.984116, 38.926727], [-119.983931, 38.926835], [-119.983817, 38.926912], [-119.983651, 38.927025], [-119.983508, 38.92712], [-119.983288, 38.927267], [-119.983223, 38.927311], [-119.983093, 38.927407], [-119.983037, 38.927443], [-119.982791, 38.927614], [-119.982518, 38.927824], [-119.982384, 38.927933], [-119.982355, 38.927953], [-119.982241, 38.928039], [-119.981834, 38.928374], [-119.981574, 38.928605], [-119.98144, 38.928718], [-119.981188, 38.928954], [-119.980943, 38.929198], [-119.980824, 38.929323], [-119.9807, 38.929445], [-119.980606, 38.929545], [-119.980469, 38.929695], [-119.980349, 38.929833], [-119.98002, 38.930215], [-119.979762, 38.930539], [-119.979574, 38.930786], [-119.979495, 38.930891], [-119.979208, 38.931307], [-119.979047, 38.931553], [-119.978938, 38.931722], [-119.978882, 38.931815], [-119.97877, 38.932], [-119.978722, 38.932087], [-119.978539, 38.932427], [-119.978325, 38.932849], [-119.978287, 38.932928], [-119.978196, 38.933122], [-119.978156, 38.933216], [-119.978063, 38.93344], [-119.977976, 38.933651], [-119.977831, 38.934039], [-119.977806, 38.93412], [-119.977735, 38.934352], [-119.977692, 38.934503], [-119.977599, 38.934836], [-119.977566, 38.934957], [-119.977527, 38.93511], [-119.977496, 38.935268], [-119.977471, 38.935402], [-119.977431, 38.935552], [-119.977397, 38.935741], [-119.977369, 38.9359], [-119.977345, 38.936055], [-119.977289, 38.936439], [-119.97728, 38.936521], [-119.977264, 38.936677], [-119.977254, 38.936827], [-119.97724, 38.937047], [-119.977235, 38.937278], [-119.977232, 38.937429], [-119.97723, 38.937522], [-119.977226, 38.937802], [-119.977225, 38.937896], [-119.977224, 38.937961], [-119.977224, 38.938096], [-119.977219, 38.938156], [-119.977215, 38.938222], [-119.977209, 38.938335], [-119.977207, 38.938399], [-119.977209, 38.938505], [-119.977224, 38.9386], [-119.977223, 38.938675], [-119.977223, 38.938713], [-119.977216, 38.938789], [-119.977212, 38.938827], [-119.977212, 38.938944], [-119.977213, 38.938983], [-119.977213, 38.939089], [-119.977214, 38.939197], [-119.977223, 38.939323], [-119.977213, 38.939453], [-119.977211, 38.939864], [-119.97721, 38.940085], [-119.977209, 38.940232], [-119.977209, 38.940672], [-119.977209, 38.94082], [-119.977208, 38.94098], [-119.977208, 38.941463], [-119.977208, 38.941624], [-119.977206, 38.941962], [-119.977194, 38.942069], [-119.977192, 38.942226], [-119.977196, 38.942268], [-119.977193, 38.942314], [-119.97719, 38.942381], [-119.977187, 38.942431], [-119.977185, 38.942465], [-119.977181, 38.942532], [-119.977172, 38.942609], [-119.977165, 38.942661], [-119.977151, 38.942719], [-119.977138, 38.942774], [-119.977119, 38.94284], [-119.977101, 38.942902], [-119.977089, 38.942944], [-119.977058, 38.943047], [-119.977024, 38.943116], [-119.976997, 38.943165], [-119.976972, 38.943239], [-119.976952, 38.943298], [-119.976865, 38.94343], [-119.976807, 38.94355], [-119.976681, 38.943711], [-119.976631, 38.943774], [-119.976517, 38.943913], [-119.976472, 38.94396], [-119.976335, 38.944106], [-119.976314, 38.94413], [-119.976194, 38.944234], [-119.976069, 38.944331], [-119.975931, 38.944424], [-119.975656, 38.944594], [-119.975499, 38.944674], [-119.975166, 38.944818], [-119.974832, 38.944933], [-119.974665, 38.944979], [-119.974501, 38.945033], [-119.973974, 38.945153], [-119.973803, 38.945181], [-119.973447, 38.94526], [-119.973263, 38.945309], [-119.972864, 38.945403], [-119.972496, 38.945485], [-119.971625, 38.945681], [-119.971392, 38.945718], [-119.971281, 38.945737], [-119.97102, 38.94577], [-119.970928, 38.945783], [-119.97075, 38.945798], [-119.970548, 38.945807], [-119.970397, 38.945814], [-119.970051, 38.945815], [-119.969883, 38.945808], [-119.969725, 38.945797], [-119.969329, 38.94575], [-119.969135, 38.94572], [-119.969011, 38.945701], [-119.968907, 38.94568], [-119.968669, 38.945642], [-119.968612, 38.945633], [-119.968443, 38.945606], [-119.968387, 38.945598], [-119.968346, 38.945592], [-119.968113, 38.945564], [-119.96784, 38.945543], [-119.967564, 38.945527], [-119.967288, 38.945539], [-119.967114, 38.945548], [-119.967013, 38.945557], [-119.966907, 38.945565], [-119.966806, 38.945574], [-119.966593, 38.9456], [-119.966489, 38.945613], [-119.96634, 38.945636], [-119.966185, 38.945661], [-119.966035, 38.94569], [-119.965896, 38.945723], [-119.96575, 38.945759], [-119.965555, 38.945816], [-119.96497, 38.945987], [-119.964776, 38.946045], [-119.964717, 38.946062], [-119.964654, 38.946081], [-119.964543, 38.946113], [-119.964486, 38.946131], [-119.964089, 38.946247], [-119.96329, 38.946483], [-119.963125, 38.946535], [-119.962939, 38.946584], [-119.962899, 38.946596], [-119.962591, 38.946689], [-119.962503, 38.946714], [-119.962301, 38.946772], [-119.961723, 38.94694], [-119.961696, 38.946946], [-119.96155, 38.946985], [-119.961495, 38.947003], [-119.961368, 38.947045], [-119.961337, 38.947053], [-119.961174, 38.947098], [-119.960864, 38.947197], [-119.960707, 38.947248], [-119.960282, 38.94739], [-119.960065, 38.947471], [-119.959938, 38.94752], [-119.959588, 38.947661], [-119.958212, 38.94828], [-119.958196, 38.948286], [-119.957673, 38.948512], [-119.957574, 38.948558], [-119.95716, 38.948743], [-119.955919, 38.949298], [-119.955506, 38.949484], [-119.955108, 38.949662], [-119.953916, 38.950195], [-119.953519, 38.950374], [-119.953468, 38.950396], [-119.953316, 38.950464], [-119.953266, 38.950487], [-119.952545, 38.950809], [-119.951588, 38.951239], [-119.951493, 38.951282], [-119.950383, 38.951774], [-119.950364, 38.951783], [-119.949663, 38.952095], [-119.94954, 38.952149], [-119.949451, 38.95219], [-119.949277, 38.952273], [-119.949173, 38.952318], [-119.949051, 38.952373], [-119.94876, 38.952498], [-119.9486, 38.952574], [-119.948578, 38.952583], [-119.948283, 38.95271], [-119.947837, 38.95291], [-119.94736, 38.953135], [-119.947169, 38.953233], [-119.946975, 38.953335], [-119.946719, 38.953487], [-119.94662, 38.953549], [-119.946407, 38.953684], [-119.946326, 38.953738], [-119.94623, 38.953804], [-119.946098, 38.953893], [-119.945967, 38.953983], [-119.945805, 38.954099], [-119.945712, 38.954175], [-119.945614, 38.954256], [-119.945591, 38.954279], [-119.945484, 38.954384], [-119.945392, 38.954486], [-119.945193, 38.954711], [-119.944839, 38.955117], [-119.944811, 38.955151], [-119.944775, 38.955195], [-119.944616, 38.955377], [-119.943988, 38.956271], [-119.94356, 38.956939], [-119.942674, 38.958247], [-119.942203, 38.958997], [-119.942109, 38.959135], [-119.942042, 38.959224]]]}, "props": {"MTFCC": "S1200", "NAME": null}}, {"geom": {"type": "LineString", "coordinates": [[-119.989603, 38.941122], [-119.98929, 38.941144], [-119.989095, 38.941158], [-119.989041, 38.941169], [-119.988549, 38.94121], [-119.988388, 38.941231], [-119.988356, 38.941237], [-119.988336, 38.941241], [-119.988045, 38.94127], [-119.987953, 38.941279], [-119.98768, 38.941305], [-119.987589, 38.941315], [-119.987518, 38.941322], [-119.987397, 38.941336], [-119.987332, 38.941343], [-119.987305, 38.941345], [-119.98727, 38.941349], [-119.987234, 38.941351], [-119.987142, 38.941357], [-119.987083, 38.941363], [-119.986631, 38.941412], [-119.986522, 38.941428], [-119.986481, 38.941429], [-119.986426, 38.941437], [-119.986383, 38.941437], [-119.986342, 38.941445], [-119.986173, 38.941457], [-119.986019, 38.941469], [-119.985963, 38.941477], [-119.985907, 38.941475], [-119.985471, 38.941508], [-119.985249, 38.941529], [-119.98515, 38.941539], [-119.985099, 38.941553], [-119.984944, 38.94157], [-119.984697, 38.941594], [-119.984625, 38.941598], [-119.984362, 38.941616], [-119.984131, 38.941641], [-119.984008, 38.941648], [-119.98367, 38.941682], [-119.983352, 38.941715], [-119.983054, 38.941761], [-119.982977, 38.941774], [-119.982646, 38.94181], [-119.982495, 38.94182], [-119.982156, 38.941847], [-119.981856, 38.941872], [-119.981546, 38.941896], [-119.981443, 38.941905], [-119.981173, 38.941941], [-119.980859, 38.941981], [-119.980621, 38.941991], [-119.980372, 38.942002], [-119.980339, 38.942007], [-119.980312, 38.942006], [-119.979994, 38.942042], [-119.979605, 38.942088], [-119.979511, 38.9421], [-119.979466, 38.942104], [-119.97942, 38.942103], [-119.979041, 38.942129], [-119.978751, 38.94215], [-119.978723, 38.942156], [-119.978604, 38.942177], [-119.9785, 38.942183], [-119.978417, 38.942186], [-119.9784, 38.942187], [-119.977728, 38.942254], [-119.977499, 38.942259], [-119.977467, 38.94226], [-119.977425, 38.942261], [-119.977376, 38.942262], [-119.977196, 38.942268]]}, "props": {"MTFCC": "S1400", "NAME": null}}, {"geom": {"type": "LineString", "coordinates": [[-119.958574, 38.946304], [-119.958557, 38.946327], [-119.95853, 38.946353], [-119.958453, 38.946393], [-119.958437, 38.9464], [-119.958312, 38.946458], [-119.958131, 38.946532], [-119.95797, 38.946609], [-119.957924, 38.946632], [-119.957816, 38.94668], [-119.957572, 38.946786], [-119.956843, 38.947104], [-119.956727, 38.947156], [-119.956602, 38.947214], [-119.956384, 38.947296], [-119.956193, 38.947373], [-119.95618, 38.947378], [-119.955849, 38.947532], [-119.955307, 38.947775], [-119.95501, 38.947915], [-119.954944, 38.947943], [-119.95468, 38.94806], [-119.954535, 38.948137], [-119.954457, 38.94818], [-119.954143, 38.948326], [-119.953977, 38.948404], [-119.953435, 38.948641], [-119.953364, 38.948657], [-119.953305, 38.948691], [-119.953236, 38.948713], [-119.952943, 38.948835], [-119.952824, 38.948886], [-119.952545, 38.94901], [-119.952151, 38.949189], [-119.952046, 38.949237], [-119.951905, 38.949296], [-119.951763, 38.949362], [-119.951258, 38.949583], [-119.951191, 38.949622], [-119.951049, 38.94969], [-119.950969, 38.949724], [-119.950855, 38.949774], [-119.950691, 38.949857], [-119.950577, 38.949907], [-119.950368, 38.949995], [-119.949744, 38.950263], [-119.949536, 38.950353]]}, "props": {"MTFCC": "S1400", "NAME": null}}, {"geom": {"type": "LineString", "coordinates": [[-119.956041, 38.942708], [-119.956088, 38.942772], [-119.956231, 38.942964], [-119.95628, 38.943032], [-119.956319, 38.943087], [-119.956438, 38.943255], [-119.956478, 38.943311], [-119.956506, 38.94335], [-119.956591, 38.943469], [-119.95662, 38.943509], [-119.956825, 38.943799], [-119.956916, 38.943925], [-119.957062, 38.944164], [-119.95713, 38.944241], [-119.9572, 38.944334], [-119.957236, 38.944381], [-119.957258, 38.944412], [-119.957274, 38.944433], [-119.95729, 38.944452], [-119.95732, 38.944488], [-119.957349, 38.944529], [-119.95737, 38.944559], [-119.957395, 38.944594], [-119.957436, 38.944653], [-119.957463, 38.944691], [-119.957522, 38.944771], [-119.957753, 38.945071], [-119.957806, 38.94515], [-119.957978, 38.94535], [-119.958027, 38.945418], [-119.958176, 38.945622], [-119.95822, 38.945694], [-119.958266, 38.945767], [-119.958336, 38.945878], [-119.95842, 38.945975], [-119.958449, 38.946009], [-119.958472, 38.946045], [-119.958507, 38.946091], [-119.95854, 38.946135], [-119.958579, 38.946236], [-119.958581, 38.946247], [-119.958585, 38.946271], [-119.958574, 38.946304]]}, "props": {"MTFCC": "S1400", "NAME": null}}, {"geom": {"type": "LineString", "coordinates": [[-119.955168, 38.941118], [-119.955099, 38.941152], [-119.954958, 38.941222], [-119.954892, 38.941254], [-119.954824, 38.941288], [-119.954443, 38.941476], [-119.954398, 38.941499], [-119.953323, 38.941952], [-119.953273, 38.941976], [-119.953058, 38.942082], [-119.952887, 38.942152]]}, "props": {"MTFCC": "S1400", "NAME": null}}, {"geom": {"type": "LineString", "coordinates": [[-120.0024, 38.91460342702703], [-120.002017, 38.914856], [-120.001922, 38.914919], [-120.001783, 38.915012], [-120.001771, 38.915019], [-120.001632, 38.9151], [-120.00141, 38.915244], [-120.00135, 38.915284], [-120.001221, 38.915382], [-120.001079, 38.915477], [-120.000926, 38.915564], [-120.000801, 38.915661], [-120.000353, 38.915959], [-119.999999, 38.916195], [-119.999831, 38.916307], [-119.999801, 38.916325], [-119.999403, 38.916583], [-119.999208, 38.916714], [-119.999012, 38.916846], [-119.998628, 38.917097], [-119.998162, 38.917403], [-119.997894, 38.917585], [-119.997767, 38.91768], [-119.997481, 38.917858], [-119.997097, 38.918109], [-119.996925, 38.918229], [-119.996894, 38.918248], [-119.996355, 38.918599], [-119.996277, 38.918654], [-119.996076, 38.918796], [-119.995947, 38.91889], [-119.995805, 38.918971], [-119.995791, 38.91898], [-119.995659, 38.919081], [-119.995365, 38.919273], [-119.995204, 38.919364], [-119.994997, 38.919503], [-119.99473, 38.919685], [-119.994632, 38.919749], [-119.994339, 38.919944], [-119.994242, 38.920009], [-119.993598, 38.920442], [-119.993535, 38.920482], [-119.992244, 38.921332], [-119.991404, 38.921886], [-119.991166, 38.922044], [-119.990698, 38.92236], [-119.990658, 38.922387], [-119.990569, 38.922447], [-119.990557, 38.922454], [-119.990131, 38.922726], [-119.990076, 38.922762], [-119.989991, 38.922821], [-119.989741, 38.922995], [-119.989627, 38.923075], [-119.989458, 38.923171], [-119.988977, 38.923496], [-119.988725, 38.923667], [-119.988485, 38.923824], [-119.987767, 38.924296], [-119.987528, 38.924454], [-119.987454, 38.924503], [-119.987232, 38.92465], [-119.987159, 38.9247], [-119.987054, 38.924779], [-119.986959, 38.924836], [-119.986904, 38.92487], [-119.986481, 38.925153], [-119.98636, 38.925241], [-119.986347, 38.925252], [-119.986202, 38.925348], [-119.986158, 38.925373], [-119.986045, 38.925439], [-119.984801, 38.92627], [-119.984268, 38.926623], [-119.984116, 38.926727], [-119.983931, 38.926835], [-119.983817, 38.926912], [-119.983651, 38.927025], [-119.983508, 38.92712], [-119.983288, 38.927267], [-119.983223, 38.927311], [-119.983093, 38.927407], [-119.983037, 38.927443], [-119.982791, 38.927614], [-119.982518, 38.927824], [-119.982384, 38.927933], [-119.982355, 38.927953], [-119.982241, 38.928039], [-119.981834, 38.928374], [-119.981574, 38.928605], [-119.98144, 38.928718], [-119.981188, 38.928954], [-119.980943, 38.929198], [-119.980824, 38.929323], [-119.9807, 38.929445], [-119.980606, 38.929545], [-119.980469, 38.929695], [-119.980349, 38.929833], [-119.98002, 38.930215], [-119.979762, 38.930539], [-119.979574, 38.930786], [-119.979495, 38.930891], [-119.979208, 38.931307], [-119.979047, 38.931553], [-119.978938, 38.931722], [-119.978882, 38.931815], [-119.97877, 38.932], [-119.978722, 38.932087], [-119.978539, 38.932427], [-119.978325, 38.932849], [-119.978287, 38.932928], [-119.978196, 38.933122], [-119.978156, 38.933216], [-119.978063, 38.93344], [-119.977976, 38.933651], [-119.977831, 38.934039], [-119.977806, 38.93412], [-119.977735, 38.934352], [-119.977692, 38.934503], [-119.977599, 38.934836], [-119.977566, 38.934957], [-119.977527, 38.93511], [-119.977496, 38.935268], [-119.977471, 38.935402], [-119.977431, 38.935552], [-119.977397, 38.935741], [-119.977369, 38.9359], [-119.977345, 38.936055], [-119.977289, 38.936439], [-119.97728, 38.936521], [-119.977264, 38.936677], [-119.977254, 38.936827], [-119.97724, 38.937047], [-119.977235, 38.937278], [-119.977232, 38.937429], [-119.97723, 38.937522], [-119.977226, 38.937802], [-119.977225, 38.937896], [-119.977224, 38.937961], [-119.977224, 38.938096], [-119.977219, 38.938156], [-119.977215, 38.938222], [-119.977209, 38.938335], [-119.977207, 38.938399], [-119.977209, 38.938505], [-119.977224, 38.9386], [-119.977223, 38.938675], [-119.977223, 38.938713], [-119.977216, 38.938789], [-119.977212, 38.938827], [-119.977212, 38.938944], [-119.977213, 38.938983], [-119.977213, 38.939089], [-119.977214, 38.939197], [-119.977223, 38.939323], [-119.977213, 38.939453], [-119.977211, 38.939864], [-119.97721, 38.940085], [-119.977209, 38.940232], [-119.977209, 38.940672], [-119.977209, 38.94082], [-119.977208, 38.94098], [-119.977208, 38.941463], [-119.977208, 38.941624], [-119.977206, 38.941962], [-119.977194, 38.942069], [-119.977192, 38.942226], [-119.977196, 38.942268], [-119.977193, 38.942314], [-119.97719, 38.942381], [-119.977187, 38.942431], [-119.977185, 38.942465], [-119.977181, 38.942532], [-119.977172, 38.942609], [-119.977165, 38.942661], [-119.977151, 38.942719], [-119.977138, 38.942774], [-119.977119, 38.94284], [-119.977101, 38.942902], [-119.977089, 38.942944], [-119.977058, 38.943047], [-119.977024, 38.943116], [-119.976997, 38.943165], [-119.976972, 38.943239], [-119.976952, 38.943298], [-119.976865, 38.94343], [-119.976807, 38.94355], [-119.976681, 38.943711], [-119.976631, 38.943774], [-119.976517, 38.943913], [-119.976472, 38.94396], [-119.976335, 38.944106], [-119.976314, 38.94413], [-119.976194, 38.944234], [-119.976069, 38.944331], [-119.975931, 38.944424], [-119.975656, 38.944594], [-119.975499, 38.944674], [-119.975166, 38.944818], [-119.974832, 38.944933], [-119.974665, 38.944979], [-119.974501, 38.945033], [-119.973974, 38.945153], [-119.973803, 38.945181], [-119.973447, 38.94526], [-119.973263, 38.945309], [-119.972864, 38.945403], [-119.972496, 38.945485], [-119.971625, 38.945681], [-119.971392, 38.945718], [-119.971281, 38.945737], [-119.97102, 38.94577], [-119.970928, 38.945783], [-119.97075, 38.945798], [-119.970548, 38.945807], [-119.970397, 38.945814], [-119.970051, 38.945815], [-119.969883, 38.945808], [-119.969725, 38.945797], [-119.969329, 38.94575], [-119.969135, 38.94572], [-119.969011, 38.945701], [-119.968907, 38.94568], [-119.968669, 38.945642], [-119.968612, 38.945633], [-119.968443, 38.945606], [-119.968387, 38.945598], [-119.968346, 38.945592], [-119.968113, 38.945564], [-119.96784, 38.945543], [-119.967564, 38.945527], [-119.967288, 38.945539], [-119.967114, 38.945548], [-119.967013, 38.945557], [-119.966907, 38.945565], [-119.966806, 38.945574], [-119.966593, 38.9456], [-119.966489, 38.945613], [-119.96634, 38.945636], [-119.966185, 38.945661], [-119.966035, 38.94569], [-119.965896, 38.945723], [-119.96575, 38.945759], [-119.965555, 38.945816], [-119.96497, 38.945987], [-119.964776, 38.946045], [-119.964717, 38.946062], [-119.964654, 38.946081], [-119.964543, 38.946113], [-119.964486, 38.946131], [-119.964089, 38.946247], [-119.96329, 38.946483], [-119.963125, 38.946535], [-119.962939, 38.946584], [-119.962899, 38.946596], [-119.962591, 38.946689], [-119.962503, 38.946714], [-119.962301, 38.946772], [-119.961723, 38.94694], [-119.961696, 38.946946], [-119.96155, 38.946985], [-119.961495, 38.947003], [-119.961368, 38.947045], [-119.961337, 38.947053], [-119.961174, 38.947098], [-119.960864, 38.947197], [-119.960707, 38.947248], [-119.960282, 38.94739], [-119.960065, 38.947471], [-119.959938, 38.94752], [-119.959588, 38.947661], [-119.958212, 38.94828], [-119.958196, 38.948286], [-119.957673, 38.948512], [-119.957574, 38.948558], [-119.95716, 38.948743], [-119.955919, 38.949298], [-119.955506, 38.949484], [-119.955108, 38.949662], [-119.953916, 38.950195], [-119.953519, 38.950374], [-119.953468, 38.950396], [-119.953316, 38.950464], [-119.953266, 38.950487], [-119.952545, 38.950809], [-119.951588, 38.951239], [-119.951493, 38.951282], [-119.950383, 38.951774], [-119.950364, 38.951783], [-119.949663, 38.952095], [-119.94954, 38.952149], [-119.949451, 38.95219], [-119.949277, 38.952273], [-119.949173, 38.952318], [-119.949051, 38.952373], [-119.94876, 38.952498], [-119.9486, 38.952574], [-119.948578, 38.952583], [-119.948283, 38.95271], [-119.947837, 38.95291], [-119.94736, 38.953135], [-119.947169, 38.953233], [-119.946975, 38.953335], [-119.946719, 38.953487], [-119.94662, 38.953549], [-119.946407, 38.953684], [-119.946326, 38.953738], [-119.94623, 38.953804], [-119.946098, 38.953893], [-119.945967, 38.953983], [-119.945805, 38.954099], [-119.945712, 38.954175], [-119.945614, 38.954256], [-119.945591, 38.954279], [-119.945484, 38.954384], [-119.945392, 38.954486], [-119.945193, 38.954711], [-119.944839, 38.955117], [-119.944811, 38.955151], [-119.944775, 38.955195], [-119.944616, 38.955377], [-119.943988, 38.956271], [-119.94356, 38.956939], [-119.942674, 38.958247], [-119.942203, 38.958997], [-119.942109, 38.959135], [-119.942042, 38.959224]]}, "props": {"MTFCC": "S1200", "NAME": null}}, {"geom": {"type": "LineString", "coordinates": [[-119.948253, 38.946418], [-119.948194, 38.946451], [-119.948173, 38.946465], [-119.948097, 38.946521], [-119.948039, 38.946566], [-119.947971, 38.946622], [-119.947958, 38.946641], [-119.947953, 38.946733]]}, "props": {"MTFCC": "S1400", "NAME": null}}, {"geom": {"type": "LineString", "coordinates": [[-119.996657, 38.90307], [-119.996571, 38.903059], [-119.996513, 38.903053], [-119.99645, 38.903066], [-119.996383, 38.903067], [-119.99631, 38.903064], [-119.996228, 38.903069], [-119.996168, 38.903059], [-119.99608, 38.903026], [-119.996016, 38.903009], [-119.995952, 38.902967], [-119.995906, 38.902921], [-119.995858, 38.902877], [-119.995809, 38.902843]]}, "props": {"MTFCC": "S1400", "NAME": null}}, {"geom": {"type": "LineString", "coordinates": [[-119.995777, 38.903542], [-119.995944, 38.903416], [-119.996157, 38.903289], [-119.996286, 38.903163], [-119.996354, 38.903184], [-119.99645, 38.903066]]}, "props": {"MTFCC": "S1400", "NAME": null}}, {"geom": {"type": "LineString", "coordinates": [[-119.997257, 38.905254], [-119.997218, 38.905305], [-119.997171, 38.905365]]}, "props": {"MTFCC": "S1750", "NAME": null}}, {"geom": {"type": "LineString", "coordinates": [[-119.984625, 38.901822], [-119.984629, 38.901989], [-119.984623, 38.902194], [-119.984628, 38.902249], [-119.98463, 38.902398], [-119.984635, 38.902623], [-119.98463, 38.902665], [-119.984631, 38.902808], [-119.98463, 38.902856], [-119.984635, 38.902906], [-119.984634, 38.903145], [-119.98463, 38.903426], [-119.984634, 38.903466], [-119.984628, 38.90351], [-119.984632, 38.90356], [-119.984627, 38.903608], [-119.984635, 38.903661], [-119.984638, 38.903921], [-119.984636, 38.904126], [-119.984635, 38.904282], [-119.984638, 38.904332], [-119.984633, 38.904517], [-119.984638, 38.9046], [-119.984635, 38.904681], [-119.984635, 38.904703], [-119.984636, 38.904774], [-119.98464, 38.904989], [-119.984642, 38.905061]]}, "props": {"MTFCC": "S1400", "NAME": null}}, {"geom": {"type": "LineString", "coordinates": [[-119.984655, 38.893124], [-119.984841, 38.893123], [-119.984878, 38.893123], [-119.985026, 38.893128], [-119.985143, 38.893127], [-119.985187, 38.893132], [-119.9854, 38.89313], [-119.985587, 38.893129], [-119.985756, 38.893125], [-119.985898, 38.893134], [-119.985951, 38.893144], [-119.985962, 38.893147], [-119.986022, 38.893167], [-119.986111, 38.893215], [-119.986139, 38.893235], [-119.986159, 38.893259], [-119.986234, 38.893323], [-119.986263, 38.893342], [-119.98633, 38.893408], [-119.986497, 38.893554], [-119.986795, 38.893831], [-119.986893, 38.893941], [-119.986934, 38.894005], [-119.986953, 38.89408], [-119.986955, 38.894146]]}, "props": {"MTFCC": "S1400", "NAME": null}}, {"geom": {"type": "LineString", "coordinates": [[-119.975116, 38.901908], [-119.975031, 38.901908], [-119.974868, 38.90192], [-119.974776, 38.901915], [-119.974692, 38.901911]]}, "props": {"MTFCC": "S1400", "NAME": null}}, {"geom": {"type": "LineString", "coordinates": [[-119.946273, 38.933329], [-119.946185, 38.933124], [-119.945987, 38.932858], [-119.94513, 38.931706], [-119.945001, 38.931521], [-119.944686, 38.931067], [-119.9446, 38.930963], [-119.94438, 38.930696], [-119.944345, 38.930654], [-119.94426, 38.930551], [-119.942408, 38.928306], [-119.941914, 38.927707], [-119.940289, 38.926963], [-119.938801, 38.926494], [-119.937892, 38.926256], [-119.937201, 38.926154], [-119.936593, 38.92623], [-119.935812, 38.926565], [-119.934908, 38.926828], [-119.934391, 38.92705], [-119.93381, 38.927301], [-119.931879, 38.928053], [-119.931682, 38.928105], [-119.931613, 38.928123], [-119.931409, 38.928179], [-119.931341, 38.928198], [-119.931213, 38.928232], [-119.931026, 38.928284], [-119.930861, 38.928399], [-119.930754, 38.928475], [-119.930663, 38.928538], [-119.930575, 38.928601], [-119.930445, 38.928785], [-119.930382, 38.928876], [-119.930063, 38.928902], [-119.92961, 38.928945], [-119.929299, 38.928694], [-119.929091, 38.928527], [-119.928397, 38.928142], [-119.928116, 38.927837], [-119.928236, 38.927392], [-119.92782, 38.927014], [-119.927197, 38.92642], [-119.927133, 38.926269], [-119.926881, 38.92567], [-119.9271, 38.925194], [-119.927121, 38.925144], [-119.927184, 38.924997], [-119.927206, 38.924948]]}, "props": {"MTFCC": "S1500", "NAME": null}}, {"geom": {"type": "LineString", "coordinates": [[-119.947459, 38.938906], [-119.947375, 38.938989], [-119.947332, 38.939015], [-119.947125, 38.939119], [-119.947101, 38.939126], [-119.947071, 38.939136], [-119.946888, 38.939212], [-119.94657, 38.939352], [-119.946174, 38.939526], [-119.946049, 38.939584], [-119.945934, 38.939635], [-119.945548, 38.93981]]}, "props": {"MTFCC": "S1400", "NAME": null}}, {"geom": {"type": "LineString", "coordinates": [[-119.995532, 38.865883], [-119.995661, 38.86579], [-119.995911, 38.865633], [-119.995965, 38.865601], [-119.996085, 38.865553], [-119.99621, 38.865516], [-119.996352, 38.865498], [-119.99649, 38.865492], [-119.996559, 38.865494], [-119.996695, 38.865511], [-119.996825, 38.865539], [-119.997108, 38.865624]]}, "props": {"MTFCC": "S1400", "NAME": null}}, {"geom": {"type": "LineString", "coordinates": [[-119.998154, 38.893312], [-119.997932, 38.893865], [-119.997265, 38.895526], [-119.997044, 38.89608]]}, "props": {"MTFCC": "S1400", "NAME": null}}, {"geom": {"type": "LineString", "coordinates": [[-119.986943, 38.927307], [-119.986943, 38.92753], [-119.986944, 38.927681], [-119.986931, 38.927804], [-119.986915, 38.927863], [-119.986885, 38.927917], [-119.986842, 38.927964], [-119.986785, 38.928005], [-119.986717, 38.928035], [-119.986654, 38.928053], [-119.986642, 38.928057], [-119.986563, 38.928072], [-119.986434, 38.928091], [-119.986409, 38.928094], [-119.986362, 38.928103], [-119.986331, 38.92811], [-119.986264, 38.928133], [-119.986243, 38.928143], [-119.986206, 38.928162], [-119.986162, 38.928205], [-119.986129, 38.928253], [-119.986113, 38.928306], [-119.986105, 38.92837], [-119.9861, 38.928561], [-119.986099, 38.928641], [-119.986107, 38.928792], [-119.986106, 38.92894], [-119.986115, 38.929095], [-119.986109, 38.929167], [-119.986108, 38.929326], [-119.986125, 38.929563], [-119.986123, 38.929636], [-119.986125, 38.929852], [-119.986126, 38.929923], [-119.986121, 38.929986], [-119.986133, 38.930283]]}, "props": {"MTFCC": "S1400", "NAME": null}}, {"geom": {"type": "LineString", "coordinates": [[-120.0024, 38.899402], [-120.002377, 38.899471], [-120.002345, 38.899533], [-120.002309, 38.899605], [-120.002297, 38.899632], [-120.002288, 38.899654], [-120.002217, 38.899834], [-120.002094, 38.900126], [-120.002021, 38.900315], [-120.001986, 38.900381], [-120.001898, 38.900627], [-120.001883, 38.90067], [-120.001768, 38.900961], [-120.001749, 38.900999], [-120.001739, 38.901033], [-120.001649, 38.901249], [-120.001632, 38.901291], [-120.001622, 38.901322], [-120.001557, 38.901533], [-120.001549, 38.901585], [-120.001548, 38.901594], [-120.001562, 38.901793], [-120.001576, 38.901857], [-120.001641, 38.902047], [-120.001686, 38.902166], [-120.001793, 38.902359], [-120.001843, 38.90245], [-120.001897, 38.902564], [-120.00192, 38.902603], [-120.00201, 38.902747], [-120.002208, 38.903042], [-120.002372, 38.903313], [-120.0024, 38.90335919999998]]}, "props": {"MTFCC": "S1400", "NAME": null}}, {"geom": {"type": "LineString", "coordinates": [[-119.994704, 38.918984], [-119.994328, 38.919208], [-119.994221, 38.919278], [-119.99407, 38.919371], [-119.994003, 38.919416], [-119.993921, 38.919476], [-119.993822, 38.919535], [-119.993801, 38.919555], [-119.993767, 38.919589], [-119.993717, 38.919623], [-119.993654, 38.919662], [-119.993603, 38.919689], [-119.993547, 38.91972], [-119.993501, 38.919749], [-119.993455, 38.919777], [-119.993407, 38.919802], [-119.993344, 38.919822]]}, "props": {"MTFCC": "S1400", "NAME": null}}, {"geom": {"type": "LineString", "coordinates": [[-120.0024, 38.86818881632653], [-120.002328, 38.86818], [-120.00225, 38.868183], [-120.002139, 38.868201], [-120.002037, 38.868237], [-120.001942, 38.868289], [-120.001756, 38.868447], [-120.001637, 38.868548], [-120.0016, 38.868581], [-120.00155, 38.868641], [-120.001513, 38.868721], [-120.001487, 38.868803], [-120.001465, 38.868926], [-120.001362, 38.869198], [-120.00126, 38.869382], [-120.001105, 38.869546], [-120.001023, 38.869649], [-120.000956, 38.869735], [-120.000889, 38.869807], [-120.000412, 38.870371], [-120.000333, 38.870453], [-120.00013, 38.870713], [-119.999978, 38.870862], [-119.999918, 38.870952], [-119.999718, 38.871172], [-119.999625, 38.871238], [-119.999234, 38.871532], [-119.999129, 38.871596], [-119.998954, 38.871729], [-119.998892, 38.871777], [-119.998821, 38.871841], [-119.998734, 38.871951], [-119.998688, 38.872033], [-119.998652, 38.872134], [-119.998648, 38.872261], [-119.99865, 38.872365], [-119.998664, 38.872453], [-119.998681, 38.8725], [-119.998722, 38.872589]]}, "props": {"MTFCC": "S1400", "NAME": null}}, {"geom": {"type": "LineString", "coordinates": [[-119.99918, 38.851143], [-119.999214, 38.851168], [-119.999242, 38.851211], [-119.999266, 38.851274], [-119.999349, 38.851488], [-119.999406, 38.851692], [-119.999418, 38.851736], [-119.999429, 38.851773], [-119.999455, 38.851894], [-119.999481, 38.852005], [-119.999486, 38.852023], [-119.999502, 38.85215], [-119.999507, 38.852267], [-119.999503, 38.852342], [-119.999489, 38.852398], [-119.999467, 38.852457], [-119.999443, 38.852499], [-119.999365, 38.852586], [-119.999269, 38.852669], [-119.999241, 38.852694], [-119.99905, 38.852826], [-119.998951, 38.852881], [-119.998841, 38.852936], [-119.998639, 38.853006], [-119.998486, 38.853046], [-119.998384, 38.853073], [-119.998207, 38.853131], [-119.998111, 38.85316], [-119.99751, 38.853365], [-119.997451, 38.853392], [-119.997429, 38.8534], [-119.997324, 38.853439], [-119.997246, 38.853453], [-119.99718, 38.853478], [-119.99711, 38.853496], [-119.996971, 38.853548], [-119.996835, 38.853587], [-119.996355, 38.85376], [-119.996116, 38.853813], [-119.995952, 38.853833], [-119.995868, 38.853833], [-119.995354, 38.85382], [-119.995123, 38.853807], [-119.995028, 38.853788], [-119.994975, 38.85377], [-119.994869, 38.853705], [-119.994794, 38.853628], [-119.994771, 38.853584], [-119.994736, 38.853496], [-119.994722, 38.853436], [-119.994717, 38.853376], [-119.994718, 38.85323], [-119.994726, 38.853107], [-119.994728, 38.852952], [-119.99473, 38.852899], [-119.994727, 38.852566], [-119.99473, 38.85249], [-119.994732, 38.852455], [-119.994731, 38.852336], [-119.994732, 38.851937], [-119.994743, 38.85187], [-119.994751, 38.851838], [-119.994801, 38.851742], [-119.994853, 38.851683], [-119.994881, 38.851659], [-119.995014, 38.851571], [-119.995095, 38.851531], [-119.995154, 38.851507], [-119.99536, 38.851425], [-119.995859, 38.851246], [-119.99599, 38.851211], [-119.996349, 38.851077], [-119.996399, 38.851053], [-119.996502, 38.851025], [-119.996718, 38.850987], [-119.996919, 38.850967], [-119.997365, 38.850955], [-119.998012, 38.850955], [-119.998089, 38.850959], [-119.998151, 38.850955], [-119.998175, 38.850955], [-119.998288, 38.850959], [-119.998558, 38.850964], [-119.998752, 38.850981], [-119.998808, 38.850994], [-119.999068, 38.851079], [-119.999166, 38.851132], [-119.99918, 38.851143]]}, "props": {"MTFCC": "S1400", "NAME": null}}, {"geom": {"type": "LineString", "coordinates": [[-119.946373, 38.786871], [-119.946537, 38.787009], [-119.946536, 38.787034], [-119.946536, 38.787262], [-119.946265, 38.787671], [-119.946135, 38.787872]]}, "props": {"MTFCC": "S1400", "NAME": null}}, {"geom": {"type": "LineString", "coordinates": [[-119.995933, 38.91699], [-119.99604, 38.917094], [-119.996174, 38.917225], [-119.996333, 38.917387], [-119.996359, 38.917412], [-119.996468, 38.917517], [-119.996593, 38.917636], [-119.996843, 38.917874], [-119.99697, 38.917991], [-119.997097, 38.918109]]}, "props": {"MTFCC": "S1400", "NAME": null}}, {"geom": {"type": "LineString", "coordinates": [[-119.962712, 38.910066], [-119.962815, 38.910222], [-119.962856, 38.910371], [-119.962977, 38.91074], [-119.962913, 38.910965], [-119.963576, 38.91128], [-119.964148, 38.911568], [-119.965165, 38.912191], [-119.965379, 38.912353], [-119.965793, 38.912623]]}, "props": {"MTFCC": "S1400", "NAME": null}}, {"geom": {"type": "LineString", "coordinates": [[-119.968787, 38.914286], [-119.968989, 38.91402], [-119.96924, 38.913753], [-119.969385, 38.913686], [-119.969617, 38.913776], [-119.970331, 38.914237], [-119.970907, 38.914587], [-119.97136, 38.914876], [-119.971677, 38.915136], [-119.971668, 38.915261], [-119.971586, 38.915448], [-119.971408, 38.915583], [-119.971196, 38.915763]]}, "props": {"MTFCC": "S1400", "NAME": null}}, {"geom": {"type": "LineString", "coordinates": [[-119.965724, 38.912785], [-119.965793, 38.912623], [-119.96622, 38.912526], [-119.966536, 38.91256], [-119.96668, 38.9126], [-119.966726, 38.912716], [-119.966715, 38.912883], [-119.96664, 38.913107]]}, "props": {"MTFCC": "S1400", "NAME": null}}, {"geom": {"type": "LineString", "coordinates": [[-119.968771, 38.915238], [-119.967065, 38.915242]]}, "props": {"MTFCC": "S1400", "NAME": null}}, {"geom": {"type": "LineString", "coordinates": [[-119.95473, 38.910391], [-119.954553, 38.910515], [-119.954001, 38.910699]]}, "props": {"MTFCC": "S1400", "NAME": null}}, {"geom": {"type": "LineString", "coordinates": [[-119.961772, 38.907167], [-119.961823, 38.907092], [-119.961842, 38.907065], [-119.961996, 38.906885], [-119.962065, 38.906822]]}, "props": {"MTFCC": "S1400", "NAME": null}}, {"geom": {"type": "LineString", "coordinates": [[-119.95392, 38.905062], [-119.953678, 38.905353], [-119.95329, 38.905566], [-119.953097, 38.905615], [-119.952786, 38.905663]]}, "props": {"MTFCC": "S1400", "NAME": null}}, {"geom": {"type": "LineString", "coordinates": [[-119.975118, 38.902651], [-119.975403, 38.90265], [-119.975467, 38.902647], [-119.975734, 38.902652], [-119.975794, 38.90266], [-119.9759, 38.902703], [-119.975946, 38.902727], [-119.975985, 38.902755], [-119.976017, 38.902813], [-119.976043, 38.902915], [-119.976046, 38.902989], [-119.976061, 38.903273], [-119.976065, 38.903398], [-119.976066, 38.903424], [-119.976096, 38.903877], [-119.976107, 38.904028]]}, "props": {"MTFCC": "S1400", "NAME": null}}, {"geom": {"type": "LineString", "coordinates": [[-119.982152, 38.902868], [-119.982258, 38.90293], [-119.982275, 38.90294], [-119.982348, 38.90298], [-119.982489, 38.903064], [-119.982518, 38.903087], [-119.982574, 38.903118], [-119.982682, 38.903179]]}, "props": {"MTFCC": "S1400", "NAME": null}}, {"geom": {"type": "LineString", "coordinates": [[-119.998417, 38.892786], [-119.998364, 38.892891], [-119.998206, 38.893206], [-119.998154, 38.893312]]}, "props": {"MTFCC": "S1400", "NAME": null}}, {"geom": {"type": "LineString", "coordinates": [[-119.989716, 38.879546], [-119.989761, 38.879731], [-119.989769, 38.879789], [-119.989772, 38.879867], [-119.989776, 38.879948], [-119.989768, 38.880036], [-119.98975, 38.880124], [-119.989724, 38.88021], [-119.989646, 38.88037], [-119.989594, 38.880444], [-119.989484, 38.880577], [-119.989421, 38.880636], [-119.989345, 38.880712], [-119.989114, 38.880945], [-119.988886, 38.881181], [-119.98849, 38.881589], [-119.988352, 38.881722], [-119.988321, 38.881753], [-119.987994, 38.882092], [-119.987838, 38.882243], [-119.987684, 38.882398], [-119.987331, 38.882788], [-119.987207, 38.882944], [-119.987155, 38.883021], [-119.98702, 38.883178], [-119.986903, 38.883327], [-119.986731, 38.883542], [-119.986461, 38.883894], [-119.986215, 38.884184], [-119.98614, 38.884273], [-119.986012, 38.884398], [-119.98594, 38.884449], [-119.985725, 38.884634], [-119.985517, 38.884784], [-119.985378, 38.884872], [-119.985349, 38.88489], [-119.98533, 38.884903], [-119.985265, 38.884947], [-119.985237, 38.884967]]}, "props": {"MTFCC": "S1400", "NAME": null}}, {"geom": {"type": "LineString", "coordinates": [[-119.989352, 38.883708], [-119.989521, 38.883765], [-119.989594, 38.883787], [-119.989801, 38.883849], [-119.990226, 38.883948], [-119.990292, 38.883958], [-119.990337, 38.883968], [-119.990509, 38.884007], [-119.990588, 38.884016]]}, "props": {"MTFCC": "S1400", "NAME": null}}, {"geom": {"type": "LineString", "coordinates": [[-119.998722, 38.872589], [-119.998864, 38.872895], [-119.998877, 38.872935], [-119.998896, 38.872972], [-119.998933, 38.873065], [-119.998957, 38.873155], [-119.999012, 38.873411], [-119.999018, 38.873487], [-119.998995, 38.873694], [-119.998979, 38.87378], [-119.998926, 38.873939], [-119.998907, 38.873976], [-119.998825, 38.874144], [-119.998728, 38.874284], [-119.998702, 38.874309], [-119.998602, 38.874428], [-119.99854, 38.874483], [-119.998518, 38.874514], [-119.998488, 38.87454], [-119.99835, 38.874641], [-119.99811, 38.874803], [-119.998096, 38.874818], [-119.998039, 38.874854], [-119.997818, 38.875021], [-119.997765, 38.875111], [-119.997757, 38.875176], [-119.997761, 38.875204], [-119.997778, 38.875256], [-119.997803, 38.875298], [-119.997829, 38.875319], [-119.997895, 38.875381], [-119.997941, 38.875404], [-119.997985, 38.875425], [-119.998079, 38.875458], [-119.99816, 38.875477], [-119.998255, 38.875487], [-119.99844, 38.875492], [-119.998532, 38.875482], [-119.998579, 38.875471], [-119.998707, 38.875431], [-119.998758, 38.875407], [-119.998954, 38.875265], [-119.998991, 38.875233], [-119.999026, 38.875212], [-119.999091, 38.875147], [-119.999407, 38.874853], [-119.999626, 38.874641], [-119.999682, 38.874579], [-119.999724, 38.874525], [-119.999743, 38.874485], [-119.999806, 38.874385], [-119.999903, 38.874143], [-119.999948, 38.873999], [-119.999983, 38.873785], [-119.999986, 38.873725], [-119.999967, 38.873584], [-119.999915, 38.873364], [-119.999882, 38.873178], [-119.999865, 38.873114], [-119.999816, 38.872891], [-119.999806, 38.872816], [-119.999788, 38.872744], [-119.999778, 38.872681], [-119.999779, 38.872546]]}, "props": {"MTFCC": "S1400", "NAME": null}}, {"geom": {"type": "LineString", "coordinates": [[-119.966771, 38.916368], [-119.967506, 38.916338], [-119.967874, 38.916368], [-119.968257, 38.916592], [-119.968497, 38.916767], [-119.968681, 38.916903], [-119.969001, 38.917143], [-119.969472, 38.917686], [-119.96956, 38.917774], [-119.969699, 38.917894], [-119.969794, 38.918288], [-119.969841, 38.918399], [-119.969984, 38.91913], [-119.969995, 38.919184], [-119.970024, 38.919665], [-119.970089, 38.920089], [-119.970179, 38.920301], [-119.970798, 38.920603], [-119.971165, 38.920701]]}, "props": {"MTFCC": "S1400", "NAME": null}}, {"geom": {"type": "LineString", "coordinates": [[-119.977988, 38.917827], [-119.978104, 38.917935], [-119.978452, 38.918259], [-119.978569, 38.918368], [-119.978659, 38.918451], [-119.978909, 38.918682], [-119.97893, 38.918702], [-119.979021, 38.918786], [-119.979054, 38.918817], [-119.979155, 38.91891], [-119.979189, 38.918941], [-119.979291, 38.919035], [-119.979308, 38.919051], [-119.979484, 38.919193], [-119.979555, 38.919258], [-119.979605, 38.91931], [-119.979703, 38.91941], [-119.979783, 38.919478], [-119.979809, 38.919504], [-119.979864, 38.91956], [-119.97996, 38.919626], [-119.980133, 38.919784], [-119.980239, 38.919881], [-119.980321, 38.919955], [-119.980348, 38.919984], [-119.980405, 38.920045], [-119.980674, 38.920295], [-119.980784, 38.920398], [-119.980893, 38.9205], [-119.980942, 38.920545], [-119.981039, 38.920623], [-119.981123, 38.92071], [-119.981226, 38.920802], [-119.981339, 38.920902], [-119.981445, 38.921004], [-119.981585, 38.921137], [-119.981773, 38.921303], [-119.981884, 38.921402], [-119.981972, 38.921474], [-119.981997, 38.921497], [-119.982068, 38.921563], [-119.982158, 38.921658], [-119.982253, 38.921746], [-119.982321, 38.921802], [-119.982353, 38.921829], [-119.982432, 38.921902], [-119.982541, 38.922002], [-119.982753, 38.922196], [-119.982869, 38.922306], [-119.982941, 38.922374], [-119.98298, 38.922406], [-119.983043, 38.922457], [-119.983092, 38.922503], [-119.983142, 38.922549], [-119.983239, 38.92265], [-119.983342, 38.922741], [-119.983414, 38.922812], [-119.983452, 38.92285], [-119.983526, 38.92291], [-119.983556, 38.922933], [-119.983631, 38.923012], [-119.983658, 38.92304], [-119.983954, 38.923312], [-119.983978, 38.923334], [-119.984059, 38.923416], [-119.984175, 38.923517], [-119.984307, 38.923632], [-119.984523, 38.923827], [-119.984634, 38.923936], [-119.984742, 38.924026], [-119.984857, 38.924121], [-119.984959, 38.924232], [-119.985051, 38.924316], [-119.985064, 38.924328], [-119.985152, 38.924415], [-119.985261, 38.924503], [-119.985561, 38.924775], [-119.985591, 38.924805], [-119.985696, 38.92491], [-119.985788, 38.925002], [-119.986065, 38.92528], [-119.986158, 38.925373]]}, "props": {"MTFCC": "S1400", "NAME": null}}, {"geom": {"type": "LineString", "coordinates": [[-119.961253, 38.926739], [-119.961353, 38.926722], [-119.961653, 38.926672], [-119.961754, 38.926657]]}, "props": {"MTFCC": "S1400", "NAME": null}}, {"geom": {"type": "LineString", "coordinates": [[-119.998342, 38.857876], [-119.998238, 38.857915], [-119.998033, 38.857982], [-119.997889, 38.858044], [-119.997762, 38.858116], [-119.997624, 38.858239], [-119.997605, 38.858257], [-119.997462, 38.858403], [-119.99729, 38.858551], [-119.99726, 38.858589], [-119.997089, 38.858742], [-119.997002, 38.858808], [-119.996908, 38.858864], [-119.99676, 38.85893], [-119.996624, 38.858967], [-119.996406, 38.858988], [-119.996011, 38.859003], [-119.995887, 38.858999], [-119.99555, 38.859], [-119.995332, 38.858993], [-119.99531, 38.858993], [-119.995198, 38.858985], [-119.994957, 38.859], [-119.99482, 38.859009], [-119.99461, 38.859044], [-119.994499, 38.859071]]}, "props": {"MTFCC": "S1400", "NAME": null}}, {"geom": {"type": "LineString", "coordinates": [[-119.941486, 38.948077], [-119.942457, 38.94877], [-119.942789, 38.948908], [-119.943375, 38.948863], [-119.94346, 38.948981], [-119.943714, 38.949256], [-119.943863, 38.949387], [-119.944, 38.949516], [-119.944077, 38.949577], [-119.944142, 38.94961], [-119.944226, 38.949641], [-119.944343, 38.949673], [-119.944427, 38.949695], [-119.944504, 38.949712], [-119.944584, 38.949726], [-119.944633, 38.949734], [-119.944687, 38.94973], [-119.944737, 38.949719], [-119.944754, 38.949715]]}, "props": {"MTFCC": "S1400", "NAME": null}}, {"geom": {"type": "LineString", "coordinates": [[-119.93428, 38.944512], [-119.934207, 38.944561], [-119.934194, 38.944568], [-119.934026, 38.944675], [-119.933929, 38.944725], [-119.933898, 38.944742], [-119.933834, 38.944762]]}, "props": {"MTFCC": "S1400", "NAME": null}}, {"geom": {"type": "LineString", "coordinates": [[-119.953585, 38.951239], [-119.953326, 38.951407], [-119.953217, 38.951467], [-119.952928, 38.951639], [-119.952912, 38.95165], [-119.952812, 38.951724], [-119.952715, 38.951795], [-119.952618, 38.951879], [-119.952511, 38.951955], [-119.952322, 38.952086], [-119.952215, 38.952159], [-119.95216, 38.952197], [-119.952066, 38.952263], [-119.952001, 38.952332], [-119.951892, 38.952418], [-119.951842, 38.952444], [-119.951739, 38.952511], [-119.951694, 38.952545], [-119.95163, 38.952608], [-119.951592, 38.952669], [-119.951556, 38.952711], [-119.951505, 38.952748], [-119.951447, 38.952776], [-119.951351, 38.952803], [-119.951296, 38.952838], [-119.951137, 38.95296], [-119.951081, 38.952991], [-119.951047, 38.953011], [-119.950987, 38.953036], [-119.950876, 38.953101], [-119.950757, 38.953201], [-119.950658, 38.953273], [-119.950542, 38.953337], [-119.950433, 38.9534], [-119.950422, 38.953407], [-119.950401, 38.953431], [-119.950357, 38.953508], [-119.950227, 38.953653], [-119.950203, 38.953679], [-119.950137, 38.953748], [-119.950012, 38.953845], [-119.949979, 38.953876], [-119.949924, 38.95392], [-119.949863, 38.95399], [-119.949826, 38.954029], [-119.94981, 38.954051], [-119.94979, 38.954094], [-119.949773, 38.954114], [-119.94971, 38.954219], [-119.94958, 38.954391], [-119.949539, 38.954472], [-119.949523, 38.954494], [-119.949515, 38.954508], [-119.949465, 38.9546], [-119.949393, 38.954772], [-119.949355, 38.954834], [-119.949012, 38.955154], [-119.948544, 38.955806], [-119.948326, 38.956083]]}, "props": {"MTFCC": "S1400", "NAME": null}}, {"geom": {"type": "LineString", "coordinates": [[-119.943988, 38.956271], [-119.945297, 38.95654], [-119.946617, 38.956835]]}, "props": {"MTFCC": "S1400", "NAME": null}}, {"geom": {"type": "LineString", "coordinates": [[-119.96575, 38.945759], [-119.965774, 38.945846], [-119.965792, 38.945993], [-119.965811, 38.946143], [-119.965811, 38.946305], [-119.965799, 38.946427], [-119.965789, 38.946655], [-119.965793, 38.946707], [-119.9658, 38.946789], [-119.965827, 38.946842], [-119.965858, 38.946883], [-119.965881, 38.946923], [-119.965895, 38.946979], [-119.96589, 38.947059], [-119.965871, 38.947123], [-119.965846, 38.947151], [-119.965839, 38.947161], [-119.965813, 38.947183], [-119.965755, 38.947212], [-119.965597, 38.947267], [-119.965278, 38.947341], [-119.965157, 38.947358], [-119.965126, 38.947363], [-119.965083, 38.947359], [-119.965037, 38.947361], [-119.965001, 38.947368], [-119.964917, 38.947372]]}, "props": {"MTFCC": "S1400", "NAME": null}}, {"geom": {"type": "LineString", "coordinates": [[-119.958472, 38.946045], [-119.958912, 38.946042], [-119.959357, 38.946039], [-119.959442, 38.946034], [-119.959541, 38.946036], [-119.959706, 38.946031], [-119.959873, 38.946035], [-119.959953, 38.946033], [-119.960025, 38.946026], [-119.960095, 38.946024], [-119.960173, 38.946029], [-119.960232, 38.946023], [-119.960427, 38.946026], [-119.960559, 38.94602], [-119.960675, 38.946024]]}, "props": {"MTFCC": "S1400", "NAME": null}}, {"geom": {"type": "LineString", "coordinates": [[-119.967501, 38.941913], [-119.967549, 38.941911], [-119.967607, 38.941909], [-119.967652, 38.941913], [-119.967675, 38.941918], [-119.967695, 38.941919], [-119.967744, 38.941923]]}, "props": {"MTFCC": "S1400", "NAME": null}}, {"geom": {"type": "LineString", "coordinates": [[-119.979306, 38.933171], [-119.979199, 38.933203], [-119.97911, 38.933216], [-119.979077, 38.933226], [-119.979059, 38.933232], [-119.978955, 38.933279], [-119.978892, 38.933299], [-119.978819, 38.933305], [-119.978559, 38.9333], [-119.978481, 38.93329], [-119.978398, 38.933271], [-119.978385, 38.933269], [-119.978359, 38.933265], [-119.978156, 38.933216]]}, "props": {"MTFCC": "S1400", "NAME": null}}, {"geom": {"type": "LineString", "coordinates": [[-119.978995, 38.933928], [-119.979013, 38.933909], [-119.979024, 38.933905], [-119.979075, 38.933885], [-119.979118, 38.933879], [-119.979131, 38.93388], [-119.979259, 38.933891]]}, "props": {"MTFCC": "S1400", "NAME": null}}, {"geom": {"type": "LineString", "coordinates": [[-119.96162, 38.94356], [-119.961704, 38.943562], [-119.961834, 38.943555], [-119.962005, 38.943554], [-119.963141, 38.943548], [-119.963163, 38.943548], [-119.96355, 38.94355]]}, "props": {"MTFCC": "S1400", "NAME": null}}, {"geom": {"type": "LineString", "coordinates": [[-119.953123, 38.942474], [-119.95265, 38.942683], [-119.951961, 38.942969], [-119.951358, 38.943241], [-119.951283, 38.94327], [-119.95104, 38.943376]]}, "props": {"MTFCC": "S1400", "NAME": null}}, {"geom": {"type": "LineString", "coordinates": [[-119.944286, 38.938115], [-119.944115, 38.938192], [-119.94348, 38.93846], [-119.943447, 38.938479], [-119.943412, 38.938493], [-119.943312, 38.938543], [-119.94283, 38.938766], [-119.942652, 38.938838], [-119.942585, 38.938881], [-119.942104, 38.939097], [-119.942065, 38.939113], [-119.941859, 38.939198], [-119.941613, 38.939293], [-119.941481, 38.939359], [-119.941239, 38.939465], [-119.941093, 38.939533], [-119.941056, 38.939547], [-119.940945, 38.939595], [-119.940109, 38.939965]]}, "props": {"MTFCC": "S1400", "NAME": null}}, {"geom": {"type": "LineString", "coordinates": [[-119.944606, 38.938554], [-119.944558, 38.93861], [-119.944516, 38.938658], [-119.944481, 38.938695], [-119.944441, 38.938751], [-119.944412, 38.938793], [-119.944341, 38.938809], [-119.944283, 38.93881], [-119.944214, 38.938812], [-119.944164, 38.938835], [-119.944121, 38.938868], [-119.944062, 38.938901], [-119.943987, 38.938894], [-119.943921, 38.938921], [-119.943874, 38.938962], [-119.943847, 38.939002], [-119.943793, 38.93902]]}, "props": {"MTFCC": "S1400", "NAME": null}}, {"geom": {"type": "LineString", "coordinates": [[-119.974872, 38.938575], [-119.974861, 38.938688], [-119.974857, 38.938734], [-119.974855, 38.939031], [-119.974855, 38.939146]]}, "props": {"MTFCC": "S1400", "NAME": null}}, {"geom": {"type": "LineString", "coordinates": [[-119.977232, 38.937429], [-119.977581, 38.937436], [-119.977815, 38.937453], [-119.977897, 38.93746], [-119.97794, 38.937466], [-119.978798, 38.937462], [-119.979054, 38.937445], [-119.979227, 38.937441], [-119.979564, 38.937461], [-119.980148, 38.937444]]}, "props": {"MTFCC": "S1400", "NAME": null}}, {"geom": {"type": "LineString", "coordinates": [[-119.950574, 38.934333], [-119.950598, 38.934314], [-119.950652, 38.934283], [-119.950844, 38.934191], [-119.950916, 38.934158], [-119.951061, 38.934093], [-119.951081, 38.934082], [-119.951252, 38.934011], [-119.951562, 38.933869], [-119.951972, 38.933691], [-119.951983, 38.933687], [-119.95204, 38.933668], [-119.9521, 38.933655], [-119.952195, 38.933656], [-119.952283, 38.933671], [-119.952346, 38.933697]]}, "props": {"MTFCC": "S1400", "NAME": null}}, {"geom": {"type": "LineString", "coordinates": [[-119.952346, 38.933697], [-119.952377, 38.933714], [-119.952393, 38.93373], [-119.952453, 38.933803], [-119.952579, 38.93397], [-119.952626, 38.934043], [-119.953271, 38.93482], [-119.953435, 38.934979]]}, "props": {"MTFCC": "S1400", "NAME": null}}, {"geom": {"type": "LineString", "coordinates": [[-119.977527, 38.93511], [-119.978049, 38.935136], [-119.978101, 38.935134], [-119.978466, 38.935147], [-119.978616, 38.935145], [-119.979173, 38.935176], [-119.979506, 38.935182], [-119.979598, 38.935166], [-119.979614, 38.935165], [-119.979778, 38.93516], [-119.979823, 38.935163], [-119.979974, 38.935146], [-119.980102, 38.935141], [-119.980136, 38.935143]]}, "props": {"MTFCC": "S1400", "NAME": null}}, {"geom": {"type": "LineString", "coordinates": [[-119.979306, 38.933171], [-119.979353, 38.933252], [-119.979366, 38.933307], [-119.979373, 38.933333], [-119.979374, 38.933371], [-119.979348, 38.933449], [-119.97928, 38.933619], [-119.979259, 38.933725], [-119.979259, 38.93374], [-119.979259, 38.933891]]}, "props": {"MTFCC": "S1400", "NAME": null}}, {"geom": {"type": "LineString", "coordinates": [[-119.956339, 38.929152], [-119.95634, 38.929272], [-119.956342, 38.929425], [-119.956328, 38.929632], [-119.95632, 38.929753], [-119.956319, 38.929872], [-119.956316, 38.930231], [-119.956316, 38.930351], [-119.956315, 38.930436], [-119.956315, 38.930501], [-119.956322, 38.930624], [-119.956319, 38.930693], [-119.956317, 38.930779]]}, "props": {"MTFCC": "S1400", "NAME": null}}, {"geom": {"type": "LineString", "coordinates": [[-119.986064, 38.921227], [-119.98596, 38.921301], [-119.985829, 38.921386], [-119.985486, 38.921613], [-119.985372, 38.921684], [-119.985236, 38.921786], [-119.98512, 38.921857], [-119.984879, 38.922007], [-119.984771, 38.922069], [-119.984662, 38.922148], [-119.984606, 38.922185], [-119.984249, 38.922426], [-119.983977, 38.922617], [-119.983922, 38.922647], [-119.983797, 38.922729], [-119.983526, 38.92291], [-119.983467, 38.922946], [-119.983343, 38.92304], [-119.983261, 38.923081], [-119.98325, 38.923088], [-119.982787, 38.923397], [-119.982426, 38.923632], [-119.982151, 38.923813], [-119.982003, 38.923914], [-119.981933, 38.923951], [-119.98191, 38.923965], [-119.981798, 38.924039], [-119.98174, 38.924087], [-119.98167, 38.924127], [-119.981473, 38.924258], [-119.981402, 38.924297], [-119.98123, 38.92442], [-119.981202, 38.924442], [-119.981145, 38.924489], [-119.980972, 38.924611], [-119.98076, 38.924748], [-119.980707, 38.924779], [-119.980621, 38.92483], [-119.980558, 38.924879], [-119.980423, 38.924967], [-119.980288, 38.925048], [-119.980211, 38.925089], [-119.980012, 38.925213], [-119.979955, 38.925257], [-119.979913, 38.925284], [-119.979652, 38.925457], [-119.979364, 38.925649], [-119.979176, 38.925775], [-119.979092, 38.925842], [-119.978877, 38.925989], [-119.978701, 38.926098], [-119.978504, 38.926229], [-119.978354, 38.92633], [-119.978216, 38.926419], [-119.978117, 38.926482], [-119.978063, 38.926518], [-119.977958, 38.926595], [-119.977821, 38.92667], [-119.977719, 38.926727], [-119.977673, 38.926753], [-119.977622, 38.926817], [-119.977605, 38.926855], [-119.977602, 38.926901], [-119.977599, 38.926957]]}, "props": {"MTFCC": "S1400", "NAME": null}}, {"geom": {"type": "LineString", "coordinates": [[-119.97536, 38.921496], [-119.97531, 38.921567], [-119.975296, 38.921633], [-119.975284, 38.921699], [-119.975275, 38.921813], [-119.97528, 38.922094], [-119.975283, 38.922249], [-119.975295, 38.922474], [-119.975299, 38.922534], [-119.975291, 38.922717], [-119.97529, 38.922895], [-119.975312, 38.922972], [-119.975339, 38.923002], [-119.975384, 38.923041], [-119.975408, 38.92305], [-119.975458, 38.923051], [-119.975646, 38.923046], [-119.975684, 38.923048], [-119.975787, 38.923056], [-119.975831, 38.923056], [-119.976053, 38.923056], [-119.976138, 38.923063], [-119.976194, 38.923082], [-119.976254, 38.923127], [-119.976296, 38.923176], [-119.976318, 38.923257], [-119.976302, 38.923396], [-119.976302, 38.923436], [-119.976302, 38.923487], [-119.97631, 38.923612], [-119.976308, 38.923773], [-119.976313, 38.923976], [-119.976316, 38.924078], [-119.97631, 38.924157], [-119.976308, 38.924206], [-119.976306, 38.924326], [-119.976306, 38.924343], [-119.976312, 38.924435], [-119.976305, 38.924638], [-119.976308, 38.924826], [-119.976307, 38.924836], [-119.976307, 38.925006], [-119.976305, 38.92512], [-119.976307, 38.92517], [-119.976327, 38.925539], [-119.976326, 38.925664], [-119.976325, 38.925829], [-119.976325, 38.925875], [-119.976309, 38.926047], [-119.97631, 38.926073], [-119.976313, 38.926139], [-119.976306, 38.926207], [-119.976327, 38.926383], [-119.976326, 38.926476], [-119.976335, 38.926567], [-119.97636, 38.926611], [-119.976378, 38.926626], [-119.976431, 38.926657], [-119.976466, 38.926666], [-119.976512, 38.926671], [-119.976535, 38.926671], [-119.976781, 38.926676], [-119.976969, 38.92668], [-119.976981, 38.926681], [-119.977083, 38.92668], [-119.977258, 38.926686], [-119.977512, 38.926697], [-119.977532, 38.9267], [-119.977719, 38.926727]]}, "props": {"MTFCC": "S1400", "NAME": null}}, {"geom": {"type": "LineString", "coordinates": [[-119.987705, 38.922721], [-119.987606, 38.922805], [-119.987478, 38.922892], [-119.98747, 38.922899], [-119.987418, 38.922942], [-119.987356, 38.922983], [-119.987206, 38.923065], [-119.986909, 38.923244], [-119.986756, 38.923345], [-119.986655, 38.923413], [-119.986629, 38.923435], [-119.986522, 38.923507], [-119.98637, 38.923613], [-119.98625, 38.923692], [-119.98612, 38.92378], [-119.985986, 38.923862], [-119.985793, 38.923988], [-119.985659, 38.924075], [-119.985597, 38.924123], [-119.985424, 38.92423], [-119.985408, 38.924241], [-119.985259, 38.924341], [-119.985208, 38.92438], [-119.985152, 38.924415], [-119.985051, 38.92448], [-119.984997, 38.924521], [-119.98488, 38.924598], [-119.984588, 38.924793], [-119.984239, 38.925027], [-119.984094, 38.925119], [-119.984062, 38.925141], [-119.983859, 38.925284], [-119.983796, 38.925331], [-119.983645, 38.925416], [-119.983549, 38.925477], [-119.983328, 38.925622], [-119.983148, 38.925727], [-119.98298, 38.925846], [-119.982928, 38.925891], [-119.982869, 38.925925], [-119.982834, 38.925951], [-119.98282, 38.925962], [-119.982771, 38.92599], [-119.982667, 38.926072], [-119.9826, 38.926116], [-119.982362, 38.926275], [-119.982149, 38.926413], [-119.981704, 38.926718], [-119.981595, 38.926788], [-119.981551, 38.926805], [-119.981514, 38.926838], [-119.981492, 38.926844], [-119.981466, 38.926863], [-119.981325, 38.926937]]}, "props": {"MTFCC": "S1400", "NAME": null}}, {"geom": {"type": "LineString", "coordinates": [[-119.998601, 38.921068], [-119.998527, 38.921152], [-119.998468, 38.9212], [-119.998374, 38.921285], [-119.998324, 38.921344], [-119.998189, 38.921518], [-119.998139, 38.921597], [-119.998087, 38.921668], [-119.998047, 38.921744], [-119.998036, 38.921757], [-119.99789, 38.921944], [-119.997844, 38.922017], [-119.997725, 38.922149], [-119.997617, 38.922293], [-119.997496, 38.922426], [-119.997455, 38.922511], [-119.997408, 38.922587], [-119.997277, 38.922717], [-119.99716, 38.922861], [-119.997093, 38.922926], [-119.997038, 38.92299], [-119.996982, 38.923078], [-119.996935, 38.923138], [-119.996816, 38.923271], [-119.996756, 38.923349], [-119.996689, 38.923427], [-119.996569, 38.923555], [-119.996402, 38.923802], [-119.996376, 38.923862], [-119.99634, 38.923947], [-119.99631, 38.923998], [-119.996227, 38.924208], [-119.996212, 38.924263], [-119.996164, 38.924395], [-119.996112, 38.9245], [-119.996091, 38.924565], [-119.996086, 38.924628], [-119.996104, 38.924665], [-119.996126, 38.92469]]}, "props": {"MTFCC": "S1400", "NAME": null}}, {"geom": {"type": "LineString", "coordinates": [[-119.994632, 38.87411], [-119.994606, 38.874153], [-119.994593, 38.874178], [-119.994555, 38.874256], [-119.994542, 38.874291], [-119.994525, 38.874339]]}, "props": {"MTFCC": "S1400", "NAME": null}}, {"geom": {"type": "LineString", "coordinates": [[-120.0024, 38.902413814241484], [-120.002338, 38.902438], [-120.002263, 38.902471], [-120.002141, 38.902517], [-120.00192, 38.902603], [-120.001629, 38.902714], [-120.00157, 38.902737], [-120.001042, 38.902945], [-120.00076, 38.903052], [-120.000542, 38.903136], [-120.00047, 38.903162], [-120.000319, 38.903215], [-120.000174, 38.903278], [-120.000131, 38.903293], [-120.000092, 38.903309], [-120.0, 38.90335], [-119.999819, 38.903417], [-119.999475, 38.903553], [-119.999394, 38.903578], [-119.999312, 38.903611], [-119.999112, 38.903677], [-119.999068, 38.903692], [-119.998778, 38.903817]]}, "props": {"MTFCC": "S1400", "NAME": null}}, {"geom": {"type": "LineString", "coordinates": [[-120.002353, 38.899282], [-120.0024, 38.8992943375]]}, "props": {"MTFCC": "S1400", "NAME": null}}, {"geom": {"type": "LineString", "coordinates": [[-119.955921, 38.941859], [-119.955847, 38.941875], [-119.95564, 38.941949], [-119.955549, 38.942], [-119.955458, 38.942044], [-119.955312, 38.942108], [-119.95489, 38.942274], [-119.953982, 38.942698], [-119.953903, 38.942731], [-119.953653, 38.94296], [-119.953533, 38.94304]]}, "props": {"MTFCC": "S1400", "NAME": null}}, {"geom": {"type": "LineString", "coordinates": [[-120.001921, 38.873258], [-120.001813, 38.873522], [-120.001755, 38.874146], [-120.001665, 38.874568], [-120.00146, 38.874998], [-120.001259, 38.875298], [-120.001059, 38.875459], [-120.000671, 38.875538], [-120.000462, 38.875519], [-120.000298, 38.87542], [-120.000275, 38.875374], [-120.00029, 38.875191], [-120.000603, 38.87476], [-120.000816, 38.874283], [-120.000869, 38.873964], [-120.000903, 38.873619], [-120.000766, 38.872685]]}, "props": {"MTFCC": "S1400", "NAME": null}}, {"geom": {"type": "LineString", "coordinates": [[-119.947031, 38.941844], [-119.94675, 38.941966], [-119.94673, 38.941976], [-119.946632, 38.942026], [-119.946313, 38.942158], [-119.945963, 38.942315], [-119.945912, 38.942339], [-119.945868, 38.94236], [-119.945656, 38.942446], [-119.945631, 38.942459]]}, "props": {"MTFCC": "S1400", "NAME": null}}, {"geom": {"type": "LineString", "coordinates": [[-119.995557, 38.854939], [-119.995435, 38.854922], [-119.995383, 38.854915], [-119.995284, 38.854913], [-119.995143, 38.854926], [-119.995072, 38.854944], [-119.99505, 38.85495], [-119.994958, 38.854986]]}, "props": {"MTFCC": "S1400", "NAME": null}}, {"geom": {"type": "LineString", "coordinates": [[-120.0024, 38.88440016107384], [-120.00204, 38.885216], [-120.001992, 38.885326], [-120.001569, 38.886257], [-120.001487, 38.886453], [-120.001308, 38.886823], [-120.000879, 38.887759], [-120.000669, 38.888243], [-120.000636, 38.88832], [-120.000576, 38.8885], [-120.00049, 38.888687], [-120.000386, 38.888884], [-120.000224, 38.889256], [-120.000101, 38.889547], [-120.000003, 38.889783], [-119.999911, 38.889977], [-119.999856, 38.890171], [-119.999794, 38.890352], [-119.99978, 38.890437], [-119.999729, 38.89075], [-119.999714, 38.890839], [-119.999703, 38.890909], [-119.999692, 38.891096], [-119.999692, 38.89111], [-119.999694, 38.891201], [-119.999705, 38.891673], [-119.999713, 38.891813], [-119.999815, 38.89353], [-119.999823, 38.893648], [-119.99984, 38.893877], [-119.999853, 38.894148], [-119.999859, 38.89426], [-119.999863, 38.894331], [-119.999867, 38.894423], [-119.999882, 38.894746], [-119.999886, 38.894915], [-119.999891, 38.89508], [-119.999896, 38.895458], [-119.999895, 38.895494], [-119.999894, 38.895605], [-119.999898, 38.89575], [-119.999861, 38.896062], [-119.999819, 38.896378], [-119.999733, 38.896724], [-119.999703, 38.896845], [-119.999623, 38.897124], [-119.999612, 38.897162], [-119.999526, 38.897388], [-119.999432, 38.89764], [-119.999377, 38.897803], [-119.999315, 38.897959], [-119.999245, 38.898107], [-119.999217, 38.898175], [-119.999111, 38.898437], [-119.999056, 38.89857], [-119.999048, 38.898592], [-119.998998, 38.898732], [-119.998933, 38.898888], [-119.998861, 38.899036], [-119.998853, 38.899054], [-119.998793, 38.899211], [-119.998746, 38.899342], [-119.998742, 38.899356], [-119.998672, 38.89951], [-119.998609, 38.899672], [-119.998584, 38.899728], [-119.998541, 38.899828], [-119.99853, 38.899857], [-119.998511, 38.899906], [-119.998453, 38.900054], [-119.998435, 38.900104], [-119.998307, 38.900424], [-119.998288, 38.900475], [-119.998196, 38.90081], [-119.998155, 38.900976], [-119.99809, 38.901313], [-119.998078, 38.901431], [-119.998073, 38.901486], [-119.998068, 38.901664], [-119.998071, 38.901776], [-119.998073, 38.901839], [-119.998086, 38.902013], [-119.998109, 38.902185], [-119.998113, 38.902211], [-119.99814, 38.902358], [-119.998218, 38.902696], [-119.998276, 38.902868], [-119.998343, 38.903036], [-119.99842, 38.9032], [-119.998551, 38.903442], [-119.998598, 38.903529], [-119.998778, 38.903817], [-119.99892, 38.904049], [-119.999184, 38.904482], [-119.999296, 38.90463], [-119.999362, 38.904737], [-119.999507, 38.904969], [-119.999809, 38.905445], [-120.000217, 38.90609], [-120.000387, 38.906365], [-120.000714, 38.906877], [-120.001018, 38.907353], [-120.001077, 38.907447], [-120.001254, 38.907729], [-120.001314, 38.907824], [-120.001665, 38.908379], [-120.002056, 38.908997], [-120.002198, 38.909252], [-120.0024, 38.90956282945735]]}, "props": {"MTFCC": "S1200", "NAME": null}}, {"geom": {"type": "LineString", "coordinates": [[-119.989694, 38.941782], [-119.98951, 38.941804], [-119.9894, 38.941811], [-119.989386, 38.941812], [-119.989273, 38.941829], [-119.989201, 38.941831], [-119.988766, 38.941873], [-119.988463, 38.941896], [-119.988421, 38.9419], [-119.98836, 38.941913], [-119.988157, 38.94193], [-119.987841, 38.941954], [-119.987691, 38.941966], [-119.987489, 38.941986], [-119.987423, 38.942], [-119.987352, 38.942004], [-119.987284, 38.942017], [-119.987135, 38.942029], [-119.987055, 38.942031], [-119.986896, 38.942048], [-119.986582, 38.942084], [-119.986273, 38.942116], [-119.986091, 38.942135], [-119.985959, 38.942156], [-119.985425, 38.942215], [-119.985349, 38.942221], [-119.98504, 38.942249], [-119.984855, 38.94227], [-119.98472, 38.942282], [-119.984625, 38.942291], [-119.984364, 38.942305], [-119.984172, 38.942306], [-119.984001, 38.94232], [-119.983938, 38.942315]]}, "props": {"MTFCC": "S1400", "NAME": null}}, {"geom": {"type": "LineString", "coordinates": [[-119.958246, 38.947278], [-119.958181, 38.947194], [-119.958161, 38.947162], [-119.957923, 38.946847], [-119.957895, 38.946804], [-119.957816, 38.94668]]}, "props": {"MTFCC": "S1400", "NAME": null}}, {"geom": {"type": "LineString", "coordinates": [[-119.994709, 38.918115], [-119.994392, 38.918298], [-119.993717, 38.918734], [-119.993443, 38.918898]]}, "props": {"MTFCC": "S1400", "NAME": null}}, {"geom": {"type": "LineString", "coordinates": [[-119.961752, 38.937479], [-119.961703, 38.937501], [-119.96168, 38.937513], [-119.96157, 38.937581], [-119.961524, 38.937619], [-119.96142, 38.937704], [-119.961397, 38.937724], [-119.9612, 38.937862], [-119.961087, 38.937935], [-119.960975, 38.938009], [-119.960947, 38.938027], [-119.960859, 38.938084], [-119.960596, 38.938254], [-119.960509, 38.938312], [-119.960477, 38.938336], [-119.960442, 38.938364], [-119.960379, 38.938407], [-119.960346, 38.93843], [-119.960301, 38.938464], [-119.960226, 38.93851], [-119.96015, 38.938565], [-119.960068, 38.938617], [-119.959989, 38.938669], [-119.95954, 38.938979], [-119.959416, 38.939055], [-119.959233, 38.939176], [-119.958954, 38.939362], [-119.958889, 38.939407], [-119.958771, 38.939472], [-119.95875, 38.939485], [-119.958615, 38.939575], [-119.958554, 38.939625], [-119.958487, 38.939673], [-119.958341, 38.939766], [-119.958274, 38.93982], [-119.958246, 38.939839], [-119.958201, 38.93987], [-119.958064, 38.939951], [-119.957954, 38.940017], [-119.957886, 38.940062], [-119.95754, 38.940291], [-119.957366, 38.940417], [-119.957312, 38.940458], [-119.957195, 38.940538], [-119.957106, 38.940602], [-119.956803, 38.940805], [-119.956705, 38.940872]]}, "props": {"MTFCC": "S1400", "NAME": null}}, {"geom": {"type": "LineString", "coordinates": [[-119.962058, 38.938112], [-119.961873, 38.938108], [-119.961747, 38.938106], [-119.961706, 38.938329], [-119.96181, 38.938433], [-119.961861, 38.938436], [-119.962045, 38.93845]]}, "props": {"MTFCC": "S1740", "NAME": null}}, {"geom": {"type": "LineString", "coordinates": [[-119.956596, 38.938568], [-119.956713, 38.938691], [-119.956869, 38.93882], [-119.956885, 38.938842], [-119.957099, 38.939054], [-119.957725, 38.939624], [-119.957773, 38.93967], [-119.958064, 38.939951]]}, "props": {"MTFCC": "S1400", "NAME": null}}, {"geom": {"type": "LineString", "coordinates": [[-119.996126, 38.92469], [-119.996138, 38.924705], [-119.996224, 38.924745], [-119.99627, 38.924759], [-119.996288, 38.924765], [-119.996428, 38.924785], [-119.996682, 38.924794], [-119.996756, 38.924801], [-119.996918, 38.924818], [-119.997054, 38.924831], [-119.997262, 38.924851], [-119.997462, 38.924873], [-119.997599, 38.924889], [-119.997716, 38.924896], [-119.997759, 38.924903], [-119.997787, 38.924904], [-119.997872, 38.92491], [-119.998003, 38.92493], [-119.998164, 38.924948], [-119.998246, 38.924953], [-119.998353, 38.924963], [-119.998402, 38.924968], [-119.998541, 38.924993], [-119.998617, 38.925009], [-119.998685, 38.925028], [-119.998713, 38.925036], [-119.998785, 38.925067], [-119.998928, 38.925137], [-119.999003, 38.925182], [-119.999077, 38.925236], [-119.999197, 38.925324], [-119.999257, 38.925369], [-119.999389, 38.925462], [-119.999648, 38.925661], [-119.999773, 38.925747], [-119.999812, 38.92578], [-119.999886, 38.925859], [-119.999933, 38.925921], [-120.000067, 38.926111], [-120.000102, 38.926171], [-120.000146, 38.926217], [-120.000225, 38.926334], [-120.000261, 38.926376], [-120.000291, 38.926426], [-120.000325, 38.92649], [-120.000379, 38.926573], [-120.000411, 38.926623], [-120.000496, 38.926734], [-120.000596, 38.926848], [-120.0007, 38.92694], [-120.000722, 38.926954], [-120.000744, 38.926968], [-120.000875, 38.927034], [-120.001015, 38.927108], [-120.001214, 38.927213], [-120.001262, 38.927244], [-120.001407, 38.927331], [-120.001431, 38.927341], [-120.001467, 38.927357], [-120.00157, 38.927418], [-120.001675, 38.927481], [-120.001712, 38.927499], [-120.001821, 38.927552], [-120.001923, 38.92761], [-120.00197, 38.927647], [-120.002075, 38.927705], [-120.002141, 38.927737], [-120.002288, 38.92781], [-120.0024, 38.927866421052634]]}, "props": {"MTFCC": "S1400", "NAME": null}}, {"geom": {"type": "LineString", "coordinates": [[-119.949902, 38.945719], [-119.949725, 38.945767], [-119.949604, 38.945812], [-119.949223, 38.945998], [-119.949078, 38.946054], [-119.949013, 38.946082], [-119.948882, 38.94613], [-119.948682, 38.946231], [-119.948264, 38.946412], [-119.948253, 38.946418]]}, "props": {"MTFCC": "S1400", "NAME": null}}, {"geom": {"type": "LineString", "coordinates": [[-119.952757, 38.903095], [-119.953184, 38.902824], [-119.953374, 38.902693], [-119.953926, 38.902593], [-119.95441, 38.902843], [-119.954644, 38.903144], [-119.954594, 38.903695], [-119.95461, 38.904096], [-119.954995, 38.90438], [-119.955596, 38.904798], [-119.955847, 38.905082], [-119.955847, 38.905516], [-119.955512, 38.905967], [-119.954961, 38.906468], [-119.954677, 38.906652], [-119.954494, 38.906936], [-119.954513, 38.907315], [-119.954544, 38.907477], [-119.95473, 38.907675], [-119.954865, 38.907811], [-119.9551, 38.907922], [-119.955499, 38.907977], [-119.956175, 38.908094], [-119.956421, 38.908095], [-119.956631, 38.908218], [-119.956976, 38.908416], [-119.95731, 38.908823], [-119.957594, 38.909045], [-119.957939, 38.909267], [-119.958075, 38.909354], [-119.958272, 38.90944], [-119.958334, 38.909835], [-119.958482, 38.910403], [-119.958655, 38.91065], [-119.959112, 38.911057], [-119.959544, 38.911415], [-119.959895, 38.911649]]}, "props": {"MTFCC": "S1400", "NAME": null}}, {"geom": {"type": "LineString", "coordinates": [[-119.958272, 38.90944], [-119.958482, 38.909403], [-119.958766, 38.909428], [-119.959038, 38.909502], [-119.959198, 38.909576], [-119.959272, 38.909465], [-119.959556, 38.909292], [-119.95984, 38.909156], [-119.960211, 38.90923], [-119.960593, 38.909502], [-119.960679, 38.909778], [-119.9608, 38.909955], [-119.961112, 38.910331], [-119.961285, 38.910514], [-119.961309, 38.910551], [-119.961223, 38.910823], [-119.961057, 38.91115], [-119.960972, 38.911538], [-119.960844, 38.912015], [-119.960803, 38.912169]]}, "props": {"MTFCC": "S1400", "NAME": null}}, {"geom": {"type": "LineString", "coordinates": [[-119.994978, 38.904023], [-119.995347, 38.904156], [-119.995818, 38.904327], [-119.996025, 38.904395], [-119.996372, 38.904693], [-119.996515, 38.904816], [-119.996672, 38.904948], [-119.996852, 38.905098], [-119.997171, 38.905365], [-119.997276, 38.905453], [-119.997297, 38.90547], [-119.997396, 38.905536], [-119.997443, 38.905572], [-119.997578, 38.905693], [-119.997665, 38.905772], [-119.997923, 38.905963], [-119.997946, 38.905988], [-119.998027, 38.906076], [-119.998234, 38.9063], [-119.998382, 38.906531], [-119.998486, 38.906693], [-119.99886, 38.90733], [-119.998987, 38.907537], [-119.999071, 38.907651], [-119.999114, 38.907727], [-119.999243, 38.907905], [-119.999305, 38.908002], [-119.999383, 38.908109], [-119.999389, 38.908127], [-119.999467, 38.908255], [-119.999623, 38.908487], [-119.99978, 38.908722], [-119.999922, 38.908936], [-119.999938, 38.908996], [-119.99995, 38.909023], [-119.999968, 38.909047], [-120.000132, 38.909274], [-120.000318, 38.909593], [-120.000424, 38.909741], [-120.000846, 38.910404], [-120.000861, 38.910422], [-120.001037, 38.910718], [-120.001201, 38.910995], [-120.001271, 38.911097], [-120.001399, 38.911215], [-120.001436, 38.911237], [-120.001405, 38.911278], [-120.001372, 38.911361], [-120.001357, 38.911455], [-120.001316, 38.911724], [-120.001311, 38.911886], [-120.001298, 38.911984], [-120.001284, 38.912034], [-120.001236, 38.912121], [-120.001218, 38.912136], [-120.001077, 38.912257], [-120.001033, 38.912281]]}, "props": {"MTFCC": "S1400", "NAME": null}}, {"geom": {"type": "LineString", "coordinates": [[-119.984496, 38.887251], [-119.984496, 38.887293], [-119.984502, 38.887448], [-119.984504, 38.88748], [-119.984527, 38.887582], [-119.984545, 38.887633], [-119.984613, 38.887787], [-119.984626, 38.887833], [-119.984631, 38.887879], [-119.98463, 38.888019], [-119.98463, 38.888217], [-119.984636, 38.888674], [-119.984631, 38.888845], [-119.98463, 38.888888], [-119.984637, 38.888922], [-119.984639, 38.889036], [-119.984648, 38.889211], [-119.984633, 38.889788], [-119.984639, 38.890108], [-119.984644, 38.890183], [-119.984637, 38.890309], [-119.984631, 38.890686], [-119.984632, 38.89073], [-119.984637, 38.890858], [-119.984651, 38.891359], [-119.984649, 38.891578], [-119.984656, 38.891642], [-119.984658, 38.891712], [-119.98466, 38.891742], [-119.984671, 38.891845], [-119.984673, 38.892001], [-119.984653, 38.892157], [-119.984659, 38.892384], [-119.984652, 38.892493], [-119.984657, 38.89277], [-119.984659, 38.892821], [-119.984655, 38.893124], [-119.984647, 38.893264], [-119.984646, 38.893293], [-119.984644, 38.893434], [-119.98463, 38.8936], [-119.98463, 38.893687], [-119.984632, 38.893829], [-119.984636, 38.893879], [-119.984635, 38.893894], [-119.984634, 38.894005], [-119.984636, 38.894092], [-119.984639, 38.894159]]}, "props": {"MTFCC": "S1400", "NAME": null}}, {"geom": {"type": "LineString", "coordinates": [[-119.984625, 38.901822], [-119.984629, 38.901989], [-119.984623, 38.902194], [-119.984628, 38.902249], [-119.98463, 38.902398], [-119.984635, 38.902623], [-119.98463, 38.902665], [-119.984631, 38.902808], [-119.98463, 38.902856], [-119.984635, 38.902906], [-119.984634, 38.903145], [-119.98463, 38.903426], [-119.984634, 38.903466], [-119.984628, 38.90351], [-119.984632, 38.90356], [-119.984627, 38.903608], [-119.984635, 38.903661], [-119.984638, 38.903921], [-119.984636, 38.904126], [-119.984635, 38.904282], [-119.984638, 38.904332], [-119.984633, 38.904517], [-119.984638, 38.9046], [-119.984635, 38.904681], [-119.984635, 38.904703], [-119.984636, 38.904774], [-119.98464, 38.904989], [-119.984642, 38.905061]]}, "props": {"MTFCC": "S1400", "NAME": null}}, {"geom": {"type": "LineString", "coordinates": [[-119.979383, 38.902063], [-119.979281, 38.901987], [-119.979215, 38.901952], [-119.979112, 38.901906], [-119.979076, 38.901896], [-119.979063, 38.901895], [-119.978899, 38.901884], [-119.978726, 38.90188], [-119.978562, 38.901866], [-119.978405, 38.901889], [-119.978127, 38.901884], [-119.977987, 38.901869], [-119.977974, 38.901869], [-119.977925, 38.901871], [-119.977869, 38.901878], [-119.977611, 38.901885], [-119.977306, 38.901894], [-119.97726, 38.901888], [-119.977211, 38.901893], [-119.977171, 38.901887], [-119.977112, 38.901887], [-119.976927, 38.901889], [-119.97687, 38.901885], [-119.976691, 38.901887], [-119.976624, 38.901893], [-119.976564, 38.901894], [-119.976497, 38.901889], [-119.976227, 38.901894], [-119.976021, 38.901887], [-119.975817, 38.901894], [-119.975615, 38.901894], [-119.975273, 38.901901], [-119.975116, 38.901908]]}, "props": {"MTFCC": "S1400", "NAME": null}}, {"geom": {"type": "LineString", "coordinates": [[-119.973396, 38.904068], [-119.973402, 38.904214], [-119.973417, 38.904511], [-119.973417, 38.904654], [-119.973418, 38.904801], [-119.97342, 38.904872], [-119.973426, 38.905085], [-119.973429, 38.905156]]}, "props": {"MTFCC": "S1400", "NAME": null}}, {"geom": {"type": "LineString", "coordinates": [[-119.97201, 38.91949], [-119.972725, 38.919675], [-119.973297, 38.919872], [-119.97382, 38.920074], [-119.974037, 38.920271], [-119.974376, 38.920602], [-119.974734, 38.920925], [-119.974832, 38.921018], [-119.975051, 38.921228], [-119.975126, 38.921301], [-119.975157, 38.921331], [-119.975232, 38.921387], [-119.975257, 38.921406], [-119.975334, 38.921473], [-119.97536, 38.921496], [-119.975433, 38.921555], [-119.975462, 38.921583], [-119.975587, 38.921706], [-119.975712, 38.921815], [-119.975755, 38.921862], [-119.975855, 38.921953], [-119.975963, 38.922051], [-119.976287, 38.922348], [-119.976396, 38.922447], [-119.976506, 38.922552], [-119.97652, 38.922565], [-119.976662, 38.922689], [-119.97673, 38.922754], [-119.976846, 38.922859], [-119.976959, 38.922962], [-119.977067, 38.923057], [-119.977215, 38.923187], [-119.977342, 38.923317], [-119.977383, 38.923353], [-119.977493, 38.923448], [-119.977603, 38.923544], [-119.977662, 38.923595], [-119.977925, 38.923844], [-119.978032, 38.923946], [-119.978139, 38.924046], [-119.97821, 38.924112], [-119.978356, 38.92424], [-119.978464, 38.924344], [-119.978571, 38.924447], [-119.978684, 38.924549], [-119.978707, 38.92457], [-119.978906, 38.924718], [-119.979031, 38.924846], [-119.979138, 38.924956], [-119.97924, 38.925056], [-119.979533, 38.925346], [-119.979547, 38.925359], [-119.979652, 38.925457], [-119.97976, 38.925556], [-119.979835, 38.925617], [-119.979895, 38.925679], [-119.980011, 38.92578], [-119.980083, 38.925829], [-119.980105, 38.925851], [-119.980212, 38.925958], [-119.980277, 38.926027], [-119.980369, 38.926105], [-119.980504, 38.92624], [-119.980689, 38.926401], [-119.980738, 38.926452], [-119.980826, 38.926531], [-119.981116, 38.92681], [-119.981199, 38.926874], [-119.981275, 38.926918], [-119.981325, 38.926937]]}, "props": {"MTFCC": "S1400", "NAME": null}}, {"geom": {"type": "LineString", "coordinates": [[-119.900278, 38.924502], [-119.900158, 38.923353], [-119.899573, 38.922323], [-119.899573, 38.922013], [-119.899573, 38.921729], [-119.899837, 38.921157], [-119.900393, 38.9207], [-119.900716, 38.919007], [-119.901068, 38.91855], [-119.9018, 38.91791], [-119.9018, 38.917589], [-119.901508, 38.917086], [-119.901479, 38.916492], [-119.901713, 38.916309], [-119.902094, 38.916126], [-119.902474, 38.915783], [-119.902551, 38.915479], [-119.902709, 38.914868], [-119.902973, 38.914456], [-119.903324, 38.914228], [-119.903792, 38.914182], [-119.904261, 38.914617], [-119.904524, 38.914983], [-119.904503, 38.915314], [-119.904494, 38.915463], [-119.904962, 38.916401], [-119.905021, 38.916836], [-119.904933, 38.917545], [-119.905003, 38.918324], [-119.905066, 38.919044], [-119.905078, 38.919169], [-119.905254, 38.919283], [-119.905576, 38.919306], [-119.906103, 38.919054], [-119.906308, 38.919146], [-119.906308, 38.919535], [-119.906542, 38.919695], [-119.906571, 38.919692], [-119.906805, 38.919672], [-119.90704, 38.919243], [-119.907743, 38.917957], [-119.907772, 38.917934], [-119.908504, 38.917385], [-119.909031, 38.91734], [-119.909705, 38.917523], [-119.910524, 38.918072], [-119.911607, 38.918598], [-119.91178, 38.918632], [-119.912193, 38.918713], [-119.913276, 38.918713], [-119.913334, 38.918713], [-119.914014, 38.918561], [-119.914974, 38.918347], [-119.915442, 38.918462], [-119.915764, 38.918713], [-119.915737, 38.919106], [-119.915687, 38.91986]]}, "props": {"MTFCC": "S1500", "NAME": null}}, {"geom": {"type": "LineString", "coordinates": [[-119.909215, 38.895086], [-119.908747, 38.895543], [-119.908571, 38.896138], [-119.908571, 38.896305], [-119.908571, 38.896801], [-119.908922, 38.897235], [-119.908951, 38.898951], [-119.908892, 38.899248], [-119.907721, 38.899682], [-119.906931, 38.899819], [-119.906471, 38.900268], [-119.906167, 38.900582], [-119.905977, 38.900779], [-119.905135, 38.901296], [-119.905118, 38.901342], [-119.90497, 38.901754], [-119.904896, 38.901957], [-119.904875, 38.902018], [-119.90457, 38.902179], [-119.904333, 38.90214], [-119.90412, 38.902106]]}, "props": {"MTFCC": "S1400", "NAME": null}}, {"geom": {"type": "LineString", "coordinates": [[-119.998222, 38.863747], [-119.998237, 38.863812], [-119.998284, 38.864007], [-119.9983, 38.864073]]}, "props": {"MTFCC": "S1400", "NAME": null}}, {"geom": {"type": "LineString", "coordinates": [[-119.993945, 38.916002], [-119.994023, 38.916022], [-119.994099, 38.91602], [-119.994256, 38.916017], [-119.994354, 38.916022], [-119.994536, 38.916017], [-119.994682, 38.916014]]}, "props": {"MTFCC": "S1400", "NAME": null}}, {"geom": {"type": "LineString", "coordinates": [[-119.981645, 38.935074], [-119.981884, 38.93502], [-119.981898, 38.935013], [-119.982037, 38.93497], [-119.982073, 38.934963], [-119.982157, 38.93495], [-119.982298, 38.934937], [-119.982547, 38.934909], [-119.98261, 38.934904], [-119.983444, 38.934842], [-119.983502, 38.934844], [-119.983551, 38.934841], [-119.9837, 38.934832], [-119.983865, 38.934821], [-119.983927, 38.934813], [-119.984037, 38.934801], [-119.984121, 38.93478], [-119.984164, 38.934746]]}, "props": {"MTFCC": "S1400", "NAME": null}}, {"geom": {"type": "LineString", "coordinates": [[-119.986933, 38.928989], [-119.986948, 38.929188], [-119.986958, 38.929245], [-119.986961, 38.92926], [-119.986962, 38.929335], [-119.986955, 38.929406], [-119.986956, 38.929478], [-119.986947, 38.929827], [-119.986959, 38.929897], [-119.986963, 38.930015], [-119.986972, 38.930273]]}, "props": {"MTFCC": "S1400", "NAME": null}}, {"geom": {"type": "LineString", "coordinates": [[-120.000429, 38.867269], [-120.000293, 38.867144], [-120.000221, 38.867077], [-119.999892, 38.866765], [-119.999759, 38.866639], [-119.999716, 38.866598], [-119.999659, 38.866531], [-119.99964, 38.866493], [-119.999619, 38.866431], [-119.999614, 38.866378], [-119.999627, 38.866325], [-119.999689, 38.866208], [-119.999791, 38.866061], [-119.999837, 38.865986], [-119.999941, 38.865859], [-119.999986, 38.865786], [-119.999988, 38.865777], [-119.999996, 38.86575], [-120.0, 38.865712], [-119.999994, 38.865644], [-119.99994, 38.865536]]}, "props": {"MTFCC": "S1400", "NAME": null}}, {"geom": {"type": "LineString", "coordinates": [[-119.999252, 38.92635], [-119.999397, 38.926574], [-119.999406, 38.926587], [-119.999457, 38.926641], [-119.999495, 38.926696], [-119.999634, 38.926868], [-119.999795, 38.927122], [-119.999832, 38.927195], [-119.999841, 38.927238], [-119.999841, 38.927296], [-119.999826, 38.927343], [-119.999802, 38.927384], [-119.999734, 38.927475]]}, "props": {"MTFCC": "S1400", "NAME": null}}, {"geom": {"type": "LineString", "coordinates": [[-120.002288, 38.92781], [-120.002387, 38.927704], [-120.0024, 38.927684500000005]]}, "props": {"MTFCC": "S1400", "NAME": null}}, {"geom": {"type": "LineString", "coordinates": [[-120.000376, 38.914942], [-120.00018, 38.915075], [-120.000089, 38.915137], [-119.999848, 38.915296], [-119.999707, 38.915378], [-119.999605, 38.915453], [-119.999586, 38.915463], [-119.999532, 38.915495], [-119.9995, 38.915523], [-119.999391, 38.915597], [-119.999288, 38.915657], [-119.999253, 38.915683], [-119.999159, 38.915747], [-119.999045, 38.915826], [-119.998851, 38.915946], [-119.998727, 38.916039], [-119.99864, 38.916092], [-119.998469, 38.916204], [-119.99838, 38.916263], [-119.998235, 38.916351], [-119.998127, 38.916428], [-119.997985, 38.916533], [-119.997773, 38.916662], [-119.997661, 38.916745], [-119.997544, 38.916832], [-119.997477, 38.916874], [-119.997105, 38.917114], [-119.996978, 38.917196], [-119.99694, 38.917215], [-119.996906, 38.917234], [-119.996746, 38.917328], [-119.996712, 38.917347], [-119.996659, 38.917375], [-119.996641, 38.917386], [-119.996515, 38.917481], [-119.996468, 38.917517], [-119.996411, 38.91756], [-119.996156, 38.917728], [-119.996118, 38.917758], [-119.99582, 38.917974], [-119.995689, 38.918057], [-119.995301, 38.918328], [-119.995062, 38.918478], [-119.99501, 38.918512], [-119.994708, 38.918714]]}, "props": {"MTFCC": "S1400", "NAME": null}}, {"geom": {"type": "LineString", "coordinates": [[-120.001314, 38.907824], [-120.001175, 38.907886], [-120.001058, 38.907945], [-120.000833, 38.908036], [-120.000552, 38.908162], [-120.000272, 38.908262], [-120.000166, 38.908301], [-120.00011, 38.908328], [-120.00001, 38.908367], [-119.999955, 38.908388], [-119.999933, 38.908394], [-119.9997, 38.908463], [-119.999623, 38.908487]]}, "props": {"MTFCC": "S1400", "NAME": null}}, {"geom": {"type": "LineString", "coordinates": [[-120.001487, 38.868803], [-120.00126, 38.868791], [-120.001174, 38.868798], [-120.001147, 38.868801], [-120.000981, 38.868854], [-120.000758, 38.868991], [-120.000566, 38.86914], [-120.000494, 38.869184], [-120.000426, 38.869212], [-120.000388, 38.869223], [-120.000354, 38.869226], [-120.000276, 38.869236], [-120.000125, 38.869233], [-120.000042, 38.869228], [-119.999849, 38.869204], [-119.999826, 38.869202], [-119.999715, 38.869205], [-119.999609, 38.869214], [-119.999523, 38.869237], [-119.999417, 38.869272], [-119.999302, 38.869332], [-119.99917, 38.869424], [-119.999138, 38.869453]]}, "props": {"MTFCC": "S1400", "NAME": null}}, {"geom": {"type": "LineString", "coordinates": [[-120.0024, 38.86614484716158], [-120.002308, 38.866226], [-120.002091, 38.866402], [-120.001975, 38.866488], [-120.001525, 38.866716], [-120.001435, 38.866758], [-120.001421, 38.866765], [-120.001369, 38.866793], [-120.001035, 38.866945], [-120.000857, 38.867024], [-120.000728, 38.867093], [-120.000666, 38.867133], [-120.000429, 38.867269], [-120.000336, 38.867332], [-120.000319, 38.867352], [-120.000271, 38.86739], [-119.999846, 38.86768], [-119.999691, 38.867793], [-119.999595, 38.867864], [-119.999468, 38.86795], [-119.999283, 38.868082], [-119.999163, 38.868182], [-119.999064, 38.868288], [-119.998872, 38.868534], [-119.998672, 38.868802], [-119.998419, 38.86909], [-119.998366, 38.869164], [-119.998333, 38.869202], [-119.998284, 38.869273], [-119.998216, 38.86936], [-119.998004, 38.869658], [-119.99797, 38.869699], [-119.997899, 38.869809], [-119.99759, 38.87019], [-119.997471, 38.870335], [-119.997331, 38.870515], [-119.997192, 38.870703], [-119.997163, 38.870733], [-119.99702, 38.870915], [-119.996801, 38.871196], [-119.996707, 38.871327], [-119.996323, 38.8718], [-119.996198, 38.871993], [-119.996167, 38.872028], [-119.996093, 38.872122], [-119.995946, 38.872313], [-119.995792, 38.87253], [-119.995622, 38.872723], [-119.995603, 38.872753], [-119.995539, 38.87283], [-119.995405, 38.872994], [-119.995387, 38.873023], [-119.995321, 38.873102], [-119.995191, 38.873283], [-119.995175, 38.873314], [-119.995146, 38.873355], [-119.99508, 38.873432], [-119.99499, 38.873552], [-119.994923, 38.873651], [-119.994869, 38.873714], [-119.994831, 38.873772], [-119.994705, 38.873967], [-119.994678, 38.874031], [-119.994632, 38.87411]]}, "props": {"MTFCC": "S1400", "NAME": null}}, {"geom": {"type": "LineString", "coordinates": [[-119.967049, 38.914215], [-119.968139, 38.914847], [-119.968771, 38.915238], [-119.970085, 38.915933]]}, "props": {"MTFCC": "S1400", "NAME": null}}, {"geom": {"type": "LineString", "coordinates": [[-119.968022, 38.906224], [-119.967964, 38.906279], [-119.967844, 38.906397], [-119.967787, 38.90644], [-119.967724, 38.90649], [-119.967589, 38.906617], [-119.967531, 38.906668], [-119.96744, 38.906731], [-119.967364, 38.906765], [-119.967251, 38.906799], [-119.967099, 38.906846], [-119.966777, 38.906926], [-119.966709, 38.906939], [-119.966643, 38.906958], [-119.966575, 38.906972], [-119.966497, 38.906994], [-119.966438, 38.907015], [-119.966389, 38.907039], [-119.966219, 38.907137], [-119.966122, 38.907208], [-119.965898, 38.907384], [-119.965849, 38.907418], [-119.965756, 38.907494], [-119.965724, 38.907523], [-119.965708, 38.907539], [-119.96566, 38.907569], [-119.965612, 38.907607], [-119.965565, 38.907635], [-119.965351, 38.907835], [-119.965295, 38.907899]]}, "props": {"MTFCC": "S1400", "NAME": null}}, {"geom": {"type": "LineString", "coordinates": [[-119.96561, 38.903858], [-119.965677, 38.903853], [-119.965699, 38.903852], [-119.965939, 38.903843], [-119.965968, 38.903843], [-119.966058, 38.903847]]}, "props": {"MTFCC": "S1400", "NAME": null}}, {"geom": {"type": "LineString", "coordinates": [[-119.965981, 38.905346], [-119.965781, 38.905356], [-119.965765, 38.905358], [-119.965697, 38.905369], [-119.965557, 38.90541], [-119.965462, 38.905446], [-119.965269, 38.905518], [-119.965191, 38.905548], [-119.965155, 38.905566], [-119.965024, 38.905633], [-119.964989, 38.905663], [-119.96497, 38.905674]]}, "props": {"MTFCC": "S1400", "NAME": null}}, {"geom": {"type": "LineString", "coordinates": [[-119.962719, 38.907494], [-119.962761, 38.907441], [-119.962804, 38.907389], [-119.962899, 38.907291], [-119.962947, 38.907243]]}, "props": {"MTFCC": "S1400", "NAME": null}}, {"geom": {"type": "LineString", "coordinates": [[-119.957721, 38.900682], [-119.957801, 38.900681], [-119.957973, 38.900667], [-119.95831, 38.90068], [-119.958425, 38.900691], [-119.958448, 38.900696], [-119.958521, 38.900715], [-119.958635, 38.900758], [-119.958715, 38.900801], [-119.958743, 38.900822], [-119.958932, 38.900989], [-119.959051, 38.901109], [-119.959167, 38.9012], [-119.959299, 38.901333], [-119.959423, 38.901473], [-119.959483, 38.901556], [-119.959574, 38.901714], [-119.959643, 38.901839], [-119.959671, 38.901918], [-119.959712, 38.90208], [-119.959747, 38.90232], [-119.959779, 38.902536], [-119.959841, 38.902703], [-119.959882, 38.902782], [-119.959929, 38.902848], [-119.960036, 38.902972], [-119.96009, 38.90304], [-119.96015, 38.903147], [-119.960194, 38.903253], [-119.960226, 38.903369], [-119.960232, 38.903499], [-119.960237, 38.903536], [-119.960249, 38.903609], [-119.960251, 38.903683], [-119.960271, 38.903797], [-119.960274, 38.903843], [-119.960281, 38.903883], [-119.96029, 38.904017], [-119.96034, 38.904424], [-119.960354, 38.904498], [-119.960363, 38.90454], [-119.960361, 38.904562], [-119.96037, 38.904624], [-119.960385, 38.904877], [-119.960376, 38.90493], [-119.960345, 38.904988], [-119.960321, 38.905022], [-119.960291, 38.905054], [-119.960169, 38.905145], [-119.960124, 38.905167], [-119.960066, 38.905206], [-119.960055, 38.905209], [-119.959966, 38.905239], [-119.959889, 38.905253], [-119.959705, 38.905264], [-119.95945, 38.905285]]}, "props": {"MTFCC": "S1400", "NAME": null}}, {"geom": {"type": "LineString", "coordinates": [[-119.96189, 38.902504], [-119.961721, 38.902545], [-119.961695, 38.902552], [-119.961217, 38.902674], [-119.961049, 38.902718], [-119.96087, 38.90276], [-119.960845, 38.902765], [-119.960428, 38.902857], [-119.960384, 38.902874], [-119.960244, 38.90291], [-119.960036, 38.902972]]}, "props": {"MTFCC": "S1400", "NAME": null}}, {"geom": {"type": "LineString", "coordinates": [[-119.998793, 38.899211], [-119.998774, 38.899205], [-119.998751, 38.899198], [-119.998715, 38.899197], [-119.998696, 38.899197], [-119.998652, 38.899205], [-119.998626, 38.899216], [-119.998604, 38.899244], [-119.998552, 38.899349], [-119.998518, 38.899469], [-119.998456, 38.899598], [-119.998273, 38.899854], [-119.998166, 38.900005], [-119.998126, 38.900067], [-119.998077, 38.900116], [-119.997982, 38.900204], [-119.997926, 38.900262], [-119.997882, 38.900331], [-119.997756, 38.900473], [-119.997713, 38.900509], [-119.997656, 38.900582], [-119.997532, 38.900779], [-119.997496, 38.900856], [-119.99745, 38.900931], [-119.997337, 38.901084], [-119.997251, 38.901178], [-119.997091, 38.901418], [-119.997072, 38.901441], [-119.997037, 38.9015], [-119.996976, 38.901567], [-119.996818, 38.901773], [-119.996726, 38.901943], [-119.996642, 38.902153], [-119.996584, 38.90234], [-119.996541, 38.902535], [-119.996534, 38.902566], [-119.996531, 38.902664], [-119.996534, 38.902758], [-119.996545, 38.902867], [-119.996574, 38.902963], [-119.996614, 38.90302], [-119.996657, 38.90307], [-119.996679, 38.903095], [-119.996767, 38.903175], [-119.99696, 38.903338], [-119.997153, 38.903517], [-119.997499, 38.90381], [-119.997538, 38.903841], [-119.997727, 38.903993], [-119.997738, 38.904016], [-119.997868, 38.904123], [-119.997903, 38.904152], [-119.998011, 38.904241], [-119.998048, 38.904271], [-119.99814, 38.904347], [-119.998188, 38.904393], [-119.998252, 38.904444], [-119.998297, 38.90448], [-119.998363, 38.90454], [-119.998534, 38.904662], [-119.998653, 38.904747], [-119.998697, 38.904791], [-119.998883, 38.904939], [-119.998957, 38.904998], [-119.999072, 38.905083], [-119.999096, 38.905102], [-119.999117, 38.905119], [-119.99918, 38.90517], [-119.999202, 38.905187]]}, "props": {"MTFCC": "S1400", "NAME": null}}, {"geom": {"type": "LineString", "coordinates": [[-119.963572, 38.900082], [-119.963611, 38.900115], [-119.963704, 38.900246], [-119.963775, 38.90036], [-119.963927, 38.900564], [-119.964002, 38.900658], [-119.96403, 38.900705], [-119.964131, 38.900872], [-119.964177, 38.900961], [-119.964268, 38.901111], [-119.964308, 38.901167], [-119.964366, 38.901239], [-119.964384, 38.901255], [-119.964434, 38.901351], [-119.964536, 38.901509], [-119.964614, 38.901606], [-119.964786, 38.901857], [-119.964867, 38.901959], [-119.965168, 38.902432], [-119.965235, 38.902528], [-119.965282, 38.902587], [-119.965329, 38.902628], [-119.965387, 38.90268], [-119.965452, 38.902717], [-119.965559, 38.902764], [-119.965607, 38.902777], [-119.965746, 38.902782], [-119.965938, 38.902778], [-119.966064, 38.90277]]}, "props": {"MTFCC": "S1400", "NAME": null}}, {"geom": {"type": "LineString", "coordinates": [[-119.987029, 38.881241], [-119.987088, 38.881283], [-119.987129, 38.881309], [-119.987212, 38.881361], [-119.987442, 38.881497], [-119.987547, 38.88156]]}, "props": {"MTFCC": "S1400", "NAME": null}}, {"geom": {"type": "LineString", "coordinates": [[-119.9935, 38.877368], [-119.993558, 38.877437], [-119.993821, 38.87782], [-119.993856, 38.877888], [-119.993886, 38.877963], [-119.993917, 38.878069], [-119.993923, 38.878086], [-119.993931, 38.878157], [-119.99394, 38.878382], [-119.99384, 38.87883], [-119.993798, 38.879062], [-119.993772, 38.879403], [-119.993778, 38.879604], [-119.993766, 38.879972], [-119.993755, 38.880041], [-119.993736, 38.880108], [-119.99368, 38.88024], [-119.993597, 38.880363], [-119.993526, 38.880457], [-119.993232, 38.88085], [-119.993037, 38.881119], [-119.992899, 38.8813], [-119.99281, 38.881418], [-119.992476, 38.881834], [-119.992334, 38.882012], [-119.992294, 38.882061], [-119.992271, 38.882082], [-119.992176, 38.882187], [-119.992133, 38.882236], [-119.99171, 38.882718], [-119.991655, 38.882782], [-119.991573, 38.88291]]}, "props": {"MTFCC": "S1400", "NAME": null}}, {"geom": {"type": "LineString", "coordinates": [[-119.96996, 38.92713], [-119.969675, 38.927329], [-119.969337, 38.927624], [-119.969181, 38.927875], [-119.969138, 38.928056], [-119.969259, 38.928376], [-119.969476, 38.928489], [-119.969839, 38.928852], [-119.970211, 38.929112], [-119.970817, 38.929302], [-119.971172, 38.929493], [-119.971483, 38.92983], [-119.971673, 38.930194], [-119.971994, 38.9306], [-119.97242, 38.930978], [-119.972573, 38.93118], [-119.972547, 38.9315], [-119.972262, 38.93176], [-119.971677, 38.932004]]}, "props": {"MTFCC": "S1400", "NAME": null}}, {"geom": {"type": "LineString", "coordinates": [[-119.957416, 38.919907], [-119.959293, 38.920576], [-119.96067, 38.921319], [-119.962009, 38.922472], [-119.964342, 38.924693], [-119.964995, 38.925311], [-119.965907, 38.926175], [-119.965983, 38.926257], [-119.966051, 38.926331], [-119.966508, 38.926777], [-119.966666, 38.926911], [-119.966816, 38.927058], [-119.966966, 38.927213], [-119.967127, 38.927358], [-119.967754, 38.927956], [-119.967912, 38.928098], [-119.968062, 38.928249], [-119.96822, 38.928387], [-119.968665, 38.928824], [-119.968952, 38.929107], [-119.96909, 38.929228], [-119.969312, 38.929431], [-119.969435, 38.929537], [-119.969643, 38.929745], [-119.969748, 38.929824], [-119.969846, 38.929929], [-119.969944, 38.930026], [-119.970033, 38.930134], [-119.970123, 38.930235], [-119.970211, 38.930349], [-119.970388, 38.930558], [-119.97048, 38.93065], [-119.970497, 38.930666], [-119.970563, 38.930757], [-119.971212, 38.931485], [-119.971359, 38.931638], [-119.971424, 38.93172], [-119.971677, 38.932004], [-119.971833, 38.932181], [-119.971905, 38.932269], [-119.971953, 38.932321], [-119.972009, 38.932371], [-119.972064, 38.932434], [-119.972187, 38.932583], [-119.972203, 38.932606], [-119.972247, 38.932668], [-119.972306, 38.93274], [-119.972393, 38.93283], [-119.972501, 38.932957], [-119.972914, 38.933432], [-119.973007, 38.933531], [-119.973089, 38.933628], [-119.973273, 38.933832], [-119.973371, 38.933902], [-119.973485, 38.934002], [-119.973599, 38.934071], [-119.973723, 38.934134], [-119.973852, 38.934193], [-119.973937, 38.934223], [-119.973989, 38.934242], [-119.974276, 38.934332], [-119.974568, 38.934366], [-119.974719, 38.934375], [-119.975166, 38.934377], [-119.975312, 38.934373], [-119.975456, 38.934376], [-119.975876, 38.934369], [-119.976011, 38.934373], [-119.976564, 38.934368], [-119.976657, 38.934365], [-119.976823, 38.934366], [-119.977131, 38.934363], [-119.977325, 38.934362], [-119.977545, 38.934359], [-119.977735, 38.934352]]}, "props": {"MTFCC": "S1400", "NAME": null}}, {"geom": {"type": "LineString", "coordinates": [[-119.971142, 38.925375], [-119.970687, 38.925478], [-119.970168, 38.925677], [-119.969856, 38.925936], [-119.969753, 38.926265], [-119.96977, 38.926629], [-119.969882, 38.926966], [-119.96996, 38.92713]]}, "props": {"MTFCC": "S1400", "NAME": null}}, {"geom": {"type": "LineString", "coordinates": [[-119.96996, 38.92713], [-119.971249, 38.926827], [-119.971448, 38.926775]]}, "props": {"MTFCC": "S1400", "NAME": null}}, {"geom": {"type": "LineString", "coordinates": [[-119.98388, 38.919219], [-119.983979, 38.919155], [-119.984068, 38.919115], [-119.984105, 38.919109], [-119.984143, 38.919113], [-119.984179, 38.919125], [-119.984244, 38.91917], [-119.984323, 38.919231], [-119.984408, 38.919267], [-119.98446, 38.919281], [-119.984676, 38.919281], [-119.984734, 38.919286], [-119.984869, 38.91932], [-119.984994, 38.919341], [-119.985034, 38.91935], [-119.985073, 38.919352], [-119.985107, 38.919347], [-119.985147, 38.919351], [-119.985223, 38.919372], [-119.985387, 38.919436], [-119.985418, 38.919453], [-119.98555, 38.919509], [-119.985584, 38.919517], [-119.985611, 38.919531], [-119.985817, 38.919782], [-119.985948, 38.91996], [-119.985955, 38.919971], [-119.986087, 38.920168], [-119.98613, 38.92026], [-119.986136, 38.92029], [-119.986121, 38.92036], [-119.986068, 38.920513], [-119.98603, 38.920583], [-119.98602, 38.920608], [-119.98601, 38.920636], [-119.985992, 38.92066], [-119.985953, 38.920738], [-119.985942, 38.920774], [-119.985857, 38.920873], [-119.985764, 38.920942]]}, "props": {"MTFCC": "S1400", "NAME": null}}, {"geom": {"type": "LineString", "coordinates": [[-119.955222, 38.923893], [-119.953726, 38.923846], [-119.953262, 38.923863], [-119.95315, 38.923961], [-119.9531, 38.924186], [-119.95309, 38.924629], [-119.953073, 38.924969], [-119.953107, 38.925231], [-119.953272, 38.9254], [-119.95374, 38.925451], [-119.954914, 38.92542]]}, "props": {"MTFCC": "S1400", "NAME": null}}, {"geom": {"type": "LineString", "coordinates": [[-119.995963, 38.862057], [-119.995965, 38.862175], [-119.995971, 38.862241], [-119.995966, 38.862292], [-119.99597, 38.862353], [-119.995966, 38.86256], [-119.995967, 38.862586], [-119.995987, 38.863031], [-119.995993, 38.863126], [-119.995984, 38.863179], [-119.995981, 38.863237], [-119.995981, 38.863384], [-119.995977, 38.863443], [-119.995971, 38.8638], [-119.995983, 38.863877], [-119.996001, 38.864173], [-119.996009, 38.864292], [-119.996012, 38.864427], [-119.996032, 38.864702]]}, "props": {"MTFCC": "S1400", "NAME": null}}, {"geom": {"type": "LineString", "coordinates": [[-119.999948, 38.861304], [-119.999801, 38.861388], [-119.999717, 38.861446], [-119.999614, 38.861507], [-119.999472, 38.861612], [-119.999445, 38.861636], [-119.999419, 38.861652], [-119.999354, 38.861696], [-119.999217, 38.861779], [-119.999044, 38.861869], [-119.998976, 38.861909], [-119.998702, 38.862003], [-119.998441, 38.862074], [-119.998267, 38.862107], [-119.997831, 38.862179], [-119.997787, 38.86219], [-119.997621, 38.86221], [-119.997584, 38.862215], [-119.997386, 38.862217], [-119.997109, 38.862185], [-119.997012, 38.862177], [-119.996989, 38.862174], [-119.996783, 38.86215], [-119.996497, 38.862117], [-119.996168, 38.862076], [-119.996099, 38.862068], [-119.995963, 38.862057], [-119.995755, 38.862045], [-119.995688, 38.862042], [-119.995518, 38.862032], [-119.995354, 38.862033], [-119.995131, 38.862043], [-119.995079, 38.862046], [-119.995016, 38.862044], [-119.994923, 38.862048]]}, "props": {"MTFCC": "S1400", "NAME": null}}, {"geom": {"type": "LineString", "coordinates": [[-119.997178, 38.851804], [-119.99715, 38.851817], [-119.996995, 38.851867], [-119.996698, 38.851963], [-119.996273, 38.852103], [-119.996143, 38.852151], [-119.996013, 38.852193], [-119.995862, 38.852245], [-119.995775, 38.85227], [-119.995571, 38.852315], [-119.995466, 38.852328], [-119.995239, 38.852346], [-119.995042, 38.852336], [-119.994731, 38.852336]]}, "props": {"MTFCC": "S1400", "NAME": null}}, {"geom": {"type": "LineString", "coordinates": [[-119.994918, 38.870677], [-119.995091, 38.870526], [-119.995162, 38.870458], [-119.995365, 38.87015], [-119.995436, 38.870053], [-119.995747, 38.869583], [-119.995837, 38.869425], [-119.995899, 38.869332], [-119.995957, 38.869257], [-119.996046, 38.869089], [-119.99633, 38.868677], [-119.996358, 38.868629], [-119.996429, 38.868522], [-119.996501, 38.868372], [-119.99656, 38.868275], [-119.996675, 38.868058], [-119.996746, 38.867903], [-119.996788, 38.867826], [-119.997083, 38.867201], [-119.997207, 38.86696], [-119.997261, 38.866813], [-119.997361, 38.866573], [-119.997428, 38.866437], [-119.997681, 38.865969], [-119.997731, 38.865886], [-119.997744, 38.865866], [-119.997889, 38.865699], [-119.997975, 38.865611], [-119.998086, 38.865522], [-119.998352, 38.865324], [-119.998563, 38.865188], [-119.998937, 38.865021], [-119.999516, 38.864772], [-119.999547, 38.864756], [-119.999602, 38.864736], [-119.999702, 38.864681], [-119.999742, 38.86466], [-119.999847, 38.864569], [-119.999895, 38.864494], [-119.999911, 38.864457], [-119.999918, 38.864373], [-119.999903, 38.864293], [-119.999848, 38.864186], [-119.999747, 38.864035]]}, "props": {"MTFCC": "S1400", "NAME": null}}, {"geom": {"type": "LineString", "coordinates": [[-119.94161, 38.943747], [-119.941757, 38.943856], [-119.94194, 38.94401], [-119.941981, 38.944062], [-119.94209, 38.944169], [-119.942113, 38.944199], [-119.942201, 38.944287], [-119.942261, 38.944351], [-119.942323, 38.944406], [-119.942374, 38.944462], [-119.942559, 38.944666], [-119.942674, 38.944784], [-119.942706, 38.944827], [-119.942917, 38.945065], [-119.942994, 38.945177], [-119.943032, 38.945251], [-119.943051, 38.945279], [-119.94309, 38.945375], [-119.943099, 38.945448], [-119.943108, 38.945784], [-119.943093, 38.945909], [-119.943071, 38.945978], [-119.942988, 38.946091], [-119.942954, 38.946129], [-119.942891, 38.946183], [-119.942849, 38.946215], [-119.942764, 38.946257], [-119.942672, 38.946285], [-119.942524, 38.946312], [-119.942189, 38.946363], [-119.942033, 38.946378], [-119.941955, 38.946376], [-119.941881, 38.946367], [-119.941823, 38.946349], [-119.941767, 38.946333], [-119.941693, 38.946298], [-119.941594, 38.94623], [-119.941493, 38.946129], [-119.94134, 38.945951], [-119.941221, 38.945825], [-119.941171, 38.945761], [-119.941063, 38.945647]]}, "props": {"MTFCC": "S1400", "NAME": null}}, {"geom": {"type": "LineString", "coordinates": [[-119.936179, 38.944438], [-119.93621, 38.944398], [-119.936319, 38.944331], [-119.936381, 38.944301], [-119.936748, 38.944182], [-119.936854, 38.944138], [-119.936963, 38.944078], [-119.937032, 38.944024], [-119.937048, 38.944013], [-119.937105, 38.943951], [-119.937243, 38.943762], [-119.937494, 38.943437], [-119.93763, 38.943268], [-119.937771, 38.943077], [-119.937912, 38.942855], [-119.937998, 38.94269], [-119.938047, 38.942565], [-119.938071, 38.94245], [-119.938073, 38.942352], [-119.938058, 38.942247], [-119.938034, 38.942181], [-119.93799, 38.942123], [-119.937918, 38.942064], [-119.937826, 38.942008], [-119.937631, 38.941913], [-119.937535, 38.941873], [-119.937431, 38.941839], [-119.937384, 38.941824], [-119.937277, 38.9418], [-119.937103, 38.941779], [-119.936926, 38.941758], [-119.936812, 38.94173], [-119.936708, 38.941686], [-119.936599, 38.941634], [-119.936518, 38.941583], [-119.936426, 38.941674], [-119.936342, 38.941741], [-119.9363, 38.941767], [-119.936235, 38.94181], [-119.936048, 38.941906], [-119.935899, 38.941976], [-119.935798, 38.942039], [-119.935735, 38.942085], [-119.935646, 38.942179], [-119.935601, 38.942246], [-119.93558, 38.942279], [-119.935462, 38.942497], [-119.935389, 38.942621], [-119.935376, 38.942638], [-119.93531, 38.94273], [-119.935279, 38.942761], [-119.935091, 38.942917], [-119.935016, 38.942974], [-119.934886, 38.943076], [-119.934828, 38.943118], [-119.934703, 38.943228], [-119.93463, 38.943301], [-119.934596, 38.943336], [-119.934443, 38.943518], [-119.934385, 38.943593], [-119.934362, 38.943639], [-119.934257, 38.943807], [-119.934222, 38.943892], [-119.934188, 38.944034], [-119.934178, 38.944103], [-119.934177, 38.944134], [-119.934184, 38.944188], [-119.934202, 38.944325], [-119.934228, 38.944418], [-119.93428, 38.944512], [-119.93431, 38.944549], [-119.93436, 38.944595], [-119.934516, 38.944692], [-119.934685, 38.944784], [-119.934744, 38.944822], [-119.934829, 38.944893], [-119.934856, 38.944918], [-119.934866, 38.94493], [-119.934925, 38.945006], [-119.934997, 38.945134], [-119.935073, 38.945315], [-119.935118, 38.94545], [-119.935214, 38.945604], [-119.935239, 38.945634], [-119.935372, 38.945753], [-119.935495, 38.945828], [-119.935545, 38.945854], [-119.935612, 38.945865], [-119.935678, 38.945859], [-119.935739, 38.945838], [-119.935791, 38.945805], [-119.935812, 38.945786], [-119.935849, 38.945741], [-119.93588, 38.945712], [-119.935953, 38.945608], [-119.935998, 38.945511], [-119.936107, 38.945177], [-119.936112, 38.945155], [-119.936148, 38.945032], [-119.936158, 38.944903], [-119.936164, 38.944498], [-119.936179, 38.944438]]}, "props": {"MTFCC": "S1400", "NAME": null}}, {"geom": {"type": "LineString", "coordinates": [[-119.94842, 38.957623], [-119.948834, 38.956829]]}, "props": {"MTFCC": "S1400", "NAME": null}}, {"geom": {"type": "LineString", "coordinates": [[-119.949338, 38.957699], [-119.949138, 38.957941]]}, "props": {"MTFCC": "S1400", "NAME": null}}, {"geom": {"type": "LineString", "coordinates": [[-119.989572, 38.927927], [-119.989463, 38.928004], [-119.989374, 38.928067], [-119.989145, 38.928248], [-119.989041, 38.928331], [-119.989003, 38.928372], [-119.988915, 38.928486], [-119.988862, 38.928546], [-119.988791, 38.928653], [-119.988755, 38.928709], [-119.988699, 38.928828], [-119.988661, 38.928947], [-119.988637, 38.929078], [-119.988628, 38.92924], [-119.988641, 38.929601], [-119.988641, 38.929847], [-119.988641, 38.929934], [-119.988649, 38.930256], [-119.988651, 38.930314], [-119.988658, 38.930447], [-119.988656, 38.93049], [-119.988656, 38.930528], [-119.988656, 38.930549]]}, "props": {"MTFCC": "S1400", "NAME": null}}, {"geom": {"type": "LineString", "coordinates": [[-119.949894, 38.952851], [-119.949805, 38.952906], [-119.949773, 38.952936], [-119.949644, 38.953026], [-119.949546, 38.953126], [-119.949462, 38.953184], [-119.949431, 38.953216], [-119.949395, 38.953238], [-119.949303, 38.953274], [-119.949234, 38.953291], [-119.949108, 38.953358], [-119.949018, 38.953416], [-119.948977, 38.953437], [-119.948946, 38.953448], [-119.948881, 38.953494], [-119.948815, 38.953526], [-119.948489, 38.953651], [-119.948375, 38.95371], [-119.948282, 38.953765], [-119.948026, 38.953893], [-119.947818, 38.953983], [-119.947741, 38.954005], [-119.947663, 38.954022], [-119.947599, 38.954026], [-119.947565, 38.954022], [-119.947486, 38.954015], [-119.947415, 38.953999], [-119.947299, 38.953942], [-119.947218, 38.95388], [-119.947102, 38.953805], [-119.946927, 38.95367], [-119.946851, 38.953616], [-119.946719, 38.953487]]}, "props": {"MTFCC": "S1400", "NAME": null}}, {"geom": {"type": "LineString", "coordinates": [[-119.948827, 38.947897], [-119.948937, 38.947927], [-119.948996, 38.947944], [-119.949116, 38.947969], [-119.949269, 38.948011], [-119.949285, 38.948016], [-119.949308, 38.948029], [-119.949366, 38.948071], [-119.94936, 38.948152], [-119.949373, 38.948256], [-119.949376, 38.948371], [-119.949386, 38.948702], [-119.949395, 38.948767], [-119.949401, 38.948906], [-119.949364, 38.949256], [-119.949362, 38.949271], [-119.949356, 38.949335], [-119.949321, 38.9495], [-119.949299, 38.949565]]}, "props": {"MTFCC": "S1400", "NAME": null}}, {"geom": {"type": "LineString", "coordinates": [[-119.948983, 38.949987], [-119.949056, 38.94991], [-119.949098, 38.949866], [-119.94912, 38.949837], [-119.949165, 38.949745], [-119.949218, 38.949685], [-119.949239, 38.949652], [-119.949299, 38.949565], [-119.949349, 38.949579], [-119.949434, 38.949593], [-119.949477, 38.949594], [-119.949507, 38.949595], [-119.949558, 38.949584], [-119.949675, 38.949541], [-119.949724, 38.949514], [-119.949787, 38.949484], [-119.949821, 38.94947], [-119.949916, 38.949427], [-119.949934, 38.949414], [-119.949979, 38.949394], [-119.950146, 38.949323], [-119.95054, 38.949145], [-119.950658, 38.949093], [-119.951117, 38.948862], [-119.951715, 38.948597], [-119.952111, 38.948422], [-119.952372, 38.948315], [-119.95251, 38.948247], [-119.952626, 38.948191], [-119.952746, 38.948143], [-119.95306, 38.947998], [-119.953125, 38.947975], [-119.953687, 38.94771], [-119.9537, 38.947703], [-119.954097, 38.947522], [-119.954509, 38.947335], [-119.955144, 38.947048], [-119.955501, 38.946895], [-119.955738, 38.946804], [-119.955756, 38.946795], [-119.955823, 38.946763], [-119.956174, 38.946621], [-119.9563, 38.946557], [-119.956581, 38.946431], [-119.957812, 38.945882], [-119.95794, 38.945826], [-119.957985, 38.945802], [-119.95822, 38.945694]]}, "props": {"MTFCC": "S1400", "NAME": null}}, {"geom": {"type": "LineString", "coordinates": [[-119.94661, 38.948829], [-119.946684, 38.948856], [-119.946908, 38.948939], [-119.946925, 38.948946], [-119.946983, 38.948966], [-119.947045, 38.948987], [-119.947072, 38.948999], [-119.947177, 38.949045], [-119.947233, 38.949074], [-119.947335, 38.949115], [-119.947425, 38.949151], [-119.947555, 38.949203], [-119.947577, 38.949212], [-119.947915, 38.949358], [-119.948034, 38.949401], [-119.948081, 38.949418], [-119.948194, 38.949443]]}, "props": {"MTFCC": "S1400", "NAME": null}}, {"geom": {"type": "LineString", "coordinates": [[-119.947295, 38.947156], [-119.947179, 38.947498], [-119.947156, 38.947568], [-119.947054, 38.94781], [-119.946762, 38.948501], [-119.946751, 38.948529], [-119.94661, 38.948829]]}, "props": {"MTFCC": "S1400", "NAME": null}}, {"geom": {"type": "LineString", "coordinates": [[-119.957837, 38.941916], [-119.957526, 38.94207], [-119.957483, 38.942088], [-119.957223, 38.9422], [-119.956748, 38.9424], [-119.956632, 38.942459], [-119.956545, 38.942491], [-119.956473, 38.942525], [-119.956402, 38.942554], [-119.956041, 38.942708], [-119.95595, 38.942749], [-119.95569, 38.942847], [-119.955294, 38.943034], [-119.955073, 38.943131], [-119.955005, 38.943168], [-119.954737, 38.943282], [-119.954597, 38.943349], [-119.953966, 38.943633], [-119.953495, 38.943855], [-119.953397, 38.943895], [-119.953347, 38.94392], [-119.952687, 38.944184], [-119.952611, 38.944231], [-119.952245, 38.944409], [-119.951931, 38.944556], [-119.951776, 38.944624], [-119.951626, 38.9447], [-119.951345, 38.944823], [-119.951271, 38.944863], [-119.950992, 38.944984], [-119.95054, 38.945213], [-119.950457, 38.945241], [-119.950418, 38.945258], [-119.950053, 38.945326]]}, "props": {"MTFCC": "S1400", "NAME": null}}, {"geom": {"type": "LineString", "coordinates": [[-119.94902, 38.941925], [-119.949118, 38.941946], [-119.949139, 38.941955], [-119.949264, 38.941987], [-119.949321, 38.942011], [-119.949557, 38.942062], [-119.94963, 38.942085], [-119.949679, 38.942101], [-119.949764, 38.942141], [-119.949813, 38.942181], [-119.949859, 38.942214], [-119.949891, 38.942262], [-119.949889, 38.942311], [-119.94986, 38.942427], [-119.949819, 38.942567], [-119.949774, 38.942674], [-119.949711, 38.942797], [-119.949655, 38.942888], [-119.949604, 38.942952], [-119.949535, 38.94301], [-119.94934, 38.943113], [-119.949176, 38.943188], [-119.948896, 38.943303], [-119.948873, 38.943313], [-119.948674, 38.943403], [-119.948649, 38.943418], [-119.948297, 38.943574]]}, "props": {"MTFCC": "S1400", "NAME": null}}, {"geom": {"type": "LineString", "coordinates": [[-119.962064, 38.937412], [-119.962212, 38.937408], [-119.962657, 38.937396], [-119.962686, 38.937396], [-119.962721, 38.937392], [-119.962779, 38.937397], [-119.962804, 38.937404]]}, "props": {"MTFCC": "S1400", "NAME": null}}, {"geom": {"type": "LineString", "coordinates": [[-119.962804, 38.937404], [-119.962827, 38.937414], [-119.962857, 38.937439], [-119.962874, 38.937472], [-119.962884, 38.93752], [-119.962889, 38.937762], [-119.962895, 38.938698], [-119.962905, 38.938873], [-119.962913, 38.938917], [-119.962914, 38.938939], [-119.962917, 38.938994], [-119.962911, 38.939186], [-119.962906, 38.93929], [-119.962899, 38.939312], [-119.962888, 38.939328]]}, "props": {"MTFCC": "S1400", "NAME": null}}, {"geom": {"type": "LineString", "coordinates": [[-119.962372, 38.930408], [-119.96254, 38.930471], [-119.962875, 38.930911], [-119.963075, 38.931174], [-119.96318, 38.931562], [-119.963138, 38.934037]]}, "props": {"MTFCC": "S1400", "NAME": null}}, {"geom": {"type": "LineString", "coordinates": [[-119.977087, 38.93909], [-119.977063, 38.93909], [-119.977033, 38.93909], [-119.977008, 38.939091], [-119.976994, 38.93909], [-119.976971, 38.939089], [-119.976707, 38.939095], [-119.976546, 38.939104], [-119.976533, 38.939105], [-119.976462, 38.939123], [-119.976311, 38.939132], [-119.975937, 38.939192], [-119.975845, 38.939196], [-119.9755, 38.939179], [-119.975361, 38.939173], [-119.975279, 38.939167], [-119.975188, 38.939161], [-119.974888, 38.939144], [-119.974855, 38.939146], [-119.97481, 38.939156], [-119.974744, 38.93917], [-119.974647, 38.939168], [-119.974616, 38.939169], [-119.974488, 38.939175], [-119.974303, 38.939164], [-119.974206, 38.939154], [-119.974005, 38.939157], [-119.973906, 38.939165], [-119.973892, 38.939163], [-119.97384, 38.939159], [-119.973678, 38.939121], [-119.973656, 38.939118]]}, "props": {"MTFCC": "S1400", "NAME": null}}, {"geom": {"type": "LineString", "coordinates": [[-119.972239, 38.942788], [-119.97222, 38.942801], [-119.972108, 38.942846], [-119.972047, 38.94286], [-119.972028, 38.942865], [-119.971966, 38.942874], [-119.971883, 38.942873], [-119.971802, 38.942861], [-119.971736, 38.94284], [-119.971561, 38.94276], [-119.971458, 38.942728], [-119.971376, 38.942718], [-119.971354, 38.942712], [-119.971287, 38.942708], [-119.971255, 38.942715], [-119.971104, 38.942747], [-119.971027, 38.942788], [-119.970888, 38.942833], [-119.97085, 38.942841], [-119.970686, 38.942852], [-119.970588, 38.942847], [-119.970454, 38.942853], [-119.970265, 38.942834], [-119.970188, 38.942822], [-119.969971, 38.942799], [-119.969903, 38.942798], [-119.969799, 38.942783], [-119.969732, 38.942789], [-119.96968, 38.942794], [-119.969384, 38.942837], [-119.969349, 38.942837], [-119.969278, 38.942839], [-119.969206, 38.942858], [-119.969179, 38.942868], [-119.969113, 38.942893], [-119.969066, 38.942907], [-119.969024, 38.942912], [-119.968919, 38.942914], [-119.96885, 38.942906], [-119.968705, 38.942901], [-119.968664, 38.942893], [-119.968617, 38.942884], [-119.968568, 38.942858], [-119.968515, 38.942811]]}, "props": {"MTFCC": "S1400", "NAME": null}}, {"geom": {"type": "LineString", "coordinates": [[-119.966646, 38.943581], [-119.966781, 38.943582], [-119.967137, 38.943586], [-119.967188, 38.943585], [-119.967324, 38.943585], [-119.967594, 38.943584], [-119.968313, 38.943584], [-119.968405, 38.943578], [-119.968563, 38.943569], [-119.968676, 38.943566], [-119.968928, 38.943568], [-119.969144, 38.943562], [-119.969452, 38.943555], [-119.969552, 38.943559], [-119.969661, 38.943558], [-119.969774, 38.943564], [-119.969825, 38.94357], [-119.970533, 38.943561], [-119.970547, 38.943561], [-119.971016, 38.943574]]}, "props": {"MTFCC": "S1400", "NAME": null}}, {"geom": {"type": "LineString", "coordinates": [[-119.98825, 38.942604], [-119.988137, 38.942604], [-119.98809, 38.942604], [-119.987918, 38.942609], [-119.987773, 38.942624], [-119.987048, 38.942682], [-119.986693, 38.942724], [-119.986307, 38.942769], [-119.986056, 38.942815], [-119.98593, 38.942831], [-119.985881, 38.942832], [-119.985151, 38.942898], [-119.984836, 38.942924], [-119.983893, 38.943004], [-119.983579, 38.943032], [-119.983269, 38.943056], [-119.983026, 38.943075], [-119.982543, 38.943118], [-119.982343, 38.943139], [-119.982035, 38.943172], [-119.981929, 38.943184], [-119.981838, 38.943186], [-119.981724, 38.943197], [-119.98141, 38.94323], [-119.980793, 38.943299], [-119.980483, 38.943334], [-119.980335, 38.94335], [-119.980171, 38.943361], [-119.979937, 38.943378], [-119.979881, 38.943388], [-119.979637, 38.943395], [-119.979238, 38.943439], [-119.979121, 38.943453], [-119.978928, 38.943479], [-119.978693, 38.943514], [-119.978629, 38.943519], [-119.978144, 38.943582], [-119.977753, 38.94362], [-119.977408, 38.943621]]}, "props": {"MTFCC": "S1400", "NAME": null}}, {"geom": {"type": "LineString", "coordinates": [[-119.989486, 38.940462], [-119.989177, 38.940486], [-119.989124, 38.940491], [-119.988847, 38.940529], [-119.988492, 38.940563], [-119.988426, 38.940565], [-119.988287, 38.940582], [-119.988255, 38.940584], [-119.987948, 38.940613], [-119.987883, 38.940614], [-119.987813, 38.940629], [-119.987642, 38.940644], [-119.987611, 38.940643], [-119.987153, 38.940693], [-119.98699, 38.940721], [-119.986702, 38.940743], [-119.986591, 38.940753], [-119.986544, 38.940762], [-119.986388, 38.940777], [-119.986118, 38.940798], [-119.986074, 38.940797], [-119.986059, 38.940797], [-119.985868, 38.940817], [-119.9858, 38.940821], [-119.985138, 38.940892], [-119.985065, 38.9409], [-119.984825, 38.940914], [-119.984617, 38.940924], [-119.984514, 38.940934], [-119.984493, 38.940937], [-119.984333, 38.940959], [-119.983583, 38.941007], [-119.983273, 38.941028], [-119.982967, 38.941061], [-119.982507, 38.941111], [-119.982455, 38.941121], [-119.982396, 38.941122], [-119.982086, 38.941159], [-119.982051, 38.941164], [-119.981749, 38.941216], [-119.981594, 38.94123], [-119.981525, 38.941232], [-119.981437, 38.94124], [-119.981319, 38.941252], [-119.981094, 38.94126], [-119.980968, 38.941277], [-119.980908, 38.941281], [-119.980787, 38.941272], [-119.980712, 38.94128], [-119.980506, 38.94131], [-119.980198, 38.941356], [-119.979886, 38.941402], [-119.979691, 38.941432], [-119.979654, 38.941432], [-119.979472, 38.941456], [-119.979304, 38.941474], [-119.978948, 38.941496], [-119.978634, 38.941517], [-119.978348, 38.94153], [-119.978198, 38.941537], [-119.978083, 38.941551], [-119.97756, 38.941595], [-119.977493, 38.9416], [-119.977434, 38.941606], [-119.977208, 38.941624]]}, "props": {"MTFCC": "S1400", "NAME": null}}, {"geom": {"type": "LineString", "coordinates": [[-119.940722, 38.940799], [-119.940398, 38.940956], [-119.940211, 38.941048], [-119.939849, 38.941207], [-119.939615, 38.941316], [-119.939569, 38.941347], [-119.939551, 38.941366], [-119.939532, 38.941409], [-119.939533, 38.941434], [-119.939542, 38.941459], [-119.939562, 38.941491], [-119.939591, 38.941538], [-119.939703, 38.94169], [-119.939765, 38.941789]]}, "props": {"MTFCC": "S1400", "NAME": null}}, {"geom": {"type": "LineString", "coordinates": [[-119.969284, 38.941353], [-119.969341, 38.941353], [-119.9715, 38.941359], [-119.972353, 38.941365], [-119.972444, 38.941366], [-119.972717, 38.941371], [-119.972809, 38.941373]]}, "props": {"MTFCC": "S1400", "NAME": null}}, {"geom": {"type": "LineString", "coordinates": [[-119.952182, 38.938949], [-119.9522, 38.938978], [-119.952232, 38.939009], [-119.952305, 38.939062], [-119.952329, 38.939078], [-119.952509, 38.939202], [-119.952614, 38.939264], [-119.952846, 38.939371], [-119.952945, 38.939417], [-119.953031, 38.939446]]}, "props": {"MTFCC": "S1400", "NAME": null}}, {"geom": {"type": "LineString", "coordinates": [[-119.980148, 38.938221], [-119.979931, 38.93821], [-119.97956, 38.938227], [-119.979352, 38.938237], [-119.979304, 38.938236], [-119.979027, 38.938209], [-119.978862, 38.938219], [-119.978766, 38.938212], [-119.978644, 38.938226], [-119.97853, 38.938223], [-119.978476, 38.938228], [-119.978417, 38.938225], [-119.978242, 38.938209], [-119.978051, 38.938212], [-119.977999, 38.938208], [-119.977802, 38.938219], [-119.977701, 38.938226], [-119.977581, 38.938227], [-119.977483, 38.938221], [-119.977215, 38.938222]]}, "props": {"MTFCC": "S1400", "NAME": null}}, {"geom": {"type": "LineString", "coordinates": [[-119.969396, 38.936851], [-119.969394, 38.936896], [-119.96938, 38.936955], [-119.969333, 38.937071], [-119.969318, 38.93711], [-119.969242, 38.937266], [-119.969225, 38.937322], [-119.96918, 38.937418], [-119.969031, 38.937696], [-119.968923, 38.937901], [-119.968859, 38.938026], [-119.968721, 38.938299], [-119.968698, 38.938353], [-119.968665, 38.938399], [-119.968636, 38.938443], [-119.968593, 38.93852], [-119.968522, 38.938661], [-119.968441, 38.938825], [-119.968371, 38.938952], [-119.968304, 38.939084], [-119.968271, 38.939151], [-119.968239, 38.939229]]}, "props": {"MTFCC": "S1400", "NAME": null}}, {"geom": {"type": "LineString", "coordinates": [[-119.954071, 38.932781], [-119.954297, 38.932968], [-119.954333, 38.932991], [-119.954402, 38.933049], [-119.95449, 38.933139], [-119.954788, 38.933444], [-119.955213, 38.933823], [-119.955282, 38.933886], [-119.955327, 38.93392], [-119.955366, 38.933958], [-119.955414, 38.934005], [-119.955828, 38.934361], [-119.955984, 38.934495], [-119.956084, 38.934575], [-119.956141, 38.934627], [-119.956288, 38.934762], [-119.956397, 38.934844], [-119.956556, 38.934988], [-119.956605, 38.935036], [-119.956754, 38.93518], [-119.95684, 38.935256], [-119.956971, 38.935372], [-119.957023, 38.935411], [-119.957074, 38.935466], [-119.957096, 38.935487], [-119.957178, 38.935569], [-119.957416, 38.935784], [-119.957528, 38.935898], [-119.957565, 38.935929], [-119.957754, 38.936085], [-119.958118, 38.936416], [-119.958298, 38.936559], [-119.958354, 38.936615], [-119.95841, 38.936661], [-119.958465, 38.936699], [-119.958631, 38.936852], [-119.958744, 38.936979], [-119.958801, 38.937037], [-119.959142, 38.937342], [-119.95927, 38.937458], [-119.959341, 38.937516], [-119.959385, 38.937556], [-119.959834, 38.937956], [-119.960108, 38.938208], [-119.9602, 38.938292], [-119.960346, 38.93843]]}, "props": {"MTFCC": "S1400", "NAME": null}}, {"geom": {"type": "LineString", "coordinates": [[-119.955541, 38.92915], [-119.955538, 38.929469], [-119.955537, 38.929594], [-119.955528, 38.930193], [-119.955533, 38.930231], [-119.955538, 38.930398], [-119.955536, 38.930429], [-119.955533, 38.930534], [-119.955536, 38.930572], [-119.955535, 38.930749]]}, "props": {"MTFCC": "S1400", "NAME": null}}, {"geom": {"type": "LineString", "coordinates": [[-119.958985, 38.92827], [-119.958983, 38.928321], [-119.958981, 38.928408], [-119.958984, 38.928476], [-119.958987, 38.928528]]}, "props": {"MTFCC": "S1400", "NAME": null}}, {"geom": {"type": "LineString", "coordinates": [[-119.985516, 38.920701], [-119.985277, 38.920863], [-119.985075, 38.921002], [-119.985022, 38.921046], [-119.984838, 38.921162], [-119.98477, 38.921209], [-119.984698, 38.921251], [-119.984564, 38.921352], [-119.984538, 38.921373], [-119.984485, 38.921409], [-119.984428, 38.921453], [-119.984331, 38.921521], [-119.984156, 38.921629], [-119.984058, 38.921694], [-119.983809, 38.921861], [-119.983505, 38.92206], [-119.983253, 38.922235], [-119.983223, 38.922257], [-119.98317, 38.92229], [-119.983149, 38.922308], [-119.98298, 38.922406], [-119.98275, 38.922545], [-119.982701, 38.922577], [-119.982571, 38.922663], [-119.982463, 38.922746], [-119.98217, 38.922955], [-119.981888, 38.923127], [-119.981727, 38.923226], [-119.981611, 38.923301], [-119.981488, 38.923381], [-119.981376, 38.92346], [-119.981149, 38.923622], [-119.980973, 38.923731], [-119.980918, 38.923772], [-119.980735, 38.923884], [-119.980669, 38.923931], [-119.980528, 38.924034], [-119.980437, 38.924093], [-119.980175, 38.924262], [-119.980026, 38.92436], [-119.979795, 38.924502], [-119.979394, 38.924778], [-119.979138, 38.924956], [-119.978839, 38.925138], [-119.978826, 38.925147], [-119.978505, 38.92538], [-119.978375, 38.925454], [-119.978307, 38.925499], [-119.978246, 38.925548], [-119.978117, 38.925635], [-119.977975, 38.925734], [-119.97769, 38.925937], [-119.977532, 38.926024], [-119.977477, 38.926057], [-119.977279, 38.926179], [-119.977215, 38.926225], [-119.976945, 38.926399], [-119.976894, 38.926447], [-119.976869, 38.926464], [-119.976849, 38.92648], [-119.976791, 38.926547], [-119.976784, 38.926591], [-119.976781, 38.926676]]}, "props": {"MTFCC": "S1400", "NAME": null}}, {"geom": {"type": "LineString", "coordinates": [[-119.989294, 38.922496], [-119.989253, 38.922558], [-119.989235, 38.922571], [-119.9891, 38.922657], [-119.988684, 38.922928], [-119.988582, 38.923007], [-119.988462, 38.923086], [-119.988448, 38.923096], [-119.988253, 38.923234], [-119.988013, 38.923385], [-119.987873, 38.923478], [-119.987805, 38.923518], [-119.987399, 38.923792], [-119.987306, 38.923856], [-119.987216, 38.92392], [-119.987072, 38.924015], [-119.986947, 38.924106], [-119.986799, 38.924198], [-119.986599, 38.924324], [-119.986335, 38.924511], [-119.985971, 38.924731], [-119.985888, 38.924783], [-119.985696, 38.92491], [-119.985421, 38.925088], [-119.985209, 38.925227], [-119.984951, 38.92541], [-119.984693, 38.925574], [-119.984603, 38.925635], [-119.984333, 38.925822], [-119.984188, 38.925923], [-119.98414, 38.92595], [-119.983991, 38.92606], [-119.983883, 38.926131], [-119.983831, 38.926169], [-119.983472, 38.926393], [-119.983315, 38.926513], [-119.983154, 38.926608]]}, "props": {"MTFCC": "S1400", "NAME": null}}, {"geom": {"type": "LineString", "coordinates": [[-119.976602, 38.924903], [-119.976706, 38.925006], [-119.976727, 38.925027], [-119.976761, 38.925066], [-119.976995, 38.925295], [-119.977021, 38.925316], [-119.97707, 38.925355], [-119.97713, 38.925415], [-119.977242, 38.925519], [-119.977254, 38.92553], [-119.977288, 38.925573], [-119.977579, 38.92583], [-119.977614, 38.925861], [-119.97769, 38.925937], [-119.97777, 38.926017], [-119.977792, 38.926036], [-119.977891, 38.92612], [-119.977943, 38.926174], [-119.978113, 38.926319], [-119.97815, 38.926351], [-119.978194, 38.926398], [-119.978216, 38.926419], [-119.978329, 38.926524], [-119.978606, 38.926781], [-119.978667, 38.926842], [-119.978776, 38.926953]]}, "props": {"MTFCC": "S1400", "NAME": null}}, {"geom": {"type": "LineString", "coordinates": [[-119.977862, 38.919831], [-119.97796, 38.919925], [-119.978255, 38.920207], [-119.978354, 38.920302], [-119.978463, 38.920398], [-119.978534, 38.920461], [-119.978639, 38.920564], [-119.978721, 38.920637], [-119.978782, 38.920696], [-119.978886, 38.920799], [-119.978995, 38.920899], [-119.979005, 38.920908], [-119.979079, 38.920984], [-119.979323, 38.921203], [-119.979434, 38.921303], [-119.979536, 38.921391], [-119.979545, 38.9214], [-119.979769, 38.921615], [-119.979826, 38.921677], [-119.979865, 38.92171], [-119.979978, 38.921807], [-119.980086, 38.921908], [-119.980117, 38.921937], [-119.980171, 38.921997], [-119.98034, 38.92214], [-119.980412, 38.922209], [-119.980465, 38.922261], [-119.980523, 38.922308], [-119.980564, 38.922341], [-119.980636, 38.922407], [-119.980892, 38.922639], [-119.980971, 38.922712], [-119.981082, 38.922815], [-119.981186, 38.922914], [-119.981288, 38.923011], [-119.981342, 38.923067], [-119.981505, 38.923202], [-119.981535, 38.923227], [-119.981611, 38.923301], [-119.981717, 38.923404], [-119.981804, 38.923489], [-119.981956, 38.923629], [-119.982043, 38.923697], [-119.982135, 38.9238], [-119.982151, 38.923813], [-119.982265, 38.923909], [-119.98259, 38.924216], [-119.982699, 38.924319], [-119.982811, 38.924418], [-119.983019, 38.924602], [-119.983139, 38.924724], [-119.983208, 38.924795], [-119.983249, 38.924826], [-119.983359, 38.924925], [-119.983635, 38.925175], [-119.983686, 38.92523], [-119.983796, 38.925331], [-119.98389, 38.925411], [-119.983905, 38.925426], [-119.98398, 38.925502], [-119.984148, 38.92565], [-119.984193, 38.925701], [-119.984223, 38.925726], [-119.984308, 38.925798], [-119.984333, 38.925822], [-119.98449, 38.925973], [-119.984586, 38.926056], [-119.984801, 38.92627]]}, "props": {"MTFCC": "S1400", "NAME": null}}, {"geom": {"type": "LineString", "coordinates": [[-120.00111, 38.922103], [-120.000997, 38.922161], [-120.000632, 38.922424], [-120.000566, 38.922472], [-120.000496, 38.922516], [-120.000386, 38.922572], [-120.000314, 38.922651], [-120.000302, 38.922665], [-120.000265, 38.922749], [-120.000183, 38.922833], [-120.000143, 38.922891], [-120.000111, 38.922925], [-120.000023, 38.922998], [-119.999948, 38.923083], [-119.99989, 38.923166], [-119.999817, 38.92329], [-119.999784, 38.923335], [-119.999754, 38.923387], [-119.999714, 38.923444], [-119.99966, 38.923498], [-119.999613, 38.923554], [-119.999574, 38.923623], [-119.999484, 38.923727], [-119.999346, 38.9239], [-119.99921, 38.924064], [-119.999162, 38.924112], [-119.999006, 38.924321], [-119.998969, 38.924386], [-119.998826, 38.924545], [-119.998741, 38.924662], [-119.99865, 38.924768], [-119.998586, 38.924854], [-119.998567, 38.924893], [-119.998541, 38.924993]]}, "props": {"MTFCC": "S1400", "NAME": null}}, {"geom": {"type": "LineString", "coordinates": [[-120.000223, 38.90056], [-120.000383, 38.90061], [-120.00053, 38.900644], [-120.000638, 38.900669], [-120.000703, 38.90068], [-120.000841, 38.900714], [-120.001214, 38.900818], [-120.00146, 38.900876], [-120.001703, 38.900935], [-120.001768, 38.900961]]}, "props": {"MTFCC": "S1400", "NAME": null}}, {"geom": {"type": "LineString", "coordinates": [[-119.998071, 38.901776], [-119.99841, 38.901678], [-119.998433, 38.901663], [-119.9985, 38.90162], [-119.998529, 38.901542], [-119.998673, 38.900573], [-119.998704, 38.900368], [-119.998703, 38.900271], [-119.998689, 38.900197]]}, "props": {"MTFCC": "S1400", "NAME": null}}, {"geom": {"type": "LineString", "coordinates": [[-119.976971, 38.939089], [-119.976707, 38.939095], [-119.976546, 38.939104], [-119.976533, 38.939105], [-119.976462, 38.939123], [-119.976311, 38.939132], [-119.975937, 38.939192], [-119.975845, 38.939196], [-119.9755, 38.939179], [-119.975361, 38.939173], [-119.975279, 38.939167], [-119.975188, 38.939161], [-119.974888, 38.939144], [-119.974855, 38.939146], [-119.97481, 38.939156], [-119.974744, 38.93917], [-119.974647, 38.939168], [-119.974616, 38.939169], [-119.974488, 38.939175], [-119.974303, 38.939164], [-119.974206, 38.939154], [-119.974005, 38.939157], [-119.973906, 38.939165], [-119.973892, 38.939163], [-119.97384, 38.939159], [-119.973678, 38.939121], [-119.973656, 38.939118]]}, "props": {"MTFCC": "S1400", "NAME": null}}, {"geom": {"type": "LineString", "coordinates": [[-119.986885, 38.927917], [-119.986533, 38.927925], [-119.985518, 38.927867]]}, "props": {"MTFCC": "S1750", "NAME": null}}, {"geom": {"type": "LineString", "coordinates": [[-119.986206, 38.928162], [-119.985931, 38.928157], [-119.985467, 38.928135]]}, "props": {"MTFCC": "S1750", "NAME": null}}, {"geom": {"type": "LineString", "coordinates": [[-119.988693, 38.924346], [-119.988777, 38.924432], [-119.98879, 38.924627], [-119.988913, 38.924692], [-119.989153, 38.924951]]}, "props": {"MTFCC": "S1750", "NAME": null}}, {"geom": {"type": "LineString", "coordinates": [[-119.989138, 38.924048], [-119.988693, 38.924346]]}, "props": {"MTFCC": "S1750", "NAME": null}}, {"geom": {"type": "LineString", "coordinates": [[-119.997837, 38.872945], [-119.99789, 38.873003], [-119.997931, 38.873074], [-119.99798, 38.873212], [-119.998001, 38.873296], [-119.998011, 38.87336], [-119.998013, 38.873464], [-119.998001, 38.87355], [-119.997973, 38.873624], [-119.997945, 38.873701], [-119.997909, 38.873784], [-119.997864, 38.873858], [-119.997798, 38.873933], [-119.997741, 38.873984], [-119.997602, 38.874082], [-119.997385, 38.874197], [-119.99723, 38.874258], [-119.997192, 38.874275], [-119.996952, 38.874411], [-119.996899, 38.874452], [-119.996809, 38.874537], [-119.996751, 38.874601], [-119.996569, 38.874849], [-119.996542, 38.874905], [-119.996524, 38.874989], [-119.996506, 38.875107], [-119.996501, 38.875144], [-119.996521, 38.875363], [-119.996517, 38.875534], [-119.996518, 38.87565], [-119.996518, 38.87574], [-119.996527, 38.875835], [-119.996519, 38.87599]]}, "props": {"MTFCC": "S1400", "NAME": null}}, {"geom": {"type": "LineString", "coordinates": [[-119.993037, 38.881119], [-119.993244, 38.881193], [-119.993538, 38.881319], [-119.993549, 38.881324], [-119.993609, 38.881357], [-119.993657, 38.881397], [-119.993693, 38.881442], [-119.993718, 38.881491], [-119.993728, 38.881542], [-119.993724, 38.881593], [-119.993708, 38.881641], [-119.993659, 38.881732], [-119.993603, 38.881834], [-119.993443, 38.88208], [-119.993371, 38.882168], [-119.993333, 38.882203], [-119.993293, 38.882233], [-119.993216, 38.882272], [-119.993173, 38.882286], [-119.993138, 38.882291], [-119.993062, 38.882292], [-119.993023, 38.882286], [-119.992938, 38.882263], [-119.992829, 38.882227], [-119.99279, 38.882214], [-119.992628, 38.882146], [-119.992334, 38.882012]]}, "props": {"MTFCC": "S1400", "NAME": null}}, {"geom": {"type": "LineString", "coordinates": [[-119.958672, 38.94708], [-119.958586, 38.947119], [-119.958331, 38.947238], [-119.958246, 38.947278], [-119.958162, 38.947317], [-119.958038, 38.947376], [-119.957943, 38.947415], [-119.957908, 38.947425], [-119.957821, 38.947454]]}, "props": {"MTFCC": "S1400", "NAME": null}}, {"geom": {"type": "LineString", "coordinates": [[-119.951776, 38.941774], [-119.951948, 38.941826], [-119.951959, 38.94183], [-119.952055, 38.941848], [-119.952144, 38.941851], [-119.952193, 38.941825], [-119.952227, 38.941771], [-119.952202, 38.941708], [-119.952106, 38.941631], [-119.952074, 38.941621], [-119.951902, 38.941567]]}, "props": {"MTFCC": "S1740", "NAME": null}}, {"geom": {"type": "LineString", "coordinates": [[-119.95637, 38.937362], [-119.956399, 38.937442], [-119.956429, 38.937569], [-119.956429, 38.937585], [-119.956431, 38.937631], [-119.956427, 38.937666], [-119.956399, 38.937704], [-119.956373, 38.93772], [-119.956304, 38.937743], [-119.956228, 38.937757], [-119.956142, 38.937752], [-119.956084, 38.937756], [-119.955849, 38.937793], [-119.955764, 38.937796], [-119.955613, 38.937808]]}, "props": {"MTFCC": "S1400", "NAME": null}}, {"geom": {"type": "LineString", "coordinates": [[-119.955738, 38.939172], [-119.955903, 38.939357], [-119.955997, 38.93944], [-119.956015, 38.939458], [-119.956156, 38.939596], [-119.956243, 38.939668], [-119.956709, 38.940097], [-119.956898, 38.940269], [-119.957195, 38.940538], [-119.957305, 38.940633], [-119.957503, 38.940807], [-119.957659, 38.940944], [-119.95809, 38.941332], [-119.95811, 38.941362], [-119.958171, 38.941412], [-119.958231, 38.941482], [-119.958281, 38.941516], [-119.958404, 38.941641], [-119.958449, 38.941681], [-119.958721, 38.941899]]}, "props": {"MTFCC": "S1400", "NAME": null}}, {"geom": {"type": "LineString", "coordinates": [[-119.976761, 38.889035], [-119.976847, 38.889127], [-119.977053, 38.88929], [-119.977162, 38.889357], [-119.977239, 38.889393], [-119.977274, 38.889405], [-119.977396, 38.889431], [-119.977411, 38.889435], [-119.977521, 38.889451], [-119.977724, 38.889462], [-119.978173, 38.889454], [-119.978605, 38.889438], [-119.978807, 38.889425], [-119.979003, 38.889429], [-119.979115, 38.889441], [-119.979227, 38.889465], [-119.979341, 38.889505], [-119.979494, 38.889581], [-119.979635, 38.889659], [-119.9801, 38.889918], [-119.980305, 38.890027], [-119.980729, 38.890251], [-119.980954, 38.890404], [-119.980985, 38.890433], [-119.981042, 38.890499], [-119.981087, 38.890568], [-119.9811, 38.890594], [-119.981123, 38.890637], [-119.981166, 38.890781], [-119.981177, 38.891291], [-119.981186, 38.891471], [-119.98118, 38.89165], [-119.981171, 38.89172], [-119.981149, 38.891821], [-119.981074, 38.891982], [-119.981043, 38.892027], [-119.980833, 38.892264], [-119.980446, 38.892677], [-119.980311, 38.892835], [-119.980125, 38.893074], [-119.980052, 38.893161], [-119.979938, 38.893301], [-119.979861, 38.89343], [-119.979692, 38.893797], [-119.979666, 38.893904], [-119.979618, 38.894045]]}, "props": {"MTFCC": "S1400", "NAME": null}}, {"geom": {"type": "LineString", "coordinates": [[-119.985054, 38.904708], [-119.98497, 38.904706], [-119.984718, 38.904703], [-119.984635, 38.904703], [-119.984382, 38.904704], [-119.984333, 38.904709], [-119.984107, 38.904709], [-119.983917, 38.90471], [-119.983853, 38.904704], [-119.983786, 38.904711], [-119.983592, 38.904709], [-119.983387, 38.904712], [-119.983263, 38.904714], [-119.982855, 38.904714], [-119.982461, 38.904718], [-119.98238, 38.904725], [-119.982137, 38.904722], [-119.981898, 38.904729], [-119.981322, 38.904727], [-119.981236, 38.904731], [-119.981079, 38.904726], [-119.98075, 38.904724], [-119.98049, 38.904733], [-119.980401, 38.904734], [-119.980122, 38.904722], [-119.979659, 38.904731], [-119.979643, 38.904732], [-119.979495, 38.904747], [-119.979337, 38.904747], [-119.979282, 38.90474], [-119.979229, 38.904728], [-119.979177, 38.90471], [-119.979088, 38.904644], [-119.979051, 38.904608], [-119.979022, 38.904565], [-119.979002, 38.904518], [-119.978989, 38.904423], [-119.978971, 38.904008]]}, "props": {"MTFCC": "S1400", "NAME": null}}, {"geom": {"type": "LineString", "coordinates": [[-119.985138, 38.884846], [-119.985157, 38.88487], [-119.985217, 38.884942], [-119.985237, 38.884967], [-119.985265, 38.885], [-119.985326, 38.885074], [-119.98535, 38.8851], [-119.98537, 38.88512], [-119.985382, 38.885131], [-119.985421, 38.885164], [-119.985484, 38.885226], [-119.985531, 38.885271], [-119.985584, 38.885318], [-119.985685, 38.885418], [-119.985797, 38.8855], [-119.985859, 38.885539], [-119.985925, 38.885564], [-119.986058, 38.885605], [-119.986116, 38.885624], [-119.986272, 38.885649], [-119.98639, 38.885662], [-119.986471, 38.885666], [-119.986503, 38.885668], [-119.986611, 38.885668], [-119.986689, 38.88566], [-119.98682, 38.885635], [-119.987047, 38.885594], [-119.987139, 38.88558], [-119.987445, 38.885512], [-119.987586, 38.885482], [-119.987654, 38.88547], [-119.98801, 38.885405], [-119.988052, 38.885396], [-119.988316, 38.885344], [-119.988599, 38.885299], [-119.988834, 38.885247], [-119.988906, 38.885239], [-119.989043, 38.885237], [-119.989163, 38.885251], [-119.989249, 38.885268], [-119.989284, 38.885275], [-119.989383, 38.885318], [-119.989426, 38.885344], [-119.989451, 38.885368], [-119.989501, 38.885406], [-119.989575, 38.885479], [-119.989583, 38.885486], [-119.98961, 38.885513], [-119.9897, 38.885639], [-119.98975, 38.885732], [-119.989803, 38.885894], [-119.989816, 38.88594], [-119.989823, 38.88604], [-119.989817, 38.886139], [-119.989793, 38.886242], [-119.989714, 38.886457], [-119.989656, 38.88659], [-119.989561, 38.886814], [-119.989537, 38.886864], [-119.989487, 38.886974], [-119.989452, 38.887073], [-119.989413, 38.887166], [-119.989308, 38.887418], [-119.989057, 38.887901], [-119.988989, 38.88805], [-119.988919, 38.888206], [-119.988861, 38.888351], [-119.988739, 38.888642], [-119.988492, 38.88924], [-119.988384, 38.889487], [-119.988371, 38.889516], [-119.98834, 38.889587], [-119.988249, 38.889808], [-119.988197, 38.88993], [-119.988152, 38.890038], [-119.988125, 38.890138], [-119.988113, 38.890249], [-119.988116, 38.890313], [-119.988119, 38.89036], [-119.988134, 38.890445], [-119.98817, 38.890564], [-119.988175, 38.890579], [-119.9882, 38.890635], [-119.988234, 38.890688], [-119.988314, 38.89078], [-119.988399, 38.890855], [-119.988434, 38.890885], [-119.988496, 38.890935]]}, "props": {"MTFCC": "S1400", "NAME": null}}, {"geom": {"type": "LineString", "coordinates": [[-119.960334, 38.93346], [-119.960634, 38.933716], [-119.960751, 38.933816], [-119.961297, 38.934344], [-119.961484, 38.93451], [-119.9615, 38.934524], [-119.961793, 38.934788]]}, "props": {"MTFCC": "S1400", "NAME": null}}, {"geom": {"type": "LineString", "coordinates": [[-119.962321, 38.93218], [-119.960806, 38.933109], [-119.96071, 38.933177], [-119.960528, 38.933307], [-119.960426, 38.933387], [-119.960334, 38.93346], [-119.960282, 38.933505], [-119.960153, 38.933573], [-119.960118, 38.933592], [-119.959996, 38.933674], [-119.959615, 38.933925], [-119.959437, 38.934044], [-119.959347, 38.934103], [-119.959279, 38.934155], [-119.959266, 38.934163], [-119.959143, 38.934249], [-119.958737, 38.934496], [-119.958652, 38.934548], [-119.95859, 38.934589], [-119.958564, 38.934611], [-119.958414, 38.934722], [-119.958305, 38.934803], [-119.957988, 38.935005], [-119.957949, 38.935033], [-119.9578, 38.935145], [-119.957678, 38.935233], [-119.95751, 38.935357], [-119.957465, 38.935378], [-119.957305, 38.935487], [-119.95728, 38.935505], [-119.957178, 38.935569]]}, "props": {"MTFCC": "S1400", "NAME": null}}, {"geom": {"type": "LineString", "coordinates": [[-119.946133, 38.940598], [-119.946266, 38.940539], [-119.946635, 38.940368], [-119.946823, 38.940291], [-119.946887, 38.940258], [-119.946907, 38.940248], [-119.947195, 38.940123], [-119.947248, 38.940109], [-119.947466, 38.940021], [-119.947514, 38.940005], [-119.947579, 38.93999], [-119.947654, 38.939986], [-119.947712, 38.939987], [-119.947755, 38.939993], [-119.94783, 38.940025], [-119.947897, 38.940071], [-119.947986, 38.940157], [-119.948005, 38.940189], [-119.948028, 38.940217], [-119.948082, 38.940304], [-119.948121, 38.940366], [-119.948188, 38.940507], [-119.948202, 38.940552], [-119.948206, 38.940582], [-119.9482, 38.94062], [-119.948184, 38.940654], [-119.948145, 38.940697], [-119.948065, 38.940763], [-119.948009, 38.940791], [-119.947879, 38.940866], [-119.947723, 38.940937], [-119.947606, 38.940988], [-119.947547, 38.941015], [-119.947482, 38.941039], [-119.947415, 38.941065], [-119.947125, 38.941203], [-119.94699, 38.941252], [-119.9467, 38.941371]]}, "props": {"MTFCC": "S1400", "NAME": null}}, {"geom": {"type": "LineString", "coordinates": [[-119.948227, 38.941637], [-119.948151, 38.941796], [-119.948129, 38.941847], [-119.948079, 38.941966], [-119.948049, 38.942027], [-119.948029, 38.942056], [-119.947978, 38.94212], [-119.947945, 38.942149], [-119.947884, 38.942192], [-119.947784, 38.942243], [-119.947642, 38.942301], [-119.947626, 38.942308], [-119.947554, 38.942329], [-119.947485, 38.942338], [-119.947454, 38.942334], [-119.947417, 38.942324]]}, "props": {"MTFCC": "S1400", "NAME": null}}, {"geom": {"type": "LineString", "coordinates": [[-119.985642, 38.860785], [-119.986066, 38.861074], [-119.98631, 38.861336], [-119.986315, 38.861435], [-119.986379, 38.862614], [-119.986536, 38.862898], [-119.98687, 38.863209], [-119.98729, 38.863335], [-119.987801, 38.863307], [-119.98786, 38.863304], [-119.98831, 38.863384], [-119.988614, 38.863723], [-119.988951, 38.864067], [-119.989221, 38.864103], [-119.989647, 38.864167], [-119.98997, 38.864217], [-119.990363, 38.864476], [-119.990359, 38.865223], [-119.989863, 38.866035], [-119.989788, 38.866387], [-119.989898, 38.867077], [-119.990047, 38.868013], [-119.99023, 38.868165], [-119.990584, 38.868171], [-119.991072, 38.868079], [-119.99317, 38.867689], [-119.993587, 38.867666], [-119.994152, 38.867637], [-119.994424, 38.867725], [-119.994564, 38.867765], [-119.994987, 38.867886], [-119.995128, 38.867927], [-119.995161, 38.867937], [-119.99526, 38.867968], [-119.995293, 38.867979]]}, "props": {"MTFCC": "S1400", "NAME": null}}, {"geom": {"type": "LineString", "coordinates": [[-119.999729, 38.89075], [-119.999619, 38.890743], [-119.999569, 38.890745], [-119.999532, 38.890748], [-119.999469, 38.89076], [-119.999402, 38.890783], [-119.999348, 38.890809], [-119.999338, 38.890814], [-119.99929, 38.890861], [-119.999256, 38.89092], [-119.999224, 38.891014], [-119.999207, 38.891068], [-119.999186, 38.891157], [-119.999183, 38.891168], [-119.999177, 38.891182], [-119.999162, 38.891227], [-119.999158, 38.891242], [-119.999132, 38.891344], [-119.999126, 38.891361], [-119.999072, 38.891548], [-119.999023, 38.891718], [-119.998989, 38.891838], [-119.998927, 38.892052], [-119.998827, 38.892401], [-119.99874, 38.892695], [-119.998677, 38.89291], [-119.998644, 38.893019], [-119.998547, 38.893347], [-119.998515, 38.893457], [-119.998497, 38.893519], [-119.998423, 38.893748], [-119.998368, 38.893968], [-119.998359, 38.894014], [-119.998326, 38.894198], [-119.998313, 38.894312], [-119.998304, 38.894537], [-119.998302, 38.89464], [-119.998319, 38.894744], [-119.998355, 38.894832], [-119.998416, 38.894906], [-119.9985, 38.894964], [-119.998604, 38.895003], [-119.998724, 38.895034], [-119.998848, 38.895056], [-119.999094, 38.895079], [-119.999195, 38.895083], [-119.999219, 38.895085], [-119.999634, 38.895081], [-119.999774, 38.895078], [-119.999788, 38.895078], [-119.999832, 38.895078], [-119.999847, 38.895079], [-119.999891, 38.89508]]}, "props": {"MTFCC": "S1400", "NAME": null}}, {"geom": {"type": "LineString", "coordinates": [[-119.998515, 38.893457], [-119.998442, 38.893427], [-119.998226, 38.89334], [-119.998154, 38.893312]]}, "props": {"MTFCC": "S1400", "NAME": null}}, {"geom": {"type": "LineString", "coordinates": [[-119.987809, 38.928678], [-119.987809, 38.928725], [-119.987799, 38.928761], [-119.9878, 38.928968], [-119.987797, 38.928994], [-119.98779, 38.929072], [-119.987791, 38.929358], [-119.987796, 38.929413], [-119.987795, 38.9296], [-119.987804, 38.929948], [-119.987814, 38.930266]]}, "props": {"MTFCC": "S1400", "NAME": null}}, {"geom": {"type": "LineString", "coordinates": [[-119.995619, 38.920994], [-119.996063, 38.921525], [-119.995137, 38.922122], [-119.994525, 38.921721]]}, "props": {"MTFCC": "S1400", "NAME": null}}, {"geom": {"type": "LineString", "coordinates": [[-119.998627, 38.91133], [-119.998632, 38.911475], [-119.998631, 38.911629], [-119.998637, 38.911725], [-119.998631, 38.911792], [-119.998633, 38.911932], [-119.998634, 38.911977], [-119.998624, 38.912085], [-119.998623, 38.912095], [-119.998622, 38.912138], [-119.99862, 38.9123], [-119.99862, 38.912355], [-119.998618, 38.912979], [-119.998628, 38.913271], [-119.998642, 38.914457], [-119.998664, 38.914813], [-119.998684, 38.914932], [-119.99871, 38.914991], [-119.99874, 38.915027], [-119.998808, 38.915082], [-119.998932, 38.915181], [-119.999143, 38.91536], [-119.999173, 38.915395], [-119.999391, 38.915597], [-119.999442, 38.915644], [-119.99951, 38.915718], [-119.999532, 38.915742], [-119.999671, 38.91586], [-119.999883, 38.916069], [-119.999999, 38.916195]]}, "props": {"MTFCC": "S1400", "NAME": null}}, {"geom": {"type": "LineString", "coordinates": [[-120.0024, 38.86961633695652], [-120.002399, 38.869617], [-120.002179, 38.869776], [-120.002064, 38.869876], [-120.002005, 38.869932], [-120.001935, 38.870024], [-120.001888, 38.870098], [-120.001831, 38.870201], [-120.001792, 38.870261], [-120.001641, 38.870443], [-120.001516, 38.870545], [-120.001436, 38.870644], [-120.001349, 38.870739], [-120.001278, 38.870844], [-120.001197, 38.870933], [-120.001138, 38.871029], [-120.001019, 38.871248], [-120.000922, 38.871353], [-120.000831, 38.871464], [-120.000549, 38.87173], [-120.000176, 38.872032], [-120.000107, 38.872074], [-119.99997, 38.87217], [-119.999877, 38.872251], [-119.99982, 38.872338], [-119.999784, 38.872473], [-119.999779, 38.872546]]}, "props": {"MTFCC": "S1400", "NAME": null}}, {"geom": {"type": "LineString", "coordinates": [[-120.0024, 38.856512793357936], [-120.002163, 38.856595], [-120.00209, 38.85661], [-120.001986, 38.85663], [-120.001649, 38.856648], [-120.00135, 38.856647], [-120.0013, 38.856653], [-120.001241, 38.856654], [-120.00112, 38.856657], [-120.001012, 38.85665], [-120.000658, 38.856656], [-120.000593, 38.85667], [-120.000502, 38.856696], [-120.000406, 38.856745], [-120.000318, 38.856829], [-120.000298, 38.856855], [-120.000275, 38.856899], [-120.000225, 38.857003], [-120.000189, 38.857142], [-120.00019, 38.857185], [-120.000207, 38.857228], [-120.000234, 38.85728], [-120.000271, 38.857323], [-120.000336, 38.85737], [-120.000412, 38.857404], [-120.000459, 38.857413], [-120.000589, 38.857428], [-120.000656, 38.85743], [-120.000708, 38.857436], [-120.001229, 38.857451], [-120.00127, 38.857447], [-120.001309, 38.857448], [-120.00177, 38.857449], [-120.002106, 38.857443], [-120.002364, 38.857452], [-120.0024, 38.85745330909091]]}, "props": {"MTFCC": "S1400", "NAME": null}}, {"geom": {"type": "LineString", "coordinates": [[-120.0024, 38.8534599338843], [-120.002275, 38.853462], [-120.00223, 38.85346], [-120.001941, 38.853467], [-120.001723, 38.853458], [-120.001683, 38.853452], [-120.001373, 38.853461], [-120.00062, 38.853458], [-120.000536, 38.853458], [-120.000246, 38.853462], [-120.000149, 38.853473], [-120.000041, 38.853501], [-119.999969, 38.853537], [-119.999949, 38.853547], [-119.999892, 38.853589], [-119.999855, 38.853639], [-119.999842, 38.853658], [-119.999801, 38.853765], [-119.999799, 38.853848], [-119.99981, 38.854094], [-119.999818, 38.85425]]}, "props": {"MTFCC": "S1400", "NAME": null}}, {"geom": {"type": "LineString", "coordinates": [[-119.999467, 38.852457], [-119.999544, 38.852473], [-119.999574, 38.85248], [-119.999645, 38.852483], [-119.999782, 38.852499], [-119.999841, 38.852506], [-119.999862, 38.852507], [-119.999991, 38.852515], [-120.000101, 38.852514], [-120.000162, 38.852522], [-120.000221, 38.852514], [-120.000277, 38.852518], [-120.000457, 38.852521], [-120.000589, 38.852526], [-120.000634, 38.852526], [-120.00085, 38.852529], [-120.00092, 38.852536], [-120.000976, 38.852531], [-120.001898, 38.852532], [-120.00218, 38.852537], [-120.002349, 38.852527], [-120.0024, 38.85252934482759]]}, "props": {"MTFCC": "S1400", "NAME": null}}, {"geom": {"type": "LineString", "coordinates": [[-119.982626, 38.916616], [-119.982539, 38.916686], [-119.982454, 38.916747], [-119.982285, 38.916871], [-119.982166, 38.916961], [-119.981928, 38.917125], [-119.981751, 38.917248], [-119.98162, 38.917331], [-119.981515, 38.9174], [-119.981235, 38.917587], [-119.981064, 38.917683], [-119.981, 38.917729], [-119.980936, 38.917765], [-119.980813, 38.917855], [-119.980576, 38.918018], [-119.980381, 38.918149], [-119.9803, 38.918205], [-119.979789, 38.918564], [-119.979648, 38.918649], [-119.979469, 38.91876], [-119.979278, 38.91888], [-119.979189, 38.918941], [-119.979135, 38.918974], [-119.979114, 38.918982], [-119.97892, 38.919113], [-119.978126, 38.919651], [-119.977862, 38.919831], [-119.97766, 38.919953], [-119.977615, 38.919974], [-119.977598, 38.919983], [-119.977388, 38.92013], [-119.977319, 38.920185], [-119.976909, 38.920456], [-119.976672, 38.920614], [-119.976404, 38.920783], [-119.976321, 38.920836], [-119.976266, 38.920878], [-119.975836, 38.921147], [-119.97561, 38.921304], [-119.975396, 38.921454], [-119.97536, 38.921496]]}, "props": {"MTFCC": "S1400", "NAME": null}}, {"geom": {"type": "LineString", "coordinates": [[-119.983172, 38.917117], [-119.983028, 38.917186], [-119.982978, 38.917217], [-119.98288, 38.917279], [-119.982805, 38.917318], [-119.982739, 38.917371], [-119.982679, 38.917404], [-119.982477, 38.917547], [-119.982439, 38.917585], [-119.982416, 38.917609], [-119.982263, 38.917714], [-119.982023, 38.917864], [-119.981957, 38.917906], [-119.981753, 38.918014], [-119.981548, 38.918155], [-119.981455, 38.918226], [-119.981309, 38.918319], [-119.981072, 38.918472], [-119.980911, 38.918559], [-119.980786, 38.918642], [-119.980669, 38.918741], [-119.980614, 38.918797], [-119.980568, 38.91883], [-119.980454, 38.918894], [-119.980279, 38.919006], [-119.980163, 38.919069], [-119.980054, 38.919143], [-119.979966, 38.919208], [-119.979949, 38.919221], [-119.979908, 38.919265], [-119.97986, 38.919306], [-119.97981, 38.919334], [-119.979703, 38.91941], [-119.979612, 38.919474], [-119.979427, 38.919579], [-119.979259, 38.919676], [-119.979153, 38.919761], [-119.979086, 38.919804], [-119.97888, 38.919951], [-119.978731, 38.920044], [-119.978621, 38.920119], [-119.978354, 38.920302], [-119.978172, 38.92042], [-119.978117, 38.920457], [-119.978059, 38.920497], [-119.977406, 38.920922], [-119.977169, 38.921077], [-119.977153, 38.92109], [-119.977125, 38.921101], [-119.977081, 38.921127], [-119.977048, 38.921154], [-119.976976, 38.921202], [-119.976905, 38.921249], [-119.976515, 38.921511], [-119.976451, 38.921548], [-119.976386, 38.921601], [-119.976248, 38.921679], [-119.976183, 38.921731], [-119.976124, 38.921768], [-119.976115, 38.921774], [-119.976006, 38.921856], [-119.975898, 38.921922], [-119.975855, 38.921953], [-119.975773, 38.921998], [-119.975741, 38.922015], [-119.975405, 38.92221], [-119.975337, 38.922241], [-119.975283, 38.922249]]}, "props": {"MTFCC": "S1400", "NAME": null}}, {"geom": {"type": "LineString", "coordinates": [[-119.994616, 38.915104], [-119.994697, 38.915106], [-119.99472, 38.915109], [-119.995949, 38.915112], [-119.996021, 38.915107], [-119.996162, 38.915115], [-119.996598, 38.915115], [-119.997135, 38.915123], [-119.99743, 38.915119], [-119.997676, 38.915106], [-119.998128, 38.915101], [-119.998233, 38.915094], [-119.998334, 38.915101], [-119.998383, 38.915099], [-119.998522, 38.9151], [-119.998618, 38.915086], [-119.998726, 38.915079], [-119.998808, 38.915082]]}, "props": {"MTFCC": "S1400", "NAME": null}}, {"geom": {"type": "LineString", "coordinates": [[-119.967724, 38.90649], [-119.967656, 38.906445], [-119.967498, 38.906375], [-119.967449, 38.906358], [-119.967393, 38.906339], [-119.967117, 38.906257], [-119.967067, 38.906251], [-119.967032, 38.906232], [-119.966899, 38.906205], [-119.966803, 38.906197], [-119.966708, 38.906199], [-119.966571, 38.906215], [-119.966557, 38.906218], [-119.966472, 38.906238], [-119.966263, 38.906299], [-119.966201, 38.906318], [-119.965889, 38.906436], [-119.965864, 38.906447], [-119.965739, 38.906508], [-119.965675, 38.906531], [-119.965619, 38.906561], [-119.965274, 38.906754], [-119.965153, 38.906827], [-119.965072, 38.906883], [-119.964986, 38.90698], [-119.964916, 38.907083], [-119.964861, 38.90715], [-119.964839, 38.907171], [-119.96473, 38.907282], [-119.964521, 38.907452], [-119.964397, 38.907551], [-119.964383, 38.907563], [-119.964028, 38.90785], [-119.963905, 38.90795], [-119.963745, 38.90808], [-119.963521, 38.908266], [-119.963394, 38.908386], [-119.963356, 38.908431], [-119.963295, 38.908501], [-119.963289, 38.908509], [-119.963233, 38.908587], [-119.963183, 38.908639], [-119.963166, 38.908662]]}, "props": {"MTFCC": "S1400", "NAME": null}}, {"geom": {"type": "LineString", "coordinates": [[-119.958055, 38.898806], [-119.958143, 38.898744], [-119.958235, 38.898695], [-119.958435, 38.898591], [-119.958657, 38.898482], [-119.95882, 38.898423], [-119.958948, 38.898395], [-119.959018, 38.898387], [-119.95907, 38.898382], [-119.959233, 38.898368], [-119.95955, 38.898362], [-119.959954, 38.898362], [-119.96015, 38.898362], [-119.960322, 38.898366], [-119.96055, 38.898363], [-119.960627, 38.898368], [-119.960855, 38.898366], [-119.961301, 38.898361], [-119.961619, 38.898365], [-119.962159, 38.898358], [-119.962765, 38.898359], [-119.962844, 38.89836], [-119.96309, 38.89837], [-119.963201, 38.898382], [-119.963335, 38.898406], [-119.963423, 38.89843], [-119.963539, 38.898478], [-119.96367, 38.898546], [-119.963716, 38.898574], [-119.963739, 38.898589], [-119.963847, 38.89867], [-119.963891, 38.898703], [-119.964004, 38.898821], [-119.964084, 38.898905], [-119.964146, 38.899001], [-119.964182, 38.899075], [-119.964197, 38.899106], [-119.96424, 38.899243], [-119.96429, 38.8994], [-119.964341, 38.899578], [-119.964384, 38.899726], [-119.964409, 38.899787], [-119.964565, 38.900024], [-119.964596, 38.90007], [-119.964702, 38.900224], [-119.964874, 38.900484], [-119.965056, 38.900758], [-119.965088, 38.90081], [-119.965315, 38.901145], [-119.965353, 38.901193], [-119.965399, 38.90126], [-119.965576, 38.901518], [-119.965726, 38.901749], [-119.965827, 38.901905], [-119.965954, 38.902121], [-119.966003, 38.902227], [-119.966039, 38.90234], [-119.966049, 38.902477], [-119.966052, 38.902495], [-119.966061, 38.902542], [-119.966065, 38.902629], [-119.966062, 38.902701], [-119.966064, 38.90277], [-119.966067, 38.902913], [-119.96607, 38.902985], [-119.966081, 38.90323], [-119.966068, 38.903501], [-119.966064, 38.903631], [-119.966058, 38.903847], [-119.96606, 38.903991], [-119.966064, 38.904168], [-119.966051, 38.904286], [-119.966019, 38.904422], [-119.966014, 38.904446], [-119.966014, 38.90447], [-119.966007, 38.904488], [-119.966003, 38.904565], [-119.966007, 38.904617], [-119.966006, 38.904713], [-119.965997, 38.905061], [-119.965989, 38.905189], [-119.965981, 38.905346], [-119.965982, 38.905444], [-119.965984, 38.905503], [-119.965997, 38.905595], [-119.966028, 38.905735], [-119.966031, 38.905747], [-119.966058, 38.905829], [-119.966097, 38.905923], [-119.966193, 38.906157], [-119.966217, 38.906206], [-119.966263, 38.906299]]}, "props": {"MTFCC": "S1400", "NAME": null}}, {"geom": {"type": "LineString", "coordinates": [[-119.966092, 38.908314], [-119.966163, 38.908236], [-119.966298, 38.908122], [-119.966459, 38.907988], [-119.966548, 38.907919], [-119.966677, 38.907821], [-119.966719, 38.907786], [-119.966813, 38.90773], [-119.966917, 38.907691], [-119.967003, 38.907667], [-119.967026, 38.907662], [-119.967283, 38.907625]]}, "props": {"MTFCC": "S1400", "NAME": null}}, {"geom": {"type": "LineString", "coordinates": [[-119.966046, 38.898431], [-119.966052, 38.898501], [-119.96606, 38.898743], [-119.966057, 38.899103], [-119.966057, 38.899158], [-119.966056, 38.899588], [-119.966063, 38.899804], [-119.966068, 38.900448], [-119.966077, 38.900688], [-119.966072, 38.900743], [-119.966074, 38.900769], [-119.966066, 38.900871], [-119.966065, 38.901064], [-119.966056, 38.901118], [-119.966051, 38.901151], [-119.966022, 38.901263], [-119.965977, 38.901325], [-119.965948, 38.901352], [-119.965894, 38.901381], [-119.96574, 38.90144], [-119.965576, 38.901518]]}, "props": {"MTFCC": "S1400", "NAME": null}}, {"geom": {"type": "LineString", "coordinates": [[-119.96367, 38.898546], [-119.963799, 38.898419], [-119.963841, 38.898394], [-119.963911, 38.898364], [-119.964011, 38.898347], [-119.964316, 38.898339], [-119.964634, 38.898336], [-119.964834, 38.898348], [-119.964913, 38.898365], [-119.964994, 38.8984], [-119.965023, 38.898413], [-119.96505, 38.89843], [-119.965112, 38.89848], [-119.965149, 38.898544], [-119.965178, 38.898616], [-119.965187, 38.898672], [-119.965186, 38.898898], [-119.965187, 38.899095], [-119.965193, 38.899252], [-119.965188, 38.899432], [-119.965193, 38.899741], [-119.965191, 38.899785], [-119.96519, 38.899858], [-119.965174, 38.899928], [-119.965159, 38.899958], [-119.965136, 38.899989], [-119.965069, 38.900056], [-119.965023, 38.900087], [-119.964957, 38.900118], [-119.964702, 38.900224]]}, "props": {"MTFCC": "S1400", "NAME": null}}, {"geom": {"type": "LineString", "coordinates": [[-119.957174, 38.900666], [-119.957721, 38.900682]]}, "props": {"MTFCC": "S1400", "NAME": null}}, {"geom": {"type": "LineString", "coordinates": [[-119.983464, 38.888588], [-119.983666, 38.888792], [-119.983687, 38.888817], [-119.983716, 38.888878], [-119.983728, 38.888911], [-119.983748, 38.889062], [-119.983754, 38.889154], [-119.983751, 38.889346], [-119.983757, 38.889513], [-119.983757, 38.889923], [-119.983761, 38.889978], [-119.983756, 38.890129], [-119.983764, 38.890375], [-119.983762, 38.890521], [-119.983766, 38.890568], [-119.983757, 38.890728], [-119.983758, 38.890785], [-119.983762, 38.89097], [-119.983759, 38.891244], [-119.983762, 38.891318], [-119.98376, 38.89136], [-119.983752, 38.891592], [-119.983758, 38.891685], [-119.983757, 38.891856], [-119.983756, 38.892176], [-119.983748, 38.892396], [-119.983748, 38.892488], [-119.983745, 38.892534], [-119.983752, 38.892874], [-119.983759, 38.89306], [-119.983765, 38.893159], [-119.983761, 38.893312], [-119.98376, 38.893344], [-119.983759, 38.893571], [-119.983759, 38.893774], [-119.983756, 38.893841]]}, "props": {"MTFCC": "S1400", "NAME": null}}, {"geom": {"type": "LineString", "coordinates": [[-119.981748, 38.89298], [-119.981923, 38.89306], [-119.981959, 38.893069], [-119.982019, 38.893085], [-119.982203, 38.893105], [-119.982339, 38.893108], [-119.982565, 38.893098], [-119.982646, 38.893099], [-119.982877, 38.893103]]}, "props": {"MTFCC": "S1400", "NAME": null}}, {"geom": {"type": "LineString", "coordinates": [[-119.992332, 38.880128], [-119.992329, 38.880167], [-119.99232, 38.880204], [-119.992301, 38.880246], [-119.992238, 38.880322], [-119.992167, 38.880392], [-119.99208, 38.880465], [-119.992064, 38.880479], [-119.992, 38.88054], [-119.991919, 38.880614], [-119.991824, 38.880679], [-119.991584, 38.880791], [-119.991417, 38.880854], [-119.991191, 38.880922], [-119.991077, 38.880944], [-119.990894, 38.880963], [-119.990816, 38.880967], [-119.990775, 38.88097], [-119.990568, 38.880985], [-119.990361, 38.880989], [-119.990129, 38.881], [-119.990106, 38.881002], [-119.989893, 38.881025], [-119.989498, 38.881058], [-119.989426, 38.881056], [-119.989344, 38.881047], [-119.989326, 38.881046], [-119.989257, 38.881026], [-119.989214, 38.881008], [-119.989114, 38.880945]]}, "props": {"MTFCC": "S1400", "NAME": null}}, {"geom": {"type": "LineString", "coordinates": [[-119.969259, 38.928376], [-119.968976, 38.928589]]}, "props": {"MTFCC": "S1400", "NAME": null}}, {"geom": {"type": "LineString", "coordinates": [[-119.971677, 38.932004], [-119.971547, 38.93208], [-119.971301, 38.932211], [-119.971175, 38.93229], [-119.971147, 38.932309], [-119.971076, 38.932373], [-119.971004, 38.932452], [-119.97096, 38.932514], [-119.970913, 38.932598], [-119.970837, 38.932765], [-119.970769, 38.932957], [-119.970721, 38.93304], [-119.970686, 38.933136], [-119.970641, 38.933227], [-119.970611, 38.933316], [-119.970567, 38.933402], [-119.970531, 38.933487], [-119.970447, 38.933692], [-119.97039, 38.933813], [-119.970328, 38.933949], [-119.970282, 38.934035], [-119.970158, 38.934342], [-119.97011, 38.934441], [-119.970049, 38.934549], [-119.969988, 38.934697], [-119.969944, 38.934765], [-119.969933, 38.93479], [-119.969908, 38.934848], [-119.969827, 38.935011], [-119.969734, 38.935177], [-119.969692, 38.93527], [-119.969549, 38.93555], [-119.969502, 38.935657], [-119.969397, 38.935851], [-119.969259, 38.936138], [-119.969165, 38.936338], [-119.969063, 38.936532], [-119.969039, 38.93659], [-119.969017, 38.93664], [-119.968991, 38.936705], [-119.968948, 38.936789], [-119.968924, 38.936838], [-119.968833, 38.937016], [-119.968824, 38.93703], [-119.968683, 38.93727], [-119.96864, 38.937389], [-119.968588, 38.937501], [-119.968526, 38.937607], [-119.96846, 38.937722], [-119.968423, 38.937798], [-119.968402, 38.937843], [-119.968326, 38.937943], [-119.968272, 38.938058], [-119.968211, 38.938157], [-119.968151, 38.938314], [-119.968034, 38.938523], [-119.967994, 38.938626], [-119.967939, 38.938728], [-119.967899, 38.938823], [-119.967856, 38.938901], [-119.967814, 38.93898], [-119.967786, 38.939052], [-119.967725, 38.939183], [-119.967487, 38.939696], [-119.967459, 38.939759], [-119.967429, 38.939848], [-119.96729, 38.940317], [-119.967174, 38.940726], [-119.967103, 38.941021], [-119.967033, 38.941329], [-119.966925, 38.941809], [-119.966913, 38.941882], [-119.96686, 38.942175], [-119.966852, 38.94222], [-119.966726, 38.943023], [-119.966694, 38.943183], [-119.966686, 38.943239], [-119.966649, 38.943532], [-119.966646, 38.943581], [-119.966625, 38.94369], [-119.966606, 38.94379], [-119.966572, 38.943982], [-119.96656, 38.944139], [-119.966545, 38.944219], [-119.966516, 38.944424], [-119.966488, 38.944636], [-119.966482, 38.944683], [-119.966465, 38.944831], [-119.966443, 38.945025], [-119.966437, 38.945227], [-119.966448, 38.945395], [-119.966452, 38.945419], [-119.966489, 38.945613]]}, "props": {"MTFCC": "S1400", "NAME": null}}, {"geom": {"type": "LineString", "coordinates": [[-119.996437, 38.870149], [-119.996578, 38.870211], [-119.996614, 38.870225], [-119.997151, 38.870442], [-119.997331, 38.870515]]}, "props": {"MTFCC": "S1400", "NAME": null}}, {"geom": {"type": "LineString", "coordinates": [[-119.995696, 38.871112], [-119.995559, 38.87105], [-119.995458, 38.871004], [-119.995196, 38.870902], [-119.995138, 38.870898], [-119.995084, 38.870896], [-119.994998, 38.870936]]}, "props": {"MTFCC": "S1740", "NAME": null}}, {"geom": {"type": "LineString", "coordinates": [[-119.934878, 38.938676], [-119.934874, 38.938854], [-119.934863, 38.938903], [-119.934858, 38.938958], [-119.934842, 38.939015], [-119.934756, 38.939254], [-119.934744, 38.939291], [-119.934683, 38.939447], [-119.93464, 38.939611], [-119.934635, 38.939655], [-119.93461, 38.939773], [-119.934601, 38.939925], [-119.93458, 38.940055], [-119.93457, 38.940195], [-119.934578, 38.94026], [-119.934592, 38.940324], [-119.934636, 38.940436], [-119.934689, 38.9406], [-119.93477, 38.940848], [-119.934811, 38.940941], [-119.934824, 38.940978], [-119.934844, 38.941036], [-119.934881, 38.941117], [-119.934936, 38.941206], [-119.934999, 38.941292], [-119.935097, 38.941376], [-119.935191, 38.941427]]}, "props": {"MTFCC": "S1400", "NAME": null}}, {"geom": {"type": "LineString", "coordinates": [[-119.948326, 38.956083], [-119.947822, 38.956788], [-119.947857, 38.95687], [-119.947877, 38.956974], [-119.947877, 38.957057], [-119.947877, 38.957133], [-119.947877, 38.957223], [-119.947864, 38.957271], [-119.947829, 38.957402], [-119.946379, 38.961118], [-119.945998, 38.961916]]}, "props": {"MTFCC": "S1400", "NAME": null}}, {"geom": {"type": "LineString", "coordinates": [[-119.947829, 38.957402], [-119.94842, 38.957623], [-119.948938, 38.957893], [-119.949138, 38.957941], [-119.949366, 38.958065], [-119.949786, 38.958207], [-119.950305, 38.958488], [-119.950678, 38.958664]]}, "props": {"MTFCC": "S1400", "NAME": null}}, {"geom": {"type": "LineString", "coordinates": [[-119.991063, 38.923919], [-119.991194, 38.92404], [-119.991381, 38.924212], [-119.991519, 38.924352], [-119.991582, 38.92441], [-119.991713, 38.924533], [-119.991772, 38.924588], [-119.991829, 38.924631], [-119.991965, 38.924752], [-119.992142, 38.924958], [-119.992237, 38.925062], [-119.992465, 38.925295], [-119.992564, 38.925386], [-119.992596, 38.925432], [-119.992647, 38.92548], [-119.992744, 38.925561], [-119.992816, 38.925628], [-119.99285, 38.925669], [-119.992896, 38.925705]]}, "props": {"MTFCC": "S1400", "NAME": null}}, {"geom": {"type": "LineString", "coordinates": [[-119.991699, 38.92351], [-119.99157, 38.92359], [-119.991428, 38.923679], [-119.991324, 38.923736], [-119.991185, 38.923829], [-119.991129, 38.923868], [-119.991063, 38.923919], [-119.990819, 38.924071], [-119.99079, 38.92409], [-119.990662, 38.924194], [-119.990544, 38.924269], [-119.990323, 38.924415], [-119.99027, 38.924457], [-119.990111, 38.924559], [-119.990045, 38.924602], [-119.989938, 38.924661], [-119.989868, 38.92471], [-119.989613, 38.924879], [-119.989475, 38.924964], [-119.989347, 38.925044], [-119.989279, 38.925093], [-119.989133, 38.925186], [-119.989064, 38.925245], [-119.988843, 38.925393], [-119.988772, 38.925445], [-119.988625, 38.925543], [-119.988306, 38.925737], [-119.988198, 38.925804], [-119.988098, 38.925878], [-119.988024, 38.925924], [-119.988005, 38.925941], [-119.987911, 38.925985]]}, "props": {"MTFCC": "S1400", "NAME": null}}, {"geom": {"type": "LineString", "coordinates": [[-119.948938, 38.957893], [-119.94784, 38.96006], [-119.947511, 38.961187]]}, "props": {"MTFCC": "S1400", "NAME": null}}, {"geom": {"type": "LineString", "coordinates": [[-119.950305, 38.958488], [-119.949839, 38.959516], [-119.949604, 38.959972], [-119.949521, 38.960138], [-119.949438, 38.96022], [-119.949388, 38.960255]]}, "props": {"MTFCC": "S1400", "NAME": null}}, {"geom": {"type": "LineString", "coordinates": [[-119.942109, 38.959135], [-119.942945, 38.9597], [-119.944013, 38.960464], [-119.945108, 38.961146], [-119.94517, 38.96116], [-119.945315, 38.961174], [-119.945508, 38.961201], [-119.945909, 38.961167], [-119.946379, 38.961118], [-119.947511, 38.961187], [-119.947795, 38.961194], [-119.948147, 38.961201], [-119.948271, 38.961215], [-119.948527, 38.961208], [-119.948751, 38.961208], [-119.948851, 38.961208], [-119.949217, 38.961194], [-119.949466, 38.961194], [-119.949549, 38.961181]]}, "props": {"MTFCC": "S1400", "NAME": null}}, {"geom": {"type": "LineString", "coordinates": [[-119.945896, 38.9486], [-119.945916, 38.948603], [-119.946042, 38.948633], [-119.946061, 38.948638], [-119.946184, 38.948678], [-119.946214, 38.948685], [-119.946468, 38.948777], [-119.94661, 38.948829], [-119.946684, 38.948856], [-119.946908, 38.948939], [-119.946925, 38.948946], [-119.946983, 38.948966], [-119.947045, 38.948987], [-119.947072, 38.948999], [-119.947177, 38.949045], [-119.947233, 38.949074], [-119.947335, 38.949115], [-119.947425, 38.949151]]}, "props": {"MTFCC": "S1400", "NAME": null}}, {"geom": {"type": "LineString", "coordinates": [[-119.946354, 38.947153], [-119.946336, 38.947218], [-119.946273, 38.947446], [-119.946246, 38.947544], [-119.946228, 38.947585], [-119.946157, 38.947815], [-119.946143, 38.947837], [-119.94598, 38.948269], [-119.945973, 38.948306], [-119.945965, 38.948352], [-119.945896, 38.9486]]}, "props": {"MTFCC": "S1400", "NAME": null}}, {"geom": {"type": "LineString", "coordinates": [[-119.96318, 38.931562], [-119.963589, 38.93173], [-119.963872, 38.932055], [-119.963924, 38.932506], [-119.963935, 38.933356], [-119.963935, 38.933702], [-119.963872, 38.933891], [-119.963725, 38.934026], [-119.963138, 38.934037], [-119.962403, 38.934058]]}, "props": {"MTFCC": "S1400", "NAME": null}}, {"geom": {"type": "LineString", "coordinates": [[-119.966913, 38.941882], [-119.96703, 38.941892], [-119.9671, 38.941898], [-119.967331, 38.941899], [-119.967383, 38.941915], [-119.967442, 38.941919], [-119.967501, 38.941913], [-119.967549, 38.941911], [-119.967607, 38.941909], [-119.967652, 38.941913], [-119.967675, 38.941918], [-119.967695, 38.941919], [-119.967744, 38.941923]]}, "props": {"MTFCC": "S1400", "NAME": null}}, {"geom": {"type": "LineString", "coordinates": [[-119.967501, 38.941913], [-119.967502, 38.942025], [-119.967479, 38.942248], [-119.967471, 38.942395], [-119.967443, 38.942587], [-119.967363, 38.943253], [-119.967359, 38.943288], [-119.967348, 38.943381], [-119.967328, 38.943434], [-119.96732, 38.943509], [-119.967324, 38.943585]]}, "props": {"MTFCC": "S1400", "NAME": null}}, {"geom": {"type": "LineString", "coordinates": [[-119.953545, 38.94305], [-119.95347, 38.943083], [-119.953191, 38.943206], [-119.953158, 38.94322], [-119.952604, 38.943458], [-119.952158, 38.943658], [-119.951966, 38.943751], [-119.95181, 38.943819], [-119.95166, 38.943896], [-119.951494, 38.943981], [-119.95123, 38.944095], [-119.951084, 38.944165], [-119.950686, 38.944333], [-119.950439, 38.9444]]}, "props": {"MTFCC": "S1400", "NAME": null}}, {"geom": {"type": "LineString", "coordinates": [[-119.935478, 38.944126], [-119.935608, 38.944174], [-119.935621, 38.94418], [-119.935661, 38.944201], [-119.93578, 38.944253], [-119.936038, 38.944376], [-119.936099, 38.944406], [-119.936179, 38.944438]]}, "props": {"MTFCC": "S1400", "NAME": null}}, {"geom": {"type": "LineString", "coordinates": [[-119.968696, 38.944022], [-119.969064, 38.944013], [-119.969159, 38.944012], [-119.969781, 38.944007], [-119.97051, 38.944006], [-119.97055, 38.944005], [-119.97074, 38.944004], [-119.971014, 38.944009]]}, "props": {"MTFCC": "S1400", "NAME": null}}, {"geom": {"type": "LineString", "coordinates": [[-119.977735, 38.934352], [-119.977973, 38.934344], [-119.978072, 38.934342], [-119.978179, 38.934329], [-119.978351, 38.934289], [-119.978437, 38.934279], [-119.978514, 38.934277], [-119.978682, 38.934281], [-119.978746, 38.934283], [-119.978827, 38.934278], [-119.978921, 38.934278], [-119.979031, 38.934279], [-119.97912, 38.934275], [-119.979148, 38.934272], [-119.979319, 38.934257], [-119.979415, 38.934262], [-119.97948, 38.934275], [-119.979557, 38.934279], [-119.979815, 38.934263], [-119.979829, 38.934263], [-119.979884, 38.934264], [-119.979925, 38.934274], [-119.979973, 38.934282], [-119.980048, 38.934317]]}, "props": {"MTFCC": "S1400", "NAME": null}}, {"geom": {"type": "LineString", "coordinates": [[-119.983451, 38.942342], [-119.983345, 38.94235], [-119.983151, 38.942371], [-119.982253, 38.942469], [-119.982199, 38.942476], [-119.981956, 38.942512], [-119.981734, 38.942549], [-119.981644, 38.942553], [-119.981541, 38.942569], [-119.980706, 38.942644], [-119.980393, 38.942673], [-119.980166, 38.942694], [-119.979904, 38.942713], [-119.978912, 38.94282], [-119.978845, 38.942822], [-119.978784, 38.942833], [-119.978433, 38.942851], [-119.977995, 38.942897], [-119.977926, 38.942906], [-119.97749, 38.942936], [-119.977425, 38.94294], [-119.977361, 38.942942], [-119.977089, 38.942944]]}, "props": {"MTFCC": "S1400", "NAME": null}}, {"geom": {"type": "LineString", "coordinates": [[-119.961607, 38.942281], [-119.962025, 38.942281], [-119.962093, 38.942282], [-119.962155, 38.942285], [-119.962187, 38.942281], [-119.962273, 38.942286], [-119.962918, 38.942291], [-119.963179, 38.942288], [-119.963279, 38.942279], [-119.96337, 38.942272], [-119.963469, 38.942272], [-119.963574, 38.942266], [-119.963697, 38.942272]]}, "props": {"MTFCC": "S1400", "NAME": null}}, {"geom": {"type": "LineString", "coordinates": [[-119.939474, 38.940773], [-119.939159, 38.940318], [-119.939034, 38.940143], [-119.938804, 38.93982], [-119.938723, 38.939693], [-119.938621, 38.939558], [-119.93854, 38.939492], [-119.938457, 38.939431], [-119.938423, 38.939416], [-119.938389, 38.939408], [-119.938307, 38.939405], [-119.938217, 38.939421], [-119.93814, 38.939444], [-119.93808, 38.939483], [-119.938046, 38.939518], [-119.937984, 38.939632], [-119.937933, 38.939778], [-119.937912, 38.939864], [-119.937895, 38.939961], [-119.937888, 38.940042], [-119.93789, 38.940114], [-119.937898, 38.940168], [-119.937927, 38.940287], [-119.937966, 38.940409], [-119.938031, 38.940606], [-119.938074, 38.94072], [-119.938099, 38.940768], [-119.938253, 38.94112], [-119.938307, 38.941231], [-119.938389, 38.941412], [-119.938449, 38.941546], [-119.938488, 38.941619], [-119.93855, 38.941731], [-119.938646, 38.941904], [-119.939188, 38.942589], [-119.939216, 38.942633], [-119.939374, 38.942841], [-119.939416, 38.942889], [-119.939445, 38.94293], [-119.939466, 38.942951], [-119.939478, 38.942964], [-119.939636, 38.943168], [-119.939743, 38.943296], [-119.939788, 38.943337], [-119.939828, 38.943366]]}, "props": {"MTFCC": "S1400", "NAME": null}}, {"geom": {"type": "LineString", "coordinates": [[-119.991151, 38.93954], [-119.991064, 38.939544], [-119.990804, 38.939557], [-119.990718, 38.939562], [-119.990451, 38.93959], [-119.989785, 38.939672], [-119.989685, 38.939687], [-119.989652, 38.939689], [-119.989553, 38.939698], [-119.989385, 38.93971], [-119.989185, 38.939722], [-119.989073, 38.939734], [-119.988967, 38.939746], [-119.988675, 38.939775], [-119.988432, 38.939788], [-119.98814, 38.939814], [-119.988047, 38.939823], [-119.987829, 38.939839], [-119.987515, 38.939855], [-119.987464, 38.939858], [-119.987278, 38.939877], [-119.987039, 38.939912], [-119.986578, 38.939959], [-119.986266, 38.939991], [-119.985952, 38.940026], [-119.985881, 38.940035], [-119.985611, 38.940059], [-119.985554, 38.940074], [-119.985361, 38.940098], [-119.985011, 38.940134], [-119.984697, 38.940167], [-119.984533, 38.940187], [-119.984389, 38.940196], [-119.983833, 38.940234], [-119.983466, 38.94027], [-119.983421, 38.940275], [-119.983244, 38.94028], [-119.983159, 38.940292], [-119.983137, 38.940297], [-119.98303, 38.940305], [-119.982849, 38.940326], [-119.982791, 38.940334], [-119.982659, 38.94034], [-119.982592, 38.94034], [-119.982464, 38.940348], [-119.982409, 38.940357], [-119.982171, 38.940383], [-119.982099, 38.940385], [-119.982031, 38.940396], [-119.98192, 38.940407], [-119.981611, 38.940441], [-119.981336, 38.940471], [-119.981302, 38.940472], [-119.980993, 38.940488], [-119.980617, 38.940516], [-119.980464, 38.94054], [-119.980375, 38.940546], [-119.980066, 38.940569], [-119.979966, 38.940577], [-119.979782, 38.940585], [-119.979751, 38.940587], [-119.979533, 38.940608], [-119.979216, 38.940647], [-119.979169, 38.940656], [-119.978812, 38.940696], [-119.978499, 38.940732], [-119.978241, 38.940761], [-119.978192, 38.940767], [-119.977841, 38.940814], [-119.977594, 38.940824], [-119.977468, 38.940822], [-119.977397, 38.940822], [-119.977209, 38.94082]]}, "props": {"MTFCC": "S1400", "NAME": null}}, {"geom": {"type": "LineString", "coordinates": [[-119.990742, 38.938055], [-119.990414, 38.938062], [-119.990276, 38.93808], [-119.989928, 38.938105], [-119.989863, 38.938116], [-119.989737, 38.938127], [-119.989444, 38.938172], [-119.989387, 38.938176], [-119.98915, 38.938179], [-119.988886, 38.938214], [-119.98868, 38.938226], [-119.988312, 38.938273], [-119.98805, 38.938295], [-119.987994, 38.938296], [-119.987944, 38.938304], [-119.987761, 38.938315], [-119.987714, 38.938322], [-119.98759, 38.938327], [-119.987277, 38.938353], [-119.987251, 38.938356], [-119.987107, 38.938372], [-119.987076, 38.938382], [-119.986745, 38.938415], [-119.986342, 38.938443], [-119.986118, 38.938459], [-119.98603, 38.93847], [-119.986006, 38.938472], [-119.985717, 38.938505], [-119.985468, 38.938535], [-119.985414, 38.938531], [-119.985275, 38.938542], [-119.984777, 38.938599], [-119.984645, 38.938615], [-119.984538, 38.938619], [-119.984464, 38.938626], [-119.984152, 38.938655], [-119.983612, 38.938706], [-119.98322, 38.938753], [-119.983148, 38.938762], [-119.98291, 38.938786], [-119.982607, 38.938812], [-119.982513, 38.938821], [-119.982369, 38.938826], [-119.982316, 38.938837], [-119.982254, 38.938843], [-119.982157, 38.938862], [-119.982105, 38.938863], [-119.981915, 38.938881], [-119.981873, 38.938892], [-119.981778, 38.938907], [-119.981704, 38.938909], [-119.981565, 38.938915], [-119.981401, 38.938927], [-119.981147, 38.93894], [-119.98098, 38.93895], [-119.980571, 38.938981], [-119.980425, 38.938988], [-119.980386, 38.938994], [-119.980368, 38.938997], [-119.980133, 38.938996], [-119.979853, 38.938994], [-119.979751, 38.938999], [-119.979548, 38.938996], [-119.979431, 38.938995], [-119.979325, 38.938989], [-119.979226, 38.93899], [-119.978748, 38.938999], [-119.978542, 38.938989], [-119.978136, 38.938999], [-119.977844, 38.938999], [-119.977796, 38.939], [-119.977683, 38.939004], [-119.977427, 38.938993], [-119.977213, 38.938983]]}, "props": {"MTFCC": "S1400", "NAME": null}}, {"geom": {"type": "LineString", "coordinates": [[-119.989087, 38.937398], [-119.989067, 38.937399], [-119.98902, 38.937402], [-119.988972, 38.937408], [-119.988464, 38.937481], [-119.987909, 38.937525], [-119.987753, 38.937545], [-119.987543, 38.937563], [-119.987478, 38.937574], [-119.987187, 38.937605], [-119.987106, 38.937612], [-119.98702, 38.937612], [-119.986864, 38.937622], [-119.986607, 38.937623], [-119.986261, 38.937645], [-119.985898, 38.937692], [-119.98559, 38.93773], [-119.985561, 38.937734], [-119.985094, 38.937791], [-119.985019, 38.937804], [-119.984857, 38.937811], [-119.984666, 38.937827], [-119.984358, 38.937854], [-119.984048, 38.937874], [-119.983807, 38.93789], [-119.983488, 38.937926], [-119.98312, 38.937964], [-119.982812, 38.937996], [-119.982739, 38.938006], [-119.982566, 38.938021], [-119.982505, 38.938028], [-119.982338, 38.938048], [-119.982264, 38.938066], [-119.982117, 38.938081], [-119.981715, 38.938106], [-119.981587, 38.938116], [-119.981557, 38.938119], [-119.981282, 38.938155]]}, "props": {"MTFCC": "S1400", "NAME": null}}, {"geom": {"type": "LineString", "coordinates": [[-119.970007, 38.936858], [-119.97001, 38.937072], [-119.970011, 38.937112], [-119.970006, 38.937212], [-119.97001, 38.937593], [-119.970009, 38.937717], [-119.970009, 38.9378], [-119.970013, 38.937932]]}, "props": {"MTFCC": "S1400", "NAME": null}}, {"geom": {"type": "LineString", "coordinates": [[-119.954901, 38.927066], [-119.953109, 38.927079], [-119.952867, 38.927061], [-119.95275, 38.927067], [-119.95273, 38.927069], [-119.952639, 38.927079]]}, "props": {"MTFCC": "S1400", "NAME": null}}, {"geom": {"type": "LineString", "coordinates": [[-119.948594, 38.933582], [-119.948616, 38.93362], [-119.948652, 38.93368], [-119.948689, 38.933731], [-119.948716, 38.933767], [-119.948751, 38.933816], [-119.948762, 38.93383], [-119.948775, 38.933856], [-119.94884, 38.933932], [-119.948858, 38.933962], [-119.948889, 38.934015], [-119.948903, 38.934039], [-119.94896, 38.934118], [-119.94904, 38.934213], [-119.949184, 38.9344], [-119.949211, 38.934436], [-119.949243, 38.934478], [-119.94944, 38.934836], [-119.94947, 38.934904], [-119.94947, 38.934943], [-119.949438, 38.934986], [-119.949353, 38.935053], [-119.949167, 38.935138], [-119.948842, 38.935267], [-119.948564, 38.935387], [-119.948346, 38.935482], [-119.948088, 38.935619]]}, "props": {"MTFCC": "S1400", "NAME": null}}, {"geom": {"type": "LineString", "coordinates": [[-119.985218, 38.935456], [-119.984976, 38.935478], [-119.984821, 38.935493], [-119.984324, 38.935539], [-119.98425, 38.935544], [-119.984207, 38.935548], [-119.984158, 38.935549], [-119.984091, 38.935559], [-119.984009, 38.935563], [-119.983694, 38.93558], [-119.983636, 38.935584], [-119.98287, 38.935682], [-119.982755, 38.935694], [-119.982568, 38.935715], [-119.982442, 38.935731], [-119.982192, 38.935761], [-119.982108, 38.935772], [-119.98144, 38.935828], [-119.981279, 38.935842], [-119.98119, 38.935844]]}, "props": {"MTFCC": "S1400", "NAME": null}}, {"geom": {"type": "LineString", "coordinates": [[-119.957581, 38.930755], [-119.957585, 38.930828], [-119.957578, 38.930864], [-119.957506, 38.931027], [-119.957463, 38.93109], [-119.957422, 38.931131], [-119.957338, 38.931195], [-119.956972, 38.93143], [-119.95687, 38.931489], [-119.95674, 38.931586], [-119.956438, 38.931772], [-119.956206, 38.931921], [-119.956043, 38.932048], [-119.955805, 38.932207], [-119.955541, 38.932389], [-119.955423, 38.932478], [-119.955353, 38.932538], [-119.955071, 38.932721], [-119.954902, 38.932842], [-119.95479, 38.932924], [-119.95449, 38.933139]]}, "props": {"MTFCC": "S1400", "NAME": null}}, {"geom": {"type": "LineString", "coordinates": [[-119.955066, 38.929154], [-119.955161, 38.929153], [-119.955445, 38.92915], [-119.955541, 38.92915], [-119.9557, 38.929149], [-119.955848, 38.929149], [-119.955892, 38.929152], [-119.956028, 38.929154], [-119.956132, 38.929149], [-119.956179, 38.929149], [-119.956339, 38.929152], [-119.961176, 38.92917]]}, "props": {"MTFCC": "S1400", "NAME": null}}, {"geom": {"type": "LineString", "coordinates": [[-119.954904, 38.926272], [-119.953865, 38.926259], [-119.953363, 38.926272], [-119.953198, 38.926366], [-119.953105, 38.926548], [-119.953096, 38.926668], [-119.953109, 38.927079], [-119.953154, 38.927717], [-119.953345, 38.927845], [-119.953678, 38.927885], [-119.955083, 38.927855]]}, "props": {"MTFCC": "S1400", "NAME": null}}, {"geom": {"type": "LineString", "coordinates": [[-119.969841, 38.918399], [-119.971213, 38.918372]]}, "props": {"MTFCC": "S1400", "NAME": null}}, {"geom": {"type": "LineString", "coordinates": [[-120.000867, 38.898894], [-120.000875, 38.898918], [-120.000865, 38.898974], [-120.000804, 38.899116], [-120.000762, 38.89923], [-120.000753, 38.899257], [-120.000626, 38.899555], [-120.000539, 38.899746], [-120.000496, 38.899864], [-120.000449, 38.89996], [-120.000353, 38.900202], [-120.000342, 38.900222], [-120.000326, 38.900256], [-120.000248, 38.9005], [-120.000223, 38.90056], [-120.000183, 38.900662], [-120.000157, 38.900731], [-120.000084, 38.900976], [-120.00006, 38.901084], [-120.000042, 38.901163], [-119.999988, 38.9014], [-119.999984, 38.901422], [-119.999975, 38.901481], [-119.999966, 38.901538], [-119.999947, 38.901663], [-119.999949, 38.901713], [-119.999953, 38.901772], [-119.999962, 38.901941], [-119.999984, 38.902071], [-120.000019, 38.902273], [-120.000055, 38.902395], [-120.000159, 38.902663], [-120.000215, 38.902767], [-120.000304, 38.902909], [-120.000434, 38.903114], [-120.00047, 38.903162], [-120.000909, 38.903873], [-120.001001, 38.904002], [-120.001119, 38.904193], [-120.001149, 38.904253], [-120.001246, 38.904399], [-120.001327, 38.904499], [-120.001726, 38.905143], [-120.001974, 38.905556], [-120.002028, 38.905639], [-120.002066, 38.905716], [-120.002234, 38.905961], [-120.002249, 38.905991], [-120.00228, 38.90605], [-120.0024, 38.90622207547169]]}, "props": {"MTFCC": "S1400", "NAME": null}}, {"geom": {"type": "LineString", "coordinates": [[-120.0024, 38.88710316000001], [-120.002238, 38.887281], [-120.002117, 38.887402], [-120.001993, 38.887555], [-120.001741, 38.887812], [-120.001616, 38.88795], [-120.001551, 38.888019], [-120.001422, 38.88817], [-120.001235, 38.888355], [-120.00112, 38.888472], [-120.001109, 38.888485], [-120.001041, 38.888567], [-120.000975, 38.888632], [-120.000901, 38.888686], [-120.000849, 38.888745], [-120.000803, 38.888813], [-120.000708, 38.888938], [-120.00048, 38.889181], [-120.000445, 38.889212], [-120.000409, 38.889252], [-120.000373, 38.889269], [-120.00034, 38.889274], [-120.000293, 38.889272], [-120.000224, 38.889256]]}, "props": {"MTFCC": "S1400", "NAME": null}}, {"geom": {"type": "LineString", "coordinates": [[-119.973464, 38.937935], [-119.973503, 38.9379], [-119.973569, 38.937881], [-119.973751, 38.937861], [-119.974202, 38.937864], [-119.974221, 38.937865], [-119.974311, 38.937862], [-119.97501, 38.937871], [-119.975988, 38.937879], [-119.976268, 38.937878], [-119.97636, 38.937882], [-119.976469, 38.937882], [-119.976726, 38.937885], [-119.976913, 38.937892], [-119.977014, 38.93789], [-119.977225, 38.937896]]}, "props": {"MTFCC": "S1400", "NAME": null}}, {"geom": {"type": "LineString", "coordinates": [[-119.973406, 38.939473], [-119.972707, 38.939478]]}, "props": {"MTFCC": "S1400", "NAME": null}}, {"geom": {"type": "LineString", "coordinates": [[-119.949476, 38.945182], [-119.949268, 38.945282], [-119.949083, 38.945358], [-119.948825, 38.945465], [-119.948663, 38.945535], [-119.948157, 38.945737], [-119.948074, 38.945786], [-119.947901, 38.94587], [-119.947891, 38.945875], [-119.947525, 38.946043], [-119.947511, 38.946051]]}, "props": {"MTFCC": "S1400", "NAME": null}}, {"geom": {"type": "LineString", "coordinates": [[-119.982385, 38.916383], [-119.982424, 38.916416], [-119.982439, 38.91643], [-119.98251, 38.916497], [-119.982573, 38.916565], [-119.982626, 38.916616], [-119.98274, 38.916709], [-119.982767, 38.916731], [-119.983064, 38.917014], [-119.983172, 38.917117], [-119.98323, 38.917178], [-119.983275, 38.917217], [-119.983604, 38.917502], [-119.983658, 38.917548], [-119.983705, 38.917606], [-119.9838, 38.917698], [-119.983815, 38.91771], [-119.983849, 38.917738], [-119.983894, 38.917786], [-119.984149, 38.918008], [-119.984195, 38.918063], [-119.984221, 38.918106], [-119.984217, 38.918145]]}, "props": {"MTFCC": "S1400", "NAME": null}}, {"geom": {"type": "LineString", "coordinates": [[-119.957881, 38.950931], [-119.957812, 38.950976], [-119.957694, 38.951055], [-119.957594, 38.951128], [-119.95748, 38.951206], [-119.957038, 38.951513], [-119.956977, 38.951551], [-119.956795, 38.951698], [-119.956591, 38.951893], [-119.956384, 38.952071], [-119.95634, 38.952111], [-119.956283, 38.952165], [-119.956152, 38.952272], [-119.956038, 38.952356], [-119.955968, 38.952423], [-119.95586, 38.952522], [-119.955738, 38.952622], [-119.955693, 38.952671], [-119.95557, 38.952773], [-119.955334, 38.952934], [-119.955288, 38.952969], [-119.955189, 38.953047], [-119.954989, 38.953215], [-119.954802, 38.953397], [-119.954733, 38.953459], [-119.95455, 38.953645], [-119.954452, 38.953751], [-119.95425, 38.953954], [-119.954176, 38.95402], [-119.954147, 38.95405], [-119.95407, 38.954127], [-119.954037, 38.954165], [-119.953988, 38.954223], [-119.953941, 38.954264], [-119.95376, 38.954456], [-119.953607, 38.954639], [-119.953446, 38.954825], [-119.952982, 38.955362], [-119.952872, 38.955483], [-119.952803, 38.955562], [-119.952769, 38.955593], [-119.952477, 38.9559], [-119.952442, 38.955938], [-119.952364, 38.956037], [-119.952255, 38.956158], [-119.952187, 38.956254], [-119.952125, 38.956318], [-119.952072, 38.956382], [-119.951937, 38.956582], [-119.951841, 38.956699], [-119.951622, 38.956943], [-119.951414, 38.957251], [-119.951145, 38.957652], [-119.951098, 38.95773]]}, "props": {"MTFCC": "S1400", "NAME": null}}, {"geom": {"type": "LineString", "coordinates": [[-120.0024, 38.93134348685404], [-120.001773, 38.931709], [-120.001196, 38.932043], [-120.001019, 38.932152], [-120.000938, 38.932211], [-120.000801, 38.932343], [-120.000744, 38.932416], [-120.000693, 38.932493], [-120.000656, 38.93256], [-120.000649, 38.932574], [-120.000613, 38.932659], [-120.000584, 38.932746], [-120.000563, 38.932835], [-120.000553, 38.932983], [-120.000563, 38.933433], [-120.000582, 38.933564], [-120.000616, 38.93368], [-120.000663, 38.933788], [-120.000705, 38.933853], [-120.000754, 38.93393], [-120.000812, 38.934016], [-120.000831, 38.934051], [-120.00087, 38.93412]]}, "props": {"MTFCC": "S1400", "NAME": null}}], "source": "https://www2.census.gov/geo/tiger/TIGER2024/ROADS/tl_2024_06017_roads.zip", "county_fips": "06017"}