{"type": "FeatureCollection", "features": [{"geom": {"type": "LineString", "coordinates": [[-119.6982, 38.66586], [-119.69819, 38.66596], [-119.69823, 38.66605], [-119.69832, 38.66615], [-119.69834, 38.6662], [-119.69834, 38.66631], [-119.69828, 38.66669], [-119.69826, 38.66689], [-119.69819, 38.66714], [-119.69814, 38.66727], [-119.69812, 38.66748], [-119.69806, 38.66771], [-119.69804, 38.6679], [-119.69807, 38.66816], [-119.69811, 38.66837], [-119.69824, 38.66873], [-119.69824, 38.66887], [-119.69821, 38.66901], [-119.69822, 38.66914], [-119.69828, 38.6693], [-119.698295, 38.669333], [-119.69838, 38.66952], [-119.69853, 38.66968], [-119.69876, 38.66987], [-119.69908, 38.67007], [-119.6992, 38.67021], [-119.69932, 38.67049], [-119.69934, 38.67062], [-119.69933, 38.67076], [-119.69926, 38.67095], [-119.69919, 38.67126], [-119.69922, 38.67144], [-119.69926, 38.67158], [-119.69935, 38.67172], [-119.69953, 38.67192], [-119.6997, 38.67212], [-119.69985, 38.67224], [-119.70001, 38.67229], [-119.70025, 38.67238], [-119.70044, 38.67248], [-119.70061, 38.67264], [-119.70089, 38.67289], [-119.70118, 38.67313], [-119.70141, 38.6733], [-119.70163, 38.67342], [-119.70202, 38.67366], [-119.70236, 38.67388], [-119.70273, 38.67417], [-119.70287, 38.67423], [-119.70315, 38.67432], [-119.70339, 38.67445], [-119.70347, 38.67451], [-119.70351, 38.67461], [-119.70354, 38.67479], [-119.70357, 38.67492], [-119.70364, 38.67505], [-119.70376, 38.67517], [-119.70394, 38.67529], [-119.70418, 38.67539], [-119.70442, 38.67546], [-119.70458, 38.67553], [-119.70477, 38.67566], [-119.70505, 38.67592], [-119.7053, 38.67603], [-119.70551, 38.67606], [-119.705657, 38.676087], [-119.70567, 38.67609], [-119.70585, 38.67614], [-119.7061, 38.67627], [-119.70676, 38.67667], [-119.70708, 38.67689], [-119.70741, 38.67717], [-119.70761, 38.67732], [-119.70779, 38.67742], [-119.70797, 38.67749], [-119.7084, 38.67775], [-119.70846, 38.67789], [-119.708498, 38.678109], [-119.708503, 38.678122], [-119.70854, 38.67844], [-119.70859, 38.67859], [-119.70869, 38.67878], [-119.70888, 38.67898], [-119.70906, 38.67915], [-119.70919, 38.67925], [-119.70935, 38.67931], [-119.70957, 38.67938], [-119.709748, 38.679448], [-119.70983, 38.67948], [-119.71004, 38.67957], [-119.71031, 38.67967], [-119.71058, 38.67976], [-119.71083, 38.67988], [-119.71117, 38.68002], [-119.71145, 38.68014], [-119.71171, 38.68032], [-119.71201, 38.68068], [-119.71225, 38.68093], [-119.71259, 38.68127], [-119.71294, 38.68163], [-119.71316, 38.68183], [-119.71332, 38.68195], [-119.71339, 38.68202], [-119.71342, 38.68206], [-119.71343, 38.68214], [-119.71337, 38.68225], [-119.71323, 38.68238], [-119.71298, 38.68256], [-119.71242, 38.682902], [-119.71231, 38.68297], [-119.71197, 38.6831], [-119.7117, 38.68319], [-119.71121, 38.68341], [-119.71083, 38.6836], [-119.710621, 38.683692], [-119.710607, 38.683705], [-119.7104, 38.68379], [-119.7098, 38.68394], [-119.70945, 38.68399], [-119.70911, 38.68405], [-119.70887, 38.68412], [-119.708512, 38.684269], [-119.70825, 38.68438], [-119.7078, 38.68459], [-119.70709, 38.68496], [-119.7069, 38.6851], [-119.70613, 38.68579], [-119.70573, 38.68611], [-119.70529, 38.68644], [-119.70501, 38.68662], [-119.70485, 38.68669], [-119.70468, 38.68672], [-119.70449, 38.68678], [-119.70429, 38.68687], [-119.704, 38.68708], [-119.70361, 38.68733], [-119.70339, 38.68746], [-119.70326, 38.6875], [-119.70313, 38.68753], [-119.702953, 38.687513], [-119.70291, 38.68751], [-119.70282, 38.68756], [-119.70272, 38.68763], [-119.70255, 38.68772], [-119.70227, 38.68788], [-119.70213, 38.68797], [-119.702, 38.68801], [-119.70164, 38.68809], [-119.70141, 38.68819], [-119.70119, 38.6883], [-119.70106, 38.68835], [-119.700974, 38.68837], [-119.70093, 38.68838], [-119.700845, 38.688411], [-119.700843, 38.688423], [-119.69984, 38.689248], [-119.699443, 38.689575], [-119.698802, 38.690557], [-119.698695, 38.69086], [-119.698667, 38.690977], [-119.69868, 38.691178], [-119.698683, 38.691314], [-119.698749, 38.691396], [-119.698825, 38.691431], [-119.699149, 38.691276], [-119.699373, 38.691163], [-119.699465, 38.691062], [-119.699588, 38.690948], [-119.699692, 38.69092], [-119.699764, 38.690929], [-119.699774, 38.691002], [-119.699751, 38.69109], [-119.699584, 38.691424], [-119.699587, 38.691475], [-119.699603, 38.691721], [-119.699688, 38.691888], [-119.69971, 38.69202], [-119.699688, 38.69231], [-119.699652, 38.692419], [-119.699579, 38.692548], [-119.699346, 38.692776], [-119.698906, 38.693206], [-119.698575, 38.693475], [-119.698332, 38.693682], [-119.698308, 38.693698], [-119.698083, 38.693863], [-119.697892, 38.693993], [-119.69783, 38.694055], [-119.697799, 38.694138], [-119.69785, 38.694267], [-119.697835, 38.694536], [-119.697799, 38.694691], [-119.697757, 38.694754], [-119.697623, 38.694847], [-119.697421, 38.695018], [-119.697297, 38.695137], [-119.69724, 38.69524], [-119.697121, 38.69569], [-119.696996, 38.695887], [-119.696882, 38.696225], [-119.696794, 38.696468], [-119.696655, 38.697063], [-119.696649, 38.697259], [-119.696649, 38.697276], [-119.696603, 38.697451], [-119.696479, 38.697741], [-119.696339, 38.69799], [-119.696132, 38.69815], [-119.695874, 38.698355], [-119.695763, 38.698441], [-119.695642, 38.698538], [-119.695433, 38.698702], [-119.695324, 38.69879], [-119.6949, 38.699126], [-119.694776, 38.69923], [-119.694698, 38.699328], [-119.694527, 38.699525], [-119.694424, 38.699633], [-119.693792, 38.700172], [-119.693684, 38.700245], [-119.693528, 38.700353], [-119.693399, 38.700368], [-119.693223, 38.700353], [-119.693176, 38.700328], [-119.693104, 38.700291], [-119.692969, 38.700156], [-119.692871, 38.700079], [-119.69269, 38.700047], [-119.692571, 38.700058], [-119.692426, 38.700104], [-119.692265, 38.700172], [-119.692136, 38.700265], [-119.691784, 38.700493], [-119.691038, 38.70099], [-119.690975, 38.701035], [-119.690717, 38.701222], [-119.690345, 38.701455], [-119.690024, 38.701631], [-119.689744, 38.70173], [-119.689501, 38.701823], [-119.689211, 38.70189], [-119.688859, 38.701958], [-119.688714, 38.701978], [-119.688564, 38.701978], [-119.688378, 38.701958], [-119.68814, 38.701885], [-119.687922, 38.701792], [-119.687663, 38.701652], [-119.687487, 38.701549], [-119.687296, 38.701455], [-119.686835, 38.70114], [-119.686706, 38.701062], [-119.686556, 38.70101], [-119.686416, 38.700974], [-119.686281, 38.700907], [-119.686178, 38.700808], [-119.685902, 38.700549], [-119.685462, 38.699819], [-119.685139, 38.699546], [-119.684464, 38.699196], [-119.684348, 38.699136], [-119.68423, 38.698976], [-119.68411, 38.698246], [-119.684081, 38.6982], [-119.683967, 38.697998], [-119.683828, 38.697791], [-119.683646, 38.697641], [-119.683522, 38.697574], [-119.683419, 38.697568], [-119.683258, 38.697625], [-119.68317, 38.697694], [-119.683072, 38.697839], [-119.683062, 38.697873], [-119.682957, 38.698235], [-119.682932, 38.698325], [-119.682787, 38.698589], [-119.682549, 38.698817], [-119.682368, 38.698962], [-119.68222, 38.699057], [-119.68213, 38.699117], [-119.681938, 38.699148], [-119.681865, 38.699133], [-119.681788, 38.699117], [-119.681628, 38.699029], [-119.681441, 38.698936], [-119.681188, 38.698817], [-119.680919, 38.698657], [-119.680504, 38.69833], [-119.680354, 38.69831], [-119.680054, 38.698258], [-119.6798, 38.698206], [-119.679604, 38.698154], [-119.67935, 38.698098], [-119.679179, 38.698082], [-119.679014, 38.698077], [-119.678791, 38.698061], [-119.678568, 38.698056], [-119.678382, 38.698041], [-119.678191, 38.698077], [-119.677937, 38.69817], [-119.677678, 38.698284], [-119.677414, 38.698439], [-119.677129, 38.698532], [-119.676953, 38.698538], [-119.676793, 38.698532], [-119.676451, 38.698496], [-119.675923, 38.698455], [-119.675696, 38.698413], [-119.675344, 38.698315], [-119.674976, 38.698232], [-119.67469, 38.698039], [-119.674122, 38.697145], [-119.673987, 38.696979], [-119.67391, 38.69686], [-119.673796, 38.696602], [-119.673631, 38.69641], [-119.673524, 38.696132], [-119.673307, 38.695991], [-119.672968, 38.695898], [-119.672735, 38.695866], [-119.672466, 38.695789], [-119.672176, 38.695727], [-119.671829, 38.695618], [-119.671523, 38.695499], [-119.671213, 38.695385], [-119.671068, 38.695364], [-119.670913, 38.695349], [-119.670856, 38.695375], [-119.670628, 38.695499], [-119.670614, 38.69568], [-119.670823, 38.695933], [-119.67086, 38.696373], [-119.670088, 38.696883], [-119.669513, 38.696957], [-119.669312, 38.696912], [-119.667653, 38.695762], [-119.667172, 38.695151], [-119.666544, 38.694586], [-119.666147, 38.694134], [-119.666109, 38.694107], [-119.666042, 38.694008], [-119.666011, 38.693946], [-119.665845, 38.693858], [-119.665498, 38.693708], [-119.6651, 38.693553], [-119.66497, 38.693522], [-119.664841, 38.69348], [-119.664711, 38.693465], [-119.664541, 38.693407], [-119.664499, 38.693392], [-119.664375, 38.69333], [-119.664277, 38.693242], [-119.664189, 38.693149], [-119.664132, 38.692957], [-119.664085, 38.692652], [-119.663992, 38.692357], [-119.663868, 38.69214], [-119.663583, 38.691865], [-119.66335, 38.69171], [-119.663122, 38.691627], [-119.662894, 38.691601], [-119.662625, 38.691549], [-119.662568, 38.691487], [-119.662475, 38.691404], [-119.662304, 38.691176], [-119.662196, 38.690928], [-119.662066, 38.690778], [-119.661735, 38.690369], [-119.661569, 38.69012], [-119.661393, 38.689877], [-119.661254, 38.689763], [-119.661119, 38.68967], [-119.660964, 38.689582], [-119.660793, 38.689478], [-119.660674, 38.689359], [-119.660591, 38.689251], [-119.660529, 38.689121], [-119.66055, 38.689044], [-119.660462, 38.688805], [-119.660287, 38.688405], [-119.660215, 38.688344], [-119.660165, 38.688241], [-119.660089, 38.688134], [-119.66002, 38.688073], [-119.659891, 38.687986], [-119.659687, 38.687953], [-119.659514, 38.687671], [-119.659199, 38.687428]]}, "props": {"MTFCC": "S1400", "NAME": null}}, {"geom": {"type": "LineString", "coordinates": [[-119.82163, 38.77768], [-119.821679, 38.777691], [-119.82183, 38.777727], [-119.82188, 38.77774]]}, "props": {"MTFCC": "S1400", "NAME": null}}, {"geom": {"type": "LineString", "coordinates": [[-119.82696, 38.77413], [-119.82695, 38.77429], [-119.82692, 38.77435], [-119.82686, 38.7744], [-119.826765, 38.7744], [-119.82633, 38.7744], [-119.82595, 38.77448], [-119.82592, 38.774497], [-119.82569, 38.77463], [-119.825631, 38.774679], [-119.82551, 38.77478], [-119.825388, 38.774859], [-119.825302, 38.774904], [-119.825241, 38.774959], [-119.82481, 38.77525], [-119.824546, 38.77542], [-119.82433, 38.77556], [-119.82395, 38.77579], [-119.82362, 38.77598], [-119.82336, 38.77612], [-119.82326, 38.77617], [-119.82298, 38.77634], [-119.8228, 38.77646], [-119.82274, 38.7765], [-119.82239, 38.77677], [-119.82226, 38.776925], [-119.82224, 38.77695], [-119.8221, 38.77714], [-119.82203, 38.77731], [-119.82202, 38.7774], [-119.82194, 38.77767], [-119.82188, 38.77774]]}, "props": {"MTFCC": "S1400", "NAME": null}}, {"geom": {"type": "LineString", "coordinates": [[-119.82139, 38.7801], [-119.82114, 38.78014], [-119.82101, 38.78019], [-119.82095, 38.78028], [-119.82084, 38.78051], [-119.82073, 38.7808], [-119.82059, 38.78107], [-119.82042, 38.78137], [-119.820277, 38.781554], [-119.82018, 38.78168], [-119.81996, 38.78191], [-119.8197, 38.78212], [-119.81938, 38.78232], [-119.81913, 38.78242], [-119.8188, 38.78252], [-119.8185, 38.78259], [-119.81824, 38.78264], [-119.818162, 38.782659], [-119.81788, 38.78273], [-119.81756, 38.7828], [-119.81661, 38.78301], [-119.81632, 38.78308], [-119.81613, 38.78314], [-119.81593, 38.78322], [-119.81573, 38.78331], [-119.814955, 38.783693], [-119.81472, 38.78381], [-119.81436, 38.78396], [-119.8141, 38.78403], [-119.81367, 38.78409], [-119.81313, 38.78415], [-119.813081, 38.784151], [-119.81261, 38.78416], [-119.81213, 38.78422], [-119.81167, 38.78427], [-119.81134, 38.78434], [-119.81105, 38.78441], [-119.810446, 38.784632], [-119.81029, 38.78469], [-119.809, 38.78523], [-119.808705, 38.785348], [-119.80865, 38.78537], [-119.80855, 38.78541], [-119.80833, 38.78549], [-119.80815, 38.78553], [-119.80795, 38.78557], [-119.80771, 38.78558], [-119.80744, 38.78558], [-119.80682, 38.78556], [-119.80595, 38.78554], [-119.80562, 38.78556], [-119.80538, 38.78559], [-119.80503, 38.7857], [-119.80456, 38.78586], [-119.80424, 38.78595], [-119.80392, 38.78603], [-119.80362, 38.78607], [-119.80336, 38.78609], [-119.80273, 38.78611], [-119.802606, 38.786106], [-119.80242, 38.7861], [-119.80216, 38.78608], [-119.80193, 38.78607], [-119.80171, 38.78608], [-119.80147, 38.7861], [-119.8004, 38.78626], [-119.799929, 38.786328], [-119.79936, 38.78641], [-119.79893, 38.78648], [-119.79862, 38.78657], [-119.79831, 38.78667], [-119.79799, 38.78681], [-119.79774, 38.78693], [-119.79742, 38.78715], [-119.797, 38.78747], [-119.796791, 38.787622], [-119.79645, 38.78787], [-119.79609, 38.7881], [-119.79576, 38.78834], [-119.79556, 38.78852], [-119.79542, 38.78867], [-119.79512, 38.78909], [-119.79492, 38.78941], [-119.79474, 38.78965], [-119.79455, 38.78988], [-119.794321, 38.790127], [-119.79431, 38.79014], [-119.79402, 38.79039], [-119.79374, 38.79062], [-119.79358, 38.79078], [-119.79343, 38.79096], [-119.79318, 38.79129], [-119.79294, 38.79162], [-119.79258, 38.79217], [-119.79207, 38.79285], [-119.792, 38.79301], [-119.79196, 38.79315], [-119.79196, 38.7933], [-119.79199, 38.79347], [-119.79219, 38.79422], [-119.79223, 38.79448], [-119.79225, 38.79498], [-119.79226, 38.795412], [-119.79227, 38.795846], [-119.79229, 38.79664], [-119.79231, 38.79723], [-119.79234, 38.79792], [-119.79232, 38.79808], [-119.79226, 38.79829], [-119.79216, 38.79845], [-119.79197, 38.79865], [-119.79172, 38.7988], [-119.79134, 38.79899], [-119.79082, 38.79917], [-119.78935, 38.79972], [-119.78848, 38.80002], [-119.788, 38.8002], [-119.78769, 38.80031], [-119.78718, 38.8005], [-119.7869, 38.8006], [-119.78656, 38.80075], [-119.78571, 38.80115], [-119.78515, 38.80137], [-119.78472, 38.80151], [-119.78404, 38.80174], [-119.78381, 38.80183], [-119.78365, 38.80192], [-119.78351, 38.80202], [-119.78339, 38.80214], [-119.78327, 38.80232], [-119.78315, 38.80251], [-119.78298, 38.80272], [-119.78285, 38.80283], [-119.78265, 38.80293], [-119.78242, 38.80298], [-119.78214, 38.80301], [-119.78174, 38.80304], [-119.7816, 38.80304], [-119.781518, 38.803051], [-119.78116, 38.8031], [-119.781, 38.80315], [-119.78086, 38.8032], [-119.78075, 38.80329], [-119.78063, 38.80341], [-119.78055, 38.80357], [-119.78046, 38.80391], [-119.78039, 38.80429], [-119.78033, 38.80458], [-119.7801, 38.8053], [-119.78006, 38.80552], [-119.78003, 38.80577], [-119.77999, 38.80605], [-119.77995, 38.80625], [-119.77987, 38.80647], [-119.77968, 38.80693], [-119.77941, 38.80756], [-119.77914, 38.80814], [-119.77893, 38.80866], [-119.77876, 38.80911]]}, "props": {"MTFCC": "S1400", "NAME": null}}, {"geom": {"type": "LineString", "coordinates": [[-119.82696, 38.77413], [-119.82695, 38.77429], [-119.82692, 38.77435], [-119.82686, 38.7744], [-119.826765, 38.7744], [-119.82633, 38.7744], [-119.82595, 38.77448], [-119.82592, 38.774497], [-119.82569, 38.77463], [-119.825631, 38.774679], [-119.82551, 38.77478], [-119.825388, 38.774859], [-119.825302, 38.774904], [-119.825241, 38.774959], [-119.82481, 38.77525], [-119.824546, 38.77542], [-119.82433, 38.77556], [-119.82395, 38.77579], [-119.82362, 38.77598], [-119.82336, 38.77612], [-119.82326, 38.77617], [-119.82298, 38.77634], [-119.8228, 38.77646], [-119.82274, 38.7765], [-119.82239, 38.77677], [-119.82226, 38.776925], [-119.82224, 38.77695], [-119.8221, 38.77714], [-119.82203, 38.77731], [-119.82202, 38.7774], [-119.82194, 38.77767], [-119.82188, 38.77774], [-119.821807, 38.777812], [-119.82177, 38.77785], [-119.821615, 38.778053], [-119.82153, 38.77811]]}, "props": {"MTFCC": "S1400", "NAME": null}}, {"geom": {"type": "LineString", "coordinates": [[-119.82188, 38.77774], [-119.821807, 38.777812], [-119.82177, 38.77785], [-119.821615, 38.778053], [-119.82153, 38.77811]]}, "props": {"MTFCC": "S1400", "NAME": null}}, {"geom": {"type": "LineString", "coordinates": [[-119.773997, 38.82363], [-119.77393, 38.82363], [-119.77375, 38.82359], [-119.77359, 38.82354], [-119.77339, 38.82349], [-119.773186, 38.823478], [-119.77304, 38.82347], [-119.7728, 38.82349], [-119.77255, 38.82355], [-119.77235, 38.82366], [-119.77218, 38.82384], [-119.77195, 38.82402], [-119.77168, 38.82419], [-119.77146, 38.82432], [-119.77133, 38.82442], [-119.77125, 38.82454], [-119.771205, 38.824726], [-119.77119, 38.82479], [-119.77115, 38.82507], [-119.77113, 38.82555], [-119.771019, 38.825688], [-119.770525, 38.827259], [-119.770484, 38.828296], [-119.770556, 38.82845]]}, "props": {"MTFCC": "S1740", "NAME": null}}, {"geom": {"type": "LineString", "coordinates": [[-120.0024, 38.51328164758843], [-120.002208, 38.513334], [-120.002084, 38.513446], [-120.001901, 38.513499], [-120.001462, 38.513629], [-120.001007, 38.514413], [-120.001055, 38.514849], [-120.001018, 38.515052]]}, "props": {"MTFCC": "S1500", "NAME": null}}, {"geom": {"type": "LineString", "coordinates": [[-119.955222, 38.639196], [-119.955166, 38.639158], [-119.95511, 38.63912], [-119.955, 38.63903], [-119.9548, 38.6389], [-119.95468, 38.63885], [-119.9546, 38.63879], [-119.95445, 38.63852], [-119.95445, 38.638433], [-119.95445, 38.6384], [-119.9546, 38.63819], [-119.95469, 38.63803], [-119.95497, 38.63791], [-119.95548, 38.638], [-119.95602, 38.63805], [-119.95643, 38.63807], [-119.95658, 38.63815], [-119.95662, 38.63829], [-119.95661, 38.63844], [-119.95656, 38.63853], [-119.95646, 38.6386], [-119.95634, 38.63861], [-119.955984, 38.638538], [-119.95594, 38.63853], [-119.95572, 38.63854], [-119.95555, 38.63859], [-119.95544, 38.6387], [-119.955355, 38.638882], [-119.95524, 38.63913], [-119.955222, 38.639196]]}, "props": {"MTFCC": "S1400", "NAME": null}}, {"geom": {"type": "LineString", "coordinates": [[-119.961182, 38.680297], [-119.96119, 38.68031], [-119.96137, 38.68046], [-119.96164, 38.68086], [-119.96175, 38.6811], [-119.96182, 38.68136], [-119.96182, 38.68174], [-119.96175, 38.68219], [-119.96162, 38.68296], [-119.96154, 38.68374], [-119.96141, 38.6849], [-119.96134, 38.6853], [-119.96127, 38.68548], [-119.96116, 38.68582], [-119.96108, 38.68594], [-119.96075, 38.68634], [-119.96072, 38.68677], [-119.96064, 38.68738], [-119.960698, 38.687553], [-119.96071, 38.68759], [-119.96074, 38.68777], [-119.96072, 38.68791], [-119.96044, 38.68826], [-119.96021, 38.68857], [-119.96012, 38.68878], [-119.96006, 38.68902], [-119.95997, 38.68913], [-119.95977, 38.68936], [-119.95971, 38.6895], [-119.95967, 38.68973], [-119.95963, 38.69005], [-119.9596, 38.69016], [-119.9593, 38.69038], [-119.95929, 38.69049], [-119.95925, 38.6907], [-119.95912, 38.69109], [-119.95911, 38.69124], [-119.95913, 38.69153], [-119.95921, 38.69192], [-119.95926, 38.69211], [-119.95939, 38.6924], [-119.9594, 38.69255], [-119.95942, 38.69261], [-119.95967, 38.69285], [-119.95978, 38.69295], [-119.96015, 38.6935], [-119.96037, 38.69375], [-119.96053, 38.69387], [-119.96092, 38.69404], [-119.96111, 38.69416], [-119.96126, 38.69434], [-119.96142, 38.6945], [-119.96153, 38.6946], [-119.96157, 38.69466], [-119.96168, 38.69469], [-119.96195, 38.6949], [-119.9626, 38.69538], [-119.96277, 38.69554], [-119.96292, 38.69593], [-119.963, 38.69605], [-119.96309, 38.69608], [-119.9634, 38.6961], [-119.96365, 38.69621], [-119.96374, 38.69637], [-119.96379, 38.69648], [-119.96391, 38.69655], [-119.96412, 38.69665], [-119.96465, 38.69681], [-119.9649, 38.69695], [-119.96521, 38.69719], [-119.96546, 38.69746], [-119.9656, 38.69756], [-119.96566, 38.6977], [-119.96574, 38.69786], [-119.96602, 38.69811], [-119.9661, 38.69827], [-119.96618, 38.69855], [-119.9662, 38.6988], [-119.96627, 38.6991]]}, "props": {"MTFCC": "S1400", "NAME": null}}, {"geom": {"type": "LineString", "coordinates": [[-119.9714, 38.684902], [-119.972261, 38.685017], [-119.972706, 38.685221], [-119.97287, 38.687482], [-119.972988, 38.687711], [-119.972973, 38.688305], [-119.972781, 38.688852], [-119.972876, 38.689287], [-119.973241, 38.689926], [-119.97325, 38.690428], [-119.972871, 38.691822], [-119.972532, 38.692279], [-119.972545, 38.69285], [-119.972668, 38.693193], [-119.972816, 38.693284], [-119.972766, 38.693626], [-119.972424, 38.693855], [-119.971737, 38.694155], [-119.970878, 38.694249], [-119.970307, 38.694614], [-119.96945, 38.694915], [-119.968848, 38.694984], [-119.968075, 38.695375], [-119.96768, 38.695855], [-119.967689, 38.696311], [-119.968177, 38.697293], [-119.968189, 38.697932], [-119.968344, 38.698298], [-119.96891, 38.69864], [-119.969514, 38.69841], [-119.970052, 38.698344], [-119.971669, 38.698077], [-119.972208, 38.697829], [-119.973111, 38.69708], [-119.973466, 38.696219], [-119.974243, 38.695015], [-119.974582, 38.69479], [-119.974666, 38.694609], [-119.975289, 38.694177], [-119.975969, 38.693837], [-119.979241, 38.693069], [-119.979975, 38.692526], [-119.980336, 38.691913], [-119.981237, 38.691074], [-119.981353, 38.691075], [-119.981719, 38.691077], [-119.982858, 38.691306], [-119.983169, 38.691488], [-119.984339, 38.691821], [-119.985552, 38.692269], [-119.98572, 38.69243]]}, "props": {"MTFCC": "S1500", "NAME": null}}, {"geom": {"type": "LineString", "coordinates": [[-119.958135, 38.604713], [-119.957722, 38.604906], [-119.95668, 38.605395], [-119.956542, 38.60556], [-119.956448, 38.605674], [-119.95641, 38.605979], [-119.956332, 38.606569], [-119.956127, 38.606752], [-119.954578, 38.606911], [-119.953613, 38.607207], [-119.953058, 38.607481], [-119.952736, 38.60778], [-119.95256, 38.608145], [-119.951713, 38.608351], [-119.950982, 38.608921], [-119.950827, 38.609059], [-119.949608, 38.610154], [-119.94917, 38.610245], [-119.948322, 38.610223], [-119.946657, 38.611113], [-119.945575, 38.611615], [-119.945167, 38.611685], [-119.944698, 38.611662], [-119.944372, 38.611565], [-119.944232, 38.611524], [-119.943441, 38.61079], [-119.938531, 38.609162], [-119.936692, 38.608887], [-119.93596, 38.608681], [-119.935464, 38.608314], [-119.934966, 38.607788], [-119.934557, 38.60781], [-119.934352, 38.60797], [-119.934001, 38.607947], [-119.933943, 38.607696], [-119.933709, 38.607581], [-119.933065, 38.607579], [-119.932394, 38.607419], [-119.932183, 38.607291], [-119.931752, 38.60703], [-119.931254, 38.60648], [-119.930844, 38.605793], [-119.930639, 38.605656], [-119.930112, 38.605701], [-119.929733, 38.605999], [-119.928591, 38.607277], [-119.928036, 38.607552], [-119.927626, 38.60826], [-119.927333, 38.608397], [-119.927208, 38.608417], [-119.926872, 38.608471], [-119.926489, 38.608534], [-119.926267, 38.608672], [-119.926099, 38.608649], [-119.925946, 38.608516], [-119.92569, 38.608293], [-119.925623, 38.608214], [-119.925555, 38.608135], [-119.925514, 38.607936], [-119.92551, 38.607916], [-119.92543, 38.6079], [-119.92533, 38.60801], [-119.925119, 38.608161], [-119.92508, 38.60819], [-119.92502, 38.6083], [-119.92488, 38.60851], [-119.92473, 38.60877]]}, "props": {"MTFCC": "S1400", "NAME": null}}, {"geom": {"type": "LineString", "coordinates": [[-119.99168, 38.69631], [-119.99176, 38.69643]]}, "props": {"MTFCC": "S1400", "NAME": null}}, {"geom": {"type": "LineString", "coordinates": [[-119.779273, 38.808946], [-119.779333, 38.809017], [-119.77961, 38.80926], [-119.77963, 38.80884], [-119.77965, 38.8085], [-119.77969, 38.8083]]}, "props": {"MTFCC": "S1400", "NAME": null}}, {"geom": {"type": "LineString", "coordinates": [[-119.78012, 38.81229], [-119.78037, 38.81227]]}, "props": {"MTFCC": "S1400", "NAME": null}}, {"geom": {"type": "LineString", "coordinates": [[-119.817033, 38.788001], [-119.81708, 38.78798], [-119.817192, 38.787958], [-119.81728, 38.78794], [-119.81742, 38.7879]]}, "props": {"MTFCC": "S1400", "NAME": null}}, {"geom": {"type": "LineString", "coordinates": [[-119.79603, 38.6931], [-119.79599, 38.69324], [-119.79589, 38.69333], [-119.79567, 38.6934], [-119.79478, 38.69345], [-119.79442, 38.69349], [-119.79427, 38.69353], [-119.79409, 38.69367], [-119.79397, 38.69377], [-119.79381, 38.69383], [-119.79364, 38.69393], [-119.79353, 38.69403], [-119.79342, 38.69427], [-119.79334, 38.69437], [-119.79332, 38.69447]]}, "props": {"MTFCC": "S1400", "NAME": null}}, {"geom": {"type": "LineString", "coordinates": [[-119.92426, 38.60947], [-119.924404, 38.609579], [-119.92467, 38.60978], [-119.92473, 38.60984], [-119.92475, 38.60993], [-119.924746, 38.609965], [-119.92474, 38.61003], [-119.9247, 38.61014]]}, "props": {"MTFCC": "S1400", "NAME": null}}, {"geom": {"type": "LineString", "coordinates": [[-119.802405, 38.514244], [-119.80224, 38.5144], [-119.80224, 38.51452], [-119.8023, 38.51474], [-119.802652, 38.515308], [-119.80294, 38.515772], [-119.80312, 38.516442], [-119.803293, 38.516729], [-119.803673, 38.51736], [-119.8037, 38.517404], [-119.803763, 38.517754], [-119.80382, 38.518065], [-119.80405, 38.518405], [-119.804185, 38.51874], [-119.80443, 38.519346], [-119.80485, 38.520367], [-119.80492, 38.520538], [-119.80504, 38.520691], [-119.805516, 38.521296], [-119.80562, 38.521429], [-119.80591, 38.521729], [-119.80589, 38.52218], [-119.80591, 38.52228], [-119.805951, 38.522309], [-119.80601, 38.52235], [-119.806492, 38.522285], [-119.80668, 38.52226], [-119.80685, 38.52229], [-119.80701, 38.52238], [-119.80716, 38.52245], [-119.80738, 38.52245], [-119.80785, 38.52242], [-119.80816, 38.52244], [-119.80826, 38.52251], [-119.80846, 38.52254], [-119.808672, 38.522646], [-119.80872, 38.522668], [-119.808755, 38.522705], [-119.80881, 38.52276], [-119.80901, 38.52278], [-119.80927, 38.52285], [-119.80971, 38.52306], [-119.81002, 38.52326], [-119.81025, 38.52336], [-119.810669, 38.5236], [-119.81079, 38.52367], [-119.810936, 38.523786], [-119.81113, 38.52394], [-119.81128, 38.52411], [-119.81127, 38.52431], [-119.8113, 38.52439], [-119.81146, 38.5245], [-119.81169, 38.52456], [-119.81197, 38.52464], [-119.812103, 38.524683], [-119.812384, 38.52492], [-119.81286, 38.52567], [-119.813163, 38.525847], [-119.81322, 38.52588], [-119.81349, 38.52584], [-119.81361, 38.52589], [-119.8137, 38.52599], [-119.81372, 38.52619], [-119.81376, 38.52631], [-119.814184, 38.527057], [-119.814381, 38.527405], [-119.814536, 38.527596], [-119.814615, 38.527867], [-119.81462, 38.52851], [-119.814641, 38.528667], [-119.8148, 38.52988], [-119.81479, 38.53023], [-119.81481, 38.53044], [-119.814813, 38.530459], [-119.814823, 38.530535], [-119.81519, 38.531105], [-119.815337, 38.531333], [-119.815737, 38.531762], [-119.81595, 38.531836], [-119.81599, 38.53185], [-119.81643, 38.53201], [-119.81656, 38.53208], [-119.81724, 38.53275], [-119.817376, 38.532866], [-119.81751, 38.53298], [-119.81832, 38.53358], [-119.8189, 38.53402], [-119.81894, 38.53413], [-119.818962, 38.534194], [-119.819056, 38.534458], [-119.819138, 38.534688], [-119.819391, 38.534869], [-119.81942, 38.53489], [-119.81966, 38.53495], [-119.81985, 38.53494], [-119.81994, 38.5349], [-119.819997, 38.534843], [-119.82016, 38.53468], [-119.8205, 38.53463], [-119.82075, 38.53467], [-119.82105, 38.5348], [-119.82119, 38.53488], [-119.82129, 38.53512], [-119.82143, 38.53543], [-119.821442, 38.535459], [-119.82151, 38.53563], [-119.82158, 38.53575], [-119.82168, 38.53584], [-119.8219, 38.53589], [-119.82207, 38.53595], [-119.82226, 38.53611], [-119.82245, 38.53631], [-119.8226, 38.53651], [-119.82269, 38.53675], [-119.82278, 38.53686], [-119.82325, 38.53735], [-119.823347, 38.537457], [-119.82345, 38.53757], [-119.82355, 38.53764], [-119.82384, 38.53771], [-119.8241, 38.53779], [-119.824337, 38.537895], [-119.825246, 38.538297], [-119.82525, 38.538393], [-119.825443, 38.538559], [-119.825651, 38.538738], [-119.825882, 38.538818], [-119.827797, 38.539483], [-119.82786, 38.53953], [-119.828025, 38.539657], [-119.82812, 38.53973], [-119.828841, 38.540336], [-119.82906, 38.54052], [-119.82967, 38.54087], [-119.83035, 38.54144], [-119.83068, 38.54185], [-119.83079, 38.54207], [-119.83083, 38.54226], [-119.8309, 38.54232], [-119.83097, 38.54235], [-119.831027, 38.54235], [-119.83124, 38.54235], [-119.83138, 38.54237], [-119.83185, 38.54255], [-119.83222, 38.54267], [-119.83257, 38.54281], [-119.83292, 38.54304], [-119.83302, 38.54319], [-119.833221, 38.543356], [-119.833832, 38.54386], [-119.833841, 38.54409], [-119.833161, 38.54466], [-119.833246, 38.54532], [-119.83326, 38.54536], [-119.83336, 38.54561], [-119.833344, 38.545662], [-119.8333, 38.54581], [-119.83318, 38.54606], [-119.83316, 38.54623], [-119.83323, 38.54629], [-119.833298, 38.546343], [-119.833342, 38.546372], [-119.83338, 38.546406], [-119.83354, 38.54653], [-119.83379, 38.54671], [-119.83437, 38.547], [-119.83463, 38.54723], [-119.83478, 38.54733], [-119.83496, 38.54742], [-119.8352, 38.54751], [-119.83532, 38.54761]]}, "props": {"MTFCC": "S1500", "NAME": null}}, {"geom": {"type": "LineString", "coordinates": [[-119.80638, 38.80438], [-119.806154, 38.804377], [-119.805476, 38.804371], [-119.80525, 38.80437], [-119.80503, 38.80437], [-119.804707, 38.80437], [-119.80436, 38.80437], [-119.803081, 38.80437], [-119.80301, 38.80437], [-119.80254, 38.80436], [-119.802349, 38.804245], [-119.80201, 38.80404], [-119.801785, 38.803892], [-119.8016, 38.80377], [-119.801128, 38.80349], [-119.80089, 38.80335], [-119.7998, 38.80267], [-119.799727, 38.802629], [-119.79925, 38.80236]]}, "props": {"MTFCC": "S1400", "NAME": null}}, {"geom": {"type": "LineString", "coordinates": [[-119.81105, 38.79314], [-119.8112, 38.79316], [-119.81129, 38.79323], [-119.81134, 38.79335], [-119.81137, 38.79347], [-119.81143, 38.79352], [-119.81149, 38.79353], [-119.81158, 38.79352], [-119.81193, 38.79339]]}, "props": {"MTFCC": "S1750", "NAME": null}}, {"geom": {"type": "LineString", "coordinates": [[-119.80167, 38.80229], [-119.801659, 38.802586], [-119.80165, 38.80283], [-119.80165, 38.80316], [-119.80164, 38.80342], [-119.801636, 38.803475], [-119.80163, 38.80357], [-119.8016, 38.80377]]}, "props": {"MTFCC": "S1400", "NAME": null}}, {"geom": {"type": "LineString", "coordinates": [[-119.80528, 38.80295], [-119.80574, 38.8029], [-119.80596, 38.80284]]}, "props": {"MTFCC": "S1750", "NAME": null}}, {"geom": {"type": "LineString", "coordinates": [[-119.80786, 38.79334], [-119.80795, 38.793466], [-119.80796, 38.79348], [-119.80794, 38.79359], [-119.80789, 38.7938], [-119.807881, 38.793924], [-119.80788, 38.79395], [-119.80788, 38.79408]]}, "props": {"MTFCC": "S1400", "NAME": null}}, {"geom": {"type": "LineString", "coordinates": [[-119.75184, 38.7935], [-119.7522, 38.79367], [-119.752322, 38.793717], [-119.75264, 38.79384], [-119.75291, 38.79399], [-119.75314, 38.7942], [-119.75344, 38.79454], [-119.753543, 38.794681], [-119.753549, 38.794689], [-119.75369, 38.79488], [-119.75384, 38.79512], [-119.753908, 38.795297], [-119.75392, 38.79545], [-119.75389, 38.79562], [-119.75379, 38.79581], [-119.753769, 38.79583], [-119.75371, 38.79589], [-119.75363, 38.79596], [-119.753422, 38.79611], [-119.7533, 38.7962], [-119.7529, 38.79648], [-119.752789, 38.796547], [-119.75257, 38.79668], [-119.752476, 38.796757], [-119.7524, 38.79682], [-119.75232, 38.79695], [-119.752294, 38.797059], [-119.75229, 38.79708], [-119.7523, 38.79718]]}, "props": {"MTFCC": "S1400", "NAME": null}}, {"geom": {"type": "LineString", "coordinates": [[-119.751324, 38.683561], [-119.751345, 38.68324], [-119.751349, 38.683193], [-119.751094, 38.682695], [-119.75087, 38.682415], [-119.750669, 38.682164]]}, "props": {"MTFCC": "S1740", "NAME": null}}, {"geom": {"type": "LineString", "coordinates": [[-119.773784, 38.813529], [-119.77371, 38.81356], [-119.773495, 38.813693], [-119.77347, 38.81371], [-119.773418, 38.813719], [-119.77335, 38.81373], [-119.773317, 38.813721], [-119.77324, 38.8137], [-119.77314, 38.81362], [-119.773081, 38.813541], [-119.77307, 38.81344]]}, "props": {"MTFCC": "S1740", "NAME": null}}, {"geom": {"type": "LineString", "coordinates": [[-120.0024, 38.69575691022965], [-120.00201, 38.69559], [-120.00135, 38.695554], [-120.00126, 38.69555], [-120.00103, 38.69551], [-120.000604, 38.695313], [-119.999394, 38.694267], [-119.998421, 38.693861], [-119.99745, 38.693847], [-119.996296, 38.694011], [-119.994991, 38.693851], [-119.994495, 38.694034], [-119.993823, 38.69448], [-119.993662, 38.694588], [-119.992752, 38.694595], [-119.992424, 38.695065], [-119.99231, 38.6953], [-119.99212, 38.69589], [-119.99217, 38.69607]]}, "props": {"MTFCC": "S1400", "NAME": null}}, {"geom": {"type": "LineString", "coordinates": [[-119.98604, 38.480518], [-119.98606, 38.48049], [-119.986091, 38.480461], [-119.98617, 38.48039], [-119.986236, 38.480353], [-119.986278, 38.480329], [-119.986346, 38.480292], [-119.98669, 38.4801], [-119.98685, 38.48002], [-119.98711, 38.47997], [-119.987125, 38.479969], [-119.98754, 38.47995], [-119.98792, 38.47999], [-119.9881, 38.48008], [-119.98809, 38.48037], [-119.98795, 38.48039], [-119.9875, 38.48032], [-119.98686, 38.48045], [-119.986839, 38.48046], [-119.986505, 38.48063], [-119.98625, 38.480569], [-119.98604, 38.480518]]}, "props": {"MTFCC": "S1400", "NAME": null}}, {"geom": {"type": "LineString", "coordinates": [[-119.98857, 38.48048], [-119.98861, 38.480562], [-119.98873, 38.480808], [-119.98877, 38.48089]]}, "props": {"MTFCC": "S1400", "NAME": null}}, {"geom": {"type": "LineString", "coordinates": [[-119.98604, 38.480518], [-119.98591, 38.4807], [-119.98588, 38.48082], [-119.985968, 38.480856], [-119.98617, 38.48094], [-119.98675, 38.48109], [-119.98721, 38.48122], [-119.987242, 38.481231], [-119.98755, 38.48134], [-119.987643, 38.481411]]}, "props": {"MTFCC": "S1400", "NAME": null}}, {"geom": {"type": "LineString", "coordinates": [[-120.0024, 38.47805749253731], [-120.00237, 38.47806], [-120.002308, 38.478076], [-120.00218, 38.47811]]}, "props": {"MTFCC": "S1400", "NAME": null}}, {"geom": {"type": "LineString", "coordinates": [[-119.91892, 38.77637], [-119.91892, 38.776581], [-119.91892, 38.77661], [-119.91896, 38.7773], [-119.918999, 38.777654], [-119.91903, 38.777934], [-119.91904, 38.77802], [-119.9191, 38.778777], [-119.919123, 38.779059], [-119.91921, 38.78016], [-119.919223, 38.780307], [-119.91953, 38.78359], [-119.919567, 38.784051], [-119.91967, 38.7853], [-119.919695, 38.78563], [-119.91977, 38.78661], [-119.919771, 38.78662], [-119.919805, 38.78695], [-119.919939, 38.788265], [-119.92, 38.78886], [-119.92015, 38.79069], [-119.92025, 38.791], [-119.9204, 38.79135], [-119.92053, 38.79159], [-119.92072, 38.79185], [-119.920872, 38.792025], [-119.92092, 38.79208], [-119.9212, 38.79235], [-119.92153, 38.79259], [-119.921917, 38.792826], [-119.92212, 38.79295], [-119.922269, 38.793007], [-119.92266, 38.79316], [-119.92315, 38.79331], [-119.923408, 38.793349], [-119.92354, 38.79337], [-119.923804, 38.793395], [-119.9245, 38.79346], [-119.924884, 38.793479], [-119.92662, 38.79357], [-119.92726, 38.79356], [-119.92789, 38.79349], [-119.928126, 38.793439], [-119.92887, 38.79328], [-119.929177, 38.793176], [-119.9294, 38.7931], [-119.92983, 38.792934], [-119.93005, 38.79285], [-119.93048, 38.7926], [-119.93097, 38.79229], [-119.931639, 38.791894], [-119.932239, 38.79154], [-119.93229, 38.79151], [-119.932775, 38.791232], [-119.935059, 38.78992], [-119.936459, 38.78913], [-119.937159, 38.78882], [-119.938349, 38.78838], [-119.939089, 38.78815], [-119.940899, 38.78752], [-119.941539, 38.78732], [-119.942189, 38.78717], [-119.942589, 38.78712], [-119.943419, 38.7871], [-119.944109, 38.78717], [-119.944509, 38.78724], [-119.945009, 38.78738], [-119.945449, 38.78754], [-119.945771, 38.787687]]}, "props": {"MTFCC": "S1200", "NAME": null}}, {"geom": {"type": "LineString", "coordinates": [[-119.920453, 38.784907], [-119.920296, 38.784985], [-119.919826, 38.785221], [-119.91967, 38.7853], [-119.919305, 38.785313], [-119.91886, 38.78533], [-119.91862, 38.78527], [-119.91841, 38.78523], [-119.918304, 38.785073], [-119.9181, 38.784771], [-119.918026, 38.784661], [-119.91793, 38.78424], [-119.91783, 38.78421], [-119.91775, 38.78422], [-119.91732, 38.78443], [-119.91714, 38.78447], [-119.91693, 38.78447], [-119.91633, 38.78446], [-119.91607, 38.78452], [-119.91589, 38.78458], [-119.9153, 38.78482], [-119.9148, 38.78512], [-119.91411, 38.7856], [-119.91394, 38.7856], [-119.91369, 38.78549], [-119.91352, 38.78533], [-119.91336, 38.78522], [-119.91321, 38.78515], [-119.912825, 38.784921], [-119.91274, 38.78483], [-119.91264, 38.78453], [-119.91255, 38.78417], [-119.91228, 38.78348], [-119.911838, 38.782712], [-119.91182, 38.78268], [-119.911159, 38.782222], [-119.91107, 38.78212], [-119.9109, 38.78202], [-119.91077, 38.78201], [-119.91025, 38.78212], [-119.90959, 38.78237], [-119.90944, 38.78238], [-119.90925, 38.78236], [-119.90863, 38.78217], [-119.9082, 38.78203], [-119.90778, 38.78203], [-119.907758, 38.782005], [-119.90732, 38.78164], [-119.90725, 38.78138], [-119.90702, 38.78063], [-119.9069, 38.78046], [-119.90665, 38.78024], [-119.90649, 38.78017], [-119.90631, 38.78006], [-119.90584, 38.7798], [-119.90514, 38.77977], [-119.90504, 38.77983], [-119.90495, 38.7799], [-119.90486, 38.78002], [-119.90478, 38.78015], [-119.90476, 38.78029], [-119.90478, 38.78041], [-119.90502, 38.78114], [-119.90512, 38.78167], [-119.9051, 38.78198], [-119.90494, 38.78244], [-119.9049, 38.78291], [-119.9049, 38.78332], [-119.90497, 38.78347], [-119.90513, 38.78388], [-119.90512, 38.78434], [-119.90514, 38.78477], [-119.90507, 38.78513], [-119.90495, 38.78557], [-119.90468, 38.78586], [-119.90396, 38.7868], [-119.90356, 38.78729], [-119.90347, 38.78751], [-119.90344, 38.78767], [-119.9036, 38.78843], [-119.9036, 38.78881], [-119.90339, 38.78944], [-119.90335, 38.7901], [-119.90328, 38.79035], [-119.9032, 38.79086], [-119.90323, 38.79112], [-119.90341, 38.79163], [-119.90342, 38.79176], [-119.90337, 38.79201], [-119.90323, 38.79255], [-119.90309, 38.79299], [-119.90278, 38.7941], [-119.90268, 38.79436], [-119.90262, 38.79481], [-119.90251, 38.79498], [-119.90237, 38.79505], [-119.90222, 38.79507], [-119.90211, 38.79506], [-119.90199, 38.79503], [-119.9019, 38.79497], [-119.90181, 38.79485], [-119.90179, 38.79475], [-119.90181, 38.79464], [-119.90191, 38.79448], [-119.90197, 38.79434], [-119.901977, 38.794204], [-119.90198, 38.79415], [-119.90192, 38.79386], [-119.9018, 38.79319], [-119.90177, 38.79287], [-119.901742, 38.792668], [-119.901188, 38.79032], [-119.90098, 38.7887], [-119.90084, 38.78856], [-119.90059, 38.78813], [-119.9004, 38.7876], [-119.90016, 38.78731], [-119.89968, 38.78686], [-119.89936, 38.78669], [-119.899218, 38.786312]]}, "props": {"MTFCC": "S1400", "NAME": null}}, {"geom": {"type": "LineString", "coordinates": [[-119.91892, 38.776581], [-119.919854, 38.776809], [-119.920502, 38.776961], [-119.92165, 38.777173], [-119.922251, 38.777285]]}, "props": {"MTFCC": "S1400", "NAME": null}}, {"geom": {"type": "LineString", "coordinates": [[-119.929734, 38.774715], [-119.92944, 38.774571], [-119.929379, 38.774546], [-119.928818, 38.774642], [-119.927719, 38.774832], [-119.926614, 38.775224], [-119.926102, 38.775537], [-119.925798, 38.775725], [-119.92542, 38.776197]]}, "props": {"MTFCC": "S1400", "NAME": null}}, {"geom": {"type": "LineString", "coordinates": [[-119.927245, 38.765866], [-119.927336, 38.766018], [-119.927609, 38.766477], [-119.9277, 38.76663]]}, "props": {"MTFCC": "S1400", "NAME": null}}, {"geom": {"type": "LineString", "coordinates": [[-119.79793, 38.80531], [-119.79786, 38.80572], [-119.79779, 38.80588]]}, "props": {"MTFCC": "S1750", "NAME": null}}, {"geom": {"type": "LineString", "coordinates": [[-119.816344, 38.770972], [-119.81623, 38.77108], [-119.8162, 38.77117], [-119.81617, 38.77133], [-119.81622, 38.77146], [-119.816269, 38.771678], [-119.816406, 38.771765], [-119.81688, 38.77169], [-119.81739, 38.77161], [-119.81761, 38.77157], [-119.81792, 38.7715]]}, "props": {"MTFCC": "S1740", "NAME": null}}, {"geom": {"type": "LineString", "coordinates": [[-119.81706, 38.770469], [-119.816418, 38.770021], [-119.816201, 38.77007], [-119.816107, 38.770323], [-119.816118, 38.77081], [-119.816344, 38.770972]]}, "props": {"MTFCC": "S1740", "NAME": null}}, {"geom": {"type": "LineString", "coordinates": [[-119.78286, 38.73223], [-119.78286, 38.73209], [-119.78292, 38.73203], [-119.78304, 38.73199], [-119.78311, 38.73196], [-119.78316, 38.7319], [-119.78314, 38.73176], [-119.78314, 38.73164], [-119.78318, 38.73152], [-119.7833, 38.73138]]}, "props": {"MTFCC": "S1750", "NAME": null}}, {"geom": {"type": "LineString", "coordinates": [[-119.7967, 38.79783], [-119.79684, 38.79799], [-119.79695, 38.79807], [-119.79711, 38.79812], [-119.79743, 38.79817], [-119.797814, 38.798199], [-119.79822, 38.79823], [-119.79893, 38.79827], [-119.79936, 38.79829], [-119.7995, 38.79832], [-119.79977, 38.79847], [-119.8, 38.79866], [-119.80015, 38.79884], [-119.800172, 38.798869], [-119.801085, 38.799496], [-119.801354, 38.799681], [-119.80157, 38.79978], [-119.80186, 38.79992], [-119.80217, 38.80006]]}, "props": {"MTFCC": "S1500", "NAME": null}}, {"geom": {"type": "LineString", "coordinates": [[-119.932677, 38.698859], [-119.93294, 38.698676], [-119.933173, 38.698699], [-119.933498, 38.698918], [-119.934019, 38.699271], [-119.934074, 38.699277], [-119.934224, 38.699294], [-119.934807, 38.698996], [-119.935333, 38.698539], [-119.935625, 38.698493], [-119.935951, 38.698642], [-119.935975, 38.698653], [-119.936471, 38.699202], [-119.936646, 38.699248]]}, "props": {"MTFCC": "S1400", "NAME": null}}, {"geom": {"type": "LineString", "coordinates": [[-119.92483, 38.61045], [-119.92492, 38.61043], [-119.92505, 38.61043], [-119.92523, 38.61047], [-119.925371, 38.610505], [-119.925545, 38.610648], [-119.925721, 38.610793], [-119.926075, 38.611517], [-119.926288, 38.6125], [-119.926237, 38.612791], [-119.92621, 38.61295], [-119.92614, 38.61332], [-119.92605, 38.61342], [-119.92597, 38.61349]]}, "props": {"MTFCC": "S1400", "NAME": null}}, {"geom": {"type": "LineString", "coordinates": [[-119.8368, 38.69954], [-119.836714, 38.699559], [-119.836458, 38.699618], [-119.836373, 38.699639], [-119.836254, 38.699665], [-119.835899, 38.699745], [-119.835781, 38.699772]]}, "props": {"MTFCC": "S1400", "NAME": null}}, {"geom": {"type": "LineString", "coordinates": [[-119.833592, 38.698354], [-119.833914, 38.69842], [-119.83403, 38.698445], [-119.834146, 38.69856], [-119.834088, 38.698743], [-119.833767, 38.69904], [-119.833733, 38.699109], [-119.833592, 38.699406]]}, "props": {"MTFCC": "S1400", "NAME": null}}, {"geom": {"type": "LineString", "coordinates": [[-119.764864, 38.689602], [-119.764913, 38.689719], [-119.765042, 38.689994], [-119.765085, 38.690086], [-119.765195, 38.690582], [-119.765041, 38.691248], [-119.764945, 38.691668]]}, "props": {"MTFCC": "S1500", "NAME": null}}, {"geom": {"type": "LineString", "coordinates": [[-119.80161, 38.68753], [-119.80075, 38.687563], [-119.800373, 38.687578], [-119.799363, 38.688327], [-119.79915, 38.6884], [-119.79885, 38.6884], [-119.79857, 38.68837], [-119.798436, 38.688341], [-119.79829, 38.68831], [-119.798132, 38.688245], [-119.798, 38.68819], [-119.797642, 38.68802]]}, "props": {"MTFCC": "S1400", "NAME": null}}, {"geom": {"type": "LineString", "coordinates": [[-119.6558, 38.71814], [-119.655828, 38.718234], [-119.65587, 38.71837], [-119.65595, 38.718501], [-119.656002, 38.718586]]}, "props": {"MTFCC": "S1400", "NAME": null}}, {"geom": {"type": "LineString", "coordinates": [[-119.65766, 38.71591], [-119.65759, 38.716004], [-119.65752, 38.7161], [-119.657453, 38.716323], [-119.65742, 38.716436], [-119.65738, 38.71657], [-119.65722, 38.7168], [-119.6569, 38.71688], [-119.656884, 38.716879], [-119.65665, 38.71687], [-119.65645, 38.71683], [-119.65626, 38.7167], [-119.65617, 38.71659], [-119.65612, 38.71634], [-119.656084, 38.716307], [-119.656, 38.71631]]}, "props": {"MTFCC": "S1400", "NAME": null}}, {"geom": {"type": "LineString", "coordinates": [[-119.656, 38.71631], [-119.65592, 38.71645], [-119.65588, 38.71659], [-119.65585, 38.71673], [-119.65583, 38.71687], [-119.65583, 38.71707], [-119.65585, 38.7173], [-119.655847, 38.717375], [-119.65584, 38.71761], [-119.6558, 38.71814]]}, "props": {"MTFCC": "S1400", "NAME": null}}, {"geom": {"type": "LineString", "coordinates": [[-119.654023, 38.630129], [-119.6541, 38.63025], [-119.65403, 38.63061], [-119.65404, 38.63073], [-119.65409, 38.63081], [-119.65424, 38.63092], [-119.65435, 38.63101], [-119.65443, 38.6311], [-119.65447, 38.6312], [-119.65449, 38.63132], [-119.65456, 38.63144], [-119.654753, 38.631675], [-119.65502, 38.632], [-119.65509, 38.63213], [-119.65516, 38.63237], [-119.65528, 38.63256], [-119.65548, 38.63286], [-119.65577, 38.63326], [-119.65605, 38.6335], [-119.65643, 38.63374], [-119.65688, 38.63387], [-119.6582, 38.63422], [-119.65845, 38.63443], [-119.658763, 38.635012], [-119.6588, 38.63508], [-119.65889, 38.63531], [-119.65888, 38.63555], [-119.65873, 38.63593], [-119.65856, 38.6363], [-119.658512, 38.636578], [-119.65848, 38.63676], [-119.658417, 38.636913], [-119.65839, 38.63698], [-119.65821, 38.63727], [-119.658147, 38.637324], [-119.658023, 38.637433], [-119.65798, 38.63747], [-119.65792, 38.63758], [-119.65792, 38.63773], [-119.65805, 38.63813], [-119.6581, 38.63838], [-119.65809, 38.63869], [-119.65807, 38.63886], [-119.65809, 38.63906], [-119.65824, 38.63953], [-119.65834, 38.63979], [-119.65852, 38.63998], [-119.65866, 38.64007], [-119.65891, 38.6401], [-119.65915, 38.64015], [-119.65951, 38.64028], [-119.65969, 38.64043], [-119.65982, 38.64066], [-119.65988, 38.64093], [-119.65991, 38.64126], [-119.65989, 38.6414], [-119.65981, 38.6415], [-119.65944, 38.6418], [-119.65913, 38.64207], [-119.659, 38.64222], [-119.659, 38.64239], [-119.65907, 38.64265], [-119.65915, 38.6428], [-119.65933, 38.64302], [-119.65946, 38.64319], [-119.65962, 38.64365], [-119.6597, 38.64376], [-119.65984, 38.64386], [-119.66013, 38.64404], [-119.66024, 38.64416], [-119.66039, 38.64442], [-119.66054, 38.6446], [-119.66061, 38.64471], [-119.66078, 38.64487], [-119.66098, 38.64507], [-119.66121, 38.64529], [-119.66143, 38.64551], [-119.66179, 38.64585], [-119.66242, 38.64636], [-119.66261, 38.64654], [-119.66291, 38.64687], [-119.66301, 38.64703], [-119.66309, 38.64723], [-119.66322, 38.64745], [-119.66327, 38.64757], [-119.66322, 38.64768], [-119.66316, 38.64777], [-119.66303, 38.64786], [-119.66279, 38.648], [-119.66248, 38.64819], [-119.66243, 38.64825], [-119.66242, 38.64834], [-119.66243, 38.64846], [-119.66248, 38.64861], [-119.66254, 38.64877], [-119.66262, 38.64895], [-119.66268, 38.64907], [-119.66271, 38.64927], [-119.66281, 38.64969], [-119.66285, 38.65001], [-119.66295, 38.65039], [-119.66304, 38.65051], [-119.66318, 38.65059], [-119.66335, 38.65067], [-119.66353, 38.65072], [-119.66369, 38.65075], [-119.66407, 38.65104], [-119.66419, 38.65108], [-119.66429, 38.65109], [-119.66449, 38.65106], [-119.66461, 38.65106], [-119.66468, 38.65108], [-119.66492, 38.65125], [-119.66505, 38.65133], [-119.66525, 38.65142], [-119.66542, 38.65147], [-119.66552, 38.65152], [-119.66557, 38.65158], [-119.66559, 38.65166], [-119.66556, 38.65175], [-119.66546, 38.65196], [-119.66546, 38.65205], [-119.66548, 38.65213], [-119.66562, 38.65235], [-119.66567, 38.65245], [-119.66568, 38.65255], [-119.66575, 38.65283], [-119.6658, 38.65293], [-119.66587, 38.653006], [-119.66604, 38.65319], [-119.66613, 38.6533], [-119.66617, 38.65339], [-119.66625, 38.65353], [-119.66651, 38.65372], [-119.66664, 38.65379], [-119.66688, 38.65385], [-119.666927, 38.653871], [-119.66701, 38.65391], [-119.667199, 38.654044], [-119.667283, 38.654104], [-119.670717, 38.657521], [-119.671626, 38.657109], [-119.671687, 38.657113], [-119.6718, 38.65712]]}, "props": {"MTFCC": "S1400", "NAME": null}}, {"geom": {"type": "LineString", "coordinates": [[-119.70522, 38.654321], [-119.705162, 38.653772], [-119.705088, 38.653667], [-119.70487, 38.65336], [-119.704257, 38.653063], [-119.703499, 38.65304], [-119.703283, 38.652984], [-119.703149, 38.652949], [-119.702886, 38.652674], [-119.702886, 38.652514], [-119.702303, 38.652651], [-119.701918, 38.652943], [-119.701369, 38.653361], [-119.701107, 38.653452], [-119.699298, 38.65359], [-119.699094, 38.653887], [-119.699054, 38.653984], [-119.698861, 38.654459], [-119.698569, 38.654482], [-119.698307, 38.65439]]}, "props": {"MTFCC": "S1400", "NAME": null}}, {"geom": {"type": "LineString", "coordinates": [[-119.78705, 38.589162], [-119.787061, 38.589207], [-119.787096, 38.589345], [-119.787108, 38.589391]]}, "props": {"MTFCC": "S1400", "NAME": null}}, {"geom": {"type": "LineString", "coordinates": [[-119.874556, 38.591421], [-119.874681, 38.592033], [-119.874789, 38.592555], [-119.87505, 38.592758], [-119.875527, 38.592756], [-119.875616, 38.593284], [-119.875639, 38.593414], [-119.875689, 38.593905], [-119.875688, 38.594313], [-119.87554, 38.595002], [-119.875486, 38.595282], [-119.875434, 38.595558], [-119.873736, 38.598845], [-119.873672, 38.599052], [-119.87356, 38.599422], [-119.873412, 38.600423]]}, "props": {"MTFCC": "S1400", "NAME": null}}, {"geom": {"type": "LineString", "coordinates": [[-119.70371, 38.61429], [-119.70492, 38.61369], [-119.70513, 38.61371], [-119.70532, 38.61379], [-119.70553, 38.61392], [-119.70565, 38.61404], [-119.70576, 38.61419], [-119.7058, 38.61432], [-119.70585, 38.61438], [-119.70662, 38.61447], [-119.70704, 38.61445], [-119.70735, 38.61422], [-119.70773, 38.61401], [-119.707761, 38.614004], [-119.7082, 38.61392], [-119.70856, 38.6139], [-119.70869, 38.61381], [-119.70877, 38.61358], [-119.70886, 38.61339], [-119.70898, 38.6134], [-119.70914, 38.61347], [-119.70946, 38.61374], [-119.70962, 38.61376], [-119.70991, 38.6136], [-119.71032, 38.61355], [-119.71044, 38.61348], [-119.71037, 38.61333], [-119.71015, 38.61322], [-119.70976, 38.61328], [-119.70964, 38.61327], [-119.70953, 38.61317], [-119.70955, 38.61296], [-119.70939, 38.61271], [-119.70927, 38.61258], [-119.70912, 38.61226], [-119.70903, 38.61211], [-119.70889, 38.61204], [-119.70871, 38.61218], [-119.70865, 38.61232], [-119.70846, 38.61228], [-119.70823, 38.61204], [-119.70802, 38.61187], [-119.708, 38.61179], [-119.70808, 38.61159], [-119.70822, 38.61127], [-119.70821, 38.61101], [-119.70816, 38.61082], [-119.7079, 38.61058], [-119.7071, 38.61024], [-119.70649, 38.61], [-119.70629, 38.60973], [-119.70613, 38.60966], [-119.70588, 38.60964], [-119.70572, 38.60964], [-119.70548, 38.60977]]}, "props": {"MTFCC": "S1400", "NAME": null}}, {"geom": {"type": "LineString", "coordinates": [[-119.82232, 38.77413], [-119.822194, 38.773934], [-119.82214, 38.77385], [-119.82199, 38.77368], [-119.82182, 38.7736], [-119.821641, 38.773578], [-119.82157, 38.77357], [-119.82141, 38.77356]]}, "props": {"MTFCC": "S1740", "NAME": null}}, {"geom": {"type": "LineString", "coordinates": [[-119.79739, 38.80434], [-119.79751, 38.80436], [-119.79772, 38.80441]]}, "props": {"MTFCC": "S1400", "NAME": null}}, {"geom": {"type": "LineString", "coordinates": [[-119.79618, 38.79645], [-119.79625, 38.7963], [-119.79635, 38.79617], [-119.7964, 38.79605], [-119.79639, 38.79594], [-119.79625, 38.79586], [-119.79607, 38.79582], [-119.79599, 38.79586], [-119.79594, 38.79607], [-119.79599, 38.7962], [-119.79608, 38.79636], [-119.79618, 38.79645]]}, "props": {"MTFCC": "S1400", "NAME": null}}, {"geom": {"type": "LineString", "coordinates": [[-119.80376, 38.76057], [-119.80332, 38.7608], [-119.80277, 38.76104], [-119.80246, 38.76119], [-119.80219, 38.76138], [-119.80178, 38.7616], [-119.80138, 38.76183], [-119.8012, 38.762], [-119.80096, 38.76218], [-119.80069, 38.76237], [-119.80055, 38.76244], [-119.80026, 38.76256], [-119.8, 38.76274], [-119.79969, 38.76306], [-119.79936, 38.76342], [-119.79902, 38.76384], [-119.79879, 38.76408], [-119.79868, 38.76415], [-119.79839, 38.76425], [-119.79828, 38.76431], [-119.79813, 38.76448], [-119.79784, 38.7646], [-119.79753, 38.76477], [-119.79735, 38.76489], [-119.7973, 38.76501], [-119.79733, 38.76531], [-119.797379, 38.765464], [-119.79741, 38.76556], [-119.79744, 38.76568], [-119.79743, 38.76577], [-119.79734, 38.76581], [-119.796488, 38.76581], [-119.79642, 38.76581], [-119.79622, 38.76584], [-119.79594, 38.76598], [-119.79553, 38.76627], [-119.79516, 38.76645], [-119.79498, 38.76653], [-119.79452, 38.76665], [-119.79391, 38.76682], [-119.79358, 38.7669], [-119.79311, 38.76697], [-119.79288, 38.76696], [-119.79265, 38.7669], [-119.79238, 38.76682], [-119.79198, 38.76663], [-119.79178, 38.76651], [-119.79159, 38.76632], [-119.79145, 38.76621], [-119.79132, 38.76616], [-119.79112, 38.76614], [-119.79097, 38.76613], [-119.7907, 38.76608], [-119.79051, 38.76604], [-119.79021, 38.76603], [-119.78973, 38.76603], [-119.78913, 38.76604], [-119.78867, 38.76608], [-119.78818, 38.76617], [-119.78773, 38.76623], [-119.78728, 38.76627], [-119.78684, 38.76629], [-119.78652, 38.76625], [-119.78624, 38.76611], [-119.78613, 38.766], [-119.78604, 38.76582], [-119.78598, 38.76558], [-119.78585, 38.76519]]}, "props": {"MTFCC": "S1400", "NAME": null}}, {"geom": {"type": "LineString", "coordinates": [[-119.79082, 38.79917], [-119.79079, 38.79902], [-119.79078, 38.79882], [-119.79079, 38.79861], [-119.79073, 38.79843], [-119.79063, 38.79825], [-119.79045, 38.79795], [-119.79031, 38.79773], [-119.79024, 38.79759], [-119.79017, 38.79741], [-119.79002, 38.79705], [-119.78994, 38.79682], [-119.78992, 38.79661], [-119.78995, 38.79646], [-119.78998, 38.79637], [-119.79004, 38.79628], [-119.79005, 38.79619], [-119.78998, 38.79611]]}, "props": {"MTFCC": "S1400", "NAME": null}}, {"geom": {"type": "LineString", "coordinates": [[-119.75258, 38.79766], [-119.75247, 38.79786], [-119.75246, 38.79795], [-119.75251, 38.79801], [-119.7526, 38.79803], [-119.75269, 38.79801], [-119.75273, 38.79799], [-119.75275, 38.79795], [-119.75271, 38.79782], [-119.75258, 38.79766]]}, "props": {"MTFCC": "S1400", "NAME": null}}, {"geom": {"type": "LineString", "coordinates": [[-119.7812, 38.7332], [-119.78114, 38.73328], [-119.7811, 38.73346], [-119.78115, 38.73351], [-119.78121, 38.73354], [-119.78129, 38.73354], [-119.78135, 38.73348], [-119.78131, 38.73333], [-119.7812, 38.7332]]}, "props": {"MTFCC": "S1400", "NAME": null}}, {"geom": {"type": "LineString", "coordinates": [[-119.8098, 38.48518], [-119.8096, 38.4854], [-119.80923, 38.4859], [-119.80879, 38.4863], [-119.80818, 38.48701], [-119.80802, 38.48724], [-119.80792, 38.4875], [-119.80789, 38.48765], [-119.8079, 38.48793], [-119.80781, 38.48801], [-119.80736, 38.48825], [-119.80715, 38.48842], [-119.80697, 38.48864], [-119.80686, 38.48883], [-119.80684, 38.48901], [-119.80665, 38.48933], [-119.80656, 38.48954], [-119.80657, 38.4898], [-119.80657, 38.48996], [-119.80653, 38.49008], [-119.806447, 38.490173], [-119.8063, 38.49034], [-119.80608, 38.4906], [-119.806, 38.49075], [-119.80583, 38.49094], [-119.80542, 38.4913], [-119.80474, 38.49196], [-119.80468, 38.49207], [-119.804632, 38.492314], [-119.8046, 38.49248], [-119.804549, 38.492572], [-119.80449, 38.49268], [-119.80432, 38.49284], [-119.80417, 38.49302], [-119.80409, 38.49322], [-119.804018, 38.493321], [-119.80399, 38.493357], [-119.803951, 38.493393], [-119.80376, 38.49355], [-119.80334, 38.49407], [-119.8032, 38.49417], [-119.80296, 38.49425], [-119.80282, 38.494303], [-119.80267, 38.49436], [-119.8023, 38.49467], [-119.80195, 38.49481], [-119.80168, 38.49491], [-119.801661, 38.494919], [-119.80148, 38.495], [-119.80119, 38.49517], [-119.80086, 38.4953], [-119.80051, 38.49538], [-119.80009, 38.49547], [-119.79981, 38.49559], [-119.79967, 38.49563], [-119.79925, 38.49564], [-119.79899, 38.49567], [-119.798947, 38.495681], [-119.79835, 38.49583], [-119.79806, 38.49591], [-119.79786, 38.49601], [-119.79762, 38.4962], [-119.797515, 38.496375], [-119.7975, 38.4964], [-119.79765, 38.49681], [-119.79767, 38.49707], [-119.79791, 38.49732], [-119.79802, 38.49736], [-119.798385, 38.49737], [-119.798445, 38.497388], [-119.798523, 38.497414], [-119.79863, 38.49745], [-119.798759, 38.497504], [-119.79882, 38.49753], [-119.79896, 38.49767], [-119.79909, 38.49792], [-119.79912, 38.49805], [-119.79914, 38.49847], [-119.79909, 38.49877], [-119.79904, 38.49897], [-119.79903, 38.49916], [-119.79897, 38.49937], [-119.79896, 38.49952], [-119.79896, 38.49972], [-119.79897, 38.49991], [-119.798988, 38.499986], [-119.79902, 38.50012], [-119.79909, 38.50037], [-119.799049, 38.500452], [-119.79899, 38.50057], [-119.799, 38.5007], [-119.79906, 38.50115], [-119.79906, 38.5017], [-119.79921, 38.50182], [-119.79939, 38.50208], [-119.799599, 38.502251], [-119.79961, 38.50226], [-119.799785, 38.502475], [-119.79996, 38.50269], [-119.80024, 38.50295], [-119.800494, 38.503176], [-119.80051, 38.50319], [-119.80074, 38.50331], [-119.80102, 38.50341], [-119.80123, 38.50348], [-119.801378, 38.503488], [-119.80159, 38.5035], [-119.80197, 38.5036], [-119.80223, 38.5037], [-119.80259, 38.50394], [-119.802609, 38.503951], [-119.80276, 38.50404], [-119.80314, 38.5042], [-119.803208, 38.504235], [-119.803318, 38.504292], [-119.803634, 38.504537], [-119.803645, 38.504546], [-119.80365, 38.5046], [-119.80367, 38.50471], [-119.80361, 38.50482], [-119.8035, 38.50496], [-119.803289, 38.505163], [-119.80323, 38.50522], [-119.80308, 38.50544], [-119.80274, 38.50579], [-119.80261, 38.50596], [-119.802566, 38.50597], [-119.802434, 38.505999], [-119.802391, 38.50601], [-119.80235, 38.50602], [-119.802311, 38.506032], [-119.802076, 38.506109], [-119.801998, 38.506135], [-119.80192, 38.50616], [-119.80176, 38.50627], [-119.80144, 38.50669], [-119.80128, 38.50682], [-119.80107, 38.50693], [-119.80099, 38.50706], [-119.80099, 38.50722], [-119.80095, 38.50732], [-119.80074, 38.50759], [-119.80064, 38.50775], [-119.800628, 38.50782], [-119.8006, 38.50799], [-119.80063, 38.50837], [-119.80071, 38.50852], [-119.80083, 38.50864], [-119.80106, 38.50884], [-119.80126, 38.50912], [-119.801592, 38.509668], [-119.801625, 38.5097], [-119.801917, 38.509986], [-119.802711, 38.510341], [-119.80348, 38.51049], [-119.80357, 38.51051], [-119.8037, 38.51055], [-119.803905, 38.51072], [-119.803852, 38.51127], [-119.803702, 38.51155], [-119.80341, 38.51166], [-119.80321, 38.51167], [-119.80311, 38.51171], [-119.80302, 38.51184], [-119.802827, 38.512161], [-119.80281, 38.51219], [-119.80269, 38.51242], [-119.802665, 38.512527], [-119.802798, 38.512867], [-119.80283, 38.51312], [-119.80283, 38.51321], [-119.802818, 38.513298], [-119.802817, 38.513343], [-119.80281, 38.51336], [-119.80271, 38.51349], [-119.80269, 38.5138], [-119.80258, 38.51401], [-119.80242, 38.51423], [-119.802405, 38.514244]]}, "props": {"MTFCC": "S1400", "NAME": null}}, {"geom": {"type": "LineString", "coordinates": [[-119.77775, 38.407239], [-119.77722, 38.4074], [-119.77536, 38.40793], [-119.77488, 38.40803], [-119.77452, 38.408001], [-119.774226, 38.407939], [-119.77409, 38.40791], [-119.77365, 38.40774], [-119.77335, 38.40757], [-119.77282, 38.40736], [-119.77233, 38.40729], [-119.77187, 38.40731], [-119.77128, 38.40744], [-119.77031, 38.40777], [-119.76944, 38.40795], [-119.76847, 38.40813], [-119.76806, 38.40829], [-119.76758, 38.40867], [-119.76711, 38.40899], [-119.76682, 38.40914], [-119.76647, 38.40927], [-119.76575, 38.40944], [-119.76555, 38.40954], [-119.76507, 38.40992], [-119.76487, 38.41025], [-119.764504, 38.410789], [-119.763352, 38.412492], [-119.76287, 38.41312], [-119.762378, 38.41374], [-119.76233, 38.4138], [-119.76164, 38.41449], [-119.761417, 38.414688], [-119.761372, 38.414716], [-119.760764, 38.415099], [-119.757635, 38.416654], [-119.757384, 38.41678], [-119.756473, 38.417074], [-119.756316, 38.417126], [-119.756264, 38.417143], [-119.755328, 38.417235], [-119.75246, 38.41752], [-119.75236, 38.417526], [-119.751368, 38.417589], [-119.751283, 38.417592], [-119.75105, 38.4176], [-119.751029, 38.417599], [-119.750945, 38.417595]]}, "props": {"MTFCC": "S1400", "NAME": null}}, {"geom": {"type": "LineString", "coordinates": [[-119.81568, 38.387145], [-119.814992, 38.387447], [-119.814691, 38.387516]]}, "props": {"MTFCC": "S1400", "NAME": null}}, {"geom": {"type": "LineString", "coordinates": [[-119.77092, 38.8199], [-119.770907, 38.820076], [-119.770887, 38.820222], [-119.77089, 38.820307], [-119.770835, 38.820394], [-119.770715, 38.820555], [-119.770635, 38.820682], [-119.770606, 38.820795], [-119.770613, 38.820973]]}, "props": {"MTFCC": "S1750", "NAME": null}}, {"geom": {"type": "LineString", "coordinates": [[-119.75341, 38.68498], [-119.75331, 38.68497], [-119.7532, 38.68489], [-119.75307, 38.6847], [-119.75297, 38.68448], [-119.75293, 38.68432]]}, "props": {"MTFCC": "S1400", "NAME": null}}, {"geom": {"type": "LineString", "coordinates": [[-119.79035, 38.75394], [-119.79073, 38.75362], [-119.79134, 38.7529], [-119.79163, 38.75254], [-119.79177, 38.75213], [-119.79198, 38.752], [-119.79256, 38.75191], [-119.79291, 38.75173]]}, "props": {"MTFCC": "S1400", "NAME": null}}, {"geom": {"type": "LineString", "coordinates": [[-119.876829, 38.811053], [-119.876812, 38.811144], [-119.876799, 38.811224], [-119.876704, 38.811397], [-119.876687, 38.811429], [-119.876675, 38.811484], [-119.876589, 38.811648], [-119.87653, 38.811764], [-119.876341, 38.812144], [-119.876259, 38.81231]]}, "props": {"MTFCC": "S1500", "NAME": null}}, {"geom": {"type": "LineString", "coordinates": [[-119.77457, 38.81165], [-119.77448, 38.81156], [-119.77439, 38.81152], [-119.77423, 38.8115]]}, "props": {"MTFCC": "S1400", "NAME": null}}, {"geom": {"type": "LineString", "coordinates": [[-119.77423, 38.8115], [-119.773871, 38.811668], [-119.77347, 38.8118], [-119.77329, 38.81184], [-119.77305, 38.81186], [-119.77274, 38.81186], [-119.77252, 38.81185]]}, "props": {"MTFCC": "S1400", "NAME": null}}, {"geom": {"type": "LineString", "coordinates": [[-119.933527, 38.734814], [-119.933587, 38.734815], [-119.93365, 38.734822], [-119.933697, 38.734854], [-119.933741, 38.734884], [-119.933775, 38.734927], [-119.933782, 38.734973], [-119.933801, 38.735026], [-119.933833, 38.735091], [-119.933881, 38.735148], [-119.933924, 38.735189], [-119.933972, 38.735227], [-119.934025, 38.735262], [-119.934092, 38.735303], [-119.934144, 38.735333], [-119.934201, 38.73536], [-119.93425, 38.735395], [-119.934306, 38.735467], [-119.93434, 38.735529], [-119.93436, 38.735578], [-119.934374, 38.735626], [-119.934384, 38.735678], [-119.934394, 38.735729], [-119.934403, 38.735777], [-119.934404, 38.735823], [-119.934409, 38.73588], [-119.934411, 38.735934], [-119.934403, 38.735983], [-119.934395, 38.736038], [-119.934395, 38.736096], [-119.934382, 38.736149], [-119.934377, 38.7362], [-119.934365, 38.736253], [-119.934353, 38.736301], [-119.934342, 38.736353], [-119.934327, 38.736398], [-119.934315, 38.736445], [-119.934303, 38.736498], [-119.934288, 38.736549], [-119.934271, 38.736601], [-119.934262, 38.736658], [-119.934271, 38.736728], [-119.934299, 38.736784], [-119.934351, 38.736835], [-119.934412, 38.736852], [-119.934489, 38.736867], [-119.934547, 38.73689], [-119.934601, 38.736915], [-119.934655, 38.736952], [-119.934724, 38.736978], [-119.934769, 38.737007], [-119.93482, 38.737041], [-119.934858, 38.737092], [-119.934907, 38.737144], [-119.934947, 38.73719], [-119.935002, 38.737225], [-119.93506, 38.737244], [-119.935142, 38.737254]]}, "props": {"MTFCC": "S1400", "NAME": null}}, {"geom": {"type": "LineString", "coordinates": [[-119.8157, 38.75644], [-119.815893, 38.756485], [-119.816, 38.75651], [-119.81609, 38.75657], [-119.8161, 38.75668], [-119.816072, 38.756948], [-119.81606, 38.75707], [-119.816082, 38.757144]]}, "props": {"MTFCC": "S1740", "NAME": null}}, {"geom": {"type": "LineString", "coordinates": [[-119.820161, 38.663657], [-119.82059, 38.66302], [-119.820746, 38.662509], [-119.820872, 38.662049], [-119.82097, 38.661798], [-119.821195, 38.661619], [-119.821501, 38.661592], [-119.821946, 38.661798], [-119.822432, 38.662204], [-119.822731, 38.662209], [-119.823041, 38.6624], [-119.823304, 38.662115], [-119.823494, 38.661965], [-119.823679, 38.661821], [-119.823985, 38.661682], [-119.824168, 38.661542], [-119.824396, 38.661677], [-119.824326, 38.661896], [-119.824616, 38.662071], [-119.824908, 38.662406], [-119.825422, 38.662515], [-119.825643, 38.662238], [-119.825668, 38.661786], [-119.825675, 38.661584], [-119.825985, 38.66167], [-119.826103, 38.662113], [-119.826322, 38.662392], [-119.826482, 38.66147], [-119.826606, 38.660881], [-119.827425, 38.659324], [-119.827859, 38.658852], [-119.830174, 38.657863], [-119.830592, 38.657762], [-119.830737, 38.65785], [-119.830473, 38.658134], [-119.830389, 38.658601], [-119.830575, 38.658762], [-119.831013, 38.658604], [-119.832247, 38.658085], [-119.832708, 38.658135], [-119.835125, 38.658397], [-119.836048, 38.658307], [-119.837359, 38.658126], [-119.837504, 38.658255], [-119.837533, 38.658437], [-119.837714, 38.658583], [-119.838814, 38.658709], [-119.839518, 38.65918], [-119.840121, 38.659093], [-119.841366, 38.659229], [-119.841928, 38.659085], [-119.842234, 38.658898], [-119.84258, 38.658839], [-119.843084, 38.658867], [-119.843401, 38.658758], [-119.843584, 38.658619], [-119.843919, 38.658464], [-119.844454, 38.658515], [-119.844842, 38.658359], [-119.845454, 38.658119], [-119.84569, 38.65815], [-119.845755, 38.658359], [-119.846002, 38.658462], [-119.846143, 38.658283], [-119.846911, 38.658106], [-119.846877, 38.657914], [-119.847171, 38.657726], [-119.847406, 38.657568], [-119.84771, 38.657365], [-119.84812, 38.657265], [-119.848606, 38.656979], [-119.849033, 38.656693], [-119.849492, 38.656415], [-119.849756, 38.6563], [-119.849863, 38.656508], [-119.850226, 38.656134], [-119.851006, 38.655466], [-119.851814, 38.655233], [-119.85302, 38.655011], [-119.853482, 38.655], [-119.85408, 38.655196], [-119.85449, 38.655169], [-119.855381, 38.65508], [-119.85648, 38.655095], [-119.857239, 38.655023], [-119.858044, 38.654719], [-119.858293, 38.654965], [-119.858795, 38.654469], [-119.858819, 38.654445], [-119.860492, 38.654447], [-119.860897, 38.654806], [-119.862152, 38.655013], [-119.862727, 38.654971], [-119.863166, 38.654939], [-119.86434, 38.654541], [-119.866074, 38.654461], [-119.867507, 38.654215], [-119.868595, 38.654286], [-119.869477, 38.654228], [-119.870239, 38.654368], [-119.8709, 38.654693], [-119.871976, 38.654642], [-119.873659, 38.65395], [-119.873698, 38.653788], [-119.873652, 38.653434], [-119.87378, 38.653166], [-119.874044, 38.653027], [-119.874546, 38.652966], [-119.874852, 38.652827], [-119.875115, 38.652597], [-119.875952, 38.652668], [-119.876813, 38.652856], [-119.877574, 38.652697], [-119.877923, 38.652625], [-119.87853, 38.652657], [-119.879972, 38.651967], [-119.880485, 38.652033], [-119.881676, 38.652399], [-119.881966, 38.651963], [-119.883069, 38.650611], [-119.884401, 38.649057], [-119.884733, 38.648026], [-119.885352, 38.647526], [-119.885778, 38.647627]]}, "props": {"MTFCC": "S1710", "NAME": null}}, {"geom": {"type": "LineString", "coordinates": [[-119.91178, 38.81304], [-119.91244, 38.81293], [-119.91288, 38.81291], [-119.91335, 38.81288], [-119.913441, 38.812877], [-119.91441, 38.81285], [-119.91473, 38.81285], [-119.91515, 38.81267]]}, "props": {"MTFCC": "S1400", "NAME": null}}, {"geom": {"type": "LineString", "coordinates": [[-119.80279, 38.80778], [-119.80294, 38.80775], [-119.8031, 38.80777], [-119.80318, 38.80782], [-119.80314, 38.80789], [-119.80309, 38.80792], [-119.80302, 38.80792], [-119.80288, 38.80789], [-119.80279, 38.80778]]}, "props": {"MTFCC": "S1400", "NAME": null}}, {"geom": {"type": "LineString", "coordinates": [[-119.779161, 38.694914], [-119.779265, 38.694995], [-119.779356, 38.695002], [-119.779409, 38.695007], [-119.77969, 38.694983], [-119.780026, 38.694948], [-119.780249, 38.694926]]}, "props": {"MTFCC": "S1740", "NAME": null}}, {"geom": {"type": "LineString", "coordinates": [[-119.83972, 38.76837], [-119.83959, 38.76827], [-119.83945, 38.76813], [-119.83924, 38.76787]]}, "props": {"MTFCC": "S1750", "NAME": null}}, {"geom": {"type": "LineString", "coordinates": [[-119.82124, 38.76036], [-119.821309, 38.760329], [-119.8214, 38.76029], [-119.821525, 38.760271], [-119.8216, 38.76026]]}, "props": {"MTFCC": "S1400", "NAME": null}}, {"geom": {"type": "LineString", "coordinates": [[-119.88397, 38.83566], [-119.88427, 38.83556], [-119.8846, 38.83537], [-119.8849, 38.83524], [-119.88527, 38.83491], [-119.88535, 38.83469], [-119.88538, 38.83451], [-119.8855, 38.83439], [-119.88573, 38.8342], [-119.88579, 38.83409], [-119.88591, 38.8339], [-119.88613, 38.83379], [-119.886519, 38.833679], [-119.88683, 38.83359], [-119.88724, 38.83356], [-119.88781, 38.83354], [-119.888, 38.8335], [-119.88818, 38.83345], [-119.88847, 38.83332], [-119.88898, 38.83299], [-119.88933, 38.83278], [-119.88966, 38.83259], [-119.89014, 38.83241], [-119.8907, 38.83192], [-119.89148, 38.83136], [-119.89215, 38.83109], [-119.892458, 38.830918], [-119.89274, 38.83076], [-119.8935, 38.83017], [-119.89358, 38.82996], [-119.89368, 38.82958], [-119.89404, 38.82919], [-119.89477, 38.82848], [-119.89518, 38.82794], [-119.89552, 38.827], [-119.89564, 38.82656], [-119.89566, 38.82614]]}, "props": {"MTFCC": "S1400", "NAME": null}}, {"geom": {"type": "LineString", "coordinates": [[-119.69809, 38.57599], [-119.6983, 38.57653], [-119.69842, 38.57686], [-119.69854, 38.57715], [-119.69857, 38.5774], [-119.69856, 38.57761], [-119.6985, 38.57776], [-119.698427, 38.577896], [-119.69841, 38.57793], [-119.69813, 38.57836], [-119.69801, 38.57862], [-119.69777, 38.57908], [-119.69727, 38.58006], [-119.69697, 38.58049], [-119.69649, 38.58108], [-119.69614, 38.58149], [-119.69586, 38.58177], [-119.69552, 38.58209], [-119.69525, 38.58231], [-119.69512, 38.58247], [-119.69492, 38.58276], [-119.694912, 38.582775], [-119.69486, 38.58289], [-119.69482, 38.5831], [-119.69481, 38.58346], [-119.69478, 38.58377], [-119.69476, 38.58404], [-119.69478, 38.58429], [-119.69482, 38.58448], [-119.69491, 38.58465], [-119.694948, 38.584746], [-119.69497, 38.5848], [-119.694986, 38.584871], [-119.69502, 38.58501], [-119.695029, 38.585261], [-119.695034, 38.585393], [-119.695048, 38.585798], [-119.69505, 38.58584], [-119.69502, 38.58592], [-119.69496, 38.58604], [-119.69468, 38.58632], [-119.69446, 38.58666], [-119.694383, 38.586796], [-119.69432, 38.58691], [-119.694178, 38.587147], [-119.69417, 38.58716], [-119.69392, 38.58762], [-119.693835, 38.587804], [-119.69376, 38.58797], [-119.69372, 38.58819], [-119.69371, 38.58842], [-119.69373, 38.58887], [-119.69379, 38.58924], [-119.69388, 38.58947], [-119.694, 38.58971], [-119.69405, 38.58994], [-119.694052, 38.589954], [-119.69409, 38.59016], [-119.69406, 38.59037], [-119.693995, 38.590684], [-119.69387, 38.591337], [-119.69384, 38.5915], [-119.69366, 38.59263], [-119.69359, 38.59312], [-119.693527, 38.593301], [-119.693312, 38.593931]]}, "props": {"MTFCC": "S1400", "NAME": null}}, {"geom": {"type": "LineString", "coordinates": [[-119.987015, 38.692483], [-119.98724, 38.69245], [-119.987526, 38.692482], [-119.98759, 38.69249], [-119.98778, 38.69252], [-119.98796, 38.69262], [-119.98809, 38.69284], [-119.98825, 38.69318], [-119.98828, 38.69332], [-119.9883, 38.69349], [-119.988293, 38.693629], [-119.98829, 38.69369], [-119.98823, 38.69382], [-119.98803, 38.69406]]}, "props": {"MTFCC": "S1400", "NAME": null}}, {"geom": {"type": "LineString", "coordinates": [[-119.98597, 38.69259], [-119.98615, 38.69264], [-119.98632, 38.69263], [-119.986746, 38.692534], [-119.9869, 38.6925], [-119.987015, 38.692483]]}, "props": {"MTFCC": "S1400", "NAME": null}}, {"geom": {"type": "LineString", "coordinates": [[-119.938926, 38.628845], [-119.938633, 38.629413], [-119.938545, 38.629929], [-119.93908, 38.630735], [-119.939556, 38.631452], [-119.93958, 38.631517], [-119.93966, 38.63173], [-119.9397, 38.63184], [-119.93981, 38.63202], [-119.94017, 38.63239], [-119.940312, 38.632541], [-119.94047, 38.63271], [-119.9408, 38.63316], [-119.94097, 38.63331], [-119.94155, 38.63369], [-119.941635, 38.633753], [-119.94198, 38.63401], [-119.94224, 38.63436], [-119.94244, 38.63459], [-119.94286, 38.63488], [-119.94303, 38.63496], [-119.94347, 38.63497], [-119.94422, 38.63496], [-119.944253, 38.634968], [-119.94472, 38.63508], [-119.9451, 38.63522], [-119.945127, 38.635242], [-119.94555, 38.63559], [-119.94579, 38.63582], [-119.94629, 38.63628], [-119.94665, 38.63648], [-119.94708, 38.63679], [-119.94743, 38.63716], [-119.94778, 38.63745], [-119.94801, 38.63761], [-119.94837, 38.63776], [-119.94896, 38.63794], [-119.94942, 38.63809], [-119.94994, 38.63828], [-119.95018, 38.63846], [-119.95037, 38.63862], [-119.95055, 38.63872], [-119.951133, 38.638997], [-119.95118, 38.63902], [-119.95197, 38.63945], [-119.95222, 38.6396], [-119.95243, 38.63966], [-119.95264, 38.63982], [-119.95274, 38.63996], [-119.95302, 38.64013], [-119.95325, 38.64025], [-119.95371, 38.64045], [-119.9539, 38.64058], [-119.95399, 38.64078], [-119.95422, 38.64086], [-119.954637, 38.640898], [-119.95466, 38.6409], [-119.95486, 38.64099], [-119.95485, 38.64108], [-119.95503, 38.64113], [-119.9553, 38.64113], [-119.95571, 38.64121], [-119.95596, 38.64129], [-119.95621, 38.64143], [-119.95647, 38.6417], [-119.95671, 38.64196], [-119.95686, 38.64221], [-119.9569, 38.64243], [-119.95684, 38.64262], [-119.95672, 38.64282], [-119.95657, 38.64297], [-119.9564, 38.64304], [-119.956352, 38.643065], [-119.95619, 38.64315], [-119.95605, 38.64334], [-119.95582, 38.64354], [-119.95574, 38.64368], [-119.95558, 38.64418], [-119.95549, 38.64432], [-119.95542, 38.64434], [-119.9552, 38.6443], [-119.9549, 38.64422], [-119.95443, 38.64407], [-119.95414, 38.64388], [-119.95397, 38.64373], [-119.9539, 38.64375], [-119.9539, 38.64391], [-119.95393, 38.64419], [-119.95402, 38.64431], [-119.95429, 38.64463], [-119.95429, 38.645], [-119.954321, 38.645166], [-119.95436, 38.64537], [-119.95447, 38.64567], [-119.95459, 38.64595], [-119.95459, 38.646118], [-119.954592, 38.646163], [-119.95459, 38.64619], [-119.954461, 38.646343], [-119.95443, 38.64638], [-119.95429, 38.64649], [-119.95389, 38.64646], [-119.95337, 38.64673], [-119.95302, 38.6469], [-119.95261, 38.64716], [-119.95222, 38.6474], [-119.95214, 38.6475], [-119.952168, 38.647548], [-119.9522, 38.6476], [-119.95239, 38.64772], [-119.95272, 38.64788], [-119.95287, 38.64807], [-119.95289, 38.64818], [-119.95289, 38.648313], [-119.95289, 38.64845], [-119.95302, 38.64859], [-119.9532, 38.64866], [-119.95342, 38.64869], [-119.95358, 38.6488], [-119.95379, 38.6489], [-119.953907, 38.648926], [-119.95397, 38.64894], [-119.9541, 38.64901], [-119.95423, 38.64903], [-119.95453, 38.64894], [-119.95522, 38.64882], [-119.95569, 38.64878], [-119.95586, 38.64875], [-119.95596, 38.64865], [-119.95604, 38.64856], [-119.9562, 38.64833], [-119.95664, 38.64817], [-119.95683, 38.64812], [-119.9571, 38.64812], [-119.95737, 38.64814], [-119.957499, 38.648181], [-119.95762, 38.64822], [-119.9578, 38.64824], [-119.95793, 38.64831], [-119.95806, 38.64846], [-119.95823, 38.64877], [-119.95843, 38.64907], [-119.95852, 38.64927], [-119.958542, 38.649312], [-119.958565, 38.649353], [-119.958586, 38.649395], [-119.95862, 38.64946], [-119.95866, 38.64963], [-119.95877, 38.64977], [-119.95897, 38.6499], [-119.95917, 38.65007], [-119.95934, 38.65033], [-119.95943, 38.65059], [-119.95957, 38.65073], [-119.95974, 38.65099], [-119.95976, 38.65136], [-119.95982, 38.65153], [-119.95992, 38.65188], [-119.95988, 38.65201], [-119.95984, 38.65221], [-119.95986, 38.65258], [-119.95984, 38.65289], [-119.95978, 38.6531], [-119.95978, 38.65333], [-119.95983, 38.65353], [-119.95992, 38.65379], [-119.95997, 38.65411], [-119.96007, 38.65457], [-119.96018, 38.65489], [-119.96031, 38.65514], [-119.96035, 38.65564], [-119.96042, 38.65589], [-119.96046, 38.65606], [-119.96053, 38.65655], [-119.96055, 38.65687], [-119.96074, 38.65728], [-119.96076, 38.65764], [-119.96075, 38.65844], [-119.96076, 38.65867], [-119.96072, 38.65903], [-119.96066, 38.6592], [-119.96051, 38.65941], [-119.9605, 38.65955], [-119.96056, 38.65969], [-119.96063, 38.65994], [-119.9607, 38.66012], [-119.9608, 38.66017], [-119.96098, 38.66017], [-119.96113, 38.66009], [-119.96126, 38.66005], [-119.96145, 38.66005], [-119.96171, 38.66018], [-119.96188, 38.66021], [-119.96202, 38.66024], [-119.96237, 38.66044], [-119.96258, 38.66057], [-119.96271, 38.66073], [-119.9628, 38.66078], [-119.96296, 38.66084], [-119.96313, 38.661], [-119.96327, 38.66107], [-119.96346, 38.66107], [-119.9636, 38.66105], [-119.96399, 38.66094], [-119.964533, 38.660999], [-119.96463, 38.66101], [-119.96499, 38.66106], [-119.96515, 38.66106], [-119.96542, 38.66089], [-119.96553, 38.66089], [-119.96573, 38.66094], [-119.9659, 38.66108], [-119.96607, 38.66128], [-119.96635, 38.66145], [-119.96667, 38.6615], [-119.96682, 38.6615], [-119.96696, 38.66139], [-119.96708, 38.66138], [-119.96718, 38.66145], [-119.96722, 38.66155], [-119.96726, 38.66168], [-119.96733, 38.66237], [-119.96749, 38.66247], [-119.96769, 38.66269], [-119.96782, 38.66295], [-119.96784, 38.66326], [-119.96782, 38.66356], [-119.96762, 38.6639], [-119.96755, 38.66412], [-119.96766, 38.66429], [-119.96788, 38.66455], [-119.96826, 38.66489], [-119.96848, 38.6654], [-119.96845, 38.66557], [-119.96845, 38.66576], [-119.96861, 38.66599], [-119.96858, 38.66619], [-119.96852, 38.66641], [-119.96851, 38.66686], [-119.96844, 38.66693], [-119.96819, 38.66702], [-119.96793, 38.66716], [-119.96783, 38.66721], [-119.96782, 38.66729], [-119.96789, 38.66744], [-119.96798, 38.66756], [-119.96818, 38.66773], [-119.96827, 38.66786], [-119.96832, 38.66802], [-119.96829, 38.66826], [-119.96822, 38.66843], [-119.96802, 38.66857], [-119.96788, 38.66868], [-119.9677, 38.6689], [-119.96741, 38.66918], [-119.96717, 38.66958], [-119.967, 38.66979], [-119.96676, 38.66998], [-119.96653, 38.6701], [-119.966312, 38.670163], [-119.96615, 38.67021], [-119.96603, 38.67026], [-119.96574, 38.67046], [-119.96559, 38.67058], [-119.96511, 38.67073], [-119.96491, 38.67077], [-119.96473, 38.67071], [-119.96456, 38.67068], [-119.9644, 38.6707], [-119.96428, 38.67078], [-119.96414, 38.67094], [-119.96402, 38.6711], [-119.96383, 38.67143], [-119.96373, 38.67172], [-119.96355, 38.67208], [-119.96345, 38.67238], [-119.96332, 38.67254], [-119.96303, 38.67276], [-119.96305, 38.67286], [-119.96314, 38.6729], [-119.96329, 38.67288], [-119.96341, 38.67291], [-119.96343, 38.673], [-119.96338, 38.67312], [-119.96325, 38.67317], [-119.963, 38.67332], [-119.96293, 38.67342], [-119.96276, 38.67362], [-119.96265, 38.67376], [-119.96263, 38.6739], [-119.96257, 38.67399], [-119.96227, 38.67448], [-119.9621, 38.67481], [-119.96193, 38.67494], [-119.96183, 38.67503], [-119.96137, 38.67555], [-119.96088, 38.67609], [-119.96087, 38.67624], [-119.9608, 38.67641], [-119.96057, 38.67657], [-119.96033, 38.67679], [-119.96019, 38.6771], [-119.96005, 38.67754], [-119.95995, 38.67793], [-119.95995, 38.67815], [-119.9601, 38.67841], [-119.96021, 38.67845], [-119.96033, 38.67863], [-119.96045, 38.67877], [-119.96045, 38.678837], [-119.96045, 38.67889], [-119.960448, 38.678908], [-119.96043, 38.6791], [-119.960438, 38.679121], [-119.960464, 38.679189], [-119.96054, 38.67939], [-119.960553, 38.67944], [-119.96057, 38.6795], [-119.96072, 38.67967], [-119.961044, 38.680068], [-119.96107, 38.6801], [-119.961182, 38.680297]]}, "props": {"MTFCC": "S1400", "NAME": null}}, {"geom": {"type": "LineString", "coordinates": [[-119.953562, 38.735484], [-119.953724, 38.735581], [-119.954271, 38.735561], [-119.954871, 38.73554], [-119.955953, 38.73543], [-119.95624, 38.735505], [-119.956423, 38.735638], [-119.956603, 38.735769], [-119.956814, 38.736077], [-119.956867, 38.736209], [-119.957007, 38.736684], [-119.957041, 38.737546], [-119.957398, 38.738594], [-119.957331, 38.7391], [-119.957258, 38.739666], [-119.957377, 38.739922], [-119.957498, 38.740737], [-119.957706, 38.741295], [-119.957827, 38.742064], [-119.957915, 38.742204], [-119.95798, 38.743322], [-119.957694, 38.7443], [-119.957699, 38.744999], [-119.958235, 38.746908], [-119.958353, 38.747095], [-119.958444, 38.747515], [-119.958364, 38.747742], [-119.958013, 38.748749], [-119.958132, 38.749239], [-119.958105, 38.7501], [-119.958163, 38.750641], [-119.958249, 38.750708], [-119.958581, 38.751919], [-119.958579, 38.752], [-119.958576, 38.752232], [-119.958068, 38.752882], [-119.957682, 38.753306], [-119.956508, 38.755748], [-119.955882, 38.757052], [-119.955843, 38.757246], [-119.95577, 38.757389], [-119.955643, 38.757641], [-119.955709, 38.758191], [-119.955864, 38.758375], [-119.956096, 38.75865]]}, "props": {"MTFCC": "S1400", "NAME": null}}, {"geom": {"type": "LineString", "coordinates": [[-119.79514, 38.842], [-119.79492, 38.84196], [-119.79475, 38.84189], [-119.79458, 38.84179], [-119.79453, 38.84168], [-119.7945, 38.84156], [-119.79447, 38.84139], [-119.79447, 38.84125], [-119.79451, 38.84116], [-119.79457, 38.8411], [-119.79462, 38.841], [-119.79476, 38.84084], [-119.79481, 38.84073], [-119.7948, 38.84052], [-119.79478, 38.84029], [-119.79478, 38.83967], [-119.79476, 38.83948], [-119.79473, 38.83931], [-119.79461, 38.83885], [-119.79451, 38.83867]]}, "props": {"MTFCC": "S1400", "NAME": null}}, {"geom": {"type": "LineString", "coordinates": [[-119.79275, 38.81101], [-119.79255, 38.81091], [-119.79215, 38.81079], [-119.792068, 38.810787], [-119.79178, 38.81078], [-119.79105, 38.81079], [-119.79007, 38.8108], [-119.789902, 38.8108], [-119.78963, 38.8108], [-119.78918, 38.81079]]}, "props": {"MTFCC": "S1400", "NAME": null}}, {"geom": {"type": "LineString", "coordinates": [[-119.81608, 38.7882], [-119.81612, 38.78825], [-119.816261, 38.788259], [-119.81647, 38.78823], [-119.81667, 38.78818], [-119.8168, 38.78812], [-119.816849, 38.788093], [-119.81697, 38.78803], [-119.817033, 38.788001]]}, "props": {"MTFCC": "S1740", "NAME": null}}, {"geom": {"type": "LineString", "coordinates": [[-119.820161, 38.663657], [-119.820103, 38.663701], [-119.81923, 38.664387], [-119.817717, 38.664871], [-119.817643, 38.664876], [-119.816611, 38.664958], [-119.815941, 38.665175], [-119.815448, 38.66553], [-119.815245, 38.665856], [-119.815246, 38.666324], [-119.815716, 38.667494], [-119.815688, 38.66803], [-119.815052, 38.669735], [-119.81487, 38.671443], [-119.814853, 38.671604], [-119.81465, 38.672235], [-119.814655, 38.673707], [-119.814923, 38.674186], [-119.815007, 38.674332], [-119.815122, 38.674397], [-119.815472, 38.674935], [-119.815791, 38.675989], [-119.815938, 38.677014], [-119.815994, 38.677401], [-119.816081, 38.67758], [-119.816461, 38.677825], [-119.8164, 38.67834], [-119.816225, 38.678967], [-119.816342, 38.679371], [-119.8163, 38.679543], [-119.816283, 38.679618], [-119.81602, 38.680042], [-119.815376, 38.680691], [-119.814646, 38.681224], [-119.813273, 38.682044], [-119.812308, 38.682371], [-119.811345, 38.68297], [-119.811158, 38.683182], [-119.810935, 38.683438], [-119.810497, 38.683772], [-119.808949, 38.684387], [-119.808499, 38.684655], [-119.808129, 38.684883], [-119.807122, 38.685657], [-119.806152, 38.686405], [-119.804118, 38.688431], [-119.803265, 38.688665], [-119.803161, 38.68875], [-119.80185, 38.68984], [-119.801611, 38.689867], [-119.801268, 38.689908], [-119.800897, 38.689951], [-119.80066, 38.68998]]}, "props": {"MTFCC": "S1400", "NAME": null}}, {"geom": {"type": "LineString", "coordinates": [[-119.79299, 38.69267], [-119.79262, 38.69268], [-119.79222, 38.69268]]}, "props": {"MTFCC": "S1750", "NAME": null}}, {"geom": {"type": "LineString", "coordinates": [[-119.80249, 38.6958], [-119.80205, 38.69595], [-119.80192, 38.69604], [-119.80164, 38.69643], [-119.801351, 38.696803], [-119.8013, 38.69687], [-119.80117, 38.69698], [-119.80086, 38.69704], [-119.80049, 38.69705], [-119.80027, 38.69703], [-119.8001, 38.69698], [-119.79988, 38.69694], [-119.79974, 38.69709], [-119.79939, 38.69788], [-119.79914, 38.69846], [-119.7991, 38.69866], [-119.79912, 38.6988], [-119.79919, 38.6989], [-119.79934, 38.6991], [-119.79937, 38.69925], [-119.79935, 38.69935], [-119.79927, 38.69953], [-119.79915, 38.69969], [-119.79908, 38.699755], [-119.79898, 38.69985], [-119.79874, 38.69999], [-119.79852, 38.70004], [-119.79827, 38.70005], [-119.79793, 38.70003], [-119.797588, 38.699997]]}, "props": {"MTFCC": "S1400", "NAME": null}}, {"geom": {"type": "LineString", "coordinates": [[-119.797588, 38.699997], [-119.79751, 38.69999], [-119.79721, 38.69994], [-119.797103, 38.69993], [-119.79675, 38.6999], [-119.79635, 38.69985], [-119.79601, 38.69985], [-119.795642, 38.699889], [-119.79534, 38.69996], [-119.795168, 38.700007]]}, "props": {"MTFCC": "S1400", "NAME": null}}, {"geom": {"type": "LineString", "coordinates": [[-119.645483, 38.682691], [-119.645721, 38.683348], [-119.646514, 38.684874], [-119.647044, 38.685417], [-119.647088, 38.685508], [-119.647222, 38.68578], [-119.64813, 38.686575], [-119.648427, 38.687164], [-119.648429, 38.687823], [-119.648198, 38.688369], [-119.647851, 38.688961], [-119.647881, 38.689164], [-119.648088, 38.689369], [-119.64806, 38.689572], [-119.647741, 38.689639], [-119.647245, 38.689499], [-119.646344, 38.689517], [-119.6462, 38.689675], [-119.646174, 38.690031], [-119.646348, 38.690106], [-119.647491, 38.690146], [-119.647815, 38.690259], [-119.648079, 38.69067], [-119.648049, 38.690762], [-119.648844, 38.69169], [-119.648963, 38.692212], [-119.649316, 38.692665], [-119.649524, 38.693644], [-119.649703, 38.693985], [-119.652341, 38.6955], [-119.652781, 38.695863], [-119.653224, 38.696637], [-119.653758, 38.698227], [-119.65417, 38.698726], [-119.654492, 38.699143], [-119.65476, 38.70002]]}, "props": {"MTFCC": "S1400", "NAME": null}}, {"geom": {"type": "LineString", "coordinates": [[-119.898347, 38.499909], [-119.898365, 38.499934], [-119.898419, 38.500011], [-119.898438, 38.500037], [-119.898581, 38.500238], [-119.898552, 38.500295], [-119.89902, 38.501188], [-119.899517, 38.501942], [-119.899606, 38.502239], [-119.899898, 38.502697], [-119.900424, 38.503108], [-119.901205, 38.504362], [-119.901449, 38.504754], [-119.901838, 38.508091], [-119.901774, 38.508305], [-119.901722, 38.508479], [-119.900969, 38.509576], [-119.900882, 38.509895], [-119.900942, 38.510376], [-119.90147, 38.511244], [-119.90153, 38.512341], [-119.901415, 38.512615], [-119.901419, 38.513964], [-119.901697, 38.514569], [-119.902098, 38.514811], [-119.90217, 38.51497], [-119.90233, 38.51518], [-119.90245, 38.5153], [-119.90253, 38.51541], [-119.90254, 38.51556], [-119.90266, 38.5158], [-119.9027, 38.51595], [-119.9027, 38.516357], [-119.9027, 38.51677], [-119.90273, 38.51707], [-119.90271, 38.51729], [-119.90267, 38.51751], [-119.90258, 38.51776], [-119.90258, 38.51802], [-119.90251, 38.51835], [-119.902506, 38.518518], [-119.9025, 38.51876], [-119.90244, 38.51885], [-119.90238, 38.51896], [-119.902377, 38.518974], [-119.90236, 38.51906], [-119.90258, 38.5196], [-119.90272, 38.51984], [-119.90276, 38.51996], [-119.90272, 38.5201], [-119.902688, 38.520177], [-119.90265, 38.52027], [-119.9026, 38.52047], [-119.90256, 38.52061], [-119.90235, 38.52103], [-119.90226, 38.52135], [-119.90215, 38.52153], [-119.90179, 38.52199], [-119.9018, 38.5222], [-119.90167, 38.52241], [-119.9014, 38.52281], [-119.90131, 38.52301], [-119.90128, 38.52311], [-119.90127, 38.52323], [-119.9014, 38.52344], [-119.90154, 38.52362]]}, "props": {"MTFCC": "S1500", "NAME": null}}, {"geom": {"type": "LineString", "coordinates": [[-119.938053, 38.504116], [-119.937733, 38.503486], [-119.937703, 38.503369], [-119.937629, 38.503072], [-119.937776, 38.502667], [-119.937405, 38.502166], [-119.937212, 38.501653], [-119.937249, 38.501082], [-119.937264, 38.500855], [-119.937403, 38.500273]]}, "props": {"MTFCC": "S1500", "NAME": null}}, {"geom": {"type": "LineString", "coordinates": [[-119.899002, 38.60802], [-119.898899, 38.608246], [-119.898543, 38.608605], [-119.898387, 38.608931], [-119.898414, 38.609054], [-119.898426, 38.609106], [-119.899174, 38.60987], [-119.899407, 38.610396], [-119.899401, 38.610869], [-119.898988, 38.611823], [-119.898703, 38.612252], [-119.898453, 38.61263], [-119.898609, 38.613403]]}, "props": {"MTFCC": "S1400", "NAME": null}}, {"geom": {"type": "LineString", "coordinates": [[-119.80638, 38.80438], [-119.80654, 38.80447], [-119.80661, 38.80452], [-119.80665, 38.8046], [-119.80668, 38.80474], [-119.80673, 38.80482], [-119.80676, 38.8049], [-119.80673, 38.80495], [-119.80667, 38.80498], [-119.80662, 38.80498], [-119.80654, 38.80496], [-119.80645, 38.80489]]}, "props": {"MTFCC": "S1750", "NAME": null}}, {"geom": {"type": "LineString", "coordinates": [[-119.80525, 38.80178], [-119.805263, 38.802297], [-119.80528, 38.80295], [-119.80526, 38.803851], [-119.80525, 38.80437]]}, "props": {"MTFCC": "S1400", "NAME": null}}, {"geom": {"type": "LineString", "coordinates": [[-119.75478, 38.79496], [-119.754832, 38.795094], [-119.75485, 38.79514], [-119.75491, 38.79545], [-119.754916, 38.795516], [-119.75493, 38.79566], [-119.7549, 38.79578], [-119.754876, 38.795857], [-119.75486, 38.79591], [-119.75477, 38.79607], [-119.75462, 38.79623], [-119.754498, 38.796325], [-119.754337, 38.796451]]}, "props": {"MTFCC": "S1400", "NAME": null}}, {"geom": {"type": "LineString", "coordinates": [[-119.77458, 38.81348], [-119.774419, 38.813482], [-119.77394, 38.81349], [-119.77383, 38.81351], [-119.773784, 38.813529]]}, "props": {"MTFCC": "S1400", "NAME": null}}, {"geom": {"type": "LineString", "coordinates": [[-119.734243, 38.510465], [-119.73414, 38.510316], [-119.734037, 38.510167], [-119.733898, 38.509964], [-119.733642, 38.510022], [-119.733517, 38.509708], [-119.733523, 38.509472], [-119.733534, 38.509111]]}, "props": {"MTFCC": "S1500", "NAME": null}}, {"geom": {"type": "LineString", "coordinates": [[-119.78672, 38.81622], [-119.78713, 38.81647], [-119.78775, 38.81683], [-119.78805, 38.81699], [-119.7882, 38.81704], [-119.78839, 38.81708], [-119.78855, 38.8171], [-119.78873, 38.81709], [-119.78888, 38.81707], [-119.78909, 38.81702], [-119.78967, 38.81686], [-119.79005, 38.81678], [-119.79023, 38.81677], [-119.7914, 38.81677], [-119.79155, 38.81674], [-119.79167, 38.8167], [-119.79181, 38.81662], [-119.79193, 38.81651], [-119.79201, 38.81637], [-119.79203, 38.81621], [-119.79204, 38.81606], [-119.79208, 38.81592], [-119.79217, 38.81574], [-119.79231, 38.81558], [-119.79257, 38.81541], [-119.79301, 38.81529], [-119.79326, 38.81528], [-119.793679, 38.815329], [-119.794496, 38.815437], [-119.79481, 38.815469], [-119.795066, 38.815432], [-119.795316, 38.815352], [-119.79569, 38.815118], [-119.795897, 38.814934], [-119.795983, 38.814824], [-119.796004, 38.814574], [-119.795899, 38.814358], [-119.795743, 38.814179], [-119.795498, 38.813993], [-119.794997, 38.81379], [-119.794528, 38.813758], [-119.794071, 38.813833], [-119.793278, 38.814069], [-119.792267, 38.814169], [-119.791324, 38.814265], [-119.790967, 38.814195], [-119.790759, 38.814084], [-119.790556, 38.813881], [-119.790188, 38.813353]]}, "props": {"MTFCC": "S1400", "NAME": null}}, {"geom": {"type": "LineString", "coordinates": [[-119.80481, 38.39862], [-119.804493, 38.39878], [-119.804365, 38.398787], [-119.804251, 38.398811], [-119.803805, 38.399087], [-119.802783, 38.400026], [-119.802425, 38.400207], [-119.801737, 38.401321], [-119.801648, 38.401395], [-119.801392, 38.401493]]}, "props": {"MTFCC": "S1400", "NAME": null}}, {"geom": {"type": "LineString", "coordinates": [[-119.800385, 38.403887], [-119.800837, 38.403995], [-119.80098, 38.40403], [-119.80113, 38.40426], [-119.8011, 38.40446], [-119.80086, 38.40455], [-119.80069, 38.40458], [-119.80049, 38.40444], [-119.800471, 38.404343], [-119.800385, 38.403887]]}, "props": {"MTFCC": "S1400", "NAME": null}}, {"geom": {"type": "LineString", "coordinates": [[-119.987643, 38.481411], [-119.987742, 38.481487], [-119.98781, 38.48154], [-119.988043, 38.481715], [-119.988144, 38.481791], [-119.98833, 38.48193], [-119.98871, 38.482224], [-119.988934, 38.482397], [-119.98919, 38.48241], [-119.98948, 38.48244], [-119.98992, 38.48242], [-119.990786, 38.482338], [-119.99109, 38.48231], [-119.99126, 38.48237], [-119.99146, 38.48248]]}, "props": {"MTFCC": "S1400", "NAME": null}}, {"geom": {"type": "LineString", "coordinates": [[-119.924618, 38.776421], [-119.92416, 38.77675], [-119.92385, 38.77694], [-119.92364, 38.77705], [-119.92324, 38.77717], [-119.92286, 38.77722], [-119.92235, 38.77727], [-119.922251, 38.777285]]}, "props": {"MTFCC": "S1400", "NAME": null}}, {"geom": {"type": "LineString", "coordinates": [[-119.931033, 38.754443], [-119.931189, 38.755564], [-119.931474, 38.757598], [-119.931329, 38.758193], [-119.931008, 38.758649], [-119.930834, 38.758649], [-119.930657, 38.758649], [-119.930162, 38.758443], [-119.929743, 38.758443], [-119.929519, 38.758443], [-119.928874, 38.758809], [-119.928465, 38.759262], [-119.928172, 38.759588], [-119.927936, 38.760023], [-119.928024, 38.76016], [-119.928521, 38.760573], [-119.928518, 38.761351], [-119.929569, 38.761809], [-119.929947, 38.762084], [-119.930297, 38.762519], [-119.930302, 38.762553], [-119.930325, 38.762702], [-119.930501, 38.762817], [-119.930529, 38.763206], [-119.930031, 38.763458], [-119.929768, 38.763504]]}, "props": {"MTFCC": "S1400", "NAME": null}}, {"geom": {"type": "LineString", "coordinates": [[-119.927752, 38.76212], [-119.92787, 38.76241], [-119.92793, 38.76258], [-119.92813, 38.76289], [-119.9282, 38.76307], [-119.9282, 38.76309], [-119.927517, 38.764691], [-119.927007, 38.765083], [-119.926993, 38.765095], [-119.927008, 38.76553], [-119.927245, 38.765866]]}, "props": {"MTFCC": "S1400", "NAME": null}}, {"geom": {"type": "LineString", "coordinates": [[-119.945102, 38.754264], [-119.94497, 38.754326], [-119.944804, 38.754409], [-119.944621, 38.754469], [-119.944544, 38.754509], [-119.944528, 38.754519], [-119.944472, 38.754515], [-119.944432, 38.754499], [-119.944408, 38.754475], [-119.944358, 38.754402], [-119.944285, 38.754217], [-119.944272, 38.754183], [-119.944209, 38.75406], [-119.944136, 38.753997], [-119.944062, 38.753963], [-119.943956, 38.753953], [-119.943876, 38.753967], [-119.94377, 38.754003], [-119.943663, 38.75406], [-119.94358, 38.754126], [-119.943527, 38.754189], [-119.943461, 38.754299], [-119.943421, 38.754379], [-119.943374, 38.754445], [-119.943321, 38.754479], [-119.943255, 38.754498], [-119.943198, 38.754515], [-119.943115, 38.754535], [-119.942651, 38.754575]]}, "props": {"MTFCC": "S1400", "NAME": null}}, {"geom": {"type": "LineString", "coordinates": [[-119.960246, 38.76471], [-119.959486, 38.764756], [-119.959019, 38.764962], [-119.95823, 38.765923], [-119.95749, 38.76627], [-119.956332, 38.766815], [-119.955514, 38.767021], [-119.954637, 38.767135], [-119.954462, 38.767273], [-119.954258, 38.767959], [-119.953907, 38.76821], [-119.95271, 38.768828], [-119.950694, 38.770086], [-119.950373, 38.770109], [-119.950139, 38.769926], [-119.950306, 38.768659], [-119.950372, 38.768165], [-119.950606, 38.767731], [-119.950577, 38.767548], [-119.950898, 38.766976], [-119.950898, 38.76677], [-119.951073, 38.766495], [-119.95119, 38.765535]]}, "props": {"MTFCC": "S1400", "NAME": null}}, {"geom": {"type": "LineString", "coordinates": [[-119.77454, 38.81787], [-119.77477, 38.81787], [-119.77496, 38.81782], [-119.77509, 38.81775], [-119.77527, 38.8176]]}, "props": {"MTFCC": "S1750", "NAME": null}}, {"geom": {"type": "LineString", "coordinates": [[-119.798612, 38.774781], [-119.798419, 38.775124], [-119.798081, 38.775455], [-119.796951, 38.776565], [-119.796643, 38.776953], [-119.796444, 38.777434], [-119.796369, 38.777617], [-119.795828, 38.777799], [-119.795782, 38.777886], [-119.795708, 38.778005], [-119.795692, 38.77837], [-119.795639, 38.778435], [-119.795009, 38.779236], [-119.794871, 38.779669], [-119.795114, 38.779835], [-119.795206, 38.779897], [-119.795683, 38.779849]]}, "props": {"MTFCC": "S1740", "NAME": null}}, {"geom": {"type": "LineString", "coordinates": [[-119.78574, 38.74946], [-119.786272, 38.749898], [-119.786682, 38.750276], [-119.786783, 38.750769], [-119.786848, 38.751084], [-119.78724, 38.751572], [-119.78736, 38.75206], [-119.7877, 38.75272], [-119.78804, 38.75315], [-119.7883, 38.75336], [-119.78874, 38.75363], [-119.78908, 38.75378], [-119.78968, 38.75394], [-119.78996, 38.75398], [-119.79017, 38.75399], [-119.790338, 38.753943], [-119.79035, 38.75394], [-119.79061, 38.75397], [-119.79088, 38.75398], [-119.79125, 38.75404], [-119.791309, 38.754039], [-119.792056, 38.754235], [-119.792222, 38.754278], [-119.792651, 38.754475], [-119.79271, 38.75451], [-119.792687, 38.754679], [-119.79265, 38.75496], [-119.79265, 38.75568], [-119.79269, 38.75603], [-119.792654, 38.757046], [-119.792819, 38.757268], [-119.793, 38.75751], [-119.79344, 38.75789], [-119.79344, 38.75802], [-119.793367, 38.758099], [-119.79334, 38.75813], [-119.7932, 38.7582], [-119.79289, 38.75832], [-119.792736, 38.758415], [-119.79265, 38.75847], [-119.792558, 38.758569], [-119.79252, 38.75861], [-119.79247, 38.75887], [-119.79225, 38.75871], [-119.79201, 38.7585], [-119.79175, 38.75833], [-119.7915, 38.7582], [-119.79117, 38.75805], [-119.79073, 38.75793], [-119.79033, 38.75779], [-119.78999, 38.75773], [-119.78979, 38.75773], [-119.78963, 38.75775], [-119.78945, 38.75782], [-119.78921, 38.75795], [-119.78895, 38.75816], [-119.78881, 38.75838], [-119.78842, 38.7592], [-119.78805, 38.75982], [-119.78786, 38.76], [-119.78764, 38.76017], [-119.78739, 38.76037], [-119.78721, 38.76053], [-119.78702, 38.76072], [-119.78685, 38.76095], [-119.78665, 38.76132], [-119.78652, 38.76162], [-119.78638, 38.76198], [-119.7863, 38.76244], [-119.78627, 38.76272], [-119.7862, 38.76323], [-119.78622, 38.76353], [-119.78619, 38.76368], [-119.78613, 38.76385], [-119.78607, 38.76404], [-119.78597, 38.76431], [-119.78595, 38.76451], [-119.78589, 38.76479], [-119.78586, 38.76512], [-119.78585, 38.76519], [-119.785816, 38.765365], [-119.78581, 38.7654], [-119.78577, 38.7657], [-119.7857, 38.76586], [-119.78559, 38.76598], [-119.78545, 38.76612], [-119.78526, 38.76626], [-119.78508, 38.76635], [-119.78487, 38.7664], [-119.78433, 38.76648], [-119.78433, 38.76702], [-119.784343, 38.767504], [-119.78437, 38.768545], [-119.78442, 38.7704], [-119.78442, 38.771668], [-119.78442, 38.77271]]}, "props": {"MTFCC": "S1740", "NAME": null}}, {"geom": {"type": "LineString", "coordinates": [[-119.81261, 38.76737], [-119.813, 38.76747], [-119.81344, 38.76768], [-119.813669, 38.7678], [-119.81409, 38.76802], [-119.81479, 38.76841], [-119.81524, 38.76868], [-119.81605, 38.76927], [-119.816583, 38.769632], [-119.81686, 38.76982], [-119.81708, 38.76996], [-119.81726, 38.77003], [-119.8174, 38.77005], [-119.81762, 38.77006]]}, "props": {"MTFCC": "S1400", "NAME": null}}, {"geom": {"type": "LineString", "coordinates": [[-119.75633, 38.75188], [-119.75611, 38.75198], [-119.75595, 38.75211], [-119.75584, 38.75224]]}, "props": {"MTFCC": "S1400", "NAME": null}}, {"geom": {"type": "LineString", "coordinates": [[-119.703851, 38.795104], [-119.704895, 38.795747], [-119.706494, 38.795932], [-119.708644, 38.795915], [-119.708818, 38.795914], [-119.709312, 38.796006], [-119.711908, 38.796301], [-119.712653, 38.796354], [-119.714714, 38.797433], [-119.71544, 38.797664], [-119.718115, 38.797576], [-119.719103, 38.797692], [-119.719713, 38.797877], [-119.720206, 38.798266], [-119.720407, 38.798633], [-119.720813, 38.799046], [-119.721422, 38.799413], [-119.72251, 38.799892], [-119.723194, 38.800194], [-119.723774, 38.800538], [-119.724495, 38.801754], [-119.72559, 38.803102], [-119.725797, 38.803404], [-119.725835, 38.803434], [-119.725892, 38.803474], [-119.725933, 38.803599], [-119.726122, 38.804172], [-119.726185, 38.804364], [-119.726211, 38.804443], [-119.726229, 38.804469], [-119.726418, 38.804735], [-119.726434, 38.804745], [-119.726533, 38.804805], [-119.726725, 38.804949], [-119.727009, 38.805162], [-119.727343, 38.805314], [-119.727562, 38.805415]]}, "props": {"MTFCC": "S1500", "NAME": null}}, {"geom": {"type": "LineString", "coordinates": [[-119.77125, 38.75897], [-119.77103, 38.75888], [-119.77066, 38.75882], [-119.770369, 38.758754], [-119.77026, 38.75873], [-119.77006, 38.75872], [-119.76982, 38.75873], [-119.76962, 38.75879], [-119.76947, 38.75883], [-119.76921, 38.75885], [-119.76898, 38.75884], [-119.76852, 38.75891], [-119.76833, 38.75893], [-119.76809, 38.75894], [-119.76797, 38.75896], [-119.76785, 38.759], [-119.767703, 38.7591], [-119.76769, 38.75911], [-119.76737, 38.7593], [-119.76698, 38.75945], [-119.766894, 38.759507], [-119.76683, 38.75955], [-119.76673, 38.75961], [-119.76662, 38.75964], [-119.76653, 38.75963], [-119.76633, 38.75954], [-119.76605, 38.75938], [-119.76549, 38.75903], [-119.76527, 38.75887], [-119.76512, 38.75873], [-119.76501, 38.75866], [-119.764796, 38.758582], [-119.76398, 38.75839], [-119.76377, 38.75838], [-119.76339, 38.7584], [-119.76294, 38.75844], [-119.76267, 38.75844], [-119.7621, 38.75842], [-119.76165, 38.75839], [-119.76121, 38.75834], [-119.7609, 38.75825], [-119.76063, 38.75819], [-119.76028, 38.75813], [-119.75989, 38.7581], [-119.75971, 38.75807], [-119.75955, 38.75806], [-119.75944, 38.75806], [-119.75932, 38.75804], [-119.7592, 38.75798], [-119.75915, 38.75793], [-119.7591, 38.75786], [-119.75898, 38.75761], [-119.75882, 38.75731], [-119.75872, 38.757], [-119.75865, 38.75683], [-119.75863, 38.75655], [-119.75862, 38.756479], [-119.75861, 38.7564], [-119.75853, 38.75599], [-119.75853, 38.75573], [-119.75857, 38.75546], [-119.75861, 38.75525], [-119.75857, 38.75507], [-119.7585, 38.75493], [-119.75834, 38.75476], [-119.75793, 38.7543]]}, "props": {"MTFCC": "S1400", "NAME": null}}, {"geom": {"type": "LineString", "coordinates": [[-119.64647, 38.75397], [-119.64661, 38.7541], [-119.64674, 38.75423], [-119.6468, 38.75436], [-119.64686, 38.75458], [-119.64695, 38.7548], [-119.6471, 38.75505], [-119.64731, 38.7553], [-119.64756, 38.75549], [-119.64781, 38.75561], [-119.64795, 38.75569], [-119.64821, 38.75576], [-119.64835, 38.75582], [-119.648571, 38.756111], [-119.648681, 38.756231], [-119.648831, 38.756301], [-119.649001, 38.756301], [-119.649181, 38.756251], [-119.649441, 38.756121], [-119.649631, 38.75603], [-119.649761, 38.756], [-119.649871, 38.756], [-119.649991, 38.75603], [-119.650111, 38.75608], [-119.650271, 38.756201], [-119.650431, 38.756281], [-119.650622, 38.756351], [-119.650812, 38.756411], [-119.651052, 38.756541], [-119.651252, 38.756681], [-119.651502, 38.756801], [-119.651772, 38.756961], [-119.651952, 38.757091], [-119.652522, 38.757591], [-119.652623, 38.757651], [-119.652783, 38.757711], [-119.653033, 38.757771], [-119.653273, 38.757841], [-119.653423, 38.757931], [-119.653653, 38.758101], [-119.653823, 38.758292], [-119.654233, 38.758892], [-119.654543, 38.759162], [-119.655004, 38.759532], [-119.655384, 38.759822], [-119.655724, 38.760052], [-119.655984, 38.760202], [-119.656204, 38.760383], [-119.656544, 38.760683], [-119.656775, 38.760923], [-119.656955, 38.761153], [-119.657085, 38.761433], [-119.657125, 38.761603], [-119.657135, 38.761743], [-119.657035, 38.761943], [-119.656675, 38.762303], [-119.656579, 38.762436]]}, "props": {"MTFCC": "S1400", "NAME": null}}, {"geom": {"type": "LineString", "coordinates": [[-119.931602, 38.692074], [-119.93168, 38.69217], [-119.931703, 38.692202], [-119.931993, 38.692598], [-119.93209, 38.69273]]}, "props": {"MTFCC": "S1400", "NAME": null}}, {"geom": {"type": "LineString", "coordinates": [[-119.917858, 38.668147], [-119.917468, 38.668377], [-119.917384, 38.668428], [-119.916817, 38.669192], [-119.916759, 38.669493], [-119.916675, 38.669938]]}, "props": {"MTFCC": "S1400", "NAME": null}}, {"geom": {"type": "LineString", "coordinates": [[-119.90084, 38.71777], [-119.90088, 38.71738], [-119.90099, 38.7172], [-119.90112, 38.71707], [-119.90144, 38.71687], [-119.90155, 38.71676], [-119.90159, 38.71665], [-119.90155, 38.71651], [-119.9014, 38.71641], [-119.90123, 38.71635], [-119.90084, 38.71634], [-119.90059, 38.71634], [-119.90047, 38.71632], [-119.90039, 38.71627], [-119.90027, 38.71615], [-119.90017, 38.71599], [-119.90022, 38.71585], [-119.90032, 38.71571], [-119.90051, 38.71555], [-119.90066, 38.71539], [-119.90077, 38.71531], [-119.9011, 38.71525], [-119.90181, 38.71484], [-119.90226, 38.7148], [-119.90247, 38.71474], [-119.90331, 38.71475], [-119.90352, 38.71476], [-119.90363, 38.71483], [-119.90375, 38.71505], [-119.90394, 38.71551], [-119.90407, 38.71566], [-119.90423, 38.71568], [-119.90432, 38.71566], [-119.90445, 38.71552], [-119.9047, 38.71517], [-119.90477, 38.71505], [-119.90489, 38.71452], [-119.90489, 38.71441], [-119.90479, 38.71424], [-119.90465, 38.71406], [-119.9046, 38.71384], [-119.90455, 38.71344], [-119.90458, 38.71328], [-119.90464, 38.71311], [-119.90478, 38.71295], [-119.90502, 38.71278], [-119.9052, 38.71264], [-119.90528, 38.71252], [-119.90522, 38.71194], [-119.90517, 38.71189], [-119.90506, 38.71183], [-119.90497, 38.7118], [-119.90473, 38.7118], [-119.90466, 38.71178], [-119.90456, 38.71171]]}, "props": {"MTFCC": "S1400", "NAME": null}}, {"geom": {"type": "LineString", "coordinates": [[-119.916675, 38.669938], [-119.916477, 38.670013], [-119.916465, 38.670022], [-119.916331, 38.670054], [-119.916111, 38.670073], [-119.916019, 38.670105], [-119.915943, 38.670151], [-119.915853, 38.670232], [-119.915798, 38.670317], [-119.915792, 38.670338], [-119.915758, 38.670449], [-119.915755, 38.670459], [-119.915792, 38.670526], [-119.915821, 38.670634], [-119.915874, 38.670797], [-119.915891, 38.670925], [-119.915881, 38.670955], [-119.915812, 38.671047], [-119.915789, 38.671097], [-119.91578, 38.671228], [-119.915766, 38.671263], [-119.915721, 38.671308], [-119.915651, 38.671398], [-119.915599, 38.671494], [-119.91558, 38.671584], [-119.915574, 38.671676], [-119.91553, 38.67183], [-119.915489, 38.671889], [-119.915398, 38.671973], [-119.915312, 38.672005], [-119.915245, 38.67202], [-119.91519, 38.672016], [-119.915103, 38.671995], [-119.914933, 38.671919], [-119.91465, 38.671896], [-119.914278, 38.671874], [-119.914133, 38.671871], [-119.914035, 38.671881], [-119.913881, 38.671906], [-119.913809, 38.671931], [-119.913658, 38.67197], [-119.913554, 38.671983]]}, "props": {"MTFCC": "S1400", "NAME": null}}, {"geom": {"type": "LineString", "coordinates": [[-119.913554, 38.671983], [-119.913508, 38.672014], [-119.912984, 38.672357], [-119.912365, 38.672852], [-119.911632, 38.673309], [-119.91088, 38.673766], [-119.909995, 38.674299], [-119.909072, 38.674737], [-119.908206, 38.675175]]}, "props": {"MTFCC": "S1400", "NAME": null}}, {"geom": {"type": "LineString", "coordinates": [[-119.91774, 38.638614], [-119.91749, 38.638727], [-119.916741, 38.639068], [-119.916492, 38.639182]]}, "props": {"MTFCC": "S1400", "NAME": null}}, {"geom": {"type": "LineString", "coordinates": [[-119.955488, 38.713102], [-119.955687, 38.713004], [-119.955791, 38.712955], [-119.956173, 38.712557], [-119.956328, 38.712397]]}, "props": {"MTFCC": "S1740", "NAME": null}}, {"geom": {"type": "LineString", "coordinates": [[-119.885778, 38.647627], [-119.885916, 38.647675], [-119.886426, 38.647522], [-119.886816, 38.647484], [-119.887824, 38.647389], [-119.889161, 38.646583], [-119.889776, 38.646405], [-119.890621, 38.646162], [-119.890797, 38.646085], [-119.891919, 38.645583], [-119.893514, 38.645961], [-119.894964, 38.646563], [-119.895931, 38.646781], [-119.896674, 38.646663], [-119.896695, 38.64666], [-119.896617, 38.646619], [-119.89606, 38.646325], [-119.896791, 38.646261], [-119.897594, 38.646349], [-119.898562, 38.646404], [-119.90047, 38.645829], [-119.902026, 38.645967], [-119.90325, 38.646288], [-119.903622, 38.645868], [-119.903802, 38.644987], [-119.903713, 38.64432], [-119.904137, 38.643836], [-119.904172, 38.643294], [-119.905305, 38.642873], [-119.90724, 38.641143], [-119.909622, 38.639849], [-119.910423, 38.639134], [-119.910936, 38.638678], [-119.912427, 38.638919], [-119.912715, 38.639305], [-119.913333, 38.639553], [-119.915443, 38.639608], [-119.916185, 38.639992]]}, "props": {"MTFCC": "S1500", "NAME": null}}, {"geom": {"type": "LineString", "coordinates": [[-119.80593, 38.68855], [-119.8059, 38.68879], [-119.80587, 38.68893], [-119.80568, 38.68929], [-119.80556, 38.68948], [-119.805535, 38.689505], [-119.80538, 38.68967], [-119.80524, 38.68981], [-119.80507, 38.69003], [-119.80484, 38.69023], [-119.80455, 38.6904], [-119.80443, 38.69044], [-119.80432, 38.69046], [-119.80413, 38.69047], [-119.80399, 38.69045], [-119.80366, 38.69039], [-119.80326, 38.69029], [-119.80306, 38.69027], [-119.802766, 38.690279], [-119.80275, 38.69028], [-119.80248, 38.69026], [-119.8023, 38.69019], [-119.80212, 38.69007], [-119.80185, 38.68984]]}, "props": {"MTFCC": "S1400", "NAME": null}}, {"geom": {"type": "LineString", "coordinates": [[-119.798132, 38.688245], [-119.798119, 38.688063], [-119.798122, 38.687874], [-119.798165, 38.687801], [-119.798205, 38.687745], [-119.798251, 38.687699], [-119.798334, 38.687659], [-119.798374, 38.687629], [-119.798424, 38.687583], [-119.79846, 38.687487], [-119.798486, 38.687374], [-119.79848, 38.687242], [-119.798447, 38.687106], [-119.798433, 38.68702], [-119.798437, 38.686964], [-119.798457, 38.686881], [-119.798539, 38.686754], [-119.798572, 38.686681], [-119.798592, 38.686598], [-119.798582, 38.686515], [-119.798569, 38.686459], [-119.79849, 38.686256], [-119.798496, 38.686193], [-119.798513, 38.68615], [-119.798553, 38.686104], [-119.798592, 38.686047], [-119.798635, 38.686004], [-119.798695, 38.685932], [-119.798801, 38.685849], [-119.798847, 38.685822], [-119.798864, 38.685786], [-119.798844, 38.685736], [-119.798721, 38.68563], [-119.798559, 38.685534], [-119.798427, 38.685485], [-119.798265, 38.685448], [-119.798136, 38.685405], [-119.798043, 38.685352], [-119.797987, 38.685296], [-119.797745, 38.684906], [-119.797692, 38.684767], [-119.797649, 38.684488], [-119.797586, 38.684455], [-119.79748, 38.684475], [-119.797311, 38.684667]]}, "props": {"MTFCC": "S1400", "NAME": null}}, {"geom": {"type": "LineString", "coordinates": [[-119.800801, 38.686342], [-119.800812, 38.686396], [-119.800825, 38.686452], [-119.80079, 38.686555], [-119.800773, 38.686608]]}, "props": {"MTFCC": "S1400", "NAME": null}}, {"geom": {"type": "LineString", "coordinates": [[-119.647336, 38.707932], [-119.647322, 38.70783], [-119.647299, 38.707806]]}, "props": {"MTFCC": "S1400", "NAME": null}}, {"geom": {"type": "LineString", "coordinates": [[-119.596193, 38.681241], [-119.595661, 38.682309], [-119.595578, 38.682478], [-119.595374, 38.683227], [-119.595228, 38.684722], [-119.595366, 38.685826], [-119.595392, 38.686027], [-119.595676, 38.686754], [-119.595651, 38.686963]]}, "props": {"MTFCC": "S1400", "NAME": null}}, {"geom": {"type": "LineString", "coordinates": [[-119.65226, 38.621153], [-119.652314, 38.621244], [-119.6524, 38.621386], [-119.652399, 38.62154], [-119.652399, 38.621647], [-119.652928, 38.62236], [-119.654229, 38.624111], [-119.654281, 38.624593], [-119.654321, 38.624961], [-119.654128, 38.625443], [-119.654549, 38.625916], [-119.654528, 38.626255], [-119.654448, 38.626422], [-119.65386, 38.62766], [-119.65385, 38.62784], [-119.65383, 38.62791], [-119.65373, 38.628], [-119.65344, 38.62818], [-119.65324, 38.6284], [-119.65299, 38.62871], [-119.65297, 38.62879], [-119.65299, 38.62888], [-119.6531, 38.629], [-119.65326, 38.62914], [-119.653362, 38.629222], [-119.65352, 38.62935], [-119.65373, 38.6295], [-119.65383, 38.62965], [-119.65398, 38.63006], [-119.654023, 38.630129]]}, "props": {"MTFCC": "S1400", "NAME": null}}, {"geom": {"type": "LineString", "coordinates": [[-119.70299, 38.649193], [-119.702347, 38.648943], [-119.701357, 38.648559], [-119.700629, 38.647863], [-119.700131, 38.647387], [-119.700077, 38.647347], [-119.699733, 38.647007], [-119.699566, 38.646965], [-119.697846, 38.646537], [-119.697503, 38.64634], [-119.697414, 38.646289], [-119.69708, 38.645767], [-119.69682, 38.645745], [-119.696473, 38.645494], [-119.695497, 38.64374], [-119.695264, 38.643604], [-119.694728, 38.64293], [-119.69443, 38.642556], [-119.694344, 38.64226], [-119.693942, 38.64169], [-119.693799, 38.641349], [-119.693711, 38.641303], [-119.693512, 38.640733], [-119.693458, 38.640324], [-119.693028, 38.639412], [-119.690681, 38.639397], [-119.690049, 38.638993], [-119.689547, 38.638853], [-119.687756, 38.638766], [-119.687061, 38.638723], [-119.686424, 38.638519], [-119.685816, 38.638246], [-119.685771, 38.638207], [-119.684949, 38.637495], [-119.684631, 38.637382], [-119.683849, 38.637475], [-119.683299, 38.63766], [-119.682691, 38.638143], [-119.68246, 38.638029], [-119.681904, 38.637456], [-119.681728, 38.63709], [-119.680236, 38.635989], [-119.678949, 38.635165], [-119.676636, 38.63301], [-119.676285, 38.632804], [-119.675788, 38.632712], [-119.675086, 38.633122], [-119.674034, 38.63303], [-119.673625, 38.632915], [-119.67342, 38.632984], [-119.673478, 38.63328], [-119.673565, 38.633349], [-119.673593, 38.633692], [-119.674523, 38.634422], [-119.675249, 38.635314], [-119.67574, 38.636593], [-119.675795, 38.638123], [-119.675648, 38.638375], [-119.67553, 38.638671], [-119.675121, 38.639083], [-119.675149, 38.639425], [-119.675584, 38.639906], [-119.675758, 38.640271], [-119.675698, 38.640796], [-119.675491, 38.641504], [-119.675082, 38.641916], [-119.674029, 38.642029], [-119.673737, 38.642188], [-119.673736, 38.642394], [-119.674579, 38.643239], [-119.675131, 38.64365], [-119.676527, 38.644312], [-119.676673, 38.644472], [-119.677283, 38.644722], [-119.677836, 38.644722], [-119.678534, 38.644882], [-119.67932, 38.645521], [-119.679816, 38.645749], [-119.680775, 38.645793], [-119.681502, 38.646593], [-119.681646, 38.647026], [-119.681995, 38.647232], [-119.682198, 38.647507], [-119.682839, 38.64762], [-119.68313, 38.647802], [-119.683683, 38.647688], [-119.68409, 38.647412], [-119.684409, 38.646932], [-119.685398, 38.646083], [-119.685834, 38.645992], [-119.687347, 38.646379], [-119.688133, 38.646698], [-119.688277, 38.647178], [-119.688888, 38.647246], [-119.689528, 38.647886], [-119.689731, 38.648228], [-119.689641, 38.648868], [-119.689786, 38.64921], [-119.689812, 38.649229], [-119.690514, 38.649735], [-119.692056, 38.650328], [-119.694005, 38.650532], [-119.6945, 38.650783], [-119.69479, 38.651309], [-119.695954, 38.652084], [-119.695923, 38.652267], [-119.69569, 38.65245], [-119.69566, 38.652747], [-119.695892, 38.653021], [-119.696707, 38.653363], [-119.697405, 38.653774], [-119.698307, 38.65439]]}, "props": {"MTFCC": "S1500", "NAME": null}}, {"geom": {"type": "LineString", "coordinates": [[-119.72574, 38.65852], [-119.72582, 38.65846], [-119.72592, 38.65847], [-119.726015, 38.658517], [-119.72609, 38.65859], [-119.72616, 38.65869], [-119.72624, 38.65879], [-119.7263, 38.65896], [-119.72636, 38.65911], [-119.72646, 38.65931], [-119.72654, 38.65961]]}, "props": {"MTFCC": "S1400", "NAME": null}}, {"geom": {"type": "LineString", "coordinates": [[-119.636024, 38.576415], [-119.636286, 38.57733], [-119.636489, 38.577582], [-119.636489, 38.577788], [-119.636532, 38.577848], [-119.637013, 38.57852], [-119.637538, 38.578978], [-119.638731, 38.581083], [-119.639203, 38.581633], [-119.639576, 38.582067], [-119.640216, 38.58257], [-119.640275, 38.58273]]}, "props": {"MTFCC": "S1500", "NAME": null}}, {"geom": {"type": "LineString", "coordinates": [[-119.630378, 38.579676], [-119.630371, 38.579698], [-119.630281, 38.580004], [-119.631096, 38.580622], [-119.631591, 38.58076], [-119.631939, 38.58076], [-119.632699, 38.58076], [-119.63401, 38.580578], [-119.634448, 38.580578], [-119.634914, 38.580738], [-119.635758, 38.581265], [-119.636312, 38.58186], [-119.636894, 38.582134], [-119.637035, 38.582161], [-119.638042, 38.582354], [-119.638087, 38.582362], [-119.640129, 38.582753], [-119.640275, 38.58273]]}, "props": {"MTFCC": "S1500", "NAME": null}}, {"geom": {"type": "LineString", "coordinates": [[-119.9077, 38.61412], [-119.90833, 38.61406], [-119.90875, 38.61405], [-119.90929, 38.61396], [-119.90974, 38.61395], [-119.91016, 38.61398], [-119.91038, 38.61391], [-119.9105, 38.61383], [-119.91098, 38.61373], [-119.91113, 38.61363], [-119.91144, 38.61316], [-119.91158, 38.61302], [-119.91231, 38.61265], [-119.91265, 38.61239], [-119.91291, 38.61218], [-119.91299, 38.61209]]}, "props": {"MTFCC": "S1400", "NAME": null}}, {"geom": {"type": "LineString", "coordinates": [[-119.888212, 38.597663], [-119.88823, 38.598053], [-119.888261, 38.598724], [-119.888178, 38.598878], [-119.887879, 38.599014], [-119.887805, 38.599049], [-119.887811, 38.599358]]}, "props": {"MTFCC": "S1400", "NAME": null}}, {"geom": {"type": "LineString", "coordinates": [[-119.999235, 38.481386], [-119.999139, 38.481459], [-119.998851, 38.481679], [-119.998756, 38.481753]]}, "props": {"MTFCC": "S1400", "NAME": null}}, {"geom": {"type": "LineString", "coordinates": [[-119.98988, 38.48053], [-119.989657, 38.480602], [-119.988991, 38.480817], [-119.98877, 38.48089]]}, "props": {"MTFCC": "S1400", "NAME": null}}, {"geom": {"type": "LineString", "coordinates": [[-119.98988, 38.48053], [-119.989926, 38.480698], [-119.990063, 38.481202], [-119.99011, 38.48137]]}, "props": {"MTFCC": "S1400", "NAME": null}}, {"geom": {"type": "LineString", "coordinates": [[-119.79732, 38.80428], [-119.79739, 38.80434]]}, "props": {"MTFCC": "S1400", "NAME": null}}, {"geom": {"type": "LineString", "coordinates": [[-119.92426, 38.60947], [-119.92412, 38.60947], [-119.923964, 38.609529], [-119.92365, 38.60965], [-119.92351, 38.60971], [-119.923151, 38.609951], [-119.92299, 38.61006], [-119.92297, 38.61017]]}, "props": {"MTFCC": "S1400", "NAME": null}}, {"geom": {"type": "LineString", "coordinates": [[-119.79032, 38.79456], [-119.79011, 38.79462], [-119.7899, 38.79471], [-119.789806, 38.794803], [-119.7898, 38.79491], [-119.78982, 38.79504]]}, "props": {"MTFCC": "S1750", "NAME": null}}, {"geom": {"type": "LineString", "coordinates": [[-119.92869, 38.68936], [-119.92897, 38.68923]]}, "props": {"MTFCC": "S1400", "NAME": null}}, {"geom": {"type": "LineString", "coordinates": [[-119.78174, 38.80304], [-119.78202, 38.8027], [-119.78269, 38.80201]]}, "props": {"MTFCC": "S1400", "NAME": null}}, {"geom": {"type": "LineString", "coordinates": [[-119.87863, 38.7971], [-119.8785, 38.79699], [-119.87837, 38.79692], [-119.87819, 38.79691], [-119.87804, 38.79701], [-119.87797, 38.79715], [-119.87792, 38.79748], [-119.87778, 38.79764], [-119.87761, 38.7977], [-119.87735, 38.79771], [-119.8772, 38.79768], [-119.87705, 38.79749], [-119.87694, 38.79712], [-119.876807, 38.79692]]}, "props": {"MTFCC": "S1400", "NAME": null}}, {"geom": {"type": "LineString", "coordinates": [[-119.82209, 38.77781], [-119.82209, 38.77791], [-119.82214, 38.77798], [-119.8222, 38.77803], [-119.82226, 38.77803], [-119.8223, 38.77798], [-119.82233, 38.77792], [-119.82229, 38.77787], [-119.82222, 38.77784], [-119.82209, 38.77781]]}, "props": {"MTFCC": "S1400", "NAME": null}}, {"geom": {"type": "LineString", "coordinates": [[-119.897579, 38.363499], [-119.897242, 38.363369], [-119.897012, 38.36333], [-119.89606, 38.363575], [-119.89568, 38.36359], [-119.895205, 38.363626], [-119.894618, 38.363715], [-119.893809, 38.363974], [-119.893233, 38.36411], [-119.892997, 38.364176], [-119.892324, 38.364249], [-119.891766, 38.364336], [-119.890922, 38.364425], [-119.890598, 38.364418], [-119.890317, 38.364295], [-119.890008, 38.364173], [-119.889776, 38.364096], [-119.88951, 38.364116], [-119.889332, 38.36417], [-119.88909, 38.364341], [-119.888668, 38.364747], [-119.888501, 38.364836], [-119.88841, 38.36488], [-119.8882, 38.36494], [-119.88789, 38.36495], [-119.88758, 38.36488], [-119.88726, 38.365], [-119.88661, 38.36527], [-119.8863, 38.36532], [-119.88604, 38.36533], [-119.88589, 38.36536], [-119.88547, 38.36562], [-119.88499, 38.3658], [-119.88462, 38.36588], [-119.88419, 38.36592], [-119.88377, 38.36599], [-119.88308, 38.36621], [-119.88286, 38.36624], [-119.88268, 38.36625], [-119.88211, 38.3662], [-119.88148, 38.36609], [-119.8811, 38.36605], [-119.88071, 38.36608], [-119.88048, 38.36607], [-119.88018, 38.36599], [-119.87981, 38.36591], [-119.87953, 38.3659], [-119.87917, 38.36593], [-119.87885, 38.3659], [-119.87859, 38.36583], [-119.87828, 38.36572], [-119.87799, 38.36564], [-119.87746, 38.36565], [-119.87661, 38.36562], [-119.87571, 38.36567], [-119.87493, 38.36577], [-119.87438, 38.36592], [-119.874264, 38.365914], [-119.87419, 38.36591], [-119.87398, 38.36583], [-119.87374, 38.36578], [-119.87322, 38.36562]]}, "props": {"MTFCC": "S1400", "NAME": null}}, {"geom": {"type": "LineString", "coordinates": [[-119.802391, 38.50601], [-119.802312, 38.506273], [-119.802306, 38.5066], [-119.802483, 38.506829], [-119.802709, 38.506866], [-119.802866, 38.507126], [-119.803046, 38.507033], [-119.803192, 38.506959], [-119.803405, 38.50672], [-119.803746, 38.506986], [-119.804309, 38.506944], [-119.804647, 38.506751], [-119.805111, 38.507112], [-119.805735, 38.506833], [-119.806376, 38.506383], [-119.806973, 38.50573], [-119.80704, 38.505715], [-119.807669, 38.505579], [-119.807838, 38.505601], [-119.808203, 38.50565], [-119.808644, 38.505593]]}, "props": {"MTFCC": "S1500", "NAME": null}}, {"geom": {"type": "LineString", "coordinates": [[-119.79072, 38.69334], [-119.79048, 38.69335], [-119.79027, 38.69338], [-119.79007, 38.69344], [-119.79002, 38.69351], [-119.78988, 38.69365], [-119.78974, 38.6937], [-119.78957, 38.69372], [-119.78922, 38.69366], [-119.78905, 38.69357], [-119.78888, 38.69353], [-119.78866, 38.69355], [-119.78837, 38.6936], [-119.78816, 38.69366], [-119.78798, 38.69375], [-119.787297, 38.693926], [-119.7872, 38.69391], [-119.78706, 38.69389], [-119.78692, 38.69381], [-119.78675, 38.69357], [-119.78667, 38.69332], [-119.78668, 38.69317], [-119.786706, 38.693093], [-119.78672, 38.693049], [-119.786761, 38.693019], [-119.78712, 38.69275], [-119.789283, 38.691834], [-119.79004, 38.69135]]}, "props": {"MTFCC": "S1400", "NAME": null}}, {"geom": {"type": "LineString", "coordinates": [[-119.78485, 38.82406], [-119.78437, 38.82418], [-119.78423, 38.82417]]}, "props": {"MTFCC": "S1750", "NAME": null}}, {"geom": {"type": "LineString", "coordinates": [[-119.807933, 38.770705], [-119.8078, 38.77086], [-119.807544, 38.771172], [-119.80731, 38.77146], [-119.80694, 38.77196], [-119.80659, 38.77226], [-119.80637, 38.77234], [-119.806235, 38.772357], [-119.80622, 38.77236], [-119.80604, 38.77233], [-119.80564, 38.77224]]}, "props": {"MTFCC": "S1740", "NAME": null}}, {"geom": {"type": "LineString", "coordinates": [[-119.76749, 38.82015], [-119.76768, 38.82039], [-119.76783, 38.82059], [-119.76793, 38.82074]]}, "props": {"MTFCC": "S1750", "NAME": null}}, {"geom": {"type": "LineString", "coordinates": [[-119.74141, 38.67842], [-119.74134, 38.67858], [-119.74135, 38.67868], [-119.74141, 38.67876], [-119.74161, 38.6788], [-119.74176, 38.67884], [-119.74195, 38.67891], [-119.74202, 38.67898], [-119.74203, 38.67904], [-119.74201, 38.67908], [-119.74188, 38.67909], [-119.7416, 38.67909], [-119.74134, 38.67906], [-119.74121, 38.67904], [-119.74115, 38.67907], [-119.74119, 38.67914], [-119.7414, 38.67939], [-119.74141, 38.67945], [-119.74138, 38.67951], [-119.74132, 38.67954], [-119.74121, 38.67955], [-119.74117, 38.67946], [-119.74112, 38.67938], [-119.74091, 38.67921]]}, "props": {"MTFCC": "S1400", "NAME": null}}, {"geom": {"type": "LineString", "coordinates": [[-119.89451, 38.77672], [-119.89471, 38.77678], [-119.89485, 38.77676], [-119.89513, 38.77661], [-119.89535, 38.77651], [-119.895578, 38.776474], [-119.89574, 38.77645], [-119.89587, 38.77645], [-119.89607, 38.7765], [-119.89639, 38.77657], [-119.89681, 38.7766], [-119.897274, 38.776504], [-119.898086, 38.77658], [-119.898946, 38.776792], [-119.899201, 38.776855], [-119.899612, 38.776956], [-119.900067, 38.77698]]}, "props": {"MTFCC": "S1400", "NAME": null}}, {"geom": {"type": "LineString", "coordinates": [[-119.877221, 38.810632], [-119.877156, 38.810698], [-119.877143, 38.810718], [-119.877068, 38.810845], [-119.876916, 38.810976], [-119.876908, 38.810984], [-119.876829, 38.811053]]}, "props": {"MTFCC": "S1500", "NAME": null}}, {"geom": {"type": "LineString", "coordinates": [[-119.77173, 38.81989], [-119.77172, 38.81979], [-119.77179, 38.81963], [-119.77186, 38.81942], [-119.77189, 38.81922], [-119.7719, 38.81911], [-119.77195, 38.81897]]}, "props": {"MTFCC": "S1750", "NAME": null}}, {"geom": {"type": "LineString", "coordinates": [[-119.91774, 38.638614], [-119.91781, 38.63866], [-119.91841, 38.63909], [-119.91855, 38.63917], [-119.91882, 38.63921], [-119.91906, 38.63915], [-119.9192, 38.63911], [-119.91928, 38.63914], [-119.91934, 38.63922], [-119.91934, 38.63935], [-119.91927, 38.63947], [-119.9191, 38.63958], [-119.91887, 38.63966], [-119.91858, 38.63972], [-119.91804, 38.63973], [-119.9178, 38.63976], [-119.9176, 38.6398], [-119.91749, 38.63989], [-119.91732, 38.64011], [-119.91723, 38.6402], [-119.91721, 38.64033], [-119.91712, 38.6405], [-119.91713, 38.64067], [-119.9169, 38.64098], [-119.91677, 38.64112], [-119.91675, 38.64142], [-119.91668, 38.64157], [-119.91668, 38.64175], [-119.91671, 38.64197], [-119.91662, 38.64218], [-119.91662, 38.64242], [-119.91663, 38.64255], [-119.91639, 38.64302], [-119.91631, 38.64309], [-119.91613, 38.64318], [-119.91581, 38.64336], [-119.91529, 38.64372], [-119.91495, 38.6438], [-119.91444, 38.6439], [-119.91428, 38.6439], [-119.91406, 38.64389], [-119.91403, 38.64393], [-119.91395, 38.64409], [-119.91367, 38.6444], [-119.91363, 38.64451], [-119.91362, 38.64464], [-119.91362, 38.64476], [-119.91363, 38.64487], [-119.91375, 38.64516], [-119.91373, 38.64532], [-119.91365, 38.64559], [-119.91366, 38.64577], [-119.91372, 38.646], [-119.9137, 38.64623], [-119.91348, 38.64647], [-119.91326, 38.6468], [-119.91305, 38.64713], [-119.91288, 38.64742], [-119.91276, 38.64769], [-119.91267, 38.64786], [-119.91268, 38.64801], [-119.91279, 38.64808], [-119.91289, 38.64812], [-119.91309, 38.64811], [-119.91357, 38.64798], [-119.91384, 38.64793], [-119.91425, 38.64794]]}, "props": {"MTFCC": "S1400", "NAME": null}}, {"geom": {"type": "LineString", "coordinates": [[-119.735695, 38.499908], [-119.736083, 38.499597], [-119.736133, 38.499338], [-119.736185, 38.499072], [-119.73644, 38.498596], [-119.736378, 38.498394], [-119.736224, 38.498362], [-119.735867, 38.498774], [-119.735351, 38.498981], [-119.734884, 38.498993], [-119.734618, 38.499114]]}, "props": {"MTFCC": "S1710", "NAME": null}}, {"geom": {"type": "LineString", "coordinates": [[-119.698042, 38.575649], [-119.698081, 38.575704], [-119.698087, 38.575919], [-119.69809, 38.57599]]}, "props": {"MTFCC": "S1500", "NAME": null}}, {"geom": {"type": "LineString", "coordinates": [[-119.80732, 38.54864], [-119.806943, 38.548572], [-119.80693, 38.54857], [-119.80673, 38.54859], [-119.80658, 38.54862], [-119.80641, 38.54871], [-119.80627, 38.5488], [-119.80625, 38.5488], [-119.806066, 38.548903], [-119.805901, 38.548995], [-119.805639, 38.548727]]}, "props": {"MTFCC": "S1400", "NAME": null}}, {"geom": {"type": "LineString", "coordinates": [[-119.811061, 38.546299], [-119.811078, 38.546214], [-119.81113, 38.545976], [-119.811119, 38.545966], [-119.811057, 38.545907]]}, "props": {"MTFCC": "S1400", "NAME": null}}, {"geom": {"type": "LineString", "coordinates": [[-119.816347, 38.774348], [-119.81635, 38.77436], [-119.8164, 38.7744], [-119.81648, 38.774413], [-119.81652, 38.77442], [-119.816952, 38.774449], [-119.81711, 38.77446]]}, "props": {"MTFCC": "S1400", "NAME": null}}, {"geom": {"type": "LineString", "coordinates": [[-119.80479, 38.78815], [-119.80479, 38.78799], [-119.80482, 38.78767], [-119.80486, 38.78759], [-119.80493, 38.78753], [-119.80505, 38.78751], [-119.8053, 38.78751], [-119.80589, 38.78752], [-119.80672, 38.78752], [-119.80701, 38.78757], [-119.80736, 38.78761], [-119.80756, 38.78765], [-119.80796, 38.78776], [-119.80819, 38.78783], [-119.8083, 38.78784], [-119.80859, 38.78782], [-119.80879, 38.78784], [-119.80889, 38.78789], [-119.80898, 38.78798], [-119.80908, 38.78806], [-119.80919, 38.78807], [-119.80941, 38.78804], [-119.80964, 38.78804], [-119.80981, 38.78812], [-119.8099, 38.78822], [-119.80993, 38.78836], [-119.80992, 38.78848], [-119.80982, 38.78872], [-119.80904, 38.78926], [-119.808524, 38.789623], [-119.80813, 38.7899], [-119.80742, 38.79039], [-119.80658, 38.79095], [-119.80591, 38.7914], [-119.80468, 38.79228], [-119.80449, 38.7924], [-119.8044, 38.79244], [-119.80432, 38.79244], [-119.80413, 38.7924], [-119.80359, 38.79219], [-119.80347, 38.79213], [-119.80341, 38.79204], [-119.80336, 38.79192]]}, "props": {"MTFCC": "S1400", "NAME": null}}, {"geom": {"type": "LineString", "coordinates": [[-119.79501, 38.80805], [-119.79485, 38.80806], [-119.79472, 38.80806], [-119.79453, 38.80809]]}, "props": {"MTFCC": "S1740", "NAME": null}}, {"geom": {"type": "LineString", "coordinates": [[-119.80254, 38.80777], [-119.80279, 38.80778]]}, "props": {"MTFCC": "S1400", "NAME": null}}, {"geom": {"type": "LineString", "coordinates": [[-119.82279, 38.76094], [-119.82236, 38.76094]]}, "props": {"MTFCC": "S1400", "NAME": null}}, {"geom": {"type": "LineString", "coordinates": [[-119.815994, 38.76675], [-119.816245, 38.766726], [-119.816427, 38.766721], [-119.816462, 38.766721], [-119.816777, 38.766686], [-119.817178, 38.766699], [-119.817726, 38.766755], [-119.817751, 38.766758], [-119.818042, 38.766781], [-119.818156, 38.766813]]}, "props": {"MTFCC": "S1400", "NAME": null}}, {"geom": {"type": "LineString", "coordinates": [[-119.88397, 38.83566], [-119.88399, 38.83547], [-119.88404, 38.83539], [-119.88445, 38.83513], [-119.88472, 38.83487], [-119.88483, 38.83467], [-119.88487, 38.83449], [-119.88479, 38.83423], [-119.88482, 38.83389], [-119.88496, 38.83359], [-119.88534, 38.8328], [-119.88552, 38.8325], [-119.88557, 38.83236], [-119.8858, 38.83151], [-119.88593, 38.83116], [-119.88602, 38.83111], [-119.886136, 38.831098], [-119.88622, 38.83109], [-119.88656, 38.83104], [-119.88673, 38.831], [-119.88714, 38.83082], [-119.88726, 38.8308], [-119.88758, 38.83089], [-119.88777, 38.83084], [-119.88835, 38.83064], [-119.88881, 38.83055], [-119.88896, 38.83047], [-119.88926, 38.83014], [-119.88931, 38.8299], [-119.88929, 38.82971], [-119.88912, 38.82954], [-119.88869, 38.82922]]}, "props": {"MTFCC": "S1400", "NAME": null}}, {"geom": {"type": "LineString", "coordinates": [[-119.911497, 38.750353], [-119.911648, 38.750388], [-119.912074, 38.751295], [-119.912743, 38.752721], [-119.913628, 38.754174], [-119.913657, 38.754369], [-119.913829, 38.755514]]}, "props": {"MTFCC": "S1400", "NAME": null}}, {"geom": {"type": "LineString", "coordinates": [[-119.847151, 38.765478], [-119.847415, 38.765354], [-119.84749, 38.76532], [-119.84783, 38.76518], [-119.84798, 38.76516], [-119.8481, 38.76519], [-119.8482, 38.76526], [-119.848217, 38.765284], [-119.84839, 38.76552]]}, "props": {"MTFCC": "S1400", "NAME": null}}, {"geom": {"type": "LineString", "coordinates": [[-119.873094, 38.36547], [-119.873088, 38.365532], [-119.87322, 38.36562], [-119.87308, 38.3659], [-119.87278, 38.36613], [-119.87232, 38.36639], [-119.87175, 38.36667], [-119.87117, 38.36694], [-119.87074, 38.36713], [-119.870086, 38.367534], [-119.869667, 38.367597], [-119.86928, 38.367847], [-119.869076, 38.3679], [-119.867128, 38.368413], [-119.86671, 38.368524], [-119.866523, 38.368573], [-119.866478, 38.368569]]}, "props": {"MTFCC": "S1400", "NAME": null}}, {"geom": {"type": "LineString", "coordinates": [[-119.955222, 38.639196], [-119.95519, 38.63931], [-119.9552, 38.63945], [-119.95527, 38.63959], [-119.95531, 38.63974], [-119.95526, 38.63988], [-119.955095, 38.640142], [-119.95505, 38.6403], [-119.95516, 38.64044], [-119.95524, 38.64056], [-119.95518, 38.64068], [-119.955161, 38.640698], [-119.95505, 38.64081], [-119.95486, 38.64099]]}, "props": {"MTFCC": "S1400", "NAME": null}}, {"geom": {"type": "LineString", "coordinates": [[-119.96662, 38.72646], [-119.96636, 38.72659], [-119.96611, 38.7266], [-119.96592, 38.72649], [-119.96565, 38.7262], [-119.96552, 38.72598], [-119.96545, 38.72552], [-119.965448, 38.725454], [-119.96543, 38.7245], [-119.96541, 38.72396], [-119.96533, 38.72338], [-119.96535, 38.72321], [-119.96535, 38.72311], [-119.96531, 38.72308], [-119.96523, 38.7231], [-119.96502, 38.72339], [-119.96434, 38.72412], [-119.96427, 38.72427], [-119.964, 38.72498], [-119.96387, 38.72536], [-119.96375, 38.72552], [-119.96368, 38.72564], [-119.96363, 38.72588], [-119.963574, 38.725935], [-119.96355, 38.72596], [-119.96346, 38.72596], [-119.96337, 38.72594], [-119.96314, 38.72563], [-119.96304, 38.72554], [-119.96291, 38.72555], [-119.96257, 38.72575], [-119.96243, 38.72574], [-119.96231, 38.72579], [-119.96203, 38.726], [-119.961984, 38.726039], [-119.96167, 38.7263], [-119.96155, 38.7265], [-119.96154, 38.7268], [-119.96139, 38.72695], [-119.9612, 38.72701], [-119.96107, 38.72702], [-119.96095, 38.72693], [-119.96073, 38.72655], [-119.96064, 38.72649], [-119.960551, 38.726467], [-119.96052, 38.72646], [-119.96047, 38.72648], [-119.96039, 38.7265], [-119.95996, 38.72665], [-119.95943, 38.72686], [-119.95931, 38.72703], [-119.95933, 38.72718], [-119.95936, 38.72734], [-119.95931, 38.72757], [-119.95861, 38.72796], [-119.95843, 38.7281], [-119.95819, 38.72837], [-119.95789, 38.72861], [-119.95774, 38.7287], [-119.95755, 38.72872], [-119.95742, 38.72869], [-119.95716, 38.72859], [-119.95699, 38.7284], [-119.95675, 38.72792], [-119.95667, 38.72773], [-119.95649, 38.72759], [-119.95634, 38.72736], [-119.9562, 38.72721], [-119.95606, 38.72701], [-119.95594, 38.72689], [-119.955785, 38.726777], [-119.95572, 38.72673], [-119.95521, 38.72664], [-119.9548, 38.72655], [-119.95471, 38.72649], [-119.95461, 38.72643], [-119.95441, 38.72646], [-119.95433, 38.72651], [-119.9543, 38.7266], [-119.95431, 38.72671], [-119.95434, 38.72688], [-119.95431, 38.72695], [-119.95419, 38.72699], [-119.95404, 38.72697]]}, "props": {"MTFCC": "S1400", "NAME": null}}, {"geom": {"type": "LineString", "coordinates": [[-119.953827, 38.719353], [-119.954124, 38.7194], [-119.954335, 38.719516], [-119.95437, 38.719793], [-119.954491, 38.719839], [-119.955235, 38.719752], [-119.955862, 38.72003], [-119.956285, 38.720431], [-119.956886, 38.721001], [-119.957314, 38.721738], [-119.957495, 38.721923], [-119.958511, 38.72241], [-119.958898, 38.722297], [-119.95902, 38.722093], [-119.959057, 38.721799], [-119.959308, 38.721141], [-119.959427, 38.721073], [-119.960052, 38.7211], [-119.961692, 38.721361], [-119.961811, 38.721453], [-119.961932, 38.723074], [-119.961944, 38.723227], [-119.961896, 38.723688], [-119.961984, 38.726039]]}, "props": {"MTFCC": "S1400", "NAME": null}}, {"geom": {"type": "LineString", "coordinates": [[-119.956096, 38.75865], [-119.956013, 38.759386], [-119.956005, 38.759463], [-119.95565, 38.760734], [-119.955687, 38.761559], [-119.955704, 38.761931], [-119.955645, 38.762296], [-119.955615, 38.762469], [-119.955265, 38.763428], [-119.955123, 38.763819], [-119.954861, 38.764038], [-119.954338, 38.764206], [-119.953171, 38.764361], [-119.952219, 38.764924], [-119.95119, 38.765535]]}, "props": {"MTFCC": "S1400", "NAME": null}}, {"geom": {"type": "LineString", "coordinates": [[-119.957044, 38.757157], [-119.956911, 38.757488], [-119.956805, 38.757755], [-119.956317, 38.75837], [-119.956096, 38.75865]]}, "props": {"MTFCC": "S1400", "NAME": null}}, {"geom": {"type": "LineString", "coordinates": [[-119.82594, 38.69378], [-119.826638, 38.693849], [-119.82705, 38.69389], [-119.82708, 38.69433], [-119.82749, 38.69465], [-119.82802, 38.69492], [-119.828027, 38.695054], [-119.82804, 38.69529], [-119.82793, 38.69545], [-119.8279, 38.69572]]}, "props": {"MTFCC": "S1400", "NAME": null}}, {"geom": {"type": "LineString", "coordinates": [[-119.82634, 38.69616], [-119.826417, 38.696123], [-119.826651, 38.696016], [-119.82673, 38.69598], [-119.826771, 38.69598], [-119.826898, 38.69598], [-119.82694, 38.69598]]}, "props": {"MTFCC": "S1740", "NAME": null}}, {"geom": {"type": "LineString", "coordinates": [[-119.707945, 38.763132], [-119.708136, 38.763223], [-119.708445, 38.763726], [-119.708604, 38.763911], [-119.708722, 38.764048], [-119.708752, 38.764579], [-119.70876, 38.7647], [-119.708863, 38.766479], [-119.709033, 38.766846], [-119.709829, 38.767489], [-119.710052, 38.768268], [-119.710433, 38.768383], [-119.711172, 38.768398], [-119.711714, 38.768409], [-119.712338, 38.768616], [-119.71289, 38.768518], [-119.713309, 38.768457], [-119.713508, 38.768429], [-119.713879, 38.768599], [-119.714078, 38.768907], [-119.714141, 38.769196], [-119.714199, 38.769454], [-119.714214, 38.769519], [-119.714154, 38.76959], [-119.714166, 38.76967], [-119.714207, 38.769897], [-119.714217, 38.769905], [-119.714363, 38.770028], [-119.714936, 38.7699], [-119.715106, 38.769797], [-119.715328, 38.769663], [-119.715377, 38.769619], [-119.715653, 38.769375], [-119.716654, 38.768966], [-119.716856, 38.768885], [-119.717003, 38.768752], [-119.717501, 38.768698], [-119.717824, 38.768524], [-119.717972, 38.768215], [-119.718177, 38.768175], [-119.718852, 38.767785], [-119.719556, 38.767734], [-119.7205, 38.768145], [-119.720906, 38.768322], [-119.721493, 38.768475], [-119.721768, 38.7685], [-119.721892, 38.768511], [-119.721972, 38.768516], [-119.722052, 38.768521], [-119.722145, 38.768526], [-119.722547, 38.76855], [-119.72281, 38.76864], [-119.723247, 38.768662], [-119.724153, 38.768016], [-119.725378, 38.766957], [-119.726078, 38.765989], [-119.726077, 38.765184], [-119.726281, 38.764634], [-119.726339, 38.763921], [-119.726454, 38.763553], [-119.727242, 38.762426], [-119.72724, 38.761811], [-119.72724, 38.761644], [-119.727123, 38.761483], [-119.725457, 38.760744], [-119.724871, 38.759732], [-119.723905, 38.758629], [-119.723379, 38.757754], [-119.723086, 38.757455], [-119.723143, 38.756996], [-119.723348, 38.756444], [-119.723346, 38.755777], [-119.723229, 38.755203], [-119.721912, 38.753501], [-119.720567, 38.752579], [-119.720187, 38.752487], [-119.719748, 38.752072], [-119.719339, 38.751428], [-119.718813, 38.751197], [-119.718081, 38.751012], [-119.717584, 38.750712], [-119.717145, 38.750401], [-119.717075, 38.750002], [-119.717031, 38.747066], [-119.716797, 38.746744], [-119.716271, 38.746537], [-119.716125, 38.746354], [-119.716678, 38.745502], [-119.716649, 38.74502], [-119.716532, 38.744743], [-119.716501, 38.744123], [-119.716735, 38.743272], [-119.716909, 38.743111], [-119.717434, 38.742879], [-119.718309, 38.742005], [-119.71901, 38.741658], [-119.719506, 38.741633], [-119.719827, 38.741837], [-119.720323, 38.741903], [-119.720645, 38.741834], [-119.720894, 38.741513], [-119.721432, 38.740821], [-119.72181, 38.739925], [-119.72213, 38.739717], [-119.723095, 38.739644], [-119.723679, 38.739413], [-119.724057, 38.739068], [-119.724174, 38.738838], [-119.724407, 38.738768], [-119.72502, 38.738078], [-119.725077, 38.737204], [-119.724785, 38.736883], [-119.724784, 38.73624], [-119.725105, 38.735894], [-119.725745, 38.734743], [-119.725716, 38.734468]]}, "props": {"MTFCC": "S1500", "NAME": null}}, {"geom": {"type": "LineString", "coordinates": [[-119.810981, 38.792179], [-119.811067, 38.792154], [-119.811124, 38.792125], [-119.811184, 38.792075], [-119.811244, 38.792007], [-119.811288, 38.791948], [-119.811331, 38.791907], [-119.811429, 38.791862]]}, "props": {"MTFCC": "S1750", "NAME": null}}, {"geom": {"type": "LineString", "coordinates": [[-119.811009, 38.792651], [-119.810921, 38.792681], [-119.810578, 38.792772], [-119.810533, 38.792787], [-119.810441, 38.792778], [-119.810349, 38.792793], [-119.810294, 38.792831], [-119.810194, 38.792946], [-119.810198, 38.793026]]}, "props": {"MTFCC": "S1750", "NAME": null}}, {"geom": {"type": "LineString", "coordinates": [[-119.81349, 38.789385], [-119.814239, 38.790002], [-119.814809, 38.790471], [-119.816327, 38.791044], [-119.816712, 38.791441], [-119.816835, 38.791568], [-119.816963, 38.792352]]}, "props": {"MTFCC": "S1400", "NAME": null}}, {"geom": {"type": "LineString", "coordinates": [[-119.75184, 38.7935], [-119.7522, 38.79367], [-119.752322, 38.793717], [-119.75264, 38.79384], [-119.75291, 38.79399], [-119.75314, 38.7942], [-119.75344, 38.79454], [-119.753543, 38.794681], [-119.753549, 38.794689], [-119.75369, 38.79488], [-119.75384, 38.79512], [-119.753908, 38.795297], [-119.75392, 38.79545], [-119.75389, 38.79562], [-119.75379, 38.79581], [-119.753769, 38.79583], [-119.75371, 38.79589], [-119.75363, 38.79596], [-119.753422, 38.79611], [-119.7533, 38.7962], [-119.7529, 38.79648], [-119.752789, 38.796547], [-119.75257, 38.79668], [-119.752476, 38.796757], [-119.7524, 38.79682], [-119.75232, 38.79695], [-119.752294, 38.797059], [-119.75229, 38.79708], [-119.7523, 38.79718]]}, "props": {"MTFCC": "S1400", "NAME": null}}, {"geom": {"type": "LineString", "coordinates": [[-119.75493, 38.79566], [-119.755087, 38.79566], [-119.75531, 38.79566], [-119.75551, 38.79564], [-119.755558, 38.795625], [-119.75571, 38.79558]]}, "props": {"MTFCC": "S1400", "NAME": null}}, {"geom": {"type": "LineString", "coordinates": [[-119.82228, 38.77452], [-119.8221, 38.77459], [-119.821833, 38.774685], [-119.82168, 38.77474]]}, "props": {"MTFCC": "S1400", "NAME": null}}, {"geom": {"type": "LineString", "coordinates": [[-119.766857, 38.762626], [-119.764736, 38.762905], [-119.762763, 38.763165], [-119.760156, 38.763852], [-119.758557, 38.764507], [-119.758469, 38.764544], [-119.757461, 38.764729], [-119.756454, 38.764577], [-119.755331, 38.764405], [-119.754589, 38.763948], [-119.754292, 38.763766], [-119.752212, 38.762872], [-119.750051, 38.761913], [-119.749008, 38.761911], [-119.747002, 38.76191]]}, "props": {"MTFCC": "S1740", "NAME": null}}, {"geom": {"type": "LineString", "coordinates": [[-119.986346, 38.480292], [-119.986001, 38.480165], [-119.985336, 38.48006], [-119.984597, 38.480012], [-119.983519, 38.479496], [-119.982576, 38.479065], [-119.982026, 38.478921], [-119.981614, 38.479158], [-119.981467, 38.47924], [-119.980911, 38.479552], [-119.980417, 38.48015], [-119.979986, 38.480411], [-119.979205, 38.48041], [-119.978457, 38.4804], [-119.978, 38.48029], [-119.977988, 38.480054], [-119.978201, 38.479845], [-119.979212, 38.479396], [-119.979516, 38.479065], [-119.979971, 38.478437], [-119.980416, 38.477887], [-119.980942, 38.47746], [-119.98102, 38.476893], [-119.980832, 38.476364], [-119.980603, 38.476028], [-119.980519, 38.475453], [-119.979896, 38.474993], [-119.979429, 38.474428], [-119.979084, 38.473819], [-119.978274, 38.472854], [-119.977776, 38.472441], [-119.977164, 38.471998], [-119.976673, 38.471831], [-119.976552, 38.47179], [-119.973468, 38.471248], [-119.972708, 38.471186], [-119.971508, 38.471093]]}, "props": {"MTFCC": "S1710", "NAME": null}}, {"geom": {"type": "LineString", "coordinates": [[-119.900596, 38.93076], [-119.900677, 38.930737], [-119.900921, 38.93067], [-119.901003, 38.930649], [-119.901325, 38.930832], [-119.901964, 38.930933], [-119.903053, 38.931107], [-119.903492, 38.931039], [-119.903404, 38.930833], [-119.903112, 38.93065], [-119.902203, 38.930419], [-119.902028, 38.930375], [-119.901384, 38.930032], [-119.901326, 38.929942], [-119.901297, 38.929897], [-119.901267, 38.929849], [-119.901355, 38.9298], [-119.901402, 38.929775], [-119.90146, 38.929743], [-119.90156, 38.929689], [-119.901529, 38.929606], [-119.901507, 38.929544], [-119.901459, 38.929414], [-119.901385, 38.929208], [-119.901571, 38.929152], [-119.901704, 38.929113], [-119.902009, 38.929021], [-119.90238, 38.928911], [-119.902585, 38.928614], [-119.902434, 38.928469], [-119.902205, 38.928248], [-119.901912, 38.927653], [-119.901731, 38.927511], [-119.901532, 38.927356], [-119.901005, 38.926349], [-119.900654, 38.926075], [-119.900654, 38.92523], [-119.900655, 38.925045], [-119.900304, 38.924748], [-119.900278, 38.924502]]}, "props": {"MTFCC": "S1500", "NAME": null}}, {"geom": {"type": "LineString", "coordinates": [[-119.921917, 38.792826], [-119.9218, 38.792963], [-119.922118, 38.794422], [-119.921123, 38.794465], [-119.920836, 38.794576], [-119.92042, 38.794942], [-119.919482, 38.796469], [-119.917226, 38.798267], [-119.916261, 38.798814], [-119.913978, 38.799744], [-119.91387, 38.799807], [-119.913363, 38.800108], [-119.913333, 38.800267], [-119.913129, 38.800359], [-119.912336, 38.801544], [-119.911814, 38.801786], [-119.91112, 38.801579], [-119.909038, 38.80096], [-119.908425, 38.800779], [-119.908344, 38.800755]]}, "props": {"MTFCC": "S1400", "NAME": null}}, {"geom": {"type": "LineString", "coordinates": [[-119.922251, 38.777285], [-119.92229, 38.77749], [-119.92229, 38.777637], [-119.922426, 38.7782], [-119.92248, 38.77842], [-119.922538, 38.778676], [-119.92261, 38.77899], [-119.922619, 38.779024], [-119.922637, 38.779092], [-119.922691, 38.779298], [-119.9227, 38.77933], [-119.922716, 38.779365]]}, "props": {"MTFCC": "S1400", "NAME": null}}, {"geom": {"type": "LineString", "coordinates": [[-119.941833, 38.766164], [-119.94185, 38.76618], [-119.94187, 38.76629], [-119.94178, 38.76662], [-119.941744, 38.766785], [-119.94168, 38.76709], [-119.94168, 38.76734], [-119.94163, 38.76777], [-119.94172, 38.76862], [-119.941727, 38.76871], [-119.94176, 38.76908], [-119.941804, 38.769352]]}, "props": {"MTFCC": "S1400", "NAME": null}}, {"geom": {"type": "LineString", "coordinates": [[-119.913829, 38.755514], [-119.913632, 38.755868], [-119.913419, 38.756255], [-119.913314, 38.756925], [-119.913265, 38.757009], [-119.913129, 38.757249], [-119.913001, 38.757273]]}, "props": {"MTFCC": "S1400", "NAME": null}}, {"geom": {"type": "LineString", "coordinates": [[-119.946779, 38.768143], [-119.946793, 38.768988], [-119.946809, 38.769881], [-119.946049, 38.77123], [-119.945996, 38.771307], [-119.945523, 38.772008]]}, "props": {"MTFCC": "S1400", "NAME": null}}, {"geom": {"type": "LineString", "coordinates": [[-119.941804, 38.769352], [-119.94181, 38.76939], [-119.94187, 38.76952], [-119.94187, 38.76969], [-119.941853, 38.769772], [-119.9418, 38.77005], [-119.94162, 38.77056], [-119.94151, 38.77074], [-119.941385, 38.770882], [-119.941332, 38.770949], [-119.941193, 38.771128], [-119.941201, 38.771337]]}, "props": {"MTFCC": "S1400", "NAME": null}}, {"geom": {"type": "LineString", "coordinates": [[-119.93371, 38.78749], [-119.933451, 38.787898], [-119.933341, 38.788281], [-119.933076, 38.789209], [-119.932914, 38.790469], [-119.932631, 38.790769], [-119.932429, 38.790985], [-119.932239, 38.79154]]}, "props": {"MTFCC": "S1400", "NAME": null}}, {"geom": {"type": "LineString", "coordinates": [[-119.770556, 38.82845], [-119.770323, 38.828706], [-119.769891, 38.829405], [-119.769863, 38.82959], [-119.769739, 38.839399], [-119.769697, 38.839653], [-119.769657, 38.839907], [-119.769668, 38.840661]]}, "props": {"MTFCC": "S1740", "NAME": null}}, {"geom": {"type": "LineString", "coordinates": [[-119.82139, 38.7801], [-119.82114, 38.78014], [-119.82101, 38.78019], [-119.82095, 38.78028], [-119.82084, 38.78051], [-119.82073, 38.7808], [-119.82059, 38.78107], [-119.82042, 38.78137], [-119.820277, 38.781554], [-119.82018, 38.78168], [-119.81996, 38.78191], [-119.8197, 38.78212], [-119.81938, 38.78232], [-119.81913, 38.78242], [-119.8188, 38.78252], [-119.8185, 38.78259], [-119.81824, 38.78264], [-119.818162, 38.782659], [-119.81788, 38.78273], [-119.81756, 38.7828], [-119.81661, 38.78301], [-119.81632, 38.78308], [-119.81613, 38.78314], [-119.81593, 38.78322], [-119.81573, 38.78331], [-119.814955, 38.783693], [-119.81472, 38.78381], [-119.81436, 38.78396], [-119.8141, 38.78403], [-119.81367, 38.78409], [-119.81313, 38.78415], [-119.813081, 38.784151], [-119.81261, 38.78416], [-119.81213, 38.78422], [-119.81167, 38.78427], [-119.81134, 38.78434], [-119.81105, 38.78441], [-119.810446, 38.784632], [-119.81029, 38.78469], [-119.809, 38.78523], [-119.808705, 38.785348], [-119.80865, 38.78537], [-119.80855, 38.78541], [-119.80833, 38.78549], [-119.80815, 38.78553], [-119.80795, 38.78557], [-119.80771, 38.78558], [-119.80744, 38.78558], [-119.80682, 38.78556], [-119.80595, 38.78554], [-119.80562, 38.78556], [-119.80538, 38.78559], [-119.80503, 38.7857], [-119.80456, 38.78586], [-119.80424, 38.78595], [-119.80392, 38.78603], [-119.80362, 38.78607], [-119.80336, 38.78609], [-119.80273, 38.78611], [-119.802606, 38.786106], [-119.80242, 38.7861], [-119.80216, 38.78608], [-119.80193, 38.78607], [-119.80171, 38.78608], [-119.80147, 38.7861], [-119.8004, 38.78626], [-119.799929, 38.786328], [-119.79936, 38.78641], [-119.79893, 38.78648], [-119.79862, 38.78657], [-119.79831, 38.78667], [-119.79799, 38.78681], [-119.79774, 38.78693], [-119.79742, 38.78715], [-119.797, 38.78747], [-119.796791, 38.787622], [-119.79645, 38.78787], [-119.79609, 38.7881], [-119.79576, 38.78834], [-119.79556, 38.78852], [-119.79542, 38.78867], [-119.79512, 38.78909], [-119.79492, 38.78941], [-119.79474, 38.78965], [-119.79455, 38.78988], [-119.794321, 38.790127], [-119.79431, 38.79014], [-119.79402, 38.79039], [-119.79374, 38.79062], [-119.79358, 38.79078], [-119.79343, 38.79096], [-119.79318, 38.79129], [-119.79294, 38.79162], [-119.79258, 38.79217], [-119.79207, 38.79285], [-119.792, 38.79301], [-119.79196, 38.79315], [-119.79196, 38.7933], [-119.79199, 38.79347], [-119.79219, 38.79422], [-119.79223, 38.79448], [-119.79225, 38.79498], [-119.79226, 38.795412], [-119.79227, 38.795846], [-119.79229, 38.79664], [-119.79231, 38.79723], [-119.79234, 38.79792], [-119.79232, 38.79808], [-119.79226, 38.79829], [-119.79216, 38.79845], [-119.79197, 38.79865], [-119.79172, 38.7988], [-119.79134, 38.79899], [-119.79082, 38.79917], [-119.78935, 38.79972], [-119.78848, 38.80002], [-119.788, 38.8002], [-119.78769, 38.80031], [-119.78718, 38.8005], [-119.7869, 38.8006], [-119.78656, 38.80075], [-119.78571, 38.80115], [-119.78515, 38.80137], [-119.78472, 38.80151], [-119.78404, 38.80174], [-119.78381, 38.80183], [-119.78365, 38.80192], [-119.78351, 38.80202], [-119.78339, 38.80214], [-119.78327, 38.80232], [-119.78315, 38.80251], [-119.78298, 38.80272], [-119.78285, 38.80283], [-119.78265, 38.80293], [-119.78242, 38.80298], [-119.78214, 38.80301], [-119.78174, 38.80304], [-119.7816, 38.80304], [-119.781518, 38.803051], [-119.78116, 38.8031], [-119.781, 38.80315], [-119.78086, 38.8032], [-119.78075, 38.80329], [-119.78063, 38.80341], [-119.78055, 38.80357], [-119.78046, 38.80391], [-119.78039, 38.80429], [-119.78033, 38.80458], [-119.7801, 38.8053], [-119.78006, 38.80552], [-119.78003, 38.80577], [-119.77999, 38.80605], [-119.77995, 38.80625], [-119.77987, 38.80647], [-119.77968, 38.80693], [-119.77941, 38.80756], [-119.77914, 38.80814], [-119.77893, 38.80866], [-119.77876, 38.80911]]}, "props": {"MTFCC": "S1400", "NAME": null}}, {"geom": {"type": "LineString", "coordinates": [[-119.847151, 38.765478], [-119.84691, 38.76559], [-119.846502, 38.765789], [-119.84642, 38.76583], [-119.84591, 38.76604], [-119.84505, 38.76635], [-119.844482, 38.766547], [-119.84433, 38.7666], [-119.84379, 38.76674], [-119.843498, 38.766791], [-119.84317, 38.76685], [-119.842619, 38.766927], [-119.84246, 38.76695], [-119.842326, 38.766971], [-119.84189, 38.76704], [-119.841828, 38.767055], [-119.841669, 38.767173], [-119.841637, 38.767198], [-119.841568, 38.767335], [-119.84067, 38.76765], [-119.84043, 38.76777], [-119.84021, 38.76792], [-119.83997, 38.76813], [-119.83989, 38.768206], [-119.83972, 38.76837], [-119.83951, 38.7685], [-119.83934, 38.76864], [-119.839281, 38.768681], [-119.839104, 38.768804], [-119.839046, 38.768846], [-119.83881, 38.769011], [-119.83844, 38.76927], [-119.83822, 38.76947], [-119.838149, 38.76956], [-119.83811, 38.76961], [-119.83803, 38.76982]]}, "props": {"MTFCC": "S1400", "NAME": null}}, {"geom": {"type": "LineString", "coordinates": [[-119.811835, 38.761372], [-119.812015, 38.761172], [-119.812043, 38.761046], [-119.812105, 38.760782], [-119.811925, 38.760692], [-119.811605, 38.760762], [-119.811624, 38.761155], [-119.811635, 38.761352], [-119.811835, 38.761372]]}, "props": {"MTFCC": "S1400", "NAME": null}}, {"geom": {"type": "LineString", "coordinates": [[-119.75735, 38.75525], [-119.75767, 38.75475], [-119.75774, 38.75463], [-119.75775, 38.75449], [-119.7578, 38.75437], [-119.75793, 38.7543], [-119.75767, 38.75404], [-119.75728, 38.75368], [-119.75709, 38.75349], [-119.757, 38.75335], [-119.75697, 38.75321], [-119.75695, 38.75306], [-119.75698, 38.75287], [-119.75698, 38.75274], [-119.75695, 38.75262], [-119.75681, 38.75228], [-119.7567, 38.75213], [-119.756665, 38.752095], [-119.75656, 38.75199], [-119.75633, 38.75188]]}, "props": {"MTFCC": "S1400", "NAME": null}}, {"geom": {"type": "LineString", "coordinates": [[-119.81752, 38.77308], [-119.817445, 38.773243], [-119.81736, 38.77343], [-119.81731, 38.77359], [-119.817271, 38.773751], [-119.81726, 38.7738], [-119.81721, 38.77392]]}, "props": {"MTFCC": "S1400", "NAME": null}}, {"geom": {"type": "LineString", "coordinates": [[-119.76249, 38.79955], [-119.76231, 38.79969], [-119.76213, 38.79991], [-119.76205, 38.79998], [-119.76173, 38.80014], [-119.76155, 38.80021]]}, "props": {"MTFCC": "S1400", "NAME": null}}, {"geom": {"type": "LineString", "coordinates": [[-119.766071, 38.792953], [-119.766196, 38.793288], [-119.766212, 38.794093], [-119.766081, 38.794549], [-119.765778, 38.795614], [-119.765215, 38.796618], [-119.765073, 38.796728], [-119.764555, 38.796856], [-119.764444, 38.797103], [-119.764454, 38.797572], [-119.764143, 38.798017], [-119.763604, 38.798397], [-119.76317, 38.798704], [-119.762947, 38.79915], [-119.76249, 38.79955]]}, "props": {"MTFCC": "S1400", "NAME": null}}, {"geom": {"type": "LineString", "coordinates": [[-119.711908, 38.749543], [-119.711936, 38.749898], [-119.711815, 38.75112], [-119.711733, 38.751965], [-119.711472, 38.752503], [-119.711502, 38.75284], [-119.711912, 38.753448], [-119.713056, 38.754791], [-119.713215, 38.755233], [-119.713291, 38.755444], [-119.713294, 38.756097], [-119.713099, 38.756777], [-119.712619, 38.757604], [-119.712602, 38.758466], [-119.712588, 38.759184], [-119.710259, 38.759805], [-119.708924, 38.761018], [-119.708689, 38.761485], [-119.707968, 38.762921], [-119.707945, 38.763132], [-119.707886, 38.763155], [-119.707791, 38.763191], [-119.707696, 38.763229], [-119.707437, 38.763523], [-119.707329, 38.763648], [-119.707281, 38.763713], [-119.707079, 38.763981], [-119.707133, 38.76424], [-119.707333, 38.765185], [-119.70698, 38.765614], [-119.706606, 38.765984], [-119.706123, 38.766465], [-119.705541, 38.766461], [-119.70531, 38.766619], [-119.705082, 38.767549], [-119.704913, 38.767655], [-119.704763, 38.767752], [-119.703688, 38.767813], [-119.702351, 38.767575], [-119.70116, 38.767453], [-119.700608, 38.76754], [-119.700143, 38.767697], [-119.699824, 38.767991], [-119.699467, 38.768664], [-119.699392, 38.768807], [-119.699395, 38.769192], [-119.699543, 38.769441], [-119.700278, 38.770006], [-119.700314, 38.770259], [-119.700361, 38.770668], [-119.700954, 38.771791], [-119.700947, 38.772295], [-119.700704, 38.772801], [-119.700346, 38.773144], [-119.699216, 38.773969], [-119.698943, 38.774474], [-119.697844, 38.775162], [-119.697722, 38.775357], [-119.697301, 38.776034], [-119.697005, 38.776172], [-119.696443, 38.776173]]}, "props": {"MTFCC": "S1500", "NAME": null}}, {"geom": {"type": "LineString", "coordinates": [[-119.932677, 38.698859], [-119.932648, 38.699156], [-119.931502, 38.700452], [-119.930284, 38.701832], [-119.929933, 38.702358], [-119.929875, 38.702999], [-119.929641, 38.703342], [-119.92897, 38.703937], [-119.928474, 38.704074], [-119.927541, 38.704731], [-119.927306, 38.704897], [-119.926401, 38.706384]]}, "props": {"MTFCC": "S1400", "NAME": null}}, {"geom": {"type": "LineString", "coordinates": [[-119.96891, 38.69864], [-119.96884, 38.69864], [-119.96862, 38.69873], [-119.96828, 38.69886], [-119.96789, 38.69898], [-119.96742, 38.69908], [-119.96708, 38.6991], [-119.96627, 38.6991]]}, "props": {"MTFCC": "S1400", "NAME": null}}, {"geom": {"type": "LineString", "coordinates": [[-119.960464, 38.679189], [-119.960282, 38.6793], [-119.960268, 38.679333], [-119.959992, 38.680029], [-119.959901, 38.680262]]}, "props": {"MTFCC": "S1400", "NAME": null}}, {"geom": {"type": "LineString", "coordinates": [[-119.91425, 38.64794], [-119.91436, 38.648035], [-119.91454, 38.64819], [-119.91468, 38.64839], [-119.91465, 38.64852], [-119.91458, 38.64861], [-119.91448, 38.64867], [-119.91439, 38.64869], [-119.91418, 38.64867], [-119.91393, 38.64858], [-119.91362, 38.64846], [-119.9135, 38.64845], [-119.91326, 38.64845], [-119.91305, 38.64846], [-119.9129, 38.64849], [-119.91266, 38.64857], [-119.9124, 38.64871], [-119.9122, 38.64885], [-119.91191, 38.64916], [-119.91183, 38.64924]]}, "props": {"MTFCC": "S1400", "NAME": null}}, {"geom": {"type": "LineString", "coordinates": [[-119.810997, 38.742819], [-119.810667, 38.743018], [-119.810441, 38.743661], [-119.810187, 38.744386], [-119.81002, 38.74476], [-119.80988, 38.74518], [-119.80975, 38.74548], [-119.80976, 38.74585], [-119.80985, 38.74616], [-119.80995, 38.74636], [-119.81006, 38.74662], [-119.81008, 38.746673], [-119.8102, 38.74699], [-119.81027, 38.74715], [-119.81036, 38.7473], [-119.81056, 38.74748], [-119.810662, 38.747521], [-119.81071, 38.74754], [-119.81093, 38.74758], [-119.8112, 38.74761], [-119.811249, 38.747622], [-119.81136, 38.74765], [-119.81155, 38.74776], [-119.81171, 38.74788], [-119.811879, 38.747993], [-119.81201, 38.74808], [-119.81221, 38.74815], [-119.8125, 38.74824], [-119.81269, 38.74829], [-119.812864, 38.748363], [-119.81288, 38.74837], [-119.81308, 38.74852], [-119.813297, 38.74877], [-119.813369, 38.748853], [-119.81348, 38.74898], [-119.81357, 38.749116], [-119.813632, 38.749208], [-119.81376, 38.7494], [-119.813857, 38.74958], [-119.81409, 38.75001], [-119.81439, 38.75041], [-119.81462, 38.75063], [-119.81474, 38.75065], [-119.81485, 38.75062], [-119.81504, 38.75055]]}, "props": {"MTFCC": "S1400", "NAME": null}}, {"geom": {"type": "LineString", "coordinates": [[-119.803539, 38.721888], [-119.803247, 38.721888], [-119.802301, 38.721889], [-119.80213, 38.72189], [-119.80149, 38.72198], [-119.80108, 38.72207], [-119.80087, 38.72215], [-119.8007, 38.72229], [-119.80062, 38.72252], [-119.80063, 38.72282], [-119.801, 38.72332], [-119.80121, 38.72358], [-119.80128, 38.72379], [-119.80127, 38.72393], [-119.80118, 38.72401], [-119.801136, 38.724033], [-119.80098, 38.72412], [-119.80082, 38.72423], [-119.80048, 38.72441], [-119.80007, 38.72466]]}, "props": {"MTFCC": "S1400", "NAME": null}}, {"geom": {"type": "LineString", "coordinates": [[-119.814208, 38.723964], [-119.813957, 38.724146], [-119.81333, 38.724509], [-119.813067, 38.724784], [-119.81277, 38.724905], [-119.811462, 38.725234], [-119.8111, 38.725289], [-119.810616, 38.725487], [-119.81022, 38.725718], [-119.810122, 38.725773], [-119.809946, 38.725971], [-119.808759, 38.726927], [-119.807704, 38.728355], [-119.807506, 38.728795], [-119.807253, 38.729015], [-119.806583, 38.72974], [-119.806319, 38.729828], [-119.806111, 38.729817], [-119.805836, 38.729674], [-119.805451, 38.729377], [-119.805122, 38.729311], [-119.804644, 38.729447]]}, "props": {"MTFCC": "S1400", "NAME": null}}, {"geom": {"type": "LineString", "coordinates": [[-119.833592, 38.698354], [-119.833533, 38.698148], [-119.833402, 38.698053], [-119.833154, 38.697874], [-119.832949, 38.697897], [-119.832979, 38.69824], [-119.833183, 38.698354], [-119.833216, 38.698354], [-119.833592, 38.698354]]}, "props": {"MTFCC": "S1400", "NAME": null}}, {"geom": {"type": "LineString", "coordinates": [[-119.78766, 38.69746], [-119.78742, 38.69779], [-119.78735, 38.69798], [-119.78736, 38.69817], [-119.78753, 38.69844], [-119.787626, 38.698522], [-119.78795, 38.6988], [-119.78853, 38.69925], [-119.78904, 38.69952], [-119.78943, 38.69981], [-119.78985, 38.7], [-119.79046, 38.70024], [-119.790844, 38.700353], [-119.7909, 38.70037], [-119.79133, 38.70045], [-119.79173, 38.70048], [-119.79208, 38.70047]]}, "props": {"MTFCC": "S1400", "NAME": null}}, {"geom": {"type": "LineString", "coordinates": [[-119.59374, 38.68101], [-119.59378, 38.68156], [-119.59395, 38.68274], [-119.59418, 38.68409], [-119.59436, 38.68551], [-119.59449, 38.68637], [-119.594614, 38.687134], [-119.59481, 38.68834], [-119.59498, 38.68948], [-119.59515, 38.69056], [-119.59519, 38.69093], [-119.59519, 38.69108], [-119.59515, 38.69124], [-119.59507, 38.69136], [-119.59486, 38.69154], [-119.59458, 38.69176], [-119.59424, 38.69213], [-119.59385, 38.69254], [-119.59352, 38.69293], [-119.59308, 38.6934], [-119.59258, 38.69397], [-119.59218, 38.6944], [-119.5919, 38.69477], [-119.59167, 38.69512], [-119.59134, 38.69571], [-119.59094, 38.69634], [-119.5906, 38.69685], [-119.58976, 38.69805], [-119.58936, 38.6986], [-119.58907, 38.69905], [-119.58902, 38.69921], [-119.58899, 38.69938], [-119.58899, 38.69973], [-119.58901, 38.70013], [-119.58899, 38.70039], [-119.58889, 38.70077], [-119.58872, 38.70117], [-119.58862, 38.70138], [-119.58828, 38.70226], [-119.58816, 38.70261], [-119.58803, 38.7028], [-119.58777, 38.70315], [-119.58735, 38.70364], [-119.58705, 38.70391], [-119.58645, 38.70441], [-119.58605, 38.70469], [-119.58588, 38.70474], [-119.58554, 38.70478], [-119.58512, 38.70478], [-119.58494, 38.70476], [-119.58473, 38.70469], [-119.58458, 38.70462], [-119.58445, 38.70459], [-119.58435, 38.70461], [-119.58414, 38.70469], [-119.58398, 38.70473], [-119.58374, 38.70478], [-119.58356, 38.70481], [-119.58347, 38.70486], [-119.58341, 38.70496], [-119.58337, 38.70513], [-119.58333, 38.70527], [-119.58329, 38.70535], [-119.58319, 38.7054], [-119.58298, 38.70547], [-119.58272, 38.70552], [-119.58251, 38.70559], [-119.58243, 38.70566], [-119.58241, 38.70576], [-119.58251, 38.70598], [-119.58272, 38.70613], [-119.58289, 38.70628], [-119.58301, 38.70638], [-119.58311, 38.70652], [-119.58316, 38.70667], [-119.58319, 38.70683], [-119.58318, 38.70703], [-119.5832, 38.7073], [-119.58321, 38.70754]]}, "props": {"MTFCC": "S1400", "NAME": null}}, {"geom": {"type": "LineString", "coordinates": [[-119.595651, 38.686963], [-119.595821, 38.687132], [-119.595974, 38.687528], [-119.595986, 38.687559], [-119.596612, 38.688466], [-119.596916, 38.688872], [-119.597237, 38.689018], [-119.597843, 38.689295], [-119.59809, 38.689386], [-119.598471, 38.689662], [-119.598735, 38.690076], [-119.599437, 38.690514], [-119.60093, 38.691138], [-119.601898, 38.691989], [-119.602395, 38.692219], [-119.603069, 38.692314], [-119.603624, 38.69259], [-119.604768, 38.693672], [-119.605092, 38.694177], [-119.605678, 38.694477], [-119.605693, 38.694478], [-119.606408, 38.694523], [-119.607171, 38.694939], [-119.608897, 38.69483], [-119.609482, 38.695107], [-119.609804, 38.695406], [-119.610127, 38.695981], [-119.610538, 38.696349], [-119.611943, 38.696651], [-119.612558, 38.696997], [-119.61367, 38.697366], [-119.614401, 38.697437], [-119.614988, 38.697966], [-119.615544, 38.698083], [-119.615926, 38.698704], [-119.616044, 38.699002], [-119.61625, 38.699163], [-119.616913, 38.699358], [-119.61704, 38.699395], [-119.618737, 38.699241], [-119.619819, 38.699084], [-119.620667, 38.699064], [-119.621135, 38.699203], [-119.621224, 38.699294], [-119.621634, 38.699387], [-119.622224, 38.699272], [-119.622568, 38.699204], [-119.623702, 38.698625], [-119.624691, 38.698529], [-119.625186, 38.698412], [-119.625592, 38.698042], [-119.626061, 38.697905], [-119.626736, 38.697812], [-119.627202, 38.697673], [-119.627406, 38.697489], [-119.627695, 38.696707], [-119.628073, 38.69643], [-119.628421, 38.695946], [-119.628945, 38.695485], [-119.629149, 38.695163], [-119.629205, 38.694818], [-119.629089, 38.694588], [-119.629086, 38.693828], [-119.629214, 38.69326], [-119.629403, 38.692425], [-119.629944, 38.688122], [-119.63006, 38.687869], [-119.630108, 38.684349], [-119.63034, 38.683727]]}, "props": {"MTFCC": "S1400", "NAME": null}}, {"geom": {"type": "LineString", "coordinates": [[-119.654, 38.65169], [-119.653908, 38.65173], [-119.65384, 38.65176], [-119.65369, 38.65187], [-119.65367, 38.651903], [-119.65362, 38.65199]]}, "props": {"MTFCC": "S1400", "NAME": null}}, {"geom": {"type": "LineString", "coordinates": [[-119.702886, 38.652514], [-119.703534, 38.652374], [-119.703523, 38.652156], [-119.703521, 38.652103], [-119.702824, 38.651016], [-119.70272, 38.650689], [-119.702698, 38.650225], [-119.703087, 38.649955], [-119.703095, 38.64994], [-119.703248, 38.649669], [-119.703096, 38.64956], [-119.70299, 38.649193], [-119.703247, 38.649257], [-119.703618, 38.649568], [-119.70399, 38.649653], [-119.704331, 38.649919], [-119.704357, 38.650077], [-119.704726, 38.650478], [-119.705041, 38.650564], [-119.706474, 38.650699], [-119.707477, 38.650476], [-119.707877, 38.650285], [-119.709425, 38.650419], [-119.70977, 38.650368], [-119.709762, 38.650338], [-119.709706, 38.650132], [-119.709169, 38.649848], [-119.708011, 38.649532], [-119.70786, 38.649298], [-119.70803, 38.649202], [-119.70935, 38.649202], [-119.710524, 38.649298], [-119.711012, 38.649403], [-119.712732, 38.649329], [-119.713333, 38.649522], [-119.713617, 38.649745], [-119.713869, 38.650191], [-119.714354, 38.6505], [-119.714812, 38.650585], [-119.716589, 38.650554], [-119.719398, 38.64998], [-119.71954, 38.649816], [-119.719555, 38.649256], [-119.719406, 38.649162], [-119.71896, 38.649382], [-119.718692, 38.649261], [-119.718153, 38.648768], [-119.718054, 38.648254], [-119.718168, 38.648135], [-119.718483, 38.64813], [-119.718741, 38.648241], [-119.720918, 38.647859], [-119.722857, 38.647863], [-119.723326, 38.647865], [-119.723928, 38.647625], [-119.724271, 38.647643], [-119.72429, 38.648089], [-119.724197, 38.648336], [-119.724425, 38.648536], [-119.72474, 38.648393], [-119.72488, 38.648157], [-119.725166, 38.648175], [-119.725335, 38.648422], [-119.725966, 38.648525], [-119.725932, 38.648726], [-119.725307, 38.648875], [-119.725333, 38.649033], [-119.72559, 38.649163], [-119.725557, 38.649342], [-119.724604, 38.649895], [-119.724561, 38.650072], [-119.724505, 38.650426]]}, "props": {"MTFCC": "S1400", "NAME": null}}, {"geom": {"type": "LineString", "coordinates": [[-119.640275, 38.58273], [-119.640537, 38.582753], [-119.641149, 38.583303], [-119.641265, 38.583326], [-119.642167, 38.584075], [-119.644296, 38.585843], [-119.644412, 38.586026], [-119.644645, 38.587353], [-119.644965, 38.587811], [-119.644965, 38.587925], [-119.645373, 38.588405], [-119.646042, 38.589481], [-119.64618, 38.589666], [-119.646741, 38.590419], [-119.64779, 38.591403]]}, "props": {"MTFCC": "S1500", "NAME": null}}, {"geom": {"type": "LineString", "coordinates": [[-119.65362, 38.65199], [-119.652951, 38.652009], [-119.652342, 38.652027], [-119.651539, 38.652343], [-119.651064, 38.652589], [-119.650585, 38.652839], [-119.650456, 38.652837], [-119.650282, 38.652817], [-119.650024, 38.652658], [-119.649774, 38.65273], [-119.649075, 38.653497], [-119.648057, 38.65415], [-119.647951, 38.654219], [-119.647368, 38.65443], [-119.647225, 38.654477], [-119.646793, 38.654815], [-119.646204, 38.655277], [-119.644859, 38.655367], [-119.644162, 38.655414]]}, "props": {"MTFCC": "S1400", "NAME": null}}, {"geom": {"type": "LineString", "coordinates": [[-119.914477, 38.571504], [-119.914251, 38.573197], [-119.914217, 38.57345], [-119.913722, 38.573975], [-119.913635, 38.574342], [-119.913637, 38.575095], [-119.913812, 38.575461], [-119.91422, 38.575828], [-119.914278, 38.575943], [-119.914453, 38.576285], [-119.914776, 38.576535], [-119.914747, 38.576626], [-119.915623, 38.577885], [-119.916089, 38.57873], [-119.916615, 38.579233], [-119.917052, 38.580489], [-119.917785, 38.581496], [-119.91834, 38.582113], [-119.918336, 38.582175], [-119.918311, 38.582524], [-119.918048, 38.583026], [-119.917934, 38.583507], [-119.917963, 38.584513], [-119.918167, 38.585061], [-119.91843, 38.585428], [-119.918664, 38.58625], [-119.91922, 38.586843], [-119.919628, 38.587028], [-119.919715, 38.58721], [-119.919689, 38.588283], [-119.919543, 38.588742], [-119.919662, 38.590205], [-119.919778, 38.590479], [-119.919839, 38.591276], [-119.919986, 38.593167], [-119.920161, 38.593963], [-119.920308, 38.594167], [-119.920804, 38.594576], [-119.920891, 38.59463], [-119.921563, 38.595052], [-119.92203, 38.595553], [-119.922264, 38.596028], [-119.923403, 38.597278], [-119.923754, 38.598529], [-119.923842, 38.599394], [-119.923729, 38.601305], [-119.923817, 38.602147], [-119.924315, 38.602965], [-119.924636, 38.603715], [-119.924695, 38.604079], [-119.924782, 38.604148], [-119.924782, 38.604394], [-119.924784, 38.604944], [-119.924639, 38.605399], [-119.924963, 38.607037], [-119.92543, 38.607695], [-119.92543, 38.6079]]}, "props": {"MTFCC": "S1500", "NAME": null}}, {"geom": {"type": "LineString", "coordinates": [[-119.78705, 38.589162], [-119.787373, 38.589056], [-119.7874, 38.589048], [-119.787808, 38.589139], [-119.787749, 38.589391], [-119.787439, 38.589451], [-119.7874, 38.589459], [-119.787108, 38.589391]]}, "props": {"MTFCC": "S1400", "NAME": null}}, {"geom": {"type": "LineString", "coordinates": [[-119.786439, 38.587629], [-119.786465, 38.587852], [-119.7865, 38.588153], [-119.786756, 38.588422], [-119.786912, 38.588585]]}, "props": {"MTFCC": "S1400", "NAME": null}}, {"geom": {"type": "LineString", "coordinates": [[-119.7571, 38.6142], [-119.75717, 38.61432], [-119.75709, 38.61449], [-119.75676, 38.61471], [-119.756707, 38.614755]]}, "props": {"MTFCC": "S1400", "NAME": null}}, {"geom": {"type": "LineString", "coordinates": [[-119.80353, 38.79031], [-119.80348, 38.79014], [-119.80341, 38.79008], [-119.80331, 38.79006], [-119.80322, 38.79009], [-119.80316, 38.79015], [-119.80318, 38.79023], [-119.80325, 38.7903], [-119.80336, 38.79032], [-119.80353, 38.79031]]}, "props": {"MTFCC": "S1400", "NAME": null}}, {"geom": {"type": "LineString", "coordinates": [[-119.82395, 38.77579], [-119.82376, 38.77561]]}, "props": {"MTFCC": "S1400", "NAME": null}}, {"geom": {"type": "LineString", "coordinates": [[-119.78653, 38.76063], [-119.78662, 38.76031], [-119.78674, 38.75991]]}, "props": {"MTFCC": "S1750", "NAME": null}}, {"geom": {"type": "LineString", "coordinates": [[-119.92463, 38.61033], [-119.9247, 38.61014]]}, "props": {"MTFCC": "S1400", "NAME": null}}, {"geom": {"type": "LineString", "coordinates": [[-119.80503, 38.80437], [-119.80504, 38.80453], [-119.80498, 38.80461], [-119.80486, 38.80469], [-119.8047, 38.80472], [-119.80458, 38.80466], [-119.80445, 38.8045], [-119.80436, 38.80437]]}, "props": {"MTFCC": "S1750", "NAME": null}}, {"geom": {"type": "LineString", "coordinates": [[-119.97639, 38.499916], [-119.976493, 38.499287], [-119.976565, 38.498894], [-119.976625, 38.498401], [-119.976628, 38.498378], [-119.97674, 38.497961], [-119.977046, 38.497592], [-119.977483, 38.497569], [-119.977831, 38.497274], [-119.979064, 38.496584], [-119.979564, 38.496282], [-119.979736, 38.496097], [-119.980255, 38.496117], [-119.980313, 38.49612], [-119.980467, 38.495897], [-119.980734, 38.494723]]}, "props": {"MTFCC": "S1710", "NAME": null}}, {"geom": {"type": "LineString", "coordinates": [[-119.80689, 38.79421], [-119.80641, 38.79419], [-119.80629, 38.79416], [-119.80625, 38.7941], [-119.80624, 38.79404]]}, "props": {"MTFCC": "S1750", "NAME": null}}, {"geom": {"type": "LineString", "coordinates": [[-119.89352, 38.53687], [-119.894651, 38.536852], [-119.89512, 38.536845], [-119.89678, 38.53639], [-119.897119, 38.536294], [-119.89731, 38.53624], [-119.89745, 38.53624], [-119.89755, 38.53626], [-119.89777, 38.53633], [-119.898893, 38.536582], [-119.899529, 38.536654], [-119.900649, 38.53678], [-119.90094, 38.537014]]}, "props": {"MTFCC": "S1400", "NAME": null}}, {"geom": {"type": "LineString", "coordinates": [[-119.80879, 38.79265], [-119.80862, 38.79244], [-119.8083, 38.79212], [-119.80818, 38.79202], [-119.80808, 38.79198], [-119.80798, 38.79196], [-119.80791, 38.79199]]}, "props": {"MTFCC": "S1750", "NAME": null}}, {"geom": {"type": "LineString", "coordinates": [[-119.78519, 38.82492], [-119.78493, 38.82498], [-119.78444, 38.82503]]}, "props": {"MTFCC": "S1400", "NAME": null}}, {"geom": {"type": "LineString", "coordinates": [[-119.699346, 38.692776], [-119.699512, 38.692843], [-119.699709, 38.692906], [-119.699771, 38.692916], [-119.69988, 38.692983], [-119.699983, 38.693014], [-119.700102, 38.693071], [-119.70017, 38.693117], [-119.700216, 38.693149], [-119.700268, 38.693195], [-119.700413, 38.693258], [-119.700485, 38.693273], [-119.700521, 38.693325], [-119.700568, 38.693527], [-119.700635, 38.693651], [-119.700708, 38.693848], [-119.700837, 38.693946], [-119.70091, 38.694065], [-119.700946, 38.694355], [-119.700868, 38.694459], [-119.700615, 38.694624], [-119.700335, 38.694826], [-119.700294, 38.694888], [-119.700299, 38.69494], [-119.700387, 38.694961], [-119.700516, 38.694938], [-119.700625, 38.694919], [-119.700972, 38.694867], [-119.701148, 38.694826], [-119.70121, 38.694785], [-119.701391, 38.694754]]}, "props": {"MTFCC": "S1400", "NAME": null}}, {"geom": {"type": "LineString", "coordinates": [[-119.751324, 38.683561], [-119.751136, 38.683716], [-119.750328, 38.68389], [-119.749788, 38.683708], [-119.749562, 38.683632], [-119.748881, 38.683038], [-119.748158, 38.682714], [-119.747222, 38.682519], [-119.746627, 38.682165], [-119.746285, 38.681404], [-119.746264, 38.680904], [-119.746242, 38.680334], [-119.746304, 38.679267]]}, "props": {"MTFCC": "S1740", "NAME": null}}, {"geom": {"type": "LineString", "coordinates": [[-119.767, 38.82047], [-119.76688, 38.82036], [-119.76682, 38.82028], [-119.76682, 38.8201], [-119.76683, 38.81996], [-119.76677, 38.81984], [-119.76665, 38.81973], [-119.7664, 38.81959], [-119.76619, 38.81949], [-119.76602, 38.81938], [-119.76589, 38.81924], [-119.76576, 38.81914], [-119.76564, 38.81909], [-119.76555, 38.81908], [-119.76534, 38.81927]]}, "props": {"MTFCC": "S1400", "NAME": null}}, {"geom": {"type": "LineString", "coordinates": [[-119.76869, 38.81991], [-119.76855, 38.81974], [-119.76846, 38.8196], [-119.76838, 38.81938], [-119.76832, 38.81925], [-119.76821, 38.81913], [-119.76816, 38.81905], [-119.76814, 38.81899], [-119.76818, 38.81891], [-119.76823, 38.81885], [-119.76826, 38.81879], [-119.76824, 38.8187], [-119.76818, 38.8186], [-119.76812, 38.81852], [-119.76793, 38.81846], [-119.76772, 38.81837], [-119.76759, 38.81833], [-119.76726, 38.81833], [-119.76715, 38.81832], [-119.76705, 38.81826], [-119.76695, 38.81816], [-119.76687, 38.81804], [-119.76687, 38.81794], [-119.76694, 38.81782]]}, "props": {"MTFCC": "S1400", "NAME": null}}, {"geom": {"type": "LineString", "coordinates": [[-119.77232, 38.81186], [-119.77193, 38.81188], [-119.77179, 38.81191], [-119.77163, 38.81197], [-119.77148, 38.81206], [-119.77124, 38.81228]]}, "props": {"MTFCC": "S1750", "NAME": null}}, {"geom": {"type": "LineString", "coordinates": [[-119.80587, 38.75936], [-119.8056, 38.75951], [-119.80523, 38.75967], [-119.80488, 38.75987], [-119.80458, 38.76005], [-119.80423, 38.76029], [-119.80399, 38.76044], [-119.80376, 38.76057]]}, "props": {"MTFCC": "S1400", "NAME": null}}, {"geom": {"type": "LineString", "coordinates": [[-119.935142, 38.737254], [-119.935395, 38.736752], [-119.935507, 38.735969], [-119.935475, 38.735537], [-119.935574, 38.735247], [-119.935623, 38.734936], [-119.935795, 38.734829], [-119.935866, 38.734854], [-119.935965, 38.735041], [-119.936063, 38.735088], [-119.936189, 38.734917], [-119.936293, 38.734802], [-119.936425, 38.734846], [-119.936536, 38.734916], [-119.936718, 38.734972], [-119.936892, 38.735019], [-119.93732, 38.735142], [-119.937381, 38.735236], [-119.937421, 38.735387], [-119.937361, 38.735544], [-119.93744, 38.735677], [-119.937689, 38.735907], [-119.937751, 38.736174], [-119.937802, 38.736487], [-119.937975, 38.736757], [-119.938031, 38.73691], [-119.938033, 38.737132], [-119.938045, 38.737456], [-119.937862, 38.737794], [-119.937803, 38.737899], [-119.937889, 38.738047], [-119.938046, 38.738155], [-119.938185, 38.738328], [-119.938456, 38.738451], [-119.938631, 38.738501], [-119.938741, 38.738571], [-119.938777, 38.738726]]}, "props": {"MTFCC": "S1400", "NAME": null}}, {"geom": {"type": "LineString", "coordinates": [[-119.81694, 38.75954], [-119.81697, 38.7593], [-119.81706, 38.75905]]}, "props": {"MTFCC": "S1400", "NAME": null}}, {"geom": {"type": "LineString", "coordinates": [[-119.816082, 38.757144], [-119.81612, 38.75727], [-119.816127, 38.757281], [-119.81626, 38.75747], [-119.816269, 38.757621], [-119.816271, 38.757674], [-119.81628, 38.75782]]}, "props": {"MTFCC": "S1740", "NAME": null}}, {"geom": {"type": "LineString", "coordinates": [[-119.812235, 38.544054], [-119.812785, 38.54408], [-119.812877, 38.544083], [-119.813323, 38.5441], [-119.813663, 38.544286], [-119.814342, 38.544865], [-119.814458, 38.544964], [-119.814507, 38.544981], [-119.815031, 38.545171], [-119.815112, 38.545201]]}, "props": {"MTFCC": "S1400", "NAME": null}}, {"geom": {"type": "LineString", "coordinates": [[-119.735695, 38.499908], [-119.735334, 38.500278], [-119.735061, 38.500497], [-119.734968, 38.50057], [-119.734799, 38.500706], [-119.734552, 38.501531], [-119.734794, 38.502549], [-119.734679, 38.503127], [-119.734771, 38.503347], [-119.734963, 38.503802], [-119.734932, 38.504293], [-119.734899, 38.504717], [-119.734688, 38.505684], [-119.734634, 38.505933], [-119.734535, 38.507046], [-119.734809, 38.507684], [-119.735261, 38.50806], [-119.735119, 38.508506], [-119.735132, 38.508566], [-119.735211, 38.508926], [-119.735268, 38.509503], [-119.735157, 38.509527], [-119.734887, 38.509589], [-119.734538, 38.509836], [-119.734273, 38.51024], [-119.734243, 38.510465]]}, "props": {"MTFCC": "S1500", "NAME": null}}, {"geom": {"type": "LineString", "coordinates": [[-119.693297, 38.606977], [-119.69353, 38.606864], [-119.693762, 38.605999], [-119.693673, 38.605612], [-119.693672, 38.605203], [-119.693876, 38.605089], [-119.694254, 38.605208], [-119.694428, 38.605552], [-119.694572, 38.60624], [-119.694748, 38.606357], [-119.694862, 38.606634], [-119.695241, 38.606749], [-119.696288, 38.606641], [-119.696929, 38.606756], [-119.697946, 38.60761], [-119.698412, 38.607634], [-119.699172, 38.607166], [-119.699225, 38.607134], [-119.700158, 38.606705], [-119.700623, 38.606707], [-119.701496, 38.6071], [-119.701727, 38.607055], [-119.701991, 38.606804], [-119.702164, 38.605987], [-119.702424, 38.605486], [-119.702131, 38.604736], [-119.70213, 38.604166], [-119.702247, 38.603916], [-119.702186, 38.603349], [-119.700928, 38.601711], [-119.700458, 38.600689], [-119.70034, 38.599914], [-119.700454, 38.59937], [-119.701765, 38.600499], [-119.702403, 38.600798], [-119.703276, 38.600803], [-119.704645, 38.600602], [-119.705806, 38.600287], [-119.706594, 38.599764], [-119.706712, 38.599519], [-119.706738, 38.59947], [-119.706822, 38.598422], [-119.707026, 38.59847], [-119.70778, 38.599873], [-119.70775, 38.600311], [-119.707195, 38.600956], [-119.707138, 38.601256], [-119.707281, 38.601347], [-119.708591, 38.601626], [-119.710482, 38.602621], [-119.710716, 38.602852], [-119.710783, 38.60289], [-119.711647, 38.603379], [-119.712403, 38.603637], [-119.713275, 38.603547], [-119.713342, 38.603572], [-119.714089, 38.60385], [-119.71476, 38.603943], [-119.71575, 38.604498], [-119.716097, 38.60498], [-119.717088, 38.605327], [-119.71764, 38.605263], [-119.717874, 38.605125], [-119.718134, 38.604855], [-119.718513, 38.604718], [-119.718862, 38.604865], [-119.719011, 38.604925], [-119.719252, 38.605107], [-119.719498, 38.605517], [-119.719432, 38.606224], [-119.719511, 38.606326], [-119.719767, 38.606656], [-119.720279, 38.607043], [-119.720436, 38.607408], [-119.720537, 38.608844], [-119.720807, 38.609026], [-119.721344, 38.609161], [-119.721793, 38.609412], [-119.721741, 38.609594], [-119.721143, 38.609616], [-119.720892, 38.609532], [-119.720375, 38.609361], [-119.720033, 38.609429], [-119.720006, 38.609498], [-119.719579, 38.609611], [-119.719209, 38.609587]]}, "props": {"MTFCC": "S1500", "NAME": null}}, {"geom": {"type": "LineString", "coordinates": [[-119.734243, 38.510465], [-119.732884, 38.512682], [-119.73267, 38.513871], [-119.731847, 38.514534], [-119.731697, 38.514852], [-119.731787, 38.51651], [-119.730981, 38.517183], [-119.730216, 38.517732], [-119.72963, 38.517801], [-119.729218, 38.517571], [-119.728602, 38.517594], [-119.728168, 38.518153], [-119.727846, 38.518658], [-119.727508, 38.519135], [-119.727362, 38.519365], [-119.726558, 38.519963], [-119.726525, 38.519987], [-119.726733, 38.52086], [-119.727086, 38.521549], [-119.72703, 38.521802], [-119.726046, 38.522562], [-119.724258, 38.525069], [-119.724144, 38.525345], [-119.723767, 38.52569], [-119.723331, 38.525875], [-119.721795, 38.526063], [-119.721244, 38.526317], [-119.720208, 38.528018], [-119.719662, 38.529398], [-119.719208, 38.529854], [-119.718238, 38.53081], [-119.717393, 38.531968], [-119.717247, 38.532331], [-119.715936, 38.53401], [-119.714916, 38.535142], [-119.714653, 38.535574], [-119.714302, 38.535823], [-119.713692, 38.536118], [-119.7134, 38.536389], [-119.713167, 38.536821], [-119.713167, 38.537138], [-119.713283, 38.537548], [-119.713283, 38.538023], [-119.7127, 38.539545], [-119.712612, 38.540226], [-119.712509, 38.540502], [-119.712408, 38.540773], [-119.711709, 38.541278], [-119.7104, 38.54192], [-119.708624, 38.543662], [-119.708522, 38.543887], [-119.708304, 38.544372], [-119.706849, 38.545127], [-119.706587, 38.545746], [-119.706588, 38.547234], [-119.706734, 38.547622], [-119.707287, 38.548081], [-119.707783, 38.548265], [-119.708016, 38.548562], [-119.708045, 38.548722], [-119.708132, 38.548769], [-119.708221, 38.549478], [-119.708396, 38.549708], [-119.708482, 38.550371], [-119.707814, 38.551746], [-119.707872, 38.552043], [-119.708309, 38.552433], [-119.708324, 38.552478], [-119.70901, 38.554493], [-119.709097, 38.554538], [-119.709302, 38.555294], [-119.709069, 38.555844], [-119.708866, 38.556004], [-119.708516, 38.556692], [-119.708429, 38.557081], [-119.708331, 38.55729], [-119.708192, 38.557588], [-119.707818, 38.558386], [-119.70776, 38.558661], [-119.707439, 38.55905], [-119.706944, 38.559349], [-119.706449, 38.559555], [-119.705633, 38.559738], [-119.705139, 38.55999], [-119.704644, 38.560609], [-119.704644, 38.560661], [-119.704643, 38.561341], [-119.70441, 38.561639], [-119.70438, 38.562486], [-119.704614, 38.563149], [-119.704728, 38.564727], [-119.704759, 38.56514], [-119.704584, 38.565301], [-119.703972, 38.565232], [-119.703768, 38.565072], [-119.703738, 38.564637], [-119.703476, 38.564294], [-119.703213, 38.564317], [-119.69954, 38.567271], [-119.698665, 38.568254], [-119.698054, 38.569193], [-119.697965, 38.569536], [-119.698053, 38.5702], [-119.697877, 38.571138], [-119.697644, 38.571527], [-119.697439, 38.571665], [-119.697393, 38.571739], [-119.697148, 38.572145], [-119.697178, 38.572511], [-119.697266, 38.572649], [-119.69738, 38.574044], [-119.697497, 38.574296], [-119.697526, 38.574868], [-119.698042, 38.575649]]}, "props": {"MTFCC": "S1500", "NAME": null}}, {"geom": {"type": "LineString", "coordinates": [[-119.773052, 38.683812], [-119.773049, 38.683835], [-119.77299, 38.684115], [-119.77262, 38.68439], [-119.77241, 38.68453], [-119.77215, 38.68463], [-119.772109, 38.684673], [-119.77198, 38.68481], [-119.77178, 38.68505], [-119.77173, 38.68525], [-119.77176, 38.68546], [-119.7719, 38.68572], [-119.7721, 38.68603], [-119.77215, 38.68626], [-119.77211, 38.68634], [-119.77204, 38.68643], [-119.7718, 38.68667], [-119.77173, 38.68682], [-119.7717, 38.68699], [-119.77167, 38.68725], [-119.7717, 38.68739], [-119.77186, 38.68756], [-119.77209, 38.68772], [-119.77235, 38.68781], [-119.77253, 38.687867], [-119.77257, 38.68788], [-119.77269, 38.68795], [-119.77278, 38.68806], [-119.77287, 38.68821], [-119.77303, 38.68838], [-119.77327, 38.68859], [-119.77344, 38.68885], [-119.77307, 38.68903], [-119.77286, 38.68917], [-119.77276, 38.68929], [-119.77272, 38.6894], [-119.77272, 38.68952], [-119.7727, 38.68964], [-119.77267, 38.68972], [-119.77259, 38.6898], [-119.77246, 38.68988], [-119.77225, 38.68996], [-119.77211, 38.69], [-119.77184, 38.69017], [-119.77171, 38.69027], [-119.77155, 38.69041], [-119.77142, 38.69062], [-119.7714, 38.69072], [-119.77141, 38.69087], [-119.7715, 38.69113], [-119.77155, 38.69131], [-119.77156, 38.69149], [-119.77153, 38.69176], [-119.77146, 38.69218], [-119.77144, 38.69268], [-119.77143, 38.69311], [-119.77145, 38.69382], [-119.77148, 38.69407], [-119.77148, 38.69421], [-119.77146, 38.69438], [-119.77146, 38.69451], [-119.77148, 38.6946], [-119.77157, 38.69475], [-119.77165, 38.69495], [-119.77166, 38.69504], [-119.77167, 38.69521], [-119.77173, 38.69539], [-119.7719, 38.69563], [-119.77196, 38.69574], [-119.77198, 38.69584], [-119.77196, 38.69597], [-119.77189, 38.69617], [-119.77182, 38.69628], [-119.77173, 38.69635], [-119.77161, 38.69638], [-119.77152, 38.69637], [-119.7714, 38.6963], [-119.77123, 38.69619], [-119.77111, 38.69608], [-119.77096, 38.69593], [-119.77069, 38.69574], [-119.7704, 38.69559], [-119.77019, 38.69544], [-119.76996, 38.69535], [-119.76973, 38.6953], [-119.7695, 38.69523], [-119.76937, 38.69518], [-119.769293, 38.695131], [-119.76926, 38.69511], [-119.76918, 38.69502], [-119.76908, 38.69492], [-119.76895, 38.69488], [-119.76882, 38.69488]]}, "props": {"MTFCC": "S1400", "NAME": null}}, {"geom": {"type": "LineString", "coordinates": [[-119.932775, 38.791232], [-119.932763, 38.791828], [-119.932362, 38.793095], [-119.931814, 38.794015], [-119.931393, 38.79431], [-119.93135, 38.79434], [-119.93108, 38.79452], [-119.93073, 38.79484], [-119.9301, 38.79538], [-119.929751, 38.795746], [-119.9295, 38.79601], [-119.92891, 38.79672], [-119.92836, 38.79737], [-119.9282, 38.79774], [-119.927635, 38.798805], [-119.927434, 38.799545], [-119.92719, 38.79993], [-119.926246, 38.801209], [-119.92618, 38.8013], [-119.92608, 38.8015], [-119.925675, 38.802075], [-119.92539, 38.80238], [-119.925, 38.8027], [-119.924818, 38.802833], [-119.92467, 38.80294], [-119.92416, 38.80318], [-119.92375, 38.80324], [-119.92356, 38.80331], [-119.923106, 38.803523], [-119.922842, 38.803714], [-119.92249, 38.80397], [-119.92198, 38.80435], [-119.92182, 38.80461], [-119.92163, 38.8051], [-119.92154, 38.8055], [-119.92138, 38.80569], [-119.92043, 38.80621], [-119.92005, 38.80629], [-119.91992, 38.80637], [-119.91948, 38.80676], [-119.91914, 38.80703], [-119.91882, 38.80737], [-119.91869, 38.80762], [-119.91854, 38.80801], [-119.918526, 38.808207], [-119.91851, 38.80846], [-119.91859, 38.8087], [-119.9188, 38.80901], [-119.91927, 38.80948], [-119.91934, 38.80966], [-119.91936, 38.80997], [-119.919272, 38.810081], [-119.91921, 38.81016], [-119.91876, 38.81029], [-119.91853, 38.8105], [-119.91837, 38.81064], [-119.91812, 38.81089], [-119.917929, 38.811009], [-119.91777, 38.81111], [-119.91683, 38.81157], [-119.91621, 38.81183], [-119.91577, 38.81212], [-119.91538, 38.8124], [-119.91515, 38.81267]]}, "props": {"MTFCC": "S1400", "NAME": null}}, {"geom": {"type": "LineString", "coordinates": [[-119.78785, 38.83002], [-119.78821, 38.82992], [-119.78847, 38.8298]]}, "props": {"MTFCC": "S1400", "NAME": null}}, {"geom": {"type": "LineString", "coordinates": [[-119.81637, 38.77326], [-119.816356, 38.773369], [-119.81634, 38.7735], [-119.816352, 38.773699], [-119.81636, 38.77381], [-119.816348, 38.773917], [-119.81633, 38.77408], [-119.81633, 38.774241], [-119.81633, 38.77427], [-119.816347, 38.774348]]}, "props": {"MTFCC": "S1400", "NAME": null}}, {"geom": {"type": "LineString", "coordinates": [[-119.80254, 38.80837], [-119.80282, 38.80847], [-119.80297, 38.80854], [-119.80304, 38.8086], [-119.80308, 38.80868]]}, "props": {"MTFCC": "S1750", "NAME": null}}, {"geom": {"type": "LineString", "coordinates": [[-119.80504, 38.80873], [-119.80526, 38.80874], [-119.80546, 38.8087], [-119.80576, 38.80853]]}, "props": {"MTFCC": "S1750", "NAME": null}}, {"geom": {"type": "LineString", "coordinates": [[-119.77967, 38.69426], [-119.779507, 38.694343], [-119.77934, 38.69443], [-119.77921, 38.69458], [-119.779148, 38.69473], [-119.77908, 38.6949]]}, "props": {"MTFCC": "S1400", "NAME": null}}, {"geom": {"type": "LineString", "coordinates": [[-119.8157, 38.75644], [-119.81539, 38.75646], [-119.81526, 38.75649], [-119.81514, 38.75658], [-119.81509, 38.75671], [-119.8151, 38.75698]]}, "props": {"MTFCC": "S1400", "NAME": null}}, {"geom": {"type": "LineString", "coordinates": [[-119.81631, 38.76727], [-119.81655, 38.76721], [-119.816759, 38.767184], [-119.8168, 38.76718], [-119.81707, 38.76721], [-119.81762, 38.76732], [-119.818107, 38.767443], [-119.81853, 38.76755], [-119.81854, 38.76757]]}, "props": {"MTFCC": "S1400", "NAME": null}}, {"geom": {"type": "LineString", "coordinates": [[-119.652696, 38.592864], [-119.652708, 38.592497], [-119.652446, 38.59243], [-119.651977, 38.592428], [-119.650729, 38.592424], [-119.649477, 38.592276], [-119.648722, 38.591986], [-119.648488, 38.591897], [-119.64779, 38.591403], [-119.647685, 38.591398], [-119.647373, 38.591383], [-119.647269, 38.591379], [-119.647165, 38.591441], [-119.646179, 38.591721], [-119.645958, 38.59193], [-119.645909, 38.592665], [-119.645903, 38.59276], [-119.646883, 38.593662], [-119.646976, 38.593802], [-119.647002, 38.594422], [-119.646927, 38.594723], [-119.646843, 38.594723], [-119.646804, 38.595945], [-119.646332, 38.596384], [-119.646373, 38.596684], [-119.646426, 38.596752], [-119.64659, 38.59696], [-119.646631, 38.59726], [-119.646724, 38.59733], [-119.646865, 38.598331], [-119.646887, 38.598483], [-119.64681, 38.598714], [-119.647089, 38.599868], [-119.64718, 38.599938], [-119.647225, 38.600328], [-119.647286, 38.600402], [-119.647337, 38.600453], [-119.647493, 38.600609], [-119.647546, 38.600661], [-119.647599, 38.600676], [-119.647761, 38.600721], [-119.647815, 38.600736], [-119.647931, 38.60069], [-119.648251, 38.599861], [-119.64841, 38.59891], [-119.648571, 38.597951], [-119.649212, 38.596362], [-119.649504, 38.595925], [-119.65061, 38.594842], [-119.651601, 38.594494], [-119.651693, 38.594417], [-119.652329, 38.593894], [-119.652679, 38.593457], [-119.652696, 38.592864]]}, "props": {"MTFCC": "S1400", "NAME": null}}, {"geom": {"type": "LineString", "coordinates": [[-119.91886, 38.77635], [-119.918741, 38.776325], [-119.91721, 38.77601], [-119.91591, 38.77571], [-119.91478, 38.77548], [-119.91426, 38.77543], [-119.91382, 38.7754], [-119.91297, 38.77536], [-119.91233, 38.77533], [-119.91169, 38.77527], [-119.9112, 38.77522], [-119.90919, 38.77478], [-119.90835, 38.77461], [-119.90783, 38.77453], [-119.90743, 38.77449], [-119.90679, 38.77447], [-119.90626, 38.77448], [-119.90555, 38.77451], [-119.90505, 38.77457], [-119.90453, 38.77466], [-119.90408, 38.77475], [-119.90322, 38.77496], [-119.90183, 38.77535], [-119.900698, 38.775659], [-119.90066, 38.77567], [-119.8998, 38.7759], [-119.89927, 38.77597], [-119.89866, 38.77598], [-119.89775, 38.77589], [-119.897225, 38.775806], [-119.89712, 38.77579], [-119.8966, 38.77579], [-119.89631, 38.77582], [-119.89606, 38.77587], [-119.895973, 38.775904], [-119.895713, 38.776008], [-119.895633, 38.776055], [-119.895407, 38.776185], [-119.89521, 38.7763], [-119.894733, 38.776585], [-119.89451, 38.77672], [-119.89396, 38.77702], [-119.89362, 38.77717], [-119.89314, 38.77731], [-119.892866, 38.777342], [-119.8928, 38.77735], [-119.89233, 38.77735], [-119.89062, 38.77732], [-119.89011, 38.77729], [-119.88975, 38.7772], [-119.8889, 38.7769], [-119.88857, 38.77679], [-119.88833, 38.77673], [-119.88813, 38.77671], [-119.88792, 38.77672], [-119.88769, 38.77675], [-119.887639, 38.776761], [-119.88739, 38.77682], [-119.88697, 38.77698], [-119.88649, 38.77721], [-119.886003, 38.777434], [-119.88588, 38.77749], [-119.885662, 38.777572], [-119.88559, 38.7776], [-119.8853, 38.77764], [-119.88486, 38.77764], [-119.884572, 38.777579], [-119.88448, 38.77756], [-119.884225, 38.777463], [-119.88419, 38.77745], [-119.88372, 38.77718], [-119.883562, 38.777082], [-119.88309, 38.77679], [-119.8821, 38.77625], [-119.88163, 38.7761], [-119.881515, 38.776077], [-119.88123, 38.77602], [-119.880761, 38.775959], [-119.88046, 38.77592], [-119.879649, 38.775818], [-119.87926, 38.77577], [-119.87899, 38.77568], [-119.8787, 38.77559], [-119.87839, 38.77543], [-119.87808, 38.77525], [-119.87769, 38.77505], [-119.87742, 38.77487], [-119.87718, 38.7747], [-119.87699, 38.77454], [-119.87682, 38.77432], [-119.876773, 38.774244], [-119.87667, 38.774077], [-119.87658, 38.77393], [-119.87626, 38.77349], [-119.876129, 38.77333], [-119.8759, 38.77305], [-119.875597, 38.7728], [-119.87556, 38.77277], [-119.875396, 38.772641], [-119.873878, 38.771447], [-119.873819, 38.7714], [-119.87345, 38.77111], [-119.873252, 38.770906], [-119.8731, 38.77075], [-119.872946, 38.770552], [-119.87278, 38.77034], [-119.872128, 38.769412], [-119.87186, 38.76903], [-119.871645, 38.768726], [-119.87157, 38.76862], [-119.87107, 38.768], [-119.870932, 38.76787], [-119.87074, 38.76769], [-119.870657, 38.76762], [-119.87036, 38.76737], [-119.8699, 38.76707], [-119.86936, 38.76677], [-119.86897, 38.7666], [-119.868148, 38.76629], [-119.86775, 38.76614], [-119.866936, 38.76586], [-119.8665, 38.76571], [-119.86506, 38.76516], [-119.86409, 38.76484], [-119.86292, 38.76465], [-119.859865, 38.764243], [-119.85803, 38.764], [-119.857032, 38.76386], [-119.856947, 38.763848], [-119.856694, 38.763812], [-119.85661, 38.7638], [-119.85613, 38.76374], [-119.855901, 38.763722], [-119.85562, 38.7637], [-119.855324, 38.763694], [-119.85509, 38.76369], [-119.85444, 38.76372], [-119.85362, 38.76382], [-119.853262, 38.763885], [-119.85208, 38.7641], [-119.851495, 38.764216], [-119.85128, 38.76426], [-119.85063, 38.76442], [-119.85025, 38.76455], [-119.85001, 38.76466], [-119.849871, 38.764731], [-119.84939, 38.76498], [-119.84886, 38.76527], [-119.84876, 38.765322], [-119.84839, 38.76552], [-119.848057, 38.7657], [-119.84736, 38.76608], [-119.847057, 38.766236], [-119.846721, 38.76641], [-119.84643, 38.76656], [-119.845974, 38.766798], [-119.84536, 38.76712], [-119.84379, 38.76791], [-119.843723, 38.767944], [-119.84303, 38.76831], [-119.842979, 38.768337], [-119.84236, 38.76867], [-119.842057, 38.768826], [-119.8418, 38.76896], [-119.84154, 38.76909], [-119.8412, 38.76922], [-119.84072, 38.76936], [-119.84009, 38.76949], [-119.83906, 38.769654], [-119.83803, 38.76982], [-119.836462, 38.770055], [-119.83643, 38.77006], [-119.83538, 38.77021], [-119.83491, 38.7703], [-119.83458, 38.77039], [-119.83415, 38.77053], [-119.83353, 38.7708], [-119.83303, 38.77103], [-119.83233, 38.77136], [-119.831984, 38.77154], [-119.83189, 38.77159], [-119.8316, 38.77178], [-119.83129, 38.77201], [-119.83079, 38.77243], [-119.830718, 38.772489], [-119.830457, 38.772704], [-119.83039, 38.77276], [-119.83005, 38.77305], [-119.82971, 38.77333], [-119.829678, 38.773354], [-119.82953, 38.77347], [-119.829399, 38.773542], [-119.82933, 38.77358], [-119.82902, 38.77372], [-119.828938, 38.773748], [-119.82873, 38.77382], [-119.82846, 38.7739], [-119.82814, 38.77396], [-119.82768, 38.77403], [-119.82746, 38.77406], [-119.82696, 38.77413], [-119.82636, 38.77423], [-119.826258, 38.774259], [-119.82598, 38.77434], [-119.825828, 38.774394], [-119.82567, 38.77445], [-119.82532, 38.77462], [-119.8244, 38.77518], [-119.824352, 38.775211], [-119.82398, 38.77546], [-119.82376, 38.77561], [-119.823641, 38.775516], [-119.82357, 38.77546], [-119.82328, 38.77524], [-119.823161, 38.775153], [-119.823043, 38.775066], [-119.82279, 38.77488], [-119.82269, 38.774809], [-119.822572, 38.774725], [-119.822513, 38.774683], [-119.82234, 38.77456], [-119.82228, 38.77452], [-119.822254, 38.774501], [-119.822175, 38.774447], [-119.82215, 38.77443], [-119.822078, 38.774389], [-119.821862, 38.774269], [-119.82181, 38.77424], [-119.821789, 38.774231], [-119.82153, 38.774112], [-119.82146, 38.77408], [-119.82105, 38.77393], [-119.820729, 38.773821], [-119.82046, 38.77373], [-119.81982, 38.77352], [-119.81927, 38.77327], [-119.81885, 38.77298], [-119.818615, 38.772751], [-119.818469, 38.77262], [-119.818139, 38.772195], [-119.817935, 38.771844], [-119.817861, 38.771616], [-119.817845, 38.771604], [-119.81792, 38.7715], [-119.8178, 38.77094], [-119.81767, 38.770307], [-119.81762, 38.77006], [-119.81749, 38.76959], [-119.81745, 38.769464], [-119.81739, 38.76927], [-119.816604, 38.767814], [-119.81631, 38.76727], [-119.816289, 38.767236], [-119.816228, 38.767135], [-119.816208, 38.767102], [-119.816189, 38.767072], [-119.816135, 38.766982], [-119.816117, 38.766953], [-119.816092, 38.766912], [-119.816018, 38.76679], [-119.816, 38.76676], [-119.815994, 38.76675], [-119.815796, 38.766401], [-119.81557, 38.766], [-119.81547, 38.76577], [-119.815312, 38.765306], [-119.81528, 38.76521], [-119.81521, 38.76492], [-119.815204, 38.764869], [-119.815186, 38.76472], [-119.81518, 38.76467], [-119.815201, 38.764217], [-119.81521, 38.76404], [-119.815282, 38.762861], [-119.81531, 38.76241], [-119.815311, 38.762375], [-119.815317, 38.762274], [-119.81532, 38.76224], [-119.81535, 38.761809], [-119.81543, 38.76067], [-119.815439, 38.760516], [-119.81546, 38.76019], [-119.815468, 38.760085], [-119.815476, 38.759973], [-119.815501, 38.759641], [-119.81551, 38.75953], [-119.81553, 38.759189], [-119.81556, 38.7587], [-119.815596, 38.758169], [-119.81562, 38.75783], [-119.815636, 38.757552], [-119.815684, 38.756718], [-119.8157, 38.75644], [-119.815714, 38.756169], [-119.815755, 38.755414], [-119.81586, 38.75347], [-119.81588, 38.753], [-119.81587, 38.75268], [-119.81584, 38.75238], [-119.815828, 38.752342], [-119.81561, 38.75163], [-119.815484, 38.751378], [-119.815399, 38.751209], [-119.8153, 38.75101], [-119.815132, 38.750713], [-119.81504, 38.75055], [-119.814867, 38.750205], [-119.81456, 38.74959], [-119.814357, 38.749167], [-119.814191, 38.74882], [-119.81409, 38.74861], [-119.81377, 38.74811], [-119.813682, 38.747951], [-119.81326, 38.74719], [-119.8131, 38.74692], [-119.813078, 38.746873], [-119.81294, 38.74657], [-119.81248, 38.74572], [-119.812231, 38.745301], [-119.81213, 38.74513], [-119.81177, 38.74444], [-119.811756, 38.744413], [-119.811596, 38.744097], [-119.81143, 38.74377], [-119.81116, 38.74325], [-119.811116, 38.743151], [-119.81105, 38.743], [-119.810997, 38.742819], [-119.81096, 38.74269], [-119.81086, 38.74238], [-119.8108, 38.74215], [-119.81075, 38.74179], [-119.810737, 38.741609], [-119.81072, 38.74137], [-119.81071, 38.74083], [-119.81071, 38.74016], [-119.8107, 38.73937], [-119.8107, 38.73852], [-119.81069, 38.73828], [-119.81067, 38.73807], [-119.81063, 38.73788], [-119.81054, 38.73752], [-119.81027, 38.73698], [-119.810131, 38.73676], [-119.81003, 38.7366], [-119.8096, 38.73602], [-119.809221, 38.73553], [-119.80899, 38.73523], [-119.80837, 38.73441], [-119.80702, 38.73259], [-119.806471, 38.731856], [-119.80616, 38.73144], [-119.80556, 38.730628], [-119.80534, 38.73033], [-119.805068, 38.729978], [-119.8048, 38.72963], [-119.804644, 38.729447], [-119.80417, 38.72889], [-119.803449, 38.728149], [-119.802881, 38.727566], [-119.802713, 38.727393], [-119.8027, 38.72738], [-119.802193, 38.726895], [-119.80202, 38.72673], [-119.801968, 38.726678], [-119.801813, 38.726523], [-119.801762, 38.726472], [-119.80168, 38.72639], [-119.801596, 38.726302], [-119.80129, 38.72598], [-119.801103, 38.725793], [-119.800936, 38.725626], [-119.80081, 38.7255], [-119.800755, 38.725439], [-119.80043, 38.72508], [-119.800238, 38.724857], [-119.80007, 38.72466], [-119.799899, 38.724489], [-119.79983, 38.72442], [-119.799432, 38.723934], [-119.79938, 38.72387], [-119.799282, 38.723745], [-119.79887, 38.72322], [-119.79762, 38.72157], [-119.79708, 38.7208], [-119.796637, 38.720226], [-119.79654, 38.7201], [-119.79582, 38.71918], [-119.79524, 38.7184], [-119.79473, 38.71773], [-119.79456, 38.71752], [-119.79426, 38.71722], [-119.79392, 38.71692], [-119.79348, 38.71652], [-119.79329, 38.71632], [-119.79315, 38.71612], [-119.79302, 38.71589], [-119.79262, 38.71489], [-119.79241, 38.7144], [-119.79219, 38.71394], [-119.79196, 38.71355], [-119.79164, 38.71306], [-119.79132, 38.71259], [-119.79086, 38.71188], [-119.79068, 38.71159], [-119.79045, 38.71106], [-119.7903, 38.71031], [-119.79028, 38.70962], [-119.79034, 38.70903], [-119.79043, 38.70832], [-119.79049, 38.70761], [-119.79052, 38.70712], [-119.7905, 38.70654], [-119.79039, 38.70605], [-119.790295, 38.705531], [-119.79028, 38.70545], [-119.79011, 38.70468], [-119.79001, 38.7042], [-119.78993, 38.70376], [-119.78991, 38.70367], [-119.78985, 38.70341], [-119.78977, 38.70314], [-119.789645, 38.702915], [-119.78962, 38.70287], [-119.78936, 38.70254], [-119.7891, 38.7023], [-119.7889, 38.70214], [-119.7886, 38.70198], [-119.78832, 38.70184], [-119.78769, 38.70165], [-119.78736, 38.70158], [-119.787228, 38.701548], [-119.78669, 38.70142], [-119.78617, 38.70129], [-119.78586, 38.70117], [-119.78557, 38.70102], [-119.78529, 38.70084], [-119.78508, 38.70068], [-119.78484, 38.70045], [-119.78449, 38.70005], [-119.78403, 38.69959], [-119.783856, 38.69941], [-119.78327, 38.69879], [-119.783242, 38.698758], [-119.783159, 38.698664], [-119.783132, 38.698633], [-119.783045, 38.698534], [-119.78291, 38.69838], [-119.7828, 38.698231], [-119.782723, 38.698126], [-119.78252, 38.69785], [-119.782356, 38.697582], [-119.78227, 38.69744], [-119.78168, 38.69653], [-119.78128, 38.69597], [-119.781259, 38.695947], [-119.78082, 38.69546], [-119.78071, 38.695358], [-119.78038, 38.695052], [-119.78027, 38.69495], [-119.780249, 38.694926], [-119.780133, 38.694792], [-119.779785, 38.694393], [-119.77967, 38.69426], [-119.779551, 38.694141], [-119.77945, 38.69404], [-119.77926, 38.69389], [-119.779156, 38.693832], [-119.77901, 38.69375], [-119.778866, 38.693715], [-119.77876, 38.69369], [-119.77846, 38.69367], [-119.778429, 38.693668], [-119.778343, 38.693665], [-119.778282, 38.693662], [-119.778217, 38.693659], [-119.77779, 38.69364], [-119.777775, 38.693637], [-119.776001, 38.693557], [-119.775271, 38.693802], [-119.774685, 38.694368], [-119.773721, 38.694976], [-119.773486, 38.695316], [-119.773563, 38.696639], [-119.773442, 38.697345], [-119.772531, 38.698637], [-119.772093, 38.698885], [-119.771802, 38.698951], [-119.771075, 38.6989], [-119.770524, 38.698691], [-119.770207, 38.698279], [-119.770202, 38.698264], [-119.770127, 38.698116], [-119.769819, 38.697579], [-119.769669, 38.697213], [-119.769505, 38.696733], [-119.7694, 38.696415], [-119.769378, 38.696336], [-119.769303, 38.696288], [-119.769234, 38.696226], [-119.769179, 38.696162], [-119.769147, 38.696097], [-119.769115, 38.695989], [-119.769057, 38.695758], [-119.769019, 38.695577], [-119.768956, 38.695292], [-119.7689, 38.695102], [-119.76882, 38.69488], [-119.76861, 38.69451], [-119.768, 38.69354], [-119.76789, 38.69336], [-119.7678, 38.693], [-119.76777, 38.69284], [-119.76775, 38.69251], [-119.76767, 38.69203], [-119.7676, 38.69183], [-119.76746, 38.69148], [-119.76722, 38.69106], [-119.76669, 38.69042], [-119.76614, 38.68999], [-119.76577, 38.68982], [-119.76552, 38.689734], [-119.76544, 38.689707], [-119.76542, 38.6897], [-119.765361, 38.689687], [-119.765326, 38.689679], [-119.76502, 38.68961], [-119.764981, 38.689608], [-119.764864, 38.689602], [-119.76465, 38.68959], [-119.76401, 38.68966], [-119.763945, 38.689671], [-119.76335, 38.68978], [-119.76264, 38.68988], [-119.76233, 38.6899], [-119.76209, 38.68989], [-119.76183, 38.68985], [-119.76154, 38.68978], [-119.761217, 38.689689], [-119.76115, 38.68967], [-119.76091, 38.68959], [-119.76063, 38.68955], [-119.760313, 38.689538], [-119.76009, 38.68953], [-119.75987, 38.68951], [-119.75967, 38.68951], [-119.7593, 38.68953], [-119.75887, 38.68958], [-119.75853, 38.68961], [-119.75807, 38.68963], [-119.757939, 38.689623], [-119.75788, 38.68962], [-119.75769, 38.68959], [-119.75739, 38.68953], [-119.75703, 38.68934], [-119.75673, 38.68911], [-119.75658, 38.68895], [-119.75628, 38.68862], [-119.75609, 38.68846], [-119.75574, 38.68827], [-119.7553, 38.68802], [-119.75492, 38.68778], [-119.75467, 38.68759], [-119.75448, 38.68739], [-119.7541, 38.68651], [-119.7538, 38.68586], [-119.75341, 38.68498], [-119.75334, 38.68483], [-119.753292, 38.684702], [-119.75316, 38.68435], [-119.753074, 38.684098], [-119.75291, 38.68361], [-119.75282, 38.68325], [-119.75274, 38.68297], [-119.75268, 38.68283], [-119.75259, 38.68266], [-119.752454, 38.682494], [-119.75232, 38.68233], [-119.7521, 38.68211], [-119.75169, 38.68177], [-119.751391, 38.681512], [-119.75081, 38.68101], [-119.7495, 38.67996], [-119.74913, 38.67971], [-119.74877, 38.67954], [-119.74828, 38.67938], [-119.74783, 38.67927], [-119.74775, 38.67926], [-119.7475, 38.67923], [-119.74709, 38.67922], [-119.74659, 38.67924], [-119.746304, 38.679267], [-119.74616, 38.67928], [-119.746102, 38.679289], [-119.745501, 38.679387], [-119.74536, 38.67941], [-119.7453, 38.679413], [-119.7448, 38.67944], [-119.74435, 38.67944], [-119.74393, 38.67941], [-119.743764, 38.679385], [-119.743653, 38.679367], [-119.74354, 38.67935], [-119.74319, 38.67924], [-119.7429, 38.67912], [-119.74258, 38.67896], [-119.74232, 38.6788], [-119.7421, 38.67869], [-119.7418, 38.67857], [-119.74141, 38.67842], [-119.74108, 38.67831], [-119.74077, 38.67823], [-119.74037, 38.67812], [-119.74015, 38.67805], [-119.73992, 38.67795], [-119.73972, 38.67783], [-119.73914, 38.677418], [-119.73903, 38.67734], [-119.73865, 38.67712], [-119.73822, 38.67693], [-119.737658, 38.676701], [-119.73719, 38.67651], [-119.73601, 38.67605], [-119.735677, 38.675903], [-119.73549, 38.67582], [-119.73523, 38.67569], [-119.73502, 38.67552], [-119.7348, 38.67524], [-119.73454, 38.67476], [-119.73408, 38.67399], [-119.73378, 38.67353], [-119.73355, 38.67319], [-119.73331, 38.67291], [-119.73258, 38.6721], [-119.73206, 38.67158], [-119.731585, 38.671083], [-119.7314, 38.67089], [-119.73089, 38.67038], [-119.73062, 38.67018], [-119.73035, 38.67006], [-119.73001, 38.66997], [-119.729851, 38.669935], [-119.72956, 38.66987], [-119.729383, 38.669814], [-119.72921, 38.66976], [-119.729, 38.66966], [-119.72886, 38.66957], [-119.72869, 38.66939], [-119.728363, 38.668859], [-119.72821, 38.66861], [-119.728121, 38.668441], [-119.72811, 38.66842], [-119.72808, 38.6683], [-119.72808, 38.66812], [-119.72813, 38.66797], [-119.72823, 38.66777], [-119.72839, 38.66756], [-119.72858, 38.66736], [-119.72876, 38.66712], [-119.72885, 38.66691], [-119.728856, 38.666875], [-119.7289, 38.66666], [-119.72885, 38.66636], [-119.72877, 38.66618], [-119.72862, 38.66599], [-119.72837, 38.66576], [-119.72786, 38.6654], [-119.72728, 38.66496], [-119.72695, 38.66467], [-119.72684, 38.66454], [-119.7267, 38.66432], [-119.72659, 38.66396], [-119.72647, 38.66361], [-119.72624, 38.66298], [-119.72621, 38.66278], [-119.72621, 38.66263], [-119.72623, 38.6625], [-119.726233, 38.66249], [-119.72631, 38.66228], [-119.72647, 38.66203], [-119.72663, 38.66175], [-119.72672, 38.66156], [-119.72673, 38.66139], [-119.72673, 38.66118], [-119.7267, 38.66102], [-119.72665, 38.66081], [-119.726614, 38.660743], [-119.726506, 38.660546], [-119.72647, 38.66048], [-119.72621, 38.66049], [-119.72599, 38.66045], [-119.72577, 38.66039], [-119.72561, 38.66037], [-119.72538, 38.66038], [-119.72493, 38.66044], [-119.72466, 38.66048], [-119.72446, 38.66048], [-119.72423, 38.66046], [-119.72401, 38.66038], [-119.72381, 38.66025], [-119.72364, 38.66006], [-119.72322, 38.65937], [-119.72303, 38.65922], [-119.72288, 38.65914], [-119.72271, 38.6591], [-119.72255, 38.65908], [-119.72237, 38.65908], [-119.72221, 38.65911], [-119.722, 38.65919], [-119.72173, 38.65939], [-119.72153, 38.65951], [-119.72128, 38.65961], [-119.721068, 38.659659], [-119.72094, 38.65969], [-119.72049, 38.65978], [-119.71976, 38.65997], [-119.71931, 38.66014], [-119.71886, 38.66038], [-119.7184, 38.66067], [-119.718, 38.66089], [-119.71747, 38.66112], [-119.71612, 38.66164], [-119.71571, 38.66183], [-119.71523, 38.6621], [-119.71497, 38.66223], [-119.71467, 38.66233], [-119.71434, 38.66238], [-119.71398, 38.66241], [-119.71348, 38.66241], [-119.71261, 38.66244], [-119.7122, 38.66244], [-119.7119, 38.66249], [-119.71163, 38.66259], [-119.71143, 38.66273], [-119.71118, 38.66298], [-119.71104, 38.6631], [-119.71077, 38.66325], [-119.710744, 38.663258], [-119.71037, 38.66338], [-119.71022, 38.663431], [-119.7099, 38.66354], [-119.709579, 38.663644], [-119.709516, 38.66367], [-119.70932, 38.66376], [-119.70917, 38.66387], [-119.70903, 38.66401], [-119.70897, 38.66414], [-119.70881, 38.66446], [-119.70872, 38.66461], [-119.70856, 38.66478], [-119.70837, 38.6649], [-119.70811, 38.66501], [-119.708065, 38.665021], [-119.7079, 38.66506], [-119.70767, 38.66509], [-119.70743, 38.66509], [-119.70709, 38.66504], [-119.7065, 38.66498], [-119.7063, 38.665], [-119.70606, 38.66507], [-119.70542, 38.66547], [-119.70519, 38.66562], [-119.70501, 38.66569], [-119.70479, 38.66574], [-119.7046, 38.66575], [-119.70434, 38.66573], [-119.704278, 38.66572], [-119.70346, 38.6656], [-119.70321, 38.66559], [-119.70298, 38.66561], [-119.702886, 38.66563], [-119.70274, 38.66566], [-119.70267, 38.665693], [-119.70234, 38.66585], [-119.702259, 38.665869], [-119.70213, 38.6659], [-119.70191, 38.66592], [-119.701759, 38.665929], [-119.70159, 38.66594], [-119.701519, 38.665942], [-119.701293, 38.665948], [-119.70124, 38.66595], [-119.70086, 38.66592], [-119.70051, 38.66587], [-119.70002, 38.66578], [-119.69978, 38.66575], [-119.69955, 38.66574], [-119.69914, 38.66577], [-119.69868, 38.66585], [-119.69838, 38.66587], [-119.6982, 38.66586], [-119.69802, 38.66583], [-119.69781, 38.66578], [-119.697409, 38.66564], [-119.69738, 38.66563], [-119.69707, 38.66551], [-119.69676, 38.66542], [-119.69646, 38.66535], [-119.69608, 38.66535], [-119.69554, 38.66543], [-119.69511, 38.66554], [-119.695012, 38.665578], [-119.69483, 38.66565], [-119.69456, 38.66575], [-119.69434, 38.66582], [-119.694233, 38.665831], [-119.69414, 38.66584], [-119.69365, 38.665856], [-119.69355, 38.66586], [-119.69306, 38.66585], [-119.69258, 38.66582], [-119.69217, 38.66578], [-119.691916, 38.665705], [-119.69183, 38.66568], [-119.69148, 38.66555], [-119.69137, 38.665503], [-119.69101, 38.66535], [-119.69049, 38.6651], [-119.69001, 38.66482], [-119.68959, 38.66452], [-119.68893, 38.66399], [-119.6885, 38.6636], [-119.68809, 38.6631], [-119.68789, 38.66284], [-119.687683, 38.662651], [-119.68767, 38.66264], [-119.68743, 38.66249], [-119.6872, 38.66242], [-119.6868, 38.66238], [-119.68622, 38.66235], [-119.68586, 38.66229], [-119.68562, 38.66219], [-119.68544, 38.66207], [-119.68534, 38.66194], [-119.6853, 38.66182], [-119.68522, 38.66155], [-119.68514, 38.66134], [-119.68503, 38.66118], [-119.68489, 38.66105], [-119.68473, 38.66093], [-119.68446, 38.66081], [-119.68375, 38.66052], [-119.68309, 38.66024], [-119.68239, 38.65995], [-119.68094, 38.65937], [-119.68055, 38.65917], [-119.6803, 38.65896], [-119.68002, 38.65868], [-119.67959, 38.65822], [-119.67927, 38.65782], [-119.67903, 38.65755], [-119.67888, 38.65745], [-119.67854, 38.65724], [-119.67814, 38.65701], [-119.67763, 38.65673], [-119.67713, 38.65642], [-119.6766, 38.65613], [-119.67625, 38.65597], [-119.67599, 38.65588], [-119.675815, 38.655843], [-119.6757, 38.65582], [-119.6754, 38.65572], [-119.67503, 38.65561], [-119.6748, 38.65551], [-119.67458, 38.65544], [-119.67434, 38.6554], [-119.67402, 38.65543], [-119.67377, 38.65549], [-119.67348, 38.6556], [-119.67313, 38.65587], [-119.67286, 38.6561], [-119.67205, 38.65674], [-119.67191, 38.6569], [-119.6718, 38.65712], [-119.67161, 38.65741], [-119.67135, 38.65764], [-119.67097, 38.65785], [-119.67057, 38.65799], [-119.670435, 38.658021], [-119.670337, 38.658044], [-119.67018, 38.65808], [-119.66973, 38.65811], [-119.66934, 38.65809], [-119.66887, 38.65802], [-119.66851, 38.6579], [-119.66789, 38.65758], [-119.667678, 38.657466], [-119.6667, 38.65694], [-119.66627, 38.65675], [-119.66602, 38.65669], [-119.66576, 38.65665], [-119.665686, 38.656657], [-119.66539, 38.65669], [-119.66513, 38.65675], [-119.6649, 38.65684], [-119.66472, 38.65695], [-119.66456, 38.65711], [-119.66447, 38.65724], [-119.66432, 38.65748], [-119.6643, 38.65772], [-119.66435, 38.65807], [-119.66449, 38.65853], [-119.66459, 38.659], [-119.664626, 38.65914], [-119.66478, 38.65972], [-119.66495, 38.66027], [-119.6651, 38.66073], [-119.66539, 38.66136], [-119.66574, 38.66202], [-119.66609, 38.66275], [-119.66641, 38.6634], [-119.66654, 38.66362], [-119.666663, 38.663793], [-119.66669, 38.66383], [-119.66687, 38.66399], [-119.66708, 38.66414], [-119.66726, 38.66431], [-119.66739, 38.66451], [-119.66747, 38.66469], [-119.66751, 38.66487], [-119.667504, 38.665159], [-119.6675, 38.66538], [-119.667487, 38.665504], [-119.66745, 38.66587], [-119.667445, 38.66597], [-119.66738, 38.66736], [-119.66734, 38.66788], [-119.66728, 38.66819], [-119.667207, 38.668391], [-119.66719, 38.66844], [-119.66704, 38.66869], [-119.6669, 38.66885], [-119.66675, 38.66906], [-119.6664, 38.66952], [-119.66622, 38.66982], [-119.66618, 38.66999], [-119.66613, 38.67051], [-119.66609, 38.67066], [-119.66603, 38.67082], [-119.66584, 38.67101], [-119.6655, 38.67125], [-119.66505, 38.67159], [-119.66464, 38.67189], [-119.66443, 38.67205], [-119.6642, 38.67215], [-119.66399, 38.67219], [-119.663858, 38.672173], [-119.66375, 38.67216], [-119.66354, 38.67208], [-119.66338, 38.67197], [-119.66323, 38.67178], [-119.6631, 38.67168], [-119.66293, 38.67162], [-119.66274, 38.6716], [-119.6625, 38.67162], [-119.66214, 38.67167], [-119.66196, 38.67166], [-119.66181, 38.67163], [-119.66166, 38.67157], [-119.66121, 38.67122], [-119.66103, 38.67113], [-119.66078, 38.67108], [-119.66053, 38.67109], [-119.66033, 38.67113], [-119.66008, 38.67125], [-119.65965, 38.67158], [-119.659461, 38.67173], [-119.65926, 38.67189], [-119.65887, 38.67221], [-119.65809, 38.67282], [-119.65746, 38.67332], [-119.65721, 38.67344], [-119.65697, 38.67351], [-119.65674, 38.67353], [-119.65652, 38.67351], [-119.65632, 38.67346], [-119.65614, 38.67337], [-119.65587, 38.67322], [-119.65553, 38.67301], [-119.65518, 38.67277], [-119.65494, 38.67258], [-119.654698, 38.672273], [-119.65468, 38.67225], [-119.65423, 38.67161], [-119.65402, 38.67137], [-119.65386, 38.67125], [-119.6536, 38.67111], [-119.65332, 38.67098], [-119.65305, 38.67086], [-119.65284, 38.67073], [-119.65268, 38.67057], [-119.65253, 38.67033], [-119.65242, 38.67005], [-119.65231, 38.66988], [-119.65217, 38.66972], [-119.652, 38.66961], [-119.65177, 38.66953], [-119.65125, 38.66944], [-119.65034, 38.6693], [-119.64993, 38.66922], [-119.64971, 38.66916], [-119.64953, 38.66906], [-119.64941, 38.66897], [-119.64929, 38.66883], [-119.64923, 38.66871], [-119.64917, 38.66853], [-119.64912, 38.66835], [-119.64904, 38.66819], [-119.64891, 38.66801], [-119.64852, 38.66774], [-119.64791, 38.66741], [-119.64732, 38.6671], [-119.64697, 38.66693], [-119.64677, 38.66685], [-119.6466, 38.66682], [-119.64636, 38.66681], [-119.64603, 38.66681], [-119.64583, 38.66679], [-119.64563, 38.66674], [-119.64546, 38.66668], [-119.64515, 38.66652], [-119.64496, 38.66637], [-119.64475, 38.66617], [-119.64456, 38.66597], [-119.64436, 38.66584], [-119.64414, 38.66574], [-119.64371, 38.66566], [-119.6427, 38.66549], [-119.64247, 38.66543], [-119.64225, 38.66532], [-119.64193, 38.66508], [-119.64145, 38.66471], [-119.641, 38.66438], [-119.64085, 38.6643], [-119.64069, 38.66425], [-119.64048, 38.66422], [-119.64025, 38.66422], [-119.64004, 38.66427], [-119.63985, 38.66434], [-119.63966, 38.66446], [-119.63951, 38.66459], [-119.63938, 38.6648], [-119.63922, 38.66524], [-119.63911, 38.6655], [-119.63889, 38.66588], [-119.63875, 38.66604], [-119.63858, 38.66616], [-119.63839, 38.66623], [-119.63823, 38.66627], [-119.63796, 38.66627], [-119.63752, 38.66624], [-119.63717, 38.66623], [-119.63692, 38.66624], [-119.63665, 38.66632], [-119.63647, 38.66642], [-119.63625, 38.66659], [-119.63612, 38.66675], [-119.636093, 38.66677], [-119.63594, 38.66689], [-119.6357, 38.667], [-119.63547, 38.66704], [-119.63523, 38.66704], [-119.6343, 38.66694], [-119.63387, 38.66689], [-119.63364, 38.66688], [-119.63332, 38.66691], [-119.63303, 38.66697], [-119.63267, 38.66714], [-119.63106, 38.66812], [-119.63054, 38.66851], [-119.62927, 38.66951], [-119.62859, 38.67006], [-119.62792, 38.67055], [-119.627827, 38.670615], [-119.627773, 38.670652], [-119.627612, 38.670763], [-119.627559, 38.670801], [-119.62736, 38.67094], [-119.62654, 38.67155], [-119.62543, 38.67234], [-119.625289, 38.672445], [-119.62447, 38.67306], [-119.62247, 38.67459], [-119.62152, 38.67531], [-119.62114, 38.67562], [-119.62071, 38.67592], [-119.62027, 38.6762], [-119.62001, 38.67631], [-119.61972, 38.67637], [-119.61948, 38.67639], [-119.61929, 38.67639], [-119.61907, 38.67636], [-119.61883, 38.67631], [-119.61858, 38.67621], [-119.618232, 38.676031], [-119.61751, 38.67566], [-119.61575, 38.67473], [-119.61533, 38.67452], [-119.61507, 38.67441], [-119.61475, 38.67433], [-119.61448, 38.67427], [-119.614384, 38.674255], [-119.61396, 38.67419], [-119.61311, 38.67408], [-119.61181, 38.67392], [-119.61073, 38.6738], [-119.61023, 38.67374], [-119.610054, 38.673722], [-119.61003, 38.67372], [-119.60956, 38.67372], [-119.6086, 38.67373], [-119.607, 38.67382], [-119.60602, 38.67387], [-119.60562, 38.67392], [-119.60556, 38.673933], [-119.60519, 38.67402], [-119.60469, 38.67415], [-119.60425, 38.67431], [-119.60376, 38.67456], [-119.60325, 38.67485], [-119.60294, 38.67507], [-119.60268, 38.67531], [-119.60234, 38.67569], [-119.60206, 38.67599], [-119.60073, 38.67749], [-119.60003, 38.67825], [-119.59941, 38.67896], [-119.59881, 38.67962], [-119.598733, 38.679708], [-119.59854, 38.67993], [-119.59827, 38.68023], [-119.59803, 38.68045], [-119.59778, 38.68065], [-119.59725, 38.68094], [-119.59695, 38.68105], [-119.59659, 38.68115], [-119.596193, 38.681241], [-119.59598, 38.681272], [-119.59593, 38.68128], [-119.59563, 38.68131], [-119.595338, 38.681317], [-119.59526, 38.68132], [-119.595124, 38.681308], [-119.59503, 38.6813], [-119.59462, 38.68123], [-119.59414, 38.68112], [-119.59374, 38.68101], [-119.593339, 38.680916], [-119.593025, 38.680803], [-119.592971, 38.680772]]}, "props": {"MTFCC": "S1200", "NAME": null}}, {"geom": {"type": "LineString", "coordinates": [[-119.870562, 38.604564], [-119.870828, 38.604914], [-119.871041, 38.605033], [-119.871341, 38.605201], [-119.87151, 38.605901], [-119.871814, 38.606137], [-119.872388, 38.606329], [-119.872828, 38.606477], [-119.87301, 38.606603], [-119.873268, 38.606759], [-119.873611, 38.606884], [-119.874117, 38.60707], [-119.874877, 38.607126], [-119.875053, 38.607289], [-119.875189, 38.607731], [-119.875289, 38.608056], [-119.87532, 38.608383]]}, "props": {"MTFCC": "S1400", "NAME": null}}, {"geom": {"type": "LineString", "coordinates": [[-119.81634, 38.76224], [-119.816367, 38.761861], [-119.81641, 38.76128], [-119.81644, 38.76117], [-119.81659, 38.76109], [-119.81677, 38.76108], [-119.81686, 38.761078], [-119.81724, 38.76107]]}, "props": {"MTFCC": "S1400", "NAME": null}}, {"geom": {"type": "LineString", "coordinates": [[-119.81532, 38.76224], [-119.815524, 38.76224], [-119.816136, 38.76224], [-119.81634, 38.76224], [-119.816864, 38.76224], [-119.818436, 38.76224], [-119.81896, 38.76224], [-119.819025, 38.76224], [-119.819223, 38.76224], [-119.819289, 38.76224], [-119.819683, 38.76224], [-119.820865, 38.76224], [-119.82126, 38.76224]]}, "props": {"MTFCC": "S1740", "NAME": null}}, {"geom": {"type": "LineString", "coordinates": [[-119.956267, 38.711059], [-119.956537, 38.711151], [-119.956853, 38.711259], [-119.956874, 38.711552], [-119.95677, 38.711756], [-119.956748, 38.7118], [-119.956765, 38.712036], [-119.95674, 38.712232], [-119.95661, 38.712338], [-119.955765, 38.713034], [-119.955701, 38.713088], [-119.955447, 38.71321]]}, "props": {"MTFCC": "S1400", "NAME": null}}, {"geom": {"type": "LineString", "coordinates": [[-119.77961, 38.80926], [-119.77961, 38.80931], [-119.77964, 38.8099], [-119.77969, 38.81031], [-119.77974, 38.81056], [-119.77979, 38.81085], [-119.77988, 38.81132], [-119.78005, 38.81205], [-119.78012, 38.81229], [-119.78028, 38.81272], [-119.78039, 38.81303], [-119.78053, 38.81364], [-119.78066, 38.81384], [-119.78113, 38.8144], [-119.78132, 38.81468], [-119.78146, 38.81496], [-119.78154, 38.81519], [-119.78158, 38.81545], [-119.78158, 38.8156], [-119.78153, 38.81613], [-119.78155, 38.81623], [-119.78156, 38.81639], [-119.7822, 38.81762], [-119.78246, 38.81818], [-119.78273, 38.81874], [-119.78297, 38.81929], [-119.78318, 38.81979], [-119.783637, 38.820884], [-119.78374, 38.82113], [-119.784255, 38.822481], [-119.7844, 38.82286], [-119.78485, 38.82406], [-119.78519, 38.82492], [-119.78552, 38.82576], [-119.78562, 38.82605], [-119.78594, 38.82678], [-119.786188, 38.827237], [-119.78641, 38.82759], [-119.78669, 38.82806], [-119.78708, 38.8287], [-119.78742, 38.82927], [-119.787696, 38.829752], [-119.78785, 38.83002], [-119.78812, 38.83054], [-119.78849, 38.83118], [-119.78877, 38.83164], [-119.78894, 38.83187], [-119.7891, 38.83206], [-119.78936, 38.83228], [-119.78956, 38.83242], [-119.78976, 38.83253], [-119.789882, 38.832595], [-119.79025, 38.83279], [-119.7906, 38.83295], [-119.790978, 38.83313], [-119.79163, 38.83344], [-119.791677, 38.833463], [-119.79202, 38.83363], [-119.79233, 38.8338], [-119.79277, 38.83407], [-119.79327, 38.83443], [-119.793602, 38.834746], [-119.79368, 38.83482], [-119.79396, 38.83518], [-119.79408, 38.835355], [-119.79409, 38.83537], [-119.794226, 38.835594], [-119.7944, 38.83588], [-119.794618, 38.836337], [-119.79474, 38.83659], [-119.79485, 38.83689], [-119.7949, 38.83709], [-119.79494, 38.83736], [-119.79497, 38.83772], [-119.79497, 38.8382], [-119.79496, 38.8388], [-119.79496, 38.83932], [-119.79498, 38.84031], [-119.79499, 38.840418], [-119.79501, 38.84062], [-119.79514, 38.842], [-119.79517, 38.84241], [-119.79523, 38.8429], [-119.79531, 38.84333], [-119.79539, 38.84366], [-119.79569, 38.84449], [-119.79617, 38.84567], [-119.79633, 38.84605], [-119.79649, 38.84645], [-119.79659, 38.84687], [-119.7966, 38.84717], [-119.79648, 38.84783], [-119.79634, 38.84823], [-119.79619, 38.8487], [-119.79606, 38.84899], [-119.79586, 38.84923], [-119.79562, 38.84946], [-119.79512, 38.84989], [-119.79457, 38.85034], [-119.794041, 38.850724], [-119.79402, 38.85074], [-119.79361, 38.85102], [-119.79319, 38.85133], [-119.79254, 38.85179], [-119.79226, 38.85204], [-119.79205, 38.85229], [-119.7919, 38.85248], [-119.79171, 38.85281], [-119.79155, 38.85313], [-119.79145, 38.85345]]}, "props": {"MTFCC": "S1400", "NAME": null}}, {"geom": {"type": "LineString", "coordinates": [[-119.77963, 38.80884], [-119.7799, 38.80879], [-119.78022, 38.80875]]}, "props": {"MTFCC": "S1750", "NAME": null}}, {"geom": {"type": "LineString", "coordinates": [[-119.82236, 38.77426], [-119.822318, 38.774294], [-119.822192, 38.774396], [-119.82215, 38.77443]]}, "props": {"MTFCC": "S1740", "NAME": null}}, {"geom": {"type": "LineString", "coordinates": [[-119.81608, 38.7882], [-119.816195, 38.788176], [-119.81638, 38.78814], [-119.816537, 38.788087], [-119.81665, 38.78805]]}, "props": {"MTFCC": "S1740", "NAME": null}}, {"geom": {"type": "LineString", "coordinates": [[-119.83683, 38.7003], [-119.83704, 38.70078], [-119.83727, 38.70103], [-119.837401, 38.701062], [-119.83771, 38.70114], [-119.83914, 38.70121], [-119.83914, 38.70133], [-119.84004, 38.7019], [-119.840099, 38.701914], [-119.84107, 38.70215], [-119.841203, 38.702216], [-119.84147, 38.70235], [-119.841545, 38.70248], [-119.84162, 38.70261]]}, "props": {"MTFCC": "S1400", "NAME": null}}, {"geom": {"type": "LineString", "coordinates": [[-119.78766, 38.69746], [-119.78676, 38.69761], [-119.78648, 38.69769], [-119.78627, 38.69778], [-119.78614, 38.69788], [-119.786055, 38.698006], [-119.78604, 38.69803], [-119.78601, 38.69824], [-119.785998, 38.698379], [-119.786399, 38.698893], [-119.78686, 38.699328], [-119.7867, 38.70022], [-119.78673, 38.70041], [-119.78681, 38.70056], [-119.78692, 38.70068], [-119.78692, 38.70075], [-119.78685, 38.70079], [-119.78671, 38.70078], [-119.78646, 38.7007], [-119.78611, 38.70056], [-119.78584, 38.70039], [-119.78546, 38.70011], [-119.78522, 38.69985], [-119.785178, 38.69979], [-119.785, 38.69954], [-119.78469, 38.69925], [-119.7844, 38.69908], [-119.78409, 38.69896], [-119.783771, 38.698822], [-119.78372, 38.6988], [-119.783674, 38.698796], [-119.78345, 38.69878], [-119.783371, 38.698784], [-119.78327, 38.69879]]}, "props": {"MTFCC": "S1400", "NAME": null}}, {"geom": {"type": "LineString", "coordinates": [[-119.764945, 38.691668], [-119.764798, 38.692423], [-119.764361, 38.6932], [-119.764332, 38.693636], [-119.763514, 38.693979], [-119.763397, 38.694116], [-119.763427, 38.69439], [-119.763455, 38.694418], [-119.763806, 38.694779], [-119.763835, 38.695466], [-119.763748, 38.695832], [-119.76363, 38.697205], [-119.763805, 38.698738], [-119.764067, 38.699447], [-119.764155, 38.70002], [-119.764417, 38.700637], [-119.764738, 38.701827], [-119.764767, 38.703246], [-119.765148, 38.704485], [-119.765583, 38.7059], [-119.765671, 38.705969], [-119.765963, 38.706885], [-119.76605, 38.707754], [-119.766092, 38.707789], [-119.76643, 38.708074], [-119.76637, 38.708829], [-119.765814, 38.7102], [-119.765726, 38.710363], [-119.764703, 38.712281], [-119.764, 38.713218], [-119.762627, 38.714658], [-119.762071, 38.715115], [-119.761721, 38.715298], [-119.76137, 38.715595], [-119.760814, 38.716463], [-119.760405, 38.71676], [-119.760324, 38.716884], [-119.758884, 38.719115], [-119.758709, 38.719229]]}, "props": {"MTFCC": "S1500", "NAME": null}}, {"geom": {"type": "LineString", "coordinates": [[-119.700974, 38.68837], [-119.700955, 38.688341], [-119.70093, 38.688304], [-119.700905, 38.688257], [-119.700901, 38.68822], [-119.70091, 38.688197], [-119.700918, 38.688172], [-119.700968, 38.688109]]}, "props": {"MTFCC": "S1400", "NAME": null}}, {"geom": {"type": "LineString", "coordinates": [[-119.65476, 38.70002], [-119.654777, 38.69997], [-119.655088, 38.700058], [-119.655194, 38.700292], [-119.655702, 38.700547], [-119.657474, 38.700226], [-119.657712, 38.700259]]}, "props": {"MTFCC": "S1400", "NAME": null}}, {"geom": {"type": "LineString", "coordinates": [[-119.79501, 38.80805], [-119.795123, 38.80817], [-119.79518, 38.80823], [-119.795252, 38.808299], [-119.79538, 38.80842], [-119.795489, 38.808502], [-119.79554, 38.80854], [-119.795636, 38.808574]]}, "props": {"MTFCC": "S1740", "NAME": null}}, {"geom": {"type": "LineString", "coordinates": [[-119.78249, 38.69369], [-119.78257, 38.69356], [-119.78272, 38.69345], [-119.78299, 38.69329], [-119.78354, 38.69299], [-119.783678, 38.692875], [-119.78371, 38.69285], [-119.78377, 38.69271], [-119.7838, 38.69256], [-119.7838, 38.69243], [-119.783783, 38.69237], [-119.78377, 38.69232], [-119.783746, 38.692195], [-119.783738, 38.692153], [-119.78373, 38.69211], [-119.783725, 38.692092], [-119.783708, 38.692032], [-119.783698, 38.691992]]}, "props": {"MTFCC": "S1400", "NAME": null}}, {"geom": {"type": "LineString", "coordinates": [[-119.80525, 38.80178], [-119.80554, 38.80179], [-119.80565, 38.80183], [-119.80575, 38.80194]]}, "props": {"MTFCC": "S1750", "NAME": null}}, {"geom": {"type": "LineString", "coordinates": [[-119.82595, 38.69638], [-119.8252, 38.69624], [-119.82505, 38.696192], [-119.82448, 38.69601], [-119.82427, 38.69559], [-119.82463, 38.69524], [-119.82553, 38.69535], [-119.825706, 38.695568], [-119.82574, 38.69561], [-119.82589, 38.69578], [-119.82619, 38.69587], [-119.82634, 38.69616], [-119.826262, 38.696204], [-119.826028, 38.696335], [-119.82595, 38.69638]]}, "props": {"MTFCC": "S1740", "NAME": null}}, {"geom": {"type": "LineString", "coordinates": [[-120.0024, 38.67055574889867], [-120.002116, 38.670415], [-120.001759, 38.670238], [-120.001016, 38.669809]]}, "props": {"MTFCC": "S1710", "NAME": null}}, {"geom": {"type": "LineString", "coordinates": [[-119.980792, 38.493049], [-119.980781, 38.493385], [-119.980771, 38.493708], [-119.980679, 38.494251], [-119.980694, 38.494388], [-119.980734, 38.494723]]}, "props": {"MTFCC": "S1400", "NAME": null}}, {"geom": {"type": "LineString", "coordinates": [[-119.937276, 38.49991], [-119.937301, 38.499982], [-119.937377, 38.5002], [-119.937403, 38.500273]]}, "props": {"MTFCC": "S1710", "NAME": null}}, {"geom": {"type": "LineString", "coordinates": [[-119.801392, 38.401493], [-119.80137, 38.40152], [-119.801282, 38.401579], [-119.80116, 38.401663], [-119.80109, 38.40171], [-119.80092, 38.401794], [-119.800795, 38.401857], [-119.80073, 38.40189], [-119.800584, 38.401925], [-119.799935, 38.402085], [-119.799719, 38.402139], [-119.79939, 38.40222], [-119.79806, 38.40244], [-119.797911, 38.402482], [-119.79747, 38.40261], [-119.79692, 38.40281], [-119.79634, 38.40313], [-119.79584, 38.40357], [-119.79507, 38.40414], [-119.79456, 38.40439], [-119.79404, 38.4046], [-119.79324, 38.40481], [-119.793002, 38.404838], [-119.79249, 38.4049], [-119.79154, 38.40487], [-119.791166, 38.404845], [-119.791066, 38.404838], [-119.79094, 38.40483], [-119.790768, 38.404804], [-119.79067, 38.40479], [-119.789874, 38.404733], [-119.78813, 38.40461], [-119.787491, 38.404538], [-119.78688, 38.40447], [-119.786703, 38.404427]]}, "props": {"MTFCC": "S1400", "NAME": null}}, {"geom": {"type": "LineString", "coordinates": [[-119.637173, 38.327926], [-119.637187, 38.327944], [-119.637307, 38.328354], [-119.637358, 38.328665], [-119.637328, 38.328865], [-119.637258, 38.329015], [-119.636778, 38.329496], [-119.636649, 38.329696], [-119.636649, 38.329906], [-119.636679, 38.329986], [-119.636749, 38.330086], [-119.636869, 38.330226], [-119.63739, 38.330735], [-119.637851, 38.331145], [-119.638121, 38.331375], [-119.638542, 38.331684], [-119.638873, 38.331994], [-119.639343, 38.332463], [-119.639584, 38.332683], [-119.639864, 38.332873], [-119.640124, 38.333023], [-119.640365, 38.333082], [-119.640665, 38.333132], [-119.640835, 38.333202], [-119.640985, 38.333302], [-119.641166, 38.333501], [-119.641286, 38.333711], [-119.641467, 38.334171], [-119.641597, 38.334521], [-119.641619, 38.33455], [-119.641717, 38.334681], [-119.641908, 38.334901], [-119.642128, 38.335081], [-119.642679, 38.33543], [-119.643139, 38.3357], [-119.643332, 38.335804], [-119.64349, 38.33589], [-119.64385, 38.33598], [-119.64431, 38.33613], [-119.64463, 38.33625], [-119.645262, 38.336528], [-119.64529, 38.33654], [-119.64553, 38.33657], [-119.64584, 38.336554], [-119.64674, 38.33651], [-119.64748, 38.33654], [-119.647588, 38.33654], [-119.64771, 38.33654], [-119.64789, 38.3365], [-119.64807, 38.33642], [-119.648136, 38.336375], [-119.64835, 38.33623], [-119.64892, 38.33572], [-119.64919, 38.33553], [-119.64944, 38.33545], [-119.64971, 38.3354], [-119.65052, 38.33534], [-119.65077, 38.33538], [-119.65103, 38.33548], [-119.65124, 38.33574], [-119.651308, 38.33582], [-119.651472, 38.336015], [-119.651716, 38.33614], [-119.651992, 38.336204], [-119.652248, 38.336185], [-119.652443, 38.336136], [-119.652476, 38.336117]]}, "props": {"MTFCC": "S1200", "NAME": null}}, {"geom": {"type": "LineString", "coordinates": [[-119.98988, 38.47966], [-119.989715, 38.479933], [-119.9897, 38.47996], [-119.98927, 38.48021], [-119.988868, 38.480365], [-119.98857, 38.48048]]}, "props": {"MTFCC": "S1400", "NAME": null}}, {"geom": {"type": "LineString", "coordinates": [[-119.98988, 38.48053], [-119.990454, 38.480577], [-119.99121, 38.48064], [-119.9913, 38.48071], [-119.99127, 38.48083], [-119.99072, 38.48124], [-119.990673, 38.481249], [-119.99011, 38.48137]]}, "props": {"MTFCC": "S1400", "NAME": null}}, {"geom": {"type": "LineString", "coordinates": [[-119.88973, 38.7135], [-119.88998, 38.71366], [-119.890385, 38.713818], [-119.8908, 38.71398], [-119.89169, 38.71453], [-119.89187, 38.71471], [-119.89206, 38.71491], [-119.892159, 38.715051], [-119.89218, 38.71508], [-119.8922, 38.71526], [-119.89215, 38.71545], [-119.89219, 38.71563], [-119.89225, 38.71575], [-119.89205, 38.71596], [-119.89172, 38.71642], [-119.89143, 38.71673], [-119.890937, 38.716997], [-119.89073, 38.71711], [-119.89065, 38.71721], [-119.89064, 38.71735], [-119.8907, 38.71745], [-119.89079, 38.71753], [-119.89115, 38.71766], [-119.89149, 38.71774], [-119.8919, 38.7179], [-119.89219, 38.71803], [-119.89233, 38.71813], [-119.89245, 38.7183], [-119.89273, 38.71848], [-119.89316, 38.71871], [-119.89337, 38.71884], [-119.89342, 38.71892], [-119.89347, 38.71904], [-119.89345, 38.71934], [-119.89352, 38.71946], [-119.89364, 38.71955], [-119.89381, 38.71959], [-119.89402, 38.71962], [-119.89415, 38.71971], [-119.89443, 38.72004], [-119.894458, 38.720082], [-119.89453, 38.72019], [-119.89465, 38.72046], [-119.8948, 38.72067], [-119.89512, 38.72106], [-119.89547, 38.72154], [-119.895511, 38.721583], [-119.89572, 38.7218], [-119.89602, 38.72207], [-119.8962, 38.72229], [-119.89636, 38.72263], [-119.89641, 38.722859], [-119.89645, 38.72304], [-119.8966, 38.72342], [-119.89676, 38.72364], [-119.89699, 38.72379], [-119.89716, 38.72393], [-119.89741, 38.72421], [-119.89751, 38.72436], [-119.89761, 38.72456], [-119.89766, 38.72468], [-119.89786, 38.72512], [-119.898, 38.72532], [-119.89837, 38.72562], [-119.89865, 38.72583], [-119.89896, 38.72636], [-119.899196, 38.726633], [-119.89953, 38.72702], [-119.89969, 38.72728], [-119.89982, 38.72755], [-119.8998, 38.72772], [-119.89968, 38.72791], [-119.899636, 38.727986], [-119.89951, 38.7282], [-119.89952, 38.72829], [-119.89961, 38.72843], [-119.89986, 38.72868], [-119.89998, 38.728885], [-119.90024, 38.72933], [-119.90051, 38.72963], [-119.90075, 38.72993], [-119.90084, 38.73006], [-119.90092, 38.73035], [-119.90095, 38.7306], [-119.90113, 38.73078], [-119.90131, 38.73097], [-119.90149, 38.7312], [-119.90166, 38.73133], [-119.901867, 38.731477], [-119.90212, 38.73167], [-119.902661, 38.732231], [-119.90267, 38.73224], [-119.902732, 38.732328], [-119.90279, 38.73241], [-119.90279, 38.7325], [-119.902869, 38.732652], [-119.90291, 38.73273], [-119.902937, 38.73275], [-119.90303, 38.73282], [-119.90331, 38.73297], [-119.9038, 38.73318], [-119.9042, 38.7334], [-119.90442, 38.73358], [-119.9046, 38.73379], [-119.90484, 38.73399], [-119.90505, 38.73413], [-119.90528, 38.73425], [-119.90555, 38.73441], [-119.90575, 38.7345], [-119.905954, 38.734562], [-119.90611, 38.73461], [-119.90642, 38.73468], [-119.90672, 38.73481], [-119.9073, 38.73517], [-119.90748, 38.73538], [-119.90761, 38.73565], [-119.90829, 38.73626], [-119.90838, 38.73643], [-119.90837, 38.73653], [-119.90835, 38.73664], [-119.90829, 38.73689], [-119.90825, 38.73715], [-119.90827, 38.7373], [-119.9084, 38.73745], [-119.90881, 38.73781], [-119.90931, 38.73837], [-119.90952, 38.73854], [-119.90968, 38.73878], [-119.90997, 38.73902], [-119.91002, 38.73912], [-119.91007, 38.73928], [-119.91018, 38.73956], [-119.91024, 38.73968], [-119.91028, 38.73996], [-119.91038, 38.74017], [-119.91053, 38.74044], [-119.91075, 38.74074], [-119.91094, 38.74094], [-119.91165, 38.74137], [-119.91227, 38.74176], [-119.91254, 38.74203], [-119.912567, 38.742071], [-119.91264, 38.74218], [-119.91275, 38.74243], [-119.91305, 38.74272], [-119.91387, 38.74404], [-119.91406, 38.74446], [-119.91431, 38.7449], [-119.91434, 38.74502], [-119.91433, 38.74511], [-119.91447, 38.74522], [-119.9146, 38.7453], [-119.91476, 38.74552], [-119.91492, 38.74566], [-119.9151, 38.74574], [-119.91529, 38.74584], [-119.91536, 38.74595], [-119.915368, 38.746088], [-119.91538, 38.74627], [-119.91543, 38.74642], [-119.91544, 38.74656], [-119.91534, 38.74691], [-119.91531, 38.74714], [-119.91538, 38.74725], [-119.91553, 38.74739], [-119.91599, 38.74766], [-119.91609, 38.7478], [-119.9162, 38.748], [-119.91619, 38.74822], [-119.91612, 38.74842], [-119.91615, 38.74858], [-119.9163, 38.74879], [-119.91676, 38.74915], [-119.91702, 38.74942], [-119.91712, 38.74955], [-119.91714, 38.74967], [-119.917132, 38.749713], [-119.9171, 38.74992], [-119.91715, 38.75012], [-119.91728, 38.75034], [-119.91773, 38.75062], [-119.917936, 38.750832], [-119.91813, 38.75103], [-119.91863, 38.75142], [-119.91883, 38.75169], [-119.91908, 38.75208], [-119.91917, 38.75224], [-119.919166, 38.752298], [-119.91916, 38.75243], [-119.91923, 38.75257], [-119.91948, 38.75278], [-119.91968, 38.75296], [-119.91993, 38.75305], [-119.92021, 38.75309], [-119.92034, 38.75318], [-119.92044, 38.75333], [-119.920788, 38.753552], [-119.921722, 38.753918], [-119.92205, 38.7542], [-119.9222, 38.75433], [-119.92229, 38.75445], [-119.92238, 38.75465], [-119.92244, 38.75489], [-119.92253, 38.7551], [-119.92273, 38.75529], [-119.92319, 38.75564], [-119.92333, 38.75585], [-119.923342, 38.755938], [-119.92336, 38.75607], [-119.9234, 38.75623], [-119.92347, 38.75631], [-119.92363, 38.75641], [-119.92373, 38.75649], [-119.92393, 38.75662], [-119.92413, 38.75674], [-119.92424, 38.75676], [-119.92473, 38.75665], [-119.924871, 38.756689], [-119.92502, 38.75673], [-119.92512, 38.75684], [-119.92518, 38.75699], [-119.92523, 38.75726], [-119.92541, 38.75774], [-119.925463, 38.757796], [-119.92563, 38.75797], [-119.92567, 38.75808], [-119.92567, 38.7583], [-119.92578, 38.75855], [-119.9259, 38.75885], [-119.92608, 38.75899], [-119.92644, 38.75903], [-119.9266, 38.75911], [-119.92671, 38.75921], [-119.92688, 38.75945], [-119.92692, 38.7596], [-119.92698, 38.75998], [-119.92716, 38.7602], [-119.92728, 38.76038], [-119.92724, 38.76075], [-119.927243, 38.760941], [-119.92725, 38.76133], [-119.92735, 38.76154], [-119.92772, 38.76204], [-119.927752, 38.76212], [-119.928289, 38.7622], [-119.928602, 38.762248], [-119.929459, 38.762679], [-119.929632, 38.762986], [-119.929719, 38.76314], [-119.929768, 38.763504], [-119.929424, 38.764189], [-119.928546, 38.765946], [-119.928296, 38.766172], [-119.927817, 38.766607], [-119.9277, 38.76663]]}, "props": {"MTFCC": "S1400", "NAME": null}}, {"geom": {"type": "LineString", "coordinates": [[-119.941833, 38.766164], [-119.942241, 38.766213], [-119.942426, 38.766346], [-119.942484, 38.766968], [-119.942615, 38.767084], [-119.942816, 38.767032], [-119.943215, 38.766931]]}, "props": {"MTFCC": "S1400", "NAME": null}}, {"geom": {"type": "LineString", "coordinates": [[-119.92449, 38.755265], [-119.924532, 38.755571], [-119.924574, 38.755877], [-119.92485, 38.756151], [-119.924858, 38.75638], [-119.924871, 38.756689]]}, "props": {"MTFCC": "S1400", "NAME": null}}, {"geom": {"type": "LineString", "coordinates": [[-119.943215, 38.766931], [-119.94377, 38.76629], [-119.943953, 38.765873], [-119.944062, 38.765627], [-119.944559, 38.765261], [-119.944822, 38.765147], [-119.945055, 38.765238], [-119.945143, 38.766953], [-119.945377, 38.767274], [-119.945716, 38.76742], [-119.946224, 38.767639], [-119.946779, 38.768143]]}, "props": {"MTFCC": "S1400", "NAME": null}}, {"geom": {"type": "LineString", "coordinates": [[-119.938926, 38.628845], [-119.93901, 38.62845], [-119.93884, 38.62821], [-119.93821, 38.6277], [-119.93761, 38.62731], [-119.93752, 38.62727], [-119.93735, 38.62723], [-119.93726, 38.62722], [-119.9371, 38.62722], [-119.93687, 38.62705], [-119.93646, 38.62671], [-119.93621, 38.62664], [-119.93609, 38.626626], [-119.93603, 38.62662], [-119.9357, 38.62659], [-119.9354, 38.6265], [-119.935, 38.62639], [-119.93485, 38.62629], [-119.93457, 38.62602], [-119.93427, 38.62585], [-119.93402, 38.62577], [-119.93387, 38.62554], [-119.93375, 38.62541], [-119.93354, 38.62531], [-119.93317, 38.62532], [-119.93305, 38.62524], [-119.93287, 38.62506], [-119.93277, 38.62483], [-119.93267, 38.62454], [-119.932593, 38.624231], [-119.93256, 38.6241], [-119.93243, 38.6238], [-119.93186, 38.62309], [-119.93172, 38.62278], [-119.93158, 38.62227], [-119.93151, 38.62188], [-119.931518, 38.620629], [-119.931014, 38.619479], [-119.930496, 38.618769], [-119.929603, 38.617983], [-119.92952, 38.61791], [-119.92934, 38.61775], [-119.92885, 38.61738], [-119.9286, 38.61698], [-119.92827, 38.61642], [-119.92806, 38.61608], [-119.927993, 38.615977], [-119.927376, 38.615734], [-119.926952, 38.615567], [-119.92695, 38.61538], [-119.92693, 38.615358], [-119.92679, 38.6152], [-119.92676, 38.61507], [-119.926782, 38.614864], [-119.92681, 38.614814], [-119.92691, 38.61463], [-119.92713, 38.61448], [-119.92715, 38.61431], [-119.92708, 38.61417], [-119.92695, 38.61402], [-119.92672, 38.61393], [-119.92657, 38.6139], [-119.926403, 38.613797], [-119.926376, 38.61378], [-119.92623, 38.61369], [-119.92598, 38.61355], [-119.92597, 38.61349], [-119.92586, 38.6134], [-119.9258, 38.6133], [-119.9258, 38.61322], [-119.92588, 38.61303], [-119.925896, 38.612887], [-119.92592, 38.61269], [-119.92584, 38.6121], [-119.92561, 38.61146], [-119.92545, 38.611241], [-119.92531, 38.61105], [-119.925257, 38.610985], [-119.9251, 38.61079], [-119.92499, 38.61061], [-119.92483, 38.61045], [-119.92463, 38.61033], [-119.92449, 38.610257], [-119.92442, 38.61022], [-119.92384, 38.61007], [-119.92345, 38.61006], [-119.92335, 38.610082], [-119.92297, 38.61017], [-119.922928, 38.61018], [-119.922805, 38.610211], [-119.922764, 38.610222], [-119.922606, 38.610283], [-119.92254, 38.61031], [-119.92238, 38.61044], [-119.922262, 38.610638], [-119.92222, 38.61071], [-119.922172, 38.610781], [-119.92207, 38.61093], [-119.92191, 38.61106], [-119.92167, 38.6112], [-119.92151, 38.61138], [-119.92134, 38.6116], [-119.92124, 38.61186], [-119.92112, 38.61208], [-119.920981, 38.612259], [-119.92092, 38.61234], [-119.92074, 38.61252], [-119.92045, 38.61272], [-119.92013, 38.61287], [-119.91979, 38.61301], [-119.9195, 38.61319], [-119.91891, 38.61357], [-119.91835, 38.61394], [-119.91746, 38.61431], [-119.91694, 38.61451], [-119.9167, 38.61458], [-119.91657, 38.61466], [-119.91631, 38.61508], [-119.916141, 38.615274], [-119.91606, 38.61537], [-119.91603, 38.61547], [-119.91596, 38.61593], [-119.9159, 38.61608], [-119.915799, 38.616175], [-119.9157, 38.61627], [-119.91546, 38.61644], [-119.91523, 38.61655], [-119.914976, 38.616594], [-119.91488, 38.61661], [-119.91456, 38.61667], [-119.91438, 38.61671], [-119.91423, 38.61679], [-119.91407, 38.61693], [-119.91387, 38.61712], [-119.91362, 38.61732], [-119.91334, 38.61759], [-119.91312, 38.6177], [-119.91278, 38.61786], [-119.91246, 38.61805], [-119.91215, 38.61832], [-119.91195, 38.61857], [-119.9117, 38.61892], [-119.91128, 38.61934], [-119.91053, 38.61994], [-119.91001, 38.62033], [-119.90985, 38.62048], [-119.90976, 38.62064], [-119.90971, 38.6208], [-119.90972, 38.62108], [-119.9098, 38.62173], [-119.90989, 38.62208], [-119.91, 38.62232], [-119.91006, 38.62256], [-119.91006, 38.62275], [-119.91002, 38.6229], [-119.90996, 38.62303], [-119.90983, 38.62321], [-119.90952, 38.6235], [-119.90924, 38.62375], [-119.90904, 38.62397], [-119.90892, 38.62414], [-119.9088, 38.62445], [-119.908796, 38.624544], [-119.90879, 38.62468], [-119.90882, 38.6249], [-119.90891, 38.62532], [-119.90894, 38.62564], [-119.9088, 38.62636], [-119.90877, 38.62661], [-119.90877, 38.62675], [-119.90882, 38.62696], [-119.908879, 38.627097], [-119.90894, 38.62724], [-119.90907, 38.62745], [-119.909234, 38.627592], [-119.90937, 38.62771], [-119.909663, 38.627928], [-119.91003, 38.6282], [-119.91046, 38.62854], [-119.9106, 38.62871], [-119.91073, 38.62894], [-119.91095, 38.62919], [-119.91127, 38.62945], [-119.91135, 38.62957], [-119.91148, 38.62978], [-119.91163, 38.63013], [-119.9117, 38.63033], [-119.91183, 38.63116], [-119.91191, 38.6314], [-119.91203, 38.63164], [-119.912036, 38.631648], [-119.91217, 38.63182], [-119.91261, 38.6322], [-119.91317, 38.6327], [-119.91343, 38.63299], [-119.9135, 38.63313], [-119.91375, 38.63354], [-119.91394, 38.6339], [-119.91404, 38.63414], [-119.9141, 38.63445], [-119.91421, 38.63487], [-119.91449, 38.6355], [-119.91472, 38.6359], [-119.91514, 38.63659], [-119.91557, 38.63733], [-119.91617, 38.63828], [-119.91639, 38.63873], [-119.91647, 38.63898], [-119.916492, 38.639182], [-119.9165, 38.63926], [-119.916484, 38.639358], [-119.91646, 38.63952], [-119.91635, 38.63978], [-119.916294, 38.639851], [-119.916185, 38.639992], [-119.91614, 38.64005], [-119.91506, 38.64128], [-119.91483, 38.6415], [-119.91466, 38.6416], [-119.91443, 38.64169], [-119.91414, 38.64173], [-119.913964, 38.641736], [-119.91387, 38.64174], [-119.91366, 38.6417], [-119.9134, 38.64163], [-119.91311, 38.64156], [-119.91292, 38.64153], [-119.91261, 38.64153], [-119.91246, 38.64155], [-119.91213, 38.64166], [-119.91191, 38.64183], [-119.91176, 38.64197], [-119.91166, 38.64216], [-119.91158, 38.64235], [-119.91157, 38.64254], [-119.91159, 38.64272], [-119.91212, 38.64387], [-119.91258, 38.64491], [-119.91278, 38.6453], [-119.91283, 38.64561], [-119.91277, 38.6459], [-119.91271, 38.64605], [-119.91253, 38.64628], [-119.91228, 38.64646], [-119.91203, 38.64659], [-119.91164, 38.64671], [-119.91126, 38.64681], [-119.91101, 38.64691], [-119.910918, 38.646964], [-119.91086, 38.647], [-119.91071, 38.64717], [-119.91061, 38.64733], [-119.91054, 38.64753], [-119.910532, 38.64772], [-119.91053, 38.64776], [-119.91056, 38.64796], [-119.91066, 38.64814], [-119.91077, 38.64825], [-119.91095, 38.64845], [-119.91128, 38.64875], [-119.91179, 38.6492], [-119.91183, 38.64924], [-119.91237, 38.64973], [-119.91269, 38.64997], [-119.91289, 38.65013], [-119.91307, 38.65022], [-119.91338, 38.6504], [-119.9139, 38.6506], [-119.91466, 38.65086], [-119.91514, 38.65104], [-119.9155, 38.65124], [-119.91573, 38.65143], [-119.91599, 38.6517], [-119.91616, 38.65198], [-119.91624, 38.65216], [-119.9163, 38.65247], [-119.9163, 38.65284], [-119.91624, 38.65318], [-119.91581, 38.65436], [-119.91572, 38.65472], [-119.91569, 38.65497], [-119.91571, 38.6553], [-119.91576, 38.65566], [-119.91584, 38.65597], [-119.91597, 38.65623], [-119.916421, 38.656984], [-119.91679, 38.6576], [-119.91697, 38.65793], [-119.91707, 38.65819], [-119.91709, 38.65845], [-119.917087, 38.658555], [-119.91708, 38.65879], [-119.917014, 38.659115], [-119.91695, 38.65944], [-119.91696, 38.65973], [-119.917013, 38.65986], [-119.91707, 38.66], [-119.91725, 38.66027], [-119.91747, 38.66046], [-119.917612, 38.660558], [-119.91808, 38.66088], [-119.91831, 38.66102], [-119.91872, 38.66128], [-119.91897, 38.66148], [-119.9191, 38.66164], [-119.91918, 38.66178], [-119.919249, 38.661953], [-119.91926, 38.66198], [-119.9193, 38.6622], [-119.9193, 38.66239], [-119.91926, 38.66258], [-119.91914, 38.6629], [-119.91898, 38.66335], [-119.91886, 38.66372], [-119.91881, 38.66392], [-119.91879, 38.6641], [-119.91877, 38.66458], [-119.91888, 38.66542], [-119.91887, 38.66582], [-119.91882, 38.66613], [-119.91869, 38.66647], [-119.918604, 38.666704], [-119.91849, 38.66702], [-119.91834, 38.66733], [-119.91821, 38.66757], [-119.91798, 38.66793], [-119.917858, 38.668147], [-119.91775, 38.66834], [-119.917631, 38.668618], [-119.91761, 38.66867], [-119.91749, 38.6692], [-119.917316, 38.670155], [-119.917223, 38.67067], [-119.91722, 38.67069], [-119.91724, 38.67118], [-119.91729, 38.67144], [-119.9174, 38.67172], [-119.91765, 38.67225], [-119.91802, 38.67296], [-119.91823, 38.67333], [-119.91833, 38.67348], [-119.918598, 38.67381], [-119.9192, 38.67455], [-119.91954, 38.67502], [-119.9201, 38.67575], [-119.92048, 38.67629], [-119.92091, 38.67688], [-119.92125, 38.67726], [-119.92159, 38.67763], [-119.9219, 38.67794], [-119.92233, 38.67838], [-119.92261, 38.67868], [-119.92286, 38.67902], [-119.92305, 38.67939], [-119.92319, 38.67969], [-119.92328, 38.68003], [-119.92334, 38.68046], [-119.92332, 38.68098], [-119.92332, 38.68142], [-119.9234, 38.68163], [-119.92351, 38.68188], [-119.9237, 38.68213], [-119.923984, 38.682458], [-119.92408, 38.68257], [-119.92454, 38.68308], [-119.92475, 38.68333], [-119.92494, 38.6836], [-119.92511, 38.68386], [-119.92532, 38.68415], [-119.92547, 38.68432], [-119.92568, 38.68454], [-119.92603, 38.68485], [-119.92628, 38.68504], [-119.926296, 38.685056], [-119.9265, 38.68526], [-119.9267, 38.68551], [-119.926883, 38.685844], [-119.92692, 38.68591], [-119.9273, 38.68683], [-119.927656, 38.687418], [-119.9277, 38.68749], [-119.92823, 38.68839], [-119.928266, 38.688465], [-119.92841, 38.68876], [-119.92869, 38.68936], [-119.92889, 38.68974], [-119.929069, 38.689958], [-119.92912, 38.69002], [-119.92941, 38.69034], [-119.92987, 38.69076], [-119.93033, 38.69119], [-119.93055, 38.69146], [-119.930561, 38.691482], [-119.93065, 38.69165], [-119.93069, 38.69182], [-119.930726, 38.692167], [-119.93073, 38.69221], [-119.93079, 38.692571], [-119.9308, 38.69263], [-119.93086, 38.69295], [-119.93096, 38.69317], [-119.93112, 38.69342], [-119.931289, 38.693673], [-119.93144, 38.6939], [-119.931509, 38.694019], [-119.93155, 38.69409], [-119.93166, 38.69439], [-119.93175, 38.69476], [-119.93181, 38.69522], [-119.9318, 38.69552], [-119.93177, 38.69586], [-119.93166, 38.69623], [-119.931435, 38.696709], [-119.93143, 38.69672], [-119.93085, 38.69781], [-119.93062, 38.69822], [-119.93022, 38.69885], [-119.92973, 38.69945], [-119.929, 38.7002], [-119.92835, 38.70078], [-119.92774, 38.70125], [-119.92717, 38.70161], [-119.92689, 38.70185], [-119.92668, 38.70204], [-119.92643, 38.7023], [-119.92607, 38.70271], [-119.925892, 38.702887], [-119.92497, 38.70381], [-119.92465, 38.70414], [-119.92453, 38.70431], [-119.92446, 38.70447], [-119.92444, 38.70464], [-119.92445, 38.70485], [-119.92451, 38.70506], [-119.924539, 38.705109], [-119.924764, 38.705491], [-119.9249, 38.70572], [-119.92505, 38.70603], [-119.92516, 38.70632], [-119.9252, 38.7065], [-119.925204, 38.706727], [-119.92521, 38.70701], [-119.92521, 38.707172], [-119.92521, 38.70752], [-119.92513, 38.70779], [-119.925, 38.70799], [-119.92463, 38.70835], [-119.92421, 38.70868], [-119.92402, 38.70882], [-119.92391, 38.70893], [-119.92375, 38.70923], [-119.92372, 38.70937], [-119.92374, 38.70966], [-119.92381, 38.70984], [-119.92388, 38.70997], [-119.92406, 38.71015], [-119.924146, 38.71027], [-119.92421, 38.71036], [-119.9243, 38.71053], [-119.9244, 38.71134], [-119.92439, 38.71164], [-119.92431, 38.71192], [-119.9242, 38.71211], [-119.92408, 38.71228], [-119.92384, 38.71251], [-119.92354, 38.7127], [-119.92318, 38.7129], [-119.92301, 38.71304], [-119.9228, 38.71329], [-119.92271, 38.71349], [-119.92258, 38.71399], [-119.92226, 38.71516], [-119.92203, 38.71556], [-119.92182, 38.71589], [-119.92175, 38.7161], [-119.92169, 38.71631], [-119.92169, 38.71655], [-119.92173, 38.71674], [-119.92197, 38.71733], [-119.92217, 38.71789], [-119.92226, 38.7183], [-119.92234, 38.71878], [-119.92236, 38.71897], [-119.92241, 38.71936], [-119.9225, 38.7196], [-119.92286, 38.72021], [-119.923033, 38.720498], [-119.92342, 38.72114], [-119.92385, 38.72183], [-119.92411, 38.72232], [-119.92424, 38.72258], [-119.92437, 38.72288], [-119.92445, 38.72311], [-119.92454, 38.72348], [-119.924626, 38.723941], [-119.92469, 38.72428], [-119.92481, 38.7247], [-119.92499, 38.72508], [-119.925286, 38.725649], [-119.92536, 38.72579], [-119.92566, 38.72631], [-119.926, 38.72693], [-119.92637, 38.72772], [-119.92666, 38.72831], [-119.92686, 38.72863], [-119.92712, 38.72893], [-119.92747, 38.72931], [-119.92768, 38.72961], [-119.92784, 38.72988], [-119.92794, 38.73006], [-119.92807, 38.7302], [-119.928203, 38.730305], [-119.92826, 38.73035], [-119.92854, 38.7305], [-119.929905, 38.731002], [-119.93009, 38.73107], [-119.93041, 38.73121], [-119.930445, 38.73123], [-119.93112, 38.73162], [-119.93192, 38.73213], [-119.931947, 38.732149], [-119.932425, 38.732492], [-119.93252, 38.73256], [-119.93275, 38.73276], [-119.93292, 38.73299], [-119.93301, 38.73314], [-119.93321, 38.73386], [-119.933324, 38.734189], [-119.93348, 38.73464], [-119.933527, 38.734814], [-119.93363, 38.73519], [-119.93388, 38.73605], [-119.93395, 38.73638], [-119.93399, 38.7367], [-119.93412, 38.73873], [-119.93417, 38.73938], [-119.9342, 38.740026], [-119.93421, 38.74024], [-119.93425, 38.74079], [-119.9343, 38.74103], [-119.93435, 38.74122], [-119.9344, 38.74136], [-119.93457, 38.74196], [-119.93491, 38.74302], [-119.934992, 38.743326], [-119.93501, 38.74339], [-119.93531, 38.74388], [-119.93551, 38.74413], [-119.93674, 38.7454], [-119.937841, 38.74651], [-119.93807, 38.74674], [-119.93873, 38.74745], [-119.938818, 38.747556], [-119.938852, 38.747597], [-119.938954, 38.74772], [-119.938989, 38.747762], [-119.93926, 38.74809], [-119.939574, 38.748497], [-119.9403, 38.74944], [-119.94123, 38.75066], [-119.94129, 38.750735], [-119.94156, 38.75107], [-119.94168, 38.75121], [-119.9418, 38.75124], [-119.942, 38.75121]]}, "props": {"MTFCC": "S1400", "NAME": null}}, {"geom": {"type": "LineString", "coordinates": [[-119.77317, 38.803037], [-119.773024, 38.803315], [-119.773055, 38.803962], [-119.773728, 38.80505], [-119.773813, 38.806243], [-119.773879, 38.807155], [-119.773997, 38.807385], [-119.77467, 38.80799], [-119.774757, 38.80822], [-119.774553, 38.80859], [-119.771837, 38.809507], [-119.770963, 38.810111], [-119.769998, 38.81021], [-119.767589, 38.811362], [-119.766146, 38.812054], [-119.765767, 38.812379], [-119.765358, 38.81298], [-119.764891, 38.813374]]}, "props": {"MTFCC": "S1500", "NAME": null}}, {"geom": {"type": "LineString", "coordinates": [[-119.77464, 38.81231], [-119.77486, 38.81198], [-119.77506, 38.81176], [-119.77563, 38.81131], [-119.77583, 38.81112], [-119.77595, 38.81103]]}, "props": {"MTFCC": "S1400", "NAME": null}}, {"geom": {"type": "LineString", "coordinates": [[-119.79646, 38.80528], [-119.79681, 38.8053], [-119.79746, 38.80531], [-119.797675, 38.80531], [-119.79793, 38.80531], [-119.79821, 38.8053], [-119.79867, 38.8053], [-119.79964, 38.80531], [-119.8006, 38.8053], [-119.801323, 38.8053], [-119.80254, 38.8053]]}, "props": {"MTFCC": "S1400", "NAME": null}}, {"geom": {"type": "LineString", "coordinates": [[-119.80402, 38.75655], [-119.80357, 38.75655], [-119.80336, 38.75657], [-119.80312, 38.75662], [-119.80293, 38.75676], [-119.80258, 38.75698], [-119.80203, 38.7573], [-119.80201, 38.757307], [-119.80166, 38.75745], [-119.80121, 38.75752], [-119.80034, 38.75756], [-119.79965, 38.75757], [-119.79917, 38.75761], [-119.79893, 38.75765], [-119.798859, 38.75766], [-119.797914, 38.758], [-119.79766, 38.75806], [-119.7974, 38.75813], [-119.7971, 38.75823], [-119.79661, 38.75828], [-119.79599, 38.75832], [-119.79551, 38.758374], [-119.79537, 38.75839], [-119.79505, 38.75836], [-119.79488, 38.7583], [-119.79473, 38.75808], [-119.79344, 38.75789]]}, "props": {"MTFCC": "S1500", "NAME": null}}, {"geom": {"type": "LineString", "coordinates": [[-119.81636, 38.77381], [-119.81653, 38.773827], [-119.81674, 38.77385], [-119.81692, 38.77388], [-119.81704, 38.773896], [-119.81721, 38.77392], [-119.817452, 38.773982], [-119.81775, 38.77406], [-119.818178, 38.774181], [-119.81842, 38.77425]]}, "props": {"MTFCC": "S1400", "NAME": null}}, {"geom": {"type": "LineString", "coordinates": [[-119.929319, 38.720062], [-119.929637, 38.72053], [-119.929867, 38.720625], [-119.930059, 38.721839], [-119.930052, 38.722701], [-119.929942, 38.723052], [-119.929812, 38.723471], [-119.929127, 38.724686], [-119.928891, 38.724921], [-119.928745, 38.724924], [-119.928332, 38.724635], [-119.928034, 38.724053], [-119.92797, 38.723515], [-119.927677, 38.723542], [-119.927469, 38.723846], [-119.927462, 38.724522], [-119.927805, 38.725293], [-119.927827, 38.726086], [-119.927738, 38.726179], [-119.927734, 38.72667], [-119.928108, 38.727208], [-119.928102, 38.727861], [-119.928274, 38.728096], [-119.928866, 38.728265], [-119.929462, 38.728435], [-119.929606, 38.728646], [-119.92971, 38.730045], [-119.929796, 38.730139], [-119.929905, 38.731002]]}, "props": {"MTFCC": "S1500", "NAME": null}}, {"geom": {"type": "LineString", "coordinates": [[-119.92897, 38.68923], [-119.92926, 38.689693], [-119.92944, 38.68998], [-119.92951, 38.69007], [-119.92962, 38.69015], [-119.92994, 38.69032], [-119.93002, 38.69037], [-119.93021, 38.69058], [-119.93035, 38.69072], [-119.93055, 38.69086], [-119.93085, 38.69104], [-119.93097, 38.69112], [-119.93102, 38.69121], [-119.93106, 38.69132], [-119.93107, 38.69139], [-119.931076, 38.691398], [-119.93147, 38.69191], [-119.931602, 38.692074]]}, "props": {"MTFCC": "S1400", "NAME": null}}, {"geom": {"type": "LineString", "coordinates": [[-119.90084, 38.71777], [-119.90106, 38.71767], [-119.90117, 38.71764], [-119.90125, 38.71765], [-119.90136, 38.71769], [-119.90144, 38.71776], [-119.90164, 38.71826], [-119.90172, 38.71836], [-119.90197, 38.71855], [-119.90226, 38.7188], [-119.90236, 38.71898], [-119.90254, 38.71914], [-119.90294, 38.71946], [-119.90346, 38.71993], [-119.90363, 38.72005], [-119.90389, 38.72014], [-119.90417, 38.72019], [-119.90442, 38.72018], [-119.90537, 38.72013]]}, "props": {"MTFCC": "S1400", "NAME": null}}, {"geom": {"type": "LineString", "coordinates": [[-119.913554, 38.671983], [-119.913391, 38.671786]]}, "props": {"MTFCC": "S1400", "NAME": null}}, {"geom": {"type": "LineString", "coordinates": [[-119.833884, 38.699864], [-119.83401, 38.699903], [-119.83403, 38.699909], [-119.834095, 38.700281], [-119.834118, 38.700412]]}, "props": {"MTFCC": "S1400", "NAME": null}}, {"geom": {"type": "LineString", "coordinates": [[-119.833592, 38.699406], [-119.833676, 38.699489], [-119.833913, 38.699726], [-119.833908, 38.699747], [-119.833884, 38.699864]]}, "props": {"MTFCC": "S1400", "NAME": null}}, {"geom": {"type": "LineString", "coordinates": [[-119.835238, 38.696085], [-119.835092, 38.695948], [-119.834951, 38.695964], [-119.834508, 38.696017], [-119.834699, 38.696212], [-119.83499, 38.696309], [-119.835005, 38.696314], [-119.835238, 38.696085]]}, "props": {"MTFCC": "S1400", "NAME": null}}, {"geom": {"type": "LineString", "coordinates": [[-119.78494, 38.69341], [-119.78488, 38.69313], [-119.78482, 38.69282], [-119.7848, 38.6926], [-119.78483, 38.69245], [-119.78491, 38.69229], [-119.785, 38.69219]]}, "props": {"MTFCC": "S1750", "NAME": null}}, {"geom": {"type": "LineString", "coordinates": [[-119.79982, 38.68922], [-119.800044, 38.68917], [-119.80018, 38.68914], [-119.80039, 38.68907], [-119.80057, 38.68907], [-119.800721, 38.689078], [-119.80074, 38.68908], [-119.80094, 38.68915]]}, "props": {"MTFCC": "S1400", "NAME": null}}, {"geom": {"type": "LineString", "coordinates": [[-119.800773, 38.686608], [-119.800932, 38.686631], [-119.80141, 38.686697], [-119.80157, 38.68672]]}, "props": {"MTFCC": "S1400", "NAME": null}}, {"geom": {"type": "LineString", "coordinates": [[-119.77779, 38.69364], [-119.77782, 38.69344], [-119.77788, 38.69332], [-119.77795, 38.69322], [-119.77816, 38.69313], [-119.77842, 38.69309], [-119.77864, 38.6931], [-119.78003, 38.69334], [-119.78067, 38.69339], [-119.78093, 38.69338], [-119.78105, 38.69335], [-119.781388, 38.693212], [-119.781698, 38.693204], [-119.781751, 38.693201], [-119.781786, 38.693224], [-119.78187, 38.69328], [-119.782034, 38.693398], [-119.781992, 38.693152], [-119.781979, 38.693075], [-119.781957, 38.692988], [-119.78191, 38.6928], [-119.78191, 38.69259], [-119.78189, 38.69252], [-119.78182, 38.69249], [-119.78173, 38.69249], [-119.78169, 38.69267], [-119.78166, 38.69276], [-119.78158, 38.69283], [-119.781537, 38.692839], [-119.78149, 38.69285], [-119.78138, 38.69284], [-119.78125, 38.69286]]}, "props": {"MTFCC": "S1400", "NAME": null}}, {"geom": {"type": "LineString", "coordinates": [[-119.579868, 38.705059], [-119.58002, 38.705161], [-119.580495, 38.705528], [-119.58105, 38.705937], [-119.581555, 38.706324], [-119.582595, 38.70708], [-119.582832, 38.707314], [-119.58307, 38.707487], [-119.58321, 38.70754], [-119.58324, 38.70768], [-119.58332, 38.70782], [-119.58372, 38.70829], [-119.58399, 38.70858], [-119.584079, 38.708683], [-119.58419, 38.70881], [-119.58435, 38.70904], [-119.58443, 38.70918], [-119.58451, 38.70939], [-119.5846, 38.70974], [-119.58462, 38.709803], [-119.58466, 38.70993], [-119.58466, 38.71016], [-119.58467, 38.71054], [-119.5847, 38.71099], [-119.58476, 38.71121], [-119.58487, 38.71141], [-119.58508, 38.71156], [-119.58537, 38.71182], [-119.58575, 38.71223], [-119.58604, 38.71259], [-119.58625, 38.71284], [-119.586326, 38.712961], [-119.5864, 38.71308], [-119.58652, 38.71339], [-119.58666, 38.71366], [-119.58679, 38.71386], [-119.58693, 38.71404], [-119.586944, 38.714055]]}, "props": {"MTFCC": "S1400", "NAME": null}}, {"geom": {"type": "LineString", "coordinates": [[-119.660215, 38.71526], [-119.660457, 38.715257], [-119.660759, 38.715255], [-119.661159, 38.715404], [-119.661387, 38.71549], [-119.661415, 38.715489], [-119.6615, 38.715489], [-119.661529, 38.715489], [-119.661577, 38.715669], [-119.661345, 38.716157], [-119.661277, 38.716219], [-119.661269, 38.716228], [-119.660719, 38.71674], [-119.660137, 38.717697], [-119.659911, 38.718224], [-119.659632, 38.718878], [-119.65954, 38.718934], [-119.65953, 38.71904], [-119.65946, 38.71923], [-119.65934, 38.7195], [-119.65928, 38.71962], [-119.65915, 38.7198], [-119.65903, 38.72006], [-119.65903, 38.72027], [-119.65906, 38.72058], [-119.65906, 38.7209], [-119.65898, 38.72125], [-119.658939, 38.721339], [-119.65884, 38.72156], [-119.6586, 38.7218], [-119.65834, 38.72199], [-119.65801, 38.72212], [-119.65781, 38.72218], [-119.6576, 38.72226], [-119.65745, 38.72236], [-119.65732, 38.7225], [-119.657, 38.72312], [-119.65666, 38.72362], [-119.65636, 38.72417], [-119.6562, 38.7245], [-119.65603, 38.72472], [-119.65599, 38.72478], [-119.65577, 38.72511], [-119.65573, 38.72524], [-119.65569, 38.7254], [-119.65565, 38.72567], [-119.65574, 38.72622], [-119.65581, 38.72657], [-119.65582, 38.72685], [-119.65581, 38.72703], [-119.65577, 38.72719], [-119.65568, 38.72735], [-119.65551, 38.72751], [-119.65549, 38.72753], [-119.65531, 38.72767], [-119.65496, 38.72793], [-119.65476, 38.7281], [-119.654597, 38.728308], [-119.65443, 38.72852], [-119.65426, 38.72878], [-119.65409, 38.72892], [-119.65395, 38.72902], [-119.65362, 38.729145], [-119.65337, 38.72924], [-119.65317, 38.72933], [-119.65297, 38.72947], [-119.65283, 38.72965], [-119.65256, 38.7299], [-119.65204, 38.73023], [-119.65172, 38.73049], [-119.651426, 38.730713], [-119.65126, 38.73084], [-119.651, 38.73101], [-119.65075, 38.73118], [-119.65036, 38.73143], [-119.65004, 38.73165], [-119.64974, 38.73189], [-119.64952, 38.73216], [-119.64939, 38.7324], [-119.6492, 38.73256], [-119.64881, 38.73275], [-119.64838, 38.73291], [-119.64796, 38.73309], [-119.64754, 38.73328], [-119.64732, 38.7334], [-119.64711, 38.73361], [-119.64696, 38.73391], [-119.64675, 38.7344], [-119.64649, 38.73488], [-119.64613, 38.73551], [-119.64581, 38.73594], [-119.645667, 38.736094], [-119.64531, 38.73648], [-119.64462, 38.73712], [-119.64435, 38.73741], [-119.64406, 38.73764], [-119.643732, 38.738005]]}, "props": {"MTFCC": "S1400", "NAME": null}}, {"geom": {"type": "LineString", "coordinates": [[-119.695324, 38.69879], [-119.695596, 38.69888], [-119.696001, 38.699015], [-119.69604, 38.698581], [-119.696043, 38.698559], [-119.695874, 38.698355]]}, "props": {"MTFCC": "S1400", "NAME": null}}, {"geom": {"type": "LineString", "coordinates": [[-119.656, 38.71631], [-119.6561, 38.71616], [-119.65625, 38.71603], [-119.656322, 38.715982], [-119.65637, 38.71595], [-119.65656, 38.71584], [-119.65682, 38.7155], [-119.65697, 38.71536], [-119.6571, 38.71533], [-119.65759, 38.7153], [-119.65821, 38.71525], [-119.65834, 38.71522], [-119.65864, 38.71498], [-119.658658, 38.714975], [-119.65874, 38.71495], [-119.65888, 38.71495], [-119.659008, 38.714977], [-119.65902, 38.71498], [-119.65916, 38.71498], [-119.65927, 38.71495], [-119.65937, 38.71488], [-119.65943, 38.7148], [-119.65945, 38.71469], [-119.65944, 38.71449], [-119.65938, 38.7143], [-119.65927, 38.7141], [-119.65911, 38.71388], [-119.65884, 38.7136], [-119.65872, 38.71346], [-119.65859, 38.71323], [-119.6585, 38.7131], [-119.65848, 38.71297], [-119.65856, 38.71282], [-119.65866, 38.71273], [-119.65881, 38.71266], [-119.65908, 38.71257], [-119.65931, 38.71243], [-119.6597, 38.71214], [-119.66014, 38.71182], [-119.66068, 38.71148], [-119.66114, 38.71115], [-119.66157, 38.71078], [-119.66176, 38.7106], [-119.6618, 38.71052], [-119.66186, 38.71031], [-119.6619, 38.70995], [-119.66181, 38.70945], [-119.66182, 38.70919], [-119.66181, 38.70893], [-119.66179, 38.70873], [-119.66175, 38.70857], [-119.66155, 38.70804], [-119.66145, 38.70783], [-119.66144, 38.7077], [-119.66149, 38.70755], [-119.66159, 38.7073], [-119.66167, 38.70716], [-119.66183, 38.70686], [-119.66194, 38.70662], [-119.66197, 38.7065], [-119.66197, 38.70641], [-119.66195, 38.70631], [-119.66187, 38.70613], [-119.66185, 38.70603], [-119.66183, 38.70584], [-119.66179, 38.70559], [-119.661729, 38.705446], [-119.66171, 38.7054], [-119.66158, 38.70525], [-119.66119, 38.70494], [-119.661123, 38.704877], [-119.66103, 38.70479], [-119.66094, 38.70464], [-119.66085, 38.70454], [-119.66062, 38.7044], [-119.66036, 38.70426], [-119.66018, 38.70415], [-119.65992, 38.70391], [-119.65981, 38.70383], [-119.65959, 38.7037], [-119.659435, 38.703638], [-119.65939, 38.70362], [-119.65906, 38.7035], [-119.6588, 38.70336], [-119.65843, 38.7032], [-119.65824, 38.70309], [-119.65812, 38.70298], [-119.65798, 38.7028], [-119.65783, 38.70258], [-119.65764, 38.70236], [-119.65751, 38.70223], [-119.65738, 38.70218], [-119.65726, 38.70217], [-119.65713, 38.70221], [-119.65701, 38.7023], [-119.65695, 38.70263], [-119.65693, 38.70281], [-119.65686, 38.70293], [-119.65676, 38.70305], [-119.65663, 38.7031], [-119.65646, 38.70309], [-119.65632, 38.70304], [-119.65602, 38.70281], [-119.65591, 38.70268], [-119.65588, 38.70258], [-119.655881, 38.702434], [-119.65594, 38.70225], [-119.65599, 38.70207], [-119.65603, 38.70202], [-119.65602, 38.70195], [-119.65595, 38.70186], [-119.65578, 38.70176], [-119.65563, 38.70164], [-119.65553, 38.70153], [-119.65548, 38.70138], [-119.65544, 38.70128], [-119.65533, 38.70105], [-119.655307, 38.701018], [-119.65524, 38.700922], [-119.655218, 38.700891], [-119.65497, 38.70054], [-119.65484, 38.70034], [-119.65477, 38.70017], [-119.65476, 38.70002]]}, "props": {"MTFCC": "S1400", "NAME": null}}, {"geom": {"type": "LineString", "coordinates": [[-119.629701, 38.679655], [-119.629306, 38.680503], [-119.629, 38.681164], [-119.629349, 38.682217], [-119.62932, 38.682583], [-119.629759, 38.682996], [-119.629903, 38.683132], [-119.63034, 38.683727]]}, "props": {"MTFCC": "S1400", "NAME": null}}, {"geom": {"type": "LineString", "coordinates": [[-119.65362, 38.65199], [-119.65392, 38.65208], [-119.65421, 38.65216], [-119.65458, 38.65225], [-119.65537, 38.65252], [-119.65576, 38.65263], [-119.65595, 38.65267], [-119.65609, 38.65267], [-119.656131, 38.652666], [-119.65631, 38.65265], [-119.65653, 38.65266], [-119.65675, 38.65269], [-119.65715, 38.65281], [-119.65761, 38.65297], [-119.65807, 38.65312], [-119.65853, 38.65336], [-119.65879, 38.65356], [-119.65922, 38.65391], [-119.65961, 38.65432], [-119.65984, 38.65471], [-119.66006, 38.65504], [-119.66026, 38.65531], [-119.66046, 38.65552], [-119.66065, 38.65564], [-119.66081, 38.65572], [-119.661, 38.65576], [-119.66119, 38.65577], [-119.66162, 38.65573], [-119.66193, 38.65574], [-119.66217, 38.65578], [-119.66243, 38.65586], [-119.66276, 38.655921], [-119.66297, 38.65596], [-119.66323, 38.65603], [-119.663482, 38.656129], [-119.66351, 38.65614], [-119.66365, 38.65616], [-119.66376, 38.65621], [-119.66383, 38.6563], [-119.66384, 38.65643], [-119.66384, 38.65656], [-119.663825, 38.656621], [-119.66379, 38.65677], [-119.66378, 38.65696], [-119.66395, 38.65724], [-119.6641, 38.65741], [-119.66432, 38.65748]]}, "props": {"MTFCC": "S1400", "NAME": null}}, {"geom": {"type": "LineString", "coordinates": [[-119.647815, 38.600736], [-119.647697, 38.601103], [-119.647609, 38.601149], [-119.647491, 38.601677], [-119.647455, 38.602754], [-119.648381, 38.604085], [-119.648426, 38.60413], [-119.648786, 38.604497], [-119.649394, 38.60537], [-119.649488, 38.605759], [-119.649852, 38.607272], [-119.650972, 38.610736], [-119.651319, 38.611379], [-119.651401, 38.612502], [-119.651602, 38.613006], [-119.6516, 38.613395], [-119.65129, 38.613639], [-119.651161, 38.61374], [-119.651189, 38.614199], [-119.651328, 38.614559], [-119.651561, 38.615162], [-119.651589, 38.615461], [-119.651706, 38.615507], [-119.651936, 38.616263], [-119.652685, 38.617892], [-119.652666, 38.618025], [-119.652546, 38.61865], [-119.652217, 38.620373], [-119.652237, 38.620528], [-119.652305, 38.621037], [-119.65226, 38.621153]]}, "props": {"MTFCC": "S1400", "NAME": null}}, {"geom": {"type": "LineString", "coordinates": [[-119.692723, 38.596896], [-119.692781, 38.597012], [-119.69283, 38.59711], [-119.692962, 38.597361], [-119.693023, 38.597477], [-119.69304, 38.59751], [-119.69314, 38.59779], [-119.69322, 38.59806], [-119.69326, 38.59833], [-119.69328, 38.59863], [-119.69327, 38.59915], [-119.69325, 38.59951], [-119.693233, 38.599576], [-119.6932, 38.59971], [-119.69313, 38.59984], [-119.69299, 38.59997], [-119.69277, 38.6002], [-119.69265, 38.60044], [-119.69263, 38.60074], [-119.69266, 38.60127], [-119.69272, 38.60153], [-119.6928, 38.60174], [-119.69294, 38.60201], [-119.69313, 38.60231], [-119.69368, 38.60295], [-119.69385, 38.60319], [-119.69393, 38.60337], [-119.69395, 38.60347], [-119.69396, 38.60352], [-119.69394, 38.60364], [-119.69388, 38.60375], [-119.69376, 38.60386], [-119.69353, 38.60403], [-119.69332, 38.60415], [-119.69311, 38.60429], [-119.69301, 38.60445], [-119.69294, 38.60471], [-119.69293, 38.604945], [-119.69293, 38.60497], [-119.69295, 38.60524], [-119.693, 38.60544], [-119.6931, 38.60563], [-119.69319, 38.60579], [-119.69331, 38.60595], [-119.69336, 38.60612], [-119.69337, 38.60627], [-119.69336, 38.60649], [-119.69332, 38.60687], [-119.693297, 38.606977], [-119.69317, 38.60756], [-119.69313, 38.60788], [-119.69316, 38.60804], [-119.69321, 38.6081], [-119.6933, 38.60816], [-119.69343, 38.60819], [-119.69383, 38.60821], [-119.69404, 38.60831], [-119.69449, 38.6086], [-119.69467, 38.60875], [-119.69482, 38.60895], [-119.6951, 38.60927], [-119.69549, 38.60968], [-119.69564, 38.60983], [-119.69609, 38.61015], [-119.696132, 38.610188], [-119.69637, 38.6104], [-119.69662, 38.61067], [-119.6968, 38.61091], [-119.69699, 38.61122], [-119.69713, 38.61138], [-119.69726, 38.6115], [-119.69736, 38.61161], [-119.69744, 38.61175], [-119.69768, 38.61197], [-119.69795, 38.61226], [-119.69818, 38.61253], [-119.69835, 38.61267], [-119.69853, 38.61277], [-119.69868, 38.61282], [-119.69882, 38.61286], [-119.69892, 38.61291], [-119.69902, 38.61301], [-119.69917, 38.6132], [-119.69944, 38.61343], [-119.70022, 38.61395], [-119.70044, 38.61402], [-119.70067, 38.61405], [-119.70096, 38.61406], [-119.70125, 38.61404], [-119.70168, 38.61393], [-119.70191, 38.61391], [-119.70223, 38.61394], [-119.70275, 38.61407], [-119.70304, 38.6141], [-119.70342, 38.61417], [-119.70371, 38.61429], [-119.70395, 38.61451], [-119.70459, 38.6148], [-119.70512, 38.615], [-119.70538, 38.61512], [-119.70559, 38.61517], [-119.70583, 38.61521], [-119.70619, 38.61525], [-119.70636, 38.61528], [-119.70653, 38.61535], [-119.70662, 38.61544], [-119.70669, 38.61557], [-119.70671, 38.61574], [-119.70675, 38.61587], [-119.70681, 38.61593], [-119.70691, 38.61598], [-119.70702, 38.61601], [-119.70713, 38.61602], [-119.70728, 38.616], [-119.70758, 38.61592], [-119.7078, 38.61589], [-119.70796, 38.61591], [-119.70816, 38.61599], [-119.708304, 38.616038], [-119.70837, 38.61606], [-119.708413, 38.616076], [-119.70868, 38.61618], [-119.7089, 38.61627], [-119.70911, 38.61631], [-119.70927, 38.61632], [-119.7097, 38.61628], [-119.70985, 38.61631], [-119.70997, 38.61637], [-119.71005, 38.61646], [-119.71009, 38.61657], [-119.71007, 38.61671], [-119.70999, 38.61696], [-119.70993, 38.61717], [-119.70994, 38.61729], [-119.71, 38.6174], [-119.7101, 38.61749], [-119.7102, 38.61754], [-119.71036, 38.61757], [-119.71059, 38.61759], [-119.71084, 38.61763], [-119.71107, 38.61769], [-119.71133, 38.61774], [-119.71174, 38.6178], [-119.71205, 38.61785], [-119.71207, 38.617857], [-119.71219, 38.6179], [-119.71233, 38.61802], [-119.71253, 38.61821], [-119.71268, 38.61841], [-119.71287, 38.61862], [-119.71334, 38.61892], [-119.71368, 38.61915], [-119.71399, 38.61933], [-119.7144, 38.61954], [-119.7147, 38.61965], [-119.71517, 38.61981], [-119.715301, 38.619843], [-119.71541, 38.61987], [-119.71584, 38.61994], [-119.71612, 38.61998], [-119.71634, 38.62004], [-119.71664, 38.62019], [-119.71678, 38.6203], [-119.71689, 38.62045], [-119.71695, 38.62057], [-119.71699, 38.62081], [-119.71699, 38.62096], [-119.71696, 38.62115], [-119.71696, 38.6213], [-119.717, 38.62143], [-119.71713, 38.6216], [-119.71808, 38.62237], [-119.71837, 38.62263], [-119.71873, 38.62282], [-119.719052, 38.622942], [-119.71934, 38.62305], [-119.72007, 38.62332], [-119.72025, 38.62344], [-119.72046, 38.62361], [-119.72054, 38.62377], [-119.7206, 38.62393], [-119.72061, 38.62408], [-119.72057, 38.62431], [-119.72057, 38.62448], [-119.72058, 38.62461], [-119.72066, 38.62475], [-119.72081, 38.62493], [-119.72099, 38.62528], [-119.72136, 38.62611], [-119.72159, 38.62672], [-119.7217, 38.62726], [-119.721738, 38.627465], [-119.72176, 38.62758], [-119.72177, 38.62783], [-119.72177, 38.62813], [-119.72179, 38.6286], [-119.72182, 38.62883], [-119.72188, 38.62899], [-119.72195, 38.62909], [-119.72212, 38.62919], [-119.72228, 38.62923], [-119.72254, 38.6292], [-119.72273, 38.62913], [-119.72309, 38.62898], [-119.72346, 38.62882], [-119.7237, 38.62876], [-119.723901, 38.62876], [-119.72406, 38.62879], [-119.72418, 38.62886], [-119.72427, 38.62897], [-119.72429, 38.62909], [-119.724277, 38.629123], [-119.72425, 38.629196], [-119.72421, 38.6293], [-119.72407, 38.62945], [-119.723948, 38.629551], [-119.72384, 38.62964], [-119.72343, 38.6299], [-119.72319, 38.6301], [-119.72312, 38.63025], [-119.72312, 38.63037], [-119.723127, 38.630395], [-119.72317, 38.63055], [-119.72331, 38.63071], [-119.72351, 38.63082]]}, "props": {"MTFCC": "S1400", "NAME": null}}, {"geom": {"type": "LineString", "coordinates": [[-119.873412, 38.600423], [-119.874286, 38.600787], [-119.874352, 38.600788], [-119.874985, 38.600807], [-119.875555, 38.601102], [-119.876011, 38.601491], [-119.876726, 38.602411], [-119.877041, 38.602816], [-119.877041, 38.603317], [-119.877049, 38.603392], [-119.877073, 38.603617], [-119.877081, 38.603692]]}, "props": {"MTFCC": "S1400", "NAME": null}}, {"geom": {"type": "LineString", "coordinates": [[-119.786912, 38.588585], [-119.78691, 38.588625], [-119.786904, 38.588746], [-119.786903, 38.588787], [-119.786932, 38.588862], [-119.78702, 38.589087], [-119.78705, 38.589162]]}, "props": {"MTFCC": "S1400", "NAME": null}}, {"geom": {"type": "LineString", "coordinates": [[-119.786847, 38.587538], [-119.786765, 38.587556], [-119.78652, 38.58761], [-119.786439, 38.587629]]}, "props": {"MTFCC": "S1400", "NAME": null}}, {"geom": {"type": "LineString", "coordinates": [[-119.786847, 38.587538], [-119.786776, 38.587219], [-119.78673, 38.587012], [-119.786614, 38.586966], [-119.786322, 38.587012], [-119.786322, 38.587359], [-119.786322, 38.587538], [-119.786439, 38.587629]]}, "props": {"MTFCC": "S1400", "NAME": null}}, {"geom": {"type": "LineString", "coordinates": [[-119.825246, 38.538297], [-119.825407, 38.538174], [-119.82562, 38.538013], [-119.825825, 38.538021], [-119.825937, 38.538097], [-119.826105, 38.538211]]}, "props": {"MTFCC": "S1400", "NAME": null}}, {"geom": {"type": "LineString", "coordinates": [[-120.00218, 38.47811], [-120.002156, 38.478082], [-120.002085, 38.478], [-120.002062, 38.477973]]}, "props": {"MTFCC": "S1400", "NAME": null}}, {"geom": {"type": "LineString", "coordinates": [[-120.0024, 38.423325215053765], [-120.002154, 38.423543], [-120.001643, 38.424125], [-120.001624, 38.424148], [-120.000921, 38.424441], [-119.999993, 38.424901], [-119.999277, 38.425595], [-119.998833, 38.426026], [-119.998428, 38.426422], [-119.998351, 38.426696], [-119.998525, 38.426714], [-119.998611, 38.4268], [-119.99863, 38.427219], [-119.998631, 38.427231], [-119.998187, 38.428308], [-119.99818, 38.428391], [-119.998151, 38.428811]]}, "props": {"MTFCC": "S1400", "NAME": null}}, {"geom": {"type": "LineString", "coordinates": [[-119.80629, 38.75862], [-119.80631, 38.75876], [-119.8063, 38.7589], [-119.80627, 38.75899], [-119.80612, 38.75916], [-119.80587, 38.75936]]}, "props": {"MTFCC": "S1400", "NAME": null}}, {"geom": {"type": "LineString", "coordinates": [[-119.61131, 38.68304], [-119.61145, 38.68316], [-119.61153, 38.68338], [-119.61167, 38.68366], [-119.61176, 38.68382], [-119.61195, 38.68392], [-119.61203, 38.68389], [-119.61201, 38.68383], [-119.61191, 38.6838], [-119.61186, 38.68377], [-119.61179, 38.6836], [-119.61166, 38.68325], [-119.61158, 38.6829], [-119.61153, 38.68282], [-119.61147, 38.68277], [-119.61139, 38.68276], [-119.61133, 38.68279], [-119.61131, 38.68282], [-119.6113, 38.6829], [-119.61131, 38.68304]]}, "props": {"MTFCC": "S1400", "NAME": null}}, {"geom": {"type": "LineString", "coordinates": [[-119.72753, 38.66127], [-119.72747, 38.66137], [-119.72729, 38.66147], [-119.72711, 38.66156], [-119.72703, 38.6617], [-119.72704, 38.66178], [-119.72711, 38.66184], [-119.72725, 38.66185], [-119.727337, 38.661835], [-119.72737, 38.66183], [-119.7275, 38.6618], [-119.72771, 38.6618], [-119.7278, 38.66182], [-119.72786, 38.66181], [-119.72792, 38.66178], [-119.72792, 38.66163], [-119.72788, 38.66151], [-119.72775, 38.66139], [-119.72753, 38.66127]]}, "props": {"MTFCC": "S1400", "NAME": null}}, {"geom": {"type": "LineString", "coordinates": [[-119.80254, 38.80436], [-119.80254, 38.804548], [-119.80254, 38.805112], [-119.80254, 38.8053], [-119.80254, 38.805647], [-119.80254, 38.80567], [-119.80256, 38.80644], [-119.80255, 38.80699], [-119.802543, 38.807513], [-119.80254, 38.80777], [-119.80254, 38.80837], [-119.80255, 38.80889], [-119.80252, 38.80906], [-119.802508, 38.809079], [-119.80242, 38.80923], [-119.80226, 38.80954]]}, "props": {"MTFCC": "S1400", "NAME": null}}, {"geom": {"type": "LineString", "coordinates": [[-119.77679, 38.77277], [-119.77676, 38.77204], [-119.77672, 38.77123], [-119.7767, 38.77071], [-119.7767, 38.7705], [-119.77671, 38.77036], [-119.77675, 38.77026], [-119.77684, 38.7702], [-119.77699, 38.77013], [-119.7774, 38.77001], [-119.77826, 38.76974], [-119.77885, 38.76955], [-119.77904, 38.76945], [-119.7794, 38.76919], [-119.77987, 38.76874], [-119.78034, 38.7683], [-119.78064, 38.76795], [-119.78087, 38.76764], [-119.78106, 38.76736], [-119.7812, 38.76723], [-119.78139, 38.76712], [-119.78184, 38.7669], [-119.78209, 38.7668], [-119.78236, 38.76673], [-119.78374, 38.76655], [-119.78433, 38.76648]]}, "props": {"MTFCC": "S1400", "NAME": null}}, {"geom": {"type": "LineString", "coordinates": [[-119.80419, 38.75777], [-119.80408, 38.75772], [-119.80404, 38.75763], [-119.804037, 38.757577], [-119.80401, 38.75716], [-119.80402, 38.75655], [-119.80534, 38.75656], [-119.806266, 38.75656], [-119.806324, 38.756559], [-119.806377, 38.75656], [-119.80643, 38.75656], [-119.80651, 38.75664], [-119.80657, 38.75682], [-119.8066, 38.75711], [-119.80663, 38.75765]]}, "props": {"MTFCC": "S1400", "NAME": null}}, {"geom": {"type": "LineString", "coordinates": [[-119.798127, 38.803247], [-119.798004, 38.803239], [-119.797901, 38.803193], [-119.797791, 38.803108], [-119.797769, 38.803041]]}, "props": {"MTFCC": "S1400", "NAME": null}}, {"geom": {"type": "LineString", "coordinates": [[-119.80509, 38.50501], [-119.80508, 38.50509], [-119.805027, 38.505159], [-119.80501, 38.50518], [-119.804738, 38.50542], [-119.80457, 38.50557], [-119.80408, 38.50571], [-119.80372, 38.50575], [-119.80342, 38.50582], [-119.803159, 38.505868], [-119.80283, 38.50593], [-119.80261, 38.50596]]}, "props": {"MTFCC": "S1400", "NAME": null}}, {"geom": {"type": "LineString", "coordinates": [[-119.80545, 38.3979], [-119.805366, 38.398078], [-119.80531, 38.3982], [-119.805167, 38.39832], [-119.80496, 38.398493], [-119.80481, 38.39862]]}, "props": {"MTFCC": "S1400", "NAME": null}}, {"geom": {"type": "LineString", "coordinates": [[-119.7975, 38.4964], [-119.79716, 38.4963], [-119.79703, 38.49629], [-119.79688, 38.49632], [-119.79671, 38.49641], [-119.79651, 38.49644], [-119.7962, 38.49642]]}, "props": {"MTFCC": "S1400", "NAME": null}}, {"geom": {"type": "LineString", "coordinates": [[-119.81568, 38.387145], [-119.814992, 38.387447], [-119.814691, 38.387516]]}, "props": {"MTFCC": "S1400", "NAME": null}}, {"geom": {"type": "LineString", "coordinates": [[-119.78082, 38.69546], [-119.780892, 38.695423], [-119.781107, 38.695315], [-119.78118, 38.69528]]}, "props": {"MTFCC": "S1400", "NAME": null}}, {"geom": {"type": "LineString", "coordinates": [[-119.80964, 38.76788], [-119.80974, 38.76783], [-119.80987, 38.76771], [-119.81, 38.76761], [-119.81012, 38.76754], [-119.81022, 38.76752], [-119.81037, 38.76751], [-119.81063, 38.76754]]}, "props": {"MTFCC": "S1750", "NAME": null}}, {"geom": {"type": "LineString", "coordinates": [[-119.752454, 38.682494], [-119.7522, 38.682678], [-119.75174, 38.683014], [-119.751514, 38.68331], [-119.751324, 38.683561]]}, "props": {"MTFCC": "S1740", "NAME": null}}, {"geom": {"type": "LineString", "coordinates": [[-119.683062, 38.697873], [-119.683268, 38.698066], [-119.683304, 38.698257], [-119.683358, 38.698544], [-119.683446, 38.698593], [-119.683536, 38.698952], [-119.683506, 38.699619], [-119.683485, 38.700096]]}, "props": {"MTFCC": "S1400", "NAME": null}}, {"geom": {"type": "LineString", "coordinates": [[-119.78237, 38.74259], [-119.7827, 38.74295], [-119.782801, 38.743112], [-119.783, 38.74343], [-119.78346, 38.74411], [-119.78373, 38.74447], [-119.78388, 38.74479], [-119.783903, 38.744821], [-119.783918, 38.744841], [-119.78416, 38.74545]]}, "props": {"MTFCC": "S1740", "NAME": null}}, {"geom": {"type": "LineString", "coordinates": [[-119.76983, 38.81633], [-119.76905, 38.81635], [-119.76877, 38.81635], [-119.76861, 38.81637], [-119.76843, 38.81642], [-119.76823, 38.81654], [-119.76816, 38.81667], [-119.76809, 38.81684]]}, "props": {"MTFCC": "S1400", "NAME": null}}, {"geom": {"type": "LineString", "coordinates": [[-119.92693, 38.615358], [-119.925879, 38.615454], [-119.92575, 38.615466], [-119.925109, 38.616015], [-119.9233, 38.616518], [-119.923052, 38.616712], [-119.922659, 38.617022], [-119.922484, 38.617548]]}, "props": {"MTFCC": "S1400", "NAME": null}}, {"geom": {"type": "LineString", "coordinates": [[-119.783698, 38.691992], [-119.78364, 38.69178], [-119.78357, 38.69155], [-119.78356, 38.69147], [-119.78364, 38.69135], [-119.78379, 38.69118], [-119.78396, 38.691017], [-119.783995, 38.690984], [-119.78402, 38.69096], [-119.784059, 38.690942], [-119.78415, 38.6909], [-119.78435, 38.69086], [-119.78463, 38.69095], [-119.78477, 38.69093], [-119.78482, 38.69086], [-119.78485, 38.69073]]}, "props": {"MTFCC": "S1400", "NAME": null}}, {"geom": {"type": "LineString", "coordinates": [[-120.000466, 38.480011], [-120.000507, 38.480081], [-120.000615, 38.480259], [-120.000574, 38.480436], [-119.999729, 38.480948], [-119.999235, 38.481386]]}, "props": {"MTFCC": "S1400", "NAME": null}}, {"geom": {"type": "LineString", "coordinates": [[-119.93435, 38.74122], [-119.93462, 38.74118], [-119.93496, 38.74117], [-119.93511, 38.74114]]}, "props": {"MTFCC": "S1400", "NAME": null}}, {"geom": {"type": "LineString", "coordinates": [[-119.953029, 38.732342], [-119.953305, 38.732356], [-119.954136, 38.732398], [-119.954413, 38.732412]]}, "props": {"MTFCC": "S1400", "NAME": null}}, {"geom": {"type": "LineString", "coordinates": [[-119.93457, 38.74196], [-119.93483, 38.74188], [-119.93513, 38.74181], [-119.93525, 38.7418], [-119.935487, 38.741901], [-119.93567, 38.74198], [-119.93582, 38.74194], [-119.93631, 38.74175], [-119.93646, 38.74173], [-119.93667, 38.74169], [-119.93682, 38.74159], [-119.93714, 38.741454], [-119.93733, 38.74132], [-119.93744, 38.74115], [-119.93766, 38.7407], [-119.93776, 38.740563], [-119.93788, 38.7404], [-119.93795, 38.74025], [-119.93795, 38.74006], [-119.93798, 38.73992], [-119.93808, 38.73982], [-119.93818, 38.73976]]}, "props": {"MTFCC": "S1400", "NAME": null}}, {"geom": {"type": "LineString", "coordinates": [[-119.82236, 38.77426], [-119.82257, 38.77419], [-119.82281, 38.77395], [-119.82311, 38.77383], [-119.82334, 38.77375], [-119.823394, 38.773723], [-119.823622, 38.773585], [-119.824077, 38.773358], [-119.82444, 38.773089], [-119.824569, 38.773032], [-119.824812, 38.772875], [-119.824901, 38.772826], [-119.825009, 38.772618], [-119.825177, 38.772439], [-119.825355, 38.772301], [-119.825527, 38.77216], [-119.825687, 38.772004], [-119.825911, 38.771859], [-119.826014, 38.771807], [-119.826103, 38.771733], [-119.8264, 38.771372], [-119.826662, 38.771063], [-119.826751, 38.770922], [-119.826789, 38.770743], [-119.826817, 38.770652], [-119.827183, 38.770422], [-119.82749, 38.770364], [-119.827774, 38.770212], [-119.827917, 38.770104], [-119.82816, 38.770012], [-119.828441, 38.769906], [-119.828776, 38.769936]]}, "props": {"MTFCC": "S1400", "NAME": null}}, {"geom": {"type": "LineString", "coordinates": [[-119.823324, 38.773047], [-119.82334, 38.7731], [-119.82333, 38.77319], [-119.82328, 38.77326], [-119.82317, 38.77348], [-119.82302, 38.77367], [-119.82286, 38.7738], [-119.82275, 38.77388], [-119.82266, 38.77388], [-119.82257, 38.7739], [-119.8225, 38.77394], [-119.82241, 38.77401], [-119.82232, 38.77413], [-119.822328, 38.774156], [-119.822352, 38.774234], [-119.82236, 38.77426]]}, "props": {"MTFCC": "S1740", "NAME": null}}, {"geom": {"type": "LineString", "coordinates": [[-119.80658, 38.79095], [-119.80647, 38.79089], [-119.80621, 38.79083], [-119.80592, 38.79082], [-119.80559, 38.79083], [-119.80535, 38.79087], [-119.80501, 38.79089], [-119.80449, 38.79088], [-119.80425, 38.79086], [-119.80408, 38.7908], [-119.80384, 38.79059], [-119.80353, 38.79031]]}, "props": {"MTFCC": "S1400", "NAME": null}}, {"geom": {"type": "LineString", "coordinates": [[-119.80255, 38.80699], [-119.80299, 38.807], [-119.803045, 38.807], [-119.804533, 38.807], [-119.80503, 38.807], [-119.805414, 38.807004], [-119.80582, 38.80701], [-119.80594, 38.80701], [-119.80611, 38.8072], [-119.80626, 38.80743], [-119.806284, 38.807525], [-119.80632, 38.80766], [-119.80637, 38.8079]]}, "props": {"MTFCC": "S1400", "NAME": null}}, {"geom": {"type": "LineString", "coordinates": [[-119.77901, 38.69375], [-119.77882, 38.69386], [-119.778805, 38.693878], [-119.77871, 38.694], [-119.77864, 38.69413], [-119.77852, 38.69424], [-119.77836, 38.69433], [-119.778295, 38.694378], [-119.77828, 38.69439], [-119.77823, 38.69449], [-119.77821, 38.6946]]}, "props": {"MTFCC": "S1740", "NAME": null}}, {"geom": {"type": "LineString", "coordinates": [[-119.84379, 38.76674], [-119.84379, 38.766597], [-119.84379, 38.76636], [-119.843818, 38.766171], [-119.84384, 38.76603]]}, "props": {"MTFCC": "S1400", "NAME": null}}, {"geom": {"type": "LineString", "coordinates": [[-119.82124, 38.76036], [-119.82098, 38.76025], [-119.820942, 38.760247], [-119.82084, 38.76024], [-119.82075, 38.7603], [-119.82065, 38.76043], [-119.82054, 38.76054], [-119.82044, 38.76058], [-119.8203, 38.76059], [-119.820118, 38.760571], [-119.8198, 38.76054]]}, "props": {"MTFCC": "S1400", "NAME": null}}, {"geom": {"type": "LineString", "coordinates": [[-119.830371, 38.882584], [-119.830526, 38.882589], [-119.831348, 38.882746], [-119.831534, 38.882804], [-119.831632, 38.882941], [-119.831739, 38.883196], [-119.831945, 38.883597], [-119.832004, 38.88374]]}, "props": {"MTFCC": "S1400", "NAME": null}}, {"geom": {"type": "LineString", "coordinates": [[-119.79145, 38.85345], [-119.791086, 38.854655], [-119.790989, 38.855056], [-119.790942, 38.85535]]}, "props": {"MTFCC": "S1400", "NAME": null}}, {"geom": {"type": "LineString", "coordinates": [[-119.97416, 38.72264], [-119.97406, 38.72265], [-119.97388, 38.72262], [-119.97369, 38.72251], [-119.97361, 38.72251], [-119.97354, 38.7225], [-119.97343, 38.72255], [-119.97332, 38.72264], [-119.97314, 38.72273], [-119.97299, 38.72278], [-119.97284, 38.72277], [-119.97239, 38.72264], [-119.97205, 38.72252], [-119.97192, 38.72251], [-119.97183, 38.72254], [-119.97179, 38.72259], [-119.97176, 38.72281], [-119.97176, 38.723], [-119.9718, 38.72314], [-119.97191, 38.72342], [-119.97191, 38.72359], [-119.97185, 38.72372], [-119.97173, 38.72385], [-119.97169, 38.72408], [-119.97173, 38.72419], [-119.97183, 38.72432], [-119.97193, 38.72437], [-119.97219, 38.72432], [-119.97239, 38.7243], [-119.97245, 38.72434], [-119.97244, 38.72439], [-119.97228, 38.72451], [-119.97218, 38.7247], [-119.97211, 38.72479], [-119.97194, 38.72489], [-119.97192, 38.72499], [-119.971903, 38.725023], [-119.97189, 38.72505], [-119.97174, 38.72508], [-119.971652, 38.725077], [-119.97148, 38.72507], [-119.97116, 38.72501], [-119.97103, 38.72503], [-119.97053, 38.72471], [-119.9701, 38.72446], [-119.96984, 38.72436], [-119.96956, 38.72432], [-119.96929, 38.72427], [-119.96893, 38.72432], [-119.96873, 38.72428], [-119.96857, 38.72427], [-119.96838, 38.7243], [-119.96818, 38.72437], [-119.96804, 38.72449], [-119.9678, 38.72465], [-119.96759, 38.72476], [-119.96724, 38.72489], [-119.9671, 38.72495], [-119.96704, 38.72504], [-119.9669, 38.72528], [-119.96674, 38.72551], [-119.96672, 38.72561], [-119.96677, 38.72584], [-119.96678, 38.72598], [-119.96673, 38.72609], [-119.96665, 38.72622], [-119.96662, 38.72646], [-119.96682, 38.72629], [-119.96719, 38.72585], [-119.96766, 38.72543], [-119.96792, 38.72538], [-119.96816, 38.72535], [-119.96893, 38.72532], [-119.96911, 38.72533], [-119.969143, 38.725339], [-119.96926, 38.72537], [-119.96934, 38.72547], [-119.96938, 38.72558], [-119.9694, 38.72586], [-119.9696, 38.72606], [-119.9698, 38.72618], [-119.97, 38.72634], [-119.97015, 38.72644], [-119.97017, 38.7265], [-119.97013, 38.72659], [-119.97008, 38.72667], [-119.96984, 38.72686], [-119.969789, 38.726994], [-119.96976, 38.72707], [-119.96966, 38.72715], [-119.9694, 38.72729], [-119.96928, 38.72742], [-119.9691, 38.72759], [-119.9688, 38.72793], [-119.9687, 38.72805], [-119.96859, 38.7283], [-119.96845, 38.72848], [-119.96835, 38.72864], [-119.96828, 38.72885], [-119.96826, 38.72896], [-119.96828, 38.72928], [-119.96833, 38.72952], [-119.96844, 38.72993], [-119.9685, 38.7301], [-119.96855, 38.73013], [-119.96861, 38.73006], [-119.96862, 38.72993], [-119.96865, 38.7298], [-119.96874, 38.72962], [-119.9689, 38.72937], [-119.96902, 38.72928], [-119.96921, 38.7292], [-119.96942, 38.72907], [-119.96967, 38.72896], [-119.97019, 38.72883], [-119.97065, 38.72857], [-119.971, 38.72832], [-119.97103, 38.72832], [-119.97102, 38.72835], [-119.97092, 38.72847], [-119.9706, 38.72893], [-119.97035, 38.72941], [-119.97024, 38.72971], [-119.9702, 38.72991], [-119.9702, 38.73009], [-119.97025, 38.73029], [-119.97035, 38.73047], [-119.97057, 38.73064], [-119.97074, 38.73075], [-119.97096, 38.73105]]}, "props": {"MTFCC": "S1400", "NAME": null}}, {"geom": {"type": "LineString", "coordinates": [[-119.81762, 38.784], [-119.81796, 38.78432], [-119.81806, 38.78443], [-119.81811, 38.78452], [-119.81814, 38.78464], [-119.818131, 38.784684], [-119.81812, 38.78474], [-119.81805, 38.78486], [-119.81783, 38.78502], [-119.81676, 38.78569], [-119.81603, 38.78618], [-119.81599, 38.786214], [-119.81586, 38.78633], [-119.81577, 38.78646], [-119.81569, 38.78664], [-119.81557, 38.78693], [-119.815551, 38.78697], [-119.81551, 38.787051], [-119.815389, 38.787297], [-119.81535, 38.78738], [-119.815041, 38.787836], [-119.81489, 38.78806], [-119.81452, 38.7885], [-119.81418, 38.78881], [-119.813912, 38.789031], [-119.81366, 38.78924], [-119.81349, 38.789385], [-119.81305, 38.78976], [-119.81243, 38.79026], [-119.812421, 38.790267], [-119.81148, 38.7911], [-119.81121, 38.79133], [-119.81093, 38.79154], [-119.8107, 38.79172], [-119.81046, 38.79186], [-119.81024, 38.79196], [-119.80963, 38.79217], [-119.80942, 38.79227], [-119.80915, 38.79242], [-119.808982, 38.792526], [-119.80893, 38.79256], [-119.80879, 38.79265], [-119.80838, 38.79295], [-119.80786, 38.79334], [-119.80728, 38.7938], [-119.80708, 38.79398], [-119.80689, 38.79421], [-119.80663, 38.79452], [-119.806604, 38.794563], [-119.80638, 38.79494], [-119.80628, 38.79518], [-119.80621, 38.79545], [-119.80604, 38.79626], [-119.80598, 38.79661], [-119.80591, 38.79692], [-119.80583, 38.79715], [-119.80571, 38.79741], [-119.80559, 38.7976], [-119.80534, 38.79787], [-119.80424, 38.7986], [-119.803931, 38.798798], [-119.80365, 38.79898], [-119.80275, 38.79962], [-119.802492, 38.799815], [-119.802427, 38.799864], [-119.802234, 38.80001], [-119.80217, 38.80006], [-119.80175, 38.80037], [-119.80128, 38.80073], [-119.80094, 38.80095], [-119.80058, 38.80115], [-119.80033, 38.80133], [-119.80006, 38.80154], [-119.7999, 38.8017], [-119.7996, 38.80199], [-119.799581, 38.80201], [-119.79925, 38.80236], [-119.799054, 38.802562], [-119.79866, 38.80297], [-119.798461, 38.803163], [-119.79826, 38.80336], [-119.797882, 38.80373], [-119.79769, 38.80392], [-119.79732, 38.80428], [-119.7969, 38.8047], [-119.796759, 38.804849], [-119.79673, 38.80488], [-119.79656, 38.80508], [-119.79646, 38.80528], [-119.79622, 38.80562], [-119.79595, 38.80602], [-119.79581, 38.80625], [-119.79561, 38.80661], [-119.795501, 38.806783], [-119.795293, 38.806945], [-119.79453, 38.80809], [-119.79437, 38.80832], [-119.794202, 38.808601], [-119.79415, 38.80869], [-119.79392, 38.80914], [-119.79376, 38.80947], [-119.79359, 38.80983], [-119.79337, 38.8102], [-119.79336, 38.810214], [-119.79301, 38.81071], [-119.792957, 38.81077], [-119.792801, 38.810949], [-119.79275, 38.81101], [-119.79244, 38.81139], [-119.79206, 38.81182], [-119.791699, 38.812233], [-119.79165, 38.81229], [-119.79139, 38.81253], [-119.79122, 38.81267], [-119.791162, 38.812704], [-119.79041, 38.81315], [-119.790188, 38.813353], [-119.79011, 38.81332], [-119.789854, 38.813451], [-119.78972, 38.81352], [-119.78922, 38.81374], [-119.789, 38.81388], [-119.78866, 38.81417], [-119.7882, 38.81459], [-119.787796, 38.815019], [-119.78724, 38.81561], [-119.78672, 38.81622], [-119.78625, 38.81667], [-119.78569, 38.81728], [-119.78529, 38.81774], [-119.78471, 38.81834], [-119.78437, 38.81872], [-119.78413, 38.81902], [-119.78395, 38.81928], [-119.78378, 38.81949], [-119.78363, 38.8196], [-119.78348, 38.81969], [-119.78337, 38.81974], [-119.78318, 38.81979], [-119.78284, 38.81982], [-119.782476, 38.819827], [-119.78187, 38.81984], [-119.781808, 38.81984], [-119.78055, 38.81985], [-119.779807, 38.81985], [-119.77914, 38.81985]]}, "props": {"MTFCC": "S1400", "NAME": null}}, {"geom": {"type": "LineString", "coordinates": [[-119.93209, 38.69273], [-119.93213, 38.69284], [-119.932121, 38.692968], [-119.93212, 38.69299], [-119.93208, 38.69318], [-119.93199, 38.69334], [-119.931856, 38.693652], [-119.93179, 38.69381], [-119.931771, 38.693883]]}, "props": {"MTFCC": "S1400", "NAME": null}}, {"geom": {"type": "LineString", "coordinates": [[-119.933144, 38.692913], [-119.932926, 38.692923], [-119.932666, 38.692937], [-119.932295, 38.692803], [-119.93209, 38.69273]]}, "props": {"MTFCC": "S1400", "NAME": null}}, {"geom": {"type": "LineString", "coordinates": [[-119.795168, 38.700007], [-119.79501, 38.70005], [-119.794531, 38.700234], [-119.79405, 38.70042], [-119.79325, 38.70066], [-119.79283, 38.70083], [-119.79262, 38.70086], [-119.792608, 38.700856], [-119.79248, 38.70082], [-119.79231, 38.70074], [-119.79208, 38.70047]]}, "props": {"MTFCC": "S1400", "NAME": null}}, {"geom": {"type": "LineString", "coordinates": [[-119.84024, 38.69311], [-119.84003, 38.693375], [-119.83998, 38.69344], [-119.83989, 38.69385], [-119.83963, 38.69408], [-119.83947, 38.694116], [-119.83937, 38.69414], [-119.83933, 38.69411], [-119.839223, 38.693959], [-119.839164, 38.693876], [-119.838935, 38.693915], [-119.838899, 38.693929], [-119.837867, 38.694357], [-119.837523, 38.694501], [-119.835533, 38.694476], [-119.834377, 38.694462], [-119.833982, 38.694566], [-119.833328, 38.695055], [-119.832788, 38.69515], [-119.831781, 38.69516], [-119.830638, 38.694942], [-119.829931, 38.695039], [-119.829786, 38.695087], [-119.8279, 38.69572]]}, "props": {"MTFCC": "S1400", "NAME": null}}, {"geom": {"type": "LineString", "coordinates": [[-119.82696, 38.69619], [-119.826916, 38.696208], [-119.826784, 38.696262], [-119.82674, 38.69628], [-119.826696, 38.6963], [-119.826629, 38.696331], [-119.826564, 38.69636], [-119.82652, 38.69638], [-119.82646, 38.696394], [-119.82628, 38.696436], [-119.82622, 38.69645]]}, "props": {"MTFCC": "S1740", "NAME": null}}, {"geom": {"type": "LineString", "coordinates": [[-119.89862, 38.499909], [-119.898583, 38.499934], [-119.898474, 38.500011], [-119.898438, 38.500037]]}, "props": {"MTFCC": "S1710", "NAME": null}}, {"geom": {"type": "LineString", "coordinates": [[-119.81106, 38.79341], [-119.81092, 38.79361], [-119.81072, 38.79394], [-119.81047, 38.7944]]}, "props": {"MTFCC": "S1750", "NAME": null}}, {"geom": {"type": "LineString", "coordinates": [[-119.75269, 38.78913], [-119.75259, 38.78928], [-119.75259, 38.78938], [-119.7527, 38.789554], [-119.75271, 38.78957], [-119.752811, 38.789744], [-119.75285, 38.78981], [-119.75309, 38.79014], [-119.753366, 38.790343], [-119.754195, 38.790955], [-119.754472, 38.791159], [-119.754809, 38.791287], [-119.755553, 38.791571], [-119.755841, 38.791544], [-119.756202, 38.791512]]}, "props": {"MTFCC": "S1400", "NAME": null}}, {"geom": {"type": "LineString", "coordinates": [[-119.75384, 38.79512], [-119.754027, 38.795084], [-119.75416, 38.79506], [-119.754591, 38.79499], [-119.75478, 38.79496], [-119.75504, 38.794899], [-119.75508, 38.79489], [-119.75527, 38.79483], [-119.75541, 38.79473], [-119.75557, 38.79454], [-119.755609, 38.794404], [-119.75562, 38.79437], [-119.75564, 38.79414], [-119.75564, 38.793971], [-119.75564, 38.79375], [-119.755646, 38.793467], [-119.75565, 38.7933]]}, "props": {"MTFCC": "S1400", "NAME": null}}, {"geom": {"type": "LineString", "coordinates": [[-119.81261, 38.76737], [-119.81257, 38.76736], [-119.81212, 38.76729], [-119.811969, 38.767268], [-119.81157, 38.76721], [-119.81119, 38.76719], [-119.8109, 38.7672], [-119.81051, 38.76725], [-119.81026, 38.76731], [-119.81005, 38.767383], [-119.80989, 38.76744], [-119.80946, 38.76765], [-119.809088, 38.767838], [-119.80881, 38.76798], [-119.807968, 38.768393], [-119.807594, 38.768577], [-119.80718, 38.76878], [-119.806797, 38.768995], [-119.8065, 38.7692], [-119.80627, 38.76941], [-119.80611, 38.76967], [-119.806, 38.76992], [-119.80595, 38.77022], [-119.805802, 38.771356], [-119.80573, 38.77191], [-119.80564, 38.77224], [-119.8055, 38.77242], [-119.80537, 38.77254], [-119.80514, 38.77271], [-119.804396, 38.773138], [-119.80351, 38.77365], [-119.80311, 38.77386], [-119.80271, 38.7741], [-119.80224, 38.77437], [-119.80184, 38.77457], [-119.80152, 38.77469], [-119.80128, 38.77476], [-119.80098, 38.77481], [-119.80071, 38.77484], [-119.80046, 38.77486], [-119.800159, 38.77485], [-119.80013, 38.77485], [-119.79885, 38.7748], [-119.798612, 38.774781], [-119.79821, 38.77475], [-119.79699, 38.7747], [-119.795727, 38.774632], [-119.79494, 38.77459], [-119.79408, 38.77456], [-119.79342, 38.77452], [-119.79318, 38.7745], [-119.793, 38.77448], [-119.79259, 38.7744], [-119.79231, 38.77433], [-119.791, 38.77398], [-119.78975, 38.77363], [-119.78887, 38.77335], [-119.78808, 38.77309], [-119.787292, 38.772868], [-119.787236, 38.772855], [-119.78678, 38.77275], [-119.78645, 38.77271], [-119.78599, 38.7727], [-119.78519, 38.77271], [-119.78442, 38.77271], [-119.78364, 38.772718], [-119.78351, 38.77272], [-119.78201, 38.77273], [-119.781302, 38.772738], [-119.780523, 38.772747], [-119.78022, 38.77275], [-119.77933, 38.77275], [-119.778946, 38.772755], [-119.778734, 38.772758], [-119.77792, 38.77277], [-119.77679, 38.77277], [-119.77518, 38.77278], [-119.77465, 38.77278], [-119.774218, 38.772774], [-119.77384, 38.77277], [-119.77299, 38.77277], [-119.772642, 38.77276], [-119.77228, 38.77275], [-119.772029, 38.772745], [-119.77167, 38.77274], [-119.77119, 38.77275], [-119.77061, 38.77278], [-119.770191, 38.772808], [-119.76958, 38.77285], [-119.76937, 38.7729], [-119.76918, 38.77294], [-119.76897, 38.77303], [-119.768209, 38.773331], [-119.76723, 38.77372], [-119.76582, 38.77427], [-119.76498, 38.77459], [-119.76428, 38.77484], [-119.76413, 38.774895], [-119.76295, 38.77533], [-119.762761, 38.775392], [-119.76222, 38.77557], [-119.762034, 38.775623], [-119.76167, 38.77573], [-119.7611, 38.77591], [-119.76073, 38.77605], [-119.76046, 38.77617], [-119.76024, 38.7763], [-119.76001, 38.77647], [-119.759953, 38.776524], [-119.7598, 38.77667], [-119.75958, 38.77694], [-119.759462, 38.777105], [-119.75933, 38.77729], [-119.75909, 38.77761], [-119.7589, 38.77783], [-119.75869, 38.77805], [-119.75848, 38.77828], [-119.75834, 38.77847], [-119.75825, 38.77863], [-119.75818, 38.77885], [-119.758094, 38.779434], [-119.75791, 38.7807], [-119.75785, 38.78092], [-119.75774, 38.78112], [-119.75756, 38.78132], [-119.75737, 38.7815], [-119.75642, 38.78206], [-119.75617, 38.78222], [-119.756, 38.78236], [-119.75581, 38.78254], [-119.75553, 38.7829], [-119.75525, 38.78325], [-119.75491, 38.7837], [-119.75482, 38.78388], [-119.7548, 38.78406], [-119.75481, 38.78427], [-119.7549, 38.78448], [-119.75514, 38.78488], [-119.7553, 38.78519], [-119.75536, 38.78541], [-119.75536, 38.78562], [-119.75531, 38.78581], [-119.75522, 38.78598], [-119.755073, 38.786177], [-119.75493, 38.78637], [-119.75468, 38.78676], [-119.75393, 38.78778], [-119.75368, 38.78814], [-119.7535, 38.78846], [-119.753377, 38.788784], [-119.75336, 38.78883], [-119.75326, 38.78926], [-119.75321, 38.7896], [-119.753165, 38.789801], [-119.75309, 38.79014], [-119.75308, 38.79024], [-119.753057, 38.790338], [-119.75292, 38.790926], [-119.752875, 38.791122], [-119.75284, 38.79127], [-119.75272, 38.79162], [-119.7527, 38.79168], [-119.75255, 38.79205], [-119.75239, 38.79255], [-119.75225, 38.79287], [-119.752146, 38.793077], [-119.75212, 38.79313], [-119.75184, 38.7935], [-119.751787, 38.793574], [-119.751629, 38.793796], [-119.751577, 38.793871], [-119.751253, 38.794328], [-119.75099, 38.7947], [-119.75037, 38.79554], [-119.750267, 38.795688], [-119.74995, 38.79615]]}, "props": {"MTFCC": "S1400", "NAME": null}}, {"geom": {"type": "LineString", "coordinates": [[-119.75101, 38.79724], [-119.751125, 38.797234], [-119.75147, 38.797218], [-119.751586, 38.797213], [-119.751728, 38.797206], [-119.752157, 38.797186], [-119.7523, 38.79718], [-119.75242, 38.79718], [-119.752561, 38.79717], [-119.75285, 38.79715], [-119.753058, 38.797145], [-119.75326, 38.79714], [-119.753347, 38.797142], [-119.75361, 38.79715], [-119.75411, 38.79721], [-119.754132, 38.797211], [-119.75446, 38.79723], [-119.75468, 38.79723], [-119.75497, 38.79719], [-119.7552, 38.79717], [-119.755699, 38.797096], [-119.75581, 38.79708], [-119.756221, 38.797028], [-119.75644, 38.797], [-119.75674, 38.79694], [-119.75693, 38.79688], [-119.75711, 38.79677], [-119.75726, 38.79663], [-119.75739, 38.79647], [-119.75753, 38.79634], [-119.757563, 38.796314], [-119.75769, 38.79622], [-119.75799, 38.79612], [-119.75826, 38.7961], [-119.75845, 38.79612], [-119.75868, 38.79617], [-119.75889, 38.79629], [-119.75905, 38.79642], [-119.75916, 38.79656], [-119.75932, 38.7968], [-119.75948, 38.797], [-119.75967, 38.79715], [-119.75999, 38.79734], [-119.76074, 38.79776], [-119.76092, 38.79788], [-119.76108, 38.79805], [-119.7614, 38.79837], [-119.761417, 38.798388], [-119.76206, 38.79907], [-119.76249, 38.79955], [-119.762638, 38.79971], [-119.76286, 38.79995], [-119.763079, 38.800195], [-119.763225, 38.800358], [-119.76337, 38.80052], [-119.763384, 38.800533], [-119.76356, 38.80069], [-119.76378, 38.80081], [-119.76396, 38.80088], [-119.763992, 38.800885], [-119.76415, 38.80091], [-119.764228, 38.800906], [-119.76455, 38.80089], [-119.76509, 38.80084], [-119.765541, 38.800785], [-119.76567, 38.80077], [-119.76662, 38.80067], [-119.76714, 38.80064], [-119.76759, 38.80065], [-119.76805, 38.80072], [-119.76842, 38.80081], [-119.76878, 38.80094], [-119.769, 38.801038], [-119.76932, 38.80118], [-119.769394, 38.801217], [-119.77004, 38.80154], [-119.77058, 38.801795], [-119.77059, 38.8018], [-119.771095, 38.802048], [-119.77165, 38.80232], [-119.77249, 38.80272], [-119.772649, 38.802794], [-119.77317, 38.803037], [-119.77322, 38.80306], [-119.77361, 38.80327], [-119.77384, 38.80341], [-119.77413, 38.80367], [-119.774401, 38.803957], [-119.77446, 38.80402], [-119.77518, 38.80472], [-119.77528, 38.80487], [-119.77534, 38.80502], [-119.77538, 38.80514], [-119.77538, 38.80531], [-119.77535, 38.80555], [-119.77526, 38.8059], [-119.77519, 38.8062], [-119.77514, 38.80646], [-119.77513, 38.80667], [-119.77515, 38.80686], [-119.77522, 38.80708], [-119.77534, 38.80727], [-119.77563, 38.80758], [-119.775975, 38.807898], [-119.77654, 38.80842], [-119.77673, 38.80853], [-119.77688, 38.80859], [-119.77712, 38.80867], [-119.777264, 38.80871], [-119.777299, 38.80872], [-119.777404, 38.80875], [-119.77744, 38.80876], [-119.777702, 38.808833], [-119.77801, 38.80892], [-119.778495, 38.809042], [-119.77876, 38.80911], [-119.7792, 38.80922]]}, "props": {"MTFCC": "S1400", "NAME": null}}, {"geom": {"type": "LineString", "coordinates": [[-119.97639, 38.499916], [-119.976429, 38.500183], [-119.976504, 38.500692], [-119.976495, 38.500977], [-119.976503, 38.500985], [-119.976697, 38.501175], [-119.977022, 38.50144], [-119.976717, 38.5018], [-119.976564, 38.502406], [-119.976356, 38.503216], [-119.977182, 38.503752], [-119.978496, 38.504186], [-119.9797, 38.503769], [-119.980079, 38.50386], [-119.980969, 38.504075], [-119.982283, 38.50451], [-119.983599, 38.504404], [-119.984776, 38.504375], [-119.985335, 38.505159], [-119.985895, 38.505691], [-119.985983, 38.506463], [-119.986543, 38.506674], [-119.986444, 38.507111], [-119.988489, 38.507018], [-119.992038, 38.50788], [-119.992109, 38.508457], [-119.99189, 38.50935], [-119.992294, 38.510036], [-119.992848, 38.509997], [-119.993777, 38.510837], [-119.994478, 38.511543], [-119.994814, 38.511882], [-119.996171, 38.512654], [-119.997667, 38.513608], [-119.998762, 38.514483], [-119.999597, 38.515304]]}, "props": {"MTFCC": "S1500", "NAME": null}}, {"geom": {"type": "LineString", "coordinates": [[-119.938053, 38.504116], [-119.938228, 38.504267], [-119.938518, 38.504517], [-119.938597, 38.50482], [-119.938657, 38.505045], [-119.938687, 38.505173], [-119.938896, 38.505507], [-119.939185, 38.505702], [-119.939546, 38.505787], [-119.94011, 38.505921], [-119.94021, 38.50599], [-119.94046, 38.5061], [-119.94073, 38.50627], [-119.94096, 38.50654], [-119.94105, 38.50661], [-119.94122, 38.50667], [-119.94132, 38.50673], [-119.94142, 38.50673], [-119.94147, 38.5067], [-119.94166, 38.50656], [-119.94221, 38.5063], [-119.942562, 38.5061], [-119.94283, 38.506052], [-119.943131, 38.506], [-119.943387, 38.50607], [-119.94361, 38.50629], [-119.94372, 38.5064], [-119.94388, 38.50653]]}, "props": {"MTFCC": "S1400", "NAME": null}}, {"geom": {"type": "LineString", "coordinates": [[-119.801392, 38.401493], [-119.80137, 38.40152], [-119.801282, 38.401579], [-119.80116, 38.401663], [-119.80109, 38.40171], [-119.80092, 38.401794], [-119.800795, 38.401857], [-119.80073, 38.40189], [-119.800584, 38.401925], [-119.799935, 38.402085], [-119.799719, 38.402139], [-119.79939, 38.40222], [-119.79806, 38.40244], [-119.797911, 38.402482], [-119.79747, 38.40261], [-119.79692, 38.40281], [-119.79634, 38.40313], [-119.79584, 38.40357], [-119.79507, 38.40414], [-119.79456, 38.40439], [-119.79404, 38.4046], [-119.79324, 38.40481], [-119.793002, 38.404838], [-119.79249, 38.4049], [-119.79154, 38.40487], [-119.791166, 38.404845], [-119.791066, 38.404838], [-119.79094, 38.40483], [-119.790768, 38.404804], [-119.79067, 38.40479], [-119.789874, 38.404733], [-119.78813, 38.40461], [-119.787491, 38.404538], [-119.78688, 38.40447], [-119.786703, 38.404427]]}, "props": {"MTFCC": "S1400", "NAME": null}}, {"geom": {"type": "LineString", "coordinates": [[-119.837497, 38.695306], [-119.837655, 38.695337], [-119.838132, 38.695431], [-119.838291, 38.695463], [-119.838337, 38.695472], [-119.838429, 38.695509], [-119.83897, 38.69521], [-119.83941, 38.69503], [-119.839524, 38.695013], [-119.83976, 38.69498], [-119.84022, 38.695], [-119.84071, 38.69503], [-119.84121, 38.69505], [-119.84151, 38.69508], [-119.84181, 38.69516], [-119.84264, 38.69534], [-119.84293, 38.69545], [-119.84306, 38.69554], [-119.84322, 38.69567], [-119.84331, 38.69578], [-119.843346, 38.695872], [-119.84336, 38.69598], [-119.84342, 38.69607], [-119.84355, 38.69611], [-119.843598, 38.696115], [-119.84371, 38.696126], [-119.84375, 38.69613], [-119.843833, 38.696125], [-119.84455, 38.69608]]}, "props": {"MTFCC": "S1400", "NAME": null}}, {"geom": {"type": "LineString", "coordinates": [[-119.803895, 38.400797], [-119.803231, 38.401021], [-119.802005, 38.401437], [-119.801351, 38.401911], [-119.800985, 38.402177], [-119.800975, 38.402197], [-119.800828, 38.402368], [-119.800745, 38.402463], [-119.800497, 38.402751], [-119.800415, 38.402847], [-119.80025, 38.403038], [-119.800115, 38.403197], [-119.800175, 38.403637], [-119.800267, 38.403686], [-119.800345, 38.403727], [-119.800385, 38.403887]]}, "props": {"MTFCC": "S1400", "NAME": null}}, {"geom": {"type": "LineString", "coordinates": [[-119.637173, 38.327926], [-119.637187, 38.327944], [-119.637307, 38.328354], [-119.637358, 38.328665], [-119.637328, 38.328865], [-119.637258, 38.329015], [-119.636778, 38.329496], [-119.636649, 38.329696], [-119.636649, 38.329906], [-119.636679, 38.329986], [-119.636749, 38.330086], [-119.636869, 38.330226], [-119.63739, 38.330735], [-119.637851, 38.331145], [-119.638121, 38.331375], [-119.638542, 38.331684], [-119.638873, 38.331994], [-119.639343, 38.332463], [-119.639584, 38.332683], [-119.639864, 38.332873], [-119.640124, 38.333023], [-119.640365, 38.333082], [-119.640665, 38.333132], [-119.640835, 38.333202], [-119.640985, 38.333302], [-119.641166, 38.333501], [-119.641286, 38.333711], [-119.641467, 38.334171], [-119.641597, 38.334521], [-119.641619, 38.33455], [-119.641717, 38.334681], [-119.641908, 38.334901], [-119.642128, 38.335081], [-119.642679, 38.33543], [-119.643139, 38.3357], [-119.643332, 38.335804], [-119.64349, 38.33589], [-119.64385, 38.33598], [-119.64431, 38.33613], [-119.64463, 38.33625], [-119.645262, 38.336528], [-119.64529, 38.33654], [-119.64553, 38.33657], [-119.64584, 38.336554], [-119.64674, 38.33651], [-119.64748, 38.33654], [-119.647588, 38.33654], [-119.64771, 38.33654], [-119.64789, 38.3365], [-119.64807, 38.33642], [-119.648136, 38.336375], [-119.64835, 38.33623], [-119.64892, 38.33572], [-119.64919, 38.33553], [-119.64944, 38.33545], [-119.64971, 38.3354], [-119.65052, 38.33534], [-119.65077, 38.33538], [-119.65103, 38.33548], [-119.65124, 38.33574], [-119.651308, 38.33582], [-119.651472, 38.336015], [-119.651716, 38.33614], [-119.651992, 38.336204], [-119.652248, 38.336185], [-119.652443, 38.336136], [-119.652476, 38.336117]]}, "props": {"MTFCC": "S1200", "NAME": null}}, {"geom": {"type": "LineString", "coordinates": [[-120.00218, 38.47811], [-120.002158, 38.478242], [-120.002305, 38.478302], [-120.0024, 38.47827742857143]]}, "props": {"MTFCC": "S1400", "NAME": null}}, {"geom": {"type": "LineString", "coordinates": [[-119.922716, 38.779365], [-119.922349, 38.779445], [-119.922234, 38.779445], [-119.920827, 38.779447], [-119.920779, 38.77949], [-119.920421, 38.779825], [-119.920168, 38.780843], [-119.919943, 38.78175], [-119.920029, 38.782118], [-119.920021, 38.783686], [-119.920151, 38.783919], [-119.920368, 38.784307], [-119.920453, 38.784907]]}, "props": {"MTFCC": "S1400", "NAME": null}}, {"geom": {"type": "LineString", "coordinates": [[-119.90183, 38.77535], [-119.901759, 38.775467], [-119.90174, 38.7755], [-119.90157, 38.7756], [-119.901425, 38.775699], [-119.90141, 38.77571], [-119.901355, 38.775815], [-119.9013, 38.77592], [-119.9013, 38.77602], [-119.901329, 38.776275], [-119.9013, 38.77639]]}, "props": {"MTFCC": "S1400", "NAME": null}}, {"geom": {"type": "LineString", "coordinates": [[-119.917124, 38.774866], [-119.917213, 38.775096], [-119.917961, 38.775696], [-119.918035, 38.775694], [-119.91885, 38.77569], [-119.92014, 38.77555], [-119.92049, 38.77543]]}, "props": {"MTFCC": "S1400", "NAME": null}}, {"geom": {"type": "LineString", "coordinates": [[-119.922716, 38.779365], [-119.92279, 38.77953], [-119.92292, 38.77967], [-119.9232, 38.77991], [-119.92367, 38.78024], [-119.925184, 38.781269], [-119.9252, 38.78128], [-119.92581, 38.7817], [-119.92649, 38.78213], [-119.92779, 38.78305], [-119.92843, 38.78341], [-119.92908, 38.78362], [-119.93142, 38.78453], [-119.93288, 38.78511], [-119.93331, 38.78529], [-119.93358, 38.785455], [-119.93372, 38.78554], [-119.93387, 38.78569], [-119.93397, 38.78585], [-119.93404, 38.78601], [-119.93411, 38.78629], [-119.93408, 38.78654], [-119.934, 38.78671], [-119.9335, 38.78732], [-119.93329, 38.78755], [-119.9333, 38.78764], [-119.93337, 38.78768], [-119.93348, 38.78768], [-119.93371, 38.78749]]}, "props": {"MTFCC": "S1400", "NAME": null}}, {"geom": {"type": "LineString", "coordinates": [[-119.78708, 38.8287], [-119.786352, 38.828778], [-119.7856, 38.82886], [-119.784168, 38.829009], [-119.783441, 38.829086], [-119.782572, 38.829176], [-119.779967, 38.829449], [-119.7791, 38.82955]]}, "props": {"MTFCC": "S1400", "NAME": null}}, {"geom": {"type": "LineString", "coordinates": [[-119.77458, 38.81361], [-119.77515, 38.81361], [-119.77529, 38.81358], [-119.77547, 38.81353], [-119.77562, 38.81348], [-119.77571, 38.81347], [-119.77579, 38.81351]]}, "props": {"MTFCC": "S1750", "NAME": null}}, {"geom": {"type": "LineString", "coordinates": [[-119.77455, 38.81638], [-119.77484, 38.81634], [-119.77499, 38.81633], [-119.77522, 38.81637], [-119.77536, 38.81637], [-119.77547, 38.81636], [-119.77557, 38.81637], [-119.77564, 38.81642], [-119.77578, 38.81649]]}, "props": {"MTFCC": "S1750", "NAME": null}}, {"geom": {"type": "LineString", "coordinates": [[-119.77456, 38.81471], [-119.77483, 38.81471], [-119.77491, 38.81469], [-119.77498, 38.81463], [-119.775013, 38.814528], [-119.775027, 38.814345]]}, "props": {"MTFCC": "S1750", "NAME": null}}, {"geom": {"type": "LineString", "coordinates": [[-119.77595, 38.81103], [-119.77569, 38.81089], [-119.77556, 38.81086], [-119.77539, 38.81087], [-119.77525, 38.81091], [-119.77509, 38.811]]}, "props": {"MTFCC": "S1750", "NAME": null}}, {"geom": {"type": "LineString", "coordinates": [[-119.776116, 38.818662], [-119.775867, 38.818816], [-119.775768, 38.818878], [-119.775604, 38.819093], [-119.775639, 38.819581], [-119.77566, 38.819873]]}, "props": {"MTFCC": "S1400", "NAME": null}}, {"geom": {"type": "LineString", "coordinates": [[-119.80865, 38.78537], [-119.808685, 38.78548], [-119.808698, 38.78551], [-119.80871, 38.78556], [-119.80876, 38.78561], [-119.80887, 38.78563], [-119.80907, 38.78565], [-119.80924, 38.78566]]}, "props": {"MTFCC": "S1750", "NAME": null}}, {"geom": {"type": "LineString", "coordinates": [[-119.7522, 38.79367], [-119.75207, 38.7938], [-119.75203, 38.79397], [-119.75201, 38.7943]]}, "props": {"MTFCC": "S1750", "NAME": null}}, {"geom": {"type": "LineString", "coordinates": [[-119.643732, 38.738005], [-119.64371, 38.73803], [-119.64338, 38.7383], [-119.64299, 38.73867], [-119.64255, 38.73911], [-119.642196, 38.739455], [-119.64213, 38.73952], [-119.64193, 38.7398], [-119.64186, 38.74007], [-119.64191, 38.74032], [-119.64201, 38.7407], [-119.64213, 38.74096], [-119.64218, 38.74113], [-119.64218, 38.74126], [-119.64213, 38.74137], [-119.64203, 38.74146], [-119.64182, 38.74159], [-119.6416, 38.74177], [-119.64136, 38.74199], [-119.64124, 38.74214], [-119.6411, 38.7424], [-119.64099, 38.74256], [-119.64088, 38.74267], [-119.64083, 38.74278], [-119.6408, 38.74298], [-119.64076, 38.74346], [-119.64073, 38.74375], [-119.64068, 38.74396], [-119.64069, 38.74417], [-119.64075, 38.74447], [-119.64082, 38.74468], [-119.64099, 38.74499], [-119.641008, 38.745015], [-119.64115, 38.74521], [-119.64126, 38.74538], [-119.6413, 38.74548], [-119.64128, 38.74566], [-119.64123, 38.74578], [-119.64098, 38.74612], [-119.64077, 38.74643], [-119.64064, 38.74663], [-119.64058, 38.74677], [-119.640597, 38.746832], [-119.64061, 38.74688], [-119.64069, 38.74699], [-119.64082, 38.74709], [-119.64105, 38.74712], [-119.64133, 38.7471], [-119.64151, 38.74708], [-119.64171, 38.74713], [-119.64182, 38.74722], [-119.6419, 38.74735], [-119.64194, 38.74747], [-119.64193, 38.74759], [-119.64181, 38.74792], [-119.6418, 38.74816], [-119.64187, 38.74856], [-119.64193, 38.74873], [-119.64206, 38.74895], [-119.64226, 38.74923], [-119.64243, 38.74943], [-119.64252, 38.74957], [-119.64258, 38.74971], [-119.64268, 38.75005], [-119.64275, 38.75032], [-119.64285, 38.75056], [-119.64296, 38.75076], [-119.64301, 38.7509], [-119.64299, 38.75106], [-119.64295, 38.75122], [-119.64282, 38.75144], [-119.64264, 38.75171], [-119.6425, 38.75198], [-119.64243, 38.75214], [-119.64243, 38.75226], [-119.642457, 38.752298], [-119.64251, 38.75237], [-119.64261, 38.75242], [-119.64278, 38.75244], [-119.64292, 38.75242], [-119.64301, 38.75239], [-119.64316, 38.75233], [-119.64335, 38.75222], [-119.64345, 38.75215], [-119.64356, 38.75212], [-119.64365, 38.75213], [-119.64375, 38.75216], [-119.64385, 38.75225], [-119.64398, 38.75242], [-119.64427, 38.75272], [-119.64462, 38.753], [-119.6449, 38.75319], [-119.64548, 38.75346], [-119.64575, 38.7536], [-119.64605, 38.75374], [-119.64647, 38.75397]]}, "props": {"MTFCC": "S1400", "NAME": null}}, {"geom": {"type": "LineString", "coordinates": [[-119.9594, 38.69255], [-119.95908, 38.69271], [-119.95891, 38.69282], [-119.95868, 38.69288], [-119.95859, 38.69289], [-119.95856, 38.69295], [-119.95858, 38.69304], [-119.95864, 38.69321], [-119.95871, 38.69362], [-119.95867, 38.69371], [-119.9585, 38.69382], [-119.958469, 38.693825], [-119.95833, 38.69385], [-119.95815, 38.69385], [-119.95807, 38.69382], [-119.95785, 38.69372], [-119.95777, 38.69369], [-119.95755, 38.69369], [-119.95744, 38.69377], [-119.95724, 38.69411], [-119.95706, 38.69429], [-119.95704, 38.69444], [-119.95712, 38.69457], [-119.95727, 38.69476], [-119.95737, 38.69495], [-119.95738, 38.69507], [-119.95749, 38.69524], [-119.95747, 38.69533]]}, "props": {"MTFCC": "S1400", "NAME": null}}, {"geom": {"type": "LineString", "coordinates": [[-119.9581, 38.70631], [-119.958414, 38.70649], [-119.958636, 38.706627], [-119.95868, 38.70674], [-119.9588, 38.70682], [-119.95944, 38.70699]]}, "props": {"MTFCC": "S1740", "NAME": null}}, {"geom": {"type": "LineString", "coordinates": [[-119.831929, 38.699864], [-119.832169, 38.699836], [-119.832343, 38.699817], [-119.832894, 38.69983], [-119.833137, 38.699837], [-119.833286, 38.699842], [-119.833734, 38.699858], [-119.833884, 38.699864]]}, "props": {"MTFCC": "S1400", "NAME": null}}, {"geom": {"type": "LineString", "coordinates": [[-119.831929, 38.699864], [-119.831971, 38.700141], [-119.832042, 38.700166], [-119.832832, 38.700446], [-119.83306, 38.700443], [-119.833416, 38.700439], [-119.833556, 38.700433], [-119.833977, 38.700417], [-119.834118, 38.700412]]}, "props": {"MTFCC": "S1400", "NAME": null}}, {"geom": {"type": "LineString", "coordinates": [[-119.837497, 38.695306], [-119.837529, 38.695194], [-119.83759, 38.694992], [-119.837559, 38.694858], [-119.837552, 38.694827], [-119.837541, 38.694744], [-119.837537, 38.694695], [-119.837526, 38.694549], [-119.837523, 38.694501]]}, "props": {"MTFCC": "S1400", "NAME": null}}, {"geom": {"type": "LineString", "coordinates": [[-119.803689, 38.721729], [-119.803659, 38.72176], [-119.803568, 38.721856], [-119.803539, 38.721888], [-119.803714, 38.721951], [-119.804108, 38.722093], [-119.804448, 38.722217], [-119.804663, 38.722239], [-119.805665, 38.722342], [-119.805894, 38.722323], [-119.806301, 38.72229], [-119.806456, 38.722168], [-119.806474, 38.722154], [-119.806492, 38.722139], [-119.806484, 38.72211], [-119.806451, 38.7218], [-119.80634, 38.72168], [-119.806232, 38.721613], [-119.80621, 38.7216], [-119.80534, 38.72133], [-119.80498, 38.72124], [-119.80462, 38.7213], [-119.804275, 38.721408], [-119.80424, 38.72142], [-119.80387, 38.721568], [-119.803689, 38.721729]]}, "props": {"MTFCC": "S1400", "NAME": null}}, {"geom": {"type": "LineString", "coordinates": [[-119.78416, 38.74545], [-119.78401, 38.74565], [-119.784012, 38.74567], [-119.78407, 38.74611], [-119.78422, 38.7463], [-119.78434, 38.746334], [-119.7846, 38.74641]]}, "props": {"MTFCC": "S1740", "NAME": null}}, {"geom": {"type": "LineString", "coordinates": [[-119.656002, 38.718586], [-119.65601, 38.7186], [-119.65612, 38.71877], [-119.65622, 38.71887], [-119.65635, 38.71894], [-119.65659, 38.71899], [-119.657098, 38.719215], [-119.65713, 38.71923], [-119.65729, 38.71929], [-119.65746, 38.71928], [-119.65759, 38.71925], [-119.65777, 38.71918], [-119.6579, 38.71905], [-119.65804, 38.71888], [-119.65813, 38.71872], [-119.65821, 38.7186], [-119.65832, 38.71848], [-119.65837, 38.71838], [-119.65846, 38.71827], [-119.65848, 38.71816], [-119.65849, 38.71797], [-119.65849, 38.71773], [-119.65856, 38.71724], [-119.65859, 38.71709], [-119.65857, 38.71697], [-119.65858, 38.71686], [-119.65865, 38.71681], [-119.65876, 38.71682], [-119.65885, 38.71689], [-119.65896, 38.71705], [-119.65901, 38.71719], [-119.6591, 38.71744], [-119.65929, 38.71792], [-119.65951, 38.71833], [-119.659518, 38.718392], [-119.659532, 38.718499], [-119.65954, 38.71856], [-119.659549, 38.718825], [-119.65954, 38.718934]]}, "props": {"MTFCC": "S1400", "NAME": null}}, {"geom": {"type": "LineString", "coordinates": [[-119.650131, 38.676483], [-119.65104, 38.676555], [-119.651421, 38.676694], [-119.65154, 38.67697], [-119.652156, 38.677545], [-119.652494, 38.677769], [-119.653653, 38.678536], [-119.655969, 38.679484], [-119.656029, 38.679621], [-119.656381, 38.679737], [-119.656881, 38.680335], [-119.657144, 38.680451], [-119.657437, 38.680429], [-119.658348, 38.680318], [-119.658817, 38.680503], [-119.65917, 38.680985], [-119.659463, 38.681262], [-119.659867, 38.6813], [-119.659961, 38.68131], [-119.660343, 38.68154], [-119.661193, 38.681772], [-119.66143, 38.682346], [-119.661753, 38.682692], [-119.662076, 38.68283]]}, "props": {"MTFCC": "S1400", "NAME": null}}, {"geom": {"type": "LineString", "coordinates": [[-119.60748, 38.67744], [-119.607203, 38.677128], [-119.607182, 38.67689], [-119.607246, 38.676734], [-119.607562, 38.675971], [-119.608253, 38.674477], [-119.6086, 38.67373], [-119.60849, 38.67363], [-119.60828, 38.67357], [-119.60804, 38.67359], [-119.60775, 38.67362], [-119.60758, 38.67359], [-119.60747, 38.67348], [-119.607451, 38.673444], [-119.60737, 38.67329]]}, "props": {"MTFCC": "S1400", "NAME": null}}, {"geom": {"type": "LineString", "coordinates": [[-119.654327, 38.629499], [-119.654266, 38.629625], [-119.654083, 38.630002], [-119.654023, 38.630129]]}, "props": {"MTFCC": "S1400", "NAME": null}}, {"geom": {"type": "LineString", "coordinates": [[-119.626878, 38.636416], [-119.619052, 38.635441], [-119.61888, 38.635599], [-119.618823, 38.635652]]}, "props": {"MTFCC": "S1400", "NAME": null}}, {"geom": {"type": "LineString", "coordinates": [[-119.97706, 38.43316], [-119.97677, 38.4334], [-119.97661, 38.43356], [-119.97647, 38.43371], [-119.97636, 38.43386], [-119.97632, 38.43395], [-119.976275, 38.434136], [-119.97625, 38.43424], [-119.97614, 38.43459], [-119.97596, 38.43524], [-119.97589, 38.43562], [-119.97595, 38.43599], [-119.97593, 38.4364], [-119.97587, 38.4369], [-119.97573, 38.43707], [-119.97543, 38.43714], [-119.97533, 38.43715], [-119.97524, 38.43721], [-119.975058, 38.437437], [-119.97504, 38.43746], [-119.9749, 38.43761], [-119.97476, 38.43766], [-119.97458, 38.43765], [-119.97439, 38.43756], [-119.97424, 38.43741], [-119.9741, 38.43729], [-119.97399, 38.43726]]}, "props": {"MTFCC": "S1400", "NAME": null}}, {"geom": {"type": "LineString", "coordinates": [[-119.874556, 38.591421], [-119.874883, 38.59142], [-119.875064, 38.591282], [-119.875072, 38.591007], [-119.874963, 38.590733], [-119.874433, 38.589975], [-119.874409, 38.589629], [-119.874392, 38.589379], [-119.874555, 38.58876], [-119.874738, 38.588484], [-119.874731, 38.587751], [-119.874883, 38.587452], [-119.87589, 38.587076], [-119.87639, 38.586537], [-119.876485, 38.58562], [-119.875964, 38.584677], [-119.875606, 38.584034], [-119.875616, 38.583684], [-119.875621, 38.583528], [-119.876017, 38.583015], [-119.876734, 38.5825], [-119.876798, 38.58234], [-119.876633, 38.582018], [-119.876606, 38.581846], [-119.876452, 38.581031], [-119.876495, 38.580596], [-119.876609, 38.579724], [-119.876871, 38.57892], [-119.877483, 38.578163], [-119.87824, 38.577977], [-119.878503, 38.577793], [-119.878561, 38.57699], [-119.879086, 38.576851], [-119.879494, 38.576047], [-119.879989, 38.575909], [-119.880164, 38.575703], [-119.880368, 38.575014], [-119.880425, 38.572581], [-119.88028, 38.572282], [-119.880237, 38.571926], [-119.880192, 38.571549], [-119.879697, 38.570102], [-119.879522, 38.569803], [-119.879446, 38.569528], [-119.879231, 38.568747], [-119.879143, 38.568678], [-119.879055, 38.56831], [-119.878472, 38.567299], [-119.878473, 38.566726], [-119.878705, 38.566358], [-119.878938, 38.566175], [-119.880073, 38.566218], [-119.880306, 38.566149], [-119.881092, 38.565552], [-119.88118, 38.565391], [-119.881182, 38.56468], [-119.880786, 38.563998], [-119.880715, 38.563876], [-119.880831, 38.562957], [-119.880715, 38.562517], [-119.880686, 38.562405], [-119.88051, 38.562199], [-119.880482, 38.561763], [-119.880628, 38.56135], [-119.880481, 38.560868], [-119.879461, 38.560384], [-119.878849, 38.559304], [-119.87815, 38.559165], [-119.877712, 38.559232], [-119.877013, 38.559595], [-119.876034, 38.55991], [-119.874678, 38.560065], [-119.873541, 38.560816], [-119.873044, 38.561339], [-119.872287, 38.561818], [-119.871443, 38.562569], [-119.870772, 38.564005], [-119.870423, 38.564256], [-119.870074, 38.564324], [-119.867886, 38.563953], [-119.865846, 38.564108], [-119.864535, 38.564494], [-119.864009, 38.564401], [-119.863455, 38.563873], [-119.863309, 38.563597], [-119.862054, 38.562931], [-119.861729, 38.562947], [-119.861209, 38.562974], [-119.860038, 38.563214], [-119.859489, 38.563541], [-119.859095, 38.563979], [-119.858936, 38.564157], [-119.858907, 38.564316], [-119.858149, 38.564589], [-119.85815, 38.565136], [-119.858207, 38.565341], [-119.858069, 38.565541], [-119.858031, 38.565597], [-119.858004, 38.565637], [-119.858002, 38.565683], [-119.857989, 38.565976], [-119.857983, 38.566113], [-119.857974, 38.566344], [-119.857654, 38.56689], [-119.857246, 38.567094], [-119.856375, 38.567198], [-119.855409, 38.567342], [-119.853688, 38.567156], [-119.853389, 38.567123], [-119.85261, 38.566511]]}, "props": {"MTFCC": "S1500", "NAME": null}}, {"geom": {"type": "LineString", "coordinates": [[-119.756564, 38.614877], [-119.75649, 38.61494], [-119.75623, 38.61514], [-119.75604, 38.61531], [-119.75593, 38.61537], [-119.75574, 38.61541]]}, "props": {"MTFCC": "S1400", "NAME": null}}, {"geom": {"type": "LineString", "coordinates": [[-119.692723, 38.596896], [-119.692588, 38.596986], [-119.692484, 38.597058], [-119.692303, 38.597369], [-119.692153, 38.597429], [-119.692116, 38.597695], [-119.692005, 38.598496], [-119.691969, 38.598764], [-119.691943, 38.598909], [-119.691496, 38.59932], [-119.691423, 38.599388], [-119.690911, 38.599547], [-119.690453, 38.599956], [-119.689454, 38.600123], [-119.689251, 38.600158], [-119.689099, 38.600272], [-119.68906, 38.600522], [-119.688981, 38.600591], [-119.688739, 38.60082], [-119.687841, 38.601073], [-119.686278, 38.601188], [-119.686279, 38.601405], [-119.686281, 38.6016], [-119.686371, 38.601691], [-119.686113, 38.602241], [-119.68595, 38.603683], [-119.68564, 38.604714], [-119.685758, 38.60492], [-119.68617, 38.604692], [-119.686435, 38.604738], [-119.686446, 38.605997], [-119.687122, 38.606455], [-119.68774, 38.606753], [-119.688359, 38.60728], [-119.688508, 38.607714], [-119.688534, 38.608397], [-119.688545, 38.608676], [-119.688228, 38.608974], [-119.687881, 38.608951], [-119.687534, 38.608792], [-119.687421, 38.608426], [-119.687277, 38.608266], [-119.687074, 38.60838], [-119.68699, 38.608587], [-119.687052, 38.609136]]}, "props": {"MTFCC": "S1400", "NAME": null}}, {"geom": {"type": "LineString", "coordinates": [[-119.77456, 38.81125], [-119.7744, 38.81138], [-119.77423, 38.8115]]}, "props": {"MTFCC": "S1400", "NAME": null}}, {"geom": {"type": "LineString", "coordinates": [[-119.80479, 38.78815], [-119.80481, 38.78827], [-119.80491, 38.78837], [-119.80498, 38.78841], [-119.80516, 38.78844], [-119.80542, 38.78844], [-119.80547, 38.78833], [-119.80545, 38.78828], [-119.80539, 38.78824], [-119.80528, 38.78822], [-119.80494, 38.7882], [-119.80479, 38.78815]]}, "props": {"MTFCC": "S1400", "NAME": null}}, {"geom": {"type": "LineString", "coordinates": [[-119.82234, 38.77456], [-119.82214, 38.77474], [-119.82204, 38.7748], [-119.8219, 38.77486], [-119.82178, 38.77485], [-119.82168, 38.77474]]}, "props": {"MTFCC": "S1400", "NAME": null}}, {"geom": {"type": "LineString", "coordinates": [[-119.81665, 38.77535], [-119.81689, 38.77582], [-119.816897, 38.775887], [-119.8169, 38.77592], [-119.81692, 38.77599], [-119.81696, 38.77604], [-119.81702, 38.77608], [-119.81727, 38.77607], [-119.81737, 38.7761], [-119.81746, 38.77616], [-119.81751, 38.77623], [-119.81752, 38.77631]]}, "props": {"MTFCC": "S1400", "NAME": null}}, {"geom": {"type": "LineString", "coordinates": [[-119.82277, 38.76052], [-119.82279, 38.76094]]}, "props": {"MTFCC": "S1400", "NAME": null}}, {"geom": {"type": "LineString", "coordinates": [[-119.82279, 38.76094], [-119.82293, 38.76096], [-119.82357, 38.76089], [-119.82365, 38.76062], [-119.82365, 38.76056], [-119.82353, 38.76047], [-119.82318, 38.7605], [-119.82277, 38.76052]]}, "props": {"MTFCC": "S1400", "NAME": null}}, {"geom": {"type": "LineString", "coordinates": [[-119.913391, 38.671786], [-119.913392, 38.671711], [-119.913368, 38.671612], [-119.913295, 38.671513], [-119.91324, 38.671506], [-119.913225, 38.671543], [-119.91321, 38.67158], [-119.91324, 38.671646], [-119.91332, 38.671747], [-119.913391, 38.671786]]}, "props": {"MTFCC": "S1750", "NAME": null}}, {"geom": {"type": "LineString", "coordinates": [[-119.79886, 38.75847], [-119.79884, 38.75821], [-119.79884, 38.758144], [-119.79884, 38.75792], [-119.79887, 38.75773], [-119.79893, 38.75765]]}, "props": {"MTFCC": "S1400", "NAME": null}}, {"geom": {"type": "LineString", "coordinates": [[-119.647336, 38.707932], [-119.64989, 38.70975], [-119.6499, 38.71], [-119.64997, 38.71019], [-119.6501, 38.71036], [-119.65042, 38.71065], [-119.650445, 38.710668], [-119.65074, 38.71089], [-119.65098, 38.7111], [-119.65114, 38.71172], [-119.65137, 38.71247], [-119.65148, 38.71274], [-119.6516, 38.71292], [-119.65173, 38.71317], [-119.65177, 38.71326], [-119.65176, 38.71337], [-119.65177, 38.71353], [-119.65183, 38.71371], [-119.65209, 38.714], [-119.65231, 38.71421], [-119.65249, 38.71431], [-119.65269, 38.71436], [-119.65296, 38.71437], [-119.65322, 38.71436], [-119.65347, 38.71436], [-119.6537, 38.71441], [-119.65388, 38.71449], [-119.65397, 38.71457], [-119.65399, 38.71462], [-119.65401, 38.71471], [-119.65398, 38.7148], [-119.6539, 38.71487], [-119.65379, 38.71491], [-119.65362, 38.71491], [-119.6534, 38.71488], [-119.65321, 38.71489], [-119.65309, 38.71496], [-119.65302, 38.71503], [-119.653, 38.71515], [-119.65303, 38.71522], [-119.65312, 38.71534], [-119.65326, 38.71547], [-119.65347, 38.71562], [-119.65387, 38.71586], [-119.6541, 38.71606], [-119.65418, 38.71616], [-119.6542, 38.71624], [-119.65423, 38.71641], [-119.65421, 38.71673], [-119.65423, 38.71685], [-119.65424, 38.71703], [-119.65424, 38.71714], [-119.65422, 38.71727], [-119.65413, 38.71742], [-119.65401, 38.71754], [-119.65393, 38.71766], [-119.65381, 38.71781], [-119.65367, 38.71794], [-119.65356, 38.71801], [-119.65343, 38.71804], [-119.6533, 38.71803], [-119.65315, 38.71801], [-119.65301, 38.71796], [-119.65289, 38.71798], [-119.65281, 38.71801], [-119.65274, 38.71807], [-119.65272, 38.71816], [-119.65282, 38.71869], [-119.65281, 38.71882], [-119.65276, 38.71892], [-119.65265, 38.719], [-119.65252, 38.71905], [-119.65237, 38.71905], [-119.65218, 38.71902], [-119.65205, 38.71901], [-119.65191, 38.71902], [-119.65184, 38.71907], [-119.65184, 38.71913], [-119.65187, 38.71918], [-119.65195, 38.71921], [-119.65228, 38.71924], [-119.65253, 38.7193], [-119.65275, 38.71934], [-119.65289, 38.71935], [-119.65325, 38.71927], [-119.65336, 38.71923], [-119.6534, 38.71921], [-119.65347, 38.71915], [-119.65351, 38.71894], [-119.65353, 38.71882], [-119.65358, 38.71876], [-119.65366, 38.71873], [-119.65386, 38.71871], [-119.654, 38.71877], [-119.65413, 38.7188], [-119.65432, 38.71879], [-119.65446, 38.71881], [-119.6546, 38.7188], [-119.65467, 38.71877], [-119.65475, 38.7187], [-119.65482, 38.71858], [-119.65489, 38.71854], [-119.65506, 38.71849], [-119.655212, 38.718436]]}, "props": {"MTFCC": "S1400", "NAME": null}}, {"geom": {"type": "LineString", "coordinates": [[-119.797769, 38.803041], [-119.79762, 38.802923], [-119.797564, 38.802845], [-119.79756, 38.802634], [-119.797579, 38.802493], [-119.79759, 38.802414], [-119.797597, 38.802317], [-119.797603, 38.80224], [-119.797682, 38.802177], [-119.797808, 38.802042]]}, "props": {"MTFCC": "S1400", "NAME": null}}, {"geom": {"type": "LineString", "coordinates": [[-119.91405, 38.51566], [-119.9143, 38.51578], [-119.91445, 38.51586], [-119.91449, 38.51594], [-119.91446, 38.51603], [-119.91438, 38.5161], [-119.91424, 38.51608], [-119.91404, 38.51598], [-119.91382, 38.51582], [-119.91373, 38.51577]]}, "props": {"MTFCC": "S1400", "NAME": null}}, {"geom": {"type": "LineString", "coordinates": [[-119.75284, 38.79127], [-119.75259, 38.79121], [-119.75243, 38.79118], [-119.752302, 38.791129], [-119.752253, 38.791105]]}, "props": {"MTFCC": "S1750", "NAME": null}}, {"geom": {"type": "LineString", "coordinates": [[-119.78444, 38.82503], [-119.78436, 38.82483], [-119.78404, 38.82489], [-119.78406, 38.82502], [-119.78414, 38.82506], [-119.78425, 38.82507], [-119.78444, 38.82503]]}, "props": {"MTFCC": "S1400", "NAME": null}}, {"geom": {"type": "LineString", "coordinates": [[-119.80108, 38.505651], [-119.801161, 38.505694], [-119.801263, 38.505748], [-119.801814, 38.506038], [-119.801998, 38.506135]]}, "props": {"MTFCC": "S1400", "NAME": null}}, {"geom": {"type": "LineString", "coordinates": [[-119.803895, 38.400797], [-119.803923, 38.40084], [-119.804117, 38.401145], [-119.80413, 38.401166], [-119.804188, 38.402287], [-119.804139, 38.402367], [-119.803926, 38.402721]]}, "props": {"MTFCC": "S1400", "NAME": null}}, {"geom": {"type": "LineString", "coordinates": [[-119.782034, 38.693398], [-119.78219, 38.69351], [-119.78238, 38.69372], [-119.78215, 38.69381], [-119.782115, 38.693832], [-119.78199, 38.69391], [-119.78166, 38.69414], [-119.781638, 38.694152], [-119.7809, 38.69456], [-119.78027, 38.69495]]}, "props": {"MTFCC": "S1400", "NAME": null}}, {"geom": {"type": "LineString", "coordinates": [[-119.80946, 38.76765], [-119.809518, 38.767725], [-119.80964, 38.76788], [-119.80965, 38.76797], [-119.80968, 38.76806]]}, "props": {"MTFCC": "S1400", "NAME": null}}, {"geom": {"type": "LineString", "coordinates": [[-119.76665, 38.82096], [-119.76651, 38.82094], [-119.76643, 38.82088], [-119.76633, 38.82077], [-119.7662, 38.82052], [-119.76594, 38.82037], [-119.76576, 38.82029], [-119.76523, 38.82026], [-119.76506, 38.82022]]}, "props": {"MTFCC": "S1400", "NAME": null}}, {"geom": {"type": "LineString", "coordinates": [[-119.7846, 38.74641], [-119.7846, 38.746666], [-119.7846, 38.74703], [-119.78468, 38.74712], [-119.784743, 38.747399], [-119.7848, 38.74765]]}, "props": {"MTFCC": "S1740", "NAME": null}}, {"geom": {"type": "LineString", "coordinates": [[-119.9013, 38.77639], [-119.901329, 38.776458], [-119.901422, 38.776526], [-119.901532, 38.776564], [-119.90184, 38.776598], [-119.902023, 38.776652], [-119.90221, 38.776716], [-119.902322, 38.776764], [-119.902565, 38.77675], [-119.902769, 38.776757], [-119.902945, 38.776774], [-119.903118, 38.776777], [-119.903314, 38.776753], [-119.903595, 38.776689]]}, "props": {"MTFCC": "S1400", "NAME": null}}, {"geom": {"type": "LineString", "coordinates": [[-119.77243, 38.81175], [-119.77236, 38.81161], [-119.77235, 38.81154], [-119.77237, 38.81145], [-119.77249, 38.81131]]}, "props": {"MTFCC": "S1750", "NAME": null}}, {"geom": {"type": "LineString", "coordinates": [[-119.76812, 38.81852], [-119.76817, 38.81838], [-119.76819, 38.81823], [-119.76817, 38.81805], [-119.7681, 38.81785], [-119.76805, 38.81767], [-119.76801, 38.81757], [-119.76795, 38.81753], [-119.76771, 38.81749]]}, "props": {"MTFCC": "S1750", "NAME": null}}, {"geom": {"type": "LineString", "coordinates": [[-119.76983, 38.81633], [-119.76967, 38.8161], [-119.76926, 38.81545], [-119.76906, 38.81528], [-119.76863, 38.81494]]}, "props": {"MTFCC": "S1400", "NAME": null}}, {"geom": {"type": "LineString", "coordinates": [[-119.7792, 38.80929], [-119.77961, 38.80931]]}, "props": {"MTFCC": "S1400", "NAME": null}}, {"geom": {"type": "LineString", "coordinates": [[-119.938777, 38.738726], [-119.938764, 38.73877], [-119.938751, 38.738823], [-119.938728, 38.738866], [-119.9387, 38.738916], [-119.93869, 38.738961], [-119.938692, 38.739013], [-119.938701, 38.739065], [-119.938694, 38.739113], [-119.938692, 38.739164], [-119.938682, 38.739211], [-119.938666, 38.739267], [-119.93864, 38.739332], [-119.938623, 38.739381], [-119.938605, 38.739426], [-119.938593, 38.739477], [-119.938576, 38.739526], [-119.938553, 38.739577], [-119.938509, 38.739618], [-119.938461, 38.739651], [-119.938402, 38.739674], [-119.938346, 38.739695], [-119.938284, 38.739714], [-119.938207, 38.739743], [-119.93818, 38.73976]]}, "props": {"MTFCC": "S1400", "NAME": null}}, {"geom": {"type": "LineString", "coordinates": [[-119.81551, 38.75953], [-119.815904, 38.759537], [-119.81659, 38.75955], [-119.81694, 38.75954], [-119.817086, 38.759545], [-119.81748, 38.75956]]}, "props": {"MTFCC": "S1400", "NAME": null}}, {"geom": {"type": "LineString", "coordinates": [[-119.806621, 38.579868], [-119.806332, 38.580429], [-119.806207, 38.580864], [-119.806183, 38.580952], [-119.806145, 38.581918], [-119.805665, 38.582316], [-119.805374, 38.582975], [-119.805976, 38.583062], [-119.806204, 38.583145], [-119.806656, 38.583312], [-119.806909, 38.583859]]}, "props": {"MTFCC": "S1400", "NAME": null}}, {"geom": {"type": "LineString", "coordinates": [[-119.80582, 38.80701], [-119.80592, 38.80689], [-119.80617, 38.80679], [-119.80635, 38.80671], [-119.8065, 38.80669]]}, "props": {"MTFCC": "S1750", "NAME": null}}, {"geom": {"type": "LineString", "coordinates": [[-119.79583, 38.80808], [-119.79591, 38.80818], [-119.79597, 38.8083], [-119.79599, 38.80844], [-119.79597, 38.80851], [-119.79589, 38.80858], [-119.79579, 38.80861], [-119.79568, 38.80859], [-119.795636, 38.808574]]}, "props": {"MTFCC": "S1400", "NAME": null}}, {"geom": {"type": "LineString", "coordinates": [[-119.82124, 38.76036], [-119.82119, 38.7605], [-119.82119, 38.760517], [-119.8212, 38.76069], [-119.82124, 38.76098], [-119.821241, 38.761013], [-119.82125, 38.76118], [-119.82124, 38.76138], [-119.821239, 38.761392], [-119.82123, 38.76181], [-119.821245, 38.762028], [-119.82126, 38.76224], [-119.821268, 38.762342], [-119.821292, 38.762647], [-119.8213, 38.76275]]}, "props": {"MTFCC": "S1400", "NAME": null}}, {"geom": {"type": "LineString", "coordinates": [[-119.82481, 38.77525], [-119.82528, 38.77572]]}, "props": {"MTFCC": "S1400", "NAME": null}}, {"geom": {"type": "LineString", "coordinates": [[-119.82202, 38.7774], [-119.82205, 38.77747], [-119.82206, 38.77773], [-119.82209, 38.77781]]}, "props": {"MTFCC": "S1400", "NAME": null}}, {"geom": {"type": "LineString", "coordinates": [[-119.82046, 38.77373], [-119.82036, 38.77386], [-119.82027, 38.77396], [-119.82022, 38.774], [-119.82015, 38.774], [-119.81998, 38.77395], [-119.819961, 38.773939], [-119.81963, 38.77375], [-119.81905, 38.77343], [-119.81893, 38.77338], [-119.81881, 38.77337], [-119.81866, 38.77337], [-119.81855, 38.7734], [-119.81843, 38.77349], [-119.81836, 38.77358], [-119.818332, 38.773642], [-119.81832, 38.77367], [-119.8183, 38.77376], [-119.81831, 38.77384], [-119.81834, 38.77397], [-119.81837, 38.77405], [-119.8184, 38.77411], [-119.81841, 38.77415], [-119.81842, 38.77425], [-119.818418, 38.774278], [-119.818412, 38.774362], [-119.81841, 38.77439], [-119.81826, 38.77452], [-119.817974, 38.774704], [-119.81792, 38.77474], [-119.81694, 38.77523], [-119.81665, 38.77535], [-119.816511, 38.775373], [-119.8163, 38.77541], [-119.81608, 38.77547], [-119.815996, 38.775517], [-119.815932, 38.775552], [-119.815742, 38.775657], [-119.81572, 38.77567], [-119.815686, 38.775703], [-119.815591, 38.775796], [-119.815474, 38.775817], [-119.814733, 38.775951], [-119.814487, 38.775996]]}, "props": {"MTFCC": "S1400", "NAME": null}}, {"geom": {"type": "LineString", "coordinates": [[-119.81896, 38.76224], [-119.819043, 38.762072], [-119.81906, 38.76204], [-119.81921, 38.76186], [-119.81942, 38.76174], [-119.819452, 38.761701], [-119.81947, 38.76168], [-119.81951, 38.7616], [-119.81951, 38.76153]]}, "props": {"MTFCC": "S1400", "NAME": null}}, {"geom": {"type": "LineString", "coordinates": [[-119.98597, 38.69259], [-119.985944, 38.692579], [-119.98583, 38.69253], [-119.98572, 38.69243], [-119.985706, 38.692509], [-119.985782, 38.692768], [-119.985795, 38.692813], [-119.986133, 38.692889], [-119.986547, 38.692816], [-119.986755, 38.692698], [-119.986968, 38.692579], [-119.987015, 38.692483]]}, "props": {"MTFCC": "S1400", "NAME": null}}, {"geom": {"type": "LineString", "coordinates": [[-120.0024, 38.681841347331584], [-120.001091, 38.680916], [-120.00023, 38.680205], [-119.998674, 38.67809], [-119.997824, 38.676226], [-119.997366, 38.67518], [-119.997452, 38.673911], [-119.997495, 38.673278], [-119.997404, 38.671958], [-119.997718, 38.670835], [-119.997382, 38.670355], [-119.997553, 38.670186], [-119.997967, 38.669875], [-119.998016, 38.669698], [-119.997983, 38.669484], [-119.997808, 38.669188], [-119.997776, 38.669055], [-119.997763, 38.668999], [-119.997966, 38.66885], [-119.998261, 38.668848], [-120.000184, 38.669518], [-120.001016, 38.669809]]}, "props": {"MTFCC": "S1710", "NAME": null}}, {"geom": {"type": "LineString", "coordinates": [[-119.99176, 38.69643], [-119.99186, 38.69651], [-119.9919, 38.69659], [-119.9918, 38.69671], [-119.99138, 38.697], [-119.99125, 38.69699], [-119.99121, 38.69691], [-119.99145, 38.69672], [-119.99163, 38.69659], [-119.99176, 38.69643]]}, "props": {"MTFCC": "S1400", "NAME": null}}, {"geom": {"type": "LineString", "coordinates": [[-119.962227, 38.763471], [-119.962213, 38.763604], [-119.96188, 38.763752], [-119.961197, 38.764057], [-119.960561, 38.764442], [-119.960551, 38.764449], [-119.960323, 38.764466], [-119.960246, 38.76471]]}, "props": {"MTFCC": "S1400", "NAME": null}}, {"geom": {"type": "LineString", "coordinates": [[-119.960246, 38.76471], [-119.961473, 38.766105], [-119.961911, 38.766288], [-119.963109, 38.766059], [-119.963664, 38.766059], [-119.963722, 38.765944], [-119.964686, 38.765784], [-119.965475, 38.765875], [-119.966527, 38.765806], [-119.967023, 38.765875], [-119.968688, 38.765897], [-119.969127, 38.766012], [-119.969711, 38.766263], [-119.970851, 38.766995], [-119.973394, 38.769098], [-119.97392, 38.769898]]}, "props": {"MTFCC": "S1400", "NAME": null}}, {"geom": {"type": "LineString", "coordinates": [[-119.95896, 38.71122], [-119.95896, 38.71113], [-119.95902, 38.71103], [-119.95911, 38.71097], [-119.95919, 38.71097], [-119.95926, 38.71101], [-119.95929, 38.71109], [-119.95928, 38.71118], [-119.95923, 38.71123], [-119.95912, 38.71125], [-119.95902, 38.71125], [-119.95896, 38.71122]]}, "props": {"MTFCC": "S1400", "NAME": null}}, {"geom": {"type": "LineString", "coordinates": [[-119.779807, 38.807378], [-119.780612, 38.807221]]}, "props": {"MTFCC": "S1400", "NAME": null}}, {"geom": {"type": "LineString", "coordinates": [[-119.780086, 38.806877], [-119.780189, 38.806867], [-119.780498, 38.806836], [-119.780602, 38.806827]]}, "props": {"MTFCC": "S1400", "NAME": null}}, {"geom": {"type": "LineString", "coordinates": [[-119.931771, 38.693883], [-119.93174, 38.694], [-119.93183, 38.69444], [-119.93189, 38.69467], [-119.931947, 38.694765], [-119.93198, 38.69482], [-119.93215, 38.69501], [-119.93228, 38.69526], [-119.93238, 38.69555], [-119.9324, 38.69588], [-119.93241, 38.69636], [-119.93238, 38.69656], [-119.93226, 38.69674], [-119.93202, 38.69694], [-119.93189, 38.69711], [-119.93185, 38.697198], [-119.93181, 38.69734], [-119.93183, 38.6976], [-119.93184, 38.69768]]}, "props": {"MTFCC": "S1400", "NAME": null}}, {"geom": {"type": "LineString", "coordinates": [[-119.764945, 38.691668], [-119.764128, 38.691961], [-119.763087, 38.692189], [-119.762168, 38.692708], [-119.761565, 38.692781], [-119.76102, 38.69297], [-119.760568, 38.693374], [-119.760099, 38.693922], [-119.759104, 38.69458], [-119.759007, 38.694627], [-119.757477, 38.695381], [-119.756278, 38.696337], [-119.755426, 38.696429], [-119.753657, 38.697154], [-119.752946, 38.697326], [-119.752003, 38.697331], [-119.75156, 38.697451], [-119.751483, 38.697932], [-119.751115, 38.698301], [-119.750485, 38.698395], [-119.750035, 38.699208], [-119.749277, 38.699549], [-119.74845, 38.699511], [-119.747436, 38.699722], [-119.746284, 38.700516], [-119.746065, 38.700583], [-119.745102, 38.700577], [-119.744754, 38.700802], [-119.744656, 38.701384], [-119.744446, 38.701598], [-119.744006, 38.701576], [-119.743648, 38.70147], [-119.742327, 38.701473], [-119.741387, 38.701252], [-119.740952, 38.70115], [-119.740403, 38.701094], [-119.740078, 38.701279], [-119.739674, 38.702316], [-119.739568, 38.70348], [-119.739361, 38.703734], [-119.738893, 38.703687], [-119.738155, 38.703258], [-119.737853, 38.70325], [-119.73769, 38.703342], [-119.737342, 38.703976], [-119.737324, 38.704137], [-119.737217, 38.704192]]}, "props": {"MTFCC": "S1500", "NAME": null}}, {"geom": {"type": "LineString", "coordinates": [[-119.721116, 38.721669], [-119.720902, 38.722002], [-119.720799, 38.722165], [-119.720698, 38.723106], [-119.720739, 38.723129], [-119.720993, 38.723273], [-119.721039, 38.723366], [-119.721232, 38.723756], [-119.721619, 38.724739], [-119.722031, 38.725035], [-119.722824, 38.725308], [-119.722973, 38.725561], [-119.723269, 38.726062], [-119.72371, 38.726313], [-119.723858, 38.726519], [-119.724195, 38.728667], [-119.723881, 38.729559], [-119.723856, 38.730107], [-119.723712, 38.730334], [-119.722988, 38.731044], [-119.722905, 38.731615], [-119.722332, 38.732963], [-119.722425, 38.733672], [-119.722715, 38.733855], [-119.722895, 38.733968], [-119.724394, 38.734035], [-119.724688, 38.734126], [-119.725187, 38.734422], [-119.725716, 38.734468], [-119.726064, 38.734217], [-119.726305, 38.733743], [-119.727857, 38.732002], [-119.728046, 38.731885], [-119.72806, 38.731704], [-119.728321, 38.731384], [-119.728913, 38.730123], [-119.729801, 38.728779], [-119.72991, 38.728616], [-119.730106, 38.727547], [-119.730458, 38.726348], [-119.730542, 38.725592], [-119.730796, 38.724524], [-119.730734, 38.724158], [-119.730454, 38.723706], [-119.730348, 38.723183], [-119.730519, 38.722843], [-119.730935, 38.721174], [-119.73239, 38.718591], [-119.732691, 38.71729], [-119.732819, 38.716351], [-119.733407, 38.71473], [-119.733551, 38.713407], [-119.733626, 38.711764], [-119.734, 38.711177], [-119.73415, 38.710355], [-119.733925, 38.709299], [-119.733422, 38.708607], [-119.733028, 38.708066], [-119.733402, 38.706599], [-119.734, 38.70519], [-119.735496, 38.704486], [-119.737217, 38.704192], [-119.736963, 38.70413], [-119.735866, 38.703507], [-119.735134, 38.703211], [-119.73404, 38.703167], [-119.732757, 38.703234], [-119.732376, 38.703489], [-119.732246, 38.704012], [-119.731926, 38.704286], [-119.731552, 38.704389], [-119.731518, 38.704399], [-119.730727, 38.704152], [-119.730717, 38.70356], [-119.73008, 38.702626], [-119.729416, 38.702453], [-119.729071, 38.702442], [-119.728656, 38.70275], [-119.728523, 38.702936], [-119.728326, 38.703954], [-119.728042, 38.704127], [-119.727261, 38.704233], [-119.726599, 38.704101], [-119.72641, 38.704216], [-119.72626, 38.705366], [-119.725832, 38.707066], [-119.724079, 38.710212], [-119.723744, 38.711494], [-119.723189, 38.712114], [-119.723152, 38.712584], [-119.722833, 38.713267], [-119.722408, 38.71494], [-119.722307, 38.715076], [-119.722224, 38.715348], [-119.722189, 38.715467], [-119.722283, 38.716826], [-119.722063, 38.718132], [-119.721349, 38.72049], [-119.721243, 38.721481], [-119.721116, 38.721669]]}, "props": {"MTFCC": "S1500", "NAME": null}}, {"geom": {"type": "LineString", "coordinates": [[-119.79583, 38.80808], [-119.795667, 38.808051], [-119.795504, 38.808045], [-119.79536, 38.80804], [-119.795174, 38.808045], [-119.79501, 38.80805]]}, "props": {"MTFCC": "S1740", "NAME": null}}, {"geom": {"type": "LineString", "coordinates": [[-119.9247, 38.61014], [-119.924803, 38.610082], [-119.924857, 38.609966], [-119.924872, 38.609862], [-119.924852, 38.609729], [-119.924721, 38.609614]]}, "props": {"MTFCC": "S1400", "NAME": null}}, {"geom": {"type": "LineString", "coordinates": [[-119.78299, 38.69329], [-119.78266, 38.69285], [-119.782677, 38.692721], [-119.78273, 38.69266], [-119.78309, 38.69233], [-119.78315, 38.692282], [-119.783197, 38.692239], [-119.783259, 38.692184], [-119.783412, 38.692101], [-119.783566, 38.692042], [-119.783698, 38.691992]]}, "props": {"MTFCC": "S1400", "NAME": null}}, {"geom": {"type": "LineString", "coordinates": [[-119.78299, 38.69329], [-119.78266, 38.69285], [-119.782677, 38.692721], [-119.78273, 38.69266], [-119.78309, 38.69233], [-119.78315, 38.692282], [-119.783197, 38.692239], [-119.783259, 38.692184], [-119.783412, 38.692101], [-119.783566, 38.692042], [-119.783698, 38.691992]]}, "props": {"MTFCC": "S1400", "NAME": null}}, {"geom": {"type": "LineString", "coordinates": [[-119.89862, 38.499909], [-119.89849, 38.498974], [-119.898056, 38.498396], [-119.897444, 38.498011], [-119.897065, 38.497715], [-119.89683, 38.497471], [-119.896587, 38.497218], [-119.896001, 38.496578], [-119.895642, 38.495835], [-119.895, 38.494999], [-119.894219, 38.493991], [-119.893523, 38.493293], [-119.892675, 38.492549], [-119.892311, 38.492046], [-119.892473, 38.491765], [-119.892201, 38.491611], [-119.892299, 38.491014], [-119.892317, 38.490327], [-119.891999, 38.490015], [-119.891977, 38.489875], [-119.891902, 38.489394], [-119.8921, 38.488501], [-119.892547, 38.487542], [-119.892516, 38.487144], [-119.892251, 38.486916], [-119.891939, 38.486664], [-119.89187, 38.486609], [-119.891343, 38.485805], [-119.890745, 38.48478], [-119.890477, 38.483882], [-119.889864, 38.483391], [-119.888793, 38.482499], [-119.888225, 38.481679], [-119.888205, 38.481598], [-119.888029, 38.48088], [-119.887978, 38.480671], [-119.887962, 38.480103], [-119.887904, 38.479727], [-119.887689, 38.479603], [-119.887637, 38.479574], [-119.887409, 38.479663], [-119.887163, 38.479582], [-119.887054, 38.479285], [-119.886691, 38.478587], [-119.886383, 38.477211], [-119.885807, 38.476303], [-119.884912, 38.475268], [-119.88421, 38.474663], [-119.883579, 38.473988], [-119.88292, 38.473089], [-119.882659, 38.472344], [-119.882241, 38.471917], [-119.881798, 38.47109], [-119.881841, 38.470818], [-119.882058, 38.470471], [-119.882913, 38.469641], [-119.883574, 38.468993], [-119.884102, 38.468313], [-119.884701, 38.467575], [-119.884992, 38.467147], [-119.88577, 38.466805], [-119.886715, 38.466282], [-119.887381, 38.466052], [-119.888682, 38.465501], [-119.889226, 38.465244], [-119.889609, 38.464723], [-119.890152, 38.464538], [-119.890512, 38.464206], [-119.89086, 38.464187], [-119.891725, 38.463421], [-119.89233, 38.463031], [-119.892943, 38.462992], [-119.893466, 38.462711], [-119.894169, 38.461951], [-119.89431, 38.461826], [-119.894736, 38.461454], [-119.895332, 38.461039], [-119.895772, 38.460861], [-119.896327, 38.460516], [-119.896897, 38.460533], [-119.897687, 38.460199], [-119.898395, 38.459891], [-119.899012, 38.459386], [-119.899202, 38.458676], [-119.898914, 38.457562], [-119.898264, 38.456872], [-119.898154, 38.456146], [-119.898074, 38.455665], [-119.898115, 38.455164], [-119.89794, 38.454741], [-119.897958, 38.454624], [-119.898033, 38.454168], [-119.89861, 38.453566], [-119.89936, 38.453022], [-119.899876, 38.452395], [-119.900196, 38.451338], [-119.900136, 38.450781], [-119.900084, 38.450285], [-119.899886, 38.44949], [-119.89973, 38.449298], [-119.89947, 38.448994], [-119.899426, 38.448942], [-119.89937, 38.448382], [-119.899542, 38.447843], [-119.899664, 38.447463], [-119.899862, 38.446908], [-119.899494, 38.446612], [-119.899446, 38.446593], [-119.898638, 38.446284], [-119.897924, 38.445633], [-119.897193, 38.444792], [-119.896999, 38.444454], [-119.896774, 38.444062], [-119.896563, 38.443437], [-119.896328, 38.442827], [-119.896485, 38.442585], [-119.897036, 38.441615], [-119.8975, 38.440948], [-119.89772, 38.440316], [-119.897916, 38.439782], [-119.8981, 38.439367], [-119.898802, 38.438881], [-119.899109, 38.438185], [-119.899155, 38.437694], [-119.899414, 38.437544], [-119.900375, 38.437019], [-119.901442, 38.436378], [-119.90236, 38.435965], [-119.902956, 38.435815], [-119.903191, 38.435554], [-119.903923, 38.435149], [-119.90457, 38.434472], [-119.904644, 38.434458], [-119.904933, 38.434407], [-119.905415, 38.434148], [-119.90614, 38.433772], [-119.90709, 38.433128], [-119.907815, 38.432685], [-119.908556, 38.432655], [-119.909102, 38.432692], [-119.909489, 38.432718], [-119.910051, 38.432465], [-119.9106, 38.432125], [-119.910834, 38.432268], [-119.911429, 38.432511], [-119.911848, 38.432228], [-119.912421, 38.431883], [-119.912517, 38.431832], [-119.913034, 38.43152], [-119.913954, 38.431341], [-119.914073, 38.431112], [-119.914142, 38.430688], [-119.914582, 38.430579], [-119.914811, 38.43023], [-119.915535, 38.430348], [-119.916232, 38.43017], [-119.916928, 38.429779], [-119.917758, 38.429022], [-119.918558, 38.428979], [-119.919103, 38.428621], [-119.919127, 38.428604], [-119.919333, 38.428467], [-119.919644, 38.42873], [-119.919922, 38.428699], [-119.920339, 38.428615], [-119.921861, 38.428306], [-119.92303, 38.428003], [-119.923944, 38.427694], [-119.925407, 38.427537], [-119.926262, 38.427518], [-119.926932, 38.427184], [-119.927805, 38.426865], [-119.927955, 38.42681], [-119.928519, 38.426842], [-119.928798, 38.426905], [-119.92918, 38.426937], [-119.929478, 38.427016], [-119.92997, 38.427288], [-119.930454, 38.427616], [-119.930979, 38.427967], [-119.931438, 38.427967], [-119.931789, 38.42768], [-119.932046, 38.42764], [-119.932806, 38.427478], [-119.933479, 38.427095], [-119.934428, 38.427068], [-119.934924, 38.426913], [-119.935794, 38.426628], [-119.936779, 38.426115], [-119.937421, 38.425349], [-119.937957, 38.425201], [-119.938339, 38.424949], [-119.938871, 38.424656], [-119.939453, 38.424192], [-119.940308, 38.424053], [-119.940959, 38.424084], [-119.941147, 38.424148], [-119.941801, 38.424371], [-119.942387, 38.424667], [-119.942685, 38.425377], [-119.942829, 38.425894], [-119.943008, 38.426524], [-119.943402, 38.427093], [-119.943642, 38.427913], [-119.943965, 38.428226], [-119.943863, 38.428733], [-119.944358, 38.429166], [-119.94503, 38.429293], [-119.945822, 38.429348], [-119.945972, 38.429432], [-119.946262, 38.430058], [-119.946824, 38.430381], [-119.947025, 38.430527], [-119.947367, 38.430775], [-119.948006, 38.431086], [-119.948396, 38.431236], [-119.94861, 38.43174], [-119.949037, 38.432045], [-119.949302, 38.431908], [-119.949627, 38.432199], [-119.949773, 38.432708], [-119.949672, 38.43344], [-119.949758, 38.433694], [-119.94974, 38.434023], [-119.949741, 38.434075], [-119.949753, 38.434612], [-119.949895, 38.435314], [-119.950167, 38.43574], [-119.950305, 38.43585], [-119.951002, 38.436243], [-119.950829, 38.436282], [-119.950314, 38.436577], [-119.950063, 38.437082], [-119.949966, 38.437492], [-119.950105, 38.438062], [-119.949998, 38.438246], [-119.949804, 38.438581], [-119.949417, 38.439737], [-119.949343, 38.440503], [-119.949362, 38.440931], [-119.949382, 38.441386], [-119.949293, 38.442699], [-119.948865, 38.443848], [-119.948433, 38.444623], [-119.948164, 38.445241], [-119.948048, 38.445856], [-119.948126, 38.446572], [-119.94807, 38.447111], [-119.94827, 38.447612], [-119.94849, 38.448091], [-119.948624, 38.448336], [-119.948774, 38.448607], [-119.94879, 38.449268], [-119.948827, 38.449884], [-119.948669, 38.450376], [-119.94845, 38.451027], [-119.948312, 38.451624], [-119.948323, 38.451752], [-119.948266, 38.452176], [-119.94832, 38.452916], [-119.948386, 38.453265], [-119.948464, 38.453674], [-119.948324, 38.454207], [-119.948315, 38.454914], [-119.94845, 38.45546], [-119.948795, 38.455732], [-119.94878, 38.456163], [-119.948598, 38.456811], [-119.948344, 38.457457], [-119.948, 38.457951], [-119.947715, 38.458527], [-119.947742, 38.458851], [-119.947841, 38.459151], [-119.947854, 38.459704], [-119.947741, 38.460467], [-119.947425, 38.46126], [-119.947018, 38.46189], [-119.946909, 38.462337], [-119.946749, 38.462831], [-119.946482, 38.463732], [-119.946467, 38.463767], [-119.946185, 38.464485], [-119.946116, 38.465045], [-119.946419, 38.465437], [-119.947089, 38.465843], [-119.947168, 38.466177], [-119.947119, 38.466407], [-119.947024, 38.466897], [-119.947014, 38.467181], [-119.947008, 38.467368], [-119.946898, 38.46775], [-119.946861, 38.468172], [-119.947016, 38.46838], [-119.947421, 38.468534], [-119.947888, 38.468557], [-119.948072, 38.468538], [-119.948223, 38.468524], [-119.948565, 38.468596], [-119.948808, 38.468742]]}, "props": {"MTFCC": "S1710", "NAME": null}}, {"geom": {"type": "LineString", "coordinates": [[-119.87461, 38.60873], [-119.87466, 38.60862], [-119.874697, 38.608592], [-119.87477, 38.60854], [-119.8749, 38.60846], [-119.875157, 38.608422], [-119.87524, 38.60841], [-119.87532, 38.608383], [-119.87539, 38.60836], [-119.87565, 38.60822], [-119.87578, 38.60813], [-119.8759, 38.60792], [-119.87596, 38.607869], [-119.87628, 38.6076], [-119.87644, 38.60737], [-119.87644, 38.60713], [-119.87648, 38.60688], [-119.87679, 38.60637], [-119.877153, 38.605709], [-119.87723, 38.60557], [-119.87744, 38.60514], [-119.877446, 38.60493], [-119.87745, 38.6048], [-119.87741, 38.60471], [-119.877388, 38.604676], [-119.877283, 38.604518], [-119.87716, 38.60433], [-119.877055, 38.603954], [-119.87704, 38.6039], [-119.877081, 38.603692], [-119.87767, 38.60355], [-119.87823, 38.60344], [-119.87896, 38.60289], [-119.879186, 38.602676], [-119.87932, 38.60255], [-119.87969, 38.60221], [-119.87986, 38.60219], [-119.88023, 38.60217], [-119.88058, 38.60211], [-119.88093, 38.60226], [-119.88122, 38.60224], [-119.88147, 38.60218], [-119.88173, 38.60204], [-119.881869, 38.601891], [-119.88201, 38.60174], [-119.88218, 38.60166], [-119.88246, 38.60163], [-119.88261, 38.60153], [-119.8828, 38.60145], [-119.88322, 38.60129], [-119.88345, 38.60113], [-119.88387, 38.60092], [-119.88439, 38.60073], [-119.88539, 38.60024], [-119.885598, 38.600073], [-119.88584, 38.59988], [-119.88643, 38.59952], [-119.88691, 38.59939], [-119.88716, 38.59935], [-119.88765, 38.59935], [-119.887811, 38.599358], [-119.88804, 38.59937], [-119.88829, 38.59943], [-119.888337, 38.599451], [-119.8884, 38.59948], [-119.88855, 38.59963], [-119.88863, 38.59978], [-119.88871, 38.59991], [-119.88887, 38.60003], [-119.88901, 38.60011], [-119.88924, 38.60014], [-119.88934, 38.60012], [-119.88952, 38.60005], [-119.889605, 38.599957], [-119.88964, 38.59992], [-119.88983, 38.59986], [-119.88999, 38.59983], [-119.890116, 38.599826], [-119.89032, 38.59982], [-119.89078, 38.60022], [-119.89092, 38.60031], [-119.89104, 38.60045], [-119.891153, 38.600656], [-119.891176, 38.600698], [-119.89121, 38.60076], [-119.8914, 38.60099], [-119.89149, 38.60117], [-119.89151, 38.60134], [-119.89147, 38.60164], [-119.8914, 38.60198], [-119.89133, 38.60215], [-119.89128, 38.60243], [-119.89116, 38.60289], [-119.89121, 38.60306], [-119.89128, 38.60321], [-119.89142, 38.60346], [-119.89154, 38.60389], [-119.89167, 38.60408], [-119.89192, 38.60422], [-119.89208, 38.6043], [-119.892311, 38.604349], [-119.89236, 38.60436], [-119.89261, 38.60445], [-119.89273, 38.60458], [-119.89306, 38.60504], [-119.89326, 38.60535], [-119.893269, 38.605368], [-119.89342, 38.60565], [-119.893512, 38.605801], [-119.893582, 38.605916], [-119.89367, 38.60606], [-119.89391, 38.60641], [-119.89415, 38.60659], [-119.89442, 38.6068], [-119.89473, 38.60697], [-119.895016, 38.607078], [-119.8951, 38.60711], [-119.8955, 38.60723], [-119.89561, 38.607288], [-119.89573, 38.60735], [-119.89597, 38.60736], [-119.89627, 38.60731], [-119.896306, 38.607308], [-119.89649, 38.6073], [-119.89693, 38.6073], [-119.89747, 38.60732], [-119.89764, 38.60735], [-119.89789, 38.60747], [-119.898359, 38.607723], [-119.89878, 38.60795], [-119.89892, 38.60802], [-119.899002, 38.60802], [-119.89904, 38.60802], [-119.89917, 38.60798], [-119.89972, 38.60748], [-119.89986, 38.60742], [-119.90003, 38.60743], [-119.90028, 38.60749], [-119.90049, 38.60762], [-119.90061, 38.60773], [-119.90071, 38.60789], [-119.9008, 38.60796], [-119.90101, 38.60805], [-119.9012, 38.60814], [-119.90141, 38.60829], [-119.9016, 38.60849], [-119.901824, 38.608639], [-119.90187, 38.60867], [-119.90206, 38.60875], [-119.90232, 38.60882], [-119.90247, 38.60883], [-119.90286, 38.60881], [-119.90296, 38.60883], [-119.90314, 38.60892], [-119.90346, 38.60912], [-119.90415, 38.60974], [-119.904292, 38.609861], [-119.90448, 38.61002], [-119.90465, 38.6102], [-119.90474, 38.6104], [-119.90479, 38.61056], [-119.90485, 38.61073], [-119.90489, 38.61089], [-119.90522, 38.61127], [-119.90544, 38.61142], [-119.90561, 38.61159], [-119.90569, 38.61172], [-119.90576, 38.61182], [-119.9058, 38.61194], [-119.90588, 38.61203], [-119.90611, 38.6122], [-119.90653, 38.61241], [-119.90703, 38.61272], [-119.90724, 38.61293], [-119.90737, 38.61326], [-119.9075, 38.61352], [-119.9076, 38.61377], [-119.9077, 38.61412], [-119.90767, 38.61458], [-119.90754, 38.61521], [-119.90756, 38.61572], [-119.907569, 38.615916], [-119.90765, 38.61751], [-119.90766, 38.6178], [-119.90768, 38.61794], [-119.90804, 38.61857], [-119.90837, 38.61909], [-119.90842, 38.619156], [-119.908497, 38.619259], [-119.90852, 38.61929], [-119.90874, 38.61951], [-119.908771, 38.61953], [-119.90888, 38.6196], [-119.90912, 38.6198], [-119.90928, 38.61985], [-119.90936, 38.61986], [-119.90955, 38.6198], [-119.91001, 38.61949], [-119.91029, 38.61928], [-119.91049, 38.61919], [-119.91071, 38.61915], [-119.91093, 38.61921], [-119.91128, 38.61934]]}, "props": {"MTFCC": "S1400", "NAME": null}}, {"geom": {"type": "LineString", "coordinates": [[-119.8107, 38.79172], [-119.81082, 38.79184], [-119.81093, 38.79198], [-119.81097, 38.79206], [-119.810981, 38.792179], [-119.811009, 38.792651], [-119.81105, 38.79314], [-119.81106, 38.79341]]}, "props": {"MTFCC": "S1400", "NAME": null}}, {"geom": {"type": "LineString", "coordinates": [[-119.80893, 38.79256], [-119.80929, 38.79284], [-119.80938, 38.79297], [-119.80945, 38.79312], [-119.80946, 38.79341]]}, "props": {"MTFCC": "S1750", "NAME": null}}, {"geom": {"type": "LineString", "coordinates": [[-119.72665, 38.66081], [-119.72684, 38.660883], [-119.72691, 38.66091], [-119.72721, 38.66101], [-119.72736, 38.66107], [-119.727405, 38.66111], [-119.72745, 38.66115], [-119.72753, 38.66127]]}, "props": {"MTFCC": "S1400", "NAME": null}}, {"geom": {"type": "LineString", "coordinates": [[-119.667029, 38.769733], [-119.667059, 38.769277], [-119.667148, 38.767969], [-119.667147, 38.767912], [-119.667147, 38.767456], [-119.667154, 38.76742], [-119.667176, 38.767313], [-119.667184, 38.767278], [-119.667387, 38.767161], [-119.667412, 38.766824], [-119.667703, 38.766713], [-119.667877, 38.766785], [-119.668369, 38.768393], [-119.668496, 38.768809], [-119.669465, 38.771021], [-119.669811, 38.771326], [-119.670304, 38.771423], [-119.671144, 38.771411], [-119.672071, 38.771195], [-119.672999, 38.771253], [-119.673808, 38.771725], [-119.674524, 38.772065], [-119.675747, 38.772646], [-119.677078, 38.773082], [-119.677433, 38.773192], [-119.677849, 38.773383], [-119.678083, 38.773491], [-119.678849, 38.77363], [-119.679587, 38.773632], [-119.680029, 38.773793], [-119.680222, 38.773943], [-119.680562, 38.774206], [-119.680946, 38.774321], [-119.68115, 38.774184], [-119.681296, 38.773131], [-119.681587, 38.77249], [-119.682233, 38.77211], [-119.682288, 38.772079], [-119.682785, 38.771919], [-119.684858, 38.771848], [-119.686464, 38.770956], [-119.686815, 38.770887], [-119.687866, 38.770863], [-119.688713, 38.771069], [-119.689647, 38.771571], [-119.690071, 38.771721], [-119.691135, 38.772098], [-119.69245, 38.772485], [-119.69268, 38.772613], [-119.693344, 38.772981], [-119.693566, 38.773172], [-119.694256, 38.773766], [-119.694652, 38.774261], [-119.695358, 38.775343], [-119.695629, 38.77552], [-119.696216, 38.775902], [-119.696443, 38.776173]]}, "props": {"MTFCC": "S1500", "NAME": null}}, {"geom": {"type": "LineString", "coordinates": [[-120.00106, 38.422963], [-120.00087, 38.42302], [-120.00051, 38.42318], [-119.99996, 38.42348], [-119.99955, 38.42373], [-119.99932, 38.42391], [-119.99914, 38.4241], [-119.99891, 38.42438], [-119.99873, 38.42462], [-119.99841, 38.42487], [-119.99711, 38.42565], [-119.99661, 38.42596], [-119.9955, 38.42675], [-119.9951, 38.42702], [-119.99471, 38.4272], [-119.99412, 38.42742], [-119.99282, 38.42789], [-119.992338, 38.428061]]}, "props": {"MTFCC": "S1400", "NAME": null}}, {"geom": {"type": "LineString", "coordinates": [[-119.80481, 38.39862], [-119.804493, 38.39878], [-119.804365, 38.398787], [-119.804251, 38.398811], [-119.803805, 38.399087], [-119.802783, 38.400026], [-119.802425, 38.400207], [-119.801737, 38.401321], [-119.801648, 38.401395], [-119.801392, 38.401493]]}, "props": {"MTFCC": "S1400", "NAME": null}}, {"geom": {"type": "LineString", "coordinates": [[-119.920453, 38.784907], [-119.920452, 38.78534], [-119.920452, 38.785868], [-119.920231, 38.78661], [-119.92016, 38.786851], [-119.919984, 38.7869]]}, "props": {"MTFCC": "S1400", "NAME": null}}, {"geom": {"type": "LineString", "coordinates": [[-119.936902, 38.765002], [-119.936876, 38.765156], [-119.93711, 38.765427], [-119.937279, 38.765479], [-119.937374, 38.765509], [-119.938927, 38.765246], [-119.939324, 38.765298], [-119.94001, 38.76539], [-119.940361, 38.765585], [-119.94046, 38.76564], [-119.94082, 38.76583], [-119.94101, 38.76589], [-119.94138, 38.76597], [-119.941487, 38.765984], [-119.94161, 38.766], [-119.94172, 38.76606], [-119.941833, 38.766164]]}, "props": {"MTFCC": "S1400", "NAME": null}}, {"geom": {"type": "LineString", "coordinates": [[-119.91433, 38.74511], [-119.91423, 38.74508], [-119.9141, 38.74511], [-119.91404, 38.74516], [-119.91406, 38.74534], [-119.91411, 38.74564], [-119.9141, 38.74581], [-119.914043, 38.745941], [-119.91401, 38.74602], [-119.91393, 38.74613], [-119.9136, 38.74637], [-119.91319, 38.74653], [-119.91276, 38.74672], [-119.91239, 38.74701], [-119.91217, 38.74724], [-119.912, 38.74755], [-119.91198, 38.74778], [-119.91193, 38.74794], [-119.91175, 38.74811], [-119.911736, 38.748119], [-119.91158, 38.74823], [-119.91129, 38.74836], [-119.91084, 38.74864], [-119.910803, 38.748706], [-119.91079, 38.74873], [-119.91089, 38.74892], [-119.910978, 38.749011], [-119.91121, 38.74925], [-119.91127, 38.74945], [-119.91138, 38.74993], [-119.91139, 38.750001], [-119.91141, 38.75013], [-119.911497, 38.750353], [-119.91149, 38.7508], [-119.91158, 38.75142], [-119.91158, 38.75156], [-119.911703, 38.751741], [-119.91175, 38.75181], [-119.91188, 38.75203], [-119.91198, 38.7524], [-119.91209, 38.75276], [-119.91218, 38.75323], [-119.91227, 38.75364], [-119.91241, 38.75414], [-119.91257, 38.75454], [-119.91262, 38.7548], [-119.91263, 38.75517], [-119.91263, 38.75532], [-119.91271, 38.7556], [-119.91271, 38.755876], [-119.91271, 38.75611], [-119.91286, 38.75676], [-119.91296, 38.75707], [-119.913001, 38.757273], [-119.91301, 38.75732], [-119.91305, 38.757443], [-119.91317, 38.75781], [-119.913205, 38.757953], [-119.913248, 38.758126], [-119.91333, 38.75846], [-119.91331, 38.75888], [-119.91325, 38.75918], [-119.91313, 38.75935], [-119.913, 38.75947], [-119.9126, 38.75966], [-119.91205, 38.75991], [-119.91197, 38.7601], [-119.91174, 38.76038], [-119.91163, 38.76046], [-119.91145, 38.76056], [-119.91135, 38.76068], [-119.91099, 38.76098], [-119.91073, 38.76114], [-119.910557, 38.76125], [-119.91028, 38.76143], [-119.90998, 38.76174], [-119.9098, 38.76189], [-119.90964, 38.76195], [-119.90945, 38.76197], [-119.9092, 38.76205], [-119.909, 38.76209], [-119.90882, 38.76211], [-119.90852, 38.76219], [-119.90799, 38.76234], [-119.90769, 38.76242], [-119.90758, 38.76244], [-119.90737, 38.76241], [-119.90692, 38.76233], [-119.9067, 38.76224], [-119.90647, 38.76219], [-119.90609, 38.76215], [-119.90553, 38.76214], [-119.90522, 38.7621], [-119.9049, 38.76211], [-119.90453, 38.76208], [-119.90358, 38.76208], [-119.90333, 38.7621], [-119.90304, 38.76216], [-119.90293, 38.76216], [-119.90284, 38.76215], [-119.90261, 38.76204], [-119.90161, 38.76165], [-119.90112, 38.7616], [-119.90054, 38.76152], [-119.90007, 38.76149], [-119.89963, 38.76145], [-119.89923, 38.76143], [-119.89827, 38.76141], [-119.89767, 38.76144], [-119.897384, 38.761461], [-119.89715, 38.76148], [-119.89689, 38.76147], [-119.89636, 38.7614], [-119.89555, 38.76118], [-119.89505, 38.76101], [-119.89419, 38.76083], [-119.89376, 38.76072], [-119.89359, 38.76066], [-119.89344, 38.76056], [-119.89309, 38.76025]]}, "props": {"MTFCC": "S1500", "NAME": null}}, {"geom": {"type": "LineString", "coordinates": [[-119.943215, 38.766931], [-119.943198, 38.767365], [-119.943085, 38.767501], [-119.943085, 38.767517], [-119.943096, 38.767913], [-119.942769, 38.768736], [-119.942545, 38.769033], [-119.942362, 38.76917], [-119.94209, 38.769375], [-119.941804, 38.769352]]}, "props": {"MTFCC": "S1400", "NAME": null}}, {"geom": {"type": "LineString", "coordinates": [[-119.79277, 38.83407], [-119.79246, 38.83427], [-119.79229, 38.83436], [-119.79213, 38.83442], [-119.79199, 38.83442], [-119.79185, 38.83438], [-119.79157, 38.83412], [-119.79149, 38.83401], [-119.79147, 38.83388], [-119.791462, 38.833757]]}, "props": {"MTFCC": "S1400", "NAME": null}}, {"geom": {"type": "LineString", "coordinates": [[-119.7741, 38.83062], [-119.77437, 38.83058], [-119.774721, 38.830559], [-119.77538, 38.83052], [-119.775698, 38.830496], [-119.77621, 38.83046], [-119.77634, 38.8305], [-119.77648, 38.83055], [-119.77715, 38.83105], [-119.77801, 38.83163], [-119.77823, 38.831785], [-119.77859, 38.83204], [-119.77889, 38.8322], [-119.77908, 38.83226]]}, "props": {"MTFCC": "S1400", "NAME": null}}, {"geom": {"type": "LineString", "coordinates": [[-119.77113, 38.82555], [-119.771411, 38.826224], [-119.77176, 38.827057], [-119.771888, 38.827583], [-119.771922, 38.828246], [-119.771904, 38.828329], [-119.771754, 38.829045]]}, "props": {"MTFCC": "S1400", "NAME": null}}, {"geom": {"type": "LineString", "coordinates": [[-119.7506, 38.79722], [-119.75039, 38.79724], [-119.750291, 38.79724], [-119.75002, 38.79724], [-119.7497, 38.79727], [-119.749366, 38.797316], [-119.74906, 38.79736], [-119.74901, 38.797389], [-119.748859, 38.797479], [-119.74881, 38.79751], [-119.7482, 38.79783], [-119.74754, 38.79819], [-119.74722, 38.79831], [-119.74688, 38.79837], [-119.74637, 38.7984], [-119.74581, 38.7984], [-119.74473, 38.79836], [-119.74432, 38.79837], [-119.74389, 38.79841], [-119.74349, 38.79852], [-119.74313, 38.79865], [-119.7428, 38.79883], [-119.74246, 38.79893], [-119.74205, 38.79906], [-119.74167, 38.79924], [-119.74148, 38.7994], [-119.74124, 38.79966], [-119.74092, 38.80005], [-119.74042, 38.80062], [-119.74015, 38.80092], [-119.73996, 38.80122], [-119.73985, 38.80136], [-119.73974, 38.80144], [-119.7396, 38.80152], [-119.73952, 38.80156], [-119.73827, 38.80163], [-119.73785, 38.80164], [-119.73764, 38.80169], [-119.73729, 38.80186], [-119.73713, 38.802], [-119.73709, 38.80212], [-119.73709, 38.80224], [-119.73713, 38.80237], [-119.73712, 38.80245], [-119.73708, 38.80251], [-119.73687, 38.80263], [-119.73661, 38.80276], [-119.73643, 38.80287], [-119.73629, 38.803], [-119.73617, 38.8031], [-119.73592, 38.80325], [-119.73558, 38.80343], [-119.73517, 38.80363]]}, "props": {"MTFCC": "S1400", "NAME": null}}, {"geom": {"type": "LineString", "coordinates": [[-119.87186, 38.76903], [-119.871749, 38.769077], [-119.87172, 38.76909], [-119.87167, 38.76918], [-119.871634, 38.769404], [-119.87163, 38.76943], [-119.871618, 38.769524], [-119.87159, 38.76974], [-119.87164, 38.76993], [-119.87165, 38.769944], [-119.87194, 38.77035], [-119.87228, 38.77076], [-119.87248, 38.770937], [-119.87262, 38.77106], [-119.87285, 38.77115]]}, "props": {"MTFCC": "S1400", "NAME": null}}, {"geom": {"type": "LineString", "coordinates": [[-119.81531, 38.76241], [-119.814611, 38.762447], [-119.81437, 38.76246], [-119.81268, 38.76254], [-119.812515, 38.76255], [-119.811817, 38.762594], [-119.811764, 38.762597], [-119.811606, 38.762607], [-119.811554, 38.76261], [-119.811415, 38.76262], [-119.810998, 38.762649], [-119.81086, 38.76266]]}, "props": {"MTFCC": "S1740", "NAME": null}}, {"geom": {"type": "LineString", "coordinates": [[-119.782287, 38.74464], [-119.78235, 38.7448]]}, "props": {"MTFCC": "S1400", "NAME": null}}, {"geom": {"type": "LineString", "coordinates": [[-119.764228, 38.800906], [-119.764256, 38.800769], [-119.764836, 38.800431], [-119.765426, 38.800186], [-119.765707, 38.80007], [-119.76626, 38.799982], [-119.767246, 38.799988], [-119.768378, 38.800176], [-119.769365, 38.800617], [-119.769587, 38.800777], [-119.770263, 38.801265], [-119.77058, 38.801795]]}, "props": {"MTFCC": "S1740", "NAME": null}}, {"geom": {"type": "LineString", "coordinates": [[-119.643694, 38.750299], [-119.643664, 38.750582], [-119.643929, 38.751059], [-119.644041, 38.751643], [-119.644064, 38.751708], [-119.644114, 38.751989], [-119.644232, 38.752194], [-119.644595, 38.752538], [-119.645334, 38.753093], [-119.646416, 38.753834], [-119.64647, 38.75397]]}, "props": {"MTFCC": "S1400", "NAME": null}}, {"geom": {"type": "LineString", "coordinates": [[-119.926401, 38.706384], [-119.926111, 38.706449], [-119.926046, 38.706464], [-119.925655, 38.706782], [-119.925457, 38.707033], [-119.925389, 38.70712], [-119.92521, 38.707172]]}, "props": {"MTFCC": "S1400", "NAME": null}}, {"geom": {"type": "LineString", "coordinates": [[-119.916675, 38.669938], [-119.916835, 38.669856], [-119.91687, 38.669883], [-119.916878, 38.66989], [-119.916913, 38.669971], [-119.916936, 38.67015], [-119.917082, 38.670516], [-119.917126, 38.670626], [-119.917223, 38.67067]]}, "props": {"MTFCC": "S1400", "NAME": null}}, {"geom": {"type": "LineString", "coordinates": [[-119.916649, 38.658015], [-119.91663, 38.65807], [-119.91638, 38.65864], [-119.916363, 38.658756], [-119.91634, 38.65892], [-119.91631, 38.65925], [-119.91633, 38.65962], [-119.91639, 38.65975], [-119.91648, 38.65985], [-119.91667, 38.6601], [-119.91692, 38.66049], [-119.91698, 38.66056], [-119.91722, 38.66072], [-119.917307, 38.660745], [-119.91753, 38.66081], [-119.91766, 38.66084], [-119.91789, 38.66088], [-119.91801, 38.66091], [-119.91808, 38.66088]]}, "props": {"MTFCC": "S1400", "NAME": null}}, {"geom": {"type": "LineString", "coordinates": [[-119.7848, 38.74765], [-119.7843, 38.74787], [-119.784264, 38.74794], [-119.78422, 38.74803], [-119.78448, 38.74849], [-119.7846, 38.74861], [-119.78468, 38.74911], [-119.78495, 38.74941], [-119.785116, 38.74942], [-119.78574, 38.74946]]}, "props": {"MTFCC": "S1740", "NAME": null}}, {"geom": {"type": "LineString", "coordinates": [[-119.837497, 38.695306], [-119.837464, 38.695288], [-119.837425, 38.695263], [-119.83731, 38.69519], [-119.837198, 38.695192], [-119.837116, 38.695195], [-119.837044, 38.695217], [-119.836831, 38.695287], [-119.83676, 38.69531], [-119.836835, 38.69537], [-119.83691, 38.69543], [-119.83694, 38.69553], [-119.836932, 38.695621], [-119.836926, 38.695658], [-119.836919, 38.695717], [-119.836904, 38.695791], [-119.83689, 38.69587], [-119.83687, 38.69601], [-119.836898, 38.696087]]}, "props": {"MTFCC": "S1400", "NAME": null}}, {"geom": {"type": "LineString", "coordinates": [[-119.769378, 38.696336], [-119.769149, 38.696474], [-119.769093, 38.696702], [-119.769127, 38.697086], [-119.769897, 38.698616], [-119.770452, 38.699085], [-119.771004, 38.699305], [-119.771554, 38.699366], [-119.772275, 38.699311], [-119.772963, 38.698873], [-119.77367, 38.697595], [-119.774, 38.69744]]}, "props": {"MTFCC": "S1400", "NAME": null}}, {"geom": {"type": "LineString", "coordinates": [[-119.803765, 38.664114], [-119.803619, 38.664678], [-119.803037, 38.665528], [-119.802863, 38.666162], [-119.8026, 38.668324], [-119.802534, 38.668548], [-119.802251, 38.669523], [-119.802398, 38.67004], [-119.803596, 38.670851], [-119.803595, 38.671391], [-119.803041, 38.672451], [-119.802954, 38.673297], [-119.803071, 38.673438], [-119.803013, 38.67419], [-119.802576, 38.675038], [-119.80243, 38.675743], [-119.801732, 38.67793], [-119.800158, 38.680147], [-119.800041, 38.680547], [-119.80021, 38.68086], [-119.800248, 38.68091], [-119.80034, 38.68103], [-119.80061, 38.68147], [-119.80071, 38.68169], [-119.80076, 38.68192], [-119.80082, 38.68234], [-119.80088, 38.68266], [-119.80102, 38.68312], [-119.80109, 38.68354], [-119.80117, 38.68385], [-119.80123, 38.68414], [-119.80133, 38.68476], [-119.80147, 38.68532], [-119.80148, 38.68538], [-119.80151, 38.68555], [-119.801522, 38.685646], [-119.8016, 38.68625], [-119.801587, 38.68645], [-119.80157, 38.68672], [-119.801578, 38.686882], [-119.801602, 38.687368], [-119.80161, 38.68753], [-119.801578, 38.687782], [-119.80166, 38.6879], [-119.801791, 38.68793], [-119.80192, 38.68796], [-119.802, 38.68799], [-119.80206, 38.68805], [-119.80212, 38.68813], [-119.80215, 38.68828], [-119.80212, 38.68847], [-119.801686, 38.688822], [-119.801428, 38.688964], [-119.801125, 38.689132], [-119.80094, 38.68915], [-119.800883, 38.689316], [-119.800715, 38.689813], [-119.80066, 38.68998], [-119.80042, 38.69001], [-119.800375, 38.690016], [-119.80016, 38.69005], [-119.79981, 38.69014], [-119.79954, 38.69016], [-119.799245, 38.69016], [-119.7991, 38.69016], [-119.798923, 38.690167], [-119.79838, 38.69019], [-119.79798, 38.69019], [-119.797959, 38.690191], [-119.797639, 38.69022], [-119.797615, 38.69023], [-119.797546, 38.69026], [-119.797523, 38.690271], [-119.79748, 38.69029], [-119.797418, 38.690342], [-119.79734, 38.69041], [-119.79717, 38.690628], [-119.797184, 38.690757]]}, "props": {"MTFCC": "S1400", "NAME": null}}, {"geom": {"type": "LineString", "coordinates": [[-119.78618, 38.69292], [-119.78615, 38.69284], [-119.78615, 38.69277], [-119.78618, 38.69269], [-119.78621, 38.69263], [-119.7866, 38.69224]]}, "props": {"MTFCC": "S1400", "NAME": null}}, {"geom": {"type": "LineString", "coordinates": [[-119.80148, 38.68538], [-119.801278, 38.685345], [-119.80113, 38.68532], [-119.80091, 38.68532], [-119.800672, 38.685278], [-119.80062, 38.68527], [-119.80047, 38.68529]]}, "props": {"MTFCC": "S1400", "NAME": null}}, {"geom": {"type": "LineString", "coordinates": [[-119.586944, 38.714055], [-119.587075, 38.714198], [-119.58715, 38.71428], [-119.58745, 38.71453], [-119.587509, 38.714589], [-119.587647, 38.714727]]}, "props": {"MTFCC": "S1400", "NAME": null}}, {"geom": {"type": "LineString", "coordinates": [[-119.627559, 38.670801], [-119.629048, 38.672177], [-119.629095, 38.672221], [-119.629561, 38.673228], [-119.629736, 38.674006], [-119.629735, 38.674783], [-119.629471, 38.675744], [-119.629121, 38.67595], [-119.628945, 38.676293], [-119.628944, 38.677841], [-119.628944, 38.6781], [-119.629294, 38.678649], [-119.629643, 38.679152], [-119.629701, 38.679655]]}, "props": {"MTFCC": "S1400", "NAME": null}}, {"geom": {"type": "LineString", "coordinates": [[-119.651025, 38.700709], [-119.651127, 38.700973], [-119.651147, 38.701024], [-119.651506, 38.701271], [-119.65183, 38.701427], [-119.652086, 38.701551]]}, "props": {"MTFCC": "S1400", "NAME": null}}, {"geom": {"type": "LineString", "coordinates": [[-119.72506, 38.65832], [-119.725199, 38.658347], [-119.72537, 38.65838], [-119.725606, 38.658469], [-119.72574, 38.65852]]}, "props": {"MTFCC": "S1400", "NAME": null}}, {"geom": {"type": "LineString", "coordinates": [[-119.992338, 38.428061], [-119.992158, 38.428124], [-119.991619, 38.428315], [-119.99144, 38.42838]]}, "props": {"MTFCC": "S1400", "NAME": null}}, {"geom": {"type": "LineString", "coordinates": [[-119.91299, 38.61209], [-119.91288, 38.612], [-119.91274, 38.61197], [-119.91264, 38.61199], [-119.91212, 38.6122], [-119.91189, 38.61227], [-119.91178, 38.61228], [-119.91165, 38.61224], [-119.91154, 38.61218], [-119.91146, 38.61211], [-119.91148, 38.612], [-119.9116, 38.61176], [-119.91159, 38.61166], [-119.91148, 38.61151], [-119.91143, 38.61141], [-119.91136, 38.61117], [-119.91128, 38.61083], [-119.91127, 38.61067], [-119.91133, 38.61058], [-119.91157, 38.61047], [-119.91174, 38.6104], [-119.91183, 38.61029], [-119.91186, 38.6102], [-119.91178, 38.60999], [-119.91177, 38.60984], [-119.91183, 38.60972], [-119.91225, 38.60932], [-119.91243, 38.60917], [-119.91251, 38.60905], [-119.91249, 38.60896], [-119.9124, 38.60888], [-119.91215, 38.6088], [-119.91202, 38.60873], [-119.91198, 38.60865], [-119.91199, 38.60853], [-119.91224, 38.60811], [-119.91233, 38.60783]]}, "props": {"MTFCC": "S1400", "NAME": null}}, {"geom": {"type": "LineString", "coordinates": [[-119.587422, 38.714644], [-119.587474, 38.714688], [-119.587508, 38.714695], [-119.587647, 38.714727]]}, "props": {"MTFCC": "S1400", "NAME": null}}, {"geom": {"type": "LineString", "coordinates": [[-119.92473, 38.60877], [-119.92463, 38.60872], [-119.92442, 38.60872], [-119.92438, 38.60871], [-119.92434, 38.60869], [-119.92431, 38.60866], [-119.92429, 38.60861], [-119.92427, 38.60853]]}, "props": {"MTFCC": "S1400", "NAME": null}}, {"geom": {"type": "LineString", "coordinates": [[-119.811835, 38.761372], [-119.811755, 38.761615], [-119.81156, 38.762219], [-119.811557, 38.762353], [-119.811554, 38.76261]]}, "props": {"MTFCC": "S1400", "NAME": null}}, {"geom": {"type": "LineString", "coordinates": [[-119.79376, 38.80947], [-119.79343, 38.80941], [-119.79301, 38.80937], [-119.79272, 38.80936], [-119.79256, 38.8094], [-119.79252, 38.80947], [-119.79252, 38.80959], [-119.79263, 38.8098], [-119.79267, 38.80989], [-119.79267, 38.80996], [-119.79263, 38.81005], [-119.79252, 38.81018], [-119.79244, 38.81022], [-119.79234, 38.81025], [-119.79225, 38.81034], [-119.79221, 38.81042], [-119.79218, 38.81054], [-119.79215, 38.81079]]}, "props": {"MTFCC": "S1400", "NAME": null}}, {"geom": {"type": "LineString", "coordinates": [[-119.798127, 38.803247], [-119.79811, 38.803233], [-119.798049, 38.803155], [-119.798007, 38.803106], [-119.797933, 38.803022], [-119.797861, 38.803027], [-119.797769, 38.803041]]}, "props": {"MTFCC": "S1400", "NAME": null}}, {"geom": {"type": "LineString", "coordinates": [[-119.79772, 38.80441], [-119.79786, 38.8044], [-119.79794, 38.80437], [-119.79805, 38.80427], [-119.79811, 38.80417], [-119.7981, 38.80412], [-119.79806, 38.80406], [-119.79797, 38.80402], [-119.79769, 38.80392]]}, "props": {"MTFCC": "S1400", "NAME": null}}, {"geom": {"type": "LineString", "coordinates": [[-119.8188, 38.78252], [-119.81864, 38.78269], [-119.81838, 38.78282], [-119.81808, 38.7829], [-119.81793, 38.78291], [-119.81777, 38.78289], [-119.81767, 38.78287], [-119.81756, 38.7828]]}, "props": {"MTFCC": "S1750", "NAME": null}}, {"geom": {"type": "LineString", "coordinates": [[-119.81841, 38.77439], [-119.81867, 38.77431], [-119.81891, 38.77428], [-119.81905, 38.77425], [-119.819201, 38.774231], [-119.81928, 38.77423], [-119.81939, 38.77424], [-119.81948, 38.77427], [-119.81972, 38.77436], [-119.81976, 38.77439], [-119.8198, 38.77443], [-119.81982, 38.77448], [-119.81983, 38.77452], [-119.81983, 38.7747], [-119.81982, 38.77479], [-119.81983, 38.77485], [-119.81986, 38.77491], [-119.8201, 38.77512], [-119.82016, 38.77519], [-119.82025, 38.77528], [-119.82033, 38.77531], [-119.82044, 38.77536], [-119.82055, 38.77549], [-119.82057, 38.7756], [-119.82058, 38.77569], [-119.82056, 38.77579], [-119.820526, 38.775851], [-119.82049, 38.77592], [-119.82037, 38.776], [-119.8202, 38.77608], [-119.82009, 38.77612], [-119.81999, 38.77609], [-119.81983, 38.77601]]}, "props": {"MTFCC": "S1740", "NAME": null}}, {"geom": {"type": "LineString", "coordinates": [[-119.80663, 38.75765], [-119.80645, 38.75774], [-119.80634, 38.75781], [-119.80624, 38.7579], [-119.80621, 38.75801], [-119.80624, 38.75818], [-119.8063, 38.7583], [-119.8063, 38.75851], [-119.80629, 38.75862]]}, "props": {"MTFCC": "S1400", "NAME": null}}, {"geom": {"type": "LineString", "coordinates": [[-119.78998, 38.79611], [-119.78967, 38.7962], [-119.78923, 38.79643]]}, "props": {"MTFCC": "S1400", "NAME": null}}, {"geom": {"type": "LineString", "coordinates": [[-119.79826, 38.80336], [-119.798127, 38.803247]]}, "props": {"MTFCC": "S1400", "NAME": null}}, {"geom": {"type": "LineString", "coordinates": [[-119.92897, 38.68923], [-119.92887, 38.68903], [-119.92869, 38.68874], [-119.92847, 38.68844], [-119.92831, 38.68815], [-119.92821, 38.68795], [-119.92809, 38.68765], [-119.927971, 38.68733], [-119.92796, 38.6873], [-119.92732, 38.68592], [-119.92719, 38.6856], [-119.92702, 38.68542], [-119.92685, 38.68533], [-119.92663, 38.68527], [-119.9265, 38.68526]]}, "props": {"MTFCC": "S1400", "NAME": null}}, {"geom": {"type": "LineString", "coordinates": [[-119.78634, 38.80506], [-119.78687, 38.8046], [-119.78723, 38.80428], [-119.78746, 38.8041], [-119.78771, 38.80397], [-119.78797, 38.80389], [-119.78822, 38.80384], [-119.78859, 38.80381], [-119.78896, 38.8038], [-119.78945, 38.80381], [-119.78985, 38.80379]]}, "props": {"MTFCC": "S1400", "NAME": null}}, {"geom": {"type": "LineString", "coordinates": [[-119.7535, 38.78846], [-119.753294, 38.788408], [-119.75318, 38.78838], [-119.75308, 38.788497], [-119.75301, 38.78858], [-119.7529, 38.78874], [-119.75269, 38.78913]]}, "props": {"MTFCC": "S1400", "NAME": null}}, {"geom": {"type": "LineString", "coordinates": [[-119.80545, 38.3979], [-119.805366, 38.398078], [-119.80531, 38.3982], [-119.805167, 38.39832], [-119.80496, 38.398493], [-119.80481, 38.39862]]}, "props": {"MTFCC": "S1400", "NAME": null}}, {"geom": {"type": "LineString", "coordinates": [[-119.804365, 38.398787], [-119.804365, 38.398877], [-119.804505, 38.399037], [-119.804495, 38.399307], [-119.804481, 38.39947], [-119.804475, 38.399537], [-119.803895, 38.399997], [-119.803985, 38.400567], [-119.803895, 38.400797]]}, "props": {"MTFCC": "S1400", "NAME": null}}, {"geom": {"type": "LineString", "coordinates": [[-119.781638, 38.694152], [-119.78182, 38.694379], [-119.78191, 38.69442], [-119.78203, 38.69447], [-119.78212, 38.69446], [-119.78224, 38.69442], [-119.78243, 38.6943], [-119.78259, 38.69423], [-119.7827, 38.69419], [-119.78283, 38.69419], [-119.78296, 38.69423], [-119.78307, 38.69431], [-119.78329, 38.69455]]}, "props": {"MTFCC": "S1400", "NAME": null}}, {"geom": {"type": "LineString", "coordinates": [[-119.82846, 38.7739], [-119.82835, 38.77375], [-119.82827, 38.77368], [-119.82816, 38.7736], [-119.82804, 38.77348], [-119.82795, 38.7734], [-119.82783, 38.77338], [-119.82759, 38.77338], [-119.82733, 38.77341], [-119.82681, 38.77351]]}, "props": {"MTFCC": "S1400", "NAME": null}}, {"geom": {"type": "LineString", "coordinates": [[-119.75259, 38.68266], [-119.75245, 38.68286], [-119.75239, 38.68301], [-119.75239, 38.68314], [-119.75242, 38.6833], [-119.75247, 38.68341], [-119.75258, 38.68356], [-119.75278, 38.68381]]}, "props": {"MTFCC": "S1400", "NAME": null}}, {"geom": {"type": "LineString", "coordinates": [[-119.663165, 38.714208], [-119.66299, 38.714414], [-119.662786, 38.714368], [-119.662523, 38.714185], [-119.662398, 38.713931], [-119.662288, 38.713705], [-119.662201, 38.713018], [-119.662026, 38.712858], [-119.661588, 38.712972], [-119.661296, 38.71343], [-119.66115, 38.714162], [-119.661275, 38.714458], [-119.661529, 38.715054], [-119.661529, 38.715489]]}, "props": {"MTFCC": "S1400", "NAME": null}}, {"geom": {"type": "LineString", "coordinates": [[-119.78638, 38.76198], [-119.78629, 38.76191], [-119.78625, 38.76181], [-119.78625, 38.76165], [-119.78633, 38.76133], [-119.78647, 38.7609], [-119.78653, 38.76063], [-119.78524, 38.76023], [-119.78459, 38.76006], [-119.78433, 38.76]]}, "props": {"MTFCC": "S1400", "NAME": null}}, {"geom": {"type": "LineString", "coordinates": [[-119.7848, 38.74765], [-119.78521, 38.74776], [-119.785233, 38.747777], [-119.78542, 38.74792], [-119.78571, 38.74893], [-119.785714, 38.749006], [-119.78574, 38.74946]]}, "props": {"MTFCC": "S1740", "NAME": null}}, {"geom": {"type": "LineString", "coordinates": [[-119.777735, 38.740031], [-119.778651, 38.74008], [-119.778792, 38.740088], [-119.778824, 38.740098], [-119.779072, 38.740182], [-119.779899, 38.740642], [-119.780433, 38.740949], [-119.780989, 38.741315], [-119.781597, 38.74181], [-119.781963, 38.742161], [-119.78237, 38.74259]]}, "props": {"MTFCC": "S1740", "NAME": null}}, {"geom": {"type": "LineString", "coordinates": [[-119.80376, 38.76057], [-119.80385, 38.76069], [-119.804099, 38.760906], [-119.80426, 38.76101], [-119.8043, 38.76105], [-119.8043, 38.76109], [-119.80423, 38.76122], [-119.80421, 38.76145], [-119.80419, 38.76156], [-119.80409, 38.76189], [-119.80411, 38.76201], [-119.80421, 38.76237], [-119.80427, 38.76256], [-119.80436, 38.76277], [-119.80439, 38.76299], [-119.80443, 38.7631], [-119.80453, 38.76316], [-119.804605, 38.763182]]}, "props": {"MTFCC": "S1400", "NAME": null}}, {"geom": {"type": "LineString", "coordinates": [[-119.96891, 38.69864], [-119.96892, 38.69869], [-119.968901, 38.698727], [-119.96885, 38.69878], [-119.968754, 38.698826], [-119.96852, 38.69894], [-119.968, 38.69928], [-119.9679, 38.6995], [-119.96783, 38.70004], [-119.96784, 38.70031], [-119.96792, 38.7005], [-119.96814, 38.70068], [-119.96856, 38.70096], [-119.96886, 38.70107], [-119.96971, 38.70128], [-119.97036, 38.70147], [-119.9708, 38.70158]]}, "props": {"MTFCC": "S1400", "NAME": null}}, {"geom": {"type": "LineString", "coordinates": [[-119.93511, 38.74114], [-119.935137, 38.741118], [-119.935186, 38.741081], [-119.935219, 38.741037], [-119.93523, 38.740982], [-119.935222, 38.740934], [-119.935219, 38.740877], [-119.935239, 38.740809], [-119.935259, 38.740764], [-119.935299, 38.740726], [-119.935346, 38.7407], [-119.93539, 38.740668], [-119.935431, 38.740611], [-119.935455, 38.740564], [-119.93547, 38.740512], [-119.935502, 38.740474], [-119.935536, 38.740424], [-119.935572, 38.740379], [-119.93561, 38.740331], [-119.935606, 38.740285], [-119.935606, 38.740237], [-119.935593, 38.740185], [-119.935559, 38.740139], [-119.935517, 38.740099], [-119.93548, 38.740054], [-119.935446, 38.740016], [-119.935408, 38.739977], [-119.935369, 38.739942], [-119.935313, 38.739895]]}, "props": {"MTFCC": "S1400", "NAME": null}}, {"geom": {"type": "LineString", "coordinates": [[-119.81628, 38.75782], [-119.816148, 38.757822], [-119.815752, 38.757828], [-119.81562, 38.75783]]}, "props": {"MTFCC": "S1740", "NAME": null}}, {"geom": {"type": "LineString", "coordinates": [[-119.786847, 38.587538], [-119.787015, 38.587705], [-119.787053, 38.587743], [-119.78703, 38.588403], [-119.787027, 38.588495], [-119.786912, 38.588585]]}, "props": {"MTFCC": "S1400", "NAME": null}}, {"geom": {"type": "LineString", "coordinates": [[-119.748985, 38.6619], [-119.749771, 38.662198], [-119.750353, 38.662312], [-119.751004, 38.662314], [-119.751405, 38.662157], [-119.751509, 38.661952], [-119.751566, 38.661723], [-119.751535, 38.661487], [-119.75146, 38.660901], [-119.751474, 38.660604], [-119.752117, 38.659828], [-119.753048, 38.659486], [-119.753311, 38.659236], [-119.753338, 38.658778], [-119.753513, 38.658459], [-119.75392, 38.658162], [-119.754269, 38.658095], [-119.754764, 38.658118], [-119.755288, 38.658256], [-119.756074, 38.658235], [-119.75846, 38.659383], [-119.758708, 38.659336], [-119.758954, 38.659291], [-119.759246, 38.659064], [-119.759623, 38.658356], [-119.759826, 38.657556], [-119.759942, 38.65735], [-119.760146, 38.657236], [-119.760648, 38.657217], [-119.760699, 38.657216], [-119.761028, 38.657519], [-119.761389, 38.658148], [-119.761543, 38.658249], [-119.761745, 38.658382], [-119.761753, 38.658846], [-119.761873, 38.659056], [-119.762111, 38.65922], [-119.76291, 38.659437], [-119.76303, 38.659599], [-119.763256, 38.660901], [-119.763464, 38.661088], [-119.76347, 38.661448], [-119.763478, 38.661878], [-119.76428, 38.66244]]}, "props": {"MTFCC": "S1400", "NAME": null}}, {"geom": {"type": "LineString", "coordinates": [[-119.77344, 38.68885], [-119.773635, 38.689205], [-119.77366, 38.68925], [-119.7738, 38.68942], [-119.77393, 38.6896], [-119.77406, 38.68974], [-119.77424, 38.68992], [-119.77445, 38.6901], [-119.77468, 38.69044]]}, "props": {"MTFCC": "S1400", "NAME": null}}, {"geom": {"type": "LineString", "coordinates": [[-119.908344, 38.800755], [-119.90786, 38.800588], [-119.907329, 38.800406], [-119.906759, 38.800211], [-119.906417, 38.800069], [-119.906318, 38.800028], [-119.905968, 38.799827]]}, "props": {"MTFCC": "S1500", "NAME": null}}, {"geom": {"type": "LineString", "coordinates": [[-119.825302, 38.774904], [-119.825376, 38.774956], [-119.82542, 38.775038], [-119.82546, 38.77511], [-119.8257, 38.7756], [-119.825743, 38.775713], [-119.8258, 38.77586], [-119.82579, 38.77593], [-119.82571, 38.77612], [-119.825567, 38.776281], [-119.82548, 38.77638], [-119.82525, 38.77665], [-119.82504, 38.77691], [-119.82464, 38.77736], [-119.82452, 38.77751], [-119.82447, 38.7776], [-119.8244, 38.77764], [-119.82418, 38.77771], [-119.824063, 38.777743], [-119.82397, 38.77777], [-119.82389, 38.77785], [-119.82385, 38.77802], [-119.82388, 38.77811], [-119.82396, 38.77818], [-119.82408, 38.77821], [-119.8242, 38.77818], [-119.82428, 38.77812]]}, "props": {"MTFCC": "S1740", "NAME": null}}, {"geom": {"type": "LineString", "coordinates": [[-119.792568, 38.796145], [-119.792676, 38.796055], [-119.792718, 38.796012], [-119.792751, 38.79595], [-119.792787, 38.795901], [-119.792829, 38.79588], [-119.792869, 38.795872], [-119.793, 38.79587]]}, "props": {"MTFCC": "S1750", "NAME": null}}, {"geom": {"type": "LineString", "coordinates": [[-119.82125, 38.76118], [-119.82164, 38.76092], [-119.82181, 38.76082], [-119.82205, 38.76075], [-119.82237, 38.76057], [-119.82263, 38.76053], [-119.82277, 38.76052]]}, "props": {"MTFCC": "S1400", "NAME": null}}, {"geom": {"type": "LineString", "coordinates": [[-119.82123, 38.76181], [-119.82174, 38.76181], [-119.82229, 38.76178]]}, "props": {"MTFCC": "S1750", "NAME": null}}, {"geom": {"type": "LineString", "coordinates": [[-119.81854, 38.76757], [-119.818662, 38.767825], [-119.81867, 38.76784], [-119.81891, 38.76836], [-119.818986, 38.768609], [-119.81907, 38.76888]]}, "props": {"MTFCC": "S1400", "NAME": null}}, {"geom": {"type": "LineString", "coordinates": [[-119.83653, 38.76877], [-119.83677, 38.76864], [-119.83695, 38.76855], [-119.837054, 38.768484], [-119.83711, 38.76845], [-119.83723, 38.76841], [-119.83737, 38.76842], [-119.83748, 38.76846], [-119.83769, 38.76851], [-119.83785, 38.76848], [-119.83805, 38.76841], [-119.83824, 38.76838], [-119.83849, 38.76839], [-119.8388, 38.768418], [-119.83882, 38.76842], [-119.83903, 38.76846], [-119.8392, 38.76852], [-119.83934, 38.76864]]}, "props": {"MTFCC": "S1740", "NAME": null}}, {"geom": {"type": "LineString", "coordinates": [[-120.001016, 38.663709], [-120.002241, 38.663625], [-120.0024, 38.66359786346398]]}, "props": {"MTFCC": "S1710", "NAME": null}}, {"geom": {"type": "LineString", "coordinates": [[-119.95542, 38.71328], [-119.95562, 38.71332], [-119.95576, 38.71332], [-119.95586, 38.71331], [-119.95597, 38.71322], [-119.956135, 38.712976], [-119.95616, 38.71294], [-119.95625, 38.71285], [-119.95656, 38.71271], [-119.95669, 38.71258], [-119.9569, 38.71247], [-119.95738, 38.71214], [-119.95749, 38.71201], [-119.95769, 38.71187], [-119.9578, 38.71175], [-119.95783, 38.71165], [-119.95784, 38.71153], [-119.95792, 38.71142], [-119.95806, 38.71139], [-119.958105, 38.711394], [-119.95826, 38.71141], [-119.95837, 38.71139], [-119.95863, 38.71132], [-119.95896, 38.71122]]}, "props": {"MTFCC": "S1740", "NAME": null}}, {"geom": {"type": "LineString", "coordinates": [[-119.79408, 38.835355], [-119.793733, 38.835539], [-119.79319, 38.836116], [-119.793032, 38.836201], [-119.79223, 38.836635], [-119.791795, 38.837204], [-119.789788, 38.838633], [-119.788677, 38.839425]]}, "props": {"MTFCC": "S1400", "NAME": null}}, {"geom": {"type": "LineString", "coordinates": [[-119.7969, 38.8047], [-119.79612, 38.80435], [-119.79536, 38.80403], [-119.7938, 38.80335], [-119.7926, 38.80284], [-119.79186, 38.80251], [-119.79142, 38.80232], [-119.79113, 38.80223], [-119.79089, 38.80221], [-119.79058, 38.80224], [-119.79035, 38.80232], [-119.79011, 38.80248], [-119.78998, 38.80263], [-119.78991, 38.80275], [-119.78988, 38.8029], [-119.78987, 38.8031], [-119.78985, 38.80379], [-119.78985, 38.80454], [-119.78983, 38.8053], [-119.78983, 38.80572], [-119.78985, 38.80629], [-119.78986, 38.80646], [-119.7899, 38.80664], [-119.78997, 38.80679], [-119.79007, 38.80692], [-119.7902, 38.80704], [-119.790348, 38.807118], [-119.79037, 38.80713], [-119.79059, 38.8072], [-119.79083, 38.80724], [-119.79105, 38.80723], [-119.79119, 38.80721], [-119.79137, 38.80717], [-119.7927, 38.80674], [-119.79393, 38.80637], [-119.794437, 38.806223], [-119.79452, 38.8062], [-119.79477, 38.80612], [-119.79493, 38.80609], [-119.7951, 38.80607], [-119.79529, 38.80609], [-119.7955, 38.80614], [-119.79581, 38.80625]]}, "props": {"MTFCC": "S1400", "NAME": null}}, {"geom": {"type": "LineString", "coordinates": [[-119.77969, 38.81031], [-119.77989, 38.81029], [-119.78016, 38.81029], [-119.78112, 38.81023]]}, "props": {"MTFCC": "S1400", "NAME": null}}, {"geom": {"type": "LineString", "coordinates": [[-119.81535, 38.78738], [-119.81557, 38.78747], [-119.815576, 38.787506], [-119.81559, 38.78758], [-119.81555, 38.78772], [-119.81558, 38.78802], [-119.8156, 38.78808], [-119.81567, 38.78815], [-119.81574, 38.78817], [-119.815806, 38.788175], [-119.81608, 38.7882]]}, "props": {"MTFCC": "S1740", "NAME": null}}, {"geom": {"type": "LineString", "coordinates": [[-119.93184, 38.69768], [-119.932128, 38.698], [-119.932237, 38.698171], [-119.932567, 38.698687], [-119.932677, 38.698859]]}, "props": {"MTFCC": "S1400", "NAME": null}}, {"geom": {"type": "LineString", "coordinates": [[-119.79594, 38.69071], [-119.79591, 38.69084], [-119.79598, 38.69091], [-119.7961, 38.69096], [-119.79621, 38.69098], [-119.79639, 38.69097], [-119.79656, 38.69097], [-119.79669, 38.69099], [-119.79687, 38.69106], [-119.79704, 38.69116], [-119.79723, 38.69121], [-119.797316, 38.69122], [-119.79766, 38.69126], [-119.79782, 38.69132], [-119.79795, 38.69142], [-119.79805, 38.69155], [-119.7982, 38.69179], [-119.79831, 38.6919], [-119.79841, 38.69195], [-119.79865, 38.69204], [-119.79911, 38.69217], [-119.7993, 38.69227], [-119.79936, 38.69238], [-119.79939, 38.69246], [-119.79934, 38.69257], [-119.79926, 38.69266], [-119.79915, 38.6927], [-119.79894, 38.6927], [-119.79869, 38.69273], [-119.79857, 38.69279], [-119.79846, 38.69287], [-119.79838, 38.69298], [-119.7983, 38.69321], [-119.79825, 38.69332], [-119.79815, 38.69343], [-119.798, 38.69352], [-119.79785, 38.69356], [-119.79762, 38.69357], [-119.79744, 38.69353], [-119.79712, 38.69337], [-119.79681, 38.69324], [-119.79652, 38.69315], [-119.7963, 38.69312], [-119.79603, 38.6931], [-119.79514, 38.69298], [-119.79445, 38.69293], [-119.79418, 38.69288], [-119.79387, 38.69279], [-119.79367, 38.69274], [-119.79342, 38.6927], [-119.79299, 38.69267]]}, "props": {"MTFCC": "S1400", "NAME": null}}, {"geom": {"type": "LineString", "coordinates": [[-119.78766, 38.69746], [-119.7882, 38.6973], [-119.788467, 38.697204], [-119.78893, 38.69704], [-119.78939, 38.69684], [-119.78991, 38.69669], [-119.79048, 38.69652], [-119.790854, 38.696346], [-119.79089, 38.69633], [-119.79111, 38.69614], [-119.79126, 38.69589], [-119.79136, 38.69581], [-119.791458, 38.695812], [-119.79156, 38.69584], [-119.79173, 38.69591], [-119.79224, 38.69618], [-119.7928, 38.69629], [-119.79366, 38.69643], [-119.793888, 38.696478], [-119.79442, 38.69659], [-119.79524, 38.69683], [-119.79585, 38.69697], [-119.79616, 38.697], [-119.796412, 38.696979], [-119.79687, 38.69694], [-119.79716, 38.69706], [-119.79733, 38.69721], [-119.79737, 38.69745], [-119.79736, 38.6976], [-119.797288, 38.697712], [-119.79727, 38.69774], [-119.79714, 38.69782], [-119.79688, 38.69793], [-119.7965, 38.69803], [-119.79605, 38.69818], [-119.79553, 38.69838], [-119.79502, 38.6986], [-119.79444, 38.69887], [-119.79411, 38.69909], [-119.794092, 38.69911], [-119.79398, 38.69924], [-119.79385, 38.69949], [-119.79369, 38.69972], [-119.79345, 38.69996], [-119.79318, 38.70012], [-119.79266, 38.70031], [-119.79208, 38.70047]]}, "props": {"MTFCC": "S1400", "NAME": null}}, {"geom": {"type": "LineString", "coordinates": [[-119.83676, 38.69531], [-119.83661, 38.69528], [-119.83635, 38.69528], [-119.83588, 38.69535], [-119.834812, 38.695594], [-119.83457, 38.69565], [-119.83319, 38.69603], [-119.83282, 38.69611], [-119.83251, 38.69616], [-119.83221, 38.6962], [-119.83177, 38.69619], [-119.83121, 38.69616], [-119.83054, 38.69613], [-119.82956, 38.69608], [-119.82914, 38.69608], [-119.828941, 38.696101], [-119.82839, 38.69616], [-119.82786, 38.69624], [-119.82756, 38.69629], [-119.82715, 38.69641], [-119.826994, 38.69645], [-119.82649, 38.69658], [-119.826441, 38.6966], [-119.82628, 38.69667], [-119.8261, 38.69679], [-119.82595, 38.69695], [-119.82588, 38.6971], [-119.82588, 38.69735], [-119.82589, 38.69774], [-119.825913, 38.698042], [-119.82592, 38.69812], [-119.82591, 38.69837], [-119.82588, 38.6985], [-119.825837, 38.698604], [-119.82581, 38.69867], [-119.82571, 38.69879], [-119.82553, 38.69894], [-119.8253, 38.69903], [-119.82517, 38.69907], [-119.82499, 38.69909], [-119.82482, 38.6991], [-119.824728, 38.699088], [-119.82466, 38.69908], [-119.82449, 38.69905], [-119.82425, 38.69894], [-119.82395, 38.69878], [-119.82277, 38.6981], [-119.82239, 38.69789], [-119.82211, 38.69773], [-119.82187, 38.69763], [-119.82167, 38.69757], [-119.82136, 38.69752], [-119.82101, 38.69749], [-119.82056, 38.69744], [-119.82035, 38.69736], [-119.82016, 38.69727], [-119.820032, 38.697186], [-119.81987, 38.69708], [-119.81931, 38.69658], [-119.81866, 38.69598], [-119.81803, 38.69549], [-119.81752, 38.69502], [-119.81732, 38.69476], [-119.81692, 38.6943], [-119.81637, 38.69375], [-119.81585, 38.69327], [-119.81549, 38.69292], [-119.81497, 38.69244], [-119.81471, 38.69218], [-119.81396, 38.69168], [-119.81317, 38.69113], [-119.81281, 38.69091], [-119.81256, 38.6908], [-119.8123, 38.69074], [-119.81208, 38.6907], [-119.8118, 38.69067], [-119.81156, 38.69063], [-119.81139, 38.69058], [-119.81124, 38.69051], [-119.81102, 38.69043], [-119.81077, 38.69036], [-119.81054, 38.69034], [-119.81037, 38.69035], [-119.81004, 38.69042], [-119.80971, 38.69052], [-119.80925, 38.69063], [-119.809082, 38.690656], [-119.80886, 38.69069], [-119.80802, 38.69076], [-119.80768, 38.69081], [-119.80749, 38.69088], [-119.80722, 38.69099], [-119.80689, 38.69114], [-119.80658, 38.69123], [-119.80631, 38.6913], [-119.80611, 38.69132], [-119.80578, 38.69136], [-119.80559, 38.69139], [-119.80478, 38.69176], [-119.80457, 38.69181], [-119.80427, 38.69184], [-119.80388, 38.69182], [-119.80353, 38.69179], [-119.803452, 38.691778], [-119.80325, 38.69175], [-119.80295, 38.69169], [-119.802794, 38.691638], [-119.80274, 38.69162], [-119.80247, 38.69151], [-119.8022, 38.69141], [-119.80201, 38.69138], [-119.80181, 38.69138], [-119.80139, 38.69139], [-119.80107, 38.69139], [-119.80077, 38.69134], [-119.8005, 38.69125], [-119.80012, 38.6911], [-119.79976, 38.69094], [-119.79943, 38.69085], [-119.79909, 38.6908], [-119.79878, 38.69078], [-119.79821, 38.69078], [-119.797184, 38.690757], [-119.79641, 38.69074], [-119.79594, 38.69071], [-119.79569, 38.690683], [-119.79557, 38.69067], [-119.79519, 38.69059], [-119.79483, 38.69052], [-119.79439, 38.69039], [-119.794, 38.69027], [-119.79365, 38.69017], [-119.7934, 38.69013], [-119.79311, 38.69012], [-119.79288, 38.69014], [-119.79264, 38.69018], [-119.79187, 38.69045], [-119.791365, 38.690663], [-119.79128, 38.6907], [-119.79074, 38.69095], [-119.79037, 38.69113], [-119.79004, 38.69135], [-119.789392, 38.691627], [-119.78806, 38.6922], [-119.78734, 38.69248], [-119.78618, 38.69292], [-119.78554, 38.69318], [-119.78494, 38.69341], [-119.78429, 38.69364], [-119.784, 38.69372], [-119.78376, 38.69373], [-119.78351, 38.69371], [-119.78315, 38.69366], [-119.78283, 38.69365], [-119.78249, 38.69369]]}, "props": {"MTFCC": "S1400", "NAME": null}}, {"geom": {"type": "LineString", "coordinates": [[-119.66675, 38.66906], [-119.66712, 38.66906], [-119.66736, 38.66905], [-119.66757, 38.66908], [-119.66789, 38.66918], [-119.66815, 38.66932], [-119.6683, 38.66944], [-119.66837, 38.66953], [-119.668387, 38.669568], [-119.66841, 38.66962], [-119.66841, 38.66969], [-119.66836, 38.66972], [-119.66828, 38.66975], [-119.66812, 38.66974], [-119.66794, 38.66975], [-119.66775, 38.66982], [-119.66762, 38.6699], [-119.66748, 38.6701], [-119.66721, 38.67057], [-119.66712, 38.67082], [-119.66702, 38.67113], [-119.66699, 38.67134], [-119.66702, 38.67151], [-119.66712, 38.67167], [-119.66718, 38.67184], [-119.66719, 38.67198], [-119.66717, 38.67217], [-119.66714, 38.67237], [-119.66712, 38.67269], [-119.66712, 38.6732], [-119.66718, 38.67353], [-119.66726, 38.67402], [-119.667268, 38.674128], [-119.66727, 38.67415], [-119.66721, 38.67431], [-119.667, 38.67459], [-119.66675, 38.67491], [-119.66661, 38.67517], [-119.66649, 38.67535], [-119.66638, 38.67544], [-119.6663, 38.67548], [-119.666193, 38.675504], [-119.66612, 38.67552], [-119.66595, 38.67555], [-119.66576, 38.67559], [-119.66561, 38.67565], [-119.6655, 38.67575], [-119.66544, 38.67588], [-119.66534, 38.67604], [-119.66522, 38.67618], [-119.6651, 38.6763], [-119.66501, 38.67636], [-119.66482, 38.67642], [-119.66474, 38.67647], [-119.664729, 38.676482], [-119.6647, 38.67652], [-119.66463, 38.67667], [-119.66456, 38.67685], [-119.66446, 38.67702], [-119.66437, 38.67719], [-119.66428, 38.67751], [-119.66426, 38.67772], [-119.66421, 38.67789], [-119.66409, 38.67809], [-119.66388, 38.67837], [-119.66383, 38.67846], [-119.66379, 38.67862], [-119.66373, 38.67911], [-119.66368, 38.67931], [-119.6636, 38.67949], [-119.6634, 38.67971], [-119.66328, 38.67985], [-119.66323, 38.67993], [-119.6632, 38.68004], [-119.66321, 38.68033], [-119.6632, 38.68064], [-119.66322, 38.68093], [-119.66323, 38.68115], [-119.66322, 38.68133], [-119.66322, 38.68149], [-119.66326, 38.68164], [-119.66328, 38.68184], [-119.66327, 38.68195], [-119.66323, 38.68204], [-119.66317, 38.68211], [-119.66306, 38.68217], [-119.66284, 38.68223], [-119.66269, 38.68228], [-119.66254, 38.68234], [-119.6624, 38.68243], [-119.66228, 38.68261], [-119.66222, 38.68271], [-119.662076, 38.68283], [-119.66204, 38.68286], [-119.66186, 38.68318], [-119.66169, 38.68355], [-119.66161, 38.684], [-119.66163, 38.68415], [-119.66162, 38.68442], [-119.6616, 38.68466], [-119.66166, 38.68487], [-119.66172, 38.685], [-119.66176, 38.68514], [-119.66176, 38.685191], [-119.66176, 38.68527], [-119.66171, 38.68559], [-119.66162, 38.68579], [-119.66151, 38.68592], [-119.66131, 38.6861], [-119.66078, 38.68638], [-119.66033, 38.68657], [-119.65996, 38.68678], [-119.65951, 38.68716], [-119.65923, 38.68741], [-119.659199, 38.687428], [-119.658827, 38.687646], [-119.658751, 38.687694], [-119.658566, 38.68781], [-119.658469, 38.687894], [-119.658365, 38.687984], [-119.658273, 38.688078], [-119.658214, 38.688137], [-119.657995, 38.688453], [-119.657896, 38.688737], [-119.657778, 38.689042], [-119.657685, 38.689238], [-119.657649, 38.689316], [-119.657374, 38.689733], [-119.657279, 38.689876], [-119.657119, 38.69009], [-119.65698, 38.690324], [-119.656926, 38.690581], [-119.656922, 38.690598], [-119.656915, 38.690963], [-119.656979, 38.691347], [-119.657042, 38.691548], [-119.657033, 38.69164], [-119.656983, 38.69168], [-119.656791, 38.691783], [-119.65662, 38.691856], [-119.65647, 38.69204], [-119.65641, 38.692172], [-119.656401, 38.692243], [-119.656493, 38.692393], [-119.656616, 38.692534], [-119.656678, 38.692675], [-119.656669, 38.692776], [-119.65663, 38.692959], [-119.65649, 38.693173], [-119.65633, 38.693336], [-119.656149, 38.693469], [-119.656039, 38.693541], [-119.655949, 38.693745], [-119.65592, 38.693846], [-119.655789, 38.693918], [-119.655628, 38.69398], [-119.655537, 38.694022], [-119.655457, 38.694093], [-119.655397, 38.694225], [-119.655288, 38.694449], [-119.655198, 38.694612], [-119.655139, 38.694754], [-119.655029, 38.694877], [-119.654596, 38.695073], [-119.654335, 38.695349], [-119.654276, 38.695521], [-119.654227, 38.695684], [-119.654208, 38.695876], [-119.654232, 38.69624], [-119.654285, 38.696493], [-119.654377, 38.696633], [-119.654399, 38.696805], [-119.654444, 38.697301], [-119.654509, 38.697745], [-119.654541, 38.697846], [-119.654643, 38.697977], [-119.654705, 38.698078], [-119.654706, 38.698209], [-119.654728, 38.698432], [-119.65476, 38.698623], [-119.654874, 38.698875], [-119.65512, 38.699237], [-119.655172, 38.699358], [-119.655173, 38.69951], [-119.655145, 38.699713], [-119.655088, 38.700058]]}, "props": {"MTFCC": "S1400", "NAME": null}}, {"geom": {"type": "LineString", "coordinates": [[-119.666193, 38.675504], [-119.666164, 38.675686], [-119.665988, 38.675823], [-119.665745, 38.676269], [-119.665049, 38.677551], [-119.664812, 38.678665], [-119.664822, 38.678811], [-119.66484, 38.679052], [-119.665393, 38.679438]]}, "props": {"MTFCC": "S1500", "NAME": null}}, {"geom": {"type": "LineString", "coordinates": [[-120.0024, 38.478513521126764], [-120.00229, 38.47856], [-120.00176, 38.47895], [-120.001299, 38.479329], [-120.000466, 38.480011], [-119.999767, 38.48052], [-119.9993, 38.48085], [-119.99899, 38.48096], [-119.998853, 38.480967], [-119.9988, 38.48097], [-119.99805, 38.48093], [-119.99761, 38.481], [-119.99732, 38.481063], [-119.9972, 38.48109], [-119.99686, 38.48108], [-119.99659, 38.48102], [-119.99619, 38.48091], [-119.99595, 38.48087], [-119.99569, 38.48089], [-119.99528, 38.48099], [-119.99482, 38.48115], [-119.99318, 38.48179], [-119.992894, 38.481905], [-119.99219, 38.48219], [-119.99146, 38.48248], [-119.99074, 38.4828], [-119.99056, 38.48291], [-119.990394, 38.483099], [-119.98987, 38.4837], [-119.98973, 38.48378], [-119.98887, 38.48425], [-119.98855, 38.48454], [-119.988194, 38.484881], [-119.9878, 38.48526], [-119.987573, 38.485515], [-119.9871, 38.48605], [-119.98673, 38.486438], [-119.98669, 38.48648], [-119.98615, 38.48689], [-119.98548, 38.48745], [-119.98533, 38.48761], [-119.98525, 38.48779], [-119.98518, 38.48813], [-119.98512, 38.48836], [-119.985, 38.48852], [-119.984991, 38.488585], [-119.98499, 38.4886], [-119.985, 38.48872], [-119.98508, 38.48879], [-119.98523, 38.48883], [-119.98558, 38.48883], [-119.98593, 38.48885], [-119.98606, 38.48885], [-119.98641, 38.48873], [-119.986737, 38.488617], [-119.98694, 38.48864], [-119.98709, 38.48869], [-119.98718, 38.48878], [-119.98717, 38.48891], [-119.98717, 38.48941], [-119.98726, 38.4901], [-119.98728, 38.49041], [-119.98708, 38.490805], [-119.9866, 38.49089], [-119.98559, 38.49085], [-119.98508, 38.49087], [-119.98451, 38.49098], [-119.98408, 38.49102], [-119.98367, 38.49114], [-119.98305, 38.49131], [-119.983026, 38.491321], [-119.98269, 38.49149], [-119.98214, 38.49214], [-119.98188, 38.49253], [-119.981711, 38.492736], [-119.98147, 38.49303], [-119.9813, 38.49319], [-119.98119, 38.49324], [-119.98107, 38.49326], [-119.981015, 38.493245], [-119.980953, 38.493228], [-119.98092, 38.49322], [-119.98083, 38.49315], [-119.980814, 38.493108], [-119.980792, 38.493049], [-119.98077, 38.49299], [-119.98062, 38.49246], [-119.98046, 38.49198], [-119.98034, 38.49188], [-119.98013, 38.4918], [-119.97952, 38.49168], [-119.979293, 38.491628], [-119.97904, 38.49157], [-119.97758, 38.4912], [-119.97744, 38.49118], [-119.97725, 38.49119], [-119.97703, 38.49124], [-119.97673, 38.49132], [-119.97654, 38.49134], [-119.9763, 38.49136], [-119.97597, 38.49141], [-119.9757, 38.49147], [-119.97527, 38.49148], [-119.97414, 38.49147], [-119.9735, 38.49146], [-119.97315, 38.4915], [-119.972324, 38.491633], [-119.9721, 38.49167], [-119.97123, 38.4918], [-119.97086, 38.49184], [-119.97039, 38.49183], [-119.97006, 38.49176], [-119.970002, 38.491723], [-119.96987, 38.49164], [-119.96947, 38.49132], [-119.96905, 38.49093], [-119.96881, 38.49082], [-119.96856, 38.49077], [-119.96771, 38.49074], [-119.967555, 38.490703], [-119.96754, 38.4907], [-119.96722, 38.49056], [-119.96706, 38.4905], [-119.96682, 38.49049], [-119.96667, 38.49052], [-119.96655, 38.49057], [-119.96617, 38.49084], [-119.96579, 38.49101], [-119.96562, 38.49112], [-119.96547, 38.49124], [-119.9654, 38.49137], [-119.96533, 38.49157], [-119.96525, 38.4919], [-119.96511, 38.49215], [-119.96485, 38.4925], [-119.96463, 38.49278], [-119.96439, 38.4929], [-119.964, 38.49301], [-119.96385, 38.49312], [-119.96375, 38.49326], [-119.96342, 38.49389], [-119.96313, 38.49415], [-119.96297, 38.49427], [-119.96286, 38.49443], [-119.96273, 38.49477], [-119.96273, 38.49487], [-119.96258, 38.49521], [-119.9623, 38.49558], [-119.962068, 38.495868], [-119.96202, 38.49593], [-119.96178, 38.49631], [-119.96147, 38.49688], [-119.961, 38.49807], [-119.960901, 38.498368], [-119.96089, 38.4984], [-119.9608, 38.49861], [-119.96062, 38.49889], [-119.96037, 38.49912], [-119.95994, 38.49948], [-119.95993, 38.499487], [-119.959583, 38.49975], [-119.95953, 38.49979], [-119.95919, 38.49999], [-119.95862, 38.50022], [-119.95812, 38.50041], [-119.95779, 38.50056], [-119.95746, 38.50078], [-119.95726, 38.50097], [-119.95695, 38.50128], [-119.95666, 38.501586], [-119.956258, 38.50201], [-119.95624, 38.50203], [-119.95597, 38.50227], [-119.95557, 38.50251], [-119.95521, 38.5027], [-119.95498, 38.502788], [-119.95466, 38.50291], [-119.95296, 38.50351], [-119.952737, 38.503574], [-119.95203, 38.50378], [-119.95158, 38.50387], [-119.95131, 38.50392], [-119.951, 38.50402], [-119.9504, 38.50424], [-119.94973, 38.5044], [-119.94941, 38.50451], [-119.94891, 38.5047], [-119.94874, 38.5048], [-119.94856, 38.50497], [-119.94841, 38.5052], [-119.94829, 38.5053], [-119.94812, 38.50537], [-119.94757, 38.50553], [-119.94708, 38.50577], [-119.946535, 38.506025], [-119.946189, 38.50611], [-119.945996, 38.506159], [-119.94595, 38.50617], [-119.94545, 38.50619], [-119.9451, 38.50619], [-119.94483, 38.50621], [-119.94462, 38.50625], [-119.944575, 38.506261], [-119.944, 38.50645], [-119.94388, 38.50653], [-119.94353, 38.50682], [-119.94318, 38.50709], [-119.94299, 38.50736], [-119.94278, 38.50771], [-119.94263, 38.5079], [-119.94232, 38.50814], [-119.94207, 38.50831], [-119.94165, 38.5087], [-119.94111, 38.50923], [-119.94067, 38.5096], [-119.93986, 38.51024], [-119.93959, 38.51038], [-119.93896, 38.51064], [-119.93867, 38.51075], [-119.93842, 38.51087], [-119.93752, 38.5114], [-119.93734, 38.5115], [-119.93691, 38.51182], [-119.936636, 38.511991], [-119.93598, 38.5124], [-119.935271, 38.512783], [-119.93489, 38.51299], [-119.93427, 38.51331], [-119.93368, 38.51356], [-119.933, 38.51381], [-119.9327, 38.51396], [-119.9322, 38.51427], [-119.93137, 38.51476], [-119.93101, 38.51488], [-119.93028, 38.51498], [-119.92991, 38.51505], [-119.92954, 38.51514], [-119.92899, 38.51519], [-119.92832, 38.51516], [-119.9276, 38.51504], [-119.92723, 38.51501], [-119.92662, 38.51492], [-119.92629, 38.51482], [-119.92604, 38.51465], [-119.9257, 38.51441], [-119.92534, 38.51421], [-119.92477, 38.51401], [-119.92395, 38.5137], [-119.92343, 38.51354], [-119.92292, 38.51341], [-119.92261, 38.5134], [-119.92225, 38.51345], [-119.92187, 38.51354], [-119.92153, 38.51364], [-119.92079, 38.5139], [-119.92029, 38.51409], [-119.92015, 38.51411], [-119.9196, 38.51405], [-119.91942, 38.51406], [-119.91769, 38.51455], [-119.9174, 38.5146], [-119.91689, 38.51474], [-119.9162, 38.51491], [-119.91584, 38.51501], [-119.91535, 38.51518], [-119.91405, 38.51566], [-119.913932, 38.515719], [-119.91391, 38.51573], [-119.91373, 38.51577], [-119.913322, 38.51581], [-119.91303, 38.5159], [-119.91261, 38.51605], [-119.91147, 38.51648], [-119.91132, 38.51649], [-119.911033, 38.516438], [-119.91099, 38.51643], [-119.910885, 38.516387], [-119.91082, 38.51636], [-119.910707, 38.516296], [-119.91059, 38.51623], [-119.91056, 38.516205], [-119.910449, 38.516113], [-119.91024, 38.51594], [-119.910177, 38.515919], [-119.91, 38.51586], [-119.909923, 38.515857], [-119.90975, 38.51585], [-119.90954, 38.51591], [-119.90928, 38.51605], [-119.90912, 38.51621], [-119.90896, 38.51647], [-119.90892, 38.51662], [-119.90894, 38.51679], [-119.90905, 38.51698], [-119.90935, 38.51736], [-119.90943, 38.51751], [-119.90942, 38.51776], [-119.9093, 38.51815], [-119.9093, 38.51883], [-119.90922, 38.51911], [-119.90913, 38.51934], [-119.909038, 38.519475], [-119.90898, 38.51956], [-119.90869, 38.51987], [-119.90848, 38.52007], [-119.908368, 38.520167], [-119.90817, 38.52034], [-119.9078, 38.52069], [-119.90744, 38.52102], [-119.90724, 38.52125], [-119.90702, 38.52148], [-119.90687, 38.52162], [-119.90648, 38.52178], [-119.9063, 38.52187], [-119.90613, 38.52199], [-119.90586, 38.52224], [-119.90583, 38.52239], [-119.90584, 38.52267], [-119.90586, 38.52295], [-119.90595, 38.52333], [-119.90595, 38.52342], [-119.9059, 38.52348], [-119.9058, 38.52351], [-119.90537, 38.52336], [-119.90517, 38.52335], [-119.90495, 38.52335], [-119.90486, 38.52332], [-119.90471, 38.52323], [-119.90455, 38.52309], [-119.90448, 38.52307], [-119.9044, 38.52306], [-119.90431, 38.52309], [-119.9042, 38.52314], [-119.90371, 38.52368], [-119.90361, 38.52368], [-119.90355, 38.52362], [-119.90352, 38.52353], [-119.90344, 38.52312], [-119.90342, 38.52289], [-119.9034, 38.52253], [-119.90333, 38.52243], [-119.9032, 38.52239], [-119.90305, 38.52243], [-119.9028, 38.52252], [-119.90254, 38.52267], [-119.90227, 38.52294], [-119.90209, 38.5231], [-119.90169, 38.5235], [-119.90154, 38.52362], [-119.9011, 38.52406], [-119.90082, 38.52435], [-119.90057, 38.52471], [-119.90026, 38.52521], [-119.90003, 38.52553], [-119.89977, 38.52571], [-119.8996, 38.52585], [-119.89956, 38.52597], [-119.89955, 38.52608], [-119.89964, 38.52645], [-119.89962, 38.52693], [-119.89959, 38.52716], [-119.89949, 38.52731], [-119.899172, 38.527673], [-119.899141, 38.52771], [-119.899112, 38.527749], [-119.89898, 38.52793], [-119.89897, 38.52818], [-119.89901, 38.52849], [-119.89904, 38.52907], [-119.8991, 38.52924], [-119.89928, 38.529631], [-119.89939, 38.52987], [-119.899527, 38.530148], [-119.8997, 38.5305], [-119.89977, 38.53063], [-119.89999, 38.53073], [-119.90029, 38.53086], [-119.900681, 38.531145], [-119.90077, 38.53121], [-119.90103, 38.53131], [-119.90141, 38.5315], [-119.90153, 38.53158], [-119.901656, 38.53164], [-119.90174, 38.53168], [-119.90204, 38.53176], [-119.90233, 38.53189], [-119.90259, 38.53207], [-119.90277, 38.53214], [-119.90311, 38.53217], [-119.90337, 38.53227], [-119.90354, 38.53239], [-119.90374, 38.53261], [-119.90396, 38.53293], [-119.90428, 38.53318], [-119.90453, 38.53341], [-119.90465, 38.53366], [-119.90469, 38.53384], [-119.90459, 38.53405], [-119.90422, 38.53431], [-119.904, 38.53436], [-119.90333, 38.53438], [-119.90304, 38.53443], [-119.90296, 38.53448], [-119.902749, 38.534707], [-119.9027, 38.53476], [-119.90269, 38.53486], [-119.90273, 38.53501], [-119.90277, 38.53534], [-119.90288, 38.53556], [-119.90293, 38.53567], [-119.90297, 38.53599], [-119.90287, 38.5361], [-119.90264, 38.53629], [-119.90228, 38.53642], [-119.90197, 38.53656], [-119.90171, 38.53684], [-119.90159, 38.5369], [-119.90101, 38.53698], [-119.90094, 38.537014], [-119.900463, 38.537257], [-119.900267, 38.53737], [-119.89978, 38.53765], [-119.89906, 38.53801], [-119.89854, 38.53815], [-119.89825, 38.5382], [-119.896634, 38.538273], [-119.89357, 38.53841], [-119.89327, 38.53844], [-119.89269, 38.53857], [-119.89224, 38.53873], [-119.89112, 38.53938], [-119.89087, 38.539588], [-119.89035, 38.54002], [-119.88974, 38.54059], [-119.88921, 38.54102], [-119.888824, 38.54124], [-119.88865, 38.54134], [-119.8877, 38.54172], [-119.887475, 38.54182], [-119.88676, 38.54214], [-119.885866, 38.542495], [-119.885814, 38.542513], [-119.885764, 38.542535], [-119.88545, 38.54266], [-119.885008, 38.542873], [-119.88441, 38.54316], [-119.88409, 38.54321], [-119.884025, 38.54321], [-119.88362, 38.54321], [-119.883038, 38.54321], [-119.882405, 38.54321], [-119.88222, 38.54321], [-119.882005, 38.543252], [-119.88176, 38.5433], [-119.88158, 38.543343], [-119.881058, 38.54347], [-119.88081, 38.54353], [-119.880316, 38.54366], [-119.88009, 38.54372], [-119.879892, 38.543751], [-119.87951, 38.54381], [-119.87917, 38.54379], [-119.879012, 38.543762], [-119.87883, 38.54373], [-119.87848, 38.54365], [-119.878395, 38.543614], [-119.87815, 38.54351], [-119.87785, 38.54334], [-119.877716, 38.543214], [-119.87751, 38.54302], [-119.87727, 38.5427], [-119.87699, 38.54244], [-119.87679, 38.54228], [-119.87649, 38.54209], [-119.87629, 38.54206], [-119.87606, 38.5421], [-119.87541, 38.54232], [-119.87533, 38.54244], [-119.87523, 38.54266], [-119.87513, 38.54317], [-119.875005, 38.543437], [-119.87499, 38.54347], [-119.87487, 38.54368], [-119.87455, 38.54416], [-119.87424, 38.5445], [-119.874, 38.54471], [-119.873858, 38.544786], [-119.87374, 38.54485], [-119.87316, 38.54506], [-119.87219, 38.54544], [-119.87134, 38.54572], [-119.8707, 38.54594], [-119.87045, 38.54606], [-119.87002, 38.54612], [-119.86963, 38.5462], [-119.86928, 38.54624], [-119.86851, 38.54642], [-119.86745, 38.54696], [-119.86705, 38.54712], [-119.8662, 38.54747], [-119.86537, 38.54784], [-119.86517, 38.547902], [-119.86492, 38.54798], [-119.86421, 38.54818], [-119.8638, 38.54827], [-119.86358, 38.54827], [-119.86304, 38.54818], [-119.86279, 38.54819], [-119.86254, 38.54826], [-119.86204, 38.54843], [-119.86169, 38.54853], [-119.86147, 38.54855], [-119.861134, 38.548483], [-119.86107, 38.54847], [-119.86041, 38.54847], [-119.85998, 38.54854], [-119.85957, 38.54863], [-119.85888, 38.54866], [-119.85859, 38.5487], [-119.85799, 38.54882], [-119.85757, 38.54888], [-119.857438, 38.54888], [-119.85708, 38.54888], [-119.85671, 38.54892], [-119.85625, 38.54899], [-119.856159, 38.548986], [-119.856102, 38.548982], [-119.856056, 38.548982], [-119.85601, 38.54898], [-119.85551, 38.54891], [-119.85473, 38.54893], [-119.85427, 38.54895], [-119.85406, 38.54904], [-119.85379, 38.5492], [-119.85316, 38.54961], [-119.85229, 38.55032], [-119.85204, 38.55053], [-119.85185, 38.55086], [-119.851842, 38.550868], [-119.85171, 38.551], [-119.851367, 38.551172], [-119.851204, 38.551253], [-119.8511, 38.551305], [-119.85109, 38.55131], [-119.85073, 38.55144], [-119.85004, 38.55176], [-119.8498, 38.55189], [-119.84964, 38.55203], [-119.849294, 38.552392], [-119.84922, 38.55247], [-119.84909, 38.55254], [-119.84888, 38.5526], [-119.84863, 38.55262], [-119.848602, 38.552616], [-119.84833, 38.55258], [-119.84809, 38.55246], [-119.848, 38.55233], [-119.847983, 38.552295], [-119.84792, 38.55216], [-119.8479, 38.55201], [-119.84793, 38.55187], [-119.84805, 38.55169], [-119.84842, 38.55121], [-119.84862, 38.55096], [-119.84875, 38.55084], [-119.84881, 38.55065], [-119.8488, 38.55053], [-119.84877, 38.55039], [-119.84854, 38.55015], [-119.848464, 38.550086], [-119.8478, 38.54953], [-119.84734, 38.54933], [-119.84705, 38.54922], [-119.84646, 38.54917], [-119.84592, 38.54914], [-119.84449, 38.54901], [-119.84411, 38.54894], [-119.84358, 38.54873], [-119.84331, 38.54871], [-119.84246, 38.54874], [-119.84171, 38.54867], [-119.84056, 38.54857], [-119.83994, 38.54844], [-119.83891, 38.5483], [-119.838628, 38.54825], [-119.83823, 38.54818], [-119.8373, 38.54792], [-119.83674, 38.54777], [-119.83604, 38.54779], [-119.83572, 38.54775], [-119.83532, 38.54761], [-119.835, 38.54755], [-119.83371, 38.54719], [-119.8335, 38.54714], [-119.83297, 38.54696], [-119.83256, 38.5469], [-119.83239, 38.546886], [-119.83196, 38.54685], [-119.83123, 38.54673], [-119.830635, 38.546594], [-119.83053, 38.54657], [-119.82976, 38.54651], [-119.82905, 38.54657], [-119.82876, 38.54655], [-119.828499, 38.546541], [-119.82815, 38.54653], [-119.82729, 38.54627], [-119.82694, 38.54613], [-119.8264, 38.54588], [-119.826376, 38.545869], [-119.826351, 38.545857], [-119.826301, 38.545836], [-119.82578, 38.5456], [-119.82507, 38.54526], [-119.82444, 38.54507], [-119.8242, 38.54496], [-119.824154, 38.544935], [-119.82366, 38.54467], [-119.82346, 38.54464], [-119.82306, 38.54457], [-119.82254, 38.54446], [-119.82217, 38.54441], [-119.821911, 38.544363], [-119.82167, 38.54432], [-119.821406, 38.544252], [-119.82086, 38.54411], [-119.82032, 38.54399], [-119.81993, 38.54387], [-119.8194, 38.54374], [-119.81906, 38.54361], [-119.8188, 38.54352], [-119.81802, 38.54342], [-119.81763, 38.54346], [-119.816968, 38.543485], [-119.81683, 38.54349], [-119.816762, 38.543496], [-119.81619, 38.54355], [-119.81585, 38.54364], [-119.815742, 38.543659], [-119.81568, 38.54367], [-119.81485, 38.54363], [-119.8146, 38.54358], [-119.81418, 38.54347], [-119.81358, 38.54342], [-119.81307, 38.54344], [-119.81289, 38.5435], [-119.81262, 38.5436], [-119.81245, 38.54377], [-119.812235, 38.544054], [-119.81205, 38.5443], [-119.811926, 38.544405], [-119.81144, 38.54482], [-119.81131, 38.54496], [-119.8112, 38.54521], [-119.811241, 38.545512], [-119.81126, 38.54565], [-119.81118, 38.54579], [-119.811142, 38.545826], [-119.811057, 38.545907], [-119.81098, 38.54598], [-119.81056, 38.54612], [-119.81021, 38.54627], [-119.810192, 38.546279], [-119.809665, 38.546564], [-119.80919, 38.54682], [-119.80882, 38.547], [-119.80825, 38.54747], [-119.808241, 38.547479], [-119.807859, 38.547868], [-119.80776, 38.54797], [-119.80755, 38.54824], [-119.80739, 38.54846], [-119.80732, 38.54864], [-119.80728, 38.54899], [-119.80729, 38.54908], [-119.8074, 38.54929], [-119.8075, 38.54946], [-119.80754, 38.54952], [-119.80758, 38.54963], [-119.8076, 38.54996], [-119.80756, 38.55029], [-119.80745, 38.5507], [-119.80736, 38.55136], [-119.80732, 38.5519], [-119.807359, 38.553144], [-119.807367, 38.553393], [-119.80759, 38.55364], [-119.80799, 38.554], [-119.80813, 38.55417], [-119.80816, 38.55439], [-119.80815, 38.55467], [-119.80802, 38.55489], [-119.8078, 38.55512], [-119.80769, 38.55528], [-119.80759, 38.55567], [-119.80755, 38.55613], [-119.8074, 38.5565], [-119.807388, 38.556567], [-119.807501, 38.557262], [-119.80816, 38.55797], [-119.80821, 38.55849], [-119.808204, 38.558598], [-119.80817, 38.55918], [-119.80809, 38.55946], [-119.80786, 38.55986], [-119.807443, 38.560693], [-119.8072, 38.5611], [-119.80689, 38.56183], [-119.80659, 38.5622], [-119.80622, 38.56244], [-119.80567, 38.56284], [-119.80539, 38.56306], [-119.80527, 38.56323], [-119.80498, 38.56376], [-119.80473, 38.56417], [-119.80451, 38.56457], [-119.80432, 38.56483], [-119.80379, 38.56534], [-119.80362, 38.56557], [-119.80347, 38.56595], [-119.80311, 38.56669], [-119.80302, 38.5671], [-119.80307, 38.56734], [-119.80322, 38.56753], [-119.80351, 38.56774], [-119.80404, 38.56797], [-119.80434, 38.56805], [-119.80473, 38.56811], [-119.80523, 38.5682], [-119.80564, 38.56829], [-119.80594, 38.56837], [-119.80623, 38.56849], [-119.806303, 38.56853], [-119.80654, 38.56866], [-119.80681, 38.56878], [-119.80702, 38.5689], [-119.80712, 38.56901], [-119.807136, 38.569033], [-119.80724, 38.56918], [-119.80726, 38.56944], [-119.80722, 38.56963], [-119.80698, 38.56988], [-119.80674, 38.5702], [-119.80639, 38.57073], [-119.80627, 38.57097], [-119.80591, 38.57177], [-119.80561, 38.57218], [-119.80542, 38.57252], [-119.80541, 38.5727], [-119.80547, 38.5729], [-119.80557, 38.57303], [-119.80589, 38.57316], [-119.80607, 38.57324], [-119.80617, 38.57333], [-119.806285, 38.573593], [-119.80634, 38.573754], [-119.806345, 38.573887], [-119.806323, 38.574042], [-119.80629, 38.57415], [-119.806323, 38.574222], [-119.8064, 38.57439], [-119.80642, 38.57473], [-119.80636, 38.57513], [-119.806277, 38.575487], [-119.80623, 38.57569], [-119.80615, 38.576], [-119.80615, 38.57626], [-119.80622, 38.57649], [-119.8062, 38.57693], [-119.80624, 38.5771], [-119.80718, 38.57835], [-119.80729, 38.57851], [-119.807441, 38.578974], [-119.807458, 38.579024], [-119.80741, 38.57927], [-119.80688, 38.57972], [-119.806621, 38.579868], [-119.8066, 38.57988], [-119.80633, 38.58006], [-119.805778, 38.580378], [-119.80562, 38.58047], [-119.80529, 38.5806], [-119.80487, 38.58061], [-119.80441, 38.58069], [-119.80426, 38.58069], [-119.80388, 38.58065], [-119.80374, 38.58067], [-119.80302, 38.58081], [-119.8029, 38.580849], [-119.80269, 38.58092], [-119.80228, 38.58111], [-119.802031, 38.581299], [-119.80195, 38.58136], [-119.80143, 38.58181], [-119.80114, 38.58201], [-119.80083, 38.58217], [-119.80064, 38.58223], [-119.80031, 38.58222], [-119.79928, 38.58216], [-119.79897, 38.58219], [-119.79879, 38.58218], [-119.79843, 38.5821], [-119.79813, 38.58201], [-119.797736, 38.582011], [-119.79739, 38.58216], [-119.79734, 38.58299], [-119.79719, 38.5838], [-119.79711, 38.58399], [-119.797, 38.58417], [-119.79701, 38.58484], [-119.796892, 38.585037], [-119.79682, 38.58516], [-119.79655, 38.58541], [-119.79613, 38.58568], [-119.79589, 38.58578], [-119.79564, 38.58583], [-119.79517, 38.58584], [-119.79473, 38.58578], [-119.794706, 38.58579], [-119.79389, 38.58623], [-119.79386, 38.58639], [-119.79373, 38.58652], [-119.79325, 38.58658], [-119.7926, 38.58664], [-119.7922, 38.58664], [-119.79185, 38.58668], [-119.79139, 38.58674], [-119.79119, 38.58668], [-119.79108, 38.58656], [-119.79105, 38.58638], [-119.79103, 38.58604], [-119.79081, 38.58561], [-119.79065, 38.58532], [-119.79059, 38.58497], [-119.79056, 38.58468], [-119.79037, 38.58422], [-119.79, 38.58383], [-119.78949, 38.58339], [-119.78938, 38.58332], [-119.78928, 38.58333], [-119.7892, 38.58338], [-119.78919, 38.58349], [-119.78925, 38.58363], [-119.78961, 38.58395], [-119.78969, 38.58409], [-119.7897, 38.5842], [-119.7897, 38.58467], [-119.78971, 38.58498], [-119.78968, 38.58513], [-119.78956, 38.58531], [-119.78949, 38.58547], [-119.7895, 38.58562], [-119.78955, 38.58587], [-119.7897, 38.58643], [-119.78973, 38.58716], [-119.7899, 38.58752], [-119.79009, 38.58783], [-119.79025, 38.58819], [-119.79048, 38.5884], [-119.7908, 38.58864], [-119.79108, 38.58895], [-119.79127, 38.58902], [-119.79158, 38.58911], [-119.791937, 38.589322], [-119.792091, 38.589533], [-119.791955, 38.589925], [-119.791286, 38.590518], [-119.79085, 38.59076], [-119.79063, 38.59073], [-119.79048, 38.59061], [-119.79044, 38.59053], [-119.79047, 38.59032], [-119.79057, 38.59001], [-119.7906, 38.58974], [-119.79052, 38.58929], [-119.79043, 38.58907], [-119.79027, 38.58896], [-119.78992, 38.58889], [-119.78915, 38.58888], [-119.78895, 38.5888], [-119.78881, 38.58865], [-119.78875, 38.58843], [-119.788753, 38.588332], [-119.78878, 38.58763], [-119.78874, 38.58743], [-119.78852, 38.58694], [-119.78836, 38.58675], [-119.78809, 38.58658], [-119.787504, 38.58571], [-119.787489, 38.585517], [-119.78727, 38.58535], [-119.78713, 38.5853], [-119.78699, 38.58534], [-119.78695, 38.58545], [-119.786961, 38.585811], [-119.78719, 38.58623], [-119.78738, 38.58657], [-119.787645, 38.587224], [-119.787725, 38.588294], [-119.787388, 38.5887], [-119.786903, 38.588787], [-119.785964, 38.58889], [-119.7848, 38.58902], [-119.78468, 38.58907], [-119.78456, 38.58918], [-119.78451, 38.58929], [-119.78455, 38.58944], [-119.7847, 38.58949], [-119.78513, 38.58951], [-119.78561, 38.589661], [-119.785852, 38.589738], [-119.78597, 38.58987], [-119.78611, 38.59002], [-119.78618, 38.59016], [-119.786173, 38.590312], [-119.78617, 38.59039], [-119.78602, 38.59059], [-119.78562, 38.59093], [-119.78509, 38.59148], [-119.785069, 38.591489], [-119.784778, 38.591893], [-119.7844, 38.59242], [-119.78428, 38.59257], [-119.78425, 38.59264], [-119.7843, 38.59309], [-119.784301, 38.593189], [-119.784567, 38.593772], [-119.784542, 38.594178], [-119.784227, 38.594633], [-119.783704, 38.595175], [-119.781637, 38.596734], [-119.78061, 38.59751], [-119.779829, 38.597847], [-119.77959, 38.59795], [-119.77908, 38.59818], [-119.77847, 38.59847], [-119.77808, 38.59874], [-119.77718, 38.59943], [-119.776983, 38.599603], [-119.77641, 38.60011], [-119.77515, 38.60115], [-119.77426, 38.60169], [-119.77322, 38.60244], [-119.77241, 38.60305], [-119.77161, 38.60366], [-119.77088, 38.60425], [-119.7692, 38.60563], [-119.769014, 38.605786], [-119.76817, 38.6065], [-119.76766, 38.60679], [-119.76695, 38.60716], [-119.76649, 38.60741], [-119.766202, 38.607608], [-119.76617, 38.60763], [-119.76593, 38.60783], [-119.765757, 38.607985], [-119.76572, 38.60802], [-119.76554, 38.60822], [-119.76536, 38.60847], [-119.76523, 38.60868], [-119.76504, 38.6091], [-119.764877, 38.609481], [-119.76481, 38.60964], [-119.764669, 38.610026], [-119.76458, 38.61027], [-119.76435, 38.61088], [-119.76417, 38.61116], [-119.76405, 38.61137], [-119.76381, 38.6116], [-119.76364, 38.61177], [-119.76348, 38.61198], [-119.763383, 38.612118], [-119.76327, 38.61228], [-119.76277, 38.61284], [-119.76241, 38.61311], [-119.76201, 38.61334], [-119.76164, 38.61349], [-119.76141, 38.61355], [-119.76124, 38.61356], [-119.76088, 38.61353], [-119.76057, 38.61346], [-119.76027, 38.61336], [-119.75986, 38.61317], [-119.7593, 38.61288], [-119.75897, 38.61268], [-119.75886, 38.61262], [-119.75873, 38.61262], [-119.7586, 38.61269], [-119.75845, 38.61285], [-119.75802, 38.61329], [-119.75749, 38.61385], [-119.75724, 38.614074], [-119.7571, 38.6142], [-119.75656, 38.6146], [-119.75623, 38.61488], [-119.75597, 38.61514], [-119.75574, 38.61541], [-119.755367, 38.615706], [-119.75506, 38.61595], [-119.75446, 38.61628], [-119.75417, 38.61648], [-119.75377, 38.61672], [-119.75327, 38.6169], [-119.75303, 38.61702], [-119.75286, 38.61717], [-119.752734, 38.617328], [-119.75267, 38.61741], [-119.75252, 38.6175], [-119.7524, 38.61754], [-119.75228, 38.61756], [-119.75204, 38.61746], [-119.75181, 38.61731], [-119.75163, 38.61724], [-119.75142, 38.61721], [-119.75116, 38.61725], [-119.75097, 38.6173], [-119.75073, 38.6174], [-119.75054, 38.61758], [-119.75039, 38.61773], [-119.75023, 38.61788], [-119.75008, 38.61797], [-119.7499, 38.61812], [-119.74976, 38.6183], [-119.74962, 38.61845], [-119.74947, 38.6185], [-119.74929, 38.61851], [-119.74895, 38.61851], [-119.7485, 38.6185], [-119.74825, 38.61849], [-119.74797, 38.61844], [-119.74775, 38.61843], [-119.74755, 38.61845], [-119.74734, 38.61852], [-119.74679, 38.61879], [-119.74653, 38.61886], [-119.74612, 38.61903], [-119.74578, 38.61913], [-119.74513, 38.61924], [-119.74476, 38.61928], [-119.74439, 38.61934], [-119.744135, 38.619389], [-119.74403, 38.61941], [-119.7432, 38.61965], [-119.74236, 38.61979], [-119.74202, 38.61988], [-119.74184, 38.61995], [-119.74168, 38.62006], [-119.74158, 38.62017], [-119.74146, 38.62032], [-119.741339, 38.620505], [-119.74129, 38.62058], [-119.74118, 38.62072], [-119.74107, 38.62079], [-119.7409, 38.62084], [-119.74058, 38.62091], [-119.74026, 38.621], [-119.74013, 38.62104], [-119.73975, 38.62108], [-119.73953, 38.62109], [-119.73928, 38.62115], [-119.73894, 38.62125], [-119.7382, 38.62153], [-119.7379, 38.62168], [-119.73765, 38.62183], [-119.73745, 38.622], [-119.73744, 38.622007], [-119.73694, 38.62241], [-119.73672, 38.62254], [-119.73655, 38.6226], [-119.73632, 38.62266], [-119.73595, 38.62271], [-119.73551, 38.62278], [-119.7351, 38.62289], [-119.73486, 38.62299], [-119.73464, 38.62309], [-119.73438, 38.62328], [-119.73421, 38.62345], [-119.734052, 38.623593], [-119.734, 38.62364], [-119.7337, 38.62382], [-119.7334, 38.62392], [-119.73268, 38.62415], [-119.73237, 38.62427], [-119.73208, 38.62448], [-119.73186, 38.62461], [-119.73136, 38.62483], [-119.73114, 38.62499], [-119.73092, 38.62509], [-119.73075, 38.62515], [-119.73053, 38.62522], [-119.73029, 38.62536], [-119.73011, 38.62549], [-119.7299, 38.6257], [-119.72962, 38.62607], [-119.72902, 38.62664], [-119.72874, 38.62689], [-119.72841, 38.62711], [-119.72812, 38.62728], [-119.72789, 38.62743], [-119.72768, 38.62765], [-119.7275, 38.62783], [-119.72732, 38.62793], [-119.72708, 38.628], [-119.72675, 38.62809], [-119.726507, 38.628183], [-119.72649, 38.62819], [-119.7262, 38.62833], [-119.72579, 38.62852], [-119.72545, 38.62872], [-119.72516, 38.62891], [-119.72497, 38.6291], [-119.72485, 38.62925], [-119.72461, 38.62962], [-119.724538, 38.629692], [-119.7245, 38.62973], [-119.72404, 38.62987], [-119.72381, 38.62997], [-119.72365, 38.63011], [-119.72354, 38.63029], [-119.72352, 38.63045], [-119.72351, 38.63082], [-119.72351, 38.63116], [-119.72354, 38.63186], [-119.723553, 38.632375], [-119.72356, 38.63264], [-119.72358, 38.63312], [-119.72356, 38.63334], [-119.72344, 38.63379], [-119.72334, 38.63407], [-119.7233, 38.63427], [-119.72328, 38.63444], [-119.72329, 38.63474], [-119.72337, 38.63501], [-119.72355, 38.63554], [-119.72377, 38.63651], [-119.72379, 38.63677], [-119.723768, 38.636938], [-119.72376, 38.63701], [-119.72368, 38.63728], [-119.72357, 38.63755], [-119.72345, 38.63781], [-119.72341, 38.63798], [-119.72339, 38.63822], [-119.723392, 38.638269], [-119.723398, 38.638385], [-119.7234, 38.638429], [-119.723407, 38.638458], [-119.723414, 38.638485], [-119.723434, 38.638567], [-119.72344, 38.63859], [-119.72353, 38.63879], [-119.723715, 38.639137], [-119.72376, 38.63922], [-119.72386, 38.63946], [-119.72396, 38.63981], [-119.72398, 38.64024], [-119.72397, 38.64068], [-119.72393, 38.64108], [-119.72387, 38.64132], [-119.723805, 38.641396], [-119.72371, 38.64151], [-119.7236, 38.64162], [-119.72341, 38.64173], [-119.723229, 38.641815], [-119.723177, 38.641834], [-119.723135, 38.641859], [-119.72309, 38.64188], [-119.72265, 38.64202], [-119.72244, 38.6421], [-119.72225, 38.64221], [-119.72205, 38.64236], [-119.72193, 38.64253], [-119.72184, 38.64274], [-119.72183, 38.64289], [-119.72184, 38.64311], [-119.72188, 38.64333], [-119.72194, 38.64358], [-119.72202, 38.64383], [-119.722113, 38.644024], [-119.72213, 38.64406], [-119.72228, 38.64425], [-119.72251, 38.64447], [-119.72277, 38.64474], [-119.722791, 38.64476], [-119.72304, 38.645], [-119.72334, 38.64528], [-119.723547, 38.645421], [-119.72356, 38.64543], [-119.72373, 38.64552], [-119.72394, 38.64558], [-119.72431, 38.64566], [-119.72473, 38.64578], [-119.72523, 38.64601], [-119.725368, 38.646096], [-119.72584, 38.64639], [-119.72627, 38.64668], [-119.72667, 38.64692], [-119.72705, 38.64717], [-119.72734, 38.64737], [-119.72767, 38.64759], [-119.72784, 38.64771], [-119.72796, 38.64784], [-119.72802, 38.64798], [-119.72805, 38.64816], [-119.72801, 38.64836], [-119.72794, 38.64852], [-119.72779, 38.64867], [-119.72754, 38.6489], [-119.72731, 38.64906], [-119.72704, 38.64926], [-119.72685, 38.64939], [-119.72658, 38.64953], [-119.726276, 38.649641], [-119.72617, 38.64968], [-119.7258, 38.6498], [-119.72534, 38.64994], [-119.7248, 38.65019], [-119.72467, 38.65029], [-119.724505, 38.650426], [-119.72439, 38.65059], [-119.72433, 38.65073], [-119.7243, 38.65095], [-119.72431, 38.65118], [-119.72443, 38.65155], [-119.7246, 38.6519], [-119.724682, 38.652126], [-119.72472, 38.65223], [-119.72478, 38.65245], [-119.72478, 38.65264], [-119.72475, 38.65284], [-119.7247, 38.65302], [-119.72455, 38.65336], [-119.72439, 38.6536], [-119.72405, 38.65402], [-119.72394, 38.65426], [-119.72385, 38.65454], [-119.72381, 38.65479], [-119.72382, 38.65498], [-119.72385, 38.65513], [-119.72391, 38.65528], [-119.72404, 38.65543], [-119.72415, 38.65553], [-119.72433, 38.65565], [-119.72451, 38.65578], [-119.72461, 38.6559], [-119.72467, 38.65602], [-119.72467, 38.65622], [-119.72464, 38.65637], [-119.72457, 38.6565], [-119.72441, 38.65676], [-119.724349, 38.656904], [-119.72431, 38.657], [-119.72426, 38.65718], [-119.72425, 38.65735], [-119.72427, 38.65758], [-119.72434, 38.6578], [-119.72451, 38.65801], [-119.72478, 38.65818], [-119.72506, 38.65832], [-119.72529, 38.65843], [-119.72545, 38.65853], [-119.7257, 38.65873], [-119.72583, 38.65889], [-119.725859, 38.658935], [-119.726, 38.65915], [-119.72607, 38.659343], [-119.72608, 38.65937], [-119.726264, 38.659931], [-119.72632, 38.6601], [-119.726331, 38.660127], [-119.726358, 38.660197], [-119.726442, 38.660409], [-119.72647, 38.66048]]}, "props": {"MTFCC": "S1200", "NAME": null}}, {"geom": {"type": "LineString", "coordinates": [[-119.937276, 38.49991], [-119.937444, 38.498807], [-119.937362, 38.497974], [-119.93721, 38.497558], [-119.937153, 38.497399], [-119.936966, 38.496768], [-119.93691, 38.49629], [-119.936293, 38.495656], [-119.935761, 38.494731], [-119.935619, 38.493808], [-119.935492, 38.493201], [-119.935561, 38.492621], [-119.935709, 38.49217], [-119.935411, 38.492255], [-119.935141, 38.492479], [-119.934847, 38.492251], [-119.934912, 38.49198], [-119.935051, 38.491413], [-119.935245, 38.490687], [-119.935202, 38.490065], [-119.934839, 38.489823], [-119.934784, 38.489787], [-119.934663, 38.489717], [-119.934309, 38.489513], [-119.934113, 38.489447], [-119.933919, 38.489383]]}, "props": {"MTFCC": "S1710", "NAME": null}}, {"geom": {"type": "LineString", "coordinates": [[-119.75493, 38.79566], [-119.755087, 38.79566], [-119.75531, 38.79566], [-119.75551, 38.79564], [-119.755558, 38.795625], [-119.75571, 38.79558]]}, "props": {"MTFCC": "S1400", "NAME": null}}, {"geom": {"type": "LineString", "coordinates": [[-119.77457, 38.81417], [-119.774286, 38.81421], [-119.77406, 38.814257], [-119.773947, 38.814316], [-119.77389, 38.81439], [-119.77375, 38.81459], [-119.77354, 38.81499]]}, "props": {"MTFCC": "S1750", "NAME": null}}, {"geom": {"type": "LineString", "coordinates": [[-119.634544, 38.609768], [-119.634342, 38.609969], [-119.633794, 38.610518], [-119.633721, 38.610555], [-119.633469, 38.610688], [-119.632908, 38.610968], [-119.632795, 38.611077], [-119.631797, 38.612054], [-119.63148, 38.612608], [-119.631501, 38.612923], [-119.63153, 38.613344], [-119.631752, 38.613631], [-119.631833, 38.61378], [-119.63185, 38.61381], [-119.631886, 38.614242], [-119.631861, 38.614279], [-119.631768, 38.614422], [-119.631627, 38.614688], [-119.63158, 38.614751], [-119.63158, 38.614902], [-119.631517, 38.6151], [-119.631469, 38.615235], [-119.631485, 38.615354], [-119.631437, 38.615457], [-119.631437, 38.615599], [-119.631429, 38.615789], [-119.631342, 38.615972], [-119.631239, 38.616067], [-119.631192, 38.616273], [-119.631112, 38.616423], [-119.631049, 38.616455], [-119.631033, 38.616574], [-119.630898, 38.61674], [-119.630708, 38.616899], [-119.630558, 38.617089], [-119.630257, 38.617255], [-119.630098, 38.617319], [-119.629916, 38.617525], [-119.629742, 38.617644], [-119.629565, 38.617713], [-119.629417, 38.617778], [-119.629305, 38.61796], [-119.629115, 38.618142], [-119.628973, 38.618308], [-119.628727, 38.618365], [-119.62845, 38.618404], [-119.628355, 38.61842], [-119.628284, 38.618484], [-119.628331, 38.61861], [-119.628355, 38.618729], [-119.628291, 38.618904], [-119.628212, 38.618975], [-119.628181, 38.619086], [-119.628188, 38.619157], [-119.62822, 38.619221], [-119.628236, 38.619268], [-119.62822, 38.619339], [-119.628188, 38.619379], [-119.628173, 38.619434], [-119.628181, 38.619458], [-119.62826, 38.619482], [-119.628291, 38.619537], [-119.628323, 38.619585], [-119.628387, 38.619625], [-119.62849, 38.619664], [-119.628545, 38.619704], [-119.628593, 38.619799], [-119.628696, 38.619862], [-119.628791, 38.619878], [-119.628878, 38.620013], [-119.629013, 38.62014], [-119.629076, 38.620235], [-119.629187, 38.620274], [-119.629266, 38.620274], [-119.629337, 38.620409], [-119.629329, 38.620536], [-119.629425, 38.620671], [-119.629472, 38.620774], [-119.629472, 38.620869], [-119.629478, 38.621121], [-119.62939, 38.621269], [-119.62939, 38.621438], [-119.629373, 38.621539], [-119.629345, 38.621607], [-119.629251, 38.621696], [-119.629108, 38.621826], [-119.629075, 38.621899], [-119.629106, 38.621975], [-119.629045, 38.62205], [-119.628997, 38.62211], [-119.629007, 38.622243], [-119.628985, 38.622372], [-119.628872, 38.622372], [-119.628823, 38.622408], [-119.628771, 38.622552], [-119.628683, 38.622795], [-119.628703, 38.622912], [-119.628636, 38.623081], [-119.628567, 38.623115], [-119.628592, 38.623475], [-119.628562, 38.623609], [-119.628568, 38.623727], [-119.628567, 38.623826], [-119.628573, 38.623919], [-119.628551, 38.624042], [-119.628509, 38.624107], [-119.628489, 38.624204], [-119.628463, 38.624328], [-119.628506, 38.624431], [-119.628444, 38.624582], [-119.628433, 38.624785], [-119.628353, 38.624947], [-119.628441, 38.625148], [-119.62858, 38.625227], [-119.628633, 38.625424], [-119.628633, 38.625515], [-119.628708, 38.625722], [-119.628745, 38.625914], [-119.628762, 38.626058], [-119.628858, 38.626301], [-119.628911, 38.626435], [-119.62895, 38.62664], [-119.629013, 38.626908], [-119.629144, 38.627202], [-119.629233, 38.627547], [-119.629325, 38.627779], [-119.629458, 38.628016], [-119.629533, 38.628134], [-119.62958, 38.628288], [-119.62966, 38.628442], [-119.629719, 38.628575], [-119.629772, 38.628724], [-119.629772, 38.628836], [-119.629873, 38.628996], [-119.629905, 38.62906], [-119.629873, 38.629198], [-119.629831, 38.629288], [-119.629878, 38.629464], [-119.629942, 38.629501], [-119.629942, 38.629555], [-119.6299, 38.629672], [-119.629916, 38.629826], [-119.629926, 38.629975], [-119.629905, 38.630085], [-119.629933, 38.63024], [-119.629985, 38.630385], [-119.630075, 38.630912], [-119.630113, 38.631082], [-119.630108, 38.631264], [-119.630182, 38.631428], [-119.630193, 38.631561], [-119.630162, 38.631652], [-119.630175, 38.631748], [-119.630262, 38.631923], [-119.630342, 38.632072], [-119.630352, 38.632258], [-119.630395, 38.632376], [-119.630368, 38.632551], [-119.630373, 38.632764], [-119.630384, 38.632913], [-119.630326, 38.633089], [-119.630177, 38.63344], [-119.63015, 38.633546], [-119.630097, 38.63369], [-119.630001, 38.633855], [-119.62973, 38.634327], [-119.629612, 38.634659], [-119.629543, 38.63476], [-119.629288, 38.634914], [-119.629219, 38.63501], [-119.629048, 38.635127], [-119.628979, 38.635255], [-119.628827, 38.635363], [-119.628742, 38.635477], [-119.628681, 38.635617], [-119.628553, 38.635793], [-119.628376, 38.635975], [-119.628276, 38.636059], [-119.628154, 38.636112], [-119.628026, 38.636229], [-119.62784, 38.636314], [-119.627345, 38.636319], [-119.627116, 38.636341], [-119.626994, 38.636357], [-119.626878, 38.636416], [-119.626819, 38.636492], [-119.62694, 38.636705], [-119.627042, 38.636886], [-119.627047, 38.636987], [-119.627021, 38.637147], [-119.627021, 38.637344], [-119.627081, 38.637692], [-119.62727, 38.638063], [-119.627286, 38.638238], [-119.627372, 38.638355], [-119.627451, 38.638536], [-119.627563, 38.638776], [-119.627643, 38.638973], [-119.627675, 38.639122], [-119.627702, 38.639239], [-119.627862, 38.639398], [-119.628027, 38.639543], [-119.628175, 38.639622], [-119.62833, 38.639874], [-119.628473, 38.64016], [-119.628505, 38.640303], [-119.628564, 38.640405], [-119.628708, 38.640538], [-119.628894, 38.640697], [-119.629155, 38.640777], [-119.629266, 38.640804], [-119.629698, 38.64074], [-119.62991, 38.640708], [-119.630139, 38.640697], [-119.630283, 38.640724], [-119.630496, 38.640793], [-119.630581, 38.640852], [-119.630709, 38.641075], [-119.630831, 38.641241], [-119.631119, 38.641453], [-119.631475, 38.641703], [-119.631741, 38.641943], [-119.631944, 38.64206], [-119.632103, 38.642166], [-119.632385, 38.642251], [-119.632471, 38.642267], [-119.632492, 38.642353], [-119.632556, 38.64239], [-119.632801, 38.642565], [-119.633072, 38.642693], [-119.633104, 38.642773], [-119.633128, 38.642947], [-119.633141, 38.643092], [-119.633062, 38.643229], [-119.632992, 38.643337], [-119.632949, 38.64351], [-119.63288, 38.643571], [-119.632912, 38.643678], [-119.632838, 38.643784], [-119.632698, 38.643958], [-119.63266, 38.644053], [-119.632623, 38.644147], [-119.632689, 38.644274], [-119.632806, 38.644444], [-119.632848, 38.644625], [-119.63279, 38.644742], [-119.632779, 38.64487], [-119.632827, 38.644966], [-119.632811, 38.645104], [-119.632801, 38.645232], [-119.632875, 38.645424], [-119.632902, 38.645509], [-119.63274, 38.645686], [-119.632493, 38.645743], [-119.632113, 38.645577], [-119.631699, 38.645509], [-119.63155, 38.645491], [-119.631318, 38.645656], [-119.631351, 38.645802], [-119.631529, 38.646125], [-119.631489, 38.64627], [-119.631519, 38.646492], [-119.631529, 38.646662], [-119.631396, 38.646819], [-119.631339, 38.646906], [-119.631312, 38.647087], [-119.631315, 38.647244], [-119.631292, 38.647331], [-119.631262, 38.647614], [-119.631252, 38.647898], [-119.631305, 38.648042], [-119.631392, 38.648199], [-119.631115, 38.648259], [-119.630842, 38.648411], [-119.630641, 38.648752], [-119.630487, 38.648802], [-119.630337, 38.648855], [-119.63014, 38.648989], [-119.630033, 38.649096], [-119.630013, 38.649243], [-119.629986, 38.64933], [-119.629872, 38.64933], [-119.629642, 38.649346], [-119.629572, 38.649406], [-119.629512, 38.64947], [-119.629318, 38.649437], [-119.629231, 38.649473], [-119.629244, 38.64968], [-119.629204, 38.649797], [-119.629164, 38.649831], [-119.629021, 38.649867], [-119.628927, 38.649854], [-119.62886, 38.649871], [-119.628854, 38.649934], [-119.628837, 38.649964], [-119.628877, 38.650058], [-119.628857, 38.650278], [-119.62881, 38.650505], [-119.628727, 38.650542], [-119.628687, 38.650592], [-119.628723, 38.650656], [-119.628717, 38.650743], [-119.628647, 38.650806], [-119.6286, 38.650863], [-119.62861, 38.650973], [-119.628606, 38.651053], [-119.628583, 38.651153], [-119.628426, 38.651173], [-119.628406, 38.651187], [-119.628376, 38.651277], [-119.628319, 38.651304], [-119.628309, 38.651357], [-119.628239, 38.651447], [-119.628166, 38.651531], [-119.628085, 38.651551], [-119.627999, 38.651558], [-119.627872, 38.651644], [-119.627461, 38.651935], [-119.627354, 38.651992], [-119.627197, 38.652015], [-119.626973, 38.652025], [-119.626866, 38.652055], [-119.626709, 38.652125], [-119.626626, 38.652179], [-119.626515, 38.652196], [-119.626432, 38.652196], [-119.626338, 38.652142], [-119.626218, 38.652142], [-119.626038, 38.652212], [-119.625864, 38.652269], [-119.625724, 38.652269], [-119.625553, 38.652222], [-119.625397, 38.652216], [-119.625099, 38.652222], [-119.624916, 38.652202], [-119.624732, 38.652179], [-119.624535, 38.652192], [-119.624364, 38.652239], [-119.624187, 38.652256], [-119.62401, 38.652272], [-119.6239, 38.652279], [-119.623793, 38.652316], [-119.623629, 38.652322], [-119.623222, 38.652284], [-119.62314, 38.652324], [-119.623079, 38.652357], [-119.623079, 38.652432], [-119.623126, 38.652517], [-119.62313, 38.652587], [-119.623093, 38.652681], [-119.623083, 38.652799], [-119.623041, 38.652874], [-119.623022, 38.653171], [-119.623003, 38.653359], [-119.623036, 38.653622], [-119.623121, 38.654046], [-119.623229, 38.654319], [-119.62321, 38.654455], [-119.623074, 38.65461], [-119.623018, 38.65469], [-119.623008, 38.654874], [-119.623051, 38.654991], [-119.623163, 38.655208], [-119.623187, 38.655326], [-119.623173, 38.655471], [-119.623196, 38.655561], [-119.623323, 38.655824], [-119.623394, 38.655989], [-119.623403, 38.656135], [-119.623366, 38.656313], [-119.623267, 38.656464], [-119.622933, 38.656586], [-119.62274, 38.65669], [-119.622575, 38.656826], [-119.622477, 38.656911], [-119.622175, 38.656977], [-119.622152, 38.657085], [-119.622157, 38.65725], [-119.622124, 38.657424], [-119.622077, 38.65772], [-119.622128, 38.657861], [-119.622081, 38.657955], [-119.622077, 38.658092], [-119.62211, 38.658402], [-119.622119, 38.658746], [-119.6221, 38.658986], [-119.62211, 38.659165], [-119.622034, 38.659292], [-119.622025, 38.659452], [-119.622058, 38.659635], [-119.622081, 38.65979], [-119.622025, 38.659898], [-119.622048, 38.660181], [-119.622044, 38.660378], [-119.622025, 38.660943], [-119.621983, 38.661291], [-119.621926, 38.66154], [-119.621898, 38.661658], [-119.622034, 38.661837], [-119.621888, 38.661987], [-119.621888, 38.662161], [-119.621978, 38.662543], [-119.622001, 38.662681], [-119.623121, 38.662742], [-119.624701, 38.662775], [-119.624847, 38.66278], [-119.62512, 38.662958], [-119.625308, 38.663128], [-119.625845, 38.663222], [-119.626056, 38.663198], [-119.62623, 38.663194], [-119.626381, 38.663283], [-119.626522, 38.663608], [-119.626741, 38.663806], [-119.626791, 38.663921], [-119.626965, 38.663996], [-119.627398, 38.664161], [-119.62752, 38.664255], [-119.627661, 38.664377], [-119.627694, 38.664509], [-119.627708, 38.664735], [-119.627605, 38.664994], [-119.627426, 38.665144], [-119.627227, 38.665339], [-119.6272, 38.665474], [-119.627177, 38.665596], [-119.627106, 38.665666], [-119.627073, 38.665902], [-119.62704, 38.666095], [-119.626927, 38.666344], [-119.626795, 38.666636], [-119.626814, 38.666777], [-119.626791, 38.666871], [-119.626692, 38.666956], [-119.626678, 38.667059], [-119.626697, 38.667144], [-119.626654, 38.667224], [-119.626598, 38.667257], [-119.626584, 38.667341], [-119.626556, 38.667492], [-119.626546, 38.667647], [-119.62656, 38.667737], [-119.626556, 38.667807], [-119.626523, 38.667878], [-119.626508, 38.667995], [-119.626541, 38.668207], [-119.626612, 38.668626], [-119.626758, 38.669044], [-119.626927, 38.66935], [-119.627177, 38.669637], [-119.62744, 38.669872], [-119.627553, 38.669985], [-119.627647, 38.670197], [-119.627827, 38.670615]]}, "props": {"MTFCC": "S1500", "NAME": null}}, {"geom": {"type": "LineString", "coordinates": [[-119.889849, 38.918755], [-119.889679, 38.919392], [-119.889564, 38.919481], [-119.889386, 38.919621], [-119.888332, 38.920101], [-119.888097, 38.920672], [-119.887749, 38.920891], [-119.887482, 38.921061], [-119.887245, 38.921487]]}, "props": {"MTFCC": "S1500", "NAME": null}}, {"geom": {"type": "LineString", "coordinates": [[-119.91892, 38.77637], [-119.91892, 38.776581], [-119.91892, 38.77661], [-119.91896, 38.7773], [-119.918999, 38.777654], [-119.91903, 38.777934], [-119.91904, 38.77802], [-119.9191, 38.778777], [-119.919123, 38.779059], [-119.91921, 38.78016], [-119.919223, 38.780307], [-119.91953, 38.78359], [-119.919567, 38.784051], [-119.91967, 38.7853], [-119.919695, 38.78563], [-119.91977, 38.78661], [-119.919771, 38.78662], [-119.919805, 38.78695], [-119.919939, 38.788265], [-119.92, 38.78886], [-119.92015, 38.79069], [-119.92025, 38.791], [-119.9204, 38.79135], [-119.92053, 38.79159], [-119.92072, 38.79185], [-119.920872, 38.792025], [-119.92092, 38.79208], [-119.9212, 38.79235], [-119.92153, 38.79259], [-119.921917, 38.792826], [-119.92212, 38.79295], [-119.922269, 38.793007], [-119.92266, 38.79316], [-119.92315, 38.79331], [-119.923408, 38.793349], [-119.92354, 38.79337], [-119.923804, 38.793395], [-119.9245, 38.79346], [-119.924884, 38.793479], [-119.92662, 38.79357], [-119.92726, 38.79356], [-119.92789, 38.79349], [-119.928126, 38.793439], [-119.92887, 38.79328], [-119.929177, 38.793176], [-119.9294, 38.7931], [-119.92983, 38.792934], [-119.93005, 38.79285], [-119.93048, 38.7926], [-119.93097, 38.79229], [-119.931639, 38.791894], [-119.932239, 38.79154], [-119.93229, 38.79151], [-119.932775, 38.791232], [-119.935059, 38.78992], [-119.936459, 38.78913], [-119.937159, 38.78882], [-119.938349, 38.78838], [-119.939089, 38.78815], [-119.940899, 38.78752], [-119.941539, 38.78732], [-119.942189, 38.78717], [-119.942589, 38.78712], [-119.943419, 38.7871], [-119.944109, 38.78717], [-119.944509, 38.78724], [-119.945009, 38.78738], [-119.945449, 38.78754], [-119.945771, 38.787687]]}, "props": {"MTFCC": "S1200", "NAME": null}}, {"geom": {"type": "LineString", "coordinates": [[-119.95119, 38.765535], [-119.951044, 38.765443], [-119.951044, 38.765146], [-119.950547, 38.764894], [-119.950162, 38.764824], [-119.949788, 38.764757], [-119.948882, 38.764849], [-119.948356, 38.765123], [-119.948181, 38.765421], [-119.948327, 38.766427], [-119.948152, 38.766907], [-119.947851, 38.767302], [-119.947422, 38.767868], [-119.947071, 38.768074], [-119.946779, 38.768143]]}, "props": {"MTFCC": "S1400", "NAME": null}}, {"geom": {"type": "LineString", "coordinates": [[-119.77744, 38.80876], [-119.7773, 38.808995], [-119.77703, 38.80945], [-119.776885, 38.809702], [-119.77675, 38.80994], [-119.77639, 38.81017], [-119.77615, 38.81027], [-119.77586, 38.81028], [-119.775764, 38.810277], [-119.77498, 38.81026], [-119.77478, 38.8103], [-119.77465, 38.81036], [-119.77457, 38.81048], [-119.77456, 38.81081], [-119.77456, 38.81125], [-119.77457, 38.81165], [-119.77456, 38.81196], [-119.77458, 38.81214], [-119.77464, 38.81231], [-119.774615, 38.812408], [-119.7746, 38.81247], [-119.77458, 38.81348], [-119.77458, 38.81361], [-119.77457, 38.81417], [-119.77456, 38.81471], [-119.77456, 38.81476], [-119.77456, 38.81512], [-119.77455, 38.8163], [-119.77455, 38.81638], [-119.77454, 38.81697], [-119.77454, 38.81787], [-119.77452, 38.81816], [-119.77453, 38.81852], [-119.774528, 38.818599], [-119.77451, 38.81959], [-119.77451, 38.81988], [-119.77451, 38.819927], [-119.77451, 38.820068], [-119.77451, 38.820116], [-119.77451, 38.820643], [-119.77451, 38.82084], [-119.77452, 38.82123], [-119.77451, 38.82192], [-119.77451, 38.822], [-119.774522, 38.822223], [-119.77453, 38.82237], [-119.77449, 38.82264], [-119.774503, 38.822747], [-119.77451, 38.82281], [-119.77452, 38.822991], [-119.774526, 38.823076], [-119.77454, 38.8233], [-119.7745, 38.8234], [-119.77436, 38.82349], [-119.774226, 38.82356], [-119.77419, 38.82358], [-119.77407, 38.82363], [-119.773997, 38.82363]]}, "props": {"MTFCC": "S1400", "NAME": null}}, {"geom": {"type": "LineString", "coordinates": [[-119.729324, 38.81279], [-119.729506, 38.812345], [-119.729853, 38.812044], [-119.730174, 38.811948], [-119.730281, 38.811192], [-119.730474, 38.810251], [-119.731457, 38.809187], [-119.731712, 38.808589], [-119.731737, 38.80829], [-119.731939, 38.807991], [-119.733154, 38.806969], [-119.73347, 38.806508], [-119.733609, 38.805866], [-119.734005, 38.804877], [-119.734265, 38.80453], [-119.735021, 38.804155], [-119.73517, 38.80363], [-119.735117, 38.803613], [-119.734352, 38.803375], [-119.733422, 38.803206], [-119.732939, 38.803125], [-119.732179, 38.802874], [-119.732103, 38.802875], [-119.731174, 38.802892], [-119.730863, 38.802897], [-119.730454, 38.803103], [-119.730191, 38.803446], [-119.729461, 38.803927], [-119.728747, 38.804754], [-119.728731, 38.804774], [-119.727854, 38.805323], [-119.727562, 38.805415], [-119.727547, 38.805526], [-119.727502, 38.80586], [-119.727488, 38.805972], [-119.727483, 38.806007], [-119.727416, 38.806513], [-119.727256, 38.806895], [-119.726949, 38.807634], [-119.726394, 38.808366], [-119.726069, 38.80948], [-119.726015, 38.80967], [-119.725904, 38.810425]]}, "props": {"MTFCC": "S1400", "NAME": null}}, {"geom": {"type": "LineString", "coordinates": [[-119.74881, 38.79751], [-119.74881, 38.79777], [-119.74871, 38.79858], [-119.74868, 38.79897], [-119.7487, 38.79943], [-119.748691, 38.799758], [-119.74869, 38.79982], [-119.74865, 38.80036], [-119.74859, 38.80103], [-119.74859, 38.80126], [-119.74878, 38.802], [-119.74907, 38.80295], [-119.74923, 38.80367], [-119.74936, 38.80439], [-119.74947, 38.80492], [-119.7497, 38.80571], [-119.74978, 38.80605], [-119.749814, 38.806373], [-119.74982, 38.80643], [-119.7499, 38.80693], [-119.75009, 38.80773], [-119.75021, 38.80817], [-119.750291, 38.808577], [-119.7503, 38.80862], [-119.75031, 38.80906], [-119.75029, 38.80932], [-119.75022, 38.80957], [-119.75007, 38.81006], [-119.74993, 38.81058], [-119.749914, 38.810625], [-119.74984, 38.81084], [-119.74982, 38.81099], [-119.74987, 38.81118], [-119.74997, 38.81143], [-119.75005, 38.8117], [-119.75009, 38.81198], [-119.75015, 38.81259], [-119.75026, 38.8136], [-119.75032, 38.8144], [-119.75033, 38.81491], [-119.75027, 38.8159], [-119.75027, 38.816868], [-119.75027, 38.81735], [-119.75028, 38.81775], [-119.75036, 38.81807], [-119.75042, 38.81827], [-119.75043, 38.81839], [-119.75041, 38.8186], [-119.750355, 38.818947], [-119.7503, 38.8193], [-119.75019, 38.82008], [-119.75006, 38.82074], [-119.75005, 38.820788], [-119.74992, 38.82142], [-119.74992, 38.82157], [-119.75001, 38.82179], [-119.75088, 38.82412], [-119.75116, 38.82481], [-119.75132, 38.82518], [-119.75146, 38.82536], [-119.75174, 38.82559], [-119.752016, 38.825791], [-119.75207, 38.82583], [-119.75233, 38.82595], [-119.75264, 38.82603], [-119.75284, 38.82606], [-119.75302, 38.8261], [-119.75324, 38.82622], [-119.75339, 38.8264], [-119.753545, 38.826683], [-119.7537, 38.826965], [-119.75395, 38.82742], [-119.75411, 38.82783], [-119.754112, 38.827839], [-119.754197, 38.828151], [-119.75421, 38.8282], [-119.75426, 38.828491], [-119.7543, 38.82872], [-119.75427, 38.82898], [-119.7541, 38.82942], [-119.754076, 38.82949], [-119.753965, 38.829819]]}, "props": {"MTFCC": "S1400", "NAME": null}}, {"geom": {"type": "LineString", "coordinates": [[-119.77456, 38.81512], [-119.7748, 38.81513], [-119.77499, 38.81517], [-119.77509, 38.81522], [-119.77522, 38.81531], [-119.77532, 38.81542]]}, "props": {"MTFCC": "S1750", "NAME": null}}, {"geom": {"type": "LineString", "coordinates": [[-119.78156, 38.81639], [-119.7814, 38.81636], [-119.78122, 38.8163], [-119.78101, 38.8162]]}, "props": {"MTFCC": "S1750", "NAME": null}}, {"geom": {"type": "LineString", "coordinates": [[-119.75242, 38.79718], [-119.75244, 38.79735], [-119.75258, 38.79766]]}, "props": {"MTFCC": "S1400", "NAME": null}}, {"geom": {"type": "LineString", "coordinates": [[-119.798988, 38.806015], [-119.79581, 38.80625]]}, "props": {"MTFCC": "S1400", "NAME": null}}, {"geom": {"type": "LineString", "coordinates": [[-119.79779, 38.80588], [-119.79775, 38.80607], [-119.79768, 38.80609], [-119.79761, 38.80608], [-119.79756, 38.80603], [-119.79755, 38.80592], [-119.7976, 38.80589], [-119.79779, 38.80588]]}, "props": {"MTFCC": "S1750", "NAME": null}}, {"geom": {"type": "LineString", "coordinates": [[-119.79772, 38.80441], [-119.79782, 38.80451], [-119.79785, 38.80459], [-119.79783, 38.80465], [-119.79778, 38.80468], [-119.79769, 38.80466], [-119.79757, 38.80459], [-119.79748, 38.8045], [-119.79739, 38.80434]]}, "props": {"MTFCC": "S1400", "NAME": null}}, {"geom": {"type": "LineString", "coordinates": [[-119.75363, 38.79596], [-119.753126, 38.7956], [-119.75293, 38.79546], [-119.75284, 38.7954], [-119.75275, 38.7954], [-119.7526, 38.79547], [-119.75195, 38.7959], [-119.75189, 38.79598], [-119.75191, 38.79607], [-119.75204, 38.7962], [-119.752111, 38.796264], [-119.75257, 38.79668]]}, "props": {"MTFCC": "S1400", "NAME": null}}, {"geom": {"type": "LineString", "coordinates": [[-119.79699, 38.7747], [-119.79703, 38.77456], [-119.79703, 38.77427], [-119.797, 38.7719]]}, "props": {"MTFCC": "S1400", "NAME": null}}, {"geom": {"type": "LineString", "coordinates": [[-119.81767, 38.770307], [-119.81706, 38.770469]]}, "props": {"MTFCC": "S1740", "NAME": null}}, {"geom": {"type": "LineString", "coordinates": [[-119.81706, 38.770469], [-119.81707, 38.7705], [-119.81705, 38.77058], [-119.81694, 38.77068], [-119.81683, 38.77075], [-119.816659, 38.770803], [-119.81654, 38.77084], [-119.81641, 38.77091], [-119.816344, 38.770972]]}, "props": {"MTFCC": "S1740", "NAME": null}}, {"geom": {"type": "LineString", "coordinates": [[-119.81521, 38.76492], [-119.81489, 38.76509], [-119.81463, 38.76527], [-119.814599, 38.765297], [-119.81435, 38.76552], [-119.81334, 38.76648], [-119.81307, 38.7668], [-119.813061, 38.766811], [-119.81291, 38.76702], [-119.81278, 38.76719], [-119.81261, 38.76737]]}, "props": {"MTFCC": "S1400", "NAME": null}}, {"geom": {"type": "LineString", "coordinates": [[-119.845291, 38.765975], [-119.845344, 38.765802], [-119.845456, 38.765624], [-119.845566, 38.76556], [-119.845678, 38.765496], [-119.845919, 38.765397], [-119.846262, 38.765349], [-119.846538, 38.765358], [-119.846594, 38.765361], [-119.846775, 38.765421], [-119.846856, 38.765462]]}, "props": {"MTFCC": "S1400", "NAME": null}}, {"geom": {"type": "LineString", "coordinates": [[-119.80202, 38.72673], [-119.80172, 38.7268], [-119.80144, 38.72685], [-119.80123, 38.72685], [-119.80093, 38.7268], [-119.80055, 38.72663], [-119.80013, 38.72641], [-119.79977, 38.726217], [-119.79959, 38.72612], [-119.799239, 38.725937], [-119.79886, 38.72574], [-119.79747, 38.725], [-119.79714, 38.72483], [-119.79684, 38.72471], [-119.79626, 38.7245], [-119.795528, 38.724241], [-119.7953, 38.72416], [-119.79511, 38.72405], [-119.79496, 38.72394], [-119.79479, 38.72375], [-119.79419, 38.72266], [-119.79409, 38.72253], [-119.79396, 38.72241], [-119.79378, 38.72229], [-119.79352, 38.7222], [-119.79337, 38.72217], [-119.79309, 38.72215], [-119.79265, 38.72219], [-119.79196, 38.72226], [-119.79101, 38.72238], [-119.7905, 38.72244], [-119.79002, 38.72249], [-119.78959, 38.72253], [-119.78938, 38.72256], [-119.78919, 38.72261], [-119.78899, 38.7227], [-119.78884, 38.7228], [-119.78866, 38.72296], [-119.78841, 38.72328], [-119.78804, 38.72371], [-119.78784, 38.72397], [-119.78756, 38.72431], [-119.7874, 38.72459], [-119.78728, 38.72491], [-119.78728, 38.72522], [-119.78734, 38.72556], [-119.78749, 38.72599], [-119.78763, 38.72629], [-119.787795, 38.726691], [-119.78782, 38.72675], [-119.78793, 38.72698], [-119.78809, 38.7272], [-119.78832, 38.72741], [-119.78867, 38.72778], [-119.78912, 38.7282], [-119.78959, 38.72863], [-119.78996, 38.72898], [-119.7901, 38.72915], [-119.79018, 38.72932], [-119.79022, 38.72954], [-119.79018, 38.7297], [-119.790109, 38.729796], [-119.79001, 38.72993], [-119.78984, 38.73006], [-119.78956, 38.73019], [-119.78933, 38.73024], [-119.78896, 38.73025], [-119.78862, 38.73024], [-119.78833, 38.73025], [-119.78805, 38.73028], [-119.78777, 38.73037], [-119.78743, 38.73053], [-119.78686, 38.73083], [-119.786016, 38.731259], [-119.78484, 38.73186], [-119.78434, 38.73204], [-119.784, 38.73212], [-119.78369, 38.73216], [-119.78286, 38.73223], [-119.78239, 38.73227], [-119.78209, 38.73233], [-119.78189, 38.7324], [-119.78163, 38.73253], [-119.78134, 38.73273], [-119.78098, 38.73295], [-119.78074, 38.733012], [-119.780481, 38.733054], [-119.780191, 38.733056], [-119.779851, 38.733009], [-119.778941, 38.732866], [-119.77838, 38.73277], [-119.777911, 38.732713], [-119.777601, 38.732725], [-119.777212, 38.732759], [-119.776832, 38.732832], [-119.776422, 38.732925], [-119.776174, 38.732956], [-119.775904, 38.732949], [-119.775633, 38.732931], [-119.775433, 38.732852], [-119.774931, 38.732616], [-119.774611, 38.732419], [-119.774139, 38.732172], [-119.773338, 38.731739], [-119.772975, 38.731542], [-119.772373, 38.731207], [-119.772042, 38.731069], [-119.771822, 38.731], [-119.771492, 38.730944], [-119.771152, 38.730926], [-119.770492, 38.730991], [-119.769813, 38.731086], [-119.769315, 38.73115], [-119.769155, 38.731191], [-119.769085, 38.731231], [-119.769036, 38.731425], [-119.768996, 38.731698], [-119.768986, 38.731862], [-119.768927, 38.732046], [-119.7688, 38.732338], [-119.768418, 38.733288], [-119.768369, 38.733492], [-119.768359, 38.733667], [-119.768397, 38.733852], [-119.768503, 38.734105], [-119.768589, 38.734277], [-119.76863, 38.734359], [-119.76867, 38.73444], [-119.768878, 38.734713], [-119.769026, 38.734885], [-119.769255, 38.735078], [-119.769543, 38.735292], [-119.769991, 38.735637], [-119.770398, 38.736043], [-119.770765, 38.736417], [-119.771271, 38.736904], [-119.7715, 38.737057], [-119.771819, 38.737181], [-119.772029, 38.737243], [-119.772279, 38.737286], [-119.77257, 38.737289], [-119.773143, 38.737205], [-119.773715, 38.737171], [-119.774196, 38.737116], [-119.774598, 38.73704], [-119.77497, 38.736933], [-119.775453, 38.736788], [-119.775986, 38.736633], [-119.776187, 38.736615], [-119.776377, 38.736638], [-119.776767, 38.736792], [-119.777005, 38.737005], [-119.777123, 38.737247], [-119.77715, 38.737488], [-119.777148, 38.737709], [-119.777085, 38.737989], [-119.777083, 38.738139], [-119.777151, 38.73839], [-119.777367, 38.738814], [-119.777564, 38.739127], [-119.777672, 38.739369], [-119.77771, 38.739549], [-119.777758, 38.73973], [-119.777735, 38.740031], [-119.777636, 38.740341], [-119.777456, 38.740733], [-119.77745, 38.740747], [-119.777156, 38.741212], [-119.776862, 38.741656], [-119.776705, 38.741956], [-119.776616, 38.742295], [-119.776527, 38.742596], [-119.776443, 38.742743], [-119.7764, 38.742818], [-119.776195, 38.74305], [-119.77599, 38.743311], [-119.775973, 38.743334], [-119.775792, 38.74359], [-119.77573, 38.74368], [-119.77552, 38.74395], [-119.77526, 38.74419], [-119.775155, 38.744277], [-119.774916, 38.74448], [-119.77488, 38.74451], [-119.77406, 38.74538], [-119.77359, 38.74591], [-119.77334, 38.74621], [-119.773309, 38.746258], [-119.77316, 38.74649], [-119.77306, 38.74675], [-119.77299, 38.74699], [-119.77299, 38.74779], [-119.772993, 38.747811], [-119.77309, 38.74841], [-119.77323, 38.74894], [-119.77329, 38.74936], [-119.77342, 38.74972], [-119.77366, 38.75006], [-119.7746, 38.75123], [-119.774802, 38.75148], [-119.77498, 38.7517], [-119.77514, 38.75187], [-119.77522, 38.75205], [-119.77523, 38.75222], [-119.77519, 38.75234], [-119.77495, 38.75258], [-119.77475, 38.75268], [-119.77459, 38.75272], [-119.7744, 38.75273], [-119.77423, 38.75271], [-119.77401, 38.75274], [-119.77382, 38.75283], [-119.77364, 38.753], [-119.7735, 38.7532], [-119.77341, 38.75339], [-119.7733, 38.75356], [-119.77308, 38.7538], [-119.77293, 38.7539], [-119.77265, 38.75401], [-119.77239, 38.75412], [-119.77219, 38.75426], [-119.77202, 38.75434], [-119.77189, 38.75436], [-119.77175, 38.75436], [-119.77157, 38.75431], [-119.77132, 38.75426], [-119.77115, 38.75427], [-119.77107, 38.75432], [-119.77106, 38.75438], [-119.77109, 38.75449], [-119.77122, 38.75469], [-119.7714, 38.75489], [-119.77163, 38.75505], [-119.77171, 38.75512], [-119.77184, 38.75528], [-119.77196, 38.75549], [-119.77212, 38.75571], [-119.772219, 38.755823], [-119.77239, 38.75602], [-119.77267, 38.75633], [-119.77273, 38.75643], [-119.77274, 38.75655], [-119.77267, 38.75675], [-119.772598, 38.756904], [-119.77252, 38.75707], [-119.77246, 38.75727], [-119.77245, 38.75749], [-119.77247, 38.75772], [-119.77246, 38.75793], [-119.77243, 38.75811], [-119.77236, 38.75828], [-119.77223, 38.75838], [-119.77187, 38.7586], [-119.77153, 38.75879], [-119.77125, 38.75897], [-119.77101, 38.75918], [-119.77087, 38.75939], [-119.77076, 38.75965], [-119.77066, 38.75996], [-119.770645, 38.759984], [-119.77055, 38.76015], [-119.77042, 38.76029], [-119.77026, 38.76035], [-119.76991, 38.76044], [-119.76951, 38.76055], [-119.76914, 38.76068], [-119.76841, 38.76096], [-119.76815, 38.76112], [-119.76789, 38.76132], [-119.76766, 38.76152], [-119.767533, 38.761652], [-119.76747, 38.76172], [-119.76734, 38.7619], [-119.76723, 38.76217], [-119.76715, 38.76234], [-119.76701, 38.76252], [-119.766857, 38.762626], [-119.76672, 38.76272], [-119.76644, 38.7629], [-119.76629, 38.7631], [-119.76624, 38.76326], [-119.76626, 38.76343], [-119.76639, 38.76366], [-119.766626, 38.76387], [-119.76667, 38.76391], [-119.76697, 38.76413], [-119.76716, 38.7643], [-119.76731, 38.76445], [-119.76744, 38.7646], [-119.76754, 38.76474], [-119.76763, 38.76495], [-119.7677, 38.76508], [-119.76789, 38.76532], [-119.76802, 38.76552], [-119.76822, 38.76593], [-119.76836, 38.76634], [-119.76847, 38.76676], [-119.76852, 38.767], [-119.76858, 38.76716], [-119.76891, 38.76754], [-119.769, 38.76774], [-119.76913, 38.76807], [-119.76915, 38.76812], [-119.76923, 38.7683], [-119.76936, 38.7685], [-119.76947, 38.76869], [-119.76958, 38.76894], [-119.76966, 38.76916], [-119.76976, 38.76952], [-119.76981, 38.769582], [-119.76984, 38.76962], [-119.76984, 38.77002], [-119.769813, 38.770246], [-119.76979, 38.77045], [-119.76963, 38.77117], [-119.76948, 38.77166], [-119.76936, 38.77196], [-119.76935, 38.77212], [-119.769364, 38.772211], [-119.76938, 38.77231], [-119.76944, 38.77253], [-119.76958, 38.77285]]}, "props": {"MTFCC": "S1400", "NAME": null}}, {"geom": {"type": "LineString", "coordinates": [[-119.75633, 38.75188], [-119.75621, 38.75176], [-119.75615, 38.75165], [-119.75616, 38.75145], [-119.75612, 38.75126], [-119.756, 38.75104], [-119.75589, 38.75089], [-119.75575, 38.75076], [-119.75565, 38.75069], [-119.75561, 38.75061], [-119.75559, 38.75049], [-119.75559, 38.7504], [-119.75567, 38.75033]]}, "props": {"MTFCC": "S1400", "NAME": null}}, {"geom": {"type": "LineString", "coordinates": [[-119.81086, 38.76266], [-119.811132, 38.763241], [-119.811456, 38.763416], [-119.81211, 38.76377], [-119.81222, 38.76384], [-119.81287, 38.76423], [-119.81329, 38.76447], [-119.81362, 38.76462], [-119.81404, 38.76469], [-119.814169, 38.764692], [-119.81468, 38.7647], [-119.81518, 38.76467]]}, "props": {"MTFCC": "S1400", "NAME": null}}, {"geom": {"type": "LineString", "coordinates": [[-119.926401, 38.706384], [-119.925802, 38.708473], [-119.925771, 38.708986], [-119.925704, 38.710131], [-119.92625, 38.711152], [-119.926245, 38.711811], [-119.927114, 38.71265], [-119.927198, 38.712968], [-119.927021, 38.71324], [-119.92702, 38.71349], [-119.927976, 38.714123], [-119.927972, 38.714645], [-119.927442, 38.715327], [-119.927118, 38.715621], [-119.927109, 38.715635], [-119.926999, 38.715825], [-119.927055, 38.716189], [-119.928123, 38.717572], [-119.928191, 38.717917], [-119.928309, 38.718424], [-119.928455, 38.719053], [-119.928873, 38.719871], [-119.928929, 38.719981], [-119.929319, 38.720062], [-119.929177, 38.719568], [-119.929395, 38.719173], [-119.929461, 38.719081], [-119.929715, 38.718729], [-119.930242, 38.71806], [-119.930419, 38.71756], [-119.93111, 38.717125], [-119.93114, 38.716524], [-119.931142, 38.716496], [-119.93169, 38.715601]]}, "props": {"MTFCC": "S1400", "NAME": null}}, {"geom": {"type": "LineString", "coordinates": [[-119.961182, 38.680297], [-119.960925, 38.680289], [-119.960157, 38.680268], [-119.959901, 38.680262], [-119.959668, 38.680468], [-119.959347, 38.680468], [-119.959172, 38.680308], [-119.959142, 38.679553], [-119.958792, 38.679279], [-119.957508, 38.678753], [-119.956954, 38.678296], [-119.955436, 38.677884], [-119.954824, 38.677907], [-119.954319, 38.678008], [-119.953686, 38.678136], [-119.952956, 38.678136], [-119.951789, 38.677862], [-119.951118, 38.677794], [-119.950681, 38.677908], [-119.95036, 38.678366], [-119.950477, 38.67912], [-119.950623, 38.679303], [-119.95071, 38.679692], [-119.950593, 38.679829], [-119.949135, 38.680104], [-119.948668, 38.680356], [-119.948435, 38.680699], [-119.948143, 38.681705], [-119.947472, 38.682712], [-119.947151, 38.682986], [-119.9468, 38.683123], [-119.945545, 38.683169], [-119.944845, 38.683535], [-119.943444, 38.683741], [-119.943211, 38.683947], [-119.943094, 38.684336], [-119.943474, 38.686806], [-119.94362, 38.687767], [-119.943999, 38.688567], [-119.944603, 38.68904], [-119.94505, 38.68939], [-119.945077, 38.689428], [-119.945196, 38.689596], [-119.945196, 38.690077], [-119.945021, 38.690534], [-119.94505, 38.690831], [-119.945838, 38.691929], [-119.945926, 38.692844], [-119.94651, 38.694125], [-119.94686, 38.695177]]}, "props": {"MTFCC": "S1400", "NAME": null}}, {"geom": {"type": "LineString", "coordinates": [[-119.938926, 38.628845], [-119.939192, 38.628949], [-119.939736, 38.629163], [-119.94001, 38.629176], [-119.940043, 38.629178], [-119.940295, 38.629145]]}, "props": {"MTFCC": "S1400", "NAME": null}}, {"geom": {"type": "LineString", "coordinates": [[-119.89225, 38.71575], [-119.892317, 38.715705], [-119.89252, 38.715571], [-119.892588, 38.715527], [-119.89272, 38.71544], [-119.8929, 38.71533], [-119.89302, 38.71519], [-119.8931, 38.71511], [-119.89328, 38.71505], [-119.89344, 38.71506], [-119.89355, 38.71511], [-119.8937, 38.71525], [-119.8938, 38.71539], [-119.89382, 38.71551], [-119.89381, 38.71576], [-119.89383, 38.71585], [-119.89391, 38.71599], [-119.89409, 38.71615], [-119.894212, 38.716227], [-119.8945, 38.71641], [-119.89464, 38.71653], [-119.89515, 38.71705], [-119.89534, 38.71768], [-119.89552, 38.71792], [-119.89576, 38.71807], [-119.89601, 38.71821], [-119.8963, 38.71831], [-119.89661, 38.71837], [-119.89693, 38.71841], [-119.89734, 38.71852], [-119.89793, 38.71867], [-119.89808, 38.7187], [-119.8982, 38.71871], [-119.89834, 38.71873], [-119.89852, 38.71878], [-119.89881, 38.71896], [-119.89911, 38.71898], [-119.89932, 38.71907], [-119.89963, 38.71934], [-119.90014, 38.71985], [-119.90025, 38.71991], [-119.900333, 38.719939], [-119.90042, 38.71997], [-119.90055, 38.71997], [-119.90064, 38.7199], [-119.90064, 38.71975], [-119.90072, 38.71898], [-119.90066, 38.71862], [-119.90072, 38.71833], [-119.90068, 38.71808], [-119.90073, 38.71794], [-119.90084, 38.71777]]}, "props": {"MTFCC": "S1400", "NAME": null}}, {"geom": {"type": "LineString", "coordinates": [[-119.782287, 38.74464], [-119.78224, 38.74452], [-119.782236, 38.744456], [-119.78223, 38.74436], [-119.78226, 38.7443], [-119.78251, 38.74413], [-119.782566, 38.744032], [-119.78258, 38.74401], [-119.7826, 38.74388], [-119.7826, 38.743845]]}, "props": {"MTFCC": "S1740", "NAME": null}}, {"geom": {"type": "LineString", "coordinates": [[-119.7826, 38.743845], [-119.782554, 38.743927], [-119.782486, 38.74398], [-119.782458, 38.743986], [-119.782386, 38.744005], [-119.782327, 38.744004], [-119.782237, 38.74395], [-119.782197, 38.743888], [-119.782229, 38.74375], [-119.78227, 38.743714], [-119.782353, 38.743676], [-119.782376, 38.743674], [-119.782456, 38.743669], [-119.78253, 38.743689], [-119.782582, 38.743694]]}, "props": {"MTFCC": "S1740", "NAME": null}}, {"geom": {"type": "LineString", "coordinates": [[-119.835781, 38.699772], [-119.835256, 38.700184], [-119.834942, 38.700131], [-119.834847, 38.700115], [-119.834876, 38.699863], [-119.835022, 38.699635], [-119.835168, 38.698994], [-119.835489, 38.698491], [-119.835781, 38.698376], [-119.836189, 38.698559], [-119.836141, 38.698874], [-119.836131, 38.698948], [-119.835781, 38.699612], [-119.835781, 38.699772]]}, "props": {"MTFCC": "S1400", "NAME": null}}, {"geom": {"type": "LineString", "coordinates": [[-119.833592, 38.699406], [-119.833244, 38.699414], [-119.832391, 38.699434], [-119.832206, 38.699475], [-119.831868, 38.699553], [-119.831733, 38.69956], [-119.831709, 38.699562], [-119.831613, 38.699664], [-119.831815, 38.699791], [-119.831929, 38.699864]]}, "props": {"MTFCC": "S1400", "NAME": null}}, {"geom": {"type": "LineString", "coordinates": [[-119.78354, 38.69299], [-119.783586, 38.69304], [-119.783724, 38.69319], [-119.78377, 38.69324]]}, "props": {"MTFCC": "S1400", "NAME": null}}, {"geom": {"type": "LineString", "coordinates": [[-119.799245, 38.69016], [-119.799097, 38.689907], [-119.798322, 38.689157], [-119.79824, 38.689146], [-119.797158, 38.689006], [-119.796313, 38.688266], [-119.795846, 38.688312], [-119.795618, 38.688578], [-119.795801, 38.689083], [-119.796063, 38.689349], [-119.796453, 38.689496], [-119.797349, 38.689836], [-119.79753, 38.689974], [-119.797623, 38.690178], [-119.797639, 38.69022]]}, "props": {"MTFCC": "S1400", "NAME": null}}, {"geom": {"type": "LineString", "coordinates": [[-119.824647, 38.649439], [-119.824414, 38.649454], [-119.823717, 38.649501], [-119.823684, 38.649504], [-119.823485, 38.649502], [-119.82276, 38.649468], [-119.821743, 38.649421], [-119.820602, 38.649229], [-119.819888, 38.649109], [-119.81971, 38.649099], [-119.817603, 38.651264], [-119.817422, 38.651345], [-119.816904, 38.651581], [-119.816527, 38.651922], [-119.815484, 38.654268], [-119.814991, 38.655247], [-119.814524, 38.655519], [-119.812401, 38.655992], [-119.812051, 38.656288], [-119.811878, 38.656652], [-119.811529, 38.657107], [-119.811531, 38.657517], [-119.811414, 38.6577], [-119.810977, 38.658063], [-119.810874, 38.658092], [-119.810338, 38.658244], [-119.807519, 38.658592], [-119.807485, 38.658601], [-119.806316, 38.659032], [-119.804897, 38.659558], [-119.804638, 38.660024], [-119.804611, 38.660258], [-119.803569, 38.661418], [-119.803184, 38.661848], [-119.803161, 38.661873], [-119.803311, 38.662525], [-119.803364, 38.662679], [-119.803102, 38.662901], [-119.802859, 38.663109], [-119.803059, 38.663237], [-119.803548, 38.66322], [-119.803692, 38.663306], [-119.803719, 38.663609], [-119.803765, 38.664114], [-119.803999, 38.664046], [-119.804724, 38.663459], [-119.804991, 38.663245], [-119.805662, 38.662879], [-119.807179, 38.661667], [-119.807588, 38.661414], [-119.807996, 38.661164], [-119.808638, 38.660889]]}, "props": {"MTFCC": "S1740", "NAME": null}}, {"geom": {"type": "LineString", "coordinates": [[-119.83683, 38.7003], [-119.836739, 38.700335], [-119.836468, 38.700439], [-119.836378, 38.700475], [-119.836132, 38.700572], [-119.835935, 38.700569], [-119.834552, 38.700551], [-119.834468, 38.70055], [-119.834118, 38.700412]]}, "props": {"MTFCC": "S1400", "NAME": null}}, {"geom": {"type": "LineString", "coordinates": [[-119.595651, 38.686963], [-119.595549, 38.686971], [-119.595307, 38.686992], [-119.595246, 38.686977], [-119.595147, 38.686955], [-119.59504, 38.68699], [-119.59472, 38.687097], [-119.594614, 38.687134]]}, "props": {"MTFCC": "S1400", "NAME": null}}, {"geom": {"type": "LineString", "coordinates": [[-119.629701, 38.679655], [-119.629876, 38.679724], [-119.63008, 38.68009], [-119.63032, 38.680351], [-119.630985, 38.681074], [-119.630956, 38.681486], [-119.63081, 38.681783], [-119.630782, 38.682943], [-119.630779, 38.68311], [-119.630486, 38.683682], [-119.63034, 38.683727]]}, "props": {"MTFCC": "S1400", "NAME": null}}, {"geom": {"type": "LineString", "coordinates": [[-119.656002, 38.718586], [-119.655212, 38.718436], [-119.65523, 38.71843], [-119.65538, 38.71837], [-119.65565, 38.7182], [-119.6558, 38.71814]]}, "props": {"MTFCC": "S1400", "NAME": null}}, {"geom": {"type": "LineString", "coordinates": [[-119.988234, 38.41521], [-119.98821, 38.415229], [-119.987765, 38.415512], [-119.98734, 38.415725], [-119.987043, 38.415858], [-119.986806, 38.416009], [-119.986718, 38.41612], [-119.98667, 38.41624], [-119.98665, 38.4165], [-119.98647, 38.41674], [-119.98613, 38.41712], [-119.98586, 38.41735], [-119.98557, 38.41752], [-119.9854, 38.41766], [-119.98521, 38.41791], [-119.98508, 38.41801], [-119.98493, 38.41805], [-119.98478, 38.41805], [-119.98464, 38.41797], [-119.98452, 38.41785], [-119.98444, 38.41783], [-119.98429, 38.41782], [-119.98418, 38.41787], [-119.98387, 38.418], [-119.98349, 38.41826], [-119.98317, 38.41858], [-119.982564, 38.419076], [-119.9824, 38.41921], [-119.98228, 38.41926], [-119.98202, 38.41928], [-119.98171, 38.41931], [-119.98133, 38.41941], [-119.98092, 38.41956], [-119.98064, 38.41967], [-119.98045, 38.41969], [-119.98009, 38.41967], [-119.97995, 38.4197], [-119.97963, 38.41988], [-119.97937, 38.41995], [-119.97912, 38.42003], [-119.97877, 38.42022], [-119.97732, 38.42112], [-119.976866, 38.421409], [-119.97685, 38.42142], [-119.9763, 38.42183], [-119.97604, 38.422], [-119.97583, 38.42218], [-119.9757, 38.42232], [-119.97566, 38.42241], [-119.97563, 38.42278], [-119.97559, 38.42306], [-119.9755, 38.42335], [-119.97537, 38.42366], [-119.97535, 38.42392], [-119.97526, 38.4244], [-119.97518, 38.42463], [-119.97513, 38.42472], [-119.97505, 38.42479], [-119.97483, 38.42488], [-119.97449, 38.42501], [-119.97419, 38.42511], [-119.97385, 38.42538], [-119.97352, 38.42568], [-119.97308, 38.42605], [-119.97283, 38.42632], [-119.97234, 38.42679], [-119.97193, 38.4272], [-119.97179, 38.42744], [-119.97166, 38.42783], [-119.97147, 38.42815], [-119.97116, 38.4285], [-119.97081, 38.42888], [-119.97044, 38.42932], [-119.97024, 38.42969], [-119.96984, 38.43027], [-119.9695, 38.43081], [-119.96908, 38.43145], [-119.96893, 38.43174], [-119.96884, 38.4321], [-119.96885, 38.4324], [-119.96888, 38.43254], [-119.96898, 38.43268], [-119.9693, 38.4329], [-119.96973, 38.43324], [-119.97006, 38.43353], [-119.97014, 38.43365], [-119.97018, 38.43391], [-119.97014, 38.43414], [-119.97005, 38.4343], [-119.96986, 38.43447], [-119.96954, 38.43469], [-119.9694, 38.43489], [-119.96938, 38.43504], [-119.96935, 38.4358], [-119.9693, 38.43601], [-119.969255, 38.436083], [-119.96921, 38.43616], [-119.96908, 38.43634], [-119.96907, 38.43644], [-119.96909, 38.43657], [-119.96922, 38.43668], [-119.96932, 38.4367], [-119.96956, 38.4367], [-119.96972, 38.43659], [-119.97012, 38.43615], [-119.97044, 38.43592], [-119.97061, 38.43582], [-119.9709, 38.43578], [-119.97126, 38.43574], [-119.97155, 38.43579], [-119.972, 38.43596], [-119.97282, 38.43626], [-119.97294, 38.43633], [-119.97399, 38.43726], [-119.97414, 38.43749], [-119.974263, 38.437816], [-119.97428, 38.43786], [-119.97437, 38.43797], [-119.97467, 38.43821], [-119.97496, 38.43843], [-119.97504, 38.43858], [-119.97515, 38.43894], [-119.97529, 38.43916], [-119.975372, 38.439259], [-119.97577, 38.43974]]}, "props": {"MTFCC": "S1400", "NAME": null}}, {"geom": {"type": "LineString", "coordinates": [[-119.586944, 38.714055], [-119.586952, 38.714084], [-119.586995, 38.714159], [-119.587008, 38.714185]]}, "props": {"MTFCC": "S1400", "NAME": null}}, {"geom": {"type": "LineString", "coordinates": [[-119.78705, 38.589162], [-119.786731, 38.589218], [-119.786409, 38.589276], [-119.786321, 38.589368], [-119.786525, 38.589505], [-119.78679, 38.589453], [-119.787108, 38.589391]]}, "props": {"MTFCC": "S1400", "NAME": null}}, {"geom": {"type": "LineString", "coordinates": [[-119.98877, 38.48089], [-119.9888, 38.48124], [-119.98944, 38.48154], [-119.989785, 38.481497], [-119.98985, 38.48149], [-119.99011, 38.48137]]}, "props": {"MTFCC": "S1400", "NAME": null}}, {"geom": {"type": "LineString", "coordinates": [[-119.931771, 38.693883], [-119.931718, 38.69391], [-119.931561, 38.693991], [-119.931509, 38.694019]]}, "props": {"MTFCC": "S1400", "NAME": null}}, {"geom": {"type": "LineString", "coordinates": [[-119.77455, 38.8163], [-119.773503, 38.81631], [-119.77345, 38.81631], [-119.77208, 38.81631], [-119.76983, 38.81633]]}, "props": {"MTFCC": "S1400", "NAME": null}}, {"geom": {"type": "LineString", "coordinates": [[-119.76863, 38.81494], [-119.76862, 38.81479], [-119.76851, 38.81478], [-119.76839, 38.81482], [-119.76835, 38.81489], [-119.76839, 38.81495], [-119.76847, 38.81498], [-119.76863, 38.81494]]}, "props": {"MTFCC": "S1400", "NAME": null}}, {"geom": {"type": "LineString", "coordinates": [[-119.77249, 38.81131], [-119.77265, 38.81121], [-119.77271, 38.81112], [-119.77268, 38.81106], [-119.77261, 38.81102], [-119.77254, 38.81103], [-119.77248, 38.81108], [-119.77247, 38.81118], [-119.77249, 38.81131]]}, "props": {"MTFCC": "S1750", "NAME": null}}, {"geom": {"type": "LineString", "coordinates": [[-119.82168, 38.77474], [-119.82152, 38.77478], [-119.82133, 38.7749], [-119.82117, 38.77499], [-119.8211, 38.77506], [-119.82107, 38.77515], [-119.82103, 38.77533], [-119.821, 38.77552], [-119.82101, 38.77558], [-119.821037, 38.775634], [-119.82106, 38.77568], [-119.82116, 38.77585], [-119.82125, 38.77606]]}, "props": {"MTFCC": "S1400", "NAME": null}}, {"geom": {"type": "LineString", "coordinates": [[-119.82398, 38.77546], [-119.8238, 38.77545], [-119.82357, 38.77546], [-119.823493, 38.77577]]}, "props": {"MTFCC": "S1400", "NAME": null}}, {"geom": {"type": "LineString", "coordinates": [[-119.78597, 38.76431], [-119.78559, 38.76455], [-119.78461, 38.76526], [-119.78447, 38.76532], [-119.78434, 38.76534], [-119.7842, 38.76531], [-119.78393, 38.7652], [-119.78367, 38.76507], [-119.7835, 38.76497], [-119.78333, 38.76494], [-119.78286, 38.76501], [-119.7827, 38.76504], [-119.78242, 38.76503], [-119.78138, 38.7649], [-119.781266, 38.764884], [-119.780744, 38.76481], [-119.78046, 38.76477], [-119.77973, 38.76466]]}, "props": {"MTFCC": "S1400", "NAME": null}}, {"geom": {"type": "LineString", "coordinates": [[-119.79886, 38.75847], [-119.79923, 38.75832], [-119.79955, 38.75821], [-119.79984, 38.75817], [-119.80013, 38.75815], [-119.80059, 38.75818], [-119.80089, 38.75823], [-119.80111, 38.75824], [-119.80133, 38.75822], [-119.80153, 38.75817], [-119.80207, 38.75808], [-119.80229, 38.75802], [-119.80259, 38.7579], [-119.80279, 38.75788], [-119.80306, 38.75786], [-119.80337, 38.75791], [-119.80365, 38.75794], [-119.80383, 38.75795], [-119.804, 38.75791], [-119.8041, 38.75785], [-119.80419, 38.75777]]}, "props": {"MTFCC": "S1400", "NAME": null}}, {"geom": {"type": "LineString", "coordinates": [[-119.78998, 38.79611], [-119.79008, 38.79593], [-119.79012, 38.79575], [-119.79014, 38.79554], [-119.7902, 38.79524], [-119.79027, 38.79496], [-119.79032, 38.79456], [-119.79035, 38.79448], [-119.79042, 38.79446], [-119.79062, 38.79445], [-119.79133, 38.79446], [-119.79182, 38.79446], [-119.79223, 38.79448]]}, "props": {"MTFCC": "S1400", "NAME": null}}, {"geom": {"type": "LineString", "coordinates": [[-119.800415, 38.402847], [-119.800447, 38.402888], [-119.80074, 38.403209], [-119.80089, 38.403565], [-119.801253, 38.404212], [-119.801533, 38.405013], [-119.801599, 38.405715], [-119.801597, 38.405797], [-119.801583, 38.40653], [-119.801429, 38.407933], [-119.801507, 38.408401], [-119.801737, 38.408999], [-119.80221, 38.410002], [-119.803019, 38.411152], [-119.803731, 38.411632], [-119.805867, 38.412941], [-119.806338, 38.413338], [-119.806802, 38.413729], [-119.807878, 38.41467], [-119.808303, 38.415502], [-119.808321, 38.415536], [-119.808378, 38.415598], [-119.808492, 38.415708], [-119.809216, 38.416403], [-119.809479, 38.416977], [-119.809726, 38.417492], [-119.810002, 38.418069], [-119.811113, 38.418518], [-119.812462, 38.419824], [-119.813441, 38.421596], [-119.814029, 38.422172], [-119.814074, 38.422209], [-119.815116, 38.423065], [-119.815322, 38.423439], [-119.815429, 38.423631], [-119.815444, 38.423843]]}, "props": {"MTFCC": "S1400", "NAME": null}}, {"geom": {"type": "LineString", "coordinates": [[-119.80838, 38.79295], [-119.80826, 38.7929], [-119.80801, 38.79289], [-119.80772, 38.79291], [-119.80757, 38.79296], [-119.80746, 38.79302]]}, "props": {"MTFCC": "S1750", "NAME": null}}, {"geom": {"type": "LineString", "coordinates": [[-119.925328, 38.379334], [-119.925356, 38.379417], [-119.925587, 38.379986], [-119.925455, 38.380315], [-119.9252, 38.380564], [-119.925142, 38.380622], [-119.924748, 38.380704], [-119.924571, 38.380881], [-119.924608, 38.381239], [-119.924673, 38.381677], [-119.9247, 38.382042], [-119.925186, 38.382461], [-119.925588, 38.382742], [-119.925886, 38.383116], [-119.925908, 38.383616], [-119.925973, 38.383827], [-119.925999, 38.383911], [-119.926197, 38.384242], [-119.926398, 38.384526], [-119.926411, 38.385117]]}, "props": {"MTFCC": "S1400", "NAME": null}}, {"geom": {"type": "LineString", "coordinates": [[-119.80815, 38.78553], [-119.80811, 38.78541], [-119.80803, 38.78489], [-119.80798, 38.7844], [-119.80797, 38.78425], [-119.80801, 38.78412], [-119.80805, 38.78403], [-119.80816, 38.78391], [-119.8084, 38.78377], [-119.80872, 38.78356], [-119.80878, 38.78349], [-119.80883, 38.78342]]}, "props": {"MTFCC": "S1400", "NAME": null}}, {"geom": {"type": "LineString", "coordinates": [[-119.76599, 38.82273], [-119.76578, 38.8228], [-119.76569, 38.8228], [-119.76559, 38.82277], [-119.7655, 38.82273], [-119.76541, 38.82272], [-119.76519, 38.82282], [-119.76511, 38.82291], [-119.765, 38.82309]]}, "props": {"MTFCC": "S1750", "NAME": null}}, {"geom": {"type": "LineString", "coordinates": [[-119.89747, 38.79631], [-119.89705, 38.79665], [-119.89651, 38.7969], [-119.89596, 38.79737], [-119.89537, 38.79777], [-119.89531, 38.79804], [-119.89543, 38.79842], [-119.89571, 38.79868], [-119.89591, 38.79895], [-119.89614, 38.79985], [-119.89619, 38.80001], [-119.89616, 38.80073], [-119.89611, 38.80128], [-119.89603, 38.80159], [-119.8956, 38.80244], [-119.895212, 38.803258], [-119.8949, 38.80392], [-119.89428, 38.80479], [-119.89391, 38.80513], [-119.892559, 38.806229], [-119.891708, 38.806966], [-119.89119, 38.807869], [-119.890592, 38.808953], [-119.890044, 38.809546], [-119.88941, 38.80996], [-119.88926, 38.81001], [-119.88893, 38.80999], [-119.88844, 38.80992], [-119.888399, 38.809964], [-119.888384, 38.80998], [-119.888098, 38.810253], [-119.88809, 38.81026], [-119.88835, 38.81078], [-119.88848, 38.81103], [-119.88853, 38.8112], [-119.88835, 38.81133], [-119.88821, 38.81136], [-119.88796, 38.81128], [-119.88766, 38.81094], [-119.88749, 38.8107], [-119.88738, 38.81006], [-119.88722, 38.80963], [-119.88695, 38.80918], [-119.88659, 38.80875], [-119.88541, 38.80747], [-119.88527, 38.80718], [-119.88526, 38.80703], [-119.88531, 38.80673], [-119.88529, 38.8057], [-119.88521, 38.80551], [-119.88487, 38.80514], [-119.88483, 38.80491], [-119.88484, 38.80482], [-119.88499, 38.80467], [-119.88511, 38.80448], [-119.8851, 38.80428], [-119.88504, 38.80413], [-119.88476, 38.80399], [-119.88444, 38.80403], [-119.8843, 38.80416], [-119.8842, 38.80431], [-119.88423, 38.80464], [-119.88411, 38.80479], [-119.88393, 38.80492], [-119.88306, 38.80531], [-119.88269, 38.80541], [-119.88256, 38.80551], [-119.88246, 38.80568], [-119.88244, 38.80597], [-119.88231, 38.80629], [-119.88216, 38.8064], [-119.88178, 38.80655], [-119.881412, 38.806664], [-119.88091, 38.80682], [-119.8808, 38.80684], [-119.88048, 38.80682], [-119.88029, 38.8069], [-119.87978, 38.80722], [-119.87923, 38.80755], [-119.879, 38.80775], [-119.87887, 38.80789], [-119.87865, 38.80808], [-119.87856, 38.80812], [-119.87837, 38.80814], [-119.87825, 38.80812], [-119.87795, 38.80806], [-119.87778, 38.80803], [-119.8775, 38.80804], [-119.87733, 38.80811], [-119.87706, 38.80824], [-119.87689, 38.80843], [-119.87683, 38.80852], [-119.87689, 38.80875], [-119.87693, 38.80905], [-119.87693, 38.80935], [-119.87701, 38.80949], [-119.87719, 38.80966], [-119.87731, 38.80997], [-119.87738, 38.81012], [-119.87756, 38.81027], [-119.87777, 38.81039], [-119.87788, 38.81054], [-119.87787, 38.81066], [-119.87777, 38.81079], [-119.87767, 38.81081], [-119.87747, 38.8108], [-119.8773, 38.81072], [-119.877221, 38.810632]]}, "props": {"MTFCC": "S1500", "NAME": null}}, {"geom": {"type": "LineString", "coordinates": [[-119.91557, 38.63733], [-119.91569, 38.63735], [-119.91586, 38.63742], [-119.91669, 38.63792], [-119.91774, 38.638614]]}, "props": {"MTFCC": "S1400", "NAME": null}}, {"geom": {"type": "LineString", "coordinates": [[-119.998756, 38.481753], [-119.9987, 38.481787], [-119.998579, 38.481862], [-119.998535, 38.481889], [-119.99848, 38.481924], [-119.998324, 38.48202], [-119.998087, 38.482169], [-119.998001, 38.482424], [-119.997987, 38.482466], [-119.997901, 38.482575]]}, "props": {"MTFCC": "S1400", "NAME": null}}, {"geom": {"type": "LineString", "coordinates": [[-119.999235, 38.481386], [-119.999219, 38.481656], [-119.999201, 38.481963], [-119.998969, 38.482143], [-119.998818, 38.482053], [-119.99881, 38.482018], [-119.998756, 38.481753]]}, "props": {"MTFCC": "S1400", "NAME": null}}, {"geom": {"type": "LineString", "coordinates": [[-119.823831, 38.773104], [-119.823951, 38.773184]]}, "props": {"MTFCC": "S1740", "NAME": null}}, {"geom": {"type": "LineString", "coordinates": [[-119.93714, 38.741454], [-119.937189, 38.741518], [-119.937229, 38.741558], [-119.937278, 38.741626], [-119.937318, 38.741674], [-119.937337, 38.741719], [-119.937363, 38.741763], [-119.937412, 38.741809], [-119.937469, 38.741821], [-119.937537, 38.741824], [-119.937612, 38.741825], [-119.937676, 38.741818], [-119.937734, 38.741815], [-119.937796, 38.741812], [-119.937864, 38.741804], [-119.937924, 38.741807], [-119.93799, 38.741816], [-119.93806, 38.741829], [-119.938115, 38.741857], [-119.938168, 38.741888], [-119.938221, 38.741906], [-119.938271, 38.741941], [-119.938337, 38.741991], [-119.938366, 38.742035], [-119.938367, 38.742093], [-119.938364, 38.742144], [-119.938372, 38.742191], [-119.938399, 38.742235], [-119.938442, 38.742273], [-119.93849, 38.742306], [-119.938535, 38.742337], [-119.938582, 38.742367], [-119.938645, 38.742408], [-119.93869, 38.742447], [-119.938712, 38.742492], [-119.938711, 38.742549], [-119.938681, 38.742609], [-119.938635, 38.742648], [-119.938579, 38.74268], [-119.938529, 38.742713], [-119.938492, 38.742755], [-119.938469, 38.742804], [-119.938457, 38.742867]]}, "props": {"MTFCC": "S1400", "NAME": null}}, {"geom": {"type": "LineString", "coordinates": [[-119.81794, 38.75719], [-119.81794, 38.7573], [-119.81789, 38.75746], [-119.81782, 38.75755], [-119.81765, 38.75762], [-119.81717, 38.75772], [-119.81676, 38.75779], [-119.816671, 38.757795], [-119.81628, 38.75782]]}, "props": {"MTFCC": "S1740", "NAME": null}}, {"geom": {"type": "LineString", "coordinates": [[-119.740395, 38.644886], [-119.741447, 38.645231], [-119.741828, 38.645508], [-119.742033, 38.64576], [-119.74215, 38.646059], [-119.742385, 38.646357], [-119.74266, 38.646585], [-119.743467, 38.647253], [-119.744696, 38.647897], [-119.745603, 38.648587], [-119.746041, 38.648748], [-119.746448, 38.648804], [-119.746888, 38.648865], [-119.748291, 38.648868], [-119.749227, 38.649351], [-119.751033, 38.649929], [-119.75494, 38.651549], [-119.755816, 38.651803], [-119.756196, 38.651737], [-119.756782, 38.65119], [-119.75719, 38.651191], [-119.75798, 38.6514], [-119.759996, 38.652185], [-119.761194, 38.65219], [-119.761954, 38.652398], [-119.763035, 38.65231], [-119.763385, 38.652586], [-119.763795, 38.653023], [-119.764525, 38.65346], [-119.764702, 38.653667], [-119.765171, 38.655137], [-119.765046, 38.656072], [-119.764941, 38.656859], [-119.764154, 38.657525], [-119.763922, 38.658076], [-119.763922, 38.658558], [-119.764127, 38.658949], [-119.764128, 38.659362], [-119.763779, 38.660281], [-119.763868, 38.660533], [-119.764277, 38.660809], [-119.764248, 38.66097], [-119.763928, 38.661361], [-119.763928, 38.661659], [-119.764368, 38.662279], [-119.76428, 38.66244]]}, "props": {"MTFCC": "S1400", "NAME": null}}, {"geom": {"type": "LineString", "coordinates": [[-119.76428, 38.66244], [-119.76447, 38.6626], [-119.76461, 38.66274], [-119.76475, 38.66302], [-119.76488, 38.66349], [-119.76499, 38.66384], [-119.76505, 38.66399], [-119.76521, 38.66409], [-119.76523, 38.66417], [-119.76518, 38.66426], [-119.76504, 38.66444], [-119.76481, 38.66487], [-119.76465, 38.66527], [-119.76457, 38.66537], [-119.76449, 38.66543], [-119.7644, 38.66556], [-119.76439, 38.66573], [-119.76445, 38.66594], [-119.76449, 38.66614], [-119.76454, 38.66626], [-119.76465, 38.6665], [-119.76469, 38.66675], [-119.76473, 38.66686], [-119.76481, 38.66692], [-119.76492, 38.66702], [-119.76501, 38.66717], [-119.76513, 38.66743], [-119.76524, 38.66757], [-119.76528, 38.66771], [-119.76534, 38.66801], [-119.76539, 38.6682], [-119.76548, 38.66834], [-119.76564, 38.66853], [-119.76579, 38.66872], [-119.76591, 38.66881], [-119.76595, 38.66886], [-119.76599, 38.66894], [-119.76602, 38.66914], [-119.76608, 38.66941], [-119.76613, 38.66953], [-119.76638, 38.66961], [-119.76664, 38.66968], [-119.766884, 38.669763], [-119.76702, 38.66981], [-119.76754, 38.67002], [-119.76798, 38.67024], [-119.76832, 38.67051], [-119.76852, 38.67072], [-119.76864, 38.67082], [-119.76885, 38.67086], [-119.76907, 38.67091], [-119.76921, 38.67099], [-119.76959, 38.67127], [-119.77005, 38.67166], [-119.7702, 38.67185], [-119.77021, 38.67193], [-119.77018, 38.67208], [-119.77019, 38.67233], [-119.77025, 38.67234], [-119.77035, 38.67233], [-119.77054, 38.67227], [-119.77066, 38.67228], [-119.77078, 38.67231], [-119.77089, 38.67238], [-119.77093, 38.67247], [-119.77091, 38.67254], [-119.77084, 38.67261], [-119.77064, 38.67273], [-119.77048, 38.6729], [-119.77036, 38.67306], [-119.77029, 38.67322], [-119.77023, 38.67334], [-119.77023, 38.67346], [-119.77022, 38.6736], [-119.77019, 38.67379], [-119.77011, 38.67402], [-119.77005, 38.67421], [-119.76995, 38.67443], [-119.7699, 38.67458], [-119.76992, 38.67466], [-119.76996, 38.67474], [-119.77005, 38.67485], [-119.77013, 38.67496], [-119.77019, 38.67515], [-119.77028, 38.67552], [-119.77034, 38.67584], [-119.77027, 38.67632], [-119.77032, 38.67638], [-119.77039, 38.67639], [-119.7705, 38.67631], [-119.77062, 38.67608], [-119.77078, 38.67583], [-119.77106, 38.67525], [-119.77114, 38.6752], [-119.7712, 38.6752], [-119.77125, 38.67523], [-119.77129, 38.67527], [-119.77128, 38.67534], [-119.77123, 38.67547], [-119.77117, 38.67565], [-119.77117, 38.67579], [-119.77122, 38.67603], [-119.77128, 38.67622], [-119.77141, 38.67655], [-119.77146, 38.67677], [-119.77143, 38.67692], [-119.77143, 38.67704], [-119.77149, 38.6771], [-119.77162, 38.67712], [-119.77176, 38.67708], [-119.77187, 38.677], [-119.77212, 38.67676], [-119.77235, 38.67647], [-119.7725, 38.67637], [-119.77276, 38.67624], [-119.773, 38.67617], [-119.77342, 38.67608], [-119.77369, 38.67603], [-119.77383, 38.67597], [-119.77397, 38.67587], [-119.77404, 38.67577], [-119.7741, 38.67562], [-119.77416, 38.67544], [-119.77425, 38.67528], [-119.77437, 38.6752], [-119.7745, 38.67516], [-119.77463, 38.67518], [-119.77478, 38.67523], [-119.77496, 38.67533], [-119.7751, 38.67536], [-119.77526, 38.67535], [-119.77545, 38.67529], [-119.77551, 38.67522], [-119.77553, 38.67514], [-119.77551, 38.67506], [-119.77524, 38.6747], [-119.77517, 38.67456], [-119.77517, 38.67445], [-119.77524, 38.67432], [-119.77533, 38.67424], [-119.77548, 38.67419], [-119.77571, 38.67419], [-119.77587, 38.67429], [-119.77606, 38.67444], [-119.77617, 38.67457], [-119.77625, 38.67477], [-119.77635, 38.6749], [-119.77659, 38.67502], [-119.77685, 38.67509], [-119.77723, 38.67511], [-119.77752, 38.67509], [-119.77771, 38.67499], [-119.77778, 38.67488], [-119.77777, 38.67477], [-119.77779, 38.6747], [-119.77784, 38.67465], [-119.77793, 38.67463], [-119.77815, 38.6747], [-119.77826, 38.67477], [-119.77838, 38.67484], [-119.77849, 38.67485], [-119.77863, 38.6748], [-119.77874, 38.67479], [-119.77887, 38.67486], [-119.77908, 38.67505], [-119.77926, 38.67534], [-119.77937, 38.67556], [-119.77938, 38.67565], [-119.77935, 38.67572], [-119.7793, 38.67578], [-119.77904, 38.67595], [-119.77895, 38.67603], [-119.77887, 38.67611], [-119.77871, 38.67638], [-119.77858, 38.67666], [-119.77847, 38.67702], [-119.77829, 38.67751], [-119.77799, 38.67793], [-119.77796, 38.67807], [-119.77808, 38.67851], [-119.77808, 38.67871], [-119.77797, 38.67892], [-119.77792, 38.6794], [-119.7778, 38.67959], [-119.77758, 38.67992], [-119.7774, 38.68037], [-119.77734, 38.68063], [-119.7773, 38.68068], [-119.77601, 38.68132], [-119.77587, 38.68143], [-119.77584, 38.68163], [-119.77572, 38.68182], [-119.77499, 38.68253], [-119.77485, 38.68274], [-119.77467, 38.68282], [-119.77432, 38.68296], [-119.773297, 38.68346], [-119.773066, 38.683714], [-119.773052, 38.683812]]}, "props": {"MTFCC": "S1400", "NAME": null}}, {"geom": {"type": "LineString", "coordinates": [[-119.79226, 38.795412], [-119.792335, 38.795366], [-119.792409, 38.795309], [-119.792465, 38.795282], [-119.792523, 38.795265], [-119.792588, 38.79527], [-119.792737, 38.795301], [-119.792817, 38.795314], [-119.792905, 38.79534]]}, "props": {"MTFCC": "S1750", "NAME": null}}, {"geom": {"type": "LineString", "coordinates": [[-119.79301, 38.81071], [-119.79346, 38.81073], [-119.794373, 38.810722], [-119.79465, 38.81072], [-119.79642, 38.81074], [-119.79684, 38.81074], [-119.79745, 38.81075], [-119.798465, 38.810762], [-119.79903, 38.81077], [-119.79983, 38.81076]]}, "props": {"MTFCC": "S1400", "NAME": null}}, {"geom": {"type": "LineString", "coordinates": [[-119.80503, 38.807], [-119.805039, 38.807378], [-119.80505, 38.80781], [-119.805042, 38.808512], [-119.80504, 38.80873], [-119.80503, 38.80889]]}, "props": {"MTFCC": "S1400", "NAME": null}}, {"geom": {"type": "LineString", "coordinates": [[-119.913829, 38.755514], [-119.914046, 38.755769], [-119.914183, 38.756077], [-119.914304, 38.756346], [-119.914442, 38.756992], [-119.914335, 38.757338], [-119.913834, 38.757829], [-119.913676, 38.757985], [-119.913248, 38.758126]]}, "props": {"MTFCC": "S1400", "NAME": null}}, {"geom": {"type": "LineString", "coordinates": [[-120.0024, 38.69695], [-120.00236, 38.69693], [-120.00122, 38.69643], [-120.000929, 38.696288], [-120.00036, 38.69601], [-120.00003, 38.69581], [-119.99974, 38.69547], [-119.99933, 38.69489], [-119.99907, 38.69462], [-119.99868, 38.69436], [-119.99839, 38.69423], [-119.99806, 38.69416], [-119.99773, 38.69415], [-119.99739, 38.69418], [-119.99675, 38.69437], [-119.99521, 38.69484], [-119.994426, 38.695069], [-119.99381, 38.69525], [-119.99339, 38.6954], [-119.99236, 38.69598], [-119.99217, 38.69607], [-119.99168, 38.69631], [-119.99133, 38.69643], [-119.991196, 38.696441], [-119.9911, 38.69645], [-119.99076, 38.69644], [-119.99062, 38.69642], [-119.99027, 38.69632], [-119.99007, 38.69623], [-119.98984, 38.6961], [-119.9897, 38.69596], [-119.98948, 38.69569], [-119.98891, 38.69483], [-119.988827, 38.69471], [-119.98864, 38.69444], [-119.98841, 38.69427], [-119.9882, 38.69415], [-119.98803, 38.69406], [-119.98776, 38.69397], [-119.9875, 38.69391], [-119.9872, 38.69389], [-119.98677, 38.69388], [-119.98644, 38.69391], [-119.98616, 38.69397], [-119.98594, 38.69406], [-119.98571, 38.6942], [-119.98552, 38.69435], [-119.98537, 38.69452], [-119.98522, 38.69473], [-119.98512, 38.69496], [-119.98509, 38.69521], [-119.98507, 38.69567], [-119.98507, 38.696168], [-119.98507, 38.69742], [-119.98512, 38.69788], [-119.98522, 38.69824], [-119.98537, 38.69847], [-119.98577, 38.69887], [-119.98642, 38.69951], [-119.98662, 38.69982], [-119.98678, 38.70026], [-119.98678, 38.7007], [-119.98667, 38.70103], [-119.98653, 38.70129], [-119.98636, 38.70152], [-119.986311, 38.70156], [-119.98608, 38.70175], [-119.98579, 38.70192], [-119.9854, 38.7021], [-119.98483, 38.70231], [-119.98343, 38.7028], [-119.98258, 38.70295], [-119.9822, 38.70299], [-119.98122, 38.70296], [-119.98037, 38.70291], [-119.97992, 38.70291], [-119.97941, 38.70297], [-119.97907, 38.70304], [-119.97894, 38.703073], [-119.9788, 38.70311], [-119.97815, 38.70337], [-119.97761, 38.70357], [-119.97678, 38.70393], [-119.97587, 38.70429], [-119.97522, 38.70451], [-119.974631, 38.704647], [-119.974617, 38.70465], [-119.97409, 38.70475], [-119.97354, 38.70484], [-119.973518, 38.704843], [-119.97073, 38.70524], [-119.970159, 38.705265], [-119.97005, 38.70527], [-119.96938, 38.70517], [-119.969047, 38.705089], [-119.96897, 38.70507], [-119.96867, 38.70497], [-119.96825, 38.70476], [-119.96796, 38.7046], [-119.96761, 38.70432], [-119.96739, 38.70412], [-119.9672, 38.7039], [-119.96692, 38.70343], [-119.96674, 38.7029], [-119.96672, 38.70255], [-119.966757, 38.701099], [-119.96676, 38.70097], [-119.96673, 38.70034], [-119.96669, 38.70009], [-119.96653, 38.69981], [-119.96638, 38.6996], [-119.96607, 38.69932], [-119.96571, 38.69913], [-119.96553, 38.69905], [-119.9653, 38.69897], [-119.96485, 38.6989], [-119.96452, 38.6989], [-119.96412, 38.69895], [-119.96377, 38.69905], [-119.96342, 38.69919], [-119.96317, 38.69934], [-119.96293, 38.69955], [-119.96272, 38.69978], [-119.96207, 38.70067], [-119.96166, 38.70122], [-119.9604, 38.70299], [-119.95929, 38.70449], [-119.95867, 38.70535], [-119.95828, 38.70598], [-119.9581, 38.70631], [-119.957948, 38.706698], [-119.957608, 38.707568], [-119.9576, 38.70759], [-119.95668, 38.70996], [-119.956595, 38.710184], [-119.95635, 38.71084], [-119.956267, 38.711059], [-119.956241, 38.711124], [-119.956166, 38.711321], [-119.956142, 38.711387], [-119.956023, 38.711698], [-119.955666, 38.712633], [-119.955548, 38.712945], [-119.955536, 38.712976], [-119.955499, 38.71307], [-119.955488, 38.713102], [-119.955479, 38.713123], [-119.955454, 38.713188], [-119.955447, 38.71321], [-119.955441, 38.713224], [-119.955425, 38.713265], [-119.95542, 38.71328], [-119.95525, 38.71377], [-119.954982, 38.71447], [-119.954753, 38.71507], [-119.95426, 38.71636], [-119.95409, 38.71686], [-119.95396, 38.71734], [-119.95385, 38.71793], [-119.953836, 38.718086], [-119.95381, 38.71838], [-119.9538, 38.7188], [-119.953827, 38.719353], [-119.95386, 38.72005], [-119.953865, 38.720876], [-119.95387, 38.72149], [-119.95392, 38.72396], [-119.95395, 38.72491], [-119.953973, 38.725447], [-119.95404, 38.72697], [-119.954077, 38.727267], [-119.954188, 38.72816], [-119.95421, 38.72833], [-119.954236, 38.728457], [-119.95438, 38.72915], [-119.954396, 38.729238], [-119.95445, 38.72953], [-119.95452, 38.7301], [-119.95455, 38.73071], [-119.954487, 38.731618], [-119.95447, 38.73188], [-119.954413, 38.732412], [-119.9544, 38.73253], [-119.954337, 38.73305], [-119.95428, 38.73353], [-119.95402, 38.73447], [-119.953836, 38.734903], [-119.95372, 38.73518], [-119.953562, 38.735484], [-119.95344, 38.73572], [-119.95312, 38.73627], [-119.95243, 38.73713], [-119.952289, 38.737283], [-119.95166, 38.73797], [-119.95051, 38.73921], [-119.94972, 38.74009], [-119.947788, 38.74216], [-119.94735, 38.74263], [-119.94647, 38.74362], [-119.946304, 38.743801], [-119.94578, 38.74437], [-119.945073, 38.745129], [-119.94499, 38.74522], [-119.94332, 38.74699], [-119.94257, 38.74786], [-119.9423, 38.74829], [-119.9421, 38.74873], [-119.94195, 38.7491], [-119.94187, 38.74942], [-119.94181, 38.7498], [-119.9418, 38.75018], [-119.94186, 38.75071], [-119.94193, 38.75099], [-119.942, 38.75121], [-119.94224, 38.751859], [-119.94227, 38.75194], [-119.94252, 38.75273], [-119.9426, 38.75309], [-119.94266, 38.75371], [-119.942658, 38.753882], [-119.942651, 38.754575], [-119.942651, 38.754686], [-119.942651, 38.755019], [-119.942651, 38.75513], [-119.94265, 38.755424], [-119.94265, 38.75607], [-119.942629, 38.756307], [-119.942604, 38.756601], [-119.942576, 38.75692], [-119.94255, 38.75723], [-119.942545, 38.757881], [-119.942543, 38.758202], [-119.94254, 38.75862], [-119.94252, 38.75945], [-119.942468, 38.759757], [-119.94242, 38.76005], [-119.94233, 38.76053], [-119.94224, 38.76085], [-119.9421, 38.76144], [-119.941931, 38.761955], [-119.94165, 38.76281], [-119.94138, 38.7634], [-119.9412, 38.76375], [-119.940962, 38.764155], [-119.94093, 38.76421], [-119.94001, 38.76539], [-119.93896, 38.766762], [-119.93842, 38.76747], [-119.93805, 38.76796], [-119.93731, 38.76888], [-119.93684, 38.76951], [-119.93644, 38.76996], [-119.93585, 38.77059], [-119.935666, 38.770754], [-119.93488, 38.77146], [-119.934358, 38.771883], [-119.93388, 38.77227], [-119.933504, 38.77256], [-119.93304, 38.77292], [-119.93203, 38.77359], [-119.93082, 38.77425], [-119.930735, 38.774286], [-119.929734, 38.774715], [-119.92956, 38.77479], [-119.928876, 38.775026], [-119.92852, 38.77515], [-119.927874, 38.775362], [-119.92739, 38.77552], [-119.926284, 38.775904], [-119.92555, 38.77616], [-119.92542, 38.776197], [-119.924618, 38.776421], [-119.92455, 38.77644], [-119.92353, 38.77663], [-119.92279, 38.77671], [-119.92232, 38.77673], [-119.92187, 38.77676], [-119.92132, 38.77673], [-119.92069, 38.77671], [-119.91924, 38.77644], [-119.919038, 38.776395], [-119.91892, 38.77637], [-119.91886, 38.77635], [-119.918741, 38.776325], [-119.91721, 38.77601], [-119.91591, 38.77571], [-119.91478, 38.77548], [-119.91426, 38.77543], [-119.91382, 38.7754], [-119.91297, 38.77536], [-119.91233, 38.77533], [-119.91169, 38.77527], [-119.9112, 38.77522], [-119.90919, 38.77478], [-119.90835, 38.77461], [-119.90783, 38.77453], [-119.90743, 38.77449], [-119.90679, 38.77447], [-119.90626, 38.77448], [-119.90555, 38.77451], [-119.90505, 38.77457], [-119.90453, 38.77466], [-119.90408, 38.77475], [-119.90322, 38.77496], [-119.90183, 38.77535], [-119.900698, 38.775659], [-119.90066, 38.77567], [-119.8998, 38.7759], [-119.89927, 38.77597], [-119.89866, 38.77598], [-119.89775, 38.77589], [-119.897225, 38.775806], [-119.89712, 38.77579], [-119.8966, 38.77579], [-119.89631, 38.77582], [-119.89606, 38.77587], [-119.895973, 38.775904], [-119.895713, 38.776008], [-119.895633, 38.776055], [-119.895407, 38.776185], [-119.89521, 38.7763], [-119.894733, 38.776585], [-119.89451, 38.77672], [-119.89396, 38.77702], [-119.89362, 38.77717], [-119.89314, 38.77731], [-119.892866, 38.777342], [-119.8928, 38.77735], [-119.89233, 38.77735], [-119.89062, 38.77732], [-119.89011, 38.77729], [-119.88975, 38.7772], [-119.8889, 38.7769], [-119.88857, 38.77679], [-119.88833, 38.77673], [-119.88813, 38.77671], [-119.88792, 38.77672], [-119.88769, 38.77675], [-119.887639, 38.776761], [-119.88739, 38.77682], [-119.88697, 38.77698], [-119.88649, 38.77721], [-119.886003, 38.777434], [-119.88588, 38.77749], [-119.885662, 38.777572], [-119.88559, 38.7776], [-119.8853, 38.77764], [-119.88486, 38.77764], [-119.884572, 38.777579], [-119.88448, 38.77756], [-119.884225, 38.777463], [-119.88419, 38.77745], [-119.88372, 38.77718], [-119.883562, 38.777082], [-119.88309, 38.77679], [-119.8821, 38.77625], [-119.88163, 38.7761], [-119.881515, 38.776077], [-119.88123, 38.77602], [-119.880761, 38.775959], [-119.88046, 38.77592], [-119.879649, 38.775818], [-119.87926, 38.77577], [-119.87899, 38.77568], [-119.8787, 38.77559], [-119.87839, 38.77543], [-119.87808, 38.77525], [-119.87769, 38.77505], [-119.87742, 38.77487], [-119.87718, 38.7747], [-119.87699, 38.77454], [-119.87682, 38.77432], [-119.876773, 38.774244], [-119.87667, 38.774077], [-119.87658, 38.77393], [-119.87626, 38.77349], [-119.876129, 38.77333], [-119.8759, 38.77305], [-119.875597, 38.7728], [-119.87556, 38.77277], [-119.875396, 38.772641], [-119.873878, 38.771447], [-119.873819, 38.7714], [-119.87345, 38.77111], [-119.873252, 38.770906], [-119.8731, 38.77075], [-119.872946, 38.770552], [-119.87278, 38.77034], [-119.872128, 38.769412], [-119.87186, 38.76903], [-119.871645, 38.768726], [-119.87157, 38.76862], [-119.87107, 38.768], [-119.870932, 38.76787], [-119.87074, 38.76769], [-119.870657, 38.76762], [-119.87036, 38.76737], [-119.8699, 38.76707], [-119.86936, 38.76677], [-119.86897, 38.7666], [-119.868148, 38.76629], [-119.86775, 38.76614], [-119.866936, 38.76586], [-119.8665, 38.76571], [-119.86506, 38.76516], [-119.86409, 38.76484], [-119.86292, 38.76465], [-119.859865, 38.764243], [-119.85803, 38.764], [-119.857032, 38.76386], [-119.856947, 38.763848], [-119.856694, 38.763812], [-119.85661, 38.7638], [-119.85613, 38.76374], [-119.855901, 38.763722], [-119.85562, 38.7637], [-119.855324, 38.763694], [-119.85509, 38.76369], [-119.85444, 38.76372], [-119.85362, 38.76382], [-119.853262, 38.763885], [-119.85208, 38.7641], [-119.851495, 38.764216], [-119.85128, 38.76426], [-119.85063, 38.76442], [-119.85025, 38.76455], [-119.85001, 38.76466], [-119.849871, 38.764731], [-119.84939, 38.76498], [-119.84886, 38.76527], [-119.84876, 38.765322], [-119.84839, 38.76552], [-119.848057, 38.7657], [-119.84736, 38.76608], [-119.847057, 38.766236], [-119.846721, 38.76641], [-119.84643, 38.76656], [-119.845974, 38.766798], [-119.84536, 38.76712], [-119.84379, 38.76791], [-119.843723, 38.767944], [-119.84303, 38.76831], [-119.842979, 38.768337], [-119.84236, 38.76867], [-119.842057, 38.768826], [-119.8418, 38.76896], [-119.84154, 38.76909], [-119.8412, 38.76922], [-119.84072, 38.76936], [-119.84009, 38.76949], [-119.83906, 38.769654], [-119.83803, 38.76982], [-119.836462, 38.770055], [-119.83643, 38.77006], [-119.83538, 38.77021], [-119.83491, 38.7703], [-119.83458, 38.77039], [-119.83415, 38.77053], [-119.83353, 38.7708], [-119.83303, 38.77103], [-119.83233, 38.77136], [-119.831984, 38.77154], [-119.83189, 38.77159], [-119.8316, 38.77178], [-119.83129, 38.77201], [-119.83079, 38.77243], [-119.830718, 38.772489], [-119.830457, 38.772704], [-119.83039, 38.77276], [-119.83005, 38.77305], [-119.82971, 38.77333], [-119.829678, 38.773354], [-119.82953, 38.77347], [-119.829399, 38.773542], [-119.82933, 38.77358], [-119.82902, 38.77372], [-119.828938, 38.773748], [-119.82873, 38.77382], [-119.82846, 38.7739], [-119.82814, 38.77396], [-119.82768, 38.77403], [-119.82746, 38.77406], [-119.82696, 38.77413], [-119.82636, 38.77423], [-119.826258, 38.774259], [-119.82598, 38.77434], [-119.825828, 38.774394], [-119.82567, 38.77445], [-119.82532, 38.77462], [-119.8244, 38.77518], [-119.824352, 38.775211], [-119.82398, 38.77546], [-119.82376, 38.77561], [-119.823493, 38.77577], [-119.82331, 38.77588], [-119.823238, 38.775923], [-119.82287, 38.77615], [-119.82265, 38.77632], [-119.82241, 38.77652], [-119.82221, 38.77671], [-119.82207, 38.77687], [-119.82191, 38.77712], [-119.8219, 38.777135], [-119.82175, 38.7774], [-119.82163, 38.77768], [-119.821607, 38.777765], [-119.82158, 38.77787], [-119.821548, 38.778023], [-119.82153, 38.77811], [-119.821515, 38.77825], [-119.82151, 38.77831], [-119.82149, 38.77861], [-119.821493, 38.778672], [-119.8215, 38.778813], [-119.82151, 38.77902], [-119.821507, 38.779072], [-119.82149, 38.77941], [-119.82148, 38.77971], [-119.821464, 38.779851], [-119.82146, 38.77989], [-119.82139, 38.7801], [-119.82123, 38.78053], [-119.82107, 38.78094], [-119.820961, 38.781126], [-119.82085, 38.78132], [-119.82053, 38.78178], [-119.82022, 38.78212], [-119.81989, 38.78242], [-119.81961, 38.78266], [-119.81928, 38.7829], [-119.81886, 38.78318], [-119.818548, 38.783383], [-119.81834, 38.78352], [-119.81762, 38.784], [-119.81718, 38.78429], [-119.816925, 38.784454], [-119.81619, 38.78493], [-119.81508, 38.78568], [-119.81485, 38.785833], [-119.81416, 38.786294], [-119.81388, 38.78648], [-119.8127, 38.78726], [-119.81172, 38.7879], [-119.811609, 38.787974], [-119.81107, 38.78834], [-119.81009, 38.78898], [-119.80904, 38.78968], [-119.808505, 38.790032], [-119.80784, 38.79047], [-119.807761, 38.790523], [-119.80663, 38.79129], [-119.80572, 38.79188], [-119.80453, 38.79268], [-119.803974, 38.793041], [-119.80267, 38.79389], [-119.80189, 38.79442], [-119.801428, 38.794728], [-119.8009, 38.79508], [-119.800482, 38.795348], [-119.8, 38.79566], [-119.799296, 38.796139], [-119.79906, 38.7963], [-119.79845, 38.79671], [-119.797657, 38.797228], [-119.79764, 38.79724], [-119.7967, 38.79783], [-119.79616, 38.79815], [-119.796082, 38.798192], [-119.79542, 38.79855], [-119.79469, 38.79889], [-119.794153, 38.799135], [-119.79362, 38.79938], [-119.793502, 38.799433], [-119.79293, 38.79969], [-119.79198, 38.80013], [-119.79119, 38.80048], [-119.790674, 38.800715], [-119.79025, 38.80091], [-119.7895, 38.80126], [-119.7878, 38.80202], [-119.78716, 38.8023], [-119.7865, 38.80261], [-119.78542, 38.8031], [-119.784731, 38.803425], [-119.78453, 38.80352], [-119.7838, 38.80385], [-119.78309, 38.80418], [-119.78252, 38.80451], [-119.782252, 38.804684], [-119.78209, 38.80479], [-119.78158, 38.80518], [-119.7811, 38.80562], [-119.78084, 38.80589], [-119.78044, 38.80637], [-119.78014, 38.80679], [-119.780086, 38.806877], [-119.77996, 38.80708], [-119.779807, 38.807378], [-119.77978, 38.80743], [-119.77967, 38.80768], [-119.7795, 38.8081], [-119.7794, 38.80844], [-119.77931, 38.80881], [-119.779273, 38.808946], [-119.7792, 38.80922], [-119.7792, 38.80929], [-119.77918, 38.80982], [-119.77919, 38.8108], [-119.77919, 38.81152], [-119.77918, 38.81273], [-119.77916, 38.81377], [-119.77915, 38.81501], [-119.77915, 38.815517], [-119.77915, 38.816383], [-119.77915, 38.81707], [-119.77914, 38.8187], [-119.77914, 38.818983], [-119.77914, 38.81985], [-119.779124, 38.821789], [-119.77912, 38.82229], [-119.77912, 38.82396], [-119.7791, 38.82627], [-119.7791, 38.82742], [-119.779097, 38.82761], [-119.77909, 38.82831], [-119.7791, 38.82955], [-119.779094, 38.830092], [-119.77909, 38.83057], [-119.77909, 38.831718], [-119.77909, 38.83203], [-119.77908, 38.83226], [-119.77907, 38.83308], [-119.77906, 38.83463], [-119.77906, 38.83593], [-119.77903, 38.84026], [-119.77904, 38.84134], [-119.77904, 38.84261], [-119.77901, 38.84378], [-119.77902, 38.84489], [-119.779, 38.84583], [-119.778993, 38.846811], [-119.779027, 38.847126]]}, "props": {"MTFCC": "S1200", "NAME": null}}, {"geom": {"type": "LineString", "coordinates": [[-119.7967, 38.79783], [-119.79661, 38.7977], [-119.79653, 38.79765], [-119.79639, 38.79765], [-119.79618, 38.79771], [-119.796129, 38.797714], [-119.79607, 38.79772], [-119.79599, 38.79768], [-119.79601, 38.79757], [-119.79608, 38.79749], [-119.79622, 38.79744], [-119.7967, 38.79742], [-119.79688, 38.79739], [-119.79699, 38.79733], [-119.79701, 38.79725], [-119.79659, 38.79696], [-119.796517, 38.796912], [-119.79639, 38.79683], [-119.79622, 38.79673], [-119.79616, 38.79668], [-119.79615, 38.79659], [-119.79618, 38.79645]]}, "props": {"MTFCC": "S1400", "NAME": null}}, {"geom": {"type": "LineString", "coordinates": [[-119.873412, 38.600423], [-119.871897, 38.600401], [-119.87074, 38.600255], [-119.870089, 38.600173], [-119.868166, 38.600196], [-119.867903, 38.600288], [-119.867379, 38.600723], [-119.866681, 38.602599], [-119.866361, 38.602828], [-119.866011, 38.602942], [-119.865574, 38.602919], [-119.864874, 38.602737], [-119.864408, 38.60276], [-119.864344, 38.602854], [-119.864087, 38.60324], [-119.863797, 38.604087], [-119.863797, 38.604773], [-119.864031, 38.60507], [-119.863973, 38.605322]]}, "props": {"MTFCC": "S1400", "NAME": null}}, {"geom": {"type": "LineString", "coordinates": [[-119.81659, 38.75955], [-119.81657, 38.7598], [-119.81659, 38.76], [-119.816629, 38.760084], [-119.81667, 38.76017], [-119.8168, 38.76024]]}, "props": {"MTFCC": "S1750", "NAME": null}}, {"geom": {"type": "LineString", "coordinates": [[-119.77961, 38.80926], [-119.77961, 38.80931], [-119.77964, 38.8099], [-119.77969, 38.81031], [-119.77974, 38.81056], [-119.77979, 38.81085], [-119.77988, 38.81132], [-119.78005, 38.81205], [-119.78012, 38.81229], [-119.78028, 38.81272], [-119.78039, 38.81303], [-119.78053, 38.81364], [-119.78066, 38.81384], [-119.78113, 38.8144], [-119.78132, 38.81468], [-119.78146, 38.81496], [-119.78154, 38.81519], [-119.78158, 38.81545], [-119.78158, 38.8156], [-119.78153, 38.81613], [-119.78155, 38.81623], [-119.78156, 38.81639], [-119.7822, 38.81762], [-119.78246, 38.81818], [-119.78273, 38.81874], [-119.78297, 38.81929], [-119.78318, 38.81979], [-119.783637, 38.820884], [-119.78374, 38.82113], [-119.784255, 38.822481], [-119.7844, 38.82286], [-119.78485, 38.82406], [-119.78519, 38.82492], [-119.78552, 38.82576], [-119.78562, 38.82605], [-119.78594, 38.82678], [-119.786188, 38.827237], [-119.78641, 38.82759], [-119.78669, 38.82806], [-119.78708, 38.8287], [-119.78742, 38.82927], [-119.787696, 38.829752], [-119.78785, 38.83002], [-119.78812, 38.83054], [-119.78849, 38.83118], [-119.78877, 38.83164], [-119.78894, 38.83187], [-119.7891, 38.83206], [-119.78936, 38.83228], [-119.78956, 38.83242], [-119.78976, 38.83253], [-119.789882, 38.832595], [-119.79025, 38.83279], [-119.7906, 38.83295], [-119.790978, 38.83313], [-119.79163, 38.83344], [-119.791677, 38.833463], [-119.79202, 38.83363], [-119.79233, 38.8338], [-119.79277, 38.83407], [-119.79327, 38.83443], [-119.793602, 38.834746], [-119.79368, 38.83482], [-119.79396, 38.83518], [-119.79408, 38.835355], [-119.79409, 38.83537], [-119.794226, 38.835594], [-119.7944, 38.83588], [-119.794618, 38.836337], [-119.79474, 38.83659], [-119.79485, 38.83689], [-119.7949, 38.83709], [-119.79494, 38.83736], [-119.79497, 38.83772], [-119.79497, 38.8382], [-119.79496, 38.8388], [-119.79496, 38.83932], [-119.79498, 38.84031], [-119.79499, 38.840418], [-119.79501, 38.84062], [-119.79514, 38.842], [-119.79517, 38.84241], [-119.79523, 38.8429], [-119.79531, 38.84333], [-119.79539, 38.84366], [-119.79569, 38.84449], [-119.79617, 38.84567], [-119.79633, 38.84605], [-119.79649, 38.84645], [-119.79659, 38.84687], [-119.7966, 38.84717], [-119.79648, 38.84783], [-119.79634, 38.84823], [-119.79619, 38.8487], [-119.79606, 38.84899], [-119.79586, 38.84923], [-119.79562, 38.84946], [-119.79512, 38.84989], [-119.79457, 38.85034], [-119.794041, 38.850724], [-119.79402, 38.85074], [-119.79361, 38.85102], [-119.79319, 38.85133], [-119.79254, 38.85179], [-119.79226, 38.85204], [-119.79205, 38.85229], [-119.7919, 38.85248], [-119.79171, 38.85281], [-119.79155, 38.85313], [-119.79145, 38.85345]]}, "props": {"MTFCC": "S1400", "NAME": null}}, {"geom": {"type": "LineString", "coordinates": [[-119.82236, 38.77426], [-119.822434, 38.774316], [-119.822656, 38.774484], [-119.82269, 38.77451], [-119.82274, 38.77452], [-119.82288, 38.77443], [-119.822946, 38.774404], [-119.82314, 38.77433], [-119.82326, 38.77425], [-119.82339, 38.77414], [-119.82354, 38.77405], [-119.823557, 38.774043], [-119.82378, 38.77396]]}, "props": {"MTFCC": "S1400", "NAME": null}}, {"geom": {"type": "LineString", "coordinates": [[-119.79035, 38.70385], [-119.790309, 38.703947], [-119.79028, 38.70402], [-119.79023, 38.70419], [-119.790225, 38.704252], [-119.79022, 38.70434], [-119.790223, 38.704358], [-119.790228, 38.704438], [-119.79025, 38.70452], [-119.79024, 38.70461], [-119.79018, 38.704641], [-119.79011, 38.70468]]}, "props": {"MTFCC": "S1400", "NAME": null}}, {"geom": {"type": "LineString", "coordinates": [[-119.92473, 38.60877], [-119.92471, 38.6088], [-119.92467, 38.60909], [-119.92463, 38.60915], [-119.92457, 38.60919], [-119.924548, 38.609198], [-119.92445, 38.60924], [-119.92439, 38.60929], [-119.92435, 38.60936], [-119.92426, 38.60947]]}, "props": {"MTFCC": "S1400", "NAME": null}}, {"geom": {"type": "LineString", "coordinates": [[-119.80301, 38.80437], [-119.80301, 38.80425]]}, "props": {"MTFCC": "S1750", "NAME": null}}, {"geom": {"type": "LineString", "coordinates": [[-119.75564, 38.79414], [-119.755454, 38.79414], [-119.754896, 38.79414], [-119.75471, 38.79414]]}, "props": {"MTFCC": "S1400", "NAME": null}}, {"geom": {"type": "LineString", "coordinates": [[-119.691686, 38.596829], [-119.691764, 38.596963], [-119.691978, 38.597329], [-119.692017, 38.597351], [-119.692153, 38.597429]]}, "props": {"MTFCC": "S1500", "NAME": null}}, {"geom": {"type": "LineString", "coordinates": [[-120.001541, 38.422788], [-120.00106, 38.422963]]}, "props": {"MTFCC": "S1400", "NAME": null}}, {"geom": {"type": "LineString", "coordinates": [[-119.992338, 38.428061], [-119.99243, 38.428146], [-119.992707, 38.428401], [-119.9928, 38.428487]]}, "props": {"MTFCC": "S1400", "NAME": null}}, {"geom": {"type": "LineString", "coordinates": [[-119.98857, 38.48048], [-119.988351, 38.48063], [-119.98813, 38.480783], [-119.987805, 38.4812], [-119.987643, 38.481411]]}, "props": {"MTFCC": "S1400", "NAME": null}}, {"geom": {"type": "LineString", "coordinates": [[-119.9277, 38.76663], [-119.92787, 38.76723], [-119.92798, 38.76754], [-119.92797, 38.76786], [-119.92718, 38.76922], [-119.92671, 38.76975], [-119.9265, 38.77016], [-119.925992, 38.770945], [-119.925518, 38.771233], [-119.92504, 38.77194], [-119.92475, 38.77256], [-119.92429, 38.77338], [-119.92406, 38.77385], [-119.92392, 38.77407], [-119.92336, 38.77453], [-119.923, 38.77466], [-119.92275, 38.77469], [-119.92258, 38.77466], [-119.92219, 38.77432], [-119.92202, 38.77419], [-119.92122, 38.77393], [-119.92108, 38.7739], [-119.92092, 38.7739], [-119.92074, 38.77396], [-119.92041, 38.77413], [-119.91989, 38.77448], [-119.91944, 38.77479], [-119.91917, 38.77504], [-119.91895, 38.77526], [-119.91884, 38.77551], [-119.91885, 38.77569], [-119.91886, 38.77635]]}, "props": {"MTFCC": "S1400", "NAME": null}}, {"geom": {"type": "LineString", "coordinates": [[-119.89606, 38.77587], [-119.89569, 38.77573], [-119.89533, 38.77569], [-119.8949, 38.7757], [-119.894702, 38.775711], [-119.8939, 38.77576], [-119.89345, 38.77575], [-119.89319, 38.77576], [-119.89305, 38.7758], [-119.89298, 38.77586], [-119.89292, 38.77597], [-119.89288, 38.7761], [-119.892785, 38.776327], [-119.892539, 38.776335], [-119.892402, 38.776222], [-119.892354, 38.775789], [-119.892073, 38.775698], [-119.891441, 38.77609], [-119.89038, 38.77675], [-119.890323, 38.776813], [-119.890287, 38.776849], [-119.890257, 38.776887], [-119.8902, 38.77695], [-119.890189, 38.776959], [-119.889693, 38.776827], [-119.889418, 38.776595], [-119.889155, 38.776373], [-119.888449, 38.776392], [-119.886484, 38.776813], [-119.886348, 38.776843], [-119.885909, 38.777117], [-119.885894, 38.777324], [-119.886003, 38.777434]]}, "props": {"MTFCC": "S1400", "NAME": null}}, {"geom": {"type": "LineString", "coordinates": [[-119.917124, 38.774866], [-119.916217, 38.774288], [-119.915194, 38.774002], [-119.914463, 38.77413], [-119.913994, 38.77434], [-119.913088, 38.775042], [-119.91297, 38.77536]]}, "props": {"MTFCC": "S1400", "NAME": null}}, {"geom": {"type": "LineString", "coordinates": [[-119.93371, 38.78749], [-119.934467, 38.787112], [-119.934959, 38.786731], [-119.935172, 38.786436], [-119.936325, 38.785795], [-119.93697, 38.78508], [-119.93717, 38.78502], [-119.93737, 38.78501], [-119.93751, 38.78504], [-119.9376, 38.78508], [-119.93778, 38.78513], [-119.9379, 38.78511], [-119.93819, 38.78494], [-119.93862, 38.7847], [-119.93876, 38.78469], [-119.93888, 38.78473], [-119.9394, 38.78502], [-119.9395, 38.78505], [-119.93976, 38.78505], [-119.940296, 38.785008], [-119.940747, 38.784474], [-119.942025, 38.783898], [-119.94243, 38.784035], [-119.942428, 38.784264], [-119.941949, 38.784989], [-119.942025, 38.786211], [-119.942252, 38.7864], [-119.942895, 38.786236], [-119.944133, 38.78577], [-119.944391, 38.785769], [-119.944975, 38.785926], [-119.945519, 38.786223], [-119.946373, 38.786871]]}, "props": {"MTFCC": "S1400", "NAME": null}}, {"geom": {"type": "LineString", "coordinates": [[-119.750291, 38.808577], [-119.750604, 38.808618], [-119.751114, 38.80881], [-119.751459, 38.808969], [-119.751679, 38.80907], [-119.752998, 38.81024], [-119.753324, 38.810871], [-119.753395, 38.811345], [-119.753376, 38.811875], [-119.753374, 38.811932], [-119.753118, 38.812564], [-119.75322, 38.812948], [-119.753289, 38.813028], [-119.753692, 38.813481], [-119.75396, 38.813872], [-119.754378, 38.814483], [-119.75445, 38.815528], [-119.754868, 38.816111], [-119.75493, 38.816459], [-119.755049, 38.816825], [-119.755386, 38.817853], [-119.754713, 38.819685], [-119.754426, 38.820468], [-119.754492, 38.820928], [-119.75461, 38.821133], [-119.754803, 38.822578], [-119.755076, 38.823472], [-119.755118, 38.824734], [-119.75483, 38.825336], [-119.754778, 38.825445], [-119.754378, 38.82611], [-119.754381, 38.826316], [-119.754821, 38.826895], [-119.754737, 38.826984], [-119.754663, 38.827239], [-119.754469, 38.827919], [-119.754399, 38.827978], [-119.754197, 38.828151]]}, "props": {"MTFCC": "S1740", "NAME": null}}, {"geom": {"type": "LineString", "coordinates": [[-119.77914, 38.81985], [-119.778596, 38.819853], [-119.776967, 38.819864], [-119.776424, 38.819868], [-119.776271, 38.819868], [-119.775812, 38.819872], [-119.77566, 38.819873], [-119.775429, 38.819874], [-119.774739, 38.819878], [-119.77451, 38.81988], [-119.77416, 38.81988], [-119.773986, 38.81988], [-119.772417, 38.819886], [-119.771895, 38.819889], [-119.77173, 38.81989], [-119.77092, 38.8199], [-119.769965, 38.8199], [-119.76942, 38.8199], [-119.76869, 38.81991], [-119.76833, 38.81991], [-119.76814, 38.81994], [-119.76783, 38.82001], [-119.76749, 38.82015], [-119.76728, 38.82026], [-119.767, 38.82047], [-119.76687, 38.82058], [-119.76677, 38.82073], [-119.76665, 38.82096], [-119.76656, 38.82121], [-119.76646, 38.82141], [-119.76631, 38.82173], [-119.76615, 38.82209], [-119.76605, 38.82233], [-119.76602, 38.82247], [-119.76599, 38.82273], [-119.766024, 38.822903], [-119.76603, 38.82293], [-119.76614, 38.82314], [-119.76628, 38.82332], [-119.76649, 38.82348], [-119.766747, 38.823647], [-119.76723, 38.82396], [-119.76732, 38.82405], [-119.76742, 38.82418]]}, "props": {"MTFCC": "S1400", "NAME": null}}, {"geom": {"type": "LineString", "coordinates": [[-119.77452, 38.81816], [-119.77471, 38.81814], [-119.77482, 38.81816], [-119.77503, 38.81833], [-119.77519, 38.8184]]}, "props": {"MTFCC": "S1750", "NAME": null}}, {"geom": {"type": "LineString", "coordinates": [[-119.74906, 38.79736], [-119.74912, 38.79723], [-119.74918, 38.79713], [-119.749202, 38.797095], [-119.74931, 38.79693], [-119.74962, 38.79654], [-119.749755, 38.79638], [-119.74995, 38.79615], [-119.74992, 38.79634], [-119.74992, 38.796425], [-119.74992, 38.79649], [-119.74996, 38.79662], [-119.75001, 38.79676], [-119.75011, 38.7969], [-119.75023, 38.79702], [-119.750356, 38.797086], [-119.75044, 38.79713], [-119.7506, 38.79722], [-119.750682, 38.797224], [-119.750928, 38.797236], [-119.75101, 38.79724]]}, "props": {"MTFCC": "S1400", "NAME": null}}, {"geom": {"type": "LineString", "coordinates": [[-119.8004, 38.78626], [-119.80027, 38.78599], [-119.80006, 38.78568], [-119.799906, 38.78551], [-119.79967, 38.78525], [-119.79956, 38.7851], [-119.7995, 38.78501], [-119.79951, 38.78481], [-119.79958, 38.78471], [-119.79969, 38.78464], [-119.7999, 38.78454], [-119.80002, 38.78446], [-119.80009, 38.78438], [-119.80012, 38.78431], [-119.80012, 38.78418], [-119.80004, 38.78386]]}, "props": {"MTFCC": "S1400", "NAME": null}}, {"geom": {"type": "LineString", "coordinates": [[-119.81907, 38.76888], [-119.818894, 38.769177], [-119.8189, 38.769259], [-119.818924, 38.769566], [-119.81907, 38.769704], [-119.819304, 38.769635], [-119.81942, 38.769452], [-119.819391, 38.7692], [-119.819361, 38.769144], [-119.819245, 38.768926], [-119.81907, 38.76888]]}, "props": {"MTFCC": "S1400", "NAME": null}}, {"geom": {"type": "LineString", "coordinates": [[-119.845344, 38.765802], [-119.845657, 38.765782], [-119.846079, 38.765756], [-119.846548, 38.765528], [-119.846856, 38.765462], [-119.846915, 38.765465], [-119.847092, 38.765474], [-119.847151, 38.765478], [-119.847435, 38.765148], [-119.847461, 38.764984], [-119.847252, 38.7649], [-119.847197, 38.764878], [-119.84586, 38.765061], [-119.845178, 38.76534], [-119.844871, 38.765466], [-119.844794, 38.765498], [-119.844792, 38.765673], [-119.845344, 38.765802]]}, "props": {"MTFCC": "S1400", "NAME": null}}, {"geom": {"type": "LineString", "coordinates": [[-119.706123, 38.766465], [-119.706275, 38.766537], [-119.706561, 38.766671], [-119.706649, 38.766831], [-119.706635, 38.766998], [-119.706561, 38.767929], [-119.706591, 38.769233], [-119.706776, 38.769426], [-119.707029, 38.76969], [-119.707497, 38.769736]]}, "props": {"MTFCC": "S1400", "NAME": null}}, {"geom": {"type": "LineString", "coordinates": [[-119.696443, 38.776173], [-119.696485, 38.776288], [-119.696497, 38.776321], [-119.696659, 38.776767], [-119.696713, 38.776916], [-119.696869, 38.777496], [-119.697538, 38.779004], [-119.697542, 38.779658], [-119.69702, 38.780287], [-119.696905, 38.780625], [-119.696851, 38.781278], [-119.696386, 38.781457], [-119.696367, 38.781482], [-119.696038, 38.781906], [-119.695427, 38.782012], [-119.695243, 38.782107], [-119.695166, 38.782147], [-119.69392, 38.783539], [-119.693572, 38.784057], [-119.692847, 38.78473], [-119.691806, 38.786328], [-119.691435, 38.786601]]}, "props": {"MTFCC": "S1400", "NAME": null}}, {"geom": {"type": "LineString", "coordinates": [[-119.971466, 38.70137], [-119.971405, 38.701629], [-119.971079, 38.70194], [-119.970798, 38.702056], [-119.970725, 38.702087], [-119.970577, 38.702231], [-119.970571, 38.702821], [-119.970711, 38.703247], [-119.97041, 38.703934], [-119.970406, 38.704335], [-119.970287, 38.704549], [-119.969967, 38.704667], [-119.969284, 38.70492], [-119.969047, 38.705089]]}, "props": {"MTFCC": "S1400", "NAME": null}}, {"geom": {"type": "LineString", "coordinates": [[-119.9576, 38.70759], [-119.95743, 38.70756], [-119.95735, 38.70746], [-119.95727, 38.70733], [-119.95738, 38.70719], [-119.9574, 38.70711], [-119.95735, 38.70706], [-119.95722, 38.7071], [-119.95711, 38.70711], [-119.95705, 38.70718]]}, "props": {"MTFCC": "S1750", "NAME": null}}, {"geom": {"type": "LineString", "coordinates": [[-119.931602, 38.692074], [-119.931436, 38.692148], [-119.931281, 38.692219], [-119.930907, 38.692183], [-119.930726, 38.692167]]}, "props": {"MTFCC": "S1400", "NAME": null}}, {"geom": {"type": "LineString", "coordinates": [[-119.908629, 38.62], [-119.908678, 38.619919], [-119.908829, 38.619679], [-119.90888, 38.6196], [-119.909, 38.619487], [-119.90905, 38.61944], [-119.909403, 38.619202], [-119.90954, 38.61911]]}, "props": {"MTFCC": "S1400", "NAME": null}}, {"geom": {"type": "LineString", "coordinates": [[-119.782582, 38.743694], [-119.78255, 38.74356], [-119.782508, 38.74345], [-119.78246, 38.74332], [-119.78234, 38.74314], [-119.78221, 38.74297], [-119.78219, 38.74284], [-119.782209, 38.74278], [-119.78223, 38.74272], [-119.78237, 38.74259]]}, "props": {"MTFCC": "S1740", "NAME": null}}, {"geom": {"type": "LineString", "coordinates": [[-119.825218, 38.737861], [-119.825089, 38.737885], [-119.824234, 38.738698], [-119.823832, 38.738813], [-119.822334, 38.738803], [-119.822245, 38.73883], [-119.821531, 38.73905], [-119.820954, 38.739139], [-119.820466, 38.738953], [-119.819764, 38.738897], [-119.819258, 38.738856], [-119.818855, 38.738967], [-119.817026, 38.740372], [-119.816066, 38.741709], [-119.814834, 38.743911], [-119.814746, 38.744069], [-119.814403, 38.744296], [-119.814029, 38.744316], [-119.813166, 38.744061], [-119.811963, 38.744359], [-119.811756, 38.744413]]}, "props": {"MTFCC": "S1400", "NAME": null}}, {"geom": {"type": "LineString", "coordinates": [[-119.836898, 38.696087], [-119.836785, 38.696124], [-119.836447, 38.696234], [-119.836335, 38.696272], [-119.836115, 38.696234], [-119.835457, 38.696122], [-119.835238, 38.696085]]}, "props": {"MTFCC": "S1400", "NAME": null}}, {"geom": {"type": "LineString", "coordinates": [[-119.8279, 38.69572], [-119.827722, 38.695815], [-119.82764, 38.69586], [-119.827138, 38.695946], [-119.82694, 38.69598], [-119.826944, 38.696022], [-119.826956, 38.696148], [-119.82696, 38.69619], [-119.826966, 38.696242], [-119.826987, 38.696398], [-119.826994, 38.69645]]}, "props": {"MTFCC": "S1400", "NAME": null}}, {"geom": {"type": "LineString", "coordinates": [[-119.800773, 38.686608], [-119.800702, 38.686586], [-119.80049, 38.686521], [-119.80042, 38.6865]]}, "props": {"MTFCC": "S1400", "NAME": null}}, {"geom": {"type": "LineString", "coordinates": [[-119.80161, 38.68753], [-119.80075, 38.687563], [-119.800373, 38.687578], [-119.799363, 38.688327], [-119.79915, 38.6884], [-119.79885, 38.6884], [-119.79857, 38.68837], [-119.798436, 38.688341], [-119.79829, 38.68831], [-119.798132, 38.688245], [-119.798, 38.68819], [-119.797642, 38.68802]]}, "props": {"MTFCC": "S1400", "NAME": null}}, {"geom": {"type": "LineString", "coordinates": [[-119.836898, 38.696087], [-119.836925, 38.696161], [-119.83694, 38.6962], [-119.83706, 38.696353], [-119.837109, 38.696416], [-119.83712, 38.69643], [-119.837237, 38.696675], [-119.83729, 38.69699], [-119.83731, 38.69737], [-119.837343, 38.697535], [-119.8374, 38.69782], [-119.83744, 38.69805], [-119.83744, 38.69817], [-119.837435, 38.69819], [-119.83741, 38.69831], [-119.83732, 38.69851], [-119.836968, 38.699206], [-119.8368, 38.69954]]}, "props": {"MTFCC": "S1400", "NAME": null}}, {"geom": {"type": "LineString", "coordinates": [[-119.8368, 38.69954], [-119.836805, 38.699692], [-119.836823, 38.700148], [-119.83683, 38.7003]]}, "props": {"MTFCC": "S1400", "NAME": null}}, {"geom": {"type": "LineString", "coordinates": [[-119.7826, 38.743845], [-119.7826, 38.743814], [-119.7826, 38.743803], [-119.7826, 38.74377], [-119.782589, 38.743723], [-119.782582, 38.743694]]}, "props": {"MTFCC": "S1740", "NAME": null}}, {"geom": {"type": "LineString", "coordinates": [[-119.61575, 38.67473], [-119.61556, 38.67488], [-119.61522, 38.67509], [-119.6149, 38.67526], [-119.61463, 38.67536], [-119.61428, 38.67544], [-119.61379, 38.67554], [-119.61326, 38.6756], [-119.61312, 38.67566], [-119.61304, 38.67571], [-119.61302, 38.67578], [-119.61307, 38.67585], [-119.61318, 38.67589], [-119.61336, 38.67593], [-119.61363, 38.67597], [-119.61376, 38.67604], [-119.61403, 38.67628], [-119.614225, 38.676447], [-119.61424, 38.67646], [-119.61444, 38.67664], [-119.61468, 38.67692], [-119.61494, 38.67718], [-119.61547, 38.67774], [-119.61575, 38.67805], [-119.6159, 38.67833], [-119.61601, 38.67856], [-119.61608, 38.67884], [-119.61616, 38.67997], [-119.61615, 38.6805], [-119.61608, 38.68109], [-119.61597, 38.68154], [-119.61579, 38.68208], [-119.61544, 38.68291], [-119.61512, 38.6837], [-119.615, 38.68394], [-119.61486, 38.68438], [-119.61478, 38.6847], [-119.61473, 38.68477], [-119.61468, 38.6848], [-119.61462, 38.68478], [-119.61458, 38.68474], [-119.61456, 38.68463], [-119.61455, 38.68447], [-119.61441, 38.68416], [-119.61415, 38.68371], [-119.61391, 38.68313], [-119.61381, 38.68293], [-119.61368, 38.68278], [-119.61334, 38.68249], [-119.61302, 38.68223], [-119.61285, 38.68211], [-119.61266, 38.68188], [-119.612471, 38.68164], [-119.61233, 38.68146], [-119.61211, 38.68124], [-119.61198, 38.68106], [-119.61186, 38.68092], [-119.61175, 38.68085], [-119.6116, 38.6808], [-119.61146, 38.68079], [-119.61131, 38.68085], [-119.61115, 38.68099], [-119.61098, 38.68122], [-119.61096, 38.68139], [-119.611, 38.68164], [-119.61101, 38.68182], [-119.61099, 38.68197], [-119.6109, 38.68225], [-119.61081, 38.68246], [-119.6107, 38.68267], [-119.61068, 38.68278], [-119.61071, 38.68289], [-119.61079, 38.68298], [-119.61095, 38.68304], [-119.6111, 38.68306], [-119.61131, 38.68304]]}, "props": {"MTFCC": "S1400", "NAME": null}}, {"geom": {"type": "LineString", "coordinates": [[-119.72574, 38.65852], [-119.725849, 38.658616], [-119.72591, 38.65867], [-119.72596, 38.65873], [-119.72599, 38.65881], [-119.72601, 38.65893], [-119.726006, 38.659003], [-119.726, 38.65915]]}, "props": {"MTFCC": "S1400", "NAME": null}}, {"geom": {"type": "LineString", "coordinates": [[-119.91299, 38.61209], [-119.91316, 38.61194], [-119.9133, 38.6117], [-119.91334, 38.61162], [-119.91334, 38.61148], [-119.9135, 38.61109], [-119.91358, 38.61093], [-119.913815, 38.610796], [-119.91409, 38.61064], [-119.91424, 38.61057], [-119.91468, 38.61058], [-119.9151, 38.6106], [-119.91544, 38.61054], [-119.91576, 38.61054], [-119.91608, 38.61055], [-119.91669, 38.61033], [-119.9174, 38.61017]]}, "props": {"MTFCC": "S1400", "NAME": null}}, {"geom": {"type": "LineString", "coordinates": [[-119.82141, 38.77356], [-119.82094, 38.77354], [-119.82074, 38.77354], [-119.8206, 38.77359], [-119.82053, 38.77364], [-119.82046, 38.77373]]}, "props": {"MTFCC": "S1400", "NAME": null}}, {"geom": {"type": "LineString", "coordinates": [[-119.804605, 38.763182], [-119.80463, 38.76319], [-119.80467, 38.76323], [-119.8047, 38.76332], [-119.80468, 38.76346], [-119.8047, 38.76358], [-119.80478, 38.76378], [-119.80486, 38.76401], [-119.8049, 38.76415], [-119.804951, 38.764212], [-119.80504, 38.76432], [-119.80511, 38.76439], [-119.80513, 38.76447], [-119.8051, 38.76451], [-119.80497, 38.76456], [-119.80489, 38.76462], [-119.80488, 38.76469], [-119.80491, 38.76492], [-119.80496, 38.7651], [-119.80502, 38.76521], [-119.80512, 38.76526], [-119.80539, 38.76529], [-119.80592, 38.7653], [-119.80642, 38.7653], [-119.80673, 38.76527], [-119.80682, 38.76527], [-119.80691, 38.76532], [-119.80697, 38.76541], [-119.806971, 38.76554], [-119.80698, 38.76623], [-119.807, 38.76645], [-119.80705, 38.76656], [-119.807128, 38.766615], [-119.80715, 38.76663], [-119.80764, 38.76662], [-119.807678, 38.76662], [-119.80821, 38.76663], [-119.80844, 38.76664], [-119.8086, 38.7667], [-119.80868, 38.76675], [-119.80884, 38.76689], [-119.80905, 38.76712], [-119.80912, 38.76721], [-119.80946, 38.76765]]}, "props": {"MTFCC": "S1400", "NAME": null}}, {"geom": {"type": "LineString", "coordinates": [[-119.93085, 38.69781], [-119.931, 38.69785], [-119.93106, 38.69784], [-119.93138, 38.69782], [-119.93155, 38.69779], [-119.93175, 38.69776], [-119.93184, 38.69768]]}, "props": {"MTFCC": "S1400", "NAME": null}}, {"geom": {"type": "LineString", "coordinates": [[-119.77252, 38.81185], [-119.77232, 38.81186], [-119.77243, 38.81175], [-119.77252, 38.81185]]}, "props": {"MTFCC": "S1400", "NAME": null}}, {"geom": {"type": "LineString", "coordinates": [[-119.8213, 38.76275], [-119.82129, 38.76301], [-119.82136, 38.76314], [-119.8215, 38.76319], [-119.82164, 38.76319], [-119.82183, 38.76314], [-119.82197, 38.76306], [-119.82202, 38.76299], [-119.82202, 38.76292], [-119.82188, 38.76289], [-119.82175, 38.76289], [-119.82161, 38.76287], [-119.82148, 38.76283], [-119.8213, 38.76275]]}, "props": {"MTFCC": "S1400", "NAME": null}}, {"geom": {"type": "LineString", "coordinates": [[-119.7746, 38.75123], [-119.77497, 38.75094], [-119.77512, 38.75085], [-119.7753, 38.75088], [-119.77541, 38.75096], [-119.77544, 38.75105], [-119.77538, 38.75129], [-119.77525, 38.7517], [-119.77514, 38.75187]]}, "props": {"MTFCC": "S1400", "NAME": null}}, {"geom": {"type": "LineString", "coordinates": [[-119.79247, 38.75887], [-119.79284, 38.75923], [-119.79299, 38.75939], [-119.79315, 38.75948], [-119.79329, 38.75951], [-119.79354, 38.75949], [-119.79394, 38.75937], [-119.79461, 38.75913], [-119.79495, 38.75903], [-119.79518, 38.75899], [-119.79559, 38.75897], [-119.79631, 38.75895], [-119.79704, 38.75892], [-119.79765, 38.75887], [-119.79816, 38.75877], [-119.79871, 38.75861], [-119.79881, 38.75855], [-119.79886, 38.75847]]}, "props": {"MTFCC": "S1400", "NAME": null}}, {"geom": {"type": "LineString", "coordinates": [[-119.91515, 38.81267], [-119.91527, 38.81319], [-119.91547, 38.81387], [-119.91558, 38.81439], [-119.91552, 38.81493], [-119.9154, 38.81516], [-119.91515, 38.81546], [-119.91486, 38.81602], [-119.91459, 38.81636], [-119.914391, 38.816495], [-119.91434, 38.81653], [-119.914279, 38.816565], [-119.91371, 38.8169], [-119.91305, 38.81721], [-119.9125, 38.81742], [-119.91212, 38.81757], [-119.91177, 38.8176], [-119.91159, 38.81778], [-119.91137, 38.81788], [-119.91079, 38.81811], [-119.91037, 38.81829], [-119.91014, 38.81883], [-119.91007, 38.81902], [-119.90997, 38.81956], [-119.90983, 38.81984], [-119.909794, 38.819897], [-119.909767, 38.819936], [-119.909744, 38.819977], [-119.90968, 38.82008], [-119.90963, 38.82028], [-119.9096, 38.82051], [-119.90945, 38.82104], [-119.90918, 38.82139], [-119.90919, 38.82159], [-119.90907, 38.82189], [-119.90903, 38.82286], [-119.90905, 38.82316], [-119.90897, 38.82344], [-119.90868, 38.82396], [-119.90824, 38.8245], [-119.90758, 38.82468], [-119.90721, 38.82482], [-119.90679, 38.825], [-119.90645, 38.82514], [-119.90602, 38.8252], [-119.90569, 38.82536], [-119.90523, 38.82573], [-119.90488, 38.82587], [-119.9045, 38.82597], [-119.90404, 38.82611], [-119.90366, 38.82634], [-119.90346, 38.82645], [-119.90255, 38.82679], [-119.90238, 38.82689], [-119.90205, 38.8272], [-119.9019, 38.82729], [-119.90182, 38.82743], [-119.90178, 38.82769], [-119.90161, 38.8279], [-119.90134, 38.82822], [-119.90127, 38.8284], [-119.90128, 38.82864], [-119.90126, 38.82894], [-119.90122, 38.82907], [-119.90107, 38.82928], [-119.90082, 38.82955], [-119.900809, 38.829567], [-119.90074, 38.82967], [-119.90072, 38.82989], [-119.90062, 38.83029], [-119.89994, 38.83074], [-119.89988, 38.8309], [-119.89985, 38.83116], [-119.8998, 38.83127], [-119.89932, 38.83164], [-119.89922, 38.83175], [-119.89892, 38.83234], [-119.89813, 38.83316], [-119.898, 38.83326], [-119.89778, 38.8336], [-119.89745, 38.83381], [-119.89698, 38.83412], [-119.89673, 38.83421], [-119.89634, 38.83431], [-119.89583, 38.83438], [-119.89565, 38.83439], [-119.89536, 38.83434], [-119.8949, 38.83438], [-119.89415, 38.83446], [-119.89372, 38.83475], [-119.89318, 38.83518], [-119.89274, 38.8354], [-119.89246, 38.83541], [-119.89218, 38.83532], [-119.89191, 38.83514], [-119.89177, 38.83498], [-119.89156, 38.83448], [-119.89145, 38.83432], [-119.89126, 38.83421], [-119.89105, 38.83412], [-119.89073, 38.83409], [-119.89022, 38.83419], [-119.88922, 38.83464], [-119.88863, 38.83488], [-119.88771, 38.83517], [-119.88722, 38.83545], [-119.88634, 38.83603], [-119.8857, 38.83636], [-119.8853, 38.83645], [-119.88491, 38.83649], [-119.88469, 38.83646], [-119.88436, 38.83638], [-119.88411, 38.83625], [-119.884, 38.8361], [-119.883994, 38.836051], [-119.88396, 38.83577], [-119.88397, 38.83566]]}, "props": {"MTFCC": "S1400", "NAME": null}}, {"geom": {"type": "LineString", "coordinates": [[-119.80419, 38.75777], [-119.80455, 38.75779], [-119.80486, 38.75784], [-119.80515, 38.75794], [-119.80548, 38.7581], [-119.80594, 38.75844], [-119.80607, 38.75853], [-119.80629, 38.75862]]}, "props": {"MTFCC": "S1400", "NAME": null}}, {"geom": {"type": "LineString", "coordinates": [[-119.75269, 38.78913], [-119.752884, 38.789174], [-119.75326, 38.78926]]}, "props": {"MTFCC": "S1400", "NAME": null}}, {"geom": {"type": "LineString", "coordinates": [[-119.877221, 38.810632], [-119.87712, 38.81052], [-119.87701, 38.81033], [-119.87697, 38.8102], [-119.87692, 38.81], [-119.8768, 38.80987], [-119.87652, 38.80951], [-119.87642, 38.80933], [-119.87636, 38.80913], [-119.87629, 38.80874], [-119.87626, 38.80834], [-119.87643, 38.80799], [-119.876585, 38.807762], [-119.87667, 38.80764], [-119.87687, 38.80745], [-119.8771, 38.80728], [-119.87758, 38.80702], [-119.87784, 38.80686], [-119.87791, 38.80669], [-119.87794, 38.80657], [-119.87793, 38.80625], [-119.87795, 38.80601], [-119.87807, 38.80564], [-119.8781, 38.80537], [-119.87817, 38.8052], [-119.87839, 38.80499], [-119.87852, 38.80484], [-119.87855, 38.80467], [-119.87849, 38.80458], [-119.87836, 38.80446], [-119.87803, 38.80428], [-119.87788, 38.80411], [-119.87771, 38.80384], [-119.8777, 38.80372], [-119.87773, 38.80333], [-119.87769, 38.80276], [-119.87765, 38.80248], [-119.87773, 38.80235], [-119.87849, 38.80169], [-119.87863, 38.80162], [-119.87885, 38.80156], [-119.87898, 38.80148], [-119.8791, 38.80134], [-119.87919, 38.80113], [-119.87921, 38.80094], [-119.8792, 38.80041], [-119.879205, 38.800097], [-119.87921, 38.79979], [-119.87926, 38.7991], [-119.87932, 38.79889], [-119.87933, 38.79874], [-119.87931, 38.79858], [-119.87925, 38.79849], [-119.87892, 38.79818], [-119.87885, 38.79802], [-119.87877, 38.79786], [-119.8787, 38.7977], [-119.87863, 38.7971]]}, "props": {"MTFCC": "S1500", "NAME": null}}, {"geom": {"type": "LineString", "coordinates": [[-119.77775, 38.407239], [-119.77722, 38.4074], [-119.77536, 38.40793], [-119.77488, 38.40803], [-119.77452, 38.408001], [-119.774226, 38.407939], [-119.77409, 38.40791], [-119.77365, 38.40774], [-119.77335, 38.40757], [-119.77282, 38.40736], [-119.77233, 38.40729], [-119.77187, 38.40731], [-119.77128, 38.40744], [-119.77031, 38.40777], [-119.76944, 38.40795], [-119.76847, 38.40813], [-119.76806, 38.40829], [-119.76758, 38.40867], [-119.76711, 38.40899], [-119.76682, 38.40914], [-119.76647, 38.40927], [-119.76575, 38.40944], [-119.76555, 38.40954], [-119.76507, 38.40992], [-119.76487, 38.41025], [-119.764504, 38.410789], [-119.763352, 38.412492], [-119.76287, 38.41312], [-119.762378, 38.41374], [-119.76233, 38.4138], [-119.76164, 38.41449], [-119.761417, 38.414688], [-119.761372, 38.414716], [-119.760764, 38.415099], [-119.757635, 38.416654], [-119.757384, 38.41678], [-119.756473, 38.417074], [-119.756316, 38.417126], [-119.756264, 38.417143], [-119.755328, 38.417235], [-119.75246, 38.41752], [-119.75236, 38.417526], [-119.751368, 38.417589], [-119.751283, 38.417592], [-119.75105, 38.4176], [-119.751029, 38.417599], [-119.750945, 38.417595], [-119.75063, 38.41758], [-119.7504, 38.41757], [-119.74999, 38.4175], [-119.749702, 38.417417], [-119.7494, 38.41733]]}, "props": {"MTFCC": "S1400", "NAME": null}}, {"geom": {"type": "LineString", "coordinates": [[-119.65533, 38.70105], [-119.65523, 38.70113], [-119.65521, 38.70123], [-119.65515, 38.70147], [-119.65507, 38.70201], [-119.655063, 38.702028], [-119.655, 38.70221], [-119.65492, 38.70234], [-119.65482, 38.70241], [-119.65472, 38.70246], [-119.65465, 38.70252], [-119.65463, 38.70262], [-119.65459, 38.70272], [-119.65446, 38.70285], [-119.6543, 38.70294], [-119.65411, 38.703], [-119.65387, 38.70301], [-119.65369, 38.703], [-119.65357, 38.70295], [-119.6534, 38.70279], [-119.65318, 38.70247], [-119.65298, 38.70222], [-119.652889, 38.702053], [-119.65286, 38.702], [-119.65278, 38.70182], [-119.65271, 38.70175], [-119.65251, 38.70163], [-119.65227, 38.70152], [-119.6521, 38.70154], [-119.652086, 38.701551], [-119.65201, 38.70161], [-119.652, 38.70181], [-119.65203, 38.70219], [-119.65205, 38.70237], [-119.65212, 38.7025], [-119.65225, 38.70267], [-119.65239, 38.70284], [-119.65248, 38.70293], [-119.65254, 38.703], [-119.65254, 38.70307], [-119.65249, 38.7031], [-119.65241, 38.70307], [-119.65217, 38.70293], [-119.65179, 38.70268], [-119.65163, 38.70253], [-119.65155, 38.70243], [-119.65148, 38.7023], [-119.65132, 38.70213], [-119.6512, 38.70208], [-119.65114, 38.70208], [-119.65112, 38.70216], [-119.65116, 38.70233], [-119.65122, 38.70273], [-119.65123, 38.70303], [-119.65113, 38.70356], [-119.651, 38.70417], [-119.65091, 38.70447], [-119.65082, 38.7046], [-119.65071, 38.7047], [-119.65054, 38.70474], [-119.6504, 38.70475], [-119.65027, 38.70473], [-119.64998, 38.7048], [-119.64976, 38.70489], [-119.64951, 38.70504], [-119.64926, 38.7053], [-119.64897, 38.70564], [-119.648857, 38.705748], [-119.64872, 38.70588], [-119.64847, 38.70608], [-119.64834, 38.70615], [-119.648, 38.70625], [-119.64768, 38.70628], [-119.64745, 38.70633], [-119.64702, 38.70648], [-119.64677, 38.70654], [-119.64666, 38.70657], [-119.646642, 38.70658], [-119.64661, 38.7066], [-119.64658, 38.70667], [-119.64661, 38.70675], [-119.64671, 38.70683], [-119.64706, 38.70697], [-119.64745, 38.70711], [-119.64789, 38.70715], [-119.64809, 38.70716], [-119.64821, 38.7072], [-119.64824, 38.70726], [-119.6482, 38.70734], [-119.6481, 38.70745], [-119.64795, 38.70758], [-119.64777, 38.70767], [-119.647299, 38.707806]]}, "props": {"MTFCC": "S1400", "NAME": null}}, {"geom": {"type": "LineString", "coordinates": [[-119.81093, 38.79154], [-119.81069, 38.79147], [-119.81038, 38.79145], [-119.81005, 38.79146], [-119.80972, 38.79148], [-119.80951, 38.79152], [-119.80937, 38.79154], [-119.80929, 38.7915], [-119.80906, 38.79131]]}, "props": {"MTFCC": "S1400", "NAME": null}}, {"geom": {"type": "LineString", "coordinates": [[-119.78562, 38.82605], [-119.7852, 38.82612], [-119.7849, 38.8262], [-119.78477, 38.82629], [-119.78464, 38.82644], [-119.78456, 38.8267], [-119.78452, 38.82677], [-119.78441, 38.82687]]}, "props": {"MTFCC": "S1400", "NAME": null}}, {"geom": {"type": "LineString", "coordinates": [[-119.76646, 38.82141], [-119.76621, 38.82147], [-119.76608, 38.82148], [-119.76601, 38.82145], [-119.76594, 38.8214], [-119.76582, 38.82136], [-119.76551, 38.82132], [-119.76533, 38.82128], [-119.76517, 38.82125], [-119.76505, 38.82124], [-119.76491, 38.82126], [-119.76477, 38.82134], [-119.76468, 38.82143], [-119.76461, 38.82156], [-119.76448, 38.82178], [-119.76445, 38.82189], [-119.76439, 38.82196], [-119.7643, 38.82201], [-119.76417, 38.82203], [-119.7641, 38.82201], [-119.76402, 38.82196]]}, "props": {"MTFCC": "S1400", "NAME": null}}, {"geom": {"type": "LineString", "coordinates": [[-119.78098, 38.73295], [-119.7812, 38.7332]]}, "props": {"MTFCC": "S1400", "NAME": null}}, {"geom": {"type": "LineString", "coordinates": [[-119.78416, 38.74545], [-119.78436, 38.74556], [-119.7846, 38.74602], [-119.7846, 38.746182], [-119.7846, 38.74641]]}, "props": {"MTFCC": "S1740", "NAME": null}}, {"geom": {"type": "LineString", "coordinates": [[-119.9013, 38.77639], [-119.901234, 38.776487], [-119.901075, 38.776604], [-119.90079, 38.776733], [-119.900485, 38.776814], [-119.900221, 38.776858]]}, "props": {"MTFCC": "S1400", "NAME": null}}, {"geom": {"type": "LineString", "coordinates": [[-119.80663, 38.75765], [-119.80664, 38.75814], [-119.80663, 38.75843], [-119.80661, 38.75865], [-119.80652, 38.75891], [-119.80646, 38.75904], [-119.80628, 38.75922], [-119.80599, 38.75943], [-119.80587, 38.75936]]}, "props": {"MTFCC": "S1400", "NAME": null}}, {"geom": {"type": "LineString", "coordinates": [[-119.91425, 38.64794], [-119.91414, 38.64779], [-119.91414, 38.64772], [-119.91419, 38.64765], [-119.91426, 38.64761], [-119.9144, 38.6476], [-119.915211, 38.64762], [-119.917098, 38.652137], [-119.917276, 38.65215], [-119.917342, 38.652174], [-119.917424, 38.652235], [-119.917471, 38.652331], [-119.917557, 38.65241], [-119.917728, 38.652527], [-119.917875, 38.652553], [-119.917935, 38.652567], [-119.918162, 38.65262], [-119.91836, 38.65258], [-119.918483, 38.652577], [-119.918568, 38.652592], [-119.918664, 38.652645], [-119.918816, 38.652776], [-119.918866, 38.652854], [-119.918934, 38.653099], [-119.918955, 38.653214], [-119.918968, 38.653309], [-119.919094, 38.653582], [-119.919132, 38.6537], [-119.919143, 38.65394], [-119.919257, 38.654217], [-119.919352, 38.654315], [-119.919449, 38.654426], [-119.919465, 38.654696], [-119.919506, 38.654901], [-119.919583, 38.655119], [-119.919576, 38.655229], [-119.919523, 38.655436], [-119.919516, 38.655504], [-119.91953, 38.655763], [-119.919522, 38.655789], [-119.919495, 38.655891], [-119.919464, 38.655938], [-119.91945, 38.656082], [-119.919406, 38.656138], [-119.919308, 38.656225], [-119.91926, 38.65634], [-119.91919, 38.656433], [-119.919153, 38.656612], [-119.919058, 38.656689], [-119.918986, 38.656833], [-119.918818, 38.657061], [-119.918772, 38.657128], [-119.918665, 38.657203], [-119.918519, 38.657504], [-119.918343, 38.657648], [-119.918169, 38.65774], [-119.917971, 38.65784], [-119.91779, 38.657977], [-119.917733, 38.658031], [-119.917684, 38.65811], [-119.917619, 38.658152], [-119.917543, 38.65819], [-119.91745, 38.658285], [-119.917359, 38.658339], [-119.917239, 38.658393], [-119.917166, 38.658439], [-119.91709, 38.65845]]}, "props": {"MTFCC": "S1400", "NAME": null}}, {"geom": {"type": "LineString", "coordinates": [[-119.78037, 38.81227], [-119.78049, 38.81224], [-119.78056, 38.81217], [-119.7806, 38.81209], [-119.78058, 38.81204], [-119.78052, 38.81202], [-119.78044, 38.81202], [-119.78037, 38.81206], [-119.78035, 38.81211], [-119.78034, 38.81217], [-119.78037, 38.81227]]}, "props": {"MTFCC": "S1400", "NAME": null}}, {"geom": {"type": "LineString", "coordinates": [[-119.824135, 38.772881], [-119.823994, 38.773051], [-119.823831, 38.773104], [-119.823606, 38.773134], [-119.823324, 38.773047], [-119.823375, 38.772751], [-119.823544, 38.772653], [-119.823868, 38.772688], [-119.824135, 38.772881]]}, "props": {"MTFCC": "S1740", "NAME": null}}, {"geom": {"type": "LineString", "coordinates": [[-119.824135, 38.772881], [-119.824328, 38.772946]]}, "props": {"MTFCC": "S1740", "NAME": null}}, {"geom": {"type": "LineString", "coordinates": [[-119.693312, 38.593931], [-119.69324, 38.59414], [-119.693093, 38.594516], [-119.6928, 38.59527], [-119.69258, 38.59597], [-119.69254, 38.59626], [-119.692544, 38.5963], [-119.69256, 38.59645], [-119.69269, 38.59683], [-119.692723, 38.596896]]}, "props": {"MTFCC": "S1500", "NAME": null}}, {"geom": {"type": "LineString", "coordinates": [[-119.814487, 38.775996], [-119.814462, 38.776216], [-119.814433, 38.776473], [-119.814495, 38.776632], [-119.814677, 38.77678], [-119.81485, 38.77692]]}, "props": {"MTFCC": "S1750", "NAME": null}}, {"geom": {"type": "LineString", "coordinates": [[-119.81009, 38.78898], [-119.80989, 38.78878], [-119.80982, 38.78872]]}, "props": {"MTFCC": "S1400", "NAME": null}}, {"geom": {"type": "LineString", "coordinates": [[-119.79227, 38.795846], [-119.79247, 38.7959], [-119.79251, 38.79596], [-119.792568, 38.796145], [-119.79261, 38.7963], [-119.79269, 38.79669]]}, "props": {"MTFCC": "S1400", "NAME": null}}, {"geom": {"type": "LineString", "coordinates": [[-119.845291, 38.765975], [-119.84515, 38.765868], [-119.845109, 38.765811], [-119.845291, 38.765975]]}, "props": {"MTFCC": "S1400", "NAME": null}}, {"geom": {"type": "LineString", "coordinates": [[-119.79531, 38.83628], [-119.795232, 38.836392], [-119.7952, 38.83644], [-119.79515, 38.83648], [-119.794871, 38.836554], [-119.79474, 38.83659]]}, "props": {"MTFCC": "S1400", "NAME": null}}, {"geom": {"type": "LineString", "coordinates": [[-119.652116, 38.621154], [-119.652144, 38.621153], [-119.652231, 38.621153], [-119.65226, 38.621153]]}, "props": {"MTFCC": "S1400", "NAME": null}}], "source": "https://www2.census.gov/geo/tiger/TIGER2024/ROADS/tl_2024_06003_roads.zip", "county_fips": "06003"}