{"type": "FeatureCollection", "features": [{"geom": {"type": "LineString", "coordinates": [[-119.658235, 37.367183], [-119.658232, 37.367335], [-119.658227, 37.367388], [-119.658208, 37.367453], [-119.658152, 37.367607], [-119.658096, 37.367737], [-119.658022, 37.367855], [-119.657963, 37.367927], [-119.657894, 37.367993], [-119.65783, 37.36804], [-119.657759, 37.36808], [-119.657439, 37.368235], [-119.657365, 37.36829], [-119.657196, 37.368433], [-119.656942, 37.368672], [-119.656746, 37.368836], [-119.656302, 37.369193], [-119.656069, 37.369368], [-119.655383, 37.36986], [-119.655048, 37.37011], [-119.654919, 37.370168], [-119.654573, 37.370286], [-119.654359, 37.370355], [-119.654171, 37.370395], [-119.653995, 37.370416], [-119.653824, 37.370424], [-119.653711, 37.370422], [-119.653574, 37.370389], [-119.65337, 37.371143], [-119.65267, 37.37159], [-119.651334, 37.372446], [-119.650517, 37.372833], [-119.650417, 37.372881], [-119.650216, 37.37311], [-119.650359, 37.373499], [-119.650588, 37.373727], [-119.650674, 37.373979], [-119.650648, 37.374795], [-119.650643, 37.374942], [-119.650896, 37.375975], [-119.651057, 37.37632], [-119.652043, 37.378424], [-119.652135, 37.378837], [-119.652186, 37.379064], [-119.652329, 37.37927], [-119.652541, 37.379457], [-119.653132, 37.37998], [-119.653103, 37.380414], [-119.652844, 37.381055], [-119.652834, 37.381068], [-119.6525, 37.381513], [-119.652156, 37.381581], [-119.65121, 37.381283], [-119.650379, 37.38078], [-119.650064, 37.380802], [-119.649905, 37.381127], [-119.649719, 37.381512], [-119.649517, 37.381718], [-119.649145, 37.381672], [-119.648199, 37.381305], [-119.647797, 37.38142], [-119.647568, 37.381397], [-119.647367, 37.381259], [-119.647354, 37.380976], [-119.647339, 37.380641], [-119.647224, 37.380298], [-119.647075, 37.380274], [-119.646796, 37.38023]]}, "props": {"MTFCC": "S1400", "NAME": null}}, {"geom": {"type": "LineString", "coordinates": [[-119.643509, 37.382419], [-119.643675, 37.382732], [-119.643914, 37.383397], [-119.64414, 37.38353], [-119.644261, 37.383602], [-119.644699, 37.38372], [-119.64541, 37.384486], [-119.646152, 37.384682], [-119.646408, 37.38493], [-119.646658, 37.38549], [-119.647139, 37.385839], [-119.647365, 37.386003], [-119.647648, 37.386747], [-119.647847, 37.386897], [-119.648316, 37.387306], [-119.648884, 37.387802], [-119.649343, 37.387986], [-119.6494, 37.388192], [-119.64921, 37.388554], [-119.649113, 37.388741], [-119.648874, 37.389078]]}, "props": {"MTFCC": "S1400", "NAME": null}}, {"geom": {"type": "LineString", "coordinates": [[-119.642519, 37.381464], [-119.6423, 37.381463], [-119.641643, 37.381463], [-119.641518, 37.381463], [-119.641431, 37.381496]]}, "props": {"MTFCC": "S1400", "NAME": null}}, {"geom": {"type": "LineString", "coordinates": [[-119.619027, 37.400492], [-119.61897, 37.400571], [-119.618702, 37.400864], [-119.618589, 37.401018], [-119.618532, 37.401141], [-119.618512, 37.401204], [-119.618508, 37.401225], [-119.618496, 37.401308], [-119.618494, 37.40139], [-119.618502, 37.40144], [-119.618506, 37.40147], [-119.61852, 37.401507], [-119.618575, 37.401577], [-119.618708, 37.401675], [-119.618992, 37.401957], [-119.619045, 37.402026], [-119.619055, 37.40205], [-119.619044, 37.402067], [-119.618981, 37.402098], [-119.618898, 37.40212], [-119.618717, 37.40211], [-119.618525, 37.402127], [-119.618467, 37.40212], [-119.61835, 37.402095], [-119.618222, 37.402086], [-119.61816, 37.40209], [-119.6181, 37.402107], [-119.617984, 37.402153], [-119.617833, 37.402176], [-119.617761, 37.402193], [-119.617699, 37.402225], [-119.617589, 37.40231], [-119.617528, 37.402345], [-119.617471, 37.402365], [-119.617424, 37.402383], [-119.61737, 37.402396], [-119.617316, 37.402402], [-119.617259, 37.402399], [-119.617202, 37.402389], [-119.617106, 37.40236], [-119.616977, 37.402321], [-119.616925, 37.402299], [-119.616883, 37.402271], [-119.616856, 37.402239], [-119.616836, 37.402201], [-119.616813, 37.402117], [-119.616802, 37.401998]]}, "props": {"MTFCC": "S1400", "NAME": null}}, {"geom": {"type": "LineString", "coordinates": [[-119.616802, 37.401998], [-119.616797, 37.401937], [-119.616822, 37.40162], [-119.616834, 37.401533], [-119.616876, 37.401397], [-119.6169, 37.401343], [-119.616923, 37.401296], [-119.616955, 37.401248], [-119.616995, 37.401205], [-119.617044, 37.401165], [-119.6171, 37.401129], [-119.617215, 37.401084], [-119.617301, 37.401071], [-119.617335, 37.401059], [-119.617354, 37.401036], [-119.617366, 37.400973], [-119.617395, 37.400883], [-119.61745, 37.400772], [-119.617494, 37.400721], [-119.61766, 37.400586], [-119.617817, 37.400419], [-119.617933, 37.40033], [-119.618019, 37.400279], [-119.618066, 37.400264], [-119.618118, 37.400256], [-119.618174, 37.400257], [-119.618346, 37.40028], [-119.618404, 37.400291], [-119.618581, 37.400327], [-119.618671, 37.400357], [-119.618756, 37.400395], [-119.618838, 37.400439], [-119.618916, 37.400496], [-119.619027, 37.400492]]}, "props": {"MTFCC": "S1400", "NAME": null}}, {"geom": {"type": "LineString", "coordinates": [[-119.613806, 37.373622], [-119.613757, 37.373598], [-119.613727, 37.373576], [-119.613718, 37.373566], [-119.613715, 37.373553], [-119.613722, 37.373511], [-119.613744, 37.37347], [-119.613756, 37.373433], [-119.613754, 37.373392], [-119.613745, 37.373364], [-119.613122, 37.373653], [-119.612923, 37.373775], [-119.612808, 37.373877], [-119.612764, 37.373899], [-119.612665, 37.37393], [-119.612587, 37.373941], [-119.612418, 37.373939], [-119.612385, 37.373935], [-119.611998, 37.373885], [-119.611719, 37.373831], [-119.611616, 37.373797], [-119.611519, 37.373816], [-119.611397, 37.373858], [-119.611342, 37.373885], [-119.611333, 37.373891], [-119.611285, 37.373924], [-119.611081, 37.374129], [-119.610995, 37.374231], [-119.610948, 37.37431], [-119.610943, 37.374352], [-119.610988, 37.374519], [-119.611032, 37.374621], [-119.611113, 37.374805], [-119.611178, 37.37488]]}, "props": {"MTFCC": "S1400", "NAME": null}}, {"geom": {"type": "LineString", "coordinates": [[-119.614141, 37.374074], [-119.614246, 37.374083], [-119.614319, 37.374078], [-119.61439, 37.374079], [-119.614461, 37.374085], [-119.614552, 37.374103], [-119.614641, 37.374128], [-119.614828, 37.374193], [-119.61499, 37.374239], [-119.61506, 37.37428], [-119.615096, 37.37431], [-119.615121, 37.374343], [-119.615139, 37.374379], [-119.615164, 37.374455], [-119.615177, 37.374524], [-119.615198, 37.374956], [-119.615215, 37.375088], [-119.615229, 37.375132], [-119.61527, 37.375215], [-119.615307, 37.37525], [-119.615352, 37.37528], [-119.615493, 37.375362], [-119.615695, 37.375452], [-119.615818, 37.375525], [-119.615844, 37.375534], [-119.61587, 37.375537], [-119.615898, 37.375532], [-119.615986, 37.375484], [-119.616132, 37.375416], [-119.616143, 37.375411], [-119.616302, 37.375359], [-119.61641, 37.375333], [-119.6166, 37.375309], [-119.616721, 37.375306], [-119.61681, 37.375319], [-119.616907, 37.375348], [-119.616948, 37.375371], [-119.616984, 37.375407], [-119.617044, 37.375492], [-119.617155, 37.375621], [-119.617234, 37.375683], [-119.617293, 37.375719], [-119.617439, 37.375745], [-119.617459, 37.375901], [-119.61752, 37.376371], [-119.61753, 37.376446], [-119.617556, 37.376525]]}, "props": {"MTFCC": "S1400", "NAME": null}}, {"geom": {"type": "LineString", "coordinates": [[-119.370738, 37.416634], [-119.370776, 37.416637], [-119.371385, 37.416862]]}, "props": {"MTFCC": "S1400", "NAME": null}}, {"geom": {"type": "LineString", "coordinates": [[-119.370738, 37.416634], [-119.37059, 37.416613], [-119.370414, 37.416574], [-119.370003, 37.416506], [-119.369918, 37.416498], [-119.369833, 37.416499], [-119.369724, 37.416509], [-119.369623, 37.416529], [-119.369537, 37.416558], [-119.369457, 37.416596], [-119.369339, 37.416668], [-119.3691, 37.41684], [-119.368965, 37.416919], [-119.368463, 37.417192], [-119.368145, 37.417353], [-119.367908, 37.417465], [-119.36781, 37.41752], [-119.36769, 37.417606], [-119.36751, 37.417763], [-119.367323, 37.417943], [-119.367113, 37.418174], [-119.366954, 37.418375], [-119.366807, 37.41858], [-119.366668, 37.418806], [-119.366573, 37.418979], [-119.366472, 37.419188], [-119.36636, 37.419469], [-119.366315, 37.419533]]}, "props": {"MTFCC": "S1400", "NAME": null}}, {"geom": {"type": "LineString", "coordinates": [[-119.60292868637212, 37.3641], [-119.602905, 37.364283], [-119.602837, 37.364819]]}, "props": {"MTFCC": "S1400", "NAME": null}}, {"geom": {"type": "LineString", "coordinates": [[-119.60507486238532, 37.3641], [-119.60506, 37.364136], [-119.605023, 37.364268], [-119.605012, 37.364335], [-119.605007, 37.364438], [-119.605031, 37.364536], [-119.605061, 37.364598], [-119.605196, 37.364789], [-119.605219, 37.36483], [-119.605224, 37.364871], [-119.60521, 37.364955], [-119.605172, 37.365054], [-119.605094, 37.365187]]}, "props": {"MTFCC": "S1400", "NAME": null}}, {"geom": {"type": "LineString", "coordinates": [[-119.370612, 37.414984], [-119.37038, 37.414865], [-119.370274, 37.414818], [-119.37024, 37.414803], [-119.370007, 37.414712], [-119.369931, 37.414693], [-119.369885, 37.41469], [-119.36979, 37.414707], [-119.369655, 37.414747], [-119.369447, 37.414842], [-119.369238, 37.414944], [-119.369222, 37.41495], [-119.36915, 37.41498], [-119.369074, 37.414997], [-119.368974, 37.415001], [-119.368855, 37.414993], [-119.36856, 37.414965], [-119.368478, 37.414962], [-119.368355, 37.414971], [-119.368248, 37.414993], [-119.368151, 37.415016], [-119.368064, 37.415029], [-119.367966, 37.41503], [-119.367854, 37.41502], [-119.367792, 37.41501], [-119.367604, 37.414957], [-119.367489, 37.414947], [-119.367307, 37.414938], [-119.366786, 37.41488], [-119.366646, 37.414873], [-119.366332, 37.414872], [-119.366251, 37.414883], [-119.36619, 37.414909], [-119.366113, 37.414966], [-119.366065, 37.415019], [-119.366033, 37.415083], [-119.366021, 37.415158], [-119.366024, 37.415202], [-119.366041, 37.415253], [-119.366108, 37.415359], [-119.366164, 37.415428], [-119.366208, 37.415469], [-119.366312, 37.415534], [-119.36634, 37.415571], [-119.366361, 37.415622], [-119.366379, 37.415747], [-119.366379, 37.415831], [-119.366365, 37.415923], [-119.366332, 37.416023], [-119.366281, 37.416115], [-119.366174, 37.41626], [-119.366092, 37.416347], [-119.366057, 37.416376], [-119.365978, 37.41642], [-119.365881, 37.416455], [-119.365807, 37.416468], [-119.365756, 37.41647], [-119.365674, 37.416456], [-119.365547, 37.416421], [-119.365484, 37.416393], [-119.365446, 37.416376], [-119.365209, 37.416243], [-119.364889, 37.416018], [-119.364747, 37.415935], [-119.364644, 37.415883], [-119.364504, 37.415841], [-119.364462, 37.415845], [-119.364438, 37.415857], [-119.364405, 37.41589], [-119.364399, 37.415908], [-119.364405, 37.415926], [-119.364453, 37.415972], [-119.364479, 37.416007], [-119.364514, 37.416073], [-119.364541, 37.416148], [-119.364549, 37.416168], [-119.364554, 37.416242], [-119.364541, 37.416305], [-119.364506, 37.41638], [-119.364447, 37.416467], [-119.364308, 37.416645], [-119.364157, 37.416881], [-119.364122, 37.416938], [-119.364066, 37.41702], [-119.363994, 37.417114], [-119.363904, 37.417239], [-119.363801, 37.417402], [-119.363712, 37.417568], [-119.363695, 37.417603], [-119.363654, 37.417696], [-119.363561, 37.417953], [-119.363522, 37.418097], [-119.363504, 37.418213], [-119.363503, 37.418305], [-119.363581, 37.418992], [-119.363581, 37.419053], [-119.363552, 37.419253], [-119.36355, 37.419288], [-119.363547, 37.419346], [-119.363558, 37.419415], [-119.363583, 37.419472], [-119.363618, 37.419516], [-119.363692, 37.419579], [-119.363787, 37.419641], [-119.363893, 37.419693]]}, "props": {"MTFCC": "S1400", "NAME": null}}, {"geom": {"type": "LineString", "coordinates": [[-119.614141, 37.374074], [-119.614022, 37.374074], [-119.613973, 37.374097], [-119.613888, 37.374163], [-119.613821, 37.374253], [-119.613665, 37.374427], [-119.613567, 37.374585], [-119.613519, 37.374634]]}, "props": {"MTFCC": "S1400", "NAME": null}}, {"geom": {"type": "LineString", "coordinates": [[-119.612692, 37.375309], [-119.61259, 37.375369], [-119.612532, 37.375391], [-119.612481, 37.375418], [-119.612436, 37.37545], [-119.612397, 37.375487], [-119.612359, 37.375536], [-119.612332, 37.375591], [-119.612308, 37.375683], [-119.612312, 37.375728], [-119.612329, 37.375771], [-119.612358, 37.375812], [-119.612432, 37.375883], [-119.612442, 37.375893], [-119.612673, 37.376034], [-119.612715, 37.376073], [-119.612748, 37.376118], [-119.612828, 37.376263], [-119.612913, 37.376389], [-119.612946, 37.376455], [-119.612981, 37.376599], [-119.613018, 37.376864], [-119.613029, 37.376996], [-119.613034, 37.377252], [-119.613042, 37.37738], [-119.613105, 37.377678], [-119.613108, 37.37769], [-119.613174, 37.377926], [-119.613219, 37.378067], [-119.613245, 37.378144], [-119.613284, 37.378306], [-119.613299, 37.378611], [-119.613311, 37.378688], [-119.613341, 37.378747], [-119.613379, 37.378796], [-119.613424, 37.378821]]}, "props": {"MTFCC": "S1400", "NAME": null}}, {"geom": {"type": "LineString", "coordinates": [[-119.611616, 37.373797], [-119.611609, 37.373715], [-119.611622, 37.373626], [-119.61163, 37.373501], [-119.611631, 37.373488], [-119.611624, 37.373392], [-119.611603, 37.373352], [-119.611549, 37.373273], [-119.611505, 37.373176], [-119.611472, 37.373075], [-119.611453, 37.372981], [-119.611442, 37.372885], [-119.611442, 37.372807], [-119.611455, 37.372652], [-119.611493, 37.372433], [-119.611512, 37.372361], [-119.611399, 37.37229], [-119.61106, 37.372077], [-119.610948, 37.372006]]}, "props": {"MTFCC": "S1400", "NAME": null}}, {"geom": {"type": "LineString", "coordinates": [[-119.614141, 37.374074], [-119.613806, 37.373622]]}, "props": {"MTFCC": "S1400", "NAME": null}}, {"geom": {"type": "LineString", "coordinates": [[-119.611512, 37.372361], [-119.611636, 37.372314], [-119.61176, 37.372245], [-119.6123, 37.371946], [-119.612348, 37.371896], [-119.612385, 37.37184], [-119.612407, 37.371771], [-119.612462, 37.371605], [-119.612527, 37.37153]]}, "props": {"MTFCC": "S1400", "NAME": null}}, {"geom": {"type": "LineString", "coordinates": [[-119.613424, 37.378821], [-119.613478, 37.378836], [-119.613514, 37.378839], [-119.613659, 37.378852], [-119.613745, 37.378852], [-119.613792, 37.378847], [-119.613885, 37.378838], [-119.613917, 37.378835], [-119.614053, 37.37881], [-119.614096, 37.378803], [-119.614088, 37.378674], [-119.614086, 37.378452], [-119.614069, 37.378124], [-119.614022, 37.377684], [-119.614017, 37.377623], [-119.61399, 37.377282], [-119.613989, 37.377081], [-119.613999, 37.376901], [-119.61398, 37.376656], [-119.613981, 37.376612], [-119.613995, 37.376535], [-119.614009, 37.376461], [-119.614024, 37.376425], [-119.614047, 37.376392], [-119.61408, 37.376358], [-119.614153, 37.376315], [-119.61419, 37.376307], [-119.614307, 37.376302], [-119.614352, 37.376301], [-119.614379, 37.376298], [-119.614595, 37.376274], [-119.614723, 37.37624], [-119.614802, 37.376211], [-119.614974, 37.376184]]}, "props": {"MTFCC": "S1400", "NAME": null}}, {"geom": {"type": "LineString", "coordinates": [[-119.613806, 37.373622], [-119.613856, 37.373531], [-119.61391, 37.373478], [-119.614038, 37.373399], [-119.614127, 37.373367], [-119.614222, 37.373348], [-119.614307, 37.373345], [-119.614645, 37.373378], [-119.615152, 37.373461], [-119.615307, 37.373496]]}, "props": {"MTFCC": "S1400", "NAME": null}}, {"geom": {"type": "LineString", "coordinates": [[-119.733603, 37.403046], [-119.733065, 37.403283], [-119.732949, 37.403343], [-119.732839, 37.403409], [-119.732741, 37.40348], [-119.732651, 37.403559], [-119.732393, 37.403803], [-119.732243, 37.403965], [-119.731972, 37.404296], [-119.731877, 37.404403], [-119.731777, 37.404498], [-119.731727, 37.404548], [-119.731659, 37.404596], [-119.731551, 37.40466], [-119.731473, 37.404697], [-119.731276, 37.40481], [-119.731062, 37.404908], [-119.730421, 37.405204], [-119.730208, 37.405303], [-119.730016, 37.405373], [-119.729835, 37.405426], [-119.729635, 37.405464], [-119.72956, 37.405472], [-119.729475, 37.405481], [-119.729409, 37.405481], [-119.729293, 37.405477], [-119.729164, 37.405454], [-119.729055, 37.405424], [-119.728946, 37.405382], [-119.728817, 37.405313], [-119.72862, 37.405189], [-119.728245, 37.404912], [-119.727905, 37.404674], [-119.727757, 37.404578], [-119.727715, 37.404553], [-119.727628, 37.4045], [-119.727589, 37.404482], [-119.727546, 37.404462], [-119.727467, 37.404432], [-119.727436, 37.404422], [-119.727377, 37.404405], [-119.727276, 37.40438], [-119.727172, 37.404362], [-119.727096, 37.404356], [-119.726981, 37.404354], [-119.726923, 37.404357], [-119.726897, 37.404359], [-119.726655, 37.404379], [-119.726566, 37.404392], [-119.726466, 37.404406], [-119.726272, 37.404448], [-119.726248, 37.404454], [-119.725987, 37.404522], [-119.72577, 37.404589], [-119.725625, 37.404644], [-119.725453, 37.404732], [-119.725346, 37.404801], [-119.725228, 37.404892], [-119.725104, 37.405016], [-119.725007, 37.405085], [-119.724947, 37.405148], [-119.724883, 37.405218], [-119.724803, 37.405322], [-119.724691, 37.405494], [-119.724617, 37.405625], [-119.724602, 37.405656], [-119.724559, 37.405751], [-119.724523, 37.405846], [-119.724491, 37.405931], [-119.724465, 37.406018], [-119.724387, 37.406285], [-119.724313, 37.406482], [-119.724293, 37.406537], [-119.724275, 37.406589], [-119.724232, 37.406709], [-119.724188, 37.406832], [-119.72409, 37.407107], [-119.724051, 37.407199], [-119.724002, 37.40732], [-119.723983, 37.407372], [-119.72391, 37.407529], [-119.723823, 37.407719], [-119.7237, 37.407985], [-119.723603, 37.40814], [-119.723598, 37.408149], [-119.723554, 37.408234], [-119.723518, 37.408336], [-119.723515, 37.40835], [-119.723482, 37.408493], [-119.723452, 37.40865], [-119.723435, 37.408747], [-119.723424, 37.408896], [-119.723425, 37.409039], [-119.723443, 37.409183], [-119.723476, 37.409329], [-119.723538, 37.409528], [-119.723548, 37.409553], [-119.723631, 37.409749], [-119.723686, 37.409826], [-119.723708, 37.409876], [-119.723743, 37.409954], [-119.723762, 37.41003], [-119.723776, 37.410084], [-119.723784, 37.410225], [-119.72378, 37.410246], [-119.723768, 37.410341], [-119.723723, 37.410427], [-119.723619, 37.410581], [-119.72355, 37.41067], [-119.723462, 37.410786], [-119.723453, 37.410801], [-119.723434, 37.410831], [-119.723412, 37.410892], [-119.723406, 37.410933], [-119.723402, 37.410969], [-119.723396, 37.41101], [-119.723411, 37.411148], [-119.723416, 37.411167], [-119.723461, 37.411309], [-119.723539, 37.411461], [-119.723674, 37.41166], [-119.723688, 37.411698], [-119.723721, 37.411783], [-119.723774, 37.41188], [-119.723727, 37.411911], [-119.723691, 37.41198], [-119.723663, 37.412051], [-119.723649, 37.412114], [-119.723609, 37.412302], [-119.723591, 37.41236], [-119.723531, 37.412469], [-119.723509, 37.412491], [-119.723472, 37.412509], [-119.723407, 37.412523], [-119.723378, 37.412522], [-119.723347, 37.412521], [-119.723233, 37.412481], [-119.723107, 37.412447], [-119.72309, 37.412443], [-119.723064, 37.412436], [-119.72284, 37.412384], [-119.722597, 37.412328], [-119.722405, 37.412306], [-119.722349, 37.412309], [-119.722325, 37.412319], [-119.722311, 37.412331], [-119.722294, 37.412348], [-119.722269, 37.412384], [-119.722257, 37.412422], [-119.72225, 37.412504], [-119.722093, 37.413286], [-119.722061, 37.41337], [-119.722034, 37.413421], [-119.721999, 37.413467], [-119.721873, 37.413563], [-119.72182, 37.413614], [-119.721753, 37.413711], [-119.721735, 37.413753], [-119.721727, 37.413795], [-119.721711, 37.413891], [-119.721687, 37.414221], [-119.72168, 37.414251], [-119.721672, 37.41427], [-119.721645, 37.414328], [-119.721619, 37.414369], [-119.721599, 37.41439], [-119.721585, 37.414408], [-119.721537, 37.414443], [-119.721424, 37.414501], [-119.721402, 37.41451], [-119.721331, 37.41454], [-119.721246, 37.414575], [-119.721193, 37.414607], [-119.721124, 37.414671], [-119.720967, 37.414842], [-119.720789, 37.415021], [-119.720768, 37.415038], [-119.72075, 37.415053], [-119.720706, 37.415081], [-119.72065, 37.415119], [-119.720613, 37.415134], [-119.720571, 37.415139], [-119.720481, 37.41513], [-119.720259, 37.415063], [-119.720211, 37.415053], [-119.720164, 37.415051], [-119.720119, 37.415061], [-119.720033, 37.4151], [-119.719921, 37.415189], [-119.719861, 37.415215], [-119.719844, 37.41522], [-119.719796, 37.415233], [-119.719728, 37.415243], [-119.719665, 37.415245], [-119.719419, 37.415229], [-119.719361, 37.41523], [-119.719307, 37.415241], [-119.719264, 37.415258], [-119.719185, 37.415305], [-119.718983, 37.415511], [-119.718888, 37.415586], [-119.718824, 37.415621], [-119.718783, 37.415626], [-119.718417, 37.41561], [-119.718332, 37.415607], [-119.718174, 37.415611], [-119.718119, 37.415613], [-119.717979, 37.415624], [-119.717841, 37.415642], [-119.717591, 37.415699], [-119.717554, 37.415707], [-119.717372, 37.415729], [-119.717311, 37.415737], [-119.717115, 37.415739], [-119.716931, 37.415723], [-119.716832, 37.415734], [-119.716771, 37.415747], [-119.716716, 37.415767], [-119.716669, 37.4158], [-119.716556, 37.415917], [-119.716472, 37.416005], [-119.716427, 37.416039], [-119.7164, 37.416062], [-119.716358, 37.416096], [-119.716279, 37.416144], [-119.716216, 37.416175], [-119.716026, 37.416271], [-119.715904, 37.416338], [-119.715872, 37.416356], [-119.715838, 37.416365], [-119.715815, 37.416373], [-119.715761, 37.416378], [-119.715647, 37.416375], [-119.715627, 37.416373], [-119.715402, 37.416345], [-119.71524, 37.416345], [-119.715187, 37.416354], [-119.715081, 37.416407], [-119.715028, 37.416441], [-119.714937, 37.416502], [-119.714847, 37.416569], [-119.714718, 37.416675], [-119.7146, 37.416788], [-119.714478, 37.416855], [-119.713462, 37.417455], [-119.712926, 37.417773]]}, "props": {"MTFCC": "S1400", "NAME": null}}, {"geom": {"type": "LineString", "coordinates": [[-119.320155, 37.400058], [-119.319746, 37.400243], [-119.31893, 37.400614], [-119.31862, 37.400938], [-119.318612, 37.400947], [-119.318742, 37.401364], [-119.319083, 37.402138], [-119.319329, 37.404294], [-119.319013, 37.405136], [-119.318882, 37.405486], [-119.318667, 37.405639], [-119.318276, 37.4055], [-119.31758, 37.405465], [-119.316546, 37.405858], [-119.315573, 37.405565], [-119.314221, 37.405552], [-119.313587, 37.407157], [-119.313354, 37.408056], [-119.31303, 37.408527], [-119.312383, 37.409459], [-119.311857, 37.410157], [-119.311633, 37.410772], [-119.311014, 37.410903], [-119.310595, 37.410993], [-119.309909, 37.41135], [-119.309294, 37.411586], [-119.308577, 37.412146], [-119.307701, 37.412883]]}, "props": {"MTFCC": "S1400", "NAME": null}}, {"geom": {"type": "LineString", "coordinates": [[-119.277409, 37.543384], [-119.27766, 37.543581], [-119.278003, 37.543799], [-119.278495, 37.543897], [-119.27928, 37.543987], [-119.279793, 37.543979], [-119.280256, 37.544125], [-119.280397, 37.544327], [-119.280778, 37.544643], [-119.280774, 37.544653], [-119.280698, 37.544893], [-119.280315, 37.545167], [-119.280073, 37.545441], [-119.279992, 37.545796], [-119.2798, 37.54616], [-119.279639, 37.546402], [-119.279608, 37.546676], [-119.279839, 37.54725], [-119.279687, 37.547758], [-119.279546, 37.548267], [-119.279464, 37.549228], [-119.279675, 37.549664], [-119.280307, 37.550464], [-119.281112, 37.55099], [-119.281292, 37.55133], [-119.281402, 37.551717], [-119.281523, 37.552218], [-119.281865, 37.552832], [-119.282336, 37.553826], [-119.2827, 37.554378], [-119.282758, 37.554465], [-119.28326, 37.555208], [-119.28321, 37.55558], [-119.283199, 37.555814], [-119.28343, 37.556395], [-119.283308, 37.556791], [-119.282895, 37.557146], [-119.282342, 37.557298]]}, "props": {"MTFCC": "S1400", "NAME": null}}, {"geom": {"type": "LineString", "coordinates": [[-119.39087321831869, 37.3641], [-119.390997, 37.364207], [-119.391357, 37.364635], [-119.391471, 37.364865], [-119.391645, 37.365485], [-119.391783, 37.36571], [-119.391958, 37.36586], [-119.392159, 37.365939], [-119.392767, 37.365968], [-119.392989, 37.366027], [-119.393063, 37.366047], [-119.393226, 37.36617], [-119.393317, 37.366355], [-119.393299, 37.366572], [-119.393203, 37.366738], [-119.393003, 37.366895], [-119.392803, 37.366981], [-119.392397, 37.367044], [-119.391389, 37.366972], [-119.391052, 37.367015], [-119.390811, 37.367105], [-119.390651, 37.36725], [-119.390419, 37.367463], [-119.390173, 37.367775], [-119.389513, 37.368913], [-119.389448, 37.369269], [-119.389563, 37.369514], [-119.389787, 37.369688], [-119.390093, 37.369803], [-119.390397, 37.369813], [-119.391003, 37.369539], [-119.391352, 37.369484], [-119.391535, 37.369505], [-119.391741, 37.369586], [-119.391853, 37.369678], [-119.391922, 37.369844], [-119.39189, 37.37016], [-119.391562, 37.371211], [-119.391398, 37.37197], [-119.391155, 37.372367], [-119.390581, 37.372763], [-119.39016, 37.373226], [-119.39001, 37.373704], [-119.390027, 37.374265], [-119.390193, 37.374588], [-119.390245, 37.374645], [-119.390489, 37.374912], [-119.390865, 37.375163], [-119.391349, 37.375356], [-119.391925, 37.375425], [-119.392428, 37.375375], [-119.392889, 37.375279], [-119.393371, 37.37526], [-119.393599, 37.375289], [-119.393733, 37.375306], [-119.394116, 37.375449], [-119.394387, 37.375657], [-119.394546, 37.3759], [-119.394626, 37.376287], [-119.394724, 37.376759], [-119.394827, 37.376959], [-119.395131, 37.377142], [-119.395771, 37.377302], [-119.395837, 37.377318], [-119.395972, 37.377379], [-119.396042, 37.37741], [-119.396123, 37.377507], [-119.396162, 37.377554], [-119.396179, 37.377826], [-119.396043, 37.378154], [-119.395753, 37.378499], [-119.395246, 37.378975], [-119.394879, 37.379238], [-119.394627, 37.379377], [-119.394097, 37.379671], [-119.393215, 37.380064], [-119.39298, 37.380168], [-119.392924, 37.380188], [-119.392031, 37.38051], [-119.391941, 37.380543], [-119.391724, 37.380582]]}, "props": {"MTFCC": "S1200", "NAME": null}}, {"geom": {"type": "LineString", "coordinates": [[-119.081565, 37.631702], [-119.081542, 37.631694], [-119.081473, 37.631672], [-119.081451, 37.631665], [-119.081226, 37.631591], [-119.080587, 37.631382], [-119.080551, 37.631394], [-119.080328, 37.631472], [-119.080177, 37.631524], [-119.080127, 37.631542], [-119.079708, 37.631479], [-119.079551, 37.631456], [-119.07935, 37.631427], [-119.079119, 37.6312], [-119.078976, 37.630623], [-119.078859, 37.630147], [-119.078514, 37.629598], [-119.077852, 37.62898], [-119.076789, 37.628198], [-119.076701, 37.628133], [-119.076298, 37.627561], [-119.076353, 37.627255], [-119.076438, 37.62679], [-119.076528, 37.626302], [-119.076701, 37.625707], [-119.07669, 37.625407], [-119.076674, 37.624936]]}, "props": {"MTFCC": "S1400", "NAME": null}}, {"geom": {"type": "LineString", "coordinates": [[-119.473142, 37.446283], [-119.473412, 37.446268], [-119.473451, 37.446267], [-119.474381, 37.446261], [-119.474692, 37.44626], [-119.474796, 37.446259], [-119.474813, 37.446259], [-119.475111, 37.446264], [-119.475216, 37.446267], [-119.475412, 37.446271], [-119.475795, 37.44628], [-119.476, 37.446284], [-119.476197, 37.446288], [-119.476513, 37.446294], [-119.476856, 37.446302], [-119.477291, 37.446356], [-119.477408, 37.446476], [-119.477629, 37.446704]]}, "props": {"MTFCC": "S1400", "NAME": null}}, {"geom": {"type": "LineString", "coordinates": [[-119.704313, 37.397998], [-119.704537, 37.398175], [-119.70485, 37.398448], [-119.705054, 37.398801], [-119.705076, 37.398828], [-119.705259, 37.399049]]}, "props": {"MTFCC": "S1740", "NAME": null}}, {"geom": {"type": "LineString", "coordinates": [[-119.70425, 37.400931], [-119.704307, 37.400999], [-119.704481, 37.401206], [-119.704539, 37.401275]]}, "props": {"MTFCC": "S1740", "NAME": null}}, {"geom": {"type": "LineString", "coordinates": [[-119.648138, 37.390113], [-119.648424, 37.390202], [-119.648769, 37.390493], [-119.649113, 37.390604], [-119.650203, 37.390409], [-119.650282, 37.39041], [-119.651007, 37.390423], [-119.651322, 37.390511], [-119.651437, 37.390623], [-119.651266, 37.391209], [-119.651409, 37.391277], [-119.652815, 37.391147], [-119.653274, 37.390751], [-119.653763, 37.390676], [-119.654479, 37.390898], [-119.654766, 37.391144], [-119.65491, 37.391505], [-119.65491, 37.392091], [-119.654674, 37.392275], [-119.654623, 37.392316], [-119.654136, 37.392561], [-119.65405, 37.392655], [-119.653526, 37.393208], [-119.653462, 37.393273], [-119.65342, 37.39398], [-119.653648, 37.394131], [-119.653883, 37.394167], [-119.654306, 37.394234], [-119.65462, 37.394484], [-119.654778, 37.39517], [-119.654789, 37.395214], [-119.655074, 37.395584]]}, "props": {"MTFCC": "S1400", "NAME": null}}, {"geom": {"type": "LineString", "coordinates": [[-119.612514, 37.367347], [-119.612669, 37.3674], [-119.612809, 37.367416], [-119.612856, 37.367417], [-119.612945, 37.367412], [-119.613033, 37.367402], [-119.613169, 37.367377], [-119.613368, 37.367327], [-119.613462, 37.367316], [-119.613548, 37.367314], [-119.613931, 37.367333], [-119.61406, 37.367366], [-119.61413, 37.367392], [-119.614209, 37.367407], [-119.614452, 37.367425], [-119.61459, 37.367439], [-119.614649, 37.367445], [-119.614783, 37.367459], [-119.614828, 37.367468], [-119.614887, 37.36748]]}, "props": {"MTFCC": "S1400", "NAME": null}}, {"geom": {"type": "LineString", "coordinates": [[-119.657496, 37.366712], [-119.657393, 37.366687], [-119.657185, 37.366645], [-119.656974, 37.366612], [-119.65682, 37.366583], [-119.656725, 37.366557], [-119.65652, 37.366488], [-119.656295, 37.366421], [-119.656216, 37.366406], [-119.656128, 37.366402], [-119.656039, 37.366406], [-119.655951, 37.366416], [-119.655784, 37.366451], [-119.655643, 37.366468], [-119.655429, 37.366482], [-119.655228, 37.366505], [-119.6551, 37.366526], [-119.655012, 37.366551], [-119.654926, 37.366583], [-119.654843, 37.366619], [-119.654682, 37.366697], [-119.654559, 37.366762], [-119.654372, 37.366874], [-119.653514, 37.367387], [-119.65347, 37.367414], [-119.653385, 37.367468], [-119.653129, 37.367639], [-119.65265, 37.367891], [-119.652599, 37.367914], [-119.652494, 37.36795], [-119.652384, 37.367978], [-119.652148, 37.368024], [-119.652022, 37.368042], [-119.651896, 37.368052], [-119.651771, 37.368054], [-119.651646, 37.368049], [-119.651301, 37.368021], [-119.650531, 37.367919], [-119.650475, 37.36791], [-119.6502, 37.36787], [-119.649976, 37.367831], [-119.649514, 37.367743], [-119.649442, 37.367721], [-119.64941, 37.367711], [-119.649257, 37.367657], [-119.649042, 37.367604], [-119.648959, 37.367591], [-119.648876, 37.367584], [-119.648763, 37.367588], [-119.648442, 37.367611], [-119.64831, 37.367606], [-119.648175, 37.367594], [-119.648047, 37.367583], [-119.647854, 37.367575], [-119.647661, 37.367572], [-119.64738, 37.367581], [-119.647204, 37.367594], [-119.647119, 37.367609], [-119.647021, 37.367638], [-119.646833, 37.367717], [-119.646605, 37.367839], [-119.646419, 37.367916], [-119.646262, 37.367965], [-119.646168, 37.367988], [-119.646079, 37.368017], [-119.645982, 37.368066], [-119.645754, 37.368208], [-119.645628, 37.368301], [-119.645421, 37.368486], [-119.645373, 37.368519], [-119.645323, 37.36854], [-119.645269, 37.368557], [-119.645213, 37.368567], [-119.645154, 37.368568], [-119.644851, 37.368536], [-119.644815, 37.368536], [-119.644745, 37.368543], [-119.644676, 37.368559], [-119.644578, 37.368592], [-119.644335, 37.368676], [-119.644307, 37.368682], [-119.644251, 37.368686], [-119.644195, 37.368681], [-119.643855, 37.368619], [-119.64377, 37.368609], [-119.643623, 37.368614], [-119.643465, 37.368633], [-119.64335, 37.368662], [-119.643321, 37.368676], [-119.643259, 37.368704], [-119.643154, 37.36877], [-119.643048, 37.368854], [-119.642991, 37.368889], [-119.642933, 37.368911], [-119.642872, 37.368928], [-119.64281, 37.368936], [-119.642752, 37.368934], [-119.642694, 37.368923], [-119.642586, 37.368884], [-119.642534, 37.368856], [-119.6425, 37.368832], [-119.642484, 37.368821], [-119.642441, 37.368782], [-119.642405, 37.36874], [-119.64238, 37.368688], [-119.642353, 37.368603], [-119.642338, 37.368578], [-119.642279, 37.368511], [-119.642256, 37.368492], [-119.642215, 37.368468], [-119.642169, 37.368451], [-119.642119, 37.368438], [-119.641875, 37.368392], [-119.641807, 37.368375], [-119.641741, 37.368353], [-119.641649, 37.368309], [-119.641623, 37.368291], [-119.641587, 37.368257], [-119.641533, 37.368175], [-119.641489, 37.368072], [-119.641474, 37.36801], [-119.641465, 37.367948], [-119.641464, 37.367878], [-119.641471, 37.367774], [-119.641459, 37.367662], [-119.641446, 37.367626], [-119.64142, 37.367591], [-119.641386, 37.36756], [-119.641302, 37.36751], [-119.641242, 37.367486], [-119.641176, 37.367469], [-119.641109, 37.367458], [-119.641041, 37.367453], [-119.640971, 37.367454], [-119.640902, 37.36746], [-119.640835, 37.367472], [-119.640766, 37.367494], [-119.640699, 37.367525], [-119.640593, 37.367582], [-119.640571, 37.367595], [-119.640391, 37.367707], [-119.640125, 37.367886], [-119.639988, 37.367953], [-119.639925, 37.367992], [-119.639871, 37.36804], [-119.639832, 37.368081], [-119.639706, 37.368212], [-119.63968, 37.368234], [-119.639623, 37.36827], [-119.639561, 37.368302], [-119.639496, 37.36833], [-119.639421, 37.368354], [-119.639267, 37.368396], [-119.639053, 37.3685], [-119.638822, 37.368581], [-119.63874, 37.368611], [-119.638676, 37.36863], [-119.638611, 37.368641], [-119.63854, 37.368643], [-119.638394, 37.368633], [-119.638242, 37.368613], [-119.63794, 37.36856], [-119.637633, 37.368526], [-119.637337, 37.368507], [-119.63695, 37.368501], [-119.636786, 37.368504], [-119.636541, 37.368518], [-119.636461, 37.368527], [-119.63632, 37.368551], [-119.636043, 37.368619], [-119.635866, 37.368671], [-119.635691, 37.368729], [-119.635505, 37.368801], [-119.63545, 37.368823], [-119.635328, 37.368875], [-119.635214, 37.368927], [-119.635104, 37.368983], [-119.634985, 37.369051], [-119.634871, 37.369124], [-119.634737, 37.369218], [-119.63461, 37.369317], [-119.634484, 37.369426], [-119.63436, 37.369546], [-119.634124, 37.369809], [-119.634035, 37.369917], [-119.633979, 37.369986], [-119.6337, 37.370345], [-119.633386, 37.370721], [-119.632932, 37.3713], [-119.632852, 37.371395], [-119.632779, 37.371469], [-119.632764, 37.371486], [-119.632651, 37.371588], [-119.63253, 37.371684], [-119.632352, 37.371812], [-119.632251, 37.371871], [-119.632175, 37.371905], [-119.63209, 37.371937], [-119.632065, 37.371944], [-119.632001, 37.371965], [-119.63182, 37.372011], [-119.631681, 37.372039], [-119.63154, 37.372058], [-119.631477, 37.372062], [-119.631422, 37.372066], [-119.631342, 37.372067], [-119.631304, 37.372067], [-119.631278, 37.372066], [-119.631187, 37.372062], [-119.631159, 37.372059], [-119.631069, 37.37205], [-119.630895, 37.372021], [-119.630839, 37.372008], [-119.630808, 37.371998], [-119.630745, 37.371979], [-119.630696, 37.37196], [-119.630562, 37.371907], [-119.630549, 37.371901], [-119.630426, 37.371848], [-119.630293, 37.371783], [-119.630163, 37.371713], [-119.630121, 37.371699], [-119.629972, 37.371649]]}, "props": {"MTFCC": "S1400", "NAME": null}}, {"geom": {"type": "LineString", "coordinates": [[-119.632484, 37.385516], [-119.632543, 37.385468], [-119.632723, 37.385325], [-119.632783, 37.385278]]}, "props": {"MTFCC": "S1400", "NAME": null}}, {"geom": {"type": "LineString", "coordinates": [[-119.639329, 37.36981], [-119.639216, 37.369888], [-119.638879, 37.370123], [-119.638767, 37.370202]]}, "props": {"MTFCC": "S1400", "NAME": null}}, {"geom": {"type": "LineString", "coordinates": [[-119.63666, 37.385488], [-119.63625, 37.385551], [-119.636041, 37.385584], [-119.635312, 37.385484], [-119.63507, 37.385315], [-119.63473, 37.385079]]}, "props": {"MTFCC": "S1400", "NAME": null}}, {"geom": {"type": "LineString", "coordinates": [[-119.631278, 37.372066], [-119.63082, 37.372336], [-119.630561, 37.372489], [-119.630539, 37.372708], [-119.630615, 37.372911], [-119.630873, 37.372962], [-119.631112, 37.372964], [-119.63139, 37.372959], [-119.631465, 37.372943], [-119.631986, 37.372835]]}, "props": {"MTFCC": "S1400", "NAME": null}}, {"geom": {"type": "LineString", "coordinates": [[-119.63089, 37.381772], [-119.631008, 37.381629], [-119.63102, 37.381616], [-119.63093, 37.381085], [-119.630922, 37.381036], [-119.630964, 37.380908]]}, "props": {"MTFCC": "S1400", "NAME": null}}, {"geom": {"type": "LineString", "coordinates": [[-119.724523, 37.405846], [-119.723244, 37.4059], [-119.722503, 37.405932], [-119.720913, 37.40589], [-119.719414, 37.405751], [-119.718141, 37.405634], [-119.718071, 37.405627], [-119.717869, 37.40564], [-119.717055, 37.405696], [-119.716784, 37.405716]]}, "props": {"MTFCC": "S1400", "NAME": null}}, {"geom": {"type": "LineString", "coordinates": [[-119.722224, 37.374979], [-119.722266, 37.375052], [-119.722327, 37.375171], [-119.722378, 37.375271], [-119.722537, 37.375537], [-119.722676, 37.375726], [-119.722713, 37.375776], [-119.722794, 37.375898], [-119.7228, 37.375908], [-119.722834, 37.375969], [-119.722846, 37.375995], [-119.7229, 37.376105], [-119.722926, 37.37617], [-119.722957, 37.376272], [-119.722964, 37.376293], [-119.722978, 37.37637], [-119.722981, 37.376741], [-119.722982, 37.376824], [-119.722961, 37.377114], [-119.72297, 37.377229], [-119.723017, 37.377527], [-119.723046, 37.377658], [-119.723083, 37.377786], [-119.723103, 37.377839], [-119.723119, 37.377879], [-119.723209, 37.37808], [-119.723258, 37.378177], [-119.723274, 37.378209], [-119.723279, 37.378218], [-119.723321, 37.3783], [-119.723367, 37.37839], [-119.723414, 37.378493], [-119.723434, 37.378555], [-119.723463, 37.378644], [-119.723494, 37.378737], [-119.723561, 37.378915], [-119.723625, 37.379035], [-119.723869, 37.379443], [-119.724089, 37.379891], [-119.724224, 37.380148], [-119.724306, 37.380372], [-119.724362, 37.380553], [-119.724367, 37.380573], [-119.724376, 37.3806], [-119.724384, 37.380633], [-119.72439, 37.380654], [-119.724406, 37.380716], [-119.724411, 37.380747], [-119.724423, 37.380812], [-119.724439, 37.380897], [-119.724457, 37.380946], [-119.72447, 37.380962], [-119.724495, 37.380981], [-119.724524, 37.380994], [-119.724573, 37.381006], [-119.724619, 37.38101], [-119.724715, 37.381018], [-119.724866, 37.381022], [-119.724893, 37.381023], [-119.724971, 37.381029], [-119.725017, 37.381046], [-119.725055, 37.381071], [-119.725072, 37.381095], [-119.72508, 37.381124], [-119.725083, 37.381184], [-119.725077, 37.381229], [-119.725049, 37.381321], [-119.725023, 37.381466], [-119.725019, 37.381514], [-119.725022, 37.381583], [-119.725036, 37.38171], [-119.725068, 37.381984], [-119.725077, 37.38206], [-119.725084, 37.382171], [-119.725081, 37.382316], [-119.725074, 37.382392], [-119.725057, 37.382606], [-119.725046, 37.382991], [-119.725042, 37.383338], [-119.725007, 37.383619], [-119.724987, 37.383784], [-119.724949, 37.383979], [-119.724936, 37.384023], [-119.724921, 37.384071], [-119.724859, 37.384174], [-119.724839, 37.384195], [-119.724793, 37.384228], [-119.724684, 37.384277], [-119.724612, 37.384296], [-119.724396, 37.38433], [-119.72427, 37.384351], [-119.724178, 37.384373], [-119.723978, 37.384457], [-119.72383, 37.384513], [-119.723537, 37.384648], [-119.723112, 37.384819], [-119.722978, 37.384881], [-119.722939, 37.384906], [-119.72287, 37.384963], [-119.722835, 37.385015], [-119.722807, 37.385069], [-119.722776, 37.38515], [-119.722745, 37.385279], [-119.722713, 37.385418], [-119.722699, 37.385538], [-119.722702, 37.385581], [-119.722715, 37.385625], [-119.722735, 37.385668], [-119.722784, 37.38574], [-119.722824, 37.385783], [-119.72287, 37.385823], [-119.722921, 37.385859], [-119.723024, 37.385915], [-119.723075, 37.385936], [-119.723128, 37.385947], [-119.723181, 37.385943], [-119.723292, 37.385914], [-119.723477, 37.38588], [-119.723588, 37.385877], [-119.723663, 37.385883], [-119.723815, 37.38591], [-119.723842, 37.385917], [-119.723892, 37.385931], [-119.724066, 37.386], [-119.724147, 37.386032], [-119.724266, 37.386064], [-119.724339, 37.386076], [-119.724406, 37.386081], [-119.724495, 37.386079], [-119.724534, 37.386077], [-119.724702, 37.386058], [-119.724736, 37.386059], [-119.724815, 37.386063], [-119.724854, 37.386069], [-119.724889, 37.386082], [-119.724928, 37.386109], [-119.724961, 37.386141], [-119.724982, 37.386178], [-119.725005, 37.386259], [-119.72502, 37.386341], [-119.725026, 37.386425], [-119.725026, 37.38654], [-119.72502, 37.386611], [-119.725007, 37.386797], [-119.725002, 37.386854], [-119.724994, 37.386931], [-119.724972, 37.387163], [-119.724965, 37.387241], [-119.724946, 37.387441], [-119.724935, 37.387566], [-119.724885, 37.388013], [-119.724882, 37.388042], [-119.724867, 37.388243], [-119.724766, 37.388502], [-119.724463, 37.38928], [-119.724363, 37.38954], [-119.724357, 37.389553], [-119.724339, 37.389592], [-119.724334, 37.389606], [-119.724271, 37.389748], [-119.724184, 37.389828], [-119.723583, 37.390385], [-119.723383, 37.390572]]}, "props": {"MTFCC": "S1400", "NAME": null}}, {"geom": {"type": "LineString", "coordinates": [[-119.722222, 37.404668], [-119.722179, 37.404637], [-119.722134, 37.404594], [-119.722083, 37.404517], [-119.72206, 37.404463], [-119.722047, 37.404385], [-119.722048, 37.404266], [-119.72205, 37.404163], [-119.722044, 37.404117], [-119.722022, 37.404059], [-119.721978, 37.403986], [-119.721904, 37.403903], [-119.721838, 37.403848], [-119.721763, 37.403803], [-119.721695, 37.403779], [-119.721547, 37.403753], [-119.721475, 37.40375], [-119.721402, 37.403755], [-119.721255, 37.403775], [-119.72096, 37.4038], [-119.720943, 37.403802], [-119.720753, 37.403807], [-119.720685, 37.403802], [-119.720627, 37.403788], [-119.720509, 37.403737]]}, "props": {"MTFCC": "S1400", "NAME": null}}, {"geom": {"type": "LineString", "coordinates": [[-119.584561, 37.412309], [-119.584332, 37.412332], [-119.584253, 37.41232], [-119.583332, 37.412187], [-119.583026, 37.412143], [-119.583, 37.412156], [-119.580947, 37.413156], [-119.579821, 37.413463], [-119.579693, 37.413448], [-119.579451, 37.41391], [-119.579501, 37.414249], [-119.579548, 37.414565], [-119.579542, 37.414635], [-119.5795, 37.415142], [-119.579209, 37.415913], [-119.579306, 37.416644], [-119.579161, 37.417569], [-119.578725, 37.417915], [-119.578095, 37.417877], [-119.577514, 37.417184], [-119.577466, 37.416336], [-119.577563, 37.414565], [-119.577263, 37.413762], [-119.577229, 37.41367], [-119.57653, 37.413717], [-119.576384, 37.41373], [-119.576155, 37.413592], [-119.576139, 37.413357], [-119.576111, 37.412976], [-119.576098, 37.412768], [-119.575725, 37.412356], [-119.573883, 37.412109], [-119.570275, 37.411625], [-119.569444, 37.41167], [-119.568895, 37.412259], [-119.568038, 37.413181], [-119.567219, 37.413996], [-119.566776, 37.414439], [-119.566604, 37.414485], [-119.566546, 37.414737], [-119.565686, 37.415684], [-119.565456, 37.416037], [-119.565456, 37.416917], [-119.56549, 37.417581], [-119.564665, 37.41799], [-119.563877, 37.419016], [-119.56316, 37.419583], [-119.562998, 37.420328], [-119.563034, 37.420701], [-119.562933, 37.421429], [-119.562216, 37.422336], [-119.561871, 37.422462], [-119.561584, 37.422447], [-119.561591, 37.422197], [-119.56161, 37.421567], [-119.56157, 37.421457], [-119.561506, 37.421276], [-119.561454, 37.421254], [-119.561142, 37.421062], [-119.560748, 37.420932], [-119.560276, 37.420914], [-119.559144, 37.420872], [-119.557934, 37.421053], [-119.55723, 37.421231], [-119.556925, 37.42151], [-119.556809, 37.421745], [-119.556679, 37.42201], [-119.556556, 37.422838], [-119.556472, 37.422925], [-119.556361, 37.422963], [-119.556029, 37.423079], [-119.555919, 37.423119], [-119.555887, 37.423131], [-119.555791, 37.423166], [-119.55576, 37.423179], [-119.555555, 37.423564], [-119.554627, 37.424309], [-119.552716, 37.424956], [-119.552339, 37.425273], [-119.552334, 37.425725], [-119.552747, 37.426467], [-119.552813, 37.426586], [-119.552894, 37.427062], [-119.552807, 37.42722], [-119.551793, 37.427805], [-119.551269, 37.428326], [-119.550661, 37.428663], [-119.550169, 37.428842], [-119.548925, 37.429016], [-119.548548, 37.429309], [-119.547529, 37.430575], [-119.547152, 37.430846], [-119.544896, 37.431491], [-119.543881, 37.431962], [-119.543534, 37.432211], [-119.54353, 37.432596], [-119.5437, 37.432777], [-119.544381, 37.433159], [-119.544522, 37.433477], [-119.544423, 37.434768], [-119.54332, 37.435558], [-119.543062, 37.435592], [-119.541034, 37.43586], [-119.540485, 37.435993], [-119.540106, 37.436468], [-119.540188, 37.436853], [-119.540413, 37.437283], [-119.541235, 37.438097], [-119.541367, 37.438225], [-119.541411, 37.438267], [-119.541439, 37.438293], [-119.541476, 37.438348], [-119.541494, 37.438406], [-119.541499, 37.438424], [-119.54151, 37.438457], [-119.541494, 37.438479], [-119.541061, 37.438627], [-119.538493, 37.438897], [-119.53827, 37.438991], [-119.53806, 37.439186], [-119.538026, 37.439989], [-119.537939, 37.44006], [-119.536006, 37.439767], [-119.535574, 37.439573], [-119.535227, 37.439109], [-119.534938, 37.439139], [-119.534415, 37.439922], [-119.533747, 37.4412], [-119.53227, 37.443004], [-119.531932, 37.443532], [-119.531514, 37.44419], [-119.531392, 37.445298], [-119.531127, 37.44615], [-119.530838, 37.446459], [-119.530766, 37.446455]]}, "props": {"MTFCC": "S1400", "NAME": null}}, {"geom": {"type": "LineString", "coordinates": [[-119.630323, 37.443252], [-119.63039, 37.443174], [-119.630502, 37.443015], [-119.630605, 37.442847], [-119.630868, 37.442421], [-119.630933, 37.442338], [-119.631071, 37.442215], [-119.631227, 37.442102], [-119.631526, 37.441864], [-119.631599, 37.441776], [-119.631618, 37.441755], [-119.631729, 37.441554], [-119.63176, 37.441482], [-119.63178, 37.441401], [-119.631787, 37.441327]]}, "props": {"MTFCC": "S1400", "NAME": null}}, {"geom": {"type": "LineString", "coordinates": [[-119.722222, 37.404668], [-119.7216, 37.404695], [-119.721236, 37.404711], [-119.719827, 37.404724], [-119.719736, 37.404741], [-119.719125, 37.404856]]}, "props": {"MTFCC": "S1400", "NAME": null}}, {"geom": {"type": "LineString", "coordinates": [[-119.629835, 37.443862], [-119.62979, 37.44396], [-119.629754, 37.44406], [-119.629723, 37.444216], [-119.629719, 37.444286], [-119.629718, 37.44431], [-119.629729, 37.444354], [-119.629756, 37.44441], [-119.629896, 37.444631], [-119.629918, 37.444671], [-119.629945, 37.444723], [-119.62995, 37.444738], [-119.629965, 37.444775], [-119.629974, 37.444892], [-119.629969, 37.44498], [-119.629955, 37.445067], [-119.629946, 37.445094], [-119.629909, 37.445209]]}, "props": {"MTFCC": "S1200", "NAME": null}}, {"geom": {"type": "LineString", "coordinates": [[-119.498456, 37.415062], [-119.498484, 37.4152], [-119.499891, 37.416526], [-119.500006, 37.416778], [-119.499978, 37.417647], [-119.49972, 37.418352], [-119.499234, 37.419684], [-119.49912, 37.420371], [-119.499206, 37.420988], [-119.499551, 37.421514], [-119.500974, 37.422328], [-119.501447, 37.422616], [-119.501563, 37.422822], [-119.501563, 37.423417], [-119.501346, 37.423966], [-119.501375, 37.424468], [-119.501432, 37.42472], [-119.501432, 37.425406], [-119.500974, 37.425851], [-119.500502, 37.426341], [-119.50033, 37.426982], [-119.500303, 37.428355], [-119.500286, 37.428484], [-119.500189, 37.429247], [-119.500333, 37.429705], [-119.500974, 37.430107], [-119.501557, 37.430303], [-119.502706, 37.431013], [-119.502964, 37.431059], [-119.503509, 37.431517], [-119.503594, 37.432775], [-119.504482, 37.43392], [-119.504493, 37.433932], [-119.505142, 37.43463], [-119.505169, 37.4363], [-119.505284, 37.436575], [-119.505943, 37.437239], [-119.506689, 37.437628], [-119.507492, 37.437811], [-119.509903, 37.437789], [-119.510333, 37.437881], [-119.510936, 37.437767], [-119.511567, 37.437538], [-119.512084, 37.437447], [-119.513001, 37.437397], [-119.513778, 37.437356], [-119.514294, 37.437471], [-119.514896, 37.438066], [-119.515011, 37.438249], [-119.515355, 37.43857], [-119.516216, 37.43857], [-119.518736, 37.43919], [-119.51894, 37.439373], [-119.519, 37.439693], [-119.518958, 37.439726], [-119.518235, 37.440312], [-119.517582, 37.440586], [-119.516103, 37.440998], [-119.515537, 37.441433], [-119.5146, 37.441937], [-119.514203, 37.44228], [-119.514234, 37.44244], [-119.514699, 37.442784], [-119.515423, 37.443035], [-119.518116, 37.443473], [-119.518146, 37.443482], [-119.518638, 37.443634], [-119.519161, 37.44416], [-119.520008, 37.445305], [-119.52027, 37.445557], [-119.520474, 37.445566], [-119.520761, 37.44558], [-119.522344, 37.445285], [-119.522601, 37.445276], [-119.523036, 37.445263], [-119.523756, 37.445813], [-119.524216, 37.445836], [-119.524994, 37.445723], [-119.526145, 37.446066], [-119.526693, 37.44609], [-119.52724, 37.445793], [-119.527874, 37.445817], [-119.528695, 37.44611], [-119.528708, 37.446115], [-119.529975, 37.446117], [-119.53055, 37.446438], [-119.530766, 37.446455], [-119.530838, 37.446459], [-119.531127, 37.44615], [-119.531392, 37.445298], [-119.531514, 37.44419], [-119.531932, 37.443532], [-119.53227, 37.443004], [-119.533747, 37.4412], [-119.534415, 37.439922], [-119.534938, 37.439139], [-119.535227, 37.439109], [-119.535574, 37.439573], [-119.536006, 37.439767], [-119.537939, 37.44006], [-119.538026, 37.439989], [-119.53806, 37.439186], [-119.53827, 37.438991], [-119.538493, 37.438897], [-119.541061, 37.438627], [-119.541494, 37.438479]]}, "props": {"MTFCC": "S1400", "NAME": null}}, {"geom": {"type": "LineString", "coordinates": [[-119.084714, 37.630316], [-119.084771, 37.630012], [-119.084784, 37.629945], [-119.084713, 37.629841], [-119.084561, 37.6298], [-119.08442, 37.629889], [-119.084421, 37.630123], [-119.084413, 37.630297], [-119.084714, 37.630316]]}, "props": {"MTFCC": "S1400", "NAME": null}}, {"geom": {"type": "LineString", "coordinates": [[-119.074559, 37.646933], [-119.074375, 37.646951], [-119.073825, 37.647007], [-119.073642, 37.647027]]}, "props": {"MTFCC": "S1400", "NAME": null}}, {"geom": {"type": "LineString", "coordinates": [[-119.074693, 37.646267], [-119.074584, 37.646168], [-119.074259, 37.645872], [-119.074151, 37.645774], [-119.074026, 37.645671], [-119.073932, 37.645593], [-119.073873, 37.64554], [-119.073798, 37.645474], [-119.073872, 37.645034], [-119.073814, 37.644563], [-119.073789, 37.644501], [-119.073717, 37.644316], [-119.073657, 37.644164]]}, "props": {"MTFCC": "S1400", "NAME": null}}, {"geom": {"type": "LineString", "coordinates": [[-119.418363, 37.486601], [-119.41853, 37.486656], [-119.418696, 37.486712], [-119.418928, 37.48689], [-119.41893, 37.486953], [-119.418937, 37.48713], [-119.418898, 37.487377], [-119.418783, 37.488121], [-119.418746, 37.488369], [-119.418664, 37.48849], [-119.41842, 37.488856], [-119.418339, 37.488978], [-119.418257, 37.489101], [-119.417798, 37.48949], [-119.416936, 37.489765], [-119.416257, 37.489813], [-119.415328, 37.489879], [-119.413979, 37.490153], [-119.412715, 37.490931], [-119.412456, 37.491343], [-119.411623, 37.492075], [-119.41125, 37.492304], [-119.410156, 37.492739], [-119.410044, 37.492784], [-119.409125, 37.493493], [-119.408625, 37.494376], [-119.408606, 37.494409], [-119.408666, 37.49446], [-119.408941, 37.494694], [-119.408943, 37.494761], [-119.408948, 37.494938], [-119.408955, 37.495163], [-119.40904, 37.495188], [-119.409026, 37.495635], [-119.408786, 37.495965], [-119.408016, 37.496405], [-119.407575, 37.496659], [-119.407444, 37.496776], [-119.4074, 37.496815], [-119.40727, 37.496931], [-119.407227, 37.496971]]}, "props": {"MTFCC": "S1200", "NAME": null}}, {"geom": {"type": "LineString", "coordinates": [[-119.360884, 37.38207], [-119.360496, 37.382026], [-119.36028, 37.382002], [-119.35933, 37.381944], [-119.358942, 37.381921], [-119.358753, 37.381909], [-119.358249, 37.381974], [-119.357905, 37.382131], [-119.357743, 37.382262], [-119.357621, 37.382449], [-119.357468, 37.382857], [-119.357419, 37.383143], [-119.357617, 37.384178], [-119.357769, 37.385661], [-119.357766, 37.386166], [-119.357765, 37.386449], [-119.35759, 37.386927], [-119.356934, 37.387841], [-119.356858, 37.388878], [-119.356735, 37.389163], [-119.356442, 37.389914], [-119.355443, 37.391442], [-119.355136, 37.392057], [-119.354741, 37.392531], [-119.354328, 37.392815], [-119.352936, 37.393417], [-119.352564, 37.393659], [-119.352341, 37.393884], [-119.351717, 37.395009], [-119.351579, 37.395486], [-119.35161, 37.39589], [-119.351874, 37.396548], [-119.351902, 37.396918], [-119.351839, 37.397035], [-119.351483, 37.397275], [-119.351334, 37.397451], [-119.350562, 37.399086], [-119.350212, 37.39983], [-119.350015, 37.400092], [-119.349849, 37.400233], [-119.349208, 37.400592], [-119.348209, 37.401314], [-119.347379, 37.402067], [-119.347129, 37.40253], [-119.347121, 37.402832], [-119.347115, 37.403028], [-119.347133, 37.403082], [-119.34738, 37.403803], [-119.347463, 37.404044], [-119.34775, 37.404884], [-119.348092, 37.405883], [-119.348226, 37.406449], [-119.348249, 37.407027], [-119.348205, 37.407473], [-119.348185, 37.407688], [-119.347933, 37.408312], [-119.347875, 37.408453], [-119.34784, 37.408542], [-119.347764, 37.40886], [-119.347788, 37.408883], [-119.347898, 37.40899], [-119.347792, 37.409254], [-119.347278, 37.410946], [-119.347173, 37.411295], [-119.346707, 37.413613], [-119.346554, 37.416453], [-119.346402, 37.417019], [-119.346364, 37.417165], [-119.345981, 37.417689], [-119.345481, 37.41815], [-119.344992, 37.418449], [-119.344666, 37.418564], [-119.343995, 37.418544], [-119.343679, 37.418449], [-119.342127, 37.417984], [-119.340901, 37.417762], [-119.339731, 37.41785], [-119.339267, 37.417885], [-119.338404, 37.418062], [-119.337442, 37.418259], [-119.336779, 37.418536], [-119.336231, 37.418927], [-119.336029, 37.419341], [-119.335884, 37.420393], [-119.335792, 37.421063], [-119.334983, 37.422144], [-119.334375, 37.423202], [-119.333741, 37.423662], [-119.333164, 37.423984], [-119.332789, 37.424284], [-119.332557, 37.424812], [-119.332204, 37.426604], [-119.332058, 37.426971], [-119.331991, 37.427001], [-119.331799, 37.427087], [-119.330964, 37.427112], [-119.330129, 37.426955], [-119.329409, 37.427071], [-119.328558, 37.42764], [-119.328514, 37.42767], [-119.327879, 37.428245], [-119.326548, 37.430474], [-119.32625, 37.430727], [-119.326116, 37.430841], [-119.324832, 37.430927], [-119.324177, 37.431312], [-119.323586, 37.431473], [-119.323349, 37.431538], [-119.322979, 37.431765], [-119.322267, 37.432847], [-119.322185, 37.432971], [-119.321816, 37.433357], [-119.321501, 37.433425], [-119.320503, 37.433283], [-119.320022, 37.433088], [-119.31999, 37.433075], [-119.319791, 37.432821], [-119.319593, 37.432339], [-119.319721, 37.43036], [-119.319896, 37.429946], [-119.319985, 37.429266], [-119.319987, 37.429256], [-119.319702, 37.429025], [-119.31916, 37.429183], [-119.317877, 37.42984], [-119.317518, 37.430113], [-119.316704, 37.430731], [-119.316015, 37.431051], [-119.31458, 37.431509], [-119.313892, 37.431852], [-119.31357, 37.43209], [-119.31306, 37.43247], [-119.312801, 37.432562], [-119.312371, 37.432562], [-119.312312, 37.432562], [-119.311681, 37.432104], [-119.311739, 37.431669], [-119.311939, 37.431189], [-119.311939, 37.430822], [-119.310333, 37.42961], [-119.309931, 37.429152], [-119.3093, 37.429015], [-119.308209, 37.42906], [-119.307664, 37.429221], [-119.307004, 37.429152], [-119.305512, 37.428282], [-119.305082, 37.428145], [-119.303647, 37.428191], [-119.302998, 37.428318], [-119.301667, 37.42858], [-119.300634, 37.428991], [-119.298925, 37.430008], [-119.298825, 37.430068], [-119.298161, 37.430623], [-119.297718, 37.430994], [-119.297454, 37.431387], [-119.297444, 37.432149], [-119.297555, 37.432495], [-119.297629, 37.433259], [-119.297631, 37.43328], [-119.297278, 37.433859], [-119.297042, 37.434015], [-119.296138, 37.43461], [-119.295698, 37.435121], [-119.295067, 37.435858], [-119.294585, 37.436174], [-119.294073, 37.43631], [-119.291317, 37.436135], [-119.290886, 37.436172], [-119.289137, 37.436326], [-119.288843, 37.436378], [-119.28819, 37.436494], [-119.287959, 37.436484], [-119.287661, 37.436473], [-119.287309, 37.43654], [-119.286944, 37.43661], [-119.286291, 37.436869], [-119.286255, 37.436884], [-119.28614, 37.437182], [-119.285769, 37.437513], [-119.284657, 37.438508], [-119.284504, 37.438646], [-119.284217, 37.438692], [-119.284102, 37.438829], [-119.282552, 37.439332], [-119.282006, 37.439584], [-119.281776, 37.439904], [-119.281525, 37.440788], [-119.281202, 37.441085], [-119.280832, 37.441727], [-119.279944, 37.442544], [-119.279799, 37.442678], [-119.278073, 37.442888], [-119.277287, 37.443023], [-119.276794, 37.443283], [-119.276146, 37.443937], [-119.275992, 37.444307], [-119.275891, 37.444708], [-119.276378, 37.445784], [-119.276836, 37.447889], [-119.277353, 37.448553], [-119.278328, 37.449423], [-119.279361, 37.450659], [-119.27982, 37.451757], [-119.280049, 37.452947], [-119.280364, 37.453863], [-119.280738, 37.454412], [-119.281197, 37.45503], [-119.281915, 37.455625], [-119.282227, 37.455974], [-119.282345, 37.456106], [-119.283005, 37.457479], [-119.283435, 37.458646], [-119.283521, 37.458692], [-119.284037, 37.460019], [-119.284147, 37.460246], [-119.284525, 37.461026], [-119.28464, 37.461438], [-119.284726, 37.461484], [-119.284783, 37.462285], [-119.284553, 37.463384], [-119.284352, 37.46375], [-119.283462, 37.464711], [-119.2828, 37.465103], [-119.281538, 37.465854], [-119.281078, 37.46622], [-119.279671, 37.468348], [-119.27901, 37.469538], [-119.277027, 37.472215], [-119.276337, 37.473702], [-119.275619, 37.475762], [-119.275545, 37.475888], [-119.275446, 37.476059], [-119.274757, 37.476631], [-119.274039, 37.477592], [-119.274096, 37.478027], [-119.27444, 37.47837], [-119.275567, 37.478797], [-119.275589, 37.478805], [-119.276191, 37.479263], [-119.276737, 37.479927], [-119.277226, 37.480293], [-119.278288, 37.480843], [-119.279146, 37.48119], [-119.280211, 37.481621], [-119.280527, 37.481896], [-119.280986, 37.483727], [-119.281732, 37.484482], [-119.281769, 37.484565], [-119.281904, 37.484871], [-119.281732, 37.485329], [-119.280181, 37.486083], [-119.279405, 37.486632], [-119.279118, 37.487159], [-119.279118, 37.487891], [-119.27929, 37.488074], [-119.279663, 37.489012], [-119.279577, 37.489653], [-119.279318, 37.490157], [-119.278449, 37.490995], [-119.278111, 37.491323], [-119.277537, 37.492261], [-119.277278, 37.493108], [-119.277048, 37.493497], [-119.275985, 37.494504], [-119.275985, 37.495121], [-119.27653, 37.495579], [-119.277148, 37.495769], [-119.278167, 37.496083], [-119.279028, 37.496472], [-119.279775, 37.49709], [-119.280579, 37.497525], [-119.280923, 37.49764], [-119.281584, 37.498005], [-119.281957, 37.498303], [-119.282073, 37.498723], [-119.282411, 37.499941], [-119.28287, 37.500486], [-119.283312, 37.501363], [-119.28464, 37.503994], [-119.284727, 37.504165], [-119.285108, 37.504859], [-119.285549, 37.505666], [-119.285854, 37.506222], [-119.286103, 37.507124], [-119.286156, 37.507889], [-119.286196, 37.508312], [-119.286216, 37.508515], [-119.28634, 37.508937], [-119.286508, 37.509158]]}, "props": {"MTFCC": "S1400", "NAME": null}}, {"geom": {"type": "LineString", "coordinates": [[-119.268345, 37.540756], [-119.267368, 37.539993], [-119.265529, 37.538558], [-119.264553, 37.537596], [-119.264549, 37.537581], [-119.264409, 37.537024], [-119.26441, 37.53636]]}, "props": {"MTFCC": "S1400", "NAME": null}}, {"geom": {"type": "LineString", "coordinates": [[-119.292974, 37.543736], [-119.292837, 37.543546], [-119.292589, 37.543203], [-119.292382, 37.543018], [-119.292208, 37.542863]]}, "props": {"MTFCC": "S1400", "NAME": null}}, {"geom": {"type": "LineString", "coordinates": [[-119.651206, 37.451338], [-119.651061, 37.451443], [-119.650689, 37.451451], [-119.650427, 37.451457], [-119.649062, 37.451079], [-119.648643, 37.450963], [-119.647197, 37.451074], [-119.646791, 37.450834], [-119.646157, 37.450847], [-119.6456, 37.451147], [-119.645466, 37.451421], [-119.645501, 37.452021], [-119.645996, 37.45269], [-119.646705, 37.453419], [-119.64672, 37.453659], [-119.646661, 37.453688], [-119.646132, 37.45396], [-119.646132, 37.454466], [-119.646746, 37.455104], [-119.646988, 37.455113]]}, "props": {"MTFCC": "S1400", "NAME": null}}, {"geom": {"type": "LineString", "coordinates": [[-119.644373, 37.456613], [-119.644562, 37.456623], [-119.644672, 37.456528], [-119.644712, 37.456393], [-119.644796, 37.456394], [-119.644931, 37.456479], [-119.6451, 37.456509], [-119.645275, 37.456437], [-119.64532, 37.456281], [-119.645316, 37.45618], [-119.645314, 37.456125], [-119.645381, 37.456056], [-119.645557, 37.456004]]}, "props": {"MTFCC": "S1740", "NAME": null}}, {"geom": {"type": "LineString", "coordinates": [[-119.63038, 37.39564], [-119.630236, 37.395623], [-119.630197, 37.395623], [-119.630161, 37.395628], [-119.630113, 37.395647], [-119.62997, 37.395721], [-119.629859, 37.395786], [-119.629809, 37.395794], [-119.629763, 37.395796], [-119.629614, 37.395818], [-119.629475, 37.395848], [-119.629385, 37.395873], [-119.629173, 37.395945], [-119.629113, 37.39597], [-119.62906, 37.396001], [-119.629014, 37.396039], [-119.628972, 37.396081], [-119.628936, 37.396125], [-119.628906, 37.396176], [-119.628885, 37.396231], [-119.628856, 37.396344], [-119.628836, 37.396401], [-119.628792, 37.396523], [-119.628569, 37.397056], [-119.62855, 37.397109], [-119.62853, 37.397171], [-119.628501, 37.397224], [-119.628449, 37.397286], [-119.628414, 37.397309], [-119.628374, 37.397323], [-119.628331, 37.397331], [-119.628271, 37.397333], [-119.628054, 37.397313], [-119.628009, 37.397318], [-119.627993, 37.397321], [-119.627966, 37.397335], [-119.627955, 37.397342], [-119.627927, 37.397359], [-119.627888, 37.397397], [-119.627827, 37.397484], [-119.627749, 37.397562], [-119.627572, 37.397706], [-119.627402, 37.397822], [-119.627322, 37.397883], [-119.627277, 37.397928], [-119.627232, 37.397974], [-119.627109, 37.398119], [-119.626975, 37.398242], [-119.626882, 37.398317], [-119.626784, 37.398387], [-119.626681, 37.398452], [-119.626471, 37.398558], [-119.626198, 37.39868], [-119.626114, 37.398713], [-119.626026, 37.398737], [-119.625937, 37.39875], [-119.6258, 37.398759], [-119.625666, 37.398762], [-119.625578, 37.39876], [-119.625471, 37.398745], [-119.625365, 37.398725], [-119.625135, 37.398672], [-119.624947, 37.398648], [-119.624876, 37.398646], [-119.624846, 37.398647], [-119.624805, 37.398649], [-119.624712, 37.398665], [-119.624622, 37.398688], [-119.624537, 37.398717], [-119.624457, 37.398752], [-119.624435, 37.398765], [-119.624382, 37.398794], [-119.624323, 37.398835], [-119.624268, 37.398881], [-119.624218, 37.398932], [-119.624173, 37.398988], [-119.624077, 37.399065]]}, "props": {"MTFCC": "S1400", "NAME": null}}, {"geom": {"type": "LineString", "coordinates": [[-119.645784, 37.39462], [-119.645612, 37.394734], [-119.645325, 37.395031], [-119.64541, 37.396084], [-119.645181, 37.396244], [-119.644234, 37.396244], [-119.644148, 37.396358], [-119.644177, 37.397227], [-119.643976, 37.397456], [-119.643259, 37.397708], [-119.642914, 37.398325], [-119.642813, 37.398411], [-119.642196, 37.398944], [-119.641393, 37.399858], [-119.641164, 37.400315], [-119.641163, 37.401093], [-119.640847, 37.401573], [-119.640216, 37.401894], [-119.639527, 37.402442], [-119.639325, 37.403014], [-119.638981, 37.403495], [-119.638896, 37.404112], [-119.638005, 37.404341], [-119.637833, 37.404524], [-119.637804, 37.405073], [-119.637115, 37.406171], [-119.636798, 37.408207], [-119.636626, 37.40855], [-119.635966, 37.408847], [-119.635249, 37.409488], [-119.634847, 37.41006], [-119.634846, 37.41054], [-119.634889, 37.410572], [-119.634854, 37.410612], [-119.634758, 37.410716], [-119.634301, 37.410769], [-119.6341, 37.410883], [-119.634043, 37.41118], [-119.634157, 37.411341], [-119.634157, 37.411547], [-119.634, 37.41164], [-119.633813, 37.411752], [-119.633698, 37.412278], [-119.633697, 37.412896], [-119.633812, 37.413444], [-119.63407, 37.413742], [-119.634519, 37.413931], [-119.63516, 37.4142], [-119.635848, 37.414818], [-119.636508, 37.415116], [-119.636708, 37.41539], [-119.636737, 37.415574], [-119.636852, 37.415642]]}, "props": {"MTFCC": "S1400", "NAME": null}}, {"geom": {"type": "LineString", "coordinates": [[-119.63688, 37.416191], [-119.637052, 37.416329], [-119.637052, 37.416626], [-119.63731, 37.417358], [-119.637309, 37.417656], [-119.637395, 37.41777], [-119.637424, 37.418045], [-119.63751, 37.418091], [-119.63751, 37.418342], [-119.637768, 37.418754], [-119.638026, 37.418983], [-119.63857, 37.419281], [-119.638943, 37.419578], [-119.640123, 37.421295], [-119.640548, 37.421913], [-119.640978, 37.422988], [-119.64135, 37.424705], [-119.641436, 37.424979], [-119.642325, 37.425368], [-119.642727, 37.425666], [-119.642899, 37.425918], [-119.64353, 37.426238], [-119.643874, 37.426559], [-119.644333, 37.427474], [-119.644648, 37.42784], [-119.644763, 37.428389], [-119.645078, 37.428916], [-119.645164, 37.42919], [-119.645278, 37.430129], [-119.64545, 37.430677], [-119.645937, 37.431593], [-119.645994, 37.432508], [-119.645908, 37.433309], [-119.646251, 37.434316], [-119.646251, 37.434682], [-119.645102, 37.436764], [-119.644844, 37.43745], [-119.644904, 37.437868], [-119.64493, 37.438045], [-119.646225, 37.438985], [-119.648743, 37.439621], [-119.649348, 37.440127], [-119.649922, 37.44086], [-119.650034, 37.441113]]}, "props": {"MTFCC": "S1400", "NAME": null}}, {"geom": {"type": "LineString", "coordinates": [[-119.577121, 37.496842], [-119.577758, 37.49692], [-119.577772, 37.496928], [-119.578217, 37.497195], [-119.579621, 37.497589], [-119.580256, 37.497767], [-119.580141, 37.497881], [-119.579676, 37.497958], [-119.579452, 37.497996], [-119.578648, 37.498041], [-119.578238, 37.498107], [-119.577792, 37.498179], [-119.577168, 37.498282]]}, "props": {"MTFCC": "S1400", "NAME": null}}, {"geom": {"type": "LineString", "coordinates": [[-119.565669, 37.448422], [-119.565919, 37.44837], [-119.566378, 37.44837], [-119.567584, 37.448713], [-119.5681, 37.448667], [-119.568875, 37.448461], [-119.569105, 37.448576], [-119.569478, 37.449559], [-119.569736, 37.449834], [-119.570339, 37.449811], [-119.570626, 37.449742], [-119.571741, 37.449783], [-119.572463, 37.449811], [-119.572922, 37.449879], [-119.573955, 37.449833], [-119.575578, 37.449877], [-119.575718, 37.449795], [-119.576135, 37.449553], [-119.576997, 37.448209], [-119.577686, 37.447659], [-119.578375, 37.44743], [-119.579724, 37.447178], [-119.580978, 37.446718], [-119.581158, 37.446652], [-119.581875, 37.446034], [-119.582794, 37.445714], [-119.583081, 37.445714], [-119.583482, 37.445896], [-119.583396, 37.446194], [-119.582794, 37.446972], [-119.582794, 37.447155], [-119.583253, 37.447429], [-119.584028, 37.447658], [-119.586583, 37.448847], [-119.586784, 37.449007], [-119.586739, 37.449372], [-119.585991, 37.450633], [-119.585613, 37.451273], [-119.585556, 37.451748], [-119.585492, 37.45228], [-119.585608, 37.452463], [-119.585981, 37.452737], [-119.587933, 37.453606], [-119.588537, 37.453515], [-119.589254, 37.453011], [-119.589484, 37.452942], [-119.589914, 37.453125], [-119.590087, 37.453262]]}, "props": {"MTFCC": "S1400", "NAME": null}}, {"geom": {"type": "LineString", "coordinates": [[-119.550536, 37.454708], [-119.549416, 37.454868], [-119.547608, 37.45544], [-119.547034, 37.455508], [-119.546492, 37.455496], [-119.54488, 37.455462], [-119.543934, 37.454501], [-119.543647, 37.454547], [-119.543618, 37.454913], [-119.544019, 37.455508], [-119.544393, 37.455805], [-119.545426, 37.456195], [-119.546833, 37.457133], [-119.546775, 37.458437], [-119.547033, 37.458963], [-119.546947, 37.459398], [-119.546574, 37.459879], [-119.545084, 37.461042], [-119.544737, 37.461228], [-119.544507, 37.461183], [-119.543588, 37.460748], [-119.543157, 37.460725], [-119.541435, 37.461228], [-119.541378, 37.461319], [-119.541443, 37.461475], [-119.541495, 37.4616], [-119.54155, 37.461731], [-119.541663, 37.461973], [-119.541722, 37.462097], [-119.540573, 37.463424], [-119.53997, 37.464317], [-119.539766, 37.464744], [-119.539655, 37.46498], [-119.539482, 37.465552], [-119.53931, 37.465735], [-119.538937, 37.465621], [-119.538908, 37.465049], [-119.539483, 37.463745], [-119.539483, 37.463447], [-119.539339, 37.463173], [-119.538909, 37.462921], [-119.536928, 37.462486], [-119.536412, 37.46228], [-119.535666, 37.461799], [-119.535149, 37.461273], [-119.535207, 37.46038], [-119.535246, 37.460173], [-119.535264, 37.460083], [-119.535121, 37.4599], [-119.534461, 37.459671], [-119.53403, 37.459739], [-119.532853, 37.460174], [-119.532268, 37.460265], [-119.52903, 37.460766], [-119.527398, 37.461019], [-119.52625, 37.461133], [-119.525561, 37.461133], [-119.523753, 37.460835], [-119.519253, 37.460908], [-119.518242, 37.460925], [-119.517984, 37.461016], [-119.517036, 37.461817], [-119.516491, 37.462068], [-119.516433, 37.462206], [-119.51504, 37.462337], [-119.513084, 37.462522], [-119.510901, 37.462067], [-119.510555, 37.461996], [-119.509512, 37.461934], [-119.50929, 37.46192], [-119.509234, 37.461398], [-119.509005, 37.461193], [-119.508244, 37.461055], [-119.508143, 37.461037], [-119.507619, 37.461063], [-119.506932, 37.46052], [-119.50662, 37.460406], [-119.506044, 37.460501], [-119.505765, 37.460732], [-119.505565, 37.461515], [-119.505506, 37.462574], [-119.505376, 37.462942], [-119.505096, 37.463284], [-119.504736, 37.463726], [-119.503772, 37.464534]]}, "props": {"MTFCC": "S1400", "NAME": null}}, {"geom": {"type": "LineString", "coordinates": [[-119.565283, 37.388264], [-119.564967, 37.388127], [-119.563935, 37.38815], [-119.563333, 37.388287], [-119.562643, 37.388608], [-119.562372, 37.388823], [-119.562271, 37.388905], [-119.562013, 37.389271], [-119.561668, 37.390049], [-119.561496, 37.39094], [-119.561525, 37.391581], [-119.561727, 37.391993], [-119.561928, 37.39213], [-119.563247, 37.392176], [-119.563791, 37.392268], [-119.564365, 37.393137], [-119.564566, 37.393846], [-119.565283, 37.394487], [-119.565483, 37.394784], [-119.565658, 37.395412], [-119.565828, 37.39602], [-119.566258, 37.396409], [-119.567032, 37.397896], [-119.56709, 37.398102]]}, "props": {"MTFCC": "S1400", "NAME": null}}, {"geom": {"type": "LineString", "coordinates": [[-119.575662, 37.38117], [-119.575805, 37.381857], [-119.575839, 37.382119], [-119.576222, 37.384994], [-119.57635, 37.385953]]}, "props": {"MTFCC": "S1400", "NAME": null}}, {"geom": {"type": "LineString", "coordinates": [[-119.580592, 37.375656], [-119.580219, 37.37625], [-119.579882, 37.376363], [-119.578184, 37.376937], [-119.577897, 37.377189], [-119.577594, 37.378138], [-119.577525, 37.378356], [-119.577095, 37.379065], [-119.576779, 37.37934], [-119.576659, 37.379405], [-119.576235, 37.379637], [-119.575805, 37.380049], [-119.575779, 37.380158], [-119.575666, 37.380619], [-119.575633, 37.380759], [-119.575662, 37.38117]]}, "props": {"MTFCC": "S1400", "NAME": null}}, {"geom": {"type": "LineString", "coordinates": [[-119.581079, 37.375423], [-119.580964, 37.375354], [-119.580592, 37.375308], [-119.579646, 37.375377], [-119.578728, 37.375564], [-119.577631, 37.375578], [-119.576979, 37.375587], [-119.576062, 37.375793], [-119.573855, 37.376617], [-119.572966, 37.377235], [-119.572479, 37.37799], [-119.57202, 37.378494], [-119.570242, 37.379546], [-119.569583, 37.380736], [-119.569314, 37.381078], [-119.56901, 37.381468], [-119.568952, 37.381697], [-119.568178, 37.382979], [-119.567261, 37.383551], [-119.567175, 37.383711]]}, "props": {"MTFCC": "S1400", "NAME": null}}, {"geom": {"type": "LineString", "coordinates": [[-119.504971, 37.377559], [-119.505065, 37.377297], [-119.505492, 37.376244], [-119.505502, 37.375999], [-119.505572, 37.375925], [-119.505594, 37.375903], [-119.505585, 37.37537], [-119.505892, 37.373228], [-119.506341, 37.372468], [-119.507105, 37.371582], [-119.507437, 37.371199], [-119.507738, 37.370851], [-119.508491, 37.369789], [-119.508864, 37.369195], [-119.509143, 37.368685], [-119.510184, 37.366793], [-119.510242, 37.366267], [-119.509898, 37.36574], [-119.509496, 37.365394], [-119.508524, 37.364558], [-119.508355, 37.364506], [-119.507846, 37.364324], [-119.507599, 37.364192], [-119.5074265, 37.3641]]}, "props": {"MTFCC": "S1500", "NAME": null}}, {"geom": {"type": "LineString", "coordinates": [[-119.555549, 37.421609], [-119.555591, 37.421923], [-119.555717, 37.422865], [-119.55576, 37.423179]]}, "props": {"MTFCC": "S1400", "NAME": null}}, {"geom": {"type": "LineString", "coordinates": [[-119.615396, 37.470222], [-119.614849, 37.47092], [-119.61483, 37.472235], [-119.614756, 37.47242], [-119.613552, 37.472846], [-119.612718, 37.473124], [-119.6127, 37.473884], [-119.61307, 37.474606], [-119.613404, 37.474754], [-119.614249, 37.474744], [-119.614568, 37.475216], [-119.614385, 37.476403], [-119.614478, 37.476588], [-119.615328, 37.477179]]}, "props": {"MTFCC": "S1400", "NAME": null}}, {"geom": {"type": "LineString", "coordinates": [[-119.404654, 37.464866], [-119.40497, 37.464798], [-119.405928, 37.464153], [-119.408645, 37.462327], [-119.409689, 37.461814], [-119.409995, 37.461664], [-119.411114, 37.461458], [-119.411746, 37.46171], [-119.411918, 37.461939], [-119.411922, 37.461962], [-119.412262, 37.463609], [-119.412491, 37.463884], [-119.413209, 37.464296], [-119.413286, 37.464366], [-119.413722, 37.464766], [-119.413783, 37.464822], [-119.414099, 37.464845], [-119.414311, 37.46493], [-119.414315, 37.465459], [-119.414237, 37.465569], [-119.414305, 37.466208], [-119.414564, 37.466648], [-119.414625, 37.466703], [-119.414903, 37.466954], [-119.415118, 37.467636], [-119.415514, 37.467852], [-119.41675, 37.467542], [-119.419937, 37.467568], [-119.420315, 37.467508], [-119.42099, 37.467402], [-119.422359, 37.466939]]}, "props": {"MTFCC": "S1400", "NAME": null}}, {"geom": {"type": "LineString", "coordinates": [[-119.417055, 37.470795], [-119.4176, 37.471505], [-119.417773, 37.472008], [-119.417686, 37.472809], [-119.417514, 37.473061], [-119.416394, 37.473861], [-119.415824, 37.474575], [-119.415791, 37.474617], [-119.415274, 37.475623], [-119.41447, 37.476447], [-119.414269, 37.476996], [-119.414039, 37.47933], [-119.41424, 37.479673], [-119.415072, 37.480108], [-119.415359, 37.48052], [-119.415359, 37.481046], [-119.415847, 37.481687], [-119.416076, 37.482397], [-119.416019, 37.484708], [-119.415645, 37.4856], [-119.414812, 37.486515], [-119.414516, 37.487242], [-119.414496, 37.487293], [-119.414668, 37.488048], [-119.414812, 37.4883], [-119.415357, 37.488643], [-119.416649, 37.489101], [-119.417359, 37.489057], [-119.418339, 37.488978]]}, "props": {"MTFCC": "S1400", "NAME": null}}, {"geom": {"type": "LineString", "coordinates": [[-119.414308, 37.429928], [-119.414253, 37.430154], [-119.414239, 37.430553], [-119.41423, 37.430813], [-119.414637, 37.431335], [-119.414611, 37.431653], [-119.414384, 37.431834], [-119.414033, 37.431938], [-119.413559, 37.43208], [-119.413449, 37.432162], [-119.412611, 37.432789], [-119.41149, 37.432951], [-119.410593, 37.433295], [-119.409938, 37.433548], [-119.409765, 37.433845], [-119.409449, 37.434121], [-119.408903, 37.434374], [-119.408528, 37.434671], [-119.408298, 37.434992], [-119.408323, 37.43678], [-119.408695, 37.437445], [-119.409038, 37.437811], [-119.409064, 37.438866], [-119.408859, 37.440928], [-119.408944, 37.441204], [-119.409831, 37.441983], [-119.410518, 37.442786], [-119.410889, 37.443519], [-119.410976, 37.443542], [-119.411425, 37.445032], [-119.411925, 37.445844], [-119.4121, 37.446512], [-119.412287, 37.447222], [-119.412491, 37.447538], [-119.413305, 37.448122], [-119.413424, 37.44837], [-119.413374, 37.449071], [-119.412847, 37.450357], [-119.412866, 37.45108], [-119.412901, 37.452435], [-119.412796, 37.452583], [-119.412169, 37.453472], [-119.412028, 37.453561], [-119.411353, 37.454712], [-119.411284, 37.454978], [-119.41119, 37.455344], [-119.410156, 37.457532], [-119.409873, 37.45782]]}, "props": {"MTFCC": "S1400", "NAME": null}}, {"geom": {"type": "LineString", "coordinates": [[-119.408503, 37.459833], [-119.409152, 37.459948], [-119.409278, 37.459971], [-119.409565, 37.460177], [-119.409794, 37.460611], [-119.410735, 37.460966], [-119.410827, 37.461001], [-119.411086, 37.461275], [-119.411114, 37.461458]]}, "props": {"MTFCC": "S1400", "NAME": null}}, {"geom": {"type": "LineString", "coordinates": [[-119.615396, 37.470222], [-119.614849, 37.47092], [-119.61483, 37.472235], [-119.614756, 37.47242], [-119.613552, 37.472846], [-119.612718, 37.473124], [-119.6127, 37.473884], [-119.61307, 37.474606], [-119.613404, 37.474754], [-119.614249, 37.474744], [-119.614568, 37.475216], [-119.614385, 37.476403], [-119.614478, 37.476588], [-119.615328, 37.477179]]}, "props": {"MTFCC": "S1400", "NAME": null}}, {"geom": {"type": "LineString", "coordinates": [[-119.69192, 37.399793], [-119.691791, 37.399879], [-119.691406, 37.400136], [-119.691278, 37.400223]]}, "props": {"MTFCC": "S1740", "NAME": null}}, {"geom": {"type": "LineString", "coordinates": [[-119.724974, 37.370355], [-119.725099, 37.37041], [-119.725167, 37.370441], [-119.725421, 37.370661], [-119.725485, 37.370717], [-119.725492, 37.370769]]}, "props": {"MTFCC": "S1740", "NAME": null}}, {"geom": {"type": "LineString", "coordinates": [[-119.697909, 37.3641], [-119.697936, 37.364126], [-119.698028, 37.364196], [-119.698105, 37.364243], [-119.698254, 37.364305], [-119.698349, 37.364351], [-119.698422, 37.364396], [-119.698491, 37.364446], [-119.698528, 37.364484], [-119.698553, 37.364525], [-119.698609, 37.36466], [-119.698638, 37.364766], [-119.698643, 37.364787], [-119.698671, 37.364921], [-119.698693, 37.365025], [-119.698718, 37.365086], [-119.698765, 37.365168], [-119.698828, 37.365243], [-119.698911, 37.365312], [-119.698975, 37.365352], [-119.699052, 37.365387], [-119.699258, 37.365513], [-119.699396, 37.36562], [-119.699468, 37.365698], [-119.699917, 37.36618], [-119.700114, 37.366432], [-119.700157, 37.366506]]}, "props": {"MTFCC": "S1400", "NAME": null}}, {"geom": {"type": "LineString", "coordinates": [[-119.385941, 37.411637], [-119.386312, 37.411869], [-119.386682, 37.412424], [-119.386937, 37.413185], [-119.387126, 37.413436], [-119.387164, 37.413486], [-119.387679, 37.413803], [-119.388221, 37.414136], [-119.388478, 37.414483], [-119.388731, 37.415615], [-119.389159, 37.416008], [-119.390302, 37.416338], [-119.390703, 37.416592], [-119.390874, 37.4168], [-119.39067, 37.417377], [-119.390276, 37.417886], [-119.390151, 37.418048], [-119.389919, 37.418441], [-119.389883, 37.419872], [-119.38983, 37.41999]]}, "props": {"MTFCC": "S1400", "NAME": null}}, {"geom": {"type": "LineString", "coordinates": [[-119.726883, 37.370666], [-119.726857, 37.370741], [-119.726851, 37.370759], [-119.726773, 37.37095], [-119.726766, 37.370962], [-119.726731, 37.371034]]}, "props": {"MTFCC": "S1740", "NAME": null}}, {"geom": {"type": "MultiLineString", "coordinates": [[[-119.378666, 37.365376], [-119.378322, 37.365193], [-119.37732, 37.36492], [-119.376977, 37.364578], [-119.376464, 37.364327], [-119.375967, 37.364372], [-119.375588, 37.36437], [-119.375451, 37.364257], [-119.37542753092784, 37.3641]], [[-119.37395399432891, 37.3641], [-119.372967, 37.364556], [-119.372337, 37.364511], [-119.371334, 37.364148], [-119.370646, 37.364287], [-119.370187, 37.364243], [-119.36988414814815, 37.3641]], [[-119.36916354347827, 37.3641], [-119.369157, 37.364107], [-119.369243, 37.364451], [-119.369617, 37.364933], [-119.370621, 37.365506], [-119.370881, 37.365828], [-119.371111, 37.366469], [-119.370998, 37.367502], [-119.370712, 37.367915], [-119.37129, 37.370277], [-119.371519, 37.370598], [-119.371893, 37.370942], [-119.373079, 37.371348], [-119.373904, 37.371631], [-119.374363, 37.372044], [-119.374825, 37.372962], [-119.375992, 37.373939], [-119.376472, 37.374342], [-119.377022, 37.375011], [-119.377622, 37.376373]]]}, "props": {"MTFCC": "S1400", "NAME": null}}, {"geom": {"type": "LineString", "coordinates": [[-119.451085, 37.523692], [-119.451516, 37.523486], [-119.451631, 37.52328], [-119.451543, 37.522914], [-119.452176, 37.522502], [-119.452606, 37.521655], [-119.452577, 37.521152], [-119.451428, 37.519275], [-119.45048, 37.518063], [-119.450336, 37.51669], [-119.450336, 37.515935], [-119.450134, 37.51534], [-119.449646, 37.51447], [-119.449513, 37.514369], [-119.448353, 37.513487], [-119.447922, 37.512983], [-119.447778, 37.512388], [-119.447777, 37.510032], [-119.448754, 37.507629], [-119.449299, 37.506782], [-119.449558, 37.506119], [-119.4495, 37.505615], [-119.449241, 37.505067], [-119.446742, 37.503008], [-119.444789, 37.502413], [-119.443956, 37.502207], [-119.443295, 37.502253], [-119.44252, 37.502413], [-119.441773, 37.502688], [-119.440595, 37.503374], [-119.439935, 37.503534], [-119.437465, 37.503603], [-119.43689, 37.503466], [-119.435569, 37.502688], [-119.435253, 37.502207], [-119.435052, 37.501727], [-119.435282, 37.500834], [-119.435799, 37.500373], [-119.436488, 37.499939], [-119.436896, 37.499453], [-119.437356, 37.498986], [-119.438217, 37.498346], [-119.439308, 37.497682], [-119.439478, 37.497594], [-119.44195, 37.496332], [-119.442438, 37.495851], [-119.44307, 37.495508], [-119.443846, 37.49537], [-119.444334, 37.495531], [-119.444707, 37.495897], [-119.445195, 37.496125], [-119.44531, 37.496057], [-119.445339, 37.495851], [-119.444937, 37.49505], [-119.44485, 37.494112], [-119.444506, 37.492945], [-119.444706, 37.491938]]}, "props": {"MTFCC": "S1400", "NAME": null}}, {"geom": {"type": "LineString", "coordinates": [[-119.451649, 37.460806], [-119.450986, 37.460591], [-119.450842, 37.460454], [-119.450809, 37.460423], [-119.45095, 37.460059], [-119.451056, 37.459723], [-119.450633, 37.459611], [-119.450386, 37.459807], [-119.450139, 37.460031], [-119.449821, 37.460059], [-119.449539, 37.459947], [-119.449427, 37.459795], [-119.449292, 37.459611], [-119.449081, 37.459191], [-119.449081, 37.458995]]}, "props": {"MTFCC": "S1400", "NAME": null}}, {"geom": {"type": "LineString", "coordinates": [[-119.462282, 37.451825], [-119.461917, 37.451366], [-119.461633, 37.451188], [-119.461137, 37.451188], [-119.460733, 37.451114], [-119.460337, 37.450783], [-119.460144, 37.450622], [-119.460051, 37.450302]]}, "props": {"MTFCC": "S1400", "NAME": null}}, {"geom": {"type": "LineString", "coordinates": [[-119.298446, 37.47826], [-119.29866, 37.479068], [-119.298723, 37.479291], [-119.29886, 37.479769], [-119.299023, 37.480663], [-119.299324, 37.481274], [-119.299381, 37.481847], [-119.299312, 37.482384], [-119.299307, 37.482428], [-119.299011, 37.482955], [-119.298736, 37.483272]]}, "props": {"MTFCC": "S1400", "NAME": null}}, {"geom": {"type": "LineString", "coordinates": [[-119.338404, 37.418062], [-119.338395, 37.417458], [-119.338352, 37.416979], [-119.338341, 37.416855], [-119.338016, 37.416511], [-119.337148, 37.416209], [-119.335955, 37.416123], [-119.335416, 37.416173], [-119.335034, 37.416209], [-119.334383, 37.416468]]}, "props": {"MTFCC": "S1400", "NAME": null}}, {"geom": {"type": "LineString", "coordinates": [[-119.731276, 37.40481], [-119.731204, 37.404712], [-119.731144, 37.404621], [-119.730969, 37.404354], [-119.730949, 37.404308], [-119.730897, 37.404169], [-119.730856, 37.404027], [-119.730851, 37.404002], [-119.730806, 37.403777]]}, "props": {"MTFCC": "S1400", "NAME": null}}, {"geom": {"type": "LineString", "coordinates": [[-119.061482, 37.656991], [-119.061473, 37.656969], [-119.061449, 37.656907], [-119.061441, 37.656886], [-119.061251, 37.656396], [-119.06118, 37.656315], [-119.060791, 37.65587], [-119.060273, 37.65555], [-119.059783, 37.655389], [-119.059651, 37.655265], [-119.059467, 37.655092], [-119.059265, 37.654772]]}, "props": {"MTFCC": "S1400", "NAME": null}}, {"geom": {"type": "LineString", "coordinates": [[-119.611178, 37.37488], [-119.611229, 37.375045], [-119.611291, 37.37522], [-119.611294, 37.375231], [-119.611349, 37.375429], [-119.611354, 37.375447], [-119.611371, 37.375543], [-119.61137, 37.375702], [-119.611338, 37.375998], [-119.611295, 37.376287], [-119.611298, 37.376349], [-119.611306, 37.376393], [-119.61134, 37.376495], [-119.611414, 37.376668], [-119.611533, 37.376996], [-119.611563, 37.377102], [-119.611599, 37.377223], [-119.61163, 37.377401], [-119.611641, 37.377497], [-119.611642, 37.37767]]}, "props": {"MTFCC": "S1400", "NAME": null}}, {"geom": {"type": "LineString", "coordinates": [[-119.619334, 37.395287], [-119.619654, 37.395116], [-119.620009, 37.394982], [-119.620512, 37.394843], [-119.620911, 37.394734], [-119.621246, 37.394494], [-119.621312, 37.394245], [-119.621295, 37.393812], [-119.621331, 37.393615], [-119.621457, 37.393334], [-119.621727, 37.393173], [-119.621867, 37.393055], [-119.621867, 37.392973], [-119.621867, 37.39285], [-119.621762, 37.392711], [-119.621499, 37.392668], [-119.620871, 37.392675], [-119.620517, 37.392679], [-119.620289, 37.392687], [-119.620135, 37.39256], [-119.620297, 37.392106]]}, "props": {"MTFCC": "S1400", "NAME": null}}, {"geom": {"type": "LineString", "coordinates": [[-119.617023, 37.403407], [-119.616624, 37.403388], [-119.616099, 37.403026]]}, "props": {"MTFCC": "S1400", "NAME": null}}, {"geom": {"type": "LineString", "coordinates": [[-119.619587, 37.400349], [-119.61947, 37.400356], [-119.619351, 37.400365], [-119.619183, 37.400415], [-119.619132, 37.40044], [-119.619027, 37.400492]]}, "props": {"MTFCC": "S1400", "NAME": null}}, {"geom": {"type": "LineString", "coordinates": [[-119.622454, 37.403458], [-119.622427, 37.403966], [-119.622412, 37.404193], [-119.622399, 37.404381], [-119.622379, 37.40469], [-119.622348, 37.405051], [-119.622296, 37.405342], [-119.622261, 37.405552], [-119.622235, 37.405681], [-119.622208, 37.405767], [-119.622175, 37.405853], [-119.622099, 37.406024], [-119.622036, 37.406142], [-119.621928, 37.406317], [-119.621753, 37.406604], [-119.621597, 37.406817], [-119.621525, 37.406933]]}, "props": {"MTFCC": "S1400", "NAME": null}}, {"geom": {"type": "LineString", "coordinates": [[-119.622454, 37.403458], [-119.622427, 37.403966], [-119.622412, 37.404193], [-119.622399, 37.404381], [-119.622379, 37.40469], [-119.622348, 37.405051], [-119.622296, 37.405342], [-119.622261, 37.405552], [-119.622235, 37.405681], [-119.622208, 37.405767], [-119.622175, 37.405853], [-119.622099, 37.406024], [-119.622036, 37.406142], [-119.621928, 37.406317], [-119.621753, 37.406604], [-119.621597, 37.406817], [-119.621525, 37.406933]]}, "props": {"MTFCC": "S1400", "NAME": null}}, {"geom": {"type": "LineString", "coordinates": [[-119.627955, 37.397342], [-119.627045, 37.395725], [-119.626933, 37.395534], [-119.626273, 37.394405], [-119.626259, 37.39438], [-119.625261, 37.393176], [-119.625078, 37.393005], [-119.624871, 37.392812], [-119.624303, 37.392558], [-119.623876, 37.392538], [-119.623558, 37.392633], [-119.623376, 37.393053], [-119.623368, 37.393829], [-119.623366, 37.394007], [-119.623343, 37.396083]]}, "props": {"MTFCC": "S1400", "NAME": null}}, {"geom": {"type": "LineString", "coordinates": [[-119.733894, 37.39611], [-119.733764, 37.396006], [-119.733694, 37.395951], [-119.733407, 37.395996], [-119.733316, 37.396071], [-119.733189, 37.396177], [-119.73293, 37.396268], [-119.732862, 37.396293], [-119.732604, 37.39627], [-119.73226, 37.396156], [-119.73226, 37.396028], [-119.73226, 37.395951], [-119.732374, 37.395791]]}, "props": {"MTFCC": "S1740", "NAME": null}}, {"geom": {"type": "LineString", "coordinates": [[-119.514315, 37.400815], [-119.515319, 37.402029], [-119.515577, 37.402189], [-119.516552, 37.402441], [-119.51833, 37.402716], [-119.518642, 37.402708], [-119.519305, 37.402694], [-119.520309, 37.402419], [-119.52094, 37.402694], [-119.522747, 37.402283], [-119.523149, 37.402352], [-119.52355, 37.402535], [-119.524095, 37.40297], [-119.525012, 37.403382], [-119.525786, 37.404137], [-119.526302, 37.404664], [-119.527019, 37.405007], [-119.527852, 37.405099], [-119.528253, 37.405214], [-119.528827, 37.405191], [-119.529057, 37.405076], [-119.529286, 37.404665], [-119.52943, 37.403566], [-119.529774, 37.403292], [-119.531211, 37.402956], [-119.531438, 37.402903], [-119.532499, 37.40256], [-119.532958, 37.402583], [-119.534306, 37.402904], [-119.534622, 37.40311], [-119.534851, 37.403568], [-119.53531, 37.403797], [-119.535711, 37.403774]]}, "props": {"MTFCC": "S1400", "NAME": null}}, {"geom": {"type": "LineString", "coordinates": [[-119.498656, 37.41449], [-119.498616, 37.414604], [-119.498501, 37.414934], [-119.498496, 37.414947], [-119.498456, 37.415062]]}, "props": {"MTFCC": "S1400", "NAME": null}}, {"geom": {"type": "LineString", "coordinates": [[-119.366315, 37.419533], [-119.366256, 37.419512], [-119.366087, 37.419479], [-119.365936, 37.419468], [-119.365632, 37.419465], [-119.364991, 37.419422], [-119.364975, 37.419421], [-119.364936, 37.419418], [-119.364855, 37.419414], [-119.364794, 37.419411], [-119.364772, 37.419411], [-119.36474, 37.419415], [-119.364719, 37.419418], [-119.364683, 37.419428], [-119.364641, 37.419455], [-119.364595, 37.419499], [-119.36457, 37.419527], [-119.36451, 37.419598], [-119.364444, 37.419647], [-119.364319, 37.419715], [-119.364242, 37.419741], [-119.364145, 37.419748], [-119.364074, 37.419741], [-119.364056, 37.41974], [-119.363984, 37.419726], [-119.363893, 37.419693]]}, "props": {"MTFCC": "S1400", "NAME": null}}, {"geom": {"type": "LineString", "coordinates": [[-119.725721, 37.366067], [-119.725448, 37.366105], [-119.724938, 37.366178], [-119.724653, 37.366055], [-119.724596, 37.36603], [-119.724384, 37.366031]]}, "props": {"MTFCC": "S1400", "NAME": null}}, {"geom": {"type": "LineString", "coordinates": [[-119.712181, 37.368269], [-119.712203, 37.368404], [-119.712271, 37.368812], [-119.712294, 37.368948]]}, "props": {"MTFCC": "S1740", "NAME": null}}, {"geom": {"type": "LineString", "coordinates": [[-119.714781, 37.376894], [-119.714795, 37.376916], [-119.71484, 37.376973], [-119.714891, 37.377026], [-119.715006, 37.377124], [-119.715087, 37.377182], [-119.715272, 37.377297], [-119.715374, 37.377355], [-119.715475, 37.377392]]}, "props": {"MTFCC": "S1400", "NAME": null}}, {"geom": {"type": "LineString", "coordinates": [[-119.7132, 37.392109], [-119.713102, 37.392029], [-119.713076, 37.392014], [-119.712785, 37.391848], [-119.712236, 37.391536], [-119.712109, 37.39145], [-119.712036, 37.391408], [-119.711929, 37.391362], [-119.711851, 37.391339], [-119.711786, 37.391328], [-119.711693, 37.391325], [-119.711504, 37.391335], [-119.711449, 37.391344], [-119.711417, 37.39135], [-119.711351, 37.391374], [-119.711232, 37.391439], [-119.711034, 37.391595], [-119.710948, 37.391412], [-119.710819, 37.391137], [-119.710746, 37.390843], [-119.710698, 37.390647], [-119.710668, 37.390551], [-119.710578, 37.390266], [-119.710549, 37.390171]]}, "props": {"MTFCC": "S1400", "NAME": null}}, {"geom": {"type": "LineString", "coordinates": [[-119.477728, 37.44914], [-119.477722, 37.448937], [-119.477713, 37.448632], [-119.477716, 37.448553], [-119.477735, 37.448044]]}, "props": {"MTFCC": "S1400", "NAME": null}}, {"geom": {"type": "LineString", "coordinates": [[-119.612514, 37.367347], [-119.612739, 37.367271], [-119.613106, 37.367099], [-119.613228, 37.367014]]}, "props": {"MTFCC": "S1400", "NAME": null}}, {"geom": {"type": "LineString", "coordinates": [[-119.368855, 37.414993], [-119.368816, 37.415044], [-119.368742, 37.41512], [-119.368391, 37.41549], [-119.368274, 37.415614]]}, "props": {"MTFCC": "S1400", "NAME": null}}, {"geom": {"type": "LineString", "coordinates": [[-119.617439, 37.375745], [-119.617654, 37.3755], [-119.617665, 37.375491], [-119.617737, 37.375439], [-119.617784, 37.375418], [-119.617828, 37.375411], [-119.618382, 37.375428], [-119.618548, 37.375422], [-119.618659, 37.375396], [-119.618729, 37.375381], [-119.618878, 37.375315], [-119.618972, 37.375266]]}, "props": {"MTFCC": "S1400", "NAME": null}}, {"geom": {"type": "LineString", "coordinates": [[-119.663376, 37.371358], [-119.663934, 37.370794], [-119.664767, 37.369953], [-119.665245, 37.36947], [-119.665602, 37.369096], [-119.666116, 37.36856], [-119.666109, 37.36851]]}, "props": {"MTFCC": "S1740", "NAME": null}}, {"geom": {"type": "LineString", "coordinates": [[-119.666109, 37.36851], [-119.666414, 37.368431], [-119.667328, 37.368196], [-119.667634, 37.368118]]}, "props": {"MTFCC": "S1740", "NAME": null}}, {"geom": {"type": "LineString", "coordinates": [[-119.609857, 37.377869], [-119.6097, 37.378015], [-119.609229, 37.378454], [-119.609073, 37.378601]]}, "props": {"MTFCC": "S1400", "NAME": null}}, {"geom": {"type": "LineString", "coordinates": [[-119.608438, 37.383931], [-119.607873, 37.384007], [-119.607444, 37.38374], [-119.606831, 37.383472], [-119.605819, 37.383691]]}, "props": {"MTFCC": "S1400", "NAME": null}}, {"geom": {"type": "LineString", "coordinates": [[-119.693118, 37.382752], [-119.692745, 37.382866], [-119.691372, 37.382889], [-119.690686, 37.383394], [-119.690169, 37.383577], [-119.689868, 37.38356], [-119.689739, 37.383554], [-119.689253, 37.383233], [-119.689311, 37.38273], [-119.689628, 37.382229], [-119.689743, 37.381725], [-119.68963, 37.381452], [-119.68963, 37.380788], [-119.690321, 37.379667], [-119.690177, 37.379484], [-119.689491, 37.379554], [-119.689291, 37.379485], [-119.689091, 37.379188], [-119.687975, 37.379212], [-119.687402, 37.379738], [-119.687145, 37.379851], [-119.686517, 37.380974], [-119.686488, 37.381295], [-119.686237, 37.381742], [-119.68586, 37.382416], [-119.684716, 37.383513], [-119.683944, 37.384132], [-119.683915, 37.384246]]}, "props": {"MTFCC": "S1400", "NAME": null}}, {"geom": {"type": "LineString", "coordinates": [[-119.700114, 37.366432], [-119.699975, 37.366482], [-119.699538, 37.366584], [-119.699496, 37.366595], [-119.699165, 37.366667], [-119.699079, 37.366691], [-119.699008, 37.366729], [-119.69894, 37.366782], [-119.698883, 37.366847], [-119.69886, 37.366887], [-119.698759, 37.367076], [-119.698468, 37.367728], [-119.698431, 37.367807], [-119.698232, 37.368235], [-119.698183, 37.368349], [-119.698165, 37.368575], [-119.698175, 37.368685], [-119.698202, 37.368795], [-119.698218, 37.368837], [-119.698272, 37.368924], [-119.698332, 37.368995], [-119.698381, 37.369052], [-119.698581, 37.369247], [-119.698616, 37.369298], [-119.698639, 37.369354], [-119.698648, 37.369413], [-119.698637, 37.369468], [-119.698609, 37.369535], [-119.698576, 37.369586], [-119.698483, 37.369678], [-119.698342, 37.369793], [-119.69814, 37.36992], [-119.697967, 37.37001], [-119.697792, 37.370086], [-119.697553, 37.370174], [-119.697402, 37.370221], [-119.697251, 37.370269], [-119.696914, 37.370354], [-119.696731, 37.370379]]}, "props": {"MTFCC": "S1400", "NAME": null}}, {"geom": {"type": "LineString", "coordinates": [[-119.707236, 37.36546], [-119.707224, 37.365742], [-119.707309, 37.365998], [-119.707343, 37.366186], [-119.70748, 37.366476], [-119.707718, 37.366766], [-119.707906, 37.366971], [-119.708145, 37.367124], [-119.708418, 37.367329], [-119.708623, 37.367483], [-119.708691, 37.367653], [-119.708759, 37.367773], [-119.70893, 37.367944], [-119.709067, 37.368131], [-119.709203, 37.368353], [-119.709322, 37.368455], [-119.709527, 37.368524], [-119.709561, 37.368626], [-119.709527, 37.36878], [-119.709254, 37.368916], [-119.708998, 37.369087], [-119.708674, 37.369292], [-119.708299, 37.369377], [-119.707957, 37.369411], [-119.707616, 37.369411], [-119.707241, 37.369531], [-119.707002, 37.369616], [-119.706951, 37.369769], [-119.706899, 37.369957], [-119.706712, 37.370042], [-119.706507, 37.370128], [-119.705824, 37.370162], [-119.705723, 37.370153], [-119.705432, 37.370128], [-119.704954, 37.369991], [-119.704545, 37.370025], [-119.704165, 37.37008], [-119.70393, 37.370111], [-119.703214, 37.370162], [-119.702658, 37.370132], [-119.702582, 37.370128]]}, "props": {"MTFCC": "S1400", "NAME": null}}, {"geom": {"type": "LineString", "coordinates": [[-119.059265, 37.654772], [-119.059375, 37.654729], [-119.059676, 37.654557], [-119.059789, 37.654494], [-119.06041, 37.6543], [-119.060939, 37.654243], [-119.061021, 37.654243], [-119.061357, 37.654243], [-119.061367, 37.654372]]}, "props": {"MTFCC": "S1400", "NAME": null}}, {"geom": {"type": "LineString", "coordinates": [[-119.076353, 37.627255], [-119.076282, 37.627331], [-119.07607, 37.627559], [-119.076, 37.627636]]}, "props": {"MTFCC": "S1400", "NAME": null}}, {"geom": {"type": "LineString", "coordinates": [[-119.716775, 37.416186], [-119.717159, 37.416157]]}, "props": {"MTFCC": "S1740", "NAME": null}}, {"geom": {"type": "LineString", "coordinates": [[-119.734205, 37.406163], [-119.734071, 37.406129], [-119.733738, 37.406067], [-119.733496, 37.406], [-119.733436, 37.405975], [-119.733358, 37.405924], [-119.733301, 37.405874], [-119.733273, 37.405849], [-119.733222, 37.405795], [-119.733129, 37.405654], [-119.732968, 37.405399], [-119.732899, 37.40533], [-119.732806, 37.405263], [-119.732691, 37.405203], [-119.732634, 37.405187], [-119.732577, 37.405184], [-119.732498, 37.405193], [-119.732421, 37.405211], [-119.732328, 37.40525], [-119.732243, 37.4053], [-119.73218, 37.405348], [-119.73209, 37.405444], [-119.731862, 37.405703], [-119.731738, 37.405872], [-119.731685, 37.405963], [-119.7316, 37.406154], [-119.731529, 37.406266], [-119.731505, 37.406291], [-119.731448, 37.406331], [-119.731335, 37.406391], [-119.731299, 37.406408], [-119.731268, 37.406423], [-119.731014, 37.406509], [-119.730387, 37.406711], [-119.730242, 37.406774], [-119.730184, 37.406817], [-119.730152, 37.406855], [-119.730138, 37.406886], [-119.730119, 37.407033], [-119.730118, 37.407123], [-119.730144, 37.407262], [-119.73014, 37.407339], [-119.730123, 37.407377], [-119.730081, 37.407423], [-119.729979, 37.407475], [-119.729893, 37.407542], [-119.729844, 37.407596], [-119.729811, 37.407647], [-119.729647, 37.407996], [-119.729547, 37.408322], [-119.729455, 37.408601], [-119.729417, 37.408754], [-119.72939, 37.408819], [-119.729329, 37.4089], [-119.729287, 37.408939], [-119.72925, 37.408957], [-119.729222, 37.40897], [-119.729132, 37.408991], [-119.729051, 37.408999], [-119.728988, 37.408998], [-119.728751, 37.408978], [-119.728686, 37.408979], [-119.728594, 37.408997], [-119.728516, 37.409023], [-119.728485, 37.409037], [-119.728425, 37.409081], [-119.728354, 37.409142], [-119.728297, 37.409177], [-119.728189, 37.409245], [-119.728034, 37.409331], [-119.727902, 37.409398], [-119.727742, 37.409468], [-119.727686, 37.409493], [-119.727497, 37.409575]]}, "props": {"MTFCC": "S1400", "NAME": null}}, {"geom": {"type": "LineString", "coordinates": [[-119.732656, 37.411104], [-119.732414, 37.4111], [-119.731689, 37.411089], [-119.731448, 37.411086]]}, "props": {"MTFCC": "S1740", "NAME": null}}, {"geom": {"type": "LineString", "coordinates": [[-119.721331, 37.41454], [-119.721437, 37.414583], [-119.721587, 37.414645], [-119.721759, 37.414713], [-119.721867, 37.414756]]}, "props": {"MTFCC": "S1740", "NAME": null}}, {"geom": {"type": "LineString", "coordinates": [[-119.724645, 37.412314], [-119.724525, 37.412432], [-119.724496, 37.412462], [-119.724224, 37.412618], [-119.724078, 37.412656], [-119.723916, 37.412699]]}, "props": {"MTFCC": "S1740", "NAME": null}}, {"geom": {"type": "LineString", "coordinates": [[-119.532268, 37.460265], [-119.52903, 37.460766], [-119.527398, 37.461019], [-119.52625, 37.461133], [-119.525561, 37.461133], [-119.523753, 37.460835], [-119.519253, 37.460908], [-119.518242, 37.460925], [-119.517984, 37.461016], [-119.517036, 37.461817], [-119.516491, 37.462068], [-119.516433, 37.462206], [-119.51504, 37.462337], [-119.513084, 37.462522], [-119.510901, 37.462067], [-119.510555, 37.461996], [-119.509512, 37.461934], [-119.50929, 37.46192], [-119.509234, 37.461398], [-119.509005, 37.461193], [-119.508244, 37.461055], [-119.508143, 37.461037], [-119.507619, 37.461063], [-119.506932, 37.46052], [-119.50662, 37.460406], [-119.506044, 37.460501], [-119.505765, 37.460732], [-119.505565, 37.461515], [-119.505506, 37.462574], [-119.505376, 37.462942], [-119.505096, 37.463284], [-119.504736, 37.463726], [-119.503772, 37.464534], [-119.504575, 37.466274], [-119.504976, 37.46664], [-119.505493, 37.466869], [-119.505981, 37.466961], [-119.507129, 37.466778], [-119.507875, 37.466962], [-119.508162, 37.467099], [-119.508995, 37.467214], [-119.509052, 37.467809], [-119.508133, 37.468197], [-119.507616, 37.468586], [-119.507156, 37.469089], [-119.506927, 37.468998], [-119.506841, 37.467831], [-119.506152, 37.467807], [-119.505233, 37.468173], [-119.504171, 37.468173], [-119.503167, 37.468012], [-119.500976, 37.468055], [-119.500841, 37.468057], [-119.498875, 37.4681], [-119.489976, 37.468791], [-119.48923, 37.468791], [-119.488857, 37.468586], [-119.488885, 37.468311], [-119.489459, 37.467647], [-119.489459, 37.467373], [-119.489373, 37.467327], [-119.488999, 37.467396], [-119.488225, 37.467968], [-119.487622, 37.468197], [-119.487393, 37.468403], [-119.486446, 37.46996], [-119.485844, 37.470509], [-119.485356, 37.470761], [-119.481939, 37.471563], [-119.480103, 37.472525], [-119.474793, 37.474335], [-119.474247, 37.474678], [-119.473674, 37.475617], [-119.472842, 37.476555], [-119.472038, 37.477173], [-119.470833, 37.477608], [-119.469828, 37.477837], [-119.468794, 37.478295], [-119.468047, 37.47889], [-119.467646, 37.479394], [-119.467359, 37.4796], [-119.466957, 37.479742], [-119.466583, 37.479875], [-119.46621, 37.480081], [-119.466067, 37.48031], [-119.466124, 37.48047], [-119.466872, 37.480983], [-119.466957, 37.481042], [-119.467906, 37.482094], [-119.468997, 37.482574], [-119.46917, 37.482849], [-119.469314, 37.483306], [-119.47052, 37.483969], [-119.47075, 37.484221], [-119.470721, 37.484656], [-119.469372, 37.485869], [-119.468842, 37.487115], [-119.468799, 37.487219], [-119.468426, 37.487471], [-119.46765, 37.487494], [-119.466375, 37.488281], [-119.465871, 37.488593], [-119.465153, 37.488914], [-119.464808, 37.489188], [-119.464608, 37.489646], [-119.464665, 37.490058], [-119.464838, 37.490149], [-119.466245, 37.49008], [-119.46646, 37.490109], [-119.467393, 37.49024], [-119.467853, 37.490377], [-119.467968, 37.490492], [-119.467853, 37.491361], [-119.467624, 37.492528], [-119.467394, 37.492894], [-119.467107, 37.493123], [-119.466878, 37.493787], [-119.466821, 37.493947], [-119.466821, 37.495778], [-119.467281, 37.496578], [-119.467282, 37.497425], [-119.467167, 37.498134]]}, "props": {"MTFCC": "S1400", "NAME": null}}, {"geom": {"type": "LineString", "coordinates": [[-119.739483, 37.395587], [-119.739442, 37.395502], [-119.739382, 37.395377], [-119.739314, 37.395251], [-119.73927, 37.395169]]}, "props": {"MTFCC": "S1400", "NAME": null}}, {"geom": {"type": "LineString", "coordinates": [[-119.746137, 37.396564], [-119.746187, 37.395159], [-119.746201, 37.394775], [-119.746523, 37.392228], [-119.746841, 37.391006], [-119.74687, 37.390899], [-119.747043, 37.389617]]}, "props": {"MTFCC": "S1400", "NAME": null}}, {"geom": {"type": "LineString", "coordinates": [[-119.734951, 37.399405], [-119.735041, 37.399458], [-119.735127, 37.399527], [-119.735221, 37.399588], [-119.735414, 37.399681], [-119.735536, 37.399752], [-119.735589, 37.399794], [-119.735638, 37.399843], [-119.735703, 37.399928], [-119.735772, 37.400101], [-119.73581, 37.400165], [-119.735884, 37.400246], [-119.73594, 37.400296], [-119.73603, 37.400359], [-119.736129, 37.400411], [-119.73622, 37.400446], [-119.73636, 37.400482], [-119.736443, 37.400494], [-119.73648, 37.4005], [-119.736827, 37.400515], [-119.736928, 37.400522], [-119.736991, 37.400537], [-119.737045, 37.400559], [-119.737096, 37.400588], [-119.737139, 37.400622], [-119.737169, 37.400659], [-119.737235, 37.40078], [-119.737291, 37.400899], [-119.737316, 37.400981], [-119.737333, 37.401114], [-119.73738, 37.401314], [-119.737397, 37.401415], [-119.737401, 37.401492], [-119.737394, 37.401703], [-119.737373, 37.401864], [-119.737333, 37.402073], [-119.737325, 37.402194], [-119.737316, 37.402315], [-119.737282, 37.40246], [-119.737245, 37.402753], [-119.737219, 37.403165], [-119.737163, 37.403418], [-119.737157, 37.403503], [-119.737176, 37.403642], [-119.737178, 37.403803], [-119.737186, 37.404069], [-119.737185, 37.404251], [-119.73717, 37.404406], [-119.737151, 37.404488], [-119.737128, 37.404525], [-119.737065, 37.404593], [-119.737003, 37.40464], [-119.736914, 37.404681], [-119.736847, 37.404728], [-119.73682, 37.40476], [-119.736787, 37.404814], [-119.736768, 37.404872], [-119.736762, 37.404941], [-119.736777, 37.405013], [-119.736795, 37.40505], [-119.73682, 37.405075], [-119.736853, 37.405096], [-119.737047, 37.405178], [-119.737111, 37.4052], [-119.737217, 37.405238], [-119.737461, 37.405304], [-119.737579, 37.405342], [-119.737666, 37.405379], [-119.737896, 37.405496], [-119.737979, 37.405549], [-119.738038, 37.405601], [-119.738158, 37.405736], [-119.738262, 37.405876], [-119.738338, 37.406007], [-119.738431, 37.40614], [-119.73847, 37.406172], [-119.738517, 37.406189], [-119.738574, 37.406197], [-119.738647, 37.406215]]}, "props": {"MTFCC": "S1400", "NAME": null}}, {"geom": {"type": "LineString", "coordinates": [[-119.736092, 37.384676], [-119.736127, 37.384591], [-119.736147, 37.384508], [-119.736143, 37.384457], [-119.736119, 37.384381], [-119.736081, 37.384306], [-119.736074, 37.384262], [-119.736076, 37.384241], [-119.736125, 37.383821], [-119.736132, 37.383709], [-119.736098, 37.383359], [-119.736095, 37.383235], [-119.736119, 37.383117], [-119.736177, 37.38293], [-119.736185, 37.382884], [-119.736201, 37.382807], [-119.736196, 37.382749], [-119.736163, 37.38261], [-119.736158, 37.382432], [-119.736114, 37.382373], [-119.736107, 37.382269], [-119.736121, 37.382143], [-119.736135, 37.382107], [-119.736188, 37.381981], [-119.736299, 37.381767], [-119.736313, 37.381723], [-119.736308, 37.381681], [-119.736271, 37.381601], [-119.73624, 37.381556], [-119.735953, 37.381251], [-119.735946, 37.381243], [-119.735879, 37.381161], [-119.735805, 37.381044], [-119.735774, 37.380963]]}, "props": {"MTFCC": "S1400", "NAME": null}}, {"geom": {"type": "LineString", "coordinates": [[-119.740644, 37.382965], [-119.740746, 37.382972], [-119.740805, 37.383027], [-119.740924, 37.383232], [-119.740955, 37.383273], [-119.740979, 37.383304], [-119.741091, 37.383426], [-119.741136, 37.383461], [-119.741249, 37.383518], [-119.741316, 37.383538], [-119.741418, 37.383547], [-119.741566, 37.383539], [-119.741802, 37.383489], [-119.741944, 37.383444], [-119.742202, 37.383338], [-119.742235, 37.383314], [-119.742272, 37.383288], [-119.74233, 37.383225], [-119.742363, 37.383168], [-119.742432, 37.382992], [-119.74247, 37.382914]]}, "props": {"MTFCC": "S1400", "NAME": null}}, {"geom": {"type": "LineString", "coordinates": [[-119.760262, 37.384698], [-119.760272, 37.384906], [-119.760268, 37.384959], [-119.760254, 37.385009], [-119.760226, 37.385046], [-119.760188, 37.385079], [-119.760128, 37.385169], [-119.760065, 37.385348], [-119.760035, 37.385485], [-119.760019, 37.385531], [-119.759963, 37.385615], [-119.759933, 37.385647], [-119.759865, 37.38572], [-119.7598, 37.385831], [-119.759759, 37.385962], [-119.759736, 37.3861], [-119.759729, 37.386242], [-119.759748, 37.386354], [-119.759766, 37.386408], [-119.759866, 37.386592], [-119.759881, 37.386653], [-119.759891, 37.386779], [-119.759934, 37.386939], [-119.759936, 37.387002], [-119.759928, 37.387064], [-119.759905, 37.387128], [-119.75983, 37.387263], [-119.759626, 37.387578], [-119.759555, 37.38767], [-119.759318, 37.387919], [-119.759127, 37.388135], [-119.758967, 37.388354], [-119.758892, 37.388474], [-119.758817, 37.388607], [-119.758759, 37.388683], [-119.75855, 37.388907], [-119.758499, 37.388952], [-119.758356, 37.389055], [-119.758285, 37.389127], [-119.758264, 37.389148], [-119.75824, 37.389187], [-119.758229, 37.38924], [-119.758211, 37.389494], [-119.758174, 37.389617], [-119.758158, 37.389657], [-119.758105, 37.389801], [-119.758089, 37.389827], [-119.75801, 37.38992], [-119.757787, 37.390136], [-119.75776, 37.390173], [-119.757742, 37.39022], [-119.757717, 37.390357], [-119.757712, 37.390446], [-119.757726, 37.390687], [-119.757729, 37.390858], [-119.757743, 37.390979], [-119.757778, 37.391169], [-119.757799, 37.391309], [-119.757804, 37.391523], [-119.757793, 37.39163], [-119.757771, 37.391721]]}, "props": {"MTFCC": "S1400", "NAME": null}}, {"geom": {"type": "LineString", "coordinates": [[-119.473116, 37.448492], [-119.47329, 37.448499], [-119.473468, 37.448502], [-119.473639, 37.448505], [-119.473988, 37.448517], [-119.474136, 37.448527], [-119.474399, 37.448544], [-119.474524, 37.448549], [-119.474817, 37.448563], [-119.474876, 37.448557], [-119.475036, 37.448509], [-119.475083, 37.4485], [-119.475231, 37.448489], [-119.475398, 37.448487], [-119.475452, 37.448489], [-119.475466, 37.44849], [-119.475878, 37.448525], [-119.476154, 37.448532], [-119.476291, 37.44854], [-119.476652, 37.4486], [-119.47695, 37.448628], [-119.477113, 37.448714], [-119.477177, 37.448728], [-119.477291, 37.448754], [-119.47748, 37.448846], [-119.477722, 37.448937]]}, "props": {"MTFCC": "S1400", "NAME": null}}, {"geom": {"type": "LineString", "coordinates": [[-119.704002, 37.398992], [-119.704134, 37.398967], [-119.704529, 37.398892], [-119.704662, 37.398868]]}, "props": {"MTFCC": "S1400", "NAME": null}}, {"geom": {"type": "LineString", "coordinates": [[-119.70642, 37.397776], [-119.706422, 37.397866], [-119.706429, 37.398138], [-119.706432, 37.398229]]}, "props": {"MTFCC": "S1400", "NAME": null}}, {"geom": {"type": "LineString", "coordinates": [[-119.704002, 37.398992], [-119.704132, 37.399038], [-119.704522, 37.399177], [-119.704652, 37.399224]]}, "props": {"MTFCC": "S1400", "NAME": null}}, {"geom": {"type": "LineString", "coordinates": [[-119.630413, 37.36699], [-119.630511, 37.367035], [-119.630539, 37.367043], [-119.630574, 37.367048], [-119.630607, 37.367047], [-119.630637, 37.367041], [-119.630685, 37.367015], [-119.63072, 37.366984], [-119.630871, 37.366699], [-119.630974, 37.366515], [-119.631062, 37.366346], [-119.63116, 37.36616], [-119.631185, 37.366133], [-119.631234, 37.366101], [-119.631329, 37.366066], [-119.631413, 37.366056], [-119.631589, 37.366064], [-119.631779, 37.366054], [-119.63183, 37.366044], [-119.63188, 37.366026], [-119.63195, 37.365982], [-119.631963, 37.365966], [-119.632013, 37.365888], [-119.632121, 37.365609], [-119.632177, 37.365518], [-119.632207, 37.365493], [-119.632231, 37.365489], [-119.632276, 37.365489], [-119.632348, 37.365501], [-119.632424, 37.365529], [-119.632487, 37.365571], [-119.632529, 37.365617], [-119.632594, 37.365758], [-119.632682, 37.36584], [-119.632735, 37.365879], [-119.632805, 37.365906], [-119.632884, 37.365916], [-119.632955, 37.36591], [-119.633016, 37.365894], [-119.633068, 37.365869], [-119.633151, 37.365801], [-119.633198, 37.365745], [-119.633258, 37.365649], [-119.633331, 37.365508], [-119.633367, 37.365442], [-119.633376, 37.365428], [-119.633426, 37.365366], [-119.633479, 37.365319], [-119.633552, 37.365282], [-119.633613, 37.365264], [-119.633681, 37.365255], [-119.63375, 37.365261], [-119.633818, 37.365279], [-119.633863, 37.365303], [-119.633896, 37.36534], [-119.633932, 37.365429], [-119.633959, 37.365559], [-119.633974, 37.365705], [-119.633996, 37.365764]]}, "props": {"MTFCC": "S1400", "NAME": null}}, {"geom": {"type": "LineString", "coordinates": [[-119.678545, 37.389322], [-119.678105, 37.390429], [-119.677929, 37.390876], [-119.677367, 37.391591], [-119.67645, 37.392758], [-119.675878, 37.393164], [-119.674908, 37.393855], [-119.674475, 37.394186], [-119.674425, 37.394225], [-119.672855, 37.394278], [-119.672311, 37.394297]]}, "props": {"MTFCC": "S1740", "NAME": null}}, {"geom": {"type": "LineString", "coordinates": [[-119.643509, 37.382419], [-119.643204, 37.382415], [-119.643148, 37.382419], [-119.643046, 37.382428], [-119.642926, 37.382446], [-119.642847, 37.382471], [-119.64279, 37.382499], [-119.642679, 37.382575], [-119.642566, 37.382664], [-119.64246, 37.38275], [-119.642389, 37.382789], [-119.642307, 37.382823], [-119.642249, 37.382838], [-119.642181, 37.382841], [-119.642121, 37.382835], [-119.642072, 37.382821], [-119.642015, 37.382785], [-119.641959, 37.382734], [-119.641898, 37.382647], [-119.641787, 37.382486], [-119.641754, 37.382426], [-119.6417, 37.382301], [-119.641689, 37.382284], [-119.641672, 37.382257], [-119.641617, 37.382199], [-119.641506, 37.38211], [-119.641456, 37.382082], [-119.641409, 37.382072], [-119.641331, 37.382076], [-119.641234, 37.382092], [-119.641057, 37.382145], [-119.640913, 37.382163], [-119.640752, 37.382167], [-119.640605, 37.382154], [-119.640522, 37.382139], [-119.640476, 37.382131], [-119.640394, 37.382108], [-119.64029, 37.382065], [-119.640222, 37.382026], [-119.640174, 37.381991], [-119.640148, 37.381964], [-119.640126, 37.38194], [-119.63996, 37.381738], [-119.639912, 37.381709], [-119.63987, 37.381699], [-119.639809, 37.381699], [-119.639748, 37.38171], [-119.63971, 37.381731], [-119.639616, 37.38181], [-119.639561, 37.381873], [-119.639519, 37.381938], [-119.639457, 37.382033], [-119.639394, 37.382156], [-119.639285, 37.382342], [-119.639235, 37.382403], [-119.639157, 37.382471], [-119.639108, 37.382502], [-119.639066, 37.382519], [-119.639054, 37.382524], [-119.638992, 37.382536], [-119.638924, 37.382535], [-119.638891, 37.382531], [-119.638837, 37.38251], [-119.638721, 37.382442], [-119.638539, 37.382313], [-119.638427, 37.38226], [-119.638268, 37.382233], [-119.63808, 37.382304], [-119.637849, 37.382466], [-119.637636, 37.382584], [-119.637547, 37.382688], [-119.63756, 37.382778], [-119.637663, 37.38282], [-119.637852, 37.382853], [-119.638069, 37.38295], [-119.638253, 37.383142], [-119.638329, 37.383362], [-119.63832, 37.383552], [-119.638165, 37.383708], [-119.63784, 37.383879], [-119.637562, 37.384114], [-119.637354, 37.384385], [-119.637325, 37.384527], [-119.637368, 37.384641], [-119.637473, 37.384751], [-119.637485, 37.384758], [-119.637586, 37.384821], [-119.637612, 37.384847], [-119.63764, 37.384884], [-119.637654, 37.384918], [-119.637658, 37.384951], [-119.637648, 37.38503], [-119.637644, 37.38514], [-119.637631, 37.385165], [-119.637601, 37.385177], [-119.637482, 37.385185], [-119.637338, 37.385166], [-119.637247, 37.385163], [-119.637135, 37.385174], [-119.637007, 37.385199], [-119.636886, 37.385236], [-119.636824, 37.385268], [-119.636765, 37.385316], [-119.636706, 37.385386], [-119.63668, 37.385431], [-119.63666, 37.385488], [-119.636647, 37.385524], [-119.636623, 37.385672], [-119.63661, 37.385698], [-119.636581, 37.385763], [-119.636518, 37.385856], [-119.6364, 37.385979], [-119.636241, 37.386118], [-119.636176, 37.386177], [-119.636127, 37.386223], [-119.63603, 37.386337], [-119.635975, 37.386401], [-119.635915, 37.386472], [-119.635805, 37.386587], [-119.635747, 37.386649], [-119.635729, 37.386667], [-119.635591, 37.386788], [-119.635446, 37.386892], [-119.635356, 37.386944], [-119.635248, 37.386993], [-119.635089, 37.387043], [-119.63494, 37.387074], [-119.634735, 37.387096], [-119.634573, 37.387103], [-119.634457, 37.387119], [-119.634385, 37.38714], [-119.634343, 37.387163], [-119.6343, 37.387199], [-119.634233, 37.387285], [-119.634197, 37.38737], [-119.634158, 37.387533], [-119.634147, 37.387582], [-119.634126, 37.387754], [-119.634113, 37.387807], [-119.634076, 37.387904], [-119.633993, 37.387975]]}, "props": {"MTFCC": "S1400", "NAME": null}}, {"geom": {"type": "LineString", "coordinates": [[-119.630511, 37.384329], [-119.631399, 37.384018], [-119.631519, 37.384056], [-119.63166, 37.384102], [-119.631876, 37.384458], [-119.63203, 37.384729], [-119.632396, 37.384746], [-119.632528, 37.384491], [-119.632529, 37.384287], [-119.632279, 37.383811], [-119.632346, 37.38354], [-119.632971, 37.383421], [-119.632986, 37.383426], [-119.633403, 37.383573], [-119.633427, 37.383896], [-119.633238, 37.384132]]}, "props": {"MTFCC": "S1400", "NAME": null}}, {"geom": {"type": "LineString", "coordinates": [[-119.639329, 37.36981], [-119.639258, 37.370049], [-119.639253, 37.370062], [-119.639016, 37.370815], [-119.638938, 37.371067]]}, "props": {"MTFCC": "S1400", "NAME": null}}, {"geom": {"type": "LineString", "coordinates": [[-119.63607, 37.380738], [-119.636251, 37.380796], [-119.636794, 37.38097], [-119.636975, 37.381029]]}, "props": {"MTFCC": "S1400", "NAME": null}}, {"geom": {"type": "LineString", "coordinates": [[-119.634252, 37.386038], [-119.634129, 37.386059], [-119.633912, 37.386047], [-119.63351, 37.386025], [-119.633125, 37.385889], [-119.632953, 37.385765], [-119.632676, 37.385567]]}, "props": {"MTFCC": "S1400", "NAME": null}}, {"geom": {"type": "LineString", "coordinates": [[-119.647367, 37.381259], [-119.64724, 37.381667], [-119.647177, 37.381872], [-119.646372, 37.382255], [-119.646198, 37.382292], [-119.645781, 37.382383]]}, "props": {"MTFCC": "S1740", "NAME": null}}, {"geom": {"type": "LineString", "coordinates": [[-119.630696, 37.37196], [-119.630693, 37.372053], [-119.630494, 37.372133], [-119.629638, 37.372477], [-119.629599, 37.372493], [-119.629335, 37.372518]]}, "props": {"MTFCC": "S1400", "NAME": null}}, {"geom": {"type": "LineString", "coordinates": [[-119.637216, 37.376458], [-119.63705, 37.376533], [-119.636896, 37.376604], [-119.636543, 37.376729], [-119.636372, 37.376791], [-119.636255, 37.37685], [-119.636067, 37.376947], [-119.635889, 37.376968], [-119.63576, 37.376985]]}, "props": {"MTFCC": "S1400", "NAME": null}}, {"geom": {"type": "LineString", "coordinates": [[-119.675183, 37.391448], [-119.67525, 37.391566], [-119.675453, 37.391924], [-119.675521, 37.392043]]}, "props": {"MTFCC": "S1740", "NAME": null}}, {"geom": {"type": "LineString", "coordinates": [[-119.677591, 37.388062], [-119.677603, 37.388137], [-119.677641, 37.388363], [-119.677654, 37.388439]]}, "props": {"MTFCC": "S1740", "NAME": null}}, {"geom": {"type": "LineString", "coordinates": [[-119.728655, 37.400509], [-119.728697, 37.400419], [-119.728799, 37.400208], [-119.728794, 37.400144], [-119.728788, 37.400046], [-119.728726, 37.399876], [-119.728688, 37.399773], [-119.72867, 37.399549], [-119.728689, 37.399345], [-119.728707, 37.399166]]}, "props": {"MTFCC": "S1740", "NAME": null}}, {"geom": {"type": "LineString", "coordinates": [[-119.727757, 37.404578], [-119.727813, 37.40448], [-119.727834, 37.404423], [-119.727866, 37.40434], [-119.727886, 37.404188], [-119.727882, 37.404108], [-119.727869, 37.404044], [-119.727825, 37.403918], [-119.727769, 37.403755]]}, "props": {"MTFCC": "S1400", "NAME": null}}, {"geom": {"type": "LineString", "coordinates": [[-119.63603, 37.386337], [-119.635745, 37.386189], [-119.635696, 37.386195], [-119.635523, 37.386219], [-119.63539, 37.386216], [-119.635034, 37.386074], [-119.634618, 37.386008], [-119.634546, 37.385997], [-119.634252, 37.386038]]}, "props": {"MTFCC": "S1400", "NAME": null}}, {"geom": {"type": "LineString", "coordinates": [[-119.634252, 37.386038], [-119.634171, 37.386215], [-119.634151, 37.386262], [-119.634022, 37.386347], [-119.633745, 37.386398], [-119.633672, 37.386465], [-119.63353, 37.386599]]}, "props": {"MTFCC": "S1400", "NAME": null}}, {"geom": {"type": "LineString", "coordinates": [[-119.556472, 37.422925], [-119.556586, 37.422971], [-119.556324, 37.425674], [-119.556316, 37.425765], [-119.55655, 37.425886], [-119.557142, 37.426007], [-119.557438, 37.426201], [-119.557659, 37.426455], [-119.557674, 37.426738], [-119.557352, 37.426769], [-119.556859, 37.426682], [-119.5565, 37.426638], [-119.556235, 37.426624], [-119.556192, 37.42679], [-119.556125, 37.42748], [-119.556178, 37.427849], [-119.556462, 37.427987], [-119.559977, 37.428658], [-119.561456, 37.428941], [-119.562186, 37.429307], [-119.56242, 37.429424], [-119.562483, 37.429419], [-119.562675, 37.429403], [-119.562966, 37.429485], [-119.563564, 37.429654], [-119.563795, 37.429678], [-119.563848, 37.429683], [-119.56415, 37.429714], [-119.564921, 37.429781], [-119.565442, 37.429933], [-119.568258, 37.42973], [-119.568973, 37.429679], [-119.569304, 37.429608], [-119.570044, 37.42945], [-119.570925, 37.428612], [-119.572056, 37.428159], [-119.573304, 37.427889], [-119.574317, 37.427806], [-119.575418, 37.42795], [-119.576232, 37.428258], [-119.576609, 37.428503], [-119.576872, 37.428794], [-119.57732, 37.430074], [-119.577388, 37.430904], [-119.577455, 37.431093], [-119.577507, 37.431242], [-119.577769, 37.43142], [-119.577958, 37.431474], [-119.579046, 37.431789], [-119.579857, 37.431731], [-119.580004, 37.43168], [-119.581017, 37.431325], [-119.581481, 37.431318], [-119.581963, 37.431461], [-119.582549, 37.431692], [-119.582907, 37.431702], [-119.583264, 37.431713], [-119.584632, 37.431167], [-119.585748, 37.430956], [-119.58672, 37.430773]]}, "props": {"MTFCC": "S1400", "NAME": null}}, {"geom": {"type": "LineString", "coordinates": [[-119.561584, 37.422447], [-119.561097, 37.423133], [-119.560869, 37.423698], [-119.560839, 37.423774], [-119.560896, 37.424369], [-119.561125, 37.425009], [-119.561211, 37.425055], [-119.561183, 37.425765], [-119.560839, 37.426474], [-119.56081, 37.426886], [-119.560982, 37.427206], [-119.561528, 37.427501], [-119.561871, 37.427687], [-119.562101, 37.427984], [-119.56233, 37.428631]]}, "props": {"MTFCC": "S1400", "NAME": null}}, {"geom": {"type": "LineString", "coordinates": [[-119.63067, 37.441007], [-119.630755, 37.441095], [-119.630831, 37.441175], [-119.630884, 37.44123], [-119.631035, 37.441334], [-119.631137, 37.441404]]}, "props": {"MTFCC": "S1400", "NAME": null}}, {"geom": {"type": "LineString", "coordinates": [[-119.629411, 37.445805], [-119.629647, 37.445617], [-119.629731, 37.445551], [-119.629775, 37.445487], [-119.629796, 37.445458], [-119.629865, 37.44532], [-119.629874, 37.445298], [-119.62988, 37.445281], [-119.629903, 37.445226], [-119.629909, 37.445209]]}, "props": {"MTFCC": "S1400", "NAME": null}}, {"geom": {"type": "LineString", "coordinates": [[-119.074166, 37.651513], [-119.07437, 37.65191], [-119.074379, 37.651927], [-119.074647, 37.652111], [-119.074987, 37.652142], [-119.075378, 37.651874], [-119.075545, 37.651806], [-119.075744, 37.651728], [-119.075977, 37.651744], [-119.076218, 37.652009], [-119.07668, 37.6524], [-119.077124, 37.652775], [-119.077213, 37.653098], [-119.077978, 37.653283], [-119.07839, 37.653435], [-119.078641, 37.653702], [-119.078666, 37.653863], [-119.078536, 37.654041], [-119.078502, 37.654089], [-119.077723, 37.65455]]}, "props": {"MTFCC": "S1400", "NAME": null}}, {"geom": {"type": "LineString", "coordinates": [[-119.049677, 37.640512], [-119.04992, 37.64067], [-119.050001, 37.640879], [-119.050043, 37.641089], [-119.049972, 37.641395], [-119.049889, 37.641522], [-119.049728, 37.641774]]}, "props": {"MTFCC": "S1400", "NAME": null}}, {"geom": {"type": "LineString", "coordinates": [[-119.052807, 37.644284], [-119.052868, 37.644149], [-119.05242, 37.643614], [-119.052229, 37.643461], [-119.052053, 37.643319], [-119.051738, 37.642856], [-119.051507, 37.642504], [-119.051578, 37.642101], [-119.051588, 37.641779], [-119.051473, 37.641462], [-119.051168, 37.640999], [-119.05078, 37.640791], [-119.04982, 37.640276]]}, "props": {"MTFCC": "S1400", "NAME": null}}, {"geom": {"type": "LineString", "coordinates": [[-119.080373, 37.68127], [-119.080632, 37.681728], [-119.081237, 37.681914], [-119.081525, 37.682002], [-119.082131, 37.682054], [-119.082183, 37.682058], [-119.082331, 37.682071], [-119.083253, 37.682093], [-119.08357, 37.682208], [-119.084185, 37.682757], [-119.084722, 37.683237], [-119.085614, 37.683169], [-119.086679, 37.682596], [-119.087313, 37.682665], [-119.087944, 37.682882], [-119.088177, 37.682962], [-119.089291, 37.683224], [-119.089584, 37.683272], [-119.089845, 37.683135], [-119.089968, 37.68307], [-119.090028, 37.683058], [-119.090209, 37.683022], [-119.09027, 37.683011], [-119.090511, 37.682965], [-119.090604, 37.682948], [-119.090666, 37.682949], [-119.0911, 37.682956], [-119.091228, 37.682883], [-119.091443, 37.682762], [-119.091485, 37.682767], [-119.091612, 37.682784], [-119.091655, 37.68279], [-119.091975, 37.682832], [-119.091989, 37.682834], [-119.092606, 37.683058], [-119.092902, 37.683014], [-119.092957, 37.683007], [-119.093223, 37.682969]]}, "props": {"MTFCC": "S1400", "NAME": null}}, {"geom": {"type": "LineString", "coordinates": [[-119.058032, 37.654036], [-119.058249, 37.654014], [-119.058463, 37.653966], [-119.058605, 37.653863], [-119.058853, 37.653638], [-119.05939, 37.653396], [-119.05981, 37.653237], [-119.060032, 37.653198], [-119.060404, 37.65319], [-119.060951, 37.653205], [-119.0613, 37.653245], [-119.061632, 37.653237], [-119.06191, 37.653237], [-119.062084, 37.653269], [-119.062314, 37.653364], [-119.06252, 37.653467], [-119.062718, 37.653617], [-119.062845, 37.653776], [-119.063099, 37.654392], [-119.063217, 37.654842], [-119.063605, 37.655682], [-119.063724, 37.655935], [-119.063819, 37.656094], [-119.063922, 37.656339], [-119.064049, 37.65653], [-119.064113, 37.656704], [-119.064144, 37.656846], [-119.064176, 37.656997], [-119.064327, 37.65714], [-119.064564, 37.657266], [-119.064842, 37.657544], [-119.065, 37.657726], [-119.065071, 37.65798], [-119.065056, 37.658336], [-119.065032, 37.658732], [-119.064992, 37.659033], [-119.06496, 37.65924], [-119.06481, 37.659652], [-119.064447, 37.660194], [-119.064374, 37.660602], [-119.064216, 37.660824], [-119.064025, 37.66103], [-119.06397, 37.661236], [-119.063922, 37.661506], [-119.064018, 37.661839], [-119.064216, 37.662195], [-119.06439, 37.662504], [-119.064445, 37.662694], [-119.064556, 37.663019], [-119.064723, 37.663392], [-119.064826, 37.66355], [-119.064937, 37.663717], [-119.065056, 37.663954], [-119.065135, 37.664168], [-119.065159, 37.664414], [-119.065198, 37.664517], [-119.065349, 37.664723], [-119.065571, 37.664937], [-119.065815, 37.665129], [-119.06598, 37.665291], [-119.066215, 37.665398], [-119.066656, 37.665555], [-119.066862, 37.66565], [-119.067052, 37.665769], [-119.067163, 37.665951], [-119.067258, 37.66622], [-119.067338, 37.666434], [-119.067599, 37.666585], [-119.067766, 37.666696], [-119.067916, 37.666791], [-119.068019, 37.666942], [-119.068431, 37.667385], [-119.068701, 37.667678], [-119.068804, 37.667742], [-119.06897, 37.668043], [-119.069036, 37.668342], [-119.069259, 37.668584], [-119.069548, 37.669012], [-119.069645, 37.669195], [-119.069784, 37.669409], [-119.069827, 37.669613], [-119.069752, 37.669774], [-119.069656, 37.670053], [-119.069516, 37.670267], [-119.069475, 37.670503], [-119.06948, 37.670706], [-119.069538, 37.670846], [-119.069581, 37.671039], [-119.069527, 37.671168], [-119.069452, 37.671297], [-119.069398, 37.671468], [-119.069398, 37.671629], [-119.069398, 37.671833], [-119.069512, 37.672026], [-119.069688, 37.672176], [-119.069763, 37.672412], [-119.069709, 37.672616], [-119.069699, 37.672938], [-119.06973, 37.673255], [-119.069864, 37.67343], [-119.069936, 37.673524], [-119.07016, 37.673602], [-119.070385, 37.673624], [-119.070674, 37.673688], [-119.07076, 37.673763], [-119.070898, 37.673925], [-119.071071, 37.674168], [-119.071302, 37.674345], [-119.071575, 37.674522], [-119.071972, 37.674726], [-119.072294, 37.67494], [-119.072455, 37.675064], [-119.072535, 37.675182], [-119.072589, 37.67523], [-119.072814, 37.675353], [-119.073173, 37.675487], [-119.073372, 37.675578], [-119.073725, 37.675782], [-119.073897, 37.675911], [-119.074069, 37.676034], [-119.074278, 37.676168], [-119.074444, 37.676206], [-119.074685, 37.676265], [-119.074809, 37.676313], [-119.075002, 37.676431], [-119.075361, 37.676688], [-119.075522, 37.676844], [-119.07586, 37.677123], [-119.07623, 37.677418], [-119.076476, 37.677605], [-119.076884, 37.677911], [-119.077152, 37.678088], [-119.077377, 37.67819], [-119.077543, 37.678367], [-119.077677, 37.678533], [-119.077747, 37.678892], [-119.07787, 37.679252], [-119.077978, 37.679346], [-119.078246, 37.679568], [-119.078637, 37.67997], [-119.079034, 37.680367], [-119.079232, 37.68064], [-119.079259, 37.680785], [-119.07935, 37.680914], [-119.079586, 37.681069], [-119.079988, 37.681182], [-119.080344, 37.681274], [-119.080373, 37.68127]]}, "props": {"MTFCC": "S1400", "NAME": null}}, {"geom": {"type": "LineString", "coordinates": [[-119.080373, 37.68127], [-119.08069, 37.68111], [-119.080726, 37.681018], [-119.080758, 37.680938], [-119.080862, 37.680675], [-119.080546, 37.680309], [-119.080144, 37.679995], [-119.079787, 37.679716], [-119.079509, 37.679531], [-119.079409, 37.679422], [-119.078645, 37.678593], [-119.077809, 37.677403], [-119.077693, 37.676854], [-119.077722, 37.675343], [-119.07752, 37.674863], [-119.077578, 37.674497], [-119.077317, 37.674112], [-119.076973, 37.673604], [-119.076023, 37.672872], [-119.075303, 37.672552], [-119.074093, 37.671316], [-119.073892, 37.67079], [-119.073421, 37.670398], [-119.073287, 37.670286], [-119.073028, 37.669897], [-119.073143, 37.668661], [-119.073247, 37.66813], [-119.073458, 37.667059], [-119.073717, 37.665869], [-119.073602, 37.664954], [-119.072047, 37.662688], [-119.07173, 37.662048], [-119.071558, 37.661178], [-119.071673, 37.660354], [-119.071673, 37.659942], [-119.071442, 37.659507], [-119.071413, 37.658958], [-119.071701, 37.657792], [-119.071874, 37.657351], [-119.072765, 37.655091], [-119.073398, 37.65468], [-119.073657, 37.654245], [-119.073772, 37.65278], [-119.074146, 37.651704], [-119.074166, 37.651513], [-119.074203, 37.651178], [-119.07418, 37.651091], [-119.073984, 37.65035], [-119.073973, 37.650308], [-119.073995, 37.650092], [-119.074018, 37.64984], [-119.074059, 37.649416], [-119.074093, 37.649246], [-119.074116, 37.649134], [-119.074195, 37.648737], [-119.074229, 37.648568]]}, "props": {"MTFCC": "S1400", "NAME": null}}, {"geom": {"type": "LineString", "coordinates": [[-119.349077, 37.500781], [-119.347162, 37.501135], [-119.346598, 37.501178], [-119.346063, 37.50106], [-119.342935, 37.501614], [-119.342147, 37.50186], [-119.341812, 37.50211], [-119.341202, 37.502926], [-119.339998, 37.503786], [-119.339077, 37.504601], [-119.338431, 37.504917], [-119.337933, 37.505576], [-119.337778, 37.506232], [-119.334659, 37.507837], [-119.330801, 37.508956], [-119.329816, 37.509316], [-119.328637, 37.510016], [-119.328462, 37.510075], [-119.326852, 37.510609], [-119.326022, 37.510887], [-119.325986, 37.5109], [-119.324608, 37.511861], [-119.324091, 37.512502], [-119.324056, 37.512576], [-119.323689, 37.513371], [-119.32254, 37.51344], [-119.321304, 37.513669], [-119.321282, 37.51367], [-119.3205, 37.513715], [-119.31938, 37.513486], [-119.317771, 37.512937], [-119.317139, 37.512846], [-119.316478, 37.512983], [-119.314611, 37.513898], [-119.31434, 37.513913], [-119.313376, 37.513967], [-119.31283, 37.513898], [-119.31194, 37.514104], [-119.311599, 37.514032], [-119.311163, 37.513941], [-119.31057, 37.513857], [-119.310226, 37.513809], [-119.309259, 37.513492], [-119.306489, 37.512573], [-119.30605, 37.512428], [-119.301921, 37.511571], [-119.298702, 37.510578], [-119.295101, 37.509992], [-119.294993, 37.509975], [-119.292011, 37.509516], [-119.291094, 37.509482], [-119.290831, 37.509469], [-119.290042, 37.50943], [-119.289779, 37.509418], [-119.289122, 37.509392], [-119.288538, 37.50937], [-119.287161, 37.509226], [-119.286508, 37.509158]]}, "props": {"MTFCC": "S1400", "NAME": null}}, {"geom": {"type": "LineString", "coordinates": [[-119.62491, 37.403412], [-119.624866, 37.403739], [-119.624849, 37.403871], [-119.624813, 37.404234], [-119.624807, 37.404296], [-119.624755, 37.404761], [-119.624711, 37.404975], [-119.62468, 37.405083], [-119.624646, 37.405146], [-119.624569, 37.405241], [-119.624456, 37.405351], [-119.62423, 37.405547], [-119.624191, 37.405591], [-119.624181, 37.405602], [-119.624153, 37.405659], [-119.624138, 37.405728], [-119.62412, 37.405954], [-119.624123, 37.406094], [-119.624142, 37.406233], [-119.624197, 37.406424], [-119.624221, 37.406477], [-119.624231, 37.406499], [-119.624269, 37.406556], [-119.624317, 37.406605], [-119.624382, 37.406656], [-119.624441, 37.406695], [-119.624556, 37.406748], [-119.624669, 37.40678], [-119.624931, 37.406842]]}, "props": {"MTFCC": "S1400", "NAME": null}}, {"geom": {"type": "LineString", "coordinates": [[-119.699705, 37.41036], [-119.699575, 37.410418], [-119.699472, 37.410485], [-119.699406, 37.410545], [-119.699327, 37.410644], [-119.699268, 37.410737], [-119.699219, 37.410793], [-119.699194, 37.410812], [-119.699171, 37.410832], [-119.699124, 37.410858], [-119.699055, 37.410898], [-119.698985, 37.410924], [-119.698912, 37.410943], [-119.698753, 37.410971], [-119.698582, 37.410984], [-119.698425, 37.410984], [-119.698336, 37.410994], [-119.698293, 37.411004], [-119.698255, 37.411021], [-119.698221, 37.411046], [-119.698175, 37.411105], [-119.698128, 37.411241], [-119.698066, 37.411358], [-119.698031, 37.411407], [-119.697986, 37.411454], [-119.697819, 37.411592], [-119.69777, 37.411648], [-119.697644, 37.411835], [-119.697571, 37.411972], [-119.697543, 37.412058], [-119.697527, 37.412145], [-119.697524, 37.41221], [-119.69753, 37.412275], [-119.697558, 37.412358], [-119.697566, 37.412381], [-119.697573, 37.412418], [-119.69757, 37.412491], [-119.697561, 37.412509], [-119.697552, 37.412525], [-119.697471, 37.412602], [-119.697333, 37.412674], [-119.697105, 37.412815], [-119.696998, 37.412891], [-119.69685, 37.41303], [-119.696794, 37.41307], [-119.696687, 37.413127], [-119.696572, 37.413156], [-119.696397, 37.413169], [-119.696226, 37.413195], [-119.69608, 37.413226], [-119.696032, 37.413225], [-119.696002, 37.413218], [-119.695991, 37.413215], [-119.695681, 37.413081], [-119.695611, 37.413058], [-119.695582, 37.413055], [-119.695465, 37.41306], [-119.695307, 37.413097], [-119.695198, 37.413109], [-119.695077, 37.413108], [-119.694978, 37.413108], [-119.694769, 37.413086], [-119.694647, 37.413089], [-119.694586, 37.413096], [-119.694528, 37.41311], [-119.694435, 37.413152], [-119.694397, 37.41316], [-119.69438, 37.413161], [-119.694318, 37.413164], [-119.694281, 37.413156], [-119.694218, 37.413124], [-119.694192, 37.413103], [-119.694145, 37.41304], [-119.694105, 37.412791], [-119.694073, 37.412715], [-119.69397, 37.41254], [-119.693871, 37.412429], [-119.693798, 37.41238], [-119.693756, 37.412365], [-119.693698, 37.412358], [-119.693637, 37.412359], [-119.693524, 37.412381], [-119.693384, 37.412436], [-119.692967, 37.412645], [-119.692855, 37.412682], [-119.692812, 37.412688], [-119.692795, 37.412686], [-119.692772, 37.412684], [-119.692695, 37.412656], [-119.692574, 37.412587], [-119.69232, 37.412392], [-119.692053, 37.412211], [-119.691964, 37.412156], [-119.691844, 37.412106], [-119.691757, 37.412091], [-119.691703, 37.412094], [-119.69165, 37.412103], [-119.691568, 37.412128], [-119.691427, 37.412205], [-119.691363, 37.412255], [-119.69113, 37.412476], [-119.691078, 37.412534], [-119.691037, 37.412601], [-119.690881, 37.412947], [-119.690715, 37.413219], [-119.690634, 37.413373], [-119.690571, 37.413435], [-119.690514, 37.413466], [-119.690482, 37.413484], [-119.690418, 37.41351], [-119.690256, 37.413554], [-119.690173, 37.413563], [-119.690102, 37.413559], [-119.689961, 37.41353], [-119.68978, 37.413513], [-119.68967, 37.413513], [-119.689621, 37.413518], [-119.689509, 37.413531], [-119.689445, 37.413552], [-119.689319, 37.413606], [-119.689198, 37.413671], [-119.689146, 37.41371], [-119.689063, 37.413805], [-119.688895, 37.414033], [-119.68884, 37.414126], [-119.688809, 37.414209], [-119.688748, 37.414289], [-119.688698, 37.414325], [-119.68856, 37.414402], [-119.688251, 37.41454], [-119.687962, 37.414653], [-119.687874, 37.414692], [-119.687015, 37.415335], [-119.686854, 37.415335], [-119.686695, 37.414965], [-119.686785, 37.414443], [-119.687001, 37.414065], [-119.687109, 37.413705], [-119.687127, 37.413453], [-119.687037, 37.413165], [-119.686929, 37.412931], [-119.686767, 37.412787], [-119.686569, 37.412679], [-119.686299, 37.412787], [-119.686065, 37.41319], [-119.685813, 37.413399], [-119.685309, 37.413741], [-119.684985, 37.414047], [-119.684877, 37.414173], [-119.684715, 37.414227], [-119.684409, 37.414263], [-119.683977, 37.414263], [-119.683851, 37.414191], [-119.683833, 37.414047], [-119.683959, 37.413849], [-119.684445, 37.413813], [-119.684571, 37.413723], [-119.684679, 37.413597], [-119.684715, 37.413489], [-119.684751, 37.413309], [-119.684823, 37.413165], [-119.684751, 37.412931], [-119.684481, 37.412679], [-119.683905, 37.412283], [-119.683455, 37.411977], [-119.683167, 37.411869], [-119.682591, 37.411923], [-119.682411, 37.411869], [-119.682285, 37.411779], [-119.682205, 37.411661], [-119.682141, 37.411383], [-119.68212, 37.41117], [-119.682159, 37.410972], [-119.682159, 37.410789], [-119.681979, 37.410573], [-119.681655, 37.410447], [-119.681268, 37.410349], [-119.681181, 37.41021], [-119.681241, 37.409997], [-119.681385, 37.409241], [-119.681331, 37.408989], [-119.681187, 37.408827], [-119.680971, 37.408719], [-119.680737, 37.408737], [-119.680503, 37.408863], [-119.680197, 37.409043], [-119.680035, 37.409025], [-119.679837, 37.408863], [-119.67981, 37.40867], [-119.679801, 37.408377], [-119.679729, 37.408143], [-119.679333, 37.407783], [-119.679009, 37.407675], [-119.67874, 37.407657], [-119.678524, 37.407549], [-119.678074, 37.407585], [-119.677808, 37.407743], [-119.677733, 37.40775], [-119.677641, 37.407757], [-119.677354, 37.407639], [-119.677066, 37.407549], [-119.67685, 37.407603], [-119.676598, 37.407729], [-119.676328, 37.407981], [-119.676276, 37.408339], [-119.676067, 37.408779], [-119.675859, 37.409085], [-119.675783, 37.409196], [-119.675683, 37.409342], [-119.675404, 37.409321], [-119.67506, 37.409167], [-119.674654, 37.408737], [-119.674294, 37.408611], [-119.673466, 37.408701], [-119.67289, 37.408827], [-119.672656, 37.409043], [-119.672548, 37.409295], [-119.672314, 37.409583], [-119.671954, 37.409799], [-119.671738, 37.410033], [-119.671684, 37.410213], [-119.670928, 37.411257], [-119.670496, 37.411833], [-119.670244, 37.411977], [-119.669362, 37.412049], [-119.669002, 37.411977], [-119.668678, 37.411671], [-119.6683, 37.411473], [-119.667994, 37.411365], [-119.667796, 37.411365], [-119.667518, 37.411624]]}, "props": {"MTFCC": "S1400", "NAME": null}}, {"geom": {"type": "LineString", "coordinates": [[-119.634548, 37.388407], [-119.63484, 37.388265], [-119.635017, 37.388181], [-119.635719, 37.387842], [-119.636012, 37.387701]]}, "props": {"MTFCC": "S1400", "NAME": null}}, {"geom": {"type": "LineString", "coordinates": [[-119.645784, 37.39462], [-119.646157, 37.394734], [-119.646185, 37.395077], [-119.646042, 37.395421], [-119.646227, 37.395823], [-119.646242, 37.395855], [-119.646213, 37.396473], [-119.64518, 37.39748], [-119.64495, 37.398074], [-119.644979, 37.398532], [-119.645667, 37.399196], [-119.645695, 37.399516], [-119.64581, 37.399608], [-119.645841, 37.399605], [-119.646057, 37.399585], [-119.646297, 37.399562], [-119.646986, 37.399333], [-119.647273, 37.399105]]}, "props": {"MTFCC": "S1400", "NAME": null}}, {"geom": {"type": "LineString", "coordinates": [[-119.636852, 37.415642], [-119.637368, 37.415757], [-119.637512, 37.41594], [-119.637713, 37.416557], [-119.638773, 37.416213], [-119.639404, 37.416281], [-119.639606, 37.416555], [-119.639949, 37.416486], [-119.640007, 37.416395], [-119.640437, 37.416508], [-119.640552, 37.416851], [-119.640662, 37.416968], [-119.640724, 37.417034], [-119.640954, 37.417102], [-119.641498, 37.417034], [-119.642129, 37.41653], [-119.642415, 37.416461], [-119.642788, 37.416575], [-119.643075, 37.416735], [-119.643505, 37.416665], [-119.643906, 37.416871], [-119.643964, 37.41774], [-119.644501, 37.418437], [-119.64451, 37.418448], [-119.644591, 37.418433], [-119.644682, 37.418417], [-119.644883, 37.41838], [-119.64517, 37.41815], [-119.645684, 37.417418], [-119.646689, 37.41664], [-119.64689, 37.41664], [-119.647262, 37.416753], [-119.647578, 37.417051], [-119.647836, 37.417393], [-119.648185, 37.417393], [-119.648553, 37.417392], [-119.648782, 37.417301], [-119.648811, 37.416569], [-119.648954, 37.416363], [-119.649527, 37.41627], [-119.6499, 37.41579], [-119.650243, 37.41579], [-119.650473, 37.415972], [-119.650531, 37.416361], [-119.65076, 37.416659], [-119.650847, 37.417024], [-119.650954, 37.417123], [-119.651219, 37.417367], [-119.651106, 37.417962], [-119.650504, 37.41858], [-119.650332, 37.419518], [-119.64996, 37.420112], [-119.650017, 37.420296], [-119.650591, 37.420432], [-119.651022, 37.420661], [-119.65119, 37.420702]]}, "props": {"MTFCC": "S1400", "NAME": null}}, {"geom": {"type": "LineString", "coordinates": [[-119.721645, 37.414328], [-119.721548, 37.414228], [-119.72154, 37.41422], [-119.721207, 37.413989], [-119.721093, 37.41391]]}, "props": {"MTFCC": "S1400", "NAME": null}}, {"geom": {"type": "LineString", "coordinates": [[-119.541722, 37.462097], [-119.542095, 37.462189], [-119.542011, 37.462401], [-119.541607, 37.463425], [-119.541521, 37.463951], [-119.541559, 37.464152], [-119.541578, 37.464248], [-119.541824, 37.464701], [-119.541951, 37.464935], [-119.54221, 37.465232], [-119.54244, 37.465347], [-119.54376, 37.465118], [-119.54422, 37.465141], [-119.54465, 37.465278], [-119.544966, 37.465553], [-119.544957, 37.465592], [-119.544765, 37.466445], [-119.544765, 37.466903], [-119.544879, 37.4672], [-119.545195, 37.467544], [-119.546056, 37.468047], [-119.547147, 37.468368], [-119.549788, 37.46878], [-119.550563, 37.469031], [-119.550879, 37.469306], [-119.550993, 37.469535], [-119.550965, 37.469832], [-119.55039, 37.470473], [-119.550419, 37.47093], [-119.550534, 37.471068], [-119.550534, 37.471744], [-119.550534, 37.471777], [-119.550333, 37.472441], [-119.54996, 37.473356], [-119.55016, 37.474569], [-119.55039, 37.474797], [-119.550745, 37.474861], [-119.55128, 37.474958], [-119.553578, 37.474866], [-119.553951, 37.474958], [-119.554063, 37.475098], [-119.554152, 37.475209], [-119.554123, 37.475644], [-119.553778, 37.476102], [-119.553262, 37.476811], [-119.553176, 37.477086], [-119.553434, 37.477269], [-119.553951, 37.477451], [-119.554439, 37.477908], [-119.554783, 37.478412], [-119.554898, 37.479258], [-119.555587, 37.479602], [-119.555845, 37.479945], [-119.555845, 37.480997], [-119.555357, 37.483079], [-119.55505, 37.483497], [-119.554754, 37.483903], [-119.554812, 37.484086], [-119.554927, 37.484155], [-119.556075, 37.484086], [-119.55642, 37.484246], [-119.556534, 37.484498], [-119.556477, 37.485185], [-119.556554, 37.485215]]}, "props": {"MTFCC": "S1400", "NAME": null}}, {"geom": {"type": "LineString", "coordinates": [[-119.603617, 37.366324], [-119.603786, 37.366422], [-119.603947, 37.366515], [-119.604266, 37.36627], [-119.604422, 37.366152]]}, "props": {"MTFCC": "S1400", "NAME": null}}, {"geom": {"type": "LineString", "coordinates": [[-119.566028, 37.383597], [-119.566257, 37.383619], [-119.566945, 37.383688], [-119.567175, 37.383711]]}, "props": {"MTFCC": "S1400", "NAME": null}}, {"geom": {"type": "LineString", "coordinates": [[-119.573999, 37.387509], [-119.574315, 37.387943], [-119.57458, 37.388098], [-119.575376, 37.388561], [-119.575978, 37.388767], [-119.576579, 37.388886], [-119.577241, 37.389018], [-119.577929, 37.389498], [-119.57879, 37.389864], [-119.579338, 37.3904], [-119.579421, 37.390482], [-119.580195, 37.39055], [-119.580625, 37.390756], [-119.581371, 37.392106], [-119.58183, 37.392495], [-119.582891, 37.393021], [-119.58378, 37.393249], [-119.583988, 37.393215], [-119.58464, 37.393112], [-119.585529, 37.39286], [-119.585931, 37.392906], [-119.586189, 37.393089], [-119.586218, 37.393798]]}, "props": {"MTFCC": "S1400", "NAME": null}}, {"geom": {"type": "LineString", "coordinates": [[-119.442152, 37.471869], [-119.441737, 37.471858], [-119.441594, 37.471855], [-119.441055, 37.4719], [-119.440507, 37.472008], [-119.440487, 37.472013], [-119.440118, 37.472148]]}, "props": {"MTFCC": "S1400", "NAME": null}}, {"geom": {"type": "LineString", "coordinates": [[-119.300952, 37.40604], [-119.30078, 37.4062], [-119.299948, 37.407527], [-119.299575, 37.407847], [-119.298972, 37.408717], [-119.299001, 37.408923], [-119.299094, 37.409119], [-119.299316, 37.409587], [-119.299775, 37.409816], [-119.300779, 37.409884], [-119.301152, 37.410022], [-119.301295, 37.410204], [-119.301267, 37.41073], [-119.300894, 37.411417], [-119.299689, 37.412652], [-119.299373, 37.413407], [-119.299143, 37.413705], [-119.297307, 37.415192], [-119.296848, 37.415764], [-119.296308, 37.41699], [-119.296274, 37.417068], [-119.295413, 37.418006], [-119.294007, 37.419974]]}, "props": {"MTFCC": "S1400", "NAME": null}}, {"geom": {"type": "LineString", "coordinates": [[-119.298925, 37.430008], [-119.298626, 37.429779], [-119.298482, 37.429718], [-119.298136, 37.429574], [-119.297441, 37.429411], [-119.296933, 37.429394], [-119.296796, 37.42939], [-119.29641, 37.429472]]}, "props": {"MTFCC": "S1400", "NAME": null}}, {"geom": {"type": "LineString", "coordinates": [[-119.317518, 37.430113], [-119.317483, 37.43006], [-119.317378, 37.429901], [-119.317344, 37.429848], [-119.317263, 37.429724], [-119.318098, 37.428569], [-119.31973, 37.427543], [-119.321864, 37.425981], [-119.321887, 37.424407], [-119.321718, 37.423836], [-119.321636, 37.423557], [-119.32207, 37.42223], [-119.323194, 37.422038], [-119.325849, 37.420844], [-119.326818, 37.420869], [-119.327723, 37.418343], [-119.329301, 37.41617], [-119.329269, 37.415532], [-119.330283, 37.413895], [-119.329631, 37.41217], [-119.329343, 37.41044], [-119.329622, 37.409966], [-119.329147, 37.409341], [-119.32896, 37.408257], [-119.328086, 37.407128], [-119.32787, 37.405358], [-119.328313, 37.404395], [-119.328766, 37.403413], [-119.329749, 37.401864], [-119.330479, 37.400305], [-119.329897, 37.398613], [-119.330379, 37.397475], [-119.330333, 37.396824]]}, "props": {"MTFCC": "S1200", "NAME": null}}, {"geom": {"type": "LineString", "coordinates": [[-119.626178, 37.370486], [-119.62615, 37.370617], [-119.62608, 37.371223], [-119.626057, 37.371366], [-119.626011, 37.371546], [-119.625958, 37.371646], [-119.625916, 37.371698], [-119.625882, 37.37172], [-119.625815, 37.371744], [-119.625743, 37.371757], [-119.625646, 37.371775], [-119.625602, 37.371792], [-119.625455, 37.371866], [-119.625212, 37.371945], [-119.625073, 37.372001], [-119.625023, 37.372016], [-119.624978, 37.372021], [-119.624925, 37.372021], [-119.624819, 37.372005], [-119.624686, 37.371971], [-119.624562, 37.371929], [-119.624466, 37.371884], [-119.624316, 37.371797], [-119.624206, 37.371742], [-119.624029, 37.371683], [-119.623928, 37.371661], [-119.623839, 37.371653], [-119.623741, 37.37166], [-119.623655, 37.371679], [-119.623549, 37.371723], [-119.623468, 37.371769], [-119.623397, 37.371828], [-119.623153, 37.372079], [-119.622861, 37.372423], [-119.622805, 37.372514], [-119.622751, 37.37262], [-119.62269, 37.372784], [-119.622671, 37.372856], [-119.622606, 37.373146], [-119.622566, 37.373375], [-119.622532, 37.373577], [-119.622524, 37.373682], [-119.622541, 37.373786], [-119.622564, 37.373854], [-119.62262, 37.373933], [-119.622674, 37.373975], [-119.622729, 37.373997], [-119.622891, 37.374022], [-119.622989, 37.374031], [-119.623088, 37.374034], [-119.623398, 37.374019], [-119.623454, 37.374016]]}, "props": {"MTFCC": "S1400", "NAME": null}}, {"geom": {"type": "LineString", "coordinates": [[-119.725492, 37.370769], [-119.725385, 37.370971], [-119.725299, 37.371136], [-119.725339, 37.371634], [-119.725358, 37.371863]]}, "props": {"MTFCC": "S1740", "NAME": null}}, {"geom": {"type": "LineString", "coordinates": [[-119.423387, 37.467274], [-119.423494, 37.467727], [-119.423517, 37.467823], [-119.423898, 37.468082], [-119.424703, 37.468311], [-119.425151, 37.468439]]}, "props": {"MTFCC": "S1400", "NAME": null}}, {"geom": {"type": "LineString", "coordinates": [[-119.284726, 37.461484], [-119.285185, 37.46153], [-119.285759, 37.461484], [-119.286498, 37.460895], [-119.286793, 37.460661], [-119.28684, 37.460639], [-119.287769, 37.460203], [-119.288315, 37.459814], [-119.288745, 37.459311], [-119.289176, 37.459288], [-119.289606, 37.459448], [-119.29018, 37.459883], [-119.291472, 37.460433], [-119.291596, 37.460511], [-119.292161, 37.460868], [-119.292505, 37.461302], [-119.292965, 37.461508], [-119.293223, 37.461508], [-119.293348, 37.461627], [-119.293391, 37.462425], [-119.293494, 37.462724], [-119.29363, 37.463117], [-119.293793, 37.464521], [-119.294109, 37.465544], [-119.294263, 37.466261], [-119.294387, 37.466404], [-119.2944, 37.466446], [-119.294789, 37.467675], [-119.29509, 37.468637], [-119.2955, 37.469196], [-119.295799, 37.469825], [-119.295876, 37.469986], [-119.295811, 37.471201], [-119.296329, 37.47201], [-119.29666, 37.472358], [-119.297039, 37.473067], [-119.297205, 37.47323], [-119.297332, 37.473774], [-119.297099, 37.474778], [-119.297226, 37.475342], [-119.297503, 37.475608], [-119.297411, 37.476372], [-119.297388, 37.476571], [-119.29814, 37.477072], [-119.29852, 37.477737], [-119.298446, 37.47826]]}, "props": {"MTFCC": "S1400", "NAME": null}}, {"geom": {"type": "LineString", "coordinates": [[-119.330066, 37.371155], [-119.330124, 37.371659], [-119.329694, 37.372277], [-119.327916, 37.373902], [-119.3274, 37.374108], [-119.32611, 37.374337], [-119.325738, 37.374527], [-119.325577, 37.374943], [-119.325417, 37.375294], [-119.325417, 37.375696], [-119.325503, 37.375764], [-119.325532, 37.375902], [-119.325698, 37.376111], [-119.326535, 37.37716], [-119.326707, 37.377458], [-119.326765, 37.378167], [-119.326708, 37.378281], [-119.326392, 37.378876], [-119.326536, 37.379471], [-119.327195, 37.380364], [-119.327626, 37.381874], [-119.327884, 37.382171], [-119.329404, 37.382537], [-119.329863, 37.382858], [-119.330293, 37.383727], [-119.330408, 37.384322], [-119.330494, 37.384391], [-119.330666, 37.385123], [-119.330752, 37.385169], [-119.331355, 37.386588], [-119.331642, 37.386816], [-119.333076, 37.387091], [-119.333219, 37.387251], [-119.333391, 37.388464], [-119.335027, 37.389951], [-119.335514, 37.390202], [-119.336231, 37.390225], [-119.336547, 37.390317], [-119.336863, 37.390591], [-119.337208, 37.391232], [-119.33715, 37.392033], [-119.337065, 37.392422], [-119.337036, 37.393017], [-119.337046, 37.393027], [-119.337179, 37.393154], [-119.338155, 37.393337], [-119.338499, 37.393772], [-119.339474, 37.394069], [-119.339904, 37.394365], [-119.340536, 37.395258], [-119.340737, 37.396264], [-119.340508, 37.397271], [-119.340078, 37.398278], [-119.340107, 37.398461]]}, "props": {"MTFCC": "S1400", "NAME": null}}, {"geom": {"type": "LineString", "coordinates": [[-119.356361, 37.374214], [-119.356878, 37.374282], [-119.357707, 37.374943], [-119.357819, 37.375233], [-119.357877, 37.375439], [-119.358106, 37.375688], [-119.359052, 37.376099], [-119.359088, 37.376371], [-119.35911, 37.376534], [-119.359066, 37.376737], [-119.358996, 37.37706], [-119.358996, 37.377587], [-119.359197, 37.377816], [-119.360602, 37.378021], [-119.360717, 37.378181], [-119.360975, 37.37889], [-119.361234, 37.379325], [-119.361836, 37.379714], [-119.363901, 37.380445], [-119.36393, 37.380834], [-119.363615, 37.380995], [-119.363271, 37.381086], [-119.362525, 37.380606], [-119.362181, 37.380515], [-119.360747, 37.380561], [-119.360598, 37.380506], [-119.359743, 37.380195], [-119.358998, 37.380379], [-119.356933, 37.380196]]}, "props": {"MTFCC": "S1400", "NAME": null}}, {"geom": {"type": "LineString", "coordinates": [[-119.730509, 37.401244], [-119.730549, 37.401356], [-119.730609, 37.401522], [-119.730596, 37.401706], [-119.730589, 37.401826]]}, "props": {"MTFCC": "S1740", "NAME": null}}, {"geom": {"type": "LineString", "coordinates": [[-119.03314, 37.629672], [-119.033065, 37.629462], [-119.032961, 37.629168], [-119.032804, 37.628851], [-119.032706, 37.628653]]}, "props": {"MTFCC": "S1400", "NAME": null}}, {"geom": {"type": "LineString", "coordinates": [[-119.36187, 37.502005], [-119.360632, 37.501865], [-119.35921, 37.502117], [-119.358924, 37.502168], [-119.358363, 37.502055], [-119.357723, 37.5016], [-119.357279, 37.501212], [-119.355545, 37.500577], [-119.355153, 37.500556], [-119.353949, 37.500858], [-119.353333, 37.500767], [-119.351678, 37.500933], [-119.351623, 37.5009], [-119.350898, 37.500478], [-119.350253, 37.500526], [-119.349077, 37.500781]]}, "props": {"MTFCC": "S1200", "NAME": null}}, {"geom": {"type": "LineString", "coordinates": [[-119.323689, 37.513371], [-119.323122, 37.514416], [-119.322959, 37.515531], [-119.323235, 37.517664], [-119.323255, 37.517913], [-119.323297, 37.518405], [-119.323216, 37.519056], [-119.322821, 37.519799], [-119.321426, 37.521057], [-119.321115, 37.521637], [-119.321204, 37.522032], [-119.321524, 37.522497], [-119.321584, 37.522775], [-119.321499, 37.52303], [-119.321213, 37.523125], [-119.320785, 37.522948], [-119.320273, 37.522566], [-119.317819, 37.523488], [-119.317191, 37.523862], [-119.317139, 37.524605], [-119.317257, 37.524953], [-119.317173, 37.525277], [-119.317234, 37.525625], [-119.316979, 37.525998], [-119.316214, 37.526781], [-119.31564, 37.527371], [-119.315244, 37.528067], [-119.314999, 37.529875], [-119.315177, 37.530526], [-119.315456, 37.53105], [-119.315609, 37.531453], [-119.315686, 37.531494], [-119.316113, 37.531719], [-119.317136, 37.532046], [-119.317631, 37.532204]]}, "props": {"MTFCC": "S1400", "NAME": null}}, {"geom": {"type": "LineString", "coordinates": [[-119.736213, 37.398037], [-119.735762, 37.398006], [-119.735565, 37.397883], [-119.735527, 37.39777], [-119.735508, 37.397712], [-119.735416, 37.397483], [-119.734875, 37.397343], [-119.734369, 37.39729], [-119.733918, 37.397271], [-119.733554, 37.397041], [-119.73346, 37.39692], [-119.733345, 37.396773], [-119.733189, 37.396177], [-119.733182, 37.396138], [-119.733164, 37.396022], [-119.733158, 37.395984]]}, "props": {"MTFCC": "S1400", "NAME": null}}, {"geom": {"type": "LineString", "coordinates": [[-119.519544, 37.384298], [-119.52049, 37.384252], [-119.521427, 37.384421], [-119.522641, 37.384642], [-119.523043, 37.384986], [-119.523616, 37.385947], [-119.523989, 37.386244], [-119.524218, 37.386336], [-119.525451, 37.386382], [-119.525795, 37.386451], [-119.526146, 37.386821], [-119.526425, 37.387115], [-119.527343, 37.387298], [-119.52783, 37.387573]]}, "props": {"MTFCC": "S1400", "NAME": null}}, {"geom": {"type": "LineString", "coordinates": [[-119.381175, 37.416875], [-119.380884, 37.416588], [-119.380535, 37.416324], [-119.3801, 37.416198], [-119.379665, 37.416298], [-119.377792, 37.416985], [-119.377301, 37.416997], [-119.37714, 37.416887], [-119.377347, 37.416213], [-119.37688, 37.416], [-119.375962, 37.415786], [-119.37486, 37.415679], [-119.372958, 37.415786], [-119.372207, 37.415959], [-119.37196, 37.416053], [-119.371818, 37.416137], [-119.371748, 37.416185], [-119.371685, 37.416236], [-119.37163, 37.416292], [-119.371591, 37.416341], [-119.371532, 37.416449], [-119.371422, 37.416724], [-119.371386, 37.41683], [-119.371385, 37.416862]]}, "props": {"MTFCC": "S1400", "NAME": null}}, {"geom": {"type": "LineString", "coordinates": [[-119.71631721296296, 37.3641], [-119.716277, 37.364143], [-119.716186, 37.364256], [-119.716081, 37.364424], [-119.715937, 37.364659], [-119.715793, 37.364859], [-119.715716, 37.364942], [-119.715614, 37.365007], [-119.71549, 37.365057], [-119.715361, 37.365095], [-119.715244, 37.36511], [-119.715096, 37.365112], [-119.714793, 37.365133], [-119.714443, 37.365178], [-119.714312, 37.365196], [-119.713977, 37.365224], [-119.713798, 37.365245], [-119.713754, 37.36525], [-119.713629, 37.365252], [-119.713519, 37.365254], [-119.713252, 37.36523], [-119.713126, 37.365212], [-119.712959, 37.365189], [-119.712761, 37.365166], [-119.712377, 37.365123], [-119.712329, 37.365106], [-119.712285, 37.36508], [-119.712198, 37.365015], [-119.712131, 37.364966], [-119.71203, 37.364911], [-119.711765, 37.364864], [-119.711623, 37.364839], [-119.710962, 37.364816], [-119.710694, 37.364808], [-119.710433, 37.3648], [-119.709653, 37.364776], [-119.709393, 37.364769], [-119.708875, 37.36476], [-119.708147, 37.364748], [-119.707475, 37.364939], [-119.707348, 37.364949], [-119.706832, 37.364991]]}, "props": {"MTFCC": "S1400", "NAME": null}}, {"geom": {"type": "LineString", "coordinates": [[-119.723361, 37.365683], [-119.723271, 37.365756], [-119.723004, 37.365977], [-119.722915, 37.366051]]}, "props": {"MTFCC": "S1400", "NAME": null}}, {"geom": {"type": "LineString", "coordinates": [[-119.709393, 37.364769], [-119.709389, 37.365061], [-119.709377, 37.365938], [-119.709374, 37.366231]]}, "props": {"MTFCC": "S1740", "NAME": null}}, {"geom": {"type": "LineString", "coordinates": [[-119.717076, 37.364983], [-119.717214, 37.364987], [-119.717257, 37.364989], [-119.717461, 37.364901], [-119.717612, 37.364919], [-119.717751, 37.364936]]}, "props": {"MTFCC": "S1740", "NAME": null}}, {"geom": {"type": "LineString", "coordinates": [[-119.72493, 37.370603], [-119.724765, 37.370597], [-119.724613, 37.370592], [-119.724375, 37.370733], [-119.724309, 37.370739], [-119.724146, 37.370756]]}, "props": {"MTFCC": "S1740", "NAME": null}}, {"geom": {"type": "LineString", "coordinates": [[-119.713165, 37.372415], [-119.713219, 37.372473], [-119.713287, 37.372526], [-119.713377, 37.372587], [-119.7134, 37.3726], [-119.713475, 37.372642], [-119.713588, 37.372692], [-119.713687, 37.372724], [-119.713825, 37.37275], [-119.713925, 37.372759], [-119.714176, 37.372757], [-119.714276, 37.372762], [-119.714296, 37.372763], [-119.714378, 37.37278], [-119.714473, 37.372822], [-119.714555, 37.372869], [-119.714678, 37.37295], [-119.714764, 37.372996], [-119.714878, 37.373042], [-119.714987, 37.373066], [-119.715024, 37.373074], [-119.71526, 37.373104], [-119.715502, 37.373122], [-119.715613, 37.373139], [-119.715741, 37.373168], [-119.715887, 37.373222], [-119.71596, 37.373261], [-119.716064, 37.373343], [-119.716159, 37.373438], [-119.71627, 37.373571], [-119.716286, 37.37359], [-119.716475, 37.373853], [-119.716539, 37.373968], [-119.716562, 37.373978], [-119.716631, 37.374008], [-119.716655, 37.374018], [-119.716678, 37.374028], [-119.716749, 37.374058], [-119.716773, 37.374068], [-119.716835, 37.374094], [-119.71702, 37.374174], [-119.717082, 37.374208], [-119.717226, 37.374287], [-119.717339, 37.374383], [-119.717495, 37.374546], [-119.717572, 37.374591], [-119.7176, 37.3746], [-119.717688, 37.374628], [-119.717753, 37.374635], [-119.718071, 37.374628], [-119.718221, 37.374646], [-119.718274, 37.374662], [-119.718336, 37.374692], [-119.718453, 37.374779], [-119.718504, 37.374835], [-119.718565, 37.374954], [-119.718646, 37.375162], [-119.718846, 37.375771], [-119.718923, 37.376002], [-119.718947, 37.376053], [-119.719017, 37.376161], [-119.719054, 37.376242], [-119.719069, 37.376325], [-119.71906, 37.37638]]}, "props": {"MTFCC": "S1400", "NAME": null}}, {"geom": {"type": "LineString", "coordinates": [[-119.699896, 37.385978], [-119.699896, 37.386298], [-119.699982, 37.386344], [-119.699982, 37.386985], [-119.69964, 37.387421], [-119.699552, 37.387534], [-119.699495, 37.388334], [-119.699381, 37.388518], [-119.699008, 37.388678], [-119.69875, 37.388655], [-119.698492, 37.388426], [-119.698377, 37.387671], [-119.698033, 37.387145], [-119.697947, 37.38671], [-119.69809, 37.386275], [-119.698348, 37.386047], [-119.698375, 37.386034], [-119.698921, 37.385795], [-119.699524, 37.385795], [-119.699896, 37.385978]]}, "props": {"MTFCC": "S1400", "NAME": null}}, {"geom": {"type": "LineString", "coordinates": [[-119.714555, 37.372869], [-119.7146, 37.37276], [-119.714613, 37.37273], [-119.714754, 37.372456], [-119.714758, 37.372447], [-119.714817, 37.372346], [-119.714935, 37.372192], [-119.7152, 37.371849], [-119.715288, 37.371727], [-119.715402, 37.37157]]}, "props": {"MTFCC": "S1400", "NAME": null}}, {"geom": {"type": "LineString", "coordinates": [[-119.714912, 37.371978], [-119.714892, 37.372051], [-119.714835, 37.372272], [-119.714817, 37.372346]]}, "props": {"MTFCC": "S1400", "NAME": null}}, {"geom": {"type": "LineString", "coordinates": [[-119.716511, 37.388026], [-119.716302, 37.388], [-119.716174, 37.388002], [-119.716062, 37.387994], [-119.715957, 37.387988], [-119.715914, 37.387982], [-119.715876, 37.387966], [-119.715824, 37.387915], [-119.715795, 37.387862], [-119.715789, 37.387827], [-119.715801, 37.387678], [-119.715796, 37.387495], [-119.715782, 37.387329], [-119.715766, 37.387277], [-119.715734, 37.387229], [-119.715645, 37.387144], [-119.715587, 37.387101], [-119.715522, 37.387064], [-119.715422, 37.387017], [-119.715384, 37.387], [-119.715172, 37.386922], [-119.714999, 37.386866], [-119.714889, 37.38683], [-119.714768, 37.38678], [-119.71465, 37.386723], [-119.714538, 37.38666], [-119.714441, 37.386594], [-119.714261, 37.386448], [-119.714167, 37.386362], [-119.71411, 37.38631], [-119.714046, 37.386233], [-119.713997, 37.38616], [-119.713969, 37.386085], [-119.713953, 37.385984], [-119.713952, 37.385901], [-119.71396, 37.385819], [-119.714022, 37.385636], [-119.714052, 37.385497], [-119.714044, 37.385444], [-119.714027, 37.38542], [-119.713987, 37.385389], [-119.713939, 37.385363], [-119.713864, 37.385341], [-119.713783, 37.385339], [-119.713483, 37.385364], [-119.713385, 37.385383], [-119.713307, 37.385418], [-119.713221, 37.385486], [-119.713066, 37.385635], [-119.712929, 37.385794], [-119.712767, 37.386013], [-119.712709, 37.38612], [-119.712673, 37.386213], [-119.712657, 37.386295], [-119.712654, 37.386345], [-119.712661, 37.386394], [-119.712678, 37.386433], [-119.712731, 37.386506], [-119.712824, 37.386592], [-119.712971, 37.386668], [-119.713044, 37.386738], [-119.713059, 37.386766], [-119.713064, 37.386794], [-119.713058, 37.386852], [-119.713042, 37.386887], [-119.713018, 37.38692], [-119.712951, 37.386984], [-119.712856, 37.387049], [-119.712768, 37.387126], [-119.712684, 37.387213], [-119.712622, 37.387294], [-119.712564, 37.387373], [-119.712494, 37.387436], [-119.712455, 37.387462], [-119.712394, 37.387487], [-119.71211, 37.387551], [-119.711976, 37.387594], [-119.711771, 37.387688], [-119.711723, 37.387719], [-119.711599, 37.387801], [-119.711522, 37.387842], [-119.711481, 37.387857], [-119.711422, 37.387869]]}, "props": {"MTFCC": "S1400", "NAME": null}}, {"geom": {"type": "LineString", "coordinates": [[-119.714039, 37.391398], [-119.714125, 37.391461], [-119.714383, 37.391651], [-119.71447, 37.391715]]}, "props": {"MTFCC": "S1400", "NAME": null}}, {"geom": {"type": "LineString", "coordinates": [[-119.694495, 37.395902], [-119.694347, 37.396175], [-119.693905, 37.396995], [-119.693758, 37.397269]]}, "props": {"MTFCC": "S1740", "NAME": null}}, {"geom": {"type": "LineString", "coordinates": [[-119.724926, 37.407399], [-119.725117, 37.40733], [-119.725385, 37.407354], [-119.72554, 37.407395], [-119.725706, 37.407419], [-119.725873, 37.407372], [-119.725909, 37.407247], [-119.725855, 37.407122], [-119.72573, 37.407074], [-119.725522, 37.406985], [-119.725325, 37.407068]]}, "props": {"MTFCC": "S1740", "NAME": null}}, {"geom": {"type": "LineString", "coordinates": [[-119.679641, 37.381353], [-119.679489, 37.381042], [-119.679033, 37.380112], [-119.678882, 37.379803]]}, "props": {"MTFCC": "S1740", "NAME": null}}, {"geom": {"type": "LineString", "coordinates": [[-119.719602, 37.376375], [-119.719583, 37.376622], [-119.719587, 37.376637], [-119.719641, 37.376819], [-119.71978, 37.376854], [-119.719958, 37.37676], [-119.720116, 37.376682], [-119.720187, 37.376719], [-119.720275, 37.376765], [-119.720274, 37.37693]]}, "props": {"MTFCC": "S1400", "NAME": null}}, {"geom": {"type": "LineString", "coordinates": [[-119.716291, 37.388348], [-119.716426, 37.388403], [-119.716475, 37.388429], [-119.716687, 37.388551], [-119.71725, 37.388918], [-119.717277, 37.388935], [-119.717347, 37.389], [-119.717499, 37.389127], [-119.717593, 37.389228], [-119.717622, 37.389299], [-119.717637, 37.389353], [-119.717653, 37.389462], [-119.717646, 37.38955], [-119.717615, 37.389665], [-119.717428, 37.390102], [-119.717378, 37.390195], [-119.717345, 37.390257], [-119.717292, 37.390335], [-119.717259, 37.390404], [-119.717219, 37.390567], [-119.717181, 37.390746], [-119.717174, 37.390806], [-119.717187, 37.390947], [-119.717183, 37.391089], [-119.71716, 37.391171], [-119.717135, 37.391224], [-119.717101, 37.391273], [-119.717062, 37.391306], [-119.716976, 37.391368], [-119.716933, 37.391415], [-119.716896, 37.391466], [-119.716865, 37.391519], [-119.71684, 37.391574], [-119.71682, 37.391632], [-119.716807, 37.391692], [-119.716802, 37.391886], [-119.7168, 37.391979], [-119.716789, 37.392047], [-119.716746, 37.392166], [-119.716698, 37.392251], [-119.716576, 37.392425], [-119.716555, 37.39247], [-119.716539, 37.392547], [-119.716539, 37.392586], [-119.71656, 37.392662], [-119.716595, 37.39273], [-119.716625, 37.392772], [-119.716662, 37.392812], [-119.716707, 37.392892]]}, "props": {"MTFCC": "S1400", "NAME": null}}, {"geom": {"type": "LineString", "coordinates": [[-119.716338, 37.388279], [-119.716511, 37.388351], [-119.717, 37.388558], [-119.717105, 37.388603], [-119.718059, 37.388802], [-119.71891, 37.388886], [-119.719072, 37.388747], [-119.71918, 37.388657], [-119.719286, 37.388298], [-119.719163, 37.388135]]}, "props": {"MTFCC": "S1400", "NAME": null}}, {"geom": {"type": "LineString", "coordinates": [[-119.091655, 37.68279], [-119.091809, 37.683422], [-119.092266, 37.683736], [-119.092487, 37.683888], [-119.09269, 37.684089], [-119.092802, 37.684418], [-119.092904, 37.684756], [-119.093259, 37.685022], [-119.093886, 37.685327], [-119.094099, 37.685496], [-119.094505, 37.685954], [-119.094778, 37.686148], [-119.095761, 37.686847]]}, "props": {"MTFCC": "S1400", "NAME": null}}, {"geom": {"type": "LineString", "coordinates": [[-119.058476, 37.654691], [-119.058598, 37.654703], [-119.058633, 37.654706], [-119.059107, 37.654755], [-119.059265, 37.654772]]}, "props": {"MTFCC": "S1400", "NAME": null}}, {"geom": {"type": "LineString", "coordinates": [[-119.05297, 37.644343], [-119.053158, 37.644216], [-119.053352, 37.644087], [-119.053616, 37.643723], [-119.05375, 37.643539]]}, "props": {"MTFCC": "S1400", "NAME": null}}, {"geom": {"type": "LineString", "coordinates": [[-119.054571, 37.639395], [-119.054773, 37.639151], [-119.05512, 37.638734], [-119.055463, 37.638515], [-119.055731, 37.638346]]}, "props": {"MTFCC": "S1400", "NAME": null}}, {"geom": {"type": "LineString", "coordinates": [[-119.72288, 37.375333], [-119.722904, 37.37528], [-119.722903, 37.375255], [-119.722901, 37.375166], [-119.722822, 37.375066], [-119.722791, 37.37506], [-119.722711, 37.375044]]}, "props": {"MTFCC": "S1740", "NAME": null}}, {"geom": {"type": "LineString", "coordinates": [[-119.724926, 37.407399], [-119.725144, 37.407513], [-119.725406, 37.40765]]}, "props": {"MTFCC": "S1740", "NAME": null}}, {"geom": {"type": "LineString", "coordinates": [[-119.732834, 37.410641], [-119.732571, 37.410623], [-119.732109, 37.410592], [-119.731784, 37.41058], [-119.731522, 37.410572]]}, "props": {"MTFCC": "S1740", "NAME": null}}, {"geom": {"type": "LineString", "coordinates": [[-119.49048, 37.414586], [-119.490422, 37.414792], [-119.489505, 37.415135], [-119.488616, 37.415387], [-119.487267, 37.415594], [-119.486809, 37.41596], [-119.486092, 37.417311], [-119.48595, 37.41834], [-119.485549, 37.418935], [-119.48534, 37.419192], [-119.48466, 37.420034], [-119.484517, 37.420377], [-119.484546, 37.420766], [-119.485637, 37.422505], [-119.485637, 37.423054], [-119.485494, 37.423581], [-119.485552, 37.424015], [-119.485724, 37.42413], [-119.485782, 37.424381], [-119.485409, 37.425457], [-119.485295, 37.426029], [-119.485009, 37.426738], [-119.48346, 37.427746], [-119.481968, 37.427907], [-119.481567, 37.428136], [-119.481194, 37.429349], [-119.480735, 37.429692], [-119.479588, 37.430264], [-119.478986, 37.430698], [-119.476232, 37.431615], [-119.475888, 37.431981], [-119.475429, 37.432988], [-119.475315, 37.433835], [-119.475229, 37.433949], [-119.473823, 37.434224], [-119.473786, 37.434268], [-119.473192, 37.434979], [-119.472102, 37.435369], [-119.471672, 37.435872], [-119.472131, 37.436421], [-119.472131, 37.436719], [-119.472045, 37.43681], [-119.470869, 37.437245], [-119.469233, 37.437681], [-119.469003, 37.437841], [-119.468774, 37.438367]]}, "props": {"MTFCC": "S1400", "NAME": null}}, {"geom": {"type": "LineString", "coordinates": [[-119.746173, 37.396535], [-119.746578, 37.396663], [-119.747293, 37.396891], [-119.747755, 37.397144], [-119.747877, 37.397211], [-119.748164, 37.39722], [-119.748183, 37.397402], [-119.748596, 37.398062], [-119.749081, 37.398835], [-119.749733, 37.399334], [-119.750261, 37.400359], [-119.750319, 37.400472], [-119.750788, 37.400484], [-119.751153, 37.400516], [-119.751458, 37.400543], [-119.752182, 37.400757], [-119.753736, 37.401217], [-119.754693, 37.401335], [-119.755294, 37.401308], [-119.756355, 37.401263], [-119.756596, 37.401252], [-119.757476, 37.401431], [-119.757829, 37.401504], [-119.759119, 37.401985], [-119.760151, 37.402168], [-119.760741, 37.402404], [-119.760954, 37.402489], [-119.761728, 37.40297]]}, "props": {"MTFCC": "S1400", "NAME": null}}, {"geom": {"type": "LineString", "coordinates": [[-119.80770318781725, 37.3641], [-119.8077, 37.364257], [-119.807693, 37.364756], [-119.807931, 37.36508], [-119.80791, 37.365427], [-119.807492, 37.365776], [-119.807415, 37.366125], [-119.807466, 37.367004], [-119.807712, 37.367676], [-119.807563, 37.368603], [-119.807331, 37.36879], [-119.806584, 37.369673], [-119.80612, 37.370574], [-119.806004, 37.371948], [-119.805916, 37.372047], [-119.804785, 37.37333], [-119.804367, 37.374508], [-119.80413, 37.37477], [-119.803539, 37.374658], [-119.803079, 37.374454], [-119.802829, 37.374439], [-119.801427, 37.375183], [-119.801274, 37.375568], [-119.801255, 37.375865], [-119.801602, 37.376363], [-119.801671, 37.37677], [-119.801642, 37.377098], [-119.801569, 37.377919], [-119.801637, 37.378557], [-119.801602, 37.379098], [-119.801851, 37.379524], [-119.801921, 37.38064], [-119.802028, 37.382313], [-119.802312, 37.382911], [-119.802703, 37.38402], [-119.802749, 37.384483]]}, "props": {"MTFCC": "S1400", "NAME": null}}, {"geom": {"type": "LineString", "coordinates": [[-119.740792, 37.396094], [-119.740643, 37.394388], [-119.741034, 37.394192], [-119.741164, 37.394192], [-119.74136, 37.394192], [-119.741425, 37.394192], [-119.741555, 37.393997], [-119.741555, 37.393932], [-119.74162, 37.393867], [-119.74162, 37.393736], [-119.741816, 37.393671]]}, "props": {"MTFCC": "S1400", "NAME": null}}, {"geom": {"type": "LineString", "coordinates": [[-119.730241, 37.417224], [-119.73036, 37.417276], [-119.73222, 37.417062], [-119.733017, 37.417082], [-119.733963, 37.417223], [-119.734377, 37.417473], [-119.734525, 37.417621], [-119.734544, 37.417754]]}, "props": {"MTFCC": "S1400", "NAME": null}}, {"geom": {"type": "LineString", "coordinates": [[-119.747845, 37.395557], [-119.747855, 37.395143], [-119.747886, 37.393903], [-119.747897, 37.39349]]}, "props": {"MTFCC": "S1400", "NAME": null}}, {"geom": {"type": "LineString", "coordinates": [[-119.739557, 37.377528], [-119.739645, 37.377517], [-119.739693, 37.377518], [-119.739736, 37.377529], [-119.739772, 37.377549], [-119.739819, 37.377594], [-119.739947, 37.377814], [-119.740155, 37.378079], [-119.740189, 37.378137], [-119.740233, 37.378243], [-119.740249, 37.378332], [-119.740242, 37.378438], [-119.740235, 37.378461], [-119.740216, 37.378528], [-119.740128, 37.378716], [-119.740111, 37.378782], [-119.740136, 37.378862], [-119.740159, 37.3789], [-119.740227, 37.378983], [-119.74026, 37.379065], [-119.740271, 37.37913], [-119.740273, 37.3792], [-119.74024, 37.379388], [-119.740244, 37.379461], [-119.740267, 37.379528], [-119.740319, 37.379583], [-119.740353, 37.379606], [-119.740411, 37.379626], [-119.7406, 37.379619], [-119.740663, 37.37961], [-119.740721, 37.379593], [-119.740766, 37.379568], [-119.740844, 37.379502], [-119.74089, 37.379452], [-119.740969, 37.379345], [-119.741138, 37.379143], [-119.741283, 37.378911], [-119.741392, 37.378782], [-119.741461, 37.378678], [-119.741656, 37.378291], [-119.741688, 37.378214], [-119.741725, 37.378054], [-119.741768, 37.377734], [-119.741773, 37.377708], [-119.741795, 37.377603], [-119.741885, 37.377416], [-119.742059, 37.377102], [-119.742243, 37.376614], [-119.742281, 37.376536]]}, "props": {"MTFCC": "S1400", "NAME": null}}, {"geom": {"type": "LineString", "coordinates": [[-119.736687, 37.368624], [-119.736613, 37.369381], [-119.736392, 37.371655], [-119.736319, 37.372413]]}, "props": {"MTFCC": "S1400", "NAME": null}}, {"geom": {"type": "LineString", "coordinates": [[-119.757771, 37.391721], [-119.758015, 37.391828], [-119.758405, 37.391999], [-119.758756, 37.392137], [-119.759005, 37.392235]]}, "props": {"MTFCC": "S1400", "NAME": null}}, {"geom": {"type": "LineString", "coordinates": [[-119.51682540978076, 37.3641], [-119.516808, 37.364278], [-119.51609, 37.365743], [-119.515001, 37.366658], [-119.513481, 37.367549], [-119.513108, 37.367824], [-119.512993, 37.36819], [-119.512964, 37.368625], [-119.513107, 37.369037], [-119.513164, 37.370043], [-119.513364, 37.37073], [-119.513995, 37.371371], [-119.516346, 37.371967], [-119.517206, 37.372104], [-119.51755, 37.372287], [-119.51755, 37.37247], [-119.516718, 37.372699], [-119.515175, 37.37283], [-119.515113, 37.372836], [-119.514769, 37.372996], [-119.513821, 37.373773], [-119.513047, 37.37391], [-119.511642, 37.373887], [-119.511126, 37.373749], [-119.509665, 37.372925], [-119.509149, 37.372788], [-119.508471, 37.372987], [-119.508374, 37.373016], [-119.50809, 37.373265], [-119.507829, 37.373496], [-119.5076, 37.37384], [-119.507628, 37.374], [-119.508058, 37.374275], [-119.508461, 37.374533], [-119.509102, 37.374942], [-119.509738, 37.375305], [-119.509915, 37.375406], [-119.510259, 37.375805], [-119.510574, 37.376057], [-119.511663, 37.376538], [-119.512524, 37.37711], [-119.512925, 37.377202], [-119.513636, 37.37722], [-119.513814, 37.377225], [-119.51433, 37.377408], [-119.514301, 37.377637], [-119.513814, 37.377866], [-119.51367, 37.378026], [-119.513556, 37.378075], [-119.512623, 37.378484], [-119.512523, 37.378529], [-119.512294, 37.378506], [-119.51215, 37.378826], [-119.511748, 37.379169], [-119.511652, 37.37919], [-119.510199, 37.379512], [-119.509567, 37.380473], [-119.509307, 37.380607], [-119.508822, 37.380861], [-119.508421, 37.381014], [-119.508162, 37.381113], [-119.507818, 37.381341], [-119.507801, 37.381581], [-119.50776, 37.382211], [-119.506927, 37.383148], [-119.506899, 37.383423], [-119.506989, 37.383466], [-119.507328, 37.383629], [-119.507482, 37.383651], [-119.508404, 37.383786], [-119.509221, 37.383905], [-119.509824, 37.384111], [-119.509996, 37.384294], [-119.509967, 37.38466], [-119.509479, 37.38514], [-119.509479, 37.385252], [-119.509479, 37.385369], [-119.510039, 37.385858], [-119.510109, 37.385919], [-119.510396, 37.386376], [-119.510568, 37.386445], [-119.512489, 37.386835], [-119.513119, 37.38727], [-119.513148, 37.38759], [-119.512861, 37.388048], [-119.512889, 37.388368], [-119.513118, 37.388803], [-119.513319, 37.388986], [-119.513605, 37.389444], [-119.513691, 37.389879], [-119.513604, 37.390748], [-119.513059, 37.392167], [-119.512829, 37.392395], [-119.511117, 37.393476], [-119.509501, 37.394498], [-119.508956, 37.395093], [-119.50887, 37.395276], [-119.508582, 37.395688], [-119.50833, 37.395876], [-119.50783, 37.395871], [-119.50736, 37.395894], [-119.506535, 37.39578], [-119.506368, 37.395757], [-119.505593, 37.396002], [-119.505072, 37.396077], [-119.504718, 37.395864], [-119.504296, 37.395637], [-119.503859, 37.395686], [-119.50357, 37.396053], [-119.503446, 37.396496], [-119.50324, 37.396835], [-119.5032, 37.397253], [-119.50315, 37.398154], [-119.503359, 37.398467], [-119.50367, 37.398583], [-119.503945, 37.398791], [-119.504108, 37.398882], [-119.50419, 37.398907], [-119.504257, 37.398912], [-119.505081, 37.399255], [-119.50531, 37.399224], [-119.505597, 37.399187], [-119.505962, 37.399012], [-119.506171, 37.398913], [-119.506273, 37.398913], [-119.506447, 37.398913], [-119.506582, 37.398913], [-119.506685, 37.398913], [-119.506831, 37.398913], [-119.507011, 37.398945], [-119.507605, 37.399051], [-119.50799, 37.399028], [-119.508319, 37.39901], [-119.508959, 37.398973], [-119.509613, 37.398937], [-119.510186, 37.399098], [-119.510559, 37.399395], [-119.510666, 37.399559], [-119.510903, 37.399922], [-119.510931, 37.400128]]}, "props": {"MTFCC": "S1400", "NAME": null}}, {"geom": {"type": "LineString", "coordinates": [[-119.300952, 37.40604], [-119.301333, 37.4063], [-119.301364, 37.406833], [-119.301525, 37.407008], [-119.302102, 37.407198], [-119.302221, 37.407209], [-119.303896, 37.407378], [-119.304502, 37.407521], [-119.305572, 37.407946], [-119.306199, 37.408359], [-119.306493, 37.408733], [-119.306615, 37.40913], [-119.306491, 37.409902], [-119.306448, 37.410172], [-119.306051, 37.411212], [-119.30603, 37.411632], [-119.306127, 37.411752], [-119.306229, 37.411856], [-119.306429, 37.411992], [-119.307392, 37.412649], [-119.307646, 37.412823], [-119.307701, 37.412883], [-119.30798, 37.413248], [-119.308296, 37.413866], [-119.308436, 37.41399], [-119.308554, 37.414094], [-119.308652, 37.41413], [-119.309243, 37.414346], [-119.310017, 37.414987], [-119.310247, 37.415559], [-119.311107, 37.416635], [-119.311279, 37.417207], [-119.311423, 37.417481], [-119.311661, 37.417616], [-119.312025, 37.417824], [-119.312685, 37.418808]]}, "props": {"MTFCC": "S1400", "NAME": null}}, {"geom": {"type": "LineString", "coordinates": [[-119.57127, 37.499352], [-119.571067, 37.499301], [-119.570694, 37.498386], [-119.570561, 37.498136], [-119.570464, 37.497951], [-119.57032, 37.497356], [-119.570349, 37.49635], [-119.570205, 37.495961], [-119.569889, 37.495686], [-119.569027, 37.495366], [-119.568349, 37.494837], [-119.567648, 37.494291], [-119.567103, 37.494062], [-119.566988, 37.494199], [-119.567045, 37.494519], [-119.567476, 37.495023], [-119.567606, 37.495416], [-119.56762, 37.495458], [-119.56762, 37.496304], [-119.567763, 37.496487], [-119.567792, 37.497379], [-119.567275, 37.49818], [-119.566787, 37.498569], [-119.566242, 37.498775], [-119.565678, 37.498862], [-119.565352, 37.498913], [-119.565036, 37.499142], [-119.564863, 37.49937], [-119.564777, 37.499938]]}, "props": {"MTFCC": "S1400", "NAME": null}}, {"geom": {"type": "LineString", "coordinates": [[-119.282788, 37.543605], [-119.283184, 37.54421], [-119.283495, 37.544703], [-119.283637, 37.54512], [-119.283756, 37.54547], [-119.283735, 37.54593], [-119.283864, 37.54694], [-119.283813, 37.547852], [-119.283862, 37.548361], [-119.283982, 37.548935], [-119.284334, 37.549613], [-119.284801, 37.550019], [-119.284948, 37.550147], [-119.285259, 37.550382], [-119.285481, 37.550536], [-119.285521, 37.550778], [-119.28547, 37.55102], [-119.285258, 37.551359]]}, "props": {"MTFCC": "S1400", "NAME": null}}, {"geom": {"type": "LineString", "coordinates": [[-119.292974, 37.543736], [-119.292402, 37.544019], [-119.292284, 37.544079], [-119.290991, 37.545017], [-119.290814, 37.545063], [-119.290646, 37.545108], [-119.290242, 37.54488], [-119.289035, 37.544605], [-119.288515, 37.544673], [-119.288346, 37.544696], [-119.28711, 37.545359], [-119.28642, 37.546115], [-119.286276, 37.546595], [-119.286218, 37.547556], [-119.286448, 37.548151], [-119.286707, 37.548517], [-119.286827, 37.548588], [-119.287052, 37.548723], [-119.287627, 37.548861], [-119.288518, 37.548678]]}, "props": {"MTFCC": "S1400", "NAME": null}}, {"geom": {"type": "LineString", "coordinates": [[-119.636881, 37.461356], [-119.636913, 37.46133], [-119.636996, 37.461264], [-119.63699, 37.461247], [-119.636979, 37.461208], [-119.636793, 37.460616], [-119.63679, 37.459829], [-119.637018, 37.459459], [-119.638134, 37.459059], [-119.638161, 37.458943], [-119.63826, 37.45882], [-119.638589, 37.458411], [-119.638588, 37.458134], [-119.638583, 37.456722], [-119.638811, 37.456235], [-119.639811, 37.455307], [-119.639896, 37.455052], [-119.639875, 37.454974], [-119.63984, 37.454843], [-119.63981, 37.454729], [-119.639376, 37.454125], [-119.639375, 37.4538], [-119.640233, 37.453173], [-119.641778, 37.45277], [-119.641919, 37.452469], [-119.641862, 37.452261], [-119.640939, 37.451586], [-119.640823, 37.451377], [-119.640823, 37.451122], [-119.641279, 37.450612], [-119.642337, 37.450214], [-119.642937, 37.449864], [-119.643022, 37.449747], [-119.642965, 37.449056], [-119.642933, 37.44866], [-119.642357, 37.448379], [-119.641493, 37.448462], [-119.639476, 37.449219], [-119.638554, 37.449485], [-119.638179, 37.449436], [-119.63792, 37.449203], [-119.637948, 37.448763], [-119.638232, 37.448207], [-119.638546, 37.447837], [-119.63906, 37.447464], [-119.640205, 37.447432], [-119.64049, 37.447222], [-119.641032, 37.446342], [-119.641286, 37.445463], [-119.641341, 37.444422], [-119.641598, 37.444165], [-119.642342, 37.444138], [-119.642914, 37.444337], [-119.643006, 37.444514], [-119.643197, 37.44488], [-119.64331, 37.445196], [-119.643796, 37.445557], [-119.643995, 37.445623], [-119.646226, 37.445719], [-119.646827, 37.445896], [-119.647885, 37.446525], [-119.648165, 37.447724], [-119.648592, 37.448447], [-119.648591, 37.448628]]}, "props": {"MTFCC": "S1400", "NAME": null}}, {"geom": {"type": "LineString", "coordinates": [[-119.082859, 37.640283], [-119.082849, 37.640485], [-119.082821, 37.641092], [-119.082813, 37.641295]]}, "props": {"MTFCC": "S1400", "NAME": null}}, {"geom": {"type": "LineString", "coordinates": [[-119.077726, 37.638723], [-119.077955, 37.639219], [-119.078143, 37.639618], [-119.078423, 37.640586], [-119.078456, 37.640793], [-119.078546, 37.641337]]}, "props": {"MTFCC": "S1400", "NAME": null}}, {"geom": {"type": "LineString", "coordinates": [[-119.70426, 37.40776], [-119.704462, 37.407811], [-119.705068, 37.407967], [-119.705271, 37.408019]]}, "props": {"MTFCC": "S1740", "NAME": null}}, {"geom": {"type": "LineString", "coordinates": [[-119.632163, 37.387293], [-119.632267, 37.387171], [-119.632331, 37.387099], [-119.632433, 37.386802], [-119.632441, 37.386732], [-119.632462, 37.386573], [-119.632462, 37.3865], [-119.632462, 37.386282], [-119.63245, 37.386211]]}, "props": {"MTFCC": "S1400", "NAME": null}}, {"geom": {"type": "LineString", "coordinates": [[-119.63319529729729, 37.3641], [-119.632574, 37.364352], [-119.63246, 37.364383], [-119.632361, 37.364393], [-119.631971, 37.364395], [-119.631869, 37.364398], [-119.631777, 37.364407], [-119.631608, 37.364439], [-119.631431, 37.364491], [-119.631301, 37.364538], [-119.631182, 37.364598], [-119.631104, 37.364648], [-119.631031, 37.364702], [-119.630929, 37.364792], [-119.630829, 37.364902], [-119.63075, 37.365018], [-119.630704, 37.365106], [-119.630655, 37.365226], [-119.630636, 37.365284], [-119.630607, 37.365376], [-119.630593, 37.365473], [-119.63061, 37.365585], [-119.630681, 37.365997], [-119.630708, 37.366146], [-119.630709, 37.366245], [-119.630693, 37.366348], [-119.63065, 37.366502], [-119.630542, 37.366747], [-119.630466, 37.366899], [-119.630413, 37.36699], [-119.630332, 37.367074], [-119.630135, 37.367319], [-119.629825, 37.367736], [-119.629779, 37.367802], [-119.629545, 37.368143], [-119.629441, 37.368311], [-119.629397, 37.368397], [-119.629364, 37.368482], [-119.629311, 37.368692], [-119.629269, 37.368897], [-119.629262, 37.36898], [-119.629265, 37.369063], [-119.629307, 37.369345], [-119.629314, 37.369398], [-119.629344, 37.369529], [-119.629374, 37.369613], [-119.629717, 37.370318], [-119.629854, 37.370646], [-119.629918, 37.370797], [-119.629982, 37.370955], [-119.629985, 37.371006], [-119.630005, 37.371332], [-119.629995, 37.371527], [-119.629972, 37.371649], [-119.629938, 37.371725], [-119.629838, 37.371952], [-119.629805, 37.372029], [-119.629789, 37.372064], [-119.629783, 37.372078], [-119.629712, 37.372149], [-119.629685, 37.372177], [-119.629625, 37.372239], [-119.629616, 37.372246], [-119.629405, 37.37245], [-119.629335, 37.372518], [-119.629205, 37.372643], [-119.629141, 37.372711], [-119.629024, 37.372836], [-119.628894, 37.372974], [-119.628569, 37.3733], [-119.628476, 37.373394], [-119.628369, 37.373486], [-119.628233, 37.373629], [-119.628077, 37.373786], [-119.627895, 37.37397], [-119.627765, 37.374106], [-119.627649, 37.374227], [-119.627571, 37.374315], [-119.627448, 37.374466], [-119.627249, 37.374728], [-119.627214, 37.374775], [-119.627001, 37.375065], [-119.626966, 37.375133], [-119.626905, 37.375257], [-119.626899, 37.37527], [-119.626721, 37.375551], [-119.626659, 37.375662], [-119.626602, 37.375766], [-119.626578, 37.375811], [-119.626565, 37.375839], [-119.6265, 37.376011], [-119.626493, 37.376029], [-119.626398, 37.376306], [-119.626309, 37.376564], [-119.626264, 37.376752], [-119.626213, 37.377048], [-119.626179, 37.377372], [-119.626162, 37.377694], [-119.62616, 37.377746], [-119.626155, 37.378097], [-119.626174, 37.378368], [-119.626202, 37.378559], [-119.626223, 37.378667], [-119.62624, 37.378751], [-119.626314, 37.379039], [-119.626374, 37.379362], [-119.626414, 37.379522], [-119.626491, 37.379733], [-119.626557, 37.379865], [-119.626611, 37.379951], [-119.626927, 37.380387], [-119.626987, 37.380453], [-119.627045, 37.380501], [-119.627092, 37.38054], [-119.627462, 37.380794], [-119.628243, 37.381293], [-119.628622, 37.381546], [-119.628654, 37.381568], [-119.628843, 37.381682], [-119.629174, 37.381882], [-119.629513, 37.382099], [-119.629756, 37.38227], [-119.629913, 37.382398], [-119.63005, 37.382526], [-119.630132, 37.382616], [-119.630215, 37.382716], [-119.630314, 37.382916], [-119.630354, 37.383019], [-119.63036, 37.383032], [-119.630394, 37.383147], [-119.630416, 37.383265], [-119.630407, 37.383768], [-119.63041, 37.384013], [-119.630411, 37.384029], [-119.630425, 37.384114], [-119.630448, 37.384189], [-119.630511, 37.384329], [-119.630547, 37.38441], [-119.63071, 37.384778], [-119.631016, 37.38547], [-119.631208, 37.385881], [-119.63133, 37.386116], [-119.631558, 37.386552], [-119.631588, 37.386609], [-119.631653, 37.386719], [-119.631683, 37.386769], [-119.631777, 37.386905], [-119.63188, 37.387037], [-119.632004, 37.387162], [-119.632013, 37.38717], [-119.632152, 37.387286], [-119.632163, 37.387293], [-119.632205, 37.387323], [-119.632227, 37.387338], [-119.632305, 37.387389], [-119.632448, 37.387468], [-119.6325, 37.387492], [-119.632608, 37.387543], [-119.632799, 37.387616], [-119.633017, 37.387686], [-119.633287, 37.387752], [-119.633521, 37.387817], [-119.63362, 37.38785], [-119.633993, 37.387975], [-119.634112, 37.388051], [-119.634212, 37.388106], [-119.634299, 37.388163], [-119.634353, 37.388208], [-119.634381, 37.38823], [-119.634452, 37.388302], [-119.634548, 37.388407], [-119.634649, 37.388517], [-119.634716, 37.388604], [-119.634762, 37.388683], [-119.634807, 37.388786], [-119.634854, 37.388936], [-119.634884, 37.389028], [-119.634898, 37.389086], [-119.634936, 37.389238], [-119.634941, 37.389271], [-119.635032, 37.389836], [-119.635034, 37.389846], [-119.63504, 37.389911], [-119.635051, 37.390026], [-119.635045, 37.390097], [-119.635044, 37.390112], [-119.635019, 37.390252], [-119.634979, 37.390337], [-119.634943, 37.390401], [-119.634878, 37.390493], [-119.634768, 37.390608], [-119.634639, 37.390761], [-119.634515, 37.390886], [-119.634456, 37.390957], [-119.634398, 37.39106], [-119.634348, 37.391173], [-119.634311, 37.391286], [-119.634285, 37.391402], [-119.63428, 37.391475], [-119.634284, 37.391622], [-119.634309, 37.391807], [-119.634362, 37.392075], [-119.634374, 37.392169], [-119.634379, 37.39221], [-119.634378, 37.392322], [-119.634355, 37.392548], [-119.634319, 37.392758], [-119.634264, 37.392991], [-119.634252, 37.393033], [-119.634149, 37.393404], [-119.63407, 37.39369], [-119.634012, 37.393899], [-119.633909, 37.394302], [-119.633847, 37.394504], [-119.633793, 37.394635], [-119.63374, 37.394744], [-119.633693, 37.394825], [-119.633679, 37.39485], [-119.63362, 37.394932], [-119.633553, 37.395011], [-119.633493, 37.39507], [-119.633457, 37.395099], [-119.633303, 37.395223], [-119.633121, 37.395347], [-119.632834, 37.395534], [-119.632738, 37.395601], [-119.632713, 37.395625], [-119.632655, 37.395683], [-119.632579, 37.395787], [-119.632515, 37.395901], [-119.632462, 37.396028], [-119.632423, 37.396153], [-119.632396, 37.396272], [-119.63239, 37.396349], [-119.6324, 37.396504], [-119.632422, 37.396602], [-119.632464, 37.396711], [-119.632528, 37.396839], [-119.632665, 37.39704], [-119.632691, 37.397093], [-119.632739, 37.397199], [-119.632808, 37.397394], [-119.632835, 37.397494], [-119.632842, 37.397559], [-119.632842, 37.397571], [-119.632841, 37.397625], [-119.632829, 37.39773], [-119.632799, 37.39785], [-119.632769, 37.397928], [-119.632732, 37.397996], [-119.632615, 37.398158], [-119.632455, 37.398407], [-119.632299, 37.398629], [-119.632029, 37.398978], [-119.631773, 37.399308], [-119.631554, 37.399596], [-119.631362, 37.399848], [-119.631239, 37.400027], [-119.631167, 37.40015], [-119.631075, 37.400331], [-119.631038, 37.400424], [-119.631005, 37.400536], [-119.630976, 37.400691], [-119.630967, 37.400812], [-119.630974, 37.400913], [-119.631042, 37.401139], [-119.631058, 37.401252], [-119.631062, 37.401366], [-119.631055, 37.401465], [-119.631048, 37.401502], [-119.631037, 37.401563], [-119.630998, 37.401692], [-119.630968, 37.401756], [-119.630852, 37.401941], [-119.630752, 37.402086], [-119.630551, 37.40238], [-119.630313, 37.40277], [-119.629942, 37.403343], [-119.6298, 37.403542], [-119.629662, 37.403744], [-119.629579, 37.403884], [-119.629509, 37.404028], [-119.629483, 37.404114], [-119.629448, 37.40429], [-119.629423, 37.404489], [-119.629408, 37.404741], [-119.629412, 37.405013], [-119.629449, 37.405671], [-119.629471, 37.405824], [-119.629579, 37.406401], [-119.629651, 37.406749], [-119.629765, 37.407304], [-119.629804, 37.407536], [-119.629849, 37.407768], [-119.6299, 37.407979], [-119.629923, 37.408158], [-119.629947, 37.408553], [-119.629941, 37.408677], [-119.629917, 37.408818], [-119.629901, 37.408871], [-119.629883, 37.408919], [-119.629831, 37.409028], [-119.629764, 37.409098], [-119.629694, 37.409172], [-119.629632, 37.409286], [-119.629458, 37.409591], [-119.629304, 37.409836], [-119.629212, 37.409983], [-119.628886, 37.410466], [-119.628763, 37.410671], [-119.628692, 37.410817], [-119.628618, 37.411024], [-119.628569, 37.411237], [-119.628525, 37.411404], [-119.628469, 37.411557], [-119.628411, 37.411672], [-119.628393, 37.411706], [-119.628317, 37.41182], [-119.628206, 37.411955], [-119.628059, 37.412143], [-119.628017, 37.41221], [-119.627989, 37.412269], [-119.627897, 37.41265], [-119.627842, 37.412935], [-119.627823, 37.413077], [-119.627822, 37.413091], [-119.627749, 37.413646], [-119.627718, 37.413812], [-119.627693, 37.413886], [-119.627632, 37.414033], [-119.627577, 37.41414], [-119.62755, 37.414187], [-119.627544, 37.414197], [-119.627509, 37.414252], [-119.627408, 37.414397], [-119.627179, 37.414694], [-119.62694, 37.414967], [-119.626821, 37.415118], [-119.62672, 37.415269], [-119.626635, 37.415423], [-119.626574, 37.41557], [-119.62654, 37.415706], [-119.626534, 37.415785], [-119.626536, 37.415943], [-119.626552, 37.416056], [-119.626591, 37.416204], [-119.62666, 37.416396], [-119.626755, 37.416588], [-119.626832, 37.416714], [-119.626905, 37.416807], [-119.626943, 37.416846], [-119.627072, 37.416953], [-119.627217, 37.417048], [-119.627342, 37.417111], [-119.627523, 37.41719], [-119.627756, 37.417268], [-119.627884, 37.417319], [-119.627936, 37.417348], [-119.628083, 37.417447], [-119.62825, 37.41758], [-119.628322, 37.417645], [-119.62836, 37.417684], [-119.628387, 37.417712], [-119.628441, 37.417783], [-119.62847, 37.417834], [-119.628561, 37.418017], [-119.628626, 37.418133], [-119.628658, 37.418192], [-119.628796, 37.418449], [-119.629171, 37.419246], [-119.629296, 37.4195], [-119.629617, 37.420068], [-119.62968, 37.420213], [-119.629731, 37.420315], [-119.629774, 37.420369], [-119.629859, 37.420444], [-119.629917, 37.420483], [-119.629979, 37.420513], [-119.630069, 37.42054], [-119.630307, 37.420586], [-119.630602, 37.420617], [-119.630683, 37.420622], [-119.631121, 37.420652], [-119.631363, 37.420672], [-119.631486, 37.420694], [-119.631541, 37.420709], [-119.631577, 37.420719], [-119.631597, 37.420729], [-119.63167, 37.42077], [-119.63181, 37.420876], [-119.631994, 37.421049], [-119.632146, 37.42117], [-119.632265, 37.421277], [-119.632354, 37.421349], [-119.632415, 37.421382], [-119.632479, 37.421405], [-119.632548, 37.421424], [-119.632691, 37.421449], [-119.632844, 37.421463], [-119.633137, 37.421471], [-119.633258, 37.421448], [-119.633386, 37.421418], [-119.633837, 37.421303], [-119.633938, 37.42128], [-119.634041, 37.421264], [-119.634202, 37.421256], [-119.634305, 37.42126], [-119.634363, 37.421263], [-119.634559, 37.421285], [-119.6347, 37.421313], [-119.634744, 37.421327], [-119.634834, 37.421361], [-119.634964, 37.421431], [-119.635044, 37.421485], [-119.635109, 37.42154], [-119.635229, 37.421658], [-119.635593, 37.421979], [-119.63569, 37.42207], [-119.635865, 37.422243], [-119.636132, 37.4225], [-119.636328, 37.422668], [-119.63647, 37.422803], [-119.63671, 37.423027], [-119.636779, 37.423132], [-119.636825, 37.423181], [-119.636986, 37.42331], [-119.63707, 37.42339], [-119.637182, 37.423529], [-119.637244, 37.423623], [-119.637302, 37.423712], [-119.637325, 37.423763], [-119.637334, 37.423811], [-119.63733, 37.423909], [-119.637303, 37.424065], [-119.637291, 37.424115], [-119.637267, 37.424199], [-119.637254, 37.424236], [-119.637218, 37.424308], [-119.637179, 37.424364], [-119.637045, 37.424526], [-119.636767, 37.424851], [-119.63657, 37.42508], [-119.636489, 37.425189], [-119.636422, 37.425298], [-119.636399, 37.425354], [-119.636387, 37.42541], [-119.636385, 37.425467], [-119.636393, 37.425809], [-119.636421, 37.425955], [-119.636431, 37.425979], [-119.63647, 37.426067], [-119.636511, 37.42614], [-119.636608, 37.426279], [-119.636686, 37.426375], [-119.636822, 37.426514], [-119.637031, 37.426696], [-119.637156, 37.426783], [-119.637273, 37.426846], [-119.637441, 37.426913], [-119.637573, 37.42695], [-119.637676, 37.426973], [-119.637919, 37.427001], [-119.638432, 37.427066], [-119.638752, 37.427095], [-119.638883, 37.427114], [-119.638969, 37.427134], [-119.639095, 37.427178], [-119.639198, 37.427223], [-119.63933, 37.427297], [-119.639345, 37.427306], [-119.639365, 37.427322], [-119.639434, 37.427375], [-119.639517, 37.427451], [-119.639587, 37.427522], [-119.639675, 37.427636], [-119.639742, 37.427757], [-119.639776, 37.42784], [-119.639789, 37.427896], [-119.639792, 37.42797], [-119.639784, 37.428044], [-119.639747, 37.428223], [-119.639732, 37.428266], [-119.639675, 37.42843], [-119.639578, 37.42864], [-119.639445, 37.428935], [-119.639379, 37.429106], [-119.639336, 37.429257], [-119.639302, 37.429409], [-119.639277, 37.429648], [-119.639269, 37.429931], [-119.639285, 37.430236], [-119.639296, 37.430542], [-119.639269, 37.431085], [-119.639265, 37.431172], [-119.639265, 37.431212], [-119.639265, 37.431284], [-119.63927, 37.431619], [-119.639287, 37.431985], [-119.639337, 37.432387], [-119.639351, 37.432606], [-119.639356, 37.432682], [-119.639352, 37.432801], [-119.639336, 37.432927], [-119.639278, 37.433217], [-119.639252, 37.43332], [-119.639225, 37.433431], [-119.639191, 37.433522], [-119.639108, 37.4337], [-119.639046, 37.433795], [-119.639039, 37.433806], [-119.638961, 37.433909], [-119.638892, 37.434015], [-119.638819, 37.434163], [-119.638791, 37.434239], [-119.638768, 37.434342], [-119.638742, 37.434574], [-119.638769, 37.434788], [-119.638798, 37.434914], [-119.638859, 37.435106], [-119.638899, 37.4352], [-119.638934, 37.435284], [-119.63898, 37.435399], [-119.638995, 37.435448], [-119.639004, 37.435535], [-119.639001, 37.435612], [-119.638994, 37.43567], [-119.638974, 37.435746], [-119.63891, 37.435875], [-119.638775, 37.436092], [-119.638727, 37.436223], [-119.638701, 37.43633], [-119.638687, 37.436417], [-119.638683, 37.436526], [-119.638697, 37.436635], [-119.638719, 37.436718], [-119.638735, 37.436767], [-119.638777, 37.436845], [-119.638809, 37.436894], [-119.638876, 37.436972], [-119.638937, 37.437026], [-119.639004, 37.437074], [-119.639079, 37.437117], [-119.639199, 37.43717], [-119.639326, 37.437212], [-119.639563, 37.437261], [-119.639714, 37.437276], [-119.639839, 37.437279], [-119.639963, 37.437271], [-119.640095, 37.43725], [-119.64016, 37.437236], [-119.640281, 37.437196], [-119.640345, 37.437162], [-119.640412, 37.437116], [-119.640494, 37.437038], [-119.640617, 37.436895], [-119.640684, 37.436799], [-119.640836, 37.43652], [-119.640905, 37.436426], [-119.641064, 37.436264], [-119.641212, 37.436144], [-119.641308, 37.436078], [-119.641562, 37.435927], [-119.641865, 37.435763], [-119.642126, 37.435641], [-119.642462, 37.435505], [-119.642576, 37.43547], [-119.642607, 37.43546], [-119.642739, 37.435436], [-119.642889, 37.435423], [-119.643004, 37.435427], [-119.643123, 37.435444], [-119.643204, 37.435465], [-119.643296, 37.435505], [-119.643378, 37.435562], [-119.643416, 37.435594], [-119.643488, 37.435662], [-119.643499, 37.435672], [-119.643593, 37.435774], [-119.643676, 37.435892], [-119.643724, 37.435977], [-119.643748, 37.436052], [-119.64376, 37.436137], [-119.643758, 37.436241], [-119.643735, 37.436351], [-119.643696, 37.436459], [-119.64368, 37.436501], [-119.64366, 37.436544], [-119.643609, 37.436649], [-119.643275, 37.437199], [-119.643209, 37.437303], [-119.643109, 37.437425], [-119.643027, 37.437581], [-119.642953, 37.437766], [-119.642942, 37.437827], [-119.642956, 37.437937], [-119.642996, 37.438091], [-119.643033, 37.438186], [-119.643074, 37.438247], [-119.643126, 37.438305], [-119.643183, 37.438359], [-119.643325, 37.438469], [-119.643413, 37.438522], [-119.643507, 37.43857], [-119.643655, 37.438628], [-119.64381, 37.438671], [-119.643916, 37.438692], [-119.644026, 37.438706], [-119.64425, 37.438712], [-119.644474, 37.438717], [-119.644803, 37.438742], [-119.644966, 37.43876], [-119.645128, 37.438784], [-119.645303, 37.438819], [-119.645316, 37.438822], [-119.645562, 37.438882], [-119.645807, 37.438957], [-119.646042, 37.439042], [-119.646238, 37.439123], [-119.646371, 37.439179], [-119.646616, 37.439297], [-119.646773, 37.439381], [-119.646949, 37.439486], [-119.647194, 37.439655], [-119.647366, 37.439773], [-119.648125, 37.44031], [-119.648262, 37.440404], [-119.648548, 37.440584], [-119.649132, 37.440933], [-119.649744, 37.44132], [-119.64987, 37.441394], [-119.650406, 37.441678], [-119.650649, 37.441799], [-119.650738, 37.441854], [-119.650841, 37.441933], [-119.650875, 37.441964], [-119.650937, 37.44202], [-119.651025, 37.442111], [-119.651129, 37.442242], [-119.651165, 37.442287], [-119.651185, 37.442319]]}, "props": {"MTFCC": "S1200", "NAME": null}}, {"geom": {"type": "LineString", "coordinates": [[-119.592818, 37.40359], [-119.592933, 37.403086], [-119.592933, 37.402491], [-119.592703, 37.402285], [-119.591929, 37.401965], [-119.591986, 37.401416], [-119.592444, 37.40089], [-119.592817, 37.400249], [-119.59319, 37.399906], [-119.593534, 37.399791], [-119.594451, 37.398761], [-119.594738, 37.398532], [-119.595225, 37.398555], [-119.595971, 37.399104], [-119.596105, 37.399118], [-119.596401, 37.39915], [-119.596631, 37.398967], [-119.597175, 37.397914], [-119.597548, 37.397799], [-119.598062, 37.39741], [-119.598092, 37.397387], [-119.59835, 37.396838], [-119.598207, 37.396358], [-119.598264, 37.395626], [-119.598808, 37.394596], [-119.599439, 37.394001], [-119.600413, 37.393611], [-119.600729, 37.393588], [-119.600987, 37.393726], [-119.601532, 37.394824], [-119.601763, 37.394961], [-119.602107, 37.394938], [-119.602125, 37.394919], [-119.60311, 37.393862], [-119.603913, 37.393702], [-119.6044, 37.393496], [-119.604773, 37.393129], [-119.605863, 37.393083], [-119.606006, 37.392923], [-119.605977, 37.392694], [-119.605633, 37.392534], [-119.604887, 37.392534], [-119.604225, 37.392778], [-119.603769, 37.392947], [-119.602966, 37.393016], [-119.602877, 37.392945], [-119.602737, 37.392833], [-119.602966, 37.392489], [-119.602997, 37.392484], [-119.603912, 37.392329], [-119.604309, 37.392152], [-119.604887, 37.391894], [-119.605862, 37.391825], [-119.60655, 37.391916], [-119.606837, 37.391847], [-119.606865, 37.391481], [-119.606492, 37.391344], [-119.605603, 37.391299], [-119.605116, 37.391184], [-119.604456, 37.39091], [-119.604399, 37.390867], [-119.60394, 37.390521], [-119.603566, 37.39011], [-119.602601, 37.389827], [-119.602161, 37.389698], [-119.60173, 37.389424], [-119.601616, 37.389172], [-119.601615, 37.388852], [-119.60173, 37.388714], [-119.60216, 37.388646], [-119.602389, 37.388714], [-119.602906, 37.389149], [-119.60295, 37.389174], [-119.603193, 37.389309], [-119.604599, 37.389743], [-119.605287, 37.389697], [-119.605269, 37.389335], [-119.605258, 37.389125], [-119.605086, 37.388873], [-119.605028, 37.388599], [-119.605459, 37.388599], [-119.606176, 37.389125], [-119.606721, 37.389376], [-119.607093, 37.389376], [-119.60738, 37.389124], [-119.607391, 37.389092], [-119.607437, 37.388964], [-119.607294, 37.388758], [-119.60672, 37.388209], [-119.605916, 37.386746], [-119.605887, 37.386266], [-119.606088, 37.385991], [-119.606489, 37.385899], [-119.608468, 37.385761], [-119.60884, 37.385624], [-119.609098, 37.385326], [-119.609127, 37.384823], [-119.608806, 37.384407], [-119.608438, 37.383931], [-119.608403, 37.383304], [-119.609016, 37.382031], [-119.609383, 37.381268], [-119.610162, 37.379916], [-119.610168, 37.379824], [-119.610159, 37.379782], [-119.61015, 37.379737], [-119.610147, 37.379676], [-119.610155, 37.379571], [-119.610209, 37.379349], [-119.610246, 37.379256], [-119.610349, 37.379096], [-119.610402, 37.378995], [-119.610444, 37.37889], [-119.61047, 37.378803], [-119.610495, 37.378655], [-119.610498, 37.378594], [-119.61049, 37.378535], [-119.61047, 37.378479], [-119.610262, 37.378104], [-119.610227, 37.378019], [-119.609971, 37.377923], [-119.609857, 37.377869], [-119.609803, 37.377843], [-119.609682, 37.37777], [-119.609597, 37.377706], [-119.609555, 37.377675], [-119.609447, 37.377548], [-119.609281, 37.377267], [-119.609227, 37.377118], [-119.609218, 37.377049], [-119.609221, 37.376903], [-119.609265, 37.376703], [-119.609309, 37.376611], [-119.60938, 37.376468], [-119.609511, 37.376209], [-119.609594, 37.376042], [-119.609666, 37.375901], [-119.609917, 37.375622], [-119.610125, 37.375392], [-119.610352, 37.375199], [-119.610617, 37.375042], [-119.610817, 37.374984], [-119.61101, 37.374929], [-119.611178, 37.37488], [-119.611487, 37.374946], [-119.612355, 37.375133], [-119.612411, 37.375162], [-119.612692, 37.375309], [-119.612824, 37.375355], [-119.613149, 37.375484], [-119.613457, 37.375606], [-119.614009, 37.375813], [-119.614048, 37.375828], [-119.614233, 37.375888], [-119.614534, 37.375975], [-119.614652, 37.376009], [-119.614734, 37.376041], [-119.614884, 37.37612], [-119.614974, 37.376184], [-119.61504, 37.376264], [-119.615107, 37.376398], [-119.615144, 37.376473], [-119.615352, 37.376883], [-119.615407, 37.376943], [-119.615466, 37.376978], [-119.615612, 37.377014], [-119.615704, 37.37702], [-119.615799, 37.377012], [-119.615863, 37.376999], [-119.615962, 37.37698], [-119.616187, 37.376903], [-119.616253, 37.37688], [-119.616461, 37.376823], [-119.616962, 37.376687], [-119.617109, 37.376628], [-119.617263, 37.376548], [-119.617449, 37.376522], [-119.617556, 37.376525], [-119.617595, 37.376528], [-119.617653, 37.376534], [-119.617713, 37.376547], [-119.617752, 37.376556], [-119.617786, 37.376564], [-119.617826, 37.376575], [-119.617915, 37.376599], [-119.618041, 37.37664], [-119.618121, 37.376671], [-119.618235, 37.376716], [-119.618348, 37.37676], [-119.618533, 37.376834], [-119.618581, 37.376847], [-119.618637, 37.376864], [-119.618701, 37.376877], [-119.618798, 37.376896], [-119.618851, 37.376907], [-119.619092, 37.376946], [-119.619161, 37.376958], [-119.619191, 37.376962], [-119.619495, 37.377001], [-119.619888, 37.37704], [-119.619944, 37.377043], [-119.620288, 37.377066], [-119.620487, 37.377084], [-119.621002, 37.377161], [-119.621266, 37.377185], [-119.621423, 37.377183], [-119.621532, 37.377183], [-119.621686, 37.377172], [-119.621854, 37.377137], [-119.622164, 37.376971], [-119.622641, 37.376717], [-119.622732, 37.376676], [-119.622843, 37.376635], [-119.622953, 37.376594], [-119.623283, 37.376474], [-119.623394, 37.376434], [-119.623459, 37.37641], [-119.623701, 37.37633], [-119.624149, 37.376188], [-119.624744, 37.376002], [-119.624854, 37.375955], [-119.625212, 37.375831], [-119.625465, 37.375744], [-119.625723, 37.375626], [-119.625786, 37.375586], [-119.625932, 37.375451], [-119.626014, 37.375371], [-119.626181, 37.375203], [-119.626245, 37.37514], [-119.626307, 37.375094], [-119.626375, 37.375058], [-119.626435, 37.375035], [-119.626507, 37.375019], [-119.626578, 37.375014], [-119.626668, 37.375023], [-119.627001, 37.375065]]}, "props": {"MTFCC": "S1400", "NAME": null}}, {"geom": {"type": "LineString", "coordinates": [[-119.649442, 37.367721], [-119.649578, 37.367634], [-119.649618, 37.367609], [-119.649606, 37.367492], [-119.649471, 37.36743], [-119.64939, 37.367327], [-119.64942, 37.367299], [-119.649542, 37.367193]]}, "props": {"MTFCC": "S1400", "NAME": null}}, {"geom": {"type": "LineString", "coordinates": [[-119.690126, 37.387275], [-119.690031, 37.387652], [-119.68992, 37.388097], [-119.689309, 37.388459], [-119.688975, 37.388658]]}, "props": {"MTFCC": "S1740", "NAME": null}}, {"geom": {"type": "LineString", "coordinates": [[-119.675183, 37.391448], [-119.675037, 37.391504], [-119.674601, 37.391672], [-119.674456, 37.391729], [-119.673998, 37.391882], [-119.673632, 37.392006], [-119.672574, 37.392067], [-119.672093, 37.392096]]}, "props": {"MTFCC": "S1740", "NAME": null}}, {"geom": {"type": "LineString", "coordinates": [[-119.670507, 37.381219], [-119.670506, 37.382544], [-119.670505, 37.385611], [-119.670391, 37.385863], [-119.669792, 37.386067], [-119.669559, 37.385863], [-119.669101, 37.385771], [-119.668556, 37.385794]]}, "props": {"MTFCC": "S1400", "NAME": null}}, {"geom": {"type": "LineString", "coordinates": [[-119.63771, 37.371867], [-119.637757, 37.371908], [-119.637782, 37.371953], [-119.63779, 37.372013], [-119.637781, 37.372045], [-119.637752, 37.372083], [-119.637698, 37.372126], [-119.637576, 37.372172], [-119.63754, 37.372195], [-119.637506, 37.372241], [-119.637461, 37.372337], [-119.63744, 37.372427], [-119.637421, 37.372663], [-119.637421, 37.37268], [-119.637424, 37.37281], [-119.637438, 37.372918], [-119.637455, 37.372963], [-119.637499, 37.373032], [-119.637713, 37.373251], [-119.637727, 37.373276], [-119.637731, 37.373317], [-119.637718, 37.373383], [-119.637679, 37.373491], [-119.637645, 37.373544], [-119.63749, 37.373793], [-119.637412, 37.373944], [-119.637366, 37.374052], [-119.637338, 37.374133], [-119.637305, 37.374267], [-119.637292, 37.37437], [-119.637296, 37.374452], [-119.637413, 37.374956], [-119.637421, 37.375026], [-119.637419, 37.375214], [-119.637404, 37.375435], [-119.637398, 37.375481], [-119.637378, 37.375643], [-119.637339, 37.375963], [-119.637332, 37.376134], [-119.637316, 37.376247], [-119.637308, 37.376282], [-119.637297, 37.376327], [-119.637265, 37.376396], [-119.637216, 37.376458], [-119.637074, 37.376613], [-119.637048, 37.376662], [-119.637036, 37.37672], [-119.637032, 37.376831], [-119.637057, 37.377033], [-119.637056, 37.377043], [-119.637051, 37.377219], [-119.637038, 37.377348], [-119.637029, 37.377396], [-119.636999, 37.377464], [-119.636899, 37.377602], [-119.63684, 37.377733], [-119.636793, 37.377879], [-119.636773, 37.377981], [-119.636744, 37.378362], [-119.636728, 37.37848], [-119.636697, 37.378712], [-119.636654, 37.378922], [-119.636637, 37.379011], [-119.636625, 37.37905], [-119.636615, 37.379081], [-119.636567, 37.379179], [-119.636513, 37.379252], [-119.636409, 37.379345], [-119.636372, 37.379385], [-119.636332, 37.379468], [-119.636301, 37.379571], [-119.636295, 37.379667], [-119.636291, 37.379724], [-119.636288, 37.379762], [-119.636275, 37.379813], [-119.636265, 37.379846], [-119.636193, 37.380002], [-119.636135, 37.380119], [-119.63612, 37.380164], [-119.636116, 37.380203], [-119.63613, 37.380486], [-119.636133, 37.380525], [-119.636127, 37.380599], [-119.636124, 37.380609], [-119.636118, 37.380643], [-119.636109, 37.380668], [-119.63607, 37.380738], [-119.636044, 37.380763], [-119.636034, 37.380774], [-119.635953, 37.380824], [-119.635923, 37.380844]]}, "props": {"MTFCC": "S1400", "NAME": null}}, {"geom": {"type": "LineString", "coordinates": [[-119.665226, 37.374022], [-119.664709, 37.374492], [-119.664254, 37.374908], [-119.663417, 37.375579], [-119.663234, 37.375944], [-119.662922, 37.37657]]}, "props": {"MTFCC": "S1740", "NAME": null}}, {"geom": {"type": "LineString", "coordinates": [[-119.666315, 37.37441], [-119.66587, 37.374896], [-119.665586, 37.375208], [-119.664877, 37.37568], [-119.664308, 37.376091], [-119.664168, 37.376193], [-119.664053, 37.376665]]}, "props": {"MTFCC": "S1740", "NAME": null}}, {"geom": {"type": "LineString", "coordinates": [[-119.664426, 37.373057], [-119.664075, 37.373613], [-119.663992, 37.373745], [-119.663296, 37.374453], [-119.662551, 37.374804], [-119.661957, 37.375085]]}, "props": {"MTFCC": "S1740", "NAME": null}}, {"geom": {"type": "LineString", "coordinates": [[-119.63245, 37.386211], [-119.632424, 37.386071], [-119.632398, 37.385923], [-119.632454, 37.385654], [-119.632484, 37.385516]]}, "props": {"MTFCC": "S1400", "NAME": null}}, {"geom": {"type": "LineString", "coordinates": [[-119.63766041434263, 37.3641], [-119.637634, 37.36423], [-119.637773, 37.364402], [-119.637966, 37.36447], [-119.638541, 37.364675], [-119.638701, 37.364981], [-119.638619, 37.3658], [-119.638362, 37.365887], [-119.638213, 37.365938], [-119.637712, 37.366096]]}, "props": {"MTFCC": "S1740", "NAME": null}}, {"geom": {"type": "LineString", "coordinates": [[-119.681755, 37.384823], [-119.681504, 37.386172], [-119.681479, 37.38631], [-119.680302, 37.387398], [-119.680027, 37.389036], [-119.680265, 37.389707], [-119.680725, 37.391001]]}, "props": {"MTFCC": "S1740", "NAME": null}}, {"geom": {"type": "LineString", "coordinates": [[-119.630215, 37.382716], [-119.630263, 37.382697], [-119.630357, 37.382661], [-119.630403, 37.382628], [-119.630445, 37.382597], [-119.630523, 37.382521], [-119.630569, 37.382458], [-119.630571, 37.382449], [-119.630588, 37.382401], [-119.630591, 37.38238], [-119.630588, 37.382319], [-119.630603, 37.382207], [-119.630625, 37.382139], [-119.630664, 37.382045], [-119.630722, 37.381931], [-119.630744, 37.381899], [-119.63077, 37.381865], [-119.630834, 37.381808], [-119.63089, 37.381772], [-119.630908, 37.381771], [-119.630956, 37.381743], [-119.630975, 37.381739], [-119.631036, 37.381729], [-119.631157, 37.381731], [-119.631247, 37.381746], [-119.631263, 37.381749], [-119.631335, 37.381773], [-119.631264, 37.382073], [-119.631193, 37.382375], [-119.630975, 37.382848], [-119.630938, 37.382936], [-119.630822, 37.383222], [-119.630795, 37.383267], [-119.630716, 37.383403], [-119.63069, 37.383449]]}, "props": {"MTFCC": "S1400", "NAME": null}}, {"geom": {"type": "LineString", "coordinates": [[-119.633469, 37.440279], [-119.633134, 37.440384], [-119.632129, 37.440702], [-119.631795, 37.440808], [-119.631741, 37.440821], [-119.631582, 37.440863], [-119.631529, 37.440877], [-119.631355, 37.440915], [-119.631298, 37.440928], [-119.63113, 37.44102], [-119.630847, 37.44102], [-119.630802, 37.44102], [-119.63067, 37.441007], [-119.630174, 37.441144], [-119.630031, 37.441165], [-119.629996, 37.44117], [-119.62914, 37.441294], [-119.629122, 37.441726], [-119.629545, 37.44196], [-119.629566, 37.44226], [-119.629568, 37.442281], [-119.629474, 37.442484], [-119.62919, 37.442626], [-119.629058, 37.442627], [-119.629381, 37.442965], [-119.629341, 37.443093], [-119.629202, 37.443552], [-119.629468, 37.444486], [-119.629569, 37.444824], [-119.629667, 37.445149], [-119.629752, 37.445398], [-119.629761, 37.445411], [-119.629757, 37.445436], [-119.629753, 37.445446], [-119.629749, 37.445458], [-119.629731, 37.445551]]}, "props": {"MTFCC": "S1400", "NAME": null}}, {"geom": {"type": "LineString", "coordinates": [[-119.718858, 37.404609], [-119.718638, 37.404588], [-119.718322, 37.40456], [-119.71799, 37.404643], [-119.717777, 37.404697]]}, "props": {"MTFCC": "S1740", "NAME": null}}, {"geom": {"type": "LineString", "coordinates": [[-119.502706, 37.431013], [-119.502619, 37.431652], [-119.502303, 37.432518], [-119.502273, 37.432996], [-119.502503, 37.433383], [-119.50233, 37.434044], [-119.502301, 37.4345], [-119.50296, 37.435367], [-119.502874, 37.435686], [-119.502444, 37.435912], [-119.501869, 37.436071], [-119.501553, 37.436297], [-119.500974, 37.437013], [-119.500253, 37.437495], [-119.499394, 37.438071], [-119.499107, 37.438526], [-119.499165, 37.438799], [-119.499681, 37.439368], [-119.500198, 37.44012], [-119.500623, 37.440644], [-119.500974, 37.440713], [-119.502296, 37.441694], [-119.502266, 37.442036], [-119.502122, 37.442241], [-119.500974, 37.442966], [-119.500495, 37.443488], [-119.500495, 37.44367], [-119.500974, 37.444025], [-119.501977, 37.444812], [-119.501976, 37.445474], [-119.500974, 37.446815], [-119.500511, 37.447566], [-119.500309, 37.448352], [-119.500026, 37.448777], [-119.5005, 37.449251], [-119.501132, 37.449848], [-119.501669, 37.450473], [-119.50129, 37.451147], [-119.501131, 37.451921], [-119.50132, 37.452271], [-119.501954, 37.452493], [-119.50189, 37.453217], [-119.501227, 37.453641], [-119.500879, 37.45439], [-119.501795, 37.454938], [-119.5023, 37.455336], [-119.502194, 37.455754], [-119.502142, 37.455961], [-119.501574, 37.45701], [-119.501994, 37.457888], [-119.501994, 37.458867], [-119.501591, 37.459528], [-119.500973, 37.460061], [-119.500688, 37.460161], [-119.500645, 37.460412], [-119.500974, 37.460585], [-119.501562, 37.460848], [-119.501734, 37.46112], [-119.501676, 37.461599], [-119.501474, 37.462192], [-119.501486, 37.462554], [-119.501503, 37.463061], [-119.501665, 37.463154], [-119.501675, 37.46316], [-119.502853, 37.463275], [-119.503112, 37.463519], [-119.50335, 37.463995], [-119.503485, 37.464266], [-119.503772, 37.464534]]}, "props": {"MTFCC": "S1400", "NAME": null}}, {"geom": {"type": "LineString", "coordinates": [[-119.377622, 37.376373], [-119.378079, 37.376989], [-119.378394, 37.377148], [-119.379339, 37.377238], [-119.379682, 37.377421], [-119.379883, 37.377877], [-119.379854, 37.378379], [-119.379364, 37.37904], [-119.378364, 37.379876], [-119.377784, 37.380362], [-119.377438, 37.380977], [-119.377294, 37.381936], [-119.376803, 37.383168], [-119.376802, 37.384012], [-119.376916, 37.384445], [-119.377144, 37.38481], [-119.377402, 37.384947], [-119.37786, 37.385038], [-119.378577, 37.384967], [-119.378891, 37.385058], [-119.379264, 37.385378], [-119.379378, 37.385651], [-119.379347, 37.38636], [-119.379203, 37.386885], [-119.379259, 37.387774], [-119.379488, 37.388003], [-119.380633, 37.388413], [-119.380805, 37.388595], [-119.38123, 37.38987], [-119.381261, 37.389964], [-119.381604, 37.390238], [-119.382808, 37.390441], [-119.383325, 37.390624], [-119.383554, 37.390829], [-119.383683, 37.391603], [-119.383695, 37.391674], [-119.383578, 37.392883], [-119.383203, 37.393704], [-119.382715, 37.394503], [-119.382828, 37.395667], [-119.382423, 37.39683], [-119.382423, 37.396889], [-119.382423, 37.397196], [-119.383626, 37.398821], [-119.383941, 37.399462], [-119.384033, 37.399757], [-119.384113, 37.400011], [-119.38417, 37.400675], [-119.384456, 37.401407], [-119.386147, 37.403833], [-119.387207, 37.405184], [-119.387465, 37.405276], [-119.388211, 37.405184], [-119.38933, 37.404865], [-119.390506, 37.404796], [-119.390782, 37.404686], [-119.390793, 37.404682], [-119.391252, 37.404339], [-119.3926, 37.404729], [-119.393231, 37.404729], [-119.39392, 37.404477], [-119.393989, 37.404518], [-119.394196, 37.404641], [-119.394265, 37.404683]]}, "props": {"MTFCC": "S1400", "NAME": null}}, {"geom": {"type": "LineString", "coordinates": [[-119.058032, 37.654036], [-119.058249, 37.654014], [-119.058463, 37.653966], [-119.058605, 37.653863], [-119.058853, 37.653638], [-119.05939, 37.653396], [-119.05981, 37.653237], [-119.060032, 37.653198], [-119.060404, 37.65319], [-119.060951, 37.653205], [-119.0613, 37.653245], [-119.061632, 37.653237], [-119.06191, 37.653237], [-119.062084, 37.653269], [-119.062314, 37.653364], [-119.06252, 37.653467], [-119.062718, 37.653617], [-119.062845, 37.653776], [-119.063099, 37.654392], [-119.063217, 37.654842], [-119.063605, 37.655682], [-119.063724, 37.655935], [-119.063819, 37.656094], [-119.063922, 37.656339], [-119.064049, 37.65653], [-119.064113, 37.656704], [-119.064144, 37.656846], [-119.064176, 37.656997], [-119.064327, 37.65714], [-119.064564, 37.657266], [-119.064842, 37.657544], [-119.065, 37.657726], [-119.065071, 37.65798], [-119.065056, 37.658336], [-119.065032, 37.658732], [-119.064992, 37.659033], [-119.06496, 37.65924], [-119.06481, 37.659652], [-119.064447, 37.660194], [-119.064374, 37.660602], [-119.064216, 37.660824], [-119.064025, 37.66103], [-119.06397, 37.661236], [-119.063922, 37.661506], [-119.064018, 37.661839], [-119.064216, 37.662195], [-119.06439, 37.662504], [-119.064445, 37.662694], [-119.064556, 37.663019], [-119.064723, 37.663392], [-119.064826, 37.66355], [-119.064937, 37.663717], [-119.065056, 37.663954], [-119.065135, 37.664168], [-119.065159, 37.664414], [-119.065198, 37.664517], [-119.065349, 37.664723], [-119.065571, 37.664937], [-119.065815, 37.665129], [-119.06598, 37.665291], [-119.066215, 37.665398], [-119.066656, 37.665555], [-119.066862, 37.66565], [-119.067052, 37.665769], [-119.067163, 37.665951], [-119.067258, 37.66622], [-119.067338, 37.666434], [-119.067599, 37.666585], [-119.067766, 37.666696], [-119.067916, 37.666791], [-119.068019, 37.666942], [-119.068431, 37.667385], [-119.068701, 37.667678], [-119.068804, 37.667742], [-119.06897, 37.668043], [-119.069036, 37.668342], [-119.069259, 37.668584], [-119.069548, 37.669012], [-119.069645, 37.669195], [-119.069784, 37.669409], [-119.069827, 37.669613], [-119.069752, 37.669774], [-119.069656, 37.670053], [-119.069516, 37.670267], [-119.069475, 37.670503], [-119.06948, 37.670706], [-119.069538, 37.670846], [-119.069581, 37.671039], [-119.069527, 37.671168], [-119.069452, 37.671297], [-119.069398, 37.671468], [-119.069398, 37.671629], [-119.069398, 37.671833], [-119.069512, 37.672026], [-119.069688, 37.672176], [-119.069763, 37.672412], [-119.069709, 37.672616], [-119.069699, 37.672938], [-119.06973, 37.673255], [-119.069864, 37.67343], [-119.069936, 37.673524], [-119.07016, 37.673602], [-119.070385, 37.673624], [-119.070674, 37.673688], [-119.07076, 37.673763], [-119.070898, 37.673925], [-119.071071, 37.674168], [-119.071302, 37.674345], [-119.071575, 37.674522], [-119.071972, 37.674726], [-119.072294, 37.67494], [-119.072455, 37.675064], [-119.072535, 37.675182], [-119.072589, 37.67523], [-119.072814, 37.675353], [-119.073173, 37.675487], [-119.073372, 37.675578], [-119.073725, 37.675782], [-119.073897, 37.675911], [-119.074069, 37.676034], [-119.074278, 37.676168], [-119.074444, 37.676206], [-119.074685, 37.676265], [-119.074809, 37.676313], [-119.075002, 37.676431], [-119.075361, 37.676688], [-119.075522, 37.676844], [-119.07586, 37.677123], [-119.07623, 37.677418], [-119.076476, 37.677605], [-119.076884, 37.677911], [-119.077152, 37.678088], [-119.077377, 37.67819], [-119.077543, 37.678367], [-119.077677, 37.678533], [-119.077747, 37.678892], [-119.07787, 37.679252], [-119.077978, 37.679346], [-119.078246, 37.679568], [-119.078637, 37.67997], [-119.079034, 37.680367], [-119.079232, 37.68064], [-119.079259, 37.680785], [-119.07935, 37.680914], [-119.079586, 37.681069], [-119.079988, 37.681182], [-119.080344, 37.681274], [-119.080373, 37.68127]]}, "props": {"MTFCC": "S1400", "NAME": null}}, {"geom": {"type": "LineString", "coordinates": [[-119.275985, 37.494504], [-119.27532, 37.49444], [-119.275267, 37.494435], [-119.273657, 37.494961], [-119.273402, 37.494986], [-119.272738, 37.495052], [-119.271854, 37.495414], [-119.271783, 37.495413], [-119.270797, 37.495409], [-119.27034, 37.495293], [-119.269398, 37.495449], [-119.268756, 37.495617], [-119.268199, 37.495764], [-119.267824, 37.49601], [-119.26754, 37.496197], [-119.267223, 37.496312], [-119.266732, 37.496725], [-119.266098, 37.497001], [-119.266086, 37.497001], [-119.264255, 37.497004], [-119.263736, 37.497188], [-119.263534, 37.497372], [-119.262382, 37.497488], [-119.260998, 37.498177], [-119.260399, 37.498549], [-119.260075, 37.498751], [-119.258949, 37.499942]]}, "props": {"MTFCC": "S1400", "NAME": null}}, {"geom": {"type": "LineString", "coordinates": [[-119.271997, 37.534624], [-119.271882, 37.535104], [-119.27214, 37.535722], [-119.271996, 37.536134], [-119.271594, 37.536455], [-119.271388, 37.536557], [-119.271134, 37.536683], [-119.271018, 37.53721], [-119.270472, 37.538102], [-119.268661, 37.538811], [-119.268144, 37.539131], [-119.268086, 37.53936], [-119.268402, 37.53968], [-119.269869, 37.539932], [-119.2702, 37.540214], [-119.270299, 37.540299], [-119.270242, 37.54055], [-119.269926, 37.540665], [-119.268977, 37.54055], [-119.268345, 37.540756], [-119.268568, 37.541053], [-119.268776, 37.541328], [-119.268755, 37.5421], [-119.268746, 37.542472]]}, "props": {"MTFCC": "S1400", "NAME": null}}, {"geom": {"type": "LineString", "coordinates": [[-119.391724, 37.380582], [-119.391121, 37.380691], [-119.390747, 37.380831], [-119.39052, 37.38101], [-119.390189, 37.381597], [-119.390049, 37.381748], [-119.389631, 37.381991], [-119.389363, 37.382049], [-119.38896, 37.381957], [-119.38822, 37.381713], [-119.387764, 37.381563], [-119.386572, 37.381082], [-119.386391, 37.380951], [-119.386196, 37.38071], [-119.385929, 37.38003], [-119.385743, 37.379758], [-119.385422, 37.379502], [-119.385188, 37.379396], [-119.38495, 37.379343], [-119.384623, 37.379351], [-119.38432, 37.379417], [-119.384075, 37.379525], [-119.383855, 37.37968], [-119.383588, 37.38002], [-119.383385, 37.380615], [-119.383154, 37.38093], [-119.382812, 37.381183], [-119.382542, 37.381312], [-119.382249, 37.381384], [-119.382055, 37.381379], [-119.381842, 37.381374], [-119.381529, 37.381287], [-119.381253, 37.381143], [-119.381028, 37.380968], [-119.380861, 37.380747], [-119.380786, 37.380529], [-119.380731, 37.379175], [-119.380774, 37.378195], [-119.380754, 37.377896], [-119.380732, 37.377549], [-119.380583, 37.377036], [-119.380338, 37.376682], [-119.380033, 37.376482], [-119.379672, 37.376339], [-119.379251, 37.376263], [-119.378785, 37.37624], [-119.377622, 37.376373], [-119.377069, 37.376436], [-119.376478, 37.37655], [-119.376168, 37.376658], [-119.37568, 37.376951], [-119.375252, 37.377473], [-119.374782, 37.377851], [-119.374483, 37.37821], [-119.374421, 37.378341], [-119.374258, 37.378692], [-119.373807, 37.380249], [-119.373633, 37.38067], [-119.373556, 37.380756], [-119.373222, 37.380934], [-119.372454, 37.380985], [-119.372162, 37.381087], [-119.371831, 37.381296], [-119.371427, 37.381654], [-119.370457, 37.381984], [-119.370194, 37.382111], [-119.369877, 37.382344], [-119.369671, 37.382589], [-119.369471, 37.383023], [-119.369345, 37.38402], [-119.36918, 37.384641], [-119.369016, 37.384889], [-119.368453, 37.385419], [-119.368342, 37.385621], [-119.368309, 37.386079], [-119.368454, 37.386542], [-119.368454, 37.386859], [-119.368418, 37.387006], [-119.368068, 37.388454], [-119.368053, 37.389187], [-119.36799, 37.389599], [-119.367849, 37.389864], [-119.367678, 37.390041], [-119.367484, 37.390151], [-119.367314, 37.390185], [-119.366953, 37.390138], [-119.366922, 37.390134], [-119.366592, 37.389922], [-119.366099, 37.388957], [-119.36574, 37.388377], [-119.365636, 37.388209], [-119.365495, 37.388062], [-119.365074, 37.387792], [-119.36436, 37.38755], [-119.364114, 37.387422], [-119.364004, 37.387315], [-119.363915, 37.386898], [-119.364088, 37.386234], [-119.364051, 37.385945], [-119.363507, 37.384822], [-119.363215, 37.38435], [-119.36293, 37.384049], [-119.362351, 37.383699], [-119.362222, 37.383571], [-119.362038, 37.383389], [-119.361804, 37.382679], [-119.361604, 37.382316], [-119.361327, 37.382172], [-119.360951, 37.382078], [-119.360884, 37.38207], [-119.360496, 37.382026], [-119.36028, 37.382002], [-119.35933, 37.381944], [-119.358942, 37.381921], [-119.358753, 37.381909], [-119.358249, 37.381974], [-119.357905, 37.382131], [-119.357743, 37.382262], [-119.357621, 37.382449], [-119.357468, 37.382857], [-119.357419, 37.383143], [-119.357617, 37.384178], [-119.357769, 37.385661], [-119.357766, 37.386166], [-119.357765, 37.386449], [-119.35759, 37.386927], [-119.356934, 37.387841], [-119.356858, 37.388878], [-119.356735, 37.389163], [-119.356442, 37.389914], [-119.355443, 37.391442], [-119.355136, 37.392057], [-119.354741, 37.392531], [-119.354328, 37.392815], [-119.352936, 37.393417], [-119.352564, 37.393659], [-119.352341, 37.393884], [-119.351717, 37.395009], [-119.351579, 37.395486], [-119.35161, 37.39589], [-119.351874, 37.396548], [-119.351902, 37.396918], [-119.351839, 37.397035], [-119.351483, 37.397275], [-119.351334, 37.397451], [-119.350562, 37.399086], [-119.350212, 37.39983], [-119.350015, 37.400092], [-119.349849, 37.400233], [-119.349208, 37.400592], [-119.348209, 37.401314], [-119.347379, 37.402067], [-119.347129, 37.40253], [-119.347121, 37.402832], [-119.347115, 37.403028], [-119.347133, 37.403082], [-119.34738, 37.403803], [-119.347463, 37.404044], [-119.34775, 37.404884], [-119.348092, 37.405883], [-119.348226, 37.406449], [-119.348249, 37.407027], [-119.348205, 37.407473], [-119.348185, 37.407688], [-119.347933, 37.408312], [-119.347875, 37.408453], [-119.34784, 37.408542], [-119.347764, 37.40886], [-119.347788, 37.408883], [-119.347898, 37.40899], [-119.347792, 37.409254], [-119.347278, 37.410946], [-119.347173, 37.411295], [-119.346707, 37.413613], [-119.346554, 37.416453], [-119.346402, 37.417019], [-119.346364, 37.417165], [-119.345981, 37.417689], [-119.345481, 37.41815], [-119.344992, 37.418449], [-119.344666, 37.418564], [-119.343995, 37.418544], [-119.343679, 37.418449], [-119.342127, 37.417984], [-119.340901, 37.417762], [-119.339731, 37.41785], [-119.339267, 37.417885], [-119.338404, 37.418062], [-119.337442, 37.418259], [-119.336779, 37.418536], [-119.336231, 37.418927], [-119.336029, 37.419341], [-119.335884, 37.420393], [-119.335792, 37.421063], [-119.334983, 37.422144], [-119.334375, 37.423202], [-119.333741, 37.423662], [-119.333164, 37.423984], [-119.332789, 37.424284], [-119.332557, 37.424812], [-119.332204, 37.426604], [-119.332058, 37.426971], [-119.331991, 37.427001], [-119.331799, 37.427087], [-119.330964, 37.427112], [-119.330129, 37.426955], [-119.329409, 37.427071], [-119.328558, 37.42764], [-119.328514, 37.42767], [-119.327879, 37.428245], [-119.326548, 37.430474], [-119.32625, 37.430727], [-119.326116, 37.430841], [-119.324832, 37.430927], [-119.324177, 37.431312], [-119.323586, 37.431473], [-119.323349, 37.431538], [-119.322979, 37.431765], [-119.322267, 37.432847], [-119.322185, 37.432971], [-119.321816, 37.433357], [-119.321501, 37.433425], [-119.320503, 37.433283], [-119.320022, 37.433088], [-119.31999, 37.433075], [-119.319791, 37.432821], [-119.319593, 37.432339], [-119.319721, 37.43036], [-119.319896, 37.429946], [-119.319985, 37.429266], [-119.319987, 37.429256], [-119.319702, 37.429025], [-119.31916, 37.429183], [-119.317877, 37.42984], [-119.317518, 37.430113], [-119.316704, 37.430731], [-119.316015, 37.431051], [-119.31458, 37.431509], [-119.313892, 37.431852], [-119.31357, 37.43209], [-119.31306, 37.43247], [-119.312801, 37.432562], [-119.312371, 37.432562], [-119.312312, 37.432562], [-119.311681, 37.432104], [-119.311739, 37.431669], [-119.311939, 37.431189], [-119.311939, 37.430822], [-119.310333, 37.42961], [-119.309931, 37.429152], [-119.3093, 37.429015], [-119.308209, 37.42906], [-119.307664, 37.429221], [-119.307004, 37.429152], [-119.305512, 37.428282], [-119.305082, 37.428145], [-119.303647, 37.428191], [-119.302998, 37.428318], [-119.301667, 37.42858], [-119.300634, 37.428991], [-119.298925, 37.430008], [-119.298825, 37.430068], [-119.298161, 37.430623], [-119.297718, 37.430994], [-119.297454, 37.431387], [-119.297444, 37.432149], [-119.297555, 37.432495], [-119.297629, 37.433259], [-119.297631, 37.43328], [-119.297278, 37.433859], [-119.297042, 37.434015], [-119.296138, 37.43461], [-119.295698, 37.435121], [-119.295067, 37.435858], [-119.294585, 37.436174], [-119.294073, 37.43631], [-119.291317, 37.436135], [-119.290886, 37.436172], [-119.289137, 37.436326], [-119.288843, 37.436378], [-119.28819, 37.436494], [-119.287959, 37.436484], [-119.287661, 37.436473], [-119.287309, 37.43654], [-119.286944, 37.43661], [-119.286291, 37.436869], [-119.286255, 37.436884], [-119.28614, 37.437182], [-119.285769, 37.437513], [-119.284657, 37.438508], [-119.284504, 37.438646], [-119.284217, 37.438692], [-119.284102, 37.438829], [-119.282552, 37.439332], [-119.282006, 37.439584], [-119.281776, 37.439904], [-119.281525, 37.440788], [-119.281202, 37.441085], [-119.280832, 37.441727], [-119.279944, 37.442544], [-119.279799, 37.442678], [-119.278073, 37.442888], [-119.277287, 37.443023], [-119.276794, 37.443283], [-119.276146, 37.443937], [-119.275992, 37.444307], [-119.275891, 37.444708], [-119.276378, 37.445784], [-119.276836, 37.447889], [-119.277353, 37.448553], [-119.278328, 37.449423], [-119.279361, 37.450659], [-119.27982, 37.451757], [-119.280049, 37.452947], [-119.280364, 37.453863], [-119.280738, 37.454412], [-119.281197, 37.45503], [-119.281915, 37.455625], [-119.282227, 37.455974], [-119.282345, 37.456106], [-119.283005, 37.457479], [-119.283435, 37.458646], [-119.283521, 37.458692], [-119.284037, 37.460019], [-119.284147, 37.460246], [-119.284525, 37.461026], [-119.28464, 37.461438], [-119.284726, 37.461484], [-119.284783, 37.462285], [-119.284553, 37.463384], [-119.284352, 37.46375], [-119.283462, 37.464711], [-119.2828, 37.465103], [-119.281538, 37.465854], [-119.281078, 37.46622], [-119.279671, 37.468348], [-119.27901, 37.469538], [-119.277027, 37.472215], [-119.276337, 37.473702], [-119.275619, 37.475762], [-119.275545, 37.475888], [-119.275446, 37.476059], [-119.274757, 37.476631], [-119.274039, 37.477592], [-119.274096, 37.478027], [-119.27444, 37.47837], [-119.275567, 37.478797], [-119.275589, 37.478805], [-119.276191, 37.479263], [-119.276737, 37.479927], [-119.277226, 37.480293], [-119.278288, 37.480843], [-119.279146, 37.48119], [-119.280211, 37.481621], [-119.280527, 37.481896], [-119.280986, 37.483727], [-119.281732, 37.484482], [-119.281769, 37.484565], [-119.281904, 37.484871], [-119.281732, 37.485329], [-119.280181, 37.486083], [-119.279405, 37.486632], [-119.279118, 37.487159], [-119.279118, 37.487891], [-119.27929, 37.488074], [-119.279663, 37.489012], [-119.279577, 37.489653], [-119.279318, 37.490157], [-119.278449, 37.490995], [-119.278111, 37.491323], [-119.277537, 37.492261], [-119.277278, 37.493108], [-119.277048, 37.493497], [-119.275985, 37.494504], [-119.275985, 37.495121], [-119.27653, 37.495579], [-119.277148, 37.495769], [-119.278167, 37.496083], [-119.279028, 37.496472], [-119.279775, 37.49709], [-119.280579, 37.497525], [-119.280923, 37.49764], [-119.281584, 37.498005], [-119.281957, 37.498303], [-119.282073, 37.498723], [-119.282411, 37.499941], [-119.28287, 37.500486], [-119.283312, 37.501363], [-119.28464, 37.503994], [-119.284727, 37.504165], [-119.285108, 37.504859], [-119.285549, 37.505666], [-119.285854, 37.506222], [-119.286103, 37.507124], [-119.286156, 37.507889], [-119.286196, 37.508312], [-119.286216, 37.508515], [-119.28634, 37.508937], [-119.286508, 37.509158]]}, "props": {"MTFCC": "S1400", "NAME": null}}, {"geom": {"type": "LineString", "coordinates": [[-119.646988, 37.455113], [-119.647095, 37.455297], [-119.647152, 37.455395], [-119.647114, 37.45567], [-119.646781, 37.456167], [-119.646621, 37.456274], [-119.646162, 37.456585], [-119.646182, 37.456885], [-119.646292, 37.457073], [-119.646247, 37.457294], [-119.646223, 37.457416], [-119.645826, 37.458118], [-119.645798, 37.459014], [-119.645465, 37.459534], [-119.64548, 37.459974], [-119.645531, 37.461368]]}, "props": {"MTFCC": "S1400", "NAME": null}}, {"geom": {"type": "LineString", "coordinates": [[-119.667518, 37.411624], [-119.667217, 37.412078], [-119.66715, 37.413018], [-119.667126, 37.413365], [-119.667342, 37.413969], [-119.667704, 37.414485], [-119.667445, 37.415606], [-119.667758, 37.415979], [-119.667781, 37.416007], [-119.667687, 37.416304], [-119.666953, 37.416753], [-119.666425, 37.417077], [-119.665967, 37.417814]]}, "props": {"MTFCC": "S1400", "NAME": null}}, {"geom": {"type": "LineString", "coordinates": [[-119.655074, 37.395584], [-119.655591, 37.395629], [-119.655935, 37.39579], [-119.656394, 37.396385], [-119.657254, 37.398879], [-119.657425, 37.399079], [-119.657626, 37.399314], [-119.658544, 37.400023], [-119.658457, 37.400412], [-119.658228, 37.400824], [-119.65817, 37.40135], [-119.658341, 37.40405], [-119.658743, 37.404553], [-119.659201, 37.40492], [-119.659775, 37.40492], [-119.660377, 37.404737], [-119.660607, 37.40492], [-119.660893, 37.405515], [-119.661094, 37.405812], [-119.661065, 37.405905], [-119.661925, 37.407231], [-119.662642, 37.407826], [-119.664196, 37.408582], [-119.664478, 37.408719], [-119.665295, 37.409329], [-119.665797, 37.409703], [-119.666801, 37.410618], [-119.667518, 37.411624]]}, "props": {"MTFCC": "S1400", "NAME": null}}, {"geom": {"type": "LineString", "coordinates": [[-119.634122, 37.444314], [-119.63406, 37.444736], [-119.634489, 37.446024], [-119.634664, 37.446433], [-119.634664, 37.447306], [-119.634549, 37.448201], [-119.634595, 37.449143], [-119.635124, 37.449878], [-119.635951, 37.450613], [-119.636617, 37.45105], [-119.636755, 37.451325], [-119.636642, 37.452762], [-119.636628, 37.453073], [-119.635909, 37.455407], [-119.635937, 37.456551], [-119.636023, 37.456619], [-119.636053, 37.456805], [-119.636166, 37.457512], [-119.636206, 37.458327], [-119.636223, 37.458656], [-119.635734, 37.459983], [-119.635762, 37.460692], [-119.636106, 37.461218], [-119.636292, 37.461314], [-119.636383, 37.46136]]}, "props": {"MTFCC": "S1400", "NAME": null}}, {"geom": {"type": "LineString", "coordinates": [[-119.717591, 37.415699], [-119.717515, 37.41558], [-119.717288, 37.415226], [-119.717213, 37.415108]]}, "props": {"MTFCC": "S1740", "NAME": null}}, {"geom": {"type": "LineString", "coordinates": [[-119.587, 37.425601], [-119.587435, 37.425739], [-119.58778, 37.426082], [-119.58785, 37.426326], [-119.588009, 37.426882], [-119.58801, 37.428278], [-119.587559, 37.42938], [-119.587551, 37.429399], [-119.587339, 37.429748], [-119.58672, 37.430773]]}, "props": {"MTFCC": "S1400", "NAME": null}}, {"geom": {"type": "LineString", "coordinates": [[-119.56233, 37.428631], [-119.562387, 37.428794], [-119.562474, 37.429037], [-119.562646, 37.42922], [-119.562647, 37.429231], [-119.562675, 37.429403]]}, "props": {"MTFCC": "S1400", "NAME": null}}, {"geom": {"type": "LineString", "coordinates": [[-119.592818, 37.40359], [-119.592664, 37.403838], [-119.592753, 37.404445], [-119.592995, 37.404602], [-119.593246, 37.404766]]}, "props": {"MTFCC": "S1400", "NAME": null}}, {"geom": {"type": "LineString", "coordinates": [[-119.592818, 37.40359], [-119.592664, 37.403838], [-119.592753, 37.404445], [-119.592995, 37.404602], [-119.593246, 37.404766]]}, "props": {"MTFCC": "S1400", "NAME": null}}, {"geom": {"type": "LineString", "coordinates": [[-119.58672, 37.430773], [-119.588224, 37.430465], [-119.58839, 37.430431], [-119.589097, 37.430157], [-119.589437, 37.430249], [-119.589526, 37.430321], [-119.589577, 37.430363], [-119.589766, 37.431142], [-119.590784, 37.431716], [-119.591319, 37.432127], [-119.591541, 37.432655], [-119.591453, 37.43458], [-119.591812, 37.435357], [-119.592602, 37.435999], [-119.593337, 37.43639], [-119.593937, 37.437023], [-119.594096, 37.437191], [-119.59426, 37.437694], [-119.594263, 37.439345], [-119.594461, 37.439459], [-119.594717, 37.439436], [-119.594738, 37.439409]]}, "props": {"MTFCC": "S1400", "NAME": null}}, {"geom": {"type": "LineString", "coordinates": [[-119.725306, 37.408735], [-119.724964, 37.408592], [-119.724835, 37.408538], [-119.724321, 37.408407], [-119.723883, 37.408376], [-119.723515, 37.40835], [-119.723149, 37.408209], [-119.722988, 37.408147], [-119.722156, 37.40811], [-119.721998, 37.408168], [-119.721632, 37.408305]]}, "props": {"MTFCC": "S1740", "NAME": null}}, {"geom": {"type": "LineString", "coordinates": [[-119.720907, 37.410222], [-119.721009, 37.410181], [-119.721156, 37.410123], [-119.721294, 37.410018], [-119.721383, 37.409952]]}, "props": {"MTFCC": "S1740", "NAME": null}}, {"geom": {"type": "LineString", "coordinates": [[-119.543427, 37.439158], [-119.543799, 37.439295], [-119.54414, 37.439706], [-119.544567, 37.440619], [-119.545024, 37.441076], [-119.545165, 37.441488], [-119.544989, 37.442265], [-119.545234, 37.443011], [-119.545368, 37.443182], [-119.545517, 37.443372], [-119.546529, 37.44384], [-119.546699, 37.444298], [-119.54687, 37.444457], [-119.548672, 37.444386], [-119.549101, 37.444478], [-119.549071, 37.444683], [-119.548667, 37.445163], [-119.54809, 37.445597], [-119.547684, 37.446533], [-119.547767, 37.447081], [-119.548338, 37.447561], [-119.548452, 37.447835], [-119.548563, 37.448498], [-119.549364, 37.448955], [-119.550108, 37.448954], [-119.551081, 37.448793], [-119.551223, 37.448905], [-119.551078, 37.449363], [-119.550731, 37.449682], [-119.550241, 37.44991], [-119.549557, 37.450597], [-119.549491, 37.450664], [-119.54946, 37.451143], [-119.549831, 37.451418], [-119.550632, 37.451325], [-119.551977, 37.450934], [-119.552577, 37.450911], [-119.553521, 37.451161]]}, "props": {"MTFCC": "S1400", "NAME": null}}, {"geom": {"type": "LineString", "coordinates": [[-119.543427, 37.439158], [-119.543372, 37.43927], [-119.543208, 37.439607], [-119.543192, 37.439642], [-119.543111, 37.439673], [-119.542985, 37.439733], [-119.542713, 37.439862], [-119.541836, 37.440074], [-119.541075, 37.440424], [-119.540426, 37.441074], [-119.540387, 37.441559], [-119.540497, 37.44179], [-119.540707, 37.441915], [-119.541199, 37.442209], [-119.541987, 37.442582], [-119.54246, 37.443069], [-119.542481, 37.443486], [-119.542066, 37.443972], [-119.542004, 37.444226], [-119.542311, 37.444527], [-119.543042, 37.444923], [-119.543433, 37.44534], [-119.543421, 37.445917], [-119.543005, 37.446497], [-119.543054, 37.446866], [-119.543219, 37.447144], [-119.543242, 37.447421], [-119.543684, 37.448139], [-119.544065, 37.449086], [-119.544316, 37.449365], [-119.544309, 37.449734], [-119.544041, 37.450081], [-119.544122, 37.450313], [-119.544403, 37.450452], [-119.545488, 37.450703], [-119.545531, 37.450713], [-119.545896, 37.450946], [-119.546363, 37.451824], [-119.546615, 37.452103], [-119.547032, 37.452276], [-119.547766, 37.452886], [-119.548594, 37.45279]]}, "props": {"MTFCC": "S1400", "NAME": null}}, {"geom": {"type": "LineString", "coordinates": [[-119.573999, 37.387509], [-119.573595, 37.387701], [-119.572996, 37.387989], [-119.572342, 37.388162], [-119.572136, 37.388218], [-119.571992, 37.388401], [-119.571906, 37.388744], [-119.571648, 37.38895], [-119.571333, 37.389088], [-119.571126, 37.38911], [-119.569871, 37.389248], [-119.56944, 37.38966], [-119.569441, 37.390185], [-119.569211, 37.390551], [-119.568896, 37.390506], [-119.568494, 37.390162], [-119.568471, 37.390124], [-119.56815, 37.389591], [-119.567777, 37.38934], [-119.567749, 37.389179], [-119.56745, 37.389156], [-119.566555, 37.389087], [-119.566257, 37.389065], [-119.565827, 37.389523], [-119.565627, 37.389957], [-119.565598, 37.390666], [-119.566114, 37.391604], [-119.56686, 37.392656], [-119.568036, 37.393381], [-119.568122, 37.393434], [-119.568122, 37.393938], [-119.567806, 37.394761], [-119.567806, 37.395562], [-119.568151, 37.396683], [-119.568409, 37.397004], [-119.569699, 37.397576], [-119.570416, 37.398239], [-119.570416, 37.398697], [-119.569843, 37.399932], [-119.569757, 37.400619], [-119.569872, 37.400848], [-119.57079, 37.401603], [-119.570905, 37.40206], [-119.570963, 37.40341], [-119.572053, 37.404806], [-119.572598, 37.405721], [-119.572885, 37.406522], [-119.572832, 37.407471], [-119.572828, 37.407552], [-119.57257, 37.408101], [-119.570935, 37.409337], [-119.570275, 37.409977], [-119.569874, 37.410526], [-119.569444, 37.41167]]}, "props": {"MTFCC": "S1400", "NAME": null}}, {"geom": {"type": "LineString", "coordinates": [[-119.586218, 37.393798], [-119.58596, 37.39405], [-119.585788, 37.394416], [-119.585817, 37.395377], [-119.585587, 37.396063], [-119.585602, 37.396682], [-119.585617, 37.397276], [-119.585789, 37.397482], [-119.586391, 37.397573], [-119.586535, 37.397734], [-119.586605, 37.398528], [-119.586622, 37.398717], [-119.587109, 37.399129], [-119.587598, 37.400937], [-119.587971, 37.40176], [-119.588143, 37.40295], [-119.588065, 37.40348], [-119.587972, 37.404117], [-119.587857, 37.404575], [-119.587681, 37.404776], [-119.587599, 37.404872], [-119.586781, 37.405524], [-119.586595, 37.405673], [-119.586595, 37.406016], [-119.587313, 37.406611], [-119.587485, 37.406954]]}, "props": {"MTFCC": "S1400", "NAME": null}}, {"geom": {"type": "LineString", "coordinates": [[-119.555549, 37.421609], [-119.555517, 37.421232], [-119.555417, 37.420988], [-119.554772, 37.420508], [-119.554357, 37.420199], [-119.553918, 37.420165], [-119.553211, 37.420564], [-119.552544, 37.421035], [-119.551324, 37.421661], [-119.551033, 37.4219], [-119.550484, 37.422353], [-119.549962, 37.422572], [-119.549797, 37.422595], [-119.549169, 37.422682], [-119.549121, 37.422685], [-119.548478, 37.422729], [-119.547749, 37.422944], [-119.547269, 37.423282], [-119.54722, 37.423301], [-119.546961, 37.423405], [-119.546564, 37.423471], [-119.546017, 37.423857], [-119.545195, 37.424436], [-119.544481, 37.424682], [-119.54435, 37.424728], [-119.541471, 37.425282], [-119.539071, 37.426512], [-119.53788, 37.42662], [-119.537559, 37.426559], [-119.536652, 37.426389], [-119.535884, 37.426297], [-119.535436, 37.425717], [-119.53538, 37.425537], [-119.536474, 37.425253], [-119.536619, 37.425028], [-119.536477, 37.424917], [-119.535476, 37.424767], [-119.53516, 37.424566], [-119.534077, 37.423466], [-119.533723, 37.423055], [-119.532508, 37.421644], [-119.53188, 37.421084], [-119.53094, 37.419644], [-119.530171, 37.418812], [-119.528401, 37.417558], [-119.526832, 37.416122], [-119.525033, 37.414278], [-119.524379, 37.413356], [-119.523809, 37.412795], [-119.522633, 37.41212], [-119.522523, 37.412057], [-119.521182, 37.411095], [-119.520409, 37.410807], [-119.520067, 37.410537], [-119.520068, 37.410447], [-119.519753, 37.410246], [-119.518639, 37.409985], [-119.518411, 37.40976], [-119.518383, 37.409489], [-119.518055, 37.409284], [-119.518029, 37.409276], [-119.517147, 37.409002], [-119.516829, 37.409009], [-119.516568, 37.409015], [-119.51648, 37.409139], [-119.516345, 37.409325], [-119.516402, 37.409644], [-119.51663, 37.410009], [-119.519347, 37.412882], [-119.519518, 37.413224], [-119.519572, 37.414478], [-119.519715, 37.414796], [-119.520201, 37.415048], [-119.520326, 37.415163], [-119.520572, 37.41539], [-119.520658, 37.415595], [-119.520629, 37.416029], [-119.520283, 37.416416], [-119.518729, 37.417599], [-119.517637, 37.418099], [-119.517349, 37.418372], [-119.517118, 37.41876], [-119.517112, 37.41882], [-119.517089, 37.419034], [-119.517862, 37.419876], [-119.518519, 37.420127], [-119.520009, 37.419918], [-119.52147, 37.420143], [-119.522186, 37.420346], [-119.5223, 37.420461], [-119.522186, 37.420918], [-119.521006, 37.422011], [-119.520689, 37.422785], [-119.520026, 37.423606], [-119.51899, 37.424242], [-119.518616, 37.424584], [-119.518529, 37.424767], [-119.518557, 37.425313], [-119.518153, 37.425884], [-119.51591, 37.426929], [-119.51568, 37.427179], [-119.515707, 37.427793], [-119.515879, 37.428091], [-119.515878, 37.428296], [-119.515964, 37.428365], [-119.516, 37.428535], [-119.516077, 37.428889], [-119.515845, 37.42955], [-119.515414, 37.430028], [-119.515355, 37.430599], [-119.515123, 37.431238], [-119.514864, 37.431557], [-119.514519, 37.431783], [-119.513484, 37.432147], [-119.51285, 37.433059], [-119.511959, 37.433559], [-119.511613, 37.433924], [-119.511613, 37.434052], [-119.511613, 37.434226], [-119.511956, 37.434468], [-119.512789, 37.434777], [-119.513301, 37.434968], [-119.51439, 37.435044], [-119.514906, 37.43522], [-119.515278, 37.435485], [-119.51542, 37.436149], [-119.515934, 37.43684], [-119.515977, 37.437106], [-119.516216, 37.43857]]}, "props": {"MTFCC": "S1400", "NAME": null}}, {"geom": {"type": "LineString", "coordinates": [[-119.607968, 37.367294], [-119.608072, 37.367329], [-119.608198, 37.367384]]}, "props": {"MTFCC": "S1400", "NAME": null}}, {"geom": {"type": "LineString", "coordinates": [[-119.581079, 37.375423], [-119.580981, 37.375469], [-119.580689, 37.375609], [-119.580592, 37.375656]]}, "props": {"MTFCC": "S1400", "NAME": null}}, {"geom": {"type": "LineString", "coordinates": [[-119.57635, 37.385953], [-119.576559, 37.386403], [-119.57662, 37.386534], [-119.576637, 37.38657], [-119.576867, 37.38673], [-119.57744, 37.386959], [-119.577841, 37.387031], [-119.57833, 37.387119]]}, "props": {"MTFCC": "S1400", "NAME": null}}, {"geom": {"type": "LineString", "coordinates": [[-119.511003, 37.377544], [-119.511237, 37.377765], [-119.511318, 37.377842], [-119.512027, 37.378324], [-119.512294, 37.378506]]}, "props": {"MTFCC": "S1400", "NAME": null}}, {"geom": {"type": "LineString", "coordinates": [[-119.615286, 37.481244], [-119.61485, 37.4814], [-119.614478, 37.481377], [-119.614278, 37.481217], [-119.614422, 37.480783], [-119.614367, 37.480395], [-119.614166, 37.480212], [-119.613823, 37.480256], [-119.613479, 37.480484], [-119.61322, 37.480871], [-119.612673, 37.481064], [-119.612073, 37.481277], [-119.611757, 37.481528], [-119.611096, 37.482324], [-119.610666, 37.482551], [-119.60992, 37.483097], [-119.609146, 37.483117], [-119.608199, 37.483776], [-119.607479, 37.484983], [-119.606475, 37.485596], [-119.606014, 37.486325], [-119.605784, 37.486872], [-119.605266, 37.487555], [-119.605036, 37.488034], [-119.60489, 37.488878], [-119.604694, 37.489174], [-119.604545, 37.489401], [-119.60337, 37.48958], [-119.602624, 37.48976], [-119.601504, 37.490761], [-119.601361, 37.491011]]}, "props": {"MTFCC": "S1400", "NAME": null}}, {"geom": {"type": "LineString", "coordinates": [[-119.407514, 37.498275], [-119.407112, 37.498503], [-119.406883, 37.498555], [-119.406308, 37.498686], [-119.405733, 37.498504], [-119.405052, 37.497919], [-119.404987, 37.497863], [-119.404412, 37.497657], [-119.402718, 37.497725], [-119.402526, 37.497805], [-119.402172, 37.497954], [-119.40108, 37.499144], [-119.400902, 37.49994], [-119.400528, 37.500944], [-119.400556, 37.501972], [-119.40047, 37.50227], [-119.400126, 37.502609], [-119.398773, 37.503947], [-119.398688, 37.504031], [-119.397453, 37.504763], [-119.397319, 37.504968], [-119.397051, 37.505381], [-119.395816, 37.505357], [-119.394695, 37.505883], [-119.394034, 37.506524], [-119.393775, 37.50689], [-119.393086, 37.507553], [-119.392986, 37.507603], [-119.392367, 37.507919], [-119.391276, 37.508102], [-119.390964, 37.507707], [-119.390951, 37.507653], [-119.390801, 37.507011], [-119.391181, 37.506662], [-119.391598, 37.50639], [-119.391817, 37.506248], [-119.391938, 37.505976], [-119.391866, 37.505541], [-119.392215, 37.505215], [-119.392871, 37.504902], [-119.393005, 37.504758], [-119.39293, 37.503897], [-119.392669, 37.503352], [-119.391683, 37.502752], [-119.391216, 37.502468], [-119.390887, 37.502419], [-119.390379, 37.502474], [-119.388791, 37.502897], [-119.387775, 37.502892], [-119.386307, 37.502552], [-119.385829, 37.502537], [-119.385463, 37.502844], [-119.384881, 37.503449], [-119.38439, 37.504667], [-119.383993, 37.505046], [-119.383575, 37.505073], [-119.383126, 37.504987], [-119.382822, 37.504784], [-119.382384, 37.504158], [-119.381945, 37.503598], [-119.381812, 37.503242], [-119.381571, 37.503123], [-119.381299, 37.503255], [-119.380951, 37.503625], [-119.380563, 37.504039], [-119.380324, 37.504076], [-119.378316, 37.50357], [-119.378137, 37.50358], [-119.377824, 37.504056], [-119.377712, 37.5046], [-119.377555, 37.504831]]}, "props": {"MTFCC": "S1400", "NAME": null}}, {"geom": {"type": "LineString", "coordinates": [[-119.410976, 37.443542], [-119.411205, 37.443555], [-119.411894, 37.443597], [-119.412124, 37.443611]]}, "props": {"MTFCC": "S1400", "NAME": null}}, {"geom": {"type": "LineString", "coordinates": [[-119.390679, 37.421157], [-119.390233, 37.422248], [-119.390201, 37.423583], [-119.390216, 37.424515], [-119.391115, 37.425888], [-119.391715, 37.426511], [-119.391852, 37.426654], [-119.393156, 37.426685], [-119.395296, 37.426788], [-119.394178, 37.42735], [-119.394033, 37.427996], [-119.394315, 37.429493], [-119.394904, 37.430949], [-119.395808, 37.432484], [-119.395967, 37.432771], [-119.396233, 37.433252], [-119.396817, 37.43322], [-119.397119, 37.433203], [-119.397695, 37.433361], [-119.397776, 37.43356], [-119.39791, 37.433887], [-119.39771, 37.434372], [-119.397252, 37.434572], [-119.396489, 37.434483], [-119.396031, 37.434643], [-119.396034, 37.434942], [-119.395126, 37.436633], [-119.395087, 37.436706], [-119.394609, 37.437179], [-119.394161, 37.43788], [-119.393862, 37.438921], [-119.393105, 37.439961], [-119.392653, 37.440344], [-119.391691, 37.440859], [-119.3914, 37.440974], [-119.390601, 37.441293], [-119.387978, 37.441891], [-119.387313, 37.442304], [-119.386965, 37.442946], [-119.384419, 37.445745], [-119.382801, 37.447006], [-119.381094, 37.448909], [-119.38065, 37.449677], [-119.380512, 37.449919], [-119.379901, 37.451134], [-119.378915, 37.452716], [-119.378914, 37.452946], [-119.379228, 37.453083], [-119.379714, 37.45297], [-119.380486, 37.452492], [-119.381256, 37.451647], [-119.381856, 37.451603], [-119.382398, 37.451056], [-119.382884, 37.451171], [-119.383338, 37.451882], [-119.38391, 37.451906], [-119.384909, 37.451542], [-119.385281, 37.451567], [-119.385223, 37.451727], [-119.384615, 37.452392], [-119.383231, 37.452898], [-119.382999, 37.453104], [-119.382883, 37.453356], [-119.38279, 37.454457], [-119.383274, 37.454985], [-119.384102, 37.455307], [-119.384071, 37.455788], [-119.383924, 37.456247], [-119.383973, 37.457715], [-119.383711, 37.45838], [-119.383934, 37.459389], [-119.384103, 37.459711], [-119.384187, 37.46001], [-119.384527, 37.460789], [-119.384524, 37.461248], [-119.383935, 37.461823], [-119.383772, 37.461982], [-119.383712, 37.462417], [-119.383883, 37.462556], [-119.384711, 37.462534], [-119.385054, 37.462993], [-119.385653, 37.463292], [-119.385823, 37.463476], [-119.385965, 37.463843], [-119.385958, 37.465058], [-119.386099, 37.465311], [-119.386613, 37.465014], [-119.386868, 37.464216], [-119.386893, 37.463507], [-119.387062, 37.462663], [-119.387289, 37.462321], [-119.387631, 37.46207], [-119.387889, 37.46207], [-119.388031, 37.462208], [-119.388053, 37.463309], [-119.388282, 37.463332], [-119.388711, 37.462899], [-119.389365, 37.461895], [-119.389964, 37.461256], [-119.390564, 37.461006], [-119.39105, 37.46103], [-119.391422, 37.461214], [-119.391501, 37.462291], [-119.391757, 37.462613], [-119.392215, 37.462751], [-119.392729, 37.462637], [-119.393471, 37.461885], [-119.393791, 37.46197], [-119.394242, 37.462092], [-119.394614, 37.461979], [-119.395327, 37.461295], [-119.395641, 37.461181], [-119.395927, 37.461227], [-119.396098, 37.461411], [-119.396601, 37.463817], [-119.39677, 37.464276], [-119.397168, 37.464759], [-119.397882, 37.465309], [-119.399224, 37.465839], [-119.400053, 37.466], [-119.401625, 37.466004], [-119.402396, 37.465913], [-119.403397, 37.465641], [-119.404654, 37.464866]]}, "props": {"MTFCC": "S1400", "NAME": null}}, {"geom": {"type": "LineString", "coordinates": [[-119.321462, 37.395536], [-119.321204, 37.395445], [-119.321089, 37.395262], [-119.321032, 37.394232], [-119.320946, 37.394118], [-119.32074, 37.394131], [-119.320602, 37.39414], [-119.320142, 37.394873], [-119.320028, 37.396909], [-119.319856, 37.397756], [-119.319885, 37.398328], [-119.320459, 37.399289], [-119.320468, 37.399296], [-119.320746, 37.399518], [-119.320918, 37.399861], [-119.32086, 37.400227], [-119.320459, 37.40025], [-119.320155, 37.400058], [-119.31977, 37.399816], [-119.318766, 37.399358], [-119.31845, 37.399083], [-119.318077, 37.39842], [-119.318077, 37.398237], [-119.317589, 37.39771], [-119.316958, 37.397367], [-119.315668, 37.396841], [-119.315123, 37.396429], [-119.314836, 37.396338], [-119.314578, 37.396406], [-119.314721, 37.396887], [-119.314831, 37.396997], [-119.31518, 37.397344], [-119.315152, 37.397436], [-119.315266, 37.397527], [-119.315438, 37.39874], [-119.315324, 37.398992], [-119.314779, 37.399427], [-119.314807, 37.399679], [-119.315123, 37.400205], [-119.315094, 37.400502], [-119.314865, 37.400731], [-119.314807, 37.401166], [-119.314607, 37.401326], [-119.313058, 37.401418], [-119.312582, 37.401544], [-119.312542, 37.401555], [-119.312255, 37.401761], [-119.312025, 37.40231], [-119.31191, 37.403226], [-119.311738, 37.40366], [-119.311595, 37.403752], [-119.311394, 37.403752], [-119.311165, 37.403569], [-119.311021, 37.403203], [-119.311021, 37.402631], [-119.310849, 37.402242], [-119.309903, 37.401052], [-119.309558, 37.4008], [-119.3091, 37.400663], [-119.308296, 37.4008], [-119.306633, 37.401212], [-119.306231, 37.40112], [-119.30603, 37.400846], [-119.306035, 37.400743], [-119.306088, 37.399633], [-119.306002, 37.399221], [-119.3056, 37.398855], [-119.305113, 37.398626], [-119.304424, 37.398603], [-119.303936, 37.398809], [-119.302546, 37.399858], [-119.302301, 37.400044], [-119.30187, 37.400639], [-119.301813, 37.40112], [-119.301899, 37.401234], [-119.301899, 37.401486], [-119.302157, 37.401806], [-119.303018, 37.402653], [-119.302989, 37.403019], [-119.302702, 37.403683], [-119.302644, 37.404072], [-119.302444, 37.404507], [-119.301899, 37.405147], [-119.301009, 37.405903], [-119.300952, 37.40604]]}, "props": {"MTFCC": "S1400", "NAME": null}}, {"geom": {"type": "LineString", "coordinates": [[-119.41792, 37.447777], [-119.418408, 37.448326], [-119.418408, 37.448602], [-119.418408, 37.449081], [-119.418322, 37.449195], [-119.418293, 37.449928], [-119.418551, 37.450225], [-119.418666, 37.450797], [-119.418512, 37.451481], [-119.418292, 37.452468], [-119.418034, 37.453634], [-119.418062, 37.454366], [-119.418521, 37.455007], [-119.419031, 37.455317], [-119.419612, 37.45567], [-119.420616, 37.456151], [-119.42122, 37.456769], [-119.421995, 37.457638], [-119.422223, 37.458084], [-119.422311, 37.458256], [-119.42254, 37.458897], [-119.423975, 37.460545], [-119.424348, 37.461254], [-119.42557, 37.462516], [-119.426099, 37.463062], [-119.426357, 37.463359], [-119.426329, 37.46386], [-119.425754, 37.464389], [-119.425352, 37.465167], [-119.42584, 37.465599], [-119.425861, 37.465618], [-119.426149, 37.466401], [-119.426146, 37.467099], [-119.425909, 37.467416], [-119.425519, 37.467939], [-119.425445, 37.468039], [-119.425224, 37.468338], [-119.425151, 37.468439], [-119.424234, 37.470006], [-119.423572, 37.471139], [-119.423486, 37.471528], [-119.423572, 37.471917], [-119.424146, 37.47281], [-119.424433, 37.473336], [-119.424548, 37.474114], [-119.42422, 37.474941], [-119.424059, 37.47535], [-119.423973, 37.476036], [-119.424088, 37.476334], [-119.424404, 37.476517]]}, "props": {"MTFCC": "S1400", "NAME": null}}, {"geom": {"type": "LineString", "coordinates": [[-119.725374, 37.369107], [-119.725331, 37.369207], [-119.725304, 37.369314], [-119.725261, 37.369497], [-119.72523, 37.369726], [-119.725205, 37.369839], [-119.725168, 37.36993], [-119.725156, 37.369954], [-119.725063, 37.370153], [-119.725043, 37.370192], [-119.725008, 37.370268], [-119.724989, 37.370313], [-119.724974, 37.370355], [-119.72496, 37.370403], [-119.724953, 37.37043], [-119.724936, 37.370552], [-119.72493, 37.370603], [-119.724919, 37.370692], [-119.72491, 37.370845], [-119.724913, 37.370958], [-119.724914, 37.370985], [-119.724961, 37.371411], [-119.724984, 37.371557], [-119.725028, 37.371752], [-119.725044, 37.371893], [-119.725048, 37.372018], [-119.725049, 37.372034], [-119.725046, 37.372159], [-119.725024, 37.372374], [-119.724997, 37.372464], [-119.724955, 37.372556], [-119.724936, 37.372583], [-119.724895, 37.372628], [-119.72484, 37.372668], [-119.724721, 37.372757], [-119.724567, 37.372846], [-119.724481, 37.372883], [-119.724303, 37.372949], [-119.724071, 37.373042], [-119.723953, 37.373082], [-119.723869, 37.3731], [-119.723649, 37.373148], [-119.723523, 37.373185], [-119.723477, 37.373199], [-119.723423, 37.373221], [-119.723335, 37.373258], [-119.723276, 37.373288], [-119.723225, 37.373324], [-119.723164, 37.373398], [-119.723151, 37.373415], [-119.723108, 37.373488], [-119.723062, 37.373564], [-119.722991, 37.373717], [-119.722966, 37.373772], [-119.722882, 37.373969], [-119.72285, 37.374033], [-119.722776, 37.374156], [-119.722695, 37.374343], [-119.722658, 37.374415], [-119.722582, 37.374568], [-119.722535, 37.374642], [-119.722501, 37.374696], [-119.722493, 37.374705], [-119.722419, 37.374806], [-119.722352, 37.374884], [-119.722329, 37.374911], [-119.722295, 37.374933], [-119.72228, 37.374942], [-119.722238, 37.374969], [-119.722224, 37.374979], [-119.721707, 37.37523], [-119.721685, 37.375237], [-119.72129, 37.375382], [-119.720928, 37.375534], [-119.720626, 37.375676], [-119.720377, 37.375807], [-119.720231, 37.375893], [-119.720085, 37.375995], [-119.720071, 37.376005], [-119.719602, 37.376375], [-119.719577, 37.376394], [-119.719525, 37.376436], [-119.719506, 37.376452], [-119.719483, 37.376473], [-119.71947, 37.376483], [-119.719434, 37.376515], [-119.719422, 37.376527], [-119.719376, 37.376621], [-119.719284, 37.376773], [-119.719143, 37.376951], [-119.719118, 37.376988], [-119.719039, 37.377142], [-119.718923, 37.377399], [-119.718893, 37.377469], [-119.718849, 37.377579], [-119.718683, 37.378041], [-119.718462, 37.37862], [-119.71828, 37.379132], [-119.71816, 37.37945], [-119.717871, 37.380161], [-119.717756, 37.380519], [-119.717717, 37.380642], [-119.717681, 37.380737], [-119.717552, 37.381019], [-119.717489, 37.381192], [-119.717375, 37.381535], [-119.717311, 37.381695], [-119.71719, 37.382005], [-119.717128, 37.382177], [-119.717071, 37.38234], [-119.717039, 37.38243], [-119.716963, 37.382623], [-119.716899, 37.382789], [-119.716825, 37.383002], [-119.716797, 37.38311], [-119.716777, 37.383224], [-119.716765, 37.383338], [-119.716761, 37.38345], [-119.716762, 37.3835], [-119.716767, 37.383675], [-119.716766, 37.383803], [-119.716765, 37.383892], [-119.716783, 37.384169], [-119.716797, 37.38428], [-119.716814, 37.384401], [-119.716839, 37.384541], [-119.716984, 37.385087], [-119.717055, 37.385399], [-119.717078, 37.385552], [-119.717094, 37.385685], [-119.717122, 37.385916], [-119.717137, 37.3861], [-119.717138, 37.386163], [-119.717141, 37.38637], [-119.71714, 37.386481], [-119.717128, 37.386562], [-119.717112, 37.386677], [-119.717066, 37.386879], [-119.716989, 37.387106], [-119.716835, 37.387484], [-119.716729, 37.38769], [-119.716723, 37.387704], [-119.716589, 37.387926], [-119.716511, 37.388026], [-119.716476, 37.388076], [-119.716372, 37.388228], [-119.716338, 37.388279], [-119.716328, 37.388292], [-119.7163, 37.388334], [-119.716291, 37.388348], [-119.716249, 37.388423], [-119.716122, 37.388617], [-119.715896, 37.388998], [-119.715812, 37.389143], [-119.715604, 37.389465], [-119.71539, 37.389764], [-119.715171, 37.39005], [-119.714848, 37.390514], [-119.714684, 37.390727], [-119.71457, 37.390853], [-119.714488, 37.390945], [-119.714286, 37.391152], [-119.714147, 37.391284], [-119.714039, 37.391398], [-119.713928, 37.391485], [-119.713868, 37.391536], [-119.713369, 37.391969], [-119.713297, 37.392033], [-119.7132, 37.392109], [-119.713053, 37.392258], [-119.71287, 37.392403], [-119.712301, 37.392869], [-119.712234, 37.392925], [-119.711527, 37.39351], [-119.711128, 37.393842], [-119.710199, 37.394666], [-119.710022, 37.394821], [-119.709978, 37.394869], [-119.709924, 37.394942], [-119.709864, 37.395043], [-119.709756, 37.395262], [-119.709749, 37.395277], [-119.709702, 37.395395], [-119.70968, 37.395579], [-119.709674, 37.395739], [-119.709684, 37.39583], [-119.709821, 37.396429], [-119.709843, 37.396523], [-119.709844, 37.396536], [-119.70986, 37.3967], [-119.709863, 37.396865], [-119.709865, 37.396976], [-119.70986, 37.397068], [-119.709811, 37.397192], [-119.709694, 37.397407], [-119.709639, 37.397487], [-119.709572, 37.397561], [-119.709461, 37.397658], [-119.709417, 37.397698], [-119.709318, 37.397777], [-119.709159, 37.397887], [-119.709013, 37.397974], [-119.708819, 37.398069], [-119.70871, 37.398105], [-119.708597, 37.398133], [-119.70824, 37.398193], [-119.708113, 37.398203], [-119.707856, 37.398203], [-119.707697, 37.398188], [-119.707538, 37.398165], [-119.707355, 37.398129], [-119.707169, 37.39808], [-119.707065, 37.398047], [-119.70697, 37.398014], [-119.70685, 37.397984], [-119.706662, 37.397917], [-119.706578, 37.397875], [-119.70642, 37.397776], [-119.706309, 37.397694], [-119.706208, 37.397619], [-119.705985, 37.397438], [-119.705878, 37.397352], [-119.705815, 37.397301], [-119.705781, 37.39727], [-119.705574, 37.397081], [-119.705505, 37.397014], [-119.705416, 37.396926], [-119.705405, 37.396915], [-119.705373, 37.396883], [-119.705363, 37.396873]]}, "props": {"MTFCC": "S1400", "NAME": null}}, {"geom": {"type": "LineString", "coordinates": [[-119.724438, 37.37571], [-119.724347, 37.375747], [-119.724247, 37.375827], [-119.723993, 37.376107], [-119.723965, 37.376137], [-119.723923, 37.376172]]}, "props": {"MTFCC": "S1400", "NAME": null}}, {"geom": {"type": "LineString", "coordinates": [[-119.473174, 37.4454], [-119.473367, 37.445396], [-119.47359, 37.445393], [-119.473948, 37.445386], [-119.474142, 37.445383]]}, "props": {"MTFCC": "S1400", "NAME": null}}, {"geom": {"type": "LineString", "coordinates": [[-119.497222, 37.414788], [-119.497452, 37.41488], [-119.498206, 37.415016], [-119.498456, 37.415062]]}, "props": {"MTFCC": "S1400", "NAME": null}}, {"geom": {"type": "LineString", "coordinates": [[-119.391724, 37.380582], [-119.392476, 37.381307], [-119.392604, 37.381616], [-119.392615, 37.381916], [-119.392666, 37.383192], [-119.392311, 37.385816], [-119.392337, 37.386507], [-119.392434, 37.386769], [-119.392534, 37.38687], [-119.393249, 37.38759], [-119.393764, 37.388012], [-119.395492, 37.389409], [-119.395536, 37.389445], [-119.39565, 37.390085], [-119.395132, 37.392053], [-119.395275, 37.39306], [-119.395217, 37.393747], [-119.395103, 37.39409], [-119.394816, 37.39441], [-119.394471, 37.394639], [-119.393936, 37.395504], [-119.393695, 37.395896], [-119.39338, 37.396216], [-119.39315, 37.397109], [-119.392987, 37.397465], [-119.392463, 37.397697], [-119.392034, 37.397888], [-119.391094, 37.398165], [-119.390827, 37.398165], [-119.390255, 37.398165], [-119.389598, 37.398165], [-119.388514, 37.398027], [-119.388177, 37.398441], [-119.388197, 37.39851], [-119.388363, 37.399086], [-119.387622, 37.39904], [-119.387171, 37.398626], [-119.387125, 37.398027], [-119.387142, 37.397152], [-119.386989, 37.396093], [-119.385452, 37.395587], [-119.38461, 37.396032], [-119.383975, 37.396369], [-119.382423, 37.396889]]}, "props": {"MTFCC": "S1400", "NAME": null}}, {"geom": {"type": "LineString", "coordinates": [[-119.347898, 37.40899], [-119.348105, 37.409019], [-119.348387, 37.40916], [-119.348629, 37.409516], [-119.349006, 37.410366], [-119.349113, 37.410464], [-119.349152, 37.410499], [-119.350007, 37.410643], [-119.351688, 37.411086], [-119.352078, 37.411349], [-119.352366, 37.41164], [-119.353821, 37.413107], [-119.354277, 37.413281], [-119.354293, 37.413288], [-119.355872, 37.41337], [-119.356293, 37.413468]]}, "props": {"MTFCC": "S1200", "NAME": null}}, {"geom": {"type": "LineString", "coordinates": [[-119.349747, 37.407288], [-119.349903, 37.407123], [-119.35046, 37.406842], [-119.350575, 37.406785], [-119.351225, 37.406767], [-119.351539, 37.407194], [-119.351382, 37.407568], [-119.350777, 37.407622], [-119.350558, 37.407544], [-119.350373, 37.407479], [-119.349747, 37.407288]]}, "props": {"MTFCC": "S1400", "NAME": null}}, {"geom": {"type": "LineString", "coordinates": [[-119.28614, 37.437182], [-119.286341, 37.43725], [-119.286829, 37.437205], [-119.287604, 37.436976], [-119.288034, 37.437022], [-119.288189, 37.437114], [-119.288264, 37.437159], [-119.288149, 37.437937], [-119.288808, 37.438578], [-119.289066, 37.440043], [-119.289129, 37.440098], [-119.289353, 37.440295], [-119.290157, 37.440066], [-119.290846, 37.440226], [-119.291735, 37.44089], [-119.29179, 37.4409], [-119.292739, 37.441073], [-119.293342, 37.441348], [-119.29383, 37.441439], [-119.294031, 37.441554], [-119.295408, 37.441806], [-119.296212, 37.442126], [-119.296672, 37.442492], [-119.297045, 37.443065], [-119.296959, 37.444003], [-119.296844, 37.444438], [-119.296805, 37.445193], [-119.296786, 37.445582], [-119.297245, 37.446177], [-119.297819, 37.446406], [-119.298537, 37.446429], [-119.299627, 37.446154], [-119.300402, 37.446223], [-119.300775, 37.446589], [-119.301206, 37.447619], [-119.300861, 37.44874], [-119.300861, 37.449861], [-119.299426, 37.45128], [-119.29822, 37.451967], [-119.297761, 37.452447], [-119.296842, 37.45295], [-119.296211, 37.453568], [-119.29512, 37.454209], [-119.294603, 37.454712], [-119.294718, 37.455444], [-119.294787, 37.45615], [-119.294804, 37.456314], [-119.294718, 37.456612], [-119.294631, 37.456634], [-119.294545, 37.457847], [-119.29443, 37.458122], [-119.293568, 37.458923], [-119.293309, 37.45938], [-119.293194, 37.460158], [-119.293223, 37.461508]]}, "props": {"MTFCC": "S1400", "NAME": null}}, {"geom": {"type": "LineString", "coordinates": [[-119.363443, 37.373959], [-119.362555, 37.374119], [-119.36218, 37.374112], [-119.361496, 37.374099], [-119.360118, 37.374075], [-119.359745, 37.374235], [-119.359, 37.374327], [-119.358627, 37.374499], [-119.358111, 37.374488], [-119.357308, 37.37387], [-119.356618, 37.373527], [-119.356147, 37.373097], [-119.356016, 37.372978], [-119.355786, 37.372932], [-119.355701, 37.37339], [-119.356217, 37.373848], [-119.356361, 37.374214]]}, "props": {"MTFCC": "S1400", "NAME": null}}, {"geom": {"type": "LineString", "coordinates": [[-119.420603, 37.516117], [-119.419713, 37.515887], [-119.418823, 37.515544], [-119.418335, 37.515131], [-119.417848, 37.51449], [-119.416357, 37.511994], [-119.415655, 37.511482], [-119.415037, 37.511032], [-119.413975, 37.510779], [-119.413229, 37.510709], [-119.412482, 37.5108], [-119.411994, 37.510776], [-119.411708, 37.510685], [-119.41165, 37.510456], [-119.411794, 37.509906], [-119.412427, 37.509746], [-119.413548, 37.509585], [-119.414899, 37.509515], [-119.416077, 37.509606], [-119.417141, 37.509445], [-119.417774, 37.509193], [-119.41832, 37.508735], [-119.41835, 37.507864], [-119.417919, 37.507567], [-119.416685, 37.506971], [-119.415623, 37.507015], [-119.415222, 37.507267], [-119.414906, 37.507861], [-119.414189, 37.508477], [-119.413844, 37.5085], [-119.413156, 37.508087], [-119.41172, 37.507674], [-119.411519, 37.507422], [-119.411576, 37.507148], [-119.411899, 37.506964], [-119.41198, 37.506918], [-119.412583, 37.507055], [-119.412899, 37.507284], [-119.413561, 37.507283], [-119.413963, 37.5071], [-119.414137, 37.506367], [-119.414626, 37.505818], [-119.415086, 37.505588], [-119.415546, 37.505428], [-119.417155, 37.505313], [-119.417702, 37.505106], [-119.41784, 37.504962], [-119.418075, 37.504717], [-119.41793, 37.503896], [-119.417643, 37.503667], [-119.416953, 37.50337], [-119.416836, 37.502548], [-119.417011, 37.502008], [-119.417036, 37.501932], [-119.417666, 37.500903], [-119.418067, 37.49992], [-119.418245, 37.499549], [-119.418761, 37.4989], [-119.419677, 37.497027], [-119.419647, 37.495747], [-119.419386, 37.495039], [-119.418694, 37.491978], [-119.418693, 37.491759], [-119.418692, 37.490905], [-119.418777, 37.49038], [-119.41912, 37.489078], [-119.41912, 37.488528], [-119.418746, 37.488369]]}, "props": {"MTFCC": "S1400", "NAME": null}}, {"geom": {"type": "LineString", "coordinates": [[-119.35196517617865, 37.3641], [-119.351808, 37.364406], [-119.351781, 37.36462], [-119.351778, 37.364666], [-119.352429, 37.365533], [-119.352444, 37.366242], [-119.352536, 37.366606], [-119.352541, 37.366873], [-119.352563, 37.368022], [-119.352312, 37.368274], [-119.35229, 37.368639], [-119.352932, 37.369004], [-119.353029, 37.369507], [-119.353881, 37.370281], [-119.353785, 37.37131], [-119.354522, 37.372132], [-119.354759, 37.372497], [-119.354913, 37.37308], [-119.354977, 37.373318], [-119.355448, 37.373888], [-119.355454, 37.374209], [-119.355231, 37.374415], [-119.355122, 37.374768], [-119.355299, 37.375074], [-119.355427, 37.375152], [-119.355457, 37.37517], [-119.35555, 37.375226], [-119.355581, 37.375245], [-119.35561, 37.375551], [-119.355439, 37.376169], [-119.355611, 37.376307], [-119.356004, 37.37623], [-119.356558, 37.376123], [-119.356931, 37.37626], [-119.357189, 37.376512], [-119.357189, 37.376718], [-119.356587, 37.376764], [-119.356616, 37.377061], [-119.357649, 37.378663], [-119.357649, 37.379037], [-119.357649, 37.379166], [-119.356847, 37.379762], [-119.356933, 37.380196], [-119.356833, 37.380407], [-119.356846, 37.380661], [-119.357061, 37.380824], [-119.357286, 37.380847], [-119.358913, 37.381018], [-119.359517, 37.381189], [-119.360134, 37.381492], [-119.360677, 37.381758], [-119.360861, 37.381986], [-119.360884, 37.38207], [-119.360951, 37.382078], [-119.361327, 37.382172], [-119.361604, 37.382316], [-119.361804, 37.382679], [-119.362038, 37.383389], [-119.362222, 37.383571], [-119.362351, 37.383699], [-119.36293, 37.384049], [-119.363215, 37.38435], [-119.363507, 37.384822], [-119.364051, 37.385945], [-119.364088, 37.386234], [-119.363915, 37.386898], [-119.364004, 37.387315], [-119.364114, 37.387422], [-119.36436, 37.38755], [-119.365074, 37.387792], [-119.365495, 37.388062], [-119.365636, 37.388209], [-119.36574, 37.388377], [-119.366099, 37.388957], [-119.366592, 37.389922], [-119.366922, 37.390134], [-119.366953, 37.390138], [-119.367314, 37.390185], [-119.367484, 37.390151], [-119.367678, 37.390041], [-119.367849, 37.389864], [-119.36799, 37.389599], [-119.368053, 37.389187], [-119.368068, 37.388454], [-119.368418, 37.387006], [-119.368454, 37.386859], [-119.368454, 37.386542], [-119.368309, 37.386079], [-119.368342, 37.385621], [-119.368453, 37.385419], [-119.369016, 37.384889], [-119.36918, 37.384641], [-119.369345, 37.38402], [-119.369471, 37.383023], [-119.369671, 37.382589], [-119.369877, 37.382344], [-119.370194, 37.382111], [-119.370457, 37.381984], [-119.371427, 37.381654], [-119.371831, 37.381296], [-119.372162, 37.381087], [-119.372454, 37.380985], [-119.373222, 37.380934], [-119.373556, 37.380756], [-119.373633, 37.38067], [-119.373807, 37.380249], [-119.374258, 37.378692], [-119.374421, 37.378341], [-119.374483, 37.37821], [-119.374782, 37.377851], [-119.375252, 37.377473], [-119.37568, 37.376951], [-119.376168, 37.376658], [-119.376478, 37.37655], [-119.377069, 37.376436], [-119.377622, 37.376373], [-119.378785, 37.37624], [-119.379251, 37.376263], [-119.379672, 37.376339], [-119.380033, 37.376482], [-119.380338, 37.376682], [-119.380583, 37.377036], [-119.380732, 37.377549], [-119.380754, 37.377896], [-119.380774, 37.378195], [-119.380731, 37.379175], [-119.380786, 37.380529], [-119.380861, 37.380747], [-119.381028, 37.380968], [-119.381253, 37.381143], [-119.381529, 37.381287], [-119.381842, 37.381374], [-119.382055, 37.381379], [-119.382249, 37.381384], [-119.382542, 37.381312], [-119.382812, 37.381183], [-119.383154, 37.38093], [-119.383385, 37.380615], [-119.383588, 37.38002], [-119.383855, 37.37968], [-119.384075, 37.379525], [-119.38432, 37.379417], [-119.384623, 37.379351], [-119.38495, 37.379343], [-119.385188, 37.379396], [-119.385422, 37.379502], [-119.385743, 37.379758], [-119.385929, 37.38003], [-119.386196, 37.38071], [-119.386391, 37.380951], [-119.386572, 37.381082], [-119.387764, 37.381563], [-119.38822, 37.381713], [-119.38896, 37.381957], [-119.389363, 37.382049], [-119.389631, 37.381991], [-119.390049, 37.381748], [-119.390189, 37.381597], [-119.39052, 37.38101], [-119.390747, 37.380831], [-119.391121, 37.380691], [-119.391724, 37.380582]]}, "props": {"MTFCC": "S1400", "NAME": null}}, {"geom": {"type": "LineString", "coordinates": [[-119.621983, 37.40344], [-119.621985, 37.403284], [-119.62198, 37.40317], [-119.621986, 37.403057], [-119.622003, 37.402944], [-119.622043, 37.402791], [-119.622064, 37.402741], [-119.622081, 37.402703], [-119.622243, 37.402454], [-119.62229, 37.402369], [-119.622406, 37.402092], [-119.622512, 37.40176], [-119.622607, 37.401342], [-119.622632, 37.401258], [-119.622661, 37.401161], [-119.622698, 37.400982], [-119.622704, 37.400921], [-119.622696, 37.400825], [-119.622679, 37.400752], [-119.622672, 37.400742], [-119.622657, 37.400721], [-119.622628, 37.400698], [-119.622556, 37.400662], [-119.622513, 37.400655], [-119.622379, 37.400647], [-119.622105, 37.400611], [-119.621993, 37.400612], [-119.621733, 37.401189]]}, "props": {"MTFCC": "S1400", "NAME": null}}, {"geom": {"type": "LineString", "coordinates": [[-119.621993, 37.400612], [-119.621926, 37.400618], [-119.621871, 37.400613], [-119.621857, 37.400612], [-119.621819, 37.400603], [-119.621763, 37.400567], [-119.621668, 37.400465], [-119.621614, 37.400371], [-119.621554, 37.400265], [-119.621491, 37.400012], [-119.621391, 37.399609], [-119.621303, 37.399255], [-119.621241, 37.399003]]}, "props": {"MTFCC": "S1400", "NAME": null}}, {"geom": {"type": "LineString", "coordinates": [[-119.609666, 37.375901], [-119.609856, 37.375926], [-119.610031, 37.375949], [-119.610426, 37.376], [-119.610617, 37.376025]]}, "props": {"MTFCC": "S1400", "NAME": null}}, {"geom": {"type": "LineString", "coordinates": [[-119.735603, 37.39874], [-119.73514, 37.398511], [-119.733753, 37.397825], [-119.733291, 37.397597]]}, "props": {"MTFCC": "S1740", "NAME": null}}, {"geom": {"type": "LineString", "coordinates": [[-119.65773052739726, 37.3641], [-119.657728, 37.364223], [-119.657719, 37.364262], [-119.657704, 37.3643], [-119.657682, 37.364337], [-119.657654, 37.364372], [-119.657636, 37.364388], [-119.657404, 37.364662], [-119.657405, 37.364679]]}, "props": {"MTFCC": "S1400", "NAME": null}}, {"geom": {"type": "LineString", "coordinates": [[-119.728458, 37.364639], [-119.728439, 37.364521], [-119.728503, 37.364423], [-119.72858, 37.364307], [-119.7284085987261, 37.3641]]}, "props": {"MTFCC": "S1400", "NAME": null}}, {"geom": {"type": "LineString", "coordinates": [[-119.704769, 37.3965], [-119.704786, 37.396474], [-119.70484, 37.396397], [-119.704858, 37.396372], [-119.705118, 37.395985], [-119.705203, 37.395859], [-119.704594, 37.395825], [-119.704307, 37.395565], [-119.704295, 37.395814], [-119.704294, 37.39585], [-119.704562, 37.396187]]}, "props": {"MTFCC": "S1400", "NAME": null}}, {"geom": {"type": "LineString", "coordinates": [[-119.631795, 37.440808], [-119.631805, 37.440908], [-119.631805, 37.440953]]}, "props": {"MTFCC": "S1400", "NAME": null}}, {"geom": {"type": "LineString", "coordinates": [[-119.71447, 37.391715], [-119.714228, 37.391911], [-119.713998, 37.392118], [-119.713962, 37.39216], [-119.713913, 37.392234], [-119.713743, 37.392599], [-119.713665, 37.392779], [-119.713641, 37.39284], [-119.713613, 37.392971], [-119.713608, 37.392992], [-119.71357, 37.393184], [-119.713533, 37.393362], [-119.713521, 37.393457], [-119.71352, 37.39368], [-119.713507, 37.393727], [-119.713471, 37.393779], [-119.713364, 37.393894], [-119.713223, 37.394036], [-119.713158, 37.394123], [-119.713137, 37.394159], [-119.713133, 37.394238], [-119.713151, 37.394341], [-119.71317, 37.394394], [-119.713193, 37.394604], [-119.713229, 37.394723], [-119.713262, 37.394788], [-119.713283, 37.394822], [-119.713409, 37.394963], [-119.713506, 37.395055], [-119.713617, 37.395156], [-119.713729, 37.395255], [-119.713807, 37.395287], [-119.71387, 37.395301], [-119.713915, 37.395306], [-119.713986, 37.395304], [-119.714101, 37.395287], [-119.71433, 37.395155], [-119.714401, 37.395097], [-119.714483, 37.395009], [-119.714872, 37.39466], [-119.714978, 37.394558], [-119.715065, 37.394459], [-119.715108, 37.394394], [-119.715131, 37.394315], [-119.715166, 37.394078], [-119.71519, 37.394012], [-119.71523, 37.393937], [-119.715291, 37.393876], [-119.715347, 37.393836], [-119.715434, 37.393799], [-119.715606, 37.393733], [-119.716011, 37.393562], [-119.716296, 37.393425], [-119.716574, 37.393288]]}, "props": {"MTFCC": "S1400", "NAME": null}}, {"geom": {"type": "LineString", "coordinates": [[-119.619152, 37.366567], [-119.619024, 37.366542], [-119.618935, 37.366526], [-119.618861, 37.366496], [-119.618849, 37.366487], [-119.618789, 37.366446], [-119.618746, 37.366397], [-119.618665, 37.366225], [-119.618396, 37.365802], [-119.618333, 37.365705], [-119.618163, 37.365441]]}, "props": {"MTFCC": "S1400", "NAME": null}}, {"geom": {"type": "LineString", "coordinates": [[-119.608375, 37.370957], [-119.608399, 37.370875], [-119.608473, 37.370571], [-119.608508, 37.37047], [-119.60859, 37.37024], [-119.608676, 37.369879], [-119.608688, 37.369851], [-119.608694, 37.369836], [-119.608741, 37.369778], [-119.608772, 37.369755], [-119.608816, 37.369739], [-119.609106, 37.369695], [-119.609194, 37.369665], [-119.609266, 37.36962], [-119.609331, 37.369522], [-119.609341, 37.369476], [-119.609338, 37.369418], [-119.609334, 37.369329], [-119.609344, 37.369203], [-119.609376, 37.369093], [-119.609408, 37.369025], [-119.609437, 37.36893], [-119.609541, 37.368892], [-119.60982, 37.368835], [-119.610008, 37.368818], [-119.610109, 37.368822], [-119.610258, 37.36884], [-119.610331, 37.368855], [-119.610505, 37.368915], [-119.610567, 37.368926], [-119.610644, 37.368929], [-119.610771, 37.368934], [-119.610804, 37.368928], [-119.610832, 37.368914], [-119.610883, 37.368861], [-119.610896, 37.368847], [-119.610937, 37.368794], [-119.611104, 37.368466], [-119.611179, 37.368283], [-119.611216, 37.368227], [-119.611287, 37.368156], [-119.611328, 37.368127], [-119.611409, 37.368102], [-119.611592, 37.368088], [-119.612103, 37.368007], [-119.612156, 37.367988], [-119.612213, 37.367957], [-119.612303, 37.367883], [-119.612336, 37.36784], [-119.612358, 37.367796], [-119.612364, 37.367757], [-119.61235, 37.367575], [-119.612366, 37.367396], [-119.612391, 37.367363], [-119.612416, 37.367355], [-119.612439, 37.367347], [-119.612514, 37.367347]]}, "props": {"MTFCC": "S1400", "NAME": null}}, {"geom": {"type": "LineString", "coordinates": [[-119.657405, 37.364679], [-119.657352, 37.36488], [-119.657328, 37.365199], [-119.657301, 37.36529], [-119.657248, 37.365386], [-119.657214, 37.365428], [-119.657168, 37.365518], [-119.657154, 37.36559], [-119.657155, 37.365649], [-119.657182, 37.365771], [-119.657204, 37.365831], [-119.657246, 37.365905], [-119.657339, 37.36615], [-119.657479, 37.366362], [-119.657526, 37.366544], [-119.657496, 37.366712]]}, "props": {"MTFCC": "S1400", "NAME": null}}, {"geom": {"type": "LineString", "coordinates": [[-119.613745, 37.373364], [-119.613799, 37.37333], [-119.613841, 37.373261], [-119.613879, 37.37317], [-119.613991, 37.372812], [-119.614055, 37.372631], [-119.614128, 37.372453], [-119.614336, 37.371999], [-119.614371, 37.371903]]}, "props": {"MTFCC": "S1400", "NAME": null}}, {"geom": {"type": "LineString", "coordinates": [[-119.692156, 37.388339], [-119.692343, 37.388257], [-119.692905, 37.38801], [-119.693093, 37.387929]]}, "props": {"MTFCC": "S1740", "NAME": null}}, {"geom": {"type": "LineString", "coordinates": [[-119.678924, 37.382378], [-119.678772, 37.382203], [-119.678319, 37.381678], [-119.678168, 37.381504]]}, "props": {"MTFCC": "S1740", "NAME": null}}, {"geom": {"type": "LineString", "coordinates": [[-119.709865, 37.396976], [-119.710175, 37.396972], [-119.710508, 37.397114], [-119.71071, 37.397328], [-119.710829, 37.397542], [-119.710769, 37.397767], [-119.710734, 37.397934], [-119.710734, 37.398195], [-119.710745, 37.398468], [-119.710805, 37.39867], [-119.710852, 37.398896], [-119.710926, 37.399057], [-119.711091, 37.399569], [-119.711091, 37.400004], [-119.711063, 37.400287], [-119.711176, 37.400438], [-119.71145, 37.400457], [-119.711639, 37.400457], [-119.711889, 37.4004], [-119.712303, 37.400193], [-119.712432, 37.399881], [-119.712573, 37.399722], [-119.712959, 37.39961], [-119.713068, 37.399683], [-119.713129, 37.399525], [-119.713251, 37.399355], [-119.713543, 37.399257], [-119.713737, 37.399269], [-119.713968, 37.399184], [-119.714, 37.398967], [-119.714175, 37.398844], [-119.714137, 37.398657], [-119.714616, 37.398027], [-119.714953, 37.397857], [-119.715158, 37.398042], [-119.715367, 37.398522], [-119.715561, 37.398771], [-119.715853, 37.39899], [-119.716248, 37.399122], [-119.716771, 37.399421], [-119.717193, 37.399457], [-119.717292, 37.399392], [-119.717518, 37.399242], [-119.717752, 37.399005], [-119.718119, 37.398716], [-119.718368, 37.398444]]}, "props": {"MTFCC": "S1400", "NAME": null}}, {"geom": {"type": "LineString", "coordinates": [[-119.716358, 37.416096], [-119.716441, 37.416169]]}, "props": {"MTFCC": "S1740", "NAME": null}}, {"geom": {"type": "LineString", "coordinates": [[-119.060892, 37.658929], [-119.061008, 37.658949], [-119.061359, 37.65901], [-119.061476, 37.659031]]}, "props": {"MTFCC": "S1500", "NAME": null}}, {"geom": {"type": "LineString", "coordinates": [[-119.089968, 37.68307], [-119.089726, 37.682728], [-119.089694, 37.682683], [-119.089531, 37.682297], [-119.089551, 37.681991], [-119.089661, 37.681604], [-119.089731, 37.681591], [-119.089786, 37.681582], [-119.089893, 37.681564], [-119.090147, 37.681547], [-119.090267, 37.681539], [-119.090533, 37.681531], [-119.09055, 37.681531], [-119.090783, 37.681748], [-119.090946, 37.682078], [-119.091215, 37.682448], [-119.091443, 37.682762]]}, "props": {"MTFCC": "S1400", "NAME": null}}, {"geom": {"type": "LineString", "coordinates": [[-119.05375, 37.643539], [-119.054384, 37.643521], [-119.054766, 37.643461], [-119.054954, 37.643432], [-119.055372, 37.643383], [-119.055605, 37.643198], [-119.05587, 37.642851], [-119.056236, 37.642609], [-119.056796, 37.642552], [-119.057264, 37.642536], [-119.057468, 37.642399], [-119.057803, 37.642189], [-119.058027, 37.642076], [-119.058404, 37.642044]]}, "props": {"MTFCC": "S1400", "NAME": null}}, {"geom": {"type": "LineString", "coordinates": [[-119.054571, 37.639395], [-119.05451, 37.639088], [-119.054462, 37.638944], [-119.054203, 37.638162], [-119.054213, 37.637944], [-119.054406, 37.63765], [-119.054446, 37.63759], [-119.054782, 37.637388]]}, "props": {"MTFCC": "S1400", "NAME": null}}, {"geom": {"type": "LineString", "coordinates": [[-119.074458, 37.613509], [-119.074198, 37.612731], [-119.074391, 37.612291], [-119.074601, 37.611816], [-119.075032, 37.611358], [-119.075406, 37.611358], [-119.075694, 37.61161], [-119.075752, 37.612228], [-119.075737, 37.613604], [-119.075724, 37.614905], [-119.07627, 37.613875], [-119.076467, 37.613638], [-119.077075, 37.612914], [-119.07765, 37.610351], [-119.077765, 37.609997], [-119.07788, 37.609641], [-119.077873, 37.609538], [-119.077851, 37.609161], [-119.078282, 37.608154]]}, "props": {"MTFCC": "S1400", "NAME": null}}, {"geom": {"type": "LineString", "coordinates": [[-119.076674, 37.624936], [-119.076589, 37.623961], [-119.076532, 37.623304], [-119.076705, 37.62216], [-119.076647, 37.621748], [-119.076445, 37.621382], [-119.076445, 37.621098], [-119.076445, 37.621016], [-119.076532, 37.620672], [-119.076428, 37.620141]]}, "props": {"MTFCC": "S1400", "NAME": null}}, {"geom": {"type": "LineString", "coordinates": [[-119.656817, 37.374968], [-119.657038, 37.375327], [-119.657266, 37.375695], [-119.658014, 37.376062], [-119.658393, 37.376249]]}, "props": {"MTFCC": "S1740", "NAME": null}}, {"geom": {"type": "LineString", "coordinates": [[-119.722711, 37.375044], [-119.722667, 37.374967], [-119.722655, 37.374945], [-119.722602, 37.374798], [-119.722569, 37.374722], [-119.722535, 37.374642]]}, "props": {"MTFCC": "S1740", "NAME": null}}, {"geom": {"type": "LineString", "coordinates": [[-119.716938, 37.416558], [-119.717064, 37.416573]]}, "props": {"MTFCC": "S1740", "NAME": null}}, {"geom": {"type": "LineString", "coordinates": [[-119.717014, 37.416382], [-119.717127, 37.41644], [-119.717229, 37.416492], [-119.717496, 37.416525], [-119.717623, 37.416542]]}, "props": {"MTFCC": "S1740", "NAME": null}}, {"geom": {"type": "LineString", "coordinates": [[-119.733555, 37.408252], [-119.733258, 37.408283], [-119.733145, 37.408295], [-119.732642, 37.408315], [-119.732376, 37.40824], [-119.732089, 37.408161]]}, "props": {"MTFCC": "S1740", "NAME": null}}, {"geom": {"type": "LineString", "coordinates": [[-119.733199, 37.40953], [-119.732916, 37.409532], [-119.732608, 37.409535], [-119.732073, 37.409463], [-119.731793, 37.409426]]}, "props": {"MTFCC": "S1740", "NAME": null}}, {"geom": {"type": "LineString", "coordinates": [[-119.629835, 37.443862], [-119.629859, 37.443158], [-119.630558, 37.441988]]}, "props": {"MTFCC": "S1200", "NAME": null}}, {"geom": {"type": "LineString", "coordinates": [[-119.725573, 37.366928], [-119.725687, 37.367029], [-119.72581, 37.36714], [-119.725904, 37.367235], [-119.725971, 37.367278], [-119.726086, 37.367328], [-119.726116, 37.367336], [-119.726194, 37.367358], [-119.726346, 37.367381], [-119.726476, 37.367389], [-119.726582, 37.367377], [-119.726696, 37.367348], [-119.726855, 37.367291], [-119.727028, 37.367235], [-119.727133, 37.367212], [-119.727235, 37.3672], [-119.72734, 37.367198], [-119.727484, 37.367212], [-119.727747, 37.36724], [-119.727809, 37.367239], [-119.7279, 37.367223], [-119.728032, 37.367183], [-119.728132, 37.367141], [-119.728187, 37.36712], [-119.728226, 37.36711], [-119.728383, 37.367099], [-119.728506, 37.367094], [-119.728586, 37.367072], [-119.728789, 37.366972]]}, "props": {"MTFCC": "S1400", "NAME": null}}, {"geom": {"type": "LineString", "coordinates": [[-119.032706, 37.628653], [-119.03248, 37.62855], [-119.032105, 37.628379], [-119.031844, 37.628172], [-119.03165, 37.628018], [-119.031453, 37.627863], [-119.031401, 37.62776], [-119.031228, 37.627412], [-119.031095, 37.626969], [-119.031075, 37.626726], [-119.031166, 37.626373]]}, "props": {"MTFCC": "S1400", "NAME": null}}, {"geom": {"type": "LineString", "coordinates": [[-119.63319529729729, 37.3641], [-119.632574, 37.364352], [-119.63246, 37.364383], [-119.632361, 37.364393], [-119.631971, 37.364395], [-119.631869, 37.364398], [-119.631777, 37.364407], [-119.631608, 37.364439], [-119.631431, 37.364491], [-119.631301, 37.364538], [-119.631182, 37.364598], [-119.631104, 37.364648], [-119.631031, 37.364702], [-119.630929, 37.364792], [-119.630829, 37.364902], [-119.63075, 37.365018], [-119.630704, 37.365106], [-119.630655, 37.365226], [-119.630636, 37.365284], [-119.630607, 37.365376], [-119.630593, 37.365473], [-119.63061, 37.365585], [-119.630681, 37.365997], [-119.630708, 37.366146], [-119.630709, 37.366245], [-119.630693, 37.366348], [-119.63065, 37.366502], [-119.630542, 37.366747], [-119.630466, 37.366899], [-119.630413, 37.36699], [-119.630332, 37.367074], [-119.630135, 37.367319], [-119.629825, 37.367736], [-119.629779, 37.367802], [-119.629545, 37.368143], [-119.629441, 37.368311], [-119.629397, 37.368397], [-119.629364, 37.368482], [-119.629311, 37.368692], [-119.629269, 37.368897], [-119.629262, 37.36898], [-119.629265, 37.369063], [-119.629307, 37.369345], [-119.629314, 37.369398], [-119.629344, 37.369529], [-119.629374, 37.369613], [-119.629717, 37.370318], [-119.629854, 37.370646], [-119.629918, 37.370797], [-119.629982, 37.370955], [-119.629985, 37.371006], [-119.630005, 37.371332], [-119.629995, 37.371527], [-119.629972, 37.371649], [-119.629938, 37.371725], [-119.629838, 37.371952], [-119.629805, 37.372029], [-119.629789, 37.372064], [-119.629783, 37.372078], [-119.629712, 37.372149], [-119.629685, 37.372177], [-119.629625, 37.372239], [-119.629616, 37.372246], [-119.629405, 37.37245], [-119.629335, 37.372518], [-119.629205, 37.372643], [-119.629141, 37.372711], [-119.629024, 37.372836], [-119.628894, 37.372974], [-119.628569, 37.3733], [-119.628476, 37.373394], [-119.628369, 37.373486], [-119.628233, 37.373629], [-119.628077, 37.373786], [-119.627895, 37.37397], [-119.627765, 37.374106], [-119.627649, 37.374227], [-119.627571, 37.374315], [-119.627448, 37.374466], [-119.627249, 37.374728], [-119.627214, 37.374775], [-119.627001, 37.375065], [-119.626966, 37.375133], [-119.626905, 37.375257], [-119.626899, 37.37527], [-119.626721, 37.375551], [-119.626659, 37.375662], [-119.626602, 37.375766], [-119.626578, 37.375811], [-119.626565, 37.375839], [-119.6265, 37.376011], [-119.626493, 37.376029], [-119.626398, 37.376306], [-119.626309, 37.376564], [-119.626264, 37.376752], [-119.626213, 37.377048], [-119.626179, 37.377372], [-119.626162, 37.377694], [-119.62616, 37.377746], [-119.626155, 37.378097], [-119.626174, 37.378368], [-119.626202, 37.378559], [-119.626223, 37.378667], [-119.62624, 37.378751], [-119.626314, 37.379039], [-119.626374, 37.379362], [-119.626414, 37.379522], [-119.626491, 37.379733], [-119.626557, 37.379865], [-119.626611, 37.379951], [-119.626927, 37.380387], [-119.626987, 37.380453], [-119.627045, 37.380501], [-119.627092, 37.38054], [-119.627462, 37.380794], [-119.628243, 37.381293], [-119.628622, 37.381546], [-119.628654, 37.381568], [-119.628843, 37.381682], [-119.629174, 37.381882], [-119.629513, 37.382099], [-119.629756, 37.38227], [-119.629913, 37.382398], [-119.63005, 37.382526], [-119.630132, 37.382616], [-119.630215, 37.382716], [-119.630314, 37.382916], [-119.630354, 37.383019], [-119.63036, 37.383032], [-119.630394, 37.383147], [-119.630416, 37.383265], [-119.630407, 37.383768], [-119.63041, 37.384013], [-119.630411, 37.384029], [-119.630425, 37.384114], [-119.630448, 37.384189], [-119.630511, 37.384329], [-119.630547, 37.38441], [-119.63071, 37.384778], [-119.631016, 37.38547], [-119.631208, 37.385881], [-119.63133, 37.386116], [-119.631558, 37.386552], [-119.631588, 37.386609], [-119.631653, 37.386719], [-119.631683, 37.386769], [-119.631777, 37.386905], [-119.63188, 37.387037], [-119.632004, 37.387162], [-119.632013, 37.38717], [-119.632152, 37.387286], [-119.632163, 37.387293], [-119.632205, 37.387323], [-119.632227, 37.387338], [-119.632305, 37.387389], [-119.632448, 37.387468], [-119.6325, 37.387492], [-119.632608, 37.387543], [-119.632799, 37.387616], [-119.633017, 37.387686], [-119.633287, 37.387752], [-119.633521, 37.387817], [-119.63362, 37.38785], [-119.633993, 37.387975], [-119.634112, 37.388051], [-119.634212, 37.388106], [-119.634299, 37.388163], [-119.634353, 37.388208], [-119.634381, 37.38823], [-119.634452, 37.388302], [-119.634548, 37.388407], [-119.634649, 37.388517], [-119.634716, 37.388604], [-119.634762, 37.388683], [-119.634807, 37.388786], [-119.634854, 37.388936], [-119.634884, 37.389028], [-119.634898, 37.389086], [-119.634936, 37.389238], [-119.634941, 37.389271], [-119.635032, 37.389836], [-119.635034, 37.389846], [-119.63504, 37.389911], [-119.635051, 37.390026], [-119.635045, 37.390097], [-119.635044, 37.390112], [-119.635019, 37.390252], [-119.634979, 37.390337], [-119.634943, 37.390401], [-119.634878, 37.390493], [-119.634768, 37.390608], [-119.634639, 37.390761], [-119.634515, 37.390886], [-119.634456, 37.390957], [-119.634398, 37.39106], [-119.634348, 37.391173], [-119.634311, 37.391286], [-119.634285, 37.391402], [-119.63428, 37.391475], [-119.634284, 37.391622], [-119.634309, 37.391807], [-119.634362, 37.392075], [-119.634374, 37.392169], [-119.634379, 37.39221], [-119.634378, 37.392322], [-119.634355, 37.392548], [-119.634319, 37.392758], [-119.634264, 37.392991], [-119.634252, 37.393033], [-119.634149, 37.393404], [-119.63407, 37.39369], [-119.634012, 37.393899], [-119.633909, 37.394302], [-119.633847, 37.394504], [-119.633793, 37.394635], [-119.63374, 37.394744], [-119.633693, 37.394825], [-119.633679, 37.39485], [-119.63362, 37.394932], [-119.633553, 37.395011], [-119.633493, 37.39507], [-119.633457, 37.395099], [-119.633303, 37.395223], [-119.633121, 37.395347], [-119.632834, 37.395534], [-119.632738, 37.395601], [-119.632713, 37.395625], [-119.632655, 37.395683], [-119.632579, 37.395787], [-119.632515, 37.395901], [-119.632462, 37.396028], [-119.632423, 37.396153], [-119.632396, 37.396272], [-119.63239, 37.396349], [-119.6324, 37.396504], [-119.632422, 37.396602], [-119.632464, 37.396711], [-119.632528, 37.396839], [-119.632665, 37.39704], [-119.632691, 37.397093], [-119.632739, 37.397199], [-119.632808, 37.397394], [-119.632835, 37.397494], [-119.632842, 37.397559], [-119.632842, 37.397571], [-119.632841, 37.397625], [-119.632829, 37.39773], [-119.632799, 37.39785], [-119.632769, 37.397928], [-119.632732, 37.397996], [-119.632615, 37.398158], [-119.632455, 37.398407], [-119.632299, 37.398629], [-119.632029, 37.398978], [-119.631773, 37.399308], [-119.631554, 37.399596], [-119.631362, 37.399848], [-119.631239, 37.400027], [-119.631167, 37.40015], [-119.631075, 37.400331], [-119.631038, 37.400424], [-119.631005, 37.400536], [-119.630976, 37.400691], [-119.630967, 37.400812], [-119.630974, 37.400913], [-119.631042, 37.401139], [-119.631058, 37.401252], [-119.631062, 37.401366], [-119.631055, 37.401465], [-119.631048, 37.401502], [-119.631037, 37.401563], [-119.630998, 37.401692], [-119.630968, 37.401756], [-119.630852, 37.401941], [-119.630752, 37.402086], [-119.630551, 37.40238], [-119.630313, 37.40277], [-119.629942, 37.403343], [-119.6298, 37.403542], [-119.629662, 37.403744], [-119.629579, 37.403884], [-119.629509, 37.404028], [-119.629483, 37.404114], [-119.629448, 37.40429], [-119.629423, 37.404489], [-119.629408, 37.404741], [-119.629412, 37.405013], [-119.629449, 37.405671], [-119.629471, 37.405824], [-119.629579, 37.406401], [-119.629651, 37.406749], [-119.629765, 37.407304], [-119.629804, 37.407536], [-119.629849, 37.407768], [-119.6299, 37.407979], [-119.629923, 37.408158], [-119.629947, 37.408553], [-119.629941, 37.408677], [-119.629917, 37.408818], [-119.629901, 37.408871], [-119.629883, 37.408919], [-119.629831, 37.409028], [-119.629764, 37.409098], [-119.629694, 37.409172], [-119.629632, 37.409286], [-119.629458, 37.409591], [-119.629304, 37.409836], [-119.629212, 37.409983], [-119.628886, 37.410466], [-119.628763, 37.410671], [-119.628692, 37.410817], [-119.628618, 37.411024], [-119.628569, 37.411237], [-119.628525, 37.411404], [-119.628469, 37.411557], [-119.628411, 37.411672], [-119.628393, 37.411706], [-119.628317, 37.41182], [-119.628206, 37.411955], [-119.628059, 37.412143], [-119.628017, 37.41221], [-119.627989, 37.412269], [-119.627897, 37.41265], [-119.627842, 37.412935], [-119.627823, 37.413077], [-119.627822, 37.413091], [-119.627749, 37.413646], [-119.627718, 37.413812], [-119.627693, 37.413886], [-119.627632, 37.414033], [-119.627577, 37.41414], [-119.62755, 37.414187], [-119.627544, 37.414197], [-119.627509, 37.414252], [-119.627408, 37.414397], [-119.627179, 37.414694], [-119.62694, 37.414967], [-119.626821, 37.415118], [-119.62672, 37.415269], [-119.626635, 37.415423], [-119.626574, 37.41557], [-119.62654, 37.415706], [-119.626534, 37.415785], [-119.626536, 37.415943], [-119.626552, 37.416056], [-119.626591, 37.416204], [-119.62666, 37.416396], [-119.626755, 37.416588], [-119.626832, 37.416714], [-119.626905, 37.416807], [-119.626943, 37.416846], [-119.627072, 37.416953], [-119.627217, 37.417048], [-119.627342, 37.417111], [-119.627523, 37.41719], [-119.627756, 37.417268], [-119.627884, 37.417319], [-119.627936, 37.417348], [-119.628083, 37.417447], [-119.62825, 37.41758], [-119.628322, 37.417645], [-119.62836, 37.417684], [-119.628387, 37.417712], [-119.628441, 37.417783], [-119.62847, 37.417834], [-119.628561, 37.418017], [-119.628626, 37.418133], [-119.628658, 37.418192], [-119.628796, 37.418449], [-119.629171, 37.419246], [-119.629296, 37.4195], [-119.629617, 37.420068], [-119.62968, 37.420213], [-119.629731, 37.420315], [-119.629774, 37.420369], [-119.629859, 37.420444], [-119.629917, 37.420483], [-119.629979, 37.420513], [-119.630069, 37.42054], [-119.630307, 37.420586], [-119.630602, 37.420617], [-119.630683, 37.420622], [-119.631121, 37.420652], [-119.631363, 37.420672], [-119.631486, 37.420694], [-119.631541, 37.420709], [-119.631577, 37.420719], [-119.631597, 37.420729], [-119.63167, 37.42077], [-119.63181, 37.420876], [-119.631994, 37.421049], [-119.632146, 37.42117], [-119.632265, 37.421277], [-119.632354, 37.421349], [-119.632415, 37.421382], [-119.632479, 37.421405], [-119.632548, 37.421424], [-119.632691, 37.421449], [-119.632844, 37.421463], [-119.633137, 37.421471], [-119.633258, 37.421448], [-119.633386, 37.421418], [-119.633837, 37.421303], [-119.633938, 37.42128], [-119.634041, 37.421264], [-119.634202, 37.421256], [-119.634305, 37.42126], [-119.634363, 37.421263], [-119.634559, 37.421285], [-119.6347, 37.421313], [-119.634744, 37.421327], [-119.634834, 37.421361], [-119.634964, 37.421431], [-119.635044, 37.421485], [-119.635109, 37.42154], [-119.635229, 37.421658], [-119.635593, 37.421979], [-119.63569, 37.42207], [-119.635865, 37.422243], [-119.636132, 37.4225], [-119.636328, 37.422668], [-119.63647, 37.422803], [-119.63671, 37.423027], [-119.636779, 37.423132], [-119.636825, 37.423181], [-119.636986, 37.42331], [-119.63707, 37.42339], [-119.637182, 37.423529], [-119.637244, 37.423623], [-119.637302, 37.423712], [-119.637325, 37.423763], [-119.637334, 37.423811], [-119.63733, 37.423909], [-119.637303, 37.424065], [-119.637291, 37.424115], [-119.637267, 37.424199], [-119.637254, 37.424236], [-119.637218, 37.424308], [-119.637179, 37.424364], [-119.637045, 37.424526], [-119.636767, 37.424851], [-119.63657, 37.42508], [-119.636489, 37.425189], [-119.636422, 37.425298], [-119.636399, 37.425354], [-119.636387, 37.42541], [-119.636385, 37.425467], [-119.636393, 37.425809], [-119.636421, 37.425955], [-119.636431, 37.425979], [-119.63647, 37.426067], [-119.636511, 37.42614], [-119.636608, 37.426279], [-119.636686, 37.426375], [-119.636822, 37.426514], [-119.637031, 37.426696], [-119.637156, 37.426783], [-119.637273, 37.426846], [-119.637441, 37.426913], [-119.637573, 37.42695], [-119.637676, 37.426973], [-119.637919, 37.427001], [-119.638432, 37.427066], [-119.638752, 37.427095], [-119.638883, 37.427114], [-119.638969, 37.427134], [-119.639095, 37.427178], [-119.639198, 37.427223], [-119.63933, 37.427297], [-119.639345, 37.427306], [-119.639365, 37.427322], [-119.639434, 37.427375], [-119.639517, 37.427451], [-119.639587, 37.427522], [-119.639675, 37.427636], [-119.639742, 37.427757], [-119.639776, 37.42784], [-119.639789, 37.427896], [-119.639792, 37.42797], [-119.639784, 37.428044], [-119.639747, 37.428223], [-119.639732, 37.428266], [-119.639675, 37.42843], [-119.639578, 37.42864], [-119.639445, 37.428935], [-119.639379, 37.429106], [-119.639336, 37.429257], [-119.639302, 37.429409], [-119.639277, 37.429648], [-119.639269, 37.429931], [-119.639285, 37.430236], [-119.639296, 37.430542], [-119.639269, 37.431085], [-119.639265, 37.431172], [-119.639265, 37.431212], [-119.639265, 37.431284], [-119.63927, 37.431619], [-119.639287, 37.431985], [-119.639337, 37.432387], [-119.639351, 37.432606], [-119.639356, 37.432682], [-119.639352, 37.432801], [-119.639336, 37.432927], [-119.639278, 37.433217], [-119.639252, 37.43332], [-119.639225, 37.433431], [-119.639191, 37.433522], [-119.639108, 37.4337], [-119.639046, 37.433795], [-119.639039, 37.433806], [-119.638961, 37.433909], [-119.638892, 37.434015], [-119.638819, 37.434163], [-119.638791, 37.434239], [-119.638768, 37.434342], [-119.638742, 37.434574], [-119.638769, 37.434788], [-119.638798, 37.434914], [-119.638859, 37.435106], [-119.638899, 37.4352], [-119.638934, 37.435284], [-119.63898, 37.435399], [-119.638995, 37.435448], [-119.639004, 37.435535], [-119.639001, 37.435612], [-119.638994, 37.43567], [-119.638974, 37.435746], [-119.63891, 37.435875], [-119.638775, 37.436092], [-119.638727, 37.436223], [-119.638701, 37.43633], [-119.638687, 37.436417], [-119.638683, 37.436526], [-119.638697, 37.436635], [-119.638719, 37.436718], [-119.638735, 37.436767], [-119.638777, 37.436845], [-119.638809, 37.436894], [-119.638876, 37.436972], [-119.638937, 37.437026], [-119.639004, 37.437074], [-119.639079, 37.437117], [-119.639199, 37.43717], [-119.639326, 37.437212], [-119.639563, 37.437261], [-119.639714, 37.437276], [-119.639839, 37.437279], [-119.639963, 37.437271], [-119.640095, 37.43725], [-119.64016, 37.437236], [-119.640281, 37.437196], [-119.640345, 37.437162], [-119.640412, 37.437116], [-119.640494, 37.437038], [-119.640617, 37.436895], [-119.640684, 37.436799], [-119.640836, 37.43652], [-119.640905, 37.436426], [-119.641064, 37.436264], [-119.641212, 37.436144], [-119.641308, 37.436078], [-119.641562, 37.435927], [-119.641865, 37.435763], [-119.642126, 37.435641], [-119.642462, 37.435505], [-119.642576, 37.43547], [-119.642607, 37.43546], [-119.642739, 37.435436], [-119.642889, 37.435423], [-119.643004, 37.435427], [-119.643123, 37.435444], [-119.643204, 37.435465], [-119.643296, 37.435505], [-119.643378, 37.435562], [-119.643416, 37.435594], [-119.643488, 37.435662], [-119.643499, 37.435672], [-119.643593, 37.435774], [-119.643676, 37.435892], [-119.643724, 37.435977], [-119.643748, 37.436052], [-119.64376, 37.436137], [-119.643758, 37.436241], [-119.643735, 37.436351], [-119.643696, 37.436459], [-119.64368, 37.436501], [-119.64366, 37.436544], [-119.643609, 37.436649], [-119.643275, 37.437199], [-119.643209, 37.437303], [-119.643109, 37.437425], [-119.643027, 37.437581], [-119.642953, 37.437766], [-119.642942, 37.437827], [-119.642956, 37.437937], [-119.642996, 37.438091], [-119.643033, 37.438186], [-119.643074, 37.438247], [-119.643126, 37.438305], [-119.643183, 37.438359], [-119.643325, 37.438469], [-119.643413, 37.438522], [-119.643507, 37.43857], [-119.643655, 37.438628], [-119.64381, 37.438671], [-119.643916, 37.438692], [-119.644026, 37.438706], [-119.64425, 37.438712], [-119.644474, 37.438717], [-119.644803, 37.438742], [-119.644966, 37.43876], [-119.645128, 37.438784], [-119.645303, 37.438819], [-119.645316, 37.438822], [-119.645562, 37.438882], [-119.645807, 37.438957], [-119.646042, 37.439042], [-119.646238, 37.439123], [-119.646371, 37.439179], [-119.646616, 37.439297], [-119.646773, 37.439381], [-119.646949, 37.439486], [-119.647194, 37.439655], [-119.647366, 37.439773], [-119.648125, 37.44031], [-119.648262, 37.440404], [-119.648548, 37.440584], [-119.649132, 37.440933], [-119.649744, 37.44132], [-119.64987, 37.441394], [-119.650406, 37.441678], [-119.650649, 37.441799], [-119.650738, 37.441854], [-119.650841, 37.441933], [-119.650875, 37.441964], [-119.650937, 37.44202], [-119.651025, 37.442111], [-119.651129, 37.442242], [-119.651165, 37.442287], [-119.651185, 37.442319]]}, "props": {"MTFCC": "S1200", "NAME": null}}, {"geom": {"type": "LineString", "coordinates": [[-119.510931, 37.400128], [-119.510903, 37.399922], [-119.510666, 37.399559], [-119.510559, 37.399395], [-119.510186, 37.399098], [-119.509613, 37.398937], [-119.508959, 37.398973], [-119.508319, 37.39901], [-119.50799, 37.399028], [-119.507605, 37.399051], [-119.507011, 37.398945], [-119.506831, 37.398913], [-119.506685, 37.398913], [-119.506582, 37.398913], [-119.506447, 37.398913], [-119.506273, 37.398913], [-119.506171, 37.398913], [-119.505962, 37.399012], [-119.505597, 37.399187], [-119.50531, 37.399224], [-119.505081, 37.399255], [-119.504257, 37.398912], [-119.50419, 37.398907], [-119.504108, 37.398882], [-119.503945, 37.398791], [-119.50367, 37.398583], [-119.503359, 37.398467], [-119.50315, 37.398154], [-119.5032, 37.397253], [-119.50324, 37.396835], [-119.503446, 37.396496], [-119.50357, 37.396053], [-119.503859, 37.395686], [-119.504296, 37.395637], [-119.504718, 37.395864], [-119.505072, 37.396077], [-119.505593, 37.396002], [-119.506368, 37.395757], [-119.506535, 37.39578], [-119.50736, 37.395894], [-119.50783, 37.395871], [-119.50833, 37.395876], [-119.508582, 37.395688], [-119.50887, 37.395276], [-119.508956, 37.395093], [-119.509501, 37.394498], [-119.511117, 37.393476], [-119.512829, 37.392395], [-119.513059, 37.392167], [-119.513604, 37.390748], [-119.513691, 37.389879], [-119.513605, 37.389444], [-119.513319, 37.388986], [-119.513118, 37.388803], [-119.512889, 37.388368], [-119.512861, 37.388048], [-119.513148, 37.38759], [-119.513119, 37.38727], [-119.512489, 37.386835], [-119.510568, 37.386445], [-119.510396, 37.386376], [-119.510109, 37.385919], [-119.510039, 37.385858], [-119.509479, 37.385369], [-119.509479, 37.385252], [-119.509479, 37.38514], [-119.509967, 37.38466], [-119.509996, 37.384294], [-119.509824, 37.384111], [-119.509221, 37.383905], [-119.508404, 37.383786], [-119.507482, 37.383651], [-119.507328, 37.383629], [-119.506989, 37.383466], [-119.506899, 37.383423], [-119.506927, 37.383148], [-119.50776, 37.382211], [-119.507801, 37.381581], [-119.507818, 37.381341], [-119.508162, 37.381113], [-119.508421, 37.381014], [-119.508822, 37.380861], [-119.509307, 37.380607], [-119.509567, 37.380473], [-119.510199, 37.379512], [-119.511652, 37.37919], [-119.511748, 37.379169], [-119.51215, 37.378826], [-119.512294, 37.378506], [-119.512523, 37.378529], [-119.512623, 37.378484], [-119.513556, 37.378075], [-119.51367, 37.378026], [-119.513814, 37.377866], [-119.514301, 37.377637], [-119.51433, 37.377408], [-119.513814, 37.377225], [-119.513636, 37.37722], [-119.512925, 37.377202], [-119.512524, 37.37711], [-119.511663, 37.376538], [-119.510574, 37.376057], [-119.510259, 37.375805], [-119.509915, 37.375406], [-119.509738, 37.375305], [-119.509102, 37.374942], [-119.508461, 37.374533], [-119.508058, 37.374275], [-119.507628, 37.374], [-119.5076, 37.37384], [-119.507829, 37.373496], [-119.50809, 37.373265], [-119.508374, 37.373016], [-119.508471, 37.372987], [-119.509149, 37.372788], [-119.509665, 37.372925], [-119.511126, 37.373749], [-119.511642, 37.373887], [-119.513047, 37.37391], [-119.513821, 37.373773], [-119.514769, 37.372996], [-119.515113, 37.372836], [-119.515175, 37.37283], [-119.516718, 37.372699], [-119.51755, 37.37247], [-119.51755, 37.372287], [-119.517206, 37.372104], [-119.516346, 37.371967], [-119.513995, 37.371371], [-119.513364, 37.37073], [-119.513164, 37.370043], [-119.513107, 37.369037], [-119.512964, 37.368625], [-119.512993, 37.36819], [-119.513108, 37.367824], [-119.513481, 37.367549], [-119.515001, 37.366658], [-119.51609, 37.365743], [-119.516808, 37.364278], [-119.51682540978076, 37.3641]]}, "props": {"MTFCC": "S1400", "NAME": null}}, {"geom": {"type": "LineString", "coordinates": [[-119.473138, 37.448244], [-119.473269, 37.44826], [-119.473429, 37.448265], [-119.473735, 37.448277], [-119.473847, 37.448275], [-119.473946, 37.448255], [-119.474007, 37.448237], [-119.474247, 37.448129], [-119.474277, 37.44812], [-119.474334, 37.448105], [-119.474517, 37.448079], [-119.474566, 37.448076], [-119.475055, 37.448045], [-119.475216, 37.448041], [-119.475618, 37.448033], [-119.475997, 37.448037], [-119.476224, 37.448057], [-119.476374, 37.448057], [-119.476448, 37.448047], [-119.476735, 37.448113], [-119.476982, 37.448182], [-119.477131, 37.448267], [-119.477153, 37.448279], [-119.477566, 37.448457], [-119.477716, 37.448553]]}, "props": {"MTFCC": "S1400", "NAME": null}}, {"geom": {"type": "LineString", "coordinates": [[-119.62561414285715, 37.3641], [-119.626045, 37.364216], [-119.62633, 37.364313], [-119.62643, 37.364347], [-119.626769, 37.36449], [-119.626866, 37.364538], [-119.627065, 37.364639], [-119.627345, 37.364804], [-119.627552, 37.364943], [-119.627565, 37.364952], [-119.627811, 37.365142], [-119.628198, 37.365503], [-119.628262, 37.365571], [-119.628561, 37.365885], [-119.628671, 37.365986], [-119.628793, 37.366097], [-119.628979, 37.366248], [-119.629105, 37.366349], [-119.629375, 37.366525], [-119.629606, 37.366649], [-119.63004, 37.36683], [-119.630173, 37.366886], [-119.630413, 37.36699]]}, "props": {"MTFCC": "S1400", "NAME": null}}, {"geom": {"type": "LineString", "coordinates": [[-119.511003, 37.377544], [-119.51106, 37.377476], [-119.51154, 37.377544], [-119.513245, 37.377785], [-119.513814, 37.377866]]}, "props": {"MTFCC": "S1400", "NAME": null}}, {"geom": {"type": "LineString", "coordinates": [[-119.706432, 37.398229], [-119.7065, 37.39841], [-119.706534, 37.398498], [-119.706766, 37.398649], [-119.706973, 37.398683], [-119.707164, 37.398716]]}, "props": {"MTFCC": "S1740", "NAME": null}}, {"geom": {"type": "LineString", "coordinates": [[-119.71062, 37.405512], [-119.710479, 37.405483], [-119.710459, 37.405469], [-119.710046, 37.405187], [-119.709974, 37.405036]]}, "props": {"MTFCC": "S1740", "NAME": null}}, {"geom": {"type": "LineString", "coordinates": [[-119.709974, 37.405036], [-119.709723, 37.405198], [-119.709628, 37.40526], [-119.709072, 37.405628], [-119.70902, 37.405729], [-119.708886, 37.405996]]}, "props": {"MTFCC": "S1740", "NAME": null}}, {"geom": {"type": "LineString", "coordinates": [[-119.725374, 37.369107], [-119.725331, 37.369207], [-119.725304, 37.369314], [-119.725261, 37.369497], [-119.72523, 37.369726], [-119.725205, 37.369839], [-119.725168, 37.36993], [-119.725156, 37.369954], [-119.725063, 37.370153], [-119.725043, 37.370192], [-119.725008, 37.370268], [-119.724989, 37.370313], [-119.724974, 37.370355], [-119.72496, 37.370403], [-119.724953, 37.37043], [-119.724936, 37.370552], [-119.72493, 37.370603], [-119.724919, 37.370692], [-119.72491, 37.370845], [-119.724913, 37.370958], [-119.724914, 37.370985], [-119.724961, 37.371411], [-119.724984, 37.371557], [-119.725028, 37.371752], [-119.725044, 37.371893], [-119.725048, 37.372018], [-119.725049, 37.372034], [-119.725046, 37.372159], [-119.725024, 37.372374], [-119.724997, 37.372464], [-119.724955, 37.372556], [-119.724936, 37.372583], [-119.724895, 37.372628], [-119.72484, 37.372668], [-119.724721, 37.372757], [-119.724567, 37.372846], [-119.724481, 37.372883], [-119.724303, 37.372949], [-119.724071, 37.373042], [-119.723953, 37.373082], [-119.723869, 37.3731], [-119.723649, 37.373148], [-119.723523, 37.373185], [-119.723477, 37.373199], [-119.723423, 37.373221], [-119.723335, 37.373258], [-119.723276, 37.373288], [-119.723225, 37.373324], [-119.723164, 37.373398], [-119.723151, 37.373415], [-119.723108, 37.373488], [-119.723062, 37.373564], [-119.722991, 37.373717], [-119.722966, 37.373772], [-119.722882, 37.373969], [-119.72285, 37.374033], [-119.722776, 37.374156], [-119.722695, 37.374343], [-119.722658, 37.374415], [-119.722582, 37.374568], [-119.722535, 37.374642], [-119.722501, 37.374696], [-119.722493, 37.374705], [-119.722419, 37.374806], [-119.722352, 37.374884], [-119.722329, 37.374911], [-119.722295, 37.374933], [-119.72228, 37.374942], [-119.722238, 37.374969], [-119.722224, 37.374979], [-119.721707, 37.37523], [-119.721685, 37.375237], [-119.72129, 37.375382], [-119.720928, 37.375534], [-119.720626, 37.375676], [-119.720377, 37.375807], [-119.720231, 37.375893], [-119.720085, 37.375995], [-119.720071, 37.376005], [-119.719602, 37.376375], [-119.719577, 37.376394], [-119.719525, 37.376436], [-119.719506, 37.376452], [-119.719483, 37.376473], [-119.71947, 37.376483], [-119.719434, 37.376515], [-119.719422, 37.376527], [-119.719376, 37.376621], [-119.719284, 37.376773], [-119.719143, 37.376951], [-119.719118, 37.376988], [-119.719039, 37.377142], [-119.718923, 37.377399], [-119.718893, 37.377469], [-119.718849, 37.377579], [-119.718683, 37.378041], [-119.718462, 37.37862], [-119.71828, 37.379132], [-119.71816, 37.37945], [-119.717871, 37.380161], [-119.717756, 37.380519], [-119.717717, 37.380642], [-119.717681, 37.380737], [-119.717552, 37.381019], [-119.717489, 37.381192], [-119.717375, 37.381535], [-119.717311, 37.381695], [-119.71719, 37.382005], [-119.717128, 37.382177], [-119.717071, 37.38234], [-119.717039, 37.38243], [-119.716963, 37.382623], [-119.716899, 37.382789], [-119.716825, 37.383002], [-119.716797, 37.38311], [-119.716777, 37.383224], [-119.716765, 37.383338], [-119.716761, 37.38345], [-119.716762, 37.3835], [-119.716767, 37.383675], [-119.716766, 37.383803], [-119.716765, 37.383892], [-119.716783, 37.384169], [-119.716797, 37.38428], [-119.716814, 37.384401], [-119.716839, 37.384541], [-119.716984, 37.385087], [-119.717055, 37.385399], [-119.717078, 37.385552], [-119.717094, 37.385685], [-119.717122, 37.385916], [-119.717137, 37.3861], [-119.717138, 37.386163], [-119.717141, 37.38637], [-119.71714, 37.386481], [-119.717128, 37.386562], [-119.717112, 37.386677], [-119.717066, 37.386879], [-119.716989, 37.387106], [-119.716835, 37.387484], [-119.716729, 37.38769], [-119.716723, 37.387704], [-119.716589, 37.387926], [-119.716511, 37.388026], [-119.716476, 37.388076], [-119.716372, 37.388228], [-119.716338, 37.388279], [-119.716328, 37.388292], [-119.7163, 37.388334], [-119.716291, 37.388348], [-119.716249, 37.388423], [-119.716122, 37.388617], [-119.715896, 37.388998], [-119.715812, 37.389143], [-119.715604, 37.389465], [-119.71539, 37.389764], [-119.715171, 37.39005], [-119.714848, 37.390514], [-119.714684, 37.390727], [-119.71457, 37.390853], [-119.714488, 37.390945], [-119.714286, 37.391152], [-119.714147, 37.391284], [-119.714039, 37.391398], [-119.713928, 37.391485], [-119.713868, 37.391536], [-119.713369, 37.391969], [-119.713297, 37.392033], [-119.7132, 37.392109], [-119.713053, 37.392258], [-119.71287, 37.392403], [-119.712301, 37.392869], [-119.712234, 37.392925], [-119.711527, 37.39351], [-119.711128, 37.393842], [-119.710199, 37.394666], [-119.710022, 37.394821], [-119.709978, 37.394869], [-119.709924, 37.394942], [-119.709864, 37.395043], [-119.709756, 37.395262], [-119.709749, 37.395277], [-119.709702, 37.395395], [-119.70968, 37.395579], [-119.709674, 37.395739], [-119.709684, 37.39583], [-119.709821, 37.396429], [-119.709843, 37.396523], [-119.709844, 37.396536], [-119.70986, 37.3967], [-119.709863, 37.396865], [-119.709865, 37.396976], [-119.70986, 37.397068], [-119.709811, 37.397192], [-119.709694, 37.397407], [-119.709639, 37.397487], [-119.709572, 37.397561], [-119.709461, 37.397658], [-119.709417, 37.397698], [-119.709318, 37.397777], [-119.709159, 37.397887], [-119.709013, 37.397974], [-119.708819, 37.398069], [-119.70871, 37.398105], [-119.708597, 37.398133], [-119.70824, 37.398193], [-119.708113, 37.398203], [-119.707856, 37.398203], [-119.707697, 37.398188], [-119.707538, 37.398165], [-119.707355, 37.398129], [-119.707169, 37.39808], [-119.707065, 37.398047], [-119.70697, 37.398014], [-119.70685, 37.397984], [-119.706662, 37.397917], [-119.706578, 37.397875], [-119.70642, 37.397776], [-119.706309, 37.397694], [-119.706208, 37.397619], [-119.705985, 37.397438], [-119.705878, 37.397352], [-119.705815, 37.397301], [-119.705781, 37.39727], [-119.705574, 37.397081], [-119.705505, 37.397014], [-119.705416, 37.396926], [-119.705405, 37.396915], [-119.705373, 37.396883], [-119.705363, 37.396873], [-119.705289, 37.39697], [-119.705154, 37.397098], [-119.70511, 37.397141], [-119.704657, 37.397606], [-119.704516, 37.397766], [-119.704313, 37.397998], [-119.704284, 37.39803], [-119.704259, 37.398059], [-119.704203, 37.398133], [-119.704178, 37.398168], [-119.704167, 37.398183], [-119.704083, 37.398312], [-119.704068, 37.398339], [-119.70384, 37.398773], [-119.703779, 37.398877], [-119.703677, 37.399054], [-119.703648, 37.399103], [-119.703569, 37.399261], [-119.703509, 37.399362], [-119.703499, 37.399381], [-119.703451, 37.399445], [-119.703392, 37.399493], [-119.703368, 37.399519], [-119.703355, 37.399556], [-119.703346, 37.399683], [-119.703337, 37.39973], [-119.703309, 37.399776], [-119.703275, 37.39982], [-119.703227, 37.399899], [-119.703188, 37.399981], [-119.703169, 37.400055], [-119.703151, 37.400206], [-119.70313, 37.40031], [-119.703121, 37.400363], [-119.703054, 37.400654], [-119.703045, 37.400691], [-119.702995, 37.400862], [-119.702925, 37.401041], [-119.702849, 37.40124], [-119.702829, 37.401306], [-119.702821, 37.40138], [-119.702828, 37.40153], [-119.702827, 37.401605], [-119.702812, 37.40174], [-119.702788, 37.401875], [-119.702691, 37.402232], [-119.702666, 37.402329], [-119.70265, 37.402431], [-119.702641, 37.402533], [-119.702641, 37.402636], [-119.702634, 37.402662], [-119.702612, 37.40274], [-119.702606, 37.402767], [-119.702546, 37.402834], [-119.702425, 37.402936], [-119.702357, 37.402977], [-119.702283, 37.403011], [-119.702127, 37.403069], [-119.702021, 37.403101], [-119.70174, 37.403164], [-119.701653, 37.403205], [-119.701555, 37.403281], [-119.701505, 37.403334], [-119.701352, 37.403536], [-119.701289, 37.403649], [-119.701281, 37.403665], [-119.701217, 37.403826], [-119.701107, 37.404296], [-119.701068, 37.404546], [-119.701065, 37.404744], [-119.701087, 37.404901], [-119.701115, 37.404986], [-119.701202, 37.405171], [-119.701235, 37.405264], [-119.701251, 37.405335], [-119.701249, 37.405393], [-119.701228, 37.405461], [-119.701204, 37.405494], [-119.701038, 37.405647], [-119.700995, 37.405708], [-119.700971, 37.405772], [-119.700962, 37.405861], [-119.70099, 37.406185], [-119.700983, 37.406267], [-119.70096, 37.40636], [-119.700925, 37.40642], [-119.70088, 37.406477], [-119.700815, 37.40654], [-119.700571, 37.40673], [-119.700468, 37.406787], [-119.700131, 37.406953], [-119.69987, 37.407113], [-119.699805, 37.40717], [-119.699747, 37.407233], [-119.699579, 37.407492], [-119.699543, 37.40757], [-119.699531, 37.407616], [-119.699531, 37.407657], [-119.699553, 37.407729], [-119.69959, 37.407776], [-119.699633, 37.407812], [-119.699734, 37.407868], [-119.69981, 37.407933], [-119.699894, 37.408053], [-119.699907, 37.408091], [-119.699914, 37.408145], [-119.699909, 37.40817], [-119.699891, 37.408196], [-119.69974, 37.40834], [-119.699663, 37.408436], [-119.699645, 37.408471], [-119.69963, 37.40856], [-119.69964, 37.408739], [-119.699636, 37.408807], [-119.699616, 37.408874], [-119.699532, 37.40905], [-119.699516, 37.409095], [-119.699492, 37.409162], [-119.69947, 37.409294], [-119.699472, 37.409405], [-119.699477, 37.409423], [-119.699503, 37.409517], [-119.699531, 37.40957], [-119.699636, 37.40968], [-119.699695, 37.409722], [-119.699827, 37.409791], [-119.700065, 37.409874], [-119.70012, 37.409912], [-119.700134, 37.409942], [-119.700148, 37.41002], [-119.700142, 37.410062], [-119.700136, 37.410106], [-119.700113, 37.410153], [-119.70008, 37.410197], [-119.700003, 37.410254], [-119.699928, 37.4103], [-119.69998, 37.410393], [-119.700192, 37.410677], [-119.700223, 37.410712], [-119.700277, 37.410761], [-119.700337, 37.410803], [-119.70039, 37.410818], [-119.700479, 37.410835], [-119.700555, 37.41085], [-119.700662, 37.410876], [-119.700871, 37.410959], [-119.701062, 37.411015], [-119.701184, 37.411046], [-119.701272, 37.411075], [-119.70134, 37.411111], [-119.701416, 37.411168], [-119.701445, 37.411202], [-119.701465, 37.411239], [-119.701512, 37.411368], [-119.701546, 37.411438], [-119.701561, 37.41146], [-119.701597, 37.411498], [-119.701675, 37.411561], [-119.701775, 37.411641], [-119.701787, 37.411657], [-119.701797, 37.411671], [-119.701817, 37.411727], [-119.701826, 37.411776], [-119.701829, 37.411826], [-119.701809, 37.411966], [-119.701808, 37.412057], [-119.701819, 37.412101], [-119.701843, 37.41214], [-119.701869, 37.412169], [-119.701908, 37.412201], [-119.702126, 37.41232], [-119.70217, 37.412348], [-119.70223, 37.412395], [-119.702337, 37.412498], [-119.702419, 37.412598], [-119.702452, 37.412651], [-119.702486, 37.41273], [-119.702508, 37.412811], [-119.702518, 37.412898], [-119.702517, 37.412985], [-119.702482, 37.413279], [-119.702488, 37.413323], [-119.702523, 37.413388], [-119.702551, 37.413415], [-119.702586, 37.413428], [-119.702646, 37.413451], [-119.702678, 37.413478], [-119.702702, 37.413511], [-119.702775, 37.413637], [-119.7028, 37.413692], [-119.702809, 37.413743], [-119.702802, 37.413899], [-119.702849, 37.414099], [-119.702853, 37.414187], [-119.702847, 37.414275], [-119.702813, 37.414408], [-119.702813, 37.414482], [-119.70282, 37.414519], [-119.702834, 37.414554], [-119.702862, 37.414591], [-119.702897, 37.414626], [-119.70299, 37.414683], [-119.703106, 37.414739], [-119.703137, 37.414754], [-119.703153, 37.414767], [-119.703168, 37.414793], [-119.703175, 37.414886], [-119.703171, 37.414948], [-119.703153, 37.41504], [-119.703151, 37.415071], [-119.703158, 37.415179], [-119.703169, 37.415234], [-119.703197, 37.415312], [-119.703239, 37.415378], [-119.703291, 37.415438], [-119.703312, 37.415455], [-119.703349, 37.415485], [-119.703392, 37.415512], [-119.703437, 37.415532], [-119.703489, 37.415543], [-119.703723, 37.41554], [-119.703784, 37.415544], [-119.703843, 37.415561], [-119.703889, 37.415579], [-119.703901, 37.415584], [-119.704036, 37.41565], [-119.704161, 37.415703], [-119.70426, 37.415737], [-119.704284, 37.415746], [-119.704407, 37.415773], [-119.704573, 37.415792], [-119.704804, 37.415809], [-119.704881, 37.41581], [-119.705108, 37.415797], [-119.705244, 37.41579], [-119.705306, 37.415793], [-119.70537, 37.415804], [-119.705433, 37.415822], [-119.705492, 37.415844], [-119.705546, 37.415872], [-119.705648, 37.415939], [-119.705859, 37.416094], [-119.705937, 37.416142], [-119.706044, 37.416207], [-119.706147, 37.416284], [-119.706364, 37.416463], [-119.706414, 37.416489], [-119.706641, 37.416581], [-119.706666, 37.416596], [-119.706694, 37.416613], [-119.706729, 37.416644], [-119.706759, 37.41668], [-119.70678, 37.416718], [-119.706793, 37.416796], [-119.706791, 37.416835], [-119.706761, 37.416958], [-119.706741, 37.417069], [-119.70674, 37.417177], [-119.706751, 37.417246], [-119.706776, 37.417314], [-119.706815, 37.417365], [-119.706846, 37.417391], [-119.706884, 37.417414], [-119.706928, 37.417433], [-119.707044, 37.417511], [-119.707411, 37.417776]]}, "props": {"MTFCC": "S1400", "NAME": null}}, {"geom": {"type": "LineString", "coordinates": [[-119.709974, 37.405036], [-119.709914, 37.404911], [-119.709734, 37.404538], [-119.709675, 37.404414]]}, "props": {"MTFCC": "S1740", "NAME": null}}, {"geom": {"type": "LineString", "coordinates": [[-119.704667, 37.402787], [-119.704696, 37.402652], [-119.704782, 37.402255], [-119.704883, 37.402151]]}, "props": {"MTFCC": "S1400", "NAME": null}}, {"geom": {"type": "LineString", "coordinates": [[-119.648874, 37.389078], [-119.648726, 37.389285], [-119.648285, 37.389905], [-119.648138, 37.390113]]}, "props": {"MTFCC": "S1400", "NAME": null}}, {"geom": {"type": "LineString", "coordinates": [[-119.62097, 37.386122], [-119.62097, 37.385655], [-119.62097, 37.385298], [-119.621097, 37.38495], [-119.621325, 37.384318], [-119.621485, 37.38388], [-119.621886, 37.383879], [-119.622345, 37.384039], [-119.622383, 37.384153], [-119.622489, 37.384474], [-119.622862, 37.384886], [-119.623321, 37.385114], [-119.624669, 37.385457], [-119.624854, 37.385589], [-119.624956, 37.385662], [-119.625157, 37.386028], [-119.625507, 37.386335], [-119.625587, 37.386405], [-119.625678, 37.386485], [-119.625875, 37.386464], [-119.625982, 37.386453], [-119.627263, 37.386764], [-119.627895, 37.387081], [-119.628037, 37.387153], [-119.628295, 37.387405], [-119.62818, 37.387908], [-119.627721, 37.388068], [-119.625982, 37.38794], [-119.624699, 37.387881], [-119.624126, 37.38763], [-119.623953, 37.387447], [-119.623925, 37.387241], [-119.623666, 37.386898], [-119.623652, 37.386896], [-119.622691, 37.386761], [-119.622233, 37.387036], [-119.621717, 37.387105], [-119.621521, 37.386949], [-119.62143, 37.386876], [-119.6211, 37.386335], [-119.62097, 37.386122]]}, "props": {"MTFCC": "S1400", "NAME": null}}, {"geom": {"type": "LineString", "coordinates": [[-119.63744668627452, 37.3641], [-119.637431, 37.364108], [-119.637335, 37.364175], [-119.637275, 37.36423], [-119.637229, 37.364284], [-119.637154, 37.364397], [-119.637113, 37.364461], [-119.637049, 37.364533], [-119.637029, 37.364555], [-119.637018, 37.364565], [-119.636921, 37.364658], [-119.636889, 37.36469]]}, "props": {"MTFCC": "S1400", "NAME": null}}, {"geom": {"type": "LineString", "coordinates": [[-119.657496, 37.366712], [-119.657807, 37.36685], [-119.658392, 37.367181], [-119.658751, 37.367432], [-119.659713, 37.368255], [-119.660006, 37.368535], [-119.660593, 37.369133], [-119.66105, 37.369479], [-119.661147, 37.369546], [-119.661251, 37.369602], [-119.66136, 37.369654], [-119.661465, 37.369711], [-119.66153, 37.369755], [-119.661718, 37.369896], [-119.662124, 37.370189], [-119.662294, 37.370319], [-119.66246, 37.370453], [-119.662619, 37.37059], [-119.662838, 37.370801], [-119.663294, 37.371283], [-119.663354, 37.371339], [-119.663376, 37.371358], [-119.663543, 37.3715], [-119.663701, 37.371622], [-119.663893, 37.37177], [-119.66405, 37.371889], [-119.664092, 37.371934], [-119.66411, 37.37196], [-119.664153, 37.372044], [-119.664166, 37.372078], [-119.664202, 37.372254], [-119.664245, 37.372539], [-119.664275, 37.372651], [-119.664279, 37.372663], [-119.664389, 37.372968], [-119.664426, 37.373057], [-119.66446, 37.373159], [-119.664487, 37.373325], [-119.664497, 37.37338], [-119.664528, 37.373527], [-119.664556, 37.373597], [-119.664593, 37.373655], [-119.664679, 37.373759], [-119.664687, 37.373769], [-119.664742, 37.373825], [-119.664805, 37.373875], [-119.664841, 37.373897], [-119.664956, 37.373952], [-119.665052, 37.373983], [-119.665226, 37.374022], [-119.665251, 37.374028], [-119.66545, 37.374082], [-119.665738, 37.374162], [-119.66598, 37.374242], [-119.666111, 37.374297], [-119.666278, 37.374387], [-119.666315, 37.37441], [-119.666379, 37.37445], [-119.666534, 37.374558], [-119.666557, 37.374575], [-119.666686, 37.37467], [-119.667273, 37.375084], [-119.667411, 37.375181], [-119.667514, 37.375252], [-119.667657, 37.37535], [-119.667683, 37.375367], [-119.66808, 37.375627], [-119.668197, 37.375709], [-119.668286, 37.375771], [-119.668363, 37.375831], [-119.668464, 37.37591], [-119.668676, 37.376054], [-119.668763, 37.37612], [-119.668777, 37.37613], [-119.668876, 37.376217], [-119.668968, 37.376309], [-119.66906, 37.376413], [-119.669145, 37.37652], [-119.669224, 37.376631], [-119.669393, 37.376917], [-119.669448, 37.376999], [-119.66967, 37.377284], [-119.669755, 37.377394], [-119.669981, 37.377669], [-119.670013, 37.377707], [-119.670094, 37.377814], [-119.670167, 37.377925], [-119.670274, 37.378126], [-119.670387, 37.378322], [-119.670574, 37.378631], [-119.670664, 37.378772], [-119.670791, 37.37897], [-119.670843, 37.379044], [-119.670919, 37.37915], [-119.671053, 37.379327], [-119.671276, 37.379599], [-119.671468, 37.379871], [-119.671557, 37.379989], [-119.671569, 37.380004], [-119.671724, 37.380177], [-119.671858, 37.380363], [-119.671933, 37.380452], [-119.672018, 37.38053], [-119.672111, 37.380604], [-119.672233, 37.380686], [-119.672363, 37.380763], [-119.672603, 37.380885], [-119.672718, 37.380951], [-119.672913, 37.381097], [-119.673114, 37.381217], [-119.673339, 37.381378], [-119.673498, 37.381481], [-119.673583, 37.381525], [-119.673685, 37.381565], [-119.673793, 37.381597], [-119.674073, 37.381671], [-119.67417, 37.381703], [-119.674263, 37.38174], [-119.674352, 37.381792], [-119.674492, 37.381885], [-119.674644, 37.381986], [-119.674735, 37.38203], [-119.675141, 37.382198], [-119.675244, 37.38225], [-119.675306, 37.382286], [-119.675535, 37.38244], [-119.675568, 37.382462], [-119.675692, 37.382554], [-119.675731, 37.382588], [-119.675876, 37.382734], [-119.675956, 37.382827], [-119.67603, 37.382923], [-119.676128, 37.383069], [-119.67618, 37.383165], [-119.676193, 37.383216], [-119.6762, 37.383268], [-119.6762, 37.38332], [-119.676193, 37.383371], [-119.67612, 37.383596], [-119.676064, 37.383714], [-119.675979, 37.383843], [-119.675943, 37.383908], [-119.675923, 37.383962], [-119.675915, 37.383987], [-119.675897, 37.384068], [-119.675888, 37.384149], [-119.675886, 37.384244], [-119.675896, 37.384338], [-119.675907, 37.384396], [-119.675913, 37.384417], [-119.675924, 37.384451], [-119.675949, 37.3845], [-119.675982, 37.384546], [-119.676032, 37.384605], [-119.676094, 37.384679], [-119.67615, 37.384737], [-119.676355, 37.38493], [-119.676488, 37.38507], [-119.676507, 37.385087], [-119.676561, 37.385134], [-119.676644, 37.38519], [-119.676692, 37.385217], [-119.676734, 37.385241], [-119.676807, 37.385273], [-119.67683, 37.385284], [-119.676921, 37.385315], [-119.677015, 37.38534], [-119.677142, 37.385364], [-119.67718, 37.385368], [-119.677272, 37.385379], [-119.677308, 37.385382], [-119.67747, 37.385396], [-119.677531, 37.385399], [-119.677814, 37.385416], [-119.678204, 37.385443], [-119.678428, 37.385459], [-119.678647, 37.385474], [-119.678665, 37.385476], [-119.678878, 37.385485], [-119.679092, 37.385485], [-119.679306, 37.385478], [-119.679526, 37.385462], [-119.679814, 37.385428], [-119.67996, 37.385403], [-119.679986, 37.385397], [-119.680108, 37.385373], [-119.680255, 37.385336], [-119.680388, 37.385293], [-119.680819, 37.385126], [-119.681165, 37.384998], [-119.681307, 37.38495], [-119.681339, 37.38494], [-119.68173, 37.384832], [-119.681755, 37.384823], [-119.682046, 37.384722], [-119.682185, 37.384675], [-119.682469, 37.384582], [-119.682657, 37.384507], [-119.682842, 37.384426], [-119.683031, 37.38435], [-119.683252, 37.384268], [-119.683366, 37.384236], [-119.683466, 37.384216], [-119.683516, 37.384207], [-119.683591, 37.3842], [-119.683739, 37.384206], [-119.683811, 37.384218], [-119.683886, 37.384236], [-119.683915, 37.384246], [-119.683959, 37.38426], [-119.68401, 37.384281], [-119.684029, 37.38429], [-119.684135, 37.384349], [-119.684248, 37.38443], [-119.684269, 37.384442], [-119.68429, 37.384454], [-119.68436, 37.384488], [-119.684422, 37.384517], [-119.684513, 37.384554], [-119.684609, 37.384587], [-119.684789, 37.384637], [-119.684807, 37.384642], [-119.685034, 37.384681], [-119.685146, 37.384704], [-119.68521, 37.384722], [-119.685396, 37.384788], [-119.685587, 37.384864], [-119.685679, 37.384907], [-119.685766, 37.384954], [-119.685848, 37.385012], [-119.685997, 37.385142], [-119.686025, 37.385162], [-119.686078, 37.385201], [-119.686334, 37.385336], [-119.68642, 37.385389], [-119.686478, 37.385425], [-119.686543, 37.385476], [-119.686597, 37.385529], [-119.686639, 37.385578], [-119.686645, 37.385586], [-119.686684, 37.385647], [-119.686711, 37.385703], [-119.686732, 37.38576], [-119.68676, 37.38588], [-119.68679, 37.385962], [-119.68683, 37.386041], [-119.686879, 37.386116], [-119.686928, 37.386177], [-119.687044, 37.386289], [-119.687076, 37.386316], [-119.687185, 37.386408], [-119.687269, 37.38647], [-119.687307, 37.386495], [-119.687357, 37.386528], [-119.687489, 37.3866], [-119.687517, 37.386608], [-119.687547, 37.386616], [-119.687581, 37.38662], [-119.687609, 37.386624], [-119.687983, 37.386644], [-119.688167, 37.386659], [-119.688343, 37.386682], [-119.688429, 37.386698], [-119.68849, 37.386715], [-119.688512, 37.386721], [-119.688595, 37.386754], [-119.688675, 37.386793], [-119.688766, 37.386845], [-119.688794, 37.386861], [-119.689014, 37.387012], [-119.689135, 37.387096], [-119.68939, 37.387261], [-119.689449, 37.387288], [-119.689513, 37.387307], [-119.68958, 37.387316], [-119.689629, 37.387316], [-119.689827, 37.387287], [-119.689929, 37.387273], [-119.690028, 37.387271], [-119.690063, 37.38727], [-119.690126, 37.387275], [-119.690194, 37.387287], [-119.69025, 37.387306], [-119.690305, 37.38733], [-119.69039, 37.387381], [-119.690402, 37.387392], [-119.690481, 37.38746], [-119.690615, 37.387616], [-119.690654, 37.387652], [-119.690787, 37.387752], [-119.69087, 37.387821], [-119.691054, 37.388025], [-119.691137, 37.388117], [-119.691251, 37.388258], [-119.691259, 37.388268], [-119.691333, 37.38837], [-119.691349, 37.388392], [-119.691432, 37.388519], [-119.691447, 37.388546], [-119.691465, 37.388571], [-119.691485, 37.388613], [-119.691509, 37.388654], [-119.691546, 37.388727], [-119.691609, 37.388851], [-119.691672, 37.388974], [-119.691703, 37.389058], [-119.691728, 37.389143], [-119.691736, 37.38919], [-119.691743, 37.38938], [-119.691745, 37.38943], [-119.691752, 37.389487], [-119.691757, 37.389601], [-119.691747, 37.389651], [-119.691731, 37.389698], [-119.69171, 37.38973], [-119.691683, 37.389758], [-119.69165, 37.389783], [-119.691505, 37.389876], [-119.691143, 37.390156], [-119.690953, 37.390286], [-119.690664, 37.390476], [-119.690647, 37.390486], [-119.690566, 37.39054], [-119.6902, 37.390814], [-119.689942, 37.391008], [-119.689846, 37.391066], [-119.689595, 37.3912], [-119.689453, 37.391287], [-119.68937, 37.391355], [-119.689333, 37.391392], [-119.6893, 37.391433], [-119.689255, 37.391502], [-119.689216, 37.391581], [-119.689186, 37.391672], [-119.689181, 37.391743], [-119.689225, 37.391915], [-119.689244, 37.391976], [-119.689296, 37.392142], [-119.689325, 37.392291], [-119.689385, 37.392505], [-119.689417, 37.392676], [-119.689435, 37.392732], [-119.689464, 37.392784], [-119.689498, 37.392827], [-119.689565, 37.392893], [-119.689906, 37.393132], [-119.689959, 37.393181], [-119.690103, 37.393361], [-119.690157, 37.393414], [-119.690334, 37.393563], [-119.690645, 37.39381], [-119.690792, 37.393943], [-119.690847, 37.39398], [-119.690948, 37.394031], [-119.691032, 37.394054], [-119.691379, 37.394075], [-119.691438, 37.394087], [-119.691497, 37.394109], [-119.691609, 37.394169], [-119.691707, 37.394231], [-119.69175, 37.394267], [-119.691784, 37.394302], [-119.691813, 37.39434], [-119.691834, 37.39438], [-119.691841, 37.394425], [-119.691838, 37.394521], [-119.691848, 37.394624], [-119.69188, 37.394771], [-119.691915, 37.394857], [-119.691955, 37.394908], [-119.692122, 37.395062], [-119.692309, 37.395216], [-119.692361, 37.39525], [-119.692417, 37.395278], [-119.692449, 37.395288], [-119.692513, 37.395299], [-119.692552, 37.395306], [-119.692872, 37.395342], [-119.693067, 37.395353], [-119.693263, 37.395359], [-119.693585, 37.395362], [-119.693711, 37.39537], [-119.693772, 37.39538], [-119.693866, 37.395404], [-119.693908, 37.395423], [-119.693941, 37.395448], [-119.693995, 37.395507], [-119.694037, 37.395566], [-119.694059, 37.395641], [-119.694133, 37.395713], [-119.694144, 37.395723], [-119.694214, 37.395782], [-119.694293, 37.395832], [-119.694393, 37.395883], [-119.694453, 37.395901], [-119.694495, 37.395902], [-119.694513, 37.395902], [-119.694638, 37.395886], [-119.69486, 37.395868], [-119.694889, 37.395866], [-119.69513, 37.395862], [-119.695319, 37.395876], [-119.695392, 37.395886], [-119.695652, 37.395936], [-119.695708, 37.395951], [-119.69576, 37.395972], [-119.695785, 37.395988], [-119.695898, 37.396084], [-119.695908, 37.39609], [-119.695967, 37.396127], [-119.696041, 37.396165], [-119.696168, 37.39621], [-119.696227, 37.396243], [-119.696237, 37.39625], [-119.696366, 37.396346], [-119.696393, 37.396371], [-119.696495, 37.396466], [-119.696527, 37.396509], [-119.696541, 37.396552], [-119.696543, 37.396643], [-119.696533, 37.396725], [-119.696514, 37.396805], [-119.696483, 37.396903], [-119.696474, 37.396936], [-119.696464, 37.397002], [-119.696469, 37.397074], [-119.696476, 37.397099], [-119.696484, 37.397111], [-119.696499, 37.397138], [-119.696527, 37.397165], [-119.696673, 37.397271], [-119.696719, 37.397291], [-119.696783, 37.397306], [-119.696815, 37.397307], [-119.696848, 37.397301], [-119.69688, 37.39729], [-119.696921, 37.397261], [-119.696975, 37.397179], [-119.69701, 37.397117], [-119.69709, 37.396981], [-119.69715, 37.396887], [-119.697304, 37.396709], [-119.697398, 37.396554], [-119.697437, 37.396508], [-119.69753, 37.396437], [-119.697635, 37.396386], [-119.697692, 37.396368], [-119.697751, 37.396355], [-119.697846, 37.396346], [-119.697917, 37.396347], [-119.697963, 37.396366], [-119.698002, 37.396403], [-119.698013, 37.396424], [-119.698013, 37.396446], [-119.698006, 37.396468], [-119.697966, 37.396533], [-119.697931, 37.396611], [-119.697925, 37.396638], [-119.697929, 37.396656], [-119.697955, 37.396703], [-119.697993, 37.396747], [-119.698043, 37.396784], [-119.698082, 37.396804], [-119.698169, 37.396834], [-119.698295, 37.396868], [-119.698411, 37.396891], [-119.69849, 37.396898], [-119.698535, 37.396897], [-119.698789, 37.396874], [-119.698844, 37.396877], [-119.698896, 37.396894], [-119.698945, 37.396919], [-119.698982, 37.39695], [-119.699005, 37.396968], [-119.699115, 37.397144], [-119.699194, 37.397243], [-119.699229, 37.397275], [-119.699272, 37.397301], [-119.699322, 37.397321], [-119.699427, 37.397347], [-119.699494, 37.397353], [-119.699631, 37.39735], [-119.699745, 37.397335], [-119.699812, 37.397323], [-119.700039, 37.397283], [-119.700183, 37.397241], [-119.700292, 37.39719], [-119.700373, 37.397134], [-119.700423, 37.397072], [-119.700454, 37.397012], [-119.700491, 37.396984], [-119.700584, 37.396943], [-119.700666, 37.396915], [-119.700753, 37.396894], [-119.700933, 37.396834], [-119.701023, 37.396793], [-119.701142, 37.396719], [-119.701286, 37.396642], [-119.701362, 37.396611], [-119.701455, 37.396582], [-119.701551, 37.396561], [-119.701649, 37.396546], [-119.701802, 37.396532], [-119.701878, 37.396533], [-119.701976, 37.396544], [-119.702073, 37.396562], [-119.702313, 37.39662], [-119.702429, 37.396634], [-119.702486, 37.396633], [-119.702549, 37.39662], [-119.702609, 37.396597], [-119.702624, 37.396589], [-119.702846, 37.396485], [-119.703017, 37.396424], [-119.70315, 37.396387], [-119.703373, 37.396345], [-119.703459, 37.396337], [-119.703525, 37.396337], [-119.703591, 37.396345], [-119.703657, 37.396352], [-119.703675, 37.396357], [-119.703725, 37.396371], [-119.703915, 37.396443], [-119.703995, 37.396474], [-119.704033, 37.396488], [-119.704146, 37.396516], [-119.704194, 37.396528], [-119.704266, 37.396538], [-119.704393, 37.396545], [-119.704456, 37.396541], [-119.704612, 37.396501], [-119.704624, 37.396499], [-119.704687, 37.396495], [-119.704769, 37.3965], [-119.704814, 37.396503], [-119.704872, 37.396512], [-119.704911, 37.396523], [-119.704983, 37.396545], [-119.70505, 37.39658], [-119.705112, 37.396623], [-119.705171, 37.396672], [-119.705224, 37.396727], [-119.705259, 37.396771], [-119.705271, 37.396785], [-119.705363, 37.396873]]}, "props": {"MTFCC": "S1400", "NAME": null}}, {"geom": {"type": "LineString", "coordinates": [[-119.658235, 37.367183], [-119.658232, 37.367335], [-119.658227, 37.367388], [-119.658208, 37.367453], [-119.658152, 37.367607], [-119.658096, 37.367737], [-119.658022, 37.367855], [-119.657963, 37.367927], [-119.657894, 37.367993], [-119.65783, 37.36804], [-119.657759, 37.36808], [-119.657439, 37.368235], [-119.657365, 37.36829], [-119.657196, 37.368433], [-119.656942, 37.368672], [-119.656746, 37.368836], [-119.656302, 37.369193], [-119.656069, 37.369368], [-119.655383, 37.36986], [-119.655048, 37.37011], [-119.654919, 37.370168], [-119.654573, 37.370286], [-119.654359, 37.370355], [-119.654171, 37.370395], [-119.653995, 37.370416], [-119.653824, 37.370424], [-119.653711, 37.370422], [-119.653574, 37.370389], [-119.65337, 37.371143], [-119.65267, 37.37159], [-119.651334, 37.372446], [-119.650517, 37.372833], [-119.650417, 37.372881], [-119.650216, 37.37311], [-119.650359, 37.373499], [-119.650588, 37.373727], [-119.650674, 37.373979], [-119.650648, 37.374795], [-119.650643, 37.374942], [-119.650896, 37.375975], [-119.651057, 37.37632], [-119.652043, 37.378424], [-119.652135, 37.378837], [-119.652186, 37.379064], [-119.652329, 37.37927], [-119.652541, 37.379457], [-119.653132, 37.37998], [-119.653103, 37.380414], [-119.652844, 37.381055], [-119.652834, 37.381068], [-119.6525, 37.381513], [-119.652156, 37.381581], [-119.65121, 37.381283], [-119.650379, 37.38078], [-119.650064, 37.380802], [-119.649905, 37.381127], [-119.649719, 37.381512], [-119.649517, 37.381718], [-119.649145, 37.381672], [-119.648199, 37.381305], [-119.647797, 37.38142], [-119.647568, 37.381397], [-119.647367, 37.381259], [-119.647354, 37.380976], [-119.647339, 37.380641], [-119.647224, 37.380298], [-119.647075, 37.380274], [-119.646796, 37.38023]]}, "props": {"MTFCC": "S1400", "NAME": null}}, {"geom": {"type": "LineString", "coordinates": [[-119.643321, 37.368676], [-119.643473, 37.369457], [-119.643513, 37.369663], [-119.643275, 37.370225], [-119.642353, 37.370634], [-119.642054, 37.371107], [-119.642009, 37.371179], [-119.642305, 37.371826]]}, "props": {"MTFCC": "S1740", "NAME": null}}, {"geom": {"type": "LineString", "coordinates": [[-119.654261, 37.385194], [-119.654304, 37.384204], [-119.654314, 37.384002], [-119.65528, 37.382553], [-119.655765, 37.381648], [-119.656193, 37.38085], [-119.656205, 37.380766]]}, "props": {"MTFCC": "S1740", "NAME": null}}, {"geom": {"type": "LineString", "coordinates": [[-119.639521, 37.368614], [-119.639582, 37.368507], [-119.639769, 37.368187], [-119.639832, 37.368081], [-119.639734, 37.368427], [-119.639616, 37.36885], [-119.639432, 37.369464], [-119.639329, 37.36981]]}, "props": {"MTFCC": "S1400", "NAME": null}}, {"geom": {"type": "LineString", "coordinates": [[-119.639329, 37.36981], [-119.639409, 37.369905], [-119.639649, 37.370191], [-119.639729, 37.370287]]}, "props": {"MTFCC": "S1400", "NAME": null}}, {"geom": {"type": "LineString", "coordinates": [[-119.631946, 37.382194], [-119.632029, 37.382118], [-119.632278, 37.381892], [-119.632362, 37.381817]]}, "props": {"MTFCC": "S1400", "NAME": null}}, {"geom": {"type": "LineString", "coordinates": [[-119.718109, 37.403545], [-119.717988, 37.403449], [-119.717863, 37.40335], [-119.717768, 37.403062], [-119.71772, 37.402916]]}, "props": {"MTFCC": "S1740", "NAME": null}}, {"geom": {"type": "LineString", "coordinates": [[-119.718858, 37.404609], [-119.7188, 37.404549], [-119.718627, 37.404372], [-119.718609, 37.404354], [-119.718602, 37.404298]]}, "props": {"MTFCC": "S1740", "NAME": null}}, {"geom": {"type": "LineString", "coordinates": [[-119.729363, 37.399832], [-119.729361, 37.399919], [-119.72936, 37.400037], [-119.729299, 37.40017], [-119.729263, 37.400251]]}, "props": {"MTFCC": "S1740", "NAME": null}}, {"geom": {"type": "LineString", "coordinates": [[-119.718602, 37.404298], [-119.71844, 37.404231], [-119.718351, 37.404194], [-119.718097, 37.404201], [-119.718075, 37.404201], [-119.717548, 37.404217], [-119.716774, 37.404286], [-119.716484, 37.404116], [-119.716343, 37.404034], [-119.716171, 37.403692]]}, "props": {"MTFCC": "S1740", "NAME": null}}, {"geom": {"type": "LineString", "coordinates": [[-119.03314, 37.629672], [-119.032962, 37.629732], [-119.032778, 37.629885], [-119.032881, 37.630078], [-119.032949, 37.630203], [-119.033044, 37.630376]]}, "props": {"MTFCC": "S1400", "NAME": null}}, {"geom": {"type": "LineString", "coordinates": [[-119.369551, 37.488242], [-119.368454, 37.489153], [-119.36841, 37.489191], [-119.368025, 37.489827], [-119.367994, 37.490087], [-119.367966, 37.490321], [-119.368127, 37.49044], [-119.368324, 37.49038], [-119.368616, 37.490292], [-119.369849, 37.489391], [-119.370508, 37.489053], [-119.370659, 37.488977], [-119.371824, 37.488504], [-119.373482, 37.487829], [-119.374151, 37.487458], [-119.375622, 37.486398], [-119.376959, 37.485506], [-119.377246, 37.485315], [-119.377915, 37.485059], [-119.378322, 37.48508], [-119.378614, 37.485376], [-119.378706, 37.485831], [-119.379033, 37.486581], [-119.379102, 37.487423], [-119.378607, 37.488991], [-119.377856, 37.490673], [-119.377548, 37.491105], [-119.375775, 37.491984], [-119.375467, 37.492117], [-119.375438, 37.492982], [-119.375024, 37.493936], [-119.374946, 37.494369], [-119.374582, 37.494915], [-119.373592, 37.495595], [-119.373313, 37.496072], [-119.373268, 37.496845], [-119.373446, 37.497278], [-119.373427, 37.49796], [-119.373008, 37.49876], [-119.372927, 37.498915], [-119.373311, 37.499967], [-119.373011, 37.500906], [-119.373258, 37.502066], [-119.373583, 37.502589], [-119.374344, 37.503361], [-119.374844, 37.503997]]}, "props": {"MTFCC": "S1400", "NAME": null}}, {"geom": {"type": "LineString", "coordinates": [[-119.651176, 37.445941], [-119.651141, 37.445965], [-119.651114, 37.445987], [-119.651033, 37.446081], [-119.650947, 37.44622], [-119.650872, 37.446361], [-119.650845, 37.446453], [-119.650839, 37.446491], [-119.650839, 37.446646], [-119.650846, 37.446758], [-119.650854, 37.446826], [-119.650873, 37.446981], [-119.650886, 37.447204], [-119.650878, 37.447331], [-119.650858, 37.44752], [-119.650858, 37.447584], [-119.650866, 37.447689], [-119.650901, 37.4479], [-119.650995, 37.448291], [-119.651014, 37.44842], [-119.651009, 37.448553], [-119.650991, 37.448657], [-119.650946, 37.448764], [-119.650914, 37.448811], [-119.650893, 37.448843], [-119.650835, 37.44889], [-119.650636, 37.448992], [-119.650563, 37.449022], [-119.650525, 37.449033], [-119.650458, 37.449044], [-119.650388, 37.449047], [-119.650175, 37.449033], [-119.650034, 37.449023], [-119.650019, 37.449021], [-119.649893, 37.449006], [-119.649686, 37.448967], [-119.649479, 37.448913], [-119.649205, 37.448829], [-119.649142, 37.44881], [-119.649056, 37.448781], [-119.648963, 37.448749], [-119.648694, 37.448657], [-119.648591, 37.448628], [-119.648541, 37.448614], [-119.647849, 37.448459], [-119.647577, 37.448418], [-119.647486, 37.448407], [-119.647394, 37.448401], [-119.647303, 37.448402], [-119.647203, 37.448412], [-119.647104, 37.448427], [-119.646953, 37.448458], [-119.646842, 37.448487], [-119.646747, 37.448514], [-119.646625, 37.448565], [-119.64652, 37.448622], [-119.646424, 37.448688], [-119.646313, 37.448797], [-119.64621, 37.448921], [-119.646057, 37.449119], [-119.64594, 37.449247], [-119.645695, 37.449494], [-119.645481, 37.449723], [-119.645353, 37.449839], [-119.645122, 37.450035], [-119.645031, 37.450127], [-119.644919, 37.450258], [-119.644859, 37.45032], [-119.644751, 37.450402], [-119.644711, 37.450428], [-119.644582, 37.450499], [-119.644488, 37.450568], [-119.644385, 37.45066], [-119.644339, 37.450709], [-119.644298, 37.450761], [-119.644249, 37.450843], [-119.644214, 37.450932], [-119.644159, 37.451206], [-119.644161, 37.451322], [-119.644166, 37.451363], [-119.644188, 37.451444], [-119.644216, 37.451524], [-119.644252, 37.451606], [-119.644344, 37.451763], [-119.644459, 37.451927], [-119.644635, 37.452144], [-119.644746, 37.452275], [-119.644811, 37.452366], [-119.644839, 37.452415], [-119.64492, 37.452558], [-119.64496, 37.452659], [-119.644995, 37.452794], [-119.645007, 37.452913], [-119.645003, 37.452971], [-119.644998, 37.453058], [-119.644984, 37.453132], [-119.644963, 37.453205], [-119.644936, 37.453276], [-119.644859, 37.453408], [-119.644773, 37.453511], [-119.644581, 37.453684], [-119.644478, 37.453785], [-119.644433, 37.453838], [-119.644394, 37.453897], [-119.644374, 37.453939], [-119.644334, 37.454022], [-119.644291, 37.454145], [-119.644273, 37.454258], [-119.644271, 37.454331], [-119.644286, 37.454441], [-119.644305, 37.454503], [-119.644321, 37.454551], [-119.64439, 37.454709], [-119.644435, 37.454794], [-119.644489, 37.454874], [-119.644608, 37.45499], [-119.644637, 37.455019], [-119.64466, 37.45505], [-119.644688, 37.455099], [-119.644727, 37.455204], [-119.644737, 37.455312], [-119.644727, 37.455368], [-119.644712, 37.455412], [-119.644644, 37.455604], [-119.644603, 37.455663], [-119.644504, 37.455774], [-119.644425, 37.455879], [-119.644394, 37.455934], [-119.644372, 37.455997], [-119.644366, 37.456029], [-119.644354, 37.456095], [-119.644351, 37.456172], [-119.644377, 37.456393], [-119.644373, 37.456613], [-119.644372, 37.456668], [-119.644365, 37.4569], [-119.644362, 37.457004], [-119.644326, 37.457167], [-119.644305, 37.457219], [-119.644217, 37.457353], [-119.644071, 37.457446], [-119.64401, 37.457471], [-119.643946, 37.457499], [-119.643896, 37.457565], [-119.64385, 37.457669], [-119.643875, 37.457869], [-119.6439, 37.457953], [-119.643912, 37.458115], [-119.643935, 37.458226], [-119.643985, 37.458363], [-119.644013, 37.458428], [-119.644035, 37.458496], [-119.644082, 37.458641], [-119.644137, 37.458786], [-119.644158, 37.45899], [-119.64417, 37.459078], [-119.644166, 37.459153], [-119.644141, 37.459233], [-119.644109, 37.459302], [-119.644087, 37.45935], [-119.64403, 37.459526], [-119.644012, 37.459654], [-119.644009, 37.4598], [-119.644072, 37.460368], [-119.64409, 37.460522], [-119.644107, 37.460673], [-119.644143, 37.460989], [-119.644178, 37.461377]]}, "props": {"MTFCC": "S1200", "NAME": null}}, {"geom": {"type": "LineString", "coordinates": [[-119.655074, 37.395584], [-119.654673, 37.39636], [-119.654501, 37.396932], [-119.654616, 37.398214], [-119.654327, 37.399058], [-119.654272, 37.399219], [-119.653574, 37.399945], [-119.652867, 37.400682], [-119.652896, 37.401482], [-119.653327, 37.402625], [-119.653385, 37.4029], [-119.653538, 37.40328], [-119.653615, 37.403472], [-119.653759, 37.404204], [-119.653673, 37.406376], [-119.653844, 37.406971], [-119.654074, 37.407314], [-119.654626, 37.407834], [-119.654849, 37.408045], [-119.654874, 37.409095], [-119.654878, 37.409257], [-119.655165, 37.409829], [-119.655204, 37.409975], [-119.655336, 37.41047], [-119.655366, 37.411224], [-119.655796, 37.411703], [-119.655969, 37.412068], [-119.655969, 37.412343], [-119.656083, 37.412503], [-119.65675, 37.412814], [-119.656916, 37.412892], [-119.657088, 37.413052], [-119.657058, 37.413181], [-119.65703, 37.413303], [-119.656485, 37.413623], [-119.656056, 37.414148], [-119.656056, 37.414858], [-119.656514, 37.415567], [-119.656541, 37.415902], [-119.655638, 37.416011], [-119.655607, 37.41604], [-119.655285, 37.416302], [-119.655159, 37.416406], [-119.655204, 37.41689], [-119.655504, 37.417378], [-119.655503, 37.4174], [-119.655495, 37.417792], [-119.655494, 37.417815]]}, "props": {"MTFCC": "S1400", "NAME": null}}, {"geom": {"type": "LineString", "coordinates": [[-119.723076, 37.376363], [-119.723043, 37.376264], [-119.723035, 37.376251], [-119.722997, 37.376191], [-119.722987, 37.37611], [-119.722989, 37.376026], [-119.72294, 37.375944], [-119.722915, 37.375937], [-119.7228, 37.375908]]}, "props": {"MTFCC": "S1740", "NAME": null}}, {"geom": {"type": "LineString", "coordinates": [[-119.553521, 37.451161], [-119.555042, 37.450704], [-119.555616, 37.450406], [-119.555882, 37.450315], [-119.556764, 37.450017], [-119.557452, 37.449926], [-119.558658, 37.450017], [-119.559978, 37.449995], [-119.561872, 37.449445], [-119.562446, 37.449217], [-119.563219, 37.448991], [-119.563939, 37.448782], [-119.565669, 37.448422]]}, "props": {"MTFCC": "S1400", "NAME": null}}, {"geom": {"type": "LineString", "coordinates": [[-119.541367, 37.438225], [-119.541804, 37.438377], [-119.543116, 37.438834], [-119.543217, 37.43887], [-119.543427, 37.439158]]}, "props": {"MTFCC": "S1400", "NAME": null}}, {"geom": {"type": "LineString", "coordinates": [[-119.56415, 37.429714], [-119.563944, 37.429591], [-119.563786, 37.429497], [-119.562694, 37.428847], [-119.56233, 37.428631]]}, "props": {"MTFCC": "S1400", "NAME": null}}, {"geom": {"type": "LineString", "coordinates": [[-119.561454, 37.421254], [-119.561714, 37.421096], [-119.562497, 37.420624], [-119.562758, 37.420467]]}, "props": {"MTFCC": "S1400", "NAME": null}}, {"geom": {"type": "LineString", "coordinates": [[-119.565456, 37.416917], [-119.565915, 37.417127], [-119.566834, 37.417064], [-119.568385, 37.416825], [-119.568873, 37.416806], [-119.569446, 37.416947], [-119.569964, 37.417296], [-119.570709, 37.418036], [-119.570909, 37.418359], [-119.570939, 37.418866], [-119.570595, 37.419261], [-119.56985, 37.419586], [-119.569535, 37.419888], [-119.56942, 37.420164], [-119.569431, 37.42018], [-119.570196, 37.421276], [-119.570408, 37.421436], [-119.571545, 37.422294], [-119.57209, 37.422781], [-119.57281, 37.424052], [-119.572954, 37.424722], [-119.572896, 37.425229], [-119.572639, 37.426198], [-119.572777, 37.426709], [-119.572782, 37.426729], [-119.573099, 37.426938], [-119.573415, 37.427009], [-119.574908, 37.426975], [-119.575827, 37.427187], [-119.576344, 37.427419], [-119.577004, 37.427334], [-119.577779, 37.426974], [-119.578152, 37.426726], [-119.579243, 37.426436], [-119.57976, 37.426441], [-119.580535, 37.426721], [-119.580976, 37.426644], [-119.581167, 37.426611], [-119.581768, 37.426046], [-119.582629, 37.42587], [-119.583433, 37.426082], [-119.583808, 37.42629], [-119.584411, 37.426984], [-119.584555, 37.42777], [-119.584699, 37.428093], [-119.584964, 37.428076], [-119.585014, 37.428072], [-119.585647, 37.427596], [-119.585899, 37.427408], [-119.586328, 37.427294], [-119.586729, 37.427431], [-119.587099, 37.42734], [-119.587185, 37.427203], [-119.587203, 37.426785], [-119.587211, 37.426608], [-119.587144, 37.426414], [-119.586977, 37.425922], [-119.587, 37.425601], [-119.58686, 37.425464], [-119.586842, 37.424768], [-119.586831, 37.424343], [-119.586716, 37.423954], [-119.586257, 37.423405], [-119.586257, 37.42313], [-119.586572, 37.422535], [-119.586715, 37.422428], [-119.587003, 37.422215], [-119.587519, 37.422078], [-119.588487, 37.422963], [-119.588703, 37.423341], [-119.588689, 37.423461], [-119.588947, 37.423876], [-119.589342, 37.424027], [-119.590665, 37.424295], [-119.593018, 37.424406], [-119.593315, 37.424513], [-119.593743, 37.42504], [-119.594, 37.425357], [-119.594614, 37.425909], [-119.595245, 37.426001], [-119.595494, 37.426037], [-119.595784, 37.425927], [-119.596243, 37.425414], [-119.596434, 37.424885], [-119.596652, 37.424275], [-119.596824, 37.4238], [-119.597166, 37.423488], [-119.598053, 37.423], [-119.598229, 37.422799], [-119.598423, 37.422261], [-119.598889, 37.42195], [-119.599928, 37.421508], [-119.60248, 37.420227], [-119.602491, 37.420218], [-119.603715, 37.419359], [-119.604674, 37.419258], [-119.60608, 37.419235], [-119.607658, 37.418726], [-119.608001, 37.418616], [-119.608432, 37.418662], [-119.60935, 37.419188], [-119.610096, 37.419485], [-119.610383, 37.419782], [-119.610785, 37.419896], [-119.61199, 37.420033], [-119.612477, 37.420285], [-119.612765, 37.4212], [-119.612794, 37.421886], [-119.613282, 37.422435], [-119.613436, 37.42307], [-119.613943, 37.423647], [-119.613951, 37.42379], [-119.613972, 37.424151], [-119.613777, 37.42441], [-119.613542, 37.424723], [-119.613801, 37.425753], [-119.614203, 37.426256], [-119.614461, 37.42637], [-119.615404, 37.426369], [-119.615774, 37.426429], [-119.616086, 37.426781], [-119.616262, 37.427814], [-119.616306, 37.428066], [-119.616673, 37.428908], [-119.616498, 37.429173], [-119.616497, 37.429254], [-119.616497, 37.429328], [-119.617295, 37.429716], [-119.618892, 37.430042], [-119.619233, 37.43028], [-119.61923, 37.430902], [-119.619083, 37.431189], [-119.618273, 37.431623], [-119.6182, 37.431749], [-119.618158, 37.431822], [-119.618207, 37.432821], [-119.618321, 37.433065], [-119.618231, 37.433552], [-119.61818, 37.433604], [-119.61716, 37.434652], [-119.61661, 37.435068], [-119.616436, 37.435312], [-119.61652, 37.435511], [-119.616688, 37.435527]]}, "props": {"MTFCC": "S1400", "NAME": null}}, {"geom": {"type": "LineString", "coordinates": [[-119.581059, 37.406292], [-119.581108, 37.407644], [-119.581117, 37.407871], [-119.581375, 37.408306], [-119.581778, 37.408626], [-119.58238, 37.408832], [-119.582696, 37.409129], [-119.582811, 37.409449], [-119.582807, 37.4096], [-119.582773, 37.410853], [-119.582754, 37.4116], [-119.583026, 37.412143]]}, "props": {"MTFCC": "S1740", "NAME": null}}, {"geom": {"type": "LineString", "coordinates": [[-119.584561, 37.412309], [-119.58472, 37.412389], [-119.585106, 37.412584], [-119.58517, 37.412668], [-119.585278, 37.412812], [-119.584604, 37.413274], [-119.584545, 37.413316], [-119.584552, 37.41337], [-119.58457, 37.413521], [-119.584766, 37.413704], [-119.584751, 37.414413], [-119.584422, 37.415054], [-119.584293, 37.41551], [-119.584236, 37.415716], [-119.584286, 37.416037], [-119.584481, 37.416236], [-119.584511, 37.416266], [-119.584943, 37.416288], [-119.585549, 37.416014], [-119.586329, 37.415533], [-119.587372, 37.415542], [-119.58898, 37.415556], [-119.58947, 37.415693], [-119.590132, 37.416014], [-119.590683, 37.416494], [-119.590914, 37.416813], [-119.591207, 37.417591], [-119.591756, 37.418049], [-119.592019, 37.418872], [-119.59191, 37.419559], [-119.591626, 37.419971], [-119.5906, 37.420727], [-119.590383, 37.421115], [-119.590345, 37.421185], [-119.589404, 37.421597], [-119.587547, 37.421986], [-119.587519, 37.422078]]}, "props": {"MTFCC": "S1400", "NAME": null}}, {"geom": {"type": "LineString", "coordinates": [[-119.573999, 37.387509], [-119.5742, 37.387394], [-119.574542, 37.387363], [-119.574946, 37.387326], [-119.576156, 37.387519], [-119.577096, 37.387669], [-119.577845, 37.387684], [-119.578158, 37.387691], [-119.57833, 37.387577], [-119.57833, 37.387119], [-119.578524, 37.387013], [-119.57911, 37.386698], [-119.579305, 37.386593], [-119.579993, 37.386616], [-119.580337, 37.386707], [-119.580538, 37.386936], [-119.580596, 37.387599], [-119.58028, 37.388316], [-119.57985, 37.389292], [-119.579851, 37.389667], [-119.579851, 37.389818], [-119.580137, 37.390047], [-119.581428, 37.390321], [-119.581715, 37.390481], [-119.581772, 37.391168], [-119.581944, 37.391557], [-119.582776, 37.392128], [-119.583837, 37.392609], [-119.584497, 37.392723], [-119.58531, 37.392566], [-119.585913, 37.392451], [-119.58593, 37.392448], [-119.586619, 37.392585], [-119.586762, 37.392814], [-119.586762, 37.393203], [-119.586218, 37.393798]]}, "props": {"MTFCC": "S1400", "NAME": null}}, {"geom": {"type": "LineString", "coordinates": [[-119.580592, 37.375656], [-119.579674, 37.375862], [-119.578442, 37.376525], [-119.577885, 37.37663], [-119.57675, 37.376846], [-119.576263, 37.377326], [-119.575403, 37.378699], [-119.574916, 37.379111], [-119.574084, 37.379523], [-119.573654, 37.380049], [-119.572909, 37.380599], [-119.57268, 37.381377], [-119.572671, 37.381647], [-119.572651, 37.382223], [-119.572466, 37.382609], [-119.572249, 37.383064], [-119.572192, 37.383184], [-119.57225, 37.383985], [-119.572422, 37.384466], [-119.572737, 37.384717], [-119.573282, 37.384809], [-119.573368, 37.384122], [-119.573446, 37.383921], [-119.573452, 37.383909], [-119.573683, 37.383321], [-119.574314, 37.382292], [-119.574937, 37.381684], [-119.575035, 37.381589], [-119.575346, 37.381285], [-119.575662, 37.38117]]}, "props": {"MTFCC": "S1400", "NAME": null}}, {"geom": {"type": "LineString", "coordinates": [[-119.451972, 37.489397], [-119.451398, 37.48926], [-119.451168, 37.489077], [-119.450995, 37.488642], [-119.450592, 37.488459], [-119.450148, 37.488471], [-119.449788, 37.488482], [-119.449214, 37.488688], [-119.448783, 37.488528], [-119.448697, 37.487979], [-119.448841, 37.487704], [-119.449185, 37.487567], [-119.449903, 37.487498], [-119.450075, 37.487407], [-119.450075, 37.487224], [-119.449874, 37.487109], [-119.447864, 37.487132], [-119.447376, 37.487407], [-119.447298, 37.48753], [-119.447089, 37.487865], [-119.446745, 37.488894], [-119.446199, 37.489421]]}, "props": {"MTFCC": "S1400", "NAME": null}}, {"geom": {"type": "LineString", "coordinates": [[-119.438358, 37.476814], [-119.438536, 37.476867], [-119.438588, 37.476883], [-119.438965, 37.477217], [-119.439105, 37.477341]]}, "props": {"MTFCC": "S1400", "NAME": null}}, {"geom": {"type": "LineString", "coordinates": [[-119.422359, 37.466939], [-119.422532, 37.466901], [-119.422557, 37.466903], [-119.423165, 37.466951], [-119.423368, 37.466967], [-119.423371, 37.467028], [-119.423383, 37.467212], [-119.423387, 37.467274]]}, "props": {"MTFCC": "S1400", "NAME": null}}, {"geom": {"type": "LineString", "coordinates": [[-119.409873, 37.45782], [-119.409527, 37.458173], [-119.409038, 37.458674], [-119.40871, 37.459384], [-119.408503, 37.459833], [-119.40767, 37.460634], [-119.407576, 37.460733], [-119.406981, 37.461366], [-119.406349, 37.461846], [-119.406062, 37.46235], [-119.405717, 37.463265], [-119.405326, 37.463794], [-119.404654, 37.464706], [-119.404654, 37.464866]]}, "props": {"MTFCC": "S1400", "NAME": null}}, {"geom": {"type": "LineString", "coordinates": [[-119.583418, 37.494745], [-119.582724, 37.495311], [-119.582352, 37.495615], [-119.58149, 37.496073], [-119.581203, 37.496394], [-119.580769, 37.497064], [-119.580744, 37.497103], [-119.580601, 37.497469], [-119.580256, 37.497767]]}, "props": {"MTFCC": "S1400", "NAME": null}}, {"geom": {"type": "LineString", "coordinates": [[-119.61647843396227, 37.3641], [-119.616311, 37.364187], [-119.61629, 37.364856], [-119.616279, 37.365233]]}, "props": {"MTFCC": "S1400", "NAME": null}}, {"geom": {"type": "LineString", "coordinates": [[-119.627577, 37.371182], [-119.627401, 37.371087], [-119.626966, 37.370853], [-119.626875, 37.370803], [-119.626842, 37.370786], [-119.626695, 37.370719], [-119.626591, 37.370672], [-119.626281, 37.370532], [-119.626178, 37.370486], [-119.62623, 37.370234], [-119.626389, 37.369482], [-119.626442, 37.369231], [-119.626321, 37.369222], [-119.62627, 37.369222], [-119.626224, 37.369215], [-119.626162, 37.369193], [-119.626113, 37.369159], [-119.62605, 37.369092], [-119.626021, 37.36905], [-119.626, 37.369006], [-119.62599, 37.368965], [-119.625991, 37.368922], [-119.626009, 37.368791], [-119.626008, 37.368741], [-119.626003, 37.36783], [-119.626031, 37.36705], [-119.626031, 37.366961], [-119.626007, 37.366615], [-119.626006, 37.366332], [-119.626006, 37.365654], [-119.625998, 37.365529]]}, "props": {"MTFCC": "S1400", "NAME": null}}, {"geom": {"type": "LineString", "coordinates": [[-119.729296, 37.373441], [-119.729053, 37.373663], [-119.728822, 37.373813], [-119.728729, 37.373875], [-119.728198, 37.374133], [-119.727521, 37.374487], [-119.727248, 37.374704], [-119.72711, 37.374816], [-119.72717, 37.375239]]}, "props": {"MTFCC": "S1740", "NAME": null}}, {"geom": {"type": "LineString", "coordinates": [[-119.725492, 37.370769], [-119.725595, 37.371136], [-119.725639, 37.371228], [-119.725831, 37.371628], [-119.726068, 37.37198], [-119.726304, 37.372356], [-119.726207, 37.372457], [-119.726038, 37.372637], [-119.726068, 37.372872]]}, "props": {"MTFCC": "S1740", "NAME": null}}, {"geom": {"type": "LineString", "coordinates": [[-119.730121, 37.375898], [-119.729735, 37.375929], [-119.729705, 37.375943], [-119.729308, 37.376135], [-119.728667, 37.376384], [-119.728536, 37.376404], [-119.728121, 37.376471]]}, "props": {"MTFCC": "S1740", "NAME": null}}, {"geom": {"type": "LineString", "coordinates": [[-119.389375, 37.426671], [-119.389346, 37.426657], [-119.38926, 37.426615], [-119.389232, 37.426602]]}, "props": {"MTFCC": "S1400", "NAME": null}}, {"geom": {"type": "LineString", "coordinates": [[-119.413593, 37.421758], [-119.413134, 37.422056], [-119.41279, 37.422445], [-119.412416, 37.423383], [-119.412399, 37.42353], [-119.412359, 37.423886], [-119.411957, 37.424847], [-119.411526, 37.425328], [-119.410694, 37.426586], [-119.410292, 37.427524], [-119.410148, 37.428096], [-119.410464, 37.428691], [-119.410492, 37.429217], [-119.410636, 37.429355], [-119.410744, 37.429362], [-119.410951, 37.429378], [-119.41141, 37.42876], [-119.411525, 37.428096], [-119.411612, 37.427982], [-119.412042, 37.427982]]}, "props": {"MTFCC": "S1400", "NAME": null}}, {"geom": {"type": "LineString", "coordinates": [[-119.356293, 37.413468], [-119.35799, 37.412236], [-119.358967, 37.41179], [-119.359542, 37.411678], [-119.359598, 37.411746], [-119.359542, 37.411851], [-119.359396, 37.412134], [-119.358983, 37.412446], [-119.358851, 37.412546], [-119.358735, 37.412774], [-119.35882, 37.412911], [-119.359709, 37.412981], [-119.361143, 37.412828], [-119.362525, 37.412752], [-119.362721, 37.412742], [-119.363926, 37.412409], [-119.365963, 37.412256], [-119.36691, 37.411989], [-119.368031, 37.411341], [-119.368615, 37.410791], [-119.368801, 37.410792], [-119.369796, 37.410799], [-119.370138, 37.411622], [-119.370268, 37.412816], [-119.37035, 37.41369], [-119.370361, 37.41375], [-119.370364, 37.413762], [-119.370385, 37.413934], [-119.370387, 37.413943], [-119.370384, 37.413996], [-119.370389, 37.414037], [-119.370385, 37.414107], [-119.370356, 37.414202], [-119.370348, 37.41423], [-119.370342, 37.414293], [-119.37035, 37.414407], [-119.370366, 37.414482], [-119.37042, 37.414609], [-119.370524, 37.414793], [-119.3706, 37.414927], [-119.370612, 37.414984]]}, "props": {"MTFCC": "S1200", "NAME": null}}, {"geom": {"type": "LineString", "coordinates": [[-119.35006, 37.408138], [-119.350628, 37.40845], [-119.350642, 37.408458], [-119.351001, 37.408921], [-119.350799, 37.409206], [-119.350284, 37.40917], [-119.35006, 37.408903], [-119.350033, 37.408776], [-119.349992, 37.408583], [-119.35006, 37.408138]]}, "props": {"MTFCC": "S1400", "NAME": null}}, {"geom": {"type": "LineString", "coordinates": [[-119.469322, 37.499938], [-119.468948, 37.499495], [-119.468938, 37.499488], [-119.468087, 37.498935], [-119.468, 37.498615], [-119.46777, 37.498294], [-119.467738, 37.498285], [-119.467167, 37.498134], [-119.467049, 37.499514], [-119.467013, 37.499938], [-119.467093, 37.500462], [-119.466875, 37.50087], [-119.466747, 37.501111], [-119.466509, 37.501438], [-119.465602, 37.50245], [-119.465124, 37.502962], [-119.465067, 37.503024], [-119.464321, 37.503618], [-119.464033, 37.503813], [-119.463433, 37.504219], [-119.462186, 37.505178], [-119.461095, 37.506349], [-119.459944, 37.50751], [-119.459039, 37.508792], [-119.458896, 37.508996], [-119.458135, 37.510729], [-119.457786, 37.51199], [-119.45745, 37.513624], [-119.457383, 37.514849], [-119.457051, 37.516265], [-119.456636, 37.51784], [-119.456216, 37.518681], [-119.455815, 37.520023], [-119.455225, 37.521274], [-119.454515, 37.522506], [-119.453679, 37.523518], [-119.452896, 37.524387], [-119.451859, 37.525324], [-119.451065, 37.525805], [-119.450177, 37.52639], [-119.449524, 37.526949], [-119.449316, 37.527128], [-119.448725, 37.527491], [-119.447845, 37.52818], [-119.447397, 37.5289], [-119.446849, 37.52957], [-119.4462, 37.530287], [-119.4452, 37.530943], [-119.444126, 37.531323]]}, "props": {"MTFCC": "S1400", "NAME": null}}, {"geom": {"type": "LineString", "coordinates": [[-119.364927, 37.414068], [-119.364806, 37.414152], [-119.364694, 37.414209], [-119.364625, 37.414233], [-119.36446, 37.414275], [-119.364194, 37.414314], [-119.364158, 37.414325], [-119.364108, 37.414341], [-119.364008, 37.414392], [-119.363965, 37.414423], [-119.36395, 37.414438], [-119.36391, 37.414491], [-119.363849, 37.41462], [-119.363808, 37.414755], [-119.363788, 37.414886], [-119.363786, 37.414985], [-119.363814, 37.415209], [-119.363845, 37.415529], [-119.36385, 37.415656], [-119.363842, 37.415718], [-119.363811, 37.415869], [-119.363785, 37.41592], [-119.363756, 37.415949], [-119.36369, 37.415985], [-119.363637, 37.416005], [-119.363553, 37.41602], [-119.363451, 37.416036], [-119.363358, 37.416068], [-119.363269, 37.416109], [-119.36319, 37.416157], [-119.363153, 37.416188], [-119.363113, 37.416225], [-119.36306, 37.41629], [-119.363012, 37.416374], [-119.362983, 37.416467], [-119.362976, 37.416548], [-119.362987, 37.416599], [-119.363023, 37.41666], [-119.363119, 37.416758], [-119.363191, 37.416813], [-119.363242, 37.41684]]}, "props": {"MTFCC": "S1400", "NAME": null}}, {"geom": {"type": "LineString", "coordinates": [[-119.085038, 37.630468], [-119.085022, 37.630736], [-119.085019, 37.630799], [-119.085151, 37.631056], [-119.085152, 37.631435], [-119.085174, 37.631507], [-119.085254, 37.631764]]}, "props": {"MTFCC": "S1400", "NAME": null}}, {"geom": {"type": "LineString", "coordinates": [[-119.085038, 37.630468], [-119.084348, 37.630977], [-119.083885, 37.63132], [-119.08332, 37.632658], [-119.082834, 37.632577], [-119.082783, 37.632568], [-119.081938, 37.632428], [-119.081863, 37.632282], [-119.081639, 37.631847], [-119.081565, 37.631702]]}, "props": {"MTFCC": "S1400", "NAME": null}}, {"geom": {"type": "LineString", "coordinates": [[-119.272281, 37.490475], [-119.271886, 37.491357], [-119.271821, 37.491505], [-119.27185, 37.491848], [-119.271936, 37.491939], [-119.271993, 37.492191], [-119.272251, 37.492969], [-119.272452, 37.493656], [-119.272503, 37.494129], [-119.272566, 37.494709], [-119.272738, 37.495052]]}, "props": {"MTFCC": "S1400", "NAME": null}}, {"geom": {"type": "LineString", "coordinates": [[-119.602604, 37.449185], [-119.602942, 37.449506], [-119.602975, 37.44988], [-119.602999, 37.450147], [-119.603258, 37.450352], [-119.604378, 37.450627], [-119.604614, 37.45083], [-119.604723, 37.450924], [-119.60478, 37.451427], [-119.603805, 37.452206], [-119.603796, 37.452248], [-119.603719, 37.452617], [-119.603777, 37.452755], [-119.604064, 37.452915], [-119.604109, 37.452919], [-119.605183, 37.453006], [-119.605729, 37.453212], [-119.606906, 37.454286], [-119.607336, 37.454195], [-119.607422, 37.454103], [-119.607365, 37.453531], [-119.607221, 37.453325], [-119.607106, 37.452936], [-119.607364, 37.452936], [-119.607623, 37.453051], [-119.607845, 37.453228], [-119.608427, 37.453691], [-119.608685, 37.454263], [-119.608858, 37.454469], [-119.610063, 37.454857]]}, "props": {"MTFCC": "S1400", "NAME": null}}, {"geom": {"type": "LineString", "coordinates": [[-119.613885, 37.378838], [-119.61389, 37.37889], [-119.613905, 37.379047], [-119.61391, 37.3791]]}, "props": {"MTFCC": "S1740", "NAME": null}}, {"geom": {"type": "LineString", "coordinates": [[-119.620577, 37.403435], [-119.62056, 37.403553], [-119.620547, 37.403635], [-119.620497, 37.403977], [-119.6205, 37.404117], [-119.620502, 37.40424], [-119.620506, 37.404443]]}, "props": {"MTFCC": "S1400", "NAME": null}}, {"geom": {"type": "LineString", "coordinates": [[-119.7252048695652, 37.3641], [-119.725219, 37.364113], [-119.725664, 37.364501], [-119.725771, 37.364606], [-119.725862, 37.364707], [-119.725877, 37.364724], [-119.725923, 37.364786], [-119.725965, 37.364859], [-119.725999, 37.364936], [-119.726035, 37.365033], [-119.726054, 37.365128], [-119.726065, 37.365239], [-119.72607, 37.365278], [-119.72607, 37.365375], [-119.726042, 37.365573], [-119.726014, 37.365674], [-119.725948, 37.365847], [-119.725908, 37.365954], [-119.725879, 37.366045], [-119.725838, 37.366175], [-119.725828, 37.366227], [-119.725784, 37.366475], [-119.72575, 37.366617], [-119.725691, 37.366759], [-119.725682, 37.366773], [-119.725652, 37.366828], [-119.725573, 37.366928], [-119.725508, 37.367019], [-119.72544, 37.367094], [-119.725378, 37.367171], [-119.725322, 37.367251], [-119.725291, 37.367301], [-119.725272, 37.367332], [-119.725211, 37.367458], [-119.725177, 37.367573], [-119.725142, 37.367843], [-119.725124, 37.368132], [-119.72513, 37.368261], [-119.725145, 37.36839], [-119.725188, 37.368614], [-119.725203, 37.368672], [-119.72523, 37.368768], [-119.725282, 37.36892], [-119.725374, 37.369107], [-119.725462, 37.369229], [-119.725519, 37.369307], [-119.725784, 37.369548], [-119.725896, 37.369651], [-119.725948, 37.369698], [-119.726099, 37.369847], [-119.726432, 37.370175], [-119.726691, 37.370457], [-119.726883, 37.370666], [-119.727281, 37.371137], [-119.727357, 37.371232], [-119.727734, 37.3717], [-119.728168, 37.372178], [-119.728733, 37.372679], [-119.728888, 37.372831], [-119.72899, 37.372931], [-119.729066, 37.373021], [-119.729121, 37.373104], [-119.729217, 37.373276], [-119.729296, 37.373441], [-119.729336, 37.373526], [-119.72947, 37.373867], [-119.729488, 37.373922], [-119.729509, 37.373982], [-119.729557, 37.374152], [-119.729644, 37.374494], [-119.729802, 37.374986], [-119.729949, 37.375408], [-119.730121, 37.375898], [-119.730435, 37.376797], [-119.730481, 37.376925], [-119.731189, 37.378868], [-119.731348, 37.379363], [-119.731421, 37.379573], [-119.731501, 37.379781], [-119.731598, 37.379993], [-119.731617, 37.380034], [-119.731683, 37.380158], [-119.73176, 37.38028], [-119.732206, 37.380895], [-119.732408, 37.381175], [-119.732547, 37.381352], [-119.732639, 37.381451], [-119.732728, 37.381531], [-119.732824, 37.381605], [-119.732924, 37.381675], [-119.733024, 37.381736], [-119.733057, 37.381756], [-119.733196, 37.381832], [-119.733439, 37.381952], [-119.733557, 37.382016], [-119.733673, 37.382089], [-119.733785, 37.382167], [-119.733892, 37.382249], [-119.734036, 37.382369], [-119.734101, 37.382433], [-119.734212, 37.382566], [-119.734258, 37.382636], [-119.734324, 37.382765], [-119.734362, 37.382857], [-119.734391, 37.38295], [-119.734407, 37.383042], [-119.73442, 37.383228], [-119.734433, 37.383722], [-119.734446, 37.383928], [-119.734453, 37.383971], [-119.734469, 37.384012], [-119.734503, 37.384062], [-119.734544, 37.384109], [-119.734658, 37.384211], [-119.73473, 37.384259], [-119.734887, 37.384338], [-119.734948, 37.384361], [-119.734977, 37.384373], [-119.735071, 37.384401], [-119.735265, 37.384446], [-119.735525, 37.384514], [-119.736092, 37.384676], [-119.736384, 37.384816], [-119.736587, 37.384913], [-119.736915, 37.385139], [-119.737071, 37.385276], [-119.737157, 37.385374], [-119.737163, 37.385384], [-119.737247, 37.385536], [-119.737316, 37.385671], [-119.737347, 37.385769], [-119.737353, 37.38589], [-119.73732, 37.386323], [-119.737265, 37.386653], [-119.737261, 37.386689], [-119.737248, 37.386824], [-119.737242, 37.386996], [-119.737249, 37.387129], [-119.737277, 37.387395], [-119.737297, 37.387937], [-119.737337, 37.388301], [-119.737345, 37.388425], [-119.737345, 37.38855], [-119.737291, 37.388885], [-119.737269, 37.388979], [-119.737171, 37.389253], [-119.737123, 37.389444], [-119.737062, 37.389737], [-119.737026, 37.389918], [-119.736988, 37.390225], [-119.736977, 37.390555], [-119.736981, 37.390761], [-119.73698, 37.390873], [-119.737004, 37.391596], [-119.737007, 37.39164], [-119.737053, 37.392241], [-119.737077, 37.392453], [-119.737117, 37.392675], [-119.737233, 37.393217], [-119.737406, 37.393965], [-119.737471, 37.394235], [-119.73752, 37.394435], [-119.737568, 37.394713], [-119.737592, 37.394897], [-119.737592, 37.395105], [-119.737589, 37.395152], [-119.737587, 37.395213], [-119.737576, 37.395295], [-119.737571, 37.395343], [-119.73754, 37.395603], [-119.737508, 37.395729], [-119.737466, 37.395852], [-119.737427, 37.39593], [-119.737133, 37.396535], [-119.736934, 37.396909], [-119.736735, 37.39725], [-119.736556, 37.397534], [-119.736449, 37.397705], [-119.736278, 37.397953], [-119.736213, 37.398037], [-119.736098, 37.398184], [-119.73605, 37.398247], [-119.735927, 37.398392], [-119.735729, 37.398603], [-119.735603, 37.39874], [-119.735511, 37.398839], [-119.735474, 37.398874], [-119.73508, 37.399263], [-119.734951, 37.399405], [-119.734864, 37.399515], [-119.734578, 37.399807], [-119.734031, 37.400368], [-119.733709, 37.400733], [-119.733557, 37.400953], [-119.733506, 37.401047], [-119.733495, 37.401068], [-119.73331, 37.401559], [-119.733289, 37.401651], [-119.733274, 37.401773], [-119.733269, 37.401867], [-119.733267, 37.401936], [-119.733286, 37.40225], [-119.733301, 37.402352], [-119.733355, 37.402569], [-119.733394, 37.402676], [-119.733445, 37.402776], [-119.733521, 37.402923], [-119.733603, 37.403046], [-119.733661, 37.403132], [-119.733733, 37.403251], [-119.733965, 37.403615], [-119.734251, 37.404062], [-119.73431, 37.404178], [-119.734358, 37.404302], [-119.734422, 37.404532], [-119.734443, 37.404636], [-119.734457, 37.404741], [-119.734464, 37.404861], [-119.734458, 37.405104], [-119.734445, 37.405252], [-119.734425, 37.4054], [-119.734393, 37.405515], [-119.734303, 37.405849], [-119.734205, 37.406163], [-119.734077, 37.406581], [-119.733868, 37.407271], [-119.733719, 37.407698], [-119.733679, 37.407832], [-119.733555, 37.408252], [-119.73348, 37.408506], [-119.733464, 37.408562], [-119.733269, 37.409274], [-119.733199, 37.40953], [-119.733136, 37.409755], [-119.733105, 37.409871], [-119.733047, 37.410054], [-119.732913, 37.410421], [-119.732834, 37.410641], [-119.732799, 37.410734], [-119.732754, 37.41086], [-119.732692, 37.411011], [-119.732656, 37.411104], [-119.732568, 37.411323], [-119.732303, 37.411982], [-119.732216, 37.412202], [-119.732114, 37.412454], [-119.731907, 37.412974], [-119.731818, 37.413215], [-119.731725, 37.413471], [-119.731714, 37.4135], [-119.731555, 37.413892], [-119.73137, 37.414352], [-119.731077, 37.415167], [-119.730955, 37.415508], [-119.730918, 37.415593], [-119.730891, 37.415664], [-119.730811, 37.415876], [-119.730785, 37.415948], [-119.73069, 37.416204], [-119.730382, 37.416944], [-119.730241, 37.417224], [-119.729843, 37.417744]]}, "props": {"MTFCC": "S1200", "NAME": null}}, {"geom": {"type": "LineString", "coordinates": [[-119.62498932119915, 37.3641], [-119.625352, 37.364469], [-119.625503, 37.364575], [-119.625971, 37.364847], [-119.62607, 37.364905], [-119.626537, 37.365192], [-119.626833, 37.365356], [-119.626982, 37.365445], [-119.627108, 37.365498], [-119.627204, 37.36552], [-119.627244, 37.36554], [-119.627274, 37.365567], [-119.6273, 37.3656], [-119.627334, 37.365672], [-119.627339, 37.365719], [-119.6273, 37.366056], [-119.627242, 37.366428], [-119.627178, 37.366754], [-119.627153, 37.366979], [-119.627168, 37.367069], [-119.627189, 37.367126], [-119.627218, 37.36717], [-119.627285, 37.367254], [-119.627346, 37.367363], [-119.627363, 37.367419], [-119.627366, 37.367477], [-119.627358, 37.367534], [-119.627313, 37.36763], [-119.627233, 37.367747], [-119.627117, 37.367879], [-119.626989, 37.367994], [-119.626852, 37.368119], [-119.62682, 37.368156], [-119.626767, 37.368235], [-119.626683, 37.368402], [-119.626614, 37.368589], [-119.626479, 37.369132], [-119.626442, 37.369231]]}, "props": {"MTFCC": "S1400", "NAME": null}}, {"geom": {"type": "LineString", "coordinates": [[-119.732666, 37.399649], [-119.732642, 37.399383], [-119.732631, 37.398941], [-119.732621, 37.398863], [-119.73258, 37.398736], [-119.73256, 37.398694], [-119.732511, 37.398589], [-119.732485, 37.398558], [-119.732445, 37.398531], [-119.732398, 37.398509], [-119.732295, 37.398476], [-119.732223, 37.398461], [-119.73207, 37.398449], [-119.731942, 37.398419], [-119.731862, 37.398389], [-119.731802, 37.398345], [-119.731742, 37.398274], [-119.731705, 37.398215], [-119.73162, 37.397958], [-119.731559, 37.397813], [-119.731519, 37.397744], [-119.731467, 37.397678], [-119.731406, 37.397615], [-119.731245, 37.397473], [-119.731205, 37.397429], [-119.731177, 37.397376], [-119.731146, 37.397261], [-119.73112, 37.396986], [-119.731098, 37.396856], [-119.731085, 37.396814], [-119.731006, 37.396661], [-119.730954, 37.396578], [-119.730867, 37.396441], [-119.730804, 37.396317], [-119.730782, 37.396254], [-119.730767, 37.39617], [-119.730763, 37.396084], [-119.730772, 37.395884], [-119.730806, 37.39566]]}, "props": {"MTFCC": "S1400", "NAME": null}}, {"geom": {"type": "LineString", "coordinates": [[-119.737571, 37.395343], [-119.737397, 37.395349], [-119.736877, 37.395367], [-119.736704, 37.395374], [-119.736552, 37.39538], [-119.736095, 37.395401], [-119.735944, 37.395408]]}, "props": {"MTFCC": "S1400", "NAME": null}}, {"geom": {"type": "MultiLineString", "coordinates": [[[-119.61214, 37.364291], [-119.611595, 37.36416], [-119.611426, 37.36412], [-119.61126141666666, 37.3641]], [[-119.61080852727274, 37.3641], [-119.610594, 37.364127], [-119.610074, 37.364164], [-119.609936, 37.364113], [-119.60990081958762, 37.3641]]]}, "props": {"MTFCC": "S1740", "NAME": null}}, {"geom": {"type": "LineString", "coordinates": [[-119.600866, 37.365272], [-119.600804, 37.3653], [-119.600772, 37.36533], [-119.600731, 37.365395], [-119.600722, 37.365436], [-119.60073, 37.365523], [-119.600768, 37.365611], [-119.600784, 37.365635], [-119.600796, 37.365652], [-119.600881, 37.365734], [-119.60089, 37.365763], [-119.600881, 37.365827], [-119.600853, 37.365922], [-119.600826, 37.365989], [-119.60079, 37.366083], [-119.600779, 37.366203], [-119.600788, 37.366261], [-119.60081, 37.366317], [-119.600843, 37.366372], [-119.600927, 37.366467], [-119.601034, 37.366545], [-119.601107, 37.366581], [-119.601462, 37.366706], [-119.601564, 37.366735], [-119.601725, 37.366766], [-119.601902, 37.366782], [-119.602319, 37.366783], [-119.602506, 37.366771], [-119.602863, 37.366726], [-119.602988, 37.366691], [-119.603188, 37.366588], [-119.603443, 37.366421], [-119.603617, 37.366324], [-119.603812, 37.366216], [-119.603843, 37.366187], [-119.603869, 37.366128], [-119.603865, 37.366088], [-119.603864, 37.366077], [-119.603847, 37.366059], [-119.603759, 37.366023], [-119.603596, 37.365986], [-119.603546, 37.365967], [-119.603489, 37.365932], [-119.603469, 37.365912], [-119.603463, 37.365887], [-119.603473, 37.36586], [-119.6035, 37.365784], [-119.603593, 37.36565], [-119.603617, 37.365594], [-119.603613, 37.365537], [-119.603584, 37.365428], [-119.603571, 37.365295], [-119.603578, 37.365129], [-119.603595, 37.365022], [-119.603591, 37.364927]]}, "props": {"MTFCC": "S1400", "NAME": null}}, {"geom": {"type": "LineString", "coordinates": [[-119.71670515217392, 37.3641], [-119.716714, 37.364211], [-119.716951, 37.364623], [-119.716994, 37.364748], [-119.717076, 37.364983]]}, "props": {"MTFCC": "S1740", "NAME": null}}, {"geom": {"type": "LineString", "coordinates": [[-119.725879, 37.366045], [-119.725847, 37.366049], [-119.725752, 37.366062], [-119.725721, 37.366067]]}, "props": {"MTFCC": "S1400", "NAME": null}}, {"geom": {"type": "LineString", "coordinates": [[-119.627552, 37.364943], [-119.627603, 37.364864], [-119.62763, 37.364822], [-119.62766, 37.364768], [-119.627596, 37.364634], [-119.62752, 37.364568], [-119.627483, 37.364532], [-119.627459, 37.36449], [-119.627451, 37.364404], [-119.627512, 37.364332], [-119.627593, 37.364269], [-119.627637, 37.364239], [-119.62773, 37.364173], [-119.627777, 37.364147], [-119.627824, 37.364115], [-119.62784605882354, 37.3641]]}, "props": {"MTFCC": "S1400", "NAME": null}}, {"geom": {"type": "LineString", "coordinates": [[-119.717082, 37.374208], [-119.717362, 37.374044], [-119.717464, 37.373985], [-119.717829, 37.373728], [-119.717822, 37.373479], [-119.717727, 37.37335], [-119.717535, 37.373089]]}, "props": {"MTFCC": "S1400", "NAME": null}}, {"geom": {"type": "LineString", "coordinates": [[-119.714625, 37.375013], [-119.714566, 37.375046], [-119.714516, 37.375044], [-119.714468, 37.375031], [-119.714301, 37.374963], [-119.714117, 37.374918], [-119.714103, 37.374918], [-119.713919, 37.37493], [-119.713683, 37.374922], [-119.713416, 37.374885], [-119.713326, 37.374866], [-119.713162, 37.374843], [-119.71309, 37.374838], [-119.713017, 37.374839], [-119.712951, 37.374845], [-119.712886, 37.374857], [-119.712786, 37.374886], [-119.712681, 37.374938], [-119.71262, 37.374982], [-119.712593, 37.375006], [-119.712534, 37.375076], [-119.712524, 37.375089], [-119.712485, 37.375153], [-119.712455, 37.375219], [-119.71239, 37.375506], [-119.712342, 37.375585]]}, "props": {"MTFCC": "S1400", "NAME": null}}, {"geom": {"type": "LineString", "coordinates": [[-119.70755, 37.379602], [-119.70755, 37.379664], [-119.70755, 37.379852], [-119.707551, 37.379915]]}, "props": {"MTFCC": "S1400", "NAME": null}}, {"geom": {"type": "LineString", "coordinates": [[-119.717071, 37.38234], [-119.716701, 37.382285], [-119.716661, 37.382296], [-119.715861, 37.38253], [-119.715633, 37.382872], [-119.715594, 37.382933], [-119.715469, 37.383252], [-119.715301, 37.383718], [-119.71524, 37.383768], [-119.714765, 37.384167], [-119.713888, 37.384392], [-119.713694, 37.384414], [-119.713125, 37.384482]]}, "props": {"MTFCC": "S1400", "NAME": null}}, {"geom": {"type": "LineString", "coordinates": [[-119.719043, 37.376489], [-119.719046, 37.376467], [-119.719056, 37.376401], [-119.71906, 37.37638]]}, "props": {"MTFCC": "S1400", "NAME": null}}, {"geom": {"type": "LineString", "coordinates": [[-119.716539, 37.373968], [-119.716372, 37.373967], [-119.71631, 37.373967], [-119.716122, 37.373989], [-119.716001, 37.374019], [-119.715944, 37.374039], [-119.715886, 37.374066], [-119.715846, 37.374087], [-119.715805, 37.374117], [-119.715774, 37.374152], [-119.715763, 37.374173], [-119.715617, 37.374435], [-119.715583, 37.374467], [-119.715546, 37.37449], [-119.715534, 37.374498], [-119.71542, 37.374544], [-119.715342, 37.37456], [-119.715262, 37.374568], [-119.715193, 37.374568], [-119.714884, 37.374526], [-119.714697, 37.374512], [-119.714656, 37.374514], [-119.714584, 37.37454], [-119.714553, 37.374562], [-119.714521, 37.374612], [-119.714524, 37.374668], [-119.714539, 37.374698], [-119.714568, 37.374754], [-119.714635, 37.374831], [-119.714689, 37.37491], [-119.714658, 37.374998], [-119.714625, 37.375013]]}, "props": {"MTFCC": "S1400", "NAME": null}}, {"geom": {"type": "LineString", "coordinates": [[-119.631805, 37.440953], [-119.631805, 37.440989], [-119.631806, 37.441099], [-119.631804, 37.441136], [-119.6318, 37.441174], [-119.631798, 37.441204], [-119.63179, 37.441288], [-119.631787, 37.441327]]}, "props": {"MTFCC": "S1400", "NAME": null}}, {"geom": {"type": "LineString", "coordinates": [[-119.704178, 37.398168], [-119.703291, 37.398121], [-119.703052, 37.398109], [-119.70195, 37.398707], [-119.70122, 37.399221], [-119.700945, 37.399241], [-119.700061, 37.399306]]}, "props": {"MTFCC": "S1740", "NAME": null}}, {"geom": {"type": "LineString", "coordinates": [[-119.712959, 37.365189], [-119.712936, 37.364877], [-119.712973, 37.364688], [-119.713033, 37.364396], [-119.71318720750551, 37.3641]]}, "props": {"MTFCC": "S1740", "NAME": null}}, {"geom": {"type": "LineString", "coordinates": [[-119.675535, 37.38244], [-119.675853, 37.381869], [-119.675907, 37.381675], [-119.67605, 37.381173], [-119.676134, 37.380338], [-119.675909, 37.379872], [-119.675226, 37.379789], [-119.67521, 37.379787], [-119.674396, 37.379987]]}, "props": {"MTFCC": "S1740", "NAME": null}}, {"geom": {"type": "LineString", "coordinates": [[-119.691609, 37.388851], [-119.691694, 37.388716], [-119.691801, 37.388548], [-119.691878, 37.388426], [-119.692004, 37.388386], [-119.692156, 37.388339]]}, "props": {"MTFCC": "S1740", "NAME": null}}, {"geom": {"type": "LineString", "coordinates": [[-119.717375, 37.381535], [-119.717541, 37.381562], [-119.71804, 37.381646], [-119.718207, 37.381674]]}, "props": {"MTFCC": "S1400", "NAME": null}}, {"geom": {"type": "LineString", "coordinates": [[-119.716441, 37.416169], [-119.716481, 37.416204], [-119.716707, 37.416192], [-119.716775, 37.416186]]}, "props": {"MTFCC": "S1740", "NAME": null}}, {"geom": {"type": "LineString", "coordinates": [[-119.702658, 37.370132], [-119.702625, 37.370448], [-119.70262, 37.370813], [-119.702647, 37.370968], [-119.702647, 37.371123], [-119.702632, 37.371175], [-119.70257, 37.371394], [-119.702524, 37.371496], [-119.702492, 37.371571], [-119.702326, 37.371621], [-119.702133, 37.37172], [-119.70195, 37.371792], [-119.701852, 37.37182], [-119.701657, 37.371886], [-119.701275, 37.371919], [-119.701048, 37.371969], [-119.700766, 37.372085], [-119.700664, 37.372113], [-119.700526, 37.372174], [-119.700384, 37.372207], [-119.700263, 37.372251], [-119.70018, 37.37229], [-119.7001, 37.37237], [-119.70005, 37.372414], [-119.699986, 37.372459], [-119.699945, 37.37252], [-119.699903, 37.372589], [-119.699875, 37.372677], [-119.699823, 37.372746], [-119.699737, 37.372813], [-119.69966, 37.372887], [-119.69951, 37.372959], [-119.699452, 37.372995], [-119.699286, 37.37304], [-119.699112, 37.373089], [-119.698909, 37.37311], [-119.698599, 37.373186], [-119.698495, 37.373225], [-119.698413, 37.373267], [-119.698317, 37.373298], [-119.698303, 37.373302], [-119.698216, 37.373315], [-119.698082, 37.37332], [-119.697913, 37.37331], [-119.697707, 37.373279], [-119.697525, 37.373183], [-119.69747, 37.373145], [-119.69739, 37.37307], [-119.697313, 37.372996], [-119.697161, 37.372857], [-119.696944, 37.372609], [-119.696637, 37.372299], [-119.696375, 37.372076], [-119.69633, 37.372011], [-119.696305, 37.371954], [-119.696292, 37.371904], [-119.696287, 37.37183], [-119.696295, 37.371779], [-119.696313, 37.371718], [-119.696518, 37.371231], [-119.696625, 37.371008], [-119.696709, 37.370847], [-119.696737, 37.370771], [-119.696755, 37.370676], [-119.69676, 37.370573], [-119.696751, 37.370461], [-119.696731, 37.370379], [-119.696691, 37.370293], [-119.696624, 37.370175], [-119.696586, 37.370108], [-119.696461, 37.369882], [-119.696415, 37.369749], [-119.696364, 37.369543], [-119.696337, 37.369433], [-119.696302, 37.369323]]}, "props": {"MTFCC": "S1400", "NAME": null}}, {"geom": {"type": "LineString", "coordinates": [[-119.702632, 37.371175], [-119.702794, 37.37125], [-119.702816, 37.37135], [-119.702816, 37.37156], [-119.702805, 37.372186], [-119.702783, 37.372554], [-119.702767, 37.372662], [-119.702734, 37.373249], [-119.702745, 37.373824], [-119.7028, 37.374079], [-119.702745, 37.374322], [-119.702701, 37.374588], [-119.702667, 37.375008], [-119.702667, 37.375307], [-119.702667, 37.375706], [-119.702634, 37.376082], [-119.702623, 37.376336], [-119.702634, 37.376558], [-119.702667, 37.376702], [-119.702745, 37.37679], [-119.702878, 37.376801], [-119.703055, 37.376691], [-119.703254, 37.37658], [-119.703796, 37.376591]]}, "props": {"MTFCC": "S1400", "NAME": null}}, {"geom": {"type": "LineString", "coordinates": [[-119.033342, 37.609535], [-119.03384, 37.609595], [-119.035337, 37.609775], [-119.035836, 37.609835]]}, "props": {"MTFCC": "S1500", "NAME": null}}, {"geom": {"type": "LineString", "coordinates": [[-119.723774, 37.41188], [-119.723889, 37.411859], [-119.723912, 37.411855], [-119.724009, 37.41188], [-119.724105, 37.411916], [-119.724167, 37.411947], [-119.724213, 37.411977], [-119.724311, 37.412043], [-119.724379, 37.412095], [-119.724462, 37.412159], [-119.724579, 37.412258], [-119.724645, 37.412314], [-119.724682, 37.412345], [-119.724697, 37.412358], [-119.724789, 37.412443], [-119.724825, 37.412477]]}, "props": {"MTFCC": "S1400", "NAME": null}}, {"geom": {"type": "LineString", "coordinates": [[-119.753078, 37.389774], [-119.753127, 37.389009], [-119.753174, 37.388305], [-119.755421, 37.388359], [-119.755303, 37.384837]]}, "props": {"MTFCC": "S1400", "NAME": null}}, {"geom": {"type": "LineString", "coordinates": [[-119.749823, 37.3949], [-119.750217, 37.395038], [-119.750438, 37.395147], [-119.75067, 37.395261], [-119.750932, 37.395615], [-119.751317, 37.39606], [-119.751599, 37.396124], [-119.752013, 37.396077], [-119.752046, 37.396074], [-119.752345, 37.396], [-119.752531, 37.395735]]}, "props": {"MTFCC": "S1740", "NAME": null}}, {"geom": {"type": "LineString", "coordinates": [[-119.737592, 37.395105], [-119.737802, 37.395102], [-119.737986, 37.395133], [-119.738247, 37.395178], [-119.738942, 37.395286], [-119.73913, 37.395407], [-119.739242, 37.395479], [-119.739483, 37.395587], [-119.739668, 37.395654], [-119.740005, 37.395732], [-119.740295, 37.395805], [-119.740386, 37.395858], [-119.740792, 37.396094], [-119.741421, 37.396356], [-119.74185, 37.39662], [-119.742083, 37.396742], [-119.742399, 37.396875], [-119.742805, 37.396919], [-119.742977, 37.396894], [-119.743186, 37.396865], [-119.743247, 37.396876], [-119.743422, 37.396906], [-119.743784, 37.396991], [-119.743909, 37.396983], [-119.743967, 37.396979], [-119.744329, 37.396969], [-119.744367, 37.396967], [-119.744521, 37.39696], [-119.745062, 37.396909], [-119.745715, 37.396726], [-119.746054, 37.396632], [-119.746137, 37.396564], [-119.746173, 37.396535], [-119.746306, 37.396427], [-119.746488, 37.396299], [-119.747246, 37.395772], [-119.74738, 37.395714], [-119.74749, 37.3957], [-119.747658, 37.395681], [-119.747845, 37.395557], [-119.747884, 37.395531], [-119.747997, 37.395471], [-119.748203, 37.395348], [-119.748301, 37.395296], [-119.7484, 37.395263], [-119.748469, 37.395246], [-119.74851, 37.395237], [-119.748639, 37.395201], [-119.748692, 37.395187], [-119.748849, 37.395146], [-119.7494, 37.395004], [-119.749481, 37.394981], [-119.749692, 37.394924], [-119.749717, 37.394917], [-119.749796, 37.394904], [-119.749823, 37.3949], [-119.749859, 37.394894], [-119.749961, 37.394873], [-119.750078, 37.394861], [-119.750191, 37.394842], [-119.750279, 37.394819], [-119.750365, 37.39479], [-119.750533, 37.394724], [-119.750683, 37.394655], [-119.750933, 37.394523], [-119.751032, 37.39446], [-119.751112, 37.394393], [-119.751254, 37.394244], [-119.751402, 37.394073], [-119.751601, 37.393848], [-119.751713, 37.393741], [-119.751747, 37.3937], [-119.751831, 37.393629], [-119.751978, 37.3935], [-119.752106, 37.393367], [-119.752168, 37.393289], [-119.752269, 37.39314], [-119.752345, 37.392995], [-119.752385, 37.392899], [-119.752418, 37.392801], [-119.752443, 37.392686], [-119.752486, 37.39244], [-119.752508, 37.392375], [-119.752552, 37.392297], [-119.752582, 37.392262], [-119.752616, 37.392233], [-119.752656, 37.392208], [-119.752701, 37.392186], [-119.752795, 37.392155], [-119.752878, 37.392109], [-119.753146, 37.392041], [-119.753211, 37.392029], [-119.753384, 37.392019], [-119.753847, 37.391976], [-119.753938, 37.391968], [-119.754178, 37.391958], [-119.754697, 37.391951], [-119.754975, 37.391955], [-119.755256, 37.391967], [-119.755686, 37.391954], [-119.75576, 37.391955], [-119.756367, 37.391969], [-119.756399, 37.391969]]}, "props": {"MTFCC": "S1400", "NAME": null}}, {"geom": {"type": "LineString", "coordinates": [[-119.729776, 37.364401], [-119.729877, 37.364473], [-119.730174, 37.364614], [-119.730205, 37.364629], [-119.730306, 37.364685], [-119.730598, 37.36487], [-119.730764, 37.364959], [-119.730852, 37.364995], [-119.731068, 37.365054], [-119.731198, 37.365104], [-119.731394, 37.365198], [-119.731708, 37.365349], [-119.731813, 37.365363], [-119.731844, 37.365429], [-119.731879, 37.365467], [-119.732001, 37.365559], [-119.732088, 37.365632], [-119.732123, 37.365672], [-119.732134, 37.365693], [-119.732167, 37.365756], [-119.732181, 37.365799], [-119.732189, 37.365859], [-119.732187, 37.365921], [-119.732136, 37.366362], [-119.732128, 37.366549], [-119.732139, 37.366652], [-119.732152, 37.366712], [-119.732172, 37.366769], [-119.732213, 37.366835], [-119.73231, 37.366962], [-119.732342, 37.367025], [-119.732351, 37.367042], [-119.732423, 37.367205], [-119.732505, 37.36735], [-119.732551, 37.367444], [-119.732584, 37.367506], [-119.732626, 37.367626], [-119.732667, 37.367709], [-119.732692, 37.36776], [-119.732869, 37.368033], [-119.732942, 37.368123], [-119.733041, 37.368219], [-119.733115, 37.36827], [-119.733194, 37.368315], [-119.733245, 37.36834], [-119.733308, 37.368371], [-119.733515, 37.368449], [-119.733421, 37.368592], [-119.73329, 37.368712], [-119.733158, 37.368847], [-119.733083, 37.368944], [-119.733006, 37.36908], [-119.732995, 37.369108], [-119.732971, 37.369173], [-119.732948, 37.369268], [-119.732939, 37.369345], [-119.732932, 37.369501], [-119.732895, 37.369854], [-119.732859, 37.37005], [-119.732816, 37.370199], [-119.732753, 37.370338], [-119.732679, 37.370444], [-119.73258, 37.370538], [-119.732428, 37.370646], [-119.732405, 37.370686], [-119.732391, 37.370729], [-119.732382, 37.370832], [-119.732383, 37.370996], [-119.732374, 37.37105], [-119.732356, 37.371095], [-119.7323, 37.371182], [-119.732211, 37.371265], [-119.732165, 37.371327], [-119.732134, 37.371382], [-119.732095, 37.371456], [-119.732084, 37.371519], [-119.732085, 37.371561], [-119.732109, 37.371718], [-119.732107, 37.37174], [-119.732075, 37.371801], [-119.731978, 37.371919], [-119.731961, 37.371958], [-119.731953, 37.371999], [-119.731964, 37.372068], [-119.732028, 37.372146]]}, "props": {"MTFCC": "S1400", "NAME": null}}, {"geom": {"type": "LineString", "coordinates": [[-119.725896, 37.369651], [-119.726236, 37.369309], [-119.726768, 37.368889], [-119.726788, 37.368874], [-119.72736, 37.368578], [-119.72816, 37.368491], [-119.72883, 37.368541], [-119.729089, 37.368784], [-119.729337, 37.36897], [-119.729518, 37.369028], [-119.729997, 37.369022], [-119.731158, 37.369009]]}, "props": {"MTFCC": "S1400", "NAME": null}}, {"geom": {"type": "LineString", "coordinates": [[-119.73003758447489, 37.3641], [-119.729939, 37.36427], [-119.729858, 37.364348], [-119.729776, 37.364401], [-119.72966, 37.364463], [-119.729528, 37.364516], [-119.729273, 37.364594], [-119.728963, 37.364651], [-119.728769, 37.364673], [-119.728728, 37.364673], [-119.728672, 37.364673], [-119.728574, 37.364663], [-119.728458, 37.364639], [-119.728379, 37.364623], [-119.728306, 37.364599], [-119.728165, 37.364539], [-119.728018, 37.364494], [-119.727975, 37.364489], [-119.727916, 37.364484], [-119.727739, 37.364491], [-119.727668, 37.364505], [-119.726704, 37.364766], [-119.726555, 37.364814], [-119.726502, 37.364835], [-119.726336, 37.364903], [-119.726035, 37.365033]]}, "props": {"MTFCC": "S1400", "NAME": null}}, {"geom": {"type": "LineString", "coordinates": [[-119.53753839962359, 37.3641], [-119.537473, 37.364991], [-119.537245, 37.365676], [-119.537159, 37.366337], [-119.537157, 37.367704], [-119.537044, 37.367909], [-119.536471, 37.368344], [-119.536299, 37.368981], [-119.535357, 37.370236], [-119.53527, 37.370618], [-119.535251, 37.370705], [-119.535243, 37.370739], [-119.535385, 37.370833], [-119.536614, 37.370986], [-119.536929, 37.371128], [-119.5373, 37.371571], [-119.53744, 37.372247], [-119.537982, 37.372899], [-119.53815, 37.373736], [-119.539121, 37.374451], [-119.539361, 37.374902], [-119.539368, 37.375342], [-119.538995, 37.375558], [-119.538535, 37.375655], [-119.537114, 37.374942], [-119.537017, 37.374625], [-119.536271, 37.374579], [-119.535982, 37.374942], [-119.535634, 37.375516], [-119.535433, 37.376065], [-119.53529, 37.37682], [-119.534917, 37.377507], [-119.534888, 37.377987], [-119.534515, 37.378445], [-119.534114, 37.37849], [-119.534056, 37.378079], [-119.533684, 37.377621], [-119.533455, 37.376957], [-119.532709, 37.376591], [-119.532366, 37.376202], [-119.532133, 37.376167], [-119.531276, 37.376041], [-119.530674, 37.375812], [-119.530158, 37.375904], [-119.529068, 37.376338], [-119.528409, 37.376475], [-119.526458, 37.376452], [-119.526544, 37.376658], [-119.528667, 37.377322], [-119.529698, 37.377917], [-119.530071, 37.378672], [-119.530042, 37.378947], [-119.529727, 37.379176], [-119.529382, 37.37929], [-119.528637, 37.379107], [-119.528178, 37.379152], [-119.527691, 37.379404], [-119.526974, 37.379541], [-119.52683, 37.379701], [-119.52683, 37.379838], [-119.527375, 37.38009], [-119.527404, 37.380296], [-119.527146, 37.380411], [-119.5264, 37.380365], [-119.526113, 37.380456], [-119.525884, 37.380662], [-119.52531, 37.380959], [-119.524392, 37.380959], [-119.524248, 37.381073], [-119.524248, 37.381279], [-119.524478, 37.381417], [-119.525597, 37.381531], [-119.525797, 37.381646], [-119.525912, 37.381829], [-119.525998, 37.382401], [-119.526284, 37.382401], [-119.526657, 37.382012], [-119.52703, 37.382058], [-119.527059, 37.382424], [-119.526427, 37.382882], [-119.525854, 37.383087], [-119.524076, 37.382858], [-119.522533, 37.382533], [-119.522441, 37.382514], [-119.522212, 37.3824], [-119.521725, 37.381049], [-119.520866, 37.379928], [-119.52055, 37.379974], [-119.520149, 37.380271], [-119.519144, 37.381643], [-119.519115, 37.382399], [-119.518685, 37.383039], [-119.51857, 37.383337], [-119.518627, 37.38384], [-119.518799, 37.384023], [-119.519544, 37.384298], [-119.519716, 37.384801], [-119.519756, 37.385442], [-119.519773, 37.385694], [-119.519945, 37.385923], [-119.520231, 37.385854], [-119.520805, 37.385374], [-119.521235, 37.385305], [-119.521723, 37.385351], [-119.522181, 37.385466], [-119.522439, 37.38574], [-119.522494, 37.3859], [-119.522669, 37.386404], [-119.522698, 37.387045], [-119.522669, 37.38748], [-119.522841, 37.387663], [-119.523758, 37.387823], [-119.524102, 37.388006], [-119.524446, 37.388647], [-119.524245, 37.388853], [-119.523385, 37.38899], [-119.522964, 37.388983], [-119.52198, 37.388967], [-119.521349, 37.389149], [-119.520919, 37.389447], [-119.520516, 37.39011], [-119.51997, 37.391346], [-119.519856, 37.392307], [-119.519655, 37.392764], [-119.519282, 37.393153], [-119.518908, 37.393815], [-119.518305, 37.394593], [-119.518333, 37.395051], [-119.518965, 37.395966], [-119.518936, 37.396355], [-119.518735, 37.396493], [-119.517875, 37.39679], [-119.516726, 37.397636], [-119.516476, 37.397891], [-119.516324, 37.398048], [-119.516152, 37.398528], [-119.515091, 37.398711], [-119.51466, 37.398894], [-119.514517, 37.399191], [-119.514602, 37.400289], [-119.514516, 37.400564], [-119.514315, 37.400815], [-119.513971, 37.400953], [-119.513623, 37.400988], [-119.513311, 37.401021], [-119.512594, 37.400883], [-119.511559, 37.40047], [-119.511275, 37.400357], [-119.510931, 37.400128], [-119.510425, 37.399914], [-119.509899, 37.399692], [-119.509067, 37.399486], [-119.508853, 37.399516], [-119.508311, 37.399594], [-119.507998, 37.399638], [-119.507633, 37.399691], [-119.507146, 37.399851], [-119.5071, 37.399897], [-119.506945, 37.400057], [-119.506928, 37.400148], [-119.506858, 37.400515], [-119.506054, 37.401773], [-119.505798, 37.402311], [-119.505652, 37.402619], [-119.504705, 37.403557], [-119.503757, 37.404769], [-119.50238, 37.405844], [-119.500974, 37.406586], [-119.500251, 37.407014], [-119.498679, 37.407946], [-119.498363, 37.408266], [-119.498393, 37.408449], [-119.498341, 37.408498], [-119.49822, 37.40861], [-119.498393, 37.408953], [-119.49837, 37.409815], [-119.498365, 37.410028], [-119.498222, 37.410578], [-119.498194, 37.411378], [-119.497077, 37.413164], [-119.496819, 37.413416], [-119.496464, 37.413604], [-119.496045, 37.413828], [-119.495557, 37.414217], [-119.495385, 37.41456], [-119.495299, 37.41461], [-119.49504, 37.414761], [-119.494955, 37.414812], [-119.494896, 37.415134], [-119.494692, 37.415478], [-119.494643, 37.416071], [-119.494536, 37.417382], [-119.494303, 37.417978], [-119.49384, 37.418369], [-119.493204, 37.418623], [-119.492485, 37.418698], [-119.491415, 37.41881], [-119.491184, 37.418894], [-119.490789, 37.419036], [-119.489872, 37.420073], [-119.489229, 37.420614], [-119.488192, 37.421266], [-119.487947, 37.421786], [-119.48794, 37.421898], [-119.487841, 37.423413], [-119.487739, 37.423907], [-119.487326, 37.425923], [-119.486428, 37.427958], [-119.486071, 37.42859], [-119.485624, 37.429019], [-119.484726, 37.429466], [-119.484002, 37.430279], [-119.482328, 37.431857], [-119.481515, 37.432441], [-119.481323, 37.432758], [-119.480875, 37.434476], [-119.480157, 37.435538], [-119.480065, 37.435755], [-119.479803, 37.436374], [-119.479335, 37.437142], [-119.478414, 37.437976], [-119.477394, 37.439647], [-119.477207, 37.439859], [-119.476643, 37.440504], [-119.475743, 37.440863], [-119.475493, 37.441132], [-119.475323, 37.442489], [-119.474736, 37.44303], [-119.473548, 37.443777], [-119.472836, 37.444178], [-119.472891, 37.444386], [-119.473056, 37.44501], [-119.473111, 37.445218], [-119.473123, 37.445254], [-119.473161, 37.445363], [-119.473174, 37.4454], [-119.473167, 37.445576], [-119.473148, 37.446106], [-119.473142, 37.446283], [-119.473141, 37.446453], [-119.473141, 37.446966], [-119.473141, 37.447137], [-119.47314, 37.447358], [-119.473138, 37.448022], [-119.473138, 37.448244], [-119.473133, 37.448293], [-119.47312, 37.448442], [-119.473116, 37.448492], [-119.47309, 37.449129], [-119.473069, 37.449366], [-119.472471, 37.449786], [-119.472053, 37.449856], [-119.468288, 37.450492], [-119.466048, 37.450872], [-119.464047, 37.451211], [-119.464023, 37.451214], [-119.463954, 37.451225], [-119.463931, 37.451229], [-119.463573, 37.45128], [-119.46295, 37.45137], [-119.462554, 37.451589], [-119.462539, 37.451598], [-119.462282, 37.451825], [-119.462095, 37.452028], [-119.460969, 37.452655], [-119.459673, 37.453378], [-119.458563, 37.454349], [-119.457936, 37.454732], [-119.457452, 37.454934], [-119.457091, 37.455242], [-119.45674, 37.455544], [-119.456095, 37.456437], [-119.455884, 37.456728], [-119.455259, 37.457365], [-119.454723, 37.457914], [-119.454475, 37.458195], [-119.454026, 37.458703], [-119.452532, 37.459933], [-119.45188, 37.460471], [-119.451649, 37.460806], [-119.45108, 37.461634], [-119.449373, 37.464119], [-119.448922, 37.464777], [-119.44875, 37.464892], [-119.44873, 37.465037], [-119.448728, 37.465059], [-119.448491, 37.465406], [-119.448465, 37.465445], [-119.448423, 37.465536], [-119.448324, 37.465801], [-119.448363, 37.466497], [-119.448629, 37.46761], [-119.448668, 37.467773], [-119.448678, 37.46847], [-119.448282, 37.469194], [-119.448039, 37.469338], [-119.447692, 37.469543], [-119.445719, 37.470268], [-119.44387, 37.470701], [-119.443482, 37.470792], [-119.442861, 37.471164], [-119.442237, 37.47175], [-119.442152, 37.471869], [-119.441717, 37.472466], [-119.441484, 37.472651], [-119.44143, 37.472695], [-119.440138, 37.472695], [-119.439678, 37.472947], [-119.438972, 37.473942], [-119.438559, 37.474526], [-119.438559, 37.474846], [-119.438415, 37.474938], [-119.438354, 37.475184], [-119.438157, 37.475991], [-119.438157, 37.47638], [-119.438179, 37.476428], [-119.438358, 37.476814], [-119.438157, 37.477066], [-119.438071, 37.477318], [-119.438158, 37.477684], [-119.438417, 37.477958], [-119.438501, 37.47816], [-119.438646, 37.478508], [-119.438761, 37.47924], [-119.438762, 37.480291], [-119.438189, 37.481367], [-119.437471, 37.482282], [-119.437369, 37.482365], [-119.436295, 37.483243], [-119.436122, 37.483257], [-119.435721, 37.483289], [-119.435262, 37.483015], [-119.435147, 37.482648], [-119.435118, 37.482145], [-119.434973, 37.481688], [-119.434571, 37.481368], [-119.434198, 37.481254], [-119.433711, 37.481016], [-119.433308, 37.480819], [-119.432992, 37.480567], [-119.43282, 37.479309], [-119.43259, 37.478805], [-119.43213, 37.478096], [-119.43213, 37.477524], [-119.432561, 37.476677], [-119.432532, 37.476288], [-119.432331, 37.476036], [-119.431584, 37.476014], [-119.430867, 37.476609], [-119.429746, 37.476975], [-119.429459, 37.477478], [-119.4292, 37.477661], [-119.42877, 37.477661], [-119.42773, 37.476867], [-119.427362, 37.476586], [-119.426414, 37.476059], [-119.425782, 37.475922], [-119.425294, 37.475945], [-119.424921, 37.476105], [-119.424404, 37.476517], [-119.424404, 37.476746], [-119.424174, 37.477134], [-119.423341, 37.477844], [-119.423208, 37.477934], [-119.422537, 37.478393], [-119.42159, 37.479262], [-119.421073, 37.479903], [-119.420183, 37.480544], [-119.419637, 37.481367], [-119.419723, 37.482159], [-119.419752, 37.48242], [-119.419953, 37.482878], [-119.419895, 37.483267], [-119.419321, 37.483793], [-119.418916, 37.483886], [-119.418613, 37.484093], [-119.418219, 37.484364], [-119.417635, 37.485151], [-119.417573, 37.485602], [-119.417725, 37.486009], [-119.417741, 37.48605], [-119.418223, 37.486449], [-119.418337, 37.486443]]}, "props": {"MTFCC": "S1400", "NAME": null}}, {"geom": {"type": "LineString", "coordinates": [[-119.62633, 37.364313], [-119.62635, 37.364241], [-119.62639049230769, 37.3641]]}, "props": {"MTFCC": "S1400", "NAME": null}}, {"geom": {"type": "LineString", "coordinates": [[-119.480729, 37.364119], [-119.481079, 37.365082], [-119.481281, 37.36554], [-119.481657, 37.365975], [-119.482175, 37.366228], [-119.482202, 37.366255], [-119.482522, 37.366572], [-119.4829, 37.367761], [-119.483478, 37.368541], [-119.484032, 37.370237], [-119.484118, 37.37026], [-119.484295, 37.37104], [-119.484382, 37.371109], [-119.484415, 37.371979], [-119.483849, 37.373309], [-119.483856, 37.373355], [-119.483878, 37.373493], [-119.48403, 37.373613], [-119.484312, 37.373837], [-119.484486, 37.374227], [-119.484516, 37.374295], [-119.485033, 37.374481], [-119.485292, 37.374629], [-119.485335, 37.374962], [-119.48552, 37.375403], [-119.485702, 37.375468], [-119.485865, 37.375527], [-119.486468, 37.375437], [-119.487012, 37.375345], [-119.488638, 37.374963], [-119.489657, 37.374156], [-119.489707, 37.374131], [-119.492011, 37.373033], [-119.492384, 37.37294], [-119.493273, 37.373259], [-119.49399, 37.373579], [-119.494593, 37.374127], [-119.495914, 37.374511], [-119.496284, 37.374959], [-119.496885, 37.375564], [-119.497286, 37.375677], [-119.498462, 37.375631], [-119.499727, 37.375419], [-119.501046, 37.375448], [-119.501579, 37.375719], [-119.501961, 37.376045], [-119.503251, 37.376342], [-119.50348, 37.376433], [-119.503624, 37.376618], [-119.503711, 37.377349], [-119.504054, 37.377555], [-119.504818, 37.377538], [-119.504971, 37.377559], [-119.505705, 37.37768], [-119.505759, 37.377689], [-119.506518, 37.377665], [-119.507004, 37.377413], [-119.50778, 37.377013], [-119.508395, 37.376697], [-119.508448, 37.376701], [-119.50871, 37.37672], [-119.50897, 37.376813], [-119.510494, 37.377361], [-119.511003, 37.377544]]}, "props": {"MTFCC": "S1400", "NAME": null}}, {"geom": {"type": "MultiLineString", "coordinates": [[[-119.47380213021363, 37.3641], [-119.473878, 37.364213], [-119.474222, 37.364579], [-119.474566, 37.364762], [-119.476057, 37.364579], [-119.476458, 37.364304], [-119.47662497142856, 37.3641]], [[-119.47828015300547, 37.3641], [-119.477976, 37.364463], [-119.477145, 37.36515], [-119.476802, 37.365745], [-119.476544, 37.366592], [-119.476344, 37.36689], [-119.475799, 37.367073], [-119.475513, 37.367393], [-119.475211, 37.368097], [-119.475053, 37.368468], [-119.47471, 37.368743], [-119.474538, 37.36888], [-119.474222, 37.369041], [-119.473104, 37.369316], [-119.471756, 37.369774], [-119.470782, 37.369775], [-119.470294, 37.369386], [-119.46992, 37.3687], [-119.469576, 37.368449], [-119.469117, 37.368312], [-119.468085, 37.368312], [-119.467339, 37.368724], [-119.466852, 37.369112], [-119.46668, 37.369501], [-119.466681, 37.37124], [-119.466537, 37.371607], [-119.465304, 37.372477], [-119.464931, 37.372957], [-119.464502, 37.373278], [-119.463756, 37.373346], [-119.463654, 37.373387], [-119.463069, 37.373629], [-119.46281, 37.373736], [-119.461519, 37.373667], [-119.46086, 37.374148], [-119.460143, 37.374218], [-119.459312, 37.37415], [-119.458623, 37.374218], [-119.458225, 37.3739], [-119.458136, 37.373829], [-119.457561, 37.373578], [-119.45587, 37.373281], [-119.455354, 37.373395], [-119.454637, 37.373922], [-119.45372, 37.373922], [-119.452801, 37.37383], [-119.452543, 37.373876], [-119.451884, 37.374457], [-119.451532, 37.374476], [-119.451453, 37.37448], [-119.450793, 37.373991], [-119.45042, 37.373877], [-119.449704, 37.374037], [-119.449044, 37.374446], [-119.447955, 37.374469], [-119.447497, 37.374549], [-119.446551, 37.374446], [-119.445175, 37.373809], [-119.443282, 37.373374], [-119.443024, 37.373145], [-119.442996, 37.372619], [-119.442766, 37.372436], [-119.442393, 37.372528], [-119.441877, 37.372917], [-119.441763, 37.373123], [-119.441701, 37.37407], [-119.441678, 37.374427], [-119.440846, 37.37447], [-119.440528, 37.374944], [-119.440296, 37.375355], [-119.438977, 37.376455], [-119.43849, 37.376524], [-119.438088, 37.376272], [-119.437601, 37.375631], [-119.436858, 37.374943], [-119.436289, 37.374503], [-119.435571, 37.374446], [-119.434051, 37.374617], [-119.433449, 37.374549], [-119.43213, 37.374617], [-119.431643, 37.374492], [-119.431156, 37.374106], [-119.430783, 37.374037], [-119.429607, 37.374129], [-119.429464, 37.374061], [-119.429206, 37.373672], [-119.428604, 37.373352], [-119.428576, 37.373031], [-119.429809, 37.372093], [-119.43001, 37.371796], [-119.430067, 37.371407], [-119.429838, 37.370926], [-119.429379, 37.370308], [-119.42935, 37.369302], [-119.429236, 37.368821], [-119.428892, 37.368524], [-119.428347, 37.368295], [-119.427831, 37.367837], [-119.427861, 37.367059], [-119.428004, 37.36651], [-119.428721, 37.365274], [-119.429008, 37.364542], [-119.42899743281122, 37.3641]]]}, "props": {"MTFCC": "S1500", "NAME": null}}, {"geom": {"type": "LineString", "coordinates": [[-119.39087321831869, 37.3641], [-119.390997, 37.364207], [-119.391357, 37.364635], [-119.391471, 37.364865], [-119.391645, 37.365485], [-119.391783, 37.36571], [-119.391958, 37.36586], [-119.392159, 37.365939], [-119.392767, 37.365968], [-119.392989, 37.366027], [-119.393063, 37.366047], [-119.393226, 37.36617], [-119.393317, 37.366355], [-119.393299, 37.366572], [-119.393203, 37.366738], [-119.393003, 37.366895], [-119.392803, 37.366981], [-119.392397, 37.367044], [-119.391389, 37.366972], [-119.391052, 37.367015], [-119.390811, 37.367105], [-119.390651, 37.36725], [-119.390419, 37.367463], [-119.390173, 37.367775], [-119.389513, 37.368913], [-119.389448, 37.369269], [-119.389563, 37.369514], [-119.389787, 37.369688], [-119.390093, 37.369803], [-119.390397, 37.369813], [-119.391003, 37.369539], [-119.391352, 37.369484], [-119.391535, 37.369505], [-119.391741, 37.369586], [-119.391853, 37.369678], [-119.391922, 37.369844], [-119.39189, 37.37016], [-119.391562, 37.371211], [-119.391398, 37.37197], [-119.391155, 37.372367], [-119.390581, 37.372763], [-119.39016, 37.373226], [-119.39001, 37.373704], [-119.390027, 37.374265], [-119.390193, 37.374588], [-119.390245, 37.374645], [-119.390489, 37.374912], [-119.390865, 37.375163], [-119.391349, 37.375356], [-119.391925, 37.375425], [-119.392428, 37.375375], [-119.392889, 37.375279], [-119.393371, 37.37526], [-119.393599, 37.375289], [-119.393733, 37.375306], [-119.394116, 37.375449], [-119.394387, 37.375657], [-119.394546, 37.3759], [-119.394626, 37.376287], [-119.394724, 37.376759], [-119.394827, 37.376959], [-119.395131, 37.377142], [-119.395771, 37.377302], [-119.395837, 37.377318], [-119.395972, 37.377379], [-119.396042, 37.37741], [-119.396123, 37.377507], [-119.396162, 37.377554], [-119.396179, 37.377826], [-119.396043, 37.378154], [-119.395753, 37.378499], [-119.395246, 37.378975], [-119.394879, 37.379238], [-119.394627, 37.379377], [-119.394097, 37.379671], [-119.393215, 37.380064], [-119.39298, 37.380168], [-119.392924, 37.380188], [-119.392031, 37.38051], [-119.391941, 37.380543], [-119.391724, 37.380582]]}, "props": {"MTFCC": "S1200", "NAME": null}}, {"geom": {"type": "LineString", "coordinates": [[-119.636881, 37.461356], [-119.636913, 37.46133], [-119.636996, 37.461264], [-119.63699, 37.461247], [-119.636979, 37.461208], [-119.636793, 37.460616], [-119.63679, 37.459829], [-119.637018, 37.459459], [-119.638134, 37.459059], [-119.638161, 37.458943], [-119.63826, 37.45882], [-119.638589, 37.458411], [-119.638588, 37.458134], [-119.638583, 37.456722], [-119.638811, 37.456235], [-119.639811, 37.455307], [-119.639896, 37.455052], [-119.639875, 37.454974], [-119.63984, 37.454843], [-119.63981, 37.454729], [-119.639376, 37.454125], [-119.639375, 37.4538], [-119.640233, 37.453173], [-119.641778, 37.45277], [-119.641919, 37.452469], [-119.641862, 37.452261], [-119.640939, 37.451586], [-119.640823, 37.451377], [-119.640823, 37.451122], [-119.641279, 37.450612], [-119.642337, 37.450214], [-119.642937, 37.449864], [-119.643022, 37.449747], [-119.642965, 37.449056], [-119.642933, 37.44866], [-119.642357, 37.448379], [-119.641493, 37.448462], [-119.639476, 37.449219], [-119.638554, 37.449485], [-119.638179, 37.449436], [-119.63792, 37.449203], [-119.637948, 37.448763], [-119.638232, 37.448207], [-119.638546, 37.447837], [-119.63906, 37.447464], [-119.640205, 37.447432], [-119.64049, 37.447222], [-119.641032, 37.446342], [-119.641286, 37.445463], [-119.641341, 37.444422], [-119.641598, 37.444165], [-119.642342, 37.444138], [-119.642914, 37.444337], [-119.643006, 37.444514], [-119.643197, 37.44488], [-119.64331, 37.445196], [-119.643796, 37.445557], [-119.643995, 37.445623], [-119.646226, 37.445719], [-119.646827, 37.445896], [-119.647885, 37.446525], [-119.648165, 37.447724], [-119.648592, 37.448447], [-119.648591, 37.448628]]}, "props": {"MTFCC": "S1400", "NAME": null}}, {"geom": {"type": "LineString", "coordinates": [[-119.71062, 37.405512], [-119.71051, 37.405775], [-119.710761, 37.406041], [-119.710788, 37.40607], [-119.710835, 37.406622], [-119.710463, 37.407174], [-119.709814, 37.407284], [-119.709784, 37.407262], [-119.709257, 37.40688]]}, "props": {"MTFCC": "S1740", "NAME": null}}, {"geom": {"type": "LineString", "coordinates": [[-119.7157, 37.407011], [-119.715375, 37.406988], [-119.715252, 37.406804], [-119.715196, 37.40672], [-119.715248, 37.406414], [-119.71494, 37.405842], [-119.714498, 37.405909], [-119.714377, 37.405858], [-119.713982, 37.405693], [-119.713865, 37.405701], [-119.713581, 37.405701], [-119.712862, 37.405702], [-119.712731, 37.405695], [-119.712448, 37.40568]]}, "props": {"MTFCC": "S1740", "NAME": null}}, {"geom": {"type": "LineString", "coordinates": [[-119.705416, 37.396926], [-119.705391, 37.397038], [-119.705364, 37.397167], [-119.70543, 37.39737], [-119.705466, 37.39748]]}, "props": {"MTFCC": "S1400", "NAME": null}}, {"geom": {"type": "LineString", "coordinates": [[-119.688766, 37.386845], [-119.688605, 37.387516], [-119.688441, 37.387933], [-119.688022, 37.388058], [-119.687337, 37.388264], [-119.685625, 37.389981], [-119.684839, 37.390677], [-119.684571, 37.391141], [-119.684506, 37.391255], [-119.684623, 37.391349], [-119.685232, 37.39124], [-119.685843, 37.390951]]}, "props": {"MTFCC": "S1400", "NAME": null}}, {"geom": {"type": "LineString", "coordinates": [[-119.679526, 37.385462], [-119.679487, 37.386266], [-119.679457, 37.386899], [-119.678822, 37.388565], [-119.67876, 37.388731], [-119.678545, 37.389322]]}, "props": {"MTFCC": "S1740", "NAME": null}}, {"geom": {"type": "LineString", "coordinates": [[-119.657496, 37.366712], [-119.657807, 37.36685], [-119.658392, 37.367181], [-119.658751, 37.367432], [-119.659713, 37.368255], [-119.660006, 37.368535], [-119.660593, 37.369133], [-119.66105, 37.369479], [-119.661147, 37.369546], [-119.661251, 37.369602], [-119.66136, 37.369654], [-119.661465, 37.369711], [-119.66153, 37.369755], [-119.661718, 37.369896], [-119.662124, 37.370189], [-119.662294, 37.370319], [-119.66246, 37.370453], [-119.662619, 37.37059], [-119.662838, 37.370801], [-119.663294, 37.371283], [-119.663354, 37.371339], [-119.663376, 37.371358], [-119.663543, 37.3715], [-119.663701, 37.371622], [-119.663893, 37.37177], [-119.66405, 37.371889], [-119.664092, 37.371934], [-119.66411, 37.37196], [-119.664153, 37.372044], [-119.664166, 37.372078], [-119.664202, 37.372254], [-119.664245, 37.372539], [-119.664275, 37.372651], [-119.664279, 37.372663], [-119.664389, 37.372968], [-119.664426, 37.373057], [-119.66446, 37.373159], [-119.664487, 37.373325], [-119.664497, 37.37338], [-119.664528, 37.373527], [-119.664556, 37.373597], [-119.664593, 37.373655], [-119.664679, 37.373759], [-119.664687, 37.373769], [-119.664742, 37.373825], [-119.664805, 37.373875], [-119.664841, 37.373897], [-119.664956, 37.373952], [-119.665052, 37.373983], [-119.665226, 37.374022], [-119.665251, 37.374028], [-119.66545, 37.374082], [-119.665738, 37.374162], [-119.66598, 37.374242], [-119.666111, 37.374297], [-119.666278, 37.374387], [-119.666315, 37.37441], [-119.666379, 37.37445], [-119.666534, 37.374558], [-119.666557, 37.374575], [-119.666686, 37.37467], [-119.667273, 37.375084], [-119.667411, 37.375181], [-119.667514, 37.375252], [-119.667657, 37.37535], [-119.667683, 37.375367], [-119.66808, 37.375627], [-119.668197, 37.375709], [-119.668286, 37.375771], [-119.668363, 37.375831], [-119.668464, 37.37591], [-119.668676, 37.376054], [-119.668763, 37.37612], [-119.668777, 37.37613], [-119.668876, 37.376217], [-119.668968, 37.376309], [-119.66906, 37.376413], [-119.669145, 37.37652], [-119.669224, 37.376631], [-119.669393, 37.376917], [-119.669448, 37.376999], [-119.66967, 37.377284], [-119.669755, 37.377394], [-119.669981, 37.377669], [-119.670013, 37.377707], [-119.670094, 37.377814], [-119.670167, 37.377925], [-119.670274, 37.378126], [-119.670387, 37.378322], [-119.670574, 37.378631], [-119.670664, 37.378772], [-119.670791, 37.37897], [-119.670843, 37.379044], [-119.670919, 37.37915], [-119.671053, 37.379327], [-119.671276, 37.379599], [-119.671468, 37.379871], [-119.671557, 37.379989], [-119.671569, 37.380004], [-119.671724, 37.380177], [-119.671858, 37.380363], [-119.671933, 37.380452], [-119.672018, 37.38053], [-119.672111, 37.380604], [-119.672233, 37.380686], [-119.672363, 37.380763], [-119.672603, 37.380885], [-119.672718, 37.380951], [-119.672913, 37.381097], [-119.673114, 37.381217], [-119.673339, 37.381378], [-119.673498, 37.381481], [-119.673583, 37.381525], [-119.673685, 37.381565], [-119.673793, 37.381597], [-119.674073, 37.381671], [-119.67417, 37.381703], [-119.674263, 37.38174], [-119.674352, 37.381792], [-119.674492, 37.381885], [-119.674644, 37.381986], [-119.674735, 37.38203], [-119.675141, 37.382198], [-119.675244, 37.38225], [-119.675306, 37.382286], [-119.675535, 37.38244], [-119.675568, 37.382462], [-119.675692, 37.382554], [-119.675731, 37.382588], [-119.675876, 37.382734], [-119.675956, 37.382827], [-119.67603, 37.382923], [-119.676128, 37.383069], [-119.67618, 37.383165], [-119.676193, 37.383216], [-119.6762, 37.383268], [-119.6762, 37.38332], [-119.676193, 37.383371], [-119.67612, 37.383596], [-119.676064, 37.383714], [-119.675979, 37.383843], [-119.675943, 37.383908], [-119.675923, 37.383962], [-119.675915, 37.383987], [-119.675897, 37.384068], [-119.675888, 37.384149], [-119.675886, 37.384244], [-119.675896, 37.384338], [-119.675907, 37.384396], [-119.675913, 37.384417], [-119.675924, 37.384451], [-119.675949, 37.3845], [-119.675982, 37.384546], [-119.676032, 37.384605], [-119.676094, 37.384679], [-119.67615, 37.384737], [-119.676355, 37.38493], [-119.676488, 37.38507], [-119.676507, 37.385087], [-119.676561, 37.385134], [-119.676644, 37.38519], [-119.676692, 37.385217], [-119.676734, 37.385241], [-119.676807, 37.385273], [-119.67683, 37.385284], [-119.676921, 37.385315], [-119.677015, 37.38534], [-119.677142, 37.385364], [-119.67718, 37.385368], [-119.677272, 37.385379], [-119.677308, 37.385382], [-119.67747, 37.385396], [-119.677531, 37.385399], [-119.677814, 37.385416], [-119.678204, 37.385443], [-119.678428, 37.385459], [-119.678647, 37.385474], [-119.678665, 37.385476], [-119.678878, 37.385485], [-119.679092, 37.385485], [-119.679306, 37.385478], [-119.679526, 37.385462], [-119.679814, 37.385428], [-119.67996, 37.385403], [-119.679986, 37.385397], [-119.680108, 37.385373], [-119.680255, 37.385336], [-119.680388, 37.385293], [-119.680819, 37.385126], [-119.681165, 37.384998], [-119.681307, 37.38495], [-119.681339, 37.38494], [-119.68173, 37.384832], [-119.681755, 37.384823], [-119.682046, 37.384722], [-119.682185, 37.384675], [-119.682469, 37.384582], [-119.682657, 37.384507], [-119.682842, 37.384426], [-119.683031, 37.38435], [-119.683252, 37.384268], [-119.683366, 37.384236], [-119.683466, 37.384216], [-119.683516, 37.384207], [-119.683591, 37.3842], [-119.683739, 37.384206], [-119.683811, 37.384218], [-119.683886, 37.384236], [-119.683915, 37.384246], [-119.683959, 37.38426], [-119.68401, 37.384281], [-119.684029, 37.38429], [-119.684135, 37.384349], [-119.684248, 37.38443], [-119.684269, 37.384442], [-119.68429, 37.384454], [-119.68436, 37.384488], [-119.684422, 37.384517], [-119.684513, 37.384554], [-119.684609, 37.384587], [-119.684789, 37.384637], [-119.684807, 37.384642], [-119.685034, 37.384681], [-119.685146, 37.384704], [-119.68521, 37.384722], [-119.685396, 37.384788], [-119.685587, 37.384864], [-119.685679, 37.384907], [-119.685766, 37.384954], [-119.685848, 37.385012], [-119.685997, 37.385142], [-119.686025, 37.385162], [-119.686078, 37.385201], [-119.686334, 37.385336], [-119.68642, 37.385389], [-119.686478, 37.385425], [-119.686543, 37.385476], [-119.686597, 37.385529], [-119.686639, 37.385578], [-119.686645, 37.385586], [-119.686684, 37.385647], [-119.686711, 37.385703], [-119.686732, 37.38576], [-119.68676, 37.38588], [-119.68679, 37.385962], [-119.68683, 37.386041], [-119.686879, 37.386116], [-119.686928, 37.386177], [-119.687044, 37.386289], [-119.687076, 37.386316], [-119.687185, 37.386408], [-119.687269, 37.38647], [-119.687307, 37.386495], [-119.687357, 37.386528], [-119.687489, 37.3866], [-119.687517, 37.386608], [-119.687547, 37.386616], [-119.687581, 37.38662], [-119.687609, 37.386624], [-119.687983, 37.386644], [-119.688167, 37.386659], [-119.688343, 37.386682], [-119.688429, 37.386698], [-119.68849, 37.386715], [-119.688512, 37.386721], [-119.688595, 37.386754], [-119.688675, 37.386793], [-119.688766, 37.386845], [-119.688794, 37.386861], [-119.689014, 37.387012], [-119.689135, 37.387096], [-119.68939, 37.387261], [-119.689449, 37.387288], [-119.689513, 37.387307], [-119.68958, 37.387316], [-119.689629, 37.387316], [-119.689827, 37.387287], [-119.689929, 37.387273], [-119.690028, 37.387271], [-119.690063, 37.38727], [-119.690126, 37.387275], [-119.690194, 37.387287], [-119.69025, 37.387306], [-119.690305, 37.38733], [-119.69039, 37.387381], [-119.690402, 37.387392], [-119.690481, 37.38746], [-119.690615, 37.387616], [-119.690654, 37.387652], [-119.690787, 37.387752], [-119.69087, 37.387821], [-119.691054, 37.388025], [-119.691137, 37.388117], [-119.691251, 37.388258], [-119.691259, 37.388268], [-119.691333, 37.38837], [-119.691349, 37.388392], [-119.691432, 37.388519], [-119.691447, 37.388546], [-119.691465, 37.388571], [-119.691485, 37.388613], [-119.691509, 37.388654], [-119.691546, 37.388727], [-119.691609, 37.388851], [-119.691672, 37.388974], [-119.691703, 37.389058], [-119.691728, 37.389143], [-119.691736, 37.38919], [-119.691743, 37.38938], [-119.691745, 37.38943], [-119.691752, 37.389487], [-119.691757, 37.389601], [-119.691747, 37.389651], [-119.691731, 37.389698], [-119.69171, 37.38973], [-119.691683, 37.389758], [-119.69165, 37.389783], [-119.691505, 37.389876], [-119.691143, 37.390156], [-119.690953, 37.390286], [-119.690664, 37.390476], [-119.690647, 37.390486], [-119.690566, 37.39054], [-119.6902, 37.390814], [-119.689942, 37.391008], [-119.689846, 37.391066], [-119.689595, 37.3912], [-119.689453, 37.391287], [-119.68937, 37.391355], [-119.689333, 37.391392], [-119.6893, 37.391433], [-119.689255, 37.391502], [-119.689216, 37.391581], [-119.689186, 37.391672], [-119.689181, 37.391743], [-119.689225, 37.391915], [-119.689244, 37.391976], [-119.689296, 37.392142], [-119.689325, 37.392291], [-119.689385, 37.392505], [-119.689417, 37.392676], [-119.689435, 37.392732], [-119.689464, 37.392784], [-119.689498, 37.392827], [-119.689565, 37.392893], [-119.689906, 37.393132], [-119.689959, 37.393181], [-119.690103, 37.393361], [-119.690157, 37.393414], [-119.690334, 37.393563], [-119.690645, 37.39381], [-119.690792, 37.393943], [-119.690847, 37.39398], [-119.690948, 37.394031], [-119.691032, 37.394054], [-119.691379, 37.394075], [-119.691438, 37.394087], [-119.691497, 37.394109], [-119.691609, 37.394169], [-119.691707, 37.394231], [-119.69175, 37.394267], [-119.691784, 37.394302], [-119.691813, 37.39434], [-119.691834, 37.39438], [-119.691841, 37.394425], [-119.691838, 37.394521], [-119.691848, 37.394624], [-119.69188, 37.394771], [-119.691915, 37.394857], [-119.691955, 37.394908], [-119.692122, 37.395062], [-119.692309, 37.395216], [-119.692361, 37.39525], [-119.692417, 37.395278], [-119.692449, 37.395288], [-119.692513, 37.395299], [-119.692552, 37.395306], [-119.692872, 37.395342], [-119.693067, 37.395353], [-119.693263, 37.395359], [-119.693585, 37.395362], [-119.693711, 37.39537], [-119.693772, 37.39538], [-119.693866, 37.395404], [-119.693908, 37.395423], [-119.693941, 37.395448], [-119.693995, 37.395507], [-119.694037, 37.395566], [-119.694059, 37.395641], [-119.694133, 37.395713], [-119.694144, 37.395723], [-119.694214, 37.395782], [-119.694293, 37.395832], [-119.694393, 37.395883], [-119.694453, 37.395901], [-119.694495, 37.395902], [-119.694513, 37.395902], [-119.694638, 37.395886], [-119.69486, 37.395868], [-119.694889, 37.395866], [-119.69513, 37.395862], [-119.695319, 37.395876], [-119.695392, 37.395886], [-119.695652, 37.395936], [-119.695708, 37.395951], [-119.69576, 37.395972], [-119.695785, 37.395988], [-119.695898, 37.396084], [-119.695908, 37.39609], [-119.695967, 37.396127], [-119.696041, 37.396165], [-119.696168, 37.39621], [-119.696227, 37.396243], [-119.696237, 37.39625], [-119.696366, 37.396346], [-119.696393, 37.396371], [-119.696495, 37.396466], [-119.696527, 37.396509], [-119.696541, 37.396552], [-119.696543, 37.396643], [-119.696533, 37.396725], [-119.696514, 37.396805], [-119.696483, 37.396903], [-119.696474, 37.396936], [-119.696464, 37.397002], [-119.696469, 37.397074], [-119.696476, 37.397099], [-119.696484, 37.397111], [-119.696499, 37.397138], [-119.696527, 37.397165], [-119.696673, 37.397271], [-119.696719, 37.397291], [-119.696783, 37.397306], [-119.696815, 37.397307], [-119.696848, 37.397301], [-119.69688, 37.39729], [-119.696921, 37.397261], [-119.696975, 37.397179], [-119.69701, 37.397117], [-119.69709, 37.396981], [-119.69715, 37.396887], [-119.697304, 37.396709], [-119.697398, 37.396554], [-119.697437, 37.396508], [-119.69753, 37.396437], [-119.697635, 37.396386], [-119.697692, 37.396368], [-119.697751, 37.396355], [-119.697846, 37.396346], [-119.697917, 37.396347], [-119.697963, 37.396366], [-119.698002, 37.396403], [-119.698013, 37.396424], [-119.698013, 37.396446], [-119.698006, 37.396468], [-119.697966, 37.396533], [-119.697931, 37.396611], [-119.697925, 37.396638], [-119.697929, 37.396656], [-119.697955, 37.396703], [-119.697993, 37.396747], [-119.698043, 37.396784], [-119.698082, 37.396804], [-119.698169, 37.396834], [-119.698295, 37.396868], [-119.698411, 37.396891], [-119.69849, 37.396898], [-119.698535, 37.396897], [-119.698789, 37.396874], [-119.698844, 37.396877], [-119.698896, 37.396894], [-119.698945, 37.396919], [-119.698982, 37.39695], [-119.699005, 37.396968], [-119.699115, 37.397144], [-119.699194, 37.397243], [-119.699229, 37.397275], [-119.699272, 37.397301], [-119.699322, 37.397321], [-119.699427, 37.397347], [-119.699494, 37.397353], [-119.699631, 37.39735], [-119.699745, 37.397335], [-119.699812, 37.397323], [-119.700039, 37.397283], [-119.700183, 37.397241], [-119.700292, 37.39719], [-119.700373, 37.397134], [-119.700423, 37.397072], [-119.700454, 37.397012], [-119.700491, 37.396984], [-119.700584, 37.396943], [-119.700666, 37.396915], [-119.700753, 37.396894], [-119.700933, 37.396834], [-119.701023, 37.396793], [-119.701142, 37.396719], [-119.701286, 37.396642], [-119.701362, 37.396611], [-119.701455, 37.396582], [-119.701551, 37.396561], [-119.701649, 37.396546], [-119.701802, 37.396532], [-119.701878, 37.396533], [-119.701976, 37.396544], [-119.702073, 37.396562], [-119.702313, 37.39662], [-119.702429, 37.396634], [-119.702486, 37.396633], [-119.702549, 37.39662], [-119.702609, 37.396597], [-119.702624, 37.396589], [-119.702846, 37.396485], [-119.703017, 37.396424], [-119.70315, 37.396387], [-119.703373, 37.396345], [-119.703459, 37.396337], [-119.703525, 37.396337], [-119.703591, 37.396345], [-119.703657, 37.396352], [-119.703675, 37.396357], [-119.703725, 37.396371], [-119.703915, 37.396443], [-119.703995, 37.396474], [-119.704033, 37.396488], [-119.704146, 37.396516], [-119.704194, 37.396528], [-119.704266, 37.396538], [-119.704393, 37.396545], [-119.704456, 37.396541], [-119.704612, 37.396501], [-119.704624, 37.396499], [-119.704687, 37.396495], [-119.704769, 37.3965], [-119.704814, 37.396503], [-119.704872, 37.396512], [-119.704911, 37.396523], [-119.704983, 37.396545], [-119.70505, 37.39658], [-119.705112, 37.396623], [-119.705171, 37.396672], [-119.705224, 37.396727], [-119.705259, 37.396771], [-119.705271, 37.396785], [-119.705363, 37.396873]]}, "props": {"MTFCC": "S1400", "NAME": null}}, {"geom": {"type": "LineString", "coordinates": [[-119.63771, 37.371867], [-119.637757, 37.371908], [-119.637782, 37.371953], [-119.63779, 37.372013], [-119.637781, 37.372045], [-119.637752, 37.372083], [-119.637698, 37.372126], [-119.637576, 37.372172], [-119.63754, 37.372195], [-119.637506, 37.372241], [-119.637461, 37.372337], [-119.63744, 37.372427], [-119.637421, 37.372663], [-119.637421, 37.37268], [-119.637424, 37.37281], [-119.637438, 37.372918], [-119.637455, 37.372963], [-119.637499, 37.373032], [-119.637713, 37.373251], [-119.637727, 37.373276], [-119.637731, 37.373317], [-119.637718, 37.373383], [-119.637679, 37.373491], [-119.637645, 37.373544], [-119.63749, 37.373793], [-119.637412, 37.373944], [-119.637366, 37.374052], [-119.637338, 37.374133], [-119.637305, 37.374267], [-119.637292, 37.37437], [-119.637296, 37.374452], [-119.637413, 37.374956], [-119.637421, 37.375026], [-119.637419, 37.375214], [-119.637404, 37.375435], [-119.637398, 37.375481], [-119.637378, 37.375643], [-119.637339, 37.375963], [-119.637332, 37.376134], [-119.637316, 37.376247], [-119.637308, 37.376282], [-119.637297, 37.376327], [-119.637265, 37.376396], [-119.637216, 37.376458], [-119.637074, 37.376613], [-119.637048, 37.376662], [-119.637036, 37.37672], [-119.637032, 37.376831], [-119.637057, 37.377033], [-119.637056, 37.377043], [-119.637051, 37.377219], [-119.637038, 37.377348], [-119.637029, 37.377396], [-119.636999, 37.377464], [-119.636899, 37.377602], [-119.63684, 37.377733], [-119.636793, 37.377879], [-119.636773, 37.377981], [-119.636744, 37.378362], [-119.636728, 37.37848], [-119.636697, 37.378712], [-119.636654, 37.378922], [-119.636637, 37.379011], [-119.636625, 37.37905], [-119.636615, 37.379081], [-119.636567, 37.379179], [-119.636513, 37.379252], [-119.636409, 37.379345], [-119.636372, 37.379385], [-119.636332, 37.379468], [-119.636301, 37.379571], [-119.636295, 37.379667], [-119.636291, 37.379724], [-119.636288, 37.379762], [-119.636275, 37.379813], [-119.636265, 37.379846], [-119.636193, 37.380002], [-119.636135, 37.380119], [-119.63612, 37.380164], [-119.636116, 37.380203], [-119.63613, 37.380486], [-119.636133, 37.380525], [-119.636127, 37.380599], [-119.636124, 37.380609], [-119.636118, 37.380643], [-119.636109, 37.380668], [-119.63607, 37.380738], [-119.636044, 37.380763], [-119.636034, 37.380774], [-119.635953, 37.380824], [-119.635923, 37.380844]]}, "props": {"MTFCC": "S1400", "NAME": null}}, {"geom": {"type": "LineString", "coordinates": [[-119.667514, 37.375252], [-119.6673, 37.375911], [-119.667188, 37.376259], [-119.666049, 37.376924], [-119.665671, 37.37704], [-119.665009, 37.377246]]}, "props": {"MTFCC": "S1740", "NAME": null}}, {"geom": {"type": "LineString", "coordinates": [[-119.631335, 37.381773], [-119.631385, 37.38179], [-119.63144, 37.381817], [-119.631477, 37.381835], [-119.631646, 37.381949], [-119.631724, 37.382012], [-119.631771, 37.38205], [-119.631813, 37.382085], [-119.631839, 37.382107], [-119.631918, 37.382173], [-119.631946, 37.382194], [-119.632048, 37.382268], [-119.632166, 37.382342], [-119.632303, 37.382395], [-119.632388, 37.382436], [-119.632409, 37.382446], [-119.632488, 37.382497], [-119.632495, 37.382505], [-119.632523, 37.382537], [-119.632543, 37.382596], [-119.632542, 37.38264], [-119.632533, 37.382653], [-119.63252, 37.382676], [-119.632411, 37.382785], [-119.632265, 37.382899], [-119.632159, 37.382975], [-119.632077, 37.383035], [-119.632039, 37.383085]]}, "props": {"MTFCC": "S1400", "NAME": null}}, {"geom": {"type": "LineString", "coordinates": [[-119.634194, 37.436919], [-119.63452, 37.436714], [-119.634606, 37.436644], [-119.634632, 37.436599], [-119.63468, 37.436449], [-119.634728, 37.436184], [-119.634755, 37.435916], [-119.634756, 37.435883], [-119.634757, 37.435847], [-119.63476, 37.43574], [-119.634762, 37.435705], [-119.634776, 37.435314], [-119.634793, 37.435118], [-119.63483, 37.434942], [-119.63486, 37.434861], [-119.634906, 37.434774], [-119.634963, 37.434691], [-119.635028, 37.434613], [-119.635096, 37.434549], [-119.635172, 37.43449], [-119.635401, 37.434335], [-119.635748, 37.434129], [-119.636018, 37.433944], [-119.636232, 37.4338], [-119.636512, 37.433625], [-119.636532, 37.433613], [-119.636678, 37.433516], [-119.636713, 37.433488], [-119.636854, 37.433378], [-119.637224, 37.433068], [-119.637274, 37.433018], [-119.637314, 37.432979], [-119.637428, 37.43283], [-119.637437, 37.432818], [-119.637588, 37.432564], [-119.637653, 37.432409], [-119.63767, 37.432337], [-119.63768, 37.432255], [-119.637688, 37.43219], [-119.637697, 37.431881], [-119.637675, 37.431573], [-119.637653, 37.431475], [-119.637643, 37.431429], [-119.637607, 37.431353], [-119.637561, 37.43128], [-119.637418, 37.431088], [-119.637289, 37.430942], [-119.637211, 37.430842], [-119.637132, 37.430722], [-119.637067, 37.430597], [-119.63705, 37.430546], [-119.637046, 37.430532], [-119.637029, 37.430444], [-119.637024, 37.430355], [-119.63703, 37.430265], [-119.637057, 37.430144], [-119.63708, 37.430086], [-119.63711, 37.430033], [-119.63715, 37.429982], [-119.637289, 37.42984], [-119.63733, 37.42979], [-119.637581, 37.429404], [-119.63766, 37.429252], [-119.637698, 37.429089], [-119.637709, 37.428962], [-119.637698, 37.428827], [-119.63767, 37.428647], [-119.637668, 37.428562], [-119.637665, 37.428455], [-119.637673, 37.428354], [-119.637696, 37.428232], [-119.637716, 37.428173], [-119.637744, 37.428119], [-119.637779, 37.428075], [-119.63787, 37.427995], [-119.638024, 37.427893], [-119.638131, 37.427834], [-119.638188, 37.427815], [-119.638251, 37.427806], [-119.638453, 37.427811], [-119.63864, 37.427796], [-119.638731, 37.427782], [-119.63882, 37.42776], [-119.638963, 37.427702], [-119.639081, 37.427639], [-119.63922, 37.427542], [-119.639304, 37.427468], [-119.639434, 37.427375]]}, "props": {"MTFCC": "S1400", "NAME": null}}, {"geom": {"type": "LineString", "coordinates": [[-119.687307, 37.386495], [-119.687227, 37.38672], [-119.68718, 37.38685], [-119.687026, 37.387285], [-119.686565, 37.387555], [-119.686446, 37.387624], [-119.68612, 37.387815]]}, "props": {"MTFCC": "S1740", "NAME": null}}, {"geom": {"type": "LineString", "coordinates": [[-119.726566, 37.404392], [-119.726425, 37.403821], [-119.726354, 37.403635], [-119.726164, 37.403131], [-119.725875, 37.402946], [-119.725385, 37.402942], [-119.724808, 37.402824], [-119.724606, 37.402479], [-119.724515, 37.401698]]}, "props": {"MTFCC": "S1740", "NAME": null}}, {"geom": {"type": "LineString", "coordinates": [[-119.718602, 37.404298], [-119.718577, 37.404105], [-119.718552, 37.403897], [-119.71826, 37.403665], [-119.718109, 37.403545]]}, "props": {"MTFCC": "S1740", "NAME": null}}, {"geom": {"type": "LineString", "coordinates": [[-119.725104, 37.405016], [-119.724956, 37.404954], [-119.724689, 37.404897], [-119.724538, 37.404873], [-119.724494, 37.404867], [-119.724379, 37.404861], [-119.724206, 37.404865], [-119.723591, 37.404884], [-119.723304, 37.404877], [-119.723137, 37.404862], [-119.722944, 37.40483], [-119.722789, 37.404793], [-119.722777, 37.404791], [-119.722406, 37.404737], [-119.722319, 37.404719], [-119.722273, 37.404699], [-119.722231, 37.404674], [-119.722222, 37.404668]]}, "props": {"MTFCC": "S1400", "NAME": null}}, {"geom": {"type": "LineString", "coordinates": [[-119.732206, 37.380895], [-119.732141, 37.380988], [-119.731676, 37.380943], [-119.731489, 37.380853], [-119.731179, 37.380331], [-119.730925, 37.38015], [-119.730688, 37.380143], [-119.730186, 37.38013], [-119.729938, 37.380223], [-119.72965, 37.380454], [-119.7296, 37.381006], [-119.729977, 37.381834], [-119.729666, 37.382711], [-119.728775, 37.384161], [-119.7283, 37.384527], [-119.728236, 37.384577], [-119.726424, 37.385011], [-119.726151, 37.385133], [-119.726027, 37.385203], [-119.724878, 37.385859], [-119.724495, 37.386079]]}, "props": {"MTFCC": "S1400", "NAME": null}}, {"geom": {"type": "LineString", "coordinates": [[-119.73331, 37.401559], [-119.73303, 37.40151], [-119.732985, 37.401491], [-119.732905, 37.401435], [-119.73282, 37.401358], [-119.732741, 37.401253], [-119.732702, 37.401144], [-119.732695, 37.40103], [-119.732705, 37.400972], [-119.732749, 37.40086], [-119.732792, 37.400806], [-119.733046, 37.400565], [-119.73312, 37.400475], [-119.733167, 37.400378], [-119.733191, 37.400217], [-119.733187, 37.400124], [-119.73316, 37.400024], [-119.733108, 37.39992], [-119.733071, 37.399845], [-119.733027, 37.399794], [-119.732939, 37.399725], [-119.732855, 37.399683], [-119.732747, 37.399652], [-119.732666, 37.399649], [-119.732564, 37.399688], [-119.732363, 37.399916], [-119.732331, 37.399944], [-119.732309, 37.399964], [-119.732266, 37.399994], [-119.732169, 37.400045], [-119.732117, 37.400063], [-119.732049, 37.400072], [-119.731798, 37.400072], [-119.731599, 37.400086], [-119.731417, 37.400124], [-119.731242, 37.400174], [-119.731158, 37.400203], [-119.731078, 37.400238], [-119.73103, 37.400267], [-119.731006, 37.400282], [-119.730939, 37.400331], [-119.730884, 37.400384], [-119.730835, 37.400441], [-119.730768, 37.400533], [-119.730729, 37.400601], [-119.730719, 37.400708], [-119.73072, 37.400749], [-119.73073, 37.400983], [-119.730712, 37.401064], [-119.73068, 37.401123], [-119.730635, 37.401167], [-119.730621, 37.401183], [-119.730581, 37.401209], [-119.730509, 37.401244], [-119.730473, 37.401261], [-119.730367, 37.401313], [-119.730332, 37.401331], [-119.730304, 37.401344], [-119.730282, 37.401355], [-119.730255, 37.401377], [-119.730238, 37.401405], [-119.73023, 37.401435]]}, "props": {"MTFCC": "S1400", "NAME": null}}, {"geom": {"type": "LineString", "coordinates": [[-119.724232, 37.406709], [-119.723773, 37.406703], [-119.722397, 37.406688], [-119.721939, 37.406683], [-119.72169, 37.406568], [-119.721491, 37.406476], [-119.721118, 37.406362], [-119.720917, 37.406292], [-119.720659, 37.406202]]}, "props": {"MTFCC": "S1400", "NAME": null}}, {"geom": {"type": "LineString", "coordinates": [[-119.593737, 37.406587], [-119.593451, 37.406793], [-119.592935, 37.407388], [-119.592676, 37.407365], [-119.592641, 37.40718], [-119.592504, 37.40645], [-119.592131, 37.406152], [-119.591213, 37.405672], [-119.590611, 37.405558], [-119.590209, 37.405627], [-119.589693, 37.405901], [-119.589034, 37.406428], [-119.588982, 37.406453], [-119.588431, 37.406725], [-119.587485, 37.406954], [-119.586481, 37.407206], [-119.585879, 37.407229], [-119.585628, 37.407187], [-119.584072, 37.406932], [-119.583832, 37.407066], [-119.583785, 37.407092], [-119.583772, 37.407168], [-119.583728, 37.407413], [-119.583814, 37.407481], [-119.583871, 37.407847], [-119.583957, 37.407893], [-119.58413, 37.408557], [-119.584302, 37.408786], [-119.584367, 37.409009], [-119.584503, 37.409472], [-119.584675, 37.409701], [-119.584909, 37.410562], [-119.585048, 37.411073], [-119.584991, 37.411623], [-119.584561, 37.412309], [-119.584332, 37.412332], [-119.584253, 37.41232], [-119.583332, 37.412187], [-119.583026, 37.412143], [-119.583, 37.412156], [-119.580947, 37.413156], [-119.579821, 37.413463], [-119.579693, 37.413448], [-119.579451, 37.41391], [-119.579501, 37.414249], [-119.579548, 37.414565], [-119.579542, 37.414635], [-119.5795, 37.415142], [-119.579209, 37.415913], [-119.579306, 37.416644], [-119.579161, 37.417569], [-119.578725, 37.417915], [-119.578095, 37.417877], [-119.577514, 37.417184], [-119.577466, 37.416336], [-119.577563, 37.414565], [-119.577263, 37.413762], [-119.577229, 37.41367], [-119.57653, 37.413717], [-119.576384, 37.41373], [-119.576155, 37.413592], [-119.576139, 37.413357], [-119.576111, 37.412976], [-119.576098, 37.412768], [-119.575725, 37.412356], [-119.573883, 37.412109], [-119.570275, 37.411625], [-119.569444, 37.41167], [-119.568895, 37.412259], [-119.568038, 37.413181], [-119.567219, 37.413996], [-119.566776, 37.414439], [-119.566604, 37.414485], [-119.566546, 37.414737], [-119.565686, 37.415684], [-119.565456, 37.416037], [-119.565456, 37.416917], [-119.56549, 37.417581], [-119.564665, 37.41799], [-119.563877, 37.419016], [-119.56316, 37.419583], [-119.562998, 37.420328], [-119.563034, 37.420701], [-119.562933, 37.421429], [-119.562216, 37.422336], [-119.561871, 37.422462], [-119.561584, 37.422447], [-119.561591, 37.422197], [-119.56161, 37.421567], [-119.56157, 37.421457], [-119.561506, 37.421276], [-119.561454, 37.421254], [-119.561142, 37.421062], [-119.560748, 37.420932], [-119.560276, 37.420914], [-119.559144, 37.420872], [-119.557934, 37.421053], [-119.55723, 37.421231], [-119.556925, 37.42151], [-119.556809, 37.421745], [-119.556679, 37.42201], [-119.556556, 37.422838], [-119.556472, 37.422925]]}, "props": {"MTFCC": "S1400", "NAME": null}}, {"geom": {"type": "LineString", "coordinates": [[-119.04982, 37.640276], [-119.049791, 37.640323], [-119.049705, 37.640464], [-119.049677, 37.640512]]}, "props": {"MTFCC": "S1400", "NAME": null}}, {"geom": {"type": "LineString", "coordinates": [[-119.074151, 37.645774], [-119.074023, 37.645907], [-119.073961, 37.645993], [-119.073569, 37.646552], [-119.073597, 37.646739], [-119.073642, 37.647027], [-119.073725, 37.647504], [-119.073975, 37.648938], [-119.074031, 37.649254], [-119.074059, 37.649416]]}, "props": {"MTFCC": "S1400", "NAME": null}}, {"geom": {"type": "LineString", "coordinates": [[-119.268413, 37.542966], [-119.268479, 37.542867], [-119.268679, 37.54257], [-119.268746, 37.542472], [-119.268538, 37.542044], [-119.268067, 37.541073], [-119.267737, 37.540962], [-119.267287, 37.540812], [-119.267016, 37.540776], [-119.26626, 37.540852], [-119.265557, 37.541108], [-119.262381, 37.54227], [-119.260741, 37.543342], [-119.260325, 37.543615], [-119.259834, 37.544298], [-119.259615, 37.544682], [-119.259053, 37.545414], [-119.258875, 37.545647], [-119.258015, 37.54575], [-119.256419, 37.545531], [-119.255775, 37.545444], [-119.255524, 37.545336]]}, "props": {"MTFCC": "S1400", "NAME": null}}, {"geom": {"type": "LineString", "coordinates": [[-119.276456, 37.52371], [-119.274042, 37.523366], [-119.273295, 37.523045], [-119.271514, 37.521947], [-119.269245, 37.521329], [-119.268527, 37.521054], [-119.267455, 37.520091], [-119.267149, 37.519817], [-119.266402, 37.519611], [-119.26528, 37.519405], [-119.264476, 37.518947], [-119.264161, 37.51842], [-119.264132, 37.517757], [-119.26465, 37.516315], [-119.264651, 37.515812], [-119.264996, 37.514896], [-119.265341, 37.514462], [-119.2656, 37.51389], [-119.26563, 37.511945], [-119.265774, 37.510572], [-119.265775, 37.509084], [-119.265546, 37.508421], [-119.265057, 37.507757], [-119.264483, 37.507322], [-119.263048, 37.505696], [-119.26233, 37.504438], [-119.261556, 37.503546], [-119.26058, 37.502698], [-119.25946, 37.502378], [-119.257965, 37.502125], [-119.255611, 37.50098], [-119.254548, 37.500911], [-119.253076, 37.500896], [-119.252193, 37.500887], [-119.250958, 37.50101], [-119.250037, 37.501249], [-119.248975, 37.501204], [-119.247107, 37.500976], [-119.246591, 37.501137], [-119.24593, 37.501686], [-119.245327, 37.501938], [-119.244667, 37.502099], [-119.243518, 37.502168]]}, "props": {"MTFCC": "S1400", "NAME": null}}, {"geom": {"type": "LineString", "coordinates": [[-119.320157, 37.455716], [-119.32068, 37.45525], [-119.321674, 37.454709], [-119.322198, 37.454608], [-119.322457, 37.454715], [-119.322656, 37.454798], [-119.322844, 37.455265], [-119.322992, 37.455756], [-119.323242, 37.45632], [-119.323622, 37.45672], [-119.32408, 37.456983], [-119.324468, 37.457222], [-119.324887, 37.457599], [-119.32515, 37.457628], [-119.325548, 37.457891], [-119.327655, 37.458197], [-119.327897, 37.458146], [-119.328159, 37.458023], [-119.328348, 37.457787], [-119.328202, 37.457541], [-119.328172, 37.45749], [-119.327315, 37.456851], [-119.327171, 37.456706], [-119.326962, 37.455409]]}, "props": {"MTFCC": "S1400", "NAME": null}}, {"geom": {"type": "LineString", "coordinates": [[-119.282788, 37.543605], [-119.283489, 37.543253], [-119.284179, 37.543116], [-119.284615, 37.543085], [-119.285156, 37.543048], [-119.286133, 37.542957], [-119.287657, 37.542911], [-119.288748, 37.543094], [-119.289582, 37.543163], [-119.290354, 37.5433], [-119.290674, 37.543598], [-119.290817, 37.544079], [-119.290242, 37.54488]]}, "props": {"MTFCC": "S1400", "NAME": null}}, {"geom": {"type": "LineString", "coordinates": [[-119.646988, 37.455113], [-119.647583, 37.454733], [-119.647803, 37.454784], [-119.647952, 37.454819], [-119.648128, 37.454958], [-119.648302, 37.455096], [-119.64905, 37.455314], [-119.649755, 37.455405], [-119.649952, 37.45543], [-119.650424, 37.455238], [-119.650545, 37.45519], [-119.651083, 37.454821], [-119.651196, 37.454723]]}, "props": {"MTFCC": "S1400", "NAME": null}}, {"geom": {"type": "LineString", "coordinates": [[-119.63688, 37.416191], [-119.636037, 37.416895], [-119.635839, 37.416963], [-119.635214, 37.416959], [-119.635133, 37.416959], [-119.633636, 37.4167], [-119.633213, 37.416767], [-119.633133, 37.417176], [-119.632993, 37.417244], [-119.63254, 37.417219], [-119.631862, 37.416964], [-119.631438, 37.41703], [-119.63127, 37.417212], [-119.631146, 37.41765], [-119.631135, 37.417689], [-119.630627, 37.417688], [-119.630324, 37.417537], [-119.630204, 37.417478], [-119.629837, 37.4175], [-119.62953, 37.417886], [-119.628626, 37.418133]]}, "props": {"MTFCC": "S1400", "NAME": null}}, {"geom": {"type": "LineString", "coordinates": [[-119.634898, 37.389086], [-119.635465, 37.389032], [-119.637166, 37.388873], [-119.637435, 37.388848], [-119.637734, 37.38882]]}, "props": {"MTFCC": "S1400", "NAME": null}}, {"geom": {"type": "LineString", "coordinates": [[-119.644347, 37.38923], [-119.643845, 37.389827], [-119.643333, 37.390438], [-119.642688, 37.39132], [-119.642452, 37.391701], [-119.642043, 37.392365]]}, "props": {"MTFCC": "S1400", "NAME": null}}, {"geom": {"type": "LineString", "coordinates": [[-119.624509, 37.403416], [-119.624516, 37.403287], [-119.624522, 37.403189], [-119.624535, 37.4029], [-119.624541, 37.402772]]}, "props": {"MTFCC": "S1400", "NAME": null}}, {"geom": {"type": "LineString", "coordinates": [[-119.635051, 37.390026], [-119.634983, 37.390039], [-119.634914, 37.390052], [-119.634761, 37.390087], [-119.634618, 37.390147], [-119.634438, 37.390249], [-119.633916, 37.390611], [-119.633643, 37.39077], [-119.63359, 37.39081], [-119.633521, 37.390865], [-119.633453, 37.390927], [-119.633394, 37.390994], [-119.633311, 37.39113], [-119.633284, 37.391199], [-119.63326, 37.391304], [-119.633263, 37.391407], [-119.633322, 37.391743], [-119.633318, 37.391795], [-119.633315, 37.391837], [-119.633307, 37.391869], [-119.633299, 37.391898], [-119.633261, 37.39194], [-119.633216, 37.391964], [-119.633069, 37.391968], [-119.632984, 37.39199], [-119.632902, 37.39202], [-119.632825, 37.392058], [-119.632685, 37.392158], [-119.632663, 37.392181], [-119.632604, 37.392284], [-119.63257, 37.392396], [-119.632552, 37.392493], [-119.632545, 37.392591], [-119.632547, 37.392803], [-119.632564, 37.393], [-119.632573, 37.393105], [-119.632566, 37.393177], [-119.632537, 37.393222], [-119.632499, 37.393263], [-119.632332, 37.393365], [-119.63227, 37.393388], [-119.632193, 37.393401], [-119.632124, 37.393412], [-119.631973, 37.393426], [-119.631669, 37.393492], [-119.631409, 37.393524], [-119.631226, 37.393563], [-119.631116, 37.393606], [-119.631066, 37.393638], [-119.630978, 37.393712], [-119.6309, 37.393833], [-119.630819, 37.394006], [-119.630812, 37.394023], [-119.630778, 37.394118], [-119.630717, 37.394386], [-119.630615, 37.394754], [-119.630538, 37.395156], [-119.630508, 37.395279], [-119.630415, 37.395527], [-119.63038, 37.39564], [-119.630372, 37.395736], [-119.630328, 37.396023], [-119.630301, 37.396137], [-119.63026, 37.396253], [-119.630089, 37.39662], [-119.630055, 37.396685], [-119.629714, 37.397347], [-119.629647, 37.397496], [-119.629633, 37.39753], [-119.629594, 37.397637], [-119.629549, 37.397843], [-119.629529, 37.397969], [-119.629516, 37.398097], [-119.629517, 37.398172], [-119.62953, 37.398322], [-119.629528, 37.398359], [-119.629505, 37.398459], [-119.629481, 37.398521], [-119.629467, 37.398544], [-119.629447, 37.398579], [-119.629396, 37.398637], [-119.629185, 37.398829], [-119.629056, 37.398967], [-119.628865, 37.399198], [-119.628772, 37.39933], [-119.628527, 37.39974], [-119.628141, 37.400336], [-119.627903, 37.40069], [-119.627855, 37.400762], [-119.627604, 37.401121], [-119.627486, 37.401303], [-119.627356, 37.401537], [-119.627243, 37.401739], [-119.627077, 37.402002], [-119.626902, 37.402327], [-119.626798, 37.402487], [-119.626728, 37.402582], [-119.626686, 37.402634], [-119.626573, 37.402778], [-119.626466, 37.402896], [-119.626399, 37.402946], [-119.625961, 37.403186], [-119.625853, 37.403245], [-119.62577, 37.403283], [-119.625613, 37.403337], [-119.625532, 37.403357], [-119.625415, 37.403376], [-119.625149, 37.403401], [-119.62491, 37.403412], [-119.624829, 37.403412], [-119.624589, 37.403414], [-119.624509, 37.403416], [-119.624311, 37.403417], [-119.624155, 37.403419], [-119.624064, 37.40342], [-119.62372, 37.403426], [-119.623524, 37.40343], [-119.623309, 37.403433], [-119.6232, 37.403436], [-119.622668, 37.403456], [-119.62261, 37.403459], [-119.622454, 37.403458], [-119.622359, 37.403454], [-119.622077, 37.403443], [-119.621983, 37.40344], [-119.621701, 37.403439], [-119.620858, 37.403436], [-119.620577, 37.403435]]}, "props": {"MTFCC": "S1400", "NAME": null}}, {"geom": {"type": "LineString", "coordinates": [[-119.408538, 37.374479], [-119.408988, 37.374478], [-119.409549, 37.374478], [-119.410335, 37.374552], [-119.410419, 37.37456], [-119.410662, 37.374835], [-119.410708, 37.374888], [-119.410892, 37.37523], [-119.410808, 37.376401], [-119.410895, 37.376813], [-119.410982, 37.376882], [-119.410982, 37.377042], [-119.411068, 37.377111], [-119.41104, 37.377271], [-119.411586, 37.37842], [-119.411815, 37.378604], [-119.413023, 37.378858], [-119.412938, 37.379202], [-119.412451, 37.379959], [-119.412653, 37.380831], [-119.412913, 37.381266], [-119.413172, 37.381496], [-119.413688, 37.381727], [-119.415154, 37.381797], [-119.415527, 37.382097], [-119.415585, 37.382717], [-119.416102, 37.383359], [-119.417139, 37.384209], [-119.417369, 37.384668], [-119.417828, 37.384966], [-119.418518, 37.384923], [-119.419122, 37.385015], [-119.41929, 37.385114], [-119.419553, 37.385268], [-119.419649, 37.385364], [-119.420501, 37.38621], [-119.420645, 37.386738], [-119.420533, 37.387654], [-119.420704, 37.38777], [-119.421136, 37.387679], [-119.421509, 37.387474], [-119.421797, 37.387498], [-119.421908, 37.387587], [-119.421944, 37.387616], [-119.422007, 37.388566], [-119.421979, 37.388968], [-119.422454, 37.389528], [-119.423553, 37.390456], [-119.424476, 37.391236], [-119.424612, 37.391538], [-119.42462, 37.392063], [-119.424308, 37.392894], [-119.424343, 37.39342], [-119.424601, 37.393775], [-119.425343, 37.394323], [-119.42766, 37.395461], [-119.428068, 37.395662], [-119.429286, 37.395839], [-119.430294, 37.396283], [-119.43066, 37.396647], [-119.430733, 37.396719], [-119.430762, 37.397454], [-119.430769, 37.397646], [-119.430628, 37.398073], [-119.430813, 37.398228], [-119.431757, 37.398364], [-119.432152, 37.398507], [-119.432488, 37.398851], [-119.432524, 37.398877], [-119.432488, 37.399129], [-119.432284, 37.399396], [-119.43204, 37.399582], [-119.431624, 37.399902], [-119.43091, 37.400523], [-119.430563, 37.400957], [-119.43042, 37.401545], [-119.430422, 37.401735], [-119.43043, 37.402216], [-119.430434, 37.402367], [-119.430373, 37.402671], [-119.430372, 37.402699], [-119.430079, 37.402834], [-119.428208, 37.40292], [-119.426801, 37.40241], [-119.426594, 37.402249], [-119.426301, 37.40096], [-119.425324, 37.400218], [-119.425182, 37.40011], [-119.424707, 37.399534], [-119.424639, 37.399166], [-119.423995, 37.397533], [-119.423494, 37.397072], [-119.422232, 37.396495], [-119.421647, 37.396355], [-119.419305, 37.396735], [-119.41863, 37.397008], [-119.417215, 37.398076], [-119.416797, 37.398622], [-119.416646, 37.39894], [-119.416622, 37.399896], [-119.416756, 37.40026], [-119.416791, 37.401126], [-119.416996, 37.401969], [-119.41708, 37.402013], [-119.417212, 37.402515], [-119.418316, 37.405133], [-119.418306, 37.405498], [-119.418049, 37.40581], [-119.4178, 37.406112], [-119.417592, 37.406265], [-119.416209, 37.407294], [-119.415375, 37.408272], [-119.414725, 37.408841], [-119.414195, 37.409181], [-119.413611, 37.409156], [-119.4132, 37.408948], [-119.412667, 37.408464], [-119.41241, 37.408411], [-119.412161, 37.408361], [-119.411596, 37.40825], [-119.411412, 37.408243], [-119.411159, 37.408235]]}, "props": {"MTFCC": "S1400", "NAME": null}}, {"geom": {"type": "LineString", "coordinates": [[-119.724002, 37.40732], [-119.723137, 37.40708], [-119.722971, 37.407098], [-119.722729, 37.407149], [-119.722606, 37.407169], [-119.722347, 37.407195], [-119.722326, 37.407195], [-119.722198, 37.407199], [-119.722126, 37.407192], [-119.722086, 37.407183], [-119.721933, 37.407129], [-119.721551, 37.407002], [-119.721441, 37.406971], [-119.721351, 37.406957], [-119.721212, 37.406951], [-119.721023, 37.406957], [-119.72092, 37.406972], [-119.720665, 37.407023], [-119.719955, 37.407147], [-119.719445, 37.407253], [-119.719177, 37.407296], [-119.718984, 37.407314], [-119.718775, 37.407319], [-119.718657, 37.407314], [-119.718538, 37.407303], [-119.718192, 37.407257], [-119.718137, 37.407244], [-119.718036, 37.407217], [-119.717666, 37.407075], [-119.717589, 37.407052], [-119.71751, 37.407037], [-119.717464, 37.40704], [-119.717297, 37.407076], [-119.717285, 37.407079], [-119.716899, 37.407181], [-119.716756, 37.407214], [-119.716528, 37.407245], [-119.71631, 37.407259], [-119.7162, 37.407259], [-119.716032, 37.407245], [-119.715943, 37.407233], [-119.715887, 37.407219], [-119.71581, 37.407185], [-119.715768, 37.407154], [-119.715739, 37.407118], [-119.715729, 37.407097], [-119.7157, 37.407011]]}, "props": {"MTFCC": "S1400", "NAME": null}}, {"geom": {"type": "LineString", "coordinates": [[-119.730918, 37.415593], [-119.72821, 37.417047], [-119.726593, 37.417762]]}, "props": {"MTFCC": "S1400", "NAME": null}}, {"geom": {"type": "LineString", "coordinates": [[-119.730208, 37.405303], [-119.730221, 37.405399], [-119.730216, 37.40559], [-119.730214, 37.405731], [-119.730247, 37.405996], [-119.730257, 37.406276], [-119.730267, 37.406423], [-119.730272, 37.406451], [-119.730292, 37.406547], [-119.730337, 37.406648], [-119.730387, 37.406711]]}, "props": {"MTFCC": "S1400", "NAME": null}}, {"geom": {"type": "LineString", "coordinates": [[-119.562675, 37.429403], [-119.562654, 37.429483], [-119.562526, 37.429961], [-119.56225, 37.43043], [-119.562604, 37.430836], [-119.562756, 37.43087], [-119.563155, 37.430961], [-119.563745, 37.431273], [-119.563745, 37.431616], [-119.563115, 37.43171], [-119.562565, 37.431492], [-119.562014, 37.431554], [-119.561306, 37.432147], [-119.56111, 37.432928], [-119.561181, 37.433441], [-119.561228, 37.433771], [-119.561621, 37.43424], [-119.562408, 37.434614]]}, "props": {"MTFCC": "S1400", "NAME": null}}, {"geom": {"type": "LineString", "coordinates": [[-119.614461, 37.42637], [-119.614606, 37.426596], [-119.61541, 37.427364], [-119.615496, 37.42784], [-119.61541, 37.428156], [-119.615382, 37.428814], [-119.614522, 37.430172], [-119.614465, 37.430851], [-119.61458, 37.431213], [-119.614555, 37.431836], [-119.614552, 37.431916], [-119.61418, 37.432799], [-119.613579, 37.433455], [-119.613292, 37.433931], [-119.612921, 37.435561], [-119.612491, 37.436104], [-119.611429, 37.436848], [-119.611379, 37.436938], [-119.611294, 37.437094], [-119.611229, 37.437211], [-119.611918, 37.437888], [-119.612252, 37.438884], [-119.61232, 37.439088], [-119.612464, 37.439201], [-119.613382, 37.439582], [-119.613813, 37.439897], [-119.613928, 37.440055], [-119.613986, 37.441211], [-119.614561, 37.442116], [-119.614676, 37.442523], [-119.61419, 37.444629], [-119.613932, 37.444968], [-119.613587, 37.445148], [-119.613359, 37.445169], [-119.612699, 37.444728], [-119.611981, 37.444033], [-119.611912, 37.443993], [-119.61178, 37.443917], [-119.611706, 37.443915], [-119.610603, 37.443885], [-119.609972, 37.443674], [-119.609512, 37.443326], [-119.608881, 37.44323], [-119.608442, 37.44337], [-119.608393, 37.443386], [-119.607877, 37.443792], [-119.607447, 37.444426], [-119.607425, 37.444501], [-119.607275, 37.445015], [-119.607276, 37.445398], [-119.607276, 37.445659], [-119.607678, 37.446789], [-119.608073, 37.447423], [-119.608339, 37.447849], [-119.608338, 37.448567], [-119.608338, 37.448743], [-119.609085, 37.449454], [-119.609286, 37.450231], [-119.609287, 37.450724], [-119.609182, 37.450872], [-119.608484, 37.451858], [-119.608513, 37.452187], [-119.609229, 37.452479], [-119.609459, 37.452762], [-119.609474, 37.452801], [-119.610149, 37.454481], [-119.610121, 37.454786], [-119.610063, 37.454857], [-119.610055, 37.455516], [-119.609932, 37.456046], [-119.609297, 37.45718], [-119.609173, 37.457404], [-119.608941, 37.457937], [-119.608943, 37.458024], [-119.60895, 37.458276], [-119.608956, 37.458506], [-119.609867, 37.459621], [-119.610014, 37.459924], [-119.610353, 37.460222], [-119.61127, 37.460568], [-119.612004, 37.461228], [-119.612036, 37.461359], [-119.612572, 37.46187], [-119.613575, 37.462112], [-119.613708, 37.462145], [-119.614101, 37.462441], [-119.614784, 37.463234], [-119.615318, 37.463613], [-119.615478, 37.463679]]}, "props": {"MTFCC": "S1400", "NAME": null}}, {"geom": {"type": "LineString", "coordinates": [[-119.723686, 37.409826], [-119.723513, 37.409834], [-119.723224, 37.40984], [-119.722976, 37.409846], [-119.722386, 37.409878], [-119.721842, 37.409925], [-119.721827, 37.409927], [-119.721604, 37.409952], [-119.721483, 37.409957], [-119.721383, 37.409952], [-119.721335, 37.409949], [-119.721206, 37.409932], [-119.721087, 37.409903], [-119.720968, 37.409855], [-119.720874, 37.409803], [-119.720803, 37.40975], [-119.720772, 37.409727], [-119.720512, 37.409518], [-119.720439, 37.409471], [-119.720329, 37.409419], [-119.720151, 37.409351], [-119.720046, 37.409321], [-119.719955, 37.409302], [-119.7198, 37.40929], [-119.719678, 37.409296], [-119.719389, 37.409333], [-119.71928, 37.409337], [-119.719059, 37.409324], [-119.718858, 37.409302], [-119.718763, 37.409289], [-119.718744, 37.409286], [-119.718629, 37.409265], [-119.718494, 37.409244], [-119.718441, 37.409241], [-119.718388, 37.409238], [-119.718293, 37.409234], [-119.71823, 37.409235], [-119.718178, 37.409236]]}, "props": {"MTFCC": "S1400", "NAME": null}}, {"geom": {"type": "LineString", "coordinates": [[-119.615393, 37.468808], [-119.615223, 37.468716], [-119.613907, 37.468724], [-119.61328, 37.469045], [-119.612794, 37.469194], [-119.61268, 37.46923], [-119.612223, 37.46921], [-119.611935, 37.46887], [-119.611815, 37.468028], [-119.611614, 37.467938], [-119.610158, 37.468084], [-119.609413, 37.467951], [-119.60901, 37.467702], [-119.608432, 37.466726], [-119.608145, 37.46643], [-119.607514, 37.466161], [-119.606774, 37.465286], [-119.606766, 37.465276], [-119.606306, 37.465005], [-119.60559, 37.464758], [-119.604845, 37.464375], [-119.604329, 37.464263], [-119.604292, 37.464299], [-119.604042, 37.464538], [-119.604014, 37.465247], [-119.604158, 37.466162], [-119.604015, 37.46678], [-119.603671, 37.466941], [-119.603183, 37.466941], [-119.602551, 37.466483], [-119.602321, 37.466461], [-119.602219, 37.466511], [-119.602092, 37.466575], [-119.601575, 37.467124], [-119.601145, 37.467331], [-119.600025, 37.467605], [-119.599136, 37.46772], [-119.598303, 37.467446], [-119.597614, 37.467744], [-119.597098, 37.467812], [-119.596724, 37.467561], [-119.596351, 37.467401], [-119.595259, 37.467333], [-119.594771, 37.467218], [-119.59414, 37.467287], [-119.593882, 37.467608], [-119.593365, 37.467882], [-119.592877, 37.467882], [-119.591815, 37.467723], [-119.591499, 37.467791], [-119.590638, 37.468341], [-119.589373, 37.468315], [-119.588371, 37.468295], [-119.587883, 37.468227], [-119.587337, 37.467769], [-119.586418, 37.467335], [-119.586217, 37.466946], [-119.585901, 37.466054], [-119.585356, 37.466054], [-119.585243, 37.466143], [-119.584983, 37.466351], [-119.584524, 37.466901], [-119.584151, 37.467152], [-119.583584, 37.467174], [-119.583002, 37.467198], [-119.582932, 37.467278], [-119.582802, 37.467427], [-119.582793, 37.46746], [-119.582627, 37.468138], [-119.582572, 37.468365], [-119.582285, 37.468297], [-119.582055, 37.467999], [-119.581998, 37.467565], [-119.581738, 37.467199], [-119.581365, 37.467039], [-119.5797, 37.467108], [-119.579212, 37.467039], [-119.578236, 37.467108], [-119.578085, 37.467215], [-119.577949, 37.467314], [-119.578868, 37.46784], [-119.57884, 37.467977], [-119.57795, 37.468046], [-119.576313, 37.467566], [-119.573644, 37.466605], [-119.57284, 37.466171], [-119.572438, 37.465782], [-119.571835, 37.465393], [-119.571003, 37.465095], [-119.570802, 37.464889], [-119.571117, 37.464683], [-119.572438, 37.464317], [-119.572868, 37.463814], [-119.572897, 37.463196], [-119.572782, 37.462784], [-119.572322, 37.462372], [-119.570857, 37.461676], [-119.570829, 37.461663], [-119.568102, 37.459032], [-119.567614, 37.458826], [-119.566682, 37.458909], [-119.566323, 37.458941], [-119.566122, 37.458849], [-119.566152, 37.45853], [-119.566498, 37.457958], [-119.566644, 37.457341], [-119.566616, 37.456862], [-119.566374, 37.456435], [-119.566331, 37.456358], [-119.5659, 37.455947], [-119.565213, 37.455627], [-119.563295, 37.455126], [-119.560316, 37.454647], [-119.559543, 37.454647], [-119.558826, 37.454854], [-119.55811, 37.455267], [-119.55748, 37.455519], [-119.557421, 37.455522], [-119.556163, 37.455589], [-119.555619, 37.455818], [-119.555017, 37.45591], [-119.554337, 37.455689], [-119.554099, 37.455612], [-119.553534, 37.455573], [-119.551638, 37.455445], [-119.55114, 37.455222], [-119.550915, 37.455122], [-119.550624, 37.454869], [-119.550536, 37.454708]]}, "props": {"MTFCC": "S1400", "NAME": null}}, {"geom": {"type": "LineString", "coordinates": [[-119.584561, 37.412309], [-119.58472, 37.412389], [-119.585106, 37.412584], [-119.58517, 37.412668], [-119.585278, 37.412812]]}, "props": {"MTFCC": "S1400", "NAME": null}}, {"geom": {"type": "MultiLineString", "coordinates": [[[-119.60017116931218, 37.3641], [-119.600119, 37.364245], [-119.600091, 37.364364], [-119.600043, 37.364644], [-119.600041, 37.364814], [-119.600049, 37.364834], [-119.600067, 37.364848], [-119.600145, 37.36487], [-119.600187, 37.364869], [-119.600307, 37.364829], [-119.600484, 37.364787], [-119.600682, 37.364759], [-119.600735, 37.364757], [-119.60077, 37.364761], [-119.600787, 37.364763], [-119.600873, 37.364789], [-119.600906, 37.364811], [-119.600925, 37.36484], [-119.600947, 37.364934], [-119.600941, 37.365065], [-119.600913, 37.365198], [-119.600866, 37.365272], [-119.601037, 37.365351], [-119.601169, 37.365366], [-119.601272, 37.365372], [-119.601375, 37.365378], [-119.601412, 37.365378], [-119.601645, 37.365384], [-119.60178, 37.365377], [-119.601905, 37.365361], [-119.602152, 37.365313], [-119.602357, 37.365286], [-119.602404, 37.365272], [-119.602447, 37.365251], [-119.60253, 37.365181], [-119.602586, 37.365144], [-119.602646, 37.365111], [-119.602738, 37.365071], [-119.602798, 37.36505], [-119.602834, 37.365038], [-119.602929, 37.365016], [-119.603031, 37.365004], [-119.603125, 37.364994], [-119.603591, 37.364927], [-119.60367, 37.364889], [-119.603868, 37.364681], [-119.603931, 37.364599], [-119.604021, 37.364431], [-119.604059, 37.364378], [-119.604133, 37.36432], [-119.604149, 37.364295], [-119.6042160967742, 37.3641]], [[-119.60452186167146, 37.3641], [-119.604602, 37.364416], [-119.60465, 37.364736], [-119.604708, 37.364928], [-119.604768, 37.365029], [-119.604837, 37.365105], [-119.604969, 37.365177], [-119.605094, 37.365187], [-119.605102, 37.365348], [-119.605116, 37.365415], [-119.605136, 37.365465], [-119.605187, 37.365553], [-119.605224, 37.365615], [-119.605301, 37.365716], [-119.605345, 37.365746], [-119.605395, 37.365771], [-119.605509, 37.365808], [-119.605603, 37.36583], [-119.605719, 37.365846], [-119.605796, 37.365846], [-119.605875, 37.365833], [-119.60603, 37.365792], [-119.606165, 37.365769], [-119.606301, 37.365758], [-119.606368, 37.365764], [-119.606492, 37.365797], [-119.606604, 37.365841], [-119.606752, 37.365918], [-119.606954, 37.36604], [-119.607132, 37.366131], [-119.607185, 37.366168], [-119.607262, 37.366242], [-119.607305, 37.366305], [-119.607331, 37.366377], [-119.607346, 37.3665], [-119.607352, 37.366729], [-119.607366, 37.366804], [-119.607387, 37.366865], [-119.60745, 37.366983], [-119.607493, 37.367035], [-119.607542, 37.367077], [-119.607661, 37.36715], [-119.607812, 37.367231], [-119.607904, 37.367273], [-119.607968, 37.367294]]]}, "props": {"MTFCC": "S1400", "NAME": null}}, {"geom": {"type": "LineString", "coordinates": [[-119.586218, 37.393798], [-119.586687, 37.394416], [-119.587047, 37.395491], [-119.58727, 37.395678], [-119.587457, 37.395834], [-119.587548, 37.396198], [-119.587534, 37.396359], [-119.587474, 37.397022], [-119.587799, 37.397663], [-119.587863, 37.397937], [-119.587922, 37.398189], [-119.58839, 37.398669], [-119.588867, 37.399905], [-119.58922, 37.400454], [-119.590025, 37.401411], [-119.590252, 37.401681], [-119.591007, 37.402579], [-119.591356, 37.402808], [-119.591614, 37.402798]]}, "props": {"MTFCC": "S1400", "NAME": null}}, {"geom": {"type": "LineString", "coordinates": [[-119.58200477595629, 37.3641], [-119.582486, 37.36474], [-119.582687, 37.365152], [-119.582917, 37.366822], [-119.58286, 37.367325], [-119.582258, 37.368172], [-119.582173, 37.369087], [-119.582373, 37.369522], [-119.582632, 37.370803], [-119.582603, 37.371673], [-119.582351, 37.372532], [-119.582174, 37.373137], [-119.582031, 37.374419], [-119.581885, 37.374942], [-119.581738, 37.375331], [-119.581079, 37.375423]]}, "props": {"MTFCC": "S1400", "NAME": null}}, {"geom": {"type": "LineString", "coordinates": [[-119.567175, 37.383711], [-119.568035, 37.384306], [-119.56849, 37.384453], [-119.568953, 37.384603], [-119.569067, 37.384695], [-119.569096, 37.385541], [-119.569813, 37.386205], [-119.569928, 37.386479], [-119.570157, 37.387738], [-119.570213, 37.387807], [-119.570473, 37.388127], [-119.570509, 37.388143], [-119.570931, 37.388333], [-119.571992, 37.388401]]}, "props": {"MTFCC": "S1400", "NAME": null}}, {"geom": {"type": "LineString", "coordinates": [[-119.612692, 37.375309], [-119.61259, 37.375369], [-119.612532, 37.375391], [-119.612481, 37.375418], [-119.612436, 37.37545], [-119.612397, 37.375487], [-119.612359, 37.375536], [-119.612332, 37.375591], [-119.612308, 37.375683], [-119.612312, 37.375728], [-119.612329, 37.375771], [-119.612358, 37.375812], [-119.612432, 37.375883], [-119.612442, 37.375893], [-119.612673, 37.376034], [-119.612715, 37.376073], [-119.612748, 37.376118], [-119.612828, 37.376263], [-119.612913, 37.376389], [-119.612946, 37.376455], [-119.612981, 37.376599], [-119.613018, 37.376864], [-119.613029, 37.376996], [-119.613034, 37.377252], [-119.613042, 37.37738], [-119.613105, 37.377678], [-119.613108, 37.37769], [-119.613174, 37.377926], [-119.613219, 37.378067], [-119.613245, 37.378144], [-119.613284, 37.378306], [-119.613299, 37.378611], [-119.613311, 37.378688], [-119.613341, 37.378747], [-119.613379, 37.378796], [-119.613424, 37.378821]]}, "props": {"MTFCC": "S1400", "NAME": null}}, {"geom": {"type": "LineString", "coordinates": [[-119.418353, 37.486755], [-119.418354, 37.486724], [-119.41836, 37.486631], [-119.418363, 37.486601]]}, "props": {"MTFCC": "S1400", "NAME": null}}, {"geom": {"type": "LineString", "coordinates": [[-119.435858, 37.44677], [-119.435914, 37.447561], [-119.436214, 37.4479], [-119.436991, 37.44828], [-119.437154, 37.44846], [-119.437227, 37.448822], [-119.437475, 37.449025], [-119.437541, 37.449024], [-119.437837, 37.449021], [-119.43858, 37.448415], [-119.439165, 37.44825], [-119.439666, 37.448222], [-119.440138, 37.448377], [-119.440955, 37.448885], [-119.441077, 37.448961], [-119.441184, 37.449164], [-119.441251, 37.449661], [-119.441665, 37.449976], [-119.441646, 37.450474], [-119.44124, 37.45131], [-119.440971, 37.451535], [-119.440111, 37.451711], [-119.439749, 37.452116], [-119.43959, 37.452523], [-119.439799, 37.453043], [-119.43981, 37.453517], [-119.439671, 37.45415], [-119.440161, 37.45476], [-119.440351, 37.455778], [-119.440515, 37.45598], [-119.440959, 37.456159], [-119.442156, 37.456078], [-119.442517, 37.456212], [-119.442496, 37.456777], [-119.441601, 37.457362], [-119.441381, 37.457837], [-119.4414, 37.45813], [-119.44156, 37.458401], [-119.441574, 37.458808], [-119.441331, 37.459124], [-119.440578, 37.459845], [-119.440427, 37.460071], [-119.440523, 37.461293], [-119.440424, 37.461631], [-119.439905, 37.462377], [-119.439685, 37.462852], [-119.4397, 37.463982], [-119.439852, 37.464375], [-119.439883, 37.464456], [-119.440106, 37.464523], [-119.440199, 37.464516], [-119.440282, 37.464509], [-119.440802, 37.464471], [-119.441187, 37.464145], [-119.441398, 37.463658], [-119.441623, 37.462801], [-119.441817, 37.462708], [-119.442151, 37.462704], [-119.442198, 37.462724], [-119.443261, 37.463173], [-119.443673, 37.463555], [-119.443951, 37.463644], [-119.445234, 37.463471], [-119.445706, 37.463627], [-119.445782, 37.463677], [-119.446356, 37.463967], [-119.44718, 37.464384], [-119.448137, 37.464693], [-119.44875, 37.464892]]}, "props": {"MTFCC": "S1400", "NAME": null}}, {"geom": {"type": "LineString", "coordinates": [[-119.615396, 37.470222], [-119.614849, 37.47092], [-119.61483, 37.472235], [-119.614756, 37.47242], [-119.613552, 37.472846], [-119.612718, 37.473124], [-119.6127, 37.473884], [-119.61307, 37.474606], [-119.613404, 37.474754], [-119.614249, 37.474744], [-119.614568, 37.475216], [-119.614385, 37.476403], [-119.614478, 37.476588], [-119.615328, 37.477179]]}, "props": {"MTFCC": "S1400", "NAME": null}}, {"geom": {"type": "LineString", "coordinates": [[-119.693201, 37.397037], [-119.692833, 37.397092], [-119.692792, 37.397115], [-119.692339, 37.39738], [-119.691846, 37.39758], [-119.691755, 37.397757], [-119.691565, 37.398131]]}, "props": {"MTFCC": "S1740", "NAME": null}}, {"geom": {"type": "LineString", "coordinates": [[-119.693181, 37.396137], [-119.692763, 37.396226], [-119.692423, 37.3963], [-119.692051, 37.396171], [-119.691521, 37.396082], [-119.69115, 37.396294]]}, "props": {"MTFCC": "S1740", "NAME": null}}, {"geom": {"type": "LineString", "coordinates": [[-119.725024, 37.372374], [-119.725133, 37.372382], [-119.725462, 37.372406], [-119.725572, 37.372415]]}, "props": {"MTFCC": "S1740", "NAME": null}}, {"geom": {"type": "LineString", "coordinates": [[-119.627952, 37.373063], [-119.627841, 37.373086], [-119.627787, 37.373116], [-119.627726, 37.373159], [-119.627679, 37.373205], [-119.627559, 37.373362], [-119.627527, 37.373406], [-119.62751, 37.373429], [-119.627447, 37.37349], [-119.627367, 37.373541], [-119.627197, 37.373626], [-119.627058, 37.373682], [-119.626867, 37.373744], [-119.626656, 37.373799], [-119.626487, 37.373833], [-119.626376, 37.373842], [-119.626159, 37.373832], [-119.626144, 37.373831], [-119.62577, 37.373831], [-119.625631, 37.373823]]}, "props": {"MTFCC": "S1400", "NAME": null}}, {"geom": {"type": "LineString", "coordinates": [[-119.38983, 37.41999], [-119.389655, 37.420371], [-119.389465, 37.421342], [-119.389377, 37.421793], [-119.38898, 37.422719], [-119.388954, 37.423217], [-119.388445, 37.424481], [-119.388505, 37.425044], [-119.388606, 37.42536], [-119.388738, 37.425768], [-119.389202, 37.426444], [-119.389232, 37.426602]]}, "props": {"MTFCC": "S1400", "NAME": null}}, {"geom": {"type": "LineString", "coordinates": [[-119.498656, 37.41449], [-119.498346, 37.41449], [-119.497943, 37.414491], [-119.497436, 37.414624], [-119.497251, 37.414674], [-119.497222, 37.414788], [-119.496854, 37.414742], [-119.495752, 37.414605], [-119.495385, 37.41456]]}, "props": {"MTFCC": "S1400", "NAME": null}}, {"geom": {"type": "LineString", "coordinates": [[-119.497222, 37.414788], [-119.497452, 37.41488], [-119.498206, 37.415016], [-119.498456, 37.415062]]}, "props": {"MTFCC": "S1400", "NAME": null}}, {"geom": {"type": "LineString", "coordinates": [[-119.377622, 37.376373], [-119.378785, 37.37624], [-119.379251, 37.376263], [-119.379672, 37.376339], [-119.380033, 37.376482], [-119.380338, 37.376682], [-119.380583, 37.377036], [-119.380732, 37.377549], [-119.380754, 37.377896], [-119.380774, 37.378195], [-119.380731, 37.379175], [-119.380786, 37.380529], [-119.380861, 37.380747], [-119.381028, 37.380968], [-119.381253, 37.381143], [-119.381529, 37.381287], [-119.381842, 37.381374], [-119.382055, 37.381379], [-119.382249, 37.381384], [-119.382542, 37.381312], [-119.382812, 37.381183], [-119.383154, 37.38093], [-119.383385, 37.380615], [-119.383588, 37.38002], [-119.383855, 37.37968], [-119.384075, 37.379525], [-119.38432, 37.379417], [-119.384623, 37.379351], [-119.38495, 37.379343], [-119.385188, 37.379396], [-119.385422, 37.379502], [-119.385743, 37.379758], [-119.385929, 37.38003], [-119.386196, 37.38071], [-119.386391, 37.380951], [-119.386572, 37.381082], [-119.387764, 37.381563], [-119.38822, 37.381713], [-119.38896, 37.381957], [-119.389363, 37.382049], [-119.389631, 37.381991], [-119.390049, 37.381748], [-119.390189, 37.381597], [-119.39052, 37.38101], [-119.390747, 37.380831], [-119.391121, 37.380691], [-119.391724, 37.380582]]}, "props": {"MTFCC": "S1400", "NAME": null}}, {"geom": {"type": "LineString", "coordinates": [[-119.349207, 37.407791], [-119.349321, 37.407696], [-119.349499, 37.40755], [-119.349645, 37.407395], [-119.349747, 37.407288]]}, "props": {"MTFCC": "S1400", "NAME": null}}, {"geom": {"type": "LineString", "coordinates": [[-119.451972, 37.489397], [-119.452057, 37.489165], [-119.452373, 37.488932], [-119.452745, 37.489021], [-119.452917, 37.489178], [-119.453232, 37.489015], [-119.453576, 37.488712], [-119.453948, 37.488571], [-119.454579, 37.488496], [-119.455095, 37.488697], [-119.455275, 37.488856], [-119.455324, 37.488899], [-119.455438, 37.489125], [-119.455495, 37.489645], [-119.455351, 37.490119], [-119.455407, 37.490685], [-119.45555, 37.490979], [-119.456295, 37.491314], [-119.45704, 37.491008], [-119.457698, 37.49052], [-119.458158, 37.4904], [-119.458645, 37.490419], [-119.459132, 37.490687], [-119.459332, 37.491071], [-119.459418, 37.491093], [-119.459619, 37.49141], [-119.459704, 37.491975], [-119.459473, 37.492382], [-119.45884, 37.492854], [-119.458063, 37.493325], [-119.45743, 37.493571], [-119.456682, 37.494088], [-119.456499, 37.494294], [-119.456423, 37.494381], [-119.456393, 37.494539], [-119.456623, 37.494674], [-119.459118, 37.494901], [-119.459719, 37.494849], [-119.45992, 37.49471]]}, "props": {"MTFCC": "S1400", "NAME": null}}, {"geom": {"type": "LineString", "coordinates": [[-119.435861, 37.491641], [-119.436637, 37.491916], [-119.437996, 37.492017], [-119.438159, 37.49203], [-119.439394, 37.492488], [-119.439825, 37.493105], [-119.440227, 37.493311], [-119.440648, 37.493291], [-119.441663, 37.493243], [-119.442036, 37.493105], [-119.442266, 37.492876], [-119.442495, 37.49235], [-119.442495, 37.492167], [-119.442294, 37.491961], [-119.442294, 37.491709], [-119.442631, 37.491463], [-119.443845, 37.491549], [-119.444505, 37.491938], [-119.444706, 37.491938]]}, "props": {"MTFCC": "S1400", "NAME": null}}, {"geom": {"type": "LineString", "coordinates": [[-119.446199, 37.489421], [-119.446292, 37.48989], [-119.44681, 37.490698], [-119.446935, 37.490892], [-119.446904, 37.491117], [-119.446701, 37.491206], [-119.446209, 37.491039], [-119.445688, 37.491053], [-119.445195, 37.491343]]}, "props": {"MTFCC": "S1400", "NAME": null}}, {"geom": {"type": "LineString", "coordinates": [[-119.321777, 37.396634], [-119.322369, 37.396612], [-119.322745, 37.395605], [-119.323177, 37.395078], [-119.323292, 37.394758], [-119.323405, 37.394649], [-119.323725, 37.394346], [-119.323955, 37.393934], [-119.3241, 37.393316], [-119.324791, 37.39279], [-119.325769, 37.392561], [-119.326315, 37.392309], [-119.327063, 37.392195], [-119.327466, 37.392286], [-119.327955, 37.392515], [-119.328647, 37.393362], [-119.328963, 37.393613], [-119.329884, 37.393911], [-119.330165, 37.394102], [-119.330287, 37.394185], [-119.330346, 37.394666], [-119.330091, 37.395741], [-119.330333, 37.396824], [-119.330399, 37.397044], [-119.330676, 37.397609], [-119.331068, 37.397872], [-119.331112, 37.397902], [-119.331357, 37.397992], [-119.33218, 37.398077], [-119.333007, 37.398345], [-119.334134, 37.398383], [-119.334593, 37.398539], [-119.334924, 37.39871], [-119.335767, 37.399146], [-119.336148, 37.399101], [-119.336357, 37.399076], [-119.336467, 37.399007], [-119.336488, 37.398802], [-119.33571, 37.398167], [-119.33573, 37.397961], [-119.336144, 37.397665], [-119.33626, 37.39766], [-119.336672, 37.397644], [-119.337478, 37.397854], [-119.338056, 37.39836], [-119.338297, 37.398727], [-119.338434, 37.399671], [-119.338769, 37.400659], [-119.338803, 37.401303], [-119.339018, 37.401647], [-119.339379, 37.401626], [-119.339488, 37.401489], [-119.339381, 37.40092], [-119.339191, 37.400488], [-119.339188, 37.400427], [-119.339154, 37.399507], [-119.339527, 37.398826], [-119.340107, 37.398461], [-119.340544, 37.398476], [-119.34104, 37.39865], [-119.341245, 37.398828], [-119.341089, 37.3995], [-119.340776, 37.399832], [-119.340587, 37.400035], [-119.340623, 37.400415], [-119.340742, 37.400594], [-119.341035, 37.40077], [-119.34191, 37.400687], [-119.342902, 37.400966], [-119.34363, 37.400885], [-119.344126, 37.400692], [-119.344418, 37.40071], [-119.34474, 37.400841], [-119.345181, 37.401197], [-119.345756, 37.402561], [-119.345772, 37.402623], [-119.346006, 37.403501], [-119.346124, 37.40359], [-119.346502, 37.403491], [-119.346855, 37.403115], [-119.346887, 37.402975], [-119.347121, 37.402832]]}, "props": {"MTFCC": "S1400", "NAME": null}}, {"geom": {"type": "LineString", "coordinates": [[-119.356361, 37.374214], [-119.356179, 37.374405], [-119.35567, 37.374943], [-119.355655, 37.374991], [-119.355581, 37.375245]]}, "props": {"MTFCC": "S1400", "NAME": null}}, {"geom": {"type": "LineString", "coordinates": [[-119.407227, 37.496971], [-119.407392, 37.497201], [-119.407572, 37.497452], [-119.407533, 37.497992], [-119.407514, 37.498275]]}, "props": {"MTFCC": "S1200", "NAME": null}}, {"geom": {"type": "LineString", "coordinates": [[-119.407514, 37.498275], [-119.407549, 37.498597], [-119.407971, 37.49899], [-119.408337, 37.499143], [-119.408805, 37.499339], [-119.409347, 37.499956], [-119.410921, 37.50155], [-119.411064, 37.501841], [-119.41117, 37.502057], [-119.411175, 37.502379], [-119.410924, 37.503071]]}, "props": {"MTFCC": "S1400", "NAME": null}}, {"geom": {"type": "LineString", "coordinates": [[-119.620577, 37.403435], [-119.620575, 37.403278], [-119.620583, 37.403202], [-119.620608, 37.403146], [-119.620641, 37.403109], [-119.620768, 37.402973], [-119.620886, 37.402865], [-119.621008, 37.402789], [-119.621084, 37.402735], [-119.621127, 37.402692], [-119.621173, 37.40263], [-119.621203, 37.402558], [-119.621215, 37.402475], [-119.621216, 37.402339], [-119.621213, 37.402326], [-119.621193, 37.402221], [-119.621154, 37.402114], [-119.621135, 37.401993], [-119.621086, 37.401918], [-119.620974, 37.401868], [-119.620927, 37.401836], [-119.620848, 37.401746], [-119.620795, 37.401662], [-119.620758, 37.401604], [-119.620704, 37.401473], [-119.620691, 37.401366], [-119.620656, 37.401305], [-119.620605, 37.40127], [-119.620545, 37.401242], [-119.620494, 37.401233], [-119.620382, 37.401235], [-119.620209, 37.401205], [-119.620098, 37.401161], [-119.620081, 37.40115], [-119.620051, 37.401132], [-119.62001, 37.401092], [-119.619808, 37.400778], [-119.619767, 37.400714], [-119.619721, 37.400619], [-119.619648, 37.400423], [-119.619587, 37.400349]]}, "props": {"MTFCC": "S1400", "NAME": null}}, {"geom": {"type": "LineString", "coordinates": [[-119.619334, 37.395287], [-119.619365, 37.395104], [-119.619461, 37.394556], [-119.619494, 37.394374]]}, "props": {"MTFCC": "S1400", "NAME": null}}, {"geom": {"type": "LineString", "coordinates": [[-119.594742, 37.405466], [-119.59477, 37.405488], [-119.595007, 37.405579], [-119.595921, 37.40562], [-119.596121, 37.405683], [-119.596247, 37.405722], [-119.596423, 37.405778], [-119.596723, 37.406006], [-119.596719, 37.406734], [-119.596665, 37.408173], [-119.596616, 37.409489], [-119.596637, 37.410083], [-119.596667, 37.410923], [-119.596699, 37.411015], [-119.59699, 37.411551], [-119.597061, 37.411698], [-119.597703, 37.412319], [-119.598264, 37.412641], [-119.598381, 37.412671], [-119.598643, 37.412738], [-119.599131, 37.412863], [-119.601588, 37.413494], [-119.602233, 37.413909], [-119.602731, 37.414666], [-119.603381, 37.41594], [-119.603445, 37.416065], [-119.603667, 37.416318], [-119.604738, 37.416504], [-119.604878, 37.416618], [-119.60491, 37.41703], [-119.604923, 37.417192], [-119.605285, 37.417674], [-119.605245, 37.418224], [-119.604685, 37.41873], [-119.604674, 37.419258]]}, "props": {"MTFCC": "S1400", "NAME": null}}, {"geom": {"type": "LineString", "coordinates": [[-119.64814942857143, 37.3641], [-119.648134, 37.364103]]}, "props": {"MTFCC": "S1400", "NAME": null}}, {"geom": {"type": "LineString", "coordinates": [[-119.734951, 37.399405], [-119.734524, 37.398832], [-119.734462, 37.398748], [-119.734288, 37.398555], [-119.73377, 37.398285], [-119.733166, 37.398151], [-119.732591, 37.398156], [-119.731877, 37.398163]]}, "props": {"MTFCC": "S1400", "NAME": null}}, {"geom": {"type": "LineString", "coordinates": [[-119.522698, 37.387045], [-119.523386, 37.387411], [-119.52416, 37.387503], [-119.524504, 37.387778], [-119.524733, 37.388258], [-119.525163, 37.38867], [-119.525191, 37.388968], [-119.524704, 37.389173], [-119.523413, 37.389333], [-119.523155, 37.389539], [-119.522868, 37.390248], [-119.522897, 37.390546], [-119.523441, 37.391576], [-119.523469, 37.392056], [-119.523613, 37.392331], [-119.523928, 37.392605], [-119.523969, 37.392604], [-119.524587, 37.392583], [-119.525763, 37.392126], [-119.526057, 37.3922], [-119.527025, 37.392446], [-119.527828, 37.392995], [-119.528372, 37.393475], [-119.529261, 37.393819], [-119.529577, 37.394116], [-119.529548, 37.39462], [-119.529347, 37.395306], [-119.529547, 37.395604], [-119.529834, 37.395764], [-119.53058, 37.395924], [-119.530924, 37.396245], [-119.531009, 37.396496], [-119.530771, 37.396897], [-119.530751, 37.396931], [-119.530722, 37.39716], [-119.530837, 37.397251], [-119.531842, 37.397435], [-119.532128, 37.397687], [-119.5323, 37.398304], [-119.532329, 37.398945], [-119.53251, 37.399198], [-119.532558, 37.399265], [-119.532931, 37.399128], [-119.533074, 37.398762], [-119.533419, 37.398282], [-119.533706, 37.398076], [-119.534279, 37.398168], [-119.534681, 37.398442], [-119.534996, 37.398946], [-119.535139, 37.398969], [-119.535455, 37.398809], [-119.53577, 37.398465], [-119.535857, 37.398168], [-119.535685, 37.397436], [-119.535714, 37.396909], [-119.536058, 37.396177], [-119.536087, 37.395399], [-119.536202, 37.39485], [-119.536403, 37.39453], [-119.53669, 37.394324], [-119.537378, 37.394439], [-119.537865, 37.394736], [-119.538181, 37.394668], [-119.538353, 37.39453], [-119.538468, 37.393821], [-119.538669, 37.393295], [-119.539386, 37.39254], [-119.539501, 37.391992], [-119.539472, 37.390298], [-119.539702, 37.389704], [-119.54019, 37.389475], [-119.540935, 37.389361], [-119.543, 37.389727], [-119.543516, 37.389659], [-119.544405, 37.389293], [-119.545007, 37.389361], [-119.545437, 37.389865], [-119.545557, 37.390137], [-119.545752, 37.390574], [-119.546039, 37.390826], [-119.547989, 37.390826], [-119.548535, 37.390918], [-119.548879, 37.391124], [-119.548879, 37.391466], [-119.548592, 37.392107], [-119.548649, 37.392496], [-119.549366, 37.3938], [-119.549796, 37.394967], [-119.550025, 37.395402], [-119.550312, 37.395608], [-119.550656, 37.395608], [-119.551488, 37.395402], [-119.552377, 37.395402], [-119.55275, 37.395471]]}, "props": {"MTFCC": "S1400", "NAME": null}}, {"geom": {"type": "LineString", "coordinates": [[-119.48069510810811, 37.3641], [-119.480729, 37.364119]]}, "props": {"MTFCC": "S1400", "NAME": null}}, {"geom": {"type": "LineString", "coordinates": [[-119.724384, 37.366031], [-119.724149, 37.366019], [-119.72377, 37.366001], [-119.723484, 37.365843], [-119.723358, 37.365773], [-119.723361, 37.365683]]}, "props": {"MTFCC": "S1400", "NAME": null}}, {"geom": {"type": "LineString", "coordinates": [[-119.723667, 37.37028], [-119.723574, 37.370112], [-119.723551, 37.37007], [-119.723253, 37.36981], [-119.723214, 37.369686], [-119.723194, 37.36962], [-119.723075, 37.369597]]}, "props": {"MTFCC": "S1740", "NAME": null}}, {"geom": {"type": "LineString", "coordinates": [[-119.715763, 37.374173], [-119.715774, 37.374152], [-119.715805, 37.374117], [-119.715846, 37.374087], [-119.715886, 37.374066], [-119.715944, 37.374039], [-119.716001, 37.374019], [-119.716122, 37.373989], [-119.71631, 37.373967], [-119.716372, 37.373967], [-119.716539, 37.373968], [-119.716562, 37.373978], [-119.716631, 37.374008], [-119.716655, 37.374018], [-119.716678, 37.374028], [-119.716749, 37.374058], [-119.716773, 37.374068], [-119.716835, 37.374094], [-119.71702, 37.374174], [-119.717082, 37.374208]]}, "props": {"MTFCC": "S1400", "NAME": null}}, {"geom": {"type": "LineString", "coordinates": [[-119.716038, 37.374781], [-119.716185, 37.374638], [-119.716625, 37.37421], [-119.716773, 37.374068]]}, "props": {"MTFCC": "S1400", "NAME": null}}, {"geom": {"type": "LineString", "coordinates": [[-119.712021, 37.37267], [-119.712249, 37.372619], [-119.712936, 37.372465], [-119.713165, 37.372415]]}, "props": {"MTFCC": "S1400", "NAME": null}}, {"geom": {"type": "LineString", "coordinates": [[-119.708893, 37.386065], [-119.70839, 37.386092], [-119.708299, 37.386097], [-119.707573, 37.386154], [-119.707148, 37.386434], [-119.707001, 37.386541], [-119.706861, 37.386644], [-119.706531, 37.38665]]}, "props": {"MTFCC": "S1740", "NAME": null}}, {"geom": {"type": "LineString", "coordinates": [[-119.719422, 37.376527], [-119.719346, 37.376519], [-119.719118, 37.376496], [-119.719043, 37.376489], [-119.718845, 37.376477], [-119.71814, 37.37645], [-119.717925, 37.376432], [-119.717531, 37.376383], [-119.717358, 37.376385], [-119.717213, 37.376409], [-119.717067, 37.376454], [-119.716763, 37.376575], [-119.716606, 37.376628], [-119.716374, 37.37669], [-119.716363, 37.376694], [-119.716258, 37.37674], [-119.71603, 37.376895], [-119.715748, 37.377136], [-119.71557, 37.377307], [-119.715475, 37.377392], [-119.715401, 37.377493], [-119.715143, 37.377777], [-119.71478, 37.378147], [-119.714594, 37.378374], [-119.714508, 37.378492], [-119.714252, 37.378902], [-119.714014, 37.379319], [-119.713879, 37.379579], [-119.7137, 37.379956], [-119.713582, 37.380175], [-119.713501, 37.380294], [-119.713385, 37.380438], [-119.713095, 37.380747], [-119.712984, 37.380894], [-119.712872, 37.381077], [-119.712477, 37.381821], [-119.712039, 37.382287], [-119.711559, 37.382546], [-119.711109, 37.382689], [-119.711082, 37.382686], [-119.710603, 37.38265], [-119.710095, 37.382519], [-119.709639, 37.382161], [-119.709266, 37.381645], [-119.708884, 37.381303], [-119.708607, 37.381034], [-119.708325, 37.380761], [-119.70781, 37.380199], [-119.707551, 37.379915], [-119.707293, 37.379961], [-119.706949, 37.380212], [-119.706648, 37.38032], [-119.706118, 37.38051], [-119.705813, 37.380903], [-119.705516, 37.381288], [-119.704082, 37.381996], [-119.70368, 37.382248], [-119.703508, 37.382683], [-119.703308, 37.382934], [-119.70282, 37.38314], [-119.702849, 37.383827], [-119.702505, 37.38433], [-119.70166, 37.384916], [-119.700527, 37.385703], [-119.699896, 37.385978]]}, "props": {"MTFCC": "S1400", "NAME": null}}, {"geom": {"type": "LineString", "coordinates": [[-119.61971, 37.364886], [-119.61983, 37.364868], [-119.619856, 37.364855], [-119.619904, 37.364827], [-119.619938, 37.364792], [-119.619982, 37.364721], [-119.620031, 37.364665], [-119.620093, 37.364613], [-119.620157, 37.364575], [-119.620264, 37.364538], [-119.620438, 37.364495], [-119.62052, 37.364484], [-119.620579, 37.364487], [-119.620641, 37.364499], [-119.620761, 37.364541], [-119.620963, 37.364612], [-119.62112, 37.364664], [-119.621254, 37.364691], [-119.621624, 37.364735], [-119.621723, 37.364753], [-119.621804, 37.364783], [-119.621902, 37.364833], [-119.62202, 37.364908], [-119.622253, 37.365098], [-119.62237, 37.365176], [-119.622401, 37.365206], [-119.622429, 37.36525], [-119.622459, 37.36535], [-119.622488, 37.365519], [-119.622514, 37.365568], [-119.622559, 37.365621], [-119.622597, 37.365649], [-119.622642, 37.365667], [-119.622729, 37.365683], [-119.622891, 37.36572], [-119.623076, 37.365778], [-119.623163, 37.365817], [-119.623202, 37.365846], [-119.62324, 37.365887], [-119.623291, 37.365965], [-119.623329, 37.366061], [-119.623374, 37.366363], [-119.623395, 37.366426], [-119.62343, 37.366491], [-119.623486, 37.366559], [-119.623551, 37.366612], [-119.623629, 37.36666], [-119.623734, 37.366703], [-119.623854, 37.366737], [-119.623895, 37.366798], [-119.623907, 37.366831], [-119.623935, 37.36692], [-119.623952, 37.367043], [-119.623967, 37.367271], [-119.624001, 37.367329]]}, "props": {"MTFCC": "S1400", "NAME": null}}, {"geom": {"type": "LineString", "coordinates": [[-119.666109, 37.36851], [-119.666079, 37.368279], [-119.665992, 37.367586], [-119.665983, 37.367509], [-119.665964, 37.367356]]}, "props": {"MTFCC": "S1740", "NAME": null}}, {"geom": {"type": "LineString", "coordinates": [[-119.724002, 37.40732], [-119.724296, 37.407309], [-119.724452, 37.407304], [-119.724926, 37.407399]]}, "props": {"MTFCC": "S1740", "NAME": null}}, {"geom": {"type": "LineString", "coordinates": [[-119.724495, 37.380981], [-119.724377, 37.380988], [-119.724226, 37.38102], [-119.724032, 37.381056], [-119.723885, 37.381061], [-119.723793, 37.381072], [-119.723673, 37.381108], [-119.723567, 37.38116], [-119.723491, 37.381218], [-119.723371, 37.381306], [-119.723317, 37.381399], [-119.723308, 37.381493], [-119.723337, 37.381563], [-119.723394, 37.381633]]}, "props": {"MTFCC": "S1400", "NAME": null}}, {"geom": {"type": "LineString", "coordinates": [[-119.678066, 37.383697], [-119.678233, 37.38343], [-119.678532, 37.382957], [-119.678644, 37.382779], [-119.678743, 37.382636], [-119.678924, 37.382378]]}, "props": {"MTFCC": "S1740", "NAME": null}}, {"geom": {"type": "LineString", "coordinates": [[-119.716441, 37.416169], [-119.716445, 37.416204], [-119.716362, 37.416311]]}, "props": {"MTFCC": "S1740", "NAME": null}}, {"geom": {"type": "LineString", "coordinates": [[-119.702582, 37.370128], [-119.702164, 37.369974], [-119.702037, 37.369944], [-119.701755, 37.36988], [-119.701388, 37.369872], [-119.700987, 37.369761], [-119.70091, 37.369721], [-119.700654, 37.36959], [-119.700278, 37.369428], [-119.700082, 37.369189], [-119.700057, 37.369019], [-119.700159, 37.368635], [-119.70027, 37.368242], [-119.700381, 37.367952], [-119.700381, 37.36773], [-119.700355, 37.367491], [-119.700296, 37.367295], [-119.700261, 37.367082], [-119.700253, 37.366928], [-119.700253, 37.366681], [-119.700125, 37.366536], [-119.700114, 37.366432]]}, "props": {"MTFCC": "S1400", "NAME": null}}, {"geom": {"type": "LineString", "coordinates": [[-119.031166, 37.626373], [-119.031239, 37.626327], [-119.031458, 37.626192], [-119.031532, 37.626147]]}, "props": {"MTFCC": "S1400", "NAME": null}}, {"geom": {"type": "LineString", "coordinates": [[-119.076428, 37.620141], [-119.076452, 37.620036], [-119.076505, 37.619816], [-119.076573, 37.619749], [-119.07665, 37.619675], [-119.076872, 37.619147], [-119.076968, 37.618714], [-119.077021, 37.618476], [-119.076387, 37.616919], [-119.076184, 37.615843], [-119.076171, 37.615817], [-119.075724, 37.614905]]}, "props": {"MTFCC": "S1400", "NAME": null}}, {"geom": {"type": "LineString", "coordinates": [[-119.656205, 37.380766], [-119.656459, 37.381145], [-119.65689, 37.381787], [-119.657346, 37.382172], [-119.657695, 37.382468]]}, "props": {"MTFCC": "S1740", "NAME": null}}, {"geom": {"type": "LineString", "coordinates": [[-119.621717, 37.387105], [-119.621686, 37.38721], [-119.621592, 37.387525], [-119.621562, 37.387631]]}, "props": {"MTFCC": "S1400", "NAME": null}}, {"geom": {"type": "LineString", "coordinates": [[-119.716362, 37.416311], [-119.716254, 37.416466], [-119.716147, 37.416585]]}, "props": {"MTFCC": "S1740", "NAME": null}}, {"geom": {"type": "LineString", "coordinates": [[-119.730918, 37.415593], [-119.730512, 37.415502], [-119.730324, 37.41546], [-119.730133, 37.415259], [-119.72985, 37.414829], [-119.729759, 37.414582], [-119.729728, 37.414495], [-119.729795, 37.414179]]}, "props": {"MTFCC": "S1740", "NAME": null}}, {"geom": {"type": "LineString", "coordinates": [[-119.724311, 37.412043], [-119.724448, 37.411967], [-119.724484, 37.411948], [-119.724713, 37.41185], [-119.724891, 37.411815], [-119.725046, 37.411785]]}, "props": {"MTFCC": "S1740", "NAME": null}}, {"geom": {"type": "LineString", "coordinates": [[-119.727546, 37.404462], [-119.727539, 37.404644], [-119.727531, 37.404909], [-119.727475, 37.405185], [-119.727439, 37.405364]]}, "props": {"MTFCC": "S1740", "NAME": null}}, {"geom": {"type": "LineString", "coordinates": [[-119.7237, 37.407985], [-119.724456, 37.40811], [-119.724813, 37.408122], [-119.725171, 37.40811], [-119.72529, 37.408002]]}, "props": {"MTFCC": "S1740", "NAME": null}}, {"geom": {"type": "LineString", "coordinates": [[-119.724313, 37.406482], [-119.72479, 37.406622], [-119.725111, 37.406764], [-119.725254, 37.406967]]}, "props": {"MTFCC": "S1740", "NAME": null}}, {"geom": {"type": "LineString", "coordinates": [[-119.49048, 37.414586], [-119.491414, 37.414686], [-119.491541, 37.4147], [-119.492029, 37.414654], [-119.492717, 37.414219], [-119.493836, 37.414378], [-119.494078, 37.414471], [-119.494955, 37.414812]]}, "props": {"MTFCC": "S1400", "NAME": null}}, {"geom": {"type": "LineString", "coordinates": [[-119.80770318781725, 37.3641], [-119.8077, 37.364257], [-119.807693, 37.364756], [-119.807931, 37.36508], [-119.80791, 37.365427], [-119.807492, 37.365776], [-119.807415, 37.366125], [-119.807466, 37.367004], [-119.807712, 37.367676], [-119.807563, 37.368603], [-119.807331, 37.36879], [-119.806584, 37.369673], [-119.80612, 37.370574], [-119.806004, 37.371948], [-119.805916, 37.372047], [-119.804785, 37.37333], [-119.804367, 37.374508], [-119.80413, 37.37477], [-119.803539, 37.374658], [-119.803079, 37.374454], [-119.802829, 37.374439], [-119.801427, 37.375183], [-119.801274, 37.375568], [-119.801255, 37.375865], [-119.801602, 37.376363], [-119.801671, 37.37677], [-119.801642, 37.377098], [-119.801569, 37.377919], [-119.801637, 37.378557], [-119.801602, 37.379098], [-119.801851, 37.379524], [-119.801921, 37.38064], [-119.802028, 37.382313], [-119.802312, 37.382911], [-119.802703, 37.38402], [-119.802749, 37.384483]]}, "props": {"MTFCC": "S1400", "NAME": null}}, {"geom": {"type": "LineString", "coordinates": [[-119.760262, 37.384698], [-119.760272, 37.384906], [-119.760268, 37.384959], [-119.760254, 37.385009], [-119.760226, 37.385046], [-119.760188, 37.385079], [-119.760128, 37.385169], [-119.760065, 37.385348], [-119.760035, 37.385485], [-119.760019, 37.385531], [-119.759963, 37.385615], [-119.759933, 37.385647], [-119.759865, 37.38572], [-119.7598, 37.385831], [-119.759759, 37.385962], [-119.759736, 37.3861], [-119.759729, 37.386242], [-119.759748, 37.386354], [-119.759766, 37.386408], [-119.759866, 37.386592], [-119.759881, 37.386653], [-119.759891, 37.386779], [-119.759934, 37.386939], [-119.759936, 37.387002], [-119.759928, 37.387064], [-119.759905, 37.387128], [-119.75983, 37.387263], [-119.759626, 37.387578], [-119.759555, 37.38767], [-119.759318, 37.387919], [-119.759127, 37.388135], [-119.758967, 37.388354], [-119.758892, 37.388474], [-119.758817, 37.388607], [-119.758759, 37.388683], [-119.75855, 37.388907], [-119.758499, 37.388952], [-119.758356, 37.389055], [-119.758285, 37.389127], [-119.758264, 37.389148], [-119.75824, 37.389187], [-119.758229, 37.38924], [-119.758211, 37.389494], [-119.758174, 37.389617], [-119.758158, 37.389657], [-119.758105, 37.389801], [-119.758089, 37.389827], [-119.75801, 37.38992], [-119.757787, 37.390136], [-119.75776, 37.390173], [-119.757742, 37.39022], [-119.757717, 37.390357], [-119.757712, 37.390446], [-119.757726, 37.390687], [-119.757729, 37.390858], [-119.757743, 37.390979], [-119.757778, 37.391169], [-119.757799, 37.391309], [-119.757804, 37.391523], [-119.757793, 37.39163], [-119.757771, 37.391721], [-119.757749, 37.391816], [-119.757738, 37.391889], [-119.75772, 37.39194], [-119.757707, 37.391956], [-119.757664, 37.391989], [-119.75765, 37.391991], [-119.757573, 37.392008], [-119.75731, 37.391996], [-119.757035, 37.391977], [-119.756712, 37.391972], [-119.756399, 37.391969], [-119.756628, 37.393359], [-119.756695, 37.393759], [-119.75724, 37.394555], [-119.757579, 37.395225], [-119.757318, 37.397317], [-119.757158, 37.398609], [-119.757134, 37.398714], [-119.757001, 37.399234], [-119.756867, 37.399765], [-119.756664, 37.400734], [-119.756626, 37.400798], [-119.756355, 37.401263], [-119.756571, 37.401953], [-119.75668, 37.402299], [-119.75711, 37.402892], [-119.757216, 37.403287], [-119.757219, 37.403682], [-119.757147, 37.403944], [-119.756956, 37.404642]]}, "props": {"MTFCC": "S1400", "NAME": null}}, {"geom": {"type": "LineString", "coordinates": [[-119.736597, 37.41776], [-119.736863, 37.417701], [-119.737599, 37.417226], [-119.738132, 37.417245], [-119.738636, 37.417431], [-119.739966, 37.417305], [-119.740144, 37.417423], [-119.740626, 37.417372], [-119.740682, 37.417366], [-119.740854, 37.417348], [-119.741148, 37.417157], [-119.741588, 37.416611], [-119.742149, 37.416324], [-119.742258, 37.416224], [-119.742355, 37.416135], [-119.742764, 37.415447], [-119.743914, 37.414922], [-119.744684, 37.414823], [-119.745744, 37.414061], [-119.747576, 37.41372], [-119.748251, 37.413172], [-119.748635, 37.413053], [-119.749138, 37.413237], [-119.749347, 37.413425], [-119.749319, 37.413614], [-119.748612, 37.41402], [-119.74755, 37.415032], [-119.747143, 37.415421], [-119.746322, 37.416559], [-119.746147, 37.416984], [-119.746357, 37.417431], [-119.746594, 37.417548], [-119.747512, 37.417613], [-119.747641, 37.417689]]}, "props": {"MTFCC": "S1400", "NAME": null}}, {"geom": {"type": "LineString", "coordinates": [[-119.79123238789236, 37.3641], [-119.791176, 37.364183], [-119.791105, 37.364563], [-119.790875, 37.365026], [-119.790573, 37.365818], [-119.790554, 37.366314], [-119.790655, 37.366787], [-119.790525, 37.367157], [-119.790424, 37.367506], [-119.790414, 37.367514], [-119.790122, 37.367778], [-119.789871, 37.368002], [-119.78964, 37.368274], [-119.789569, 37.36839], [-119.789539, 37.368621], [-119.789489, 37.368712], [-119.789036, 37.369159]]}, "props": {"MTFCC": "S1400", "NAME": null}}, {"geom": {"type": "LineString", "coordinates": [[-119.733515, 37.368449], [-119.733608, 37.368481], [-119.733669, 37.36851], [-119.733733, 37.368531], [-119.733836, 37.368546], [-119.733953, 37.368541], [-119.734082, 37.368511], [-119.734157, 37.368482], [-119.734305, 37.368427], [-119.734422, 37.368411], [-119.734479, 37.368412], [-119.734541, 37.368426], [-119.734864, 37.368546], [-119.734969, 37.368575], [-119.735115, 37.368602], [-119.735188, 37.368603], [-119.735313, 37.36858], [-119.735372, 37.36856], [-119.735433, 37.368525], [-119.735489, 37.368482], [-119.73572, 37.368403], [-119.735863, 37.368368], [-119.735971, 37.368361], [-119.736069, 37.368377], [-119.736081, 37.368379], [-119.736202, 37.368412], [-119.736341, 37.368469], [-119.736591, 37.368587], [-119.736673, 37.36862], [-119.736687, 37.368624], [-119.736853, 37.368667], [-119.73702, 37.368699], [-119.737068, 37.368719], [-119.737096, 37.36874], [-119.737137, 37.368772], [-119.737161, 37.368803], [-119.737181, 37.368868], [-119.737182, 37.368901], [-119.737172, 37.368941], [-119.737151, 37.36898], [-119.737088, 37.369066], [-119.737012, 37.369134], [-119.736909, 37.369201], [-119.736805, 37.369282], [-119.73678, 37.369314], [-119.736756, 37.369373], [-119.736755, 37.369435], [-119.736765, 37.369466], [-119.736792, 37.369508], [-119.736839, 37.369541], [-119.736912, 37.369575], [-119.737029, 37.369613], [-119.737066, 37.369621], [-119.737185, 37.369649], [-119.737228, 37.369665], [-119.7373, 37.36972], [-119.737355, 37.369785], [-119.737379, 37.369868]]}, "props": {"MTFCC": "S1400", "NAME": null}}, {"geom": {"type": "LineString", "coordinates": [[-119.731813, 37.365363], [-119.731997, 37.365348], [-119.732053, 37.36535], [-119.732135, 37.365353], [-119.732239, 37.365369], [-119.73229, 37.36538], [-119.732378, 37.365415], [-119.73246, 37.365467], [-119.732688, 37.365647], [-119.732698, 37.365655], [-119.732824, 37.365733], [-119.732901, 37.365758]]}, "props": {"MTFCC": "S1400", "NAME": null}}, {"geom": {"type": "LineString", "coordinates": [[-119.736981, 37.390761], [-119.737104, 37.39077], [-119.737191, 37.390781], [-119.737828, 37.39092], [-119.737947, 37.390951], [-119.738167, 37.391008], [-119.738529, 37.391089], [-119.738655, 37.39111], [-119.739088, 37.391146], [-119.739155, 37.391156], [-119.739296, 37.391204], [-119.739604, 37.391289], [-119.739645, 37.391306], [-119.739713, 37.391346], [-119.739843, 37.391435], [-119.740102, 37.391564], [-119.740379, 37.391692], [-119.740454, 37.39172], [-119.740544, 37.391743], [-119.740683, 37.391765], [-119.740757, 37.391771], [-119.740792, 37.391775], [-119.740915, 37.391773], [-119.740971, 37.391755], [-119.741024, 37.391728], [-119.74107, 37.391698], [-119.741102, 37.391664], [-119.741124, 37.391625], [-119.741178, 37.391498], [-119.741334, 37.391258], [-119.741425, 37.391151]]}, "props": {"MTFCC": "S1400", "NAME": null}}, {"geom": {"type": "LineString", "coordinates": [[-119.760262, 37.384698], [-119.760272, 37.384906], [-119.760268, 37.384959], [-119.760254, 37.385009], [-119.760226, 37.385046], [-119.760188, 37.385079], [-119.760128, 37.385169], [-119.760065, 37.385348], [-119.760035, 37.385485], [-119.760019, 37.385531], [-119.759963, 37.385615], [-119.759933, 37.385647], [-119.759865, 37.38572], [-119.7598, 37.385831], [-119.759759, 37.385962], [-119.759736, 37.3861], [-119.759729, 37.386242], [-119.759748, 37.386354], [-119.759766, 37.386408], [-119.759866, 37.386592], [-119.759881, 37.386653], [-119.759891, 37.386779], [-119.759934, 37.386939], [-119.759936, 37.387002], [-119.759928, 37.387064], [-119.759905, 37.387128], [-119.75983, 37.387263], [-119.759626, 37.387578], [-119.759555, 37.38767], [-119.759318, 37.387919], [-119.759127, 37.388135], [-119.758967, 37.388354], [-119.758892, 37.388474], [-119.758817, 37.388607], [-119.758759, 37.388683], [-119.75855, 37.388907], [-119.758499, 37.388952], [-119.758356, 37.389055], [-119.758285, 37.389127]]}, "props": {"MTFCC": "S1400", "NAME": null}}, {"geom": {"type": "LineString", "coordinates": [[-119.366315, 37.419533], [-119.36636, 37.41963], [-119.366374, 37.419655], [-119.366423, 37.41971], [-119.366466, 37.419744], [-119.366507, 37.419768], [-119.366563, 37.419789], [-119.366705, 37.41982], [-119.366817, 37.419832], [-119.367576, 37.419846], [-119.368012, 37.41984], [-119.368055, 37.419833], [-119.368418, 37.419825], [-119.368648, 37.419808], [-119.369223, 37.419746], [-119.369748, 37.419705], [-119.370159, 37.419683], [-119.370685, 37.419781]]}, "props": {"MTFCC": "S1400", "NAME": null}}, {"geom": {"type": "LineString", "coordinates": [[-119.712448, 37.40568], [-119.712342, 37.405515], [-119.71218, 37.40526], [-119.71218, 37.404977], [-119.71218, 37.404782]]}, "props": {"MTFCC": "S1740", "NAME": null}}, {"geom": {"type": "LineString", "coordinates": [[-119.636979, 37.461208], [-119.636793, 37.460616], [-119.63679, 37.459829], [-119.637018, 37.459459], [-119.638134, 37.459059], [-119.638161, 37.458943], [-119.63826, 37.45882], [-119.638589, 37.458411], [-119.638588, 37.458134], [-119.638583, 37.456722], [-119.638811, 37.456235], [-119.639811, 37.455307], [-119.639896, 37.455052], [-119.639875, 37.454974], [-119.63984, 37.454843], [-119.63981, 37.454729], [-119.639376, 37.454125], [-119.639375, 37.4538], [-119.640233, 37.453173], [-119.641778, 37.45277], [-119.641919, 37.452469], [-119.641862, 37.452261], [-119.640939, 37.451586], [-119.640823, 37.451377], [-119.640823, 37.451122], [-119.641279, 37.450612], [-119.642337, 37.450214], [-119.642937, 37.449864], [-119.643022, 37.449747], [-119.642965, 37.449056], [-119.642933, 37.44866], [-119.642357, 37.448379], [-119.641493, 37.448462], [-119.639476, 37.449219], [-119.638554, 37.449485], [-119.638179, 37.449436], [-119.63792, 37.449203], [-119.637948, 37.448763], [-119.638232, 37.448207], [-119.638546, 37.447837], [-119.63906, 37.447464], [-119.640205, 37.447432], [-119.64049, 37.447222], [-119.641032, 37.446342], [-119.641286, 37.445463], [-119.641341, 37.444422], [-119.641598, 37.444165], [-119.642342, 37.444138], [-119.642914, 37.444337], [-119.643006, 37.444514], [-119.643197, 37.44488], [-119.64331, 37.445196], [-119.643796, 37.445557], [-119.643995, 37.445623], [-119.646226, 37.445719], [-119.646827, 37.445896], [-119.647885, 37.446525], [-119.648165, 37.447724], [-119.648592, 37.448447], [-119.648591, 37.448628]]}, "props": {"MTFCC": "S1400", "NAME": null}}, {"geom": {"type": "LineString", "coordinates": [[-119.641898, 37.382647], [-119.641973, 37.383146], [-119.64214, 37.383292], [-119.642591, 37.38325], [-119.643238, 37.38319], [-119.643659, 37.383388], [-119.643646, 37.383983], [-119.64349, 37.38453], [-119.643468, 37.385504], [-119.64364, 37.385733], [-119.643884, 37.386056], [-119.644046, 37.386437], [-119.644038, 37.386799], [-119.644038, 37.387091], [-119.644082, 37.387286], [-119.644324, 37.38835], [-119.644334, 37.388737], [-119.644347, 37.38923], [-119.644469, 37.389332], [-119.645035, 37.389609], [-119.64514, 37.38966], [-119.64594, 37.389763], [-119.64692, 37.389804], [-119.647372, 37.389918], [-119.648138, 37.390113]]}, "props": {"MTFCC": "S1400", "NAME": null}}, {"geom": {"type": "LineString", "coordinates": [[-119.618701, 37.376877], [-119.618674, 37.376994], [-119.618594, 37.377348], [-119.618568, 37.377466]]}, "props": {"MTFCC": "S1740", "NAME": null}}, {"geom": {"type": "LineString", "coordinates": [[-119.657496, 37.366712], [-119.657393, 37.366687], [-119.657185, 37.366645], [-119.656974, 37.366612], [-119.65682, 37.366583], [-119.656725, 37.366557], [-119.65652, 37.366488], [-119.656295, 37.366421], [-119.656216, 37.366406], [-119.656128, 37.366402], [-119.656039, 37.366406], [-119.655951, 37.366416], [-119.655784, 37.366451], [-119.655643, 37.366468], [-119.655429, 37.366482], [-119.655228, 37.366505], [-119.6551, 37.366526], [-119.655012, 37.366551], [-119.654926, 37.366583], [-119.654843, 37.366619], [-119.654682, 37.366697], [-119.654559, 37.366762], [-119.654372, 37.366874], [-119.653514, 37.367387], [-119.65347, 37.367414], [-119.653385, 37.367468], [-119.653129, 37.367639], [-119.65265, 37.367891], [-119.652599, 37.367914], [-119.652494, 37.36795], [-119.652384, 37.367978], [-119.652148, 37.368024], [-119.652022, 37.368042], [-119.651896, 37.368052], [-119.651771, 37.368054], [-119.651646, 37.368049], [-119.651301, 37.368021], [-119.650531, 37.367919], [-119.650475, 37.36791], [-119.6502, 37.36787], [-119.649976, 37.367831], [-119.649514, 37.367743], [-119.649442, 37.367721], [-119.64941, 37.367711], [-119.649257, 37.367657], [-119.649042, 37.367604], [-119.648959, 37.367591], [-119.648876, 37.367584], [-119.648763, 37.367588], [-119.648442, 37.367611], [-119.64831, 37.367606], [-119.648175, 37.367594], [-119.648047, 37.367583], [-119.647854, 37.367575], [-119.647661, 37.367572], [-119.64738, 37.367581], [-119.647204, 37.367594], [-119.647119, 37.367609], [-119.647021, 37.367638], [-119.646833, 37.367717], [-119.646605, 37.367839], [-119.646419, 37.367916], [-119.646262, 37.367965], [-119.646168, 37.367988], [-119.646079, 37.368017], [-119.645982, 37.368066], [-119.645754, 37.368208], [-119.645628, 37.368301], [-119.645421, 37.368486], [-119.645373, 37.368519], [-119.645323, 37.36854], [-119.645269, 37.368557], [-119.645213, 37.368567], [-119.645154, 37.368568], [-119.644851, 37.368536], [-119.644815, 37.368536], [-119.644745, 37.368543], [-119.644676, 37.368559], [-119.644578, 37.368592], [-119.644335, 37.368676], [-119.644307, 37.368682], [-119.644251, 37.368686], [-119.644195, 37.368681], [-119.643855, 37.368619], [-119.64377, 37.368609], [-119.643623, 37.368614], [-119.643465, 37.368633], [-119.64335, 37.368662], [-119.643321, 37.368676], [-119.643259, 37.368704], [-119.643154, 37.36877], [-119.643048, 37.368854], [-119.642991, 37.368889], [-119.642933, 37.368911], [-119.642872, 37.368928], [-119.64281, 37.368936], [-119.642752, 37.368934], [-119.642694, 37.368923], [-119.642586, 37.368884], [-119.642534, 37.368856], [-119.6425, 37.368832], [-119.642484, 37.368821], [-119.642441, 37.368782], [-119.642405, 37.36874], [-119.64238, 37.368688], [-119.642353, 37.368603], [-119.642338, 37.368578], [-119.642279, 37.368511], [-119.642256, 37.368492], [-119.642215, 37.368468], [-119.642169, 37.368451], [-119.642119, 37.368438], [-119.641875, 37.368392], [-119.641807, 37.368375], [-119.641741, 37.368353], [-119.641649, 37.368309], [-119.641623, 37.368291], [-119.641587, 37.368257], [-119.641533, 37.368175], [-119.641489, 37.368072], [-119.641474, 37.36801], [-119.641465, 37.367948], [-119.641464, 37.367878], [-119.641471, 37.367774], [-119.641459, 37.367662], [-119.641446, 37.367626], [-119.64142, 37.367591], [-119.641386, 37.36756], [-119.641302, 37.36751], [-119.641242, 37.367486], [-119.641176, 37.367469], [-119.641109, 37.367458], [-119.641041, 37.367453], [-119.640971, 37.367454], [-119.640902, 37.36746], [-119.640835, 37.367472], [-119.640766, 37.367494], [-119.640699, 37.367525], [-119.640593, 37.367582], [-119.640571, 37.367595], [-119.640391, 37.367707], [-119.640125, 37.367886], [-119.639988, 37.367953], [-119.639925, 37.367992], [-119.639871, 37.36804], [-119.639832, 37.368081], [-119.639706, 37.368212], [-119.63968, 37.368234], [-119.639623, 37.36827], [-119.639561, 37.368302], [-119.639496, 37.36833], [-119.639421, 37.368354], [-119.639267, 37.368396], [-119.639053, 37.3685], [-119.638822, 37.368581], [-119.63874, 37.368611], [-119.638676, 37.36863], [-119.638611, 37.368641], [-119.63854, 37.368643], [-119.638394, 37.368633], [-119.638242, 37.368613], [-119.63794, 37.36856], [-119.637633, 37.368526], [-119.637337, 37.368507], [-119.63695, 37.368501], [-119.636786, 37.368504], [-119.636541, 37.368518], [-119.636461, 37.368527], [-119.63632, 37.368551], [-119.636043, 37.368619], [-119.635866, 37.368671], [-119.635691, 37.368729], [-119.635505, 37.368801], [-119.63545, 37.368823], [-119.635328, 37.368875], [-119.635214, 37.368927], [-119.635104, 37.368983], [-119.634985, 37.369051], [-119.634871, 37.369124], [-119.634737, 37.369218], [-119.63461, 37.369317], [-119.634484, 37.369426], [-119.63436, 37.369546], [-119.634124, 37.369809], [-119.634035, 37.369917], [-119.633979, 37.369986], [-119.6337, 37.370345], [-119.633386, 37.370721], [-119.632932, 37.3713], [-119.632852, 37.371395], [-119.632779, 37.371469], [-119.632764, 37.371486], [-119.632651, 37.371588], [-119.63253, 37.371684], [-119.632352, 37.371812], [-119.632251, 37.371871], [-119.632175, 37.371905], [-119.63209, 37.371937], [-119.632065, 37.371944], [-119.632001, 37.371965], [-119.63182, 37.372011], [-119.631681, 37.372039], [-119.63154, 37.372058], [-119.631477, 37.372062], [-119.631422, 37.372066], [-119.631342, 37.372067], [-119.631304, 37.372067], [-119.631278, 37.372066], [-119.631187, 37.372062], [-119.631159, 37.372059], [-119.631069, 37.37205], [-119.630895, 37.372021], [-119.630839, 37.372008], [-119.630808, 37.371998], [-119.630745, 37.371979], [-119.630696, 37.37196], [-119.630562, 37.371907], [-119.630549, 37.371901], [-119.630426, 37.371848], [-119.630293, 37.371783], [-119.630163, 37.371713], [-119.630121, 37.371699], [-119.629972, 37.371649]]}, "props": {"MTFCC": "S1400", "NAME": null}}, {"geom": {"type": "LineString", "coordinates": [[-119.634484, 37.369426], [-119.634463, 37.369306], [-119.634403, 37.368948], [-119.634383, 37.368829]]}, "props": {"MTFCC": "S1400", "NAME": null}}, {"geom": {"type": "LineString", "coordinates": [[-119.68642, 37.385389], [-119.686182, 37.385884], [-119.686089, 37.38608], [-119.685243, 37.386879], [-119.685035, 37.387047], [-119.68461, 37.387395]]}, "props": {"MTFCC": "S1740", "NAME": null}}, {"geom": {"type": "LineString", "coordinates": [[-119.691251, 37.388258], [-119.690879, 37.388665], [-119.690547, 37.389026], [-119.690511, 37.389067], [-119.6889, 37.389732], [-119.687857, 37.390553], [-119.687707, 37.390672], [-119.687353, 37.391445]]}, "props": {"MTFCC": "S1740", "NAME": null}}, {"geom": {"type": "LineString", "coordinates": [[-119.678545, 37.389322], [-119.67866, 37.389558], [-119.679005, 37.390269], [-119.67912, 37.390506]]}, "props": {"MTFCC": "S1740", "NAME": null}}, {"geom": {"type": "LineString", "coordinates": [[-119.6568, 37.37553], [-119.656803, 37.375477], [-119.656813, 37.375321], [-119.656817, 37.375269]]}, "props": {"MTFCC": "S1740", "NAME": null}}, {"geom": {"type": "LineString", "coordinates": [[-119.632251, 37.371871], [-119.63257, 37.372596], [-119.632641, 37.372757], [-119.634842, 37.372835], [-119.635262, 37.37285], [-119.635626, 37.372931], [-119.63572, 37.372951], [-119.635773, 37.372967], [-119.635829, 37.372985], [-119.635974, 37.373013], [-119.636066, 37.37302], [-119.636133, 37.373013], [-119.636188, 37.373001], [-119.636219, 37.372986], [-119.636249, 37.372973], [-119.636345, 37.372901], [-119.636404, 37.372856], [-119.636581, 37.372704], [-119.636617, 37.37266], [-119.63662, 37.37265], [-119.636669, 37.37254], [-119.636741, 37.3723], [-119.636784, 37.372222], [-119.636839, 37.37216], [-119.636883, 37.37213], [-119.636964, 37.372093], [-119.63708, 37.372045], [-119.637282, 37.371921], [-119.637349, 37.37189], [-119.637464, 37.371852], [-119.637543, 37.371839], [-119.637615, 37.371835], [-119.637668, 37.371845], [-119.63771, 37.371867]]}, "props": {"MTFCC": "S1400", "NAME": null}}, {"geom": {"type": "LineString", "coordinates": [[-119.632484, 37.385516], [-119.632458, 37.385465], [-119.63238, 37.385312], [-119.632355, 37.385261]]}, "props": {"MTFCC": "S1400", "NAME": null}}, {"geom": {"type": "LineString", "coordinates": [[-119.653574, 37.370389], [-119.653326, 37.370068], [-119.653388, 37.369859], [-119.653675, 37.369586], [-119.653651, 37.369379], [-119.65335, 37.369293], [-119.653067, 37.36937], [-119.652865, 37.369548]]}, "props": {"MTFCC": "S1740", "NAME": null}}, {"geom": {"type": "LineString", "coordinates": [[-119.63576, 37.376985], [-119.635643, 37.377009], [-119.635553, 37.377022], [-119.635177, 37.377079], [-119.635087, 37.377311], [-119.635012, 37.377507]]}, "props": {"MTFCC": "S1400", "NAME": null}}, {"geom": {"type": "LineString", "coordinates": [[-119.660593, 37.369133], [-119.660818, 37.370356], [-119.660549, 37.371854], [-119.659582, 37.37331], [-119.65931, 37.375877], [-119.659095, 37.377931], [-119.658771, 37.380156], [-119.65834, 37.381783], [-119.657749, 37.382553]]}, "props": {"MTFCC": "S1740", "NAME": null}}, {"geom": {"type": "LineString", "coordinates": [[-119.63576, 37.376985], [-119.635776, 37.37713], [-119.635784, 37.377199], [-119.635933, 37.377536], [-119.635993, 37.37767]]}, "props": {"MTFCC": "S1400", "NAME": null}}, {"geom": {"type": "LineString", "coordinates": [[-119.632495, 37.382505], [-119.632872, 37.382451], [-119.633037, 37.382428], [-119.633176, 37.382539], [-119.633336, 37.382909], [-119.633569, 37.383073], [-119.633679, 37.383076], [-119.633793, 37.383081], [-119.634008, 37.382922]]}, "props": {"MTFCC": "S1400", "NAME": null}}, {"geom": {"type": "LineString", "coordinates": [[-119.631805, 37.440953], [-119.631805, 37.440908], [-119.631795, 37.440808], [-119.631775, 37.440619], [-119.631776, 37.440321], [-119.631769, 37.440148], [-119.631783, 37.440036], [-119.631817, 37.439955], [-119.63187, 37.43987], [-119.631964, 37.439768], [-119.632031, 37.439718], [-119.632107, 37.439674], [-119.632388, 37.439533], [-119.632496, 37.439453], [-119.632563, 37.439395], [-119.632643, 37.439313], [-119.632787, 37.439138], [-119.632942, 37.438968], [-119.632961, 37.438941], [-119.633036, 37.438833], [-119.633054, 37.438784], [-119.633065, 37.43871], [-119.633062, 37.438513], [-119.633039, 37.438384], [-119.632966, 37.438128], [-119.632948, 37.437999], [-119.632954, 37.437914], [-119.632965, 37.437871], [-119.633011, 37.437763], [-119.63305, 37.4377], [-119.633092, 37.437652], [-119.633141, 37.437609], [-119.633355, 37.43745], [-119.633881, 37.437118], [-119.634194, 37.436919]]}, "props": {"MTFCC": "S1400", "NAME": null}}, {"geom": {"type": "LineString", "coordinates": [[-119.678428, 37.385459], [-119.678322, 37.386], [-119.678141, 37.386933], [-119.677832, 37.387566], [-119.677591, 37.388062]]}, "props": {"MTFCC": "S1740", "NAME": null}}, {"geom": {"type": "LineString", "coordinates": [[-119.32955, 37.497135], [-119.329493, 37.496906], [-119.329322, 37.496219], [-119.329266, 37.49599], [-119.329238, 37.495901], [-119.329156, 37.495636], [-119.329129, 37.495548]]}, "props": {"MTFCC": "S1400", "NAME": null}}, {"geom": {"type": "LineString", "coordinates": [[-119.631722, 37.441221], [-119.63162, 37.441303], [-119.631532, 37.441389], [-119.63134, 37.441423], [-119.631267, 37.441413], [-119.631251, 37.441412], [-119.631137, 37.441404], [-119.631086, 37.441502], [-119.631039, 37.441548], [-119.630977, 37.441612], [-119.63084, 37.441641], [-119.630716, 37.441689], [-119.630612, 37.44182], [-119.630558, 37.441988]]}, "props": {"MTFCC": "S1400", "NAME": null}}, {"geom": {"type": "LineString", "coordinates": [[-119.630323, 37.443252], [-119.630113, 37.443498], [-119.630029, 37.443597], [-119.629993, 37.44364], [-119.629881, 37.443786], [-119.629835, 37.443862]]}, "props": {"MTFCC": "S1200", "NAME": null}}, {"geom": {"type": "LineString", "coordinates": [[-119.074414, 37.647651], [-119.074443, 37.647507], [-119.074529, 37.647076], [-119.074559, 37.646933], [-119.074585, 37.646799], [-119.074665, 37.6464], [-119.074693, 37.646267]]}, "props": {"MTFCC": "S1400", "NAME": null}}, {"geom": {"type": "LineString", "coordinates": [[-119.09027, 37.683011], [-119.090207, 37.682845], [-119.090179, 37.682771], [-119.090098, 37.68249], [-119.09014, 37.682337], [-119.090188, 37.682167]]}, "props": {"MTFCC": "S1400", "NAME": null}}, {"geom": {"type": "LineString", "coordinates": [[-119.061367, 37.654372], [-119.06148, 37.654565], [-119.061654, 37.654798], [-119.061714, 37.654879], [-119.061735, 37.655], [-119.061969, 37.655057], [-119.062132, 37.654936], [-119.062203, 37.654783], [-119.062182, 37.654541], [-119.062121, 37.654444], [-119.061958, 37.654299], [-119.06183, 37.654257], [-119.061764, 37.654235], [-119.061632, 37.654219], [-119.06152, 37.654251], [-119.061367, 37.654372]]}, "props": {"MTFCC": "S1400", "NAME": null}}, {"geom": {"type": "LineString", "coordinates": [[-119.317193, 37.449038], [-119.318083, 37.449335], [-119.319323, 37.449946], [-119.319662, 37.450113], [-119.320465, 37.450616], [-119.32081, 37.450982], [-119.32081, 37.451372], [-119.321212, 37.451669], [-119.321608, 37.45178], [-119.3217, 37.451806], [-119.3217, 37.452104], [-119.320868, 37.452767], [-119.32015, 37.453179], [-119.319, 37.45422], [-119.318887, 37.454324], [-119.318801, 37.454781], [-119.318916, 37.455033], [-119.319261, 37.455308], [-119.320157, 37.455716], [-119.320265, 37.455765], [-119.320524, 37.456017], [-119.320897, 37.45707], [-119.320886, 37.457256], [-119.320884, 37.457298], [-119.32084, 37.458076], [-119.320725, 37.458259], [-119.320754, 37.458786], [-119.320897, 37.459106], [-119.320897, 37.459333], [-119.320897, 37.45977], [-119.319045, 37.461836], [-119.318888, 37.462012], [-119.318773, 37.462309], [-119.318831, 37.462744], [-119.319262, 37.463407]]}, "props": {"MTFCC": "S1400", "NAME": null}}, {"geom": {"type": "LineString", "coordinates": [[-119.381175, 37.416875], [-119.380773, 37.41827], [-119.380112, 37.419048], [-119.379739, 37.419895], [-119.379566, 37.420558], [-119.379279, 37.42097], [-119.379224, 37.421264], [-119.378236, 37.422464], [-119.377898, 37.423029], [-119.377907, 37.423151], [-119.377932, 37.423506], [-119.378229, 37.423725], [-119.378977, 37.424275], [-119.379239, 37.424637], [-119.379244, 37.425045], [-119.378766, 37.425906], [-119.378325, 37.427606], [-119.378192, 37.428604], [-119.377857, 37.429486], [-119.377013, 37.430822], [-119.376687, 37.432568], [-119.376523, 37.432755], [-119.376118, 37.433222], [-119.373963, 37.434916]]}, "props": {"MTFCC": "S1400", "NAME": null}}, {"geom": {"type": "LineString", "coordinates": [[-119.286508, 37.509158], [-119.286228, 37.50932], [-119.285424, 37.509617], [-119.284763, 37.50996], [-119.283614, 37.511104], [-119.283039, 37.511493], [-119.282815, 37.511981], [-119.282349, 37.513003], [-119.282176, 37.513712], [-119.281946, 37.514513], [-119.281572, 37.515062], [-119.281429, 37.515497], [-119.281514, 37.516778], [-119.28137, 37.51719], [-119.280968, 37.517373], [-119.280422, 37.517419], [-119.278441, 37.516503], [-119.277493, 37.516526], [-119.27686, 37.516914], [-119.276487, 37.517486], [-119.276515, 37.518242], [-119.276802, 37.519706], [-119.276485, 37.520004], [-119.275939, 37.520049], [-119.275914, 37.520056], [-119.275365, 37.520232], [-119.275135, 37.520575], [-119.275077, 37.520827], [-119.275336, 37.520987], [-119.27568, 37.521079], [-119.276025, 37.521308], [-119.27614, 37.522428], [-119.276341, 37.522932], [-119.276456, 37.52371], [-119.27657, 37.52408], [-119.276915, 37.525193], [-119.27703, 37.525564], [-119.276871, 37.525963], [-119.276394, 37.527162], [-119.276339, 37.527303], [-119.276268, 37.527572], [-119.27608, 37.528286], [-119.276209, 37.529323], [-119.276252, 37.52966], [-119.275562, 37.530712], [-119.275303, 37.531078], [-119.274383, 37.531535], [-119.274038, 37.531879], [-119.273779, 37.532634], [-119.273405, 37.533412], [-119.273311, 37.533504], [-119.272917, 37.533892], [-119.272256, 37.534189], [-119.271997, 37.534624], [-119.272981, 37.536065], [-119.273262, 37.53642], [-119.273866, 37.537181], [-119.27465, 37.537699], [-119.275485, 37.537934], [-119.277225, 37.538389], [-119.277808, 37.538801], [-119.27833, 37.539497], [-119.278552, 37.539871], [-119.278681, 37.540087], [-119.278832, 37.54024], [-119.279918, 37.540694], [-119.280398, 37.540974], [-119.279764, 37.541234], [-119.279073, 37.541519], [-119.278182, 37.542063], [-119.278001, 37.542252], [-119.277627, 37.542643], [-119.277584, 37.54278], [-119.277549, 37.5429], [-119.277443, 37.543263], [-119.277409, 37.543384]]}, "props": {"MTFCC": "S1400", "NAME": null}}, {"geom": {"type": "LineString", "coordinates": [[-119.268413, 37.542966], [-119.268199, 37.543282], [-119.268293, 37.543931], [-119.268241, 37.544245], [-119.267988, 37.544535], [-119.26794, 37.545274], [-119.267963, 37.545285], [-119.268406, 37.545494], [-119.270033, 37.545558], [-119.270586, 37.545458], [-119.271381, 37.544988], [-119.271548, 37.544889], [-119.272041, 37.544812], [-119.272943, 37.544821], [-119.273611, 37.544719], [-119.274867, 37.543775], [-119.27494, 37.543754], [-119.275739, 37.54353], [-119.27693, 37.543397], [-119.277409, 37.543384], [-119.278523, 37.543374], [-119.279495, 37.543367], [-119.280357, 37.543504], [-119.281161, 37.543871], [-119.281761, 37.544007], [-119.282081, 37.543962], [-119.282788, 37.543605]]}, "props": {"MTFCC": "S1400", "NAME": null}}, {"geom": {"type": "LineString", "coordinates": [[-119.649056, 37.448781], [-119.649301, 37.448901], [-119.649338, 37.449032], [-119.649182, 37.449013], [-119.649114, 37.449006], [-119.649071, 37.449059], [-119.649117, 37.449134], [-119.649312, 37.449167], [-119.649448, 37.449162], [-119.649576, 37.449232], [-119.649572, 37.449348], [-119.64947, 37.449393], [-119.649282, 37.449395], [-119.649112, 37.449465], [-119.64923, 37.449526], [-119.649339, 37.449628], [-119.64925, 37.449689], [-119.649228, 37.449705], [-119.649019, 37.449698], [-119.64883, 37.449707], [-119.648691, 37.449723]]}, "props": {"MTFCC": "S1400", "NAME": null}}, {"geom": {"type": "LineString", "coordinates": [[-119.699928, 37.4103], [-119.699883, 37.410312], [-119.699749, 37.410347], [-119.699705, 37.41036], [-119.699755, 37.410444], [-119.699816, 37.410566], [-119.699833, 37.410618], [-119.699827, 37.410754], [-119.699778, 37.410972], [-119.699782, 37.411015], [-119.699811, 37.411074], [-119.699865, 37.411123], [-119.699901, 37.411144], [-119.700259, 37.411279], [-119.700396, 37.411347], [-119.700566, 37.411454], [-119.700622, 37.4115], [-119.700669, 37.411554], [-119.70078, 37.411725], [-119.700822, 37.411806], [-119.700835, 37.411881], [-119.700821, 37.412092], [-119.700808, 37.412148], [-119.700771, 37.412237], [-119.700745, 37.412278], [-119.700621, 37.412396], [-119.700606, 37.412431], [-119.700624, 37.412501], [-119.700637, 37.412521], [-119.700712, 37.412633], [-119.700829, 37.412923], [-119.700858, 37.413087], [-119.70085, 37.413207], [-119.700877, 37.413338], [-119.700873, 37.413408], [-119.700867, 37.413418], [-119.700851, 37.413447], [-119.700792, 37.413462], [-119.700727, 37.413437], [-119.700641, 37.413339], [-119.700524, 37.413152], [-119.700397, 37.413025], [-119.700272, 37.412868], [-119.70008, 37.412658], [-119.69996, 37.412498], [-119.699854, 37.412388], [-119.699817, 37.412377], [-119.699742, 37.412383], [-119.699676, 37.412424], [-119.699648, 37.412487], [-119.699643, 37.412558], [-119.699654, 37.41267], [-119.699684, 37.412782], [-119.699701, 37.412918], [-119.699699, 37.413043], [-119.699678, 37.413131], [-119.699603, 37.413208], [-119.699545, 37.413287], [-119.699414, 37.413376], [-119.699313, 37.413475], [-119.699099, 37.413801], [-119.699069, 37.41383], [-119.699021, 37.413876], [-119.698988, 37.413894], [-119.698943, 37.413905], [-119.698685, 37.413904], [-119.69855, 37.413921], [-119.698448, 37.413954], [-119.698335, 37.414008], [-119.698059, 37.41408], [-119.69794, 37.414128], [-119.697887, 37.414158], [-119.697629, 37.414416], [-119.697496, 37.414581], [-119.69743, 37.414696], [-119.697397, 37.414772], [-119.697383, 37.414823], [-119.69733, 37.415018], [-119.697313, 37.415047], [-119.697283, 37.415066], [-119.697206, 37.415092], [-119.697025, 37.415111], [-119.696947, 37.415151], [-119.696924, 37.415178], [-119.696838, 37.415372], [-119.696812, 37.415418], [-119.696792, 37.415452], [-119.696759, 37.415486], [-119.696715, 37.415514], [-119.696626, 37.415542], [-119.69655, 37.41554], [-119.696506, 37.415524], [-119.696439, 37.415475], [-119.696321, 37.415351], [-119.696279, 37.41533], [-119.696182, 37.415302], [-119.696133, 37.415297], [-119.696025, 37.415313], [-119.695917, 37.415358], [-119.695867, 37.415393], [-119.695827, 37.415434], [-119.695767, 37.415527], [-119.695742, 37.415579], [-119.695735, 37.415595], [-119.69569, 37.415769], [-119.695657, 37.415825], [-119.695634, 37.415847], [-119.695577, 37.415863], [-119.695476, 37.415866], [-119.69535, 37.415881], [-119.695244, 37.415911], [-119.695158, 37.415956], [-119.695071, 37.41604], [-119.69502, 37.416105], [-119.694987, 37.41613], [-119.694949, 37.416142], [-119.694862, 37.416151], [-119.694681, 37.416143], [-119.69457, 37.416153], [-119.694388, 37.41621], [-119.694317, 37.416219], [-119.694159, 37.416211], [-119.69411, 37.4162], [-119.693997, 37.416126], [-119.693971, 37.416094], [-119.693909, 37.415941], [-119.693851, 37.415855], [-119.693778, 37.415779], [-119.693728, 37.415746], [-119.693614, 37.415693], [-119.693515, 37.41566], [-119.693439, 37.415647], [-119.693367, 37.415652], [-119.693276, 37.415688], [-119.693089, 37.415785], [-119.692907, 37.415908], [-119.69281, 37.415963], [-119.692714, 37.416004], [-119.692599, 37.416054], [-119.692331, 37.416143], [-119.692258, 37.416175], [-119.692138, 37.416269], [-119.692065, 37.416307], [-119.691964, 37.416338], [-119.691908, 37.416342], [-119.691738, 37.416327], [-119.691557, 37.416338], [-119.691469, 37.416353], [-119.691324, 37.416402], [-119.691183, 37.416461], [-119.69087, 37.416568], [-119.69074, 37.416641], [-119.690684, 37.416682], [-119.690639, 37.416728], [-119.690617, 37.416765], [-119.690586, 37.416894], [-119.690571, 37.417053], [-119.690585, 37.417121], [-119.690626, 37.417207], [-119.690692, 37.417279], [-119.690783, 37.417339], [-119.690864, 37.417412], [-119.690973, 37.417478], [-119.69149, 37.417792]]}, "props": {"MTFCC": "S1400", "NAME": null}}, {"geom": {"type": "LineString", "coordinates": [[-119.648138, 37.390113], [-119.647535, 37.39041], [-119.64654, 37.390686], [-119.646302, 37.390753], [-119.645908, 37.391131], [-119.645413, 37.391599], [-119.645298, 37.391988], [-119.645671, 37.392149], [-119.646301, 37.392034], [-119.646875, 37.392103], [-119.647018, 37.392195], [-119.646846, 37.392629], [-119.646874, 37.393247], [-119.646989, 37.393316], [-119.646884, 37.39351], [-119.646817, 37.393636], [-119.646071, 37.393956], [-119.645784, 37.394391], [-119.645784, 37.39462]]}, "props": {"MTFCC": "S1400", "NAME": null}}, {"geom": {"type": "LineString", "coordinates": [[-119.432329, 37.412767], [-119.432706, 37.412512], [-119.43314, 37.412486], [-119.433806, 37.412665], [-119.4343, 37.413094], [-119.434307, 37.41382], [-119.433721, 37.415157], [-119.433449, 37.415573], [-119.433411, 37.415633], [-119.433132, 37.416313], [-119.432914, 37.417242], [-119.432412, 37.418626], [-119.432505, 37.419102], [-119.432917, 37.420031], [-119.432981, 37.420644], [-119.432339, 37.422094], [-119.431658, 37.422658], [-119.430636, 37.423154], [-119.430354, 37.423493], [-119.430216, 37.423968], [-119.430166, 37.42465], [-119.430459, 37.425148], [-119.431156, 37.425577], [-119.431706, 37.425778], [-119.431938, 37.426005], [-119.432057, 37.426299], [-119.432148, 37.426776], [-119.43296, 37.427158], [-119.433071, 37.427282], [-119.433223, 37.427451], [-119.433282, 37.427633], [-119.433391, 37.429675], [-119.433166, 37.430173], [-119.433295, 37.431398], [-119.433042, 37.431806], [-119.432891, 37.43193], [-119.432625, 37.432148], [-119.432128, 37.432558], [-119.431945, 37.432898], [-119.431784, 37.433202]]}, "props": {"MTFCC": "S1400", "NAME": null}}, {"geom": {"type": "LineString", "coordinates": [[-119.629411, 37.445805], [-119.629205, 37.445967], [-119.629009, 37.446098], [-119.628944, 37.446167]]}, "props": {"MTFCC": "S1400", "NAME": null}}, {"geom": {"type": "LineString", "coordinates": [[-119.723402, 37.410969], [-119.72296, 37.411007], [-119.722407, 37.411055], [-119.721637, 37.411121], [-119.721197, 37.41116]]}, "props": {"MTFCC": "S1740", "NAME": null}}, {"geom": {"type": "LineString", "coordinates": [[-119.641816, 37.454024], [-119.641543, 37.45389], [-119.641481, 37.453894], [-119.641121, 37.453918], [-119.64098, 37.45403], [-119.640804, 37.454365], [-119.640693, 37.454505], [-119.640629, 37.454588], [-119.640382, 37.454672]]}, "props": {"MTFCC": "S1400", "NAME": null}}, {"geom": {"type": "LineString", "coordinates": [[-119.730785, 37.415948], [-119.730639, 37.415979], [-119.730502, 37.416141], [-119.730493, 37.416159], [-119.730403, 37.416349], [-119.730224, 37.416618], [-119.729996, 37.41701], [-119.729906, 37.417141], [-119.729828, 37.417257], [-119.729712, 37.417319], [-119.729606, 37.417351]]}, "props": {"MTFCC": "S1740", "NAME": null}}, {"geom": {"type": "LineString", "coordinates": [[-119.556554, 37.485215], [-119.556649, 37.485253], [-119.558487, 37.484887], [-119.558889, 37.484933], [-119.558932, 37.484965], [-119.559233, 37.485185], [-119.560325, 37.487129], [-119.560555, 37.48761], [-119.560699, 37.488777], [-119.561503, 37.489417], [-119.56156, 37.489623], [-119.561417, 37.490081], [-119.561445, 37.490516], [-119.562208, 37.49086], [-119.562508, 37.490996], [-119.562766, 37.491454], [-119.562824, 37.492849], [-119.562947, 37.492987]]}, "props": {"MTFCC": "S1400", "NAME": null}}, {"geom": {"type": "LineString", "coordinates": [[-119.582572, 37.468365], [-119.582573, 37.468431], [-119.582575, 37.468628], [-119.582577, 37.468695], [-119.582601, 37.469189], [-119.582888, 37.469692], [-119.584008, 37.470882], [-119.583808, 37.471317], [-119.583598, 37.471508], [-119.583406, 37.471683], [-119.582631, 37.471981], [-119.582373, 37.472461], [-119.581971, 37.47269], [-119.580249, 37.473148], [-119.579847, 37.473446], [-119.579302, 37.474041], [-119.578698, 37.474315], [-119.57643, 37.474636], [-119.575339, 37.474978], [-119.574851, 37.475276], [-119.574622, 37.475528], [-119.574729, 37.475714], [-119.574937, 37.476077], [-119.575828, 37.477221], [-119.575799, 37.477587], [-119.575656, 37.477747], [-119.574746, 37.478211], [-119.57422, 37.478617], [-119.573933, 37.479051], [-119.573962, 37.479532], [-119.574295, 37.479863], [-119.574307, 37.479875], [-119.575484, 37.480424], [-119.576433, 37.481453], [-119.576863, 37.481705], [-119.578615, 37.482162], [-119.579247, 37.482666], [-119.579771, 37.482912], [-119.579878, 37.482963], [-119.580998, 37.483146], [-119.581314, 37.483306], [-119.581372, 37.483672], [-119.581477, 37.483792], [-119.581573, 37.483901], [-119.58176, 37.483981], [-119.582262, 37.484198], [-119.582752, 37.484305], [-119.583094, 37.484381]]}, "props": {"MTFCC": "S1400", "NAME": null}}, {"geom": {"type": "LineString", "coordinates": [[-119.548594, 37.45279], [-119.549629, 37.452647], [-119.54979, 37.452626], [-119.55177, 37.451688], [-119.55252, 37.451462], [-119.553521, 37.451161], [-119.553779, 37.451527], [-119.553808, 37.4521], [-119.553784, 37.452125], [-119.553492, 37.452443], [-119.552401, 37.453221], [-119.552028, 37.453838], [-119.55154, 37.454204], [-119.55148, 37.454234], [-119.550536, 37.454708]]}, "props": {"MTFCC": "S1400", "NAME": null}}, {"geom": {"type": "LineString", "coordinates": [[-119.55576, 37.423179], [-119.555555, 37.423564], [-119.554627, 37.424309], [-119.552716, 37.424956], [-119.552339, 37.425273], [-119.552334, 37.425725], [-119.552747, 37.426467], [-119.552813, 37.426586], [-119.552894, 37.427062], [-119.552807, 37.42722], [-119.551793, 37.427805], [-119.551269, 37.428326], [-119.550661, 37.428663], [-119.550169, 37.428842], [-119.548925, 37.429016], [-119.548548, 37.429309], [-119.547529, 37.430575], [-119.547152, 37.430846], [-119.544896, 37.431491], [-119.543881, 37.431962], [-119.543534, 37.432211], [-119.54353, 37.432596], [-119.5437, 37.432777], [-119.544381, 37.433159], [-119.544522, 37.433477], [-119.544423, 37.434768], [-119.54332, 37.435558], [-119.543062, 37.435592], [-119.541034, 37.43586], [-119.540485, 37.435993], [-119.540106, 37.436468], [-119.540188, 37.436853], [-119.540413, 37.437283], [-119.541235, 37.438097], [-119.541367, 37.438225]]}, "props": {"MTFCC": "S1400", "NAME": null}}, {"geom": {"type": "LineString", "coordinates": [[-119.565669, 37.448422], [-119.565986, 37.447214], [-119.56575, 37.445528], [-119.56516, 37.444779], [-119.56516, 37.444429], [-119.56516, 37.443561], [-119.565829, 37.442587], [-119.565868, 37.44253], [-119.567047, 37.441593], [-119.567283, 37.440469], [-119.566221, 37.439439], [-119.565986, 37.438596], [-119.56575, 37.437003], [-119.566339, 37.436441], [-119.567637, 37.435504], [-119.567755, 37.434661], [-119.567649, 37.43391], [-119.567637, 37.433818], [-119.567047, 37.433256], [-119.566811, 37.4326], [-119.566811, 37.432038], [-119.567283, 37.431195], [-119.567401, 37.430632], [-119.567152, 37.430146]]}, "props": {"MTFCC": "S1400", "NAME": null}}, {"geom": {"type": "LineString", "coordinates": [[-119.593737, 37.406587], [-119.593823, 37.406633], [-119.593996, 37.407479], [-119.593984, 37.407523], [-119.593881, 37.407891], [-119.593111, 37.408396], [-119.592419, 37.408852], [-119.589522, 37.409883], [-119.588834, 37.410226], [-119.587983, 37.410973], [-119.587484, 37.411654], [-119.58731, 37.41187], [-119.587184, 37.412028], [-119.586628, 37.412401], [-119.585773, 37.412707], [-119.585302, 37.412843], [-119.585278, 37.412812]]}, "props": {"MTFCC": "S1500", "NAME": null}}, {"geom": {"type": "LineString", "coordinates": [[-119.564659, 37.397741], [-119.564738, 37.398789], [-119.565226, 37.399498], [-119.565426, 37.40007], [-119.565455, 37.40055], [-119.564968, 37.400894], [-119.563189, 37.401649], [-119.562472, 37.402244], [-119.561383, 37.402816], [-119.55992, 37.404074], [-119.558887, 37.404578], [-119.557625, 37.404921], [-119.557037, 37.405027], [-119.556363, 37.40515], [-119.555876, 37.405333], [-119.555388, 37.405767], [-119.554958, 37.406339], [-119.554412, 37.406682], [-119.553752, 37.406934], [-119.552634, 37.406934], [-119.550827, 37.406751], [-119.550061, 37.406852], [-119.549966, 37.406865], [-119.549622, 37.407254], [-119.549019, 37.40762], [-119.548073, 37.407986], [-119.545979, 37.407986], [-119.54582, 37.408038], [-119.545147, 37.40826], [-119.543713, 37.408855], [-119.540787, 37.409838], [-119.539554, 37.410319], [-119.539295, 37.41057], [-119.538405, 37.412035], [-119.537946, 37.412378], [-119.537659, 37.412378], [-119.537515, 37.412286], [-119.537344, 37.41009], [-119.536943, 37.409334], [-119.536627, 37.409105], [-119.536609, 37.409106], [-119.53634, 37.409128], [-119.535795, 37.409815], [-119.535718, 37.409974], [-119.535278, 37.41089], [-119.535135, 37.411027], [-119.532943, 37.411578], [-119.532496, 37.41169], [-119.532324, 37.411896], [-119.532295, 37.412102], [-119.533356, 37.412834], [-119.533557, 37.413338], [-119.533356, 37.413933], [-119.532208, 37.414756], [-119.530286, 37.414847], [-119.529626, 37.41471], [-119.529328, 37.414544], [-119.528967, 37.414343], [-119.528479, 37.414183], [-119.527217, 37.414206], [-119.525898, 37.413702], [-119.525553, 37.413359], [-119.525353, 37.412695], [-119.525038, 37.412352], [-119.522055, 37.410246], [-119.521309, 37.409948], [-119.520449, 37.409719], [-119.519043, 37.409512], [-119.518383, 37.409489]]}, "props": {"MTFCC": "S1400", "NAME": null}}, {"geom": {"type": "LineString", "coordinates": [[-119.57635, 37.385953], [-119.576837, 37.386249], [-119.576927, 37.386303], [-119.57744, 37.386616], [-119.578043, 37.386524], [-119.578674, 37.386204], [-119.578781, 37.386214], [-119.578904, 37.386227], [-119.579104, 37.386341], [-119.579305, 37.386593]]}, "props": {"MTFCC": "S1400", "NAME": null}}, {"geom": {"type": "LineString", "coordinates": [[-119.573282, 37.384809], [-119.573289, 37.384853], [-119.573368, 37.385381], [-119.573569, 37.385655], [-119.57371, 37.38705], [-119.573713, 37.387074], [-119.573827, 37.387417], [-119.573999, 37.387509]]}, "props": {"MTFCC": "S1400", "NAME": null}}, {"geom": {"type": "LineString", "coordinates": [[-119.577168, 37.498282], [-119.577098, 37.498293], [-119.576495, 37.498591], [-119.576275, 37.498789], [-119.576064, 37.49898], [-119.575002, 37.499461], [-119.574083, 37.499529], [-119.573336, 37.499545], [-119.572503, 37.499564], [-119.572302, 37.499609], [-119.572095, 37.499557], [-119.571476, 37.499403], [-119.57127, 37.499352]]}, "props": {"MTFCC": "S1400", "NAME": null}}, {"geom": {"type": "LineString", "coordinates": [[-119.404412, 37.497657], [-119.404469, 37.497132], [-119.404671, 37.496833], [-119.404958, 37.496605], [-119.405562, 37.496399], [-119.405737, 37.496272], [-119.406165, 37.495964], [-119.406397, 37.496186], [-119.406452, 37.496239], [-119.406595, 37.496719], [-119.406796, 37.496902], [-119.406909, 37.49692], [-119.407227, 37.496971]]}, "props": {"MTFCC": "S1400", "NAME": null}}, {"geom": {"type": "LineString", "coordinates": [[-119.41792, 37.447777], [-119.418064, 37.447639], [-119.41881, 37.4478], [-119.418974, 37.448116], [-119.419785, 37.449676], [-119.4199, 37.450019], [-119.419843, 37.450729], [-119.419469, 37.45169], [-119.419395, 37.451753], [-119.419125, 37.451987], [-119.418292, 37.452468], [-119.417873, 37.452767], [-119.417459, 37.453364], [-119.417623, 37.454191], [-119.417613, 37.454949], [-119.417441, 37.455605], [-119.417325, 37.456051], [-119.417371, 37.456786], [-119.417974, 37.457844], [-119.418157, 37.458304], [-119.418264, 37.45913], [-119.418417, 37.459521], [-119.418772, 37.459843], [-119.419065, 37.459935], [-119.419945, 37.459778], [-119.420501, 37.459575], [-119.420824, 37.459598], [-119.421205, 37.459783], [-119.42122, 37.459801], [-119.421414, 37.460035], [-119.42139, 37.460265], [-119.421066, 37.461024], [-119.421045, 37.461346], [-119.421311, 37.461598], [-119.421869, 37.461829], [-119.422196, 37.46222], [-119.422208, 37.462413], [-119.422288, 37.463621], [-119.42244, 37.463966], [-119.422823, 37.464219], [-119.423515, 37.464221], [-119.424052, 37.464223], [-119.424287, 37.464293], [-119.424533, 37.464337], [-119.424562, 37.464359], [-119.425082, 37.464743], [-119.425197, 37.464924], [-119.425352, 37.465167], [-119.424926, 37.465519], [-119.424784, 37.465638], [-119.424016, 37.466015], [-119.423705, 37.46636], [-119.42361, 37.466481], [-119.423451, 37.466685], [-119.423368, 37.466967]]}, "props": {"MTFCC": "S1400", "NAME": null}}, {"geom": {"type": "LineString", "coordinates": [[-119.627513, 37.372354], [-119.627389, 37.372374], [-119.627097, 37.372452], [-119.626958, 37.372494]]}, "props": {"MTFCC": "S1400", "NAME": null}}, {"geom": {"type": "LineString", "coordinates": [[-119.364399, 37.415908], [-119.364383, 37.415932], [-119.364335, 37.416003], [-119.36432, 37.416028]]}, "props": {"MTFCC": "S1400", "NAME": null}}, {"geom": {"type": "LineString", "coordinates": [[-119.084714, 37.630316], [-119.084778, 37.630346], [-119.084973, 37.630437], [-119.085038, 37.630468]]}, "props": {"MTFCC": "S1400", "NAME": null}}, {"geom": {"type": "LineString", "coordinates": [[-119.377555, 37.504831], [-119.377526, 37.504872], [-119.377319, 37.504942], [-119.377085, 37.504875], [-119.377021, 37.50481], [-119.376818, 37.504603], [-119.375991, 37.504093], [-119.375445, 37.504047], [-119.374844, 37.503997]]}, "props": {"MTFCC": "S1200", "NAME": null}}, {"geom": {"type": "LineString", "coordinates": [[-119.377555, 37.504831], [-119.377526, 37.504872], [-119.377319, 37.504942], [-119.377085, 37.504875], [-119.377021, 37.50481], [-119.376818, 37.504603], [-119.375991, 37.504093], [-119.375445, 37.504047], [-119.374844, 37.503997], [-119.374169, 37.504065], [-119.372466, 37.504655], [-119.371831, 37.504783], [-119.371674, 37.504815], [-119.370558, 37.504584], [-119.369557, 37.504102], [-119.368026, 37.50332], [-119.366707, 37.503409], [-119.366558, 37.503248], [-119.366607, 37.50295], [-119.366932, 37.502307], [-119.366955, 37.502055], [-119.366804, 37.501848], [-119.365688, 37.50148], [-119.364711, 37.501726], [-119.364425, 37.501799], [-119.363396, 37.501384], [-119.362927, 37.501429], [-119.362456, 37.501611], [-119.362012, 37.502021], [-119.36187, 37.502005], [-119.360632, 37.501865], [-119.35921, 37.502117], [-119.358924, 37.502168], [-119.358363, 37.502055], [-119.357723, 37.5016], [-119.357279, 37.501212], [-119.355545, 37.500577], [-119.355153, 37.500556], [-119.353949, 37.500858], [-119.353333, 37.500767], [-119.351678, 37.500933], [-119.351623, 37.5009], [-119.350898, 37.500478], [-119.350253, 37.500526], [-119.349077, 37.500781]]}, "props": {"MTFCC": "S1200", "NAME": null}}, {"geom": {"type": "LineString", "coordinates": [[-119.39446, 37.517485], [-119.394374, 37.516684], [-119.394087, 37.516066], [-119.393369, 37.515402], [-119.393188, 37.515302], [-119.39199, 37.514646], [-119.391531, 37.514074], [-119.39133, 37.513227], [-119.391531, 37.513021], [-119.392163, 37.512862], [-119.392192, 37.512541], [-119.391073, 37.511122], [-119.390671, 37.510298], [-119.390327, 37.510023], [-119.389839, 37.50984], [-119.389785, 37.509761], [-119.389666, 37.509588], [-119.38958, 37.509222], [-119.389753, 37.508902], [-119.391276, 37.508102]]}, "props": {"MTFCC": "S1400", "NAME": null}}, {"geom": {"type": "LineString", "coordinates": [[-119.255524, 37.545336], [-119.255318, 37.545238], [-119.255197, 37.544789], [-119.254711, 37.544277], [-119.253449, 37.543496], [-119.253069, 37.543261], [-119.252626, 37.543156], [-119.251855, 37.543514], [-119.250615, 37.54335], [-119.250459, 37.54342], [-119.249409, 37.543899], [-119.249136, 37.543724], [-119.249138, 37.543052], [-119.248893, 37.54283], [-119.248174, 37.542935], [-119.247873, 37.543171], [-119.247596, 37.543244], [-119.247351, 37.543113], [-119.247182, 37.542441], [-119.246964, 37.542242], [-119.245359, 37.542088], [-119.244307, 37.5422], [-119.242952, 37.542201], [-119.242287, 37.542374], [-119.241678, 37.542384], [-119.240406, 37.542158], [-119.239438, 37.542267], [-119.237868, 37.542961], [-119.236928, 37.543232], [-119.236525, 37.543678], [-119.236214, 37.544381], [-119.235805, 37.544713], [-119.235197, 37.544816], [-119.234974, 37.54475], [-119.233733, 37.544385], [-119.232246, 37.545057], [-119.231555, 37.545161], [-119.231031, 37.545378], [-119.230513, 37.545756], [-119.230332, 37.546202], [-119.229848, 37.546765]]}, "props": {"MTFCC": "S1400", "NAME": null}}, {"geom": {"type": "LineString", "coordinates": [[-119.275567, 37.478797], [-119.274964, 37.481178], [-119.274471, 37.483133], [-119.273461, 37.48549], [-119.272836, 37.486527], [-119.272567, 37.487554], [-119.272367, 37.488032], [-119.272164, 37.488518], [-119.271679, 37.489313], [-119.27138, 37.489702], [-119.271011, 37.490052]]}, "props": {"MTFCC": "S1400", "NAME": null}}, {"geom": {"type": "LineString", "coordinates": [[-119.59699, 37.411551], [-119.59947, 37.41129], [-119.606913, 37.410509], [-119.608849, 37.410307], [-119.609394, 37.41025]]}, "props": {"MTFCC": "S1400", "NAME": null}}, {"geom": {"type": "LineString", "coordinates": [[-119.620577, 37.403435], [-119.617687, 37.405079], [-119.61742, 37.406091], [-119.618038, 37.406963], [-119.616281, 37.408172], [-119.614903, 37.408818], [-119.613287, 37.409212]]}, "props": {"MTFCC": "S1400", "NAME": null}}, {"geom": {"type": "LineString", "coordinates": [[-119.614096, 37.378803], [-119.614155, 37.378884], [-119.614232, 37.378991], [-119.614332, 37.37913], [-119.614391, 37.379212]]}, "props": {"MTFCC": "S1740", "NAME": null}}, {"geom": {"type": "LineString", "coordinates": [[-119.621135, 37.401993], [-119.620976, 37.402018], [-119.620887, 37.402047], [-119.62076, 37.402099], [-119.620389, 37.402305], [-119.620346, 37.402347], [-119.620273, 37.402441], [-119.620219, 37.40253], [-119.62021, 37.402547], [-119.620179, 37.402574], [-119.620142, 37.40259], [-119.62003, 37.402613], [-119.619885, 37.402606], [-119.619661, 37.402617], [-119.619361, 37.40265], [-119.619268, 37.402666], [-119.619108, 37.402718], [-119.618381, 37.40306], [-119.618274, 37.403105], [-119.618092, 37.403181], [-119.617943, 37.403234], [-119.617607, 37.403321], [-119.617436, 37.403354], [-119.617125, 37.403398], [-119.617085, 37.403401], [-119.617023, 37.403407]]}, "props": {"MTFCC": "S1400", "NAME": null}}, {"geom": {"type": "LineString", "coordinates": [[-119.7252048695652, 37.3641], [-119.725219, 37.364113], [-119.725664, 37.364501], [-119.725771, 37.364606], [-119.725862, 37.364707], [-119.725877, 37.364724], [-119.725923, 37.364786], [-119.725965, 37.364859], [-119.725999, 37.364936], [-119.726035, 37.365033], [-119.726054, 37.365128], [-119.726065, 37.365239], [-119.72607, 37.365278], [-119.72607, 37.365375], [-119.726042, 37.365573], [-119.726014, 37.365674], [-119.725948, 37.365847], [-119.725908, 37.365954], [-119.725879, 37.366045], [-119.725838, 37.366175], [-119.725828, 37.366227], [-119.725784, 37.366475], [-119.72575, 37.366617], [-119.725691, 37.366759], [-119.725682, 37.366773], [-119.725652, 37.366828], [-119.725573, 37.366928], [-119.725508, 37.367019], [-119.72544, 37.367094], [-119.725378, 37.367171], [-119.725322, 37.367251], [-119.725291, 37.367301], [-119.725272, 37.367332], [-119.725211, 37.367458], [-119.725177, 37.367573], [-119.725142, 37.367843], [-119.725124, 37.368132], [-119.72513, 37.368261], [-119.725145, 37.36839], [-119.725188, 37.368614], [-119.725203, 37.368672], [-119.72523, 37.368768], [-119.725282, 37.36892], [-119.725374, 37.369107], [-119.725462, 37.369229], [-119.725519, 37.369307], [-119.725784, 37.369548], [-119.725896, 37.369651], [-119.725948, 37.369698], [-119.726099, 37.369847], [-119.726432, 37.370175], [-119.726691, 37.370457], [-119.726883, 37.370666], [-119.727281, 37.371137], [-119.727357, 37.371232], [-119.727734, 37.3717], [-119.728168, 37.372178], [-119.728733, 37.372679], [-119.728888, 37.372831], [-119.72899, 37.372931], [-119.729066, 37.373021], [-119.729121, 37.373104], [-119.729217, 37.373276], [-119.729296, 37.373441], [-119.729336, 37.373526], [-119.72947, 37.373867], [-119.729488, 37.373922], [-119.729509, 37.373982], [-119.729557, 37.374152], [-119.729644, 37.374494], [-119.729802, 37.374986], [-119.729949, 37.375408], [-119.730121, 37.375898], [-119.730435, 37.376797], [-119.730481, 37.376925], [-119.731189, 37.378868], [-119.731348, 37.379363], [-119.731421, 37.379573], [-119.731501, 37.379781], [-119.731598, 37.379993], [-119.731617, 37.380034], [-119.731683, 37.380158], [-119.73176, 37.38028], [-119.732206, 37.380895], [-119.732408, 37.381175], [-119.732547, 37.381352], [-119.732639, 37.381451], [-119.732728, 37.381531], [-119.732824, 37.381605], [-119.732924, 37.381675], [-119.733024, 37.381736], [-119.733057, 37.381756], [-119.733196, 37.381832], [-119.733439, 37.381952], [-119.733557, 37.382016], [-119.733673, 37.382089], [-119.733785, 37.382167], [-119.733892, 37.382249], [-119.734036, 37.382369], [-119.734101, 37.382433], [-119.734212, 37.382566], [-119.734258, 37.382636], [-119.734324, 37.382765], [-119.734362, 37.382857], [-119.734391, 37.38295], [-119.734407, 37.383042], [-119.73442, 37.383228], [-119.734433, 37.383722], [-119.734446, 37.383928], [-119.734453, 37.383971], [-119.734469, 37.384012], [-119.734503, 37.384062], [-119.734544, 37.384109], [-119.734658, 37.384211], [-119.73473, 37.384259], [-119.734887, 37.384338], [-119.734948, 37.384361], [-119.734977, 37.384373], [-119.735071, 37.384401], [-119.735265, 37.384446], [-119.735525, 37.384514], [-119.736092, 37.384676], [-119.736384, 37.384816], [-119.736587, 37.384913], [-119.736915, 37.385139], [-119.737071, 37.385276], [-119.737157, 37.385374], [-119.737163, 37.385384], [-119.737247, 37.385536], [-119.737316, 37.385671], [-119.737347, 37.385769], [-119.737353, 37.38589], [-119.73732, 37.386323], [-119.737265, 37.386653], [-119.737261, 37.386689], [-119.737248, 37.386824], [-119.737242, 37.386996], [-119.737249, 37.387129], [-119.737277, 37.387395], [-119.737297, 37.387937], [-119.737337, 37.388301], [-119.737345, 37.388425], [-119.737345, 37.38855], [-119.737291, 37.388885], [-119.737269, 37.388979], [-119.737171, 37.389253], [-119.737123, 37.389444], [-119.737062, 37.389737], [-119.737026, 37.389918], [-119.736988, 37.390225], [-119.736977, 37.390555], [-119.736981, 37.390761], [-119.73698, 37.390873], [-119.737004, 37.391596], [-119.737007, 37.39164], [-119.737053, 37.392241], [-119.737077, 37.392453], [-119.737117, 37.392675], [-119.737233, 37.393217], [-119.737406, 37.393965], [-119.737471, 37.394235], [-119.73752, 37.394435], [-119.737568, 37.394713], [-119.737592, 37.394897], [-119.737592, 37.395105], [-119.737589, 37.395152], [-119.737587, 37.395213], [-119.737576, 37.395295], [-119.737571, 37.395343], [-119.73754, 37.395603], [-119.737508, 37.395729], [-119.737466, 37.395852], [-119.737427, 37.39593], [-119.737133, 37.396535], [-119.736934, 37.396909], [-119.736735, 37.39725], [-119.736556, 37.397534], [-119.736449, 37.397705], [-119.736278, 37.397953], [-119.736213, 37.398037], [-119.736098, 37.398184], [-119.73605, 37.398247], [-119.735927, 37.398392], [-119.735729, 37.398603], [-119.735603, 37.39874], [-119.735511, 37.398839], [-119.735474, 37.398874], [-119.73508, 37.399263], [-119.734951, 37.399405], [-119.734864, 37.399515], [-119.734578, 37.399807], [-119.734031, 37.400368], [-119.733709, 37.400733], [-119.733557, 37.400953], [-119.733506, 37.401047], [-119.733495, 37.401068], [-119.73331, 37.401559], [-119.733289, 37.401651], [-119.733274, 37.401773], [-119.733269, 37.401867], [-119.733267, 37.401936], [-119.733286, 37.40225], [-119.733301, 37.402352], [-119.733355, 37.402569], [-119.733394, 37.402676], [-119.733445, 37.402776], [-119.733521, 37.402923], [-119.733603, 37.403046], [-119.733661, 37.403132], [-119.733733, 37.403251], [-119.733965, 37.403615], [-119.734251, 37.404062], [-119.73431, 37.404178], [-119.734358, 37.404302], [-119.734422, 37.404532], [-119.734443, 37.404636], [-119.734457, 37.404741], [-119.734464, 37.404861], [-119.734458, 37.405104], [-119.734445, 37.405252], [-119.734425, 37.4054], [-119.734393, 37.405515], [-119.734303, 37.405849], [-119.734205, 37.406163], [-119.734077, 37.406581], [-119.733868, 37.407271], [-119.733719, 37.407698], [-119.733679, 37.407832], [-119.733555, 37.408252], [-119.73348, 37.408506], [-119.733464, 37.408562], [-119.733269, 37.409274], [-119.733199, 37.40953], [-119.733136, 37.409755], [-119.733105, 37.409871], [-119.733047, 37.410054], [-119.732913, 37.410421], [-119.732834, 37.410641], [-119.732799, 37.410734], [-119.732754, 37.41086], [-119.732692, 37.411011], [-119.732656, 37.411104], [-119.732568, 37.411323], [-119.732303, 37.411982], [-119.732216, 37.412202], [-119.732114, 37.412454], [-119.731907, 37.412974], [-119.731818, 37.413215], [-119.731725, 37.413471], [-119.731714, 37.4135], [-119.731555, 37.413892], [-119.73137, 37.414352], [-119.731077, 37.415167], [-119.730955, 37.415508], [-119.730918, 37.415593], [-119.730891, 37.415664], [-119.730811, 37.415876], [-119.730785, 37.415948], [-119.73069, 37.416204], [-119.730382, 37.416944], [-119.730241, 37.417224], [-119.729843, 37.417744]]}, "props": {"MTFCC": "S1200", "NAME": null}}, {"geom": {"type": "LineString", "coordinates": [[-119.736704, 37.395374], [-119.736477, 37.395213], [-119.736468, 37.395207], [-119.736337, 37.395178], [-119.736337, 37.395091], [-119.736558, 37.394993], [-119.736689, 37.394755], [-119.736634, 37.394689], [-119.736458, 37.394476]]}, "props": {"MTFCC": "S1400", "NAME": null}}, {"geom": {"type": "LineString", "coordinates": [[-119.558744, 37.386708], [-119.558944, 37.387463], [-119.558973, 37.387921], [-119.558658, 37.388813], [-119.5586, 37.389797], [-119.558084, 37.391604], [-119.55809, 37.391629], [-119.558227, 37.392153], [-119.55855, 37.39243], [-119.559002, 37.392817], [-119.559174, 37.393274], [-119.559087, 37.394098], [-119.559202, 37.394395], [-119.559202, 37.395311], [-119.558887, 37.395723], [-119.558456, 37.396112], [-119.55774, 37.396409], [-119.555072, 37.397072], [-119.554528, 37.397255], [-119.554413, 37.397461], [-119.554642, 37.39801], [-119.554613, 37.398308], [-119.55447, 37.398468], [-119.554298, 37.398903], [-119.554355, 37.399177], [-119.554785, 37.399772], [-119.5549, 37.400253], [-119.5549, 37.401671], [-119.555244, 37.401877], [-119.55599, 37.401969], [-119.556276, 37.402427], [-119.556994, 37.402839], [-119.556937, 37.40309], [-119.556794, 37.403228], [-119.5549, 37.403594], [-119.554762, 37.403644], [-119.553523, 37.404097], [-119.552892, 37.404463], [-119.551945, 37.404806], [-119.549909, 37.404966], [-119.548991, 37.405195]]}, "props": {"MTFCC": "S1400", "NAME": null}}, {"geom": {"type": "LineString", "coordinates": [[-119.722815, 37.370485], [-119.722894, 37.370613], [-119.722915, 37.370646], [-119.723197, 37.370648], [-119.723305, 37.370568], [-119.723428, 37.370479]]}, "props": {"MTFCC": "S1400", "NAME": null}}, {"geom": {"type": "LineString", "coordinates": [[-119.723523, 37.373185], [-119.723411, 37.373031], [-119.723314, 37.372898], [-119.723328, 37.372613], [-119.723242, 37.372532], [-119.723104, 37.372402]]}, "props": {"MTFCC": "S1740", "NAME": null}}, {"geom": {"type": "LineString", "coordinates": [[-119.725561, 37.365714], [-119.725593, 37.365784], [-119.725689, 37.365996], [-119.725721, 37.366067]]}, "props": {"MTFCC": "S1400", "NAME": null}}, {"geom": {"type": "LineString", "coordinates": [[-119.710694, 37.364808], [-119.710693, 37.365004], [-119.710692, 37.365594], [-119.710692, 37.365791]]}, "props": {"MTFCC": "S1740", "NAME": null}}, {"geom": {"type": "LineString", "coordinates": [[-119.717076, 37.364983], [-119.717067, 37.365208], [-119.717076, 37.365225], [-119.717264, 37.365545], [-119.71755, 37.365769], [-119.717744, 37.36592]]}, "props": {"MTFCC": "S1740", "NAME": null}}, {"geom": {"type": "LineString", "coordinates": [[-119.712181, 37.368269], [-119.711984, 37.368291], [-119.711393, 37.368356], [-119.711196, 37.368379]]}, "props": {"MTFCC": "S1740", "NAME": null}}, {"geom": {"type": "LineString", "coordinates": [[-119.473141, 37.447137], [-119.473389, 37.447144], [-119.474136, 37.447166], [-119.474385, 37.447174], [-119.475193, 37.447198], [-119.476408, 37.447235], [-119.47704, 37.447211], [-119.4776, 37.447363], [-119.477768, 37.447409], [-119.477735, 37.448044]]}, "props": {"MTFCC": "S1400", "NAME": null}}, {"geom": {"type": "LineString", "coordinates": [[-119.696237, 37.39625], [-119.696325, 37.396053], [-119.696588, 37.395462], [-119.696677, 37.395266]]}, "props": {"MTFCC": "S1740", "NAME": null}}, {"geom": {"type": "LineString", "coordinates": [[-119.705878, 37.397352], [-119.70592, 37.39723], [-119.706046, 37.396865], [-119.706089, 37.396744]]}, "props": {"MTFCC": "S1400", "NAME": null}}, {"geom": {"type": "LineString", "coordinates": [[-119.708884, 37.381303], [-119.708754, 37.381533], [-119.708742, 37.381538], [-119.708645, 37.381581], [-119.708399, 37.381691], [-119.708244, 37.381832], [-119.708222, 37.382113], [-119.7082, 37.382483], [-119.708189, 37.382496], [-119.707956, 37.382799]]}, "props": {"MTFCC": "S1400", "NAME": null}}, {"geom": {"type": "LineString", "coordinates": [[-119.711034, 37.391595], [-119.710985, 37.391633], [-119.710917, 37.391676], [-119.710896, 37.391681], [-119.710876, 37.391688], [-119.710565, 37.391735], [-119.710467, 37.391761], [-119.710418, 37.391782], [-119.710351, 37.391834], [-119.710324, 37.391908]]}, "props": {"MTFCC": "S1740", "NAME": null}}, {"geom": {"type": "LineString", "coordinates": [[-119.71447, 37.391715], [-119.714544, 37.391662], [-119.714624, 37.391627], [-119.714697, 37.391587], [-119.714761, 37.391547], [-119.714819, 37.391503], [-119.714914, 37.391416], [-119.715029, 37.391288], [-119.715286, 37.391073], [-119.715401, 37.390979], [-119.715492, 37.390912]]}, "props": {"MTFCC": "S1400", "NAME": null}}, {"geom": {"type": "LineString", "coordinates": [[-119.691952, 37.40068], [-119.692178, 37.400466], [-119.692224, 37.400423], [-119.692881, 37.400294], [-119.693013, 37.400444], [-119.693218, 37.400679]]}, "props": {"MTFCC": "S1740", "NAME": null}}, {"geom": {"type": "LineString", "coordinates": [[-119.696476, 37.397099], [-119.696092, 37.397652], [-119.696117, 37.397967], [-119.696152, 37.398395], [-119.696591, 37.399053], [-119.696596, 37.39962], [-119.696224, 37.399932], [-119.69612, 37.400371], [-119.696359, 37.40043], [-119.696883, 37.400562], [-119.697027, 37.400525], [-119.697319, 37.400451]]}, "props": {"MTFCC": "S1740", "NAME": null}}, {"geom": {"type": "LineString", "coordinates": [[-119.619452, 37.3641], [-119.619452, 37.364105], [-119.61947, 37.364258], [-119.61951, 37.364427], [-119.619548, 37.364537], [-119.619604, 37.364665], [-119.619611, 37.364679], [-119.619672, 37.364789], [-119.61971, 37.364886], [-119.619833, 37.365093], [-119.619896, 37.365235], [-119.619906, 37.36527], [-119.619943, 37.365392], [-119.619954, 37.365489], [-119.619953, 37.36554], [-119.619946, 37.365572], [-119.619906, 37.365626], [-119.619796, 37.365728], [-119.619712, 37.365801], [-119.619681, 37.365842], [-119.619662, 37.365892], [-119.619646, 37.366], [-119.619644, 37.366294], [-119.619635, 37.36633], [-119.619608, 37.366369], [-119.619559, 37.36641], [-119.619486, 37.366449], [-119.619339, 37.366498], [-119.619267, 37.366514], [-119.619152, 37.366567], [-119.619085, 37.366633], [-119.619057, 37.3667], [-119.619051, 37.36673], [-119.619044, 37.366767], [-119.619051, 37.366926], [-119.619084, 37.367186], [-119.619089, 37.367321], [-119.619096, 37.36746], [-119.619092, 37.367519]]}, "props": {"MTFCC": "S1400", "NAME": null}}, {"geom": {"type": "LineString", "coordinates": [[-119.363438, 37.416925], [-119.363307, 37.416875], [-119.363242, 37.41684]]}, "props": {"MTFCC": "S1400", "NAME": null}}, {"geom": {"type": "LineString", "coordinates": [[-119.677308, 37.385382], [-119.677431, 37.385031], [-119.677704, 37.38426], [-119.677864, 37.384009], [-119.678066, 37.383697]]}, "props": {"MTFCC": "S1740", "NAME": null}}, {"geom": {"type": "LineString", "coordinates": [[-119.682469, 37.384582], [-119.68216, 37.381499]]}, "props": {"MTFCC": "S1400", "NAME": null}}, {"geom": {"type": "LineString", "coordinates": [[-119.679641, 37.381353], [-119.679858, 37.381042], [-119.680131, 37.380653], [-119.680735, 37.380382], [-119.681082, 37.380228]]}, "props": {"MTFCC": "S1740", "NAME": null}}, {"geom": {"type": "LineString", "coordinates": [[-119.716216, 37.416175], [-119.716362, 37.416311]]}, "props": {"MTFCC": "S1740", "NAME": null}}, {"geom": {"type": "LineString", "coordinates": [[-119.700114, 37.366432], [-119.700254, 37.366382], [-119.70035, 37.366348], [-119.700665, 37.366211], [-119.700802, 37.366152]]}, "props": {"MTFCC": "S1400", "NAME": null}}, {"geom": {"type": "LineString", "coordinates": [[-119.076428, 37.620141], [-119.076353, 37.619803], [-119.076212, 37.619788], [-119.076071, 37.619773], [-119.075327, 37.619694], [-119.074271, 37.619694], [-119.07419, 37.619712], [-119.073577, 37.619851]]}, "props": {"MTFCC": "S1400", "NAME": null}}, {"geom": {"type": "LineString", "coordinates": [[-119.079551, 37.631456], [-119.079524, 37.631638], [-119.079442, 37.632184], [-119.079416, 37.632367]]}, "props": {"MTFCC": "S1400", "NAME": null}}, {"geom": {"type": "LineString", "coordinates": [[-119.722487, 37.37512], [-119.722445, 37.375101], [-119.72243, 37.375094], [-119.722409, 37.375084], [-119.722403, 37.375037], [-119.722411, 37.374993], [-119.722366, 37.374955], [-119.722354, 37.374951], [-119.722295, 37.374933]]}, "props": {"MTFCC": "S1740", "NAME": null}}, {"geom": {"type": "LineString", "coordinates": [[-119.718417, 37.41561], [-119.717588, 37.4158], [-119.717516, 37.415871], [-119.71779, 37.41599]]}, "props": {"MTFCC": "S1740", "NAME": null}}, {"geom": {"type": "LineString", "coordinates": [[-119.727076, 37.410089], [-119.727417, 37.409955], [-119.727729, 37.409641], [-119.727742, 37.409468], [-119.727739, 37.409377], [-119.727554, 37.409249], [-119.727131, 37.409233], [-119.726825, 37.409143], [-119.726613, 37.409006]]}, "props": {"MTFCC": "S1740", "NAME": null}}, {"geom": {"type": "LineString", "coordinates": [[-119.715627, 37.416373], [-119.715476, 37.416422], [-119.715389, 37.416451], [-119.715337, 37.416557], [-119.715404, 37.416631], [-119.715531, 37.416659], [-119.715566, 37.416668], [-119.71572, 37.416709]]}, "props": {"MTFCC": "S1740", "NAME": null}}, {"geom": {"type": "LineString", "coordinates": [[-119.721867, 37.414756], [-119.721921, 37.414777], [-119.721949, 37.414778], [-119.722208, 37.41479], [-119.722295, 37.414794]]}, "props": {"MTFCC": "S1740", "NAME": null}}, {"geom": {"type": "LineString", "coordinates": [[-119.716556, 37.415917], [-119.716639, 37.416019], [-119.716775, 37.416186]]}, "props": {"MTFCC": "S1740", "NAME": null}}, {"geom": {"type": "LineString", "coordinates": [[-119.723453, 37.410801], [-119.723747, 37.410804], [-119.724629, 37.410813], [-119.724923, 37.410816]]}, "props": {"MTFCC": "S1740", "NAME": null}}, {"geom": {"type": "LineString", "coordinates": [[-119.634122, 37.444314], [-119.634421, 37.444114], [-119.63481, 37.444002], [-119.635017, 37.44391], [-119.635281, 37.443726], [-119.635419, 37.443428], [-119.635361, 37.443037], [-119.635017, 37.442635], [-119.634753, 37.442325], [-119.634626, 37.441912], [-119.634764, 37.441498], [-119.634914, 37.441027], [-119.63504, 37.440637], [-119.635028, 37.440235], [-119.634833, 37.439936], [-119.634546, 37.439672], [-119.634385, 37.439178], [-119.634282, 37.438489], [-119.63427, 37.438236], [-119.634146, 37.43799], [-119.634167, 37.437679], [-119.63427, 37.437381], [-119.634194, 37.436919]]}, "props": {"MTFCC": "S1400", "NAME": null}}, {"geom": {"type": "LineString", "coordinates": [[-119.69042, 37.417792], [-119.690795, 37.417647], [-119.691005, 37.417583], [-119.690973, 37.417478]]}, "props": {"MTFCC": "S1400", "NAME": null}}, {"geom": {"type": "LineString", "coordinates": [[-119.481844, 37.41269], [-119.482561, 37.413193], [-119.483221, 37.413399], [-119.483807, 37.413383], [-119.484111, 37.413376], [-119.484999, 37.412643], [-119.485602, 37.412323], [-119.485888, 37.412231], [-119.486003, 37.412299], [-119.485975, 37.412574], [-119.485803, 37.412917], [-119.485889, 37.413535], [-119.486061, 37.413695], [-119.486664, 37.413924], [-119.488299, 37.414312], [-119.488343, 37.414317], [-119.49048, 37.414586]]}, "props": {"MTFCC": "S1400", "NAME": null}}, {"geom": {"type": "LineString", "coordinates": [[-119.730918, 37.415593], [-119.731184, 37.415634], [-119.731281, 37.415638], [-119.731336, 37.415631], [-119.73145, 37.415602], [-119.731631, 37.415522], [-119.731744, 37.415487], [-119.731822, 37.415474], [-119.731968, 37.41547], [-119.732127, 37.415483], [-119.732227, 37.415486], [-119.732357, 37.415467], [-119.732486, 37.41545], [-119.732575, 37.415452], [-119.732596, 37.415451], [-119.732655, 37.415449], [-119.732751, 37.415421], [-119.732922, 37.415368], [-119.733011, 37.415355]]}, "props": {"MTFCC": "S1400", "NAME": null}}, {"geom": {"type": "LineString", "coordinates": [[-119.736597, 37.41776], [-119.736863, 37.417701], [-119.737599, 37.417226], [-119.738132, 37.417245], [-119.738636, 37.417431], [-119.739966, 37.417305], [-119.740144, 37.417423], [-119.740626, 37.417372], [-119.740682, 37.417366], [-119.740854, 37.417348], [-119.741148, 37.417157], [-119.741588, 37.416611], [-119.742149, 37.416324], [-119.742258, 37.416224], [-119.742355, 37.416135], [-119.742764, 37.415447], [-119.743914, 37.414922], [-119.744684, 37.414823], [-119.745744, 37.414061], [-119.747576, 37.41372], [-119.748251, 37.413172], [-119.748635, 37.413053], [-119.749138, 37.413237], [-119.749347, 37.413425], [-119.749319, 37.413614], [-119.748612, 37.41402], [-119.74755, 37.415032], [-119.747143, 37.415421], [-119.746322, 37.416559], [-119.746147, 37.416984], [-119.746357, 37.417431], [-119.746594, 37.417548], [-119.747512, 37.417613], [-119.747641, 37.417689]]}, "props": {"MTFCC": "S1400", "NAME": null}}, {"geom": {"type": "LineString", "coordinates": [[-119.736158, 37.382432], [-119.736206, 37.382374], [-119.73625, 37.382307], [-119.736293, 37.382258], [-119.736311, 37.382245], [-119.736348, 37.382227], [-119.736389, 37.382214], [-119.736446, 37.382205], [-119.736563, 37.382206], [-119.736985, 37.382222], [-119.737043, 37.382217], [-119.737083, 37.382208], [-119.737118, 37.382192], [-119.737135, 37.382175], [-119.737147, 37.382154], [-119.737172, 37.382086], [-119.737202, 37.381917], [-119.737222, 37.381617], [-119.737243, 37.381518], [-119.737265, 37.381455], [-119.737293, 37.381394], [-119.737361, 37.381295], [-119.737388, 37.38124], [-119.737431, 37.381104], [-119.737456, 37.380941], [-119.737503, 37.380696], [-119.737524, 37.380527], [-119.737559, 37.380365], [-119.737624, 37.380123], [-119.737646, 37.379997], [-119.737681, 37.379569], [-119.73769, 37.379361], [-119.737675, 37.37922], [-119.737673, 37.379194], [-119.737658, 37.379149], [-119.737632, 37.379108], [-119.737496, 37.378945], [-119.737478, 37.378916], [-119.73746, 37.378864], [-119.737441, 37.378756], [-119.737393, 37.378346], [-119.737378, 37.378263]]}, "props": {"MTFCC": "S1400", "NAME": null}}, {"geom": {"type": "LineString", "coordinates": [[-119.736981, 37.390761], [-119.737104, 37.39077], [-119.737191, 37.390781], [-119.737828, 37.39092], [-119.737947, 37.390951], [-119.738167, 37.391008], [-119.738529, 37.391089], [-119.738655, 37.39111], [-119.739088, 37.391146], [-119.739155, 37.391156], [-119.739296, 37.391204], [-119.739604, 37.391289], [-119.739645, 37.391306], [-119.739713, 37.391346], [-119.739843, 37.391435], [-119.740102, 37.391564], [-119.740379, 37.391692], [-119.740454, 37.39172], [-119.740544, 37.391743], [-119.740683, 37.391765], [-119.740757, 37.391771], [-119.740792, 37.391775], [-119.740915, 37.391773], [-119.740971, 37.391755], [-119.741024, 37.391728], [-119.74107, 37.391698], [-119.741102, 37.391664], [-119.741124, 37.391625], [-119.741178, 37.391498], [-119.741334, 37.391258], [-119.741425, 37.391151]]}, "props": {"MTFCC": "S1400", "NAME": null}}, {"geom": {"type": "LineString", "coordinates": [[-119.72925, 37.408957], [-119.729067, 37.40893], [-119.728812, 37.408842]]}, "props": {"MTFCC": "S1740", "NAME": null}}, {"geom": {"type": "LineString", "coordinates": [[-119.62561414285715, 37.3641], [-119.626045, 37.364216], [-119.62633, 37.364313], [-119.62643, 37.364347], [-119.626769, 37.36449], [-119.626866, 37.364538], [-119.627065, 37.364639], [-119.627345, 37.364804], [-119.627552, 37.364943], [-119.627565, 37.364952], [-119.627811, 37.365142], [-119.628198, 37.365503], [-119.628262, 37.365571], [-119.628561, 37.365885], [-119.628671, 37.365986], [-119.628793, 37.366097], [-119.628979, 37.366248], [-119.629105, 37.366349], [-119.629375, 37.366525], [-119.629606, 37.366649], [-119.63004, 37.36683], [-119.630173, 37.366886], [-119.630413, 37.36699]]}, "props": {"MTFCC": "S1400", "NAME": null}}, {"geom": {"type": "LineString", "coordinates": [[-119.296239, 37.55115], [-119.297127, 37.550656], [-119.297696, 37.550049], [-119.297746, 37.5498], [-119.297832, 37.549373], [-119.297796, 37.548676], [-119.297593, 37.547814], [-119.297293, 37.547371], [-119.296349, 37.546621], [-119.295853, 37.546106], [-119.295585, 37.545524], [-119.294773, 37.544652], [-119.294344, 37.544192], [-119.293926, 37.543909], [-119.292974, 37.543736]]}, "props": {"MTFCC": "S1400", "NAME": null}}, {"geom": {"type": "LineString", "coordinates": [[-119.081938, 37.632428], [-119.082026, 37.632599], [-119.082141, 37.632823], [-119.082154, 37.633151], [-119.082162, 37.633345], [-119.08217, 37.633555], [-119.082085, 37.633976], [-119.081969, 37.634562], [-119.081681, 37.634906], [-119.080869, 37.635231], [-119.080276, 37.635469], [-119.079251, 37.635875], [-119.077512, 37.636566], [-119.077082, 37.636793], [-119.077255, 37.637727], [-119.077726, 37.638723], [-119.077053, 37.638817], [-119.076723, 37.638838], [-119.076617, 37.638745], [-119.076183, 37.638362], [-119.07557, 37.63843], [-119.074867, 37.639492], [-119.074896, 37.639784], [-119.074568, 37.64008], [-119.074465, 37.640305], [-119.07399, 37.641353], [-119.073923, 37.641498], [-119.074137, 37.641794], [-119.074379, 37.642174], [-119.074403, 37.642212], [-119.074326, 37.642749], [-119.074339, 37.643191], [-119.07473, 37.64388], [-119.074724, 37.644515], [-119.074712, 37.644589], [-119.074649, 37.644982], [-119.074598, 37.64531], [-119.074282, 37.645638], [-119.074151, 37.645774]]}, "props": {"MTFCC": "S1400", "NAME": null}}, {"geom": {"type": "LineString", "coordinates": [[-119.705002, 37.405879], [-119.704647, 37.405942], [-119.704077, 37.406044], [-119.703595, 37.406181], [-119.703453, 37.40651]]}, "props": {"MTFCC": "S1740", "NAME": null}}, {"geom": {"type": "LineString", "coordinates": [[-119.702606, 37.402767], [-119.702731, 37.402778], [-119.703051, 37.402808], [-119.703108, 37.402807], [-119.703234, 37.402806], [-119.70352, 37.402802], [-119.70438, 37.40279], [-119.704667, 37.402787], [-119.704783, 37.402793], [-119.704887, 37.402804], [-119.704959, 37.40283], [-119.705028, 37.402874], [-119.70506, 37.40291], [-119.705083, 37.402948], [-119.705092, 37.402983], [-119.705087, 37.403094], [-119.70509, 37.403498], [-119.705085, 37.403582], [-119.705071, 37.403666], [-119.705024, 37.403833], [-119.704905, 37.404164], [-119.704787, 37.404563], [-119.70478, 37.40458], [-119.704745, 37.404661], [-119.704717, 37.404728], [-119.704673, 37.404799], [-119.704604, 37.404887], [-119.704595, 37.4049], [-119.704543, 37.404951], [-119.704323, 37.405164], [-119.704274, 37.405225], [-119.704223, 37.405308], [-119.704211, 37.405351], [-119.704212, 37.405391], [-119.704222, 37.405432], [-119.704241, 37.405471], [-119.704267, 37.405506], [-119.704303, 37.405537], [-119.704393, 37.405587], [-119.704428, 37.4056], [-119.704617, 37.405644], [-119.704695, 37.405676], [-119.70475, 37.405704], [-119.70477, 37.405715], [-119.704889, 37.405791], [-119.705002, 37.405879], [-119.705028, 37.405899], [-119.705163, 37.405987], [-119.705285, 37.406085], [-119.705305, 37.406114], [-119.705314, 37.406145], [-119.705312, 37.406211], [-119.705289, 37.406297], [-119.705268, 37.406337], [-119.705231, 37.406378], [-119.705136, 37.40645], [-119.704926, 37.406578], [-119.704858, 37.406632], [-119.704676, 37.406806], [-119.704572, 37.406925], [-119.704535, 37.406991], [-119.704427, 37.407251], [-119.70441, 37.407298], [-119.704332, 37.407524], [-119.70426, 37.40776], [-119.704212, 37.407899], [-119.704067, 37.408317], [-119.70402, 37.408457]]}, "props": {"MTFCC": "S1400", "NAME": null}}, {"geom": {"type": "LineString", "coordinates": [[-119.70478, 37.40458], [-119.705106, 37.404815], [-119.705194, 37.404879], [-119.705834, 37.405102], [-119.706059, 37.405457], [-119.706104, 37.405527], [-119.706125, 37.405846]]}, "props": {"MTFCC": "S1740", "NAME": null}}, {"geom": {"type": "LineString", "coordinates": [[-119.703677, 37.399054], [-119.703741, 37.399041], [-119.703936, 37.399004], [-119.704002, 37.398992]]}, "props": {"MTFCC": "S1400", "NAME": null}}, {"geom": {"type": "LineString", "coordinates": [[-119.703054, 37.400654], [-119.703293, 37.400709], [-119.70401, 37.400875], [-119.70425, 37.400931]]}, "props": {"MTFCC": "S1740", "NAME": null}}, {"geom": {"type": "LineString", "coordinates": [[-119.618121, 37.376671], [-119.618074, 37.376809], [-119.617934, 37.377224], [-119.617888, 37.377363]]}, "props": {"MTFCC": "S1740", "NAME": null}}, {"geom": {"type": "LineString", "coordinates": [[-119.619191, 37.376962], [-119.619052, 37.378206], [-119.618989, 37.378778], [-119.619075, 37.379721], [-119.619107, 37.379788], [-119.619476, 37.380551], [-119.619448, 37.380918], [-119.61919, 37.381287], [-119.619208, 37.381497], [-119.619218, 37.381608], [-119.619331, 37.381738], [-119.619441, 37.381863], [-119.619562, 37.382], [-119.619477, 37.382391], [-119.61916, 37.382782]]}, "props": {"MTFCC": "S1400", "NAME": null}}, {"geom": {"type": "LineString", "coordinates": [[-119.61209936363636, 37.3641], [-119.6121, 37.36411], [-119.612114, 37.364168], [-119.612137, 37.364263], [-119.61214, 37.364291], [-119.612156, 37.364419], [-119.612155, 37.364443], [-119.612154, 37.364497], [-119.612142, 37.364579], [-119.612105, 37.364702], [-119.612062, 37.364798], [-119.612014, 37.364874], [-119.611993, 37.364901], [-119.61196, 37.364927], [-119.611922, 37.364947], [-119.61189, 37.364959], [-119.611643, 37.36501], [-119.611599, 37.365024], [-119.611346, 37.365136], [-119.61124, 37.365169], [-119.61097, 37.365241], [-119.610825, 37.3653], [-119.610733, 37.365345], [-119.610603, 37.36542], [-119.610493, 37.365498], [-119.610397, 37.36558], [-119.610325, 37.365659], [-119.610286, 37.36571], [-119.610228, 37.365803], [-119.610125, 37.365994], [-119.610073, 37.366067], [-119.609986, 37.366188], [-119.609879, 37.366325], [-119.60979, 37.366422], [-119.609688, 37.366507], [-119.609614, 37.366558], [-119.609422, 37.36666], [-119.609051, 37.366897], [-119.608993, 37.366938], [-119.60886, 37.367052], [-119.608768, 37.367106], [-119.608553, 37.367195], [-119.608432, 37.367226], [-119.608323, 37.367311], [-119.608198, 37.367384], [-119.608115, 37.367454], [-119.607615, 37.368021], [-119.607541, 37.368124]]}, "props": {"MTFCC": "S1400", "NAME": null}}, {"geom": {"type": "LineString", "coordinates": [[-119.670843, 37.379044], [-119.670846, 37.379459], [-119.670853, 37.380175], [-119.670999, 37.380592], [-119.670989, 37.380681], [-119.670947, 37.381095], [-119.670859, 37.381119], [-119.670594, 37.381194], [-119.670507, 37.381219]]}, "props": {"MTFCC": "S1400", "NAME": null}}, {"geom": {"type": "LineString", "coordinates": [[-119.6568, 37.37553], [-119.656528, 37.375889], [-119.656354, 37.376121], [-119.655336, 37.37642], [-119.654905, 37.376547]]}, "props": {"MTFCC": "S1740", "NAME": null}}, {"geom": {"type": "LineString", "coordinates": [[-119.636332, 37.379468], [-119.636279, 37.379476], [-119.636155, 37.379496], [-119.636122, 37.379503], [-119.636071, 37.379515], [-119.635761, 37.379641], [-119.635639, 37.379692], [-119.634771, 37.379777], [-119.634439, 37.379811]]}, "props": {"MTFCC": "S1400", "NAME": null}}, {"geom": {"type": "LineString", "coordinates": [[-119.63245, 37.386211], [-119.632396, 37.386177], [-119.632237, 37.386075], [-119.632184, 37.386042]]}, "props": {"MTFCC": "S1400", "NAME": null}}, {"geom": {"type": "LineString", "coordinates": [[-119.641431, 37.381496], [-119.641174, 37.381589], [-119.640404, 37.38187], [-119.640148, 37.381964]]}, "props": {"MTFCC": "S1400", "NAME": null}}, {"geom": {"type": "LineString", "coordinates": [[-119.656205, 37.380766], [-119.656354, 37.379721], [-119.656676, 37.377484], [-119.656733, 37.376582], [-119.6568, 37.37553]]}, "props": {"MTFCC": "S1740", "NAME": null}}, {"geom": {"type": "LineString", "coordinates": [[-119.665269, 37.388171], [-119.665315, 37.388447], [-119.665573, 37.388379], [-119.665598, 37.388344], [-119.666003, 37.387807], [-119.666175, 37.387807], [-119.666491, 37.38799], [-119.666806, 37.387967], [-119.667006, 37.387832], [-119.667179, 37.387716], [-119.66756, 37.387729], [-119.667838, 37.387739], [-119.667953, 37.387601], [-119.667958, 37.387566], [-119.668011, 37.387212], [-119.668613, 37.386366], [-119.668604, 37.386284], [-119.668556, 37.385794]]}, "props": {"MTFCC": "S1400", "NAME": null}}, {"geom": {"type": "LineString", "coordinates": [[-119.631813, 37.382085], [-119.631815, 37.382024], [-119.631822, 37.381844], [-119.631825, 37.381785]]}, "props": {"MTFCC": "S1400", "NAME": null}}, {"geom": {"type": "LineString", "coordinates": [[-119.614461, 37.42637], [-119.615404, 37.426369], [-119.615774, 37.426429], [-119.616086, 37.426781], [-119.616262, 37.427814], [-119.616306, 37.428066], [-119.616673, 37.428908], [-119.616498, 37.429173], [-119.616497, 37.429254], [-119.616497, 37.429328], [-119.617295, 37.429716], [-119.618892, 37.430042], [-119.619233, 37.43028], [-119.61923, 37.430902], [-119.619083, 37.431189], [-119.618273, 37.431623], [-119.6182, 37.431749], [-119.618158, 37.431822], [-119.618207, 37.432821], [-119.618321, 37.433065], [-119.618231, 37.433552], [-119.61818, 37.433604], [-119.61716, 37.434652], [-119.61661, 37.435068], [-119.616436, 37.435312], [-119.61652, 37.435511], [-119.616688, 37.435527], [-119.617498, 37.435632], [-119.617988, 37.435891], [-119.61826, 37.435837], [-119.618419, 37.435806], [-119.618851, 37.435561], [-119.620492, 37.435445], [-119.620896, 37.435542], [-119.621126, 37.435799], [-119.621186, 37.436079], [-119.621129, 37.436289], [-119.621154, 37.436575], [-119.62119, 37.436964], [-119.621939, 37.437111], [-119.62315, 37.437817], [-119.623669, 37.437938], [-119.624389, 37.437811], [-119.625596, 37.437211], [-119.625922, 37.437036], [-119.626366, 37.43659], [-119.627056, 37.435986], [-119.62743, 37.436015], [-119.627862, 37.436159], [-119.628064, 37.436393], [-119.628071, 37.438418], [-119.627814, 37.438628], [-119.626785, 37.438826], [-119.625949, 37.439387], [-119.625469, 37.439599], [-119.624719, 37.439439], [-119.62419, 37.439232], [-119.623708, 37.439232], [-119.623363, 37.439553], [-119.623478, 37.439829], [-119.623892, 37.440105], [-119.624351, 37.44038], [-119.624466, 37.441069], [-119.624719, 37.44146], [-119.625109, 37.441506], [-119.625752, 37.441552], [-119.62628, 37.44185], [-119.626464, 37.442379], [-119.627016, 37.442654], [-119.627475, 37.44231], [-119.627751, 37.442218], [-119.628164, 37.442149], [-119.628475, 37.442135], [-119.629058, 37.442627], [-119.62919, 37.442626], [-119.629474, 37.442484], [-119.629568, 37.442281], [-119.629566, 37.44226], [-119.629545, 37.44196], [-119.629122, 37.441726], [-119.62914, 37.441294], [-119.629996, 37.44117], [-119.630031, 37.441165], [-119.630174, 37.441144], [-119.63067, 37.441007], [-119.630802, 37.44102], [-119.630847, 37.44102], [-119.63113, 37.44102], [-119.631298, 37.440928], [-119.631355, 37.440915], [-119.631529, 37.440877], [-119.631582, 37.440863], [-119.631741, 37.440821], [-119.631795, 37.440808], [-119.632129, 37.440702], [-119.633134, 37.440384], [-119.633469, 37.440279]]}, "props": {"MTFCC": "S1400", "NAME": null}}, {"geom": {"type": "LineString", "coordinates": [[-119.677591, 37.388062], [-119.677211, 37.388823], [-119.676954, 37.389341], [-119.676398, 37.390154], [-119.67584, 37.390968], [-119.675634, 37.39127], [-119.675183, 37.391448]]}, "props": {"MTFCC": "S1740", "NAME": null}}, {"geom": {"type": "LineString", "coordinates": [[-119.676692, 37.385217], [-119.676781, 37.385738], [-119.676572, 37.386467], [-119.676557, 37.386521], [-119.676187, 37.386998], [-119.674705, 37.387991], [-119.674421, 37.388442], [-119.674368, 37.389058], [-119.674391, 37.389224], [-119.674404, 37.389323], [-119.674577, 37.390599]]}, "props": {"MTFCC": "S1400", "NAME": null}}, {"geom": {"type": "LineString", "coordinates": [[-119.726981, 37.404354], [-119.726982, 37.4043], [-119.726988, 37.404137], [-119.726991, 37.404084]]}, "props": {"MTFCC": "S1400", "NAME": null}}, {"geom": {"type": "LineString", "coordinates": [[-119.719125, 37.404856], [-119.719067, 37.40481], [-119.71901, 37.404765], [-119.718908, 37.404661], [-119.718858, 37.404609]]}, "props": {"MTFCC": "S1740", "NAME": null}}, {"geom": {"type": "LineString", "coordinates": [[-119.718109, 37.403545], [-119.717842, 37.403469], [-119.717663, 37.403418], [-119.717204, 37.403213], [-119.717136, 37.403089], [-119.717003, 37.402847]]}, "props": {"MTFCC": "S1740", "NAME": null}}, {"geom": {"type": "LineString", "coordinates": [[-119.623394, 37.376434], [-119.623425, 37.377929], [-119.623403, 37.378089], [-119.623227, 37.379379], [-119.62297, 37.380151], [-119.622541, 37.380785], [-119.622455, 37.380872], [-119.621338, 37.382007], [-119.621125, 37.382316], [-119.621107, 37.382344], [-119.62108, 37.382383], [-119.62111, 37.38292], [-119.621398, 37.383483], [-119.621485, 37.38388]]}, "props": {"MTFCC": "S1400", "NAME": null}}, {"geom": {"type": "LineString", "coordinates": [[-119.588204, 37.493102], [-119.587644, 37.493174], [-119.587004, 37.493258], [-119.585996, 37.493539], [-119.585778, 37.493601], [-119.585453, 37.493693], [-119.585024, 37.493863], [-119.584247, 37.494173], [-119.583791, 37.494475], [-119.583558, 37.494631], [-119.583418, 37.494745]]}, "props": {"MTFCC": "S1400", "NAME": null}}, {"geom": {"type": "LineString", "coordinates": [[-119.719125, 37.404856], [-119.718936, 37.405021], [-119.718552, 37.405359], [-119.718349, 37.405494], [-119.718141, 37.405634]]}, "props": {"MTFCC": "S1400", "NAME": null}}, {"geom": {"type": "LineString", "coordinates": [[-119.582646, 37.485311], [-119.582463, 37.485502], [-119.579851, 37.486784], [-119.579621, 37.486944], [-119.579349, 37.487341], [-119.578605, 37.488431], [-119.577643, 37.489353], [-119.577572, 37.489776], [-119.577928, 37.490239], [-119.578502, 37.490674], [-119.578933, 37.49088], [-119.58057, 37.490788], [-119.580771, 37.490879], [-119.5808, 37.491772], [-119.580513, 37.492207], [-119.57879, 37.493237], [-119.578424, 37.493375], [-119.57813, 37.493488], [-119.577741, 37.493833], [-119.577416, 37.494122], [-119.577384, 37.494152], [-119.577039, 37.494311], [-119.576637, 37.494495], [-119.575316, 37.495365], [-119.574943, 37.495846], [-119.574972, 37.496646], [-119.575041, 37.496683], [-119.575144, 37.496738], [-119.575452, 37.4967], [-119.576264, 37.4966], [-119.576708, 37.496736], [-119.577011, 37.496829], [-119.577121, 37.496842]]}, "props": {"MTFCC": "S1400", "NAME": null}}, {"geom": {"type": "LineString", "coordinates": [[-119.582646, 37.485311], [-119.582793, 37.485156], [-119.582836, 37.485113], [-119.583037, 37.484793], [-119.583064, 37.484592], [-119.583094, 37.484381], [-119.583267, 37.484266], [-119.583468, 37.4839], [-119.584816, 37.482642], [-119.585218, 37.481863], [-119.586108, 37.481017], [-119.58619, 37.480636], [-119.586337, 37.479964], [-119.587313, 37.478683], [-119.588116, 37.477904], [-119.58869, 37.477538], [-119.588977, 37.477469], [-119.590413, 37.477423], [-119.591216, 37.476874], [-119.591734, 37.476805], [-119.59205, 37.476919], [-119.592222, 37.477194], [-119.591993, 37.477652], [-119.59116, 37.477926], [-119.589293, 37.478156], [-119.588719, 37.478339], [-119.588174, 37.478659], [-119.587916, 37.479003], [-119.587859, 37.479987], [-119.587744, 37.480719], [-119.587892, 37.480909], [-119.588118, 37.481199], [-119.588032, 37.481588], [-119.587285, 37.482412], [-119.587343, 37.482664], [-119.588665, 37.483853], [-119.588723, 37.484174], [-119.588493, 37.484585], [-119.588493, 37.484837], [-119.588493, 37.484929], [-119.588982, 37.48534], [-119.590015, 37.485866], [-119.590434, 37.486041], [-119.59237, 37.48685], [-119.592744, 37.487238], [-119.592744, 37.487376], [-119.591797, 37.487879], [-119.591481, 37.488154], [-119.591481, 37.488245], [-119.593061, 37.489252], [-119.593862, 37.489185], [-119.593893, 37.489183], [-119.594468, 37.489457], [-119.595042, 37.489892], [-119.595042, 37.490189], [-119.594841, 37.490693], [-119.594926, 37.490774], [-119.595129, 37.490967], [-119.595158, 37.491333], [-119.595014, 37.491585], [-119.595014, 37.491837], [-119.595474, 37.492042], [-119.595507, 37.492047], [-119.596594, 37.492225], [-119.597312, 37.492248], [-119.59826, 37.492613], [-119.598662, 37.49259], [-119.599409, 37.492155], [-119.59961, 37.492201], [-119.600041, 37.492476], [-119.600328, 37.492361], [-119.600345, 37.492313], [-119.600528, 37.491835], [-119.600959, 37.491194], [-119.601361, 37.491011]]}, "props": {"MTFCC": "S1400", "NAME": null}}, {"geom": {"type": "LineString", "coordinates": [[-119.074229, 37.648568], [-119.074266, 37.648384], [-119.074376, 37.647834], [-119.074414, 37.647651], [-119.074706, 37.647663], [-119.074787, 37.647667], [-119.074938, 37.647812], [-119.07494, 37.648263], [-119.074885, 37.648388], [-119.074769, 37.648657], [-119.074662, 37.648625], [-119.074577, 37.648601], [-119.074435, 37.648561], [-119.074339, 37.648564], [-119.074229, 37.648568]]}, "props": {"MTFCC": "S1400", "NAME": null}}, {"geom": {"type": "LineString", "coordinates": [[-119.074769, 37.648657], [-119.074795, 37.648752], [-119.074819, 37.648835], [-119.07485, 37.648947], [-119.07484, 37.649042], [-119.07483, 37.649141]]}, "props": {"MTFCC": "S1400", "NAME": null}}, {"geom": {"type": "LineString", "coordinates": [[-119.418337, 37.486443], [-119.418342, 37.486474], [-119.418357, 37.486569], [-119.418363, 37.486601], [-119.41853, 37.486656], [-119.418696, 37.486712], [-119.418928, 37.48689], [-119.41893, 37.486953], [-119.418937, 37.48713], [-119.418898, 37.487377], [-119.418783, 37.488121], [-119.418746, 37.488369], [-119.418664, 37.48849], [-119.41842, 37.488856], [-119.418339, 37.488978], [-119.418257, 37.489101], [-119.417798, 37.48949], [-119.416936, 37.489765], [-119.416257, 37.489813], [-119.415328, 37.489879], [-119.413979, 37.490153], [-119.412715, 37.490931], [-119.412456, 37.491343], [-119.411623, 37.492075], [-119.41125, 37.492304], [-119.410156, 37.492739], [-119.410044, 37.492784], [-119.409125, 37.493493], [-119.408625, 37.494376], [-119.408606, 37.494409], [-119.408666, 37.49446], [-119.408941, 37.494694], [-119.408943, 37.494761], [-119.408948, 37.494938], [-119.408955, 37.495163], [-119.40904, 37.495188], [-119.409026, 37.495635], [-119.408786, 37.495965], [-119.408016, 37.496405], [-119.407575, 37.496659], [-119.407444, 37.496776], [-119.4074, 37.496815], [-119.40727, 37.496931], [-119.407227, 37.496971], [-119.407392, 37.497201], [-119.407572, 37.497452], [-119.407533, 37.497992], [-119.407514, 37.498275]]}, "props": {"MTFCC": "S1200", "NAME": null}}, {"geom": {"type": "LineString", "coordinates": [[-119.572302, 37.499609], [-119.572354, 37.499938], [-119.572382, 37.500608], [-119.572124, 37.50086], [-119.571607, 37.500974], [-119.569855, 37.500745], [-119.569577, 37.500745], [-119.56931, 37.500745], [-119.568879, 37.500837], [-119.56862, 37.50102], [-119.568563, 37.501157], [-119.568707, 37.501317], [-119.569224, 37.501432], [-119.569683, 37.501638], [-119.570114, 37.502072], [-119.570602, 37.502255], [-119.571377, 37.502347], [-119.571406, 37.502758], [-119.570573, 37.503055], [-119.5702, 37.503536], [-119.570085, 37.503879], [-119.56954, 37.504245], [-119.568994, 37.50484], [-119.568391, 37.505046], [-119.567644, 37.505], [-119.566438, 37.504726], [-119.565386, 37.504327], [-119.565289, 37.504291], [-119.564428, 37.504016], [-119.563249, 37.504016], [-119.562043, 37.503513], [-119.561899, 37.503262], [-119.56195, 37.503116], [-119.562301, 37.502118], [-119.562267, 37.501987], [-119.562072, 37.501226], [-119.561612, 37.50086], [-119.561067, 37.500723], [-119.56032, 37.500883], [-119.559832, 37.501203], [-119.559634, 37.501422], [-119.559257, 37.501844], [-119.558963, 37.502398], [-119.558712, 37.502873], [-119.558623, 37.502921], [-119.558338, 37.503079], [-119.557764, 37.502942], [-119.556989, 37.502622], [-119.556879, 37.502502], [-119.556673, 37.502278], [-119.556577, 37.501958], [-119.556529, 37.501798], [-119.556673, 37.500608], [-119.556357, 37.499938], [-119.555703, 37.499211], [-119.555636, 37.498668], [-119.555559, 37.498044], [-119.554294, 37.496785], [-119.553203, 37.495138], [-119.552629, 37.494337], [-119.55171, 37.493765], [-119.549901, 37.493261], [-119.5497, 37.493124], [-119.549442, 37.492758], [-119.54904, 37.492575], [-119.548006, 37.492689], [-119.547623, 37.492631], [-119.547403, 37.492598], [-119.547202, 37.492346], [-119.547432, 37.491774], [-119.547949, 37.491408], [-119.548121, 37.491202], [-119.548092, 37.490836], [-119.547863, 37.490561], [-119.547719, 37.490149], [-119.547346, 37.489989]]}, "props": {"MTFCC": "S1400", "NAME": null}}, {"geom": {"type": "LineString", "coordinates": [[-119.29383, 37.441439], [-119.294082, 37.441269], [-119.294095, 37.441267], [-119.294979, 37.441152], [-119.295035, 37.441128], [-119.295328, 37.441006], [-119.29766, 37.440021], [-119.298402, 37.439862], [-119.2992, 37.43984], [-119.299771, 37.439976], [-119.300253, 37.440206], [-119.30162, 37.441146], [-119.302024, 37.441357], [-119.303984, 37.442382], [-119.30461, 37.442841], [-119.305233, 37.443643], [-119.305793, 37.445292], [-119.30642, 37.445772], [-119.307189, 37.446208], [-119.3075, 37.446552], [-119.307612, 37.446917], [-119.307852, 37.449185], [-119.307991, 37.449734], [-119.30836, 37.450216], [-119.30867, 37.450902], [-119.308632, 37.452047], [-119.307506, 37.456307], [-119.307528, 37.457132], [-119.307639, 37.457658], [-119.308517, 37.459146], [-119.308856, 37.459937], [-119.309501, 37.461436], [-119.309785, 37.461894], [-119.310212, 37.462307], [-119.310582, 37.462421], [-119.311922, 37.462423], [-119.313206, 37.462148], [-119.314005, 37.462194], [-119.314717, 37.4623], [-119.315193, 37.462376], [-119.31536, 37.462473], [-119.315614, 37.462621], [-119.315847, 37.462756], [-119.31594, 37.462911], [-119.316596, 37.463258], [-119.317159, 37.46342], [-119.318291, 37.463412], [-119.319262, 37.463407], [-119.319589, 37.46365], [-119.320554, 37.464368], [-119.320813, 37.46446], [-119.321789, 37.464277], [-119.322306, 37.464506], [-119.322593, 37.464757], [-119.322995, 37.464917], [-119.323368, 37.464986], [-119.324803, 37.464986], [-119.325435, 37.465192], [-119.325741, 37.465422], [-119.325924, 37.465557], [-119.326248, 37.465608], [-119.327359, 37.465786], [-119.327847, 37.466175], [-119.327904, 37.46677], [-119.328105, 37.467045], [-119.328278, 37.467113], [-119.330631, 37.466724], [-119.331837, 37.466724], [-119.332383, 37.466838], [-119.332928, 37.467135], [-119.33333, 37.467479], [-119.333531, 37.467524], [-119.334365, 37.467387], [-119.335054, 37.467135], [-119.335829, 37.466654], [-119.336317, 37.466471], [-119.337264, 37.466334], [-119.33801, 37.466333], [-119.338441, 37.466425], [-119.338556, 37.466516], [-119.338498, 37.466768], [-119.337235, 37.46702], [-119.336604, 37.467409], [-119.336489, 37.467684], [-119.336518, 37.468073], [-119.337408, 37.468965], [-119.339074, 37.470475], [-119.339189, 37.47075], [-119.339046, 37.471482], [-119.338481, 37.473209], [-119.338186, 37.474114], [-119.338095, 37.474248], [-119.336263, 37.476952], [-119.336148, 37.477638], [-119.336189, 37.477682], [-119.336551, 37.478073], [-119.336493, 37.478302], [-119.336177, 37.478576], [-119.335862, 37.479652], [-119.335891, 37.479881]]}, "props": {"MTFCC": "S1400", "NAME": null}}, {"geom": {"type": "LineString", "coordinates": [[-119.349077, 37.500781], [-119.347162, 37.501135], [-119.346598, 37.501178], [-119.346063, 37.50106], [-119.342935, 37.501614], [-119.342147, 37.50186], [-119.341812, 37.50211], [-119.341202, 37.502926], [-119.339998, 37.503786], [-119.339077, 37.504601], [-119.338431, 37.504917], [-119.337933, 37.505576], [-119.337778, 37.506232], [-119.334659, 37.507837], [-119.330801, 37.508956], [-119.329816, 37.509316], [-119.328637, 37.510016], [-119.328462, 37.510075], [-119.326852, 37.510609], [-119.326022, 37.510887], [-119.325986, 37.5109], [-119.324608, 37.511861], [-119.324091, 37.512502], [-119.324056, 37.512576], [-119.323689, 37.513371], [-119.32254, 37.51344], [-119.321304, 37.513669], [-119.321282, 37.51367], [-119.3205, 37.513715], [-119.31938, 37.513486], [-119.317771, 37.512937], [-119.317139, 37.512846], [-119.316478, 37.512983], [-119.314611, 37.513898], [-119.31434, 37.513913], [-119.313376, 37.513967], [-119.31283, 37.513898], [-119.31194, 37.514104], [-119.311599, 37.514032], [-119.311163, 37.513941], [-119.31057, 37.513857], [-119.310226, 37.513809], [-119.309259, 37.513492], [-119.306489, 37.512573], [-119.30605, 37.512428], [-119.301921, 37.511571], [-119.298702, 37.510578], [-119.295101, 37.509992], [-119.294993, 37.509975], [-119.292011, 37.509516], [-119.291094, 37.509482], [-119.290831, 37.509469], [-119.290042, 37.50943], [-119.289779, 37.509418], [-119.289122, 37.509392], [-119.288538, 37.50937], [-119.287161, 37.509226], [-119.286508, 37.509158]]}, "props": {"MTFCC": "S1400", "NAME": null}}, {"geom": {"type": "LineString", "coordinates": [[-119.278868, 37.527258], [-119.278464, 37.526957], [-119.277977, 37.526594], [-119.277547, 37.526021], [-119.277407, 37.525897], [-119.27703, 37.525564]]}, "props": {"MTFCC": "S1400", "NAME": null}}, {"geom": {"type": "LineString", "coordinates": [[-119.651176, 37.445941], [-119.651141, 37.445965], [-119.651114, 37.445987], [-119.651033, 37.446081], [-119.650947, 37.44622], [-119.650872, 37.446361], [-119.650845, 37.446453], [-119.650839, 37.446491], [-119.650839, 37.446646], [-119.650846, 37.446758], [-119.650854, 37.446826], [-119.650873, 37.446981], [-119.650886, 37.447204], [-119.650878, 37.447331], [-119.650858, 37.44752], [-119.650858, 37.447584], [-119.650866, 37.447689], [-119.650901, 37.4479], [-119.650995, 37.448291], [-119.651014, 37.44842], [-119.651009, 37.448553], [-119.650991, 37.448657], [-119.650946, 37.448764], [-119.650914, 37.448811], [-119.650893, 37.448843], [-119.650835, 37.44889], [-119.650636, 37.448992], [-119.650563, 37.449022], [-119.650525, 37.449033], [-119.650458, 37.449044], [-119.650388, 37.449047], [-119.650175, 37.449033], [-119.650034, 37.449023], [-119.650019, 37.449021], [-119.649893, 37.449006], [-119.649686, 37.448967], [-119.649479, 37.448913], [-119.649205, 37.448829], [-119.649142, 37.44881], [-119.649056, 37.448781], [-119.648963, 37.448749], [-119.648694, 37.448657], [-119.648591, 37.448628], [-119.648541, 37.448614], [-119.647849, 37.448459], [-119.647577, 37.448418], [-119.647486, 37.448407], [-119.647394, 37.448401], [-119.647303, 37.448402], [-119.647203, 37.448412], [-119.647104, 37.448427], [-119.646953, 37.448458], [-119.646842, 37.448487], [-119.646747, 37.448514], [-119.646625, 37.448565], [-119.64652, 37.448622], [-119.646424, 37.448688], [-119.646313, 37.448797], [-119.64621, 37.448921], [-119.646057, 37.449119], [-119.64594, 37.449247], [-119.645695, 37.449494], [-119.645481, 37.449723], [-119.645353, 37.449839], [-119.645122, 37.450035], [-119.645031, 37.450127], [-119.644919, 37.450258], [-119.644859, 37.45032], [-119.644751, 37.450402], [-119.644711, 37.450428], [-119.644582, 37.450499], [-119.644488, 37.450568], [-119.644385, 37.45066], [-119.644339, 37.450709], [-119.644298, 37.450761], [-119.644249, 37.450843], [-119.644214, 37.450932], [-119.644159, 37.451206], [-119.644161, 37.451322], [-119.644166, 37.451363], [-119.644188, 37.451444], [-119.644216, 37.451524], [-119.644252, 37.451606], [-119.644344, 37.451763], [-119.644459, 37.451927], [-119.644635, 37.452144], [-119.644746, 37.452275], [-119.644811, 37.452366], [-119.644839, 37.452415], [-119.64492, 37.452558], [-119.64496, 37.452659], [-119.644995, 37.452794], [-119.645007, 37.452913], [-119.645003, 37.452971], [-119.644998, 37.453058], [-119.644984, 37.453132], [-119.644963, 37.453205], [-119.644936, 37.453276], [-119.644859, 37.453408], [-119.644773, 37.453511], [-119.644581, 37.453684], [-119.644478, 37.453785], [-119.644433, 37.453838], [-119.644394, 37.453897], [-119.644374, 37.453939], [-119.644334, 37.454022], [-119.644291, 37.454145], [-119.644273, 37.454258], [-119.644271, 37.454331], [-119.644286, 37.454441], [-119.644305, 37.454503], [-119.644321, 37.454551], [-119.64439, 37.454709], [-119.644435, 37.454794], [-119.644489, 37.454874], [-119.644608, 37.45499], [-119.644637, 37.455019], [-119.64466, 37.45505], [-119.644688, 37.455099], [-119.644727, 37.455204], [-119.644737, 37.455312], [-119.644727, 37.455368], [-119.644712, 37.455412], [-119.644644, 37.455604], [-119.644603, 37.455663], [-119.644504, 37.455774], [-119.644425, 37.455879], [-119.644394, 37.455934], [-119.644372, 37.455997], [-119.644366, 37.456029], [-119.644354, 37.456095], [-119.644351, 37.456172], [-119.644377, 37.456393], [-119.644373, 37.456613], [-119.644372, 37.456668], [-119.644365, 37.4569], [-119.644362, 37.457004], [-119.644326, 37.457167], [-119.644305, 37.457219], [-119.644217, 37.457353], [-119.644071, 37.457446], [-119.64401, 37.457471], [-119.643946, 37.457499], [-119.643896, 37.457565], [-119.64385, 37.457669], [-119.643875, 37.457869], [-119.6439, 37.457953], [-119.643912, 37.458115], [-119.643935, 37.458226], [-119.643985, 37.458363], [-119.644013, 37.458428], [-119.644035, 37.458496], [-119.644082, 37.458641], [-119.644137, 37.458786], [-119.644158, 37.45899], [-119.64417, 37.459078], [-119.644166, 37.459153], [-119.644141, 37.459233], [-119.644109, 37.459302], [-119.644087, 37.45935], [-119.64403, 37.459526], [-119.644012, 37.459654], [-119.644009, 37.4598], [-119.644072, 37.460368], [-119.64409, 37.460522], [-119.644107, 37.460673], [-119.644143, 37.460989], [-119.644178, 37.461377]]}, "props": {"MTFCC": "S1200", "NAME": null}}, {"geom": {"type": "LineString", "coordinates": [[-119.651176, 37.445941], [-119.651141, 37.445965], [-119.651114, 37.445987], [-119.651033, 37.446081], [-119.650947, 37.44622], [-119.650872, 37.446361], [-119.650845, 37.446453], [-119.650839, 37.446491], [-119.650839, 37.446646], [-119.650846, 37.446758], [-119.650854, 37.446826], [-119.650873, 37.446981], [-119.650886, 37.447204], [-119.650878, 37.447331], [-119.650858, 37.44752], [-119.650858, 37.447584], [-119.650866, 37.447689], [-119.650901, 37.4479], [-119.650995, 37.448291], [-119.651014, 37.44842], [-119.651009, 37.448553], [-119.650991, 37.448657], [-119.650946, 37.448764], [-119.650914, 37.448811], [-119.650893, 37.448843], [-119.650835, 37.44889], [-119.650636, 37.448992], [-119.650563, 37.449022], [-119.650525, 37.449033], [-119.650458, 37.449044], [-119.650388, 37.449047], [-119.650175, 37.449033], [-119.650034, 37.449023], [-119.650019, 37.449021], [-119.649893, 37.449006], [-119.649686, 37.448967], [-119.649479, 37.448913], [-119.649205, 37.448829], [-119.649142, 37.44881], [-119.649056, 37.448781], [-119.648963, 37.448749], [-119.648694, 37.448657], [-119.648591, 37.448628], [-119.648541, 37.448614], [-119.647849, 37.448459], [-119.647577, 37.448418], [-119.647486, 37.448407], [-119.647394, 37.448401], [-119.647303, 37.448402], [-119.647203, 37.448412], [-119.647104, 37.448427], [-119.646953, 37.448458], [-119.646842, 37.448487], [-119.646747, 37.448514], [-119.646625, 37.448565], [-119.64652, 37.448622], [-119.646424, 37.448688], [-119.646313, 37.448797], [-119.64621, 37.448921], [-119.646057, 37.449119], [-119.64594, 37.449247], [-119.645695, 37.449494], [-119.645481, 37.449723], [-119.645353, 37.449839], [-119.645122, 37.450035], [-119.645031, 37.450127], [-119.644919, 37.450258], [-119.644859, 37.45032], [-119.644751, 37.450402], [-119.644711, 37.450428], [-119.644582, 37.450499], [-119.644488, 37.450568], [-119.644385, 37.45066], [-119.644339, 37.450709], [-119.644298, 37.450761], [-119.644249, 37.450843], [-119.644214, 37.450932], [-119.644159, 37.451206], [-119.644161, 37.451322], [-119.644166, 37.451363], [-119.644188, 37.451444], [-119.644216, 37.451524], [-119.644252, 37.451606], [-119.644344, 37.451763], [-119.644459, 37.451927], [-119.644635, 37.452144], [-119.644746, 37.452275], [-119.644811, 37.452366], [-119.644839, 37.452415], [-119.64492, 37.452558], [-119.64496, 37.452659], [-119.644995, 37.452794], [-119.645007, 37.452913], [-119.645003, 37.452971], [-119.644998, 37.453058], [-119.644984, 37.453132], [-119.644963, 37.453205], [-119.644936, 37.453276], [-119.644859, 37.453408], [-119.644773, 37.453511], [-119.644581, 37.453684], [-119.644478, 37.453785], [-119.644433, 37.453838], [-119.644394, 37.453897], [-119.644374, 37.453939], [-119.644334, 37.454022], [-119.644291, 37.454145], [-119.644273, 37.454258], [-119.644271, 37.454331], [-119.644286, 37.454441], [-119.644305, 37.454503], [-119.644321, 37.454551], [-119.64439, 37.454709], [-119.644435, 37.454794], [-119.644489, 37.454874], [-119.644608, 37.45499], [-119.644637, 37.455019], [-119.64466, 37.45505], [-119.644688, 37.455099], [-119.644727, 37.455204], [-119.644737, 37.455312], [-119.644727, 37.455368], [-119.644712, 37.455412], [-119.644644, 37.455604], [-119.644603, 37.455663], [-119.644504, 37.455774], [-119.644425, 37.455879], [-119.644394, 37.455934], [-119.644372, 37.455997], [-119.644366, 37.456029], [-119.644354, 37.456095], [-119.644351, 37.456172], [-119.644377, 37.456393], [-119.644373, 37.456613], [-119.644372, 37.456668], [-119.644365, 37.4569], [-119.644362, 37.457004], [-119.644326, 37.457167], [-119.644305, 37.457219], [-119.644217, 37.457353], [-119.644071, 37.457446], [-119.64401, 37.457471], [-119.643946, 37.457499], [-119.643896, 37.457565], [-119.64385, 37.457669], [-119.643875, 37.457869], [-119.6439, 37.457953], [-119.643912, 37.458115], [-119.643935, 37.458226], [-119.643985, 37.458363], [-119.644013, 37.458428], [-119.644035, 37.458496], [-119.644082, 37.458641], [-119.644137, 37.458786], [-119.644158, 37.45899], [-119.64417, 37.459078], [-119.644166, 37.459153], [-119.644141, 37.459233], [-119.644109, 37.459302], [-119.644087, 37.45935], [-119.64403, 37.459526], [-119.644012, 37.459654], [-119.644009, 37.4598], [-119.644072, 37.460368], [-119.64409, 37.460522], [-119.644107, 37.460673], [-119.644143, 37.460989], [-119.644178, 37.461377]]}, "props": {"MTFCC": "S1200", "NAME": null}}, {"geom": {"type": "LineString", "coordinates": [[-119.650034, 37.441113], [-119.65013, 37.441237], [-119.650195, 37.441292], [-119.650754, 37.441758], [-119.6508, 37.441796], [-119.650875, 37.441964], [-119.650935, 37.441945], [-119.651116, 37.441889], [-119.651177, 37.441871]]}, "props": {"MTFCC": "S1400", "NAME": null}}, {"geom": {"type": "LineString", "coordinates": [[-119.667518, 37.411624], [-119.668142, 37.412518], [-119.668383, 37.412827], [-119.668765, 37.413319], [-119.669932, 37.414193], [-119.67047, 37.41504], [-119.670789, 37.416367], [-119.671137, 37.417809]]}, "props": {"MTFCC": "S1400", "NAME": null}}, {"geom": {"type": "LineString", "coordinates": [[-119.722978, 37.37637], [-119.722997, 37.376368], [-119.723056, 37.376364], [-119.723076, 37.376363], [-119.723253, 37.376349], [-119.72356, 37.376326], [-119.723715, 37.376297], [-119.723778, 37.376274], [-119.723882, 37.376207], [-119.723923, 37.376172]]}, "props": {"MTFCC": "S1400", "NAME": null}}, {"geom": {"type": "LineString", "coordinates": [[-119.72284, 37.412384], [-119.722794, 37.412282], [-119.722656, 37.411976], [-119.722611, 37.411875]]}, "props": {"MTFCC": "S1740", "NAME": null}}, {"geom": {"type": "LineString", "coordinates": [[-119.644374, 37.453939], [-119.644201, 37.453972], [-119.643804, 37.453866], [-119.643478, 37.45378], [-119.643009, 37.45338], [-119.642286, 37.4536], [-119.642251, 37.453631], [-119.641816, 37.454024], [-119.641816, 37.454898], [-119.641816, 37.454923], [-119.641816, 37.455465], [-119.641557, 37.455877], [-119.640813, 37.457257], [-119.640781, 37.457318], [-119.640264, 37.457936]]}, "props": {"MTFCC": "S1400", "NAME": null}}, {"geom": {"type": "LineString", "coordinates": [[-119.636852, 37.415642], [-119.636857, 37.415751], [-119.636874, 37.416081], [-119.63688, 37.416191]]}, "props": {"MTFCC": "S1400", "NAME": null}}, {"geom": {"type": "LineString", "coordinates": [[-119.723776, 37.410084], [-119.723485, 37.410294], [-119.722783, 37.410428], [-119.722654, 37.410561], [-119.722467, 37.410644], [-119.722133, 37.410794]]}, "props": {"MTFCC": "S1740", "NAME": null}}, {"geom": {"type": "LineString", "coordinates": [[-119.593246, 37.404766], [-119.593341, 37.404889], [-119.59341, 37.405103], [-119.593563, 37.405573], [-119.593672, 37.406211], [-119.593737, 37.406587]]}, "props": {"MTFCC": "S1500", "NAME": null}}, {"geom": {"type": "LineString", "coordinates": [[-119.537114, 37.374942], [-119.537069, 37.375331], [-119.536641, 37.375611], [-119.536498, 37.37607], [-119.536504, 37.376177], [-119.536529, 37.376552], [-119.536615, 37.376598], [-119.536703, 37.377264], [-119.536618, 37.377723], [-119.536908, 37.378917], [-119.536883, 37.380158], [-119.537051, 37.380513], [-119.537374, 37.38119], [-119.537319, 37.381834], [-119.537388, 37.3819], [-119.537462, 37.381971], [-119.537748, 37.381902], [-119.53855, 37.381465], [-119.539403, 37.381166], [-119.540981, 37.380613], [-119.541954, 37.380199], [-119.542527, 37.380129], [-119.543557, 37.380333], [-119.544787, 37.380742], [-119.545763, 37.380581], [-119.546761, 37.380418], [-119.547133, 37.380394], [-119.547762, 37.380552], [-119.547904, 37.380665], [-119.548335, 37.38101], [-119.548564, 37.381422], [-119.548765, 37.381582], [-119.549654, 37.381811], [-119.550141, 37.3822], [-119.550192, 37.382208], [-119.551087, 37.38236], [-119.551489, 37.382269], [-119.551833, 37.381926], [-119.552321, 37.381788], [-119.55344, 37.382063], [-119.553153, 37.383596], [-119.553181, 37.383711], [-119.555733, 37.384786], [-119.556341, 37.385155], [-119.5586, 37.386525], [-119.558744, 37.386708], [-119.558973, 37.386777], [-119.559604, 37.387509], [-119.559747, 37.388081], [-119.559337, 37.38906], [-119.559116, 37.389591], [-119.559088, 37.39094], [-119.55929, 37.391316], [-119.559432, 37.391581], [-119.559977, 37.392062], [-119.560521, 37.392817], [-119.560809, 37.393572], [-119.561297, 37.394121], [-119.562272, 37.394006], [-119.562673, 37.394212], [-119.563132, 37.394853], [-119.56332, 37.395313], [-119.563648, 37.396112], [-119.564062, 37.397095], [-119.564266, 37.397531], [-119.564659, 37.397741], [-119.564813, 37.397725], [-119.565277, 37.397679], [-119.565432, 37.397665], [-119.565773, 37.397671], [-119.566456, 37.398051], [-119.566739, 37.398073], [-119.56709, 37.398102], [-119.567635, 37.39888], [-119.567635, 37.399475], [-119.567348, 37.4011], [-119.567061, 37.401557], [-119.566631, 37.4019], [-119.56627, 37.402066], [-119.566086, 37.402152], [-119.564165, 37.402358], [-119.563906, 37.402564], [-119.56362, 37.403045], [-119.562272, 37.403891], [-119.561841, 37.404463], [-119.561852, 37.404759], [-119.562438, 37.40536], [-119.562616, 37.405973], [-119.562731, 37.406774], [-119.562874, 37.407072], [-119.56362, 37.40785], [-119.563763, 37.408147], [-119.563821, 37.408628], [-119.563787, 37.408774], [-119.563648, 37.40936], [-119.563763, 37.409955], [-119.564079, 37.410161], [-119.564366, 37.410229], [-119.565599, 37.410115], [-119.565972, 37.410275], [-119.566036, 37.410498], [-119.566058, 37.410572], [-119.565427, 37.412815], [-119.565398, 37.413478], [-119.565715, 37.413844], [-119.566289, 37.414096], [-119.566604, 37.414485]]}, "props": {"MTFCC": "S1400", "NAME": null}}, {"geom": {"type": "LineString", "coordinates": [[-119.548456, 37.377937], [-119.547969, 37.378053], [-119.547969, 37.378232], [-119.547969, 37.378595], [-119.548261, 37.379059], [-119.547969, 37.379484], [-119.547677, 37.379987], [-119.547687, 37.380019], [-119.547904, 37.380665]]}, "props": {"MTFCC": "S1740", "NAME": null}}, {"geom": {"type": "LineString", "coordinates": [[-119.554019, 37.36575], [-119.554249, 37.365978], [-119.554363, 37.366367], [-119.554421, 37.366962], [-119.554507, 37.367145], [-119.556972, 37.369228], [-119.557001, 37.369272], [-119.557373, 37.369845], [-119.557346, 37.370967], [-119.557575, 37.371378], [-119.557518, 37.371767], [-119.55703, 37.37266], [-119.557145, 37.373415], [-119.557804, 37.37385], [-119.557862, 37.374477], [-119.558432, 37.374942], [-119.559203, 37.375366], [-119.559604, 37.375908], [-119.560321, 37.376526], [-119.561439, 37.377281], [-119.562127, 37.377327], [-119.562615, 37.377487], [-119.563647, 37.378631], [-119.563647, 37.379341], [-119.563504, 37.379775], [-119.563506, 37.379839], [-119.563532, 37.380439], [-119.563704, 37.380851], [-119.565999, 37.382933], [-119.566028, 37.383597], [-119.565741, 37.384146], [-119.565804, 37.384494], [-119.565971, 37.385404], [-119.5662, 37.386045], [-119.566429, 37.386457], [-119.566646, 37.387274], [-119.566745, 37.387646], [-119.566917, 37.387875], [-119.566974, 37.388173], [-119.566641, 37.388246], [-119.566458, 37.388287], [-119.565623, 37.38827], [-119.565283, 37.388264], [-119.565369, 37.388493], [-119.565381, 37.388503], [-119.565741, 37.388791], [-119.566026, 37.388942], [-119.566257, 37.389065]]}, "props": {"MTFCC": "S1400", "NAME": null}}, {"geom": {"type": "LineString", "coordinates": [[-119.412124, 37.443611], [-119.412182, 37.443748], [-119.412727, 37.444298], [-119.412956, 37.444618], [-119.413042, 37.445007], [-119.413071, 37.445471], [-119.413185, 37.447272], [-119.413529, 37.447639], [-119.414412, 37.448121], [-119.41462, 37.448234], [-119.414763, 37.448554], [-119.414993, 37.449172], [-119.415308, 37.44963], [-119.415624, 37.449859], [-119.415997, 37.449836], [-119.416399, 37.449607], [-119.416526, 37.449453], [-119.41792, 37.447777], [-119.417519, 37.447227], [-119.417433, 37.446655], [-119.417232, 37.446495], [-119.41721, 37.446489], [-119.416457, 37.446289], [-119.416256, 37.446083], [-119.416084, 37.445717], [-119.41419, 37.444], [-119.41376, 37.443794], [-119.413652, 37.443781], [-119.412124, 37.443611]]}, "props": {"MTFCC": "S1400", "NAME": null}}, {"geom": {"type": "LineString", "coordinates": [[-119.670507, 37.381219], [-119.66904, 37.381279], [-119.668844, 37.381288], [-119.668614, 37.381562], [-119.667439, 37.382111], [-119.667037, 37.3825], [-119.666807, 37.383392], [-119.66678, 37.384463], [-119.666778, 37.384558], [-119.666176, 37.385793], [-119.666606, 37.385885], [-119.666654, 37.385956], [-119.666807, 37.386183], [-119.667122, 37.386137], [-119.667638, 37.385862], [-119.668031, 37.385783], [-119.668097, 37.385771], [-119.668556, 37.385794]]}, "props": {"MTFCC": "S1400", "NAME": null}}, {"geom": {"type": "LineString", "coordinates": [[-119.628369, 37.373486], [-119.628273, 37.373413], [-119.628232, 37.373382], [-119.628116, 37.373274], [-119.628015, 37.373164], [-119.627952, 37.373063], [-119.62789, 37.372979], [-119.627825, 37.372902], [-119.627787, 37.37285], [-119.627735, 37.372758], [-119.62772, 37.372728], [-119.627639, 37.372557], [-119.62754, 37.37239], [-119.627513, 37.372354], [-119.627464, 37.372237], [-119.627438, 37.372144], [-119.627421, 37.372041], [-119.62742, 37.371914], [-119.62745, 37.371759], [-119.627493, 37.37158], [-119.627501, 37.371551], [-119.627531, 37.37144], [-119.627565, 37.371294], [-119.627577, 37.371182], [-119.627682, 37.37075], [-119.627999, 37.369455], [-119.628106, 37.369024]]}, "props": {"MTFCC": "S1400", "NAME": null}}, {"geom": {"type": "LineString", "coordinates": [[-119.389232, 37.426602], [-119.388715, 37.427197], [-119.38805, 37.427711], [-119.387653, 37.42802], [-119.387193, 37.428913], [-119.386992, 37.429714], [-119.386933, 37.432002], [-119.386879, 37.432259], [-119.386674, 37.433237], [-119.386836, 37.433845]]}, "props": {"MTFCC": "S1400", "NAME": null}}, {"geom": {"type": "LineString", "coordinates": [[-119.48073145882353, 37.3641], [-119.480729, 37.364119]]}, "props": {"MTFCC": "S1400", "NAME": null}}, {"geom": {"type": "LineString", "coordinates": [[-119.439105, 37.477341], [-119.439334, 37.478004], [-119.439679, 37.478805], [-119.439679, 37.480374], [-119.439679, 37.48052], [-119.439593, 37.48068], [-119.439449, 37.481779], [-119.438789, 37.483907], [-119.438876, 37.484845], [-119.43902, 37.48512], [-119.439336, 37.485303], [-119.440599, 37.485531], [-119.441289, 37.485943], [-119.442064, 37.486721], [-119.442555, 37.487546], [-119.442868, 37.488071], [-119.443385, 37.488346], [-119.445137, 37.488963], [-119.445194, 37.489032], [-119.445394, 37.489109], [-119.445998, 37.489343], [-119.446199, 37.489421]]}, "props": {"MTFCC": "S1400", "NAME": null}}, {"geom": {"type": "LineString", "coordinates": [[-119.438559, 37.474846], [-119.438731, 37.474938], [-119.438792, 37.475279], [-119.438817, 37.475418], [-119.438903, 37.475487], [-119.439191, 37.476311], [-119.439175, 37.476814], [-119.439162, 37.477249], [-119.439105, 37.477341]]}, "props": {"MTFCC": "S1400", "NAME": null}}, {"geom": {"type": "LineString", "coordinates": [[-119.37035, 37.41369], [-119.370249, 37.413746], [-119.370182, 37.413774], [-119.369422, 37.413775], [-119.369162, 37.413773], [-119.369078, 37.413773], [-119.369027, 37.413766], [-119.368971, 37.413742], [-119.368906, 37.413702], [-119.368828, 37.413651], [-119.368607, 37.413544], [-119.368363, 37.413442], [-119.368313, 37.413431], [-119.368237, 37.413433], [-119.368176, 37.413446], [-119.368142, 37.413467], [-119.368001, 37.413654], [-119.367918, 37.413773], [-119.367814, 37.413896], [-119.367753, 37.413949], [-119.367692, 37.413975], [-119.367615, 37.413992], [-119.367528, 37.413996], [-119.367465, 37.413985], [-119.367375, 37.413943], [-119.367117, 37.413804], [-119.366916, 37.413715], [-119.366664, 37.413609], [-119.366516, 37.413544], [-119.366404, 37.413506], [-119.366249, 37.413472], [-119.366146, 37.41346], [-119.366085, 37.41346], [-119.366017, 37.413472], [-119.365978, 37.413483], [-119.365934, 37.413498], [-119.365609, 37.413644], [-119.36544, 37.413735], [-119.36519, 37.413885], [-119.364968, 37.414034], [-119.364927, 37.414068]]}, "props": {"MTFCC": "S1400", "NAME": null}}, {"geom": {"type": "LineString", "coordinates": [[-119.304231, 37.367793], [-119.304607, 37.368134], [-119.305072, 37.368885], [-119.306488, 37.370407], [-119.306633, 37.370475], [-119.306634, 37.370565], [-119.308439, 37.3721], [-119.311143, 37.374398], [-119.311864, 37.374543], [-119.312121, 37.374888], [-119.312495, 37.375283], [-119.312842, 37.375727], [-119.313333, 37.37609], [-119.314113, 37.376475], [-119.314487, 37.376701], [-119.314953, 37.377725], [-119.315273, 37.378248], [-119.315339, 37.379544], [-119.315485, 37.379908], [-119.315744, 37.38009], [-119.317129, 37.380541], [-119.317389, 37.380722], [-119.317421, 37.380997], [-119.31745, 37.381246], [-119.317309, 37.381496], [-119.317369, 37.382064], [-119.317689, 37.382519], [-119.318296, 37.383041], [-119.319106, 37.384018], [-119.319426, 37.384564], [-119.319531, 37.384917], [-119.319603, 37.385155], [-119.320094, 37.385725], [-119.320758, 37.385835], [-119.321307, 37.386312], [-119.321567, 37.386402], [-119.321856, 37.386675], [-119.322032, 37.387198], [-119.322668, 37.38772], [-119.322843, 37.388107], [-119.322733, 37.38888], [-119.322401, 37.389164], [-119.322303, 37.389246], [-119.321994, 37.39009], [-119.321565, 37.390321], [-119.321375, 37.390424], [-119.321071, 37.391079], [-119.320917, 37.391477], [-119.320891, 37.392484], [-119.321115, 37.392696], [-119.321924, 37.393195], [-119.321937, 37.393851], [-119.321835, 37.394084], [-119.32157, 37.394693], [-119.321462, 37.395536], [-119.32154, 37.395765], [-119.321539, 37.395776], [-119.321515, 37.396474], [-119.321564, 37.396509], [-119.321737, 37.396635], [-119.321777, 37.396634]]}, "props": {"MTFCC": "S1400", "NAME": null}}, {"geom": {"type": "LineString", "coordinates": [[-119.418337, 37.486443], [-119.418342, 37.486474], [-119.418357, 37.486569], [-119.418363, 37.486601]]}, "props": {"MTFCC": "S1200", "NAME": null}}, {"geom": {"type": "LineString", "coordinates": [[-119.049677, 37.640512], [-119.049589, 37.640658], [-119.049325, 37.641095], [-119.049238, 37.641242]]}, "props": {"MTFCC": "S1400", "NAME": null}}, {"geom": {"type": "LineString", "coordinates": [[-119.374844, 37.503997], [-119.374169, 37.504065], [-119.372466, 37.504655], [-119.371831, 37.504783], [-119.371674, 37.504815], [-119.370558, 37.504584], [-119.369557, 37.504102], [-119.368026, 37.50332], [-119.366707, 37.503409], [-119.366558, 37.503248], [-119.366607, 37.50295], [-119.366932, 37.502307], [-119.366955, 37.502055], [-119.366804, 37.501848], [-119.365688, 37.50148], [-119.364711, 37.501726], [-119.364425, 37.501799], [-119.363396, 37.501384], [-119.362927, 37.501429], [-119.362456, 37.501611], [-119.362012, 37.502021], [-119.36187, 37.502005]]}, "props": {"MTFCC": "S1200", "NAME": null}}, {"geom": {"type": "LineString", "coordinates": [[-119.594738, 37.439409], [-119.595209, 37.438841], [-119.59588, 37.437238], [-119.596372, 37.436597], [-119.597008, 37.436], [-119.597646, 37.435154], [-119.598022, 37.435222], [-119.599018, 37.435608], [-119.599436, 37.43577], [-119.600478, 37.436502], [-119.600968, 37.436479], [-119.601921, 37.436089], [-119.602065, 37.43586], [-119.602155, 37.435355], [-119.602301, 37.435126], [-119.60282, 37.434874], [-119.603369, 37.434966], [-119.60389, 37.435309], [-119.603976, 37.435536], [-119.604074, 37.436932], [-119.604249, 37.437275], [-119.604654, 37.437618], [-119.605723, 37.438212], [-119.606332, 37.438851], [-119.607112, 37.439217], [-119.607662, 37.439742], [-119.607665, 37.440131], [-119.607209, 37.44036], [-119.606126, 37.440681], [-119.605612, 37.441046], [-119.605356, 37.441046], [-119.604702, 37.440474], [-119.604417, 37.440337], [-119.603617, 37.440406], [-119.603219, 37.44077], [-119.603021, 37.441182], [-119.602911, 37.441732], [-119.60289, 37.442932], [-119.602872, 37.444041], [-119.602423, 37.445414], [-119.602483, 37.445847], [-119.602572, 37.446145], [-119.602747, 37.446395], [-119.602865, 37.44683], [-119.602814, 37.447631], [-119.602344, 37.448452], [-119.602304, 37.448522], [-119.602337, 37.448934], [-119.602604, 37.449185]]}, "props": {"MTFCC": "S1500", "NAME": null}}, {"geom": {"type": "LineString", "coordinates": [[-119.621983, 37.40344], [-119.621985, 37.403284], [-119.62198, 37.40317], [-119.621986, 37.403057], [-119.622003, 37.402944], [-119.622043, 37.402791], [-119.622064, 37.402741], [-119.622081, 37.402703], [-119.622243, 37.402454], [-119.62229, 37.402369], [-119.622406, 37.402092], [-119.622512, 37.40176], [-119.622607, 37.401342], [-119.622632, 37.401258], [-119.622661, 37.401161], [-119.622698, 37.400982], [-119.622704, 37.400921], [-119.622696, 37.400825], [-119.622679, 37.400752], [-119.622672, 37.400742], [-119.622657, 37.400721], [-119.622628, 37.400698], [-119.622556, 37.400662], [-119.622513, 37.400655], [-119.622379, 37.400647], [-119.622105, 37.400611], [-119.621993, 37.400612]]}, "props": {"MTFCC": "S1400", "NAME": null}}, {"geom": {"type": "LineString", "coordinates": [[-119.617023, 37.403407], [-119.617011, 37.403731]]}, "props": {"MTFCC": "S1400", "NAME": null}}, {"geom": {"type": "LineString", "coordinates": [[-119.730806, 37.39566], [-119.731038, 37.395301], [-119.731062, 37.395167], [-119.731105, 37.394941], [-119.730861, 37.394614], [-119.73057, 37.394443], [-119.730637, 37.394223], [-119.730817, 37.394], [-119.730735, 37.393818], [-119.730661, 37.393651], [-119.730281, 37.393645]]}, "props": {"MTFCC": "S1740", "NAME": null}}, {"geom": {"type": "LineString", "coordinates": [[-119.498393, 37.408449], [-119.498582, 37.408514], [-119.498795, 37.408587], [-119.499024, 37.408838], [-119.499074, 37.409375], [-119.499091, 37.409557], [-119.49914, 37.410074], [-119.499313, 37.410737], [-119.499284, 37.411332], [-119.499027, 37.412408], [-119.498959, 37.413232], [-119.498914, 37.413781], [-119.498656, 37.41449]]}, "props": {"MTFCC": "S1400", "NAME": null}}, {"geom": {"type": "LineString", "coordinates": [[-119.61189, 37.364959], [-119.612063, 37.364958], [-119.612584, 37.364955], [-119.612619, 37.364955], [-119.61269, 37.364919], [-119.612709, 37.364863]]}, "props": {"MTFCC": "S1400", "NAME": null}}, {"geom": {"type": "LineString", "coordinates": [[-119.53753839962359, 37.3641], [-119.537473, 37.364991], [-119.537245, 37.365676], [-119.537159, 37.366337], [-119.537157, 37.367704], [-119.537044, 37.367909], [-119.536471, 37.368344], [-119.536299, 37.368981], [-119.535357, 37.370236], [-119.53527, 37.370618], [-119.535251, 37.370705]]}, "props": {"MTFCC": "S1400", "NAME": null}}, {"geom": {"type": "LineString", "coordinates": [[-119.356293, 37.413468], [-119.356428, 37.414399], [-119.356422, 37.414989], [-119.356274, 37.415352], [-119.355926, 37.415738], [-119.355952, 37.41601], [-119.356205, 37.416486], [-119.356259, 37.416917], [-119.356225, 37.417029], [-119.355963, 37.417916], [-119.356046, 37.418143], [-119.356443, 37.418415], [-119.357496, 37.418522], [-119.357493, 37.418976], [-119.356679, 37.419906], [-119.356647, 37.420224], [-119.356789, 37.420336], [-119.357841, 37.420146], [-119.358666, 37.420232], [-119.35878, 37.420323], [-119.358777, 37.420709], [-119.35834, 37.421184], [-119.358281, 37.421411], [-119.358451, 37.421593], [-119.359164, 37.421725], [-119.359532, 37.42202], [-119.359729, 37.422473], [-119.359696, 37.42295], [-119.359161, 37.423537], [-119.358563, 37.424196], [-119.358329, 37.424559], [-119.358291, 37.425444], [-119.35768, 37.426102], [-119.357563, 37.426443], [-119.35783, 37.426655], [-119.357935, 37.426739], [-119.359033, 37.426447], [-119.360189, 37.426453], [-119.360826, 37.425886], [-119.361318, 37.425683], [-119.361579, 37.425434], [-119.361842, 37.424935], [-119.361868, 37.424926], [-119.363402, 37.42444], [-119.364416, 37.423737], [-119.364965, 37.4239], [-119.365343, 37.424315], [-119.365777, 37.42457], [-119.366384, 37.424664], [-119.367742, 37.424556], [-119.369043, 37.424359], [-119.370025, 37.424088], [-119.370516, 37.423818], [-119.371588, 37.422864], [-119.372282, 37.422685], [-119.373525, 37.422645], [-119.374885, 37.421921], [-119.375318, 37.421946], [-119.375939, 37.422239], [-119.376414, 37.422278], [-119.377657, 37.421873], [-119.378817, 37.421127], [-119.379279, 37.42097]]}, "props": {"MTFCC": "S1400", "NAME": null}}, {"geom": {"type": "LineString", "coordinates": [[-119.371385, 37.416862], [-119.371463, 37.416899], [-119.37151, 37.416933], [-119.371551, 37.416978], [-119.371574, 37.417031], [-119.371585, 37.417106], [-119.371574, 37.417175], [-119.371515, 37.417309], [-119.371417, 37.417468], [-119.371338, 37.417624], [-119.371244, 37.417796], [-119.371199, 37.417852], [-119.371146, 37.417893], [-119.371062, 37.41793], [-119.370875, 37.41798], [-119.370772, 37.417998], [-119.370667, 37.418004], [-119.370308, 37.417991], [-119.370178, 37.417996], [-119.369926, 37.418029], [-119.369802, 37.418056], [-119.369676, 37.418101], [-119.36957, 37.418153], [-119.369235, 37.418351], [-119.368973, 37.418515], [-119.368502, 37.418841], [-119.368252, 37.418999], [-119.368184, 37.419052], [-119.368126, 37.419111], [-119.368068, 37.419198], [-119.368021, 37.41929], [-119.368002, 37.419364], [-119.367995, 37.41944], [-119.368004, 37.419594], [-119.368007, 37.419746], [-119.368012, 37.41984]]}, "props": {"MTFCC": "S1400", "NAME": null}}, {"geom": {"type": "LineString", "coordinates": [[-119.722996, 37.371637], [-119.723138, 37.371407], [-119.723247, 37.371232], [-119.723469, 37.371069], [-119.723499, 37.370838], [-119.72348, 37.370744], [-119.723428, 37.370479], [-119.723475, 37.370439], [-119.723619, 37.370319], [-119.723667, 37.37028], [-119.723902, 37.370116], [-119.723929, 37.370108], [-119.724384, 37.369977], [-119.724597, 37.370181], [-119.72477, 37.370218], [-119.724876, 37.370242], [-119.725063, 37.370153]]}, "props": {"MTFCC": "S1400", "NAME": null}}, {"geom": {"type": "LineString", "coordinates": [[-119.71203, 37.364911], [-119.712024, 37.365584], [-119.712016, 37.366663], [-119.712112, 37.367599], [-119.712181, 37.368269]]}, "props": {"MTFCC": "S1400", "NAME": null}}, {"geom": {"type": "LineString", "coordinates": [[-119.712181, 37.368269], [-119.712387, 37.368238], [-119.712662, 37.368198], [-119.712996, 37.368299], [-119.713197, 37.36836]]}, "props": {"MTFCC": "S1740", "NAME": null}}, {"geom": {"type": "LineString", "coordinates": [[-119.711422, 37.387869], [-119.711362, 37.387872], [-119.711266, 37.387857], [-119.711223, 37.387839], [-119.711153, 37.387782], [-119.711088, 37.387706], [-119.711032, 37.387665], [-119.710939, 37.387613], [-119.710843, 37.387542], [-119.710824, 37.387524], [-119.710813, 37.387514], [-119.710791, 37.387482], [-119.710776, 37.387429], [-119.710783, 37.387387], [-119.710793, 37.387362], [-119.710792, 37.387341], [-119.710768, 37.387321], [-119.710736, 37.387306], [-119.710664, 37.387296], [-119.710628, 37.387299], [-119.710591, 37.387312], [-119.71043, 37.387405], [-119.710365, 37.38743], [-119.71033, 37.387432], [-119.710295, 37.387427], [-119.710241, 37.387412], [-119.710208, 37.387385], [-119.710128, 37.387204], [-119.710095, 37.387162], [-119.710018, 37.387082], [-119.709861, 37.386871], [-119.709759, 37.386764], [-119.709636, 37.386653], [-119.709534, 37.38657], [-119.709495, 37.386548], [-119.709446, 37.386534], [-119.709394, 37.386525], [-119.709308, 37.386525], [-119.709237, 37.386525], [-119.709147, 37.386512], [-119.709073, 37.386482], [-119.709018, 37.386442], [-119.708971, 37.386374], [-119.708918, 37.386244], [-119.708893, 37.386129], [-119.708893, 37.386065], [-119.708892, 37.385983], [-119.708872, 37.385907], [-119.70885, 37.385861], [-119.70881, 37.38582], [-119.708706, 37.385728], [-119.708601, 37.385635], [-119.708564, 37.385587], [-119.708546, 37.385552], [-119.708525, 37.385478], [-119.708528, 37.385437], [-119.708616, 37.385217], [-119.708655, 37.385147], [-119.708711, 37.385089], [-119.708755, 37.385056], [-119.708862, 37.38501], [-119.708922, 37.384974], [-119.708976, 37.384932], [-119.709015, 37.384888], [-119.709063, 37.384805], [-119.709073, 37.38479], [-119.709117, 37.384689], [-119.709129, 37.384637], [-119.709136, 37.384566], [-119.709133, 37.384543], [-119.709106, 37.384478], [-119.709063, 37.384435]]}, "props": {"MTFCC": "S1400", "NAME": null}}, {"geom": {"type": "LineString", "coordinates": [[-119.703591, 37.396345], [-119.703561, 37.396227], [-119.703471, 37.395875], [-119.703441, 37.395758]]}, "props": {"MTFCC": "S1400", "NAME": null}}, {"geom": {"type": "LineString", "coordinates": [[-119.709821, 37.396429], [-119.709695, 37.396452], [-119.709317, 37.396522], [-119.709192, 37.396546], [-119.708886, 37.396481], [-119.708776, 37.396361], [-119.70866, 37.396234], [-119.708434, 37.395965], [-119.708038, 37.39601], [-119.707756, 37.39601], [-119.707556, 37.395914], [-119.707473, 37.395875], [-119.707501, 37.395493]]}, "props": {"MTFCC": "S1740", "NAME": null}}, {"geom": {"type": "LineString", "coordinates": [[-119.694059, 37.395641], [-119.693824, 37.395632], [-119.693667, 37.395632], [-119.693518, 37.395641], [-119.693446, 37.395655], [-119.693387, 37.395673], [-119.693333, 37.395698], [-119.693293, 37.395727], [-119.693232, 37.395801], [-119.693213, 37.395841], [-119.6932, 37.395894], [-119.693188, 37.395945], [-119.693175, 37.396053], [-119.693177, 37.396116], [-119.693181, 37.396137], [-119.693188, 37.396171], [-119.693228, 37.396315], [-119.693248, 37.396384], [-119.69326, 37.396464], [-119.693284, 37.396748], [-119.693282, 37.396809], [-119.693266, 37.396864], [-119.693259, 37.396892], [-119.693201, 37.397037], [-119.693173, 37.39712], [-119.693162, 37.397249], [-119.693172, 37.397401], [-119.693176, 37.397494], [-119.693179, 37.397571], [-119.693165, 37.397707], [-119.693139, 37.397812], [-119.69313, 37.397831], [-119.693114, 37.397861], [-119.693096, 37.397885], [-119.693076, 37.397908], [-119.693028, 37.397952], [-119.692978, 37.398001], [-119.692815, 37.398165], [-119.692384, 37.398567], [-119.692113, 37.398828], [-119.691953, 37.399004], [-119.691878, 37.399103], [-119.69181, 37.399223], [-119.691803, 37.399244], [-119.691789, 37.399297], [-119.691791, 37.39939], [-119.691808, 37.39949], [-119.691869, 37.399678], [-119.69192, 37.399793], [-119.691995, 37.399961], [-119.692019, 37.400015], [-119.692029, 37.400065], [-119.692042, 37.400128], [-119.692046, 37.40023], [-119.692034, 37.400338], [-119.691998, 37.400501], [-119.691991, 37.400538], [-119.691952, 37.40068], [-119.691944, 37.400708], [-119.691904, 37.400797], [-119.691805, 37.40097], [-119.691709, 37.40112], [-119.691678, 37.401169], [-119.691645, 37.401229]]}, "props": {"MTFCC": "S1400", "NAME": null}}, {"geom": {"type": "LineString", "coordinates": [[-119.693176, 37.397494], [-119.693327, 37.397556], [-119.693367, 37.397573], [-119.693584, 37.397759], [-119.693701, 37.397871], [-119.69382, 37.397985]]}, "props": {"MTFCC": "S1740", "NAME": null}}, {"geom": {"type": "LineString", "coordinates": [[-119.703995, 37.396474], [-119.703721, 37.39671], [-119.703321, 37.397056], [-119.702846, 37.397342], [-119.702538, 37.39753]]}, "props": {"MTFCC": "S1740", "NAME": null}}, {"geom": {"type": "LineString", "coordinates": [[-119.702641, 37.402636], [-119.702281, 37.402653], [-119.702116, 37.402661], [-119.701306, 37.402705], [-119.701209, 37.402666], [-119.700874, 37.402535]]}, "props": {"MTFCC": "S1740", "NAME": null}}, {"geom": {"type": "LineString", "coordinates": [[-119.678066, 37.383697], [-119.678374, 37.38365], [-119.678822, 37.383582], [-119.67901, 37.383628], [-119.679291, 37.383696], [-119.679595, 37.383771]]}, "props": {"MTFCC": "S1740", "NAME": null}}, {"geom": {"type": "LineString", "coordinates": [[-119.692156, 37.388339], [-119.692153, 37.388115], [-119.692144, 37.387443], [-119.692142, 37.38722]]}, "props": {"MTFCC": "S1740", "NAME": null}}, {"geom": {"type": "LineString", "coordinates": [[-119.716362, 37.416311], [-119.716504, 37.416478], [-119.716612, 37.416538], [-119.716938, 37.416558]]}, "props": {"MTFCC": "S1740", "NAME": null}}, {"geom": {"type": "LineString", "coordinates": [[-119.698599, 37.373186], [-119.698587, 37.3731], [-119.698537, 37.372864], [-119.698527, 37.372588], [-119.698536, 37.372436], [-119.698585, 37.372167], [-119.698583, 37.372059], [-119.698551, 37.371958], [-119.698538, 37.371915], [-119.698451, 37.371809], [-119.698405, 37.371772]]}, "props": {"MTFCC": "S1400", "NAME": null}}, {"geom": {"type": "LineString", "coordinates": [[-119.698183, 37.368349], [-119.697887, 37.368347], [-119.697776, 37.368339], [-119.697645, 37.36832], [-119.697616, 37.368316], [-119.697531, 37.368297], [-119.697436, 37.368263], [-119.697351, 37.368216], [-119.69727, 37.368156], [-119.697212, 37.368093], [-119.69717, 37.368034], [-119.697133, 37.36796], [-119.6971, 37.367823], [-119.697093, 37.367692], [-119.697102, 37.367482], [-119.697115, 37.367299], [-119.697113, 37.367221], [-119.697104, 37.367153], [-119.697079, 37.367071], [-119.697049, 37.367015], [-119.697042, 37.367002], [-119.696977, 37.366922], [-119.696906, 37.366857], [-119.696824, 37.366803], [-119.69676, 37.366774], [-119.696616, 37.366715]]}, "props": {"MTFCC": "S1400", "NAME": null}}, {"geom": {"type": "LineString", "coordinates": [[-119.05426, 37.642288], [-119.05426, 37.642191], [-119.053955, 37.641657], [-119.053902, 37.641563], [-119.053463, 37.64066], [-119.053565, 37.640418], [-119.054145, 37.639932], [-119.05449, 37.639644], [-119.054571, 37.639395]]}, "props": {"MTFCC": "S1400", "NAME": null}}, {"geom": {"type": "LineString", "coordinates": [[-119.657496, 37.366712], [-119.657613, 37.366835], [-119.658235, 37.367183]]}, "props": {"MTFCC": "S1400", "NAME": null}}, {"geom": {"type": "LineString", "coordinates": [[-119.722711, 37.375044], [-119.722658, 37.375063], [-119.722642, 37.37507], [-119.722549, 37.375101], [-119.722524, 37.375136]]}, "props": {"MTFCC": "S1740", "NAME": null}}, {"geom": {"type": "LineString", "coordinates": [[-119.716775, 37.416186], [-119.716855, 37.416285], [-119.716901, 37.416313], [-119.717014, 37.416382]]}, "props": {"MTFCC": "S1740", "NAME": null}}, {"geom": {"type": "LineString", "coordinates": [[-119.731725, 37.413471], [-119.73146, 37.413487], [-119.73142, 37.41349], [-119.731127, 37.41341], [-119.73075, 37.413313], [-119.730691, 37.413328], [-119.730436, 37.413398]]}, "props": {"MTFCC": "S1740", "NAME": null}}, {"geom": {"type": "LineString", "coordinates": [[-119.721867, 37.414756], [-119.721862, 37.414811], [-119.721859, 37.41486], [-119.721816, 37.414972], [-119.721797, 37.415025]]}, "props": {"MTFCC": "S1740", "NAME": null}}, {"geom": {"type": "LineString", "coordinates": [[-119.717014, 37.416382], [-119.716984, 37.41645], [-119.716938, 37.416558]]}, "props": {"MTFCC": "S1740", "NAME": null}}, {"geom": {"type": "LineString", "coordinates": [[-119.516433, 37.462206], [-119.520508, 37.46374], [-119.520993, 37.463826], [-119.521283, 37.463878], [-119.522259, 37.463786], [-119.523063, 37.464084], [-119.523005, 37.464496], [-119.522862, 37.464748], [-119.52246, 37.465045], [-119.521139, 37.465205], [-119.520967, 37.465319], [-119.520852, 37.465502], [-119.52088, 37.465799], [-119.521081, 37.46612], [-119.52111, 37.466692], [-119.520478, 37.467081], [-119.519818, 37.467058], [-119.519531, 37.467126], [-119.519215, 37.467515], [-119.519214, 37.468064], [-119.5193, 37.468133], [-119.519329, 37.468796], [-119.518984, 37.468888], [-119.518181, 37.468247], [-119.516287, 37.467445], [-119.515598, 37.467445], [-119.51516, 37.467778], [-119.514248, 37.468474], [-119.513041, 37.469183], [-119.510973, 37.470189]]}, "props": {"MTFCC": "S1400", "NAME": null}}, {"geom": {"type": "LineString", "coordinates": [[-119.807563, 37.368603], [-119.80811, 37.368467], [-119.808457, 37.368103], [-119.808457, 37.368012], [-119.808577, 37.367874], [-119.808717, 37.367716], [-119.808977, 37.367261], [-119.809986, 37.366465], [-119.810677, 37.366605], [-119.81108, 37.366904], [-119.811368, 37.366997], [-119.811715, 37.367318], [-119.81172, 37.367333], [-119.811772, 37.367479], [-119.812033, 37.367686], [-119.812353, 37.368445], [-119.812376, 37.368463], [-119.812467, 37.368537], [-119.812724, 37.368467], [-119.812981, 37.368214], [-119.81298, 37.368123], [-119.813294, 37.368053], [-119.813804, 37.368384], [-119.813923, 37.368462], [-119.814235, 37.369009], [-119.814492, 37.369306], [-119.814978, 37.369213], [-119.815235, 37.368869], [-119.815492, 37.369005], [-119.815577, 37.369324], [-119.815776, 37.369506], [-119.81709, 37.370189], [-119.81769, 37.370187], [-119.81792, 37.370247], [-119.818119, 37.3703], [-119.818432, 37.370482], [-119.818718, 37.370823], [-119.818803, 37.371052], [-119.819115, 37.371454]]}, "props": {"MTFCC": "S1400", "NAME": null}}, {"geom": {"type": "LineString", "coordinates": [[-119.736597, 37.41776], [-119.736863, 37.417701], [-119.737599, 37.417226], [-119.738132, 37.417245], [-119.738636, 37.417431], [-119.739966, 37.417305], [-119.740144, 37.417423], [-119.740626, 37.417372], [-119.740682, 37.417366], [-119.740854, 37.417348], [-119.741148, 37.417157], [-119.741588, 37.416611], [-119.742149, 37.416324], [-119.742258, 37.416224], [-119.742355, 37.416135], [-119.742764, 37.415447], [-119.743914, 37.414922], [-119.744684, 37.414823], [-119.745744, 37.414061], [-119.747576, 37.41372], [-119.748251, 37.413172], [-119.748635, 37.413053], [-119.749138, 37.413237], [-119.749347, 37.413425], [-119.749319, 37.413614], [-119.748612, 37.41402], [-119.74755, 37.415032], [-119.747143, 37.415421], [-119.746322, 37.416559], [-119.746147, 37.416984], [-119.746357, 37.417431], [-119.746594, 37.417548], [-119.747512, 37.417613], [-119.747641, 37.417689]]}, "props": {"MTFCC": "S1400", "NAME": null}}, {"geom": {"type": "LineString", "coordinates": [[-119.737316, 37.385671], [-119.737531, 37.385667], [-119.737858, 37.385677], [-119.738382, 37.385704], [-119.738634, 37.385717], [-119.738784, 37.385717], [-119.739089, 37.385696], [-119.739133, 37.38569], [-119.739172, 37.385677], [-119.739203, 37.385655], [-119.739231, 37.385626], [-119.73927, 37.385561], [-119.739313, 37.385328], [-119.739319, 37.385263], [-119.739314, 37.385183], [-119.739298, 37.385064], [-119.739273, 37.384945], [-119.739265, 37.384865], [-119.739266, 37.384801], [-119.739284, 37.384705], [-119.739295, 37.384672], [-119.739313, 37.384644], [-119.739341, 37.384624], [-119.739536, 37.384536], [-119.739664, 37.384485], [-119.739788, 37.384429], [-119.739919, 37.384357], [-119.740045, 37.384282], [-119.740227, 37.384166], [-119.740368, 37.384098], [-119.740407, 37.38407], [-119.74045, 37.384022], [-119.740459, 37.384005], [-119.740497, 37.383942], [-119.740599, 37.383477], [-119.740625, 37.383269], [-119.740645, 37.383186], [-119.740657, 37.383038], [-119.740644, 37.382965], [-119.740524, 37.382853], [-119.74035, 37.382771], [-119.740192, 37.382678], [-119.740036, 37.382569], [-119.739928, 37.382482], [-119.739845, 37.382374], [-119.739699, 37.3821], [-119.739659, 37.382025], [-119.7396, 37.381875], [-119.739535, 37.381625], [-119.739477, 37.3815], [-119.739393, 37.381359], [-119.739353, 37.381314], [-119.739261, 37.381248], [-119.739175, 37.381206], [-119.738992, 37.381135], [-119.738966, 37.381116], [-119.738935, 37.381078], [-119.738906, 37.381], [-119.738901, 37.380947], [-119.738919, 37.38084], [-119.738977, 37.380712], [-119.739022, 37.380645], [-119.73913, 37.380542], [-119.739249, 37.380464], [-119.739361, 37.380377], [-119.73942, 37.380308], [-119.739461, 37.380234], [-119.739493, 37.38013], [-119.739509, 37.380032], [-119.739544, 37.379508], [-119.739538, 37.379279], [-119.739553, 37.37917], [-119.739615, 37.378915], [-119.739642, 37.378845], [-119.739695, 37.378752], [-119.739784, 37.378598], [-119.739826, 37.378485], [-119.739841, 37.378333], [-119.739832, 37.378213], [-119.739818, 37.378154], [-119.739788, 37.378088], [-119.739711, 37.37796], [-119.739643, 37.377828], [-119.739584, 37.37764], [-119.739557, 37.377528], [-119.739505, 37.377448], [-119.739492, 37.377374], [-119.739497, 37.377303], [-119.739541, 37.377166], [-119.739556, 37.377056], [-119.739557, 37.376997], [-119.739533, 37.376883], [-119.739484, 37.37675], [-119.739393, 37.376586], [-119.739247, 37.376392], [-119.739159, 37.376251], [-119.739077, 37.376087], [-119.739058, 37.376028], [-119.73905, 37.375969], [-119.739057, 37.375801], [-119.73908, 37.37571], [-119.739142, 37.375627], [-119.739257, 37.375508], [-119.739272, 37.375472], [-119.739306, 37.37534], [-119.739332, 37.375285]]}, "props": {"MTFCC": "S1400", "NAME": null}}, {"geom": {"type": "LineString", "coordinates": [[-119.53753839962359, 37.3641], [-119.537473, 37.364991], [-119.537245, 37.365676], [-119.537159, 37.366337], [-119.537157, 37.367704], [-119.537044, 37.367909], [-119.536471, 37.368344], [-119.536299, 37.368981], [-119.535357, 37.370236], [-119.53527, 37.370618], [-119.535251, 37.370705], [-119.535243, 37.370739], [-119.535385, 37.370833], [-119.536614, 37.370986], [-119.536929, 37.371128], [-119.5373, 37.371571], [-119.53744, 37.372247], [-119.537982, 37.372899], [-119.53815, 37.373736], [-119.539121, 37.374451], [-119.539361, 37.374902], [-119.539368, 37.375342], [-119.538995, 37.375558], [-119.538535, 37.375655], [-119.537114, 37.374942], [-119.537017, 37.374625], [-119.536271, 37.374579], [-119.535982, 37.374942], [-119.535634, 37.375516], [-119.535433, 37.376065], [-119.53529, 37.37682], [-119.534917, 37.377507], [-119.534888, 37.377987], [-119.534515, 37.378445], [-119.534114, 37.37849], [-119.534056, 37.378079], [-119.533684, 37.377621], [-119.533455, 37.376957], [-119.532709, 37.376591], [-119.532366, 37.376202], [-119.532133, 37.376167], [-119.531276, 37.376041], [-119.530674, 37.375812], [-119.530158, 37.375904], [-119.529068, 37.376338], [-119.528409, 37.376475], [-119.526458, 37.376452], [-119.526544, 37.376658], [-119.528667, 37.377322], [-119.529698, 37.377917], [-119.530071, 37.378672], [-119.530042, 37.378947], [-119.529727, 37.379176], [-119.529382, 37.37929], [-119.528637, 37.379107], [-119.528178, 37.379152], [-119.527691, 37.379404], [-119.526974, 37.379541], [-119.52683, 37.379701], [-119.52683, 37.379838], [-119.527375, 37.38009], [-119.527404, 37.380296], [-119.527146, 37.380411], [-119.5264, 37.380365], [-119.526113, 37.380456], [-119.525884, 37.380662], [-119.52531, 37.380959], [-119.524392, 37.380959], [-119.524248, 37.381073], [-119.524248, 37.381279], [-119.524478, 37.381417], [-119.525597, 37.381531], [-119.525797, 37.381646], [-119.525912, 37.381829], [-119.525998, 37.382401], [-119.526284, 37.382401], [-119.526657, 37.382012], [-119.52703, 37.382058], [-119.527059, 37.382424], [-119.526427, 37.382882], [-119.525854, 37.383087], [-119.524076, 37.382858], [-119.522533, 37.382533], [-119.522441, 37.382514], [-119.522212, 37.3824], [-119.521725, 37.381049], [-119.520866, 37.379928], [-119.52055, 37.379974], [-119.520149, 37.380271], [-119.519144, 37.381643], [-119.519115, 37.382399], [-119.518685, 37.383039], [-119.51857, 37.383337], [-119.518627, 37.38384], [-119.518799, 37.384023], [-119.519544, 37.384298], [-119.519716, 37.384801], [-119.519756, 37.385442], [-119.519773, 37.385694], [-119.519945, 37.385923], [-119.520231, 37.385854], [-119.520805, 37.385374], [-119.521235, 37.385305], [-119.521723, 37.385351], [-119.522181, 37.385466], [-119.522439, 37.38574], [-119.522494, 37.3859], [-119.522669, 37.386404], [-119.522698, 37.387045], [-119.522669, 37.38748], [-119.522841, 37.387663], [-119.523758, 37.387823], [-119.524102, 37.388006], [-119.524446, 37.388647], [-119.524245, 37.388853], [-119.523385, 37.38899], [-119.522964, 37.388983], [-119.52198, 37.388967], [-119.521349, 37.389149], [-119.520919, 37.389447], [-119.520516, 37.39011], [-119.51997, 37.391346], [-119.519856, 37.392307], [-119.519655, 37.392764], [-119.519282, 37.393153], [-119.518908, 37.393815], [-119.518305, 37.394593], [-119.518333, 37.395051], [-119.518965, 37.395966], [-119.518936, 37.396355], [-119.518735, 37.396493], [-119.517875, 37.39679], [-119.516726, 37.397636], [-119.516476, 37.397891], [-119.516324, 37.398048], [-119.516152, 37.398528], [-119.515091, 37.398711], [-119.51466, 37.398894], [-119.514517, 37.399191], [-119.514602, 37.400289], [-119.514516, 37.400564], [-119.514315, 37.400815], [-119.513971, 37.400953], [-119.513623, 37.400988], [-119.513311, 37.401021], [-119.512594, 37.400883], [-119.511559, 37.40047], [-119.511275, 37.400357], [-119.510931, 37.400128], [-119.510425, 37.399914], [-119.509899, 37.399692], [-119.509067, 37.399486], [-119.508853, 37.399516], [-119.508311, 37.399594], [-119.507998, 37.399638], [-119.507633, 37.399691], [-119.507146, 37.399851], [-119.5071, 37.399897], [-119.506945, 37.400057], [-119.506928, 37.400148], [-119.506858, 37.400515], [-119.506054, 37.401773], [-119.505798, 37.402311], [-119.505652, 37.402619], [-119.504705, 37.403557], [-119.503757, 37.404769], [-119.50238, 37.405844], [-119.500974, 37.406586], [-119.500251, 37.407014], [-119.498679, 37.407946], [-119.498363, 37.408266], [-119.498393, 37.408449], [-119.498341, 37.408498], [-119.49822, 37.40861], [-119.498393, 37.408953], [-119.49837, 37.409815], [-119.498365, 37.410028], [-119.498222, 37.410578], [-119.498194, 37.411378], [-119.497077, 37.413164], [-119.496819, 37.413416], [-119.496464, 37.413604], [-119.496045, 37.413828], [-119.495557, 37.414217], [-119.495385, 37.41456], [-119.495299, 37.41461], [-119.49504, 37.414761], [-119.494955, 37.414812], [-119.494896, 37.415134], [-119.494692, 37.415478], [-119.494643, 37.416071], [-119.494536, 37.417382], [-119.494303, 37.417978], [-119.49384, 37.418369], [-119.493204, 37.418623], [-119.492485, 37.418698], [-119.491415, 37.41881], [-119.491184, 37.418894], [-119.490789, 37.419036], [-119.489872, 37.420073], [-119.489229, 37.420614], [-119.488192, 37.421266], [-119.487947, 37.421786], [-119.48794, 37.421898], [-119.487841, 37.423413], [-119.487739, 37.423907], [-119.487326, 37.425923], [-119.486428, 37.427958], [-119.486071, 37.42859], [-119.485624, 37.429019], [-119.484726, 37.429466], [-119.484002, 37.430279], [-119.482328, 37.431857], [-119.481515, 37.432441], [-119.481323, 37.432758], [-119.480875, 37.434476], [-119.480157, 37.435538], [-119.480065, 37.435755], [-119.479803, 37.436374], [-119.479335, 37.437142], [-119.478414, 37.437976], [-119.477394, 37.439647], [-119.477207, 37.439859], [-119.476643, 37.440504], [-119.475743, 37.440863], [-119.475493, 37.441132], [-119.475323, 37.442489], [-119.474736, 37.44303], [-119.473548, 37.443777], [-119.472836, 37.444178], [-119.472891, 37.444386], [-119.473056, 37.44501], [-119.473111, 37.445218], [-119.473123, 37.445254], [-119.473161, 37.445363], [-119.473174, 37.4454], [-119.473167, 37.445576], [-119.473148, 37.446106], [-119.473142, 37.446283], [-119.473141, 37.446453], [-119.473141, 37.446966], [-119.473141, 37.447137], [-119.47314, 37.447358], [-119.473138, 37.448022], [-119.473138, 37.448244], [-119.473133, 37.448293], [-119.47312, 37.448442], [-119.473116, 37.448492], [-119.47309, 37.449129], [-119.473069, 37.449366], [-119.472471, 37.449786], [-119.472053, 37.449856], [-119.468288, 37.450492], [-119.466048, 37.450872], [-119.464047, 37.451211], [-119.464023, 37.451214], [-119.463954, 37.451225], [-119.463931, 37.451229], [-119.463573, 37.45128], [-119.46295, 37.45137], [-119.462554, 37.451589], [-119.462539, 37.451598], [-119.462282, 37.451825], [-119.462095, 37.452028], [-119.460969, 37.452655], [-119.459673, 37.453378], [-119.458563, 37.454349], [-119.457936, 37.454732], [-119.457452, 37.454934], [-119.457091, 37.455242], [-119.45674, 37.455544], [-119.456095, 37.456437], [-119.455884, 37.456728], [-119.455259, 37.457365], [-119.454723, 37.457914], [-119.454475, 37.458195], [-119.454026, 37.458703], [-119.452532, 37.459933], [-119.45188, 37.460471], [-119.451649, 37.460806], [-119.45108, 37.461634], [-119.449373, 37.464119], [-119.448922, 37.464777], [-119.44875, 37.464892], [-119.44873, 37.465037], [-119.448728, 37.465059], [-119.448491, 37.465406], [-119.448465, 37.465445], [-119.448423, 37.465536], [-119.448324, 37.465801], [-119.448363, 37.466497], [-119.448629, 37.46761], [-119.448668, 37.467773], [-119.448678, 37.46847], [-119.448282, 37.469194], [-119.448039, 37.469338], [-119.447692, 37.469543], [-119.445719, 37.470268], [-119.44387, 37.470701], [-119.443482, 37.470792], [-119.442861, 37.471164], [-119.442237, 37.47175], [-119.442152, 37.471869], [-119.441717, 37.472466], [-119.441484, 37.472651], [-119.44143, 37.472695], [-119.440138, 37.472695], [-119.439678, 37.472947], [-119.438972, 37.473942], [-119.438559, 37.474526], [-119.438559, 37.474846], [-119.438415, 37.474938], [-119.438354, 37.475184], [-119.438157, 37.475991], [-119.438157, 37.47638], [-119.438179, 37.476428], [-119.438358, 37.476814], [-119.438157, 37.477066], [-119.438071, 37.477318], [-119.438158, 37.477684], [-119.438417, 37.477958], [-119.438501, 37.47816], [-119.438646, 37.478508], [-119.438761, 37.47924], [-119.438762, 37.480291], [-119.438189, 37.481367], [-119.437471, 37.482282], [-119.437369, 37.482365], [-119.436295, 37.483243], [-119.436122, 37.483257], [-119.435721, 37.483289], [-119.435262, 37.483015], [-119.435147, 37.482648], [-119.435118, 37.482145], [-119.434973, 37.481688], [-119.434571, 37.481368], [-119.434198, 37.481254], [-119.433711, 37.481016], [-119.433308, 37.480819], [-119.432992, 37.480567], [-119.43282, 37.479309], [-119.43259, 37.478805], [-119.43213, 37.478096], [-119.43213, 37.477524], [-119.432561, 37.476677], [-119.432532, 37.476288], [-119.432331, 37.476036], [-119.431584, 37.476014], [-119.430867, 37.476609], [-119.429746, 37.476975], [-119.429459, 37.477478], [-119.4292, 37.477661], [-119.42877, 37.477661], [-119.42773, 37.476867], [-119.427362, 37.476586], [-119.426414, 37.476059], [-119.425782, 37.475922], [-119.425294, 37.475945], [-119.424921, 37.476105], [-119.424404, 37.476517], [-119.424404, 37.476746], [-119.424174, 37.477134], [-119.423341, 37.477844], [-119.423208, 37.477934], [-119.422537, 37.478393], [-119.42159, 37.479262], [-119.421073, 37.479903], [-119.420183, 37.480544], [-119.419637, 37.481367], [-119.419723, 37.482159], [-119.419752, 37.48242], [-119.419953, 37.482878], [-119.419895, 37.483267], [-119.419321, 37.483793], [-119.418916, 37.483886], [-119.418613, 37.484093], [-119.418219, 37.484364], [-119.417635, 37.485151], [-119.417573, 37.485602], [-119.417725, 37.486009], [-119.417741, 37.48605], [-119.418223, 37.486449], [-119.418337, 37.486443]]}, "props": {"MTFCC": "S1400", "NAME": null}}, {"geom": {"type": "LineString", "coordinates": [[-119.730729, 37.400601], [-119.73065, 37.400565], [-119.730607, 37.400531], [-119.730535, 37.400442], [-119.730498, 37.400352], [-119.730463, 37.400168], [-119.730441, 37.400129], [-119.730427, 37.400104], [-119.730399, 37.40008], [-119.730328, 37.400042], [-119.730282, 37.400017], [-119.730267, 37.400009], [-119.730136, 37.399961], [-119.730088, 37.399944], [-119.729948, 37.399893], [-119.729933, 37.399888], [-119.729818, 37.399855], [-119.729538, 37.399817], [-119.72951, 37.399818], [-119.729398, 37.399824], [-119.729363, 37.399832], [-119.729246, 37.39986], [-119.728958, 37.399968], [-119.728899, 37.399994], [-119.728788, 37.400046], [-119.728755, 37.400061], [-119.728736, 37.40007], [-119.728658, 37.400108], [-119.728626, 37.400125]]}, "props": {"MTFCC": "S1400", "NAME": null}}, {"geom": {"type": "LineString", "coordinates": [[-119.562947, 37.492987], [-119.562967, 37.49301], [-119.563341, 37.493101], [-119.563817, 37.493162], [-119.566482, 37.493507], [-119.5667, 37.493536], [-119.566959, 37.493764], [-119.567103, 37.494062]]}, "props": {"MTFCC": "S1400", "NAME": null}}, {"geom": {"type": "LineString", "coordinates": [[-119.472836, 37.444178], [-119.47097, 37.444436], [-119.470581, 37.444491], [-119.468828, 37.444628], [-119.468382, 37.444663], [-119.467474, 37.444452], [-119.466213, 37.44435], [-119.46536, 37.444387], [-119.465138, 37.444397], [-119.464241, 37.444744], [-119.463582, 37.444977], [-119.462951, 37.445188], [-119.462463, 37.445256], [-119.460856, 37.445188], [-119.459909, 37.445348], [-119.458102, 37.446035], [-119.456064, 37.446654], [-119.455558, 37.446933], [-119.455318, 37.447066], [-119.453855, 37.447386], [-119.452879, 37.448256], [-119.452477, 37.448279], [-119.451816, 37.447798], [-119.450955, 37.44757], [-119.449864, 37.44686], [-119.449606, 37.445739], [-119.449405, 37.445556], [-119.448774, 37.445327], [-119.447109, 37.445167], [-119.445932, 37.444435], [-119.445301, 37.444184], [-119.444411, 37.443566], [-119.443722, 37.443291], [-119.443321, 37.443017], [-119.442747, 37.4424], [-119.441742, 37.44192], [-119.440335, 37.441027], [-119.439531, 37.440867], [-119.437379, 37.440638], [-119.437035, 37.440501], [-119.436834, 37.440227], [-119.437006, 37.439723], [-119.434911, 37.439151], [-119.434739, 37.439014], [-119.434657, 37.438803], [-119.434624, 37.438716], [-119.434223, 37.438213], [-119.434395, 37.438053], [-119.435256, 37.437801], [-119.435456, 37.437641], [-119.435456, 37.437366], [-119.435256, 37.437046], [-119.433247, 37.435536], [-119.433075, 37.435147], [-119.433132, 37.434277], [-119.432989, 37.43398], [-119.432673, 37.433728], [-119.431898, 37.433339], [-119.431784, 37.433202], [-119.431525, 37.433179], [-119.431296, 37.433041], [-119.430837, 37.432492], [-119.43055, 37.432035], [-119.430579, 37.4316], [-119.431038, 37.430501], [-119.431009, 37.429334], [-119.430844, 37.428912], [-119.430751, 37.428671], [-119.43032, 37.428053], [-119.427824, 37.426176], [-119.425012, 37.425398], [-119.42395, 37.42549], [-119.422143, 37.426176], [-119.420851, 37.427137], [-119.42022, 37.427366], [-119.419445, 37.427754], [-119.418556, 37.427869], [-119.417593, 37.428106], [-119.416892, 37.42828], [-119.416174, 37.428875], [-119.415945, 37.429356], [-119.415715, 37.430317], [-119.415485, 37.430591], [-119.415227, 37.43066], [-119.414738, 37.430271], [-119.41471, 37.430111], [-119.414308, 37.429928], [-119.414308, 37.42979], [-119.413706, 37.429538], [-119.413493, 37.429538], [-119.413304, 37.429538], [-119.413046, 37.429676], [-119.412644, 37.43027], [-119.412414, 37.430316], [-119.412213, 37.430179], [-119.412414, 37.42963], [-119.412415, 37.429035], [-119.412312, 37.428922], [-119.412185, 37.428783], [-119.412042, 37.427982], [-119.412415, 37.427593], [-119.413104, 37.427227], [-119.41362, 37.426655], [-119.41362, 37.426533], [-119.41362, 37.426198], [-119.414023, 37.424916], [-119.414137, 37.424687], [-119.414511, 37.42407], [-119.414539, 37.423475], [-119.41431, 37.423337], [-119.41408, 37.42352], [-119.413363, 37.424619], [-119.412875, 37.424756], [-119.412789, 37.424733], [-119.412789, 37.42439], [-119.412945, 37.423841], [-119.413363, 37.422376], [-119.413449, 37.42233], [-119.413593, 37.421758], [-119.41385, 37.421425], [-119.413854, 37.421399], [-119.413936, 37.420913], [-119.414249, 37.420126], [-119.414387, 37.419781], [-119.414392, 37.419706], [-119.414392, 37.419316], [-119.413188, 37.418256], [-119.41288, 37.417818], [-119.4125, 37.417278], [-119.412157, 37.416186], [-119.411641, 37.415611], [-119.411498, 37.415032], [-119.411413, 37.413605], [-119.411499, 37.41345], [-119.4115, 37.412246], [-119.4111, 37.41149], [-119.410985, 37.411066], [-119.411003, 37.410759], [-119.411159, 37.408235], [-119.410004, 37.40892], [-119.409411, 37.409412], [-119.40886, 37.409344], [-119.408434, 37.409613], [-119.40835, 37.409667], [-119.408095, 37.409701], [-119.407926, 37.409837], [-119.407798, 37.410532], [-119.407713, 37.411161], [-119.407395, 37.411382], [-119.406928, 37.411314], [-119.406822, 37.412061], [-119.406312, 37.412605], [-119.402366, 37.412248], [-119.401101, 37.412443], [-119.400394, 37.412553], [-119.401463, 37.410342], [-119.402245, 37.408784], [-119.402282, 37.408326], [-119.402288, 37.408254], [-119.402116, 37.408093], [-119.401399, 37.407957], [-119.40011, 37.407957], [-119.399106, 37.4083], [-119.398561, 37.408345], [-119.397759, 37.40807], [-119.397301, 37.40759], [-119.396614, 37.407156], [-119.396572, 37.406811], [-119.396529, 37.406446], [-119.396242, 37.40608], [-119.39564, 37.405828], [-119.395154, 37.405302], [-119.394976, 37.405178], [-119.394442, 37.404806], [-119.394265, 37.404683], [-119.394111, 37.404955], [-119.394006, 37.405141], [-119.394086, 37.40586], [-119.394121, 37.406171], [-119.394074, 37.406354], [-119.393954, 37.406395], [-119.393059, 37.406703], [-119.392869, 37.406769], [-119.392769, 37.406825], [-119.391642, 37.407467], [-119.391327, 37.407704], [-119.390981, 37.407965], [-119.389072, 37.409037], [-119.387097, 37.410341], [-119.387033, 37.410396], [-119.386103, 37.411215], [-119.385941, 37.411637], [-119.385853, 37.411753], [-119.385793, 37.412174], [-119.385694, 37.412888], [-119.385656, 37.41388], [-119.385648, 37.414094], [-119.385399, 37.414351], [-119.38496, 37.414802], [-119.384448, 37.415232], [-119.383964, 37.415389], [-119.383224, 37.415475], [-119.382825, 37.415632], [-119.381175, 37.416875]]}, "props": {"MTFCC": "S1400", "NAME": null}}, {"geom": {"type": "LineString", "coordinates": [[-119.078546, 37.641337], [-119.078932, 37.640695], [-119.079125, 37.640528], [-119.079204, 37.640461], [-119.079638, 37.640227], [-119.07994, 37.639969], [-119.080304, 37.639832], [-119.080668, 37.640065], [-119.081193, 37.640129], [-119.081859, 37.64019], [-119.082859, 37.640283], [-119.083164, 37.640312], [-119.08349, 37.640211], [-119.08377, 37.640126], [-119.084102, 37.639707], [-119.084111, 37.63932], [-119.08414, 37.638861], [-119.084249, 37.638615], [-119.084512, 37.638023]]}, "props": {"MTFCC": "S1400", "NAME": null}}, {"geom": {"type": "LineString", "coordinates": [[-119.704543, 37.404951], [-119.704389, 37.404987], [-119.704241, 37.40498], [-119.704012, 37.40496], [-119.703843, 37.404973], [-119.703756, 37.405073], [-119.703741, 37.405231], [-119.703699, 37.405426], [-119.703674, 37.405457], [-119.703573, 37.405588], [-119.703448, 37.40566]]}, "props": {"MTFCC": "S1740", "NAME": null}}, {"geom": {"type": "LineString", "coordinates": [[-119.298446, 37.47826], [-119.297972, 37.479231], [-119.2979, 37.479381], [-119.297987, 37.479587], [-119.298216, 37.479815], [-119.298245, 37.480753], [-119.298561, 37.481142], [-119.298647, 37.481417], [-119.29861, 37.482217], [-119.298589, 37.482698], [-119.298733, 37.483087], [-119.298736, 37.483272]]}, "props": {"MTFCC": "S1400", "NAME": null}}, {"geom": {"type": "LineString", "coordinates": [[-119.703234, 37.402806], [-119.703149, 37.403027], [-119.703011, 37.40339], [-119.70269, 37.403347], [-119.702632, 37.40334], [-119.702629, 37.403162]]}, "props": {"MTFCC": "S1400", "NAME": null}}, {"geom": {"type": "LineString", "coordinates": [[-119.712448, 37.40568], [-119.712082, 37.405646], [-119.710985, 37.405545], [-119.71062, 37.405512]]}, "props": {"MTFCC": "S1740", "NAME": null}}, {"geom": {"type": "LineString", "coordinates": [[-119.70425, 37.400931], [-119.704332, 37.400908], [-119.70458, 37.400839], [-119.704663, 37.400817]]}, "props": {"MTFCC": "S1740", "NAME": null}}, {"geom": {"type": "LineString", "coordinates": [[-119.6265, 37.376011], [-119.625759, 37.376217], [-119.625497, 37.377853], [-119.625471, 37.378019], [-119.625828, 37.380847], [-119.626607, 37.382214], [-119.627651, 37.384047], [-119.627981, 37.384519], [-119.628044, 37.384608], [-119.628786, 37.385667], [-119.629262, 37.386346], [-119.629365, 37.386512], [-119.629846, 37.387321], [-119.630249, 37.387999], [-119.630214, 37.388179], [-119.630118, 37.388672], [-119.630013, 37.389215], [-119.629417, 37.389744], [-119.628714, 37.39037]]}, "props": {"MTFCC": "S1400", "NAME": null}}, {"geom": {"type": "LineString", "coordinates": [[-119.592818, 37.40359], [-119.592933, 37.403086], [-119.592933, 37.402491], [-119.592703, 37.402285], [-119.591929, 37.401965], [-119.591986, 37.401416], [-119.592444, 37.40089], [-119.592817, 37.400249], [-119.59319, 37.399906], [-119.593534, 37.399791], [-119.594451, 37.398761], [-119.594738, 37.398532], [-119.595225, 37.398555], [-119.595971, 37.399104], [-119.596105, 37.399118], [-119.596401, 37.39915], [-119.596631, 37.398967], [-119.597175, 37.397914], [-119.597548, 37.397799], [-119.598062, 37.39741], [-119.598092, 37.397387], [-119.59835, 37.396838], [-119.598207, 37.396358], [-119.598264, 37.395626], [-119.598808, 37.394596], [-119.599439, 37.394001], [-119.600413, 37.393611], [-119.600729, 37.393588], [-119.600987, 37.393726], [-119.601532, 37.394824], [-119.601763, 37.394961], [-119.602107, 37.394938], [-119.602125, 37.394919], [-119.60311, 37.393862], [-119.603913, 37.393702], [-119.6044, 37.393496], [-119.604773, 37.393129], [-119.605863, 37.393083], [-119.606006, 37.392923], [-119.605977, 37.392694], [-119.605633, 37.392534], [-119.604887, 37.392534], [-119.604225, 37.392778], [-119.603769, 37.392947], [-119.602966, 37.393016], [-119.602877, 37.392945], [-119.602737, 37.392833], [-119.602966, 37.392489], [-119.602997, 37.392484], [-119.603912, 37.392329], [-119.604309, 37.392152], [-119.604887, 37.391894], [-119.605862, 37.391825], [-119.60655, 37.391916], [-119.606837, 37.391847], [-119.606865, 37.391481], [-119.606492, 37.391344], [-119.605603, 37.391299], [-119.605116, 37.391184], [-119.604456, 37.39091], [-119.604399, 37.390867], [-119.60394, 37.390521], [-119.603566, 37.39011], [-119.602601, 37.389827], [-119.602161, 37.389698], [-119.60173, 37.389424], [-119.601616, 37.389172], [-119.601615, 37.388852], [-119.60173, 37.388714], [-119.60216, 37.388646], [-119.602389, 37.388714], [-119.602906, 37.389149], [-119.60295, 37.389174], [-119.603193, 37.389309], [-119.604599, 37.389743], [-119.605287, 37.389697], [-119.605269, 37.389335], [-119.605258, 37.389125], [-119.605086, 37.388873], [-119.605028, 37.388599], [-119.605459, 37.388599], [-119.606176, 37.389125], [-119.606721, 37.389376], [-119.607093, 37.389376], [-119.60738, 37.389124], [-119.607391, 37.389092], [-119.607437, 37.388964], [-119.607294, 37.388758], [-119.60672, 37.388209], [-119.605916, 37.386746], [-119.605887, 37.386266], [-119.606088, 37.385991], [-119.606489, 37.385899], [-119.608468, 37.385761], [-119.60884, 37.385624], [-119.609098, 37.385326], [-119.609127, 37.384823], [-119.608806, 37.384407], [-119.608438, 37.383931], [-119.608403, 37.383304], [-119.609016, 37.382031], [-119.609383, 37.381268], [-119.610162, 37.379916], [-119.610168, 37.379824], [-119.610159, 37.379782], [-119.61015, 37.379737], [-119.610147, 37.379676], [-119.610155, 37.379571], [-119.610209, 37.379349], [-119.610246, 37.379256], [-119.610349, 37.379096], [-119.610402, 37.378995], [-119.610444, 37.37889], [-119.61047, 37.378803], [-119.610495, 37.378655], [-119.610498, 37.378594], [-119.61049, 37.378535], [-119.61047, 37.378479], [-119.610262, 37.378104], [-119.610227, 37.378019], [-119.609971, 37.377923], [-119.609857, 37.377869], [-119.609803, 37.377843], [-119.609682, 37.37777], [-119.609597, 37.377706], [-119.609555, 37.377675], [-119.609447, 37.377548], [-119.609281, 37.377267], [-119.609227, 37.377118], [-119.609218, 37.377049], [-119.609221, 37.376903], [-119.609265, 37.376703], [-119.609309, 37.376611], [-119.60938, 37.376468], [-119.609511, 37.376209], [-119.609594, 37.376042], [-119.609666, 37.375901], [-119.609917, 37.375622], [-119.610125, 37.375392], [-119.610352, 37.375199], [-119.610617, 37.375042], [-119.610817, 37.374984], [-119.61101, 37.374929], [-119.611178, 37.37488], [-119.611487, 37.374946], [-119.612355, 37.375133], [-119.612411, 37.375162], [-119.612692, 37.375309], [-119.612824, 37.375355], [-119.613149, 37.375484], [-119.613457, 37.375606], [-119.614009, 37.375813], [-119.614048, 37.375828], [-119.614233, 37.375888], [-119.614534, 37.375975], [-119.614652, 37.376009], [-119.614734, 37.376041], [-119.614884, 37.37612], [-119.614974, 37.376184], [-119.61504, 37.376264], [-119.615107, 37.376398], [-119.615144, 37.376473], [-119.615352, 37.376883], [-119.615407, 37.376943], [-119.615466, 37.376978], [-119.615612, 37.377014], [-119.615704, 37.37702], [-119.615799, 37.377012], [-119.615863, 37.376999], [-119.615962, 37.37698], [-119.616187, 37.376903], [-119.616253, 37.37688], [-119.616461, 37.376823], [-119.616962, 37.376687], [-119.617109, 37.376628], [-119.617263, 37.376548], [-119.617449, 37.376522], [-119.617556, 37.376525], [-119.617595, 37.376528], [-119.617653, 37.376534], [-119.617713, 37.376547], [-119.617752, 37.376556], [-119.617786, 37.376564], [-119.617826, 37.376575], [-119.617915, 37.376599], [-119.618041, 37.37664], [-119.618121, 37.376671], [-119.618235, 37.376716], [-119.618348, 37.37676], [-119.618533, 37.376834], [-119.618581, 37.376847], [-119.618637, 37.376864], [-119.618701, 37.376877], [-119.618798, 37.376896], [-119.618851, 37.376907], [-119.619092, 37.376946], [-119.619161, 37.376958], [-119.619191, 37.376962], [-119.619495, 37.377001], [-119.619888, 37.37704], [-119.619944, 37.377043], [-119.620288, 37.377066], [-119.620487, 37.377084], [-119.621002, 37.377161], [-119.621266, 37.377185], [-119.621423, 37.377183], [-119.621532, 37.377183], [-119.621686, 37.377172], [-119.621854, 37.377137], [-119.622164, 37.376971], [-119.622641, 37.376717], [-119.622732, 37.376676], [-119.622843, 37.376635], [-119.622953, 37.376594], [-119.623283, 37.376474], [-119.623394, 37.376434], [-119.623459, 37.37641], [-119.623701, 37.37633], [-119.624149, 37.376188], [-119.624744, 37.376002], [-119.624854, 37.375955], [-119.625212, 37.375831], [-119.625465, 37.375744], [-119.625723, 37.375626], [-119.625786, 37.375586], [-119.625932, 37.375451], [-119.626014, 37.375371], [-119.626181, 37.375203], [-119.626245, 37.37514], [-119.626307, 37.375094], [-119.626375, 37.375058], [-119.626435, 37.375035], [-119.626507, 37.375019], [-119.626578, 37.375014], [-119.626668, 37.375023], [-119.627001, 37.375065]]}, "props": {"MTFCC": "S1400", "NAME": null}}, {"geom": {"type": "LineString", "coordinates": [[-119.617752, 37.376556], [-119.617651, 37.376802], [-119.617583, 37.376972], [-119.617198, 37.377425], [-119.617179, 37.377434], [-119.616943, 37.377556]]}, "props": {"MTFCC": "S1740", "NAME": null}}, {"geom": {"type": "LineString", "coordinates": [[-119.637049, 37.364533], [-119.636947, 37.364539], [-119.636641, 37.364557], [-119.63654, 37.364564]]}, "props": {"MTFCC": "S1400", "NAME": null}}, {"geom": {"type": "LineString", "coordinates": [[-119.68436, 37.384488], [-119.68407, 37.384926], [-119.683203, 37.38624], [-119.682914, 37.386679]]}, "props": {"MTFCC": "S1740", "NAME": null}}, {"geom": {"type": "LineString", "coordinates": [[-119.675913, 37.384417], [-119.675433, 37.38487], [-119.67489, 37.385383], [-119.673846, 37.38604], [-119.673288, 37.386392], [-119.673051, 37.386548], [-119.672882, 37.386631], [-119.671613, 37.387257], [-119.67119, 37.387467]]}, "props": {"MTFCC": "S1740", "NAME": null}}, {"geom": {"type": "LineString", "coordinates": [[-119.650359, 37.373499], [-119.649838, 37.373706], [-119.649767, 37.373736], [-119.649219, 37.373978], [-119.648727, 37.374113], [-119.648385, 37.373961], [-119.648129, 37.373706], [-119.648141, 37.373639], [-119.648171, 37.373485], [-119.648556, 37.373197]]}, "props": {"MTFCC": "S1740", "NAME": null}}, {"geom": {"type": "LineString", "coordinates": [[-119.64216330925507, 37.3641], [-119.642305, 37.364527]]}, "props": {"MTFCC": "S1740", "NAME": null}}, {"geom": {"type": "LineString", "coordinates": [[-119.73023, 37.401435], [-119.730255, 37.401495], [-119.730282, 37.401558], [-119.730247, 37.401634], [-119.730209, 37.401658], [-119.730155, 37.401695]]}, "props": {"MTFCC": "S1740", "NAME": null}}, {"geom": {"type": "LineString", "coordinates": [[-119.730088, 37.399944], [-119.730078, 37.399797], [-119.730073, 37.399721], [-119.729983, 37.399455], [-119.729986, 37.399371], [-119.729992, 37.399225]]}, "props": {"MTFCC": "S1740", "NAME": null}}, {"geom": {"type": "LineString", "coordinates": [[-119.349077, 37.500781], [-119.348186, 37.49994], [-119.347416, 37.499521], [-119.346526, 37.499236], [-119.345435, 37.499043], [-119.345233, 37.499008], [-119.344335, 37.498735], [-119.343653, 37.498528], [-119.342476, 37.498437], [-119.342323, 37.498455], [-119.341471, 37.498552], [-119.341011, 37.4983], [-119.339632, 37.49869], [-119.339086, 37.498713], [-119.337219, 37.497958], [-119.335668, 37.49702], [-119.335265, 37.496837], [-119.334433, 37.496746], [-119.333672, 37.496878], [-119.333255, 37.496952], [-119.330096, 37.497205], [-119.32955, 37.497135], [-119.329394, 37.497111], [-119.328948, 37.496647], [-119.328614, 37.496484], [-119.328403, 37.496451], [-119.327804, 37.49636], [-119.327058, 37.495986], [-119.326524, 37.495637], [-119.325671, 37.495285], [-119.325127, 37.495119], [-119.324766, 37.494932], [-119.324586, 37.494917], [-119.324114, 37.494879], [-119.323207, 37.494967], [-119.322504, 37.495035], [-119.322291, 37.495104], [-119.32049, 37.495114], [-119.319625, 37.495119], [-119.318019, 37.49499], [-119.314706, 37.494183], [-119.312915, 37.493849], [-119.312431, 37.493816], [-119.31134, 37.493743], [-119.309703, 37.493774], [-119.308037, 37.494095], [-119.305903, 37.494356], [-119.304677, 37.494507], [-119.302667, 37.49485], [-119.301115, 37.495353], [-119.299966, 37.496108], [-119.299248, 37.496955], [-119.298415, 37.497504], [-119.296721, 37.498351], [-119.296002, 37.498991], [-119.29588, 37.499257], [-119.295744, 37.499559], [-119.29548, 37.499941], [-119.294359, 37.500991], [-119.293009, 37.501678], [-119.292544, 37.502647], [-119.292348, 37.502874], [-119.291456, 37.503913], [-119.291245, 37.504668], [-119.291154, 37.506602], [-119.291139, 37.506636], [-119.290818, 37.507425], [-119.290372, 37.5077], [-119.290253, 37.508043], [-119.289897, 37.509074], [-119.289779, 37.509418]]}, "props": {"MTFCC": "S1400", "NAME": null}}, {"geom": {"type": "LineString", "coordinates": [[-119.043098, 37.635956], [-119.042979, 37.635724], [-119.042906, 37.635031], [-119.042589, 37.634217], [-119.042087, 37.633622], [-119.042079, 37.633613], [-119.040469, 37.632711], [-119.039552, 37.632405], [-119.038992, 37.632139], [-119.038381, 37.63218], [-119.036437, 37.632366], [-119.035612, 37.632092], [-119.035255, 37.631609], [-119.035075, 37.631311], [-119.034785, 37.630827], [-119.033858, 37.630199], [-119.033196, 37.629828], [-119.03314, 37.629672]]}, "props": {"MTFCC": "S1400", "NAME": null}}, {"geom": {"type": "LineString", "coordinates": [[-119.326852, 37.510609], [-119.326763, 37.510394], [-119.326603, 37.510005], [-119.326566, 37.50973], [-119.326536, 37.5095]]}, "props": {"MTFCC": "S1400", "NAME": null}}, {"geom": {"type": "LineString", "coordinates": [[-119.292208, 37.542863], [-119.292112, 37.542782], [-119.291705, 37.542626], [-119.290309, 37.542368], [-119.28949, 37.54183], [-119.28882, 37.541565], [-119.288729, 37.541272], [-119.288926, 37.541046], [-119.289947, 37.54058], [-119.290655, 37.540407], [-119.292131, 37.540036], [-119.29281, 37.539544], [-119.293292, 37.539413], [-119.293348, 37.539413], [-119.293972, 37.539421], [-119.295363, 37.539048], [-119.296924, 37.538953], [-119.29732, 37.538775], [-119.297516, 37.538483], [-119.297306, 37.537965], [-119.297474, 37.537693], [-119.297843, 37.537674], [-119.298184, 37.537772], [-119.298552, 37.53773], [-119.298949, 37.537485], [-119.299427, 37.536967], [-119.30005, 37.53652], [-119.300271, 37.536001], [-119.300035, 37.535779], [-119.299191, 37.535673], [-119.298638, 37.535428], [-119.298662, 37.535136], [-119.299877, 37.53424], [-119.30058, 37.533498], [-119.300889, 37.53296], [-119.301024, 37.532464], [-119.300756, 37.531855], [-119.300397, 37.53109], [-119.300387, 37.530457], [-119.300494, 37.529917], [-119.30023, 37.529534], [-119.299294, 37.528839], [-119.299534, 37.527668], [-119.299357, 37.527376], [-119.298948, 37.527039], [-119.298103, 37.526775], [-119.297024, 37.526307], [-119.296789, 37.525992], [-119.296636, 37.525429], [-119.29717, 37.524799], [-119.299239, 37.524163], [-119.299332, 37.524086], [-119.300228, 37.523355], [-119.301085, 37.521373], [-119.301593, 37.520992], [-119.30219, 37.520795], [-119.303491, 37.520036], [-119.304171, 37.519815], [-119.304795, 37.519731], [-119.305761, 37.519995], [-119.306272, 37.519955], [-119.306355, 37.519879], [-119.307554, 37.518776], [-119.308804, 37.517627], [-119.310356, 37.516285], [-119.310683, 37.515855], [-119.310861, 37.515284], [-119.310879, 37.515229], [-119.311309, 37.514573], [-119.31194, 37.514104]]}, "props": {"MTFCC": "S1400", "NAME": null}}, {"geom": {"type": "LineString", "coordinates": [[-119.298736, 37.483272], [-119.298595, 37.483433], [-119.298174, 37.483915], [-119.298034, 37.484077]]}, "props": {"MTFCC": "S1400", "NAME": null}}, {"geom": {"type": "LineString", "coordinates": [[-119.280398, 37.540974], [-119.280869, 37.541219], [-119.281081, 37.54133], [-119.281798, 37.542124], [-119.281949, 37.542366], [-119.282231, 37.542817], [-119.282342, 37.542974], [-119.282676, 37.543447], [-119.282788, 37.543605]]}, "props": {"MTFCC": "S1400", "NAME": null}}, {"geom": {"type": "LineString", "coordinates": [[-119.651191, 37.44139], [-119.650956, 37.441348], [-119.650608, 37.441286], [-119.650262, 37.441181], [-119.650034, 37.441113]]}, "props": {"MTFCC": "S1400", "NAME": null}}, {"geom": {"type": "LineString", "coordinates": [[-119.718441, 37.409241], [-119.71838, 37.409373], [-119.718197, 37.409771], [-119.718137, 37.409904]]}, "props": {"MTFCC": "S1740", "NAME": null}}, {"geom": {"type": "LineString", "coordinates": [[-119.593737, 37.406587], [-119.593451, 37.406793], [-119.592935, 37.407388], [-119.592676, 37.407365], [-119.592641, 37.40718], [-119.592504, 37.40645], [-119.592131, 37.406152], [-119.591213, 37.405672], [-119.590611, 37.405558], [-119.590209, 37.405627], [-119.589693, 37.405901], [-119.589034, 37.406428], [-119.588982, 37.406453], [-119.588431, 37.406725], [-119.587485, 37.406954], [-119.586481, 37.407206], [-119.585879, 37.407229], [-119.585628, 37.407187], [-119.584072, 37.406932], [-119.583832, 37.407066], [-119.583785, 37.407092], [-119.583772, 37.407168], [-119.583728, 37.407413], [-119.583814, 37.407481], [-119.583871, 37.407847], [-119.583957, 37.407893], [-119.58413, 37.408557], [-119.584302, 37.408786], [-119.584367, 37.409009], [-119.584503, 37.409472], [-119.584675, 37.409701], [-119.584909, 37.410562], [-119.585048, 37.411073], [-119.584991, 37.411623], [-119.584561, 37.412309]]}, "props": {"MTFCC": "S1400", "NAME": null}}, {"geom": {"type": "LineString", "coordinates": [[-119.566974, 37.388173], [-119.567187, 37.388349], [-119.567777, 37.388836], [-119.567771, 37.388902], [-119.567749, 37.389179]]}, "props": {"MTFCC": "S1400", "NAME": null}}, {"geom": {"type": "LineString", "coordinates": [[-119.573282, 37.384809], [-119.573317, 37.384818], [-119.57392, 37.384968], [-119.574659, 37.385152], [-119.574677, 37.38516], [-119.575755, 37.385671], [-119.57635, 37.385953]]}, "props": {"MTFCC": "S1400", "NAME": null}}, {"geom": {"type": "LineString", "coordinates": [[-119.610227, 37.378019], [-119.610351, 37.377949], [-119.610483, 37.377913], [-119.610732, 37.377825], [-119.610795, 37.377793], [-119.610856, 37.377753], [-119.610896, 37.377717], [-119.610919, 37.377679], [-119.610926, 37.377622], [-119.610917, 37.377573], [-119.610885, 37.377524], [-119.610781, 37.377418], [-119.610591, 37.37726], [-119.610283, 37.376982], [-119.610168, 37.376882], [-119.610097, 37.376835], [-119.610003, 37.376793], [-119.609703, 37.376702], [-119.609652, 37.37669], [-119.609512, 37.376656], [-119.609309, 37.376611]]}, "props": {"MTFCC": "S1400", "NAME": null}}, {"geom": {"type": "LineString", "coordinates": [[-119.588204, 37.493102], [-119.589473, 37.492937], [-119.590851, 37.492913], [-119.591138, 37.492799], [-119.591138, 37.492639], [-119.591023, 37.492501], [-119.591023, 37.492318], [-119.591224, 37.492204], [-119.592717, 37.492364], [-119.594039, 37.492844], [-119.595388, 37.492889], [-119.59602, 37.493003], [-119.599955, 37.494146], [-119.600459, 37.494146], [-119.600472, 37.494146], [-119.600702, 37.493871], [-119.601361, 37.491011], [-119.602372, 37.491027], [-119.60343, 37.491027], [-119.604081, 37.491382], [-119.604423, 37.491653], [-119.604651, 37.491833], [-119.605139, 37.491833], [-119.605668, 37.491543], [-119.605993, 37.491188], [-119.60636, 37.490543], [-119.607051, 37.489962], [-119.608231, 37.489639], [-119.60994, 37.489575], [-119.610876, 37.489543], [-119.611608, 37.489543], [-119.612178, 37.489865], [-119.612666, 37.490575], [-119.612737, 37.490669], [-119.613521, 37.491704], [-119.614294, 37.492317], [-119.615107, 37.492834]]}, "props": {"MTFCC": "S1400", "NAME": null}}, {"geom": {"type": "LineString", "coordinates": [[-119.445194, 37.489032], [-119.4451, 37.489125], [-119.444818, 37.489406], [-119.444809, 37.489416], [-119.444771, 37.489528], [-119.444695, 37.489755], [-119.444699, 37.489911], [-119.444717, 37.490464], [-119.444971, 37.491045], [-119.445081, 37.491294], [-119.445195, 37.491343]]}, "props": {"MTFCC": "S1400", "NAME": null}}, {"geom": {"type": "LineString", "coordinates": [[-119.407514, 37.498275], [-119.407112, 37.498503], [-119.406883, 37.498555], [-119.406308, 37.498686], [-119.405733, 37.498504], [-119.405052, 37.497919], [-119.404987, 37.497863], [-119.404412, 37.497657], [-119.402718, 37.497725], [-119.402526, 37.497805], [-119.402172, 37.497954], [-119.40108, 37.499144], [-119.400902, 37.49994], [-119.400528, 37.500944], [-119.400556, 37.501972], [-119.40047, 37.50227], [-119.400126, 37.502609], [-119.398773, 37.503947], [-119.398688, 37.504031], [-119.397453, 37.504763], [-119.397319, 37.504968], [-119.397051, 37.505381], [-119.395816, 37.505357], [-119.394695, 37.505883], [-119.394034, 37.506524], [-119.393775, 37.50689], [-119.393086, 37.507553], [-119.392986, 37.507603], [-119.392367, 37.507919], [-119.391276, 37.508102], [-119.390964, 37.507707], [-119.390951, 37.507653], [-119.390801, 37.507011], [-119.391181, 37.506662], [-119.391598, 37.50639], [-119.391817, 37.506248], [-119.391938, 37.505976], [-119.391866, 37.505541], [-119.392215, 37.505215], [-119.392871, 37.504902], [-119.393005, 37.504758], [-119.39293, 37.503897], [-119.392669, 37.503352], [-119.391683, 37.502752], [-119.391216, 37.502468], [-119.390887, 37.502419], [-119.390379, 37.502474], [-119.388791, 37.502897], [-119.387775, 37.502892], [-119.386307, 37.502552], [-119.385829, 37.502537], [-119.385463, 37.502844], [-119.384881, 37.503449], [-119.38439, 37.504667], [-119.383993, 37.505046], [-119.383575, 37.505073], [-119.383126, 37.504987], [-119.382822, 37.504784], [-119.382384, 37.504158], [-119.381945, 37.503598], [-119.381812, 37.503242], [-119.381571, 37.503123], [-119.381299, 37.503255], [-119.380951, 37.503625], [-119.380563, 37.504039], [-119.380324, 37.504076], [-119.378316, 37.50357], [-119.378137, 37.50358], [-119.377824, 37.504056], [-119.377712, 37.5046], [-119.377555, 37.504831]]}, "props": {"MTFCC": "S1400", "NAME": null}}, {"geom": {"type": "LineString", "coordinates": [[-119.424287, 37.464293], [-119.424247, 37.464458], [-119.423825, 37.464804], [-119.423493, 37.465077], [-119.423286, 37.465149], [-119.422911, 37.465491], [-119.422556, 37.466064], [-119.422266, 37.46619], [-119.421911, 37.466346], [-119.421585, 37.466383], [-119.421212, 37.466512], [-119.420643, 37.466545], [-119.420044, 37.466487], [-119.419774, 37.46631], [-119.419537, 37.466156], [-119.419403, 37.46599], [-119.418948, 37.464549], [-119.418114, 37.463632], [-119.417648, 37.463576], [-119.416495, 37.463789], [-119.415762, 37.464045], [-119.414928, 37.464337], [-119.414139, 37.464727], [-119.414099, 37.464845]]}, "props": {"MTFCC": "S1400", "NAME": null}}, {"geom": {"type": "LineString", "coordinates": [[-119.669981, 37.377669], [-119.669886, 37.377777], [-119.669602, 37.378103], [-119.669508, 37.378212], [-119.669313, 37.378448], [-119.669044, 37.378571], [-119.66862, 37.378766], [-119.667929, 37.37979], [-119.667918, 37.379893], [-119.667861, 37.380493]]}, "props": {"MTFCC": "S1740", "NAME": null}}, {"geom": {"type": "LineString", "coordinates": [[-119.474142, 37.445383], [-119.474273, 37.445381], [-119.474305, 37.445384], [-119.474792, 37.445444], [-119.474955, 37.445465], [-119.474994, 37.445469], [-119.475113, 37.445484], [-119.475153, 37.445489], [-119.475313, 37.445508], [-119.475579, 37.445542], [-119.475794, 37.445535], [-119.475956, 37.44553], [-119.476423, 37.445515], [-119.477789, 37.445472], [-119.477825, 37.445458], [-119.478264, 37.445295]]}, "props": {"MTFCC": "S1400", "NAME": null}}, {"geom": {"type": "LineString", "coordinates": [[-119.370612, 37.414984], [-119.370667, 37.415112], [-119.370721, 37.415205], [-119.370755, 37.415273], [-119.370794, 37.415381], [-119.370822, 37.415504], [-119.370839, 37.41567], [-119.370839, 37.415795], [-119.370828, 37.41592], [-119.370796, 37.416171], [-119.370738, 37.416634]]}, "props": {"MTFCC": "S1200", "NAME": null}}, {"geom": {"type": "LineString", "coordinates": [[-119.394265, 37.404683], [-119.394494, 37.404683], [-119.394521, 37.404668], [-119.39481, 37.404523], [-119.395248, 37.404392], [-119.395498, 37.404318], [-119.395843, 37.403448], [-119.396073, 37.402579], [-119.396216, 37.402419], [-119.396532, 37.402419], [-119.396847, 37.402602], [-119.397449, 37.404341], [-119.39763, 37.404476], [-119.397908, 37.404685], [-119.398252, 37.404685], [-119.399055, 37.404113], [-119.399572, 37.404022], [-119.400116, 37.404182], [-119.400432, 37.404388], [-119.40069, 37.404457], [-119.40178, 37.40448], [-119.402411, 37.404594], [-119.403329, 37.404984], [-119.403414, 37.405739], [-119.403959, 37.40551], [-119.404333, 37.404893], [-119.404734, 37.404664], [-119.405222, 37.404504], [-119.405537, 37.404275], [-119.405738, 37.403795], [-119.406025, 37.403657], [-119.406943, 37.403589], [-119.407431, 37.403864], [-119.408148, 37.403749], [-119.408693, 37.403544], [-119.409238, 37.403635], [-119.409834, 37.403836], [-119.409984, 37.403887], [-119.410243, 37.404116], [-119.410271, 37.405077], [-119.410472, 37.405535], [-119.410758, 37.40597], [-119.410902, 37.406313], [-119.411159, 37.408235]]}, "props": {"MTFCC": "S1400", "NAME": null}}, {"geom": {"type": "LineString", "coordinates": [[-119.348412, 37.408271], [-119.348906, 37.408017], [-119.348981, 37.40796], [-119.349207, 37.407791], [-119.349385, 37.407839], [-119.349499, 37.407871], [-119.349893, 37.408058], [-119.35006, 37.408138]]}, "props": {"MTFCC": "S1400", "NAME": null}}, {"geom": {"type": "LineString", "coordinates": [[-119.347933, 37.408312], [-119.348156, 37.408292], [-119.348214, 37.408287], [-119.348412, 37.408271], [-119.34922, 37.408285], [-119.349291, 37.408049]]}, "props": {"MTFCC": "S1400", "NAME": null}}, {"geom": {"type": "LineString", "coordinates": [[-119.371426, 37.41389], [-119.371327, 37.413909], [-119.371219, 37.413924], [-119.37103, 37.413951], [-119.370695, 37.413984], [-119.370593, 37.413989], [-119.370443, 37.413998], [-119.370384, 37.413996]]}, "props": {"MTFCC": "S1400", "NAME": null}}, {"geom": {"type": "LineString", "coordinates": [[-119.358942, 37.381921], [-119.359287, 37.383296], [-119.359632, 37.384394], [-119.359908, 37.385327], [-119.359911, 37.386644], [-119.359366, 37.387248], [-119.359171, 37.387472], [-119.358888, 37.387799], [-119.358893, 37.389664], [-119.358758, 37.390378], [-119.358008, 37.390985], [-119.357804, 37.391424], [-119.358148, 37.392248], [-119.358628, 37.392688], [-119.35904, 37.393458], [-119.358906, 37.394226], [-119.35836, 37.394776], [-119.357201, 37.394732], [-119.356824, 37.394799], [-119.356337, 37.395333], [-119.355709, 37.395752], [-119.353905, 37.396319], [-119.353562, 37.396643], [-119.352877, 37.397732], [-119.351102, 37.399531], [-119.350956, 37.399754], [-119.350539, 37.400392], [-119.34861, 37.401865], [-119.348613, 37.402002], [-119.34813, 37.402227], [-119.347734, 37.402681], [-119.3478, 37.403522], [-119.347605, 37.403999], [-119.347463, 37.404044]]}, "props": {"MTFCC": "S1400", "NAME": null}}, {"geom": {"type": "LineString", "coordinates": [[-119.445195, 37.491343], [-119.445134, 37.491487], [-119.445108, 37.491549], [-119.444818, 37.491829], [-119.444706, 37.491938]]}, "props": {"MTFCC": "S1400", "NAME": null}}, {"geom": {"type": "LineString", "coordinates": [[-119.451972, 37.489397], [-119.451886, 37.490198], [-119.451714, 37.490358], [-119.450651, 37.490267], [-119.45062, 37.490253], [-119.450133, 37.490038], [-119.449588, 37.489901], [-119.449157, 37.489992], [-119.44887, 37.490198], [-119.44887, 37.490679], [-119.449646, 37.491617], [-119.449646, 37.49196], [-119.449301, 37.492166], [-119.448899, 37.492052], [-119.448583, 37.491732], [-119.448152, 37.49116], [-119.447821, 37.490776], [-119.447147, 37.489993], [-119.446199, 37.489421]]}, "props": {"MTFCC": "S1400", "NAME": null}}, {"geom": {"type": "LineString", "coordinates": [[-119.298736, 37.483272], [-119.298761, 37.484872], [-119.298847, 37.484918], [-119.298905, 37.48517], [-119.299077, 37.485467], [-119.299746, 37.486147], [-119.300226, 37.486635], [-119.300484, 37.486978], [-119.30146, 37.487962], [-119.301719, 37.488351], [-119.301891, 37.488534], [-119.301948, 37.488717], [-119.302092, 37.488854], [-119.302092, 37.489083], [-119.302293, 37.489312], [-119.303155, 37.489976], [-119.303758, 37.49025], [-119.304247, 37.490342], [-119.305481, 37.491303], [-119.306142, 37.492104], [-119.306744, 37.492584], [-119.307061, 37.492836], [-119.307836, 37.493042], [-119.308813, 37.493202], [-119.309703, 37.493774]]}, "props": {"MTFCC": "S1400", "NAME": null}}, {"geom": {"type": "LineString", "coordinates": [[-119.35196517617865, 37.3641], [-119.351808, 37.364406], [-119.351781, 37.36462], [-119.351778, 37.364666], [-119.352429, 37.365533], [-119.352444, 37.366242], [-119.352536, 37.366606], [-119.352541, 37.366873], [-119.352563, 37.368022], [-119.352312, 37.368274], [-119.35229, 37.368639], [-119.352932, 37.369004], [-119.353029, 37.369507], [-119.353881, 37.370281], [-119.353785, 37.37131], [-119.354522, 37.372132], [-119.354759, 37.372497], [-119.354913, 37.37308], [-119.354977, 37.373318], [-119.355448, 37.373888], [-119.355454, 37.374209], [-119.355231, 37.374415], [-119.355122, 37.374768], [-119.355299, 37.375074], [-119.355427, 37.375152], [-119.355457, 37.37517], [-119.35555, 37.375226], [-119.355581, 37.375245], [-119.35561, 37.375551], [-119.355439, 37.376169], [-119.355611, 37.376307], [-119.356004, 37.37623], [-119.356558, 37.376123], [-119.356931, 37.37626], [-119.357189, 37.376512], [-119.357189, 37.376718], [-119.356587, 37.376764], [-119.356616, 37.377061], [-119.357649, 37.378663], [-119.357649, 37.379037], [-119.357649, 37.379166], [-119.356847, 37.379762], [-119.356933, 37.380196], [-119.356833, 37.380407], [-119.356846, 37.380661], [-119.357061, 37.380824], [-119.357286, 37.380847], [-119.358913, 37.381018], [-119.359517, 37.381189], [-119.360134, 37.381492], [-119.360677, 37.381758], [-119.360861, 37.381986], [-119.360884, 37.38207]]}, "props": {"MTFCC": "S1400", "NAME": null}}, {"geom": {"type": "LineString", "coordinates": [[-119.04982, 37.640276], [-119.049491, 37.640114], [-119.049094, 37.6398], [-119.048767, 37.639276], [-119.048654, 37.638559], [-119.048623, 37.637866], [-119.048579, 37.637562], [-119.048427, 37.636488], [-119.048202, 37.635843], [-119.047774, 37.635344], [-119.04706, 37.634941], [-119.046285, 37.634587], [-119.04602, 37.63424], [-119.046029, 37.633523], [-119.045866, 37.632919], [-119.0456, 37.63229], [-119.044989, 37.631993], [-119.04451, 37.631904], [-119.044378, 37.632146], [-119.04447, 37.6325], [-119.044068, 37.633715], [-119.043983, 37.633975], [-119.043923, 37.634725], [-119.043741, 37.635087], [-119.043722, 37.635523], [-119.043926, 37.63603], [-119.043987, 37.636232], [-119.043703, 37.636473], [-119.043489, 37.636425]]}, "props": {"MTFCC": "S1400", "NAME": null}}, {"geom": {"type": "LineString", "coordinates": [[-119.085038, 37.630468], [-119.085148, 37.630315], [-119.085226, 37.630312], [-119.085451, 37.630307], [-119.085665, 37.630556], [-119.085625, 37.6308], [-119.085606, 37.630919], [-119.085626, 37.631064]]}, "props": {"MTFCC": "S1400", "NAME": null}}, {"geom": {"type": "LineString", "coordinates": [[-119.592818, 37.40359], [-119.59318, 37.403988], [-119.59388, 37.404756], [-119.594326, 37.405123], [-119.594742, 37.405466]]}, "props": {"MTFCC": "S1400", "NAME": null}}, {"geom": {"type": "LineString", "coordinates": [[-119.619587, 37.400349], [-119.619557, 37.400232], [-119.619507, 37.400112], [-119.619446, 37.399996], [-119.619391, 37.399914], [-119.619319, 37.399825], [-119.619265, 37.399757], [-119.619213, 37.399675], [-119.61917, 37.399558], [-119.619141, 37.399503], [-119.619075, 37.399432], [-119.619006, 37.399383], [-119.618908, 37.39934], [-119.618881, 37.399334], [-119.618825, 37.399326], [-119.618364, 37.399305], [-119.618234, 37.399292], [-119.618073, 37.399268], [-119.618034, 37.399263], [-119.617892, 37.399236], [-119.617827, 37.399213], [-119.617735, 37.399158], [-119.617681, 37.399114], [-119.617636, 37.399066], [-119.6176, 37.399013], [-119.617559, 37.398927], [-119.617539, 37.398852], [-119.617535, 37.398773], [-119.617552, 37.398593], [-119.617569, 37.398433], [-119.61758, 37.3984], [-119.617613, 37.398305], [-119.617635, 37.398277], [-119.617663, 37.398259], [-119.617698, 37.398247], [-119.617808, 37.398224], [-119.617927, 37.398223], [-119.618042, 37.398217], [-119.618331, 37.398169], [-119.618568, 37.398136], [-119.618835, 37.398139], [-119.619007, 37.398129], [-119.619111, 37.39811], [-119.619212, 37.398075], [-119.619379, 37.397999], [-119.619524, 37.397917], [-119.619599, 37.397862], [-119.619821, 37.397671], [-119.620042, 37.397466], [-119.620075, 37.397418], [-119.620094, 37.397372], [-119.620102, 37.397326], [-119.620096, 37.397301], [-119.620073, 37.397267], [-119.620025, 37.397228], [-119.619938, 37.397178], [-119.619869, 37.39716], [-119.619663, 37.397138], [-119.6194, 37.397077], [-119.619237, 37.397048], [-119.618902, 37.397019], [-119.618804, 37.397016], [-119.618709, 37.397008], [-119.618669, 37.396993], [-119.618652, 37.396981], [-119.618607, 37.396939], [-119.618523, 37.396825], [-119.618326, 37.396451], [-119.618319, 37.396437], [-119.618259, 37.396343], [-119.61824, 37.396294], [-119.618238, 37.396269], [-119.618245, 37.396158], [-119.618256, 37.39611], [-119.618275, 37.396079], [-119.618326, 37.396037], [-119.618356, 37.396025], [-119.618406, 37.39602], [-119.618603, 37.396037], [-119.618909, 37.396088], [-119.618999, 37.3961], [-119.619037, 37.396095], [-119.619058, 37.396088], [-119.619108, 37.39606], [-119.619163, 37.396008], [-119.619185, 37.395968], [-119.619226, 37.395806], [-119.619244, 37.395678], [-119.619247, 37.39554], [-119.619253, 37.3955], [-119.619282, 37.39538], [-119.619334, 37.395287]]}, "props": {"MTFCC": "S1400", "NAME": null}}, {"geom": {"type": "LineString", "coordinates": [[-119.65773052739726, 37.3641], [-119.657728, 37.364223], [-119.657719, 37.364262], [-119.657704, 37.3643], [-119.657682, 37.364337], [-119.657654, 37.364372], [-119.657636, 37.364388], [-119.657404, 37.364662], [-119.657405, 37.364679]]}, "props": {"MTFCC": "S1400", "NAME": null}}, {"geom": {"type": "LineString", "coordinates": [[-119.614084, 37.364679], [-119.614015, 37.364686], [-119.613957, 37.364687], [-119.613902, 37.364698], [-119.613841, 37.364714], [-119.613781, 37.36473], [-119.613692, 37.364732], [-119.613633, 37.364691], [-119.6136, 37.364628], [-119.613593, 37.364501], [-119.613585, 37.364451], [-119.613571, 37.364347], [-119.613563, 37.364296], [-119.613555, 37.364246], [-119.61354, 37.36415], [-119.613534, 37.364103], [-119.61353375, 37.3641]]}, "props": {"MTFCC": "S1400", "NAME": null}}, {"geom": {"type": "LineString", "coordinates": [[-119.608432, 37.367226], [-119.608479, 37.367323], [-119.608526, 37.367478], [-119.608561, 37.367552], [-119.608694, 37.36774], [-119.608723, 37.367797], [-119.608742, 37.367887], [-119.608762, 37.36798], [-119.608775, 37.368226], [-119.608791, 37.368311], [-119.60894, 37.368716], [-119.608974, 37.368762], [-119.609012, 37.368797], [-119.609107, 37.368855], [-119.609212, 37.368895], [-119.609328, 37.368918], [-119.609437, 37.36893]]}, "props": {"MTFCC": "S1400", "NAME": null}}, {"geom": {"type": "LineString", "coordinates": [[-119.71631721296296, 37.3641], [-119.716277, 37.364143], [-119.716186, 37.364256], [-119.716081, 37.364424], [-119.715937, 37.364659], [-119.715793, 37.364859], [-119.715716, 37.364942], [-119.715614, 37.365007], [-119.71549, 37.365057], [-119.715361, 37.365095], [-119.715244, 37.36511], [-119.715096, 37.365112], [-119.714793, 37.365133], [-119.714443, 37.365178], [-119.714312, 37.365196], [-119.713977, 37.365224], [-119.713798, 37.365245], [-119.713754, 37.36525], [-119.713629, 37.365252], [-119.713519, 37.365254], [-119.713252, 37.36523], [-119.713126, 37.365212], [-119.712959, 37.365189], [-119.712761, 37.365166], [-119.712377, 37.365123], [-119.712329, 37.365106], [-119.712285, 37.36508], [-119.712198, 37.365015], [-119.712131, 37.364966], [-119.71203, 37.364911], [-119.711765, 37.364864], [-119.711623, 37.364839], [-119.710962, 37.364816], [-119.710694, 37.364808], [-119.710433, 37.3648], [-119.709653, 37.364776], [-119.709393, 37.364769], [-119.708875, 37.36476], [-119.708147, 37.364748], [-119.707475, 37.364939], [-119.707348, 37.364949], [-119.706832, 37.364991]]}, "props": {"MTFCC": "S1400", "NAME": null}}, {"geom": {"type": "LineString", "coordinates": [[-119.723361, 37.365683], [-119.723362, 37.365641], [-119.723366, 37.365515], [-119.723368, 37.365474]]}, "props": {"MTFCC": "S1400", "NAME": null}}, {"geom": {"type": "LineString", "coordinates": [[-119.703441, 37.395758], [-119.703372, 37.395549], [-119.703305, 37.395344], [-119.703347, 37.39504], [-119.703394, 37.394914], [-119.703472, 37.39471]]}, "props": {"MTFCC": "S1740", "NAME": null}}, {"geom": {"type": "LineString", "coordinates": [[-119.715469, 37.383252], [-119.71516, 37.383292], [-119.714993, 37.383292], [-119.714595, 37.383292], [-119.714002, 37.383269], [-119.713563, 37.383334], [-119.713549, 37.383337], [-119.713465, 37.383584], [-119.713634, 37.383696]]}, "props": {"MTFCC": "S1400", "NAME": null}}, {"geom": {"type": "LineString", "coordinates": [[-119.716574, 37.393288], [-119.716687, 37.393186], [-119.716718, 37.393126], [-119.71674, 37.393066], [-119.716744, 37.393019], [-119.716737, 37.392978], [-119.716707, 37.392892]]}, "props": {"MTFCC": "S1400", "NAME": null}}, {"geom": {"type": "LineString", "coordinates": [[-119.69382, 37.397985], [-119.693939, 37.398154], [-119.693953, 37.398173], [-119.693834, 37.398326], [-119.693642, 37.398303], [-119.693627, 37.398115], [-119.693647, 37.398101], [-119.69382, 37.397985]]}, "props": {"MTFCC": "S1740", "NAME": null}}, {"geom": {"type": "LineString", "coordinates": [[-119.698982, 37.39695], [-119.69897, 37.397292], [-119.698934, 37.39832], [-119.698923, 37.398663]]}, "props": {"MTFCC": "S1740", "NAME": null}}, {"geom": {"type": "LineString", "coordinates": [[-119.364927, 37.414068], [-119.364814, 37.414039], [-119.3646, 37.413948], [-119.363888, 37.413646], [-119.36364, 37.413537], [-119.363321, 37.413398]]}, "props": {"MTFCC": "S1400", "NAME": null}}, {"geom": {"type": "LineString", "coordinates": [[-119.363994, 37.417114], [-119.363881, 37.417081], [-119.36382, 37.417064], [-119.363636, 37.417], [-119.363547, 37.416966], [-119.363438, 37.416925]]}, "props": {"MTFCC": "S1400", "NAME": null}}, {"geom": {"type": "LineString", "coordinates": [[-119.713798, 37.365245], [-119.713776, 37.365089], [-119.713767, 37.365018], [-119.713822, 37.364777], [-119.713806, 37.364626], [-119.713791, 37.364471]]}, "props": {"MTFCC": "S1740", "NAME": null}}, {"geom": {"type": "LineString", "coordinates": [[-119.678924, 37.382378], [-119.679067, 37.382173], [-119.679497, 37.381557], [-119.679641, 37.381353]]}, "props": {"MTFCC": "S1740", "NAME": null}}, {"geom": {"type": "LineString", "coordinates": [[-119.709865, 37.396976], [-119.710175, 37.396972], [-119.710508, 37.397114], [-119.71071, 37.397328], [-119.710829, 37.397542], [-119.710769, 37.397767], [-119.710734, 37.397934], [-119.710734, 37.398195], [-119.710745, 37.398468], [-119.710805, 37.39867], [-119.710852, 37.398896], [-119.710926, 37.399057], [-119.711091, 37.399569], [-119.711091, 37.400004], [-119.711063, 37.400287], [-119.711176, 37.400438], [-119.71145, 37.400457], [-119.711639, 37.400457], [-119.711889, 37.4004], [-119.712303, 37.400193], [-119.712432, 37.399881], [-119.712573, 37.399722], [-119.712959, 37.39961], [-119.713068, 37.399683], [-119.713129, 37.399525], [-119.713251, 37.399355], [-119.713543, 37.399257], [-119.713737, 37.399269], [-119.713968, 37.399184], [-119.714, 37.398967], [-119.714175, 37.398844], [-119.714137, 37.398657], [-119.714616, 37.398027], [-119.714953, 37.397857], [-119.715158, 37.398042], [-119.715367, 37.398522], [-119.715561, 37.398771], [-119.715853, 37.39899], [-119.716248, 37.399122], [-119.716771, 37.399421], [-119.717193, 37.399457], [-119.717292, 37.399392], [-119.717518, 37.399242], [-119.717752, 37.399005], [-119.718119, 37.398716], [-119.718368, 37.398444]]}, "props": {"MTFCC": "S1400", "NAME": null}}, {"geom": {"type": "LineString", "coordinates": [[-119.716427, 37.416039], [-119.716441, 37.416169]]}, "props": {"MTFCC": "S1740", "NAME": null}}, {"geom": {"type": "LineString", "coordinates": [[-119.702632, 37.371175], [-119.702794, 37.37125], [-119.702816, 37.37135], [-119.702816, 37.37156], [-119.702805, 37.372186], [-119.702783, 37.372554], [-119.702767, 37.372662], [-119.702734, 37.373249], [-119.702745, 37.373824], [-119.7028, 37.374079], [-119.702745, 37.374322], [-119.702701, 37.374588], [-119.702667, 37.375008], [-119.702667, 37.375307], [-119.702667, 37.375706], [-119.702634, 37.376082], [-119.702623, 37.376336], [-119.702634, 37.376558], [-119.702667, 37.376702], [-119.702745, 37.37679], [-119.702878, 37.376801], [-119.703055, 37.376691], [-119.703254, 37.37658], [-119.703796, 37.376591]]}, "props": {"MTFCC": "S1400", "NAME": null}}, {"geom": {"type": "LineString", "coordinates": [[-119.05375, 37.643539], [-119.053858, 37.64329], [-119.054183, 37.642543], [-119.05426, 37.642368], [-119.05426, 37.642288]]}, "props": {"MTFCC": "S1400", "NAME": null}}, {"geom": {"type": "LineString", "coordinates": [[-119.05426, 37.642288], [-119.054593, 37.641878], [-119.055593, 37.640649], [-119.055927, 37.64024]]}, "props": {"MTFCC": "S1400", "NAME": null}}, {"geom": {"type": "LineString", "coordinates": [[-119.65337, 37.371143], [-119.653574, 37.371388], [-119.654086, 37.372005], [-119.654489, 37.372489], [-119.656041, 37.373107], [-119.656558, 37.373518], [-119.656772, 37.373859], [-119.656817, 37.37393], [-119.656817, 37.374968], [-119.656817, 37.375028], [-119.656817, 37.375208], [-119.656817, 37.375269]]}, "props": {"MTFCC": "S1400", "NAME": null}}, {"geom": {"type": "LineString", "coordinates": [[-119.657496, 37.366712], [-119.657613, 37.366835], [-119.658235, 37.367183]]}, "props": {"MTFCC": "S1400", "NAME": null}}, {"geom": {"type": "LineString", "coordinates": [[-119.716938, 37.416558], [-119.716876, 37.416645], [-119.716834, 37.416706]]}, "props": {"MTFCC": "S1740", "NAME": null}}, {"geom": {"type": "LineString", "coordinates": [[-119.732216, 37.412202], [-119.732074, 37.412198], [-119.731651, 37.412186], [-119.73151, 37.412183]]}, "props": {"MTFCC": "S1740", "NAME": null}}, {"geom": {"type": "LineString", "coordinates": [[-119.631787, 37.441327], [-119.632031, 37.441508], [-119.632214, 37.441645], [-119.632786, 37.44202], [-119.633041, 37.442187], [-119.633049, 37.4422], [-119.633078, 37.442242], [-119.633088, 37.442257], [-119.633372, 37.442312], [-119.63368, 37.442525], [-119.63402, 37.442901], [-119.634338, 37.443217], [-119.63432, 37.443632], [-119.634164, 37.444033], [-119.634122, 37.444314]]}, "props": {"MTFCC": "S1400", "NAME": null}}, {"geom": {"type": "LineString", "coordinates": [[-119.748639, 37.395201], [-119.748728, 37.395595], [-119.748724, 37.395617], [-119.748644, 37.396059], [-119.748326, 37.396825], [-119.748164, 37.39722]]}, "props": {"MTFCC": "S1400", "NAME": null}}, {"geom": {"type": "LineString", "coordinates": [[-119.753146, 37.392041], [-119.753078, 37.389774], [-119.751663, 37.38914], [-119.750116, 37.388359]]}, "props": {"MTFCC": "S1400", "NAME": null}}, {"geom": {"type": "LineString", "coordinates": [[-119.753211, 37.392029], [-119.753392, 37.392224], [-119.753487, 37.392443], [-119.753547, 37.392581], [-119.753691, 37.39305], [-119.753791, 37.393396], [-119.753959, 37.393621], [-119.754161, 37.393735], [-119.754261, 37.393792], [-119.754481, 37.393755], [-119.754565, 37.39361]]}, "props": {"MTFCC": "S1740", "NAME": null}}, {"geom": {"type": "LineString", "coordinates": [[-119.757134, 37.398714], [-119.756296, 37.398286], [-119.756172, 37.398174], [-119.756102, 37.39811], [-119.755907, 37.397796], [-119.756074, 37.397263], [-119.75618, 37.396771], [-119.756155, 37.396335], [-119.756002, 37.396119], [-119.755787, 37.395886], [-119.755693, 37.395548], [-119.755691, 37.395123], [-119.755686, 37.394016]]}, "props": {"MTFCC": "S1740", "NAME": null}}, {"geom": {"type": "LineString", "coordinates": [[-119.730241, 37.417224], [-119.73036, 37.417276], [-119.73222, 37.417062], [-119.733017, 37.417082], [-119.733963, 37.417223], [-119.734377, 37.417473], [-119.734525, 37.417621], [-119.734544, 37.417754]]}, "props": {"MTFCC": "S1400", "NAME": null}}, {"geom": {"type": "LineString", "coordinates": [[-119.7977784330053, 37.3641], [-119.79724, 37.365229], [-119.797097, 37.366073], [-119.796869, 37.366505], [-119.796869, 37.366848], [-119.797013, 37.367121], [-119.797013, 37.367478], [-119.797013, 37.367736], [-119.796871, 37.3681], [-119.796584, 37.368396], [-119.796384, 37.368829], [-119.796386, 37.368855], [-119.79647, 37.370156], [-119.796786, 37.370888], [-119.796812, 37.371629], [-119.796814, 37.371666], [-119.796642, 37.372216], [-119.796671, 37.373634], [-119.796022, 37.37494], [-119.794886, 37.37605], [-119.793883, 37.376828], [-119.79351, 37.377285], [-119.792793, 37.37779], [-119.792389, 37.37838], [-119.792277, 37.378545], [-119.791244, 37.379665], [-119.791044, 37.38026], [-119.790786, 37.380466], [-119.790699, 37.380603]]}, "props": {"MTFCC": "S1400", "NAME": null}}, {"geom": {"type": "LineString", "coordinates": [[-119.73003758447489, 37.3641], [-119.729939, 37.36427], [-119.729858, 37.364348], [-119.729776, 37.364401], [-119.72966, 37.364463], [-119.729528, 37.364516], [-119.729273, 37.364594], [-119.728963, 37.364651], [-119.728769, 37.364673], [-119.728728, 37.364673], [-119.728672, 37.364673], [-119.728574, 37.364663], [-119.728458, 37.364639], [-119.728379, 37.364623], [-119.728306, 37.364599], [-119.728165, 37.364539], [-119.728018, 37.364494], [-119.727975, 37.364489], [-119.727916, 37.364484], [-119.727739, 37.364491], [-119.727668, 37.364505], [-119.726704, 37.364766], [-119.726555, 37.364814], [-119.726502, 37.364835], [-119.726336, 37.364903], [-119.726035, 37.365033]]}, "props": {"MTFCC": "S1400", "NAME": null}}, {"geom": {"type": "LineString", "coordinates": [[-119.732551, 37.367444], [-119.732757, 37.367387], [-119.732908, 37.367354], [-119.733079, 37.367328], [-119.733193, 37.367317], [-119.733346, 37.367313], [-119.733399, 37.367313], [-119.733662, 37.367318], [-119.733742, 37.367315], [-119.73382, 37.367302], [-119.73405, 37.367251], [-119.735018, 37.367068], [-119.735081, 37.367072], [-119.735144, 37.367083], [-119.735206, 37.367099], [-119.735323, 37.367145], [-119.73543, 37.367194], [-119.735636, 37.367279], [-119.73586, 37.367348], [-119.735911, 37.367357], [-119.735961, 37.367367], [-119.736077, 37.36737], [-119.736147, 37.367358], [-119.736216, 37.367339], [-119.736271, 37.367319], [-119.736378, 37.367271], [-119.736435, 37.367255], [-119.736471, 37.367249], [-119.736581, 37.367246], [-119.736638, 37.367253], [-119.736694, 37.367266], [-119.736736, 37.367305]]}, "props": {"MTFCC": "S1400", "NAME": null}}, {"geom": {"type": "LineString", "coordinates": [[-119.73335153846153, 37.3641], [-119.733353, 37.364101], [-119.733406, 37.364137], [-119.733489, 37.364182], [-119.733579, 37.364221], [-119.733667, 37.364284]]}, "props": {"MTFCC": "S1400", "NAME": null}}], "source": "https://www2.census.gov/geo/tiger/TIGER2024/ROADS/tl_2024_06039_roads.zip", "county_fips": "06039"}