area,line,n_pts,km,xmin,xmax,ymin,ymax,x_mean,y_mean,heading_deg
a1,L7650,12177,49.606,418460.524,468058.480,4202652.372,4202674.023,443298.797,4202663.967,89.999
a1,L7655,10230,49.893,418228.528,468115.085,4202452.513,4202473.679,443636.194,4202465.047,90.001
a1,L7660,10741,50.178,418000.852,468174.041,4202258.932,4202273.432,442874.268,4202265.443,90.004
a1,L7665,10200,50.519,417720.371,468226.675,4202033.153,4202082.921,442642.045,4202065.763,89.965
a1,L7670,12555,50.773,417523.895,468286.358,4201857.652,4201877.445,443467.404,4201865.107,90.006
a1,L7675,10522,51.054,417293.008,468339.539,4201656.795,4201677.703,442877.859,4201665.901,89.993
a1,L7680,11257,51.372,417050.833,468404.129,4201435.466,4201490.327,443108.519,4201464.432,90.002
a1,L7685,11142,51.635,416827.664,468455.319,4201258.140,4201273.476,442182.848,4201265.758,90.008
a1,L7690,14261,51.973,416582.107,468515.953,4201028.644,4201099.279,442447.340,4201065.931,90.003
a1,L7695,11392,52.236,416345.575,468574.855,4200860.232,4200872.112,443172.787,4200865.286,90.001
a1,L7700,11184,52.523,416112.885,468630.656,4200651.339,4200671.910,442689.952,4200663.676,90.004
a1,L7705,11588,52.821,415872.935,468689.804,4200460.538,4200469.950,441941.043,4200464.843,90.001
a1,L7710,13546,53.114,415641.841,468745.027,4200252.385,4200277.561,442171.068,4200266.399,90.001
a1,L7715,11424,53.397,415407.142,468801.693,4200062.455,4200070.418,442857.063,4200065.966,90.001
a1,L7720,12100,53.708,415169.563,468863.633,4199848.207,4199880.600,443195.305,4199863.600,90.006
a1,L7725,11829,53.981,414935.083,468913.512,4199661.232,4199669.040,441324.810,4199665.316,89.997
a1,L7730,3212,13.411,414697.800,428107.677,4199457.207,4199470.392,421140.598,4199465.002,90.012
a1,L7731,11096,41.052,427930.247,468974.799,4199450.987,4199474.699,448559.252,4199463.865,89.999
a1,L7735,11393,54.570,414462.414,469029.795,4199260.779,4199274.287,442059.796,4199266.009,90.000
a1,L7741,13780,54.879,414227.077,469088.973,4199054.074,4199110.064,442715.168,4199065.404,90.005
a1,L7745,11804,55.160,413985.043,469142.041,4198859.982,4198872.264,440879.908,4198865.245,89.992
a1,L7751,14809,55.457,413755.961,469205.635,4198655.847,4198674.857,441752.732,4198664.041,90.003
a1,L7755,11502,55.739,413521.786,469258.444,4198461.053,4198471.036,441701.257,4198465.971,90.000
a1,L7760,12402,56.048,413277.103,469318.917,4198252.646,4198275.024,442358.389,4198265.207,89.994
a1,L7765,11791,56.322,413055.052,469374.375,4198061.712,4198070.787,440802.463,4198065.924,90.004
a1,L7770,13039,56.612,412823.910,469428.250,4197854.277,4197875.786,441264.285,4197865.567,90.002
a1,L7775,12219,56.912,412584.728,469491.077,4197654.547,4197683.081,441602.993,4197665.324,90.006
a1,L7781,10362,47.738,412344.119,460067.933,4197447.657,4197487.204,435633.424,4197464.172,89.997
a1,L7782,2074,9.600,459947.853,469547.473,4197455.968,4197469.099,464829.017,4197463.614,90.014
a1,L7785,12312,57.496,412112.700,469605.163,4197262.984,4197274.380,440507.184,4197267.067,90.002
a1,L7790,14005,57.785,411886.488,469662.891,4197053.207,4197080.211,441389.772,4197066.190,90.009
a1,L7795,12003,58.101,411638.761,469729.512,4196822.030,4196875.811,441215.820,4196865.040,90.044
a1,L7800,12654,58.384,411401.647,469776.258,4196641.299,4196680.022,441193.495,4196663.408,90.002
a1,L7805,11742,58.660,411177.129,469831.635,4196458.148,4196475.087,440237.243,4196466.647,90.006
a1,L7810,14132,58.960,410940.237,469888.106,4196255.743,4196286.319,440354.963,4196266.753,90.005
a1,L7815,11951,59.257,410694.845,469946.382,4196052.798,4196075.947,440507.020,4196064.747,90.003
a1,L7820,13003,59.548,410464.053,470006.223,4195849.661,4195871.227,440494.007,4195864.865,90.004
a1,L7825,11846,59.839,410233.106,470063.331,4195656.940,4195680.805,439857.039,4195667.337,90.004
a1,L7830,12170,60.137,409987.226,470119.645,4195451.817,4195474.557,440261.362,4195465.659,89.995
a1,L7835,12913,60.425,409754.914,470176.927,4195261.120,4195270.972,440340.353,4195266.147,90.000
a1,L7840,13643,60.720,409519.300,470233.365,4195056.240,4195072.556,439936.227,4195064.455,89.993
a1,L7845,12716,61.013,409282.507,470291.398,4194860.981,4194872.221,439212.593,4194866.466,89.998
a1,L7850,14377,61.308,409046.067,470347.721,4194653.379,4194679.093,439497.445,4194667.328,89.998
a1,L7855,12788,61.590,408815.475,470403.123,4194460.072,4194471.093,439466.603,4194466.347,89.999
a1,L7860,16014,61.892,408578.012,470463.442,4194254.284,4194271.235,437960.851,4194264.671,90.005
a1,L7865,13071,62.173,408347.976,470517.149,4194055.746,4194069.743,439185.592,4194064.185,90.002
a1,L7870,16812,62.482,408106.590,470575.544,4193851.311,4193877.208,437767.119,4193866.357,89.998
a1,L7875,13081,62.772,407871.470,470637.116,4193650.570,4193674.343,439490.300,4193663.467,90.005
a1,L7880,16178,63.063,407636.730,470692.485,4193456.377,4193472.739,438465.945,4193464.844,90.004
a1,L7885,12432,63.355,407400.054,470749.053,4193257.062,4193276.563,438198.320,4193265.822,89.997
a1,L7890,15247,63.647,407167.537,470804.216,4193055.057,4193075.573,438901.807,4193066.432,90.000
a1,L7895,12836,63.943,406928.521,470864.125,4192854.088,4192876.253,438553.695,4192862.724,89.997
a1,L7900,14344,64.236,406693.559,470921.205,4192630.724,4192675.876,438865.374,4192664.896,89.995
a1,L7905,12573,64.326,406655.192,470975.431,4192456.541,4192479.647,438011.903,4192467.268,89.996
a1,L7910,13908,64.381,406658.028,471033.585,4192258.472,4192277.602,438023.277,4192264.553,90.000
a1,L7915,14037,64.442,406656.800,471094.808,4192052.264,4192076.374,438322.513,4192065.428,90.003
a1,L7920,13737,64.499,406659.627,471151.693,4191856.883,4191877.287,439155.709,4191864.339,90.008
a1,L7925,13688,64.549,406660.801,471204.304,4191659.351,4191679.765,437185.831,4191667.908,90.000
a1,L7930,13943,64.610,406663.443,471264.809,4191450.200,4191479.594,438079.567,4191464.721,89.999
a1,L7935,13637,64.660,406667.130,471319.265,4191257.633,4191279.860,439076.245,4191264.193,89.998
a1,L7940,15237,64.719,406666.298,471379.017,4191055.947,4191071.647,439211.737,4191064.537,90.005
a1,L7945,14049,64.776,406666.639,471434.487,4190853.223,4190878.420,438667.505,4190865.993,90.003
a1,L7950,16210,64.833,406668.328,471494.481,4190654.695,4190671.921,435714.547,4190664.834,89.997
a1,L7955,14540,64.899,406670.512,471553.517,4190442.911,4190489.242,439644.926,4190464.152,90.000
a1,L7960,15947,64.944,406670.535,471608.953,4190257.780,4190273.807,438686.256,4190264.430,89.998
a1,L7965,13143,65.005,406671.800,471662.184,4190059.683,4190113.975,437814.471,4190069.480,90.006
a1,L7970,14265,65.053,406672.816,471720.819,4189857.939,4189871.522,438288.371,4189865.448,89.994
a1,L7975,13589,65.107,406675.881,471779.228,4189662.525,4189672.687,439234.756,4189666.492,90.002
a1,L7980,13596,65.166,406676.939,471836.565,4189458.314,4189480.924,438356.028,4189466.963,90.004
a1,L7985,13549,65.221,406678.688,471895.574,4189257.743,4189270.305,438504.219,4189265.070,90.002
a1,L7990,14511,65.277,406680.711,471949.985,4189053.484,4189080.071,439888.446,4189066.044,90.005
a1,L7995,13466,65.327,406681.504,472005.341,4188860.179,4188870.442,439667.217,4188865.509,89.999
a1,L8000,13748,65.389,406684.612,472067.132,4188654.604,4188673.915,439914.510,4188665.518,90.000
a1,L8005,13561,65.441,406685.777,472123.955,4188455.854,4188468.919,438966.990,4188464.703,90.001
a1,L8010,13392,65.499,406685.693,472179.275,4188252.514,4188271.717,438885.596,4188264.914,89.998
a1,L8015,13583,65.548,406685.329,472228.684,4188061.284,4188089.604,440061.778,4188065.915,89.981
a1,L8020,15295,65.611,406689.658,472295.341,4187857.311,4187872.264,440492.168,4187864.633,90.002
a1,L8025,13406,65.681,406671.379,472349.560,4187661.098,4187670.992,438736.100,4187665.331,90.003
a1,L8030,14994,65.578,406837.447,472410.023,4187459.660,4187474.825,438283.826,4187466.106,89.997
a1,L8035,14651,65.462,407006.795,472465.313,4187258.419,4187270.754,440363.442,4187264.587,90.001
a1,L8040,15145,65.358,407170.841,472523.833,4187057.410,4187073.750,440343.668,4187065.064,90.001
a1,L8045,14205,65.250,407336.034,472580.502,4186858.478,4186877.279,438956.378,4186866.870,90.000
a1,L8050,14892,65.143,407497.537,472635.612,4186660.547,4186673.894,438876.858,4186666.761,89.998
a1,L8055,13489,65.035,407664.489,472694.271,4186455.319,4186474.896,441049.512,4186464.603,90.005
a1,L8060,14297,64.928,407828.318,472750.266,4186254.814,4186274.803,440750.150,4186265.667,89.996
a1,L8065,13684,64.818,407998.323,472810.521,4186058.820,4186076.071,439735.480,4186066.169,89.999
a1,L8070,14393,64.716,408161.550,472865.942,4185853.475,4185887.248,439847.771,4185866.302,90.000
a1,L8075,13612,64.598,408332.047,472924.317,4185656.279,4185671.531,441025.998,4185664.666,89.995
a1,L8080,14813,64.496,408492.378,472980.128,4185455.219,4185474.165,440991.343,4185466.164,89.993
a1,L8085,13492,64.385,408658.251,473037.021,4185254.297,4185276.111,440277.637,4185265.886,89.999
a1,L8090,14101,64.286,408821.284,473096.467,4185053.680,4185077.269,439744.887,4185066.408,90.001
a1,L8095,14362,64.167,408990.253,473153.629,4184861.769,4184872.158,441287.505,4184866.306,89.999
a1,L8100,14501,64.067,409152.084,473213.108,4184653.720,4184672.596,441539.013,4184664.270,90.001
a1,L8105,14459,63.956,409317.213,473269.809,4184459.762,4184471.333,439539.215,4184465.690,90.004
a1,L8110,14678,63.848,409484.372,473325.319,4184256.774,4184279.170,439842.899,4184264.848,90.004
a1,L8115,14048,63.733,409650.853,473379.925,4184058.353,4184079.113,441715.438,4184065.407,89.995
a1,L8120,14479,63.630,409817.539,473441.480,4183852.135,4183872.595,441844.423,4183864.400,90.000
a1,L8125,13919,63.521,409981.141,473497.974,4183651.362,4183669.586,440675.465,4183663.974,90.002
a1,L8130,13828,63.406,410143.559,473541.918,4183456.178,4183474.578,440815.911,4183465.505,90.003
a1,L8135,13706,63.231,410311.920,473539.922,4183259.797,4183270.267,441823.400,4183265.498,89.999
a1,L8140,14179,63.071,410479.279,473539.882,4183051.052,4183079.754,442264.066,4183064.970,89.998
a1,L8145,13649,62.895,410645.019,473535.322,4182856.722,4182869.569,440356.454,4182864.883,89.996
a1,L8150,13814,62.733,410811.224,473537.132,4182651.743,4182674.473,440306.732,4182664.504,89.998
a1,L8155,13364,62.568,410973.855,473536.853,4182454.341,4182472.961,442956.136,4182463.587,90.002
a1,L8160,13651,62.412,411132.095,473535.697,4182251.490,4182275.817,442731.891,4182265.358,90.010
a1,L8165,13562,62.248,411299.269,473534.047,4182054.061,4182082.579,441125.819,4182066.815,89.998
a1,L8170,13213,62.070,411468.977,473531.425,4181855.932,4181877.757,440854.064,4181864.940,90.001
a1,L8175,12645,61.906,411633.772,473532.662,4181651.344,4181683.463,443257.124,4181664.913,90.001
a1,L8180,14212,61.738,411798.753,473528.234,4181453.975,4181475.214,442921.534,4181465.479,90.002
a1,L8185,12611,61.568,411967.071,473529.119,4181255.400,4181274.575,441550.185,4181266.522,90.000
a1,L8190,13415,61.402,412137.051,473529.693,4181053.545,4181077.697,440797.237,4181065.321,90.003
a1,L8195,12664,61.236,412298.505,473526.663,4180849.585,4180876.728,442900.955,4180864.958,89.998
a1,L8200,13455,61.070,412463.045,473523.662,4180652.632,4180684.371,443341.561,4180665.087,90.000
a1,L8205,13642,60.902,412625.906,473521.254,4180453.088,4180478.680,442321.219,4180466.872,90.004
a1,L8210,12892,60.732,412794.683,473520.582,4180253.522,4180275.509,442032.292,4180264.673,89.995
a1,L8215,12656,60.566,412958.227,473520.772,4180060.696,4180074.833,443041.535,4180065.898,89.992
a1,L8220,14275,60.406,413120.462,473520.813,4179857.804,4179876.530,442911.169,4179865.329,90.002
a1,L8225,12103,60.233,413288.449,473518.761,4179661.098,4179670.516,442888.968,4179664.844,90.000
a1,L8230,13982,60.071,413453.229,473517.125,4179457.056,4179477.434,442980.614,4179466.159,90.001
a1,L8235,13498,59.901,413618.668,473516.728,4179258.565,4179273.434,443163.921,4179266.315,89.998
a1,L8240,13807,59.734,413785.408,473513.995,4179056.039,4179076.000,443711.885,4179065.283,89.995
a1,L8245,12973,59.566,413953.334,473515.129,4178857.752,4178869.981,443388.451,4178864.906,89.995
a1,L8250,12492,59.404,414113.029,473511.877,4178659.307,4178677.271,443772.356,4178666.492,90.001
a1,L8255,13132,59.235,414280.799,473512.684,4178460.575,4178473.443,443818.465,4178465.911,89.999
a1,L8260,16714,59.077,414445.971,473511.495,4178257.213,4178284.040,442944.695,4178266.467,89.999
a1,L8265,12196,58.898,414612.721,473509.040,4178061.578,4178070.035,444174.631,4178065.197,90.002
a1,L8270,15440,58.738,414779.213,473506.995,4177856.428,4177872.972,444647.286,4177864.719,89.997
a1,L8275,12371,58.567,414943.027,473507.480,4177662.307,4177670.947,443869.997,4177666.266,89.999
a1,L8280,14234,58.405,415110.666,473506.750,4177458.316,4177473.201,443490.773,4177465.503,89.991
a1,L8285,11776,58.228,415275.155,473500.754,4177259.855,4177269.255,444444.681,4177264.827,90.001
a1,L8290,13888,58.076,415438.505,473501.463,4177053.636,4177082.849,444527.276,4177064.735,89.998
a1,L8295,12878,57.901,415603.408,473500.777,4176855.922,4176870.568,443568.499,4176864.455,90.004
a1,L8300,12854,57.739,415772.695,473499.608,4176646.577,4176677.647,443356.036,4176665.819,90.016
a1,L8305,12158,57.558,415941.794,473495.567,4176457.406,4176475.307,445851.488,4176466.798,89.995
a1,L8310,13264,57.414,416095.209,473497.325,4176248.177,4176284.372,444434.592,4176265.238,90.009
a1,L8315,12284,57.233,416268.655,473497.754,4176057.147,4176070.631,444058.036,4176063.978,89.999
a1,L8320,14442,57.071,416431.220,473493.840,4175855.197,4175873.503,443956.438,4175864.683,90.001
a1,L8325,11803,56.905,416594.704,473494.773,4175652.114,4175677.124,446010.707,4175666.035,89.998
a1,L8330,13737,56.742,416759.636,473494.695,4175453.468,4175474.805,445634.430,4175465.646,89.999
a1,L8335,12159,56.557,416932.340,473485.040,4175259.247,4175272.121,444389.953,4175264.418,89.993
a1,L8340,13976,56.227,417091.177,473312.799,4175058.352,4175072.357,443907.742,4175065.458,90.001
a1,L8345,12031,55.893,417257.808,473145.628,4174855.197,4174876.779,446645.480,4174866.718,89.995
a1,L8350,12873,55.565,417420.898,472977.732,4174652.001,4174674.352,446236.728,4174667.076,90.002
a1,L8355,12534,55.224,417591.650,472813.236,4174462.200,4174470.033,443974.734,4174466.178,89.996
a1,L8360,13233,54.895,417755.245,472640.895,4174253.567,4174277.449,443765.131,4174265.730,89.999
a1,L8365,11846,54.560,417918.666,472475.790,4174061.045,4174070.654,445522.529,4174065.548,89.999
a1,L8370,12071,54.233,418084.924,472309.440,4173854.171,4173874.973,445935.864,4173864.781,89.995
a1,L8375,11964,53.889,418253.902,472140.141,4173659.835,4173669.307,443804.403,4173664.610,89.997
a1,L8380,13493,53.563,418416.019,471972.675,4173458.597,4173472.833,444450.342,4173465.214,90.000
a1,L8385,11367,53.227,418578.430,471803.112,4173259.150,4173268.003,445706.087,4173263.968,90.002
a1,L8390,13037,52.895,418748.588,471633.908,4173045.062,4173072.987,445710.713,4173063.885,90.001
a1,L8395,11602,52.558,418914.792,471470.338,4172860.209,4172869.895,444436.251,4172865.108,89.996
a1,L8400,13164,52.234,419074.984,471300.720,4172657.107,4172672.713,443821.618,4172664.462,90.001
a1,L8405,10813,51.888,419253.277,471138.545,4172452.100,4172474.361,445779.524,4172464.291,89.981
a1,L8410,12234,51.567,419402.401,470963.725,4172259.055,4172269.991,445748.599,4172264.251,90.004
a1,L8415,10598,51.228,419574.316,470797.389,4172049.346,4172068.974,444051.685,4172061.500,89.999
a1,L8420,11461,50.897,419739.999,470630.876,4171856.448,4171871.227,444060.019,4171863.605,89.998
a1,L8425,10838,50.568,419901.261,470463.492,4171656.852,4171678.622,446383.262,4171667.206,90.004
a1,L8430,12231,50.232,420068.171,470296.707,4171459.838,4171472.532,447515.413,4171466.150,90.003
a1,L8435,10796,49.894,420242.653,470128.713,4171248.771,4171278.379,444406.175,4171262.677,89.987
a1,L8440,11277,49.565,420400.893,469960.132,4171053.365,4171071.094,443274.653,4171063.334,89.998
a1,L8445,10046,49.235,420567.423,469796.584,4170853.394,4170877.697,446325.318,4170866.651,89.993
a1,L8450,10179,48.905,420730.464,469626.618,4170653.838,4170686.800,447001.457,4170667.218,89.998
a1,L8455,9963,48.565,420897.018,469458.006,4170456.441,4170473.366,444196.498,4170463.768,89.992
a1,L8460,10119,48.228,421063.950,469285.185,4170253.031,4170277.346,443854.465,4170263.594,90.002
a1,L8465,9765,47.905,421225.198,469123.774,4170053.101,4170087.979,446299.478,4170066.112,89.992
a1,L8470,9915,47.570,421392.260,468957.788,4169854.227,4169872.277,446778.783,4169866.110,89.993
a1,L8475,10310,47.231,421555.617,468784.742,4169661.348,4169670.050,444591.852,4169665.188,90.001
a1,L8480,11190,46.979,421653.825,468626.369,4169455.784,4169474.189,444302.278,4169464.577,89.989
a1,L8485,10258,46.531,421919.460,468447.393,4169259.128,4169270.648,445803.188,4169264.342,89.997
a1,L8490,10734,46.106,422179.634,468283.039,4169059.043,4169069.596,446354.029,4169065.270,90.000
a1,L8495,9801,45.676,422440.848,468113.916,4168860.538,4168870.143,444645.684,4168865.525,90.002
a1,L8500,9858,45.245,422703.199,467945.974,4168657.602,4168669.923,444008.902,4168664.562,90.002
a1,L8505,9345,44.813,422965.487,467776.430,4168459.935,4168468.339,445846.899,4168464.658,90.005
a1,L8510,10835,44.382,423237.878,467613.849,4168257.222,4168271.007,445640.824,4168264.729,89.990
a1,L8515,9347,43.957,423489.643,467444.727,4168061.946,4168069.759,444220.029,4168065.517,90.002
a1,L8520,9258,43.523,423754.914,467273.871,4167855.245,4167872.483,443983.272,4167863.249,90.001
a1,L8525,8731,43.090,424020.989,467109.469,4167660.746,4167670.193,446179.394,4167665.009,89.994
a1,L8530,8965,42.673,424273.160,466938.483,4167452.836,4167478.717,446765.492,4167465.807,90.007
a1,L8535,8737,42.235,424540.461,466773.871,4167261.474,4167269.153,444401.055,4167265.559,90.002
a1,L8540,9006,41.797,424811.719,466603.153,4167054.307,4167074.384,444094.021,4167063.941,89.999
a1,L8545,8393,41.372,425067.519,466438.275,4166861.214,4166870.347,446890.082,4166865.696,89.996
a1,L8550,8687,40.950,425324.151,466270.140,4166659.535,4166675.979,447099.416,4166665.688,90.003
a1,L8555,8130,40.520,425586.509,466104.900,4166461.139,4166470.446,444538.509,4166466.100,90.003
a1,L8560,10076,40.088,425854.206,465937.093,4166258.676,4166277.301,445093.441,4166265.255,89.997
a1,L8565,8111,39.653,426113.975,465765.541,4166061.744,4166070.366,447326.314,4166065.521,90.006
a1,L8570,9665,39.226,426378.439,465596.594,4165858.035,4165872.489,447007.738,4165864.639,90.007
a1,L8575,7973,38.792,426642.114,465432.174,4165660.126,4165670.196,444899.004,4165665.798,89.996
a1,L8580,8573,38.374,426902.724,465273.230,4165457.635,4165479.358,445300.781,4165466.033,89.985
a1,L8585,7737,37.930,427170.781,465099.224,4165260.711,4165268.988,447334.190,4165265.631,89.993
a1,L8590,7670,37.512,427424.208,464933.743,4165060.757,4165070.650,447347.722,4165065.261,89.994
a1,L8595,7773,37.067,427691.990,464756.529,4164852.479,4164870.062,444686.767,4164864.379,90.007
a1,L8600,7877,36.639,427956.592,464593.257,4164659.627,4164673.703,445500.992,4164665.200,89.998
a1,L8605,7380,36.219,428210.167,464426.142,4164460.203,4164478.363,447735.101,4164467.069,90.004
a1,L8610,7508,35.773,428484.032,464254.926,4164258.003,4164268.928,447176.140,4164264.556,89.997
a1,L8615,7253,35.363,428742.149,464102.253,4164056.841,4164081.755,445401.764,4164064.523,89.971
a1,L8620,7788,34.915,429006.658,463919.499,4163855.951,4163871.944,445127.389,4163864.860,90.002
a1,L8625,7047,34.490,429264.488,463752.603,4163658.705,4163674.170,447787.076,4163666.621,90.003
a1,L8630,7397,34.057,429528.442,463582.225,4163458.709,4163477.099,447965.563,4163467.080,90.011
a1,L8635,6658,33.627,429789.033,463413.428,4163255.490,4163276.086,445707.429,4163264.770,90.017
a1,L8640,6807,33.180,430058.545,463234.973,4163047.864,4163073.949,446031.452,4163066.022,90.024
a1,L8645,6687,32.764,430319.531,463081.398,4162857.170,4162871.548,447843.235,4162866.181,90.003
a1,L8650,7017,32.347,430572.731,462916.567,4162657.731,4162673.522,447978.711,4162666.994,90.001
a1,L8655,6301,31.907,430843.531,462748.140,4162460.726,4162474.627,445993.555,4162466.024,89.996
a1,L8660,6897,31.483,431106.928,462587.249,4162259.618,4162276.484,446871.512,4162266.562,89.981
a1,L8665,6291,31.052,431362.893,462413.531,4162059.993,4162078.352,447859.985,4162068.371,89.998
a1,L8670,6754,30.614,431630.584,462241.965,4161858.522,4161871.257,448149.446,4161865.173,90.008
a1,L8675,5888,30.186,431893.735,462077.937,4161660.030,4161678.172,446181.965,4161666.544,89.992
a1,L8680,6512,29.763,432155.685,461914.747,4161460.938,4161474.481,447134.752,4161467.034,89.988
a1,L8685,5931,29.333,432413.896,461745.481,4161263.568,4161277.444,448021.397,4161268.690,90.003
a1,L8690,6491,28.898,432677.721,461571.588,4161056.966,4161072.540,447973.366,4161064.971,90.005
a1,L8695,5423,28.461,432950.001,461407.918,4160856.904,4160872.871,446639.921,4160865.514,89.983
a1,L8700,5913,28.037,433205.879,461240.720,4160657.585,4160673.807,446771.376,4160665.646,89.989
a1,L8705,5565,27.612,433465.626,461075.453,4160453.502,4160476.051,447978.677,4160469.268,89.999
a1,L8710,6195,27.187,433722.266,460900.935,4160255.561,4160286.743,448196.700,4160267.099,90.011
a1,L8715,5569,26.747,433990.145,460736.797,4160063.112,4160069.499,447110.568,4160066.423,90.003
a1,L8720,5608,26.332,434244.955,460563.311,4159832.000,4159890.017,446682.795,4159865.509,90.025
a1,L8725,5693,25.887,434516.701,460401.940,4159659.956,4159670.382,448080.194,4159665.570,89.996
a1,L8731,5354,25.456,434779.130,460232.498,4159460.889,4159470.826,448045.649,4159465.667,90.006
a1,L8735,5045,25.030,435039.560,460068.259,4159258.782,4159269.373,447206.297,4159265.472,89.996
a1,L8740,5222,24.603,435298.950,459899.467,4159058.548,4159072.321,446909.793,4159065.426,90.002
a1,L8745,5186,24.174,435559.365,459732.101,4158859.822,4158868.575,448068.046,4158863.888,90.009
a1,L8750,4735,23.751,435821.957,459569.962,4158660.941,4158678.656,448490.244,4158667.893,89.992
a1,L8755,4787,23.300,436092.350,459390.386,4158459.990,4158469.567,447426.586,4158464.743,89.998
a1,L8760,4729,22.850,436352.598,459201.421,4158261.937,4158270.979,447618.910,4158266.505,89.995
a1,L8765,4720,22.195,436860.720,459054.491,4158059.509,4158066.572,448349.495,4158062.642,90.003
a1,L8770,4447,21.510,437365.015,458873.204,4157858.462,4157869.938,448616.332,4157864.935,90.005
a1,L8775,4191,20.868,437858.711,458725.389,4157661.445,4157668.884,448057.200,4157665.125,90.011
a1,L8780,3954,20.174,438375.651,458548.189,4157459.281,4157473.907,448293.101,4157465.746,89.998
a1,L8785,3968,19.516,438873.147,458388.242,4157258.148,4157268.499,448629.070,4157264.310,90.011
a1,L8790,4018,18.827,439391.537,458216.877,4157059.461,4157069.788,449140.753,4157064.252,90.005
a1,L8791,3622,17.480,440399.366,457877.950,4156656.894,4156670.291,449111.270,4156665.393,90.025
a1,L8795,3641,18.164,439891.787,458054.672,4156862.037,4156869.839,448822.780,4156865.262,90.002
a1,L8805,3472,16.817,440902.676,457718.482,4156460.496,4156468.331,449316.002,4156464.611,90.008
a1,L8810,3339,16.140,441411.686,457550.862,4156259.623,4156268.818,449609.228,4156264.693,90.004
a1,L8815,3236,15.472,441911.880,457382.730,4156058.063,4156067.778,449509.374,4156064.693,90.003
a1,L8820,3260,14.788,442426.277,457213.522,4155856.863,4155869.650,449442.007,4155863.799,90.012
a1,L8825,2770,14.121,442929.715,457050.230,4155661.196,4155667.781,449972.100,4155663.856,89.990
a1,L8830,2838,13.443,443440.541,456882.104,4155460.920,4155471.396,450329.787,4155466.281,89.988
a1,L8835,2780,12.770,443941.422,456710.333,4155261.325,4155267.628,450418.420,4155264.702,90.005
a1,L8840,2569,12.089,444459.502,456547.949,4155061.067,4155070.777,450553.618,4155064.481,89.962
a1,L8845,2336,11.422,444958.756,456380.111,4154860.945,4154867.211,450657.461,4154863.798,89.986
a1,L8850,2173,10.754,445451.196,456204.408,4154661.643,4154671.346,450839.801,4154666.205,90.037
a1,L8855,2435,10.114,445930.974,456043.458,4154461.542,4154480.979,451044.737,4154465.183,90.084
a1,L8860,2073,9.400,446487.451,455885.869,4154259.745,4154282.975,451064.897,4154264.887,89.881
a1,L8865,1808,8.717,446986.663,455703.177,4154062.401,4154066.807,451346.956,4154064.796,89.997
a1,L8870,1464,7.923,447519.582,455442.176,4153863.646,4153868.375,451557.257,4153866.123,90.000
a1,T10015,2067,11.836,409994.415,410009.895,4183631.895,4195467.180,410003.850,4189368.968,179.937
a1,T10025,4405,20.082,413992.387,414012.178,4178793.981,4198874.656,414001.889,4188761.044,179.993
a1,T10035,6694,28.323,417992.983,418014.761,4173954.266,4202274.313,418005.111,4187036.383,179.989
a1,T10045,7058,33.608,421988.838,422012.796,4169213.078,4202817.784,422002.036,4186391.046,0.017
a1,T10055,8000,36.677,425989.765,426013.475,4166149.370,4202821.625,426003.854,4184777.424,0.003
a1,T10065,8434,39.731,429988.554,430017.981,4163096.518,4202823.159,430001.621,4181998.498,179.988
a1,T10075,10204,42.770,433992.786,434008.701,4160058.833,4202826.276,434002.844,4181936.166,179.993
a1,T10085,9873,45.222,437993.049,438009.747,4157613.588,4202832.542,438003.022,4180283.336,179.993
a1,T10095,10006,46.804,441993.796,442011.135,4156032.061,4202833.074,442003.499,4178415.331,179.995
a1,T10105,9765,48.383,445991.003,446012.119,4154455.181,4202834.952,446002.844,4179286.073,0.000
a1,T10115,10152,49.069,449991.455,450012.662,4153771.314,4202836.713,450002.998,4177657.503,0.010
a1,T10125,10179,49.075,453990.810,454014.196,4153767.609,4202838.040,454002.967,4178848.517,179.976
a1,T10130,1327,7.718,407992.766,408014.266,4186064.796,4193781.890,408003.145,4189835.925,0.078
a1,T10135,9911,46.036,457989.790,458014.092,4156807.913,4202839.990,458003.784,4178897.623,0.007
a1,T10140,3759,15.940,411989.076,412011.484,4181229.434,4197166.965,412001.583,4189616.218,0.000
a1,T10145,8922,41.280,461990.509,462010.051,4161569.891,4202845.676,462000.724,4182706.703,0.009
a1,T10150,5255,24.206,415990.643,416013.218,4176371.479,4200575.513,416002.503,4187692.789,179.996
a1,T10155,7601,36.506,465992.015,466015.068,4166346.615,4202848.369,466003.875,4184130.889,179.993
a1,T10160,6322,31.280,419980.620,420011.287,4171540.284,4202817.470,419999.048,4187174.385,179.986
a1,T10165,4728,24.769,469991.644,470009.403,4171102.677,4195869.985,469999.853,4184006.483,0.026
a1,T10170,7265,35.150,423991.928,424011.208,4167674.529,4202821.707,424002.782,4185273.731,179.992
a1,T10180,7974,38.198,427995.596,428014.032,4164627.302,4202823.252,428003.448,4183346.113,179.987
a1,T10190,9433,41.248,431995.316,432011.638,4161579.506,4202824.964,432002.865,4182227.015,0.004
a1,T10200,9578,44.300,435992.504,436014.506,4158531.975,4202829.631,436003.989,4180653.621,179.995
a1,T10210,10142,46.013,439993.142,440011.122,4156821.312,4202832.017,440002.261,4178903.813,179.991
a1,T10220,9593,47.597,443989.135,444014.947,4155240.431,4202832.765,444002.063,4179013.815,179.991
a1,T10230,11744,49.077,447992.625,448045.056,4153772.079,4202836.469,448004.478,4177075.383,179.999
a1,T10240,9841,49.078,451992.322,452020.755,4153766.969,4202841.136,452005.966,4177916.542,0.003
a1,T10250,10038,48.429,455992.652,456013.436,4154416.815,4202842.156,456001.292,4179459.763,0.011
a1,T10260,8268,43.659,459992.693,460013.818,4159185.676,4202841.203,460004.351,4180350.204,0.015
a1,T10270,7714,38.887,463993.202,464014.819,4163961.645,4202845.150,464002.968,4183794.006,0.001
a1,T10280,6265,34.090,467992.298,468018.710,4168742.451,4202829.086,468003.675,4185539.694,0.001
a1,T10295,4924,15.406,471996.608,472011.276,4173500.186,4188903.910,472003.478,4180825.955,179.985
a2,L10,41104,124.617,447885.441,572498.934,4508253.479,4508268.112,509865.019,4508261.996,90.000
a2,L100,46135,140.796,431707.228,572498.934,4504653.430,4504670.865,501568.818,4504661.705,89.999
a2,L1000,10517,68.833,503674.506,572498.932,4468639.928,4468685.319,538672.978,4468665.164,89.989
a2,L1001,8372,52.588,451679.894,504259.971,4468640.421,4468694.877,478473.444,4468663.242,89.994
a2,L10010,1465,6.879,359999.729,360007.896,4208543.285,4215421.887,360002.871,4211924.757,0.053
a2,L10015,2068,11.841,409994.415,410009.895,4183631.895,4195472.663,410003.846,4189371.919,179.937
a2,L1002,7566,48.440,403783.391,452219.660,4468645.227,4468675.074,429224.579,4468659.048,90.001
a2,L10020,2171,10.683,363998.535,364008.031,4204713.162,4215395.654,364003.785,4209643.750,0.004
a2,L10025,4405,20.082,413992.387,414012.178,4178793.981,4198874.656,414001.889,4188761.044,179.993
a2,L1003,1375,8.933,395682.866,404607.149,4468653.453,4468755.859,399745.979,4468680.061,90.289
a2,L10030,2991,14.426,367993.855,368008.230,4200944.923,4215369.484,368003.050,4208403.404,179.967
a2,L10035,6694,28.323,417992.983,418014.761,4173954.266,4202274.313,418005.111,4187036.383,179.989
a2,L1004,6597,40.408,359824.151,400220.932,4468642.054,4468753.768,379784.185,4468663.727,89.880
a2,L10040,4068,18.172,371998.418,372010.917,4197172.263,4215343.173,372004.086,4205290.167,179.998
a2,L10045,7058,33.608,421988.838,422012.796,4169213.078,4202817.784,422002.036,4186391.046,0.017
a2,L1005,8385,48.264,311852.482,360091.237,4468569.391,4468681.637,336231.692,4468657.744,89.990
a2,L10050,4456,20.765,375996.376,376014.884,4194553.709,4215316.914,376003.705,4205315.878,0.017
a2,L10055,8000,36.677,425989.765,426013.475,4166149.370,4202821.625,426003.854,4184777.424,0.003
a2,L1006,7237,42.585,269561.149,312128.158,4468606.353,4468689.357,291095.467,4468662.408,89.965
a2,L10060,4493,20.453,379988.585,380012.164,4194839.757,4215290.684,380003.329,4205171.803,0.038
a2,L10065,8434,39.731,429988.554,430017.981,4163096.518,4202823.159,430001.621,4181998.498,179.988
a2,L10070,5130,21.952,383990.986,384010.475,4193314.601,4215264.511,384003.494,4203514.484,179.972
a2,L10075,10205,42.774,433992.786,434008.701,4160058.833,4202830.711,434002.844,4181938.213,179.993
a2,L10080,4536,24.193,388000.127,388010.416,4191046.612,4215238.188,388004.017,4203210.271,179.981
a2,L10085,9873,45.222,437993.049,438009.747,4157613.588,4202832.542,438003.022,4180283.336,179.993
a2,L10090,5818,27.071,391998.689,392009.015,4188142.709,4215211.952,392003.624,4201380.533,179.993
a2,L10095,10006,46.804,441993.796,442011.135,4156032.061,4202833.074,442003.499,4178415.331,179.995
a2,L101,20214,64.742,371769.709,436509.949,4504654.326,4504666.970,404357.973,4504660.973,89.997
a2,L1010,12011,76.886,495626.296,572498.932,4468239.407,4468280.028,534418.211,4468259.800,90.006
a2,L10100,7473,36.069,395998.013,396008.741,4179118.981,4215185.708,396003.621,4198344.644,179.986
a2,L10105,9765,48.383,445991.003,446012.119,4154455.181,4202834.952,446002.844,4179286.073,0.000
a2,L1011,6204,36.468,459813.005,496275.157,4468251.191,4468279.038,477956.745,4468264.663,89.999
a2,L10110,8449,41.423,399998.084,400010.016,4173737.716,4215159.416,400003.703,4194389.222,0.006
a2,L10115,10152,49.069,449991.455,450012.662,4153771.314,4202836.713,450002.998,4177657.503,0.010
a2,L1012,9757,56.515,403792.543,460297.204,4468239.876,4468276.699,432980.120,4468264.014,89.992
a2,L10120,12694,50.961,403991.103,404018.527,4164178.920,4215133.204,404003.191,4191553.704,179.994
a2,L10125,10179,49.075,453990.810,454014.196,4153767.609,4202838.040,454002.967,4178848.517,179.976
a2,L1013,698,4.897,399511.296,404406.035,4468256.049,4468314.000,401827.385,4468277.937,90.393
a2,L10130,11007,56.527,407992.766,408015.376,4158583.680,4215106.955,408005.619,4186073.198,179.999
a2,L10135,9879,45.879,457989.790,458014.092,4156964.771,4202839.990,458003.777,4178968.935,0.005
a2,L1014,1428,8.862,391755.140,400615.328,4468236.218,4468277.972,396346.175,4468260.174,90.222
a2,L10140,13895,61.010,411985.481,412011.484,4154337.922,4215340.264,412001.717,4185252.426,179.995
a2,L10145,8892,41.125,461990.509,462010.051,4161725.046,4202845.676,462000.730,4182777.770,0.010
a2,L1015,5341,32.778,359726.213,392499.594,4468250.511,4468282.414,375995.988,4468263.093,90.007
a2,L10150,13565,66.911,415990.643,416018.225,4148414.706,4215320.957,416003.474,4181864.674,179.997
a2,L10155,7567,36.348,465992.015,466015.068,4166504.521,4202848.369,466003.874,4184210.458,179.987
a2,L1016,8363,48.275,311874.046,360137.282,4468237.157,4468277.419,336388.051,4468260.978,90.012
a2,L10160,15330,70.832,419980.620,420013.776,4144482.675,4215307.686,419999.807,4179027.783,0.002
a2,L10165,4687,24.606,469991.644,470009.403,4171264.993,4195869.985,469999.901,4184118.680,0.017
a2,L1017,1411,8.310,303855.694,312163.976,4468253.988,4468279.000,307865.934,4468264.456,89.971
a2,L10170,14806,75.101,423991.928,424019.142,4140197.084,4215291.977,424003.095,4178364.716,179.994
a2,L1018,4507,28.234,275878.118,304106.123,4468239.114,4468281.939,290479.562,4468261.711,90.005
a2,L10180,17275,79.711,427988.175,428014.032,4135573.142,4215278.321,428003.331,4175039.599,0.002
a2,L1019,1213,6.623,269467.675,276076.119,4468245.428,4468321.131,272890.042,4468266.127,89.404
a2,L10190,17083,79.722,431987.670,432012.403,4135549.556,4215265.918,432002.640,4176271.071,179.988
a2,L102,11274,69.114,303357.349,372467.421,4504654.175,4504678.032,337435.772,4504663.829,90.000
a2,L1020,3152,20.894,551609.055,572498.932,4467852.674,4467887.049,561260.649,4467864.358,89.966
a2,L10200,18021,79.729,435992.504,436018.188,4135526.036,4215249.833,436003.958,4174387.485,0.005
a2,L1021,7353,48.783,503760.657,552534.757,4467848.848,4467898.775,528443.943,4467865.462,89.999
a2,L10210,17098,77.068,439964.692,440011.122,4138339.985,4215397.121,440001.996,4175298.100,179.972
a2,L1022,15846,100.566,403753.518,504303.434,4467835.043,4467877.918,454068.476,4467859.281,90.004
a2,L10220,14562,72.985,443989.135,444015.666,4142452.263,4215429.827,444002.521,4178489.178,0.003
a2,L1023,747,3.788,400614.747,404396.861,4467749.808,4467870.347,402440.441,4467827.015,88.356
a2,L10230,17236,68.962,447992.625,448045.056,4146573.181,4215520.505,448004.268,4179192.248,179.994
a2,L1024,6631,40.922,359702.821,400609.879,4467756.362,4467891.597,380421.157,4467860.889,90.147
a2,L10240,13334,64.573,451992.322,452020.755,4150687.685,4215254.831,452005.934,4183353.405,179.994
a2,L1025,8568,52.322,307853.604,360167.260,4467843.338,4467881.345,333273.877,4467863.785,90.009
a2,L10250,12542,60.662,455992.652,456013.436,4154570.304,4215226.928,456001.759,4185368.789,0.003
a2,L1026,6343,38.869,269379.739,308241.446,4467852.695,4467881.725,288917.987,4467866.297,89.991
a2,L10260,10952,55.861,459992.693,460014.106,4159340.461,4215196.689,460004.966,4187615.106,0.008
a2,L10270,9897,51.054,463993.202,464014.819,4164114.679,4215165.514,464002.825,4189486.063,179.999
a2,L10280,6270,34.132,467992.298,468056.835,4168897.410,4203020.998,468003.792,4185727.651,0.075
a2,L10295,4917,15.407,471996.608,472011.276,4173659.238,4189063.944,472003.442,4180964.766,179.984
a2,L1030,14443,84.896,487619.504,572498.932,4467448.819,4467483.754,531382.240,4467462.746,90.003
a2,L1031,5268,28.653,459710.231,488356.485,4467444.730,4467480.333,473842.238,4467462.424,89.955
a2,L1032,4951,24.556,435815.930,460366.516,4467445.300,4467473.912,448291.436,4467459.394,89.963
a2,L1033,5306,32.799,403682.952,436479.949,4467443.411,4467468.454,421353.068,4467457.557,89.991
a2,L1034,1602,9.087,395418.517,404499.913,4467448.891,4467497.869,399656.001,4467471.945,90.104
a2,L1035,4854,32.625,359773.935,392395.080,4467447.394,4467473.139,375775.321,4467462.430,89.984
a2,L1036,696,4.374,391821.472,396195.401,4467461.356,4467473.636,393965.128,4467468.093,89.881
a2,L1037,9427,52.429,307740.268,360162.835,4467448.267,4467478.763,334542.933,4467461.118,90.015
a2,L1038,793,4.589,303779.321,308367.690,4467460.733,4467472.139,306115.920,4467466.855,89.887
a2,L1039,6125,34.805,269286.941,304081.754,4467436.756,4467488.076,286484.817,4467462.367,89.987
a2,L1040,2057,12.593,439779.831,452371.468,4467048.807,4467069.452,446812.658,4467058.600,89.951
a2,L1041,8772,52.882,451590.005,504468.463,4467045.388,4467077.102,478433.841,4467062.071,90.003
a2,L1042,7451,48.665,503710.786,552370.978,4467041.583,4467076.417,527207.669,4467061.288,89.990
a2,L1043,3306,20.889,551611.609,572498.932,4467050.126,4467080.178,561286.099,4467063.945,89.978
a2,L1044,6125,36.942,403496.894,440436.499,4467055.362,4467083.972,421500.446,4467068.696,89.994
a2,L1045,7075,44.590,359691.037,404275.076,4467042.603,4467070.726,381973.587,4467058.252,90.002
a2,L1046,15090,90.995,269197.257,360175.409,4467035.323,4467086.645,314456.321,4467062.700,90.000
a2,L1050,21253,132.890,439620.744,572498.932,4466641.662,4466689.985,505229.220,4466660.197,89.997
a2,L1051,5795,37.695,403618.677,441307.015,4466632.666,4466674.164,422925.236,4466658.718,90.039
a2,L1052,6727,44.677,359693.346,404362.953,4466637.526,4466687.231,382217.000,4466663.418,90.014
a2,L1053,16148,91.059,269106.505,360145.194,4466639.149,4466687.344,314969.019,4466660.461,89.999
a2,L1060,4630,28.843,543658.897,572498.932,4466252.903,4466296.052,558445.140,4466262.791,90.011
a2,L1061,7560,50.778,493940.354,544713.840,4466248.757,4466275.162,519937.223,4466262.532,90.000
a2,L1062,15520,92.780,403686.191,496448.601,4466235.591,4466286.172,450127.330,4466263.089,90.006
a2,L1063,7331,44.864,359721.692,404578.207,4466241.291,4466283.293,382528.234,4466258.947,90.001
a2,L1064,15562,91.145,269016.346,360149.715,4466252.396,4466290.226,314170.941,4466265.928,89.999
a2,L1070,33373,212.766,359766.820,572498.932,4465839.047,4465888.795,467007.770,4465863.576,90.002
a2,L1071,7394,44.449,315763.740,360207.189,4465846.323,4465876.813,338232.908,4465860.802,90.010
a2,L1072,7700,47.348,268923.989,316259.063,4465847.328,4465899.889,292077.411,4465865.370,90.013
a2,L1080,9276,60.833,511676.146,572498.932,4465442.991,4465486.637,542806.009,4465463.929,90.008
a2,L1081,24066,152.817,359778.553,512566.654,4465438.387,4465490.294,436599.449,4465461.995,89.991
a2,L1082,7442,44.393,315808.690,360195.567,4465438.890,4465477.616,337936.851,4465464.404,90.017
a2,L1083,8390,47.343,268833.853,316161.289,4465436.232,4465488.928,292793.361,4465463.334,90.005
a2,L1090,20705,132.985,439540.851,572498.932,4465039.699,4465081.463,506333.032,4465062.749,90.003
a2,L1091,12350,80.728,359586.289,440297.549,4465026.638,4465084.184,400323.931,4465062.892,90.000
a2,L1092,7543,44.390,315827.862,360209.579,4465045.486,4465074.100,338699.998,4465060.143,89.994
a2,L1093,7742,47.447,268742.652,316177.392,4465037.074,4465087.469,292245.728,4465064.846,89.990
a2,L11,2594,8.496,439825.824,448321.362,4508260.473,4508265.496,444338.914,4508263.478,90.004
a2,L110,20308,64.737,507762.692,572498.934,4504257.442,4504268.394,540676.622,4504261.712,90.001
a2,L1100,9301,56.885,515621.846,572498.932,4464633.086,4464681.774,544057.135,4464658.033,89.993
a2,L1101,11996,76.699,439662.528,516345.233,4464572.198,4464677.807,478284.983,4464656.421,89.997
a2,L1102,13053,80.551,359687.853,440227.203,4464621.318,4464676.731,399954.685,4464661.327,90.004
a2,L1103,15512,91.581,268651.621,360213.221,4464642.457,4464685.271,314297.156,4464663.420,90.011
a2,L111,12808,76.632,431805.179,508434.200,4504252.241,4504269.007,470612.169,4504262.695,90.000
a2,L1110,9593,56.915,515597.295,572498.932,4464214.160,4464277.720,543920.552,4464255.156,89.973
a2,L1111,9447,56.597,459784.020,516358.580,4464219.911,4464307.183,487447.646,4464255.077,89.971
a2,L1112,3346,20.601,439645.499,460238.235,4464201.767,4464270.667,449820.366,4464255.172,89.958
a2,L1113,1387,8.584,431820.576,440402.211,4464248.031,4464283.826,435975.436,4464263.125,89.996
a2,L1114,5726,36.351,395833.020,432173.438,4464239.208,4464292.768,414626.258,4464261.144,90.022
a2,L1115,5625,36.374,359829.165,396194.487,4464241.507,4464288.978,378166.416,4464262.153,89.941
a2,L1116,7146,40.326,319851.826,360167.251,4464242.342,4464289.629,340074.701,4464262.804,90.021
a2,L1117,9755,59.974,260248.854,320217.966,4464253.932,4464277.561,290882.839,4464266.643,90.002
a2,L112,20905,129.356,303157.027,432509.007,4504254.198,4504270.688,367871.660,4504263.691,89.998
a2,L1120,3283,20.680,551824.479,572498.932,4463849.084,4463888.094,562272.843,4463867.064,89.986
a2,L1121,7497,48.464,503831.779,552286.128,4463845.561,4463895.835,529307.791,4463868.784,89.975
a2,L1122,11699,72.499,431737.123,504216.930,4463813.811,4463903.000,468228.884,4463864.266,89.989
a2,L1123,11689,72.435,359796.739,432216.992,4463840.103,4463894.038,396015.473,4463862.695,89.995
a2,L1124,17728,99.863,260346.879,360174.683,4463831.203,4463972.695,310739.652,4463867.354,89.988
a2,L1130,8853,56.746,515766.377,572498.932,4463423.227,4463486.906,544581.827,4463461.395,90.000
a2,L1131,8539,56.485,459764.168,516239.154,4463441.422,4463491.957,487302.763,4463464.764,90.032
a2,L1132,15519,100.592,359815.991,460390.784,4463419.109,4463482.364,410078.005,4463463.137,90.004
a2,L1133,17230,99.835,260443.110,360241.940,4463434.134,4463492.172,311037.703,4463461.278,89.991
a2,L1140,35167,212.903,359645.040,572498.932,4463009.140,4463135.582,466390.812,4463064.736,89.995
a2,L1141,15922,99.621,260537.206,360152.745,4463047.808,4463070.409,310940.064,4463059.392,89.995
a2,L1150,3686,24.725,547788.058,572498.932,4462641.751,4462798.820,559643.634,4462684.010,90.024
a2,L1151,16748,108.559,439757.811,548293.987,4462644.789,4462765.232,493623.896,4462667.263,90.004
a2,L1152,12808,80.890,359617.517,440498.881,4462642.931,4462679.369,400097.940,4462662.746,89.999
a2,L1153,9827,60.428,299725.211,360148.350,4462649.126,4462685.820,329986.456,4462665.548,90.011
a2,L1154,6193,39.580,260628.855,300206.373,4462655.867,4462676.359,280286.014,4462664.499,90.000
a2,L1160,13364,84.899,359716.704,444581.815,4462202.202,4462325.075,403589.489,4462265.232,90.017
a2,L1161,19992,128.764,443753.288,572498.932,4462228.030,4462306.131,509385.053,4462259.586,89.988
a2,L1162,15558,99.420,260724.514,360138.668,4462250.870,4462270.792,310945.443,4462259.542,90.000
a2,L1170,33984,212.903,359652.359,572498.932,4461823.562,4461894.647,465998.076,4461859.549,90.002
a2,L1171,5602,36.244,327883.932,364124.738,4461852.615,4461877.150,345459.575,4461865.778,89.994
a2,L1172,4592,28.474,299767.672,328239.241,4461854.276,4461875.697,314406.048,4461864.279,89.988
a2,L1173,6142,39.410,260817.125,300224.747,4461857.529,4461879.040,280734.236,4461864.676,90.007
a2,L1180,3956,24.725,547778.376,572498.932,4461453.611,4461481.565,559432.287,4461465.310,89.962
a2,L1181,18598,120.368,427759.909,548102.377,4461434.147,4461545.040,487927.489,4461467.788,89.997
a2,L1182,10561,68.473,359778.721,428237.857,4461442.357,4461537.387,394680.507,4461466.820,89.976
a2,L1183,15647,99.179,260914.489,360083.138,4461444.311,4461474.709,311220.315,4461459.239,89.998
a2,L1190,13847,84.331,359847.148,444166.526,4461033.269,4461071.213,402364.727,4461061.907,90.013
a2,L1191,21107,128.799,443720.573,572498.932,4461044.590,4461105.756,507932.230,4461066.042,90.012
a2,L1192,5037,32.258,327884.000,360140.100,4461058.190,4461073.747,343578.642,4461065.996,90.015
a2,L1193,4452,28.368,299777.329,328142.837,4461057.733,4461072.373,314248.718,4461065.002,90.006
a2,L1194,6318,39.157,261005.961,300156.085,4461042.169,4461080.866,280631.139,4461065.211,89.985
a2,L12,2792,8.685,435631.066,444315.754,4508260.472,4508266.077,440305.295,4508262.834,89.984
a2,L120,13090,80.730,491771.924,572498.934,4503848.634,4503873.363,532249.329,4503861.730,90.000
a2,L1200,36288,212.844,359741.403,572498.932,4460604.811,4460693.010,465689.372,4460659.305,90.000
a2,L1201,15236,99.083,261103.731,360177.227,4460639.646,4460673.778,310761.367,4460659.526,89.999
a2,L121,2082,12.697,379650.901,392348.101,4503857.242,4503864.102,386123.435,4503860.510,89.991
a2,L1210,21219,136.975,435572.742,572498.932,4460233.902,4460379.137,504206.189,4460266.976,89.997
a2,L1211,1886,12.774,423582.947,436350.331,4460237.821,4460292.463,430228.471,4460262.580,89.966
a2,L1212,10147,64.693,359705.215,424386.015,4460220.157,4460292.731,392125.464,4460260.105,89.963
a2,L1213,5586,32.297,327831.249,360125.110,4460247.466,4460282.993,343767.367,4460263.516,89.974
a2,L1214,5609,32.137,295963.922,328089.262,4460181.126,4460284.297,311939.361,4460262.636,89.864
a2,L1215,6067,34.937,261196.574,296129.238,4460249.744,4460276.454,278640.211,4460262.640,89.982
a2,L122,27109,77.755,302952.114,380704.209,4503854.772,4503867.045,341203.377,4503861.228,89.996
a2,L1220,33770,212.720,359823.882,572498.932,4459829.183,4459899.580,465269.607,4459860.805,90.002
a2,L1221,16912,98.836,261291.812,360108.211,4459840.979,4459899.783,311265.772,4459865.299,89.996
a2,L123,5660,32.595,411636.810,444230.760,4503853.432,4503868.021,427949.704,4503860.574,89.993
a2,L1230,21543,136.845,435677.971,572498.932,4459438.508,4459498.382,504167.337,4459467.360,89.997
a2,L1231,2107,12.737,423713.711,436446.620,4459440.680,4459474.926,430246.632,4459459.140,90.017
a2,L1232,10119,64.847,359737.887,424577.533,4459438.539,4459505.324,391778.692,4459461.769,89.988
a2,L1233,5390,32.330,327809.080,360135.390,4459435.684,4459474.860,343733.779,4459461.088,89.958
a2,L1234,5406,32.304,295891.665,328189.612,4459433.720,4459521.278,311992.522,4459463.147,89.895
a2,L1235,5570,34.781,261387.502,296164.515,4459427.313,4459469.127,278615.554,4459460.231,89.990
a2,L124,6494,20.497,391793.608,412289.619,4503855.918,4503871.476,402011.847,4503863.289,89.993
a2,L1240,22224,132.816,439730.400,572498.932,4459008.244,4459093.932,506451.467,4459055.289,89.991
a2,L1241,1232,8.502,435768.007,444268.052,4459049.498,4459076.440,440181.333,4459062.717,89.964
a2,L1242,3086,16.804,419582.686,436371.435,4458970.925,4459119.855,428404.136,4459050.976,89.808
a2,L1243,8687,60.703,359762.629,420451.809,4459034.444,4459119.249,389933.164,4459066.736,89.968
a2,L1244,16551,98.738,261482.161,360199.789,4459036.998,4459114.292,310984.726,4459061.921,89.999
a2,L125,18114,48.708,443706.664,492411.721,4503854.264,4503871.577,467942.675,4503861.739,89.999
a2,L1250,21663,136.825,435717.134,572498.932,4458632.504,4458746.190,503918.545,4458669.464,89.999
a2,L1251,2141,12.392,423790.109,436175.124,4458608.301,4458686.549,430301.864,4458661.893,90.256
a2,L1252,9879,64.406,359803.007,424199.944,4458639.556,4458685.782,391936.909,4458663.277,89.980
a2,L1253,5131,32.236,327922.991,360147.097,4458650.039,4458752.327,343829.970,4458666.714,90.150
a2,L1254,5434,32.246,295913.156,328146.520,4458601.294,4458692.416,312131.520,4458663.941,89.838
a2,L1255,5758,34.573,261576.408,296139.825,4458648.173,4458698.767,279008.501,4458665.698,89.960
a2,L1260,21262,136.623,435899.078,572498.932,4458227.893,4458295.569,504571.003,4458259.107,89.999
a2,L1261,12340,76.564,359778.712,436324.505,4458199.004,4458286.962,397991.714,4458263.619,90.005
a2,L1262,6314,36.202,323901.614,360093.838,4458237.951,4458275.475,342111.015,4458260.192,90.015
a2,L1263,6041,36.198,287879.909,324055.963,4458198.063,4458314.034,306459.542,4458260.695,89.935
a2,L1264,4692,26.401,261669.730,288063.229,4458251.291,4458307.114,275095.178,4458265.681,89.968
a2,L1270,21345,128.797,443734.043,572498.932,4457830.360,4457955.163,507125.126,4457864.371,89.988
a2,L1271,2770,16.507,427811.300,444315.572,4457851.282,4457877.816,435476.423,4457863.112,89.995
a2,L1272,4558,28.347,399765.206,428108.399,4457846.227,4457873.113,414337.664,4457861.374,90.040
a2,L1273,6838,40.441,359840.929,400278.841,4457826.112,4457871.049,379826.302,4457860.182,89.936
a2,L1274,5568,32.143,327955.134,360082.455,4457806.632,4457889.916,343758.853,4457868.660,89.893
a2,L1275,11876,66.379,261764.340,328108.902,4457803.825,4457906.635,295330.519,4457866.684,89.981
a2,L1280,23407,132.868,439654.961,572498.932,4457434.698,4457479.845,506466.420,4457460.631,90.002
a2,L1281,5483,32.743,407501.802,440235.726,4457405.923,4457480.990,424501.455,4457461.562,90.029
a2,L1282,7530,48.377,359801.240,408174.519,4457451.584,4457472.728,384385.100,4457462.789,90.002
a2,L1283,16534,98.320,261858.533,360131.898,4457427.222,4457526.879,311015.245,4457459.990,90.004
a2,L1290,31192,212.856,359675.695,572498.932,4457041.550,4457087.225,465620.626,4457060.376,89.997
a2,L1291,1312,8.459,295756.876,304214.725,4457036.509,4457082.378,299356.890,4457064.994,90.120
a2,L1292,5240,34.216,261951.012,296163.467,4457052.509,4457087.115,279360.549,4457071.373,90.030
a2,L1293,6675,40.294,319844.450,360128.983,4457040.072,4457074.515,339298.841,4457056.173,90.040
a2,L1294,2933,16.301,303886.681,320183.851,4457046.182,4457075.586,311648.082,4457061.840,90.020
a2,L13,42489,131.259,305160.441,436414.644,4508243.759,4508267.541,369715.876,4508260.466,89.990
a2,L1300,37793,212.820,359711.569,572498.932,4456645.969,4456681.688,468759.062,4456663.250,90.000
a2,L1301,6915,42.083,262045.148,304120.790,4456642.723,4456697.551,283554.860,4456666.965,89.979
a2,L1302,10153,56.431,303794.357,360209.684,4456629.019,4456699.436,331235.853,4456659.676,90.011
a2,L131,25611,141.745,302750.375,444485.251,4503452.045,4503473.800,374112.127,4503463.586,89.996
a2,L1310,25591,172.833,399690.562,572498.932,4456240.376,4456284.635,484245.179,4456261.252,89.999
a2,L1311,7113,42.109,262145.652,304246.457,4456230.847,4456270.837,283139.344,4456254.163,89.999
a2,L1312,5454,32.211,327881.817,360089.457,4456245.248,4456277.315,344127.183,4456263.555,89.998
a2,L1313,3938,24.380,303805.691,328182.572,4456254.285,4456283.143,316769.181,4456265.394,89.999
a2,L132,43616,129.193,443310.333,572498.934,4503451.645,4503470.719,507246.288,4503462.506,90.001
a2,L1320,6420,40.540,359760.186,400296.699,4455848.285,4455872.034,379625.824,4455859.810,89.978
a2,L1321,6931,44.691,399733.034,444390.188,4455846.102,4456059.086,421595.544,4455869.217,89.983
a2,L1322,19185,128.885,443630.689,572498.932,4455840.292,4455887.508,508161.136,4455864.514,89.989
a2,L1323,7008,42.112,262238.956,304344.644,4455852.382,4455884.591,283629.224,4455869.321,90.003
a2,L1324,9838,56.378,303890.651,360238.009,4455797.806,4455924.415,332021.553,4455857.344,89.998
a2,L1330,34651,212.816,359716.551,572498.932,4455439.149,4455484.397,466252.597,4455462.437,90.000
a2,L1331,1392,8.356,295802.802,304157.278,4455450.252,4455477.823,299621.362,4455466.453,90.056
a2,L1332,5453,33.923,262330.031,296248.219,4455459.319,4455489.961,279069.849,4455472.892,90.005
a2,L1333,1352,8.487,351780.893,360266.904,4455443.579,4455466.733,356148.794,4455456.874,90.112
a2,L1334,665,4.353,347835.383,352187.587,4455453.174,4455480.649,350117.409,4455464.849,89.638
a2,L1335,8740,48.337,299845.174,348152.205,4455410.895,4455508.473,324386.100,4455457.831,89.972
a2,L1340,26506,172.874,399641.859,572498.932,4455045.214,4455083.997,485766.281,4455061.377,90.003
a2,L1341,6585,40.657,359696.941,400350.082,4455042.467,4455071.181,380206.215,4455059.523,89.991
a2,L1342,6301,40.627,359693.607,400316.538,4456247.482,4456272.221,380436.437,4456260.742,89.993
a2,L1343,2406,16.338,287842.327,304178.641,4455035.449,4455063.769,296043.702,4455054.107,89.967
a2,L1344,4159,25.765,262429.280,288191.589,4455040.574,4455071.680,275901.771,4455054.369,90.001
a2,L1346,2965,21.567,262624.605,284188.244,4454235.665,4454277.525,273213.529,4454257.149,89.956
a2,L1347,8976,56.361,303877.389,360228.315,4455036.367,4455085.296,333030.293,4455067.121,90.009
a2,L1350,33806,212.739,359780.637,572498.932,4454642.667,4454687.002,466411.283,4454663.807,90.002
a2,L1351,1416,8.364,295827.328,304189.868,4454664.054,4454692.989,299520.326,4454677.159,90.155
a2,L1352,5585,33.705,262521.997,296223.837,4454649.313,4454689.743,279763.401,4454666.936,89.970
a2,L1353,9214,56.359,303805.842,360154.358,4454627.271,4454677.878,330989.549,4454654.890,89.981
a2,L1360,6556,40.581,399717.394,440288.631,4454248.259,4454299.847,419716.921,4454266.784,90.004
a2,L1361,6183,40.533,359791.635,400318.412,4454248.871,4454292.929,379761.320,4454263.433,90.007
a2,L1362,20650,132.913,439597.108,572498.932,4454246.640,4454275.562,504755.614,4454263.303,90.000
a2,L1363,3268,20.283,283870.380,304150.682,4454235.745,4454270.160,293234.955,4454254.176,89.949
a2,L1364,2931,21.594,262620.487,284213.043,4454246.768,4454272.783,273540.956,4454258.761,90.010
a2,L1365,9791,56.302,303873.178,360162.295,4454234.039,4454276.113,331513.595,4454256.092,90.001
a2,L1370,26344,164.638,407901.550,572498.932,4453823.021,4453894.865,491226.330,4453858.840,89.988
a2,L1371,8261,48.420,359854.788,408264.957,4453830.375,4453883.367,384127.254,4453863.145,90.043
a2,L1372,2562,16.377,287794.396,304169.121,4453833.818,4453872.426,295859.709,4453850.857,90.056
a2,L1373,4310,25.521,262713.371,288231.574,4453848.102,4453877.621,275991.715,4453859.670,89.996
a2,L1374,9619,56.303,303868.653,360159.474,4453832.049,4453892.634,331551.285,4453853.863,90.007
a2,L1380,5163,32.665,539838.831,572498.932,4453447.426,4453482.806,556557.215,4453463.899,89.981
a2,L1381,22446,140.281,399839.562,540074.661,4453428.268,4453518.266,469425.721,4453465.740,89.980
a2,L1382,6313,40.408,359893.700,400296.194,4453444.851,4453477.801,379872.078,4453461.028,90.033
a2,L1383,6667,41.380,262809.806,304181.725,4453431.842,4453492.533,283591.238,4453456.044,89.983
a2,L1384,9278,56.378,303813.124,360179.999,4453443.935,4453491.429,332599.421,4453466.325,90.016
a2,L1390,25302,164.690,407842.602,572498.932,4453019.350,4453115.959,490414.826,4453060.726,89.997
a2,L1391,7434,48.497,359846.685,408335.429,4453047.099,4453081.471,383953.811,4453064.820,90.022
a2,L1392,1397,8.389,295817.513,304205.550,4453061.757,4453075.804,299524.952,4453066.856,89.982
a2,L1393,5344,33.394,262902.536,296292.636,4453052.176,4453084.478,280130.877,4453067.569,89.980
a2,L1394,8913,56.347,303833.534,360166.373,4453047.691,4453092.211,332889.437,4453066.200,90.001
a2,L140,11054,32.924,411627.823,444550.990,4503057.945,4503066.299,428222.811,4503062.689,89.996
a2,L1400,12159,76.702,495808.738,572498.932,4452607.187,4452687.175,534048.897,4452664.051,90.002
a2,L1401,15222,92.596,403607.205,496191.339,4452642.995,4452696.532,450409.915,4452663.825,90.008
a2,L1402,6557,40.606,359742.044,400344.359,4452649.709,4452678.127,380067.039,4452661.824,89.995
a2,L1403,2053,12.488,395748.003,408230.901,4452652.803,4452756.679,401940.951,4452671.407,89.625
a2,L1404,1916,12.315,295889.371,308203.932,4452659.970,4452674.836,301494.292,4452665.661,90.035
a2,L1405,5311,33.180,262996.045,296172.252,4452652.524,4452674.225,279667.537,4452664.467,90.000
a2,L1406,8721,52.291,307873.095,360156.345,4452638.424,4452677.652,334498.942,4452659.224,90.013
a2,L141,18396,52.448,443784.309,496231.165,4503057.796,4503071.989,471286.201,4503063.343,89.997
a2,L1410,19489,116.871,455653.866,572498.932,4452216.919,4452280.295,514534.355,4452259.340,89.996
a2,L1411,8007,48.506,407812.767,456314.864,4452245.198,4452274.129,432188.158,4452261.583,89.990
a2,L1412,7098,44.656,359613.775,404264.473,4452226.987,4452272.905,382005.155,4452262.321,90.001
a2,L1413,880,4.511,403911.572,408363.684,4452077.013,4452262.447,405941.010,4452244.769,87.909
a2,L1414,661,4.353,303858.399,308211.488,4452254.603,4452265.067,306249.120,4452258.820,90.043
a2,L1415,2357,16.475,287792.847,304264.675,4452244.891,4452272.188,295528.970,4452259.348,90.022
a2,L1416,4142,25.056,263092.673,288147.303,4452255.449,4452266.972,276043.883,4452260.219,90.000
a2,L1417,9474,56.297,307900.290,364188.566,4452239.374,4452301.156,336316.682,4452268.119,89.992
a2,L142,25581,76.990,495512.120,572498.934,4503057.027,4503082.083,533837.896,4503062.353,90.001
a2,L1420,7745,48.588,359709.366,408292.691,4451844.754,4451888.959,384257.675,4451862.289,90.012
a2,L1421,26550,165.199,407315.550,572498.932,4451831.492,4451889.078,490349.363,4451859.072,90.003
a2,L1422,1851,12.356,295800.190,308155.507,4451851.801,4451872.430,301428.037,4451864.191,90.000
a2,L1423,5149,32.959,263185.050,296140.951,4451858.438,4451881.542,279445.777,4451865.879,90.002
a2,L1424,8060,52.354,307872.492,360219.085,4451836.020,4451882.150,334531.724,4451857.507,90.021
a2,L1430,6503,40.588,359810.568,400387.901,4451426.824,4451482.281,379791.908,4451458.608,89.993
a2,L1431,6631,44.616,399672.900,444280.985,4451429.101,4451480.464,421748.657,4451459.732,89.999
a2,L1432,20038,132.725,439787.310,572498.932,4451438.914,4451521.521,505795.447,4451464.268,90.025
a2,L1433,11636,72.345,287847.740,360186.105,4451447.514,4451475.242,324265.699,4451459.382,89.994
a2,L1434,4241,24.871,263280.330,288149.029,4451452.773,4451470.223,276129.039,4451460.490,90.020
a2,L1440,33623,212.968,359579.865,572498.932,4451009.657,4451096.714,465550.532,4451059.433,89.999
a2,L1441,9568,56.397,303787.183,360177.046,4451038.290,4451072.100,331613.949,4451055.508,90.000
a2,L1442,1480,8.587,295817.759,304403.354,4451058.318,4451091.235,299734.766,4451072.178,89.862
a2,L1443,5119,32.732,263376.713,296106.532,4451047.249,4451081.994,280137.450,4451067.803,89.994
a2,L1450,6143,40.412,359802.277,400208.166,4450644.270,4450685.813,380027.403,4450660.300,89.982
a2,L1451,9307,60.777,399525.724,460293.251,4450641.628,4450698.807,429982.737,4450661.838,89.993
a2,L1452,18197,112.927,459621.658,572498.932,4450627.256,4450763.170,515409.903,4450665.472,90.000
a2,L1453,9405,56.270,303858.068,360121.367,4450649.895,4450688.542,331836.836,4450669.301,90.000
a2,L1454,1311,8.355,295885.968,304239.917,4450656.420,4450680.986,299659.708,4450669.203,89.955
a2,L1455,5366,32.799,263471.205,296266.155,4450640.028,4450689.262,279758.408,4450669.487,89.994
a2,L1460,33349,212.743,359795.793,572498.932,4450231.452,4450285.554,465275.934,4450263.041,90.000
a2,L1461,9276,56.252,303875.255,360119.625,4450243.219,4450291.199,331861.462,4450264.110,90.012
a2,L1462,2391,16.377,287776.618,304152.514,4450240.909,4450273.253,296023.124,4450256.220,89.917
a2,L1463,4096,24.577,263567.899,288142.609,4450240.450,4450268.758,276872.417,4450255.471,90.023
a2,L1470,16284,100.596,359751.971,460328.408,4449814.644,4449885.643,409971.433,4449859.731,89.971
a2,L1471,18145,112.793,459721.072,572498.932,4449840.332,4449884.196,516112.350,4449862.868,89.997
a2,L1472,9411,56.269,303851.712,360115.586,4449839.574,4449888.396,332073.955,4449857.958,90.003
a2,L1473,2494,16.351,287849.589,304198.911,4449842.754,4449868.303,295875.240,4449853.378,90.011
a2,L1474,4145,24.494,263658.777,288150.585,4449838.976,4449868.883,276884.831,4449855.353,90.044
a2,L1480,32182,212.897,359630.961,572498.932,4449433.412,4449511.764,466532.264,4449463.154,90.000
a2,L1481,9727,56.269,303893.210,360155.947,4449434.437,4449470.208,331398.176,4449456.515,89.998
a2,L1482,1363,8.324,295857.926,304181.011,4449452.544,4449477.112,299573.614,4449463.705,89.945
a2,L1483,5167,32.362,263754.842,296114.320,4449454.469,4449483.873,279048.325,4449470.434,89.967
a2,L1490,14833,96.539,359666.657,456184.171,4449034.268,4449103.527,408045.902,4449060.778,89.996
a2,L1491,17780,112.931,459582.138,572498.932,4449043.435,4449086.480,515729.431,4449062.031,89.996
a2,L1492,818,4.872,455475.310,460345.305,4449044.874,4449079.762,458175.838,4449063.565,89.828
a2,L1493,9034,56.332,303840.287,360164.420,4449049.927,4449085.650,331746.441,4449064.426,90.018
a2,L1494,1418,8.387,295790.517,304176.463,4449056.307,4449087.474,299585.557,4449072.461,89.960
a2,L1495,5033,32.489,263849.960,296335.285,4449054.041,4449087.366,280261.543,4449067.859,89.979
a2,L150,23634,76.741,495759.333,572498.934,4502656.669,4502669.424,534991.005,4502662.989,90.002
a2,L1500,34274,212.691,359861.225,572498.932,4448617.649,4448699.508,466454.120,4448661.670,89.994
a2,L1501,9351,56.293,303858.027,360142.239,4448622.856,4448688.283,331256.533,4448664.313,90.010
a2,L1502,2700,16.419,287803.885,304218.615,4448637.181,4448669.809,295978.660,4448656.725,89.998
a2,L1503,3979,24.268,263947.751,288212.828,4448639.988,4448676.553,277012.871,4448654.532,89.992
a2,L151,21895,134.538,302348.813,436882.612,4502652.797,4502668.555,369257.684,4502661.024,89.998
a2,L1510,16079,100.785,359765.110,460531.604,4448232.145,4448290.941,409820.037,4448260.281,90.010
a2,L1511,5087,32.836,463444.041,496274.494,4448240.952,4448279.778,479897.391,4448260.623,90.004
a2,L1512,797,4.392,459797.281,464177.538,4448250.932,4448322.117,462135.313,4448258.372,89.076
a2,L1513,12060,76.834,495680.199,572498.932,4448215.482,4448288.978,533956.133,4448263.377,89.997
a2,L1514,7578,48.336,311863.354,360196.729,4448248.112,4448265.327,336312.449,4448258.264,89.999
a2,L1515,1289,8.292,303891.156,312180.608,4448239.755,4448273.997,308091.217,4448262.494,90.237
a2,L1516,2592,16.351,287845.380,304193.690,4448235.481,4448267.771,295698.972,4448254.639,89.949
a2,L1517,3839,24.088,264040.599,288125.818,4448243.153,4448272.342,277111.709,4448256.860,90.001
a2,L152,8289,49.126,435460.662,484584.525,4502654.080,4502672.911,459868.123,4502661.650,90.002
a2,L1520,33409,212.945,359586.545,572498.932,4447823.212,4447886.749,466088.527,4447860.955,89.999
a2,L1521,8383,52.349,307828.902,360172.395,4447855.005,4447877.952,333790.912,4447864.679,89.996
a2,L1522,851,4.293,303793.939,308085.831,4447855.887,4447871.320,306179.218,4447861.559,90.040
a2,L1523,6686,40.182,264130.822,304305.763,4447846.909,4447886.147,284875.628,4447866.542,90.023
a2,L153,2218,12.875,483594.088,496467.894,4502657.906,4502676.194,489738.461,4502662.553,89.982
a2,L1530,16599,100.714,359751.505,460451.818,4447410.715,4447496.676,410385.809,4447459.921,90.002
a2,L1531,11260,71.910,460438.676,532342.349,4447453.180,4447483.318,496470.101,4447463.390,89.992
a2,L1532,6545,40.892,531609.449,572498.932,4447451.891,4447476.085,551848.859,4447464.331,90.008
a2,L1533,5533,36.405,323719.783,360121.413,4447442.503,4447475.984,342748.945,4447456.570,89.994
a2,L1534,2764,16.361,307868.722,324227.272,4447451.923,4447468.171,315999.742,4447460.083,90.026
a2,L1535,1378,8.321,303839.139,312158.121,4447455.391,4447493.267,308249.229,4447475.590,90.069
a2,L1536,6731,40.050,264224.716,304265.843,4447445.709,4447501.107,284196.377,4447469.953,90.003
a2,L1540,32442,210.779,359816.059,572498.932,4447042.366,4447085.713,465476.642,4447064.119,89.998
a2,L1541,7193,44.444,315817.746,360259.174,4447051.997,4447067.209,338179.540,4447059.308,89.990
a2,L1542,1933,12.327,303891.358,316216.828,4447056.501,4447073.962,310184.314,4447064.659,90.034
a2,L1543,2634,16.554,287809.686,304358.933,4447035.292,4447077.681,296414.074,4447054.444,89.911
a2,L1544,3847,23.835,264324.068,288156.398,4447040.439,4447071.849,276856.667,4447054.640,90.039
a2,L1550,16761,100.557,359819.805,460363.580,4446639.428,4446678.370,410390.355,4446657.502,89.996
a2,L1551,13853,84.378,459754.926,544113.845,4446643.229,4446708.456,502652.462,4446660.659,89.967
a2,L1552,3862,24.698,547804.271,572498.932,4446651.722,4446671.064,560304.501,4446662.163,89.996
a2,L1553,7755,48.409,311772.429,360177.328,4446653.239,4446672.945,335681.911,4446664.558,89.999
a2,L1554,1744,8.316,303876.114,312190.303,4446641.920,4446663.354,307850.578,4446652.248,90.034
a2,L1555,2589,16.407,287781.440,304186.599,4446641.070,4446665.066,295911.805,4446655.224,89.949
a2,L1556,3787,23.770,264419.204,288186.491,4446641.135,4446666.673,277019.817,4446653.952,89.986
a2,L1560,29883,187.078,357276.870,544230.260,4446007.689,4446295.837,451267.522,4446264.856,89.922
a2,L1561,3879,24.731,547771.511,572498.932,4446250.370,4446276.377,559891.435,4446261.873,90.026
a2,L1562,8632,48.541,315719.085,364255.766,4446252.541,4446275.728,340322.946,4446264.595,89.992
a2,L1563,4175,28.504,287795.047,316295.177,4446239.807,4446274.825,302263.880,4446251.589,90.006
a2,L1564,3386,23.677,264516.747,288191.748,4446235.969,4446271.396,277406.796,4446253.213,89.963
a2,L1570,26688,164.590,359683.888,524254.195,4445846.205,4445877.494,440428.733,4445861.084,90.000
a2,L1571,2705,16.942,523722.733,540663.206,4445853.587,4445870.028,532341.684,4445861.787,89.998
a2,L1572,4974,32.789,539713.259,572498.932,4445843.221,4445871.538,556844.629,4445860.221,90.011
a2,L1573,10754,64.362,295834.365,360186.290,4445839.664,4445891.243,327328.629,4445867.866,89.988
a2,L1574,5672,31.569,264608.295,296169.299,4445847.607,4445900.557,279912.736,4445871.696,89.994
a2,L1580,15850,100.285,359856.841,460125.951,4445433.430,4445474.431,409165.301,4445458.269,89.986
a2,L1581,10684,72.528,459791.159,532305.693,4445411.964,4445489.612,495382.894,4445461.318,90.002
a2,L1582,5879,40.759,531743.888,572498.932,4445447.626,4445479.791,552242.877,4445463.364,89.992
a2,L1583,10922,72.329,287876.584,360193.028,4445439.986,4445478.605,324292.259,4445456.999,89.987
a2,L1584,4042,23.597,264704.982,288298.230,4445444.801,4445475.376,277248.710,4445458.147,89.991
a2,L1590,33663,212.678,359849.521,572498.932,4445035.063,4445092.127,467280.820,4445062.744,90.004
a2,L1591,10310,64.662,295571.431,360215.377,4445047.781,4445089.350,327882.003,4445069.450,90.000
a2,L1592,5184,31.449,264795.387,296237.909,4445052.238,4445086.275,281636.551,4445068.242,90.025
a2,L160,23995,76.140,491470.135,572498.934,4502255.942,4502268.589,534498.758,4502262.546,90.003
a2,L1600,594,4.417,451776.631,456193.061,4444651.013,4444668.459,453984.141,4444662.021,89.880
a2,L1601,11742,76.454,455804.964,532244.842,4444606.338,4444723.476,493739.300,4444661.788,90.000
a2,L1602,6129,40.758,531745.188,572498.932,4444616.352,4444678.919,552908.259,4444661.396,89.976
a2,L1603,14399,92.570,359799.971,452361.338,4444637.131,4444672.857,405933.000,4444659.958,90.003
a2,L1604,11373,72.362,287805.138,360160.519,4444636.284,4444668.115,324093.495,4444657.524,89.998
a2,L1605,3932,23.298,264893.368,288188.533,4444643.865,4444668.442,277198.534,4444657.780,89.976
a2,L161,31111,190.317,302151.588,492463.108,4502254.582,4502270.843,397614.220,4502263.805,90.001
a2,L1610,4742,28.508,359706.477,388210.581,4444246.240,4444270.858,373885.172,4444258.255,89.974
a2,L1611,31468,184.640,387908.915,572498.932,4444235.301,4444357.297,480879.288,4444263.897,90.002
a2,L1612,11572,72.491,287847.722,360323.793,4444242.731,4444279.372,324535.825,4444257.389,89.999
a2,L1613,3938,23.219,264988.670,288203.755,4444231.176,4444273.372,277350.410,4444255.276,89.985
a2,L162,35557,109.846,302551.624,412393.779,4503056.483,4503070.569,358066.278,4503063.406,89.999
a2,L1620,34414,212.740,359806.104,572498.932,4443833.789,4443909.363,466777.784,4443863.143,89.999
a2,L1621,765,4.513,355728.716,360240.734,4443853.838,4443880.007,357829.291,4443867.328,89.966
a2,L1622,15025,91.135,265082.222,356198.656,4443829.127,4443887.475,310259.524,4443868.058,89.997
a2,L1630,16090,100.581,359830.206,460393.390,4443421.590,4443481.124,410265.341,4443458.252,90.007
a2,L1631,745,4.770,459688.738,464457.155,4443453.406,4443484.947,462158.712,4443464.678,89.993
a2,L1632,16555,108.915,463600.582,572498.932,4443442.121,4443488.163,518677.033,4443461.636,89.995
a2,L1633,15314,95.095,265180.619,360259.352,4443428.730,4443474.863,312252.380,4443456.296,89.995
a2,L1640,33445,212.651,359890.843,572498.932,4443032.500,4443156.497,466958.484,4443064.647,89.978
a2,L1641,8960,56.427,303848.259,360267.905,4443036.805,4443071.350,332322.990,4443055.232,90.004
a2,L1642,2501,16.479,287819.904,304297.487,4443046.021,4443069.664,296094.631,4443056.826,89.991
a2,L1643,3637,22.847,265273.581,288119.355,4443037.813,4443066.571,277856.338,4443053.784,89.992
a2,L1650,734,4.443,359729.747,364172.687,4442656.577,4442664.294,362039.304,4442661.193,89.975
a2,L1651,16168,96.513,363806.225,460299.155,4442623.126,4442701.141,412171.140,4442660.157,90.001
a2,L1652,4711,32.526,459766.394,492288.382,4442642.105,4442681.644,476085.443,4442660.288,89.989
a2,L1653,12203,80.677,491832.970,572498.932,4442647.455,4442683.872,532831.643,4442664.399,90.006
a2,L1654,765,4.396,355813.692,360209.374,4442659.789,4442668.547,357858.567,4442664.443,90.041
a2,L1655,709,4.412,351792.141,356203.624,4442656.344,4442664.858,353829.030,4442660.290,89.959
a2,L1656,8936,56.586,295698.029,352280.163,4442652.700,4442677.851,323633.322,4442664.063,89.997
a2,L1657,1256,8.388,287869.237,296256.777,4442643.875,4442665.110,291902.323,4442656.274,89.945
a2,L1658,3616,22.880,265365.075,288242.739,4442651.190,4442679.563,276115.110,4442666.274,90.022
a2,L1660,11272,68.415,359765.523,428172.974,4442245.645,4442278.556,394320.764,4442260.870,89.984
a2,L1661,10034,64.347,427916.129,492253.609,4442236.466,4442272.775,459671.353,4442260.033,89.996
a2,L1662,12341,80.664,491846.746,572498.932,4442246.790,4442284.725,531604.289,4442261.431,89.994
a2,L1663,745,4.425,355830.025,360253.561,4442253.180,4442283.579,357865.346,4442266.663,89.964
a2,L1664,14537,90.738,265460.260,356183.697,4442250.714,4442288.678,310194.620,4442268.355,89.993
a2,L1670,12000,72.649,359726.047,432372.579,4441855.579,4441871.293,395791.454,4441862.800,90.004
a2,L1671,23007,140.639,431877.983,572498.932,4441846.079,4441884.623,501981.116,4441861.499,90.002
a2,L1672,716,4.463,355788.319,360250.808,4441852.216,4441878.092,357901.474,4441864.918,90.138
a2,L1673,6214,36.375,319811.853,356182.050,4441852.244,4441883.375,337367.852,4441867.841,89.993
a2,L1674,9606,54.750,265554.653,320282.941,4441835.386,4441890.675,292879.873,4441864.211,89.994
a2,L1680,28021,166.686,265650.102,432330.607,4441453.260,4441473.072,348043.491,4441463.128,89.998
a2,L1681,21154,140.688,431820.593,572498.932,4441444.715,4441472.865,502394.085,4441461.753,90.002
a2,L1690,11950,72.746,359553.986,432291.234,4441053.145,4441081.707,395983.678,4441065.401,90.001
a2,L1691,12007,72.437,431748.420,504174.385,4441039.065,4441079.518,467237.294,4441063.202,90.004
a2,L1692,11345,68.738,503772.203,572498.931,4441032.549,4441073.370,538082.793,4441059.516,89.990
a2,L1693,11692,72.339,287841.730,360172.795,4441043.052,4441075.195,324162.070,4441057.960,89.992
a2,L1694,3678,22.521,265745.264,288264.965,4441057.470,4441077.705,276232.263,4441066.010,89.952
a2,L1696,836,4.390,283820.992,288210.166,4441051.755,4441063.459,286105.735,4441057.066,90.054
a2,L170,24771,76.705,367701.733,444403.297,4501850.866,4501869.773,406433.411,4501861.159,90.000
a2,L1700,11883,69.021,359131.988,428144.024,4440638.805,4440671.965,393328.318,4440657.455,89.987
a2,L1701,5007,32.438,427839.430,460272.402,4440638.800,4440676.614,444787.831,4440657.281,90.008
a2,L1702,5794,36.297,459786.329,496077.575,4440648.953,4440676.698,478580.003,4440662.565,90.006
a2,L1703,12239,76.636,495872.394,572498.931,4440644.425,4440682.013,534209.367,4440664.032,90.001
a2,L1704,8770,56.439,303791.829,360223.655,4440635.842,4440673.570,331992.680,4440659.048,89.985
a2,L1705,2576,16.428,287865.538,304291.330,4440645.794,4440674.621,296080.738,4440658.802,90.032
a2,L1706,3378,22.325,265842.988,288165.571,4440640.048,4440677.388,277850.629,4440656.123,89.967
a2,L171,22328,66.408,301948.089,368353.780,4501854.916,4501868.818,335004.119,4501861.131,90.002
a2,L1710,6153,36.420,359732.446,396151.573,4440252.967,4440266.384,378051.608,4440261.508,90.004
a2,L1711,5555,32.376,395818.411,428191.875,4440246.179,4440273.307,412798.138,4440261.002,89.982
a2,L1712,11033,68.359,427776.734,496127.633,4440231.254,4440278.535,462144.829,4440260.435,89.994
a2,L1713,11364,76.713,495794.139,572498.931,4440245.970,4440292.643,534192.936,4440262.388,90.001
a2,L1714,11115,68.322,291836.435,360148.729,4440252.217,4440301.132,325675.694,4440267.706,90.007
a2,L1715,4285,26.201,265930.395,292126.977,4440254.921,4440282.481,278500.139,4440267.494,90.016
a2,L172,19710,56.815,443656.993,500469.063,4501844.445,4501869.532,471451.974,4501861.867,90.000
a2,L1720,12541,72.519,359734.928,432251.490,4439855.175,4439868.054,396737.426,4439861.186,90.000
a2,L1721,12655,72.460,431768.796,504213.959,4439850.285,4439882.958,468704.059,4439863.525,89.997
a2,L1722,11589,68.783,503725.965,572498.931,4439849.335,4439874.863,538154.122,4439862.929,90.001
a2,L1723,12980,76.336,283804.445,360135.681,4439853.719,4439876.377,322290.372,4439865.583,90.000
a2,L1724,2916,18.218,266030.874,284248.569,4439852.715,4439868.140,275299.210,4439859.673,89.976
a2,L173,22150,66.641,505860.215,572498.934,4501851.613,4501867.775,538889.058,4501862.842,89.998
a2,L1730,8123,52.525,359769.998,412293.682,4439454.975,4439470.405,386290.687,4439461.315,89.993
a2,L1731,15881,94.438,266125.172,360558.753,4439445.980,4439468.863,312610.096,4439459.519,89.998
a2,L1732,3655,20.620,411506.004,432125.191,4439451.116,4439469.978,422377.307,4439461.001,90.017
a2,L1733,23942,140.965,431542.766,572498.931,4439449.519,4439475.282,500809.059,4439461.746,90.000
a2,L1740,11807,73.091,359172.225,432253.891,4439047.048,4439084.768,395991.777,4439066.515,89.994
a2,L1741,16169,100.485,431773.000,532240.239,4439044.395,4439079.136,481902.093,4439064.157,90.008
a2,L1742,6450,40.766,531736.392,572498.931,4439049.352,4439074.209,551995.630,4439063.348,90.002
a2,L1743,8862,56.311,303839.850,360147.301,4439043.835,4439066.572,332845.032,4439058.738,90.001
a2,L1744,2660,16.448,287713.407,304159.990,4439049.663,4439067.613,295854.510,4439058.195,89.982
a2,L1745,3429,21.981,266218.277,288197.938,4439050.118,4439066.106,277716.494,4439058.280,90.029
a2,L1750,11972,69.985,358083.855,428061.471,4438647.343,4438685.973,392742.921,4438660.116,90.001
a2,L1751,10901,68.368,427779.747,496139.837,4438640.360,4438682.237,462740.912,4438660.040,89.983
a2,L1752,12878,76.660,495852.275,572498.931,4438644.574,4438679.198,534321.080,4438663.179,90.000
a2,L1753,16421,93.897,266317.503,360190.814,4438639.817,4438691.244,313750.889,4438665.309,89.992
a2,L1760,10378,68.529,431733.246,500258.461,4438252.048,4438275.423,465330.861,4438263.106,90.001
a2,L1761,11273,72.689,499813.003,572498.931,4438252.047,4438269.316,536625.507,4438262.371,89.994
a2,L1762,11867,72.350,359868.468,432210.369,4438244.754,4438282.915,395976.762,4438265.767,89.998
a2,L1763,15914,93.755,266406.082,360146.497,4438246.049,4438279.850,313890.575,4438259.688,90.002
a2,L1770,34195,212.822,359683.102,572498.931,4437855.793,4437872.921,466277.774,4437862.660,90.000
a2,L1771,15988,93.849,266501.168,360345.773,4437852.127,4437875.272,312510.407,4437863.708,90.003
a2,L1780,33963,212.787,359738.532,572498.931,4437445.452,4437482.424,465716.028,4437463.049,90.003
a2,L1781,16301,93.042,267201.431,360230.612,4437453.817,4437489.433,313492.984,4437465.610,89.996
a2,L1782,213,1.652,266595.970,268248.152,4437457.154,4437466.601,267407.424,4437460.456,90.150
a2,L1790,7158,44.584,359638.422,404218.296,4437044.763,4437069.796,381637.897,4437058.910,89.994
a2,L1791,28260,168.895,403623.003,572498.931,4437042.189,4437092.314,488815.098,4437061.993,90.000
a2,L1792,8755,52.262,307890.689,360142.253,4437020.933,4437075.321,334481.862,4437059.070,90.016
a2,L1793,6927,41.381,266688.834,308052.725,4436973.976,4437169.722,288390.119,4437057.080,89.868
a2,L1794,645,4.352,303865.590,308217.163,4437056.681,4437072.230,306111.854,4437064.389,90.036
a2,L180,47830,142.553,301746.755,444295.001,4501457.177,4501472.886,373732.568,4501463.590,89.999
a2,L1800,3839,24.455,427805.122,452258.825,4436652.529,4436671.183,440058.501,4436660.822,89.985
a2,L1801,20351,120.682,451823.334,572498.931,4436648.025,4436674.925,511867.421,4436661.880,89.998
a2,L1802,10417,68.614,359831.759,428442.960,4436656.145,4436671.935,393070.956,4436664.148,90.004
a2,L1803,10373,64.679,295679.160,360355.646,4436656.006,4436672.595,328911.448,4436665.306,90.004
a2,L1804,653,4.588,291607.037,296194.553,4436652.098,4436666.418,293808.450,4436659.951,90.014
a2,L1805,4207,25.484,266784.273,292267.164,4436658.664,4436674.048,278549.465,4436665.744,90.018
a2,L181,17877,52.624,443666.914,496287.967,4501455.232,4501475.226,469159.724,4501461.339,89.998
a2,L1810,7593,48.680,523820.503,572498.931,4436253.719,4436271.835,547471.836,4436262.250,90.003
a2,L1811,4113,24.377,499798.401,524174.560,4436257.703,4436267.474,511469.876,4436262.625,89.993
a2,L1812,29308,180.360,319831.834,500187.640,4436255.729,4436270.549,410056.980,4436263.064,90.001
a2,L1813,9169,53.542,266880.797,320420.187,4436250.562,4436268.359,294318.768,4436260.591,90.000
a2,L182,21828,65.910,506591.072,572498.934,4501449.321,4501468.251,539992.270,4501462.219,90.002
a2,L1820,6310,40.655,531845.083,572498.931,4435858.716,4435866.544,552030.202,4435861.888,90.002
a2,L1821,12870,80.683,415515.899,496197.437,4435857.581,4435870.778,455066.205,4435862.744,90.002
a2,L1822,6459,36.509,495709.019,532216.152,4435851.725,4435867.985,513422.937,4435861.624,90.001
a2,L1823,9686,60.535,359790.526,420323.828,4435856.337,4435871.104,389294.241,4435861.613,90.003
a2,L1824,16439,93.405,266972.361,360373.024,4435853.102,4435877.294,313159.282,4435864.645,90.009
a2,L183,1717,5.001,495485.980,500487.197,4501456.676,4501466.833,497845.785,4501463.028,90.038
a2,L1830,34903,212.671,359833.995,572498.931,4435454.601,4435471.040,465977.486,4435462.794,89.999
a2,L1831,9134,56.287,303837.779,360118.557,4435438.869,4435478.719,332036.290,4435458.535,89.983
a2,L1832,5633,37.093,267072.938,304160.995,4435418.375,4435475.178,286486.367,4435455.577,90.000
a2,L1840,10162,64.723,507777.357,572498.931,4435054.555,4435071.297,539969.353,4435062.155,90.000
a2,L1841,7795,48.365,319790.564,368153.960,4435051.506,4435067.080,344084.898,4435060.084,89.996
a2,L1842,22823,140.615,367632.646,508244.147,4435053.872,4435067.628,437975.270,4435060.804,90.000
a2,L1843,9344,53.171,267165.220,320334.842,4435057.954,4435070.150,292508.054,4435064.386,89.999
a2,L1850,6446,41.096,531403.547,572498.931,4434657.443,4434666.847,552258.910,4434662.588,89.998
a2,L1851,28786,172.413,359810.124,532217.820,4434652.981,4434670.190,446394.934,4434660.289,89.999
a2,L1852,15972,93.236,267261.292,360492.855,4434648.769,4434670.355,313005.522,4434659.635,89.998
a2,L1860,22828,139.047,433455.428,572498.931,4434256.033,4434267.909,502046.216,4434261.941,89.997
a2,L1861,12013,73.093,359699.448,432788.894,4434248.126,4434271.441,396259.379,4434260.479,89.997
a2,L1863,15420,93.014,267354.036,360365.145,4434249.547,4434267.563,313837.025,4434260.757,90.004
a2,L1870,23056,138.554,433948.280,572498.931,4433856.233,4433868.293,502517.448,4433862.538,90.001
a2,L1871,9858,64.690,367843.231,432525.710,4433847.093,4433883.956,400073.450,4433865.423,90.003
a2,L1872,10183,64.301,303897.431,368194.467,4433849.215,4433866.252,336904.600,4433858.626,89.998
a2,L1873,2494,16.343,287833.468,304174.492,4433846.757,4433868.699,295938.029,4433859.591,90.024
a2,L1874,3091,20.718,267447.852,288163.875,4433852.587,4433877.285,278255.056,4433860.146,90.026
a2,L1880,22747,138.059,434444.211,572498.931,4433450.468,4433474.668,502548.314,4433462.172,89.999
a2,L1881,10524,64.432,367848.543,432269.753,4433420.691,4433492.100,400279.409,4433460.877,89.982
a2,L1882,7659,44.608,323653.094,368250.302,4433432.542,4433478.916,345067.451,4433465.262,90.020
a2,L1883,4894,28.717,295625.927,324340.359,4433456.038,4433484.941,310422.224,4433469.075,90.001
a2,L1884,4199,24.635,271703.214,296335.497,4433454.627,4433487.194,284380.419,4433469.078,89.999
a2,L1885,974,4.694,267542.428,272235.998,4433462.856,4433484.031,269786.720,4433472.336,89.833
a2,L1890,22755,137.562,434941.326,572498.931,4433053.952,4433078.828,502651.937,4433062.490,89.996
a2,L1891,10389,64.099,367907.909,432000.211,4433046.748,4433084.253,400259.599,4433061.104,89.994
a2,L1892,11727,72.323,295883.911,368199.476,4433051.543,4433077.794,332891.980,4433066.391,89.997
a2,L1893,3921,24.434,271811.221,296243.166,4433057.364,4433077.773,283765.946,4433066.516,89.992
a2,L1894,834,4.596,267639.372,272234.872,4433054.762,4433076.249,269702.340,4433067.578,89.919
a2,L190,23678,142.831,301547.570,444374.097,4501056.041,4501070.432,373664.600,4501063.686,90.002
a2,L1900,22669,137.070,435433.465,572498.931,4432652.540,4432670.189,505327.852,4432662.414,90.000
a2,L1901,10739,64.003,367738.097,431734.112,4432647.266,4432682.019,399747.620,4432661.653,90.009
a2,L1902,10110,64.354,303802.307,368152.577,4432642.555,4432666.237,336444.963,4432657.455,89.995
a2,L1903,2384,16.327,287833.654,304159.705,4432651.448,4432665.884,296083.239,4432659.164,89.973
a2,L1904,2900,20.385,267736.269,288119.459,4432647.303,4432667.812,278484.434,4432658.005,89.984
a2,L191,19339,56.881,443724.143,500602.748,4501054.331,4501067.831,471168.236,4501061.785,89.999
a2,L1910,21833,136.571,435932.448,572498.931,4432253.973,4432271.115,504002.503,4432262.675,90.000
a2,L1911,10260,63.622,367866.947,431481.949,4432245.930,4432278.386,400834.509,4432264.778,89.991
a2,L1912,15530,96.540,271676.526,368208.971,4432251.989,4432278.973,320244.352,4432264.456,90.003
a2,L1913,726,4.406,267829.461,272235.464,4432257.575,4432271.020,269852.332,4432266.417,89.935
a2,L192,21516,66.511,505990.442,572498.934,4501055.632,4501068.993,539200.718,4501062.602,89.995
a2,L1920,21892,136.076,436426.169,572498.931,4431854.667,4431868.469,504385.493,4431862.175,90.001
a2,L1921,10356,63.318,367894.583,431203.657,4431840.225,4431884.439,399558.481,4431863.526,90.013
a2,L1922,12749,80.416,287826.695,368237.673,4431848.075,4431869.388,328413.837,4431859.291,89.994
a2,L1923,2942,20.332,267921.600,288253.212,4431848.529,4431869.137,278627.775,4431858.478,90.039
a2,L1930,2826,15.348,436927.964,452275.434,4431453.544,4431471.588,445515.691,4431461.551,89.955
a2,L1931,20477,120.836,451665.765,572498.931,4431454.152,4431468.231,511494.202,4431462.705,89.996
a2,L1932,10509,63.137,367812.352,430942.178,4431440.390,4431475.825,399079.455,4431461.292,89.998
a2,L1933,5896,36.326,331834.770,368158.129,4431457.215,4431473.769,349926.538,4431464.991,90.005
a2,L1934,10598,64.109,268016.033,332121.409,4431455.481,4431476.951,299170.187,4431466.481,90.006
a2,L1940,10612,62.860,367827.891,430680.205,4431044.643,4431084.999,398979.845,4431059.127,89.997
a2,L1941,12707,76.285,295847.388,372125.747,4431052.228,4431075.053,334265.757,4431064.143,89.999
a2,L1942,4389,28.062,268112.789,296169.232,4431033.504,4431079.138,282983.443,4431054.259,90.027
a2,L1950,10242,62.753,367686.613,430429.328,4430639.023,4430682.909,399517.305,4430667.682,89.994
a2,L1951,11840,72.271,295898.314,368163.700,4430637.481,4430668.318,332393.773,4430658.422,89.984
a2,L1952,4377,28.056,268210.274,296262.950,4430641.255,4430677.283,282531.836,4430655.638,90.005
a2,L1960,9862,62.320,367849.567,430158.665,4430246.723,4430292.687,399117.363,4430267.418,90.023
a2,L1961,9040,52.361,315834.182,368191.374,4430254.725,4430276.146,341790.781,4430262.782,90.002
a2,L1962,3278,20.367,295779.331,316142.729,4430239.366,4430268.683,305905.220,4430256.480,90.015
a2,L1963,4621,28.028,268300.277,296324.637,4430254.771,4430281.510,282127.049,4430266.123,90.007
a2,L1970,10208,62.021,367874.651,429884.724,4429842.567,4429884.570,398704.727,4429858.885,90.012
a2,L1971,6887,48.429,319763.608,368184.255,4429842.743,4429872.170,344603.966,4429857.446,90.009
a2,L1972,9239,55.685,268395.267,324072.272,4429835.404,4429884.050,295403.438,4429868.392,90.035
a2,L1980,9740,61.929,367719.305,429636.202,4429447.206,4429503.666,398703.431,4429466.517,90.004
a2,L1981,5583,33.903,334329.672,368226.460,4429445.661,4429486.580,351509.204,4429467.095,89.952
a2,L1982,10358,67.730,268495.551,336218.227,4429441.860,4429483.254,302223.342,4429456.187,89.996
a2,L1990,9818,61.588,367791.683,429367.117,4429038.951,4429075.592,398392.235,4429059.405,89.986
a2,L1991,4225,28.483,339813.228,368293.015,4429042.229,4429075.200,353866.089,4429057.315,90.004
a2,L1992,11074,68.562,271742.071,340296.201,4429046.788,4429089.005,305733.055,4429067.693,90.007
a2,L1993,614,3.647,268584.920,272231.861,4429055.259,4429070.865,270394.301,4429062.643,90.142
a2,L20,88316,267.542,304967.780,572498.934,4507845.447,4507877.399,439683.164,4507863.629,89.999
a2,L200,16613,100.619,343688.088,444303.289,4500653.401,4500672.636,394262.073,4500661.272,90.000
a2,L2000,10333,65.204,363907.209,429098.659,4428648.808,4428689.588,396147.077,4428665.802,90.013
a2,L2001,3590,24.581,339700.086,364276.156,4428656.173,4428728.550,352185.515,4428671.726,90.034
a2,L2002,6790,44.622,295732.865,340333.779,4428606.900,4428714.227,318689.439,4428664.543,90.001
a2,L2003,3054,20.783,275616.614,296398.233,4428656.810,4428668.681,285839.685,4428662.672,90.002
a2,L2004,1345,7.645,268680.562,276324.024,4428651.750,4428671.724,272186.737,4428662.649,89.945
a2,L201,7036,42.856,301345.337,344199.905,4500651.740,4500666.696,322128.547,4500660.473,90.005
a2,L2010,2538,17.003,411846.259,428846.210,4428241.274,4428279.963,420296.405,4428258.468,89.952
a2,L2011,7641,48.291,363845.754,412125.516,4428238.520,4428284.676,388210.304,4428263.241,90.000
a2,L2012,3655,24.573,339687.746,364259.192,4428245.175,4428270.301,351829.950,4428257.447,89.988
a2,L2013,11122,71.462,268779.446,340228.978,4428228.554,4428283.543,305833.216,4428257.330,89.991
a2,L202,10629,66.287,506215.131,572498.934,4500654.284,4500670.846,539323.551,4500662.793,90.000
a2,L2020,10919,64.761,363823.696,428575.566,4427851.625,4427888.807,396422.176,4427866.680,90.012
a2,L2021,10796,68.502,295743.372,364239.183,4427855.566,4427876.806,330132.145,4427864.318,90.004
a2,L2022,3134,20.620,275663.955,296281.683,4427843.570,4427873.634,286081.950,4427864.746,90.005
a2,L2023,1159,7.392,268870.376,276261.112,4427854.799,4427877.966,272210.623,4427867.120,90.009
a2,L203,9953,57.019,443665.335,500680.961,4500653.597,4500667.951,471713.079,4500661.303,89.996
a2,L2030,10181,64.458,363864.471,428308.821,4427434.994,4427491.078,395631.074,4427460.673,90.000
a2,L2031,14820,95.318,268974.423,364244.787,4427413.733,4427530.348,318141.153,4427453.901,89.981
a2,L2032,1372,8.531,343682.865,352209.473,4427445.158,4427530.150,347892.711,4427471.688,89.939
a2,L2040,10579,64.193,363859.713,428042.551,4427046.718,4427087.054,395761.002,4427066.846,90.012
a2,L2041,14707,95.252,269056.951,364244.099,4427010.472,4427184.737,317073.049,4427061.301,90.006
a2,L2050,10209,63.983,363814.894,427786.746,4426646.437,4426687.602,396012.083,4426660.193,89.988
a2,L2051,10985,68.532,295737.179,364242.933,4426628.471,4426701.567,330500.416,4426666.716,89.997
a2,L2052,3340,20.603,275736.423,296326.668,4426639.721,4426705.288,286417.927,4426666.657,89.992
a2,L2053,1299,7.250,269161.526,276401.626,4426615.521,4426677.844,272625.040,4426647.214,89.895
a2,L2060,11987,71.658,355871.905,427516.931,4426245.577,4426282.962,391336.552,4426266.300,90.011
a2,L2061,14909,91.099,269254.792,360287.423,4426179.121,4426302.560,314369.258,4426263.596,89.981
a2,L2070,3265,19.408,407851.282,427257.171,4425839.704,4425865.516,416637.641,4425854.715,89.965
a2,L2071,7496,44.298,363873.552,408165.615,4425837.497,4425876.359,386248.404,4425858.449,89.993
a2,L2072,1321,8.401,355830.216,364230.724,4425841.988,4425861.762,360137.257,4425851.639,89.944
a2,L2073,12046,80.395,275802.703,356149.611,4425840.740,4425916.608,315345.001,4425874.964,89.975
a2,L2074,951,6.866,269349.975,276206.572,4425825.256,4425892.343,272621.846,4425864.692,90.105
a2,L2080,10474,71.263,355743.873,426997.113,4425443.209,4425489.467,392151.374,4425466.738,89.999
a2,L2081,14204,86.976,269438.023,356267.888,4425389.312,4425590.990,312674.761,4425458.832,89.984
a2,L2090,3200,18.834,407896.464,426728.455,4425044.374,4425068.823,417099.101,4425058.435,90.017
a2,L2091,9151,52.388,355819.378,408201.806,4425041.182,4425074.981,382269.919,4425059.626,89.987
a2,L2092,14261,86.876,269527.147,356281.616,4424981.335,4425169.792,312648.082,4425065.481,90.018
a2,L210,18650,116.624,327679.663,444300.224,4500253.980,4500269.360,386535.244,4500261.359,90.000
a2,L2100,10707,70.828,355648.577,426468.778,4424643.908,4424686.991,391054.271,4424668.353,90.003
a2,L2101,13061,86.664,269626.492,356238.499,4424614.842,4424718.578,312837.796,4424652.030,90.001
a2,L211,4709,27.179,301143.199,328320.988,4500250.279,4500266.514,314339.333,4500258.955,90.014
a2,L2110,12969,74.377,351837.763,426203.175,4424216.136,4424275.574,388684.533,4424259.820,89.967
a2,L2111,12567,82.579,269726.033,352278.111,4424197.579,4424296.754,311352.465,4424255.486,89.995
a2,L212,21706,66.716,505784.581,572498.934,4500256.431,4500267.804,538807.644,4500261.905,89.996
a2,L2120,11724,74.160,351793.078,425942.030,4423847.969,4423894.970,388489.377,4423867.936,90.009
a2,L2121,12972,86.458,269825.352,356233.709,4423801.338,4423914.844,312065.578,4423865.988,89.981
a2,L213,19490,56.667,443712.047,500375.750,4500254.217,4500294.577,473174.286,4500262.814,89.968
a2,L2130,12000,73.870,351821.207,425682.979,4423443.298,4423482.494,388543.909,4423459.262,89.990
a2,L2131,12615,86.352,269913.663,356230.369,4423418.567,4423514.725,313713.926,4423452.618,89.963
a2,L2140,11265,73.584,351840.101,425416.635,4423050.718,4423084.698,388585.164,4423068.075,89.995
a2,L2141,12974,82.331,270008.008,352333.676,4423053.027,4423097.716,311183.703,4423068.143,89.991
a2,L2150,11972,72.458,351688.917,424136.129,4422642.289,4422680.889,387185.656,4422658.881,90.003
a2,L2151,4869,28.491,323842.799,352327.591,4422647.115,4422683.941,338170.675,4422667.190,90.001
a2,L2152,4296,28.843,243385.958,272223.717,4422652.777,4422691.831,257788.906,4422672.155,90.024
a2,L2153,8198,54.173,270191.081,324358.800,4422645.466,4422719.817,297495.933,4422657.165,90.052
a2,L2160,12024,71.425,351529.009,422938.845,4422241.924,4422291.888,387201.749,4422267.435,90.003
a2,L2161,6548,40.705,311624.502,352326.884,4422250.332,4422273.133,332317.544,4422260.375,90.002
a2,L2162,4420,29.516,283005.409,312517.608,4422252.939,4422289.349,297761.581,4422267.211,90.006
a2,L2163,6112,41.053,243380.840,284431.410,4422239.449,4422266.195,263440.790,4422254.736,90.000
a2,L2170,11400,69.930,351780.512,421697.999,4421832.709,4421883.494,385620.676,4421855.885,89.999
a2,L2171,6573,40.773,311555.181,352326.007,4421858.447,4421875.753,332239.973,4421864.914,89.995
a2,L2172,10822,68.960,243375.984,312323.786,4421821.546,4421873.157,277745.370,4421853.482,90.005
a2,L2173,6016,36.667,315601.030,352227.635,4421807.930,4421925.716,333882.858,4421858.989,90.007
a2,L2180,11195,68.929,351546.832,420465.064,4421447.293,4421483.832,386390.251,4421466.621,90.010
a2,L2181,17275,108.963,243371.224,352327.718,4421444.112,4421468.623,298384.186,4421458.708,90.002
a2,L2182,5515,32.456,247802.417,280199.795,4421415.177,4421525.856,263992.488,4421457.632,90.108
a2,L2190,10687,67.568,351780.322,419332.607,4421030.232,4421076.442,385462.348,4421056.822,90.005
a2,L2191,16812,108.966,243366.413,352324.565,4421050.287,4421078.094,298422.159,4421064.823,90.001
a2,L220,19319,116.753,327572.735,444322.058,4499854.000,4499869.183,385773.313,4499861.613,90.000
a2,L2200,10509,67.127,351826.848,418943.492,4420641.792,4420682.718,385902.805,4420666.856,90.007
a2,L2201,17104,108.971,243361.426,352322.637,4420642.888,4420691.475,298146.175,4420659.107,90.002
a2,L221,4603,27.428,300940.481,328366.844,4499850.887,4499867.531,314443.189,4499859.339,90.001
a2,L2210,5148,30.702,387847.419,418543.181,4420240.338,4420282.379,403586.577,4420265.854,90.002
a2,L2211,5725,36.322,351823.493,388140.048,4420236.846,4420278.897,370415.373,4420265.317,90.002
a2,L2212,16917,108.988,243356.656,352325.350,4420250.447,4420345.174,298223.422,4420265.106,90.000
a2,L222,10752,66.716,505784.711,572498.934,4499849.936,4499868.481,538640.857,4499862.318,90.001
a2,L2220,11425,66.310,351832.457,418134.700,4419841.212,4419874.661,384515.976,4419858.653,89.995
a2,L2221,17700,108.943,243351.967,352205.206,4419853.075,4420129.010,298732.922,4419872.487,90.008
a2,L2222,7219,44.933,243351.767,288274.990,4419837.050,4419887.344,264940.109,4419861.767,90.003
a2,L223,9850,57.144,443804.450,500946.484,4499855.065,4499869.394,472403.381,4499861.822,90.001
a2,L2230,10632,65.929,351804.270,417723.926,4419432.873,4419497.007,385633.857,4419466.021,90.027
a2,L2231,14857,98.001,255810.416,353797.138,4419437.484,4419475.646,303581.283,4419456.062,90.001
a2,L2232,1937,12.950,243346.706,256295.292,4419436.127,4419465.529,249802.357,4419450.221,89.965
a2,L2233,17255,108.926,243346.934,352233.170,4419415.181,4419503.846,298372.515,4419461.593,89.993
a2,L2240,10765,65.510,351841.042,417340.769,4419032.089,4419075.887,384611.375,4419058.253,89.996
a2,L2241,17521,108.888,243341.924,352216.947,4419037.152,4419069.942,296996.290,4419054.912,89.999
a2,L2242,14028,88.420,263852.743,352230.894,4419000.604,4419098.660,307853.532,4419059.971,89.978
a2,L2243,3273,20.938,243342.056,264275.085,4419042.726,4419085.594,254302.137,4419062.268,90.011
a2,L2250,10059,65.068,351875.583,416933.809,4418639.111,4418682.728,385217.093,4418663.906,90.006
a2,L2251,18543,108.834,243337.369,352160.108,4418650.160,4418684.656,298319.808,4418668.995,90.002
a2,L2252,4432,28.372,259740.183,288100.599,4418631.207,4418684.019,273486.676,4418660.446,90.003
a2,L2260,11209,64.715,351827.635,416532.219,4418239.885,4418282.895,384460.528,4418258.203,90.002
a2,L2261,16046,108.879,243332.360,352198.749,4418229.565,4418279.295,297016.501,4418255.643,90.004
a2,L2270,851,4.376,411765.167,416140.919,4417853.216,4417870.181,413887.788,4417863.503,90.000
a2,L2271,9850,60.423,351821.256,412230.547,4417836.615,4417894.318,381712.055,4417867.056,90.004
a2,L2272,17327,108.845,243327.361,352156.580,4417842.183,4417906.002,297132.770,4417869.473,89.993
a2,L2280,10279,63.913,351821.736,415725.395,4417440.551,4417478.835,383688.999,4417459.149,89.997
a2,L2281,16354,108.840,243322.423,352151.621,4417432.922,4417471.979,297726.088,4417453.839,89.997
a2,L2290,692,3.567,411774.416,415340.330,4417064.812,4417084.051,413465.992,4417074.276,90.032
a2,L2291,10165,60.522,351660.002,412172.803,4417052.039,4417085.950,381715.170,4417069.968,89.989
a2,L2292,13596,84.363,267892.242,352245.213,4417051.154,4417085.975,311396.104,4417068.528,89.997
a2,L2293,3911,24.891,243317.819,268205.170,4417047.521,4417086.770,255780.529,4417068.202,90.013
a2,L230,13595,80.433,363812.094,444242.351,4499455.081,4499472.724,404138.330,4499463.742,90.003
a2,L2300,10213,63.146,351815.244,414949.192,4416631.440,4416680.768,383545.226,4416660.306,89.965
a2,L2301,14819,84.382,267872.228,352227.440,4416617.712,4416700.438,309697.296,4416657.523,89.996
a2,L2302,3952,24.863,243313.018,268169.909,4416636.992,4416678.371,255783.907,4416658.137,90.028
a2,L231,25511,78.723,285714.719,364435.533,4499456.614,4499470.107,324751.857,4499463.630,89.997
a2,L2310,610,2.733,411790.370,414522.710,4416249.066,4416271.547,413060.647,4416256.700,90.464
a2,L2311,9668,60.330,351842.457,412161.410,4416241.712,4416285.974,381606.738,4416266.250,90.002
a2,L2312,14442,84.637,267553.970,352171.091,4416247.099,4416317.910,310028.553,4416265.250,90.008
a2,L2313,1314,8.308,259867.284,268172.542,4416244.668,4416286.549,264024.075,4416258.172,90.242
a2,L2314,2038,12.561,247732.696,260287.953,4416246.332,4416296.395,253981.094,4416268.195,89.999
a2,L2315,781,4.969,243308.151,248274.906,4416246.764,4416273.086,245671.771,4416256.154,90.169
a2,L232,20597,123.881,443792.435,572498.934,4499456.436,4499469.374,508492.667,4499462.108,90.000
a2,L2320,9950,62.654,351856.956,414497.581,4415833.861,4415877.192,383490.439,4415856.372,89.994
a2,L2321,18107,108.859,243303.143,352133.136,4415832.441,4415887.374,297754.859,4415859.434,90.001
a2,L2330,9933,62.741,351797.210,414518.153,4415430.811,4415524.556,383447.108,4415459.517,89.993
a2,L2331,19105,108.940,243298.496,352204.249,4415438.337,4415509.187,298333.065,4415466.215,90.007
a2,L2340,527,2.813,411726.102,414537.900,4415049.454,4415070.620,412985.827,4415060.102,89.638
a2,L2341,10404,61.978,350242.023,412200.034,4415032.074,4415089.843,381129.162,4415066.938,90.039
a2,L2342,17850,108.898,243293.136,352167.909,4415034.789,4415079.389,298113.562,4415058.514,89.984
a2,L2350,3789,22.698,391866.468,414559.329,4414639.348,4414686.323,404485.683,4414663.141,90.062
a2,L2351,7019,40.300,351860.274,392154.984,4414651.383,4414680.419,371575.045,4414666.145,90.016
a2,L2352,19102,108.687,243527.658,352190.026,4414646.237,4414711.706,297933.775,4414667.583,90.000
a2,L2360,9943,62.749,351837.246,414577.928,4414232.830,4414273.556,384174.682,4414257.281,89.996
a2,L2361,17249,108.086,244143.806,352208.578,4414182.766,4414313.787,299516.783,4414257.352,89.968
a2,L2370,673,2.906,411692.319,414598.026,4413855.921,4413872.000,413049.026,4413866.795,89.813
a2,L2371,10003,60.338,351823.364,412154.485,4413845.587,4413877.250,381929.124,4413862.848,90.010
a2,L2372,19093,107.594,244587.481,352159.937,4413834.701,4413900.709,298907.263,4413864.829,90.004
a2,L2380,2118,14.811,399808.902,414618.429,4413440.471,4413473.403,406803.613,4413455.421,90.015
a2,L2381,7812,48.464,351793.797,400253.312,4413442.813,4413475.656,376827.816,4413458.609,90.010
a2,L2382,16563,107.049,245107.888,352139.562,4413416.094,4413493.483,298879.547,4413460.791,90.001
a2,L2390,637,2.856,411783.388,414638.625,4413052.773,4413073.723,413114.079,4413062.150,90.059
a2,L2391,10254,60.320,351845.390,412158.872,4413046.998,4413078.811,382055.393,4413064.136,90.009
a2,L2392,18945,106.788,245642.799,352411.435,4413043.813,4413083.450,299884.423,4413066.067,90.000
a2,L240,96188,287.150,285359.219,572498.934,4499049.831,4499069.672,429582.270,4499061.092,90.001
a2,L2400,9916,62.980,351685.902,414658.118,4412644.424,4412679.214,383392.785,4412657.087,89.998
a2,L2401,15314,106.204,246204.590,352392.594,4412630.802,4412677.934,298471.322,4412655.969,89.981
a2,L2410,649,4.390,403800.346,408189.766,4412255.159,4412273.652,405974.716,4412261.038,89.907
a2,L2411,9158,52.298,351861.099,404155.636,4412243.874,4412271.994,377350.639,4412262.983,90.000
a2,L2412,17198,105.598,246695.705,352271.558,4412226.364,4412290.691,300630.936,4412269.007,90.000
a2,L2413,905,6.915,407668.232,414583.190,4412250.803,4412264.553,410934.362,4412260.152,90.016
a2,L2420,712,4.362,399813.446,404175.541,4411852.739,4411866.826,401940.699,4411860.578,89.953
a2,L2421,8216,48.313,351852.377,400163.972,4411853.060,4411869.058,375959.290,4411862.174,89.996
a2,L2422,16829,105.111,247208.624,352298.130,4411837.761,4411894.518,300787.421,4411870.202,89.990
a2,L2423,2099,14.626,399800.970,414421.104,4411800.319,4411874.845,406695.019,4411858.366,89.771
a2,L2430,7069,44.442,351782.236,396219.286,4411444.428,4411492.952,373608.379,4411464.644,90.025
a2,L2431,15394,104.438,247744.928,352167.669,4411419.743,4411477.557,300418.113,4411453.424,90.004
a2,L2432,3007,18.597,395666.102,414262.341,4411456.433,4411469.352,405565.810,4411463.921,89.985
a2,L2440,10238,62.266,351838.134,414096.996,4411036.786,4411083.180,384254.766,4411063.274,89.992
a2,L2441,15980,104.054,248289.688,352324.987,4411029.218,4411086.154,299888.414,4411056.429,89.994
a2,L2450,10454,62.099,351850.137,413938.503,4410638.592,4410684.788,382487.592,4410663.030,89.994
a2,L2451,15681,103.436,248798.129,352220.463,4410633.528,4410679.203,301261.379,4410654.263,90.001
a2,L2460,10371,61.944,351839.409,413778.311,4410249.196,4410283.220,383823.350,4410264.128,89.988
a2,L2461,9911,60.607,291596.164,352193.963,4410244.889,4410285.396,321884.847,4410267.362,90.008
a2,L2462,6384,42.874,249305.335,292172.952,4410254.523,4410291.430,270883.849,4410269.937,90.008
a2,L2470,10450,61.819,351801.392,413613.165,4409842.239,4409887.245,383301.030,4409861.846,89.995
a2,L2471,10129,60.719,291478.651,352188.980,4409844.765,4409898.090,322383.620,4409865.001,90.002
a2,L2472,6469,42.382,249840.914,292215.994,4409848.764,4409886.807,270838.061,4409871.358,89.978
a2,L2480,10003,61.544,351702.597,413238.969,4409432.663,4409476.384,382378.395,4409460.918,89.991
a2,L2481,15243,101.891,250404.357,352284.893,4409432.886,4409476.346,301565.520,4409457.386,89.987
a2,L2490,9782,61.019,351799.462,412812.663,4409045.546,4409078.303,383443.956,4409063.130,90.008
a2,L2491,15448,101.327,250910.888,352226.561,4409030.359,4409079.266,301453.323,4409058.502,89.991
a2,L250,26328,159.542,285003.856,444540.546,4498653.724,4498674.195,365082.899,4498663.582,90.001
a2,L2500,2618,16.469,395916.910,412380.392,4408641.471,4408714.127,403442.042,4408659.667,90.211
a2,L2501,7386,44.460,351704.153,396159.839,4408647.667,4408671.544,374050.274,4408660.924,90.008
a2,L2502,10282,60.538,291644.819,352175.164,4408650.168,4408690.694,322458.021,4408667.763,90.006
a2,L2503,6671,40.923,251403.581,292321.768,4408653.134,4408687.211,272081.636,4408670.718,90.000
a2,L251,42563,128.662,443842.436,572498.934,4498654.524,4498670.260,508431.072,4498662.121,90.000
a2,L2510,9939,60.170,351814.223,411976.316,4408246.421,4408285.042,382040.175,4408265.634,89.998
a2,L2511,731,4.374,375879.045,380252.192,4408299.442,4408338.925,378054.555,4408321.835,89.733
a2,L2512,7953,44.761,307461.963,352216.047,4408251.733,4408284.084,330308.602,4408268.690,89.977
a2,L2513,2632,16.412,291772.798,308182.847,4408249.635,4408281.131,299180.463,4408267.390,90.025
a2,L2514,6562,40.310,251940.707,292245.052,4408256.166,4408287.490,271684.189,4408271.798,89.995
a2,L2520,803,3.768,407779.409,411546.266,4407860.047,4407880.025,409588.268,4407868.874,89.895
a2,L2521,9119,56.318,351820.409,408134.050,4407856.005,4407878.828,379820.097,4407866.802,89.994
a2,L2522,6888,40.465,311817.619,352263.920,4407790.278,4407900.576,332526.106,4407856.811,89.902
a2,L2523,3770,24.276,283847.069,308109.760,4407808.695,4407891.845,296066.198,4407854.846,89.940
a2,L2524,5016,31.612,252472.385,284073.129,4407823.175,4407889.376,268562.680,4407862.150,90.006
a2,L2525,636,4.613,307823.020,312433.315,4407832.320,4407865.939,310236.654,4407852.904,90.189
a2,L2526,744,4.641,303673.382,308310.712,4407817.892,4407905.357,305968.073,4407852.353,89.385
a2,L2530,9672,59.425,351790.970,411203.821,4407437.515,4407548.025,381805.716,4407465.791,89.926
a2,L2531,10425,60.266,291902.285,352144.686,4407429.075,4407521.433,321951.455,4407465.188,89.996
a2,L2532,6851,39.248,252994.673,292221.047,4407418.728,4407503.882,272449.026,4407467.908,90.027
a2,L2540,9885,58.814,351867.933,410674.093,4407039.358,4407077.621,381034.851,4407058.907,90.009
a2,L2541,6727,40.394,311811.697,352194.152,4407029.516,4407086.869,332116.297,4407057.986,90.015
a2,L2542,9497,58.553,253538.258,312075.202,4407025.106,4407080.379,283518.068,4407058.301,89.982
a2,L2550,9521,58.507,351767.260,410267.013,4406640.505,4406681.481,381096.360,4406660.207,89.997
a2,L2551,10453,60.329,291834.067,352140.744,4406629.111,4406704.319,322393.962,4406665.511,89.995
a2,L2552,6422,38.147,254030.612,292157.731,4406646.260,4406726.017,272309.518,4406672.196,89.979
a2,L2560,9517,58.046,351790.683,409829.590,4406244.191,4406275.745,381188.430,4406260.585,90.000
a2,L2561,16006,97.595,254603.194,352164.669,4406234.691,4406347.309,304344.376,4406260.362,89.989
a2,L2570,9375,57.612,351810.338,409415.690,4405849.935,4405883.980,380950.611,4405865.169,89.993
a2,L2571,10342,60.333,291845.460,352166.390,4405848.208,4405886.589,322641.728,4405865.614,89.991
a2,L2572,6147,37.111,255047.776,292145.273,4405842.440,4405896.372,273055.519,4405869.643,90.025
a2,L2580,13321,81.979,270356.984,352322.672,4405440.805,4405501.708,310846.005,4405461.657,90.000
a2,L2581,9491,57.222,351757.969,408975.953,4405447.978,4405469.256,379802.186,4405460.176,90.011
a2,L2590,11172,63.900,292220.799,356105.709,4405033.737,4405095.946,324757.365,4405063.979,90.018
a2,L2591,3513,21.779,270348.487,292121.735,4405051.876,4405088.552,281582.570,4405065.964,90.010
a2,L2592,8306,52.854,355728.388,408577.496,4405051.512,4405080.448,381865.440,4405062.830,89.985
a2,L260,26642,159.674,284642.069,444311.765,4498255.594,4498269.978,363248.796,4498261.189,89.999
a2,L2600,14360,85.747,270339.702,356066.386,4404633.579,4404709.796,312698.860,4404661.000,89.996
a2,L2601,8501,52.395,355735.509,408125.594,4404648.925,4404671.438,381332.488,4404659.643,90.004
a2,L261,20854,128.693,443810.322,572498.934,4498256.339,4498270.491,508221.937,4498262.756,90.000
a2,L2610,12118,85.812,270330.739,356130.698,4404236.995,4404274.503,313139.762,4404255.421,89.982
a2,L2611,8122,51.964,355745.518,407706.319,4404253.786,4404271.112,381199.503,4404262.764,90.002
a2,L2620,10043,64.270,291858.230,356116.984,4403843.672,4403889.343,323680.758,4403866.129,90.000
a2,L2621,3550,21.829,270322.885,292146.064,4403850.127,4403892.547,281863.423,4403870.349,90.052
a2,L2622,8162,51.529,355752.337,407278.081,4403848.468,4403865.914,380820.659,4403858.661,89.999
a2,L2630,11590,64.467,291784.678,356241.620,4403437.182,4403489.458,324513.991,4403466.745,89.991
a2,L2631,3416,21.896,270314.127,292202.661,4403442.429,4403483.339,281478.330,4403465.617,89.997
a2,L2632,8017,51.103,355756.594,406854.776,4403451.389,4403478.465,381120.814,4403462.686,90.001
a2,L2640,12974,85.914,270305.138,356205.637,4403035.273,4403081.033,313205.323,4403056.729,90.007
a2,L2641,1484,10.812,395615.847,406427.077,4403058.733,4403068.120,400851.876,4403062.602,89.996
a2,L2642,6937,40.446,355766.230,396208.133,4403047.749,4403081.374,376684.921,4403059.824,89.999
a2,L2650,10488,64.296,291853.563,356135.607,4402641.233,4402687.787,324058.513,4402664.702,89.970
a2,L2651,3519,21.849,270296.697,292142.086,4402649.838,4402691.782,280989.229,4402673.957,89.994
a2,L2652,1830,10.390,395618.636,406008.292,4402655.825,4402670.114,400437.635,4402664.535,89.994
a2,L2653,6243,40.465,355772.579,396234.735,4402652.181,4402676.635,375400.017,4402662.849,90.000
a2,L2660,13078,85.856,270287.404,356129.995,4402237.020,4402275.010,313127.334,4402255.800,89.989
a2,L2661,2182,14.084,391767.639,405851.198,4402252.388,4402265.736,398199.989,4402259.873,90.025
a2,L2662,6495,36.691,355624.360,392314.141,4402256.054,4402267.038,373493.078,4402261.242,90.000
a2,L2670,13654,85.853,270279.754,356119.052,4401848.664,4401898.127,312964.195,4401869.064,90.017
a2,L2671,1051,6.562,399780.086,406341.505,4401858.326,4401870.919,402869.402,4401865.159,90.081
a2,L2672,1219,8.523,391836.132,400358.539,4401859.095,4401870.622,396336.155,4401864.616,89.956
a2,L2673,5859,36.596,355628.423,392223.487,4401854.613,4401868.529,373534.653,4401862.793,89.993
a2,L2680,13095,85.896,270270.814,356150.657,4401443.131,4401487.786,313460.208,4401468.353,90.005
a2,L2681,2199,15.141,391697.823,406837.453,4401430.764,4401465.497,398706.024,4401457.796,90.009
a2,L2682,6122,36.673,355631.898,392302.938,4401452.192,4401472.301,373669.257,4401460.727,90.010
a2,L2690,13509,85.900,270261.431,356147.589,4401031.436,4401084.569,312915.129,4401055.341,89.992
a2,L2691,1139,7.495,399827.838,407322.488,4401057.984,4401067.974,403260.457,4401064.147,89.992
a2,L2692,6978,44.597,355641.286,400235.715,4401054.142,4401083.143,377080.443,4401063.347,89.996
a2,L270,18704,112.635,331638.201,444268.750,4497853.122,4497873.214,388186.330,4497862.652,90.001
a2,L2700,13251,85.946,270253.030,356187.977,4400631.087,4400671.345,312894.523,4400654.090,90.010
a2,L2701,2286,16.158,391670.362,407828.093,4400650.452,4400665.608,399537.237,4400659.000,89.998
a2,L2702,5984,36.604,355644.767,392247.054,4400648.147,4400671.495,373661.468,4400661.020,90.020
a2,L271,8428,48.051,284291.347,332340.637,4497856.675,4497872.483,307763.728,4497864.963,89.998
a2,L2710,14950,89.904,270244.591,360131.993,4400247.806,4400334.087,315614.653,4400267.982,90.011
a2,L2711,8419,52.668,355647.421,408311.457,4400251.584,4400273.958,381825.782,4400262.779,90.004
a2,L272,12535,36.569,443686.102,480253.543,4497855.082,4497867.250,462124.563,4497861.563,90.001
a2,L2720,14001,89.927,270235.402,360150.196,4399831.365,4399882.580,315200.556,4399858.258,89.997
a2,L2721,2521,17.051,391761.725,408811.607,4399847.582,4399871.541,400146.860,4399859.558,90.001
a2,L2722,6023,36.570,355656.143,392223.669,4399853.435,4399870.966,373788.252,4399860.016,89.994
a2,L273,31153,92.711,479790.828,572498.934,4497853.689,4497866.659,525319.464,4497861.531,89.996
a2,L2730,14645,89.962,270227.004,360171.536,4399422.320,4399491.276,315607.352,4399465.357,89.993
a2,L2731,8226,49.702,359605.706,409305.598,4399452.431,4399470.959,384029.166,4399462.630,90.004
a2,L2740,15002,89.906,270218.662,360118.231,4399051.937,4399079.870,315518.511,4399065.830,90.008
a2,L2741,2669,18.031,391756.403,409785.973,4399050.383,4399070.527,400742.838,4399061.808,89.960
a2,L2742,5604,32.745,359606.215,392348.414,4399051.692,4399072.067,375921.550,4399061.470,89.996
a2,L2750,14732,89.985,270209.756,360185.516,4398640.383,4398675.071,314456.653,4398657.967,90.002
a2,L2751,2501,14.447,395851.701,410296.893,4398638.134,4398678.403,402316.929,4398657.331,89.938
a2,L2752,1376,8.441,387863.500,396303.002,4398641.340,4398663.781,392592.760,4398654.591,89.989
a2,L2753,4651,28.537,359718.741,388250.167,4398630.284,4398680.016,374002.318,4398660.125,89.974
a2,L2760,14397,89.956,270200.719,360145.161,4398219.833,4398274.896,314405.548,4398255.357,90.002
a2,L2763,3771,23.041,387740.319,410778.137,4398255.343,4398282.953,398526.575,4398266.506,90.015
a2,L2764,4537,28.501,359726.159,388223.944,4398242.264,4398266.465,373944.186,4398257.221,89.991
a2,L2770,7936,44.361,315815.439,360170.317,4397843.332,4397889.275,337877.037,4397866.467,90.020
a2,L2771,7315,45.898,270192.533,316083.600,4397838.748,4397891.377,293435.456,4397870.037,89.990
a2,L2772,2984,19.465,391798.503,411260.502,4397848.886,4397883.352,401123.362,4397864.283,89.947
a2,L2773,5361,32.543,359735.504,392272.774,4397836.230,4397883.576,376631.440,4397860.215,89.960
a2,L2780,10600,68.342,291874.459,360192.153,4397371.795,4397482.642,326444.468,4397453.838,90.022
a2,L2781,8455,52.045,359741.066,411774.119,4397429.299,4397478.398,385642.998,4397456.046,89.989
a2,L2782,5731,32.476,270185.205,302617.391,4397407.808,4397576.218,287259.397,4397475.541,90.184
a2,L2790,11755,68.356,291875.039,360202.961,4396993.508,4397099.484,326284.814,4397067.448,89.986
a2,L2791,636,4.358,287812.237,292168.947,4397039.846,4397065.277,289785.196,4397054.841,90.037
a2,L2792,8541,52.540,359751.244,412280.229,4397042.471,4397078.543,386210.179,4397058.917,89.997
a2,L2793,3061,18.056,270175.154,288223.605,4397015.717,4397079.073,279122.404,4397053.656,90.063
a2,L280,22490,132.606,311790.383,444390.687,4497452.408,4497470.911,378736.644,4497463.289,90.000
a2,L2800,11939,68.321,291870.069,360181.020,4396649.182,4396692.486,326249.612,4396666.417,89.997
a2,L2801,3220,20.938,391817.566,412753.583,4396649.285,4396675.209,402216.744,4396662.396,90.001
a2,L2802,5511,32.465,359759.337,392222.409,4396652.697,4396674.818,376580.276,4396661.238,90.009
a2,L2803,3200,22.168,270168.445,292324.393,4396632.456,4396765.268,281307.257,4396674.659,90.131
a2,L281,2132,12.398,283926.841,296324.335,4497453.211,4497464.538,290097.846,4497458.785,89.973
a2,L2810,10384,68.351,291851.969,360197.201,4396234.174,4396274.668,326600.701,4396254.950,89.998
a2,L2811,3282,21.599,391652.003,413246.038,4396248.066,4396297.306,402346.724,4396270.263,89.963
a2,L2812,5362,32.462,359769.400,392226.001,4396237.032,4396289.955,376494.359,4396258.744,89.962
a2,L2813,3156,22.175,270158.292,292321.571,4396251.661,4396322.593,281549.725,4396280.181,89.919
a2,L282,2927,16.513,295736.079,312248.236,4497454.963,4497469.480,304424.425,4497463.778,89.989
a2,L2820,11584,68.278,291860.986,360128.558,4395843.469,4395892.414,326157.239,4395870.689,90.011
a2,L2821,4470,26.053,387687.333,413737.115,4395842.998,4395876.533,400572.820,4395861.622,89.984
a2,L2822,4486,28.395,359772.089,388162.858,4395848.742,4395887.507,373968.682,4395863.306,90.025
a2,L2823,3141,22.174,270149.244,292316.688,4395836.946,4395891.675,281585.236,4395866.138,89.954
a2,L283,44149,128.741,443763.628,572498.934,4497453.631,4497486.281,508025.764,4497463.428,90.001
a2,L2830,5738,36.449,323798.455,360246.586,4395451.598,4395465.992,342151.936,4395460.930,89.992
a2,L2831,5129,32.349,291851.661,324196.343,4395431.057,4395469.406,308338.677,4395453.673,90.028
a2,L2832,4369,26.524,387687.360,414207.274,4395440.233,4395491.558,399990.427,4395459.765,89.949
a2,L2833,5221,32.305,355864.154,388162.689,4395448.606,4395513.073,372111.999,4395465.696,90.097
a2,L2834,3656,22.186,270140.807,292316.574,4395441.029,4395493.208,281205.034,4395463.230,90.073
a2,L2840,6614,36.623,323780.477,360401.677,4395054.810,4395074.230,342050.659,4395064.422,90.008
a2,L2841,5188,32.273,291908.643,324175.997,4395055.977,4395098.622,307267.597,4395070.083,89.987
a2,L2842,1016,4.224,395948.295,400168.987,4395043.218,4395103.282,397969.314,4395066.955,90.590
a2,L2843,6505,36.312,359823.359,396121.717,4395031.208,4395115.377,377847.376,4395067.906,90.007
a2,L2844,2291,14.827,399895.597,414721.478,4395055.483,4395079.466,407032.174,4395065.604,90.055
a2,L2845,3626,22.190,270132.241,292308.677,4395010.456,4395095.692,281268.666,4395058.943,90.131
a2,L2850,15168,95.587,319638.055,415219.128,4394643.595,4394681.337,367811.375,4394661.309,89.999
a2,L2851,4518,28.251,291904.211,320151.904,4394638.251,4394665.382,306533.140,4394650.566,90.010
a2,L2852,3615,22.196,270123.300,292307.450,4394630.898,4394703.292,281266.293,4394663.803,90.089
a2,L2860,17457,95.911,319801.885,415707.063,4394250.107,4394277.676,366758.316,4394265.779,89.999
a2,L2861,4653,28.357,291830.284,320182.526,4394250.751,4394299.373,305730.322,4394270.465,90.024
a2,L2862,3117,22.199,270114.658,292305.666,4394254.626,4394286.875,281326.699,4394269.727,90.017
a2,L2870,3628,24.340,391866.044,416204.916,4393848.960,4393869.426,404425.034,4393860.136,90.007
a2,L2871,10993,68.295,323815.261,392105.537,4393845.643,4393874.922,358115.396,4393861.089,90.001
a2,L2872,4982,32.270,291879.043,324145.057,4393834.191,4393870.553,308602.392,4393855.387,89.986
a2,L2873,3218,22.202,270106.365,292300.987,4393858.377,4393899.293,281342.425,4393877.431,90.004
a2,L2880,3579,20.845,395851.889,416694.054,4393449.580,4393485.709,405468.068,4393464.988,89.957
a2,L2881,6054,36.451,359794.668,396243.526,4393458.382,4393474.846,377375.388,4393464.368,90.001
a2,L2882,6715,36.400,323840.545,360238.571,4393458.967,4393474.329,342097.890,4393466.242,89.998
a2,L2883,5069,32.302,291857.591,324155.937,4393451.968,4393491.858,307306.534,4393473.598,90.049
a2,L2884,3527,22.213,270096.480,292301.293,4393414.743,4393482.830,280963.243,4393457.626,89.980
a2,L2890,9014,52.446,307765.328,360206.095,4393049.484,4393099.147,334243.714,4393067.497,90.025
a2,L2891,2342,16.356,291826.086,308180.695,4393043.191,4393067.618,300118.472,4393055.502,89.928
a2,L2892,3553,20.982,395835.471,416814.990,4393044.618,4393074.264,405665.365,4393063.970,90.020
a2,L2893,5949,36.764,359506.084,396267.334,4393054.444,4393076.859,377571.387,4393065.538,90.003
a2,L2894,3545,22.219,270088.864,292297.005,4393005.310,4393092.997,280823.339,4393055.563,90.182
a2,L290,20368,124.483,319793.296,444271.935,4497054.517,4497068.405,382474.003,4497060.758,89.998
a2,L2900,10528,69.686,291790.732,361470.464,4392641.884,4392671.411,327423.283,4392656.401,90.003
a2,L2901,3312,21.143,395743.394,416885.071,4392655.145,4392676.369,405418.121,4392664.595,89.994
a2,L2902,5863,36.811,359517.123,396323.897,4392629.356,4392679.927,377927.949,4392662.915,90.019
a2,L2903,3305,22.223,270079.880,292293.661,4392653.553,4392710.098,281439.999,4392673.335,90.006
a2,L291,42369,128.722,443780.605,572498.934,4497053.792,4497071.463,507045.798,4497061.675,89.999
a2,L2910,11541,68.384,291797.210,360171.127,4392244.133,4392287.847,325924.554,4392267.417,89.984
a2,L2911,1388,8.414,291861.194,300274.713,4392265.995,4392278.984,295835.683,4392273.098,90.032
a2,L2912,9253,57.439,359524.391,416955.902,4392244.987,4392278.066,388147.669,4392262.218,90.003
a2,L2913,3773,22.237,270069.727,292285.049,4392191.995,4392289.176,280586.782,4392251.989,89.891
a2,L292,5972,36.620,283567.228,320184.109,4497049.534,4497069.544,301732.361,4497059.601,89.998
a2,L2920,10962,68.463,291792.736,360248.036,4391851.511,4391890.716,325706.696,4391864.543,89.998
a2,L2921,9463,57.506,359533.596,417025.051,4391829.632,4391891.569,388097.684,4391863.197,89.993
a2,L2922,3621,22.233,270062.791,292283.993,4391825.470,4391894.950,280751.455,4391856.234,90.035
a2,L2930,10816,68.312,291838.106,360141.385,4391436.069,4391481.765,326583.695,4391456.359,89.985
a2,L2931,3463,21.403,395693.622,417094.979,4391453.784,4391471.095,405564.659,4391461.990,89.966
a2,L2932,5895,36.623,359543.790,396161.125,4391445.604,4391490.387,377533.242,4391466.120,90.028
a2,L2933,3323,22.237,270059.143,292282.052,4391435.142,4391502.554,281700.503,4391469.328,90.005
a2,L2940,10500,68.359,291838.588,360189.899,4391038.487,4391073.724,326767.189,4391055.217,89.994
a2,L2941,3594,21.498,395670.176,417165.335,4391050.041,4391080.529,405758.135,4391065.296,89.986
a2,L2942,5850,36.750,359549.509,396291.245,4391030.638,4391079.132,377945.836,4391063.071,90.006
a2,L2943,3405,22.236,270059.172,292279.846,4391021.411,4391123.134,281438.346,4391071.824,90.084
a2,L2950,1445,8.390,351807.024,360196.113,4390654.879,4390667.792,356049.141,4390661.870,89.987
a2,L2951,10252,60.331,291795.761,352118.511,4390648.637,4390683.616,322470.346,4390664.554,89.997
a2,L2952,9499,57.676,359564.490,417235.109,4390651.295,4390679.103,388004.763,4390661.804,89.991
a2,L2953,3853,22.240,270059.206,292276.419,4390610.049,4390689.122,280486.847,4390649.510,90.025
a2,L2960,10127,64.326,295822.563,360143.259,4390241.945,4390265.800,328292.152,4390257.546,89.999
a2,L2961,9458,57.749,359568.429,417305.273,4390243.810,4390285.921,388318.249,4390263.783,89.983
a2,L2962,4260,26.191,270059.236,296180.945,4390143.341,4390328.995,283697.671,4390263.352,90.263
a2,L2970,11187,64.425,295801.680,360219.125,4389851.335,4389875.368,328001.368,4389863.110,89.998
a2,L2971,3643,21.724,395654.836,417377.393,4389850.931,4389873.134,405457.905,4389862.582,90.024
a2,L2972,5857,36.786,359582.502,396360.788,4389834.359,4389875.778,377813.716,4389860.532,89.994
a2,L2973,4019,26.140,270059.267,296174.850,4389846.752,4389945.427,283421.280,4389875.153,90.064
a2,L2980,10552,64.400,295848.793,360241.999,4389444.561,4389476.092,328643.568,4389459.009,89.988
a2,L2981,3517,21.790,395656.231,417444.548,4389453.430,4389476.921,405736.787,4389465.198,89.953
a2,L2982,5833,36.601,359589.264,396181.816,4389437.154,4389479.791,377886.252,4389461.203,89.993
a2,L2983,4289,26.197,270059.300,296225.372,4389400.573,4389511.009,282678.796,4389455.482,89.965
a2,L2990,11787,68.446,295800.939,364240.972,4389052.634,4389077.673,330455.911,4389062.692,90.000
a2,L2991,9499,57.930,359601.829,417517.582,4389045.123,4389096.779,388399.308,4389062.537,89.994
a2,L2992,4204,26.195,270059.332,296226.916,4388994.020,4389099.217,282501.152,4389050.637,90.025
a2,L30,7603,44.836,451593.692,496426.855,4507451.361,4507471.888,473759.046,4507462.986,89.998
a2,L300,25610,156.588,287826.806,444406.693,4496648.419,4496676.779,367293.895,4496663.731,90.003
a2,L3000,10438,64.322,299816.744,364133.882,4388649.225,4388669.091,332365.455,4388658.544,89.989
a2,L3001,9986,57.996,359606.246,417587.177,4388642.640,4388692.309,389138.985,4388662.044,90.030
a2,L3002,4604,30.218,270059.361,300240.710,4388632.542,4388726.474,285735.716,4388668.935,90.121
a2,L301,5879,32.789,443647.157,476434.613,4496653.426,4496667.858,459612.200,4496660.823,90.000
a2,L3010,12351,72.465,299798.350,372256.270,4388237.501,4388273.556,336228.490,4388262.910,90.000
a2,L3011,3671,22.044,395615.153,417655.852,4388248.559,4388280.834,405403.970,4388263.956,89.985
a2,L3012,4508,28.603,367740.366,396335.982,4388247.625,4388292.314,382201.015,4388262.410,89.990
a2,L3013,4656,30.208,270059.396,300249.922,4388233.676,4388281.500,284480.047,4388256.854,90.056
a2,L302,16736,96.887,475614.581,572498.933,4496655.346,4496666.472,523684.637,4496662.068,90.000
a2,L3020,12356,76.366,295819.960,372179.114,4387849.929,4387881.617,333909.342,4387860.791,90.015
a2,L3021,7570,46.023,371713.542,417727.048,4387828.564,4387873.304,394582.922,4387861.316,89.994
a2,L3022,4125,26.138,270059.429,296169.626,4387793.558,4387918.816,282911.743,4387850.070,90.011
a2,L303,896,5.225,283215.626,288440.363,4496656.178,4496669.147,285996.093,4496661.628,90.016
a2,L3030,9383,52.371,295852.667,348217.358,4387454.349,4387482.676,322922.086,4387463.933,89.998
a2,L3031,4257,24.443,347819.578,372261.183,4387456.885,4387468.220,359928.944,4387462.867,89.993
a2,L3032,8089,49.997,367813.332,417797.306,4387418.330,4387482.663,392382.441,4387459.703,89.947
a2,L3033,4792,30.182,270059.460,300194.880,4387374.832,4387533.555,285730.350,4387467.752,90.052
a2,L3040,12877,76.365,295868.258,372226.318,4387049.060,4387077.079,334755.608,4387060.561,90.004
a2,L3041,7121,46.254,371635.011,417860.890,4387036.404,4387113.750,394363.645,4387064.939,89.955
a2,L3042,4749,30.117,270059.491,300156.875,4387016.430,4387130.125,285243.696,4387063.751,90.010
a2,L3050,13117,76.391,295850.739,372234.098,4386647.808,4386673.706,334511.633,4386662.917,90.000
a2,L3051,7840,50.429,367563.870,417939.627,4386561.009,4386714.285,393265.312,4386662.355,90.025
a2,L3052,4127,26.221,270059.524,296257.095,4386621.327,4386691.177,283337.263,4386660.852,90.001
a2,L3060,11436,68.375,303836.162,372205.197,4386246.675,4386271.010,338178.585,4386260.029,90.003
a2,L3061,8253,50.436,367577.079,418007.520,4386253.024,4386288.940,393668.311,4386265.328,89.991
a2,L3062,5390,34.249,270059.556,304258.540,4386210.497,4386349.604,287336.471,4386267.485,90.089
a2,L3070,11458,64.403,303870.394,368263.174,4385841.847,4385881.070,335982.467,4385866.149,90.013
a2,L3071,2561,18.460,399618.230,418077.300,4385858.693,4385869.490,408438.964,4385863.505,89.994
a2,L3072,5318,32.819,367585.168,400400.414,4385847.848,4385879.507,383667.982,4385862.985,89.995
a2,L3073,5752,34.196,270059.590,304252.431,4385836.291,4385875.046,286888.942,4385856.054,89.967
a2,L3080,9922,64.261,303839.315,368228.904,4385436.101,4385489.709,336274.552,4385458.730,89.998
a2,L3081,4262,26.433,391718.887,418148.733,4385450.042,4385499.640,406081.218,4385462.527,89.991
a2,L3082,4077,24.577,367600.000,392174.830,4385449.645,4385474.717,380011.303,4385461.037,90.010
a2,L3083,5288,34.201,270059.620,304257.395,4385448.023,4385480.555,287904.546,4385468.449,90.015
a2,L3090,10465,64.370,303867.716,368226.467,4385022.999,4385071.730,335910.114,4385054.729,90.002
a2,L3091,2499,18.652,399567.294,418218.330,4385055.760,4385069.260,408407.677,4385063.246,89.994
a2,L3092,5201,32.798,367615.181,400406.170,4385029.940,4385074.947,384258.626,4385060.957,89.996
a2,L3093,5311,34.197,270059.652,304254.513,4385054.703,4385082.489,287699.459,4385067.734,89.994
a2,L31,13138,76.723,375512.470,452233.195,4507457.625,4507473.850,414481.516,4507463.088,90.000
a2,L310,15430,92.336,347841.113,440173.912,4496256.851,4496270.741,394455.374,4496263.282,89.999
a2,L3100,11905,64.377,303868.305,368233.091,4384648.301,4384684.441,336166.686,4384666.931,89.989
a2,L3101,1279,6.551,411741.658,418290.481,4384651.359,4384677.356,415271.897,4384661.534,89.992
a2,L3102,2887,20.537,391752.398,412288.536,4384655.375,4384668.037,402258.394,4384661.055,89.995
a2,L3103,4782,28.668,363614.576,392274.886,4384593.367,4384682.477,378189.621,4384661.744,89.866
a2,L3104,5757,34.196,270059.685,304253.064,4384644.298,4384663.299,286708.203,4384654.460,90.013
a2,L311,16239,49.473,439663.698,489133.616,4496257.792,4496279.767,464657.775,4496263.977,90.000
a2,L3110,9581,59.528,303795.665,368181.037,4384240.640,4384274.431,334775.562,4384257.773,90.007
a2,L3111,2473,18.760,399598.932,418357.438,4384253.664,4384273.235,408396.890,4384262.109,89.990
a2,L3112,5042,32.709,367652.268,400357.121,4384244.020,4384281.040,384248.273,4384263.115,90.035
a2,L3113,5573,34.199,270059.717,304255.984,4384243.468,4384265.736,286905.158,4384253.528,90.005
a2,L312,26145,77.246,495254.872,572498.933,4496253.961,4496271.918,532700.507,4496262.719,90.000
a2,L3120,10915,59.411,303823.867,368087.294,4383841.740,4383895.358,333140.871,4383865.298,89.981
a2,L3121,1259,6.680,411751.548,418428.433,4383839.965,4383884.572,415295.724,4383863.304,89.770
a2,L3122,2969,20.461,391829.403,412269.457,4383791.130,4383939.423,402472.043,4383862.267,90.107
a2,L3123,4740,28.264,363957.050,392209.316,4383839.429,4383928.990,378337.178,4383871.098,90.156
a2,L3124,5165,34.197,270059.747,304253.706,4383850.845,4383881.986,287477.949,4383866.419,90.028
a2,L313,11126,65.640,282857.407,348495.188,4496255.726,4496267.993,315434.840,4496261.507,89.998
a2,L3130,8676,58.608,303859.973,368134.209,4383438.484,4383493.316,333776.320,4383454.574,89.980
a2,L3131,2766,18.849,399662.430,418495.890,4383447.688,4383517.255,408980.334,4383476.588,90.005
a2,L3132,881,4.502,395702.785,400204.279,4383452.036,4383481.589,397807.003,4383462.057,89.768
a2,L3133,4369,28.665,367710.760,396369.048,4383444.657,4383485.590,381925.809,4383466.348,89.995
a2,L3134,5595,34.200,270059.781,304256.766,4383443.134,4383468.996,286610.539,4383455.647,89.986
a2,L314,1429,8.465,487768.811,496233.191,4496259.564,4496266.308,491792.849,4496262.293,90.001
a2,L3140,2266,13.059,349503.254,368235.003,4383047.225,4383109.360,357852.108,4383066.580,90.168
a2,L3141,8896,48.263,303862.780,352115.739,4383051.169,4383089.797,327961.847,4383068.452,89.994
a2,L3142,4723,28.143,363942.500,392083.813,4383056.125,4383072.089,378610.009,4383062.760,89.991
a2,L3143,3189,20.336,391881.102,412214.919,4383054.190,4383074.311,402387.161,4383062.872,90.017
a2,L3144,1089,6.787,411782.994,418568.230,4383055.762,4383074.918,415225.254,4383066.210,89.988
a2,L3145,3192,20.355,391861.809,412214.919,4383054.190,4383074.311,402377.009,4383062.876,90.019
a2,L3146,5675,34.197,270059.812,304254.253,4383046.442,4383064.797,286837.290,4383056.107,90.008
a2,L3150,10460,62.649,303838.255,372160.770,4382646.935,4382670.868,336757.355,4382660.296,90.002
a2,L3151,766,4.327,391907.986,396234.240,4382656.360,4382678.097,393910.377,4382667.751,90.269
a2,L3152,5080,28.236,363935.816,392166.403,4382642.959,4382683.987,379476.989,4382667.737,90.051
a2,L3153,947,7.034,411611.502,418640.091,4382635.273,4382688.269,415159.061,4382665.051,90.026
a2,L3154,2281,16.567,395770.278,412320.000,4382629.378,4382703.911,404535.619,4382662.941,89.976
a2,L3155,5050,34.195,270059.843,304252.306,4382653.592,4382682.923,287637.607,4382669.027,90.001
a2,L3160,10709,62.677,303841.201,372190.994,4382255.905,4382274.817,336245.288,4382264.993,90.003
a2,L3161,4614,26.968,391775.343,418706.323,4382209.514,4382337.345,406421.883,4382269.172,89.882
a2,L3162,4198,24.525,367712.355,392223.264,4382206.241,4382314.107,380252.790,4382261.121,89.892
a2,L3163,5388,34.216,270059.874,304255.798,4382184.557,4382284.245,287614.196,4382266.601,90.023
a2,L3170,10589,62.655,303810.221,372138.026,4381846.964,4381872.391,336417.360,4381859.967,90.009
a2,L3171,2789,18.986,399797.298,418781.059,4381850.217,4381877.928,409234.378,4381862.660,90.002
a2,L3172,4701,28.412,371858.837,400264.941,4381844.203,4381880.801,386851.131,4381862.008,90.048
a2,L3173,5641,34.196,270059.909,304252.661,4381845.234,4381867.996,287410.475,4381855.611,89.987
a2,L3180,10862,62.657,303819.188,372145.300,4381454.315,4381486.509,336140.432,4381465.902,90.007
a2,L3183,5555,34.244,270059.940,304300.901,4381458.968,4381480.589,287401.333,4381468.139,90.013
a2,L3184,7683,47.084,371816.358,418854.914,4381380.024,4381579.574,395720.375,4381466.809,90.004
a2,L3190,7572,45.841,315840.462,372294.659,4381050.186,4381071.903,340193.860,4381059.465,90.013
a2,L3191,1959,12.339,303845.180,316182.853,4381059.082,4381071.551,310087.097,4381065.090,90.013
a2,L3192,2676,19.212,399722.517,418912.824,4380981.254,4381174.317,409018.849,4381069.886,89.873
a2,L3193,5040,30.092,370117.037,400169.114,4380993.615,4381159.630,385680.635,4381072.941,89.881
a2,L3194,5663,34.247,270059.971,304304.121,4381053.052,4381084.278,287426.485,4381070.317,90.002
a2,L32,24733,71.629,304764.536,376390.756,4507453.917,4507469.564,340250.267,4507460.900,89.997
a2,L320,9458,52.554,439752.515,492305.098,4495857.183,4495867.998,466538.493,4495861.668,90.002
a2,L3200,11175,61.723,299919.723,372238.408,4380654.556,4380726.096,331521.229,4380664.985,90.048
a2,L3201,817,4.558,411669.628,416224.557,4380615.108,4380675.170,413996.571,4380655.012,90.355
a2,L3202,4548,28.666,383706.464,412338.123,4380589.698,4380755.412,397477.745,4380660.531,90.211
a2,L3203,3009,17.779,366519.835,384290.712,4380620.354,4380708.645,375812.206,4380668.943,89.974
a2,L3204,536,3.205,415781.102,418984.799,4380645.950,4380704.213,417375.403,4380673.290,89.315
a2,L3205,5388,34.252,270060.005,304308.163,4380596.892,4380670.067,287372.383,4380652.170,90.098
a2,L321,4067,25.083,415602.478,440684.317,4495853.437,4495867.773,427695.431,4495861.997,89.995
a2,L3210,2194,12.763,347876.433,372143.051,4380257.372,4380271.153,359386.671,4380264.439,89.982
a2,L3211,3554,20.324,303892.011,324213.602,4380255.548,4380275.114,314375.071,4380264.322,89.986
a2,L3212,2860,16.340,323874.670,340213.026,4380259.747,4380280.263,331841.284,4380269.350,89.967
a2,L3213,1323,8.454,339833.304,348286.965,4380258.657,4380264.965,344101.964,4380261.945,90.009
a2,L3214,3528,23.306,395784.925,419068.568,4380183.234,4380336.441,406982.175,4380270.382,90.290
a2,L3215,3783,24.577,371661.788,396220.369,4380212.217,4380301.555,384084.115,4380272.463,89.942
a2,L3216,5374,34.255,270060.038,304310.075,4380234.206,4380272.422,286994.530,4380256.346,89.957
a2,L322,22182,133.827,282500.740,416323.717,4495852.299,4495867.454,348348.543,4495861.151,90.001
a2,L3220,5130,28.820,331840.502,372151.091,4379851.854,4379952.050,348554.961,4379862.533,89.994
a2,L3221,5900,32.273,303782.867,336049.190,4379852.682,4379897.606,319762.725,4379870.211,90.023
a2,L3222,1282,7.370,411790.709,419150.917,4379747.273,4379876.563,415591.850,4379852.967,90.858
a2,L3223,4345,28.684,383691.631,412331.509,4379781.087,4379977.850,397957.663,4379854.965,89.975
a2,L3224,2186,12.673,371648.512,384306.355,4379778.376,4379902.837,378069.655,4379849.925,90.306
a2,L3225,5204,34.263,270060.068,304318.994,4379859.485,4379888.342,287384.613,4379870.910,89.967
a2,L323,4278,24.628,491618.365,516245.199,4495859.186,4495867.744,504330.521,4495862.906,90.003
a2,L3230,1026,5.645,366517.532,372160.780,4379455.620,4379485.211,369385.875,4379464.922,89.915
a2,L3231,6651,39.116,315905.915,355002.766,4379372.014,4379488.834,335294.480,4379463.974,90.003
a2,L3232,2066,12.354,303830.107,316182.708,4379449.654,4379467.026,309982.343,4379459.902,90.010
a2,L3233,3625,23.556,395671.778,419212.187,4379399.221,4379507.062,406833.957,4379460.280,90.139
a2,L3234,4091,24.637,371636.101,396269.538,4379444.354,4379475.988,384383.936,4379459.896,90.014
a2,L3235,5233,34.265,270060.101,304321.702,4379445.549,4379469.999,286854.690,4379458.032,89.985
a2,L324,10045,56.958,515543.224,572498.933,4495853.205,4495868.717,543470.199,4495861.664,90.005
a2,L3240,1035,5.604,366516.789,372119.027,4379055.191,4379080.425,369290.571,4379065.634,90.137
a2,L3241,9311,51.204,303809.061,354996.950,4379039.954,4379110.413,329480.220,4379064.857,89.992
a2,L3242,3611,23.517,395777.481,419260.933,4379008.994,4379122.679,407064.870,4379067.365,89.888
a2,L3243,4038,24.560,371627.734,396162.275,4379001.530,4379128.808,384547.753,4379068.436,90.011
a2,L3244,4886,32.657,271669.946,304323.900,4379044.384,4379070.251,287665.255,4379056.775,90.007
a2,L3250,1015,5.779,366516.017,372294.080,4378658.765,4378673.805,369407.319,4378664.679,90.084
a2,L3251,8016,48.452,303812.618,352253.194,4378640.771,4378679.649,328375.061,4378659.594,90.010
a2,L3252,640,3.618,351768.928,355386.059,4378655.528,4378669.658,353563.256,4378663.120,89.902
a2,L3253,640,3.657,415685.933,419342.693,4378655.309,4378674.653,417567.004,4378665.943,90.303
a2,L3254,5247,32.457,383766.365,416215.833,4378639.749,4378683.259,400354.332,4378666.283,89.955
a2,L3255,2193,12.581,371617.390,384196.297,4378649.767,4378682.043,378079.801,4378666.989,90.081
a2,L3256,5034,32.671,271666.658,304334.379,4378642.595,4378671.269,287769.844,4378657.081,89.994
a2,L3260,8578,51.568,303823.758,355378.700,4378241.376,4378282.386,329943.541,4378259.682,90.003
a2,L3261,922,5.624,366515.208,372138.531,4378249.326,4378274.627,369331.202,4378261.811,89.812
a2,L3262,8932,51.751,367670.323,419409.772,4378244.875,4378364.706,393873.112,4378262.872,90.099
a2,L3263,4918,32.676,271663.479,304337.343,4378253.236,4378284.753,288476.799,4378268.105,90.006
a2,L3270,1076,5.673,366514.480,372183.954,4377837.547,4377875.873,369322.498,4377863.755,90.147
a2,L3271,9493,51.146,303840.617,354968.152,4377837.820,4377890.582,329705.668,4377865.655,89.982
a2,L3272,3738,23.764,395717.529,419478.778,4377848.854,4377879.736,407090.029,4377864.052,89.950
a2,L3273,3969,24.543,371678.327,396218.260,4377850.620,4377887.260,384561.366,4377865.820,89.992
a2,L3274,5050,32.685,271660.207,304341.516,4377852.332,4377881.092,288747.772,4377867.970,89.987
a2,L3280,1429,8.317,343876.333,352192.819,4377446.684,4377467.739,347906.091,4377462.594,90.110
a2,L3281,8444,51.107,303873.900,354960.322,4377393.954,4377504.175,329563.946,4377457.808,89.982
a2,L3282,881,5.651,366513.679,372162.983,4377450.993,4377477.206,369344.619,4377466.703,89.784
a2,L3283,5004,32.692,271656.990,304344.211,4377451.315,4377485.205,288195.672,4377467.306,89.992
a2,L3284,685,3.798,415755.131,419551.949,4377447.521,4377474.734,417788.835,4377456.793,90.185
a2,L3285,801,4.562,411776.466,416337.294,4377443.180,4377469.629,414335.072,4377462.684,89.739
a2,L3286,4490,28.570,383641.745,412208.739,4377448.877,4377475.720,397899.739,4377460.922,89.988
a2,L3287,2745,16.452,367668.055,384118.230,4377418.692,4377471.486,376394.525,4377458.600,89.854
a2,L3290,9165,55.940,299825.448,355759.084,4377046.479,4377070.129,328292.667,4377057.523,89.999
a2,L3291,954,5.684,366512.931,372196.558,4377052.943,4377062.765,369367.104,4377058.214,89.984
a2,L3292,4666,28.362,271863.696,300219.396,4377040.711,4377078.610,286257.272,4377055.419,90.043
a2,L3293,3612,23.920,395704.403,419622.186,4377051.846,4377076.358,407081.070,4377062.210,89.995
a2,L3294,3750,24.626,371702.127,396325.381,4377048.380,4377079.707,384492.140,4377066.682,90.055
a2,L33,26736,76.880,495621.993,572498.934,4507448.367,4507468.967,533332.206,4507461.966,90.001
a2,L330,15794,96.223,347856.900,444074.706,4495452.606,4495474.676,396363.815,4495461.062,90.001
a2,L3300,674,3.875,351876.823,355750.977,4376653.435,4376667.715,353803.980,4376659.171,89.965
a2,L3301,8200,44.320,303833.560,348138.840,4376641.992,4376687.040,325930.649,4376666.072,89.996
a2,L3302,1020,5.674,366512.156,372186.238,4376655.229,4376664.310,369359.233,4376660.327,89.946
a2,L3303,1736,9.716,342690.433,352400.837,4376621.625,4376668.499,347574.011,4376664.108,89.757
a2,L3304,5042,32.677,271650.395,304324.495,4376639.326,4376668.544,287219.833,4376655.652,90.010
a2,L3305,7253,47.982,371712.912,419688.749,4376642.199,4376684.751,395703.934,4376664.545,89.982
a2,L331,21084,128.689,443814.073,572498.933,4495453.712,4495471.027,507088.468,4495462.492,89.999
a2,L3310,8840,52.157,303779.939,355933.083,4376250.559,4376271.391,330486.559,4376263.620,89.996
a2,L3311,554,3.887,415876.277,419762.619,4376258.998,4376273.507,417900.030,4376263.472,90.175
a2,L3312,4850,32.452,383659.166,416108.885,4376253.119,4376267.262,400853.625,4376260.256,90.000
a2,L3313,2615,16.395,367826.546,384220.844,4376255.179,4376267.956,376284.704,4376259.813,89.997
a2,L3314,4930,32.651,271647.172,304292.962,4376248.343,4376284.102,288279.228,4376266.853,90.014
a2,L332,11180,66.385,282148.621,348531.421,4495458.097,4495474.055,315594.670,4495464.799,90.001
a2,L3320,9206,52.162,303775.230,355935.597,4375851.584,4375865.589,329972.646,4375860.045,90.001
a2,L3321,4057,28.035,391799.576,419833.064,4375855.089,4375873.804,404568.173,4375864.421,90.017
a2,L3323,3531,24.522,367743.519,392263.511,4375856.006,4375874.683,379838.002,4375864.433,89.993
a2,L3324,4369,28.410,275848.559,304256.059,4375852.641,4375878.723,290526.099,4375867.574,89.997
a2,L3325,619,4.657,271643.897,276299.865,4375860.438,4375880.063,273870.743,4375869.944,89.850
a2,L3330,9432,56.120,299821.931,355938.050,4375450.741,4375472.133,328312.201,4375463.604,89.995
a2,L3331,704,4.237,415665.830,419902.256,4375448.799,4375465.753,417756.926,4375457.699,89.954
a2,L3332,738,4.455,411875.672,416330.652,4375438.305,4375462.902,414297.583,4375457.126,89.744
a2,L3333,7150,44.834,367719.706,412504.842,4375419.031,4375590.110,389896.808,4375469.183,89.921
a2,L3334,4890,28.575,271640.519,300211.142,4375443.675,4375467.682,286059.682,4375454.487,90.001
a2,L3340,9544,56.072,299871.365,355940.554,4375052.905,4375066.201,328715.350,4375060.417,89.997
a2,L3341,3408,20.536,367728.287,388249.545,4375024.853,4375123.332,378402.081,4375063.530,90.054
a2,L3342,4719,30.185,270060.451,300242.556,4375052.004,4375078.986,285715.426,4375068.673,90.032
a2,L3343,3604,24.407,395571.885,419973.318,4375037.832,4375100.581,407238.369,4375062.466,89.967
a2,L3344,1548,8.702,387681.977,396379.392,4375033.252,4375077.936,391866.932,4375056.923,90.167
a2,L3350,9403,56.124,299821.906,355942.951,4374654.663,4374674.378,328577.621,4374664.090,89.987
a2,L3351,3170,20.587,367737.873,388293.611,4374638.033,4374736.986,377823.302,4374671.406,89.975
a2,L3352,5580,34.261,270060.486,304307.710,4374582.112,4374710.983,287316.792,4374652.609,89.879
a2,L3353,1154,8.354,411686.890,420036.196,4374646.047,4374703.812,416211.815,4374668.897,89.722
a2,L3354,3941,24.617,387685.221,412292.086,4374649.463,4374737.751,400242.434,4374665.149,90.096
a2,L3360.9,1472,8.154,347792.062,355945.484,4374259.637,4374267.585,351867.183,4374262.541,89.992
a2,L3361,8399,48.309,299844.392,348150.462,4374253.618,4374270.417,324686.930,4374260.364,90.001
a2,L3362,5512,34.199,270060.515,304252.109,4374145.877,4374270.001,287631.790,4374256.538,90.202
a2,L3363,1324,8.422,411693.909,420114.460,4374253.104,4374276.865,416122.172,4374264.412,90.058
a2,L3364,7252,44.604,367700.758,412299.580,4374237.798,4374270.340,389573.258,4374257.877,90.004
a2,L3370,9550,52.075,303878.861,355947.953,4373851.325,4373880.212,330063.435,4373864.477,89.997
a2,L3371,5067,34.171,270060.547,304229.074,4373853.474,4373878.896,287429.416,4373866.846,90.010
a2,L3373,8070,52.482,367705.973,420184.306,4373851.165,4373875.554,394281.681,4373864.832,90.011
a2,L3380,9531,56.068,299889.834,355950.490,4373449.079,4373474.427,328304.563,4373459.935,90.013
a2,L3381,4588,32.461,311773.316,344226.844,4373451.670,4373505.081,327884.717,4373465.911,89.993
a2,L3382,6541,42.385,270060.579,312442.617,4373452.129,4373478.373,291908.800,4373465.793,90.008
a2,L3383,7831,52.501,367768.925,420251.887,4373426.633,4373500.530,393495.603,4373464.093,89.977
a2,L3390,4482,25.720,366505.267,392221.045,4373044.753,4373073.892,379279.208,4373060.778,90.011
a2,L3391,9381,55.728,299839.440,355952.946,4373051.862,4373072.577,327848.045,4373064.300,90.007
a2,L3392,4549,32.459,311770.190,344224.015,4373047.966,4373073.721,327954.169,4373061.188,89.969
a2,L3393,6459,42.379,270060.612,312437.141,4373045.209,4373068.883,290851.385,4373059.427,89.992
a2,L3394,4578,28.723,391628.341,420324.309,4372977.068,4373150.180,407087.034,4373057.962,89.992
a2,L340,9247,56.485,435758.988,492241.026,4495057.940,4495110.307,464164.174,4495063.668,89.957
a2,L3400,832,4.274,383904.724,388177.898,4372653.723,4372677.080,386039.816,4372662.456,90.312
a2,L3401,3198,17.903,366504.499,384405.852,4372643.791,4372667.814,375769.946,4372656.890,89.981
a2,L3402,9312,53.328,299842.807,355955.422,4372642.344,4372669.408,327215.491,4372659.728,90.002
a2,L3403,4547,32.464,311772.011,344229.895,4372643.483,4372686.901,327907.976,4372664.465,90.010
a2,L3404,5513,36.724,275698.656,312421.015,4372654.413,4372674.340,294856.692,4372665.684,90.002
a2,L3405,996,6.282,270060.643,276342.313,4372662.784,4372675.663,273026.738,4372667.405,89.990
a2,L3406,4927,32.572,387841.637,420392.696,4372598.055,4372728.722,403000.533,4372662.841,90.103
a2,L341,26015,154.523,281797.264,436315.342,4495057.210,4495073.679,360608.098,4495064.443,90.004
a2,L3410,2069,13.818,355833.290,380192.827,4372258.681,4372272.804,372832.332,4372264.686,89.983
a2,L3411,8790,53.348,299836.458,355961.105,4372252.972,4372272.766,327265.328,4372263.386,90.000
a2,L3412,4539,32.464,311769.883,344229.117,4372246.649,4372274.498,328011.742,4372260.370,90.006
a2,L3413,6933,42.352,270060.676,312410.369,4372253.527,4372269.401,291081.850,4372260.506,89.999
a2,L3414,5861,36.701,383794.422,420464.725,4372177.917,4372317.677,402577.755,4372261.453,89.970
a2,L3415,774,4.664,379591.071,384253.196,4372239.691,4372267.646,381995.553,4372257.514,89.999
a2,L3416,3870,23.201,343748.866,380271.467,4372254.557,4372270.265,363950.078,4372260.190,90.010
a2,L342,12987,80.715,491785.535,572498.933,4495056.408,4495067.998,531414.457,4495061.812,90.001
a2,L3420,11642,67.002,299862.821,380160.461,4371846.655,4371874.274,336898.357,4371860.263,90.003
a2,L3421,4497,32.465,311769.311,344230.104,4371848.797,4371889.322,327977.486,4371865.452,89.999
a2,L3422,6114,40.950,379592.787,420528.014,4371852.347,4371927.389,399604.386,4371874.116,89.943
a2,L3423,4596,30.170,270060.707,300226.968,4371856.685,4371885.685,284677.793,4371867.654,89.973
a2,L3424,3863,23.215,343751.197,380267.817,4371856.718,4371872.367,363772.112,4371862.934,90.004
a2,L3425,3865,23.160,343759.393,380261.943,4371455.593,4371466.024,364033.015,4371460.315,89.998
a2,L3430,10706,66.982,299897.459,380217.115,4371449.949,4371476.064,336422.289,4371464.079,90.007
a2,L3431,4517,32.408,311764.775,344229.452,4371451.025,4371473.840,328010.615,4371461.771,89.993
a2,L3433,6462,41.027,379599.356,420604.520,4371428.582,4371498.476,399747.230,4371462.061,89.980
a2,L3434,4421,30.173,270060.739,300228.526,4371447.214,4371479.140,284972.963,4371466.566,90.024
a2,L3440,11633,67.041,299833.950,380130.547,4371048.512,4371068.701,336522.693,4371058.599,90.001
a2,L3441,4431,32.466,311767.947,344230.569,4371045.884,4371075.604,327781.298,4371065.154,89.960
a2,L3442,6079,41.109,379605.668,420669.626,4371033.941,4371154.803,399945.710,4371068.452,89.970
a2,L3443,4695,30.172,270060.772,300228.183,4371044.657,4371067.199,284887.727,4371055.710,89.993
a2,L3444,3806,23.229,343766.504,380256.799,4371058.612,4371072.355,363514.677,4371064.120,89.988
a2,L3450,4452,32.466,311759.551,344222.674,4370655.977,4370671.764,328024.461,4370663.672,90.004
a2,L3451,6786,46.220,270060.803,316278.749,4370653.142,4370672.887,293465.952,4370664.197,89.998
a2,L3452,6156,41.164,379609.447,420744.748,4370615.379,4370726.557,400166.353,4370654.051,90.011
a2,L3453,3003,19.312,343742.517,376282.636,4370571.024,4370686.929,360792.753,4370664.887,90.168
a2,L3454,1658,8.736,371623.647,380356.620,4370644.996,4370673.305,375866.026,4370660.458,89.978
a2,L3460,4632,32.463,311762.592,344224.385,4370253.670,4370268.400,327943.283,4370260.366,89.996
a2,L3461,6819,42.257,270060.836,312312.773,4370246.788,4370268.193,291242.315,4370255.925,90.000
a2,L3462,9715,57.113,363704.483,420813.820,4370249.311,4370269.560,392531.121,4370258.607,89.987
a2,L3464,3837,24.426,339742.002,364162.674,4370243.502,4370275.219,352070.534,4370260.943,89.983
a2,L3470,4370,32.468,311757.962,344224.067,4369856.644,4369870.234,327944.349,4369863.677,89.992
a2,L3471,6797,42.254,270060.868,312306.579,4369841.510,4369873.643,291070.356,4369855.868,89.992
a2,L3472,9217,53.219,367672.787,420885.850,4369816.438,4369871.885,394369.546,4369859.471,89.954
a2,L3473,4513,28.501,339744.206,368230.197,4369822.873,4369942.126,354104.315,4369863.175,90.139
a2,L3480,4618,32.468,311759.521,344225.939,4369456.472,4369465.840,327996.574,4369460.692,90.002
a2,L3481,6453,42.246,270060.899,312298.946,4369447.991,4369484.664,291712.532,4369468.747,89.997
a2,L3482,8077,53.258,367700.598,420954.848,4369451.693,4369474.914,394052.890,4369464.217,89.985
a2,L3483,3717,24.747,343491.962,368234.706,4369443.341,4369470.710,355805.840,4369460.183,90.014
a2,L3490,4370,32.350,307848.235,340197.196,4369059.535,4369069.712,323970.132,4369063.775,89.997
a2,L3491,6144,41.844,270463.553,312290.199,4369039.635,4369215.421,291783.492,4369072.587,89.909
a2,L3492,9917,57.380,363661.602,421026.897,4369035.330,4369085.293,392022.257,4369060.564,90.019
a2,L3493,4405,28.508,339739.518,368234.042,4369033.220,4369107.705,353821.889,4369064.658,90.057
a2,L350,5302,16.569,431802.973,448371.765,4494658.062,4494665.622,440383.169,4494661.750,90.002
a2,L3500,4565,32.363,307837.875,340199.334,4368655.600,4368665.563,324110.726,4368660.762,89.996
a2,L3501,5596,37.297,270910.439,308203.437,4368644.453,4368672.948,289445.100,4368656.630,89.988
a2,L3502,8721,53.409,367712.218,421097.216,4368635.467,4368692.918,394036.586,4368662.262,90.010
a2,L3503,4531,28.503,339741.581,368238.630,4368645.025,4368690.506,353984.102,4368664.612,90.001
a2,L351,50679,150.890,281426.396,432311.648,4494652.307,4494666.225,356609.086,4494660.814,89.998
a2,L3510,4320,32.368,307830.108,340196.879,4368257.574,4368274.757,324008.187,4368264.492,89.997
a2,L3511,5600,37.012,271311.260,308303.208,4368233.980,4368280.259,290367.013,4368262.893,90.051
a2,L3512,8924,53.473,367709.820,421163.525,4368220.689,4368290.189,394384.983,4368259.160,89.987
a2,L3513,4374,28.506,339740.136,368241.142,4368243.667,4368276.082,353957.026,4368263.084,90.033
a2,L352,42059,124.767,447735.522,572498.933,4494655.724,4494668.670,509424.602,4494662.782,90.000
a2,L3520,4495,32.383,307816.262,340197.432,4367852.934,4367867.748,324134.955,4367859.242,90.007
a2,L3521,5778,36.564,271740.742,308287.376,4367826.137,4367876.650,289726.066,4367857.227,90.003
a2,L3522,8856,53.548,367709.587,421235.295,4367832.460,4367897.234,394120.515,4367858.712,90.027
a2,L3523,4386,28.505,339739.873,368241.832,4367849.814,4367873.816,354005.173,4367859.962,90.022
a2,L3530,4374,32.393,307807.559,340198.810,4367459.277,4367474.551,323922.653,4367466.037,90.007
a2,L3531,5709,36.036,272162.745,308196.877,4367444.910,4367469.796,290259.931,4367458.465,89.979
a2,L3532,8955,53.608,367714.017,421308.513,4367427.462,4367480.253,394227.696,4367460.800,90.012
a2,L3533,4658,28.515,339743.554,368246.559,4367440.541,4367486.743,354239.347,4367460.947,90.041
a2,L3540,4561,32.406,307797.702,340201.447,4367052.194,4367071.583,324052.525,4367060.401,89.992
a2,L3541,5926,35.639,272564.419,308193.018,4367031.277,4367091.776,290684.584,4367069.087,90.056
a2,L3542,8333,53.556,367713.352,421252.348,4367032.274,4367088.517,394071.822,4367062.208,89.999
a2,L3543,4467,28.507,339740.654,368244.492,4367056.004,4367077.026,353920.810,4367064.623,90.034
a2,L3550,6438,44.528,295772.875,340298.520,4366654.082,4366676.178,317640.770,4366664.192,90.004
a2,L3551,3854,23.387,272993.700,296375.243,4366638.106,4366691.010,284728.226,4366655.075,90.019
a2,L3552,8536,53.551,367593.977,421141.435,4366645.800,4366674.992,394441.987,4366658.917,89.997
a2,L3553,4302,28.508,339742.113,368245.270,4366648.258,4366682.644,353964.692,4366662.772,90.013
a2,L3560,5697,44.536,295767.366,340302.948,4366256.214,4366265.148,318169.726,4366260.499,90.005
a2,L3561,3640,22.992,273410.907,296400.175,4366257.680,4366285.868,285422.434,4366268.901,89.985
a2,L3562,9344,53.227,367819.943,421023.580,4366228.258,4366291.963,394397.626,4366257.678,90.009
a2,L3563,4472,28.510,339739.566,368246.370,4366248.801,4366273.552,354137.210,4366259.741,89.971
a2,L3570,6384,44.544,295758.744,340300.913,4365856.754,4365873.665,317656.879,4365864.377,89.997
a2,L3571,4011,26.437,273849.823,300281.894,4365843.117,4365889.094,287503.151,4365867.918,89.926
a2,L3573,4539,28.520,339740.363,368254.728,4365846.070,4365873.381,354169.722,4365860.485,89.975
a2,L3574,8728,53.249,367672.731,420904.732,4365834.123,4365879.640,393593.202,4365857.036,89.979
a2,L3580,5869,44.553,295750.308,340301.089,4365451.432,4365468.672,318235.120,4365460.782,89.996
a2,L3581,3427,22.031,274250.999,296279.604,4365443.763,4365468.861,285140.320,4365454.975,90.028
a2,L3582,8702,53.280,367518.754,420787.964,4365437.797,4365479.842,393830.015,4365460.482,89.973
a2,L3583,4358,28.523,339740.329,368255.331,4365446.226,4365488.444,353966.340,4365465.593,89.964
a2,L3590,6441,44.561,295744.442,340302.859,4365052.854,4365071.768,317986.325,4365064.653,90.003
a2,L3591,3704,21.634,274680.803,296312.614,4365041.302,4365064.188,285408.651,4365053.333,89.994
a2,L3592,4293,28.530,339738.404,368257.309,4365012.188,4365084.284,354038.517,4365063.380,90.025
a2,L3593,8368,52.998,367680.272,420672.295,4365037.298,4365075.640,394534.230,4365062.685,89.994
a2,L360,57860,167.308,281074.438,448375.855,4494252.339,4494270.229,366641.205,4494263.151,90.000
a2,L3600,6082,44.570,295738.024,340306.120,4364652.106,4364666.257,318316.009,4364659.220,90.008
a2,L3601,3328,21.256,275101.962,296355.120,4364647.337,4364681.792,285851.591,4364665.989,89.956
a2,L3602,4429,28.533,339740.007,368260.294,4364642.794,4364689.773,354055.710,4364662.558,90.008
a2,L3603,8351,52.877,367684.371,420554.834,4364644.060,4364673.315,394668.811,4364662.536,89.980
a2,L361,43110,125.053,447448.839,572498.933,4494255.628,4494266.947,509983.834,4494261.923,89.999
a2,L3610,7482,52.494,287819.044,340308.672,4364254.824,4364276.765,313686.150,4364264.572,90.003
a2,L3611,2073,12.755,275513.614,288267.412,4364243.467,4364261.262,281732.196,4364253.222,90.012
a2,L3612,4591,28.528,339741.594,368262.725,4364246.383,4364274.339,354149.405,4364261.513,89.988
a2,L3613,8086,52.751,367687.566,420433.710,4364247.912,4364273.199,394094.693,4364261.812,90.001
a2,L3620,6995,52.491,287820.538,340308.829,4363849.008,4363867.631,314416.484,4363860.089,90.002
a2,L3621,2212,12.327,275938.785,288263.773,4363834.655,4363869.390,281783.481,4363850.627,90.005
a2,L3623,4411,28.524,339743.876,368261.111,4363846.580,4363886.621,353942.258,4363866.134,90.002
a2,L3624,7906,52.623,367695.747,420310.280,4363843.761,4363884.240,394239.291,4363861.755,90.021
a2,L3630,7629,52.487,287827.443,340310.650,4363455.271,4363474.071,314105.628,4363464.805,89.988
a2,L3631,1835,11.922,276349.562,288269.654,4363441.225,4363479.106,282545.453,4363464.878,90.087
a2,L3632,4439,28.527,339744.534,368263.120,4363445.255,4363483.391,353908.102,4363462.043,89.959
a2,L3633,8447,52.504,367698.657,420196.567,4363443.817,4363475.907,393632.925,4363459.648,89.997
a2,L3640,7705,52.486,287831.971,340313.562,4363044.678,4363068.189,314668.953,4363059.374,89.994
a2,L3641,1752,11.495,276771.627,288265.204,4363058.741,4363082.867,282843.269,4363070.845,89.906
a2,L3642,4301,28.536,339741.983,368269.593,4363046.637,4363079.791,353846.689,4363063.532,90.015
a2,L3643,8352,52.380,367705.772,420079.859,4363048.250,4363074.783,393414.024,4363059.046,90.000
a2,L3650,8225,52.485,287837.879,340318.944,4362657.283,4362676.572,314298.360,4362664.839,89.993
a2,L3651,1682,11.085,277185.472,288269.149,4362663.458,4362683.175,282975.658,4362671.011,89.981
a2,L3652,4412,28.550,339740.101,368270.130,4362647.690,4362711.183,354074.023,4362663.465,90.022
a2,L3653,8425,52.265,367705.059,419958.222,4362604.496,4362675.714,393611.886,4362657.242,90.007
a2,L3660,8190,52.478,287848.266,340321.840,4362249.357,4362266.785,314326.219,4362258.560,90.008
a2,L3661,1703,10.638,277629.873,288266.254,4362235.320,4362262.350,282878.050,4362249.801,89.935
a2,L3662,4517,28.538,339739.100,368267.509,4362235.890,4362293.653,354321.053,4362262.104,89.955
a2,L3663,4729,28.766,367712.703,396476.104,4362253.444,4362274.740,381896.052,4362260.985,89.989
a2,L3664,3433,24.105,395743.584,419842.914,4362246.418,4362296.965,407905.815,4362263.893,89.999
a2,L3670,8249,52.475,287852.856,340320.511,4361853.000,4361917.501,314174.203,4361864.477,89.942
a2,L3671,1574,10.289,278027.975,288316.300,4361857.852,4361872.169,283343.419,4361863.996,89.945
a2,L3672,4378,28.545,339742.176,368272.427,4361834.340,4361896.992,353920.921,4361863.662,90.067
a2,L3673,2857,20.081,399645.910,419724.886,4361851.453,4361880.032,410097.033,4361863.850,90.005
a2,L3674,6567,44.578,355564.884,400133.630,4361838.563,4361877.274,377720.803,4361859.258,90.027
a2,L3680,8504,52.472,287858.031,340325.415,4361446.391,4361466.617,314711.494,4361457.826,90.008
a2,L3681,1616,9.865,278448.714,288312.928,4361452.164,4361465.781,283081.887,4361458.658,90.014
a2,L3682,4357,28.535,339741.472,368271.691,4361453.646,4361480.842,353940.387,4361465.121,90.025
a2,L3683,4260,28.760,367720.094,396478.286,4361458.381,4361490.645,382398.642,4361465.063,89.958
a2,L3684,3598,23.854,395756.959,419605.880,4361438.221,4361478.353,407943.442,4361461.045,90.020
a2,L3690,8694,52.475,287858.946,340327.552,4361053.472,4361077.231,314013.980,4361063.484,90.002
a2,L3691,1477,9.438,278867.879,288304.263,4361050.951,4361076.915,283526.049,4361062.572,89.981
a2,L3692,4576,28.542,339739.131,368273.380,4361045.942,4361079.303,354098.784,4361059.487,89.995
a2,L3693,2988,19.739,399747.629,419481.642,4361034.576,4361088.542,409520.265,4361061.865,90.068
a2,L3694,5054,32.722,367533.505,400251.759,4361049.403,4361075.318,384146.192,4361063.509,90.014
a2,L370,7006,20.841,435529.731,456369.509,4493851.888,4493868.682,445966.246,4493861.236,89.999
a2,L3700,9657,56.262,287866.102,344121.925,4360647.871,4360671.392,316791.576,4360657.848,89.982
a2,L3701,1440,9.012,279290.832,288301.604,4360650.520,4360664.259,283570.870,4360657.197,89.985
a2,L3702,4609,28.546,339739.218,368281.213,4360646.717,4360679.234,354218.935,4360659.618,89.983
a2,L3703,7825,51.843,367544.011,419372.173,4360647.508,4360699.128,393170.553,4360666.785,90.003
a2,L371,36505,104.886,467616.696,572498.933,4493848.609,4493870.238,520085.604,4493862.279,89.992
a2,L3710,8951,60.607,279718.000,340320.136,4360243.601,4360266.998,311060.635,4360257.775,89.990
a2,L3711,4480,28.549,339743.214,368282.416,4360247.917,4360449.964,353847.674,4360271.293,90.370
a2,L3712,7841,51.698,367558.779,419254.211,4360253.938,4360272.277,393317.227,4360261.255,89.994
a2,L372,4361,13.003,455585.620,468588.296,4493852.004,4493866.758,462125.922,4493860.747,89.993
a2,L3720,10805,60.199,280108.293,340295.893,4359845.918,4359877.631,308776.202,4359861.627,90.008
a2,L3721,4366,28.548,339739.670,368284.547,4359857.542,4359889.017,353882.516,4359866.850,90.006
a2,L3722,7516,51.578,367560.692,419136.923,4359855.942,4359868.547,393155.155,4359863.047,89.999
a2,L373,10277,28.483,407849.626,436332.253,4493858.151,4493869.201,422551.502,4493863.060,90.005
a2,L3730,8128,44.523,295758.154,340277.228,4359454.233,4359472.503,317805.165,4359464.288,90.007
a2,L3731,2429,15.771,280549.142,296318.616,4359447.831,4359464.536,288607.316,4359457.895,89.995
a2,L3732,4643,28.546,339745.061,368286.409,4359445.462,4359472.253,354021.862,4359459.212,90.018
a2,L3733,7824,51.454,367573.797,419015.229,4359425.091,4359490.024,393453.500,4359459.619,90.004
a2,L374,20462,127.662,280713.988,408357.242,4493841.390,4493903.403,345133.215,4493865.953,89.994
a2,L3740,7319,48.371,295755.482,344123.307,4359049.654,4359067.994,320340.236,4359059.265,89.998
a2,L3741,2416,15.349,280950.644,296297.703,4359055.408,4359074.078,288503.126,4359063.497,90.039
a2,L3742,3857,24.523,343774.286,368289.763,4359047.171,4359115.986,356186.617,4359062.047,90.024
a2,L3743,7599,51.327,367584.618,418899.733,4359038.859,4359088.159,393342.788,4359061.801,89.998
a2,L3750,4241,24.321,319817.284,344136.372,4358658.348,4358677.962,331856.008,4358665.140,90.005
a2,L3751,6216,38.961,281370.878,320328.021,4358652.674,4358671.903,301054.751,4358663.126,90.010
a2,L3752,3844,24.515,343780.360,368289.994,4358646.286,4358677.542,356038.610,4358663.935,90.013
a2,L3753,7767,51.193,367595.105,418782.641,4358643.630,4358677.813,393009.442,4358664.173,90.000
a2,L3760,3758,24.354,319801.909,344154.851,4358255.009,4358267.020,331911.358,4358260.363,89.997
a2,L3761,6384,38.527,281802.236,320325.629,4358247.098,4358264.078,301105.168,4358256.881,90.003
a2,L3762,3827,24.511,343784.429,368292.190,4358236.385,4358277.108,355988.371,4358263.459,90.039
a2,L3763,8447,54.834,363832.026,418663.809,4358255.445,4358298.360,391508.791,4358261.771,90.038
a2,L3770,4602,24.405,319759.193,344162.841,4357858.369,4357869.323,331746.700,4357863.949,90.009
a2,L3771,6035,38.111,282217.925,320325.161,4357853.429,4357876.271,301688.286,4357863.585,89.997
a2,L3772,3838,24.516,343783.175,368291.091,4357842.603,4357904.163,355998.257,4357864.382,90.010
a2,L3773,7668,50.833,367714.094,418545.546,4357856.971,4357869.974,392839.890,4357863.674,90.001
a2,L3780,3812,24.358,319819.088,344176.472,4357451.515,4357464.769,331977.164,4357459.024,90.000
a2,L3781,6408,37.677,282645.141,320319.376,4357449.917,4357466.330,301579.779,4357458.985,90.001
a2,L3782,4010,24.513,343788.380,368298.147,4357451.229,4357476.630,356034.352,4357462.747,89.979
a2,L3783,7717,50.722,367706.446,418426.533,4357453.159,4357468.562,393304.014,4357459.820,90.003
a2,L3790,4305,24.660,319698.456,344356.881,4357057.991,4357071.498,332246.695,4357063.934,89.983
a2,L3792,6052,37.272,283051.595,320320.398,4357053.924,4357074.214,301922.294,4357063.707,90.002
a2,L3793,3869,24.511,343787.850,368294.733,4357050.439,4357077.776,355885.086,4357063.357,89.982
a2,L3794,7831,50.613,367699.174,418310.540,4357053.945,4357067.432,392439.836,4357061.956,89.998
a2,L380,11308,32.900,439416.206,472315.498,4493457.240,4493469.043,456878.983,4493463.453,89.995
a2,L3800,4116,24.655,319692.774,344346.386,4356654.340,4356668.964,331993.567,4356661.144,90.000
a2,L3801,5760,36.840,283477.105,320314.471,4356656.379,4356671.452,302148.154,4356662.247,89.996
a2,L3802,3892,24.514,343791.735,368302.006,4356649.320,4356682.401,355969.087,4356664.431,90.051
a2,L3803,7916,50.504,367689.555,418191.208,4356652.149,4356667.282,393008.183,4356659.423,90.001
a2,L381,33434,101.004,471497.639,572498.933,4493457.175,4493468.488,521685.975,4493462.310,89.999
a2,L3810,4286,24.654,319691.275,344344.189,4356256.035,4356269.786,332042.724,4356264.112,90.017
a2,L3811,6245,36.416,283898.672,320311.529,4356250.902,4356269.033,302128.485,4356257.801,90.007
a2,L3812,3978,24.516,343793.565,368303.400,4356245.572,4356276.540,356091.900,4356260.389,89.969
a2,L3813,7894,50.394,367681.536,418073.866,4356253.158,4356267.311,392575.555,4356262.116,90.004
a2,L382,11005,32.716,407796.283,440511.665,4493455.412,4493467.382,423927.354,4493461.864,89.992
a2,L3820,4017,24.656,319686.267,344341.126,4355852.499,4355865.860,331969.607,4355860.308,90.010
a2,L3821,5650,35.994,284316.165,320308.535,4355853.681,4355870.471,302823.600,4355862.154,89.994
a2,L3822,3978,24.514,343795.618,368303.897,4355843.690,4355876.613,356067.443,4355860.395,90.008
a2,L3823,7874,50.279,367677.868,417954.572,4355852.296,4355867.122,392810.656,4355859.597,89.998
a2,L383,1354,8.641,399639.638,408279.285,4493441.106,4493467.477,403792.541,4493456.427,89.970
a2,L3830,4247,24.656,319678.245,344332.635,4355456.409,4355470.760,331911.642,4355464.494,90.010
a2,L3831,6466,35.571,284738.124,320306.445,4355450.943,4355466.079,302586.852,4355458.922,90.000
a2,L3832,3867,24.507,343802.718,368305.544,4355453.541,4355473.759,356254.946,4355464.041,89.987
a2,L3833,7921,50.172,367669.119,417838.426,4355456.097,4355471.169,392581.091,4355463.167,90.000
a2,L384,20907,120.504,280362.129,400839.923,4493432.706,4493511.663,339530.859,4493462.111,90.008
a2,L3840,4778,28.553,319676.395,348228.311,4355052.424,4355066.157,334117.051,4355059.973,90.000
a2,L3841,5353,35.160,285150.495,320308.253,4355050.538,4355072.317,302925.080,4355062.747,90.002
a2,L3842,3803,24.506,343802.638,368305.777,4355054.019,4355075.210,356053.133,4355062.743,89.996
a2,L3843,7807,50.060,367660.971,417719.369,4355055.643,4355068.721,392722.876,4355061.492,90.003
a2,L3850,4905,28.562,319672.705,348232.980,4354658.554,4354674.106,334072.271,4354664.765,90.019
a2,L3851,5790,34.716,285591.866,320305.868,4354644.858,4354667.265,302936.770,4354659.808,89.973
a2,L3852,3954,24.502,343808.589,368307.995,4354650.573,4354675.927,356056.903,4354662.513,89.962
a2,L3853,7998,49.948,367657.678,417603.513,4354657.192,4354671.361,392591.259,4354664.421,89.996
a2,L3860,4749,28.570,319666.789,348235.767,4354251.222,4354268.815,333902.993,4354260.570,90.009
a2,L3861,3184,20.503,299788.818,320290.810,4354255.649,4354272.715,310061.183,4354263.370,89.976
a2,L3862,2499,14.301,285991.225,300291.229,4354249.264,4354265.850,293183.270,4354259.025,90.000
a2,L3863,3321,20.567,347753.343,368314.776,4354245.252,4354282.042,357974.362,4354261.084,89.974
a2,L3864,3424,21.661,395822.270,417482.429,4354252.110,4354266.015,406602.107,4354260.544,90.007
a2,L3865,4558,28.585,367644.749,396228.723,4354255.179,4354266.934,381909.829,4354261.486,90.002
a2,L3870,4752,28.579,319658.407,348235.742,4353857.347,4353874.209,333909.516,4353864.870,90.004
a2,L3871,5798,33.873,286413.620,320283.309,4353848.080,4353869.303,303325.226,4353858.350,90.005
a2,L3872,3246,20.575,347745.252,368315.556,4353852.891,4353875.267,358204.385,4353864.423,89.980
a2,L3873,3404,21.601,395767.035,417366.562,4353856.444,4353872.845,406813.309,4353864.261,90.007
a2,L3874,4710,28.535,367643.586,396176.727,4353854.168,4353868.236,382031.778,4353861.977,90.001
a2,L3880,4826,28.588,319657.896,348244.493,4353454.548,4353466.802,333952.349,4353460.866,89.995
a2,L3881,5278,33.446,286835.988,320280.359,4353456.413,4353471.022,303766.911,4353463.104,89.988
a2,L3882,3175,20.595,347726.718,368317.735,4353439.558,4353473.751,358103.128,4353461.286,90.002
a2,L3883,8480,53.437,363815.970,417246.695,4353452.709,4353498.898,390560.948,4353460.608,90.044
a2,L3890,4729,28.594,319651.506,348244.309,4353058.802,4353073.763,334006.653,4353064.318,89.992
a2,L3891,5651,33.027,287253.148,320276.824,4353049.095,4353070.821,303885.147,4353059.232,89.995
a2,L3892,3228,20.613,347712.669,368320.205,4353045.898,4353071.116,357986.066,4353060.293,89.999
a2,L3893,8051,49.457,367674.480,417129.073,4353057.184,4353070.617,392546.921,4353063.742,90.005
a2,L390,46500,272.730,299778.251,572498.933,4493053.412,4493074.003,435887.859,4493062.734,90.001
a2,L3900,4749,28.598,319649.646,348246.704,4352656.057,4352672.674,333891.954,4352661.127,89.989
a2,L3901,5124,32.599,287668.908,320264.307,4352654.754,4352678.915,304397.970,4352663.638,89.994
a2,L3902,3454,20.623,347700.028,368316.752,4352649.151,4352679.440,357886.259,4352662.185,90.013
a2,L3903,7786,49.335,367678.773,417011.944,4352654.358,4352669.298,392187.472,4352660.987,90.001
a2,L391,3362,20.376,279998.663,300373.801,4493054.594,4493068.100,290294.663,4493060.903,89.989
a2,L3910,4732,28.610,319640.916,348249.143,4352258.207,4352273.344,334079.796,4352265.187,89.990
a2,L3911,5403,32.170,288092.550,320260.208,4352250.305,4352269.061,304165.121,4352259.325,89.998
a2,L3912,3182,20.647,347684.474,368323.067,4352248.838,4352303.739,358165.191,4352265.908,89.938
a2,L3913,7902,49.219,367678.618,416895.337,4352257.835,4352272.682,392193.154,4352264.179,89.998
a2,L3920,4856,28.617,319637.885,348254.023,4351854.216,4351867.826,333908.893,4351860.309,89.998
a2,L3921,5150,31.747,288507.959,320253.671,4351857.198,4351871.380,304916.232,4351863.669,90.003
a2,L3922,8461,52.114,364728.817,416775.177,4351849.035,4352067.883,390854.639,4351860.798,90.230
a2,L3923,4083,24.573,343772.465,368343.437,4351844.205,4351873.952,356131.969,4351864.227,89.966
a2,L3930,4888,28.623,319634.046,348255.739,4351457.884,4351470.530,334056.181,4351463.405,89.996
a2,L3931,5525,31.325,288929.106,320251.752,4351450.798,4351467.949,304560.695,4351460.169,90.009
a2,L3932,11277,68.904,347757.917,416658.985,4351454.806,4351471.413,381619.813,4351463.249,90.000
a2,L3940,4885,28.636,319627.097,348260.003,4351052.375,4351067.911,333858.812,4351060.337,89.998
a2,L3941,5154,30.843,289344.174,320183.677,4351052.417,4351075.968,304936.785,4351065.763,89.998
a2,L3942,10994,68.782,347761.498,416540.867,4351050.197,4351069.780,381686.098,4351061.897,89.996
a2,L3950,5678,32.524,343723.428,376243.234,4350639.707,4350670.561,359700.613,4350660.365,89.969
a2,L3951,4347,24.710,319611.942,344320.655,4350652.350,4350663.290,331931.202,4350658.802,89.998
a2,L3952,6480,40.775,375648.582,416420.624,4350649.182,4350668.813,395873.821,4350657.510,90.007
a2,L3953,5087,30.507,289772.696,320277.515,4350652.944,4350664.879,305287.371,4350659.470,89.995
a2,L3960,10213,56.639,319619.620,376254.169,4350251.936,4350272.492,348675.991,4350262.535,89.997
a2,L3961,6745,40.662,375645.074,416303.405,4350250.077,4350272.349,396187.001,4350262.804,90.007
a2,L3962,5021,30.089,290186.121,320272.879,4350253.197,4350270.446,305315.214,4350264.156,89.995
a2,L3970,10085,56.647,319621.563,376262.343,4349843.521,4349872.745,347453.981,4349859.151,89.995
a2,L3971,6635,40.548,375640.424,416185.021,4349849.007,4349869.994,395922.739,4349858.844,89.996
a2,L3972,5114,29.672,290602.663,320272.762,4349850.766,4349868.571,305662.239,4349859.995,90.006
a2,L3980,9861,56.658,319623.076,376276.653,4349456.039,4349477.390,348731.066,4349463.157,89.996
a2,L3981,6780,40.436,375636.960,416067.952,4349447.670,4349481.290,396167.656,4349462.756,90.007
a2,L3982,4732,29.242,291027.941,320268.366,4349457.176,4349470.143,305853.879,4349463.867,89.995
a2,L3990,9929,56.667,319625.035,376287.654,4349052.353,4349068.991,347553.785,4349059.876,90.003
a2,L3991,6554,40.318,375635.261,415949.351,4349051.482,4349069.101,396043.312,4349059.142,89.995
a2,L3992,4830,28.826,291443.449,320267.396,4349053.368,4349071.012,305969.073,4349060.064,90.005
a2,L40,2075,12.906,379536.066,392441.347,4507058.787,4507066.773,385823.033,4507062.424,90.014
a2,L400,23123,140.623,299736.762,440356.595,4492652.541,4492667.702,370826.720,4492661.113,89.998
a2,L4000,9322,56.671,319629.914,376295.208,4348650.633,4348672.580,348616.441,4348663.152,90.003
a2,L4001,6691,40.202,375634.365,415833.191,4348648.470,4348671.735,396000.619,4348663.536,89.999
a2,L4002,4498,28.405,291863.990,320266.935,4348656.028,4348674.633,306358.640,4348663.939,89.993
a2,L401,21512,132.874,439628.972,572498.933,4492654.442,4492667.053,504242.506,4492661.563,90.000
a2,L4010,9782,56.674,319632.928,376301.800,4348248.088,4348270.322,347688.143,4348259.435,90.003
a2,L4011,6586,40.091,375628.009,415714.327,4348241.668,4348290.074,395350.896,4348260.388,89.993
a2,L4012,4597,27.983,292285.326,320263.088,4348249.639,4348298.291,306395.702,4348259.307,90.006
a2,L402,3542,20.855,279646.118,300500.168,4492660.233,4492673.809,290038.808,4492666.620,89.987
a2,L4020,9496,56.679,319638.807,376313.899,4347855.210,4347875.136,348311.705,4347864.138,90.003
a2,L4021,6695,39.971,375628.518,415596.733,4347850.262,4347872.776,395924.081,4347863.921,89.980
a2,L4022,4356,27.560,292704.260,320260.884,4347854.301,4347872.017,306548.605,4347863.072,89.989
a2,L4030,6361,39.856,375623.506,415476.409,4347448.961,4347472.387,396008.995,4347462.036,90.007
a2,L4031,13424,83.144,293131.838,376270.445,4347447.178,4347470.987,334529.864,4347459.616,89.996
a2,L4040,6083,39.743,375618.433,415358.792,4347051.484,4347069.525,395126.242,4347059.629,89.999
a2,L4041,9226,56.552,319724.973,376270.028,4347049.104,4347071.734,348302.582,4347062.740,89.995
a2,L4042,4901,26.807,293537.071,320340.962,4347045.977,4347071.720,307077.092,4347058.036,90.013
a2,L4050,6427,39.629,375617.154,415243.469,4346654.956,4346671.552,395689.504,4346664.091,89.990
a2,L4051,9147,56.557,319720.548,376273.405,4346648.568,4346667.017,347555.351,4346659.134,90.001
a2,L4052,4544,26.318,293963.530,320248.991,4346609.095,4346723.456,307048.113,4346665.693,90.051
a2,L4053,1495,8.315,343831.167,352145.497,4346656.005,4346665.950,348156.939,4346661.758,89.982
a2,L4060,9383,56.571,319709.976,376275.175,4346248.185,4346270.708,348425.440,4346262.792,89.997
a2,L4061,4218,25.897,294343.238,320228.134,4346221.262,4346305.062,307515.008,4346266.414,90.062
a2,L4062,5836,39.602,375534.509,415131.171,4346246.831,4346292.562,395016.814,4346265.133,89.980
a2,L4070,4693,28.573,347720.980,376290.754,4345853.080,4345874.086,362226.782,4345864.445,89.990
a2,L4071,4850,28.483,319706.525,348187.028,4345851.545,4345870.356,334157.721,4345859.771,90.015
a2,L4072,3873,25.447,294794.915,320240.322,4345849.969,4345875.009,307785.174,4345865.973,89.986
a2,L4073,6551,39.470,375538.734,415004.761,4345845.942,4345872.184,394968.955,4345859.032,89.983
a2,L4080,4162,25.148,295211.792,320318.368,4345396.310,4345519.118,307517.861,4345462.205,90.017
a2,L4081,9202,56.476,319835.384,376278.851,4345420.666,4345534.312,347780.470,4345457.004,90.080
a2,L4082,6619,39.342,375547.988,414887.753,4345444.101,4345470.964,395293.770,4345457.571,90.006
a2,L4090,4265,24.684,295630.948,320310.447,4345044.948,4345074.902,308181.303,4345061.709,89.994
a2,L4091,8985,56.528,319749.116,376274.803,4345051.590,4345069.252,347822.297,4345059.022,89.996
a2,L4092,6067,39.223,375551.976,414771.507,4345052.671,4345081.843,395849.276,4345065.487,90.022
a2,L41,5256,32.990,411510.420,444498.854,4507053.143,4507069.654,428024.903,4507062.367,90.000
a2,L410,7225,40.453,427748.893,468199.227,4492256.163,4492271.980,448177.890,4492263.103,89.995
a2,L4100,4148,24.293,296041.627,320302.012,4344629.539,4344723.690,307929.495,4344666.970,90.080
a2,L4101,9353,56.540,319795.073,376274.870,4344494.188,4344695.295,348709.175,4344662.955,90.171
a2,L4102,5874,39.094,375560.154,414652.876,4344653.235,4344670.767,395652.943,4344662.957,89.998
a2,L411,16838,104.644,467858.165,572498.933,4492256.252,4492269.204,518567.885,4492262.328,90.000
a2,L4110,4052,23.820,296477.369,320293.400,4344249.028,4344281.143,308699.357,4344263.538,89.980
a2,L4111,9339,60.559,315738.555,376273.185,4344236.824,4344304.055,346326.976,4344263.464,89.960
a2,L4112,6271,38.978,375564.087,414535.429,4344243.061,4344275.357,394216.985,4344259.460,90.001
a2,L412,5150,28.382,403942.996,432306.769,4492185.613,4492286.897,418071.585,4492265.519,89.845
a2,L4120,3880,23.404,296885.128,320282.554,4343844.351,4343889.490,309105.531,4343867.014,90.006
a2,L4121,9099,56.509,319761.985,376268.074,4343856.980,4343879.471,348423.307,4343865.958,90.010
a2,L4122,6312,38.847,375571.683,414415.486,4343841.763,4343875.844,394307.106,4343857.842,89.974
a2,L413,718,4.931,399664.219,404594.593,4492253.165,4492266.197,402209.876,4492257.853,89.967
a2,L4130,4011,22.964,297320.738,320277.215,4343433.205,4343488.485,309241.163,4343465.377,90.055
a2,L4131,8574,56.529,319745.072,376263.182,4343437.238,4343477.288,347979.628,4343459.311,89.985
a2,L4132,6174,38.725,375576.301,414297.276,4343447.702,4343478.663,395585.617,4343464.100,90.001
a2,L414,20279,121.165,279288.849,400438.804,4492223.220,4492277.541,340195.415,4492260.731,90.001
a2,L4140,3631,22.542,297731.628,320268.918,4343050.329,4343085.324,309305.096,4343066.115,90.000
a2,L4141,9159,56.546,319720.190,376262.659,4343048.497,4343070.772,347782.298,4343058.704,89.983
a2,L4142,6214,38.598,375587.669,414180.493,4343049.133,4343082.587,395149.328,4343062.888,90.007
a2,L4150,3711,22.104,298155.688,320252.827,4342649.305,4342684.519,309606.521,4342666.678,89.984
a2,L4151,9567,60.502,315777.292,376259.823,4342582.362,4342691.303,345590.771,4342661.381,89.915
a2,L4152,2221,14.328,399734.751,414061.366,4342643.264,4342667.222,406443.773,4342659.085,90.018
a2,L4153,4576,24.632,375592.903,400219.868,4342644.461,4342687.806,388311.339,4342658.499,90.023
a2,L4160,3725,21.690,298564.264,320249.010,4342243.826,4342287.818,309979.311,4342263.771,90.043
a2,L4161,9546,56.569,319694.638,376258.277,4342255.260,4342276.548,348859.264,4342265.751,89.994
a2,L4162,6390,38.347,375601.106,413943.913,4342248.013,4342278.241,395656.282,4342264.300,90.014
a2,L4171,11960,77.289,298989.495,376250.230,4341839.803,4341920.929,337555.258,4341862.593,89.997
a2,L4172,6032,38.228,375601.968,413826.322,4341854.204,4341885.070,395366.543,4341865.628,90.012
a2,L4181,8973,56.546,319709.296,376250.394,4341449.756,4341473.615,347413.442,4341458.206,90.003
a2,L4182,3667,20.756,299400.150,320147.185,4341444.141,4341482.615,310008.410,4341461.760,90.020
a2,L4183,6126,38.101,375610.726,413708.257,4341451.619,4341476.797,395020.942,4341464.271,90.009
a2,L4191,11942,76.434,299823.327,376250.919,4341053.239,4341081.374,339422.972,4341064.387,90.009
a2,L4192,6371,37.979,375614.579,413589.099,4341045.306,4341083.527,394235.842,4341059.693,90.003
a2,L420,17149,104.842,467659.847,572498.933,4491854.994,4491868.797,519050.626,4491862.339,90.000
a2,L4200,5834,37.849,375627.310,413473.487,4340654.879,4340674.905,395130.330,4340666.402,90.010
a2,L4201,8857,56.505,319743.692,376242.456,4340647.972,4340683.411,349063.985,4340664.830,89.998
a2,L4202,3254,19.913,300252.243,320155.313,4340649.062,4340722.845,310647.891,4340665.713,89.815
a2,L421,7178,40.823,427591.507,468412.347,4491856.033,4491869.267,448539.369,4491863.009,89.994
a2,L4210,6015,37.730,375627.873,413354.905,4340253.351,4340278.272,394752.367,4340265.675,89.999
a2,L4211,9487,56.525,319750.864,376244.695,4340224.688,4340295.396,347415.780,4340259.610,89.982
a2,L4212,3204,19.496,300671.513,320164.497,4340250.277,4340277.509,310525.347,4340259.034,90.008
a2,L422,3668,24.538,403941.868,428475.795,4491841.788,4491876.915,416808.858,4491859.968,89.962
a2,L4220,5818,37.604,375635.078,413235.719,4339853.457,4339875.389,394757.756,4339865.052,90.012
a2,L4221,9148,56.484,319759.848,376237.421,4339842.218,4339875.316,347372.084,4339857.145,89.986
a2,L4222,3297,19.075,301096.568,320168.086,4339842.209,4339873.745,310760.372,4339859.546,89.950
a2,L423,1478,8.468,395807.147,404273.113,4491853.610,4491873.391,400119.089,4491863.417,90.018
a2,L4230,6202,37.477,375643.217,413116.926,4339450.462,4339470.381,393501.251,4339459.686,90.008
a2,L4231,9140,56.490,319765.531,376237.149,4339448.548,4339489.032,348344.288,4339464.699,89.984
a2,L4232,3063,18.792,301507.349,320296.680,4339447.756,4339484.047,311052.069,4339462.494,89.931
a2,L424,19246,117.327,278926.176,396232.740,4491841.941,4491904.854,337525.591,4491864.703,89.987
a2,L4240,6092,37.352,375650.151,412999.281,4339054.008,4339076.110,394609.240,4339065.669,90.022
a2,L4241,9579,56.485,319769.454,376234.696,4339033.020,4339086.046,347342.465,4339061.025,90.003
a2,L4242,3022,18.263,301919.182,320179.194,4339057.972,4339080.678,311337.720,4339066.939,89.963
a2,L4250,6148,37.232,375653.896,412881.677,4338649.286,4338671.686,393883.012,4338658.152,90.006
a2,L4251,9724,56.477,319772.536,376228.434,4338632.503,4338697.025,347442.674,4338661.389,90.057
a2,L4252,2951,17.943,302348.605,320289.556,4338652.632,4338671.488,311309.889,4338660.900,90.001
a2,L4260,5990,37.105,375659.988,412761.354,4338246.264,4338267.105,393880.535,4338256.886,90.009
a2,L4261,12167,73.484,302778.310,376228.486,4338223.258,4338294.965,340180.831,4338264.181,89.978
a2,L4270,5907,36.984,375665.830,412646.176,4337841.440,4337870.904,393944.398,4337857.928,89.999
a2,L4271,9432,56.393,319856.917,376223.181,4337840.740,4337902.347,348392.702,4337864.128,89.986
a2,L4272,2890,17.095,303199.120,320291.819,4337845.919,4337869.847,311810.759,4337862.061,89.965
a2,L4280,5794,36.861,375670.834,412526.904,4337445.962,4337472.611,393615.719,4337461.916,90.007
a2,L4281,9246,56.390,319854.768,376224.457,4337426.889,4337500.148,348141.418,4337458.216,89.994
a2,L4282,2852,16.686,303604.280,320287.464,4337452.522,4337479.221,311942.613,4337465.537,89.984
a2,L4290,5862,36.735,375678.429,412410.169,4337045.981,4337070.834,393933.553,4337059.199,90.014
a2,L4291,12125,72.221,304014.377,376220.375,4337035.371,4337080.479,339916.483,4337065.303,89.991
a2,L43,6911,20.546,391820.244,412365.651,4507054.106,4507066.880,401982.321,4507061.241,89.996
a2,L430,2320,12.699,455641.889,468340.770,4491457.621,4491466.269,461671.100,4491461.327,90.004
a2,L4300,5692,36.611,375682.864,412289.819,4336642.159,4336669.685,393837.460,4336657.223,90.011
a2,L4301,9310,56.486,319749.187,376219.970,4336627.876,4336720.465,347729.667,4336666.954,89.961
a2,L4302,2508,15.834,304449.514,320282.557,4336650.807,4336674.165,312502.228,4336661.325,90.004
a2,L431,17499,104.739,467763.308,572498.933,4491457.469,4491470.680,519871.007,4491462.879,90.000
a2,L4310,5777,36.488,375691.953,412175.820,4336253.517,4336295.168,393965.410,4336267.396,90.012
a2,L4311,9397,56.481,319748.297,376217.553,4336238.135,4336283.459,348368.946,4336260.094,89.983
a2,L4312,2541,15.429,304859.928,320287.460,4336243.103,4336277.026,312708.436,4336260.220,90.012
a2,L432,4953,28.660,427722.411,456380.992,4491457.858,4491470.314,441166.723,4491463.122,90.005
a2,L4320,5810,36.364,375697.899,412058.105,4335854.598,4335889.063,393960.046,4335866.940,90.033
a2,L4321,9283,56.479,319745.412,376214.075,4335834.065,4335889.289,347978.576,4335859.983,89.985
a2,L4322,2506,15.015,305272.924,320284.166,4335854.670,4335903.677,312806.211,4335864.847,89.867
a2,L433,4229,24.317,403934.277,428248.522,4491453.850,4491478.364,415495.985,4491466.498,89.974
a2,L4330,5605,36.236,375704.240,411935.828,4335446.134,4335473.122,393777.428,4335459.979,90.017
a2,L4331,9375,56.490,319744.100,376209.997,4335414.112,4335489.703,348029.764,4335461.749,90.004
a2,L4332,2429,14.584,305701.840,320283.958,4335454.264,4335478.076,313088.013,4335464.444,89.989
a2,L434,1455,8.485,395762.115,404247.119,4491452.410,4491463.970,399993.688,4491458.939,90.015
a2,L4340,5484,36.117,375707.083,411818.168,4335036.660,4335072.699,393497.547,4335057.621,90.006
a2,L4341,9287,56.479,319738.427,376207.187,4335044.860,4335082.661,347765.384,4335065.492,89.979
a2,L4342,2207,14.141,306140.331,320280.196,4335041.331,4335065.313,313167.473,4335059.887,89.934
a2,L435,15884,96.627,299627.022,396228.168,4491437.573,4491505.264,347919.006,4491461.383,89.999
a2,L4350,5564,35.987,375718.755,411703.345,4334658.070,4334682.336,394123.099,4334667.098,90.012
a2,L4351,9132,56.475,319737.683,376199.727,4334649.228,4334683.470,347829.568,4334665.829,90.013
a2,L4352,2261,13.744,306540.964,320283.979,4334651.462,4334675.114,313575.739,4334660.792,89.960
a2,L436,3562,21.678,278575.838,300252.552,4491460.830,4491472.884,289492.285,4491466.321,89.981
a2,L4360,3970,26.380,385206.593,411584.504,4334255.608,4334279.404,398643.074,4334266.643,90.007
a2,L4361,1567,9.264,375725.309,384988.346,4334257.216,4334275.015,380641.100,4334264.517,89.988
a2,L4362,9034,56.495,319732.727,376200.508,4334199.019,4334295.578,348395.221,4334259.099,89.939
a2,L4363,2214,13.329,306951.738,320280.183,4334254.931,4334278.226,313566.883,4334265.016,90.053
a2,L4370,9345,56.488,319727.278,376193.487,4333828.747,4333881.397,348126.123,4333856.388,90.011
a2,L4372,2166,12.908,307371.142,320277.685,4333850.399,4333875.310,313809.828,4333863.713,90.036
a2,L4373,5505,35.668,375800.423,411466.586,4333858.921,4333872.937,393442.959,4333865.869,90.015
a2,L4380,10891,68.235,307988.905,376193.057,4333436.741,4333500.921,341800.086,4333465.481,89.995
a2,L4381,5903,39.695,371654.680,411347.827,4333454.491,4333467.214,391760.943,4333460.982,90.000
a2,L4390,9074,56.413,319798.362,376187.487,4333035.661,4333103.222,347725.686,4333065.205,90.042
a2,L4392,1894,11.435,308839.941,320272.869,4333043.493,4333070.051,314443.048,4333059.610,89.990
a2,L4393,5287,35.450,375781.579,411229.970,4333057.975,4333070.524,393368.160,4333064.619,90.004
a2,L44,25276,79.851,304566.722,384415.174,4507059.041,4507072.446,344630.448,4507064.763,89.999
a2,L440,9467,56.501,455827.234,512327.069,4491052.412,4491066.734,483486.138,4491061.536,89.994
a2,L4400,9445,56.415,319784.923,376182.038,4332633.999,4332694.726,347744.385,4332657.095,89.981
a2,L4402,1742,10.585,309687.939,320272.207,4332655.895,4332673.611,314939.707,4332662.987,89.924
a2,L4403,5447,35.338,375775.623,411112.559,4332655.788,4332666.994,393719.072,4332661.527,90.000
a2,L441,3773,24.801,431788.813,456588.170,4491058.641,4491080.315,444052.261,4491065.219,89.988
a2,L4410,10679,65.688,310513.401,376180.817,4332233.243,4332286.226,343946.358,4332263.178,90.016
a2,L4411,5316,35.308,375774.052,411080.948,4332251.638,4332274.849,393251.947,4332264.542,89.999
a2,L442,10216,60.998,511503.110,572498.933,4491052.737,4491073.497,541571.644,4491061.970,90.001
a2,L4420,9439,56.433,319761.438,376175.820,4331842.689,4331884.434,347259.476,4331865.136,89.979
a2,L4422,1541,8.869,311403.943,320271.795,4331852.855,4331880.912,315880.555,4331863.495,89.819
a2,L4423,5419,35.527,375766.372,411292.001,4331854.605,4331867.107,393950.088,4331860.482,90.002
a2,L443,4396,28.411,403931.339,432328.942,4491044.620,4491155.842,417999.466,4491062.027,90.182
a2,L4430,10755,64.060,312232.702,376277.912,4331407.157,4331483.540,343811.426,4331459.594,90.004
a2,L4431,5280,35.741,375759.426,411499.593,4331455.812,4331470.843,393476.344,4331463.924,89.998
a2,L444,15796,92.919,299650.611,392537.839,4491026.985,4491090.212,345541.945,4491063.924,89.997
a2,L4440,9711,56.398,319792.037,376174.247,4331024.771,4331083.670,347182.477,4331059.965,89.994
a2,L4442,1201,7.176,313092.681,320268.043,4331050.937,4331066.430,316632.686,4331060.398,90.018
a2,L4443,5326,35.951,375760.706,411710.642,4331057.052,4331068.561,393529.429,4331061.591,89.997
a2,L445,782,5.048,399339.959,404387.024,4491050.161,4491065.134,401812.700,4491060.335,89.842
a2,L4450,9975,62.311,313960.215,376260.315,4330642.505,4330683.332,344598.023,4330665.028,89.992
a2,L4451,5419,36.164,375754.688,411918.015,4330658.684,4330669.488,393560.967,4330664.604,89.997
a2,L446,1216,8.779,391738.741,400515.751,4491039.286,4491079.097,396289.173,4491064.040,90.135
a2,L4460,10153,61.466,314803.455,376257.942,4330228.375,4330286.808,345439.478,4330258.692,89.989
a2,L4462,5614,36.383,375748.319,412130.136,4330253.821,4330267.361,393872.444,4330260.970,89.999
a2,L447,3578,22.275,278216.236,300489.351,4491051.025,4491075.517,289400.895,4491060.452,90.012
a2,L4470,10202,60.612,315648.804,376247.568,4329831.651,4329884.164,345892.238,4329859.588,90.008
a2,L4471,5510,36.595,375743.876,412337.704,4329858.161,4329871.062,393907.394,4329864.134,90.003
a2,L4480,9392,59.779,316478.930,376244.474,4329448.191,4329525.603,346678.924,4329469.095,90.004
a2,L4481,5696,36.809,375741.434,412548.678,4329452.417,4329467.240,394025.985,4329460.970,89.998
a2,L4490,9359,58.926,317328.253,376236.311,4329042.597,4329112.022,346436.769,4329068.347,89.996
a2,L4491,5684,37.019,375738.515,412755.815,4329057.977,4329076.996,393963.345,4329065.046,89.999
a2,L45,42876,128.987,443515.852,572498.934,4507057.089,4507068.059,508049.158,4507062.459,90.001
a2,L450,2367,12.865,455625.223,468489.485,4490659.488,4490668.365,462567.539,4490664.342,89.989
a2,L4500,9805,58.027,318215.790,376229.617,4328633.942,4328678.111,347017.003,4328659.254,89.981
a2,L4501,6389,41.233,371737.636,412968.224,4328649.378,4328665.894,392721.660,4328658.447,89.994
a2,L451,16720,104.921,467581.606,572498.933,4490651.481,4490671.567,519722.902,4490661.780,89.999
a2,L4510,8877,57.214,319023.804,376222.671,4328235.562,4328283.038,347817.128,4328264.363,90.029
a2,L4511,5716,37.311,375864.729,413174.128,4328253.290,4328271.150,394304.162,4328263.621,89.999
a2,L452,4550,28.864,427690.949,456553.403,4490652.799,4490672.013,442714.387,4490661.346,90.013
a2,L4520,8693,56.337,319900.736,376219.935,4327841.136,4327898.202,348048.436,4327865.580,89.996
a2,L4521,5808,37.539,375850.507,413387.550,4327851.341,4327867.665,394836.604,4327858.591,89.991
a2,L453,4060,24.471,403925.558,428391.890,4490636.228,4490673.999,415323.126,4490663.631,89.912
a2,L4530,9439,55.468,320762.378,376211.769,4327424.824,4327481.455,348151.975,4327458.284,89.996
a2,L4531,5981,37.765,375830.832,413593.638,4327455.188,4327473.792,394324.582,4327464.333,90.003
a2,L454,1758,8.734,395648.295,404375.925,4490648.776,4490704.528,399833.179,4490671.902,89.958
a2,L4540,15771,92.223,321603.598,413801.081,4327030.566,4327086.840,366289.714,4327059.942,89.994
a2,L455,16730,96.508,299820.173,396314.525,4490634.432,4490686.890,347736.827,4490659.643,89.996
a2,L4550,15091,92.017,322009.216,414013.347,4326645.192,4326685.337,367935.816,4326660.581,89.997
a2,L456,3542,22.537,277853.371,300388.903,4490651.458,4490669.964,289196.232,4490660.497,89.987
a2,L4560,14205,92.027,322231.185,414231.472,4326233.755,4326303.164,368929.349,4326264.655,90.013
a2,L4570,14870,91.999,322456.401,414439.126,4325832.685,4325885.135,367743.147,4325864.842,90.013
a2,L4580,15070,91.967,322699.477,414644.614,4325426.909,4325481.093,367569.916,4325458.759,89.991
a2,L4590,14633,91.948,322916.641,414848.858,4325030.034,4325082.161,368467.084,4325060.620,89.996
a2,L460,17472,109.033,463468.723,572498.933,4490254.684,4490269.398,516943.532,4490262.951,89.998
a2,L4600,14883,91.938,323142.174,415060.743,4324640.106,4324690.281,369424.842,4324663.680,90.001
a2,L461,1609,8.738,455759.028,464496.844,4490256.456,4490270.289,460491.159,4490263.517,89.956
a2,L4610,14734,91.918,323370.598,415271.840,4324247.525,4324286.446,369255.530,4324265.168,90.001
a2,L462,4544,29.266,427402.641,456667.438,4490252.050,4490268.093,442493.948,4490261.339,89.994
a2,L4620,14758,91.904,323595.686,415477.531,4323835.131,4323882.228,368164.406,4323859.506,89.999
a2,L463,3836,24.471,403924.919,428392.448,4490249.703,4490282.954,416571.125,4490264.277,90.017
a2,L4630,14790,91.866,323836.326,415687.599,4323438.900,4323482.840,369851.933,4323460.497,89.985
a2,L464,715,4.601,399764.685,404364.983,4490247.305,4490267.429,401906.781,4490258.751,89.976
a2,L4640,15103,91.877,324051.679,415896.116,4323017.926,4323092.651,371404.722,4323061.991,89.997
a2,L465,16815,100.656,299702.805,400344.643,4490247.579,4490290.985,349096.099,4490264.471,90.004
a2,L4650,14333,91.848,324272.832,416105.091,4322637.149,4322678.035,370104.892,4322662.968,90.002
a2,L466,3847,22.904,277496.551,300398.376,4490249.108,4490268.253,289106.490,4490260.491,89.993
a2,L4660,14722,91.826,324507.121,416317.272,4322232.708,4322278.250,370337.253,4322258.390,89.998
a2,L4670,14973,91.821,324728.378,416527.995,4321837.597,4321885.597,370792.239,4321861.638,90.006
a2,L4680,14741,91.795,324956.608,416732.143,4321444.069,4321497.301,370985.816,4321464.239,89.998
a2,L4690,14808,91.794,325182.780,416951.835,4321025.962,4321080.386,370183.777,4321060.053,90.012
a2,L470,19276,116.718,455783.255,572498.933,4489856.524,4489868.587,513875.766,4489862.348,89.999
a2,L4700,15022,91.767,325411.620,417160.592,4320633.685,4320679.236,371080.321,4320657.807,90.009
a2,L471,4848,29.018,427552.535,456568.674,4489844.630,4489870.430,442619.514,4489862.444,89.969
a2,L4710,14790,91.759,325632.248,417361.397,4320227.461,4320292.832,372109.312,4320262.456,90.006
a2,L472,3882,24.480,403918.975,428395.211,4489836.899,4489876.168,416711.004,4489860.705,89.988
a2,L4720,14995,91.716,325869.612,417570.823,4319840.752,4319880.642,370659.259,4319860.326,89.994
a2,L473,15620,92.841,299569.110,392399.465,4489835.067,4489882.490,346502.488,4489863.284,89.997
a2,L4730,14332,91.725,326089.663,417798.880,4319430.291,4319479.238,371245.025,4319462.552,90.024
a2,L474,2034,12.549,391735.493,404278.321,4489838.444,4489901.576,398216.884,4489863.097,89.891
a2,L4740,14982,91.693,326318.812,417991.354,4319039.832,4319080.978,373084.578,4319062.094,90.002
a2,L475,3755,23.149,277143.316,300291.099,4489858.686,4489871.671,288865.080,4489864.523,89.994
a2,L4750,14538,91.053,327151.941,418192.229,4318645.345,4318686.641,373165.885,4318660.320,89.989
a2,L4760,13849,90.316,328112.282,418412.897,4318240.106,4318282.190,372723.883,4318262.931,90.008
a2,L4770,13954,89.504,329104.741,418593.998,4317840.075,4317911.389,373296.841,4317862.727,89.971
a2,L4780,14486,88.738,330106.018,418828.052,4317441.914,4317480.166,374536.425,4317461.273,89.995
a2,L4790,13756,87.980,331071.430,419040.413,4317040.851,4317080.089,376147.288,4317060.573,90.003
a2,L480,18813,116.823,455680.601,572498.933,4489451.963,4489476.660,513345.174,4489462.457,90.001
a2,L4800,14072,87.191,332062.131,419231.997,4316633.325,4316692.810,374993.169,4316663.643,89.978
a2,L481,4643,28.358,427822.889,456179.071,4489455.156,4489469.655,442386.860,4489461.930,90.012
a2,L4810,13631,86.827,332642.481,419449.458,4316238.606,4316278.991,376432.072,4316257.604,89.989
a2,L482,4466,24.486,403916.110,428397.528,4489450.231,4489488.211,415903.661,4489467.825,89.951
a2,L4820,13883,86.782,332904.139,419664.026,4315832.740,4315889.214,376792.818,4315859.582,90.003
a2,L483,15135,92.723,299667.634,392375.466,4489429.456,4489498.863,345595.893,4489462.486,89.998
a2,L4830,13913,86.708,333178.197,419870.312,4315446.082,4315485.457,375830.340,4315464.013,89.994
a2,L484,2073,12.555,391764.476,404306.833,4489434.210,4489520.025,398417.709,4489465.312,89.941
a2,L4840,13896,86.657,333445.827,420084.226,4315044.748,4315086.223,376495.392,4315064.428,90.002
a2,L485,3868,23.530,276787.589,300315.872,4489459.209,4489476.085,288722.123,4489465.081,89.981
a2,L4850,3144,20.568,399731.316,420291.570,4314646.421,4314703.700,409888.887,4314662.822,89.964
a2,L4851,10645,66.397,333717.690,400095.472,4314619.945,4314690.921,367563.666,4314659.255,90.004
a2,L4860,14076,86.551,333986.592,420509.745,4314237.663,4314311.596,376837.827,4314263.281,90.007
a2,L4870,13658,86.481,334257.635,420714.769,4313794.475,4313904.692,377044.454,4313862.078,90.000
a2,L4880,13498,86.396,334528.643,420902.491,4313439.106,4313501.501,377249.166,4313463.832,89.971
a2,L4890,13314,86.335,334800.435,421129.724,4313045.976,4313073.507,379053.049,4313058.981,89.991
a2,L490,13158,80.585,427850.724,508432.958,4489055.424,4489068.505,468235.275,4489061.444,89.999
a2,L4900,14062,86.288,335067.156,421342.162,4312631.985,4312684.735,377986.499,4312659.321,89.997
a2,L491,10546,64.679,507822.177,572498.933,4489054.794,4489067.759,539544.124,4489061.777,89.997
a2,L4910,13525,86.229,335331.999,421555.554,4312249.221,4312279.214,378078.871,4312263.955,90.006
a2,L492,24057,144.778,427725.250,572498.933,4487451.724,4487469.880,500227.324,4487461.723,90.002
a2,L4920,12813,86.163,335601.032,421759.443,4311841.038,4311870.876,378939.646,4311859.264,89.999
a2,L493,4148,24.488,403910.815,428393.768,4489043.371,4489078.030,415594.494,4489062.751,90.020
a2,L4930,12989,86.089,335886.356,421967.426,4311434.008,4311475.166,379652.526,4311458.621,89.981
a2,L494,21276,124.105,276437.063,400510.654,4488998.049,4489106.253,338239.892,4489066.322,89.984
a2,L4940,13386,86.051,336134.203,422177.184,4311050.528,4311080.243,378958.778,4311066.247,90.003
a2,L495,868,4.487,399806.719,404291.769,4489052.372,4489084.965,401995.960,4489063.635,89.844
a2,L4950,13061,85.989,336403.571,422385.470,4310639.944,4310685.832,378942.198,4310666.039,90.001
a2,L4960,13827,85.905,336702.132,422599.094,4310226.062,4310274.437,380097.679,4310258.004,89.977
a2,L4970,13718,85.880,336934.880,422808.357,4309846.820,4309880.842,378953.583,4309865.122,90.013
a2,L4980,14102,85.814,337213.475,423017.317,4309455.250,4309488.078,378784.669,4309468.697,90.003
a2,L4990,12944,85.745,337490.332,423225.839,4309044.714,4309076.516,381116.670,4309058.213,89.994
a2,L50,47175,140.777,431727.680,572498.934,4506641.084,4506672.335,501940.044,4506662.425,90.001
a2,L500,23856,144.723,427778.177,572498.933,4488653.013,4488668.688,499942.785,4488662.239,89.999
a2,L5000,13369,85.687,337758.263,423439.822,4308643.448,4308666.657,380930.340,4308657.308,90.001
a2,L501,4081,24.491,403910.381,428395.982,4488640.024,4488676.339,416371.724,4488661.172,90.030
a2,L5010,13563,85.629,338022.352,423640.217,4308247.194,4308285.536,379717.308,4308265.763,89.994
a2,L502,19990,120.166,276070.111,396212.500,4488639.385,4488693.044,336000.061,4488662.184,89.984
a2,L5020,12660,85.570,338292.978,423856.029,4307846.199,4307874.343,381488.157,4307858.678,90.001
a2,L503,1390,8.607,395735.397,404339.733,4488651.497,4488675.005,400134.207,4488662.294,90.051
a2,L5030,13146,85.508,338569.258,424067.731,4307442.839,4307486.009,381179.288,4307459.656,89.997
a2,L5040,13507,85.460,338820.840,424269.450,4307047.430,4307079.329,380914.294,4307063.605,90.004
a2,L5050,12766,80.845,343644.010,424477.789,4306650.831,4306693.236,384594.098,4306666.673,89.997
a2,L5051,1100,5.115,339090.794,344203.625,4306655.584,4306681.886,341356.955,4306669.031,89.973
a2,L5060,13406,85.358,339352.387,424693.928,4306234.566,4306286.123,382678.198,4306260.139,90.018
a2,L5070,13040,85.264,339646.328,424901.621,4305835.562,4305878.317,381054.207,4305860.019,89.991
a2,L5080,12108,81.307,343810.164,425109.404,4305437.753,4305474.670,383931.871,4305461.247,89.984
a2,L5081,718,4.442,339907.021,344347.844,4305452.040,4305467.978,341970.300,4305460.184,89.994
a2,L5090,13208,85.148,340184.343,425315.350,4305042.072,4305094.777,383600.571,4305060.662,89.985
a2,L51,19679,60.662,371787.267,432447.018,4506655.990,4506672.004,402572.282,4506663.260,89.999
a2,L510,5783,36.408,427809.418,464216.312,4488254.290,4488269.076,445982.751,4488263.301,90.000
a2,L5100,13421,85.125,340424.353,425536.566,4304635.579,4304692.509,383725.370,4304660.436,90.029
a2,L511,17855,108.647,463854.990,572498.933,4488256.464,4488269.762,517826.121,4488262.381,90.000
a2,L5110,13003,85.003,340721.016,425709.092,4304241.495,4304319.511,382137.758,4304261.826,89.954
a2,L512,1798,12.551,403902.924,416452.475,4488245.992,4488274.356,410427.804,4488260.702,90.024
a2,L5120,13682,84.997,340969.930,425951.725,4303847.578,4303885.681,384582.312,4303861.860,90.017
a2,L513,1998,12.664,415731.488,428393.587,4488249.557,4488271.602,421990.377,4488259.264,90.014
a2,L5130,12461,82.459,343714.212,426161.392,4303442.477,4303485.947,384407.529,4303463.819,89.998
a2,L5132,604,2.959,341254.718,344213.454,4303458.067,4303476.050,342671.945,4303465.325,89.707
a2,L514,20244,124.587,275715.434,400294.419,4488253.675,4488276.368,337900.776,4488263.897,89.999
a2,L5140,13056,84.845,341527.838,426360.228,4303041.508,4303098.860,382886.330,4303064.563,89.984
a2,L515,704,4.557,399769.028,404325.002,4488253.088,4488269.553,401962.542,4488261.571,89.917
a2,L5150,13363,84.803,341788.875,426577.970,4302626.049,4302690.943,385080.006,4302661.349,90.003
a2,L5160,13412,84.740,342061.468,426786.176,4302248.707,4302290.499,385813.914,4302261.010,89.998
a2,L5170,12809,84.683,342326.571,426993.443,4301844.456,4301890.168,383598.002,4301863.907,89.999
a2,L5180,557,3.498,423706.240,427204.165,4301456.653,4301471.335,425456.267,4301463.129,90.101
a2,L5181,12721,81.692,342600.357,424282.871,4301443.889,4301487.475,384759.970,4301460.864,90.001
a2,L5190,12580,84.570,342863.331,427423.823,4301033.910,4301083.073,384560.261,4301063.201,90.015
a2,L52,11611,68.168,304362.307,372526.306,4506652.768,4506667.399,337756.468,4506660.779,89.998
a2,L520,23640,144.949,427556.834,572498.933,4487850.285,4487874.596,499644.937,4487861.620,90.002
a2,L5200,12668,84.501,343128.869,427620.617,4300636.151,4300677.808,384631.389,4300662.640,90.003
a2,L521,4476,24.495,403899.651,428390.978,4487853.030,4487880.610,415565.809,4487864.187,89.993
a2,L5210,13518,84.438,343402.455,427831.319,4300239.727,4300276.248,386379.058,4300260.373,90.000
a2,L522,20262,120.844,275528.099,396363.468,4487847.755,4487876.166,335302.044,4487859.862,89.999
a2,L5220,12987,84.382,343676.204,428040.842,4299838.123,4299883.894,385841.016,4299861.855,89.995
a2,L523,1415,8.596,395735.074,404330.083,4487853.055,4487873.088,400205.276,4487864.196,90.026
a2,L5230,13184,84.337,343930.526,428250.103,4299442.770,4299488.057,386241.372,4299461.681,90.010
a2,L5240,13038,84.277,344207.241,428469.664,4299045.815,4299084.042,385801.680,4299063.527,90.015
a2,L5250,13302,84.207,344489.279,428673.772,4298627.887,4298690.747,386625.203,4298660.533,89.995
a2,L5260,12843,84.134,344752.259,428868.739,4298239.449,4298292.617,386619.428,4298263.023,89.983
a2,L5270,13170,84.051,345014.731,429044.433,4297833.290,4297948.050,386894.938,4297861.955,89.946
a2,L5280,13129,84.037,345280.765,429301.775,4297429.467,4297488.331,387985.632,4297461.426,90.011
a2,L5290,13302,83.982,345544.808,429513.342,4297045.910,4297080.306,387649.644,4297061.360,90.019
a2,L530,1347,8.491,419699.913,428188.856,4487451.061,4487472.618,423536.843,4487460.230,90.102
a2,L5300,13102,83.914,345827.622,429726.647,4296642.680,4296695.584,388313.621,4296660.509,90.010
a2,L531,903,4.402,415727.988,420118.571,4487386.430,4487471.418,418175.111,4487462.040,90.905
a2,L5310,13251,83.892,346059.546,429930.488,4296243.346,4296315.083,388353.834,4296262.870,90.041
a2,L532,1861,12.344,403885.652,416228.544,4487449.091,4487469.489,410368.483,4487458.867,90.036
a2,L5320,12909,83.777,346360.957,430129.062,4295838.857,4295890.668,388103.931,4295864.864,89.994
a2,L533,15982,96.558,299736.875,396288.726,4487448.946,4487469.900,347924.981,4487459.036,90.003
a2,L5330,13065,83.708,346648.000,430338.224,4295440.271,4295495.201,388417.526,4295463.228,89.975
a2,L534,791,4.633,399694.463,404326.194,4487454.316,4487470.757,401870.479,4487462.017,90.154
a2,L5340,13194,83.662,346905.437,430553.583,4295035.672,4295087.388,388753.101,4295062.731,89.995
a2,L535,707,4.623,395737.344,400359.763,4487455.302,4487467.402,398142.288,4487461.663,89.991
a2,L5350,13318,83.594,347183.974,430767.243,4294643.075,4294678.607,389244.499,4294664.097,89.991
a2,L536,2844,16.512,283713.658,300222.639,4487446.217,4487478.922,291364.293,4487461.426,90.012
a2,L5360,13259,83.761,347237.981,430983.201,4294244.445,4294282.642,389706.357,4294263.511,90.006
a2,L537,1691,8.976,275358.016,284333.737,4487453.827,4487465.200,279890.385,4487460.634,90.005
a2,L5370,12958,83.908,347292.684,431186.879,4293829.165,4293879.355,389168.306,4293860.783,89.995
a2,L5380,12626,84.068,347343.967,431398.944,4293446.959,4293478.347,389165.494,4293461.944,90.011
a2,L5390,13133,84.228,347399.453,431600.951,4293025.587,4293089.417,389534.700,4293061.532,89.994
a2,L540,23635,140.839,431664.649,572498.933,4487048.768,4487072.910,501920.566,4487062.032,90.001
a2,L5400,12882,84.389,347452.818,431818.545,4292631.189,4292688.312,388608.767,4292660.575,90.007
a2,L541,5266,28.429,403835.564,432259.570,4487037.551,4487075.491,417818.230,4487060.734,89.926
a2,L5410,13524,84.532,347506.305,432019.485,4292245.130,4292287.328,390131.700,4292264.204,89.998
a2,L542,15698,96.524,299746.824,396263.612,4487055.339,4487074.693,348137.233,4487064.025,89.998
a2,L5420,13711,84.693,347560.560,432231.988,4291844.659,4291886.293,391190.533,4291863.145,90.000
a2,L543,1502,8.587,395746.404,404330.553,4487057.217,4487093.028,400327.810,4487067.221,89.994
a2,L5430,12564,84.859,347618.774,432445.897,4291420.475,4291483.932,388661.533,4291462.009,89.984
a2,L544,3449,20.435,279761.027,300192.465,4487052.372,4487091.630,290220.540,4487062.656,90.042
a2,L5440,12651,84.997,347671.859,432647.889,4291032.438,4291077.973,389143.742,4291058.204,89.978
a2,L545,874,4.951,275180.093,280127.676,4487044.635,4487111.732,277986.520,4487065.761,89.241
a2,L5450,13286,85.170,347721.511,432861.949,4290642.065,4290699.555,390779.761,4290663.254,90.006
a2,L5460,13049,85.320,347774.937,433070.682,4290237.045,4290293.956,389394.055,4290260.017,90.007
a2,L5470,12840,85.470,347829.036,433281.652,4289844.396,4289884.198,389294.751,4289860.746,90.008
a2,L5480,13381,85.634,347883.229,433499.954,4289432.147,4289475.290,391859.697,4289460.073,90.018
a2,L5490,12885,85.775,347936.296,433699.426,4289045.447,4289076.435,391607.818,4289062.322,90.009
a2,L550,11002,68.666,455690.136,524354.323,4486655.996,4486670.012,490267.683,4486662.089,89.998
a2,L5500,13685,85.920,347991.482,433907.723,4288654.839,4288669.545,391100.669,4288660.284,90.001
a2,L551,4087,24.714,431681.404,456394.874,4486654.752,4486668.764,444356.308,4486661.673,90.003
a2,L5510,13134,86.070,348044.656,434111.168,4288257.933,4288271.125,391668.377,4288264.623,89.997
a2,L552,8427,48.686,523814.543,572498.933,4486658.520,4486667.952,547757.689,4486662.727,90.000
a2,L5520,13441,86.228,348099.313,434324.093,4287853.219,4287868.874,391167.945,4287860.494,89.998
a2,L553,4968,28.407,403835.189,432238.141,4486646.737,4486682.492,417420.966,4486663.646,89.978
a2,L5530,12667,86.385,348152.539,434533.344,4287457.852,4287473.857,391484.792,4287464.187,90.001
a2,L554,733,4.689,399695.944,404384.601,4486659.020,4486671.128,401958.803,4486663.582,90.034
a2,L5540,13397,86.552,348207.869,434741.003,4287027.225,4287081.109,392628.487,4287060.660,89.991
a2,L555,20669,125.194,275015.132,400192.244,4486629.210,4486681.756,336701.915,4486664.771,90.001
a2,L5550,12458,86.705,348260.800,434951.280,4286637.561,4286688.155,391509.431,4286662.312,89.997
a2,L5560,14799,86.863,348321.046,435164.921,4286212.283,4286285.596,393166.061,4286258.074,89.971
a2,L5570,12858,87.026,348367.390,435374.062,4285835.129,4285889.618,391817.877,4285862.487,90.008
a2,L5580,6323,35.804,399785.644,435582.001,4285443.013,4285481.252,418302.266,4285462.275,89.974
a2,L5581,8423,51.778,348422.521,400197.513,4285452.557,4285469.720,374116.548,4285460.415,90.000
a2,L5590,14113,87.330,348476.346,435788.900,4285042.142,4285092.378,393437.666,4285061.922,89.997
a2,L560,22806,144.719,427785.127,572498.933,4486254.361,4486278.177,498514.251,4486261.850,89.999
a2,L5600,13157,87.487,348529.581,435998.312,4284615.515,4284684.119,392248.618,4284660.074,90.000
a2,L561,4043,24.388,403906.188,428290.258,4486249.408,4486285.010,416779.593,4486262.314,90.075
a2,L5610,12891,87.640,348583.396,436202.849,4284238.547,4284291.903,391913.958,4284262.544,89.994
a2,L562,19008,121.315,274838.194,396139.957,4486246.796,4486271.149,335348.127,4486260.447,89.990
a2,L5620,5406,32.588,403836.421,436421.911,4283852.968,4283868.095,420595.461,4283860.962,89.997
a2,L5621,8566,55.710,348636.817,404326.292,4283844.800,4283899.615,376739.987,4283866.858,89.967
a2,L563,740,4.647,399677.415,404323.997,4486257.793,4486271.067,401869.354,4486264.296,90.016
a2,L5630,13908,87.941,348693.295,436629.353,4283448.174,4283467.027,391971.819,4283459.223,89.993
a2,L564,5630,32.478,367768.432,400243.646,4486241.806,4486269.785,383515.391,4486262.317,90.012
a2,L5640,14439,88.107,348745.498,436834.968,4283039.261,4283087.820,393344.249,4283062.972,89.997
a2,L5650,13638,88.250,348798.291,437044.237,4282654.931,4282676.745,392649.364,4282664.759,90.002
a2,L5660,13734,88.405,348852.487,437251.929,4282252.898,4282277.070,392931.932,4282265.071,89.998
a2,L5670,14173,88.565,348912.251,437455.167,4281822.640,4281885.234,392020.464,4281858.675,89.962
a2,L5680,13680,88.717,348962.407,437673.456,4281447.581,4281478.671,392433.968,4281461.069,89.991
a2,L5690,13555,88.886,349014.720,437887.060,4281033.653,4281093.091,393722.413,4281064.490,90.004
a2,L570,23295,144.717,427786.694,572498.933,4485853.300,4485873.065,498384.361,4485862.867,90.001
a2,L5700,13627,89.026,349068.490,438090.496,4280654.483,4280676.933,394643.693,4280665.649,89.997
a2,L571,4092,24.512,403812.635,428322.148,4485845.702,4485868.211,415462.362,4485862.252,90.017
a2,L5710,13754,89.181,349120.871,438297.293,4280257.812,4280285.816,394718.176,4280268.306,90.001
a2,L572,1398,8.584,395747.093,404329.952,4485859.079,4485875.876,400285.336,4485865.779,90.004
a2,L5720,13429,89.339,349175.754,438509.877,4279854.706,4279879.795,394973.209,4279867.985,90.000
a2,L573,5531,32.538,363714.182,396245.017,4485848.896,4485885.561,379701.689,4485865.536,89.986
a2,L5730,14012,89.495,349230.639,438721.183,4279444.283,4279472.537,392226.860,4279460.171,89.997
a2,L574,15554,89.692,274674.432,364351.578,4485840.779,4485887.835,319395.269,4485862.987,89.998
a2,L5740,6866,47.296,391633.298,438927.687,4279052.014,4279068.538,415338.126,4279061.422,89.987
a2,L5741,7170,42.913,349286.122,392196.549,4279046.027,4279072.338,370030.832,4279059.746,89.983
a2,L5750,6837,47.363,391780.647,439140.765,4278633.536,4278674.132,415550.960,4278661.645,89.967
a2,L5751,795,4.471,387756.664,392227.451,4278640.617,4278664.371,389963.439,4278657.481,90.094
a2,L5753,6389,39.014,349337.053,388348.508,4278648.190,4278674.544,368446.509,4278659.054,90.009
a2,L5760,13581,89.960,349391.831,439347.789,4278245.334,4278269.102,392420.058,4278260.726,89.998
a2,L5770,13267,90.121,349445.508,439560.196,4277849.583,4277872.843,393292.809,4277861.220,90.002
a2,L5780,14417,90.283,349499.105,439767.052,4277388.553,4277477.042,395555.315,4277464.751,90.000
a2,L5790,14015,90.429,349552.451,439976.205,4277055.965,4277075.630,395640.556,4277065.437,90.003
a2,L580,23421,144.755,427749.216,572498.933,4485451.547,4485472.874,499002.275,4485462.528,89.999
a2,L5800,13685,90.583,349605.974,440182.875,4276655.304,4276677.252,396014.568,4276665.992,90.001
a2,L581,4144,24.575,403815.621,428389.022,4485453.793,4485468.940,415610.510,4485461.807,90.007
a2,L5810,13610,90.744,349659.945,440398.928,4276255.370,4276283.457,395668.967,4276267.230,90.008
a2,L582,1488,8.585,395746.038,404330.123,4485460.292,4485472.044,400233.444,4485465.830,90.035
a2,L5820,13502,90.899,349714.482,440608.362,4275847.695,4275867.811,394123.617,4275859.075,90.005
a2,L583,14668,92.518,303704.700,396209.542,4485446.090,4485505.731,350091.415,4485463.792,89.987
a2,L5830,13666,91.053,349771.140,440818.585,4275439.291,4275471.520,394370.174,4275460.790,89.993
a2,L584,4836,29.635,274503.272,304126.179,4485442.218,4485535.655,288906.749,4485467.625,89.979
a2,L5840,14148,91.205,349821.375,441020.420,4275057.814,4275082.897,396505.756,4275067.522,90.001
a2,L5850,14585,91.361,349875.214,441229.814,4274656.451,4274685.889,396301.083,4274667.984,90.001
a2,L5860,14226,91.520,349930.305,441443.569,4274258.546,4274297.559,395935.493,4274268.094,90.001
a2,L5870,13576,91.671,349984.443,441650.483,4273848.038,4273873.609,394388.860,4273861.439,89.997
a2,L5880,14648,91.825,350039.033,441859.792,4273447.419,4273469.651,394942.342,4273460.223,89.993
a2,L5890,14270,91.996,350092.260,442071.232,4273031.252,4273107.839,394806.631,4273062.114,89.999
a2,L590,14622,92.635,431697.876,524329.907,4485054.916,4485069.985,476584.828,4485063.479,90.000
a2,L5900,13777,86.680,355634.277,442283.864,4272616.710,4272695.081,400600.808,4272662.450,89.997
a2,L5901,1276,6.261,350144.824,356405.440,4272661.719,4272678.544,352982.127,4272670.216,90.031
a2,L591,7850,48.759,523741.235,572498.933,4485057.942,4485067.488,548482.694,4485062.107,89.996
a2,L5910,10437,62.737,379767.431,442490.738,4272239.627,4272281.417,411657.387,4272262.051,90.007
a2,L5911,4916,30.143,350200.111,380341.642,4272248.646,4272268.097,366139.933,4272258.516,89.993
a2,L592,4812,28.528,403812.316,432337.797,4485052.151,4485066.393,417775.607,4485061.368,90.005
a2,L5920,10305,62.829,379882.489,442701.501,4271832.177,4271875.945,412075.254,4271861.958,89.998
a2,L5921,4677,29.989,350255.110,380242.144,4271848.275,4271866.376,365917.555,4271857.873,89.980
a2,L593,1439,8.577,395745.611,404322.476,4485056.078,4485067.237,399926.123,4485060.560,90.009
a2,L5930,9790,63.173,379764.345,442910.582,4271418.317,4271492.999,409781.678,4271458.906,90.004
a2,L5931,4926,30.032,350316.405,380346.480,4271458.809,4271477.817,364185.995,4271468.021,90.009
a2,L594,16083,96.554,299738.227,396267.361,4485039.265,4485118.734,348929.475,4485063.157,89.994
a2,L5940,9978,63.343,379797.359,443118.757,4271032.214,4271111.556,410950.812,4271060.951,89.973
a2,L5941,1373,8.626,371591.004,380216.032,4271053.254,4271073.457,376203.454,4271066.504,90.110
a2,L5942,4930,29.814,350474.405,380285.315,4271057.611,4271082.823,364396.386,4271067.901,89.975
a2,L595,4615,25.968,274332.689,300297.009,4485053.056,4485075.544,287215.811,4485065.766,90.005
a2,L5950,9842,63.658,379694.382,443327.598,4270638.923,4270691.112,410808.967,4270663.539,90.010
a2,L5951,1426,8.449,371796.291,380243.669,4270632.060,4270664.420,376071.577,4270655.902,89.864
a2,L5952,2517,16.469,355706.240,372161.297,4270633.093,4270743.390,364115.582,4270660.840,90.028
a2,L5953,1152,5.727,350631.133,356357.287,4270661.108,4270676.802,353186.052,4270667.869,90.115
a2,L5960,13129,87.896,355670.509,443536.538,4270227.015,4270294.477,399150.067,4270258.644,89.988
a2,L5961,849,5.546,350797.019,356343.154,4270250.659,4270266.683,353504.116,4270257.859,89.991
a2,L5970,13632,88.152,355622.282,443744.821,4269817.162,4269892.858,398642.503,4269861.949,90.007
a2,L5971,813,5.322,350949.754,356270.568,4269845.484,4269872.352,353455.129,4269857.130,90.151
a2,L5980,14740,92.844,351113.832,443955.348,4269453.291,4269470.710,397213.816,4269460.366,89.997
a2,L5990,14740,92.896,351273.641,444166.792,4269055.868,4269067.868,397677.933,4269060.514,89.998
a2,L60,46663,140.931,431572.509,572498.934,4506253.827,4506266.373,500907.545,4506261.079,90.000
a2,L600,23398,144.668,427835.320,572498.933,4484653.145,4484670.011,499187.981,4484662.283,90.001
a2,L6000,12685,88.638,355768.785,444379.788,4268623.032,4268689.040,400108.219,4268660.767,90.015
a2,L601,4050,24.476,403815.017,428289.907,4484657.207,4484669.745,415607.550,4484662.295,90.003
a2,L6010,15106,93.135,351493.260,444586.237,4268237.037,4268502.991,397885.778,4268260.549,90.150
a2,L6011,616,4.905,351428.979,356333.834,4268658.394,4268664.947,353767.600,4268660.720,90.058
a2,L602,1399,8.580,395753.503,404332.091,4484661.415,4484677.957,400180.509,4484667.429,90.008
a2,L6020,13642,93.068,351748.944,444796.259,4267839.869,4267902.822,397675.396,4267863.756,90.001
a2,L603,16427,96.404,299771.330,396151.535,4484583.178,4484691.497,347800.485,4484662.296,90.049
a2,L6030,13542,93.112,351908.715,444997.308,4267433.039,4267495.991,398276.610,4267460.704,89.989
a2,L604,4568,26.135,274159.392,300288.567,4484644.960,4484686.536,287120.886,4484662.363,90.010
a2,L6040,13962,93.147,352066.639,445211.551,4267056.939,4267068.916,397938.051,4267063.128,89.996
a2,L6050,13954,93.199,352224.433,445421.576,4266657.275,4266668.545,398491.102,4266663.208,89.999
a2,L6060,11112,71.973,352355.469,424308.064,4266239.114,4266330.663,389005.098,4266261.402,90.054
a2,L6061,3903,25.681,419952.945,445626.395,4266225.548,4266280.982,433172.005,4266261.032,89.897
a2,L6070,14950,93.319,352544.083,445843.724,4265833.323,4265885.618,399628.641,4265861.056,89.999
a2,L6080,10616,71.627,352697.868,424308.246,4265436.172,4265500.359,387579.010,4265463.007,90.005
a2,L6081,3288,22.465,423596.768,446057.192,4265445.460,4265480.748,434374.045,4265462.637,90.035
a2,L6090,14045,93.441,352857.877,446276.810,4265020.109,4265090.956,399907.610,4265059.137,90.022
a2,L61,4828,28.652,403665.335,432315.790,4506248.910,4506268.900,418093.191,4506261.342,89.999
a2,L610,22774,144.674,427829.797,572498.933,4484254.152,4484273.225,499259.066,4484263.209,90.000
a2,L6100,15021,93.494,353000.938,446473.792,4264633.062,4264704.407,399326.973,4264663.394,90.032
a2,L611,3817,24.472,403817.564,428288.990,4484257.050,4484269.210,415408.946,4484262.755,90.010
a2,L6110,14033,93.514,353183.930,446679.849,4264241.805,4264286.683,400123.383,4264262.342,89.990
a2,L612,16546,92.379,307917.008,400263.285,4484200.454,4484311.137,352639.900,4484263.889,89.931
a2,L6120,14897,93.592,353327.768,446887.739,4263838.677,4263892.296,400634.813,4263863.607,90.011
a2,L613,1335,8.630,395745.967,404326.616,4484043.749,4484278.609,399851.072,4484252.457,88.531
a2,L6130,13514,93.649,353479.131,447096.739,4263415.425,4263499.663,400149.581,4263463.372,90.022
a2,L614,6200,34.264,273988.910,308238.214,4484246.059,4484321.804,291345.842,4484268.630,89.987
a2,L6140,15702,93.660,353651.573,447306.355,4263055.567,4263076.339,401221.908,4263064.960,90.002
a2,L6150,9185,58.403,353813.580,412213.744,4262652.485,4262669.984,383790.740,4262660.695,89.998
a2,L6151,6074,35.810,411707.313,447514.248,4262653.390,4262673.881,430128.476,4262664.544,89.997
a2,L6160,9252,58.514,353969.852,412481.092,4262259.662,4262275.287,383391.310,4262266.172,89.997
a2,L6161,5302,36.018,411707.086,447721.718,4262239.968,4262279.715,429786.292,4262263.111,90.000
a2,L6170,7506,48.589,359718.853,408296.709,4261834.140,4261888.011,384276.689,4261862.868,90.025
a2,L6171,923,6.199,354126.602,360325.903,4261863.172,4261869.938,357062.917,4261865.917,90.026
a2,L6172,5790,40.418,407529.111,447938.920,4261838.899,4261883.865,428088.378,4261862.679,90.025
a2,L6180,7608,48.740,359569.567,408300.584,4261440.547,4261484.882,384125.855,4261463.613,89.999
a2,L6181,891,6.053,354285.208,360337.780,4261463.985,4261469.437,357215.001,4261466.422,89.993
a2,L6182,6177,40.372,407777.922,448146.920,4261451.543,4261475.874,428189.068,4261463.519,90.017
a2,L6190,7581,48.855,359465.153,408312.279,4261043.227,4261075.979,383918.172,4261060.099,90.005
a2,L6191,845,5.954,354447.029,360400.989,4261056.769,4261065.203,357521.080,4261062.059,90.038
a2,L6192,6262,40.581,407778.584,448355.479,4261052.526,4261077.185,428399.785,4261064.695,90.007
a2,L62,4036,24.955,379658.371,404612.781,4506255.683,4506268.787,392093.002,4506262.927,90.021
a2,L620,23529,144.716,427789.643,572498.933,4483849.260,4483874.337,499790.588,4483860.907,90.001
a2,L6200,14952,93.961,354605.925,448563.583,4260657.055,4260686.952,402359.359,4260664.279,90.000
a2,L621,3979,24.462,403822.740,428283.711,4483852.163,4483866.555,416310.783,4483858.862,90.002
a2,L6210,11880,77.650,354763.681,432411.071,4260255.416,4260271.101,394374.629,4260264.666,90.000
a2,L6211,2936,17.200,431576.601,448773.572,4260247.938,4260277.189,440244.412,4260260.411,89.984
a2,L622,1422,8.577,395746.893,404323.079,4483852.736,4483865.003,399922.339,4483859.237,89.964
a2,L6220,7520,48.810,359538.421,408336.439,4259846.068,4259890.638,383034.047,4259870.090,90.019
a2,L6221,816,5.481,354923.549,360404.407,4259860.401,4259866.760,357644.074,4259864.569,89.937
a2,L6222,6134,41.204,407782.770,448982.281,4259844.366,4259878.917,427990.163,4259861.987,90.000
a2,L623,19647,122.476,273814.094,396256.245,4483817.226,4483895.526,335687.807,4483861.746,89.995
a2,L6230,7434,48.776,359559.628,408326.979,4259439.580,4259487.348,383548.580,4259465.850,90.000
a2,L6231,742,5.219,355081.561,360300.940,4259459.930,4259465.036,357782.075,4259462.419,89.991
a2,L6232,5915,41.403,407790.814,449190.131,4259450.161,4259479.398,428344.037,4259461.453,89.996
a2,L6240,7545,48.594,359743.179,408322.714,4259036.807,4259097.162,383925.985,4259067.763,90.012
a2,L6241,656,5.033,355239.251,360271.835,4259060.471,4259069.455,357794.026,4259063.732,90.037
a2,L6242,6787,41.778,407635.961,449403.956,4259046.312,4259084.251,428540.750,4259059.523,90.011
a2,L6250,13723,94.216,355397.671,449610.128,4258654.941,4258670.232,402463.319,4258661.383,90.003
a2,L6260,11060,76.704,355559.024,432261.465,4258253.758,4258265.527,393648.749,4258260.453,89.998
a2,L6261,3455,21.969,427858.978,449823.813,4258243.807,4258275.124,438954.629,4258261.574,90.057
a2,L6270,4793,32.619,355716.017,388334.274,4257857.636,4257868.799,372088.338,4257862.474,89.997
a2,L6271,9568,62.276,387769.613,450035.169,4257843.128,4257901.870,419582.622,4257862.180,90.048
a2,L6280,4770,32.425,355872.273,388296.695,4257457.690,4257471.495,372008.648,4257465.435,90.011
a2,L6281,10702,66.518,383732.491,450237.762,4257438.387,4257473.436,418143.166,4257458.141,90.004
a2,L6290,14930,94.435,356026.972,450444.851,4257042.023,4257082.311,403760.019,4257062.361,90.008
a2,L63,13764,76.337,304164.002,380496.011,4506258.543,4506273.503,343045.599,4506264.236,89.999
a2,L630,23203,144.849,427655.537,572498.933,4483453.803,4483477.710,498951.881,4483463.342,89.993
a2,L6300,14190,94.492,356192.041,450662.245,4256624.841,4256679.762,402034.259,4256660.074,90.008
a2,L631,3974,24.465,403817.508,428280.388,4483452.888,4483468.652,416448.765,4483459.509,89.981
a2,L6310,13052,94.535,356350.835,450863.708,4256223.588,4256295.696,403941.026,4256265.617,89.998
a2,L632,22576,130.720,273646.899,404343.642,4483429.553,4483493.607,338435.732,4483461.988,89.999
a2,L6320,13330,94.586,356511.627,451074.231,4255829.936,4255885.882,402620.436,4255859.188,89.997
a2,L6330,15493,94.647,356670.749,451287.595,4255437.999,4255496.088,404496.906,4255464.196,90.001
a2,L6340,15893,94.687,356833.605,451493.107,4255026.123,4255105.145,405503.979,4255065.608,89.990
a2,L6350,14686,94.726,356986.242,451703.787,4254648.303,4254675.989,402966.862,4254661.875,90.001
a2,L6360,14721,94.776,357144.769,451911.580,4254253.632,4254283.498,404471.033,4254264.737,89.999
a2,L6370,14670,94.826,357304.298,452118.870,4253850.431,4253882.839,406263.374,4253865.441,89.996
a2,L6380,14333,94.880,357461.029,452331.922,4253443.343,4253476.518,403865.180,4253460.985,90.003
a2,L6390,14076,94.935,357618.388,452541.910,4253043.163,4253091.285,404146.937,4253059.731,90.006
a2,L640,18693,116.984,455517.659,572498.933,4483055.319,4483067.154,514473.923,4483061.773,90.002
a2,L6400,8290,52.263,399781.905,452681.919,4252644.648,4252677.959,427610.675,4252664.414,90.006
a2,L6401,6537,42.452,357776.273,400224.022,4252653.958,4252685.447,379493.132,4252669.779,90.017
a2,L641,4785,28.732,427648.913,456377.380,4483034.650,4483068.415,442389.952,4483060.731,90.056
a2,L6410,7313,50.457,402350.992,452803.913,4252245.705,4252273.853,427247.376,4252260.113,89.995
a2,L642,3863,24.462,403820.684,428281.094,4483050.249,4483066.727,416286.516,4483059.006,90.013
a2,L6420,7820,50.432,402503.873,452929.265,4251835.842,4251875.239,426927.044,4251859.617,90.002
a2,L643,1502,8.575,395750.144,404323.766,4483052.942,4483071.043,399942.296,4483061.393,90.031
a2,L6430,8162,50.403,402656.787,453052.783,4251439.515,4251477.747,428635.765,4251465.988,90.001
a2,L644,11985,76.634,319773.722,396401.045,4483045.548,4483072.214,358609.649,4483059.644,90.003
a2,L6440,8265,50.374,402807.611,453177.923,4251055.101,4251077.616,428703.877,4251065.116,90.012
a2,L645,5871,40.574,279780.153,320351.355,4483051.276,4483071.891,300264.581,4483060.874,89.996
a2,L6450,7604,50.341,402964.518,453302.913,4250649.834,4250674.245,427889.303,4250662.699,90.005
a2,L646,1172,6.690,273474.110,280163.553,4483050.062,4483071.567,277146.989,4483060.588,89.925
a2,L6460,7910,50.308,403125.061,453427.833,4250238.010,4250272.327,427494.253,4250259.062,89.987
a2,L6470,4826,29.931,423620.258,453550.500,4249856.914,4249873.663,438620.547,4249864.322,89.998
a2,L6471,3321,21.161,403272.316,424431.567,4249852.889,4249872.007,414493.583,4249863.064,89.980
a2,L6480,4836,29.963,423712.193,453673.907,4249456.579,4249474.551,438441.234,4249464.323,89.998
a2,L6481,2955,20.825,403426.335,424250.314,4249455.007,4249475.840,414634.067,4249467.030,90.013
a2,L6490,7918,50.225,403579.055,453800.015,4249047.245,4249072.560,427865.120,4249060.807,90.005
a2,L650,24008,144.689,427814.609,572498.933,4482656.701,4482672.284,499484.364,4482662.951,90.001
a2,L6500,8197,50.198,403732.911,453927.195,4248650.680,4248670.547,428015.154,4248662.627,90.015
a2,L651,3771,24.446,403826.224,428271.776,4482652.913,4482667.334,416512.136,4482659.347,89.987
a2,L6510,4853,30.411,423638.984,454048.314,4248256.530,4248280.141,438716.418,4248266.203,90.011
a2,L6511,3323,20.548,403888.578,424434.205,4248251.041,4248280.822,414372.611,4248264.912,89.959
a2,L652,1470,8.576,395755.924,404330.456,4482654.661,4482672.444,399982.695,4482663.998,90.078
a2,L6520,7495,46.586,407589.959,454171.865,4247848.303,4247875.413,430792.654,4247862.248,90.012
a2,L6521,848,4.212,404039.628,408251.128,4247858.586,4247871.383,406388.616,4247865.298,89.979
a2,L653,12191,76.863,319483.227,396339.441,4482652.614,4482688.998,357284.777,4482664.894,89.998
a2,L6530,7262,46.598,407701.698,454295.218,4247447.561,4247476.625,430811.045,4247462.326,90.013
a2,L6531,802,4.077,404193.596,408270.058,4247461.263,4247472.862,406450.402,4247467.709,89.966
a2,L654,8270,46.901,273307.360,320203.409,4482652.108,4482676.261,297396.402,4482664.052,90.009
a2,L6540,4934,30.656,423764.680,454418.900,4247058.382,4247074.097,438979.772,4247065.494,90.007
a2,L6541,2980,20.094,404345.429,424437.407,4247053.850,4247080.502,414251.918,4247065.808,89.979
a2,L6550,4744,30.830,423716.479,454543.655,4246652.022,4246673.097,438796.022,4246663.252,89.990
a2,L6551,3119,19.807,404501.304,424306.982,4246656.201,4246672.069,414642.477,4246664.870,90.005
a2,L6560,4765,31.061,423608.610,454667.260,4246254.300,4246274.834,438843.634,4246263.039,89.985
a2,L6561,3090,19.665,404654.119,424317.048,4246255.720,4246283.758,414240.621,4246266.891,89.977
a2,L6570,7797,49.991,404806.294,454792.285,4245848.008,4245886.748,429563.652,4245864.991,90.004
a2,L6580,7834,49.961,404960.963,454916.776,4245446.460,4245472.148,428672.030,4245461.091,90.001
a2,L6590,7948,49.934,405113.372,455042.145,4245045.421,4245079.714,428821.151,4245061.803,90.009
a2,L660,24245,144.777,427726.639,572498.933,4482252.873,4482271.639,499710.727,4482262.292,89.999
a2,L6600,7593,49.908,405262.960,455166.029,4244654.443,4244683.698,429903.499,4244667.007,90.020
a2,L661,3739,24.446,403826.053,428270.966,4482252.383,4482266.074,416542.263,4482259.529,89.993
a2,L6610,7652,49.872,405419.895,455288.035,4244254.741,4244282.573,430140.892,4244265.839,90.001
a2,L662,1486,8.568,395757.184,404323.792,4482249.555,4482271.452,399914.501,4482260.885,89.947
a2,L6620,2237,15.567,439846.788,455413.745,4243854.443,4243870.378,447725.119,4243861.766,89.976
a2,L6621,5409,34.599,405579.427,440175.999,4243851.828,4243874.405,422014.878,4243862.271,89.986
a2,L663,19752,123.255,273132.967,396377.970,4482246.294,4482281.740,334858.017,4482260.923,89.997
a2,L6630,7200,47.753,407790.093,455539.320,4243441.796,4243475.393,430559.103,4243461.445,89.980
a2,L6631,462,2.441,405731.608,408172.251,4243453.187,4243475.111,407056.334,4243462.443,89.782
a2,L6640,7858,49.782,405883.758,455663.010,4243056.099,4243075.524,430474.150,4243064.264,90.000
a2,L6650,8119,49.753,406037.745,455788.401,4242656.046,4242675.793,430976.834,4242664.166,90.003
a2,L6660,7008,48.027,407888.374,455911.584,4242234.358,4242272.305,431511.339,4242262.046,89.991
a2,L6661,380,2.017,406195.777,408212.878,4242248.626,4242262.218,407261.172,4242257.159,89.647
a2,L6670,7933,49.698,406343.201,456036.034,4241850.960,4241881.761,430280.505,4241864.944,90.005
a2,L6680,7946,49.668,406494.488,456160.063,4241455.684,4241474.986,431849.976,4241463.464,90.012
a2,L6690,7870,49.635,406650.799,456283.280,4241058.062,4241075.498,432459.993,4241064.705,90.000
a2,L670,23643,144.951,427552.353,572498.933,4481854.337,4481869.869,499888.757,4481862.173,90.000
a2,L6700,8084,49.599,406809.872,456406.968,4240644.411,4240674.551,430701.092,4240661.234,89.981
a2,L671,3728,24.440,403821.761,428260.971,4481858.733,4481868.736,415751.400,4481863.104,89.997
a2,L6710,7569,49.587,406957.686,456532.393,4240242.364,4240301.094,432236.373,4240265.427,90.003
a2,L672,1524,8.573,395761.284,404332.695,4481858.194,4481872.397,400171.204,4481865.015,89.994
a2,L6720,7458,49.549,407111.896,456655.868,4239846.876,4239881.945,432410.283,4239864.778,89.998
a2,L673.8,14272,92.586,303766.724,396344.530,4481851.196,4481875.238,351160.837,4481861.289,90.000
a2,L6730,7355,49.522,407265.927,456781.423,4239443.962,4239486.311,432733.020,4239465.397,90.002
a2,L674,5093,31.349,272960.497,304300.157,4481840.982,4481902.370,288433.201,4481860.994,90.001
a2,L6740,7341,49.493,407417.972,456905.741,4239051.073,4239080.263,432994.821,4239063.331,90.007
a2,L6750,7722,49.462,407573.745,457031.551,4238635.628,4238670.968,431826.727,4238657.765,90.006
a2,L6760,7826,49.434,407726.540,457154.999,4238238.037,4238272.894,431936.547,4238258.439,90.005
a2,L6770,7702,49.404,407877.548,457277.037,4237847.006,4237872.007,432017.217,4237859.583,90.005
a2,L6780,7681,49.369,408034.976,457397.984,4237443.167,4237474.425,432005.312,4237459.713,89.981
a2,L6790,7931,49.339,408189.016,457526.226,4237052.009,4237067.447,432091.271,4237059.349,89.994
a2,L680,4998,28.520,427591.679,456108.442,4481452.901,4481471.621,442091.621,4481462.056,89.982
a2,L6800,7378,49.309,408341.110,457647.930,4236653.768,4236673.380,433339.309,4236663.832,89.989
a2,L681,19888,116.672,455830.849,572498.933,4481453.675,4481470.754,514476.068,4481461.165,89.999
a2,L6810,7890,49.286,408491.089,457773.799,4236249.826,4236275.222,434070.209,4236263.995,90.006
a2,L682,3823,24.436,403825.144,428259.469,4481451.634,4481472.463,415769.004,4481462.701,90.007
a2,L6820,8057,49.250,408651.473,457899.886,4235849.433,4235866.339,432947.055,4235860.002,89.993
a2,L683,707,4.651,399669.546,404319.734,4481452.853,4481468.802,401848.813,4481460.941,90.093
a2,L6830,8104,49.222,408803.731,458023.037,4235447.997,4235468.506,432162.853,4235460.367,89.993
a2,L684,20921,127.479,272790.955,400260.885,4481452.749,4481476.435,335727.562,4481465.241,90.001
a2,L6840,7727,49.201,408948.258,458147.988,4235053.367,4235078.384,434356.720,4235063.279,90.023
a2,L6850,7586,49.246,409034.279,458270.421,4234642.027,4234684.079,433227.346,4234662.624,89.997
a2,L6860,7579,49.372,409032.959,458393.663,4234251.939,4234319.797,433262.968,4234264.257,89.992
a2,L6870,8083,49.490,409031.680,458518.601,4233858.990,4233885.244,434185.400,4233866.148,90.008
a2,L6880,7795,49.630,409030.353,458643.881,4233420.826,4233494.612,433360.374,4233461.373,90.008
a2,L6890,8040,49.755,409029.041,458770.697,4233049.853,4233081.183,434574.385,4233064.288,90.019
a2,L690,23915,144.753,427750.278,572498.933,4481050.934,4481069.746,500073.625,4481061.878,90.002
a2,L6900,8107,49.870,409027.759,458886.486,4232646.785,4232687.263,434253.309,4232662.672,90.000
a2,L691,4080,24.575,403795.427,428367.864,4481056.632,4481073.510,415694.888,4481064.831,89.994
a2,L6910,7756,49.994,409026.398,459015.481,4232244.413,4232277.593,433671.103,4232263.371,90.002
a2,L692,21944,131.734,272622.511,404345.615,4481047.624,4481079.540,338397.738,4481064.997,90.002
a2,L6920,7615,50.119,409025.073,459141.400,4231854.012,4231875.395,435061.865,4231863.797,90.006
a2,L693,685,4.355,399802.660,404156.823,4481050.752,4481073.846,401910.162,4481065.740,89.978
a2,L6930,7631,50.242,409023.769,459264.113,4231453.447,4231473.206,433553.322,4231465.139,90.004
a2,L6940,7436,50.370,409022.419,459389.676,4231054.311,4231075.295,434002.789,4231062.162,89.998
a2,L6950,7709,50.493,409021.117,459511.231,4230653.309,4230678.926,435189.202,4230665.049,89.993
a2,L6960,7811,50.621,409019.819,459638.078,4230251.772,4230278.061,435076.756,4230263.512,90.009
a2,L6970,7643,50.747,409018.499,459761.578,4229848.307,4229873.318,434090.315,4229861.943,90.005
a2,L6980,7632,50.872,409017.158,459886.437,4229448.611,4229477.035,434524.807,4229459.837,89.999
a2,L6990,7545,50.994,409015.860,460007.771,4229054.360,4229072.616,434860.168,4229063.753,89.995
a2,L70,45500,268.551,303961.391,572498.934,4505852.024,4505873.261,437473.204,4505862.177,90.000
a2,L700,5052,28.396,427754.943,456150.076,4480653.394,4480668.495,442275.134,4480661.779,89.997
a2,L7000,7658,51.121,409014.554,460132.872,4228655.963,4228671.319,435393.841,4228663.288,90.002
a2,L701,20081,116.875,455627.966,572498.933,4480654.487,4480668.313,513637.941,4480661.954,89.997
a2,L7010,7615,51.247,409013.220,460257.629,4228253.427,4228270.442,434293.146,4228262.120,89.998
a2,L702,3772,24.426,403830.623,428255.176,4480651.107,4480666.862,416493.213,4480659.256,89.998
a2,L7020,7887,51.373,409011.904,460382.699,4227854.971,4227873.150,435388.340,4227863.544,90.001
a2,L703,8215,48.397,347821.554,396212.754,4480650.375,4480676.735,371148.793,4480665.844,90.007
a2,L7030,7790,51.500,409010.600,460506.798,4227453.573,4227472.756,435241.080,4227463.349,90.004
a2,L704,5457,32.568,315711.613,348277.021,4480659.665,4480673.847,331655.015,4480665.626,89.992
a2,L7040,7909,51.627,409009.173,460631.646,4227020.292,4227072.698,434565.161,4227060.787,89.969
a2,L705,662,4.524,399747.705,404270.340,4480658.328,4480677.929,401904.370,4480665.263,89.915
a2,L7050,7984,51.750,409007.958,460754.475,4226649.873,4226669.821,434335.334,4226661.482,89.999
a2,L706,1877,12.864,303673.334,316535.895,4480657.202,4480678.053,309942.182,4480664.203,90.015
a2,L7060,8094,51.888,409006.654,460882.234,4226233.440,4226293.551,434687.285,4226263.792,90.015
a2,L707,5159,31.708,272448.685,304154.367,4480647.315,4480672.384,288349.691,4480662.487,90.000
a2,L7070,8130,52.001,409005.335,461001.872,4225844.571,4225875.023,435624.440,4225861.582,89.998
a2,L708,641,4.414,395799.494,400213.166,4480659.748,4480667.443,398172.873,4480663.310,90.029
a2,L7080,8006,52.134,409003.992,461128.704,4225437.434,4225480.155,435003.304,4225460.699,89.999
a2,L7090,7924,52.255,409002.685,461250.766,4225033.627,4225086.078,435044.239,4225060.575,89.994
a2,L710,17684,108.745,463756.232,572498.933,4480256.923,4480270.063,518519.293,4480262.805,90.000
a2,L7100,7990,52.387,409001.385,461375.624,4224635.579,4224685.908,435202.621,4224663.510,90.002
a2,L711,5369,36.471,403825.316,440295.662,4480254.122,4480266.653,422179.065,4480260.456,89.997
a2,L7110,8117,52.511,409000.026,461500.231,4224238.707,4224282.113,435029.541,4224260.467,89.989
a2,L712,3974,24.447,439741.168,464186.713,4480256.575,4480272.654,452170.459,4480264.014,89.995
a2,L7120,8027,52.637,408998.742,461625.324,4223836.715,4223886.923,435108.413,4223862.054,90.003
a2,L713,687,4.563,399739.686,404302.153,4480252.649,4480270.942,401896.784,4480262.812,90.075
a2,L7130,8257,52.759,408997.449,461747.693,4223440.188,4223479.199,435311.130,4223463.048,90.004
a2,L714,21234,127.976,272279.868,400240.634,4480252.719,4480285.490,335112.721,4480265.908,90.004
a2,L7140,6169,38.253,423630.637,461873.750,4223031.452,4223088.791,442692.979,4223059.573,90.005
a2,L7141,2368,15.212,408996.092,424205.359,4223042.476,4223074.835,416234.849,4223064.829,89.984
a2,L7150,8305,53.006,408994.785,461997.693,4222652.603,4222674.653,436153.120,4222664.354,89.999
a2,L7160,8085,53.133,408993.471,462119.296,4222227.581,4222273.873,435005.321,4222259.549,89.991
a2,L7170,8097,53.259,408992.161,462246.496,4221847.174,4221874.859,435378.458,4221861.857,90.003
a2,L7180,8266,53.383,408990.827,462369.861,4221451.097,4221469.808,435333.189,4221461.277,89.995
a2,L7190,8564,53.508,408989.539,462494.312,4221052.127,4221074.994,436246.918,4221065.171,90.005
a2,L720,17836,108.830,463671.695,572498.933,4479856.106,4479871.182,519041.778,4479862.585,90.006
a2,L7200,8196,53.635,408988.215,462619.048,4220654.209,4220679.814,436486.582,4220663.865,90.004
a2,L721,9118,60.540,403751.726,464288.375,4479851.554,4479870.058,433898.297,4479862.487,89.999
a2,L7210,8253,53.759,408986.906,462742.722,4220250.590,4220273.686,435399.123,4220260.742,90.005
a2,L722,14780,92.396,303823.652,396211.404,4479844.669,4479872.446,350160.284,4479859.998,90.001
a2,L7220,8511,53.887,408985.570,462867.840,4219850.177,4219873.018,435283.893,4219861.008,90.001
a2,L723,3815,24.514,279748.567,304260.054,4479850.532,4479873.520,292255.660,4479861.064,90.019
a2,L7230,8490,54.009,408984.259,462990.713,4219457.911,4219475.505,435962.761,4219465.053,89.998
a2,L724,1407,8.241,272107.950,280348.785,4479855.048,4479866.519,276597.565,4479860.906,89.964
a2,L7240,8788,54.144,408982.952,463114.060,4219033.037,4219086.314,435980.111,4219060.901,89.999
a2,L725,1361,8.540,395738.129,404273.732,4479835.045,4479895.219,399722.611,4479867.874,89.826
a2,L7250,8669,54.260,408981.623,463237.971,4218646.694,4218672.581,435488.808,4218660.823,89.993
a2,L7260,8732,54.391,408980.329,463362.277,4218238.978,4218281.266,436426.480,4218265.675,90.001
a2,L7270,8697,54.511,408978.994,463487.519,4217853.636,4217874.837,436674.520,4217863.424,89.999
a2,L7280,8428,54.644,408977.658,463611.437,4217439.829,4217477.900,436381.405,4217460.265,89.991
a2,L7290,8401,54.771,408976.350,463735.935,4217041.186,4217094.525,436583.624,4217062.052,89.995
a2,L730,17858,108.744,463757.473,572498.933,4479454.182,4479468.475,518895.781,4479462.450,90.003
a2,L7300,8007,54.897,408975.030,463861.662,4216645.508,4216682.469,436073.769,4216661.211,89.999
a2,L731,1262,8.453,455750.446,464202.309,4479452.348,4479467.667,459684.546,4479460.345,89.967
a2,L7310,8607,55.020,408973.749,463986.220,4216249.855,4216279.914,436384.366,4216263.434,90.011
a2,L732,8300,52.514,403718.637,456230.393,4479456.382,4479467.461,430576.317,4479461.049,89.998
a2,L7320,8327,55.144,408972.412,464107.849,4215834.536,4215883.583,436281.657,4215863.478,89.996
a2,L733,12578,80.407,315778.475,396178.052,4479439.017,4479488.506,356434.484,4479460.075,89.983
a2,L7330,8922,55.273,408971.096,464232.656,4215430.926,4215480.573,436925.372,4215460.169,89.998
a2,L734,7359,44.376,272018.198,316389.052,4479454.052,4479478.730,295080.351,4479466.471,90.003
a2,L7340,23281,105.722,358650.158,464356.319,4215041.761,4215073.541,410370.609,4215064.828,89.998
a2,L735,625,4.358,399824.485,404182.083,4479459.259,4479466.410,401926.028,4479462.302,90.042
a2,L7350,23505,105.879,358618.251,464480.887,4214654.158,4214678.226,411185.134,4214664.952,90.001
a2,L736,1166,8.642,391850.036,400491.073,4479456.725,4479467.768,396424.984,4479462.376,90.019
a2,L7360,24203,106.038,358585.707,464604.977,4214253.716,4214279.387,410553.977,4214264.732,89.999
a2,L7370,26164,106.195,358553.663,464729.761,4213850.288,4213880.313,410155.360,4213864.599,90.001
a2,L7380,24006,106.349,358521.214,464852.958,4213449.407,4213477.225,410987.478,4213465.024,89.998
a2,L7390,24976,106.506,358489.171,464978.031,4213049.128,4213074.704,412232.248,4213064.746,90.001
a2,L740,8481,56.420,403766.097,460184.514,4479055.247,4479069.311,431551.450,4479063.779,90.004
a2,L7400,22813,106.661,358456.766,465101.179,4212649.824,4212684.881,411873.543,4212665.077,89.998
a2,L741,18850,112.706,459804.210,572498.933,4479053.745,4479096.251,515617.184,4479063.649,90.017
a2,L7410,24245,106.818,358425.021,465226.013,4212257.749,4212296.831,410470.931,4212265.568,90.003
a2,L742,11211,68.451,327740.250,396185.631,4479050.040,4479070.388,362041.905,4479059.013,90.001
a2,L7420,23238,106.976,358392.579,465350.292,4211852.909,4211877.435,413458.706,4211864.899,90.002
a2,L743,9329,56.445,271922.810,328355.276,4479027.027,4479099.274,299901.991,4479059.543,89.985
a2,L7430,25218,107.131,358360.332,465472.309,4211455.620,4211478.492,412318.783,4211465.484,89.998
a2,L744,588,4.392,399840.213,404231.492,4479057.652,4479069.755,401936.061,4479062.762,89.990
a2,L7440,21865,99.715,358328.231,458028.053,4211049.225,4211075.985,409163.200,4211065.460,90.003
a2,L7441,2183,7.720,457883.570,465599.407,4211056.373,4211086.311,461418.376,4211064.407,90.177
a2,L745,821,4.417,395860.155,400276.769,4479058.232,4479068.855,398080.199,4479062.768,90.008
a2,L7450,24598,107.447,358295.635,465722.069,4210646.001,4210682.863,411881.521,4210665.194,89.999
a2,L7460,23139,107.595,358263.396,465847.396,4210255.205,4210272.913,413544.966,4210265.092,90.001
a2,L7470,24084,107.445,358539.408,465970.669,4209836.623,4209876.168,413187.147,4209864.614,89.999
a2,L7480,23575,107.144,358961.228,466095.505,4209457.388,4209477.881,413856.767,4209465.221,90.002
a2,L7490,24220,106.843,359386.580,466218.325,4209057.008,4209073.452,414804.775,4209065.517,89.999
a2,L750,8109,48.619,463712.275,512330.393,4478656.603,4478669.630,489027.693,4478662.348,89.998
a2,L7500,23457,106.544,359810.839,466343.107,4208648.665,4208675.913,414088.875,4208666.123,90.000
a2,L751,11347,62.112,510392.181,572498.933,4478650.262,4478671.672,541572.231,4478662.113,90.002
a2,L7510,24672,106.250,360235.321,466468.383,4208253.312,4208274.477,414105.539,4208266.098,90.001
a2,L752,1558,8.705,455596.033,464297.963,4478635.128,4478674.052,459392.420,4478659.591,89.935
a2,L7520,19557,95.512,360660.346,456160.425,4207853.296,4207873.872,408301.842,4207865.157,90.001
a2,L7521,2594,10.739,455853.054,466591.406,4207863.207,4207874.824,461022.432,4207866.648,89.986
a2,L753,8492,52.516,403674.502,456183.114,4478646.487,4478684.141,431224.097,4478660.817,90.007
a2,L7530,24575,105.646,361088.593,466717.301,4207451.134,4207476.251,414369.555,4207465.215,90.000
a2,L754,18127,116.408,279734.242,396134.159,4478648.293,4478673.751,338788.170,4478661.100,90.001
a2,L7540,18435,94.651,361506.447,456144.762,4207040.699,4207075.777,408975.280,4207064.332,90.002
a2,L7541,2639,11.020,455822.587,466840.932,4207051.063,4207069.156,461395.991,4207064.999,90.002
a2,L755,1420,8.304,271834.702,280138.226,4478653.848,4478666.970,276307.074,4478661.148,89.949
a2,L7550,23817,105.049,361933.609,466965.631,4206645.806,4206676.805,415408.057,4206664.277,90.002
a2,L756,1413,8.379,395839.755,404217.693,4478658.979,4478672.391,400127.450,4478665.843,89.972
a2,L7560,21748,104.746,362359.856,467089.825,4206246.930,4206277.010,415647.244,4206262.839,90.001
a2,L7570,23887,104.446,362784.354,467214.537,4205849.742,4205878.289,415188.478,4205864.425,90.001
a2,L7580,21804,104.142,363208.694,467337.677,4205446.405,4205477.257,415815.072,4205463.622,90.000
a2,L7590,22985,103.841,363634.580,467461.424,4205052.040,4205079.617,415171.574,4205063.995,89.998
a2,L760,17841,108.834,463667.434,572498.933,4478255.209,4478268.610,518214.685,4478261.543,90.000
a2,L7600,24196,103.542,364058.282,467587.313,4204655.907,4204680.058,414959.280,4204665.575,90.001
a2,L761,8041,52.479,403774.297,456245.425,4478240.662,4478277.813,431175.104,4478261.420,89.999
a2,L7610,22506,103.242,364478.776,467709.448,4204255.127,4204280.289,417463.724,4204265.932,89.999
a2,L762,1627,8.788,455449.304,464234.779,4478257.688,4478290.270,459894.302,4478266.357,90.020
a2,L7620,22793,102.948,364903.610,467834.888,4203854.573,4203885.481,414887.043,4203865.596,90.001
a2,L763,10891,68.457,327720.047,396169.545,4478248.374,4478276.296,361470.216,4478263.984,90.005
a2,L7630,23744,102.646,365325.821,467957.804,4203456.792,4203476.925,418382.283,4203465.220,90.000
a2,L764,9453,56.561,271745.142,328296.246,4478253.757,4478290.030,300165.522,4478267.860,90.000
a2,L7640,23533,102.354,365749.320,468084.115,4203048.469,4203078.960,415492.486,4203064.416,90.004
a2,L765,1456,8.608,395802.362,404409.735,4478259.043,4478274.224,400197.713,4478266.892,89.987
a2,L7650,24172,102.038,366179.262,468200.097,4202650.704,4202675.622,418094.314,4202664.071,89.999
a2,L7655,10230,49.893,418228.528,468115.085,4202452.513,4202473.679,443636.194,4202465.047,90.001
a2,L7660,22506,101.732,366603.623,468327.055,4202257.119,4202273.432,416179.912,4202265.238,89.998
a2,L7665,10200,50.519,417720.371,468226.675,4202033.153,4202082.921,442642.045,4202065.763,89.965
a2,L7670,22908,101.429,367029.743,468441.429,4201856.666,4201877.445,420518.994,4201865.067,89.999
a2,L7675,10522,51.054,417293.008,468339.539,4201656.795,4201677.703,442877.859,4201665.901,89.993
a2,L7680,22568,101.143,367451.887,468558.258,4201435.466,4201492.330,417569.253,4201465.096,90.001
a2,L7685,11142,51.635,416827.664,468455.319,4201258.140,4201273.476,442182.848,4201265.758,90.008
a2,L7690,24807,100.844,367876.264,468676.432,4201028.644,4201099.279,421151.256,4201065.716,89.998
a2,L7695,11392,52.236,416345.575,468574.855,4200860.232,4200872.112,443172.787,4200865.286,90.001
a2,L770,3897,24.399,427833.545,452231.857,4477853.817,4477867.790,439236.260,4477860.740,89.990
a2,L7700,22585,100.502,368299.931,468790.909,4200651.339,4200674.405,417491.746,4200664.546,90.001
a2,L7705,11588,52.821,415872.935,468689.804,4200460.538,4200469.950,441941.043,4200464.843,90.001
a2,L771,683,4.401,451842.227,456243.073,4477852.741,4477866.971,454258.115,4477860.460,90.006
a2,L7710,24025,100.202,368720.547,468905.367,4200252.385,4200277.561,420463.299,4200266.032,90.001
a2,L7715,11424,53.397,415407.142,468801.693,4200062.455,4200070.418,442857.063,4200065.966,90.001
a2,L772,18542,116.757,455746.512,572498.933,4477852.938,4477871.530,514833.315,4477863.073,90.000
a2,L7720,23208,99.904,369146.175,469027.278,4199846.529,4199880.600,419093.751,4199864.160,90.007
a2,L7725,11829,53.981,414935.083,468913.512,4199661.232,4199669.040,441324.810,4199665.316,89.997
a2,L773,3997,24.430,403864.902,428290.282,4477841.073,4477880.520,415797.408,4477864.200,90.001
a2,L7730,13213,58.551,369566.340,428107.677,4199443.340,4199477.114,399093.007,4199465.324,90.008
a2,L7731,11142,41.215,427930.247,469137.474,4199450.987,4199474.699,448643.876,4199463.875,89.988
a2,L7735,11393,54.570,414462.414,469029.795,4199260.779,4199274.287,442059.796,4199266.009,90.000
a2,L774,22793,132.584,271654.144,404208.649,4477829.027,4477900.730,337617.080,4477862.326,90.014
a2,L7740,9630,42.110,369990.715,412094.843,4199052.093,4199072.318,391324.767,4199065.307,90.006
a2,L7741,14449,57.384,411895.574,469261.295,4199043.664,4199110.064,441549.868,4199065.442,90.020
a2,L7745,11804,55.160,413985.043,469142.041,4198859.982,4198872.264,440879.908,4198865.245,89.992
a2,L7750,9328,41.750,370415.913,412159.819,4198655.731,4198672.941,390442.678,4198664.558,90.008
a2,L7751,15340,57.479,411899.930,469371.068,4198655.847,4198674.857,440897.820,4198664.056,89.992
a2,L7755,11502,55.739,413521.786,469258.444,4198461.053,4198471.036,441701.257,4198465.971,90.000
a2,L7760,23036,98.659,370841.088,469488.523,4198252.646,4198277.193,419476.796,4198265.292,90.002
a2,L7765,11791,56.322,413055.052,469374.375,4198061.712,4198070.787,440802.463,4198065.924,90.004
a2,L7770,22126,98.343,371270.719,469600.194,4197854.277,4197880.351,420857.255,4197865.603,89.998
a2,L7775,12219,56.912,412584.728,469491.077,4197654.547,4197683.081,441602.993,4197665.324,90.006
a2,L7780,6812,28.369,371689.638,400056.185,4197457.459,4197470.189,386745.598,4197464.625,90.007
a2,L7781,13176,60.214,399871.478,460067.933,4197447.657,4197487.204,429391.320,4197463.693,89.995
a2,L7782,2113,9.771,459947.853,469718.074,4197455.968,4197469.099,464917.725,4197463.617,89.999
a2,L7785,12313,57.500,412108.150,469605.163,4197262.984,4197274.380,440504.877,4197267.067,90.001
a2,L7790,23465,97.728,372116.146,469829.910,4197053.207,4197082.508,421032.467,4197066.260,89.999
a2,L7795,12003,58.101,411638.761,469729.512,4196822.030,4196875.811,441215.820,4196865.040,90.044
a2,L780,8705,52.682,403605.040,456284.824,4477453.964,4477469.057,430995.100,4477460.782,89.997
a2,L7800,22001,97.421,372542.170,469945.281,4196641.299,4196685.713,420395.616,4196664.026,90.004
a2,L7805,11742,58.660,411177.129,469831.635,4196458.148,4196475.087,440237.243,4196466.647,90.006
a2,L781,19604,116.759,455746.640,572498.933,4477454.133,4477474.004,515236.167,4477461.473,89.999
a2,L7810,23490,97.117,372964.012,470060.858,4196255.334,4196286.319,420765.325,4196266.723,90.002
a2,L7815,11951,59.257,410694.845,469946.382,4196052.798,4196075.947,440507.020,4196064.747,90.003
a2,L782,20826,124.577,271562.982,396105.293,4477378.822,4477528.236,333786.127,4477462.647,90.039
a2,L7820,21843,96.719,373397.816,470105.823,4195849.661,4195873.632,421012.322,4195865.271,89.996
a2,L7825,11846,59.839,410233.106,470063.331,4195656.940,4195680.805,439857.039,4195667.337,90.004
a2,L783,2039,12.324,395778.210,408093.744,4477448.850,4477537.472,402023.882,4477468.728,89.666
a2,L7830,20175,96.411,373819.201,470220.529,4195451.817,4195474.557,420601.055,4195465.510,89.992
a2,L7835,12913,60.425,409754.914,470176.927,4195261.120,4195270.972,440340.353,4195266.147,90.000
a2,L7840,22171,96.104,374239.619,470329.753,4195055.315,4195099.734,421493.736,4195064.620,89.979
a2,L7845,12716,61.013,409282.507,470291.398,4194860.981,4194872.221,439212.593,4194866.466,89.998
a2,L7850,22009,88.856,381606.346,470453.498,4194653.379,4194679.093,424056.360,4194667.434,90.001
a2,L7855,12788,61.590,408815.475,470403.123,4194460.072,4194471.093,439466.603,4194466.347,89.999
a2,L7860,23378,88.269,382318.479,470575.819,4194254.284,4194274.427,424776.097,4194265.202,90.007
a2,L7865,13071,62.173,408347.976,470517.149,4194055.746,4194069.743,439185.592,4194064.185,90.002
a2,L7870,24235,87.668,383036.796,470688.354,4193851.311,4193877.208,424847.483,4193866.416,89.994
a2,L7875,13081,62.772,407871.470,470637.116,4193650.570,4193674.343,439490.300,4193663.467,90.005
a2,L7880,22714,87.079,383740.437,470807.257,4193456.377,4193474.407,426196.665,4193465.151,90.001
a2,L7885,12432,63.355,407400.054,470749.053,4193257.062,4193276.563,438198.320,4193265.822,89.997
a2,L7890,20905,86.499,384435.257,470922.236,4193055.057,4193075.573,427318.900,4193066.555,90.001
a2,L7895,12836,63.943,406928.521,470864.125,4192854.088,4192876.253,438553.695,4192862.724,89.997
a2,L790,2964,20.615,403819.938,424433.277,4477053.942,4477068.886,414625.809,4477061.354,89.982
a2,L7900,19868,85.896,385151.416,471035.548,4192630.724,4192675.876,426806.990,4192664.843,89.997
a2,L7905,12573,64.326,406655.192,470975.431,4192456.541,4192479.647,438011.903,4192467.268,89.996
a2,L791,5419,32.508,423765.710,456268.148,4477045.448,4477086.670,440384.211,4477062.269,90.008
a2,L7910,18311,85.307,385855.255,471156.069,4192258.472,4192277.602,428093.114,4192264.497,89.999
a2,L7915,14037,64.442,406656.800,471094.808,4192052.264,4192076.374,438322.513,4192065.428,90.003
a2,L792,17507,116.822,455692.455,572498.933,4477047.279,4477080.212,514043.902,4477062.938,90.005
a2,L7920,18474,84.707,386575.186,471271.804,4191855.457,4191877.287,428146.077,4191864.334,90.001
a2,L7925,13688,64.549,406660.801,471204.304,4191659.351,4191679.765,437185.831,4191667.908,90.000
a2,L793,12791,72.499,319776.979,392262.701,4477037.565,4477089.335,356083.403,4477062.073,90.002
a2,L7930,17933,84.122,387268.951,471379.623,4191450.200,4191479.594,429007.063,4191464.765,90.004
a2,L7935,13637,64.660,406667.130,471319.265,4191257.633,4191279.860,439076.245,4191264.193,89.998
a2,L794,546,4.390,399781.033,404171.019,4477057.749,4477070.131,401914.848,4477063.013,89.965
a2,L7940,20285,83.520,387974.884,471483.546,4191044.719,4191074.998,428831.508,4191064.609,90.005
a2,L7945,14050,64.780,406666.639,471439.002,4190853.223,4190878.420,438669.838,4190865.993,90.003
a2,L795,1210,8.537,391814.496,400350.244,4477052.712,4477074.439,396305.901,4477063.908,89.968
a2,L7950,20720,82.908,388686.270,471585.691,4190654.695,4190671.921,427582.695,4190664.789,89.999
a2,L7955,14540,64.899,406670.512,471553.517,4190442.911,4190489.242,439644.926,4190464.152,90.000
a2,L796,8304,48.842,271464.898,320291.855,4477019.857,4477112.709,295674.643,4477067.464,89.964
a2,L7960,21558,82.465,389232.989,471688.913,4190257.780,4190273.807,427993.470,4190264.658,90.000
a2,L7965,13144,65.010,406671.800,471667.489,4190059.683,4190113.975,437817.047,4190069.480,90.006
a2,L7970,17742,81.976,389758.719,471728.557,4189855.897,4189871.522,430432.687,4189865.221,89.999
a2,L7975,13589,65.107,406675.881,471779.228,4189662.525,4189672.687,439234.756,4189666.492,90.002
a2,L7980,16726,81.656,390250.595,471897.387,4189449.033,4189486.344,430973.722,4189466.811,90.017
a2,L7985,13549,65.221,406678.688,471895.574,4189257.743,4189270.305,438504.219,4189265.070,90.002
a2,L7990,18568,81.216,390796.770,472001.003,4189053.484,4189080.071,430811.091,4189065.903,90.004
a2,L7995,13466,65.327,406681.504,472005.341,4188860.179,4188870.442,439667.217,4188865.509,89.999
a2,L80,22284,128.997,443505.977,572498.934,4505454.418,4505469.476,506863.257,4505461.674,90.002
a2,L800,10309,56.613,403630.326,460225.769,4476643.456,4476683.275,433114.897,4476664.044,90.007
a2,L8000,17399,80.788,391323.037,472103.385,4188654.604,4188673.915,431277.251,4188665.166,89.998
a2,L8005,13561,65.441,406685.777,472123.955,4188455.854,4188468.919,438966.990,4188464.703,90.001
a2,L801,19826,112.869,459653.001,572498.933,4476649.384,4476691.067,516356.292,4476663.625,89.996
a2,L8010,16224,80.367,391845.409,472206.460,4188252.514,4188271.717,432019.309,4188264.839,89.996
a2,L8015,13583,65.548,406685.329,472228.684,4188061.284,4188089.604,440061.778,4188065.915,89.981
a2,L802,12696,76.640,319698.630,396331.347,4476654.383,4476679.686,357297.599,4476665.440,90.003
a2,L8020,19232,79.956,392363.570,472311.266,4187857.311,4187874.202,432000.640,4187864.988,90.002
a2,L8025,13406,65.681,406671.379,472349.560,4187661.098,4187670.992,438736.100,4187665.331,90.003
a2,L803,1455,8.299,395805.699,404102.745,4476653.527,4476676.086,400010.328,4476666.531,90.008
a2,L8030,17944,79.534,392886.344,472413.633,4187457.871,4187474.825,432001.807,4187465.904,89.998
a2,L8035,14651,65.462,407006.795,472465.313,4187258.419,4187270.754,440363.442,4187264.587,90.001
a2,L804,1439,8.285,311890.600,320173.272,4476643.249,4476675.725,315970.901,4476659.938,90.033
a2,L8040,18807,79.343,393183.280,472519.134,4187057.410,4187073.750,432418.594,4187065.171,90.001
a2,L8045,14203,65.239,407336.034,472569.916,4186858.478,4186877.279,438951.643,4186866.870,90.000
a2,L805,686,4.312,307829.496,312139.894,4476631.772,4476672.270,309882.401,4476659.973,89.629
a2,L8050,17954,79.300,393326.098,472620.906,4186660.547,4186673.894,432319.710,4186666.587,89.995
a2,L8055,13485,65.015,407664.489,472674.682,4186455.319,4186474.896,441040.127,4186464.603,90.004
a2,L806,6131,36.831,271381.578,308204.757,4476645.776,4476678.794,289870.909,4476664.613,90.004
a2,L8060,17891,79.268,393467.428,472723.653,4186250.870,4186285.413,432538.316,4186265.633,89.994
a2,L8065,13678,64.784,407998.323,472777.039,4186058.820,4186076.071,439720.977,4186066.169,89.998
a2,L8070,17365,79.232,393609.462,472828.968,4185853.475,4185887.248,433167.872,4185866.224,89.999
a2,L8075,13602,64.555,408332.047,472881.535,4185656.279,4185671.531,441002.560,4185664.666,89.997
a2,L8080,18144,79.190,393751.506,472931.356,4185455.219,4185473.814,433470.547,4185466.237,89.996
a2,L8085,13482,64.333,408658.251,472984.936,4185254.297,4185276.111,440253.355,4185265.887,90.000
a2,L8090,17048,79.156,393892.618,473036.687,4185053.680,4185077.269,433049.138,4185066.592,90.003
a2,L8095,14348,64.102,408990.253,473088.680,4184861.769,4184872.158,441256.441,4184866.307,90.000
a2,L81,22748,140.309,303761.380,444065.307,4505449.668,4505468.843,372575.103,4505461.257,90.001
a2,L810,8450,52.683,403707.496,456385.892,4476240.023,4476276.606,431451.153,4476260.242,89.984
a2,L8100,18266,79.110,394038.454,473140.821,4184653.720,4184672.596,433094.922,4184664.415,89.997
a2,L8105,14444,63.878,409317.213,473192.093,4184459.762,4184471.333,439504.223,4184465.691,90.004
a2,L811,18106,116.870,455643.193,572498.933,4476237.110,4476285.735,513124.024,4476258.599,90.002
a2,L8110,17802,79.075,394177.888,473244.351,4184255.868,4184279.170,433194.530,4184264.817,90.003
a2,L8115,14029,63.648,409650.853,473295.257,4184058.353,4184079.113,441672.606,4184065.403,89.997
a2,L812,13051,76.336,319816.892,396140.675,4476232.542,4476290.746,358914.902,4476259.847,89.995
a2,L8120,18219,79.038,394319.097,473348.032,4183852.135,4183872.595,433450.148,4183864.275,90.005
a2,L8125,13899,63.424,409981.141,473400.446,4183651.362,4183669.586,440628.301,4183663.978,90.003
a2,L813,549,4.446,399731.203,404176.543,4476256.969,4476266.149,401850.021,4476260.966,89.918
a2,L8130,16917,78.990,394463.117,473443.738,4183456.178,4183474.578,433758.451,4183465.455,90.000
a2,L8135,13684,63.134,410311.920,473442.512,4183259.797,4183270.267,441772.482,4183265.494,89.997
a2,L814,691,4.553,395732.916,400285.316,4476257.933,4476267.108,398164.033,4476262.667,89.980
a2,L8140,17988,78.848,394605.803,473441.230,4183051.052,4183079.754,433572.957,4183064.937,90.001
a2,L8145,13633,62.800,410645.019,473440.009,4182856.722,4182869.569,440317.564,4182864.880,89.995
a2,L815,1495,8.624,311710.334,320333.077,4476250.288,4476272.678,315915.526,4476264.883,90.114
a2,L8150,17024,78.700,394747.159,473438.740,4182651.743,4182674.473,433183.189,4182664.543,90.002
a2,L8155,13339,62.469,410973.855,473437.505,4182454.341,4182472.961,442898.909,4182463.584,90.000
a2,L816,6812,40.858,271290.812,312144.754,4476254.291,4476294.213,291931.214,4476263.644,89.961
a2,L8160,17206,78.560,394889.506,473436.218,4182251.490,4182288.988,434300.777,4182265.878,90.005
a2,L8165,13544,62.149,411299.269,473435.041,4182054.061,4182082.579,441082.808,4182066.808,90.001
a2,L8170,16519,78.412,395031.076,473433.757,4181855.932,4181877.757,433275.856,4181864.971,90.003
a2,L8175,12621,61.806,411633.772,473432.521,4181651.344,4181683.463,443199.640,4181664.911,89.999
a2,L8180,18345,78.267,395175.101,473431.261,4181453.975,4181475.214,433685.116,4181465.652,89.999
a2,L8185,12594,61.469,411967.071,473430.011,4181255.400,4181274.575,441507.080,4181266.526,89.999
a2,L8190,16981,78.123,395316.555,473428.747,4181053.545,4181077.697,432978.515,4181065.408,90.003
a2,L8195,12642,61.137,412298.505,473427.559,4180849.585,4180876.728,442847.738,4180864.950,89.995
a2,L820,9262,56.466,403800.753,460256.239,4475842.584,4475885.779,432652.374,4475862.954,89.998
a2,L8200,17079,77.979,395458.471,473426.296,4180652.632,4180684.371,434672.229,4180665.199,89.999
a2,L8205,13624,60.806,412625.906,473425.003,4180453.088,4180478.680,442280.055,4180466.880,90.004
a2,L821,18146,112.753,459756.425,572498.933,4475851.463,4475880.469,515238.825,4475861.942,90.005
a2,L8210,16280,77.832,395600.207,473423.791,4180253.522,4180275.509,434231.793,4180264.800,90.001
a2,L8215,12632,60.468,412958.227,473422.591,4180060.696,4180073.903,442983.715,4180065.882,89.992
a2,L822,1263,8.373,391865.385,400237.729,4475860.767,4475878.278,396231.470,4475867.196,89.981
a2,L8220,18915,77.687,395743.129,473421.290,4179857.347,4179876.530,433021.382,4179865.701,90.000
a2,L8225,12086,60.134,413288.449,473420.038,4179661.098,4179670.516,442845.948,4179664.845,90.000
a2,L823,12269,72.459,319810.176,392251.393,4475802.266,4475891.886,355783.728,4475859.540,89.998
a2,L8230,17877,77.543,395885.207,473418.807,4179457.056,4179477.434,434742.278,4179466.193,89.999
a2,L8235,13476,59.802,413618.668,473417.565,4179258.565,4179273.434,443114.443,4179266.313,89.998
a2,L824,1517,8.692,311621.417,320312.568,4475854.523,4475880.898,315818.502,4475867.230,89.975
a2,L8240,17830,77.398,396026.969,473416.339,4179056.039,4179076.000,434610.828,4179065.513,89.997
a2,L8245,12956,59.466,413953.334,473415.050,4178857.752,4178869.981,443348.981,4178864.906,89.995
a2,L825,6837,41.099,271201.110,312293.313,4475842.792,4475883.226,291774.739,4475866.634,90.013
a2,L8250,16601,77.252,396168.407,473413.816,4178659.307,4178677.271,434439.367,4178666.386,90.002
a2,L8255,13107,59.135,414280.799,473412.565,4178460.575,4178473.443,443761.918,4178465.911,89.999
a2,L826,583,4.428,399775.176,404202.468,4475849.227,4475870.002,401930.221,4475862.400,89.939
a2,L8260,21583,77.114,396312.160,473411.319,4178257.213,4178284.040,434239.131,4178266.374,90.000
a2,L8265,12181,58.803,414609.065,473410.059,4178061.578,4178070.035,444133.730,4178065.199,90.001
a2,L8270,20280,76.971,396451.369,473408.828,4177856.428,4177874.781,435502.952,4177864.912,90.006
a2,L8275,12346,58.467,414943.027,473407.581,4177662.307,4177670.947,443810.077,4177666.266,89.999
a2,L8280,18875,76.821,396596.059,473406.351,4177458.316,4177473.201,433936.628,4177465.497,89.998
a2,L8285,11760,58.132,415275.155,473405.069,4177259.855,4177269.255,444405.208,4177264.829,90.000
a2,L8290,18376,76.684,396735.853,473403.846,4177053.636,4177082.849,435266.522,4177064.607,90.005
a2,L8295,12855,57.803,415603.408,473402.579,4176855.922,4176870.568,443515.028,4176864.456,90.003
a2,L830,27283,168.786,403720.588,572498.933,4475450.884,4475467.456,488903.429,4475460.535,89.999
a2,L8300,17102,76.534,396883.402,473401.251,4176651.562,4176677.647,433891.517,4176665.669,90.006
a2,L8305,12142,57.462,415941.794,473400.074,4176457.406,4176475.307,445815.117,4176466.804,89.995
a2,L831,5461,32.498,359804.011,392297.212,4475444.763,4475487.406,376074.245,4475463.449,90.009
a2,L8310,17519,76.357,397055.876,473398.830,4176248.177,4176284.372,435322.054,4176265.251,90.001
a2,L8315,12259,57.132,416268.655,473397.578,4176057.147,4176070.631,443998.094,4176063.979,90.001
a2,L832,6848,40.400,319798.414,360191.963,4475436.700,4475491.647,340244.968,4475460.338,89.961
a2,L8320,18687,75.890,397523.850,473396.337,4175846.030,4175877.251,435104.341,4175864.722,90.000
a2,L8325,11786,56.806,416594.704,473395.104,4175652.114,4175677.124,445971.131,4175666.036,89.999
a2,L833,1955,12.574,307870.589,320442.014,4475448.825,4475496.887,314148.205,4475459.548,90.167
a2,L8330,18589,75.425,397983.862,473393.871,4175445.156,4175477.576,435873.412,4175465.546,90.000
a2,L8335,12129,56.424,416932.340,473352.269,4175259.247,4175272.121,444318.143,4175264.408,89.996
a2,L834,749,4.550,303829.387,308378.604,4475459.241,4475472.079,306133.037,4475466.279,90.114
a2,L8340,18624,74.739,398452.970,473184.174,4175058.352,4175072.701,434303.716,4175065.801,90.001
a2,L8345,12009,55.766,417257.808,473019.111,4174855.197,4174876.779,446597.043,4174866.715,89.993
a2,L835,5880,33.189,271106.741,304280.166,4475435.760,4475551.981,287117.205,4475468.178,89.970
a2,L8350,17607,73.936,398920.653,472846.471,4174652.001,4174674.352,436166.226,4174666.945,90.002
a2,L8355,12497,55.093,417591.650,472682.350,4174462.200,4174470.033,443889.534,4174466.173,89.997
a2,L836,2075,12.522,391765.215,404287.208,4475460.267,4475472.106,398593.318,4475465.980,89.997
a2,L8360,17977,73.140,399387.781,472513.675,4174253.567,4174277.449,434023.813,4174265.670,89.999
a2,L8365,11822,54.429,417918.666,472344.794,4174061.045,4174070.654,445467.936,4174065.549,90.000
a2,L8370,16780,72.337,399855.091,472179.250,4173851.410,4173874.973,435782.847,4173863.975,89.998
a2,L8375,11932,53.765,418248.678,472011.313,4173659.835,4173669.307,443724.062,4173664.606,89.996
a2,L8380,17437,71.531,400317.908,471839.529,4173454.477,4173473.154,436267.977,4173465.157,90.004
a2,L8385,11343,53.098,418578.430,471674.028,4173259.150,4173268.003,445650.997,4173263.969,90.000
a2,L8390,17469,70.727,400790.203,471504.281,4173045.062,4173072.987,436627.001,4173064.084,90.000
a2,L8395,11565,52.426,418914.792,471338.445,4172860.209,4172869.895,444349.962,4172865.106,89.998
a2,L840,17574,112.767,459736.689,572498.933,4475052.281,4475073.203,515775.711,4475061.951,90.003
a2,L8400,17253,69.927,401258.468,471173.980,4172657.107,4172672.713,435694.540,4172664.804,89.994
a2,L8405,10791,51.757,419253.277,471007.301,4172452.100,4172474.361,445727.951,4172464.281,89.981
a2,L841,8420,56.583,403772.755,460353.546,4475054.429,4475069.606,431160.027,4475062.875,90.005
a2,L8410,16669,69.310,401535.174,470836.403,4172253.974,4172272.409,436475.316,4172264.251,90.003
a2,L8415,10562,51.096,419574.316,470665.706,4172049.346,4172068.974,443960.739,4172061.494,90.002
a2,L842,13613,80.490,311740.546,392206.473,4475026.678,4475137.596,351587.981,4475066.876,89.997
a2,L8420,15662,68.871,401638.977,470501.816,4171856.448,4171874.747,434518.475,4171864.082,90.000
a2,L8425,10817,50.439,419901.261,470334.817,4171656.852,4171678.622,446336.631,4171667.209,90.001
a2,L843,605,4.443,307803.218,312244.766,4475054.308,4475085.444,309969.571,4475063.591,90.112
a2,L8430,17956,68.429,401741.537,470164.908,4171459.717,4171472.532,436129.316,4171465.750,90.004
a2,L8435,10737,49.762,420242.653,469996.625,4171248.771,4171278.379,444265.197,4171262.677,89.987
a2,L844,6108,37.226,271016.746,308228.698,4474994.265,4475087.626,289169.847,4475063.624,90.048
a2,L8440,15363,67.989,401845.149,469827.194,4171053.365,4171074.882,434155.883,4171064.067,90.005
a2,L8445,10022,49.105,420567.423,469667.012,4170853.394,4170877.697,446269.256,4170866.644,89.991
a2,L845,666,4.612,399656.895,404268.820,4475059.047,4475069.361,401850.038,4475062.310,90.010
a2,L8450,15108,67.559,401949.481,469497.222,4170652.835,4170686.800,435527.760,4170666.375,89.995
a2,L8455,9924,48.432,420897.018,469324.832,4170456.441,4170473.366,444097.477,4170463.763,89.998
a2,L846,1225,8.615,391677.369,400290.989,4475051.072,4475073.900,396296.468,4475063.600,90.030
a2,L8460,14260,67.112,402052.818,469156.024,4170253.031,4170277.346,434029.495,4170264.067,90.001
a2,L8465,9741,47.775,421225.198,468993.848,4170053.101,4170087.979,446243.391,4170066.106,89.994
a2,L8470,14810,66.675,402156.180,468824.844,4169854.227,4169872.498,435290.500,4169865.621,89.996
a2,L8475,10278,47.101,421555.617,468653.894,4169661.348,4169670.050,444516.724,4169665.195,90.003
a2,L8480,16345,66.236,402259.394,468486.940,4169455.784,4169472.374,434104.468,4169464.408,89.999
a2,L8485,10232,46.404,421919.460,468320.891,4169259.128,4169270.648,445745.799,4169264.340,89.997
a2,L8490,15599,65.794,402365.627,468154.356,4169049.941,4169074.734,435785.294,4169065.195,89.985
a2,L8495,9770,45.548,422440.848,467985.682,4168860.538,4168870.143,444571.409,4168865.525,90.002
a2,L850,21731,128.972,443548.912,572498.933,4474624.340,4474683.929,507445.913,4474662.339,89.998
a2,L8500,14363,65.356,402465.213,467816.908,4168657.602,4168669.923,434026.359,4168664.610,90.000
a2,L8505,9319,44.686,422965.487,467649.476,4168459.935,4168468.339,445785.879,4168464.661,90.003
a2,L851,6547,42.101,403694.540,445787.779,4474642.412,4474678.622,425199.475,4474659.567,90.007
a2,L8510,16362,64.923,402567.578,467479.845,4168256.997,4168280.220,434631.018,4168265.081,90.004
a2,L8515,9320,43.828,423489.643,467316.311,4168061.946,4168069.759,444152.927,4168065.514,90.000
a2,L852,13780,84.428,311801.447,396223.120,4474650.127,4474679.477,353889.309,4474665.092,90.001
a2,L8520,13651,64.477,402672.416,467144.446,4167855.245,4167872.483,433715.998,4167863.737,89.999
a2,L8525,8706,42.959,424020.989,466978.733,4167660.746,4167670.193,446119.467,4167665.007,89.996
a2,L853,6625,41.440,270927.421,312363.281,4474649.170,4474679.883,291417.294,4474664.629,90.002
a2,L8530,14611,64.046,402774.940,466810.344,4167452.836,4167478.717,433848.421,4167465.295,90.000
a2,L8535,8708,42.103,424540.461,466641.707,4167261.474,4167269.153,444326.754,4167265.566,90.005
a2,L854,583,4.489,399738.718,404227.659,4474657.664,4474664.392,401857.542,4474661.965,90.052
a2,L8540,13334,63.599,402878.176,466470.143,4167054.307,4167074.384,433933.827,4167064.260,90.005
a2,L8545,8369,41.244,425067.519,466309.951,4166861.214,4166870.347,446834.200,4166865.691,89.997
a2,L855,725,4.733,395656.490,400389.364,4474651.339,4474670.127,398233.056,4474664.138,89.877
a2,L8550,14065,63.167,402980.743,466141.509,4166655.820,4166675.979,434475.676,4166665.026,90.000
a2,L8555,8101,40.389,425586.509,465973.676,4166461.139,4166470.446,444461.527,4166466.101,90.003
a2,L8560,15928,62.734,403083.652,465805.915,4166252.106,4166277.301,433777.452,4166264.862,90.001
a2,L8565,8086,39.525,426113.975,465637.390,4166061.744,4166070.366,447269.492,4166065.525,90.004
a2,L8570,16055,62.293,403187.440,465467.656,4165855.843,4165872.489,434388.967,4165864.552,90.002
a2,L8575,7945,38.662,426642.114,465302.738,4165660.126,4165670.196,444826.855,4165665.798,89.996
a2,L8580,14114,61.860,403290.673,465146.062,4165457.635,4165478.898,433262.541,4165465.768,89.987
a2,L8585,7714,37.799,427170.781,464968.245,4165260.711,4165268.988,447281.401,4165265.624,89.995
a2,L8590,13069,61.415,403391.298,464799.841,4165056.338,4165082.986,434355.031,4165065.611,90.008
a2,L8595,7747,36.940,427691.990,464629.272,4164852.479,4164870.062,444619.613,4164864.388,90.004
a2,L860,17818,112.834,459679.543,572498.933,4474240.454,4474285.931,515837.696,4474263.215,90.003
a2,L8600,13318,60.809,403655.243,464459.219,4164659.173,4164673.703,433172.301,4164665.217,90.011
a2,L8605,7358,36.089,428210.167,464296.802,4164460.203,4164478.363,447685.377,4164467.070,90.005
a2,L861,8967,56.851,403636.862,460480.041,4474251.721,4474280.291,431600.745,4474264.437,90.005
a2,L8610,12910,60.197,403935.954,464128.578,4164258.003,4164278.116,434414.447,4164264.688,90.012
a2,L8615,7219,35.226,428742.149,463966.143,4164056.841,4164071.655,445313.997,4164064.467,89.987
a2,L862,15632,88.306,307928.688,396224.315,4474222.336,4474276.884,350730.680,4474263.784,89.972
a2,L8620,13459,59.561,404231.519,463788.703,4163855.951,4163872.636,432796.080,4163865.075,90.004
a2,L8625,7022,34.363,429264.488,463625.871,4163658.705,4163674.170,447730.449,4163666.624,90.003
a2,L863,4173,24.618,283737.081,308351.307,4474251.635,4474280.622,295920.740,4474266.262,90.022
a2,L8630,13333,58.943,404516.484,463454.931,4163458.709,4163477.099,434303.966,4163466.451,90.003
a2,L8635,6628,33.498,429789.033,463284.665,4163257.316,4163276.086,445627.570,4163264.806,90.011
a2,L864,2283,13.514,270835.815,284343.569,4474212.186,4474280.773,277984.498,4474264.894,90.036
a2,L8640,12127,58.319,404804.168,463117.594,4163056.927,4163076.251,433276.118,4163066.035,90.003
a2,L8645,6661,32.633,430319.531,462949.795,4162857.170,4162871.548,447784.000,4162866.208,90.004
a2,L865,2033,12.292,395846.256,408133.351,4474248.425,4474315.708,401923.291,4474266.778,89.802
a2,L8650,12900,57.710,405084.574,462788.281,4162657.731,4162676.221,434265.413,4162666.853,90.003
a2,L8655,6268,31.776,430843.531,462616.784,4162460.726,4162474.627,445905.682,4162466.036,90.003
a2,L8660,13070,57.088,405374.866,462457.854,4162259.618,4162276.484,433541.200,4162266.093,89.990
a2,L8665,6266,30.924,431362.893,462285.174,4162059.993,4162078.352,447802.161,4162068.374,90.000
a2,L8670,12642,56.458,405657.828,462111.432,4161858.522,4161871.257,434406.148,4161865.283,90.008
a2,L8675,5855,30.057,431893.735,461948.380,4161660.030,4161678.172,446092.723,4161666.551,89.993
a2,L8680,12670,55.845,405944.198,461782.118,4161455.853,4161474.481,433720.219,4161466.322,89.999
a2,L8685,5903,29.202,432413.896,461614.413,4161263.568,4161277.444,447956.596,4161268.700,90.003
a2,L8690,12651,55.220,406229.828,461442.842,4161056.966,4161072.540,434092.310,4161065.384,90.004
a2,L8695,5396,28.333,432950.001,461280.717,4160856.904,4160872.871,446566.334,4160865.499,89.982
a2,L870,11403,68.809,503700.739,572498.933,4473846.636,4473882.718,537638.942,4473864.751,89.997
a2,L8700,11355,54.602,406516.580,461112.318,4160652.853,4160676.648,434163.865,4160664.597,89.997
a2,L8705,5538,27.482,433465.626,460945.795,4160453.502,4160476.051,447915.124,4160469.269,89.997
a2,L871,1403,8.778,495612.259,504389.971,4473852.708,4473874.845,500271.132,4473865.257,90.044
a2,L8710,12336,53.991,406797.786,460773.924,4160247.765,4160286.743,434059.500,4160266.826,90.007
a2,L8715,5531,26.619,433990.145,460608.522,4160063.112,4160069.499,447017.365,4160066.427,89.998
a2,L872,7802,44.768,451490.215,496250.146,4473850.413,4473876.052,472849.825,4473861.014,89.997
a2,L8720,11088,53.374,407085.347,460435.629,4159832.000,4159890.017,434182.643,4159863.999,90.008
a2,L8725,5665,25.755,434516.701,460270.135,4159659.956,4159670.382,448019.596,4159665.572,90.002
a2,L873,7803,48.893,403586.599,452473.638,4473847.810,4473876.642,428405.292,4473861.921,89.987
a2,L8730,1937,8.767,407366.294,416130.535,4159448.305,4159474.954,412052.530,4159464.256,90.173
a2,L8731,9492,44.297,415811.163,460103.047,4159458.768,4159470.826,437770.037,4159465.327,90.001
a2,L8735,5013,24.898,435039.560,459936.752,4159258.782,4159269.373,447124.595,4159265.465,89.998
a2,L874,8099,48.394,343818.781,392200.495,4473836.621,4473892.848,367905.282,4473863.187,89.988
a2,L8740,10860,52.114,407660.301,459769.240,4159054.198,4159072.321,433706.461,4159064.337,89.997
a2,L8745,5153,24.039,435559.365,459597.639,4158859.822,4158868.575,447993.758,4158863.892,90.016
a2,L875,5956,36.336,303879.833,340198.148,4473756.332,4473897.884,321559.411,4473856.968,89.974
a2,L8750,10249,51.506,407935.721,459435.080,4158656.514,4158680.144,434089.210,4158667.002,90.011
a2,L8755,4759,23.174,436092.350,459264.814,4158459.990,4158469.567,447356.547,4158464.755,89.991
a2,L876,4525,28.343,275855.430,304189.178,4473837.734,4473896.476,290304.969,4473860.966,90.048
a2,L8760,10727,50.874,408227.932,459098.980,4158259.129,4158271.699,433408.151,4158265.907,90.002
a2,L8765,4696,22.074,436855.873,458928.635,4158059.509,4158066.572,448290.373,4158062.641,89.998
a2,L877,1076,5.350,270744.193,276090.278,4473835.425,4473892.281,273680.418,4473862.688,90.133
a2,L8770,10465,50.248,408514.298,458759.652,4157858.462,4157870.027,433970.159,4157865.200,90.006
a2,L8775,4156,20.737,437858.711,458595.018,4157661.445,4157668.884,447967.883,4157665.127,90.006
a2,L878,1882,12.493,391738.401,404230.091,4473857.412,4473879.923,398342.172,4473864.329,89.933
a2,L8780,10198,49.631,408800.184,458428.620,4157459.281,4157473.907,432775.685,4157465.210,90.000
a2,L8785,3941,19.386,438873.147,458257.733,4157258.148,4157268.499,448562.632,4157264.309,90.015
a2,L879,731,4.413,339808.404,344221.422,4473857.473,4473867.026,342043.461,4473862.935,89.977
a2,L8790,10380,49.005,409087.666,458089.309,4157059.461,4157073.098,433924.478,4157064.612,90.003
a2,L8791,9972,48.254,409504.511,457755.763,4156660.561,4156673.948,433444.739,4156665.207,89.999
a2,L8795,3617,18.032,439891.787,457922.786,4156862.037,4156869.839,448761.931,4156865.266,90.008
a2,L880,18228,112.824,459696.233,572498.933,4473436.973,4473482.376,516282.753,4473464.374,90.008
a2,L8805,3445,16.687,440902.676,457588.931,4156460.496,4156468.331,449250.637,4156464.612,90.001
a2,L881,9636,56.724,403638.635,460349.460,4473450.594,4473483.111,432377.221,4473466.274,89.989
a2,L8810,10120,47.491,409932.224,457420.106,4156257.912,4156272.175,433636.876,4156264.923,90.002
a2,L8815,3210,15.342,441911.880,457253.010,4156058.063,4156067.778,449446.102,4156064.683,90.008
a2,L882,5556,32.596,359734.561,392324.301,4473440.504,4473477.556,376265.739,4473463.436,89.987
a2,L8820,10205,46.716,410366.478,457080.855,4155856.863,4155869.650,433374.622,4155863.974,90.003
a2,L8825,2746,13.990,442929.715,456918.981,4155661.196,4155666.784,449910.782,4155663.824,89.994
a2,L883,9271,56.538,303759.802,360290.717,4473443.213,4473482.811,332385.089,4473460.442,89.993
a2,L8830,10156,45.959,410795.027,456751.458,4155460.920,4155471.396,433828.147,4155465.658,89.996
a2,L8835,2752,12.640,443941.422,456580.056,4155261.325,4155267.628,450355.032,4155264.717,90.016
a2,L884,4328,28.367,275838.753,304198.994,4473422.667,4473515.589,290375.725,4473461.869,90.086
a2,L8840,9240,45.198,411219.452,456414.607,4155058.740,4155074.049,433957.052,4155064.898,90.005
a2,L8845,2312,11.290,444958.756,456247.920,4154860.945,4154866.841,450598.685,4154863.769,89.990
a2,L885,1071,5.428,270653.638,276073.826,4473450.615,4473522.576,273634.462,4473466.133,89.397
a2,L8850,9221,44.428,411656.361,456079.504,4154654.649,4154677.511,433900.050,4154665.861,89.997
a2,L8855,2402,9.982,445930.974,455911.210,4154461.542,4154480.979,450976.941,4154465.178,90.093
a2,L886,631,4.461,399737.469,404198.490,4473453.934,4473465.942,401825.413,4473459.847,90.065
a2,L8860,8771,43.679,412084.636,455758.272,4154253.463,4154282.452,434267.780,4154264.312,89.977
a2,L8865,1784,8.590,446986.663,455576.322,4154062.401,4154066.807,451289.148,4154064.789,89.998
a2,L887,714,4.989,395436.919,400425.444,4473462.639,4473470.347,398117.011,4473466.881,90.027
a2,L8870,8759,42.900,412510.863,455408.182,4153860.353,4153873.001,433785.058,4153865.912,90.004
a2,L888,620,4.286,391856.329,396141.802,4473458.541,4473472.364,394060.796,4473465.973,89.895
a2,L8880,8316,41.777,412943.183,454716.973,4153456.150,4153470.827,434470.290,4153463.830,89.996
a2,L8890,8277,41.088,413241.493,454325.267,4153055.409,4153075.777,433559.776,4153065.925,90.002
a2,L890,9492,56.838,403537.997,460368.873,4473045.756,4473078.140,432769.701,4473063.638,90.003
a2,L8900,9323,40.483,413454.500,453934.053,4152658.659,4152672.290,434464.326,4152665.590,89.997
a2,L891,17937,112.858,459650.064,572498.933,4473046.292,4473079.129,515634.137,4473062.066,90.002
a2,L8910,9650,39.883,413662.394,453542.425,4152254.424,4152272.012,433698.541,4152264.646,90.008
a2,L892,669,4.628,399590.836,404216.681,4473054.947,4473088.274,401817.048,4473064.462,90.372
a2,L8920,9059,39.287,413871.776,453155.360,4151859.147,4151874.666,434329.615,4151866.061,90.007
a2,L893,5247,32.401,359772.941,392167.454,4473048.250,4473076.116,376022.394,4473061.452,90.003
a2,L8930,8753,38.688,414081.676,452766.122,4151455.084,4151474.964,433677.286,4151465.219,90.008
a2,L894,15357,89.548,270563.688,360096.413,4473042.121,4473091.735,314983.820,4473065.966,89.997
a2,L8940,8611,38.093,414292.013,452382.279,4151060.682,4151072.068,433981.011,4151065.811,90.000
a2,L895,705,4.625,395693.828,400318.989,4473054.461,4473070.775,398187.682,4473064.488,90.116
a2,L8950,8699,37.490,414502.432,451988.304,4150656.857,4150674.490,433596.640,4150665.046,90.007
a2,L896,913,4.455,391765.603,396220.290,4473056.408,4473067.222,394200.889,4473062.303,89.962
a2,L8960,8850,36.889,414714.051,451599.522,4150254.814,4150268.289,433461.414,4150263.115,90.002
a2,L8970,7892,36.293,414924.180,451213.365,4149855.980,4149873.754,432901.215,4149864.398,89.998
a2,L8980,7391,35.685,415138.135,450820.343,4149456.016,4149475.539,434139.393,4149463.100,89.993
a2,L8990,7274,35.098,415345.216,450436.357,4149054.503,4149076.850,433181.916,4149066.085,89.994
a2,L90,28253,168.969,403536.062,572498.934,4505052.795,4505071.345,487086.754,4505062.459,89.999
a2,L900,9570,56.633,403729.062,460353.177,4472648.077,4472684.200,432645.672,4472664.649,90.002
a2,L9000,6590,34.303,415744.519,450043.629,4148654.639,4148669.685,433418.063,4148662.582,90.001
a2,L901,9160,56.584,459740.463,516316.402,4472643.095,4472678.930,487650.127,4472663.925,89.997
a2,L9010,6739,33.512,416147.270,449655.842,4148255.851,4148273.519,433165.501,4148264.949,90.006
a2,L902,9162,56.907,515597.738,572498.933,4472648.904,4472677.897,544246.085,4472663.649,90.010
a2,L9020,6068,32.702,416561.919,449261.887,4147852.928,4147868.283,432883.769,4147862.213,90.002
a2,L903,1608,8.716,395815.047,404519.085,4472563.133,4472701.750,400269.187,4472649.654,90.068
a2,L9030,6964,31.917,416965.762,448878.699,4147455.769,4147474.029,433258.579,4147464.361,89.996
a2,L904,5314,32.384,363731.820,396111.944,4472638.708,4472670.069,380142.764,4472659.777,90.036
a2,L9040,6339,31.121,417369.407,448488.549,4147061.664,4147070.247,432325.730,4147065.771,90.005
a2,L905,7331,44.454,319735.621,364184.772,4472642.577,4472669.842,342739.517,4472658.786,89.996
a2,L9050,6786,30.324,417780.749,448102.321,4146658.353,4146671.629,433820.317,4146665.384,89.991
a2,L906,2550,16.631,303833.759,320461.144,4472649.886,4472681.375,312071.047,4472664.919,89.993
a2,L9060,5919,29.526,418185.449,447709.779,4146261.883,4146271.005,432344.186,4146265.532,90.002
a2,L907,4281,28.413,275812.542,304223.323,4472647.826,4472676.332,290409.769,4472661.478,89.954
a2,L9070,5987,28.731,418591.551,447320.655,4145860.347,4145868.487,433723.534,4145864.994,90.004
a2,L908,579,4.444,271832.519,276276.042,4472660.216,4472673.606,274145.161,4472667.106,90.023
a2,L9080,5691,27.926,419002.216,446927.122,4145459.872,4145468.464,432261.802,4145464.625,90.006
a2,L909,250,1.763,270471.419,272234.036,4472657.603,4472664.576,271416.036,4472660.123,90.227
a2,L9090,5430,27.137,419408.351,446544.277,4145059.183,4145068.135,433483.169,4145064.503,89.995
a2,L91,4126,25.038,379411.156,404449.100,4505056.489,4505065.536,391927.583,4505060.801,90.007
a2,L910,10404,56.623,403705.048,460316.541,4472251.223,4472280.222,431823.119,4472266.144,89.988
a2,L9100,5451,26.341,419814.136,446153.539,4144661.048,4144671.264,432346.006,4144664.778,90.001
a2,L911,19708,112.761,459758.076,572498.933,4472247.036,4472291.621,515488.254,4472264.279,90.002
a2,L9110,5355,25.547,420220.693,445765.993,4144258.775,4144268.371,433093.105,4144264.479,89.998
a2,L912,1492,8.575,395774.287,404345.769,4472248.551,4472290.902,399867.591,4472269.080,90.031
a2,L9120,5069,24.751,420626.082,445375.991,4143859.414,4143870.183,432766.758,4143864.694,90.004
a2,L913,19308,120.558,275831.471,396365.481,4472211.747,4472284.985,337048.357,4472259.687,89.993
a2,L9130,4907,23.957,421034.141,444989.666,4143457.236,4143470.884,433039.393,4143464.964,89.995
a2,L914,1059,5.710,270375.281,276084.321,4472241.119,4472262.902,273529.595,4472256.527,90.009
a2,L9140,4640,23.156,421441.719,444596.783,4143059.747,4143070.333,432900.777,4143065.177,90.003
a2,L915,339,1.795,270369.854,272164.414,4472199.583,4472221.346,271270.433,4472210.201,89.943
a2,L9150,4376,22.366,421844.038,444209.369,4142657.482,4142671.980,432965.583,4142664.709,90.011
a2,L9160,4196,21.565,422255.377,443818.963,4142256.652,4142268.257,433155.315,4142263.745,90.003
a2,L9170,4175,20.787,422644.027,443429.946,4141860.764,4141870.611,432982.206,4141865.995,90.009
a2,L9180,3879,20.072,422969.539,443040.654,4141458.358,4141470.039,433360.829,4141464.613,90.009
a2,L9190,3934,19.358,423298.728,442655.505,4141059.600,4141069.473,432807.391,4141065.740,89.982
a2,L92,13083,76.851,303558.331,380404.700,4505051.401,4505072.391,341434.589,4505061.381,89.999
a2,L920,7705,48.659,403703.146,452356.231,4471843.180,4471874.909,428440.685,4471859.589,90.018
a2,L9200,3575,18.647,423620.185,442266.128,4140659.250,4140670.150,433453.301,4140664.038,89.996
a2,L921,7199,44.622,451732.708,496350.668,4471840.025,4471874.532,473554.666,4471861.034,89.997
a2,L9210,3656,17.931,423944.702,441875.341,4140262.722,4140270.865,432671.681,4140265.956,90.004
a2,L922,12943,76.941,495571.226,572498.933,4471832.154,4471885.284,532971.965,4471863.341,89.997
a2,L9220,3209,17.217,424271.338,441487.655,4139859.582,4139868.926,433470.550,4139864.724,89.993
a2,L923,644,4.451,399792.731,404242.985,4471855.363,4471875.571,401834.537,4471862.982,89.911
a2,L9230,3251,16.499,424599.844,441097.891,4139458.472,4139470.256,432619.158,4139465.563,89.980
a2,L924,22114,130.074,270288.501,400345.903,4471838.233,4471880.108,334666.368,4471863.117,89.996
a2,L9240,2930,15.788,424920.275,440706.904,4139056.085,4139068.864,433495.022,4139063.687,90.007
a2,L9250,3055,15.078,425242.465,440319.093,4138655.798,4138671.282,432514.727,4138665.255,90.016
a2,L9260,2584,14.362,425571.032,439932.260,4138258.867,4138270.064,433207.407,4138263.758,89.990
a2,L9270,2933,13.643,425898.755,439541.145,4137860.201,4137868.952,432459.706,4137865.220,89.985
a2,L9280,2407,12.934,426222.064,439155.210,4137459.569,4137469.315,433040.514,4137463.865,89.979
a2,L9290,2804,12.212,426551.156,438761.975,4137058.194,4137070.404,432544.177,4137065.168,89.975
a2,L930,7604,48.680,403670.250,452342.950,4471441.245,4471478.895,428511.809,4471457.817,89.998
a2,L9300,1957,11.503,426870.959,438373.057,4136658.814,4136667.828,432670.935,4136663.942,90.005
a2,L931,9119,56.663,451681.037,508335.963,4471438.686,4471479.633,480175.646,4471460.892,89.985
a2,L9310,2388,10.786,427198.012,437982.976,4136260.762,4136270.948,432615.010,4136265.030,89.997
a2,L932,10265,64.763,507744.514,572498.933,4471449.055,4471478.803,540223.646,4471462.499,89.997
a2,L9320,1880,10.067,427523.318,437589.470,4135858.707,4135866.570,432467.847,4135863.889,90.022
a2,L933,2041,12.395,391856.658,404247.108,4471383.161,4471473.347,398432.427,4471461.048,89.609
a2,L934,15210,92.240,303885.996,396111.702,4471440.278,4471505.515,350671.801,4471463.414,89.974
a2,L935,5667,34.008,270200.251,304198.570,4471410.936,4471488.926,286996.950,4471461.328,89.988
a2,L940,7284,48.518,403776.887,452287.237,4471045.312,4471076.105,428885.101,4471059.898,90.009
a2,L941,12194,76.768,495743.488,572498.933,4471041.642,4471074.248,534847.868,4471060.538,90.009
a2,L942,5803,36.887,459486.789,496368.971,4471047.659,4471079.031,477611.283,4471064.257,89.976
a2,L943,2878,16.493,443768.370,460257.125,4471056.261,4471191.301,452287.339,4471088.656,90.418
a2,L944,571,4.485,399767.381,404251.971,4471056.144,4471067.909,401893.748,4471061.705,90.064
a2,L945,1264,8.358,391835.104,400190.083,4471045.092,4471080.600,396254.970,4471066.813,90.167
a2,L946,5235,32.328,359868.927,392192.409,4471042.644,4471136.689,376018.080,4471064.246,89.872
a2,L947,3945,24.427,335813.609,360238.537,4471049.193,4471071.405,347990.920,4471063.090,90.011
a2,L948,5120,28.403,307880.988,336275.381,4471017.147,4471082.517,321789.950,4471065.178,90.010
a2,L949,6563,38.134,270107.834,308235.850,4471053.356,4471083.597,289188.200,4471064.523,90.002
a2,L950,19429,120.723,451798.068,572498.933,4470645.995,4470680.926,510665.324,4470662.517,89.988
a2,L951,1607,8.865,443512.306,452375.518,4470646.103,4470672.023,448511.287,4470658.957,89.929
a2,L952,6726,40.603,403707.793,444302.802,4470605.060,4470679.935,424199.050,4470660.651,90.001
a2,L953,543,4.395,399800.574,404195.484,4470656.815,4470677.421,401856.690,4470662.192,90.237
a2,L954,641,4.320,395819.281,400138.610,4470657.648,4470676.694,398213.505,4470667.323,89.999
a2,L955,652,4.451,391747.261,396197.347,4470647.656,4470673.104,394021.881,4470665.917,90.175
a2,L956,10473,64.511,327747.861,392242.431,4470628.603,4470694.222,359986.710,4470664.560,89.992
a2,L957,779,4.489,323766.328,328253.641,4470644.508,4470671.742,326052.603,4470661.063,90.214
a2,L958,3166,20.256,303870.612,324119.899,4470648.335,4470715.404,313921.030,4470668.239,89.994
a2,L959,4305,28.305,275785.689,304083.945,4470643.392,4470705.715,290087.960,4470665.884,89.955
a2,L959.1,1127,6.104,270018.591,276121.161,4470639.494,4470676.972,273293.471,4470661.496,90.064
a2,L960,17905,112.695,459822.474,572498.933,4470242.543,4470281.119,516326.947,4470261.693,89.995
a2,L961,2906,16.753,443640.142,460387.878,4470254.103,4470281.293,452585.893,4470265.974,90.041
a2,L962,6432,40.603,403760.331,444359.427,4470252.652,4470276.476,424271.769,4470263.862,89.988
a2,L963,7093,44.528,359771.209,404296.518,4470256.566,4470277.734,382300.842,4470265.790,90.004
a2,L964,15679,90.704,269927.357,360622.739,4470254.104,4470276.938,314663.672,4470265.544,90.003
a2,L970,19265,120.970,451550.861,572498.933,4469840.512,4469888.747,511293.600,4469862.501,90.003
a2,L971,1541,8.545,443778.161,452321.183,4469847.631,4469878.476,448457.583,4469856.982,90.074
a2,L972,6531,40.538,403755.208,444288.182,4469849.045,4469879.765,424540.947,4469860.122,90.004
a2,L973,1666,8.442,395793.383,404230.045,4469831.929,4469889.983,400201.255,4469865.774,90.124
a2,L974,664,4.490,391782.353,396272.032,4469861.610,4469874.859,394060.576,4469867.729,90.068
a2,L975,12200,80.611,311790.993,392395.108,4469840.409,4469871.567,352089.464,4469858.963,89.994
a2,L976,1481,8.413,303813.257,312220.301,4469853.433,4469937.817,307990.116,4469876.729,89.954
a2,L977,4365,28.297,275849.669,304140.679,4469836.759,4469884.687,290295.447,4469862.960,90.017
a2,L978,1197,6.249,269832.826,276079.504,4469842.632,4469871.558,273265.967,4469858.355,89.944
a2,L980,19547,120.801,451712.901,572498.933,4469433.094,4469476.992,511232.157,4469461.934,90.000
a2,L981,8180,48.629,403747.675,452372.226,4469444.674,4469473.140,429052.327,4469460.798,89.990
a2,L982,669,4.566,399794.059,404357.544,4469446.525,4469494.639,401983.620,4469462.662,90.328
a2,L983,6800,40.539,359790.351,400322.276,4469447.554,4469472.934,379485.583,4469462.319,90.007
a2,L984,8424,52.317,307913.476,360218.256,4469442.994,4469498.724,333589.874,4469462.698,89.983
a2,L985,6136,38.561,269742.308,308290.583,4469432.036,4469487.146,288657.686,4469461.620,89.974
a2,L990,12658,76.799,495717.723,572498.933,4469040.331,4469089.638,533732.541,4469062.197,90.007
a2,L991,6269,36.729,459630.152,496353.355,4469047.221,4469076.720,477253.353,4469062.135,89.969
a2,L992,1132,4.652,455813.692,460451.475,4468971.650,4469070.666,457902.417,4469058.983,89.012
a2,L993,9349,56.479,403753.041,460225.744,4469048.463,4469076.927,431691.394,4469062.442,89.994
a2,L994,659,4.642,399679.745,404318.069,4469054.930,4469156.007,401901.981,4469082.202,91.192
a2,L995,5431,32.574,359740.067,392307.366,4469046.733,4469080.941,375894.041,4469063.959,89.991
a2,L996,1364,8.723,391670.888,400391.513,4469052.185,4469072.643,396208.196,4469062.440,89.983
a2,L997,9566,56.617,303587.744,360177.160,4469025.488,4469150.086,332148.414,4469062.563,90.007
a2,L998,4470,28.186,275893.377,304073.207,4469042.331,4469079.535,290154.353,4469060.715,89.969
a2,L999,1273,6.409,269650.371,276046.880,4469033.760,4469128.543,273014.441,4469057.544,89.346
a2,T30010,25658,77.529,571989.200,572008.945,4431025.526,4508550.622,572000.002,4469696.445,179.998
a2,T30020,24076,77.521,567991.389,568015.782,4431032.856,4508550.622,567999.901,4469790.049,179.998
a2,T30030,26229,77.513,563994.432,564005.634,4431040.179,4508550.622,564000.673,4470181.285,179.998
a2,T30040,24718,77.506,559991.600,560005.326,4431047.515,4508550.622,559999.856,4469788.027,179.999
a2,T30050,12819,77.508,555979.591,556013.497,4431054.855,4508550.622,555998.989,4470176.659,0.004
a2,T30060,7618,44.033,551984.653,552018.937,4464523.966,4508550.623,552001.124,4486465.302,179.973
a2,T30061,5387,34.217,551991.278,552021.316,4431062.165,4465274.019,552004.430,4448325.009,179.994
a2,T30070,7845,46.119,547981.650,548010.003,4462435.537,4508550.623,547999.330,4485036.783,179.984
a2,T30071,5544,31.783,547959.991,548017.192,4431069.516,4462846.059,548000.266,4446668.631,179.943
a2,T30080,6895,43.351,543989.639,544013.850,4465202.610,4508550.623,544001.218,4486606.021,0.001
a2,T30081,5390,34.545,543980.742,544020.380,4431076.838,4465616.655,543998.484,4448648.719,179.988
a2,T30090,12687,77.479,539982.926,540053.521,4431084.180,4508550.623,540000.312,4470851.223,0.007
a2,T30091,3370,20.950,539985.392,540009.567,4454441.136,4475389.554,540000.346,4464710.036,0.031
a2,T30100,12134,77.472,535976.508,536020.925,4431091.498,4508550.623,535999.392,4469647.592,179.998
a2,T30110,12417,77.464,531979.557,532031.390,4431098.821,4508550.623,532001.833,4469914.960,179.996
a2,T30120,11998,77.453,527980.738,528014.704,4431106.154,4508550.624,528000.667,4469691.998,179.992
a2,T30130,12276,77.446,523983.429,524016.280,4431113.483,4508550.624,524000.005,4470058.083,0.001
a2,T30140,11882,77.438,519982.992,520015.884,4431120.835,4508550.624,519999.209,4469480.700,0.007
a2,T30150,12428,77.435,515976.608,516017.353,4431128.151,4508550.624,515999.269,4469643.544,0.001
a2,T30160,12040,77.429,511941.446,512020.701,4431135.482,4508550.624,511998.414,4470206.003,0.009
a2,T30170,11972,77.418,507990.266,508030.191,4431142.800,4508550.624,508002.107,4470659.382,179.998
a2,T30180,10802,67.294,503983.134,504013.520,4431150.131,4498434.352,503999.264,4464730.044,179.999
a2,T30181,737,4.875,503989.617,504011.314,4503676.804,4508550.624,503998.775,4506149.906,179.760
a2,T30190,11793,66.119,499985.738,500025.448,4442444.118,4508550.625,499999.632,4475896.362,0.006
a2,T30191,1708,11.670,499982.883,500021.355,4431157.464,4442824.829,499998.617,4437338.772,179.964
a2,T30200,11689,77.399,495984.924,496018.615,4431164.786,4508550.625,495999.376,4469824.675,179.994
a2,T30210,12404,77.386,491989.128,492018.215,4431172.135,4508550.625,492000.765,4469175.260,0.007
a2,T30220,11988,77.376,487984.417,488010.459,4431179.453,4508550.625,488000.093,4470636.095,180.000
a2,T30230,11823,77.369,483985.499,484021.237,4431186.792,4508550.625,484000.513,4469948.133,0.003
a2,T30240,1969,12.890,479997.624,480004.186,4495661.219,4508550.625,480001.609,4501955.998,179.995
a2,T30241,10827,64.870,479996.280,480006.008,4431194.115,4496062.233,480001.385,4463344.516,0.002
a2,T30250,12625,77.351,475993.601,476005.141,4431201.448,4508550.626,476000.396,4469306.287,0.001
a2,T30260,12721,77.344,471996.217,472009.987,4431208.775,4508550.626,472001.393,4469343.110,0.002
a2,T30270,12594,77.337,467995.332,468006.495,4431216.103,4508550.626,468000.286,4469601.292,0.003
a2,T30280,12267,77.335,463992.811,464022.559,4431223.436,4508550.626,464002.804,4470293.229,179.998
a2,T30281,413,2.450,463997.004,464006.155,4213752.094,4216202.059,464002.491,4214997.385,0.009
a2,T30290,5887,41.296,459973.244,460025.936,4467262.972,4508550.626,459999.987,4487496.746,0.005
a2,T30291,2770,17.581,459975.699,460009.881,4431230.761,4448808.836,459997.103,4440020.686,179.995
a2,T30292,2807,20.004,459983.217,460008.755,4447624.676,4467626.823,459999.499,4457292.382,179.954
a2,T30293,2484,15.406,459989.567,460017.606,4213681.311,4229083.392,460002.154,4221052.624,0.052
a2,T30300,2560,16.373,455985.111,456050.056,4431238.004,4447606.918,455999.935,4439379.698,179.792
a2,T30301,2883,17.629,455988.674,456015.161,4447613.508,4465240.184,456001.075,4456837.560,179.973
a2,T30302,6761,43.727,455985.726,456019.672,4464829.980,4508550.626,456001.590,4486028.921,180.000
a2,T30303,4056,27.149,455991.539,456013.391,4214848.715,4241996.088,455999.795,4228268.911,179.960
a2,T30310,11932,77.320,451985.253,452065.867,4431245.419,4508550.627,451998.567,4469198.827,0.046
a2,T30311,7010,39.608,451995.258,452007.766,4214489.561,4254095.486,452001.200,4234784.858,179.997
a2,T30320,12352,77.305,447992.056,448025.847,4431252.752,4508550.627,448002.061,4469488.294,0.018
a2,T30321,7112,48.107,447989.378,448014.573,4213635.523,4261739.209,448000.752,4237646.967,179.997
a2,T30330,12683,77.302,443980.418,444022.487,4431260.085,4508550.627,444003.342,4469820.707,0.000
a2,T30331,8573,55.730,443957.755,444012.886,4213651.343,4269378.500,444000.570,4240851.178,0.043
a2,T30340,12550,77.287,439995.028,440014.681,4431267.415,4508550.627,440000.726,4469787.677,0.001
a2,T30341,5451,34.137,439986.253,440010.005,4242887.427,4277022.572,440000.393,4259580.725,0.000
a2,T30342,4450,29.928,439991.216,440013.349,4213379.021,4243305.523,440002.156,4228488.795,0.012
a2,T30350,12198,76.350,435991.484,436007.050,4432204.352,4508550.627,436001.775,4469318.171,179.997
a2,T30351,10659,71.728,435991.114,436030.473,4212926.363,4284651.781,436000.987,4248287.340,179.979
a2,T30360,12831,75.490,431991.823,432009.307,4433064.405,4508550.627,432000.301,4470866.314,0.000
a2,T30361,12104,79.382,431992.703,432007.807,4212926.848,4292307.297,431999.008,4252307.614,180.000
a2,T30370,14223,81.563,427988.843,428009.030,4426992.114,4508550.627,427999.174,4467521.974,179.999
a2,T30371,12351,79.497,427967.624,428014.392,4211767.749,4291254.458,428000.396,4250922.824,179.987
a2,T30372,1579,9.077,427985.372,428022.093,4290859.960,4299933.990,428003.636,4295358.004,0.068
a2,T30380,14252,85.947,423990.437,424010.849,4422607.349,4508550.628,423999.241,4465373.124,0.002
a2,T30381,15159,96.672,423966.738,424014.436,4210909.349,4307558.354,424000.373,4259528.092,180.000
a2,T30390,14141,87.242,419994.772,420006.938,4421311.383,4508550.628,420001.785,4464829.866,179.999
a2,T30391,1636,12.104,419938.464,420018.304,4362838.561,4374937.663,419994.366,4368908.765,179.911
a2,T30392,16735,103.189,419992.222,420017.855,4212044.725,4315227.229,420001.091,4263274.744,179.990
a2,T30400,3643,19.493,415989.609,416008.010,4417724.525,4437216.577,415999.838,4428054.477,0.003
a2,T30401,11695,71.696,415993.628,416009.308,4436856.261,4508550.628,416000.275,4473034.829,180.000
a2,T30402,7205,44.815,415989.074,416006.400,4349219.896,4394031.202,415999.235,4372763.440,180.000
a2,T30403,16913,111.567,415984.466,416012.056,4211312.138,4322872.866,416000.078,4268041.371,179.992
a2,T30410,1544,9.160,411983.673,412001.159,4430917.628,4440076.408,411996.662,4435171.787,179.896
a2,T30411,11229,68.912,411989.507,412006.483,4439641.364,4508550.628,411999.976,4474396.640,0.001
a2,T30412,3989,24.923,411985.356,412014.928,4408290.382,4433207.710,411997.197,4421804.564,0.048
a2,T30413,9689,61.731,411939.269,412050.218,4335627.118,4397302.678,411996.983,4367529.271,179.977
a2,T30414,2490,15.134,411982.958,412046.273,4315387.707,4330506.669,412013.196,4322997.923,179.854
a2,T30415,16469,107.255,411971.976,412029.854,4209273.904,4316502.826,411998.416,4262506.714,179.989
a2,T30420,11678,77.266,407996.164,408007.642,4431286.343,4508550.628,408002.021,4469051.749,0.001
a2,T30421,4450,28.641,407993.349,408010.763,4404542.005,4433180.745,408002.394,4418007.814,179.999
a2,T30422,13251,85.681,407814.190,408042.420,4314912.040,4400489.511,407998.899,4357887.975,0.060
a2,T30423,12371,82.507,407979.600,408022.134,4237553.837,4320048.583,407999.423,4278586.265,179.998
a2,T30430,9388,64.440,403965.508,404007.495,4431667.880,4496100.707,403995.418,4464156.045,179.967
a2,T30431,2065,12.926,403981.779,404008.684,4495625.868,4508550.628,403999.006,4501415.214,179.960
a2,T30432,2906,20.661,403980.613,404004.571,4413279.683,4433939.959,403999.271,4423849.864,179.943
a2,T30433,978,5.926,403998.740,404008.614,4408042.376,4413967.715,404003.667,4411196.939,179.963
a2,T30434,5351,35.183,403995.308,404014.768,4373648.482,4408829.093,404003.464,4392241.784,179.992
a2,T30435,9832,62.337,403941.624,404049.919,4312884.498,4375172.725,404002.744,4343711.333,0.047
a2,T30436,9745,65.292,403954.882,404019.979,4247963.325,4313240.600,403997.796,4280766.157,179.959
a2,T30440,5098,30.020,399994.880,400021.328,4434053.699,4464069.463,400005.017,4449251.329,179.988
a2,T30441,7022,44.960,399984.658,400014.972,4463596.945,4508550.629,400005.015,4485494.885,0.002
a2,T30442,7710,43.571,399952.001,400033.117,4391253.413,4434808.419,399999.673,4413515.348,179.991
a2,T30443,7705,49.134,399948.990,400023.852,4345273.702,4394387.862,399997.221,4370395.965,0.070
a2,T30444,4823,31.580,399960.216,400054.607,4314051.761,4345612.348,400000.753,4329493.376,179.965
a2,T30445,9371,61.807,399962.538,400023.127,4252659.246,4314449.873,399999.565,4284257.705,0.026
a2,T30450,1523,9.113,395994.447,396003.312,4432100.469,4441213.668,395998.974,4436667.271,0.011
a2,T30451,11166,69.268,395979.768,396010.300,4439289.267,4508550.629,395997.321,4474724.160,0.011
a2,T30452,5202,34.775,395973.584,396025.908,4380874.157,4415640.319,396000.111,4397807.309,179.975
a2,T30453,3747,23.132,395982.606,396016.682,4412416.755,4435545.283,396004.377,4424100.296,0.024
a2,T30454,10490,69.829,395964.991,396048.886,4312163.260,4381956.209,396003.937,4347356.517,0.001
a2,T30455,5063,31.528,395965.913,396012.306,4281707.286,4313229.988,396000.638,4297570.496,0.062
a2,T30456,4829,29.824,395969.132,396031.269,4252656.832,4282470.306,395999.777,4267829.939,0.047
a2,T30460,12274,76.497,391996.835,392007.723,4432055.621,4508550.629,392001.838,4470039.514,179.996
a2,T30461,2238,14.689,391987.267,392022.353,4418095.204,4432781.474,392005.316,4425532.209,179.934
a2,T30462,6976,48.715,391988.975,392048.951,4370141.488,4418851.168,392005.837,4393915.094,179.949
a2,T30463,9027,60.459,391947.524,392020.042,4311246.249,4371686.128,391998.897,4341483.006,179.932
a2,T30464,9451,59.020,391987.018,392009.526,4252654.399,4311671.761,391998.628,4282432.325,179.993
a2,T30470,11382,63.233,387975.240,388024.443,4445332.192,4508550.629,388002.213,4477541.370,0.024
a2,T30471,2575,15.554,387899.359,388065.981,4430035.522,4445541.989,387991.653,4438221.840,0.280
a2,T30472,1369,8.697,387993.521,388020.803,4422510.954,4431205.716,388009.715,4426902.396,179.900
a2,T30473,7505,52.227,387976.199,388016.975,4370513.969,4422734.771,388003.673,4396971.768,179.977
a2,T30474,8985,59.486,387938.401,388025.835,4313695.586,4373160.780,387998.324,4343301.905,179.984
a2,T30475,9493,61.421,387993.371,388013.545,4252651.973,4314070.677,388002.479,4282557.967,0.001
a2,T30480,13552,78.955,383981.958,384020.709,4429610.602,4508550.629,384003.978,4468847.192,0.005
a2,T30481,9607,63.133,383973.063,384021.904,4367641.694,4430766.255,384001.990,4399590.735,179.994
a2,T30482,9693,68.722,383908.445,384044.223,4313351.064,4382033.877,384001.556,4348194.097,179.944
a2,T30483,6089,41.661,383944.151,384018.563,4272416.023,4314066.986,384000.183,4293353.213,0.046
a2,T30484,2877,20.260,383972.470,384010.918,4252649.535,4272905.730,383995.769,4262836.559,0.014
a2,T30490,11435,75.669,379975.630,380007.681,4432887.503,4508550.629,379996.953,4469868.346,0.001
a2,T30491,11090,66.369,379978.041,380023.732,4369264.400,4435626.010,379997.323,4401483.151,179.963
a2,T30492,8625,59.898,379932.567,380045.933,4314512.595,4374355.030,379996.072,4344208.873,179.994
a2,T30493,9849,62.118,379972.888,380023.181,4252647.111,4314747.161,379999.313,4282904.749,0.009
a2,T30500,26012,77.646,375991.550,376008.777,4430909.934,4508550.629,376000.245,4470923.561,179.999
a2,T30501,10031,61.854,375966.503,376009.465,4369351.939,4431196.774,375996.468,4399699.542,179.974
a2,T30502,9475,62.719,375938.367,376051.889,4313718.354,4376375.756,375997.992,4345326.545,179.917
a2,T30503,9368,61.435,375975.681,376023.307,4252644.679,4314071.525,376000.840,4283896.886,179.996
a2,T30510,25881,78.918,371994.297,372034.430,4429638.147,4508550.630,372002.099,4469799.946,0.001
a2,T30511,10392,60.330,371984.694,372025.044,4371255.082,4431578.649,372003.796,4402331.065,179.999
a2,T30512,9636,60.410,371992.721,372017.887,4314021.780,4374426.722,372001.098,4344580.855,179.985
a2,T30513,9938,62.234,371987.405,372014.662,4252642.242,4314871.763,371999.485,4282954.293,179.996
a2,T30520,2696,7.642,367993.659,368008.627,4500908.864,4508550.630,368000.212,4504761.620,179.929
a2,T30521,11687,72.282,367988.582,368022.811,4428912.996,4501190.398,367999.222,4465082.950,179.987
a2,T30522,10554,62.420,367966.638,368016.651,4372830.906,4435239.136,367996.266,4404118.014,179.971
a2,T30523,9823,61.062,367986.041,368010.374,4313746.019,4374803.215,367998.533,4344876.719,179.997
a2,T30524,9252,62.259,367976.339,368011.125,4252639.817,4314894.955,368001.851,4284020.160,179.997
a2,T30530,12327,79.708,363990.993,364009.981,4428846.581,4508550.630,364002.595,4468859.452,0.009
a2,T30531,12534,78.848,323984.986,324009.552,4429706.308,4508550.632,324002.984,4469188.497,0.014
a2,T30532,8462,49.762,363978.929,364016.276,4381411.464,4431168.018,364002.482,4406538.412,179.990
a2,T30533,8981,55.476,363989.943,364009.451,4314859.599,4370331.721,364001.574,4342205.989,0.000
a2,T30534,10300,63.835,363990.477,364013.806,4252637.380,4316469.096,363999.500,4284215.538,179.992
a2,T30535,2507,15.421,363902.961,364029.259,4257054.939,4272460.779,363996.560,4264510.252,0.293
a2,T30540,12647,79.250,359992.838,360007.491,4429303.716,4508550.630,359998.843,4468683.308,0.005
a2,T30541,2290,12.786,319994.221,320002.365,4495765.099,4508550.632,319998.981,4502226.162,179.985
a2,T30542,6349,37.091,359978.852,360021.681,4384557.637,4421643.518,359999.048,4402555.988,179.989
a2,T30543,2065,11.898,359983.444,360007.564,4421230.148,4433125.580,359998.642,4427152.715,179.951
a2,T30544,9133,55.931,359989.933,360011.554,4314446.947,4370374.119,359999.250,4342995.093,0.001
a2,T30545,10166,64.186,359993.339,360007.866,4252634.951,4316819.130,360002.522,4284636.074,180.000
a2,T30550,12045,78.468,355994.366,356013.808,4430085.349,4508550.630,356002.684,4469003.508,179.992
a2,T30551,8971,51.339,355994.150,356011.504,4381436.082,4432772.074,356002.064,4406791.050,0.010
a2,T30552,8970,55.777,355991.039,356021.001,4314943.207,4370716.981,356001.870,4342610.761,179.977
a2,T30553,8997,60.865,355974.476,356032.776,4257111.898,4317959.659,356001.836,4287939.276,179.962
a2,T30560,13319,80.023,351990.855,352004.575,4428530.647,4508550.630,351998.480,4468538.765,0.002
a2,T30561,9598,56.186,351943.514,352011.297,4376603.879,4432776.589,351996.936,4404182.056,0.069
a2,T30562,10577,65.060,351987.141,352033.539,4314905.730,4379959.766,351998.364,4347634.742,0.030
a2,T30563,7805,48.055,351997.356,352009.960,4267230.430,4315283.667,352003.024,4291701.093,0.006
a2,T30570,12763,80.030,347994.529,348010.359,4428523.177,4508550.631,348002.274,4469252.320,179.993
a2,T30571,10574,57.985,347977.684,348014.621,4374455.426,4432432.009,348000.179,4403699.120,179.981
a2,T30572,4827,25.880,347994.829,348010.961,4347353.304,4375945.187,348001.789,4360799.302,0.012
a2,T30573,9574,59.173,347979.357,348015.549,4288548.514,4347711.997,347999.083,4318580.270,179.983
a2,T30580,1497,9.330,343986.954,344001.299,4499221.874,4508550.631,343997.496,4503753.552,0.063
a2,T30581,12332,69.993,343988.147,344012.931,4429735.610,4499723.851,343998.866,4465900.178,179.999
a2,T30582,10251,57.167,343975.418,344019.040,4374460.852,4431616.154,343998.132,4403020.914,179.993
a2,T30583,5192,28.696,343994.892,344013.094,4347655.809,4376350.042,344003.515,4362045.873,0.024
a2,T30584,9006,58.318,343987.942,344039.811,4299376.019,4357688.248,343998.584,4328513.106,0.039
a2,T30585,2593,16.212,343981.630,344021.010,4299369.035,4315577.754,344001.191,4307405.548,0.003
a2,T30590,12259,79.240,339991.102,340008.107,4429314.391,4508550.631,340001.451,4469164.937,179.997
a2,T30591,10494,57.932,339977.599,340067.287,4375251.680,4433170.193,340000.768,4403957.063,179.975
a2,T30592,4979,30.553,339995.575,340008.533,4348163.164,4378715.002,340001.794,4363010.544,0.007
a2,T30593,7402,45.071,339968.909,340010.863,4305332.411,4350397.893,339996.555,4327650.364,179.968
a2,T30600,12685,78.891,335992.419,336005.513,4429662.343,4508550.631,335999.109,4469613.999,179.993
a2,T30601,8431,47.210,335972.928,336019.642,4375279.959,4422472.084,335997.416,4398878.879,179.998
a2,T30602,2487,12.368,335983.664,336022.027,4422055.726,4434419.788,335998.672,4427914.136,179.824
a2,T30603,5007,29.404,335988.669,336003.150,4348138.293,4377540.315,335998.336,4362824.187,179.992
a2,T30604,5683,37.584,335987.263,336028.355,4311229.251,4348807.308,336002.239,4329990.610,179.939
a2,T30610,12345,78.930,331996.494,332009.658,4429624.216,4508550.631,332002.451,4469761.202,0.004
a2,T30611,10102,57.849,331986.515,332010.966,4374577.615,4432421.813,332002.115,4402923.117,0.017
a2,T30612,4470,28.166,331994.961,332012.864,4348168.811,4376332.852,332001.606,4362479.719,179.998
a2,T30613,7164,46.993,331986.061,332013.972,4316684.239,4363672.734,331998.957,4339808.548,0.004
a2,T30620,1638,9.737,327993.320,328002.330,4498814.514,4508550.631,327998.163,4503550.080,179.991
a2,T30621,12034,69.601,327986.817,328008.595,4429673.772,4499271.159,327998.906,4464384.348,179.996
a2,T30622,9754,59.052,327984.030,328016.546,4374153.644,4433197.944,327997.225,4403338.944,0.008
a2,T30623,4536,30.224,327996.781,328031.356,4346976.719,4377196.277,328003.701,4362229.411,179.996
a2,T30624,4433,28.957,327967.863,328012.077,4318321.031,4347273.457,327998.192,4332697.349,179.962
a2,T30630,9987,55.862,323991.317,324058.544,4375724.032,4431571.710,324005.471,4404823.170,0.037
a2,T30631,5733,31.790,323974.539,324017.913,4347379.017,4379162.520,323997.287,4363054.699,179.970
a2,T30632,4677,29.662,323991.183,324013.356,4323138.707,4352797.982,324002.199,4337837.169,179.998
a2,T30640,2789,17.028,319987.171,320002.660,4482556.244,4499582.553,319996.380,4491097.309,179.961
a2,T30641,9379,56.351,319972.714,320043.394,4429304.995,4485645.311,319999.313,4457306.046,0.033
a2,T30642,8702,57.309,319980.865,320065.601,4374274.933,4431566.843,319996.793,4402588.111,179.950
a2,T30643,8655,53.000,319980.187,320009.344,4327814.328,4380808.885,319998.339,4354430.967,179.984
a2,T30650,3849,25.613,315990.040,316020.077,4482941.075,4508550.632,316004.793,4495427.549,179.969
a2,T30651,6512,40.801,315967.305,316018.239,4444428.539,4485222.341,316003.912,4465235.703,0.069
a2,T30652,2993,17.924,315992.990,316009.801,4429287.810,4447210.127,316004.004,4438314.623,0.038
a2,T30653,5434,33.527,315980.023,316011.564,4399275.974,4432799.005,315997.477,4416143.691,179.975
a2,T30654,11795,71.485,315991.501,316012.536,4329691.240,4401171.841,316002.258,4365284.197,0.003
a2,T30660,6217,39.335,311988.609,312018.203,4469219.370,4508550.632,311999.016,4489103.768,0.011
a2,T30661,15041,96.683,311989.237,312029.174,4375283.284,4471958.988,312002.927,4423528.486,0.019
a2,T30662,7093,46.805,311983.957,312006.745,4331576.218,4378379.447,311999.108,4354681.772,179.993
a2,T30670,2900,21.128,307968.532,308022.899,4456105.222,4477230.207,307992.027,4466902.468,179.944
a2,T30671,5563,32.110,307974.577,308011.622,4476444.154,4508550.632,307996.245,4493337.864,0.019
a2,T30672,13521,87.585,307993.473,308016.551,4372062.165,4459640.125,308003.884,4414626.280,179.992
a2,T30673,7148,42.126,307995.901,308015.130,4333450.195,4375573.090,308003.823,4354906.207,179.996
a2,T30680,17529,114.681,303987.972,304023.387,4391281.904,4505952.393,304007.332,4447748.795,179.999
a2,T30681,8657,57.354,303982.657,304009.121,4337085.174,4394435.670,303998.825,4365279.054,0.001
a2,T30690,8164,50.682,299983.388,300019.102,4448946.225,4499620.159,300002.327,4474468.917,0.023
a2,T30691,5128,32.736,299993.218,300018.718,4340881.437,4373614.370,300004.750,4357896.473,179.975
a2,T30692,12165,77.920,299987.505,300036.014,4372867.854,4450779.453,300003.638,4411456.906,0.008
a2,T30700,25727,154.929,295980.968,296016.683,4344716.167,4499627.652,295998.448,4422760.708,0.003
a2,T30710,16772,103.280,291968.051,292029.394,4396380.809,4499635.151,292004.607,4449544.849,0.017
a2,T30711,7716,51.816,291983.996,292005.101,4348539.723,4400352.254,291996.001,4374359.628,179.998
a2,T30720,7901,42.799,287921.172,288020.062,4456857.169,4499642.810,287995.383,4478385.058,179.903
a2,T30721,9423,60.343,287956.516,288035.771,4396905.093,4457218.439,288003.371,4427628.226,0.032
a2,T30722,7909,50.552,287978.942,288059.551,4352345.959,4402874.674,288003.691,4377741.859,0.066
a2,T30730,17023,101.831,283925.398,284034.748,4395733.891,4497521.292,283993.880,4447200.153,179.988
a2,T30731,7436,47.906,283984.455,284022.041,4356146.149,4404045.188,284001.806,4379787.883,179.989
a2,T30740,12137,68.251,279971.044,280042.983,4424838.703,4493066.726,280006.926,4457133.430,0.016
a2,T30741,6436,38.378,279929.071,280038.450,4390881.645,4429217.176,279988.164,4409798.846,179.932
a2,T30742,4518,31.337,279980.235,280040.317,4359969.621,4391295.342,280001.938,4375065.331,0.030
a2,T30750,1772,10.120,275969.384,276010.633,4478468.384,4488584.804,275992.761,4483410.639,0.188
a2,T30751,9472,55.518,275965.807,276027.278,4423299.193,4478801.580,275997.408,4450931.955,0.002
a2,T30752,8833,59.900,275931.934,276061.573,4363796.997,4423624.184,276001.569,4394321.832,179.987
a2,T30760,14242,89.267,271970.434,272048.703,4390108.255,4479346.331,272006.348,4435371.876,0.005
a2,T30761,7111,46.352,271953.251,272014.801,4367615.321,4413954.003,271997.754,4390716.330,179.983
a2,T30770,2460,17.351,267977.251,268004.253,4405651.686,4423000.626,267990.789,4413865.264,0.003
a2,T30771,5905,33.079,267948.783,268076.605,4431541.400,4464600.630,268000.298,4447837.667,179.983
a2,T30772,3021,17.357,267953.484,268021.159,4405651.704,4423000.626,267993.635,4413996.032,0.046
a2,T30780,2757,17.344,263987.866,264046.224,4405659.511,4423000.626,264009.088,4413999.646,179.926
a2,T30781,2684,16.154,263989.523,264043.886,4448453.501,4464600.630,264006.336,4456628.901,0.097
a2,T30790,2427,17.334,259982.184,260003.969,4405667.532,4423000.626,259992.493,4414334.108,179.951
a2,T30800,2651,17.329,255976.680,256024.992,4405675.416,4423000.627,255996.603,4413684.744,179.871
a2,T30810,2094,14.793,251981.510,252017.434,4408210.632,4423000.627,252003.044,4415293.784,0.017
a2,T30820,1621,11.745,247990.569,248013.884,4411256.796,4423000.627,248002.571,4417550.457,179.968
a2,T30830,1351,8.692,243991.265,244013.894,4414309.880,4423000.627,244000.722,4418543.544,179.986
